# demo, best one-period fit (every box ticked): seed 20260924, χ² 21.1185, scale ratio 1.00017, D 42.413
theta_deg	R
0.05	9.8824728E-001
0.05100847	9.8809409E-001
0.05201695	9.8792583E-001
0.05302542	9.8774326E-001
0.0540339	9.8754799E-001
0.05504237	9.8734123E-001
0.05605085	9.8712480E-001
0.05705932	9.8690009E-001
0.05806779	9.8666900E-001
0.05907627	9.8643297E-001
0.06008475	9.8619306E-001
0.06109322	9.8595071E-001
0.0621017	9.8570722E-001
0.06311017	9.8546290E-001
0.06411865	9.8521864E-001
0.06512712	9.8497480E-001
0.06613559	9.8473138E-001
0.06714407	9.8448837E-001
0.06815254	9.8424590E-001
0.06916102	9.8400384E-001
0.07016949	9.8376161E-001
0.07117797	9.8351890E-001
0.07218644	9.8327559E-001
0.07319491	9.8303127E-001
0.07420339	9.8278582E-001
0.07521187	9.8253876E-001
0.07622034	9.8229045E-001
0.07722881	9.8204017E-001
0.07823729	9.8178840E-001
0.07924576	9.8153496E-001
0.08025423	9.8127967E-001
0.08126272	9.8102301E-001
0.08227119	9.8076493E-001
0.08327966	9.8050541E-001
0.08428814	9.8024452E-001
0.08529661	9.7998244E-001
0.08630508	9.7971892E-001
0.08731356	9.7945380E-001
0.08832204	9.7918755E-001
0.08933051	9.7891974E-001
0.09033898	9.7865015E-001
0.09134746	9.7837925E-001
0.09235593	9.7810715E-001
0.09336441	9.7783321E-001
0.09437288	9.7755802E-001
0.09538136	9.7728151E-001
0.09638983	9.7700375E-001
0.0973983	9.7672462E-001
0.09840678	9.7644389E-001
0.09941526	9.7616184E-001
0.1004237	9.7587824E-001
0.1014322	9.7559303E-001
0.1024407	9.7530633E-001
0.1034492	9.7501773E-001
0.1044576	9.7472769E-001
0.1054661	9.7443587E-001
0.1064746	9.7414249E-001
0.1074831	9.7384733E-001
0.1084915	9.7355098E-001
0.1095	9.7325319E-001
0.1105085	9.7295421E-001
0.111517	9.7265410E-001
0.1125254	9.7235268E-001
0.1135339	9.7205013E-001
0.1145424	9.7174633E-001
0.1155508	9.7144139E-001
0.1165593	9.7113508E-001
0.1175678	9.7082734E-001
0.1185763	9.7051787E-001
0.1195847	9.7020674E-001
0.1205932	9.6989393E-001
0.1216017	9.6957922E-001
0.1226102	9.6926254E-001
0.1236186	9.6894372E-001
0.1246271	9.6862262E-001
0.1256356	9.6829969E-001
0.1266441	9.6797436E-001
0.1276525	9.6764660E-001
0.128661	9.6731681E-001
0.1296695	9.6698469E-001
0.130678	9.6665043E-001
0.1316864	9.6631342E-001
0.1326949	9.6597391E-001
0.1337034	9.6563166E-001
0.1347119	9.6528691E-001
0.1357203	9.6493882E-001
0.1367288	9.6458775E-001
0.1377373	9.6423352E-001
0.1387458	9.6387619E-001
0.1397542	9.6351546E-001
0.1407627	9.6315157E-001
0.1417712	9.6278459E-001
0.1427797	9.6241426E-001
0.1437881	9.6204084E-001
0.1447966	9.6166456E-001
0.1458051	9.6128511E-001
0.1468136	9.6090251E-001
0.147822	9.6051693E-001
0.1488305	9.6012872E-001
0.149839	9.5973700E-001
0.1508475	9.5934242E-001
0.1518559	9.5894486E-001
0.1528644	9.5854384E-001
0.1538729	9.5813990E-001
0.1548814	9.5773262E-001
0.1558898	9.5732218E-001
0.1568983	9.5690817E-001
0.1579068	9.5649070E-001
0.1589153	9.5606965E-001
0.1599237	9.5564485E-001
0.1609322	9.5521599E-001
0.1619407	9.5478332E-001
0.1629492	9.5434612E-001
0.1639576	9.5390493E-001
0.1649661	9.5345920E-001
0.1659746	9.5300865E-001
0.1669831	9.5255327E-001
0.1679915	9.5209318E-001
0.169	9.5162791E-001
0.1700085	9.5115745E-001
0.1710169	9.5068115E-001
0.1720254	9.5019943E-001
0.1730339	9.4971144E-001
0.1740424	9.4921750E-001
0.1750509	9.4871742E-001
0.1760593	9.4821066E-001
0.1770678	9.4769770E-001
0.1780763	9.4717836E-001
0.1790847	9.4665295E-001
0.1800932	9.4612098E-001
0.1811017	9.4558305E-001
0.1821102	9.4503802E-001
0.1831186	9.4448578E-001
0.1841271	9.4392508E-001
0.1851356	9.4335461E-001
0.1861441	9.4277215E-001
0.1871525	9.4217569E-001
0.188161	9.4156194E-001
0.1891695	9.4092864E-001
0.190178	9.4027215E-001
0.1911864	9.3959075E-001
0.1921949	9.3888217E-001
0.1932034	9.3814504E-001
0.1942119	9.3737960E-001
0.1952203	9.3658656E-001
0.1962288	9.3576849E-001
0.1972373	9.3492860E-001
0.1982458	9.3407136E-001
0.1992542	9.3320161E-001
0.2002627	9.3232477E-001
0.2012712	9.3144536E-001
0.2022797	9.3056709E-001
0.2032881	9.2969340E-001
0.2042966	9.2882490E-001
0.2053051	9.2796117E-001
0.2063136	9.2709953E-001
0.207322	9.2623556E-001
0.2083305	9.2536372E-001
0.209339	9.2447603E-001
0.2103475	9.2356521E-001
0.2113559	9.2262268E-001
0.2123644	9.2163986E-001
0.2133729	9.2060941E-001
0.2143814	9.1952479E-001
0.2153898	9.1838086E-001
0.2163983	9.1717559E-001
0.2174068	9.1590869E-001
0.2184153	9.1458350E-001
0.2194237	9.1320640E-001
0.2204322	9.1178751E-001
0.2214407	9.1033959E-001
0.2224492	9.0887779E-001
0.2234576	9.0741938E-001
0.2244661	9.0598083E-001
0.2254746	9.0457904E-001
0.226483	9.0322840E-001
0.2274915	9.0193933E-001
0.2285	9.0071893E-001
0.2295085	8.9957005E-001
0.230517	8.9849001E-001
0.2315254	8.9747274E-001
0.2325339	8.9650774E-001
0.2335424	8.9558309E-001
0.2345508	8.9468443E-001
0.2355593	8.9379752E-001
0.2365678	8.9290816E-001
0.2375763	8.9200395E-001
0.2385847	8.9107424E-001
0.2395932	8.9010990E-001
0.2406017	8.8910443E-001
0.2416102	8.8805306E-001
0.2426187	8.8695240E-001
0.2436271	8.8580114E-001
0.2446356	8.8459849E-001
0.2456441	8.8334417E-001
0.2466525	8.8203853E-001
0.247661	8.8068229E-001
0.2486695	8.7927526E-001
0.249678	8.7781811E-001
0.2506864	8.7631053E-001
0.2516949	8.7475216E-001
0.2527034	8.7314230E-001
0.2537119	8.7148011E-001
0.2547203	8.6976349E-001
0.2557288	8.6799169E-001
0.2567373	8.6616266E-001
0.2577458	8.6427450E-001
0.2587542	8.6232555E-001
0.2597627	8.6031324E-001
0.2607712	8.5823536E-001
0.2617797	8.5608977E-001
0.2627881	8.5387349E-001
0.2637966	8.5158372E-001
0.2648051	8.4921724E-001
0.2658136	8.4677052E-001
0.266822	8.4423923E-001
0.2678305	8.4161985E-001
0.268839	8.3890700E-001
0.2698475	8.3609563E-001
0.2708559	8.3318037E-001
0.2718644	8.3015525E-001
0.2728729	8.2701391E-001
0.2738813	8.2374996E-001
0.2748898	8.2035542E-001
0.2758983	8.1682265E-001
0.2769068	8.1314325E-001
0.2779153	8.0930662E-001
0.2789237	8.0530226E-001
0.2799322	8.0111820E-001
0.2809407	7.9673940E-001
0.2819492	7.9214978E-001
0.2829576	7.8733087E-001
0.2839661	7.8226095E-001
0.2849746	7.7691674E-001
0.2859831	7.7127063E-001
0.2869915	7.6529324E-001
0.288	7.5895214E-001
0.2890085	7.5221193E-001
0.2900169	7.4503565E-001
0.2910254	7.3738307E-001
0.2920339	7.2921377E-001
0.2930424	7.2048444E-001
0.2940508	7.1115273E-001
0.2950593	7.0117557E-001
0.2960678	6.9051051E-001
0.2970763	6.7911863E-001
0.2980847	6.6696417E-001
0.2990932	6.5401697E-001
0.3001017	6.4025611E-001
0.3011102	6.2566966E-001
0.3021186	6.1025912E-001
0.3031271	5.9403986E-001
0.3041356	5.7704532E-001
0.3051441	5.5932558E-001
0.3061526	5.4094934E-001
0.307161	5.2200347E-001
0.3081695	5.0259101E-001
0.309178	4.8282945E-001
0.3101864	4.6284682E-001
0.3111949	4.4277868E-001
0.3122034	4.2276308E-001
0.3132119	4.0293610E-001
0.3142203	3.8342792E-001
0.3152288	3.6435822E-001
0.3162373	3.4583348E-001
0.3172458	3.2794410E-001
0.3182542	3.1076318E-001
0.3192627	2.9434603E-001
0.3202712	2.7872986E-001
0.3212797	2.6393530E-001
0.3222881	2.4996732E-001
0.3232966	2.3681709E-001
0.3243051	2.2446424E-001
0.3253136	2.1287857E-001
0.326322	2.0202291E-001
0.3273305	1.9185513E-001
0.328339	1.8233067E-001
0.3293475	1.7340499E-001
0.3303559	1.6503538E-001
0.3313644	1.5718278E-001
0.3323729	1.4981247E-001
0.3333814	1.4289469E-001
0.3343898	1.3640362E-001
0.3353983	1.3031664E-001
0.3364068	1.2461253E-001
0.3374152	1.1926975E-001
0.3384237	1.1426485E-001
0.3394322	1.0957164E-001
0.3404407	1.0516084E-001
0.3414491	1.0100088E-001
0.3424576	9.7059436E-002
0.3434661	9.3305379E-002
0.3444746	8.9711368E-002
0.3454831	8.6255901E-002
0.3464915	8.2925051E-002
0.3475	7.9713032E-002
0.3485085	7.6621845E-002
0.349517	7.3659919E-002
0.3505254	7.0839494E-002
0.3515339	6.8173617E-002
0.3525424	6.5673031E-002
0.3535509	6.3343242E-002
0.3545593	6.1182331E-002
0.3555678	5.9180062E-002
0.3565763	5.7317905E-002
0.3575847	5.5570435E-002
0.3585932	5.3907868E-002
0.3596017	5.2299105E-002
0.3606102	5.0715145E-002
0.3616186	4.9132358E-002
0.3626271	4.7535043E-002
0.3636356	4.5917094E-002
0.3646441	4.4282537E-002
0.3656525	4.2644724E-002
0.366661	4.1024692E-002
0.3676695	3.9448272E-002
0.368678	3.7943032E-002
0.3696865	3.6534719E-002
0.3706949	3.5244219E-002
0.3717034	3.4084871E-002
0.3727119	3.3060845E-002
0.3737203	3.2166470E-002
0.3747288	3.1386573E-002
0.3757373	3.0698018E-002
0.3767458	3.0071905E-002
0.3777542	2.9476475E-002
0.3787627	2.8880164E-002
0.3797712	2.8254714E-002
0.3807797	2.7577817E-002
0.3817881	2.6835117E-002
0.3827966	2.6021438E-002
0.3838051	2.5141077E-002
0.3848135	2.4207128E-002
0.385822	2.3240028E-002
0.3868305	2.2265416E-002
0.387839	2.1311546E-002
0.3888475	2.0406492E-002
0.3898559	1.9575521E-002
0.3908644	1.8838700E-002
0.3918729	1.8209068E-002
0.3928814	1.7691586E-002
0.3938898	1.7282739E-002
0.3948983	1.6970994E-002
0.3959068	1.6737910E-002
0.3969153	1.6559899E-002
0.3979237	1.6410308E-002
0.3989322	1.6261769E-002
0.3999407	1.6088480E-002
0.4009492	1.5868323E-002
0.4019576	1.5584585E-002
0.4029661	1.5227116E-002
0.4039746	1.4792993E-002
0.404983	1.4286484E-002
0.4059915	1.3718484E-002
0.407	1.3105392E-002
0.4080085	1.2467639E-002
0.4090169	1.1827894E-002
0.4100254	1.1209197E-002
0.4110339	1.0633138E-002
0.4120424	1.0118200E-002
0.4130509	9.6784243E-003
0.4140593	9.3224728E-003
0.4150678	9.0531521E-003
0.4160763	8.8673905E-003
0.4170848	8.7566767E-003
0.4180932	8.7078642E-003
0.4191017	8.7042982E-003
0.4201102	8.7271538E-003
0.4211186	8.7568490E-003
0.4221271	8.7744370E-003
0.4231356	8.7629342E-003
0.4241441	8.7083923E-003
0.4251525	8.6007435E-003
0.426161	8.4343338E-003
0.4271695	8.2081268E-003
0.428178	7.9255998E-003
0.4291864	7.5943423E-003
0.4301949	7.2253989E-003
0.4312034	6.8324022E-003
0.4322119	6.4306171E-003
0.4332203	6.0358569E-003
0.4342288	5.6634718E-003
0.4352373	5.3273384E-003
0.4362458	5.0390591E-003
0.4372543	4.8072627E-003
0.4382627	4.6371473E-003
0.4392712	4.5302608E-003
0.4402797	4.4844840E-003
0.4412881	4.4942624E-003
0.4422966	4.5510293E-003
0.4433051	4.6437979E-003
0.4443136	4.7598854E-003
0.445322	4.8857033E-003
0.4463305	5.0076032E-003
0.447339	5.1126736E-003
0.4483474	5.1895003E-003
0.4493559	5.2287867E-003
0.4503644	5.2238568E-003
0.4513729	5.1709809E-003
0.4523813	5.0695199E-003
0.4533898	4.9218838E-003
0.4543983	4.7333203E-003
0.4554068	4.5115463E-003
0.4564153	4.2662299E-003
0.4574237	4.0083900E-003
0.4584322	3.7497263E-003
0.4594407	3.5019324E-003
0.4604492	3.2760119E-003
0.4614576	3.0816668E-003
0.4624661	2.9267678E-003
0.4634746	2.8169258E-003
0.4644831	2.7552329E-003
0.4654915	2.7421184E-003
0.4665	2.7753736E-003
0.4675085	2.8503251E-003
0.4685169	2.9601301E-003
0.4695254	3.0961893E-003
0.4705339	3.2486550E-003
0.4715424	3.4069798E-003
0.4725508	3.5605102E-003
0.4735593	3.6990605E-003
0.4745678	3.8134514E-003
0.4755763	3.8959933E-003
0.4765847	3.9408747E-003
0.4775932	3.9444384E-003
0.4786017	3.9053569E-003
0.4796102	3.8246599E-003
0.4806187	3.7056538E-003
0.4816271	3.5537188E-003
0.4826356	3.3759938E-003
0.4836441	3.1809825E-003
0.4846525	2.9780883E-003
0.485661	2.7771066E-003
0.4866695	2.5877110E-003
0.487678	2.4189427E-003
0.4886864	2.2787468E-003
0.4896949	2.1735663E-003
0.4907034	2.1080191E-003
0.4917119	2.0846727E-003
0.4927203	2.1039310E-003
0.4937288	2.1640302E-003
0.4947373	2.2611415E-003
0.4957457	2.3895930E-003
0.4967542	2.5421658E-003
0.4977627	2.7104761E-003
0.4987712	2.8854141E-003
0.4997797	3.0576074E-003
0.5007882	3.2179016E-003
0.5017966	3.3578184E-003
0.5028051	3.4699820E-003
0.5038136	3.5484820E-003
0.504822	3.5891635E-003
0.5058305	3.5898227E-003
0.506839	3.5503122E-003
0.5078474	3.4725321E-003
0.5088559	3.3603285E-003
0.5098644	3.2192923E-003
0.5108729	3.0564680E-003
0.5118814	2.8800014E-003
0.5128898	2.6987290E-003
0.5138983	2.5217370E-003
0.5149068	2.3579071E-003
0.5159153	2.2154825E-003
0.5169237	2.1016535E-003
0.5179322	2.0222131E-003
0.5189407	1.9812637E-003
0.5199491	1.9810253E-003
0.5209576	2.0217192E-003
0.5219661	2.1015652E-003
0.5229746	2.2168651E-003
0.5239831	2.3621870E-003
0.5249915	2.5306293E-003
0.526	2.7141599E-003
0.5270085	2.9040116E-003
0.5280169	3.0911048E-003
0.5290254	3.2664977E-003
0.5300339	3.4218179E-003
0.5310424	3.5496727E-003
0.5320508	3.6440098E-003
0.5330593	3.7004158E-003
0.5340678	3.7163268E-003
0.5350763	3.6911594E-003
0.5360848	3.6263382E-003
0.5370932	3.5252345E-003
0.5381017	3.3929998E-003
0.5391102	3.2363213E-003
0.5401186	3.0631018E-003
0.5411271	2.8820769E-003
0.5421356	2.7023947E-003
0.543144	2.5331730E-003
0.5441526	2.3830580E-003
0.545161	2.2598028E-003
0.5461695	2.1698938E-003
0.547178	2.1182287E-003
0.5481864	2.1078766E-003
0.5491949	2.1399290E-003
0.5502034	2.2134390E-003
0.5512119	2.3254661E-003
0.5522203	2.4712149E-003
0.5532288	2.6442637E-003
0.5542373	2.8368770E-003
0.5552458	3.0403705E-003
0.5562542	3.2455369E-003
0.5572627	3.4430763E-003
0.5582712	3.6240455E-003
0.5592797	3.7802826E-003
0.5602881	3.9047839E-003
0.5612966	3.9920434E-003
0.5623051	4.0383055E-003
0.5633135	4.0417365E-003
0.5643221	4.0025171E-003
0.5653305	3.9228303E-003
0.566339	3.8067694E-003
0.5673475	3.6601466E-003
0.5683559	3.4902322E-003
0.5693644	3.3054180E-003
0.5703729	3.1148340E-003
0.5713813	2.9279250E-003
0.5723898	2.7540107E-003
0.5733983	2.6018443E-003
0.5744068	2.4792028E-003
0.5754153	2.3925120E-003
0.5764237	2.3465368E-003
0.5774322	2.3441503E-003
0.5784407	2.3861870E-003
0.5794492	2.4714000E-003
0.5804576	2.5965068E-003
0.5814661	2.7563460E-003
0.5824746	2.9441088E-003
0.583483	3.1516547E-003
0.5844916	3.3698955E-003
0.5855	3.5892115E-003
0.5865085	3.7999011E-003
0.587517	3.9926325E-003
0.5885254	4.1588796E-003
0.5895339	4.2913104E-003
0.5905424	4.3841479E-003
0.5915508	4.4334247E-003
0.5925593	4.4371798E-003
0.5935678	4.3955613E-003
0.5945763	4.3108119E-003
0.5955848	4.1871797E-003
0.5965932	4.0307199E-003
0.5976017	3.8490230E-003
0.5986102	3.6508630E-003
0.5996187	3.4457892E-003
0.6006271	3.2436934E-003
0.6016356	3.0543527E-003
0.6026441	2.8869773E-003
0.6036525	2.7497991E-003
0.604661	2.6496835E-003
0.6056695	2.5918237E-003
0.6066779	2.5794953E-003
0.6076865	2.6139130E-003
0.6086949	2.6941644E-003
0.6097034	2.8172515E-003
0.6107119	2.9782178E-003
0.6117203	3.1703755E-003
0.6127288	3.3855978E-003
0.6137373	3.6146869E-003
0.6147457	3.8477923E-003
0.6157542	4.0748501E-003
0.6167627	4.2860373E-003
0.6177712	4.4722231E-003
0.6187797	4.6253721E-003
0.6197881	4.7389218E-003
0.6207966	4.8080627E-003
0.6218051	4.8299800E-003
0.6228136	4.8039630E-003
0.623822	4.7314540E-003
0.6248305	4.6159863E-003
0.625839	4.4630244E-003
0.6268474	4.2797276E-003
0.627856	4.0746322E-003
0.6288644	3.8572678E-003
0.6298729	3.6377336E-003
0.6308814	3.4262503E-003
0.6318898	3.2326994E-003
0.6328983	3.0661824E-003
0.6339068	2.9346175E-003
0.6349152	2.8443802E-003
0.6359237	2.8000202E-003
0.6369322	2.8040614E-003
0.6379407	2.8568821E-003
0.6389492	2.9566984E-003
0.6399576	3.0996425E-003
0.6409661	3.2799288E-003
0.6419746	3.4901011E-003
0.6429831	3.7213704E-003
0.6439915	3.9639864E-003
0.645	4.2076726E-003
0.6460085	4.4420767E-003
0.6470169	4.6572215E-003
0.6480255	4.8439498E-003
0.6490339	4.9943263E-003
0.6500424	5.1019941E-003
0.6510509	5.1624505E-003
0.6520593	5.1732552E-003
0.6530678	5.1341448E-003
0.6540763	5.0470382E-003
0.6550847	4.9159722E-003
0.6560932	4.7469111E-003
0.6571017	4.5475075E-003
0.6581101	4.3267580E-003
0.6591187	4.0946160E-003
0.6601271	3.8615572E-003
0.6611356	3.6381264E-003
0.6621441	3.4344730E-003
0.6631525	3.2599079E-003
0.664161	3.1224997E-003
0.6651695	3.0287136E-003
0.666178	2.9831307E-003
0.6671864	2.9882458E-003
0.6681949	3.0443470E-003
0.6692034	3.1495066E-003
0.6702119	3.2996568E-003
0.6712204	3.4887665E-003
0.6722288	3.7090967E-003
0.6732373	3.9515384E-003
0.6742458	4.2060097E-003
0.6752542	4.4618845E-003
0.6762627	4.7084587E-003
0.6772712	4.9354145E-003
0.6782796	5.1332559E-003
0.6792881	5.2937265E-003
0.6802966	5.4101548E-003
0.6813051	5.4777488E-003
0.6823136	5.4937899E-003
0.683322	5.4577542E-003
0.6843305	5.3713410E-003
0.685339	5.2383994E-003
0.6863475	5.0647552E-003
0.6873559	4.8579955E-003
0.6883644	4.6271249E-003
0.6893729	4.3822029E-003
0.6903813	4.1339118E-003
0.6913899	3.8931142E-003
0.6923983	3.6703793E-003
0.6934068	3.4755382E-003
0.6944153	3.3172588E-003
0.6954237	3.2026768E-003
0.6964322	3.1370753E-003
0.6974407	3.1236627E-003
0.6984491	3.1634225E-003
0.6994576	3.2550734E-003
0.7004661	3.3951141E-003
0.7014745	3.5779725E-003
0.7024831	3.7962440E-003
0.7034915	4.0410007E-003
0.7045	4.3021785E-003
0.7055085	4.5689982E-003
0.7065169	4.8304298E-003
0.7075254	5.0756484E-003
0.7085339	5.2945060E-003
0.7095424	5.4779449E-003
0.7105508	5.6183860E-003
0.7115593	5.7100500E-003
0.7125678	5.7491860E-003
0.7135763	5.7342369E-003
0.7145848	5.6659183E-003
0.7155932	5.5471682E-003
0.7166017	5.3830445E-003
0.7176102	5.1805140E-003
0.7186186	4.9481629E-003
0.7196271	4.6958532E-003
0.7206356	4.4343038E-003
0.721644	4.1746576E-003
0.7226526	3.9280127E-003
0.723661	3.7049642E-003
0.7246695	3.5151511E-003
0.725678	3.3668594E-003
0.7266864	3.2666661E-003
0.7276949	3.2191558E-003
0.7287034	3.2267275E-003
0.7297119	3.2894802E-003
0.7307203	3.4052080E-003
0.7317288	3.5694826E-003
0.7327373	3.7758388E-003
0.7337458	4.0160357E-003
0.7347543	4.2804019E-003
0.7357627	4.5582363E-003
0.7367712	4.8382496E-003
0.7377797	5.1090391E-003
0.7387881	5.3595556E-003
0.7397966	5.5795596E-003
0.7408051	5.7600578E-003
0.7418135	5.8936598E-003
0.7428221	5.9749070E-003
0.7438305	6.0004755E-003
0.744839	5.9693404E-003
0.7458475	5.8828099E-003
0.7468559	5.7444694E-003
0.7478644	5.5600600E-003
0.7488729	5.3372215E-003
0.7498813	5.0851898E-003
0.7508898	4.8144204E-003
0.7518983	4.5361524E-003
0.7529068	4.2619579E-003
0.7539153	4.0032626E-003
0.7549237	3.7708743E-003
0.7559322	3.5745532E-003
0.7569407	3.4226023E-003
0.7579492	3.3215415E-003
0.7589576	3.2758296E-003
0.7599661	3.2876965E-003
0.7609746	3.3570381E-003
0.761983	3.4814256E-003
0.7629915	3.6561929E-003
0.764	3.8746244E-003
0.7650084	4.1282135E-003
0.766017	4.4070054E-003
0.7670254	4.6999906E-003
0.7680339	4.9955403E-003
0.7690424	5.2818838E-003
0.7700508	5.5475691E-003
0.7710593	5.7819425E-003
0.7720678	5.9755701E-003
0.7730763	6.1206319E-003
0.7740847	6.2112478E-003
0.7750932	6.2437127E-003
0.7761017	6.2166681E-003
0.7771102	6.1311591E-003
0.7781187	5.9905993E-003
0.7791271	5.8006486E-003
0.7801356	5.5689886E-003
0.7811441	5.3050187E-003
0.7821525	5.0194953E-003
0.783161	4.7240858E-003
0.7841695	4.4309190E-003
0.7851779	4.1520805E-003
0.7861865	3.8991403E-003
0.7871949	3.6826681E-003
0.7882034	3.5118074E-003
0.7892119	3.3938959E-003
0.7902203	3.3341604E-003
0.7912288	3.3354957E-003
0.7922373	3.3983393E-003
0.7932458	3.5206410E-003
0.7942542	3.6979392E-003
0.7952627	3.9235316E-003
0.7962712	4.1887416E-003
0.7972797	4.4832584E-003
0.7982881	4.7955508E-003
0.7992966	5.1133339E-003
0.8003051	5.4240590E-003
0.8013136	5.7154200E-003
0.802322	5.9758476E-003
0.8033305	6.1949855E-003
0.804339	6.3641015E-003
0.8053474	6.4764372E-003
0.806356	6.5274998E-003
0.8073644	6.5152231E-003
0.8083729	6.4400733E-003
0.8093814	6.3050212E-003
0.8103898	6.1154426E-003
0.8113983	5.8788992E-003
0.8124068	5.6048534E-003
0.8134152	5.3042974E-003
0.8144237	4.9893274E-003
0.8154322	4.6726647E-003
0.8164407	4.3671639E-003
0.8174492	4.0853042E-003
0.8184576	3.8386944E-003
0.8194661	3.6376114E-003
0.8204746	3.4905833E-003
0.8214831	3.4040511E-003
0.8224915	3.3820900E-003
0.8235	3.4262433E-003
0.8245085	3.5354441E-003
0.8255169	3.7060468E-003
0.8265254	3.9319526E-003
0.8275339	4.2048446E-003
0.8285424	4.5145093E-003
0.8295509	4.8492234E-003
0.8305593	5.1962235E-003
0.8315678	5.5421996E-003
0.8325763	5.8738189E-003
0.8335847	6.1782533E-003
0.8345932	6.4436775E-003
0.8356017	6.6597532E-003
0.8366102	6.8180249E-003
0.8376186	6.9122575E-003
0.8386271	6.9387099E-003
0.8396356	6.8962700E-003
0.8406441	6.7865252E-003
0.8416526	6.6137156E-003
0.842661	6.3845846E-003
0.8436695	6.1081299E-003
0.844678	5.7952637E-003
0.8456864	5.4584118E-003
0.8466949	5.1110242E-003
0.8477034	4.7670701E-003
0.8487118	4.4404743E-003
0.8497204	4.1445871E-003
0.8507288	3.8916515E-003
0.8517373	3.6923115E-003
0.8527458	3.5551910E-003
0.8537542	3.4865383E-003
0.8547627	3.4899705E-003
0.8557712	3.5663138E-003
0.8567796	3.7135547E-003
0.8577881	3.9269072E-003
0.8587966	4.1989693E-003
0.8598051	4.5200177E-003
0.8608136	4.8783473E-003
0.861822	5.2607292E-003
0.8628305	5.6529175E-003
0.863839	6.0401894E-003
0.8648475	6.4079203E-003
0.8658559	6.7421533E-003
0.8668644	7.0301467E-003
0.8678729	7.2608762E-003
0.8688813	7.4254731E-003
0.8698899	7.5175897E-003
0.8708983	7.5336439E-003
0.8719068	7.4729994E-003
0.8729153	7.3379823E-003
0.8739237	7.1338271E-003
0.8749322	6.8684858E-003
0.8759407	6.5523488E-003
0.8769491	6.1978530E-003
0.8779576	5.8190254E-003
0.8789661	5.4309582E-003
0.8799746	5.0492422E-003
0.8809831	4.6893703E-003
0.8819915	4.3661473E-003
0.883	4.0931222E-003
0.8840085	3.8820489E-003
0.885017	3.7424276E-003
0.8860254	3.6811146E-003
0.8870339	3.7020328E-003
0.8880424	3.8059901E-003
0.8890508	3.9906185E-003
0.8900593	4.2504319E-003
0.8910678	4.5770090E-003
0.8920763	4.9592829E-003
0.8930848	5.3839525E-003
0.8940932	5.8359681E-003
0.8951017	6.2990999E-003
0.8961102	6.7565492E-003
0.8971186	7.1915826E-003
0.8981271	7.5881942E-003
0.8991356	7.9317000E-003
0.900144	8.2093198E-003
0.9011526	8.4106810E-003
0.902161	8.5282288E-003
0.9031695	8.5575385E-003
0.904178	8.4975213E-003
0.9051864	8.3504850E-003
0.9061949	8.1221070E-003
0.9072034	7.8212349E-003
0.9082119	7.4596177E-003
0.9092203	7.0514753E-003
0.9102288	6.6130050E-003
0.9112373	6.1617997E-003
0.9122458	5.7161888E-003
0.9132543	5.2945539E-003
0.9142627	4.9146386E-003
0.9152712	4.5928471E-003
0.9162797	4.3436093E-003
0.9172881	4.1788011E-003
0.9182966	4.1072527E-003
0.9193051	4.1343733E-003
0.9203135	4.2619044E-003
0.921322	4.4877981E-003
0.9223305	4.8062624E-003
0.923339	5.2079265E-003
0.9243475	5.6801611E-003
0.9253559	6.2075118E-003
0.9263644	6.7722574E-003
0.9273729	7.3550488E-003
0.9283814	7.9356246E-003
0.9293898	8.4935436E-003
0.9303983	9.0089794E-003
0.9314068	9.4634574E-003
0.9324152	9.8405583E-003
0.9334238	1.0126577E-002
0.9344322	1.0311075E-002
0.9354407	1.0387305E-002
0.9364492	1.0352542E-002
0.9374576	1.0208233E-002
0.9384661	9.9600172E-003
0.9394746	9.6175820E-003
0.940483	9.1943853E-003
0.9414915	8.7071890E-003
0.9425	8.1755277E-003
0.9435084	7.6209931E-003
0.944517	7.0664962E-003
0.9455254	6.5354276E-003
0.9465339	6.0507893E-003
0.9475424	5.6343423E-003
0.9485508	5.3057591E-003
0.9495593	5.0818562E-003
0.9505678	4.9759164E-003
0.9515763	4.9971067E-003
0.9525847	5.1500630E-003
0.9535932	5.4346132E-003
0.9546017	5.8456929E-003
0.9556102	6.3734232E-003
0.9566187	7.0033860E-003
0.9576271	7.7170637E-003
0.9586356	8.4924549E-003
0.9596441	9.3048289E-003
0.9606525	1.0127602E-002
0.961661	1.0933282E-002
0.9626695	1.1694518E-002
0.9636779	1.2385105E-002
0.9646865	1.2981008E-002
0.9656949	1.3461313E-002
0.9667034	1.3809047E-002
0.9677119	1.4011964E-002
0.9687203	1.4063051E-002
0.9697288	1.3960941E-002
0.9707373	1.3710109E-002
0.9717458	1.3320833E-002
0.9727542	1.2808977E-002
0.9737627	1.2195567E-002
0.9747712	1.1506138E-002
0.9757797	1.0769943E-002
0.9767882	1.0018952E-002
0.9777966	9.2867808E-003
0.9788051	8.6074676E-003
0.9798136	8.0142496E-003
0.980822	7.5382898E-003
0.9818305	7.2074435E-003
0.982839	7.0451512E-003
0.9838474	7.0693912E-003
0.9848559	7.2918693E-003
0.9858644	7.7173728E-003
0.9868729	8.3433855E-003
0.9878814	9.1599599E-003
0.9888898	1.0149836E-002
0.9898983	1.1288894E-002
0.9909068	1.2546793E-002
0.9919152	1.3887943E-002
0.9929237	1.5272635E-002
0.9939322	1.6658405E-002
0.9949407	1.8001514E-002
0.9959491	1.9258561E-002
0.9969576	2.0388070E-002
0.9979661	2.1352163E-002
0.9989746	2.2118086E-002
0.9999831	2.2659682E-002
1.000992	2.2958532E-002
1.002	2.3005126E-002
1.003008	2.2799514E-002
1.004017	2.2351775E-002
1.005025	2.1682180E-002
1.006034	2.0820906E-002
1.007042	1.9807445E-002
1.008051	1.8689610E-002
1.009059	1.7522242E-002
1.010068	1.6365545E-002
1.011076	1.5283075E-002
1.012085	1.4339620E-002
1.013093	1.3598765E-002
1.014102	1.3120457E-002
1.01511	1.2958510E-002
1.016119	1.3158247E-002
1.017127	1.3754289E-002
1.018136	1.4768669E-002
1.019144	1.6209329E-002
1.020153	1.8069057E-002
1.021161	2.0324996E-002
1.022169	2.2938671E-002
1.023178	2.5856687E-002
1.024186	2.9011961E-002
1.025195	3.2325570E-002
1.026203	3.5709124E-002
1.027212	3.9067663E-002
1.02822	4.2302869E-002
1.029229	4.5316804E-002
1.030237	4.8015703E-002
1.031246	5.0314151E-002
1.032254	5.2139152E-002
1.033263	5.3434372E-002
1.034271	5.4164156E-002
1.03528	5.4317337E-002
1.036288	5.3910576E-002
1.037297	5.2991316E-002
1.038305	5.1639762E-002
1.039314	4.9969964E-002
1.040322	4.8129804E-002
1.04133	4.6299469E-002
1.042339	4.4688392E-002
1.043347	4.3530632E-002
1.044356	4.3078408E-002
1.045364	4.3594256E-002
1.046373	4.5341574E-002
1.047381	4.8574325E-002
1.04839	5.3526059E-002
1.049398	6.0399026E-002
1.050407	6.9353722E-002
1.051415	8.0500178E-002
1.052424	9.3890496E-002
1.053432	1.0951460E-001
1.054441	1.2729852E-001
1.055449	1.4710543E-001
1.056458	1.6874053E-001
1.057466	1.9195789E-001
1.058475	2.1647038E-001
1.059483	2.4196076E-001
1.060492	2.6809427E-001
1.0615	2.9453054E-001
1.062508	3.2093623E-001
1.063517	3.4699538E-001
1.064525	3.7241820E-001
1.065534	3.9694771E-001
1.066542	4.2036444E-001
1.067551	4.4248876E-001
1.068559	4.6318084E-001
1.069568	4.8233882E-001
1.070576	4.9989682E-001
1.071585	5.1581997E-001
1.072593	5.3010011E-001
1.073602	5.4275161E-001
1.07461	5.5380595E-001
1.075619	5.6330770E-001
1.076627	5.7131046E-001
1.077636	5.7787168E-001
1.078644	5.8305234E-001
1.079653	5.8691192E-001
1.080661	5.8950806E-001
1.081669	5.9089381E-001
1.082678	5.9111732E-001
1.083686	5.9022033E-001
1.084695	5.8823907E-001
1.085703	5.8520216E-001
1.086712	5.8113188E-001
1.08772	5.7604557E-001
1.088729	5.6995296E-001
1.089737	5.6285989E-001
1.090746	5.5476719E-001
1.091754	5.4567260E-001
1.092763	5.3557187E-001
1.093771	5.2445894E-001
1.09478	5.1232868E-001
1.095788	4.9917763E-001
1.096797	4.8500720E-001
1.097805	4.6982360E-001
1.098814	4.5364180E-001
1.099822	4.3648714E-001
1.100831	4.1839778E-001
1.101839	3.9942673E-001
1.102847	3.7964427E-001
1.103856	3.5913938E-001
1.104864	3.3802101E-001
1.105873	3.1641844E-001
1.106881	2.9448128E-001
1.10789	2.7237761E-001
1.108898	2.5029209E-001
1.109907	2.2842157E-001
1.110915	2.0697200E-001
1.111924	1.8615167E-001
1.112932	1.6616574E-001
1.113941	1.4720966E-001
1.114949	1.2946245E-001
1.115958	1.1308040E-001
1.116966	9.8191418E-002
1.117975	8.4890157E-002
1.118983	7.3234707E-002
1.119992	6.3244425E-002
1.121	5.4899838E-002
1.122008	4.8143726E-002
1.123017	4.2884141E-002
1.124025	3.8998626E-002
1.125034	3.6339693E-002
1.126042	3.4741011E-002
1.127051	3.4024157E-002
1.128059	3.4005385E-002
1.129068	3.4502190E-002
1.130076	3.5339288E-002
1.131085	3.6353830E-002
1.132093	3.7399728E-002
1.133102	3.8350821E-002
1.13411	3.9103061E-002
1.135119	3.9575640E-002
1.136127	3.9711170E-002
1.137136	3.9474949E-002
1.138144	3.8853623E-002
1.139153	3.7853219E-002
1.140161	3.6496773E-002
1.14117	3.4821630E-002
1.142178	3.2876588E-002
1.143186	3.0718982E-002
1.144195	2.8411742E-002
1.145203	2.6020560E-002
1.146212	2.3611225E-002
1.14722	2.1247150E-002
1.148229	1.8987192E-002
1.149237	1.6883770E-002
1.150246	1.4981325E-002
1.151254	1.3315205E-002
1.152263	1.1910891E-002
1.153271	1.0783648E-002
1.15428	9.9385539E-003
1.155288	9.3709286E-003
1.156297	9.0670362E-003
1.157305	9.0051135E-003
1.158314	9.1566080E-003
1.159322	9.4875786E-003
1.160331	9.9602249E-003
1.161339	1.0534423E-002
1.162347	1.1169307E-002
1.163356	1.1824706E-002
1.164364	1.2462549E-002
1.165373	1.3048049E-002
1.166381	1.3550743E-002
1.16739	1.3945302E-002
1.168398	1.4212123E-002
1.169407	1.4337698E-002
1.170415	1.4314711E-002
1.171424	1.4141983E-002
1.172432	1.3824137E-002
1.173441	1.3371113E-002
1.174449	1.2797539E-002
1.175458	1.2121920E-002
1.176466	1.1365808E-002
1.177475	1.0552838E-002
1.178483	9.7078066E-003
1.179492	8.8557210E-003
1.1805	8.0208946E-003
1.181508	7.2261263E-003
1.182517	6.4919675E-003
1.183525	5.8360933E-003
1.184534	5.2728103E-003
1.185542	4.8126858E-003
1.186551	4.4623418E-003
1.187559	4.2243768E-003
1.188568	4.0974314E-003
1.189576	4.0763919E-003
1.190585	4.1527194E-003
1.191593	4.3148799E-003
1.192602	4.5488756E-003
1.19361	4.8388294E-003
1.194619	5.1676203E-003
1.195627	5.5175447E-003
1.196636	5.8709611E-003
1.197644	6.2109176E-003
1.198653	6.5217130E-003
1.199661	6.7894128E-003
1.20067	7.0022615E-003
1.201678	7.1510160E-003
1.202686	7.2291712E-003
1.203695	7.2330679E-003
1.204703	7.1619339E-003
1.205712	7.0177787E-003
1.20672	6.8052243E-003
1.207729	6.5312441E-003
1.208737	6.2048193E-003
1.209746	5.8365613E-003
1.210754	5.4382654E-003
1.211763	5.0224499E-003
1.212771	4.6018921E-003
1.21378	4.1891611E-003
1.214788	3.7961877E-003
1.215797	3.4338487E-003
1.216805	3.1116207E-003
1.217814	2.8373005E-003
1.218822	2.6167650E-003
1.219831	2.4538392E-003
1.220839	2.3502195E-003
1.221847	2.3054830E-003
1.222856	2.3171687E-003
1.223864	2.3809313E-003
1.224873	2.4907540E-003
1.225881	2.6392140E-003
1.22689	2.8177912E-003
1.227898	3.0172032E-003
1.228907	3.2277594E-003
1.229915	3.4397179E-003
1.230924	3.6436317E-003
1.231932	3.8306678E-003
1.232941	3.9929100E-003
1.233949	4.1235983E-003
1.234958	4.2173429E-003
1.235966	4.2702570E-003
1.236975	4.2800624E-003
1.237983	4.2461082E-003
1.238991	4.1693496E-003
1.24	4.0522618E-003
1.241009	3.8987135E-003
1.242017	3.7137794E-003
1.243025	3.5035305E-003
1.244034	3.2747933E-003
1.245042	3.0348820E-003
1.246051	2.7913218E-003
1.247059	2.5515896E-003
1.248068	2.3228338E-003
1.249076	2.1116452E-003
1.250085	1.9238250E-003
1.251093	1.7642094E-003
1.252102	1.6365186E-003
1.25311	1.5432577E-003
1.254119	1.4856580E-003
1.255127	1.4636683E-003
1.256136	1.4759912E-003
1.257144	1.5201614E-003
1.258152	1.5926659E-003
1.259161	1.6890963E-003
1.26017	1.8043271E-003
1.261178	1.9327196E-003
1.262186	2.0683329E-003
1.263195	2.2051437E-003
1.264203	2.3372604E-003
1.265212	2.4591319E-003
1.26622	2.5657280E-003
1.267229	2.6527115E-003
1.268237	2.7165681E-003
1.269246	2.7547125E-003
1.270254	2.7655538E-003
1.271263	2.7485285E-003
1.272271	2.7040911E-003
1.27328	2.6336757E-003
1.274288	2.5396144E-003
1.275297	2.4250364E-003
1.276305	2.2937343E-003
1.277314	2.1500138E-003
1.278322	1.9985246E-003
1.27933	1.8440912E-003
1.280339	1.6915334E-003
1.281348	1.5454976E-003
1.282356	1.4102971E-003
1.283364	1.2897635E-003
1.284373	1.1871292E-003
1.285381	1.1049185E-003
1.28639	1.0448833E-003
1.287398	1.0079524E-003
1.288407	9.9422375E-004
1.289415	1.0029735E-003
1.290424	1.0327075E-003
1.291432	1.0812280E-003
1.292441	1.1457296E-003
1.293449	1.2229136E-003
1.294458	1.3091165E-003
1.295466	1.4004495E-003
1.296475	1.4929409E-003
1.297483	1.5826795E-003
1.298491	1.6659517E-003
1.2995	1.7393683E-003
1.300508	1.7999782E-003
1.301517	1.8453575E-003
1.302525	1.8736892E-003
1.303534	1.8838070E-003
1.304542	1.8752248E-003
1.305551	1.8481385E-003
1.306559	1.8034008E-003
1.307568	1.7424790E-003
1.308576	1.6673882E-003
1.309585	1.5806089E-003
1.310593	1.4849879E-003
1.311602	1.3836320E-003
1.31261	1.2797898E-003
1.313619	1.1767321E-003
1.314627	1.0776403E-003
1.315636	9.8548958E-004
1.316644	9.0294983E-004
1.317653	8.3229737E-004
1.318661	7.7533990E-004
1.319669	7.3336548E-004
1.320678	7.0710422E-004
1.321686	6.9671695E-004
1.322695	7.0180028E-004
1.323703	7.2141545E-004
1.324712	7.5413071E-004
1.32572	7.9808524E-004
1.326729	8.5106306E-004
1.327737	9.1058080E-004
1.328746	9.7398128E-004
1.329754	1.0385310E-003
1.330763	1.1015189E-003
1.331771	1.1603541E-003
1.33278	1.2126532E-003
1.333788	1.2563202E-003
1.334797	1.2896179E-003
1.335805	1.3112192E-003
1.336814	1.3202460E-003
1.337822	1.3162909E-003
1.33883	1.2994204E-003
1.339839	1.2701638E-003
1.340847	1.2294803E-003
1.341856	1.1787178E-003
1.342864	1.1195547E-003
1.343873	1.0539351E-003
1.344881	9.8398980E-004
1.34589	9.1196224E-004
1.346898	8.4012334E-004
1.347907	7.7069411E-004
1.348915	7.0576725E-004
1.349924	6.4723764E-004
1.350932	5.9673877E-004
1.351941	5.5559224E-004
1.352949	5.2476698E-004
1.353958	5.0485070E-004
1.354966	4.9603777E-004
1.355975	4.9812905E-004
1.356983	5.1054690E-004
1.357992	5.3236133E-004
1.359	5.6233123E-004
1.360008	5.9895299E-004
1.361017	6.4052071E-004
1.362025	6.8518909E-004
1.363034	7.3104235E-004
1.364042	7.7616423E-004
1.365051	8.1870495E-004
1.366059	8.5694715E-004
1.367068	8.8936283E-004
1.368076	9.1466337E-004
1.369085	9.3184202E-004
1.370093	9.4020180E-004
1.371102	9.3937590E-004
1.37211	9.2933158E-004
1.373119	9.1036694E-004
1.374127	8.8309182E-004
1.375136	8.4840064E-004
1.376144	8.0743636E-004
1.377153	7.6154270E-004
1.378161	7.1221543E-004
1.379169	6.6104461E-004
1.380178	6.0965773E-004
1.381186	5.5966066E-004
1.382195	5.1258132E-004
1.383203	4.6981670E-004
1.384212	4.3258592E-004
1.38522	4.0189008E-004
1.386229	3.7848143E-004
1.387237	3.6284036E-004
1.388246	3.5516534E-004
1.389254	3.5537002E-004
1.390263	3.6309313E-004
1.391271	3.7771629E-004
1.39228	3.9839200E-004
1.393288	4.2407695E-004
1.394297	4.5357479E-004
1.395305	4.8557986E-004
1.396314	5.1872659E-004
1.397322	5.5163802E-004
1.39833	5.8297534E-004
1.399339	6.1148306E-004
1.400347	6.3603238E-004
1.401356	6.5565732E-004
1.402364	6.6958583E-004
1.403373	6.7726313E-004
1.404381	6.7836547E-004
1.40539	6.7280844E-004
1.406398	6.6074455E-004
1.407407	6.4255268E-004
1.408415	6.1882206E-004
1.409424	5.9032597E-004
1.410432	5.5799267E-004
1.411441	5.2286842E-004
1.412449	4.8608039E-004
1.413458	4.4879448E-004
1.414466	4.1217401E-004
1.415475	3.7733914E-004
1.416483	3.4532830E-004
1.417492	3.1706269E-004
1.4185	2.9331684E-004
1.419508	2.7469289E-004
1.420517	2.6160298E-004
1.421525	2.5425840E-004
1.422534	2.5266505E-004
1.423542	2.5662725E-004
1.424551	2.6575811E-004
1.425559	2.7949712E-004
1.426568	2.9713253E-004
1.427576	3.1782992E-004
1.428585	3.4066354E-004
1.429593	3.6465158E-004
1.430602	3.8879088E-004
1.43161	4.1209380E-004
1.432619	4.3362207E-004
1.433627	4.5251934E-004
1.434636	4.6803968E-004
1.435644	4.7957123E-004
1.436653	4.8665589E-004
1.437661	4.8900169E-004
1.438669	4.8649032E-004
1.439678	4.7917751E-004
1.440686	4.6728822E-004
1.441695	4.5120539E-004
1.442703	4.3145331E-004
1.443712	4.0867654E-004
1.44472	3.8361546E-004
1.445729	3.5707845E-004
1.446737	3.2991081E-004
1.447746	3.0296654E-004
1.448754	2.7707627E-004
1.449763	2.5301939E-004
1.450771	2.3149750E-004
1.45178	2.1311098E-004
1.452788	1.9834019E-004
1.453797	1.8753043E-004
1.454805	1.8088266E-004
1.455814	1.7844923E-004
1.456822	1.8013451E-004
1.457831	1.8570137E-004
1.458839	1.9478185E-004
1.459847	2.0689303E-004
1.460856	2.2145557E-004
1.461864	2.3781597E-004
1.462873	2.5527127E-004
1.463881	2.7309387E-004
1.46489	2.9055847E-004
1.465898	3.0696602E-004
1.466907	3.2166869E-004
1.467915	3.3409102E-004
1.468924	3.4374866E-004
1.469932	3.5026367E-004
1.470941	3.5337545E-004
1.471949	3.5294815E-004
1.472958	3.4897253E-004
1.473966	3.4156433E-004
1.474975	3.3095828E-004
1.475983	3.1749689E-004
1.476992	3.0161737E-004
1.478	2.8383391E-004
1.479008	2.6471936E-004
1.480017	2.4488312E-004
1.481025	2.2494978E-004
1.482034	2.0553669E-004
1.483042	1.8723286E-004
1.484051	1.7057863E-004
1.485059	1.5604797E-004
1.486068	1.4403297E-004
1.487076	1.3483185E-004
1.488085	1.2864017E-004
1.489093	1.2554617E-004
1.490102	1.2552933E-004
1.49111	1.2846349E-004
1.492119	1.3412269E-004
1.493127	1.4219127E-004
1.494136	1.5227620E-004
1.495144	1.6392198E-004
1.496153	1.7662784E-004
1.497161	1.8986565E-004
1.49817	2.0309896E-004
1.499178	2.1580145E-004
1.500186	2.2747529E-004
1.501195	2.3766783E-004
1.502203	2.4598642E-004
1.503212	2.5211115E-004
1.50422	2.5580448E-004
1.505229	2.5691825E-004
1.506237	2.5539700E-004
1.507246	2.5127816E-004
1.508254	2.4468949E-004
1.509263	2.3584256E-004
1.510271	2.2502404E-004
1.51128	2.1258467E-004
1.512288	1.9892535E-004
1.513297	1.8448311E-004
1.514305	1.6971477E-004
1.515314	1.5508111E-004
1.516322	1.4103088E-004
1.517331	1.2798539E-004
1.518339	1.1632480E-004
1.519347	1.0637545E-004
1.520356	9.8399767E-005
1.521364	9.2588249E-005
1.522373	8.9054207E-005
1.523381	8.7831068E-005
1.52439	8.8872664E-005
1.525398	9.2056034E-005
1.526407	9.7187010E-005
1.527415	1.0400805E-004
1.528424	1.1220828E-004
1.529432	1.2143499E-004
1.530441	1.3130662E-004
1.531449	1.4142634E-004
1.532458	1.5139597E-004
1.533466	1.6082991E-004
1.534475	1.6936763E-004
1.535483	1.7668628E-004
1.536492	1.8251076E-004
1.5375	1.8662206E-004
1.538508	1.8886429E-004
1.539517	1.8914866E-004
1.540525	1.8745552E-004
1.541534	1.8383381E-004
1.542542	1.7839833E-004
1.543551	1.7132472E-004
1.544559	1.6284244E-004
1.545568	1.5322615E-004
1.546576	1.4278534E-004
1.547585	1.3185332E-004
1.548593	1.2077515E-004
1.549602	1.0989583E-004
1.55061	9.9548517E-005
1.551619	9.0042951E-005
1.552627	8.1655780E-005
1.553636	7.4621377E-005
1.554644	6.9124726E-005
1.555652	6.5295913E-005
1.556661	6.3206789E-005
1.55767	6.2869498E-005
1.558678	6.4237021E-005
1.559686	6.7205940E-005
1.560695	7.1620743E-005
1.561703	7.7279874E-005
1.562712	8.3943421E-005
1.56372	9.1341542E-005
1.564729	9.9183999E-005
1.565737	1.0717038E-004
1.566746	1.1499994E-004
1.567754	1.2238207E-004
1.568763	1.2904550E-004
1.569771	1.3474743E-004
1.57078	1.3928111E-004
1.571788	1.4248253E-004
1.572797	1.4423486E-004
1.573805	1.4447262E-004
1.574814	1.4318249E-004
1.575822	1.4040337E-004
1.576831	1.3622423E-004
1.577839	1.3078058E-004
1.578847	1.2424905E-004
1.579856	1.1684099E-004
1.580864	1.0879464E-004
1.581873	1.0036692E-004
1.582881	9.1824550E-005
1.58389	8.3434643E-005
1.584898	7.5456177E-005
1.585907	6.8131216E-005
1.586915	6.1677150E-005
1.587924	5.6279892E-005
1.588932	5.2087977E-005
1.589941	4.9208240E-005
1.590949	4.7702782E-005
1.591958	4.7587397E-005
1.592966	4.8831716E-005
1.593975	5.1360694E-005
1.594983	5.5057579E-005
1.595991	5.9768299E-005
1.597	6.5306995E-005
1.598009	7.1462477E-005
1.599017	7.8005505E-005
1.600025	8.4696680E-005
1.601034	9.1294474E-005
1.602042	9.7563214E-005
1.603051	1.0328089E-004
1.604059	1.0824654E-004
1.605068	1.1228650E-004
1.606076	1.1526014E-004
1.607085	1.1706402E-004
1.608093	1.1763517E-004
1.609102	1.1695262E-004
1.61011	1.1503782E-004
1.611119	1.1195341E-004
1.612127	1.0780081E-004
1.613136	1.0271657E-004
1.614144	9.6867348E-005
1.615153	9.0444075E-005
1.616161	8.3655555E-005
1.617169	7.6721219E-005
1.618178	6.9863789E-005
1.619186	6.3301850E-005
1.620195	5.7242582E-005
1.621203	5.1875137E-005
1.622212	4.7364305E-005
1.62322	4.3845423E-005
1.624229	4.1419979E-005
1.625237	4.0152619E-005
1.626246	4.0069182E-005
1.627254	4.1156134E-005
1.628263	4.3361277E-005
1.629271	4.6595749E-005
1.63028	5.0737119E-005
1.631288	5.5633733E-005
1.632297	6.1109873E-005
1.633305	6.6971719E-005
1.634314	7.3013965E-005
1.635322	7.9026591E-005
1.63633	8.4801992E-005
1.637339	9.0141781E-005
1.638348	9.4863390E-005
1.639356	9.8806042E-005
1.640364	1.0183597E-004
1.641373	1.0385078E-004
1.642381	1.0478273E-004
1.64339	1.0460066E-004
1.644398	1.0331115E-004
1.645407	1.0095788E-004
1.646415	9.7620243E-005
1.647424	9.3410345E-005
1.648432	8.8469424E-005
1.649441	8.2962863E-005
1.650449	7.7074568E-005
1.651458	7.1001028E-005
1.652466	6.4944375E-005
1.653475	5.9106082E-005
1.654483	5.3679851E-005
1.655491	4.8845417E-005
1.6565	4.4762586E-005
1.657508	4.1565847E-005
1.658517	3.9360009E-005
1.659525	3.8216749E-005
1.660534	3.8172202E-005
1.661542	3.9225837E-005
1.662551	4.1340536E-005
1.663559	4.4443757E-005
1.664568	4.8430044E-005
1.665576	5.3164633E-005
1.666585	5.8487793E-005
1.667593	6.4220425E-005
1.668602	7.0169845E-005
1.66961	7.6136384E-005
1.670619	8.1919978E-005
1.671627	8.7326975E-005
1.672636	9.2176619E-005
1.673644	9.6306823E-005
1.674653	9.9580087E-005
1.675661	1.0188772E-004
1.676669	1.0315367E-004
1.677678	1.0333702E-004
1.678686	1.0243354E-004
1.679695	1.0047571E-004
1.680703	9.7531825E-005
1.681712	9.3703624E-005
1.68272	8.9123096E-005
1.683729	8.3948078E-005
1.684737	7.8356868E-005
1.685746	7.2542483E-005
1.686754	6.6706045E-005
1.687763	6.1050065E-005
1.688771	5.5771659E-005
1.68978	5.1055769E-005
1.690788	4.7068959E-005
1.691797	4.3953689E-005
1.692805	4.1823423E-005
1.693814	4.0758699E-005
1.694822	4.0804287E-005
1.69583	4.1967563E-005
1.696839	4.4218108E-005
1.697847	4.7488636E-005
1.698856	5.1677122E-005
1.699864	5.6650097E-005
1.700873	6.2247127E-005
1.701881	6.8286041E-005
1.70289	7.4569100E-005
1.703898	8.0889593E-005
1.704907	8.7038883E-005
1.705915	9.2813425E-005
1.706924	9.8021781E-005
1.707932	1.0249119E-004
1.708941	1.0607354E-004
1.709949	1.0865049E-004
1.710958	1.1013779E-004
1.711966	1.1048814E-004
1.712975	1.0969309E-004
1.713983	1.0778358E-004
1.714992	1.0482882E-004
1.716	1.0093429E-004
1.717008	9.6238320E-005
1.718017	9.0907379E-005
1.719025	8.5130741E-005
1.720034	7.9113845E-005
1.721042	7.3071780E-005
1.722051	6.7221546E-005
1.723059	6.1775034E-005
1.724068	5.6931560E-005
1.725076	5.2871099E-005
1.726085	4.9747930E-005
1.727093	4.7685327E-005
1.728102	4.6771002E-005
1.72911	4.7054018E-005
1.730119	4.8542741E-005
1.731127	5.1204297E-005
1.732136	5.4965461E-005
1.733144	5.9714759E-005
1.734153	6.5306180E-005
1.735161	7.1563751E-005
1.736169	7.8287594E-005
1.737178	8.5260457E-005
1.738186	9.2255163E-005
1.739195	9.9042518E-005
1.740203	1.0539895E-004
1.741212	1.1111466E-004
1.74222	1.1600062E-004
1.743229	1.1989551E-004
1.744237	1.2267145E-004
1.745246	1.2423858E-004
1.746254	1.2454837E-004
1.747263	1.2359570E-004
1.748271	1.2141916E-004
1.74928	1.1810005E-004
1.750288	1.1375989E-004
1.751297	1.0855628E-004
1.752305	1.0267796E-004
1.753314	9.6338350E-005
1.754322	8.9768357E-005
1.755331	8.3208615E-005
1.756339	7.6901248E-005
1.757347	7.1081406E-005
1.758356	6.5969303E-005
1.759364	6.1762359E-005
1.760373	5.8628320E-005
1.761381	5.6699148E-005
1.76239	5.6066234E-005
1.763398	5.6776906E-005
1.764407	5.8832473E-005
1.765415	6.2187712E-005
1.766424	6.6752196E-005
1.767432	7.2392868E-005
1.768441	7.8938407E-005
1.769449	8.6184744E-005
1.770458	9.3901923E-005
1.771466	1.0184171E-004
1.772475	1.0974619E-004
1.773483	1.1735647E-004
1.774492	1.2442183E-004
1.7755	1.3070850E-004
1.776508	1.3600787E-004
1.777517	1.4014418E-004
1.778525	1.4298073E-004
1.779534	1.4442524E-004
1.780542	1.4443340E-004
1.781551	1.4301066E-004
1.782559	1.4021294E-004
1.783568	1.3614434E-004
1.784576	1.3095468E-004
1.785585	1.2483435E-004
1.786593	1.1800788E-004
1.787602	1.1072657E-004
1.78861	1.0325999E-004
1.789619	9.5886608E-005
1.790627	8.8884248E-005
1.791636	8.2520412E-005
1.792644	7.7042787E-005
1.793653	7.2670555E-005
1.794661	6.9586276E-005
1.795669	6.7929475E-005
1.796678	6.7791028E-005
1.797686	6.9209818E-005
1.798695	7.2170711E-005
1.799703	7.6604651E-005
1.800712	8.2390514E-005
1.80172	8.9358859E-005
1.802729	9.7297452E-005
1.803737	1.0595810E-004
1.804746	1.1506522E-004
1.805754	1.2432522E-004
1.806763	1.3343628E-004
1.807771	1.4209942E-004
1.80878	1.5002838E-004
1.809788	1.5696030E-004
1.810797	1.6266476E-004
1.811805	1.6695228E-004
1.812814	1.6968143E-004
1.813822	1.7076396E-004
1.814831	1.7016882E-004
1.815839	1.6792322E-004
1.816847	1.6411259E-004
1.817856	1.5887839E-004
1.818864	1.5241308E-004
1.819873	1.4495438E-004
1.820881	1.3677725E-004
1.82189	1.2818469E-004
1.822898	1.1949732E-004
1.823907	1.1104240E-004
1.824915	1.0314233E-004
1.825924	9.6103598E-005
1.826932	9.0205518E-005
1.827941	8.5690452E-005
1.828949	8.2754792E-005
1.829958	8.1541810E-005
1.830966	8.2136081E-005
1.831975	8.4559928E-005
1.832983	8.8772249E-005
1.833992	9.4669129E-005
1.835	1.0208714E-004
1.836008	1.1080828E-004
1.837017	1.2056729E-004
1.838025	1.3106006E-004
1.839034	1.4195433E-004
1.840042	1.5290035E-004
1.841051	1.6354330E-004
1.842059	1.7353534E-004
1.843068	1.8254761E-004
1.844076	1.9028198E-004
1.845085	1.9648185E-004
1.846093	2.0094115E-004
1.847102	2.0351245E-004
1.84811	2.0411256E-004
1.849119	2.0272627E-004
1.850127	1.9940773E-004
1.851136	1.9427945E-004
1.852144	1.8752880E-004
1.853153	1.7940215E-004
1.854161	1.7019737E-004
1.85517	1.6025364E-004
1.856178	1.4994017E-004
1.857186	1.3964383E-004
1.858195	1.2975560E-004
1.859203	1.2065706E-004
1.860212	1.1270688E-004
1.86122	1.0622804E-004
1.862229	1.0149596E-004
1.863237	9.8728597E-005
1.864246	9.8077937E-005
1.865254	9.9624071E-005
1.866263	1.0337137E-004
1.867271	1.0924751E-004
1.86828	1.1710510E-004
1.869288	1.2672589E-004
1.870297	1.3782762E-004
1.871305	1.5007272E-004
1.872314	1.6308010E-004
1.873322	1.7643727E-004
1.874331	1.8971483E-004
1.875339	2.0248101E-004
1.876347	2.1431701E-004
1.877356	2.2483154E-004
1.878364	2.3367508E-004
1.879373	2.4055244E-004
1.880381	2.4523411E-004
1.88139	2.4756431E-004
1.882398	2.4746862E-004
1.883407	2.4495635E-004
1.884415	2.4012233E-004
1.885424	2.3314390E-004
1.886432	2.2427623E-004
1.887441	2.1384427E-004
1.888449	2.0223222E-004
1.889458	1.8987112E-004
1.890466	1.7722404E-004
1.891475	1.6477064E-004
1.892483	1.5299059E-004
1.893492	1.4234667E-004
1.8945	1.3326856E-004
1.895509	1.2613751E-004
1.896517	1.2127218E-004
1.897525	1.1891688E-004
1.898534	1.1923217E-004
1.899542	1.2228781E-004
1.900551	1.2805937E-004
1.901559	1.3642776E-004
1.902568	1.4718200E-004
1.903576	1.6002532E-004
1.904585	1.7458416E-004
1.905593	1.9042040E-004
1.906602	2.0704549E-004
1.90761	2.2393669E-004
1.908619	2.4055481E-004
1.909627	2.5636304E-004
1.910636	2.7084528E-004
1.911644	2.8352442E-004
1.912652	2.9397977E-004
1.913661	3.0186251E-004
1.91467	3.0690883E-004
1.915678	3.0895049E-004
1.916686	3.0792216E-004
1.917695	3.0386561E-004
1.918703	2.9692927E-004
1.919712	2.8736560E-004
1.92072	2.7552308E-004
1.921729	2.6183581E-004
1.922737	2.4680982E-004
1.923746	2.3100611E-004
1.924754	2.1502213E-004
1.925763	1.9947132E-004
1.926771	1.8496218E-004
1.92778	1.7207701E-004
1.928788	1.6135146E-004
1.929797	1.5325531E-004
1.930805	1.4817531E-004
1.931814	1.4640087E-004
1.932822	1.4811235E-004
1.93383	1.5337353E-004
1.934839	1.6212747E-004
1.935847	1.7419639E-004
1.936856	1.8928622E-004
1.937864	2.0699394E-004
1.938873	2.2682056E-004
1.939881	2.4818533E-004
1.94089	2.7044528E-004
1.941898	2.9291565E-004
1.942907	3.1489253E-004
1.943915	3.3567759E-004
1.944924	3.5460124E-004
1.945932	3.7104730E-004
1.946941	3.8447487E-004
1.947949	3.9443883E-004
1.948958	4.0060739E-004
1.949966	4.0277533E-004
1.950975	4.0087401E-004
1.951983	3.9497641E-004
1.952991	3.8529697E-004
1.954	3.7218738E-004
1.955009	3.5612661E-004
1.956017	3.3770726E-004
1.957025	3.1761729E-004
1.958034	2.9661795E-004
1.959042	2.7551933E-004
1.960051	2.5515372E-004
1.961059	2.3634694E-004
1.962068	2.1989041E-004
1.963076	2.0651311E-004
1.964085	1.9685495E-004
1.965093	1.9144281E-004
1.966102	1.9067030E-004
1.96711	1.9478069E-004
1.968119	2.0385545E-004
1.969127	2.1780762E-004
1.970136	2.3638131E-004
1.971144	2.5915643E-004
1.972153	2.8555974E-004
1.973161	3.1488130E-004
1.974169	3.4629603E-004
1.975178	3.7888900E-004
1.976186	4.1168640E-004
1.977195	4.4368629E-004
1.978203	4.7389339E-004
1.979212	5.0135376E-004
1.98022	5.2518822E-004
1.981229	5.4462429E-004
1.982237	5.5902614E-004
1.983246	5.6791864E-004
1.984254	5.7100941E-004
1.985263	5.6820165E-004
1.986271	5.5960455E-004
1.98728	5.4553297E-004
1.988288	5.2650401E-004
1.989297	5.0322386E-004
1.990305	4.7656958E-004
1.991314	4.4756316E-004
1.992322	4.1734174E-004
1.99333	3.8712120E-004
1.994339	3.5815779E-004
1.995347	3.3170579E-004
1.996356	3.0897491E-004
1.997364	2.9108775E-004
1.998373	2.7903920E-004
1.999381	2.7365788E-004
2.00039	2.7557378E-004
2.001398	2.8519062E-004
2.002407	3.0266531E-004
2.003415	3.2789525E-004
2.004424	3.6051412E-004
2.005432	3.9989658E-004
2.006441	4.4517149E-004
2.007449	4.9524423E-004
2.008458	5.4882671E-004
2.009466	6.0447602E-004
2.010475	6.6063734E-004
2.011483	7.1569392E-004
2.012491	7.6801993E-004
2.0135	8.1603503E-004
2.014508	8.5826014E-004
2.015517	8.9337083E-004
2.016526	9.2024880E-004
2.017534	9.3802606E-004
2.018542	9.4612665E-004
2.019551	9.4429502E-004
2.020559	9.3262055E-004
2.021568	9.1154734E-004
2.022576	8.8187522E-004
2.023585	8.4474916E-004
2.024593	8.0163591E-004
2.025602	7.5428968E-004
2.02661	7.0470787E-004
2.027619	6.5507524E-004
2.028627	6.0770015E-004
2.029636	5.6494598E-004
2.030644	5.2915310E-004
2.031652	5.0256203E-004
2.032661	4.8723456E-004
2.033669	4.8497680E-004
2.034678	4.9726822E-004
2.035686	5.2519608E-004
2.036695	5.6940079E-004
2.037703	6.3003355E-004
2.038712	7.0672651E-004
2.03972	7.9857878E-004
2.040729	9.0415945E-004
2.041737	1.0215264E-003
2.042746	1.1482659E-003
2.043754	1.2815446E-003
2.044763	1.4181829E-003
2.045771	1.5547432E-003
2.04678	1.6876262E-003
2.047788	1.8131891E-003
2.048797	1.9278635E-003
2.049805	2.0282858E-003
2.050814	2.1114291E-003
2.051822	2.1747286E-003
2.05283	2.2162157E-003
2.053839	2.2346324E-003
2.054847	2.2295406E-003
2.055856	2.2014140E-003
2.056865	2.1517186E-003
2.057873	2.0829539E-003
2.058881	1.9987004E-003
2.05989	1.9036136E-003
2.060898	1.8034038E-003
2.061907	1.7047876E-003
2.062915	1.6154086E-003
2.063924	1.5437294E-003
2.064932	1.4988988E-003
2.065941	1.4905935E-003
2.066949	1.5288352E-003
2.067958	1.6237962E-003
2.068966	1.7855788E-003
2.069975	2.0239963E-003
2.070983	2.3483408E-003
2.071991	2.7671540E-003
2.073	3.2880018E-003
2.074008	3.9172573E-003
2.075017	4.6599112E-003
2.076025	5.5193747E-003
2.077034	6.4973487E-003
2.078042	7.5936783E-003
2.079051	8.8062901E-003
2.080059	1.0131109E-002
2.081068	1.1562064E-002
2.082076	1.3091123E-002
2.083085	1.4708338E-002
2.084093	1.6401965E-002
2.085102	1.8158616E-002
2.08611	1.9963454E-002
2.087119	2.1800362E-002
2.088127	2.3652213E-002
2.089136	2.5501149E-002
2.090144	2.7328815E-002
2.091152	2.9116662E-002
2.092161	3.0846240E-002
2.093169	3.2499447E-002
2.094178	3.4058806E-002
2.095186	3.5507757E-002
2.096195	3.6830820E-002
2.097203	3.8013864E-002
2.098212	3.9044246E-002
2.09922	3.9911065E-002
2.100229	4.0605180E-002
2.101237	4.1119363E-002
2.102246	4.1448463E-002
2.103254	4.1589353E-002
2.104263	4.1541032E-002
2.105271	4.1304573E-002
2.10628	4.0883143E-002
2.107288	4.0281914E-002
2.108297	3.9508034E-002
2.109305	3.8570415E-002
2.110314	3.7479747E-002
2.111322	3.6248233E-002
2.11233	3.4889452E-002
2.113339	3.3418175E-002
2.114347	3.1850118E-002
2.115356	3.0201769E-002
2.116364	2.8490102E-002
2.117373	2.6732324E-002
2.118381	2.4945650E-002
2.11939	2.3147067E-002
2.120398	2.1353042E-002
2.121407	1.9579362E-002
2.122415	1.7840844E-002
2.123424	1.6151248E-002
2.124432	1.4523062E-002
2.125441	1.2967388E-002
2.126449	1.1493838E-002
2.127458	1.0110459E-002
2.128466	8.8236919E-003
2.129475	7.6383241E-003
2.130483	6.5575233E-003
2.131491	5.5828393E-003
2.1325	4.7142785E-003
2.133508	3.9503556E-003
2.134517	3.2882255E-003
2.135525	2.7237909E-003
2.136534	2.2518497E-003
2.137542	1.8662557E-003
2.138551	1.5600884E-003
2.139559	1.3258331E-003
2.140568	1.1555557E-003
2.141576	1.0410855E-003
2.142585	9.7418402E-004
2.143593	9.4670628E-004
2.144602	9.5074944E-004
2.14561	9.7878813E-004
2.146619	1.0237880E-003
2.147627	1.0793048E-003
2.148636	1.1395628E-003
2.149644	1.1995087E-003
2.150653	1.2548540E-003
2.151661	1.3020885E-003
2.152669	1.3384813E-003
2.153678	1.3620596E-003
2.154686	1.3715751E-003
2.155695	1.3664562E-003
2.156703	1.3467432E-003
2.157712	1.3130219E-003
2.15872	1.2663476E-003
2.159729	1.2081595E-003
2.160737	1.1402016E-003
2.161746	1.0644390E-003
2.162754	9.8297349E-004
2.163763	8.9796906E-004
2.164771	8.1157836E-004
2.16578	7.2587735E-004
2.166788	6.4280705E-004
2.167797	5.6412269E-004
2.168805	4.9135322E-004
2.169814	4.2577018E-004
2.170822	3.6836541E-004
2.17183	3.1983861E-004
2.172839	2.8059422E-004
2.173847	2.5074743E-004
2.174856	2.3013818E-004
2.175864	2.1835198E-004
2.176873	2.1474768E-004
2.177881	2.1848960E-004
2.17889	2.2858418E-004
2.179898	2.4391850E-004
2.180907	2.6330061E-004
2.181915	2.8549961E-004
2.182924	3.0928440E-004
2.183932	3.3346083E-004
2.184941	3.5690464E-004
2.185949	3.7859165E-004
2.186958	3.9762259E-004
2.187966	4.1324229E-004
2.188975	4.2485510E-004
2.189983	4.3203376E-004
2.190992	4.3452217E-004
2.192	4.3223455E-004
2.193008	4.2524814E-004
2.194017	4.1379273E-004
2.195025	3.9823476E-004
2.196034	3.7905920E-004
2.197042	3.5684841E-004
2.198051	3.3225972E-004
2.199059	3.0600023E-004
2.200068	2.7880332E-004
2.201076	2.5140418E-004
2.202085	2.2451665E-004
2.203093	1.9881217E-004
2.204102	1.7490063E-004
2.20511	1.5331367E-004
2.206119	1.3449228E-004
2.207127	1.1877597E-004
2.208136	1.0639692E-004
2.209144	9.7476986E-005
2.210153	9.2028378E-005
2.211161	8.9957612E-005
2.212169	9.1072608E-005
2.213178	9.5092422E-005
2.214186	1.0165940E-004
2.215195	1.1035327E-004
2.216203	1.2070641E-004
2.217212	1.3222020E-004
2.21822	1.4438163E-004
2.219229	1.5667963E-004
2.220237	1.6862067E-004
2.221246	1.7974382E-004
2.222254	1.8963314E-004
2.223263	1.9792952E-004
2.224271	2.0433904E-004
2.22528	2.0864024E-004
2.226288	2.1068810E-004
2.227297	2.1041585E-004
2.228305	2.0783418E-004
2.229314	2.0302863E-004
2.230322	1.9615368E-004
2.23133	1.8742643E-004
2.232339	1.7711709E-004
2.233347	1.6553915E-004
2.234356	1.5303810E-004
2.235364	1.3997957E-004
2.236373	1.2673714E-004
2.237381	1.1368027E-004
2.23839	1.0116282E-004
2.239398	8.9512265E-005
2.240407	7.9019926E-005
2.241415	6.9933012E-005
2.242424	6.2447813E-005
2.243432	5.6704899E-005
2.244441	5.2786399E-005
2.245449	5.0714945E-005
2.246458	5.0454597E-005
2.247466	5.1913685E-005
2.248475	5.4949178E-005
2.249483	5.9372760E-005
2.250492	6.4957880E-005
2.2515	7.1448158E-005
2.252508	7.8566060E-005
2.253517	8.6022454E-005
2.254525	9.3526076E-005
2.255534	1.0079267E-004
2.256542	1.0755415E-004
2.257551	1.1356640E-004
2.258559	1.1861666E-004
2.259568	1.2252940E-004
2.260576	1.2517115E-004
2.261585	1.2645332E-004
2.262593	1.2633429E-004
2.263602	1.2481934E-004
2.26461	1.2195926E-004
2.265619	1.1784761E-004
2.266627	1.1261665E-004
2.267636	1.0643203E-004
2.268644	9.9486751E-005
2.269653	9.1994239E-005
2.270661	8.4181018E-005
2.271669	7.6279022E-005
2.272678	6.8518319E-005
2.273686	6.1119361E-005
2.274695	5.4286502E-005
2.275703	4.8201560E-005
2.276712	4.3018601E-005
2.27772	3.8859605E-005
2.278729	3.5811205E-005
2.279737	3.3922726E-005
2.280746	3.3205328E-005
2.281754	3.3632565E-005
2.282763	3.5141926E-005
2.283771	3.7637667E-005
2.28478	4.0994528E-005
2.285788	4.5062447E-005
2.286797	4.9671824E-005
2.287805	5.4639433E-005
2.288814	5.9774597E-005
2.289822	6.4885498E-005
2.290831	6.9785441E-005
2.291839	7.4298667E-005
2.292847	7.8265926E-005
2.293856	8.1549275E-005
2.294864	8.4036081E-005
2.295873	8.5642234E-005
2.296881	8.6314285E-005
2.29789	8.6030508E-005
2.298898	8.4801148E-005
2.299907	8.2667364E-005
2.300915	7.9699304E-005
2.301924	7.5993463E-005
2.302932	7.1668677E-005
2.303941	6.6862231E-005
2.304949	6.1724830E-005
2.305958	5.6415298E-005
2.306966	5.1095532E-005
2.307975	4.5924800E-005
2.308983	4.1054824E-005
2.309992	3.6624806E-005
2.311	3.2757009E-005
2.312008	2.9553326E-005
2.313017	2.7092041E-005
2.314025	2.5425832E-005
2.315034	2.4580471E-005
2.316042	2.4554482E-005
2.317051	2.5319678E-005
2.318059	2.6822523E-005
2.319068	2.8986395E-005
2.320076	3.1714473E-005
2.321085	3.4893306E-005
2.322093	3.8396800E-005
2.323102	4.2090636E-005
2.32411	4.5836794E-005
2.325119	4.9498220E-005
2.326127	5.2943251E-005
2.327136	5.6049917E-005
2.328144	5.8709720E-005
2.329153	6.0830942E-005
2.330161	6.2341394E-005
2.33117	6.3190411E-005
2.332178	6.3350024E-005
2.333186	6.2815612E-005
2.334195	6.1605577E-005
2.335203	5.9760205E-005
2.336212	5.7340163E-005
2.33722	5.4424032E-005
2.338229	5.1105460E-005
2.339237	4.7489899E-005
2.340246	4.3690892E-005
2.341254	3.9826249E-005
2.342263	3.6014189E-005
2.343271	3.2369378E-005
2.34428	2.8999231E-005
2.345288	2.6000593E-005
2.346297	2.3456605E-005
2.347305	2.1434224E-005
2.348314	1.9982252E-005
2.349322	1.9129991E-005
2.350331	1.8886534E-005
2.351339	1.9240782E-005
2.352347	2.0162110E-005
2.353356	2.1601616E-005
2.354364	2.3494098E-005
2.355373	2.5760362E-005
2.356381	2.8310147E-005
2.35739	3.1045245E-005
2.358398	3.3862907E-005
2.359407	3.6659352E-005
2.360415	3.9333201E-005
2.361424	4.1788808E-005
2.362432	4.3939410E-005
2.363441	4.5709858E-005
2.364449	4.7038855E-005
2.365458	4.7880869E-005
2.366466	4.8207403E-005
2.367475	4.8007591E-005
2.368483	4.7288348E-005
2.369492	4.6073845E-005
2.3705	4.4404438E-005
2.371508	4.2335087E-005
2.372517	3.9933242E-005
2.373525	3.7276506E-005
2.374534	3.4449709E-005
2.375542	3.1542244E-005
2.376551	2.8644748E-005
2.377559	2.5846217E-005
2.378568	2.3231072E-005
2.379576	2.0876367E-005
2.380585	1.8849367E-005
2.381593	1.7205492E-005
2.382602	1.5986619E-005
2.38361	1.5219932E-005
2.384619	1.4917222E-005
2.385627	1.5074716E-005
2.386636	1.5673453E-005
2.387644	1.6680115E-005
2.388653	1.8048346E-005
2.389661	1.9720468E-005
2.39067	2.1629578E-005
2.391678	2.3701872E-005
2.392686	2.5859244E-005
2.393695	2.8021932E-005
2.394703	3.0111181E-005
2.395712	3.2051903E-005
2.39672	3.3775097E-005
2.397729	3.5220106E-005
2.398737	3.6336482E-005
2.399746	3.7085578E-005
2.400754	3.7441641E-005
2.401763	3.7392532E-005
2.402771	3.6939862E-005
2.40378	3.6098820E-005
2.404788	3.4897410E-005
2.405797	3.3375334E-005
2.406805	3.1582520E-005
2.407814	2.9577242E-005
2.408822	2.7424108E-005
2.409831	2.5191730E-005
2.410839	2.2950398E-005
2.411847	2.0769725E-005
2.412856	1.8716248E-005
2.413864	1.6851349E-005
2.414873	1.5229190E-005
2.415881	1.3895036E-005
2.41689	1.2883879E-005
2.417898	1.2219401E-005
2.418907	1.1913364E-005
2.419915	1.1965377E-005
2.420924	1.2363115E-005
2.421932	1.3082884E-005
2.422941	1.4090599E-005
2.423949	1.5343090E-005
2.424958	1.6789672E-005
2.425966	1.8373941E-005
2.426975	2.0035770E-005
2.427983	2.1713337E-005
2.428992	2.3345237E-005
2.43	2.4872536E-005
2.431009	2.6240641E-005
2.432017	2.7401114E-005
2.433025	2.8313170E-005
2.434034	2.8944960E-005
2.435042	2.9274473E-005
2.436051	2.9290164E-005
2.437059	2.8991202E-005
2.438068	2.8387345E-005
2.439076	2.7498454E-005
2.440085	2.6353699E-005
2.441093	2.4990490E-005
2.442102	2.3453071E-005
2.44311	2.1790958E-005
2.444119	2.0057156E-005
2.445127	1.8306420E-005
2.446136	1.6593307E-005
2.447144	1.4970383E-005
2.448153	1.3486465E-005
2.449161	1.2185033E-005
2.45017	1.1102842E-005
2.451178	1.0268766E-005
2.452186	9.7029515E-006
2.453195	9.4162342E-006
2.454203	9.4099350E-006
2.455212	9.6759359E-006
2.45622	1.0197085E-005
2.457229	1.0947926E-005
2.458237	1.1895645E-005
2.459246	1.3001313E-005
2.460254	1.4221287E-005
2.461263	1.5508718E-005
2.462271	1.6815216E-005
2.46328	1.8092476E-005
2.464288	1.9293895E-005
2.465297	2.0376154E-005
2.466305	2.1300557E-005
2.467314	2.2034332E-005
2.468322	2.2551585E-005
2.469331	2.2834110E-005
2.470339	2.2871864E-005
2.471348	2.2663215E-005
2.472356	2.2214836E-005
2.473364	2.1541393E-005
2.474373	2.0664953E-005
2.475381	1.9614088E-005
2.47639	1.8422890E-005
2.477398	1.7129692E-005
2.478407	1.5775755E-005
2.479415	1.4403824E-005
2.480424	1.3056664E-005
2.481432	1.1775628E-005
2.482441	1.0599272E-005
2.483449	9.5620808E-006
2.484458	8.6933933E-006
2.485466	8.0164527E-006
2.486475	7.5477205E-006
2.487483	7.2964153E-006
2.488492	7.2643056E-006
2.4895	7.4457575E-006
2.490509	7.8280309E-006
2.491517	8.3918139E-006
2.492525	9.1119664E-006
2.493534	9.9584568E-006
2.494542	1.0897448E-005
2.495551	1.1892476E-005
2.496559	1.2905751E-005
2.497568	1.3899420E-005
2.498576	1.4836871E-005
2.499585	1.5683931E-005
2.500593	1.6410022E-005
2.501602	1.6989101E-005
2.50261	1.7400496E-005
2.503619	1.7629567E-005
2.504627	1.7668035E-005
2.505635	1.7514236E-005
2.506644	1.7173048E-005
2.507653	1.6655631E-005
2.508661	1.5978976E-005
2.50967	1.5165203E-005
2.510678	1.4240769E-005
2.511686	1.3235494E-005
2.512695	1.2181516E-005
2.513703	1.1112141E-005
2.514712	1.0060736E-005
2.51572	9.0595713E-006
2.516729	8.1387670E-006
2.517737	7.3252927E-006
2.518746	6.6421035E-006
2.519754	6.1074279E-006
2.520763	5.7342072E-006
2.521771	5.5297487E-006
2.52278	5.4955499E-006
2.523788	5.6273370E-006
2.524797	5.9153040E-006
2.525805	6.3445109E-006
2.526814	6.8954869E-006
2.527822	7.5449470E-006
2.528831	8.2666420E-006
2.529839	9.0322983E-006
2.530848	9.8125984E-006
2.531856	1.0578188E-005
2.532864	1.1300684E-005
2.533873	1.1953603E-005
2.534881	1.2513250E-005
2.53589	1.2959438E-005
2.536898	1.3276171E-005
2.537907	1.3452078E-005
2.538915	1.3480764E-005
2.539924	1.3360915E-005
2.540932	1.3096297E-005
2.541941	1.2695540E-005
2.542949	1.2171756E-005
2.543958	1.1542046E-005
2.544966	1.0826850E-005
2.545974	1.0049182E-005
2.546983	9.2338641E-006
2.547992	8.4065805E-006
2.549	7.5930602E-006
2.550009	6.8181789E-006
2.551017	6.1051251E-006
2.552025	5.4746583E-006
2.553034	4.9444316E-006
2.554042	4.5284592E-006
2.555051	4.2366773E-006
2.556059	4.0746891E-006
2.557068	4.0436303E-006
2.558076	4.1402013E-006
2.559085	4.3568489E-006
2.560093	4.6820796E-006
2.561102	5.1009138E-006
2.56211	5.5954388E-006
2.563119	6.1454675E-006
2.564127	6.7292513E-006
2.565135	7.3242541E-006
2.566144	7.9079136E-006
2.567153	8.4584235E-006
2.568161	8.9554624E-006
2.56917	9.3808530E-006
2.570178	9.7191605E-006
2.571187	9.9581748E-006
2.572195	1.0089271E-005
2.573203	1.0107655E-005
2.574212	1.0012468E-005
2.57522	9.8067367E-006
2.576229	9.4972329E-006
2.577237	9.0941530E-006
2.578246	8.6107466E-006
2.579254	8.0627833E-006
2.580263	7.4679924E-006
2.581271	6.8454233E-006
2.58228	6.2147642E-006
2.583288	5.5956775E-006
2.584297	5.0071103E-006
2.585305	4.4666781E-006
2.586313	3.9900792E-006
2.587322	3.5905950E-006
2.588331	3.2786668E-006
2.589339	3.0616043E-006
2.590348	2.9433729E-006
2.591356	2.9245216E-006
2.592364	3.0022125E-006
2.593373	3.1703810E-006
2.594381	3.4199870E-006
2.59539	3.7393786E-006
2.596398	4.1147282E-006
2.597407	4.5305442E-006
2.598415	4.9702198E-006
2.599424	5.4166330E-006
2.600432	5.8527280E-006
2.601441	6.2621011E-006
2.602449	6.6295593E-006
2.603458	6.9416064E-006
2.604466	7.1868922E-006
2.605474	7.3565498E-006
2.606483	7.4444738E-006
2.607491	7.4474710E-006
2.6085	7.3653246E-006
2.609509	7.2007533E-006
2.610517	6.9592706E-006
2.611526	6.6489379E-006
2.612534	6.2800605E-006
2.613542	5.8647756E-006
2.614551	5.4166212E-006
2.615559	4.9500359E-006
2.616568	4.4798453E-006
2.617576	4.0207474E-006
2.618585	3.5868118E-006
2.619593	3.1910031E-006
2.620602	2.8447528E-006
2.62161	2.5575978E-006
2.622619	2.3368807E-006
2.623627	2.1875444E-006
2.624636	2.1120011E-006
2.625644	2.1100923E-006
2.626652	2.1791457E-006
2.627661	2.3141092E-006
2.62867	2.5077675E-006
2.629678	2.7510280E-006
2.630687	3.0332692E-006
2.631695	3.3427341E-006
2.632703	3.6669539E-006
2.633712	3.9931938E-006
2.63472	4.3088939E-006
2.635729	4.6021078E-006
2.636737	4.8618908E-006
2.637746	5.0786784E-006
2.638754	5.2445762E-006
2.639763	5.3536091E-006
2.640771	5.4019001E-006
2.64178	5.3877538E-006
2.642788	5.3116792E-006
2.643797	5.1763409E-006
2.644805	4.9864148E-006
2.645813	4.7483932E-006
2.646822	4.4703270E-006
2.64783	4.1615149E-006
2.648839	3.8321568E-006
2.649848	3.4929831E-006
2.650856	3.1548686E-006
2.651864	2.8284514E-006
2.652873	2.5237678E-006
2.653881	2.2499078E-006
2.65489	2.0147259E-006
2.655898	1.8245788E-006
2.656907	1.6841410E-006
2.657915	1.5962688E-006
2.658924	1.5619371E-006
2.659932	1.5802422E-006
2.660941	1.6484674E-006
2.661949	1.7622145E-006
2.662958	1.9155905E-006
2.663966	2.1014407E-006
2.664975	2.3116274E-006
2.665983	2.5373299E-006
2.666991	2.7693745E-006
2.668	2.9985572E-006
2.669008	3.2159733E-006
2.670017	3.4133247E-006
2.671026	3.5831997E-006
2.672034	3.7193204E-006
2.673042	3.8167359E-006
2.674051	3.8719822E-006
2.675059	3.8831631E-006
2.676068	3.8499948E-006
2.677076	3.7737818E-006
2.678085	3.6573340E-006
2.679093	3.5048420E-006
2.680102	3.3216993E-006
2.68111	3.1142858E-006
2.682119	2.8897218E-006
2.683127	2.6555958E-006
2.684136	2.4196897E-006
2.685144	2.1896944E-006
2.686152	1.9729393E-006
2.687161	1.7761341E-006
2.688169	1.6051446E-006
2.689178	1.4647953E-006
2.690187	1.3587214E-006
2.691195	1.2892586E-006
2.692203	1.2573869E-006
2.693212	1.2627207E-006
2.69422	1.3035537E-006
2.695229	1.3769424E-006
2.696237	1.4788402E-006
2.697246	1.6042683E-006
2.698254	1.7475094E-006
2.699263	1.9023348E-006
2.700271	2.0622388E-006
2.70128	2.2206793E-006
2.702288	2.3713164E-006
2.703297	2.5082390E-006
2.704305	2.6261712E-006
2.705313	2.7206531E-006
2.706322	2.7881817E-006
2.70733	2.8263307E-006
2.708339	2.8338054E-006
2.709347	2.8104791E-006
2.710356	2.7573744E-006
2.711365	2.6765938E-006
2.712373	2.5712347E-006
2.713381	2.4452479E-006
2.71439	2.3032735E-006
2.715398	2.1504629E-006
2.716407	1.9922711E-006
2.717415	1.8342502E-006
2.718424	1.6818407E-006
2.719432	1.5401706E-006
2.720441	1.4138727E-006
2.721449	1.3069179E-006
2.722458	1.2224817E-006
2.723466	1.1628420E-006
2.724475	1.1293059E-006
2.725483	1.1221842E-006
2.726491	1.1407917E-006
2.7275	1.1834950E-006
2.728508	1.2477841E-006
2.729517	1.3303874E-006
2.730525	1.4274008E-006
2.731534	1.5344488E-006
2.732542	1.6468562E-006
2.733551	1.7598308E-006
2.734559	1.8686463E-006
2.735568	1.9688225E-006
2.736576	2.0562952E-006
2.737585	2.1275625E-006
2.738593	2.1798151E-006
2.739602	2.2110298E-006
2.74061	2.2200434E-006
2.741619	2.2065767E-006
2.742627	2.1712449E-006
2.743636	2.1155076E-006
2.744644	2.0416139E-006
2.745652	1.9524975E-006
2.746661	1.8516577E-006
2.747669	1.7430137E-006
2.748678	1.6307537E-006
2.749686	1.5191620E-006
2.750695	1.4124578E-006
2.751704	1.3146278E-006
2.752712	1.2292763E-006
2.75372	1.1594880E-006
2.754729	1.1077117E-006
2.755737	1.0756730E-006
2.756746	1.0643101E-006
2.757754	1.0737460E-006
2.758763	1.1032870E-006
2.759771	1.1514568E-006
2.76078	1.2160571E-006
2.761788	1.2942589E-006
2.762797	1.3827150E-006
2.763805	1.4776932E-006
2.764814	1.5752246E-006
2.765822	1.6712581E-006
2.76683	1.7618214E-006
2.767839	1.8431746E-006
2.768847	1.9119561E-006
2.769856	1.9653157E-006
2.770864	2.0010229E-006
2.771873	2.0175539E-006
2.772881	2.0141524E-006
2.77389	1.9908587E-006
2.774898	1.9485055E-006
2.775907	1.8886856E-006
2.776915	1.8136932E-006
2.777924	1.7264323E-006
2.778932	1.6303051E-006
2.779941	1.5290786E-006
2.780949	1.4267411E-006
2.781958	1.3273456E-006
2.782966	1.2348557E-006
2.783975	1.1529884E-006
2.784983	1.0850730E-006
2.785991	1.0339191E-006
2.787	1.0017067E-006
2.788008	9.8990063E-007
2.789017	9.9918725E-007
2.790025	1.0294474E-006
2.791034	1.0797534E-006
2.792042	1.1484003E-006
2.793051	1.2329651E-006
2.794059	1.3303958E-006
2.795068	1.4371210E-006
2.796076	1.5491839E-006
2.797085	1.6623914E-006
2.798093	1.7724677E-006
2.799102	1.8752221E-006
2.80011	1.9667041E-006
2.801119	2.0433627E-006
2.802127	2.1021760E-006
2.803136	2.1407789E-006
2.804144	2.1575529E-006
2.805153	2.1516976E-006
2.806161	2.1232668E-006
2.807169	2.0731773E-006
2.808178	2.0031748E-006
2.809186	1.9157851E-006
2.810195	1.8142193E-006
2.811203	1.7022637E-006
2.812212	1.5841408E-006
2.81322	1.4643575E-006
2.814229	1.3475391E-006
2.815237	1.2382583E-006
2.816246	1.1408653E-006
2.817254	1.0593225E-006
2.818263	9.9705721E-007
2.819271	9.5682628E-007
2.82028	9.4060954E-007
2.821288	9.4952770E-007
2.822297	9.8379167E-007
2.823305	1.0426851E-006
2.824314	1.1245808E-006
2.825322	1.2269888E-006
2.82633	1.3466405E-006
2.827339	1.4795970E-006
2.828347	1.6213864E-006
2.829356	1.7671623E-006
2.830364	1.9118779E-006
2.831373	2.0504649E-006
2.832381	2.1780181E-006
2.83339	2.2899828E-006
2.834398	2.3823134E-006
2.835407	2.4516364E-006
2.836415	2.4953715E-006
2.837424	2.5118416E-006
2.838432	2.5003353E-006
2.839441	2.4611481E-006
2.840449	2.3955811E-006
2.841458	2.3059024E-006
2.842466	2.1952796E-006
2.843475	2.0676707E-006
2.844483	1.9276963E-006
2.845491	1.7804766E-006
2.8465	1.6314547E-006
2.847508	1.4862081E-006
2.848517	1.3502474E-006
2.849525	1.2288226E-006
2.850534	1.1267289E-006
2.851542	1.0481315E-006
2.852551	9.9641238E-007
2.853559	9.7403722E-007
2.854568	9.8246016E-007
2.855576	1.0220587E-006
2.856585	1.0921096E-006
2.857593	1.1908027E-006
2.858602	1.3152932E-006
2.85961	1.4617930E-006
2.860619	1.6256929E-006
2.861627	1.8017208E-006
2.862636	1.9841184E-006
2.863644	2.1668411E-006
2.864653	2.3437717E-006
2.865661	2.5089266E-006
2.866669	2.6566811E-006
2.867678	2.7819585E-006
2.868686	2.8804232E-006
2.869695	2.9486316E-006
2.870703	2.9841740E-006
2.871712	2.9857533E-006
2.87272	2.9532578E-006
2.873729	2.8877669E-006
2.874737	2.7915289E-006
2.875746	2.6678927E-006
2.876754	2.5212009E-006
2.877763	2.3566572E-006
2.878771	2.1801379E-006
2.87978	1.9980041E-006
2.880788	1.8168805E-006
2.881797	1.6434265E-006
2.882805	1.4841038E-006
2.883814	1.3449486E-006
2.884822	1.2313562E-006
2.88583	1.1478877E-006
2.886839	1.0981024E-006
2.887847	1.0844261E-006
2.888856	1.1080552E-006
2.889864	1.1689043E-006
2.890873	1.2655993E-006
2.891881	1.3955087E-006
2.89289	1.5548295E-006
2.893898	1.7387010E-006
2.894907	1.9413706E-006
2.895915	2.1563792E-006
2.896924	2.3767793E-006
2.897932	2.5953732E-006
2.898941	2.8049556E-006
2.899949	2.9985690E-006
2.900958	3.1697386E-006
2.901966	3.3127096E-006
2.902975	3.4226459E-006
2.903983	3.4958089E-006
2.904992	3.5296944E-006
2.906	3.5231337E-006
2.907008	3.4763411E-006
2.908017	3.3909191E-006
2.909025	3.2698185E-006
2.910034	3.1172394E-006
2.911042	2.9385064E-006
2.912051	2.7398867E-006
2.913059	2.5283841E-006
2.914068	2.3115037E-006
2.915076	2.0970019E-006
2.916085	1.8926168E-006
2.917093	1.7058064E-006
2.918102	1.5434944E-006
2.91911	1.4118264E-006
2.920119	1.3159575E-006
2.921127	1.2598680E-006
2.922136	1.2462201E-006
2.923144	1.2762553E-006
2.924153	1.3497415E-006
2.925161	1.4649677E-006
2.926169	1.6187876E-006
2.927178	1.8067162E-006
2.928186	2.0230671E-006
2.929195	2.2611384E-006
2.930203	2.5134284E-006
2.931212	2.7718881E-006
2.93222	3.0281885E-006
2.933229	3.2740040E-006
2.934237	3.5012943E-006
2.935246	3.7025861E-006
2.936254	3.8712265E-006
2.937263	4.0016198E-006
2.938271	4.0894256E-006
2.93928	4.1317185E-006
2.940288	4.1270891E-006
2.941297	4.0757122E-006
2.942305	3.9793526E-006
2.943314	3.8413118E-006
2.944322	3.6663309E-006
2.945331	3.4604398E-006
2.946339	3.2307616E-006
2.947347	2.9852815E-006
2.948356	2.7325841E-006
2.949364	2.4815640E-006
2.950373	2.2411350E-006
2.951381	2.0199220E-006
2.95239	1.8259761E-006
2.953398	1.6664952E-006
2.954407	1.5475771E-006
2.955415	1.4740066E-006
2.956424	1.4490821E-006
2.957432	1.4744949E-006
2.958441	1.5502583E-006
2.959449	1.6746944E-006
2.960458	1.8444734E-006
2.961466	2.0547170E-006
2.962475	2.2991460E-006
2.963483	2.5702827E-006
2.964492	2.8596910E-006
2.9655	3.1582565E-006
2.966508	3.4564819E-006
2.967517	3.7448108E-006
2.968525	4.0139416E-006
2.969534	4.2551469E-006
2.970542	4.4605613E-006
2.971551	4.6234622E-006
2.972559	4.7384951E-006
2.973568	4.8018610E-006
2.974576	4.8114625E-006
2.975585	4.7669791E-006
2.976593	4.6698929E-006
2.977602	4.5234597E-006
2.97861	4.3326072E-006
2.979619	4.1037861E-006
2.980627	3.8447733E-006
2.981636	3.5644209E-006
2.982644	3.2723647E-006
2.983653	2.9787184E-006
2.984661	2.6937398E-006
2.985669	2.4274832E-006
2.986678	2.1894696E-006
2.987686	1.9883616E-006
2.988695	1.8316724E-006
2.989703	1.7255045E-006
2.990712	1.6743373E-006
2.99172	1.6808689E-006
2.992729	1.7459140E-006
2.993737	1.8683623E-006
2.994746	2.0452044E-006
2.995754	2.2716165E-006
2.996763	2.5411050E-006
2.997771	2.8457116E-006
2.99878	3.1762570E-006
2.999788	3.5226353E-006
3.000797	3.8741355E-006
3.001805	4.2197908E-006
3.002814	4.5487241E-006
3.003822	4.8505167E-006
3.004831	5.1155416E-006
3.005839	5.3352956E-006
3.006847	5.5026803E-006
3.007856	5.6122535E-006
3.008864	5.6604213E-006
3.009873	5.6455719E-006
3.010881	5.5681517E-006
3.01189	5.4306656E-006
3.012898	5.2376208E-006
3.013907	4.9953896E-006
3.014915	4.7120266E-006
3.015924	4.3970213E-006
3.016932	4.0609966E-006
3.017941	3.7153814E-006
3.018949	3.3720419E-006
3.019958	3.0429017E-006
3.020966	2.7395631E-006
3.021975	2.4729231E-006
3.022983	2.2528211E-006
3.023992	2.0877130E-006
3.025	1.9843867E-006
3.026008	1.9477334E-006
3.027017	1.9805711E-006
3.028025	2.0835387E-006
3.029034	2.2550521E-006
3.030042	2.4913329E-006
3.031051	2.7865110E-006
3.032059	3.1327829E-006
3.033068	3.5206440E-006
3.034076	3.9391680E-006
3.035085	4.3763393E-006
3.036093	4.8194238E-006
3.037102	5.2553560E-006
3.03811	5.6711478E-006
3.039119	6.0543125E-006
3.040127	6.3932453E-006
3.041136	6.6776083E-006
3.042144	6.8986683E-006
3.043153	7.0495857E-006
3.044161	7.1256591E-006
3.04517	7.1244976E-006
3.046178	7.0461128E-006
3.047186	6.8929712E-006
3.048195	6.6699354E-006
3.049203	6.3841599E-006
3.050212	6.0449006E-006
3.05122	5.6632648E-006
3.052229	5.2519017E-006
3.053237	4.8246443E-006
3.054246	4.3961154E-006
3.055254	3.9812908E-006
3.056263	3.5950736E-006
3.057271	3.2518315E-006
3.05828	2.9649796E-006
3.059288	2.7465558E-006
3.060297	2.6068533E-006
3.061305	2.5540883E-006
3.062314	2.5941256E-006
3.063322	2.7302758E-006
3.064331	2.9631487E-006
3.065339	3.2905994E-006
3.066347	3.7077361E-006
3.067356	4.2070183E-006
3.068364	4.7784124E-006
3.069373	5.4096413E-006
3.070381	6.0864832E-006
3.07139	6.7931296E-006
3.072398	7.5126000E-006
3.073407	8.2271945E-006
3.074415	8.9189716E-006
3.075424	9.5702317E-006
3.076432	1.0164035E-005
3.077441	1.0684681E-005
3.078449	1.1118180E-005
3.079458	1.1452692E-005
3.080466	1.1678913E-005
3.081475	1.1790445E-005
3.082483	1.1784042E-005
3.083492	1.1659874E-005
3.0845	1.1421643E-005
3.085509	1.1076682E-005
3.086517	1.0635963E-005
3.087525	1.0114019E-005
3.088534	9.5288397E-006
3.089542	8.9016430E-006
3.090551	8.2566257E-006
3.091559	7.6206402E-006
3.092568	7.0228261E-006
3.093576	6.4941805E-006
3.094585	6.0671068E-006
3.095593	5.7749298E-006
3.096602	5.6513800E-006
3.09761	5.7300799E-006
3.098619	6.0440170E-006
3.099627	6.6250386E-006
3.100636	7.5033377E-006
3.101644	8.7069939E-006
3.102653	1.0261518E-005
3.103661	1.2189454E-005
3.10467	1.4510008E-005
3.105678	1.7238739E-005
3.106686	2.0387261E-005
3.107695	2.3963034E-005
3.108703	2.7969136E-005
3.109712	3.2404154E-005
3.11072	3.7262060E-005
3.111729	4.2532090E-005
3.112737	4.8198759E-005
3.113746	5.4241795E-005
3.114754	6.0636248E-005
3.115763	6.7352448E-005
3.116771	7.4356183E-005
3.11778	8.1608952E-005
3.118788	8.9067922E-005
3.119797	9.6686519E-005
3.120805	1.0441447E-004
3.121814	1.1219841E-004
3.122822	1.1998235E-004
3.123831	1.2770806E-004
3.124839	1.3531577E-004
3.125847	1.4274467E-004
3.126856	1.4993383E-004
3.127864	1.5682243E-004
3.128873	1.6335089E-004
3.129881	1.6946126E-004
3.13089	1.7509809E-004
3.131898	1.8020900E-004
3.132907	1.8474518E-004
3.133915	1.8866219E-004
3.134924	1.9192068E-004
3.135932	1.9448651E-004
3.136941	1.9633163E-004
3.137949	1.9743435E-004
3.138958	1.9777974E-004
3.139966	1.9736022E-004
3.140975	1.9617536E-004
3.141983	1.9423237E-004
3.142992	1.9154609E-004
3.144	1.8813895E-004
3.145009	1.8404055E-004
3.146017	1.7928783E-004
3.147025	1.7392433E-004
3.148034	1.6799966E-004
3.149042	1.6156910E-004
3.150051	1.5469265E-004
3.151059	1.4743414E-004
3.152068	1.3986090E-004
3.153076	1.3204214E-004
3.154085	1.2404841E-004
3.155093	1.1595081E-004
3.156102	1.0781963E-004
3.15711	9.9723817E-005
3.158119	9.1729780E-005
3.159127	8.3900770E-005
3.160136	7.6296106E-005
3.161144	6.8970097E-005
3.162153	6.1971885E-005
3.163161	5.5344481E-005
3.16417	4.9124501E-005
3.165178	4.3341777E-005
3.166186	3.8019047E-005
3.167195	3.3172018E-005
3.168203	2.8809211E-005
3.169212	2.4932217E-005
3.17022	2.1535967E-005
3.171229	1.8609066E-005
3.172237	1.6134336E-005
3.173246	1.4089347E-005
3.174254	1.2447097E-005
3.175263	1.1176689E-005
3.176271	1.0244105E-005
3.17728	9.6129452E-006
3.178288	9.2452465E-006
3.179296	9.1022257E-006
3.180305	9.1450593E-006
3.181314	9.3355757E-006
3.182322	9.6369422E-006
3.183331	1.0014270E-005
3.184339	1.0435126E-005
3.185348	1.0870023E-005
3.186356	1.1292763E-005
3.187364	1.1680728E-005
3.188373	1.2015040E-005
3.189381	1.2280687E-005
3.19039	1.2466492E-005
3.191398	1.2565045E-005
3.192407	1.2572539E-005
3.193415	1.2488517E-005
3.194424	1.2315595E-005
3.195432	1.2059105E-005
3.196441	1.1726701E-005
3.197449	1.1327966E-005
3.198458	1.0873964E-005
3.199466	1.0376801E-005
3.200475	9.8492210E-006
3.201483	9.3041590E-006
3.202492	8.7543676E-006
3.2035	8.2120659E-006
3.204509	7.6886117E-006
3.205517	7.1942236E-006
3.206525	6.7377810E-006
3.207534	6.3266298E-006
3.208542	5.9664835E-006
3.209551	5.6613435E-006
3.210559	5.4135071E-006
3.211568	5.2235941E-006
3.212576	5.0906297E-006
3.213585	5.0121680E-006
3.214593	4.9844493E-006
3.215602	5.0025824E-006
3.21661	5.0607518E-006
3.217619	5.1524266E-006
3.218627	5.2705936E-006
3.219635	5.4079742E-006
3.220644	5.5572459E-006
3.221653	5.7112511E-006
3.222661	5.8631740E-006
3.22367	6.0067268E-006
3.224678	6.1362734E-006
3.225687	6.2469639E-006
3.226695	6.3348057E-006
3.227703	6.3967359E-006
3.228712	6.4306414E-006
3.22972	6.4353608E-006
3.230729	6.4106680E-006
3.231737	6.3572074E-006
3.232746	6.2764366E-006
3.233754	6.1705409E-006
3.234763	6.0423131E-006
3.235771	5.8950573E-006
3.23678	5.7324701E-006
3.237788	5.5585028E-006
3.238797	5.3772542E-006
3.239805	5.1928464E-006
3.240813	5.0093026E-006
3.241822	4.8304610E-006
3.242831	4.6598639E-006
3.243839	4.5006900E-006
3.244848	4.3556811E-006
3.245856	4.2270940E-006
3.246864	4.1166618E-006
3.247873	4.0255804E-006
3.248881	3.9544975E-006
3.24989	3.9035231E-006
3.250898	3.8722533E-006
3.251907	3.8598014E-006
3.252915	3.8648495E-006
3.253924	3.8856920E-006
3.254932	3.9203010E-006
3.255941	3.9663896E-006
3.256949	4.0214818E-006
3.257958	4.0829723E-006
3.258966	4.1482076E-006
3.259974	4.2145439E-006
3.260983	4.2794159E-006
3.261992	4.3403920E-006
3.263	4.3952273E-006
3.264009	4.4419189E-006
3.265017	4.4787325E-006
3.266025	4.5042484E-006
3.267034	4.5173788E-006
3.268042	4.5173811E-006
3.269051	4.5038755E-006
3.270059	4.4768340E-006
3.271068	4.4365765E-006
3.272076	4.3837599E-006
3.273085	4.3193472E-006
3.274093	4.2445809E-006
3.275102	4.1609537E-006
3.27611	4.0701620E-006
3.277119	3.9740639E-006
3.278127	3.8746311E-006
3.279136	3.7739028E-006
3.280144	3.6739345E-006
3.281152	3.5767455E-006
3.282161	3.4842694E-006
3.28317	3.3983094E-006
3.284178	3.3204892E-006
3.285187	3.2522198E-006
3.286195	3.1946574E-006
3.287203	3.1486793E-006
3.288212	3.1148600E-006
3.28922	3.0934577E-006
3.290229	3.0844051E-006
3.291237	3.0873146E-006
3.292246	3.1014818E-006
3.293254	3.1259069E-006
3.294263	3.1593183E-006
3.295271	3.2002060E-006
3.29628	3.2468583E-006
3.297288	3.2974087E-006
3.298297	3.3498845E-006
3.299305	3.4022562E-006
3.300313	3.4525001E-006
3.301322	3.4986483E-006
3.30233	3.5388437E-006
3.303339	3.5713947E-006
3.304348	3.5948235E-006
3.305356	3.6079075E-006
3.306364	3.6097179E-006
3.307373	3.5996484E-006
3.308381	3.5774367E-006
3.30939	3.5431731E-006
3.310398	3.4973020E-006
3.311407	3.4406137E-006
3.312415	3.3742235E-006
3.313424	3.2995426E-006
3.314432	3.2182395E-006
3.315441	3.1321879E-006
3.316449	3.0434205E-006
3.317458	2.9540633E-006
3.318466	2.8662780E-006
3.319474	2.7821911E-006
3.320483	2.7038320E-006
3.321491	2.6330752E-006
3.3225	2.5715735E-006
3.323509	2.5207169E-006
3.324517	2.4815799E-006
3.325526	2.4548876E-006
3.326534	2.4409967E-006
3.327542	2.4398755E-006
3.328551	2.4511007E-006
3.329559	2.4738736E-006
3.330568	2.5070376E-006
3.331576	2.5491106E-006
3.332585	2.5983309E-006
3.333593	2.6527064E-006
3.334602	2.7100793E-006
3.33561	2.7681881E-006
3.336619	2.8247396E-006
3.337627	2.8774803E-006
3.338636	2.9242656E-006
3.339644	2.9631326E-006
3.340652	2.9923558E-006
3.341661	3.0105105E-006
3.342669	3.0165133E-006
3.343678	3.0096628E-006
3.344687	2.9896635E-006
3.345695	2.9566370E-006
3.346703	2.9111177E-006
3.347712	2.8540433E-006
3.34872	2.7867229E-006
3.349729	2.7108008E-006
3.350737	2.6282000E-006
3.351746	2.5410673E-006
3.352754	2.4517033E-006
3.353763	2.3624859E-006
3.354771	2.2758013E-006
3.35578	2.1939609E-006
3.356788	2.1191299E-006
3.357797	2.0532559E-006
3.358805	1.9980068E-006
3.359813	1.9547153E-006
3.360822	1.9243350E-006
3.36183	1.9074075E-006
3.362839	1.9040449E-006
3.363847	1.9139231E-006
3.364856	1.9362922E-006
3.365865	1.9699980E-006
3.366873	2.0135187E-006
3.367881	2.0650152E-006
3.36889	2.1223841E-006
3.369898	2.1833323E-006
3.370907	2.2454458E-006
3.371915	2.3062717E-006
3.372924	2.3633947E-006
3.373932	2.4145215E-006
3.374941	2.4575502E-006
3.375949	2.4906390E-006
3.376958	2.5122754E-006
3.377966	2.5213164E-006
3.378975	2.5170325E-006
3.379983	2.4991289E-006
3.380991	2.4677597E-006
3.382	2.4235187E-006
3.383008	2.3674259E-006
3.384017	2.3008899E-006
3.385026	2.2256638E-006
3.386034	2.1437888E-006
3.387042	2.0575280E-006
3.388051	1.9692861E-006
3.389059	1.8815368E-006
3.390068	1.7967384E-006
3.391076	1.7172522E-006
3.392085	1.6452650E-006
3.393093	1.5827165E-006
3.394102	1.5312365E-006
3.39511	1.4920901E-006
3.396119	1.4661344E-006
3.397127	1.4537950E-006
3.398136	1.4550488E-006
3.399144	1.4694257E-006
3.400152	1.4960250E-006
3.401161	1.5335456E-006
3.402169	1.5803298E-006
3.403178	1.6344180E-006
3.404186	1.6936145E-006
3.405195	1.7555599E-006
3.406204	1.8178084E-006
3.407212	1.8779124E-006
3.40822	1.9334977E-006
3.409229	1.9823465E-006
3.410237	2.0224704E-006
3.411246	2.0521707E-006
3.412254	2.0701023E-006
3.413263	2.0753091E-006
3.414271	2.0672639E-006
3.41528	2.0458776E-006
3.416288	2.0115065E-006
3.417297	1.9649367E-006
3.418305	1.9073602E-006
3.419314	1.8403312E-006
3.420322	1.7657169E-006
3.42133	1.6856314E-006
3.422339	1.6023670E-006
3.423347	1.5183156E-006
3.424356	1.4358919E-006
3.425364	1.3574479E-006
3.426373	1.2851992E-006
3.427381	1.2211499E-006
3.42839	1.1670251E-006
3.429398	1.1242162E-006
3.430407	1.0937350E-006
3.431415	1.0761805E-006
3.432424	1.0717216E-006
3.433432	1.0800912E-006
3.434441	1.1005972E-006
3.435449	1.1321480E-006
3.436458	1.1732898E-006
3.437466	1.2222555E-006
3.438475	1.2770267E-006
3.439483	1.3354004E-006
3.440491	1.3950644E-006
3.4415	1.4536746E-006
3.442508	1.5089327E-006
3.443517	1.5586641E-006
3.444525	1.6008905E-006
3.445534	1.6338929E-006
3.446542	1.6562699E-006
3.447551	1.6669834E-006
3.448559	1.6653910E-006
3.449568	1.6512652E-006
3.450576	1.6248014E-006
3.451585	1.5866068E-006
3.452593	1.5376792E-006
3.453602	1.4793709E-006
3.45461	1.4133427E-006
3.455619	1.3415059E-006
3.456627	1.2659572E-006
3.457636	1.1889069E-006
3.458644	1.1126067E-006
3.459652	1.0392704E-006
3.460661	9.7100337E-007
3.461669	9.0973140E-007
3.462678	8.5713657E-007
3.463686	8.1460240E-007
3.464695	7.8316924E-007
3.465703	7.6350176E-007
3.466712	7.5586655E-007
3.46772	7.6012788E-007
3.468729	7.7575226E-007
3.469737	8.0183025E-007
3.470746	8.3710819E-007
3.471754	8.8003367E-007
3.472763	9.2880776E-007
3.473771	9.8144960E-007
3.47478	1.0358625E-006
3.475788	1.0899063E-006
3.476797	1.1414686E-006
3.477805	1.1885380E-006
3.478814	1.2292685E-006
3.479822	1.2620415E-006
3.48083	1.2855193E-006
3.481839	1.2986873E-006
3.482847	1.3008859E-006
3.483856	1.2918306E-006
3.484864	1.2716190E-006
3.485873	1.2407246E-006
3.486881	1.1999765E-006
3.48789	1.1505325E-006
3.488898	1.0938339E-006
3.489907	1.0315574E-006
3.490915	9.6555561E-007
3.491924	8.9779280E-007
3.492932	8.3027862E-007
3.493941	7.6499924E-007
3.494949	7.0385056E-007
3.495958	6.4857591E-007
3.496966	6.0070624E-007
3.497975	5.6151327E-007
3.498983	5.3196686E-007
3.499991	5.1270541E-007
3.501	5.0401798E-007
3.502008	5.0583714E-007
3.503017	5.1774441E-007
3.504025	5.3898697E-007
3.505034	5.6850735E-007
3.506042	6.0497979E-007
3.507051	6.4685946E-007
3.508059	6.9243328E-007
3.509068	7.3988315E-007
3.510076	7.8734490E-007
3.511085	8.3297351E-007
3.512093	8.7500604E-007
3.513102	9.1181823E-007
3.51411	9.4198123E-007
3.515119	9.6430608E-007
3.516127	9.7788256E-007
3.517136	9.8210694E-007
3.518144	9.7669988E-007
3.519153	9.6171198E-007
3.520161	9.3751771E-007
3.521169	9.0480063E-007
3.522178	8.6452593E-007
3.523186	8.1790512E-007
3.524195	7.6635098E-007
3.525203	7.1142949E-007
3.526212	6.5480333E-007
3.52722	5.9817461E-007
3.528229	5.4322868E-007
3.529237	4.9157427E-007
3.530246	4.4469297E-007
3.531254	4.0388798E-007
3.532263	3.7024427E-007
3.533271	3.4459254E-007
3.53428	3.2748540E-007
3.535288	3.1918191E-007
3.536297	3.1964163E-007
3.537305	3.2853077E-007
3.538314	3.4523617E-007
3.539322	3.6889006E-007
3.54033	3.9840259E-007
3.541339	4.3250208E-007
3.542347	4.6977951E-007
3.543356	5.0873939E-007
3.544364	5.4785073E-007
3.545373	5.8560056E-007
3.546381	6.2054426E-007
3.54739	6.5135362E-007
3.548398	6.7686221E-007
3.549407	6.9610059E-007
3.550415	7.0832732E-007
3.551424	7.1305186E-007
3.552432	7.1004678E-007
3.553441	6.9935095E-007
3.554449	6.8126633E-007
3.555458	6.5634208E-007
3.556466	6.2535315E-007
3.557475	5.8926935E-007
3.558483	5.4922049E-007
3.559492	5.0645480E-007
3.5605	4.6229496E-007
3.561508	4.1809105E-007
3.562517	3.7517430E-007
3.563525	3.3481231E-007
3.564534	2.9816619E-007
3.565542	2.6625284E-007
3.566551	2.3991279E-007
3.567559	2.1978380E-007
3.568568	2.0628347E-007
3.569576	1.9959782E-007
3.570585	1.9967953E-007
3.571593	2.0625339E-007
3.572602	2.1882988E-007
3.57361	2.3672582E-007
3.574619	2.5909088E-007
3.575627	2.8494000E-007
3.576636	3.1318973E-007
3.577644	3.4269698E-007
3.578653	3.7229916E-007
3.579661	4.0085524E-007
3.580669	4.2728433E-007
3.581678	4.5060142E-007
3.582686	4.6995009E-007
3.583695	4.8462931E-007
3.584703	4.9411420E-007
3.585712	4.9807187E-007
3.58672	4.9636697E-007
3.587729	4.8906395E-007
3.588737	4.7642067E-007
3.589746	4.5887313E-007
3.590754	4.3701934E-007
3.591763	4.1159316E-007
3.592771	3.8343629E-007
3.59378	3.5346656E-007
3.594788	3.2264430E-007
3.595797	2.9193791E-007
3.596805	2.6228932E-007
3.597814	2.3458283E-007
3.598822	2.0961471E-007
3.599831	1.8806770E-007
3.600839	1.7049008E-007
3.601847	1.5727967E-007
3.602856	1.4867362E-007
3.603864	1.4474448E-007
3.604873	1.4540159E-007
3.605881	1.5039883E-007
3.60689	1.5934742E-007
3.607898	1.7173350E-007
3.608907	1.8693973E-007
3.609915	2.0427026E-007
3.610924	2.2297762E-007
3.611932	2.4229070E-007
3.612941	2.6144298E-007
3.613949	2.7970029E-007
3.614958	2.9638528E-007
3.615966	3.1090039E-007
3.616975	3.2274698E-007
3.617983	3.3154001E-007
3.618992	3.3701849E-007
3.62	3.3905022E-007
3.621008	3.3763325E-007
3.622017	3.3289109E-007
3.623025	3.2506381E-007
3.624034	3.1449551E-007
3.625042	3.0161789E-007
3.626051	2.8693125E-007
3.627059	2.7098332E-007
3.628068	2.5434733E-007
3.629076	2.3759996E-007
3.630085	2.2129888E-007
3.631093	2.0596320E-007
3.632102	1.9205490E-007
3.63311	1.7996396E-007
3.634119	1.6999600E-007
3.635127	1.6236406E-007
3.636136	1.5718453E-007
3.637144	1.5447620E-007
3.638153	1.5416390E-007
3.639161	1.5608542E-007
3.640169	1.6000183E-007
3.641178	1.6561015E-007
3.642186	1.7255833E-007
3.643195	1.8046212E-007
3.644203	1.8892186E-007
3.645212	1.9753998E-007
3.64622	2.0593721E-007
3.647229	2.1376806E-007
3.648237	2.2073399E-007
3.649246	2.2659383E-007
3.650254	2.3117207E-007
3.651263	2.3436361E-007
3.652271	2.3613495E-007
3.65328	2.3652301E-007
3.654288	2.3563003E-007
3.655297	2.3361613E-007
3.656305	2.3068957E-007
3.657314	2.2709435E-007
3.658322	2.2309767E-007
3.659331	2.1897530E-007
3.660339	2.1499795E-007
3.661347	2.1141753E-007
3.662356	2.0845474E-007
3.663364	2.0628845E-007
3.664373	2.0504726E-007
3.665381	2.0480324E-007
3.66639	2.0556902E-007
3.667398	2.0729759E-007
3.668407	2.0988460E-007
3.669415	2.1317439E-007
3.670424	2.1696772E-007
3.671432	2.2103224E-007
3.672441	2.2511423E-007
3.673449	2.2895210E-007
3.674458	2.3228991E-007
3.675466	2.3489137E-007
3.676475	2.3655258E-007
3.677483	2.3711442E-007
3.678492	2.3647192E-007
3.6795	2.3458198E-007
3.680508	2.3146863E-007
3.681517	2.2722412E-007
3.682525	2.2200818E-007
3.683534	2.1604329E-007
3.684542	2.0960667E-007
3.685551	2.0302001E-007
3.686559	1.9663690E-007
3.687568	1.9082731E-007
3.688576	1.8596202E-007
3.689585	1.8239575E-007
3.690593	1.8045004E-007
3.691602	1.8039806E-007
3.69261	1.8244955E-007
3.693619	1.8673865E-007
3.694627	1.9331466E-007
3.695636	2.0213547E-007
3.696644	2.1306498E-007
3.697653	2.2587398E-007
3.698661	2.4024536E-007
3.69967	2.5578294E-007
3.700678	2.7202384E-007
3.701686	2.8845412E-007
3.702695	3.0452694E-007
3.703703	3.1968352E-007
3.704712	3.3337383E-007
3.70572	3.4508034E-007
3.706729	3.5433823E-007
3.707737	3.6075687E-007
3.708746	3.6403790E-007
3.709754	3.6399109E-007
3.710763	3.6054576E-007
3.711771	3.5375840E-007
3.71278	3.4381654E-007
3.713788	3.3103495E-007
3.714797	3.1585046E-007
3.715805	2.9880900E-007
3.716814	2.8054930E-007
3.717822	2.6178202E-007
3.718831	2.4326607E-007
3.719839	2.2578187E-007
3.720847	2.1010284E-007
3.721856	1.9696631E-007
3.722864	1.8704537E-007
3.723873	1.8092130E-007
3.724881	1.7905974E-007
3.72589	1.8178886E-007
3.726898	1.8928360E-007
3.727907	2.0155370E-007
3.728915	2.1843846E-007
3.729924	2.3960700E-007
3.730932	2.6456499E-007
3.731941	2.9266712E-007
3.732949	3.2313685E-007
3.733958	3.5508918E-007
3.734966	3.8756045E-007
3.735975	4.1954036E-007
3.736983	4.5000687E-007
3.737992	4.7796266E-007
3.739	5.0247229E-007
3.740009	5.2269633E-007
3.741017	5.3792547E-007
3.742025	5.4760829E-007
3.743034	5.5137673E-007
3.744042	5.4906224E-007
3.745051	5.4070955E-007
3.746059	5.2657833E-007
3.747068	5.0714152E-007
3.748076	4.8307334E-007
3.749085	4.5522953E-007
3.750093	4.2462335E-007
3.751102	3.9239222E-007
3.75211	3.5976089E-007
3.753119	3.2800028E-007
3.754127	2.9838381E-007
3.755136	2.7214179E-007
3.756144	2.5041743E-007
3.757153	2.3422471E-007
3.758161	2.2440904E-007
3.75917	2.2161426E-007
3.760178	2.2625512E-007
3.761186	2.3849788E-007
3.762195	2.5824875E-007
3.763203	2.8515134E-007
3.764212	3.1859375E-007
3.76522	3.5772396E-007
3.766229	4.0147458E-007
3.767237	4.4859556E-007
3.768246	4.9769341E-007
3.769254	5.4727724E-007
3.770263	5.9580867E-007
3.771271	6.4175379E-007
3.77228	6.8363738E-007
3.773288	7.2009578E-007
3.774297	7.4992528E-007
3.775305	7.7212991E-007
3.776314	7.8595775E-007
3.777322	7.9093451E-007
3.778331	7.8688339E-007
3.779339	7.7393929E-007
3.780347	7.5254962E-007
3.781356	7.2346342E-007
3.782364	6.8771334E-007
3.783373	6.4658366E-007
3.784381	6.0157055E-007
3.78539	5.5433514E-007
3.786398	5.0664590E-007
3.787407	4.6032264E-007
3.788415	4.1717186E-007
3.789424	3.7892443E-007
3.790432	3.4717527E-007
3.791441	3.2332429E-007
3.792449	3.0852533E-007
3.793458	3.0364257E-007
3.794466	3.0921487E-007
3.795475	3.2543213E-007
3.796483	3.5212244E-007
3.797492	3.8875191E-007
3.7985	4.3443683E-007
3.799509	4.8796784E-007
3.800517	5.4784653E-007
3.801525	6.1233152E-007
3.802534	6.7949446E-007
3.803542	7.4728393E-007
3.804551	8.1359349E-007
3.805559	8.7633219E-007
3.806568	9.3349973E-007
3.807576	9.8325461E-007
3.808585	1.0239786E-006
3.809593	1.0543403E-006
3.810602	1.0733422E-006
3.81161	1.0803608E-006
3.812619	1.0751753E-006
3.813627	1.0579813E-006
3.814636	1.0293898E-006
3.815644	9.9041358E-007
3.816653	9.4244001E-007
3.817661	8.8718753E-007
3.81867	8.2665440E-007
3.819678	7.6305201E-007
3.820686	6.9873283E-007
3.821695	6.3611265E-007
3.822703	5.7758825E-007
3.823712	5.2545323E-007
3.82472	4.8181829E-007
3.825729	4.4853567E-007
3.826737	4.2713185E-007
3.827746	4.1874935E-007
3.828754	4.2410255E-007
3.829763	4.4344637E-007
3.830771	4.7656141E-007
3.83178	5.2275465E-007
3.832788	5.8087733E-007
3.833797	6.4935625E-007
3.834805	7.2624391E-007
3.835814	8.0927930E-007
3.836822	8.9596006E-007
3.837831	9.8362648E-007
3.838839	1.0695483E-006
3.839848	1.1510190E-006
3.840856	1.2254449E-006
3.841864	1.2904395E-006
3.842873	1.3439055E-006
3.843881	1.3841081E-006
3.84489	1.4097451E-006
3.845898	1.4199906E-006
3.846907	1.4145335E-006
3.847915	1.3935978E-006
3.848924	1.3579354E-006
3.849932	1.3088139E-006
3.850941	1.2479808E-006
3.851949	1.1776045E-006
3.852958	1.1002135E-006
3.853966	1.0186088E-006
3.854975	9.3577779E-007
3.855983	8.5478678E-007
3.856992	7.7868532E-007
3.858	7.1039665E-007
3.859009	6.5261878E-007
3.860017	6.0772788E-007
3.861025	5.7769444E-007
3.862034	5.6400933E-007
3.863042	5.6762883E-007
3.864051	5.8893386E-007
3.865059	6.2770931E-007
3.866068	6.8314461E-007
3.867076	7.5385276E-007
3.868085	8.3790985E-007
3.869093	9.3291408E-007
3.870102	1.0360606E-006
3.87111	1.1442320E-006
3.872119	1.2541001E-006
3.873127	1.3622371E-006
3.874135	1.4652309E-006
3.875144	1.5598009E-006
3.876153	1.6429127E-006
3.877161	1.7118845E-006
3.87817	1.7644821E-006
3.879178	1.7990019E-006
3.880187	1.8143350E-006
3.881195	1.8100133E-006
3.882203	1.7862318E-006
3.883212	1.7438529E-006
3.88422	1.6843811E-006
3.885229	1.6099253E-006
3.886237	1.5231298E-006
3.887246	1.4270939E-006
3.888254	1.3252703E-006
3.889263	1.2213530E-006
3.890271	1.1191546E-006
3.89128	1.0224782E-006
3.892288	9.3498733E-007
3.893297	8.6008055E-007
3.894305	8.0077331E-007
3.895314	7.5958940E-007
3.896322	7.3847150E-007
3.897331	7.3870575E-007
3.898339	7.6087269E-007
3.899348	8.0481857E-007
3.900356	8.6965014E-007
3.901364	9.5375867E-007
3.902373	1.0548645E-006
3.903381	1.1700853E-006
3.90439	1.2960260E-006
3.905398	1.4288901E-006
3.906407	1.5645988E-006
3.907415	1.6989280E-006
3.908424	1.8276480E-006
3.909432	1.9466684E-006
3.910441	2.0521754E-006
3.911449	2.1407693E-006
3.912458	2.2095778E-006
3.913466	2.2563693E-006
3.914474	2.2796280E-006
3.915483	2.2786223E-006
3.916492	2.2534330E-006
3.9175	2.2049669E-006
3.918509	2.1349294E-006
3.919517	2.0457819E-006
3.920525	1.9406637E-006
3.921534	1.8233014E-006
3.922542	1.6978760E-006
3.923551	1.5688995E-006
3.924559	1.4410613E-006
3.925568	1.3190682E-006
3.926576	1.2074925E-006
3.927585	1.1106118E-006
3.928593	1.0322605E-006
3.929602	9.7569819E-007
3.93061	9.4348985E-007
3.931619	9.3741301E-007
3.932627	9.5838755E-007
3.933636	1.0064343E-006
3.934644	1.0806634E-006
3.935652	1.1792932E-006
3.936661	1.2996985E-006
3.93767	1.4384885E-006
3.938678	1.5916114E-006
3.939687	1.7544845E-006
3.940695	1.9221377E-006
3.941703	2.0893797E-006
3.942712	2.2509694E-006
3.94372	2.4017916E-006
3.944729	2.5370323E-006
3.945737	2.6523414E-006
3.946746	2.7439935E-006
3.947754	2.8090128E-006
3.948763	2.8452887E-006
3.949771	2.8516552E-006
3.95078	2.8279444E-006
3.951788	2.7750052E-006
3.952797	2.6946811E-006
3.953805	2.5897718E-006
3.954813	2.4639389E-006
3.955822	2.3216035E-006
3.956831	2.1678038E-006
3.957839	2.0080311E-006
3.958848	1.8480557E-006
3.959856	1.6937322E-006
3.960864	1.5508083E-006
3.961873	1.4247279E-006
3.962881	1.3204434E-006
3.96389	1.2422454E-006
3.964898	1.1936061E-006
3.965907	1.1770552E-006
3.966915	1.1940776E-006
3.967924	1.2450528E-006
3.968932	1.3292237E-006
3.969941	1.4447112E-006
3.970949	1.5885572E-006
3.971958	1.7568134E-006
3.972966	1.9446602E-006
3.973974	2.1465569E-006
3.974983	2.3564194E-006
3.975991	2.5678178E-006
3.977	2.7741876E-006
3.978009	2.9690514E-006
3.979017	3.1462321E-006
3.980026	3.3000688E-006
3.981034	3.4256107E-006
3.982042	3.5187943E-006
3.983051	3.5765888E-006
3.984059	3.5971143E-006
3.985068	3.5797179E-006
3.986076	3.5250148E-006
3.987085	3.4348859E-006
3.988093	3.3124311E-006
3.989102	3.1618879E-006
3.99011	2.9885011E-006
3.991119	2.7983676E-006
3.992127	2.5982433E-006
3.993136	2.3953262E-006
3.994144	2.1970220E-006
3.995152	2.0107043E-006
3.996161	1.8434596E-006
3.997169	1.7018526E-006
3.998178	1.5916953E-006
3.999187	1.5178424E-006
4.000195	1.4840142E-006
4.001204	1.4926554E-006
4.002212	1.5448367E-006
4.003221	1.6401943E-006
4.004229	1.7769235E-006
4.005237	1.9518159E-006
4.006246	2.1603437E-006
4.007254	2.3967946E-006
4.008263	2.6544362E-006
4.009271	2.9257330E-006
4.01028	3.2025775E-006
4.011288	3.4765530E-006
4.012297	3.7392119E-006
4.013305	3.9823535E-006
4.014314	4.1983035E-006
4.015322	4.3801765E-006
4.016331	4.5221200E-006
4.017339	4.6195278E-006
4.018347	4.6692189E-006
4.019356	4.6695586E-006
4.020364	4.6205496E-006
4.021373	4.5238530E-006
4.022381	4.3827690E-006
4.02339	4.2021466E-006
4.024398	3.9882570E-006
4.025407	3.7486100E-006
4.026415	3.4917164E-006
4.027424	3.2268370E-006
4.028432	2.9636772E-006
4.029441	2.7120834E-006
4.030449	2.4817118E-006
4.031457	2.2817105E-006
4.032466	2.1204087E-006
4.033474	2.0050193E-006
4.034483	1.9413926E-006
4.035491	1.9337845E-006
4.0365	1.9846927E-006
4.037508	2.0947405E-006
4.038517	2.2626166E-006
4.039526	2.4850808E-006
4.040534	2.7570331E-006
4.041543	3.0716503E-006
4.042551	3.4205684E-006
4.04356	3.7941343E-006
4.044568	4.1816993E-006
4.045576	4.5719494E-006
4.046585	4.9532600E-006
4.047593	5.3140880E-006
4.048602	5.6433405E-006
4.04961	5.9307613E-006
4.050619	6.1672781E-006
4.051627	6.3453367E-006
4.052636	6.4591800E-006
4.053644	6.5050817E-006
4.054653	6.4815099E-006
4.055661	6.3892307E-006
4.05667	6.2313502E-006
4.057678	6.0132465E-006
4.058686	5.7424609E-006
4.059695	5.4285006E-006
4.060703	5.0825756E-006
4.061712	4.7172593E-006
4.06272	4.3461332E-006
4.063729	3.9833471E-006
4.064737	3.6431875E-006
4.065746	3.3396007E-006
4.066754	3.0857439E-006
4.067763	2.8935326E-006
4.068771	2.7732210E-006
4.06978	2.7330300E-006
4.070788	2.7788287E-006
4.071796	2.9138789E-006
4.072805	3.1386594E-006
4.073813	3.4507802E-006
4.074822	3.8449757E-006
4.07583	4.3131968E-006
4.076839	4.8447919E-006
4.077847	5.4267798E-006
4.078856	6.0442039E-006
4.079865	6.6805587E-006
4.080873	7.3182823E-006
4.081882	7.9392930E-006
4.08289	8.5255706E-006
4.083898	9.0597368E-006
4.084907	9.5256501E-006
4.085915	9.9089748E-006
4.086924	1.0197702E-005
4.087932	1.0382620E-005
4.088941	1.0457725E-005
4.089949	1.0420506E-005
4.090958	1.0272180E-005
4.091966	1.0017765E-005
4.092975	9.6660888E-006
4.093983	9.2296286E-006
4.094992	8.7242806E-006
4.096	8.1689604E-006
4.097009	7.5851708E-006
4.098017	6.9963794E-006
4.099025	6.4274004E-006
4.100034	5.9036506E-006
4.101042	5.4503862E-006
4.102051	5.0918907E-006
4.103059	4.8506986E-006
4.104068	4.7467815E-006
4.105076	4.7968433E-006
4.106085	5.0136350E-006
4.107093	5.4053926E-006
4.108102	5.9753797E-006
4.10911	6.7215665E-006
4.110119	7.6364404E-006
4.111127	8.7070093E-006
4.112135	9.9149374E-006
4.113144	1.1236870E-005
4.114152	1.2644923E-005
4.115161	1.4107325E-005
4.116169	1.5589243E-005
4.117178	1.7053682E-005
4.118186	1.8462601E-005
4.119195	1.9777990E-005
4.120203	2.0963194E-005
4.121212	2.1984055E-005
4.122221	2.2810302E-005
4.123229	2.3416711E-005
4.124237	2.3784365E-005
4.125246	2.3901681E-005
4.126254	2.3765435E-005
4.127263	2.3381583E-005
4.128271	2.2765880E-005
4.12928	2.1944345E-005
4.130288	2.0953436E-005
4.131297	1.9840105E-005
4.132305	1.8661489E-005
4.133314	1.7484359E-005
4.134322	1.6384452E-005
4.135331	1.5445366E-005
4.136339	1.4757381E-005
4.137347	1.4415979E-005
4.138356	1.4520228E-005
4.139364	1.5170944E-005
4.140373	1.6468803E-005
4.141381	1.8512284E-005
4.14239	2.1395617E-005
4.143398	2.5206713E-005
4.144407	3.0025072E-005
4.145415	3.5919846E-005
4.146424	4.2947930E-005
4.147432	5.1152314E-005
4.148441	6.0560542E-005
4.149449	7.1183364E-005
4.150458	8.3013801E-005
4.151466	9.6026430E-005
4.152474	1.1017684E-004
4.153483	1.2540170E-004
4.154491	1.4161895E-004
4.1555	1.5872836E-004
4.156508	1.7661270E-004
4.157517	1.9513874E-004
4.158525	2.1415882E-004
4.159534	2.3351295E-004
4.160542	2.5303071E-004
4.161551	2.7253336E-004
4.16256	2.9183686E-004
4.163568	3.1075356E-004
4.164576	3.2909558E-004
4.165585	3.4667767E-004
4.166593	3.6331860E-004
4.167602	3.7884529E-004
4.16861	3.9309438E-004
4.169619	4.0591505E-004
4.170627	4.1717087E-004
4.171636	4.2674222E-004
4.172644	4.3452744E-004
4.173653	4.4044454E-004
4.174661	4.4443246E-004
4.17567	4.4645177E-004
4.176678	4.4648527E-004
4.177686	4.4453776E-004
4.178695	4.4063648E-004
4.179703	4.3483055E-004
4.180712	4.2718902E-004
4.18172	4.1780129E-004
4.182729	4.0677469E-004
4.183737	3.9423312E-004
4.184746	3.8031460E-004
4.185754	3.6516984E-004
4.186763	3.4895964E-004
4.187771	3.3185183E-004
4.18878	3.1402020E-004
4.189788	2.9564096E-004
4.190796	2.7689055E-004
4.191805	2.5794341E-004
4.192813	2.3896962E-004
4.193822	2.2013263E-004
4.19483	2.0158748E-004
4.195839	1.8347896E-004
4.196847	1.6593969E-004
4.197856	1.4908929E-004
4.198864	1.3303272E-004
4.199873	1.1785985E-004
4.200881	1.0364464E-004
4.20189	9.0444788E-005
4.202899	7.8301957E-005
4.203907	6.7241694E-005
4.204915	5.7274152E-005
4.205924	4.8394610E-005
4.206932	4.0584502E-005
4.207941	3.3812572E-005
4.208949	2.8035944E-005
4.209958	2.3201706E-005
4.210966	1.9248269E-005
4.211975	1.6106927E-005
4.212983	1.3703461E-005
4.213992	1.1959694E-005
4.215	1.0795056E-005
4.216009	1.0128116E-005
4.217017	9.8780065E-006
4.218025	9.9657782E-006
4.219034	1.0315650E-005
4.220042	1.0856083E-005
4.221051	1.1520764E-005
4.222059	1.2249371E-005
4.223068	1.2988205E-005
4.224076	1.3690662E-005
4.225085	1.4317500E-005
4.226093	1.4836975E-005
4.227102	1.5224776E-005
4.22811	1.5463864E-005
4.229119	1.5544150E-005
4.230127	1.5462017E-005
4.231135	1.5219797E-005
4.232144	1.4825128E-005
4.233152	1.4290232E-005
4.234161	1.3631156E-005
4.235169	1.2866969E-005
4.236178	1.2018982E-005
4.237186	1.1109909E-005
4.238195	1.0163129E-005
4.239203	9.2019318E-006
4.240212	8.2488468E-006
4.24122	7.3250399E-006
4.242229	6.4497799E-006
4.243237	5.6400004E-006
4.244246	4.9099558E-006
4.245254	4.2709617E-006
4.246263	3.7312445E-006
4.247271	3.2958678E-006
4.24828	2.9667717E-006
4.249288	2.7428755E-006
4.250297	2.6202708E-006
4.251305	2.5924751E-006
4.252314	2.6507482E-006
4.253322	2.7844510E-006
4.254331	2.9814428E-006
4.255339	3.2284991E-006
4.256348	3.5117380E-006
4.257356	3.8170515E-006
4.258364	4.1305157E-006
4.259373	4.4387812E-006
4.260381	4.7294307E-006
4.26139	4.9912883E-006
4.262398	5.2146925E-006
4.263407	5.3916933E-006
4.264415	5.5162136E-006
4.265424	5.5841356E-006
4.266432	5.5933292E-006
4.267441	5.5436290E-006
4.268449	5.4367488E-006
4.269458	5.2761434E-006
4.270466	5.0668373E-006
4.271474	4.8152033E-006
4.272483	4.5287170E-006
4.273491	4.2156844E-006
4.2745	3.8849635E-006
4.275508	3.5456742E-006
4.276517	3.2069024E-006
4.277525	2.8774384E-006
4.278534	2.5655115E-006
4.279542	2.2785614E-006
4.280551	2.0230384E-006
4.281559	1.8042431E-006
4.282568	1.6262027E-006
4.283576	1.4915912E-006
4.284585	1.4016956E-006
4.285593	1.3564190E-006
4.286602	1.3543322E-006
4.28761	1.3927568E-006
4.288619	1.4678911E-006
4.289627	1.5749570E-006
4.290636	1.7083780E-006
4.291644	1.8619743E-006
4.292653	2.0291698E-006
4.293661	2.2032029E-006
4.29467	2.3773443E-006
4.295678	2.5450945E-006
4.296687	2.7003841E-006
4.297695	2.8377415E-006
4.298703	2.9524424E-006
4.299712	3.0406372E-006
4.30072	3.0994413E-006
4.301729	3.1269942E-006
4.302737	3.1224909E-006
4.303746	3.0861690E-006
4.304754	3.0192814E-006
4.305763	2.9240218E-006
4.306771	2.8034312E-006
4.30778	2.6612786E-006
4.308788	2.5019276E-006
4.309797	2.3301809E-006
4.310805	2.1511166E-006
4.311813	1.9699264E-006
4.312822	1.7917442E-006
4.31383	1.6214951E-006
4.314839	1.4637352E-006
4.315847	1.3225277E-006
4.316856	1.2013209E-006
4.317864	1.1028571E-006
4.318873	1.0291056E-006
4.319881	9.8121370E-007
4.32089	9.5949542E-007
4.321898	9.6343751E-007
4.322907	9.9173599E-007
4.323915	1.0423577E-006
4.324924	1.1126181E-006
4.325932	1.1992827E-006
4.326941	1.2986833E-006
4.327949	1.4068413E-006
4.328958	1.5196024E-006
4.329966	1.6327716E-006
4.330975	1.7422467E-006
4.331983	1.8441474E-006
4.332992	1.9349300E-006
4.334	2.0114976E-006
4.335009	2.0712839E-006
4.336017	2.1123253E-006
4.337026	2.1333099E-006
4.338034	2.1336034E-006
4.339042	2.1132566E-006
4.340051	2.0729894E-006
4.341059	2.0141501E-006
4.342068	1.9386598E-006
4.343076	1.8489399E-006
4.344085	1.7478256E-006
4.345093	1.6384580E-006
4.346102	1.5241862E-006
4.34711	1.4084501E-006
4.348119	1.2946700E-006
4.349127	1.1861366E-006
4.350136	1.0859090E-006
4.351144	9.9671888E-007
4.352152	9.2089317E-007
4.353161	8.6028302E-007
4.354169	8.1621704E-007
4.355178	7.8946812E-007
4.356186	7.8023857E-007
4.357195	7.8816652E-007
4.358203	8.1234714E-007
4.359212	8.5137310E-007
4.36022	9.0338983E-007
4.361229	9.6616384E-007
4.362237	1.0371612E-006
4.363246	1.1136361E-006
4.364254	1.1927226E-006
4.365263	1.2715302E-006
4.366271	1.3472356E-006
4.36728	1.4171751E-006
4.368288	1.4789262E-006
4.369297	1.5303809E-006
4.370305	1.5698083E-006
4.371314	1.5959046E-006
4.372322	1.6078249E-006
4.373331	1.6052045E-006
4.374339	1.5881602E-006
4.375348	1.5572790E-006
4.376356	1.5135888E-006
4.377365	1.4585194E-006
4.378373	1.3938442E-006
4.379381	1.3216227E-006
4.38039	1.2441227E-006
4.381398	1.1637460E-006
4.382407	1.0829468E-006
4.383415	1.0041489E-006
4.384424	9.2967076E-007
4.385432	8.6164857E-007
4.386441	8.0197196E-007
4.387449	7.5222556E-007
4.388458	7.1364320E-007
4.389466	6.8707277E-007
4.390475	6.7295792E-007
4.391483	6.7132856E-007
4.392491	6.8180805E-007
4.3935	7.0363302E-007
4.394508	7.3568418E-007
4.395517	7.7653050E-007
4.396525	8.2448082E-007
4.397534	8.7764363E-007
4.398542	9.3399228E-007
4.399551	9.9143313E-007
4.400559	1.0478761E-006
4.401568	1.1013018E-006
4.402576	1.1498274E-006
4.403585	1.1917640E-006
4.404593	1.2256702E-006
4.405602	1.2503945E-006
4.40661	1.2651061E-006
4.407619	1.2693201E-006
4.408627	1.2629056E-006
4.409636	1.2460825E-006
4.410644	1.2194104E-006
4.411653	1.1837628E-006
4.412661	1.1402958E-006
4.41367	1.0904007E-006
4.414678	1.0356596E-006
4.415687	9.7778639E-007
4.416695	9.1856970E-007
4.417703	8.5981355E-007
4.418712	8.0327681E-007
4.41972	7.5061655E-007
4.420729	7.0333550E-007
4.421737	6.6273554E-007
4.422746	6.2987709E-007
4.423754	6.0554970E-007
4.424763	5.9024995E-007
4.425771	5.8416992E-007
4.42678	5.8719621E-007
4.427788	5.9891863E-007
4.428797	6.1864876E-007
4.429805	6.4544770E-007
4.430814	6.7816012E-007
4.431822	7.1545685E-007
4.43283	7.5588082E-007
4.433839	7.9789777E-007
4.434847	8.3994723E-007
4.435856	8.8049507E-007
4.436864	9.1808255E-007
4.437873	9.5137369E-007
4.438881	9.7919735E-007
4.43989	1.0005829E-006
4.440898	1.0147886E-006
4.441907	1.0213231E-006
4.442915	1.0199565E-006
4.443924	1.0107241E-006
4.444932	9.9392150E-007
4.44594	9.7008865E-007
4.446949	9.3999046E-007
4.447958	9.0458559E-007
4.448966	8.6499193E-007
4.449975	8.2244804E-007
4.450983	7.7826957E-007
4.451992	7.3380517E-007
4.453	6.9038987E-007
4.454009	6.4930418E-007
4.455017	6.1173051E-007
4.456026	5.7871699E-007
4.457034	5.5114424E-007
4.458042	5.2970040E-007
4.459051	5.1485989E-007
4.460059	5.0687260E-007
4.461068	5.0575784E-007
4.462076	5.1130860E-007
4.463085	5.2310105E-007
4.464093	5.4051225E-007
4.465102	5.6274524E-007
4.46611	5.8885581E-007
4.467119	6.1778849E-007
4.468127	6.4841140E-007
4.469136	6.7955699E-007
4.470144	7.1005888E-007
4.471152	7.3879266E-007
4.472161	7.6471071E-007
4.473169	7.8687663E-007
4.474178	8.0449360E-007
4.475186	8.1692963E-007
4.476195	8.2373447E-007
4.477203	8.2465243E-007
4.478212	8.1962793E-007
4.47922	8.0880295E-007
4.480229	7.9251026E-007
4.481237	7.7125873E-007
4.482246	7.4571352E-007
4.483254	7.1667137E-007
4.484263	6.8503272E-007
4.485271	6.5176846E-007
4.486279	6.1788870E-007
4.487288	5.8440662E-007
4.488297	5.5230623E-007
4.489305	5.2251028E-007
4.490314	4.9584929E-007
4.491322	4.7303769E-007
4.492331	4.5465055E-007
4.493339	4.4110726E-007
4.494348	4.3266050E-007
4.495356	4.2939030E-007
4.496365	4.3120440E-007
4.497373	4.3784422E-007
4.498381	4.4889566E-007
4.49939	4.6380609E-007
4.500398	4.8190475E-007
4.501407	5.0242653E-007
4.502415	5.2453936E-007
4.503424	5.4737274E-007
4.504432	5.7004712E-007
4.505441	5.9170293E-007
4.506449	6.1152997E-007
4.507458	6.2879161E-007
4.508466	6.4284922E-007
4.509475	6.5318136E-007
4.510483	6.5939901E-007
4.511491	6.6125699E-007
4.5125	6.5865811E-007
4.513508	6.5165574E-007
4.514517	6.4044798E-007
4.515525	6.2537026E-007
4.516534	6.0688006E-007
4.517542	5.8554156E-007
4.518551	5.6200400E-007
4.519559	5.3697875E-007
4.520568	5.1121594E-007
4.521576	4.8547679E-007
4.522585	4.6051036E-007
4.523593	4.3702752E-007
4.524601	4.1567824E-007
4.52561	3.9703176E-007
4.526618	3.8155750E-007
4.527627	3.6961254E-007
4.528636	3.6143106E-007
4.529644	3.5711830E-007
4.530653	3.5664979E-007
4.531661	3.5987438E-007
4.53267	3.6652085E-007
4.533678	3.7620944E-007
4.534687	3.8846619E-007
4.535695	4.0274020E-007
4.536704	4.1842372E-007
4.537712	4.3487262E-007
4.53872	4.5142889E-007
4.539729	4.6744282E-007
4.540737	4.8229401E-007
4.541746	4.9541183E-007
4.542754	5.0629336E-007
4.543763	5.1451906E-007
4.544771	5.1976502E-007
4.54578	5.2181241E-007
4.546788	5.2055259E-007
4.547797	5.1598892E-007
4.548805	5.0823473E-007
4.549814	4.9750736E-007
4.550822	4.8411965E-007
4.55183	4.6846736E-007
4.552839	4.5101501E-007
4.553847	4.3227868E-007
4.554856	4.1280904E-007
4.555864	3.9317112E-007
4.556873	3.7392658E-007
4.557881	3.5561425E-007
4.55889	3.3873309E-007
4.559898	3.2372611E-007
4.560907	3.1096698E-007
4.561915	3.0074827E-007
4.562924	2.9327353E-007
4.563932	2.8865207E-007
4.56494	2.8689669E-007
4.565949	2.8792516E-007
4.566957	2.9156465E-007
4.567966	2.9755915E-007
4.568974	3.0557882E-007
4.569983	3.1523300E-007
4.570992	3.2608412E-007
4.572	3.3766261E-007
4.573009	3.4948360E-007
4.574017	3.6106323E-007
4.575026	3.7193456E-007
4.576034	3.8166317E-007
4.577043	3.8986045E-007
4.578051	3.9619641E-007
4.579059	4.0040911E-007
4.580068	4.0231194E-007
4.581076	4.0179961E-007
4.582085	3.9884844E-007
4.583093	3.9351701E-007
4.584102	3.8594220E-007
4.58511	3.7633308E-007
4.586119	3.6496269E-007
4.587127	3.5215805E-007
4.588136	3.3828803E-007
4.589144	3.2375036E-007
4.590153	3.0895814E-007
4.591161	2.9432562E-007
4.592169	2.8025420E-007
4.593178	2.6711976E-007
4.594186	2.5526057E-007
4.595195	2.4496654E-007
4.596203	2.3647047E-007
4.597212	2.2994152E-007
4.59822	2.2548070E-007
4.599229	2.2311860E-007
4.600237	2.2281604E-007
4.601246	2.2446616E-007
4.602254	2.2789986E-007
4.603263	2.3289201E-007
4.604271	2.3917030E-007
4.605279	2.4642543E-007
4.606288	2.5432163E-007
4.607296	2.6250868E-007
4.608305	2.7063356E-007
4.609313	2.7835301E-007
4.610322	2.8534356E-007
4.611331	2.9131280E-007
4.612339	2.9600855E-007
4.613348	2.9922569E-007
4.614356	3.0081296E-007
4.615365	3.0067622E-007
4.616373	2.9878078E-007
4.617382	2.9515127E-007
4.61839	2.8987012E-007
4.619398	2.8307292E-007
4.620407	2.7494320E-007
4.621415	2.6570586E-007
4.622424	2.5561795E-007
4.623432	2.4496032E-007
4.624441	2.3402758E-007
4.625449	2.2311778E-007
4.626458	2.1252256E-007
4.627466	2.0251785E-007
4.628475	1.9335478E-007
4.629483	1.8525175E-007
4.630492	1.7838818E-007
4.6315	1.7289909E-007
4.632508	1.6887113E-007
4.633517	1.6634155E-007
4.634525	1.6529719E-007
4.635534	1.6567631E-007
4.636542	1.6737161E-007
4.637551	1.7023449E-007
4.638559	1.7408117E-007
4.639568	1.7869932E-007
4.640576	1.8385570E-007
4.641585	1.8930440E-007
4.642593	1.9479543E-007
4.643602	2.0008270E-007
4.64461	2.0493239E-007
4.645618	2.0913055E-007
4.646627	2.1248951E-007
4.647635	2.1485380E-007
4.648644	2.1610440E-007
4.649652	2.1616208E-007
4.650661	2.1498929E-007
4.65167	2.1259024E-007
4.652678	2.0901011E-007
4.653687	2.0433261E-007
4.654695	1.9867623E-007
4.655704	1.9218999E-007
4.656712	1.8504731E-007
4.657721	1.7744017E-007
4.658729	1.6957217E-007
4.659737	1.6165151E-007
4.660746	1.5388400E-007
4.661754	1.4646648E-007
4.662763	1.3958017E-007
4.663771	1.3338519E-007
4.66478	1.2801547E-007
4.665788	1.2357521E-007
4.666797	1.2013565E-007
4.667805	1.1773373E-007
4.668814	1.1637135E-007
4.669822	1.1601634E-007
4.670831	1.1660406E-007
4.671839	1.1804041E-007
4.672847	1.2020564E-007
4.673856	1.2295874E-007
4.674864	1.2614287E-007
4.675873	1.2959069E-007
4.676881	1.3313023E-007
4.67789	1.3659081E-007
4.678898	1.3980858E-007
4.679907	1.4263178E-007
4.680915	1.4492542E-007
4.681924	1.4657576E-007
4.682932	1.4749300E-007
4.683941	1.4761429E-007
4.684949	1.4690491E-007
4.685957	1.4535877E-007
4.686966	1.4299798E-007
4.687974	1.3987157E-007
4.688983	1.3605310E-007
4.689991	1.3163772E-007
4.691	1.2673844E-007
4.692008	1.2148195E-007
4.693017	1.1600421E-007
4.694026	1.1044555E-007
4.695034	1.0494610E-007
4.696043	9.9640957E-008
4.697051	9.4655938E-008
4.69806	9.0103704E-008
4.699068	8.6080057E-008
4.700076	8.2661579E-008
4.701085	7.9903153E-008
4.702093	7.7836930E-008
4.703102	7.6471650E-008
4.70411	7.5793032E-008
4.705119	7.5764724E-008
4.706127	7.6330053E-008
4.707136	7.7414420E-008
4.708144	7.8928196E-008
4.709153	8.0770064E-008
4.710161	8.2830795E-008
4.71117	8.4996721E-008
4.712178	8.7154071E-008
4.713186	8.9192362E-008
4.714195	9.1008282E-008
4.715203	9.2508728E-008
4.716212	9.3613778E-008
4.71722	9.4258873E-008
4.718229	9.4396732E-008
4.719237	9.3998366E-008
4.720246	9.3053643E-008
4.721254	9.1571167E-008
4.722263	8.9577412E-008
4.723271	8.7115453E-008
4.72428	8.4243212E-008
4.725288	8.1030898E-008
4.726296	7.7558710E-008
4.727305	7.3913561E-008
4.728313	7.0186339E-008
4.729322	6.6468537E-008
4.73033	6.2849431E-008
4.731339	5.9412937E-008
4.732347	5.6235166E-008
4.733356	5.3381992E-008
4.734365	5.0907129E-008
4.735373	4.8850712E-008
4.736382	4.7238270E-008
4.73739	4.6080277E-008
4.738398	4.5372193E-008
4.739407	4.5094968E-008
4.740415	4.5216140E-008
4.741424	4.5691138E-008
4.742432	4.6465203E-008
4.743441	4.7475407E-008
4.744449	4.8652961E-008
4.745458	4.9925710E-008
4.746466	5.1220550E-008
4.747475	5.2465968E-008
4.748483	5.3594309E-008
4.749492	5.4543943E-008
4.7505	5.5261250E-008
4.751509	5.5701999E-008
4.752517	5.5832757E-008
4.753525	5.5631627E-008
4.754534	5.5088663E-008
4.755542	5.4205906E-008
4.756551	5.2996953E-008
4.757559	5.1486289E-008
4.758568	4.9708074E-008
4.759576	4.7704781E-008
4.760585	4.5525599E-008
4.761593	4.3224599E-008
4.762602	4.0858755E-008
4.76361	3.8486053E-008
4.764619	3.6163453E-008
4.765627	3.3945078E-008
4.766635	3.1880397E-008
4.767644	3.0012785E-008
4.768652	2.8378180E-008
4.769661	2.7004084E-008
4.770669	2.5908850E-008
4.771678	2.5101317E-008
4.772686	2.4580745E-008
4.773695	2.4337089E-008
4.774704	2.4351577E-008
4.775712	2.4597577E-008
4.776721	2.5041654E-008
4.777729	2.5644914E-008
4.778737	2.6364408E-008
4.779746	2.7154726E-008
4.780754	2.7969568E-008
4.781763	2.8763349E-008
4.782771	2.9492700E-008
4.78378	3.0117921E-008
4.784788	3.0604244E-008
4.785797	3.0922880E-008
4.786805	3.1051911E-008
4.787814	3.0976882E-008
4.788822	3.0691112E-008
4.789831	3.0195803E-008
4.790839	2.9499811E-008
4.791847	2.8619112E-008
4.792856	2.7576132E-008
4.793864	2.6398737E-008
4.794873	2.5119055E-008
4.795881	2.3772229E-008
4.79689	2.2394950E-008
4.797898	2.1024109E-008
4.798907	1.9695408E-008
4.799915	1.8442087E-008
4.800924	1.7293877E-008
4.801932	1.6276092E-008
4.802941	1.5409002E-008
4.803949	1.4707409E-008
4.804957	1.4180448E-008
4.805966	1.3831586E-008
4.806974	1.3658759E-008
4.807983	1.3654621E-008
4.808991	1.3806913E-008
4.81	1.4098895E-008
4.811008	1.4509861E-008
4.812017	1.5015749E-008
4.813025	1.5589848E-008
4.814034	1.6203639E-008
4.815042	1.6827702E-008
4.816051	1.7432747E-008
4.81706	1.7990716E-008
4.818068	1.8475813E-008
4.819076	1.8865626E-008
4.820085	1.9142004E-008
4.821093	1.9291857E-008
4.822102	1.9307715E-008
4.82311	1.9187969E-008
4.824119	1.8936944E-008
4.825127	1.8564517E-008
4.826136	1.8085588E-008
4.827144	1.7519199E-008
4.828153	1.6887526E-008
4.829161	1.6214655E-008
4.83017	1.5525449E-008
4.831178	1.4844348E-008
4.832186	1.4194389E-008
4.833195	1.3596385E-008
4.834203	1.3068382E-008
4.835212	1.2625353E-008
4.83622	1.2279113E-008
4.837229	1.2038390E-008
4.838237	1.1909012E-008
4.839246	1.1894059E-008
4.840254	1.1993996E-008
4.841263	1.2206665E-008
4.842271	1.2527206E-008
4.84328	1.2947884E-008
4.844288	1.3457900E-008
4.845296	1.4043265E-008
4.846305	1.4686823E-008
4.847313	1.5368473E-008
4.848322	1.6065631E-008
4.84933	1.6753978E-008
4.850339	1.7408407E-008
4.851347	1.8004144E-008
4.852356	1.8517971E-008
4.853364	1.8929425E-008
4.854373	1.9221931E-008
4.855381	1.9383720E-008
4.85639	1.9408548E-008
4.857399	1.9296058E-008
4.858407	1.9051932E-008
4.859415	1.8687643E-008
4.860424	1.8219980E-008
4.861432	1.7670333E-008
4.862441	1.7063739E-008
4.863449	1.6427832E-008
4.864458	1.5791777E-008
4.865466	1.5185126E-008
4.866475	1.4636788E-008
4.867483	1.4174093E-008
4.868492	1.3821968E-008
4.8695	1.3602214E-008
4.870509	1.3532925E-008
4.871517	1.3627951E-008
4.872525	1.3896488E-008
4.873534	1.4342658E-008
4.874542	1.4965210E-008
4.875551	1.5757273E-008
4.876559	1.6706274E-008
4.877568	1.7793983E-008
4.878576	1.8996785E-008
4.879585	2.0286199E-008
4.880593	2.1629695E-008
4.881602	2.2991616E-008
4.88261	2.4334488E-008
4.883619	2.5620384E-008
4.884627	2.6812380E-008
4.885635	2.7876034E-008
4.886644	2.8780786E-008
4.887652	2.9501299E-008
4.888661	3.0018505E-008
4.889669	3.0320514E-008
4.890678	3.0403186E-008
4.891686	3.0270495E-008
4.892695	2.9934519E-008
4.893703	2.9415220E-008
4.894712	2.8739892E-008
4.89572	2.7942328E-008
4.896729	2.7061843E-008
4.897738	2.6141954E-008
4.898746	2.5229001E-008
4.899754	2.4370555E-008
4.900763	2.3613836E-008
4.901771	2.3004000E-008
4.90278	2.2582594E-008
4.903788	2.2385944E-008
4.904797	2.2443794E-008
4.905805	2.2778131E-008
4.906814	2.3402176E-008
4.907822	2.4319723E-008
4.908831	2.5524756E-008
4.909839	2.7001404E-008
4.910848	2.8724232E-008
4.911856	3.0658864E-008
4.912864	3.2762951E-008
4.913873	3.4987384E-008
4.914881	3.7277903E-008
4.91589	3.9576658E-008
4.916898	4.1824261E-008
4.917907	4.3961716E-008
4.918915	4.5932488E-008
4.919924	4.7684434E-008
4.920932	4.9171813E-008
4.921941	5.0356942E-008
4.922949	5.1211732E-008
4.923958	5.1718924E-008
4.924966	5.1872945E-008
4.925974	5.1680455E-008
4.926983	5.1160367E-008
4.927991	5.0343576E-008
4.929	4.9272273E-008
4.930008	4.7998679E-008
4.931017	4.6583629E-008
4.932025	4.5094627E-008
4.933034	4.3603809E-008
4.934042	4.2185484E-008
4.935051	4.0913754E-008
4.936059	3.9859874E-008
4.937068	3.9089823E-008
4.938076	3.8661835E-008
4.939085	3.8624250E-008
4.940093	3.9013571E-008
4.941102	3.9852942E-008
4.94211	4.1150940E-008
4.943119	4.2900972E-008
4.944127	4.5081034E-008
4.945136	4.7654094E-008
4.946144	5.0568978E-008
4.947153	5.3761713E-008
4.948161	5.7157411E-008
4.94917	6.0672512E-008
4.950178	6.4217467E-008
4.951187	6.7699538E-008
4.952195	7.1026030E-008
4.953203	7.4107334E-008
4.954212	7.6860040E-008
4.95522	7.9210189E-008
4.956229	8.1095664E-008
4.957237	8.2468887E-008
4.958246	8.3298694E-008
4.959254	8.3571976E-008
4.960263	8.3294282E-008
4.961271	8.2490502E-008
4.96228	8.1204199E-008
4.963288	7.9496772E-008
4.964297	7.7445762E-008
4.965305	7.5142680E-008
4.966313	7.2690050E-008
4.967322	7.0198510E-008
4.96833	6.7783049E-008
4.969339	6.5559128E-008
4.970347	6.3638886E-008
4.971356	6.2127249E-008
4.972364	6.1118151E-008
4.973373	6.0690937E-008
4.974381	6.0907503E-008
4.97539	6.1809608E-008
4.976398	6.3417076E-008
4.977407	6.5726425E-008
4.978415	6.8710548E-008
4.979424	7.2318919E-008
4.980432	7.6478891E-008
4.981441	8.1097440E-008
4.982449	8.6063935E-008
4.983458	9.1253419E-008
4.984466	9.6530570E-008
4.985475	1.0175388E-007
4.986483	1.0678055E-007
4.987492	1.1147107E-007
4.9885	1.1569428E-007
4.989509	1.1933186E-007
4.990517	1.2228264E-007
4.991526	1.2446679E-007
4.992534	1.2582851E-007
4.993542	1.2633910E-007
4.994551	1.2599818E-007
4.995559	1.2483456E-007
4.996568	1.2290604E-007
4.997576	1.2029800E-007
4.998585	1.1712127E-007
4.999593	1.1350901E-007
5.000602	1.0961273E-007
5.00161	1.0559754E-007
5.002619	1.0163695E-007
5.003627	9.7907176E-008
5.004636	9.4581182E-008
5.005644	9.1822642E-008
5.006652	8.9780528E-008
5.007661	8.8583270E-008
5.008669	8.8334104E-008
5.009678	8.9106948E-008
5.010686	9.0943118E-008
5.011695	9.3849273E-008
5.012703	9.7796189E-008
5.013712	1.0271903E-007
5.01472	1.0851852E-007
5.015729	1.1506366E-007
5.016737	1.2219527E-007
5.017746	1.2973075E-007
5.018754	1.3746985E-007
5.019763	1.4520066E-007
5.020771	1.5270683E-007
5.02178	1.5977481E-007
5.022788	1.6620096E-007
5.023797	1.7179889E-007
5.024805	1.7640603E-007
5.025814	1.7988989E-007
5.026822	1.8215319E-007
5.027831	1.8313818E-007
5.028839	1.8282930E-007
5.029848	1.8125507E-007
5.030856	1.7848809E-007
5.031865	1.7464349E-007
5.032873	1.6987634E-007
5.033881	1.6437724E-007
5.03489	1.5836660E-007
5.035898	1.5208813E-007
5.036907	1.4580090E-007
5.037915	1.3977127E-007
5.038924	1.3426362E-007
5.039932	1.2953159E-007
5.040941	1.2580934E-007
5.041949	1.2330294E-007
5.042958	1.2218294E-007
5.043966	1.2257755E-007
5.044975	1.2456765E-007
5.045983	1.2818249E-007
5.046991	1.3339765E-007
5.048	1.4013449E-007
5.049008	1.4826158E-007
5.050017	1.5759757E-007
5.051025	1.6791634E-007
5.052034	1.7895334E-007
5.053042	1.9041370E-007
5.054051	2.0198117E-007
5.055059	2.1332862E-007
5.056068	2.2412877E-007
5.057076	2.3406507E-007
5.058085	2.4284287E-007
5.059093	2.5019995E-007
5.060102	2.5591615E-007
5.06111	2.5982220E-007
5.062119	2.6180621E-007
5.063127	2.6181988E-007
5.064136	2.5988049E-007
5.065144	2.5607349E-007
5.066153	2.5054999E-007
5.067161	2.4352434E-007
5.06817	2.3526846E-007
5.069178	2.2610364E-007
5.070187	2.1639154E-007
5.071195	2.0652284E-007
5.072203	1.9690469E-007
5.073212	1.8794783E-007
5.07422	1.8005241E-007
5.075229	1.7359443E-007
5.076237	1.6891227E-007
5.077246	1.6629441E-007
5.078254	1.6596833E-007
5.079263	1.6809119E-007
5.080271	1.7274236E-007
5.08128	1.7991931E-007
5.082288	1.8953480E-007
5.083297	2.0141799E-007
5.084305	2.1531783E-007
5.085314	2.3090900E-007
5.086322	2.4780144E-007
5.08733	2.6555114E-007
5.088339	2.8367410E-007
5.089347	3.0166115E-007
5.090356	3.1899478E-007
5.091364	3.3516596E-007
5.092373	3.4969233E-007
5.093381	3.6213416E-007
5.09439	3.7211126E-007
5.095398	3.7931784E-007
5.096407	3.8353372E-007
5.097415	3.8463597E-007
5.098424	3.8260472E-007
5.099432	3.7752807E-007
5.100441	3.6960131E-007
5.101449	3.5912436E-007
5.102458	3.4649514E-007
5.103466	3.3219831E-007
5.104475	3.1679303E-007
5.105483	3.0089529E-007
5.106492	2.8516030E-007
5.1075	2.7026064E-007
5.108509	2.5686512E-007
5.109517	2.4561623E-007
5.110526	2.3710747E-007
5.111534	2.3186217E-007
5.112542	2.3031399E-007
5.113551	2.3278912E-007
5.114559	2.3949181E-007
5.115568	2.5049425E-007
5.116576	2.6572897E-007
5.117585	2.8498681E-007
5.118593	3.0791938E-007
5.119602	3.3404567E-007
5.12061	3.6276376E-007
5.121619	3.9336683E-007
5.122627	4.2506352E-007
5.123636	4.5700119E-007
5.124644	4.8829219E-007
5.125652	5.1804284E-007
5.126661	5.4538339E-007
5.127669	5.6949682E-007
5.128678	5.8965060E-007
5.129686	6.0522183E-007
5.130695	6.1572524E-007
5.131703	6.2083285E-007
5.132712	6.2039203E-007
5.13372	6.1443893E-007
5.134729	6.0320377E-007
5.135737	5.8711163E-007
5.136746	5.6677834E-007
5.137754	5.4299687E-007
5.138762	5.1671941E-007
5.139771	4.8903365E-007
5.140779	4.6113303E-007
5.141788	4.3428187E-007
5.142797	4.0977818E-007
5.143805	3.8891233E-007
5.144814	3.7292531E-007
5.145822	3.6296555E-007
5.146831	3.6004775E-007
5.147839	3.6501373E-007
5.148848	3.7849739E-007
5.149856	4.0089355E-007
5.150865	4.3233473E-007
5.151873	4.7267383E-007
5.152881	5.2147544E-007
5.15389	5.7801617E-007
5.154898	6.4129335E-007
5.155907	7.1004382E-007
5.156915	7.8277213E-007
5.157924	8.5778692E-007
5.158932	9.3324667E-007
5.159941	1.0072108E-006
5.160949	1.0776996E-006
5.161958	1.1427582E-006
5.162966	1.2005212E-006
5.163975	1.2492850E-006
5.164983	1.2875729E-006
5.165991	1.3142011E-006
5.167	1.3283452E-006
5.168008	1.3295909E-006
5.169017	1.3179859E-006
5.170025	1.2940764E-006
5.171034	1.2589377E-006
5.172042	1.2141895E-006
5.173051	1.1619964E-006
5.174059	1.1050601E-006
5.175068	1.0465906E-006
5.176076	9.9026965E-007
5.177085	9.4019572E-007
5.178093	9.0081846E-007
5.179101	8.7685953E-007
5.18011	8.7322468E-007
5.181118	8.9490385E-007
5.182127	9.4686897E-007
5.183136	1.0339617E-006
5.184144	1.1607838E-006
5.185153	1.3315829E-006
5.186161	1.5501440E-006
5.18717	1.8196869E-006
5.188178	2.1427666E-006
5.189187	2.5211912E-006
5.190195	2.9559412E-006
5.191204	3.4471161E-006
5.192212	3.9938891E-006
5.19322	4.5944757E-006
5.194229	5.2461346E-006
5.195237	5.9451686E-006
5.196246	6.6869611E-006
5.197254	7.4660229E-006
5.198263	8.2760507E-006
5.199271	9.1100255E-006
5.20028	9.9602839E-006
5.201288	1.0818670E-005
5.202297	1.1676603E-005
5.203305	1.2525264E-005
5.204314	1.3355683E-005
5.205322	1.4158922E-005
5.20633	1.4926182E-005
5.207339	1.5648970E-005
5.208347	1.6319216E-005
5.209356	1.6929407E-005
5.210364	1.7472703E-005
5.211373	1.7943068E-005
5.212381	1.8335319E-005
5.21339	1.8645249E-005
5.214398	1.8869663E-005
5.215407	1.9006413E-005
5.216415	1.9054443E-005
5.217424	1.9013773E-005
5.218432	1.8885501E-005
5.21944	1.8671763E-005
5.220449	1.8375666E-005
5.221457	1.8001267E-005
5.222466	1.7553433E-005
5.223475	1.7037810E-005
5.224483	1.6460684E-005
5.225492	1.5828873E-005
5.2265	1.5149631E-005
5.227509	1.4430522E-005
5.228517	1.3679290E-005
5.229526	1.2903772E-005
5.230534	1.2111735E-005
5.231543	1.1310805E-005
5.232551	1.0508337E-005
5.233559	9.7113443E-006
5.234568	8.9263876E-006
5.235576	8.1594981E-006
5.236585	7.4161521E-006
5.237593	6.7011765E-006
5.238602	6.0187413E-006
5.23961	5.3723234E-006
5.240619	4.7647172E-006
5.241627	4.1980197E-006
5.242636	3.6736642E-006
5.243644	3.1924394E-006
5.244653	2.7545327E-006
5.245661	2.3595760E-006
5.246669	2.0066939E-006
5.247678	1.6945639E-006
5.248686	1.4214747E-006
5.249695	1.1853843E-006
5.250703	9.8398471E-007
5.251712	8.1476060E-007
5.25272	6.7504669E-007
5.253729	5.6208376E-007
5.254737	4.7307199E-007
5.255746	4.0521749E-007
5.256754	3.5577673E-007
5.257763	3.2209473E-007
5.258771	3.0163778E-007
5.259779	2.9202121E-007
5.260788	2.9103026E-007
5.261796	2.9663695E-007
5.262805	3.0701003E-007
5.263813	3.2052137E-007
5.264822	3.3574699E-007
5.265831	3.5146402E-007
5.266839	3.6664582E-007
5.267848	3.8045147E-007
5.268856	3.9221632E-007
5.269865	4.0143769E-007
5.270873	4.0776237E-007
5.271882	4.1097076E-007
5.27289	4.1096263E-007
5.273898	4.0774134E-007
5.274907	4.0140031E-007
5.275915	3.9210835E-007
5.276924	3.8009634E-007
5.277932	3.6564509E-007
5.278941	3.4907416E-007
5.279949	3.3073113E-007
5.280958	3.1098287E-007
5.281966	2.9020617E-007
5.282975	2.6878084E-007
5.283983	2.4708294E-007
5.284992	2.2547829E-007
5.286	2.0431727E-007
5.287008	1.8392973E-007
5.288017	1.6462049E-007
5.289025	1.4666531E-007
5.290034	1.3030713E-007
5.291042	1.1575288E-007
5.292051	1.0317049E-007
5.293059	9.2686726E-008
5.294068	8.4385285E-008
5.295076	7.8305632E-008
5.296085	7.4442440E-008
5.297093	7.2745813E-008
5.298102	7.3122330E-008
5.29911	7.5436944E-008
5.300118	7.9515594E-008
5.301127	8.5148976E-008
5.302135	9.2096755E-008
5.303144	1.0009294E-007
5.304152	1.0885181E-007
5.305161	1.1807440E-007
5.30617	1.2745556E-007
5.307178	1.3669124E-007
5.308187	1.4548607E-007
5.309195	1.5356059E-007
5.310204	1.6065877E-007
5.311212	1.6655437E-007
5.312221	1.7105728E-007
5.313229	1.7401854E-007
5.314237	1.7533473E-007
5.315246	1.7495086E-007
5.316254	1.7286204E-007
5.317263	1.6911378E-007
5.318271	1.6380069E-007
5.31928	1.5706389E-007
5.320288	1.4908697E-007
5.321297	1.4009015E-007
5.322305	1.3032373E-007
5.323314	1.2006036E-007
5.324322	1.0958653E-007
5.325331	9.9193734E-008
5.326339	8.9169319E-008
5.327347	7.9788002E-008
5.328356	7.1303425E-008
5.329364	6.3941087E-008
5.330373	5.7891889E-008
5.331381	5.3307105E-008
5.33239	5.0294449E-008
5.333398	4.8915528E-008
5.334407	4.9184322E-008
5.335415	5.1066994E-008
5.336424	5.4482818E-008
5.337432	5.9306341E-008
5.338441	6.5370557E-008
5.339449	7.2471543E-008
5.340457	8.0374072E-008
5.341466	8.8818396E-008
5.342474	9.7528144E-008
5.343483	1.0621874E-007
5.344491	1.1460646E-007
5.3455	1.2241780E-007
5.346509	1.2939825E-007
5.347517	1.3532078E-007
5.348526	1.3999342E-007
5.349534	1.4326552E-007
5.350543	1.4503270E-007
5.351551	1.4524005E-007
5.352559	1.4388391E-007
5.353568	1.4101151E-007
5.354576	1.3671939E-007
5.355585	1.3114982E-007
5.356593	1.2448591E-007
5.357602	1.1694519E-007
5.35861	1.0877240E-007
5.359619	1.0023120E-007
5.360627	9.1595460E-008
5.361636	8.3140037E-008
5.362644	7.5132185E-008
5.363653	6.7822555E-008
5.364661	6.1437618E-008
5.36567	5.6172411E-008
5.366678	5.2184703E-008
5.367686	4.9590270E-008
5.368695	4.8459587E-008
5.369703	4.8815970E-008
5.370712	5.0634998E-008
5.37172	5.3845667E-008
5.372729	5.8332699E-008
5.373737	6.3940341E-008
5.374746	7.0477462E-008
5.375754	7.7723769E-008
5.376763	8.5436866E-008
5.377771	9.3360278E-008
5.37878	1.0123185E-007
5.379788	1.0879242E-007
5.380796	1.1579430E-007
5.381805	1.2200954E-007
5.382813	1.2723736E-007
5.383822	1.3131088E-007
5.38483	1.3410225E-007
5.385839	1.3552672E-007
5.386847	1.3554542E-007
5.387856	1.3416623E-007
5.388865	1.3144309E-007
5.389873	1.2747408E-007
5.390882	1.2239784E-007
5.39189	1.1638861E-007
5.392898	1.0965021E-007
5.393907	1.0240933E-007
5.394915	9.4907534E-008
5.395924	8.7393467E-008
5.396932	8.0114368E-008
5.397941	7.3307930E-008
5.398949	6.7194698E-008
5.399958	6.1970589E-008
5.400966	5.7800790E-008
5.401975	5.4814414E-008
5.402983	5.3100443E-008
5.403992	5.2705147E-008
5.405	5.3630735E-008
5.406008	5.5835660E-008
5.407017	5.9236296E-008
5.408025	6.3709912E-008
5.409034	6.9099158E-008
5.410042	7.5217400E-008
5.411051	8.1855148E-008
5.412059	8.8787260E-008
5.413068	9.5780230E-008
5.414076	1.0260045E-007
5.415085	1.0902154E-007
5.416093	1.1483199E-007
5.417102	1.1984216E-007
5.41811	1.2389026E-007
5.419119	1.2684774E-007
5.420127	1.2862310E-007
5.421135	1.2916492E-007
5.422144	1.2846324E-007
5.423152	1.2654961E-007
5.424161	1.2349551E-007
5.425169	1.1941015E-007
5.426178	1.1443618E-007
5.427186	1.0874491E-007
5.428195	1.0253020E-007
5.429204	9.6001983E-008
5.430212	8.9379064E-008
5.431221	8.2881684E-008
5.432229	7.6724248E-008
5.433237	7.1108161E-008
5.434246	6.6215158E-008
5.435254	6.2201337E-008
5.436263	5.9192274E-008
5.437271	5.7278946E-008
5.43828	5.6514963E-008
5.439288	5.6915013E-008
5.440297	5.8454727E-008
5.441305	6.1071745E-008
5.442314	6.4668093E-008
5.443322	6.9113703E-008
5.444331	7.4251012E-008
5.445339	7.9900481E-008
5.446347	8.5866773E-008
5.447356	9.1945310E-008
5.448364	9.7929373E-008
5.449373	1.0361695E-007
5.450381	1.0881740E-007
5.45139	1.1335803E-007
5.452398	1.1708932E-007
5.453407	1.1989010E-007
5.454415	1.2167129E-007
5.455424	1.2237858E-007
5.456432	1.2199399E-007
5.457441	1.2053623E-007
5.458449	1.1805977E-007
5.459457	1.1465271E-007
5.460466	1.1043365E-007
5.461474	1.0554738E-007
5.462483	1.0015992E-007
5.463491	9.4452723E-008
5.4645	8.8616581E-008
5.465508	8.2845048E-008
5.466517	7.7328046E-008
5.467525	7.2245363E-008
5.468534	6.7761036E-008
5.469543	6.4017563E-008
5.470551	6.1131523E-008
5.47156	5.9189844E-008
5.472568	5.8246929E-008
5.473576	5.8323273E-008
5.474585	5.9404805E-008
5.475593	6.1443764E-008
5.476602	6.4360549E-008
5.47761	6.8046525E-008
5.478619	7.2367932E-008
5.479627	7.7170696E-008
5.480636	8.2285602E-008
5.481644	8.7534190E-008
5.482653	9.2734865E-008
5.483661	9.7708948E-008
5.48467	1.0228676E-007
5.485678	1.0631317E-007
5.486686	1.0965284E-007
5.487695	1.1219447E-007
5.488703	1.1385451E-007
5.489712	1.1457960E-007
5.49072	1.1434833E-007
5.491729	1.1317161E-007
5.492737	1.1109199E-007
5.493746	1.0818211E-007
5.494754	1.0454197E-007
5.495763	1.0029540E-007
5.496771	9.5585634E-008
5.49778	9.0570403E-008
5.498788	8.5416438E-008
5.499796	8.0293958E-008
5.500805	7.5370664E-008
5.501813	7.0806266E-008
5.502822	6.6747155E-008
5.50383	6.3321522E-008
5.504839	6.0635067E-008
5.505847	5.8767828E-008
5.506856	5.7771498E-008
5.507864	5.7667943E-008
5.508873	5.8448684E-008
5.509881	6.0075401E-008
5.51089	6.2481519E-008
5.511899	6.5574568E-008
5.512907	6.9239640E-008
5.513915	7.3343223E-008
5.514924	7.7738115E-008
5.515932	8.2268279E-008
5.516941	8.6774278E-008
5.517949	9.1098727E-008
5.518958	9.5091480E-008
5.519966	9.8614699E-008
5.520975	1.0154748E-007
5.521983	1.0378966E-007
5.522992	1.0526537E-007
5.524	1.0592494E-007
5.525009	1.0574681E-007
5.526017	1.0473791E-007
5.527025	1.0293311E-007
5.528034	1.0039396E-007
5.529042	9.7206375E-008
5.530051	9.3477567E-008
5.531059	8.9332126E-008
5.532068	8.4907853E-008
5.533076	8.0350830E-008
5.534085	7.5810462E-008
5.535093	7.1434414E-008
5.536102	6.7363587E-008
5.53711	6.3727420E-008
5.538119	6.0639572E-008
5.539127	5.8194232E-008
5.540135	5.6463094E-008
5.541144	5.5493068E-008
5.542152	5.5304934E-008
5.543161	5.5892773E-008
5.544169	5.7224543E-008
5.545178	5.9243131E-008
5.546186	6.1868654E-008
5.547195	6.5001323E-008
5.548203	6.8524805E-008
5.549212	7.2310542E-008
5.55022	7.6221987E-008
5.551229	8.0119335E-008
5.552238	8.3864343E-008
5.553246	8.7324949E-008
5.554254	9.0379636E-008
5.555263	9.2921653E-008
5.556271	9.4862330E-008
5.55728	9.6134116E-008
5.558288	9.6692553E-008
5.559297	9.6517738E-008
5.560305	9.5614787E-008
5.561314	9.4013487E-008
5.562322	9.1767014E-008
5.563331	8.8950081E-008
5.564339	8.5656147E-008
5.565348	8.1994180E-008
5.566356	7.8084696E-008
5.567364	7.4055812E-008
5.568373	7.0038595E-008
5.569381	6.6162649E-008
5.57039	6.2551912E-008
5.571398	5.9320168E-008
5.572407	5.6567554E-008
5.573415	5.4377093E-008
5.574424	5.2812048E-008
5.575432	5.1913993E-008
5.576441	5.1701445E-008
5.577449	5.2169547E-008
5.578458	5.3290329E-008
5.579466	5.5013853E-008
5.580474	5.7270068E-008
5.581483	5.9971363E-008
5.582491	6.3015712E-008
5.5835	6.6290042E-008
5.584508	6.9674492E-008
5.585517	7.3046245E-008
5.586525	7.6283861E-008
5.587534	7.9271416E-008
5.588542	8.1902350E-008
5.589551	8.4083091E-008
5.590559	8.5736033E-008
5.591568	8.6802139E-008
5.592577	8.7242881E-008
5.593585	8.7041229E-008
5.594593	8.6202085E-008
5.595602	8.4752145E-008
5.59661	8.2738595E-008
5.597619	8.0227409E-008
5.598627	7.7301074E-008
5.599636	7.4055457E-008
5.600644	7.0596563E-008
5.601653	6.7036893E-008
5.602661	6.3491420E-008
5.60367	6.0073802E-008
5.604678	5.6892436E-008
5.605687	5.4046851E-008
5.606695	5.1624376E-008
5.607703	4.9697224E-008
5.608712	4.8320235E-008
5.60972	4.7529056E-008
5.610729	4.7339135E-008
5.611737	4.7745303E-008
5.612746	4.8722125E-008
5.613754	5.0224937E-008
5.614763	5.2191456E-008
5.615771	5.4544095E-008
5.61678	5.7192644E-008
5.617788	6.0037586E-008
5.618797	6.2973299E-008
5.619805	6.5892031E-008
5.620813	6.8687328E-008
5.621822	7.1257773E-008
5.62283	7.3510435E-008
5.623839	7.5363928E-008
5.624847	7.6751085E-008
5.625856	7.7621202E-008
5.626864	7.7941650E-008
5.627873	7.7698743E-008
5.628881	7.6898161E-008
5.62989	7.5564593E-008
5.630898	7.3740679E-008
5.631907	7.1485545E-008
5.632915	6.8872545E-008
5.633924	6.5986747E-008
5.634932	6.2921735E-008
5.635941	5.9776760E-008
5.636949	5.6652848E-008
5.637958	5.3649668E-008
5.638966	5.0861956E-008
5.639975	4.8376407E-008
5.640983	4.6268745E-008
5.641992	4.4601173E-008
5.643	4.3420417E-008
5.644009	4.2756184E-008
5.645017	4.2620290E-008
5.646026	4.3006406E-008
5.647034	4.3890385E-008
5.648042	4.5231257E-008
5.649051	4.6972691E-008
5.650059	4.9045152E-008
5.651068	5.1368250E-008
5.652076	5.3853643E-008
5.653085	5.6408144E-008
5.654093	5.8936887E-008
5.655102	6.1346618E-008
5.65611	6.3548868E-008
5.657119	6.5462913E-008
5.658127	6.7018597E-008
5.659136	6.8158549E-008
5.660144	6.8840045E-008
5.661152	6.9036460E-008
5.662161	6.8738046E-008
5.663169	6.7952030E-008
5.664178	6.6702334E-008
5.665186	6.5028665E-008
5.666195	6.2984931E-008
5.667203	6.0637312E-008
5.668212	5.8061961E-008
5.66922	5.5342259E-008
5.670229	5.2565941E-008
5.671237	4.9822024E-008
5.672246	4.7197730E-008
5.673254	4.4775579E-008
5.674263	4.2630543E-008
5.675271	4.0827544E-008
5.67628	3.9419355E-008
5.677288	3.8444743E-008
5.678297	3.7927432E-008
5.679305	3.7875228E-008
5.680314	3.8279950E-008
5.681322	3.9117840E-008
5.682331	4.0350422E-008
5.683339	4.1926018E-008
5.684348	4.3781522E-008
5.685356	4.5844732E-008
5.686364	4.8036853E-008
5.687373	5.0275240E-008
5.688381	5.2476285E-008
5.68939	5.4558338E-008
5.690398	5.6444396E-008
5.691407	5.8064806E-008
5.692415	5.9359589E-008
5.693424	6.0280378E-008
5.694432	6.0792054E-008
5.695441	6.0873852E-008
5.696449	6.0519909E-008
5.697458	5.9739492E-008
5.698466	5.8556420E-008
5.699475	5.7008229E-008
5.700483	5.5144763E-008
5.701491	5.3026369E-008
5.7025	5.0721766E-008
5.703508	4.8305548E-008
5.704517	4.5855653E-008
5.705525	4.3450640E-008
5.706534	4.1166981E-008
5.707542	3.9076433E-008
5.708551	3.7243595E-008
5.709559	3.5723769E-008
5.710568	3.4561165E-008
5.711576	3.3787313E-008
5.712585	3.3420253E-008
5.713593	3.3463845E-008
5.714602	3.3907899E-008
5.71561	3.4728458E-008
5.716619	3.5888821E-008
5.717627	3.7340872E-008
5.718636	3.9026776E-008
5.719644	4.0881076E-008
5.720653	4.2832973E-008
5.721661	4.4808818E-008
5.72267	4.6734680E-008
5.723678	4.8538844E-008
5.724687	5.0154323E-008
5.725695	5.1521148E-008
5.726703	5.2588348E-008
5.727712	5.3315645E-008
5.72872	5.3674874E-008
5.729729	5.3650744E-008
5.730737	5.3241369E-008
5.731746	5.2458187E-008
5.732754	5.1325546E-008
5.733763	4.9879656E-008
5.734771	4.8167369E-008
5.73578	4.6244470E-008
5.736788	4.4173614E-008
5.737797	4.2022211E-008
5.738805	3.9859962E-008
5.739813	3.7756543E-008
5.740822	3.5779163E-008
5.74183	3.3990201E-008
5.742839	3.2445147E-008
5.743847	3.1190769E-008
5.744856	3.0263418E-008
5.745864	2.9688010E-008
5.746873	2.9477105E-008
5.747881	2.9630614E-008
5.74889	3.0135865E-008
5.749898	3.0968135E-008
5.750907	3.2091592E-008
5.751915	3.3460495E-008
5.752924	3.5021028E-008
5.753932	3.6713072E-008
5.754941	3.8472351E-008
5.755949	4.0232727E-008
5.756958	4.1928470E-008
5.757966	4.3496534E-008
5.758975	4.4878743E-008
5.759983	4.6023764E-008
5.760992	4.6888800E-008
5.762	4.7441141E-008
5.763009	4.7659054E-008
5.764017	4.7532659E-008
5.765026	4.7064045E-008
5.766034	4.6267168E-008
5.767042	4.5167315E-008
5.768051	4.3800203E-008
5.769059	4.2210498E-008
5.770068	4.0450420E-008
5.771076	3.8577774E-008
5.772085	3.6653947E-008
5.773093	3.4741767E-008
5.774102	3.2903255E-008
5.77511	3.1197594E-008
5.776119	2.9678988E-008
5.777127	2.8394897E-008
5.778136	2.7384381E-008
5.779144	2.6676810E-008
5.780152	2.6290916E-008
5.781161	2.6234156E-008
5.782169	2.6502597E-008
5.783178	2.7081036E-008
5.784186	2.7943623E-008
5.785195	2.9054831E-008
5.786203	3.0370710E-008
5.787212	3.1840500E-008
5.78822	3.3408377E-008
5.789229	3.5015454E-008
5.790237	3.6601875E-008
5.791246	3.8108826E-008
5.792254	3.9480646E-008
5.793262	4.0666720E-008
5.794271	4.1623181E-008
5.79528	4.2314454E-008
5.796288	4.2714397E-008
5.797297	4.2807176E-008
5.798305	4.2587775E-008
5.799314	4.2062062E-008
5.800322	4.1246558E-008
5.801331	4.0167819E-008
5.802339	3.8861440E-008
5.803348	3.7370771E-008
5.804356	3.5745369E-008
5.805365	3.4039278E-008
5.806373	3.2309085E-008
5.807381	3.0611975E-008
5.80839	2.9003735E-008
5.809398	2.7536801E-008
5.810407	2.6258453E-008
5.811415	2.5209241E-008
5.812424	2.4421521E-008
5.813432	2.3918417E-008
5.814441	2.3713078E-008
5.815449	2.3808207E-008
5.816458	2.4196051E-008
5.817466	2.4858759E-008
5.818475	2.5768957E-008
5.819483	2.6890829E-008
5.820491	2.8181367E-008
5.8215	2.9591924E-008
5.822508	3.1069924E-008
5.823517	3.2560695E-008
5.824525	3.4009460E-008
5.825534	3.5363154E-008
5.826542	3.6572303E-008
5.827551	3.7592784E-008
5.828559	3.8387270E-008
5.829568	3.8926522E-008
5.830576	3.9190354E-008
5.831585	3.9168373E-008
5.832593	3.8860161E-008
5.833601	3.8275367E-008
5.83461	3.7433249E-008
5.835618	3.6361982E-008
5.836627	3.5097663E-008
5.837636	3.3682952E-008
5.838644	3.2165641E-008
5.839653	3.0596880E-008
5.840661	2.9029476E-008
5.84167	2.7515970E-008
5.842678	2.6106861E-008
5.843687	2.4848822E-008
5.844695	2.3783114E-008
5.845704	2.2944180E-008
5.846712	2.2358432E-008
5.84772	2.2043412E-008
5.848729	2.2007162E-008
5.849737	2.2248022E-008
5.850746	2.2754687E-008
5.851754	2.3506662E-008
5.852763	2.4474966E-008
5.853771	2.5623205E-008
5.85478	2.6908872E-008
5.855788	2.8284799E-008
5.856797	2.9700875E-008
5.857805	3.1105778E-008
5.858814	3.2448778E-008
5.859822	3.3681477E-008
5.86083	3.4759591E-008
5.861839	3.5644316E-008
5.862847	3.6303884E-008
5.863856	3.6714393E-008
5.864864	3.6860840E-008
5.865873	3.6737500E-008
5.866881	3.6348116E-008
5.86789	3.5705742E-008
5.868898	3.4832237E-008
5.869907	3.3757541E-008
5.870915	3.2518514E-008
5.871924	3.1157690E-008
5.872932	2.9721804E-008
5.87394	2.8260061E-008
5.874949	2.6822466E-008
5.875957	2.5458137E-008
5.876966	2.4213461E-008
5.877975	2.3130591E-008
5.878983	2.2245949E-008
5.879992	2.1588967E-008
5.881	2.1181073E-008
5.882009	2.1034982E-008
5.883017	2.1154253E-008
5.884026	2.1533204E-008
5.885034	2.2157126E-008
5.886043	2.3002791E-008
5.887051	2.4039332E-008
5.888059	2.5229300E-008
5.889068	2.6529994E-008
5.890076	2.7894972E-008
5.891085	2.9275668E-008
5.892093	3.0623088E-008
5.893102	3.1889513E-008
5.89411	3.3030211E-008
5.895119	3.4004906E-008
5.896127	3.4779216E-008
5.897136	3.5325911E-008
5.898144	3.5625714E-008
5.899153	3.5668045E-008
5.900161	3.5451418E-008
5.901169	3.8994916E-008
5.902178	3.9979401E-008
5.903186	4.0556866E-008
5.904195	4.0710184E-008
5.905203	4.0417788E-008
5.906212	3.9706382E-008
5.90722	3.8591569E-008
5.908229	3.7113814E-008
5.909237	3.5334036E-008
5.910246	3.3300569E-008
5.911254	3.1095059E-008
5.912263	2.8788683E-008
5.913271	2.6468795E-008
5.914279	2.4210191E-008
5.915288	2.2090264E-008
5.916296	2.0189365E-008
5.917305	1.8566258E-008
5.918314	1.7284993E-008
5.919322	1.6386704E-008
5.920331	1.5893360E-008
5.921339	1.5838619E-008
5.922348	1.6210533E-008
5.923356	1.6998117E-008
5.924365	1.8176111E-008
5.925373	1.9699556E-008
5.926382	2.1524881E-008
5.92739	2.3576108E-008
5.928398	2.5790536E-008
5.929407	2.8087987E-008
5.930415	3.0386925E-008
5.931424	3.2609723E-008
5.932432	3.4676461E-008
5.933441	3.6521197E-008
5.934449	3.8077072E-008
5.935458	3.9285318E-008
5.936466	4.0115189E-008
5.937475	4.0522707E-008
5.938483	4.0511939E-008
5.939492	4.0064833E-008
5.9405	3.9216943E-008
5.941508	3.7982421E-008
5.942517	3.6415262E-008
5.943525	3.4565105E-008
5.944534	3.2493496E-008
5.945542	3.0283147E-008
5.946551	2.8008460E-008
5.947559	2.5745653E-008
5.948568	2.3577824E-008
5.949576	2.1577756E-008
5.950585	1.9822634E-008
5.951593	1.8364656E-008
5.952602	1.7261703E-008
5.95361	1.6551235E-008
5.954618	1.6264694E-008
5.955627	1.6405556E-008
5.956635	1.6973191E-008
5.957644	1.7953038E-008
5.958652	1.9298795E-008
5.959661	2.0979575E-008
5.96067	2.2935883E-008
5.961678	2.5090202E-008
5.962687	2.7377668E-008
5.963695	2.9724957E-008
5.964704	3.2036812E-008
5.965712	3.4240159E-008
5.96672	3.6268958E-008
5.967729	3.8042355E-008
5.968737	3.9498374E-008
5.969746	4.0597914E-008
5.970754	4.1299053E-008
5.971763	4.1569383E-008
5.972771	4.1413436E-008
5.97378	4.0828692E-008
5.974788	3.9840540E-008
5.975797	3.8484920E-008
5.976805	3.6805776E-008
5.977814	3.4859884E-008
5.978822	3.2723602E-008
5.979831	3.0469995E-008
5.980839	2.8175924E-008
5.981847	2.5917275E-008
5.982856	2.3785695E-008
5.983864	2.1851806E-008
5.984873	2.0183691E-008
5.985881	1.8837314E-008
5.98689	1.7870480E-008
5.987898	1.7310642E-008
5.988907	1.7183991E-008
5.989915	1.7493925E-008
5.990924	1.8238142E-008
5.991932	1.9390438E-008
5.992941	2.0916399E-008
5.993949	2.2752774E-008
5.994957	2.4847800E-008
5.995966	2.7132950E-008
5.996974	2.9531048E-008
5.997983	3.1956180E-008
5.998991	3.4333279E-008
6	3.6577067E-008
