theta_deg	R
0.001	9.9992120E-001
0.002	9.9985617E-001
0.003	9.9979138E-001
0.004	9.9971700E-001
0.005	9.9965197E-001
0.006	9.9957794E-001
0.007	9.9951273E-001
0.008	9.9943870E-001
0.009	9.9937356E-001
0.01	9.9929941E-001
0.011	9.9923432E-001
0.012	9.9915999E-001
0.013	9.9909520E-001
0.014	9.9094820E-001
0.015	9.9087512E-001
0.016	9.9081153E-001
0.017	9.9074769E-001
0.018	9.9067473E-001
0.019	9.9061066E-001
0.02	9.9053788E-001
0.021	9.9047393E-001
0.022	9.9040115E-001
0.023	9.9033713E-001
0.024	9.9026418E-001
0.025	9.8683470E-001
0.026	9.8676240E-001
0.027	9.8669899E-001
0.028	9.8663563E-001
0.029	9.8656309E-001
0.03	9.8649991E-001
0.031	9.8642731E-001
0.032	9.8375589E-001
0.033	9.8369300E-001
0.034	9.8362082E-001
0.035	9.8355788E-001
0.036	9.8349482E-001
0.037	9.8342264E-001
0.038	9.8113871E-001
0.039	9.8107576E-001
0.04	9.8101318E-001
0.041	9.8094130E-001
0.042	9.7890067E-001
0.043	9.7883809E-001
0.044	9.7877550E-001
0.045	9.7870398E-001
0.046	9.7864151E-001
0.047	9.7677100E-001
0.048	9.7670877E-001
0.049	9.7664630E-001
0.05	9.7658414E-001
0.051	9.7484052E-001
0.052	9.7477841E-001
0.053	9.7471642E-001
0.054	9.7464514E-001
0.055	9.7300929E-001
0.056	9.7294730E-001
0.057	9.7288531E-001
0.058	9.7132838E-001
0.059	9.7125757E-001
0.06	9.7119546E-001
0.061	9.6970332E-001
0.062	9.6964180E-001
0.063	9.6958017E-001
0.064	9.6951860E-001
0.065	9.6807599E-001
0.066	9.6801448E-001
0.067	9.6795321E-001
0.068	9.6656120E-001
0.069	9.6649975E-001
0.07	9.6515095E-001
0.071	9.6508992E-001
0.072	9.6501935E-001
0.073	9.6370959E-001
0.074	9.6364868E-001
0.075	9.6358740E-001
0.076	9.6230221E-001
0.077	9.6224117E-001
0.078	9.6098131E-001
0.079	9.6092045E-001
0.08	9.6085948E-001
0.081	9.5962834E-001
0.082	9.5956755E-001
0.083	9.5835090E-001
0.084	9.5829016E-001
0.085	9.5823842E-001
0.086	9.5704585E-001
0.087	9.5698553E-001
0.088	9.5581096E-001
0.089	9.5575070E-001
0.09	9.5458174E-001
0.091	9.5453018E-001
0.092	9.5338041E-001
0.093	9.5332932E-001
0.094	9.5219314E-001
0.095	9.5213282E-001
0.096	9.5099962E-001
0.097	9.5093924E-001
0.098	9.4982207E-001
0.099	9.4977081E-001
0.1	9.4866151E-001
0.101	9.4861037E-001
0.102	9.4750786E-001
0.103	9.4744766E-001
0.104	9.4636005E-001
0.105	9.4630933E-001
0.106	9.4520998E-001
0.107	9.4515920E-001
0.108	9.4408178E-001
0.109	9.4402170E-001
0.11	9.4294012E-001
0.111	9.4288921E-001
0.112	9.4181049E-001
0.113	9.4074309E-001
0.114	9.4069254E-001
0.115	9.3961847E-001
0.116	9.3956786E-001
0.117	9.3851346E-001
0.118	9.3744206E-001
0.119	9.3739158E-001
0.12	9.3633032E-001
0.121	9.3627942E-001
0.122	9.3521839E-001
0.123	9.3415678E-001
0.124	9.3410623E-001
0.125	9.3303490E-001
0.126	9.3197227E-001
0.127	9.3192148E-001
0.128	9.3086630E-001
0.129	9.2980951E-001
0.13	9.2975903E-001
0.131	9.2870009E-001
0.132	9.2761922E-001
0.133	9.2757791E-001
0.134	9.2650419E-001
0.135	9.2543727E-001
0.136	9.2538631E-001
0.137	9.2431509E-001
0.138	9.2323053E-001
0.139	9.2318904E-001
0.14	9.2210066E-001
0.141	9.2101681E-001
0.142	9.1992939E-001
0.143	9.1988742E-001
0.144	9.1878295E-001
0.145	9.1769457E-001
0.146	9.1764331E-001
0.147	9.1654891E-001
0.148	9.1544950E-001
0.149	9.1432208E-001
0.15	9.1428030E-001
0.151	9.1316772E-001
0.152	9.1204631E-001
0.153	9.1090822E-001
0.154	9.0977287E-001
0.155	9.0973091E-001
0.156	9.0858769E-001
0.157	9.0744901E-001
0.158	9.0629035E-001
0.159	9.0510994E-001
0.16	9.0506762E-001
0.161	9.0390092E-001
0.162	9.0272486E-001
0.163	9.0152681E-001
0.164	9.0031886E-001
0.165	8.9911079E-001
0.166	8.9906764E-001
0.167	8.9784884E-001
0.168	8.9661884E-001
0.169	8.9537853E-001
0.17	8.9415002E-001
0.171	8.9287245E-001
0.172	8.9159203E-001
0.173	8.9155805E-001
0.174	8.9029408E-001
0.175	8.8899779E-001
0.176	8.8768876E-001
0.177	8.8636506E-001
0.178	8.8503796E-001
0.179	8.8368517E-001
0.18	8.8234419E-001
0.181	8.8096631E-001
0.182	8.7957275E-001
0.183	8.7819391E-001
0.184	8.7677753E-001
0.185	8.7674087E-001
0.186	8.7530607E-001
0.187	8.7386388E-001
0.188	8.7240320E-001
0.189	8.7091732E-001
0.19	8.6942875E-001
0.191	8.6791730E-001
0.192	8.6639309E-001
0.193	8.6486310E-001
0.194	8.6329210E-001
0.195	8.6172378E-001
0.196	8.6012876E-001
0.197	8.5852206E-001
0.198	8.5688478E-001
0.199	8.5524905E-001
0.2	8.5358155E-001
0.201	8.5194945E-001
0.202	8.5028386E-001
0.203	8.4863532E-001
0.204	8.4698462E-001
0.205	8.4532797E-001
0.206	8.4374630E-001
0.207	8.4213102E-001
0.208	7.8216308E-001
0.209	7.9298115E-001
0.21	8.0343544E-001
0.211	8.0722803E-001
0.212	8.0866486E-001
0.213	8.0893254E-001
0.214	8.0856717E-001
0.215	8.0772424E-001
0.216	8.0655801E-001
0.217	8.0517340E-001
0.218	8.0355597E-001
0.219	7.9996789E-001
0.22	7.9789668E-001
0.221	7.9574180E-001
0.222	7.9349631E-001
0.223	7.9115927E-001
0.224	7.8866744E-001
0.225	7.8612006E-001
0.226	7.8068650E-001
0.227	7.7785522E-001
0.228	7.7488375E-001
0.229	7.7181184E-001
0.23	7.6863027E-001
0.231	7.6536995E-001
0.232	7.5850457E-001
0.233	7.5489211E-001
0.234	7.5113702E-001
0.235	7.4725109E-001
0.236	7.4326026E-001
0.237	7.3481232E-001
0.238	7.3038292E-001
0.239	7.2575569E-001
0.24	7.2097707E-001
0.241	7.1603274E-001
0.242	7.0552021E-001
0.243	6.9997472E-001
0.244	6.9418132E-001
0.245	6.8816572E-001
0.246	6.7541015E-001
0.247	6.6860878E-001
0.248	6.6152602E-001
0.249	6.5413219E-001
0.25	6.3845050E-001
0.251	6.3012809E-001
0.252	6.2140793E-001
0.253	6.0295397E-001
0.254	5.9327209E-001
0.255	5.8315277E-001
0.256	5.7273984E-001
0.257	5.5130887E-001
0.258	5.4162854E-001
0.259	5.2665472E-001
0.26	4.9927258E-001
0.261	4.8574221E-001
0.262	4.7225010E-001
0.263	4.4576401E-001
0.264	4.3275112E-001
0.265	4.2001468E-001
0.266	3.9535773E-001
0.267	3.8345084E-001
0.268	3.6058789E-001
0.269	3.4961787E-001
0.27	3.3900863E-001
0.271	3.1884491E-001
0.272	3.0935901E-001
0.273	3.0030549E-001
0.274	2.8351542E-001
0.275	2.7581340E-001
0.276	2.6174343E-001
0.277	2.5531048E-001
0.278	2.4923168E-001
0.279	2.3789442E-001
0.28	2.3253354E-001
0.281	2.2218516E-001
0.282	2.1712093E-001
0.283	2.0706899E-001
0.284	2.0207992E-001
0.285	1.9219485E-001
0.286	1.8735354E-001
0.287	1.8259662E-001
0.288	1.7350554E-001
0.289	1.6922893E-001
0.29	1.6135052E-001
0.291	1.5778434E-001
0.292	1.5143280E-001
0.293	1.4864394E-001
0.294	1.4376745E-001
0.295	1.4163268E-001
0.296	1.3782698E-001
0.297	1.3608797E-001
0.298	1.3277324E-001
0.299	1.3113584E-001
0.3	1.2776861E-001
0.301	1.2415967E-001
0.302	1.2222868E-001
0.303	1.1812174E-001
0.304	1.1594564E-001
0.305	1.1141190E-001
0.306	1.0908212E-001
0.307	1.0438155E-001
0.308	1.0204867E-001
0.309	9.7536400E-002
0.31	9.3333885E-002
0.311	9.1393918E-002
0.312	8.7886423E-002
0.313	8.6336240E-002
0.314	8.3658040E-002
0.315	8.1526235E-002
0.316	8.0648109E-002
0.317	7.9220504E-002
0.318	7.8640737E-002
0.319	7.7682212E-002
0.32	7.6884210E-002
0.321	7.6501213E-002
0.322	7.5715512E-002
0.323	7.4802086E-002
0.324	7.4269801E-002
0.325	7.3034003E-002
0.326	7.1529895E-002
0.327	7.0673697E-002
0.328	6.8760976E-002
0.329	6.6612013E-002
0.33	6.5461889E-002
0.331	6.3050248E-002
0.332	6.0562409E-002
0.333	5.9305839E-002
0.334	5.6828573E-002
0.335	5.4463729E-002
0.336	5.3340897E-002
0.337	5.1272474E-002
0.338	4.9462661E-002
0.339	4.7950704E-002
0.34	4.7310948E-002
0.341	4.6266854E-002
0.342	4.5536503E-002
0.343	4.5074746E-002
0.344	4.4933200E-002
0.345	4.4803731E-002
0.346	4.4820361E-002
0.347	4.4926442E-002
0.348	4.4987831E-002
0.349	4.5104049E-002
0.35	4.5154072E-002
0.351	4.5088664E-002
0.352	4.4867747E-002
0.353	4.4686683E-002
0.354	4.4184737E-002
0.355	4.3481588E-002
0.356	4.2580217E-002
0.357	4.1496724E-002
0.358	4.0254474E-002
0.359	3.9582878E-002
0.36	3.8170855E-002
0.361	3.6694765E-002
0.362	3.5202827E-002
0.363	3.3735499E-002
0.364	3.2339402E-002
0.365	3.1679049E-002
0.366	3.0458175E-002
0.367	2.9393954E-002
0.368	2.8507315E-002
0.369	2.7812570E-002
0.37	2.7311418E-002
0.371	2.7000293E-002
0.372	2.6868328E-002
0.373	2.6891008E-002
0.374	2.6951931E-002
0.375	2.7160468E-002
0.376	2.7455606E-002
0.377	2.7799901E-002
0.378	2.8161000E-002
0.379	2.8504346E-002
0.38	2.8799053E-002
0.381	2.9018104E-002
0.382	2.9137453E-002
0.383	2.9140193E-002
0.384	2.9014390E-002
0.385	2.8753294E-002
0.386	2.8356435E-002
0.387	2.7829612E-002
0.388	2.7181884E-002
0.389	2.6428580E-002
0.39	2.5588095E-002
0.391	2.4681453E-002
0.392	2.3732796E-002
0.393	2.2765940E-002
0.394	2.1804508E-002
0.395	2.0876538E-002
0.396	1.9999400E-002
0.397	1.9197371E-002
0.398	1.8484928E-002
0.399	1.7876055E-002
0.4	1.7382886E-002
0.401	1.7008197E-002
0.402	1.6755451E-002
0.403	1.6621456E-002
0.404	1.6600063E-002
0.405	1.6681977E-002
0.406	1.6853461E-002
0.407	1.7099325E-002
0.408	1.7403679E-002
0.409	1.7747113E-002
0.41	1.8296387E-002
0.411	1.8656164E-002
0.412	1.8990573E-002
0.413	1.9283475E-002
0.414	1.9520964E-002
0.415	1.9690607E-002
0.416	1.9782834E-002
0.417	1.9790545E-002
0.418	1.9710667E-002
0.419	1.9424090E-002
0.42	1.9122882E-002
0.421	1.8740501E-002
0.422	1.8284651E-002
0.423	1.7764054E-002
0.424	1.7190026E-002
0.425	1.6257938E-002
0.426	1.5606945E-002
0.427	1.4949357E-002
0.428	1.4299281E-002
0.429	1.3669459E-002
0.43	1.3072748E-002
0.431	1.2265859E-002
0.432	1.1800966E-002
0.433	1.1401100E-002
0.434	1.1076073E-002
0.435	1.0731043E-002
0.436	1.0599448E-002
0.437	1.0542990E-002
0.438	1.0561803E-002
0.439	1.0648042E-002
0.44	1.0891698E-002
0.441	1.1117649E-002
0.442	1.1383018E-002
0.443	1.1678381E-002
0.444	1.2153802E-002
0.445	1.2475466E-002
0.446	1.2788957E-002
0.447	1.3223333E-002
0.448	1.3474206E-002
0.449	1.3685033E-002
0.45	1.3848973E-002
0.451	1.3997021E-002
0.452	1.4023198E-002
0.453	1.3990216E-002
0.454	1.3828190E-002
0.455	1.3645396E-002
0.456	1.3407111E-002
0.457	1.2955436E-002
0.458	1.2597749E-002
0.459	1.2202612E-002
0.46	1.1557260E-002
0.461	1.1101606E-002
0.462	1.0636162E-002
0.463	9.9377520E-003
0.464	9.4828531E-003
0.465	8.8375602E-003
0.466	8.4417043E-003
0.467	8.0808019E-003
0.468	7.6170317E-003
0.469	7.3655890E-003
0.47	7.1631437E-003
0.471	6.9588609E-003
0.472	6.8864156E-003
0.473	6.8759639E-003
0.474	6.9298288E-003
0.475	7.0953807E-003
0.476	7.2549027E-003
0.477	7.4481233E-003
0.478	7.7900365E-003
0.479	8.0426577E-003
0.48	8.4437244E-003
0.481	8.7152738E-003
0.482	9.1142161E-003
0.483	9.3641877E-003
0.484	9.7033065E-003
0.485	9.8963585E-003
0.486	1.0128274E-002
0.487	1.0237299E-002
0.488	1.0328611E-002
0.489	1.0336708E-002
0.49	1.0271917E-002
0.491	1.0175975E-002
0.492	9.9583231E-003
0.493	9.7656529E-003
0.494	9.4146542E-003
0.495	9.1428496E-003
0.496	8.6917654E-003
0.497	8.3671836E-003
0.498	7.8592077E-003
0.499	7.5124949E-003
0.5	6.9949040E-003
0.501	6.6583687E-003
0.502	6.1788838E-003
0.503	5.7431222E-003
0.504	5.4828320E-003
0.505	5.1465509E-003
0.506	4.9623018E-003
0.507	4.7515947E-003
0.508	4.6564182E-003
0.509	4.5820773E-003
0.51	4.5893304E-003
0.511	4.6372265E-003
0.512	4.7705034E-003
0.513	4.8955712E-003
0.514	5.1314989E-003
0.515	5.4141721E-003
0.516	5.6220638E-003
0.517	5.9535964E-003
0.518	6.2957704E-003
0.519	6.5222336E-003
0.52	6.8509877E-003
0.521	7.1540643E-003
0.522	7.3353318E-003
0.523	7.5699263E-003
0.524	7.7509535E-003
0.525	7.8381458E-003
0.526	7.9155862E-003
0.527	7.9255374E-003
0.528	7.8939134E-003
0.529	7.7909003E-003
0.53	7.6231854E-003
0.531	7.4771736E-003
0.532	7.2132703E-003
0.533	6.9017559E-003
0.534	6.5513453E-003
0.535	6.3009597E-003
0.536	5.9094299E-003
0.537	5.5082366E-003
0.538	5.1087048E-003
0.539	4.8483722E-003
0.54	4.4762390E-003
0.541	4.1344077E-003
0.542	3.8313479E-003
0.543	3.6546779E-003
0.544	3.4326687E-003
0.545	3.2667986E-003
0.546	3.1604283E-003
0.547	3.1138016E-003
0.548	3.1154947E-003
0.549	3.1668127E-003
0.55	3.2733018E-003
0.551	3.4298839E-003
0.552	3.6297492E-003
0.553	3.7832768E-003
0.554	4.0384363E-003
0.555	4.3152869E-003
0.556	4.6042274E-003
0.557	4.8960205E-003
0.558	5.1810276E-003
0.559	5.3622760E-003
0.56	5.6164307E-003
0.561	5.8412310E-003
0.562	6.0299649E-003
0.563	6.1770743E-003
0.564	6.2778033E-003
0.565	6.3294317E-003
0.566	6.3299448E-003
0.567	6.2794751E-003
0.568	6.2170904E-003
0.569	6.0844338E-003
0.57	5.9066564E-003
0.571	5.6883725E-003
0.572	5.4350980E-003
0.573	5.1532723E-003
0.574	4.8501072E-003
0.575	4.5327963E-003
0.576	4.2094095E-003
0.577	3.8877656E-003
0.578	3.5754610E-003
0.579	3.2801647E-003
0.58	3.0085491E-003
0.581	2.7668863E-003
0.582	2.5603387E-003
0.583	2.3934818E-003
0.584	2.2690645E-003
0.585	2.1899040E-003
0.586	2.1626651E-003
0.587	2.1597228E-003
0.588	2.2021194E-003
0.589	2.2870230E-003
0.59	2.4620602E-003
0.591	2.6334370E-003
0.592	2.8339429E-003
0.593	3.0577155E-003
0.594	3.2985560E-003
0.595	3.5498799E-003
0.596	3.8050069E-003
0.597	4.0572374E-003
0.598	4.3000747E-003
0.599	4.5271227E-003
0.6	4.7329888E-003
0.601	4.9124463E-003
0.602	5.0608316E-003
0.603	5.1749051E-003
0.604	5.2519748E-003
0.605	5.2893581E-003
0.606	5.2869916E-003
0.607	5.2218614E-003
0.608	5.1275240E-003
0.609	4.9964972E-003
0.61	4.8319371E-003
0.611	4.6372404E-003
0.612	4.4169081E-003
0.613	4.1754888E-003
0.614	3.9185635E-003
0.615	3.6511496E-003
0.616	3.2887752E-003
0.617	3.0195136E-003
0.618	2.7590147E-003
0.619	2.5124939E-003
0.62	2.2849236E-003
0.621	2.0810766E-003
0.622	1.8524555E-003
0.623	1.7176244E-003
0.624	1.6170027E-003
0.625	1.5519985E-003
0.626	1.5238060E-003
0.627	1.5433300E-003
0.628	1.5994934E-003
0.629	1.6896394E-003
0.63	1.8111123E-003
0.631	1.9610438E-003
0.632	2.1990049E-003
0.633	2.4002725E-003
0.634	2.6161768E-003
0.635	2.8419562E-003
0.636	3.1500147E-003
0.637	3.3793293E-003
0.638	3.6018472E-003
0.639	3.8130637E-003
0.64	4.0694904E-003
0.641	4.2374069E-003
0.642	4.3806583E-003
0.643	4.4962168E-003
0.644	4.6042027E-003
0.645	4.6476070E-003
0.646	4.6581002E-003
0.647	4.6212468E-003
0.648	4.5555150E-003
0.649	4.4587161E-003
0.65	4.2845514E-003
0.651	4.1231895E-003
0.652	3.9391313E-003
0.653	3.6643632E-003
0.654	3.4410136E-003
0.655	3.2077560E-003
0.656	2.8886981E-003
0.657	2.6488767E-003
0.658	2.4135965E-003
0.659	2.1147046E-003
0.66	1.9062527E-003
0.661	1.7156480E-003
0.662	1.4952663E-003
0.663	1.3588043E-003
0.664	1.2197429E-003
0.665	1.1495290E-003
0.666	1.1099807E-003
0.667	1.1058325E-003
0.668	1.1386784E-003
0.669	1.2289218E-003
0.67	1.3295434E-003
0.671	1.5039464E-003
0.672	1.6612583E-003
0.673	1.8381191E-003
0.674	2.0987454E-003
0.675	2.3078322E-003
0.676	2.5977748E-003
0.677	2.8181151E-003
0.678	3.1087617E-003
0.679	3.3188607E-003
0.68	3.5822578E-003
0.681	3.7619560E-003
0.682	3.9727800E-003
0.683	4.1050985E-003
0.684	4.2436076E-003
0.685	4.3162229E-003
0.686	4.3701120E-003
0.687	4.3762666E-003
0.688	4.3402147E-003
0.689	4.2795953E-003
0.69	4.1568428E-003
0.691	4.0347967E-003
0.692	3.8366411E-003
0.693	3.6640924E-003
0.694	3.4084253E-003
0.695	3.2007601E-003
0.696	2.9098329E-003
0.697	2.6853094E-003
0.698	2.3849271E-003
0.699	2.0909794E-003
0.7	1.8796315E-003
0.701	1.6166617E-003
0.702	1.4375248E-003
0.703	1.2284343E-003
0.704	1.0969404E-003
0.705	9.5953658E-004
0.706	8.6865627E-004
0.707	8.3264051E-004
0.708	8.2861382E-004
0.709	8.5870665E-004
0.71	9.4147422E-004
0.711	1.0712288E-003
0.712	1.1971628E-003
0.713	1.3994344E-003
0.714	1.6358998E-003
0.715	1.8315639E-003
0.716	2.1114927E-003
0.717	2.4060481E-003
0.718	2.6314738E-003
0.719	2.9321555E-003
0.72	3.2251203E-003
0.721	3.4348797E-003
0.722	3.6959334E-003
0.723	3.9290115E-003
0.724	4.0813796E-003
0.725	4.2512231E-003
0.726	4.3783211E-003
0.727	4.4596442E-003
0.728	4.4888277E-003
0.729	4.4853017E-003
0.73	4.4330982E-003
0.731	4.3621548E-003
0.732	4.2284913E-003
0.733	4.0529314E-003
0.734	3.8393401E-003
0.735	3.6573538E-003
0.736	3.3912980E-003
0.737	3.1042495E-003
0.738	2.8035901E-003
0.739	2.5735560E-003
0.74	2.2675439E-003
0.741	1.9692110E-003
0.742	1.6862820E-003
0.743	1.4258743E-003
0.744	1.2493082E-003
0.745	1.0442568E-003
0.746	8.7880861E-004
0.747	7.5697899E-004
0.748	6.8255328E-004
0.749	6.5748312E-004
0.75	6.7176623E-004
0.751	7.3535158E-004
0.752	8.4845949E-004
0.753	1.0087152E-003
0.754	1.2129473E-003
0.755	1.4565913E-003
0.756	1.6618258E-003
0.757	1.9608748E-003
0.758	2.2826125E-003
0.759	2.6197771E-003
0.76	2.9647108E-003
0.761	3.3095791E-003
0.762	3.6465537E-003
0.763	3.9676977E-003
0.764	4.2661633E-003
0.765	4.4705169E-003
0.766	4.7129598E-003
0.767	4.9156565E-003
0.768	5.0736284E-003
0.769	5.1829973E-003
0.77	5.2417098E-003
0.771	5.2483650E-003
0.772	5.2023493E-003
0.773	5.1048156E-003
0.774	4.9575726E-003
0.775	4.7635688E-003
0.776	4.5278217E-003
0.777	4.2549376E-003
0.778	3.9511416E-003
0.779	3.6231044E-003
0.78	3.2780478E-003
0.781	2.9242174E-003
0.782	2.5695167E-003
0.783	2.2221329E-003
0.784	1.8901908E-003
0.785	1.5816886E-003
0.786	1.3040856E-003
0.787	1.0643504E-003
0.788	8.6872315E-004
0.789	7.2270219E-004
0.79	6.3044147E-004
0.791	5.9535191E-004
0.792	6.1973825E-004
0.793	7.0417748E-004
0.794	8.4861170E-004
0.795	1.0513251E-003
0.796	1.3093181E-003
0.797	1.6188291E-003
0.798	1.9745058E-003
0.799	2.3703519E-003
0.8	2.7991745E-003
0.801	3.2531919E-003
0.802	3.8439361E-003
0.803	4.3235291E-003
0.804	4.7999038E-003
0.805	5.2642301E-003
0.806	5.7062721E-003
0.807	6.1186347E-003
0.808	6.4927991E-003
0.809	6.8210331E-003
0.81	7.1580405E-003
0.811	7.3608821E-003
0.812	7.5001805E-003
0.813	7.5718001E-003
0.814	7.5756568E-003
0.815	7.5102891E-003
0.816	7.3759090E-003
0.817	7.1163876E-003
0.818	6.8383198E-003
0.819	6.5034106E-003
0.82	6.1175469E-003
0.821	5.6888955E-003
0.822	5.1058852E-003
0.823	4.6119308E-003
0.824	4.1052466E-003
0.825	3.5966395E-003
0.826	3.0969344E-003
0.827	2.5020745E-003
0.828	2.0633307E-003
0.829	1.6693346E-003
0.83	1.3308851E-003
0.831	1.0000472E-003
0.832	8.1950147E-004
0.833	7.2246138E-004
0.834	7.1414810E-004
0.835	8.3634740E-004
0.836	1.0436599E-003
0.837	1.3489244E-003
0.838	1.7519967E-003
0.839	2.3893511E-003
0.84	2.9999553E-003
0.841	3.6935702E-003
0.842	4.6650274E-003
0.843	5.5130245E-003
0.844	6.4122761E-003
0.845	7.5888932E-003
0.846	8.5554309E-003
0.847	9.5280306E-003
0.848	1.0733476E-002
0.849	1.1667490E-002
0.85	1.2557939E-002
0.851	1.3591345E-002
0.852	1.4334372E-002
0.853	1.4988198E-002
0.854	1.5666746E-002
0.855	1.6081927E-002
0.856	1.6373485E-002
0.857	1.6558053E-002
0.858	1.6552158E-002
0.859	1.6354827E-002
0.86	1.6040443E-002
0.861	1.5589340E-002
0.862	1.4846952E-002
0.863	1.4116272E-002
0.864	1.3050573E-002
0.865	1.2092489E-002
0.866	1.1058092E-002
0.867	9.6890572E-003
0.868	8.5573653E-003
0.869	7.1376376E-003
0.87	6.0298694E-003
0.871	4.7274753E-003
0.872	3.7878598E-003
0.873	2.9743058E-003
0.874	2.1853021E-003
0.875	1.7753462E-003
0.876	1.5961905E-003
0.877	1.7600146E-003
0.878	2.3997030E-003
0.879	3.2953804E-003
0.88	4.9405326E-003
0.881	6.7058783E-003
0.882	9.5076598E-003
0.883	1.2242356E-002
0.884	1.6295914E-002
0.885	2.0050030E-002
0.886	2.5381923E-002
0.887	3.0147798E-002
0.888	3.6710151E-002
0.889	4.2409193E-002
0.89	5.0070852E-002
0.891	5.8256157E-002
0.892	6.5135092E-002
0.893	7.4084729E-002
0.894	8.1464678E-002
0.895	9.0902500E-002
0.896	9.8550305E-002
0.897	1.0817151E-001
0.898	1.1775066E-001
0.899	1.2533043E-001
0.9	1.3463204E-001
0.901	1.4187729E-001
0.902	1.5061823E-001
0.903	1.5897670E-001
0.904	1.6530499E-001
0.905	1.7279398E-001
0.906	1.7837018E-001
0.907	1.8479717E-001
0.908	1.9063005E-001
0.909	1.9480172E-001
0.91	1.9945908E-001
0.911	2.0342451E-001
0.912	2.0611191E-001
0.913	2.0884180E-001
0.914	2.1092303E-001
0.915	2.1207154E-001
0.916	2.1293440E-001
0.917	2.1313772E-001
0.918	2.1284354E-001
0.919	2.1192908E-001
0.92	2.1037836E-001
0.921	2.0874979E-001
0.922	2.0616345E-001
0.923	2.0306367E-001
0.924	1.9942826E-001
0.925	1.9615695E-001
0.926	1.9165719E-001
0.927	1.8671843E-001
0.928	1.8136048E-001
0.929	1.7679112E-001
0.93	1.7077021E-001
0.931	1.6442549E-001
0.932	1.5777376E-001
0.933	1.5228081E-001
0.934	1.4519480E-001
0.935	1.3794221E-001
0.936	1.3051385E-001
0.937	1.2448882E-001
0.938	1.1688802E-001
0.939	1.0926680E-001
0.94	1.0162904E-001
0.941	9.4045565E-002
0.942	8.8031672E-002
0.943	8.0635503E-002
0.944	7.3395103E-002
0.945	6.6364333E-002
0.946	5.9570145E-002
0.947	5.3060398E-002
0.948	4.8072360E-002
0.949	4.2152334E-002
0.95	3.6591437E-002
0.951	3.1424008E-002
0.952	2.6663858E-002
0.953	2.2329889E-002
0.954	1.8427951E-002
0.955	1.5620447E-002
0.956	1.2505112E-002
0.957	9.8211765E-003
0.958	7.5569563E-003
0.959	5.6966012E-003
0.96	4.2204442E-003
0.961	3.1040744E-003
0.962	2.3201562E-003
0.963	1.8374259E-003
0.964	1.6261006E-003
0.965	1.6502163E-003
0.966	1.8168859E-003
0.967	2.1804250E-003
0.968	2.6843972E-003
0.969	3.2965411E-003
0.97	3.9849263E-003
0.971	4.7203880E-003
0.972	5.4752729E-003
0.973	6.2255170E-003
0.974	6.9484515E-003
0.975	7.6251030E-003
0.976	8.2402304E-003
0.977	8.7794987E-003
0.978	9.2337448E-003
0.979	9.5940232E-003
0.98	9.8560154E-003
0.981	1.0017464E-002
0.982	1.0078024E-002
0.983	1.0040140E-002
0.984	9.9075995E-003
0.985	9.6852165E-003
0.986	9.3823979E-003
0.987	9.0051442E-003
0.988	8.5634477E-003
0.989	8.0665536E-003
0.99	7.5262943E-003
0.991	6.9527319E-003
0.992	6.2363548E-003
0.993	5.6273220E-003
0.994	5.0187772E-003
0.995	4.4203475E-003
0.996	3.8417529E-003
0.997	3.2909126E-003
0.998	2.7751816E-003
0.999	2.3009917E-003
1	1.8736399E-003
1.001	1.4974072E-003
1.002	1.1753840E-003
1.003	8.6312194E-004
1.004	6.6538993E-004
1.005	5.2422739E-004
1.006	4.3790846E-004
1.007	4.0413154E-004
1.008	4.1972898E-004
1.009	4.8048823E-004
1.01	6.0669059E-004
1.011	7.5008499E-004
1.012	9.2240883E-004
1.013	1.1177165E-003
1.014	1.3301434E-003
1.015	1.5537251E-003
1.016	1.8287620E-003
1.017	2.0567277E-003
1.018	2.2782320E-003
1.019	2.4881749E-003
1.02	2.6825087E-003
1.021	2.8897354E-003
1.022	3.0365852E-003
1.023	3.1577374E-003
1.024	3.2507940E-003
1.025	3.3242516E-003
1.026	3.3523215E-003
1.027	3.3508386E-003
1.028	3.3198122E-003
1.029	3.2460811E-003
1.03	3.1557074E-003
1.031	3.0409375E-003
1.032	2.9051623E-003
1.033	2.7179115E-003
1.034	2.5449484E-003
1.035	2.3604345E-003
1.036	2.1282160E-003
1.037	1.9296540E-003
1.038	1.7302441E-003
1.039	1.5330337E-003
1.04	1.3039438E-003
1.041	1.1224607E-003
1.042	9.5244090E-004
1.043	7.6687080E-004
1.044	6.2971492E-004
1.045	5.1022798E-004
1.046	3.9192601E-004
1.047	3.1498811E-004
1.048	2.5826663E-004
1.049	2.1684417E-004
1.05	2.0409534E-004
1.051	2.1369985E-004
1.052	2.4119503E-004
1.053	2.8495362E-004
1.054	3.5664166E-004
1.055	4.3016989E-004
1.056	5.1407726E-004
1.057	6.2554167E-004
1.058	7.2470558E-004
1.059	8.4810914E-004
1.06	9.5184857E-004
1.061	1.0542277E-003
1.062	1.1724751E-003
1.063	1.2648343E-003
1.064	1.3659905E-003
1.065	1.4330690E-003
1.066	1.5097130E-003
1.067	1.5608235E-003
1.068	1.6059005E-003
1.069	1.6292179E-003
1.07	1.6398941E-003
1.071	1.6342872E-003
1.072	1.6158046E-003
1.073	1.5774709E-003
1.074	1.5327692E-003
1.075	1.4654010E-003
1.076	1.3987353E-003
1.077	1.3084348E-003
1.078	1.2259491E-003
1.079	1.1206252E-003
1.08	1.0290479E-003
1.081	9.1722852E-004
1.082	8.0539042E-004
1.083	7.1401126E-004
1.084	6.0868973E-004
1.085	5.2593503E-004
1.086	4.3448419E-004
1.087	3.6590040E-004
1.088	2.9413629E-004
1.089	2.4384233E-004
1.09	1.9570335E-004
1.091	1.6608470E-004
1.092	1.4341701E-004
1.093	1.3464196E-004
1.094	1.3768788E-004
1.095	1.5315732E-004
1.096	1.7521931E-004
1.097	2.1172650E-004
1.098	2.5783299E-004
1.099	3.0241627E-004
1.1	3.6189854E-004
1.101	4.1518983E-004
1.102	4.8204247E-004
1.103	5.5032369E-004
1.104	6.0689624E-004
1.105	6.7299162E-004
1.106	7.3549635E-004
1.107	7.8368071E-004
1.108	8.3570811E-004
1.109	8.8016805E-004
1.11	9.1076491E-004
1.111	9.3909854E-004
1.112	9.5771969E-004
1.113	9.6546544E-004
1.114	9.6559589E-004
1.115	9.5575221E-004
1.116	9.4005925E-004
1.117	9.1297139E-004
1.118	8.7746722E-004
1.119	8.3440560E-004
1.12	7.9351303E-004
1.121	7.3951558E-004
1.122	6.8129774E-004
1.123	6.3045474E-004
1.124	5.6797382E-004
1.125	5.0507393E-004
1.126	4.4314691E-004
1.127	3.9315346E-004
1.128	3.3622005E-004
1.129	2.8364229E-004
1.13	2.3639743E-004
1.131	1.9533315E-004
1.132	1.6631882E-004
1.133	1.3823128E-004
1.134	1.1783287E-004
1.135	1.0526042E-004
1.136	1.0054318E-004
1.137	1.0249046E-004
1.138	1.1160498E-004
1.139	1.2767244E-004
1.14	1.5005979E-004
1.141	1.7804364E-004
1.142	2.0501853E-004
1.143	2.4100684E-004
1.144	2.8001241E-004
1.145	3.2100902E-004
1.146	3.6295166E-004
1.147	4.0482791E-004
1.148	4.4560203E-004
1.149	4.7803775E-004
1.15	5.1438634E-004
1.151	5.4717727E-004
1.152	5.7565956E-004
1.153	5.9919199E-004
1.154	6.1736989E-004
1.155	6.2976684E-004
1.156	6.3619972E-004
1.157	6.3663779E-004
1.158	6.3234800E-004
1.159	6.2190020E-004
1.16	6.0591788E-004
1.161	5.8475335E-004
1.162	5.5899553E-004
1.163	5.2908820E-004
1.164	4.9581111E-004
1.165	4.5983202E-004
1.166	4.2194605E-004
1.167	3.8296790E-004
1.168	3.4362936E-004
1.169	3.0479155E-004
1.17	2.6719444E-004
1.171	2.3156177E-004
1.172	1.9854566E-004
1.173	1.6875891E-004
1.174	1.4269727E-004
1.175	1.2080692E-004
1.176	1.0341426E-004
1.177	9.0730879E-005
1.178	8.2909952E-005
1.179	7.9959922E-005
1.18	8.1802369E-005
1.181	8.8246481E-005
1.182	9.9044802E-005
1.183	1.1383093E-004
1.184	1.3216720E-004
1.185	1.5357591E-004
1.186	1.7749114E-004
1.187	2.0333871E-004
1.188	2.3049663E-004
1.189	2.5834132E-004
1.19	2.8622808E-004
1.191	3.1803714E-004
1.192	3.4393102E-004
1.193	3.6804637E-004
1.194	3.8983912E-004
1.195	4.0887139E-004
1.196	4.2477186E-004
1.197	4.3722999E-004
1.198	4.4602100E-004
1.199	4.5098807E-004
1.2	4.5191785E-004
1.201	4.4847140E-004
1.202	4.4124946E-004
1.203	4.3044408E-004
1.204	4.1628059E-004
1.205	3.9910671E-004
1.206	3.7921255E-004
1.207	3.5324626E-004
1.208	3.2905850E-004
1.209	3.0359463E-004
1.21	2.7738063E-004
1.211	2.5092048E-004
1.212	2.2471031E-004
1.213	1.9511452E-004
1.214	1.7108934E-004
1.215	1.4876443E-004
1.216	1.2852342E-004
1.217	1.0800937E-004
1.218	9.3380004E-005
1.219	8.1721286E-005
1.22	7.3165116E-005
1.221	6.7825262E-005
1.222	6.5691609E-005
1.223	6.7305038E-005
1.224	7.1999981E-005
1.225	7.9585618E-005
1.226	9.1829585E-005
1.227	1.0489529E-004
1.228	1.2001354E-004
1.229	1.3977799E-004
1.23	1.5809294E-004
1.231	1.7726114E-004
1.232	1.9686903E-004
1.233	2.1979379E-004
1.234	2.3897731E-004
1.235	2.5733199E-004
1.236	2.7726521E-004
1.237	2.9262868E-004
1.238	3.0615670E-004
1.239	3.1925633E-004
1.24	3.2792025E-004
1.241	3.3406436E-004
1.242	3.3796986E-004
1.243	3.3841335E-004
1.244	3.3621257E-004
1.245	3.3039105E-004
1.246	3.2270610E-004
1.247	3.1271728E-004
1.248	2.9845035E-004
1.249	2.8420051E-004
1.25	2.6569038E-004
1.251	2.4847826E-004
1.252	2.3039346E-004
1.253	2.0865313E-004
1.254	1.8982004E-004
1.255	1.6811442E-004
1.256	1.5009157E-004
1.257	1.3293728E-004
1.258	1.1442318E-004
1.259	1.0011351E-004
1.26	8.5579806E-005
1.261	7.5173681E-005
1.262	6.5655011E-005
1.263	5.9846243E-005
1.264	5.6288016E-005
1.265	5.4996548E-005
1.266	5.6305580E-005
1.267	6.0552149E-005
1.268	6.6399094E-005
1.269	7.5587544E-005
1.27	8.5270156E-005
1.271	9.8396442E-005
1.272	1.1092043E-004
1.273	1.2668184E-004
1.274	1.4083979E-004
1.275	1.5775538E-004
1.276	1.7224626E-004
1.277	1.8879210E-004
1.278	2.0233302E-004
1.279	2.1705979E-004
1.28	2.2846859E-004
1.281	2.4013923E-004
1.282	2.4971523E-004
1.283	2.5608620E-004
1.284	2.6129553E-004
1.285	2.6368973E-004
1.286	2.6411330E-004
1.287	2.6237793E-004
1.288	2.5804684E-004
1.289	2.5130622E-004
1.29	2.4371088E-004
1.291	2.3299521E-004
1.292	2.2237175E-004
1.293	2.0859038E-004
1.294	1.9363884E-004
1.295	1.8012107E-004
1.296	1.6390660E-004
1.297	1.4986965E-004
1.298	1.3368868E-004
1.299	1.1804541E-004
1.3	1.0531629E-004
1.301	9.1570131E-005
1.302	7.9276826E-005
1.303	7.0074137E-005
1.304	6.1106693E-005
1.305	5.4196105E-005
1.306	4.9985221E-005
1.307	4.7159094E-005
1.308	4.6577465E-005
1.309	4.7838017E-005
1.31	5.1313975E-005
1.311	5.6804551E-005
1.312	6.2992753E-005
1.313	7.1753646E-005
1.314	8.1957929E-005
1.315	9.3322509E-005
1.316	1.0376047E-004
1.317	1.1650182E-004
1.318	1.2952930E-004
1.319	1.4067699E-004
1.32	1.5340255E-004
1.321	1.6552568E-004
1.322	1.7677419E-004
1.323	1.8549353E-004
1.324	1.9443505E-004
1.325	2.0182201E-004
1.326	2.0751300E-004
1.327	2.1137577E-004
1.328	2.1314734E-004
1.329	2.1343805E-004
1.33	2.1178555E-004
1.331	2.0825537E-004
1.332	2.0291365E-004
1.333	1.9699290E-004
1.334	1.8869154E-004
1.335	1.7905081E-004
1.336	1.6828510E-004
1.337	1.5665128E-004
1.338	1.4615383E-004
1.339	1.3357689E-004
1.34	1.2088897E-004
1.341	1.0834882E-004
1.342	9.6231757E-005
1.343	8.4786050E-005
1.344	7.4248332E-005
1.345	6.6092238E-005
1.346	5.7776488E-005
1.347	5.0899536E-005
1.348	4.5581164E-005
1.349	4.1906838E-005
1.35	3.9936218E-005
1.351	3.9674236E-005
1.352	4.1104624E-005
1.353	4.4159166E-005
1.354	4.8749629E-005
1.355	5.3807489E-005
1.356	6.0884780E-005
1.357	6.9059184E-005
1.358	7.8129233E-005
1.359	8.7880631E-005
1.36	9.8084114E-005
1.361	1.0850503E-004
1.362	1.1890548E-004
1.363	1.2904992E-004
1.364	1.3871476E-004
1.365	1.4769682E-004
1.366	1.5578496E-004
1.367	1.6282260E-004
1.368	1.6863590E-004
1.369	1.7313816E-004
1.37	1.7621077E-004
1.371	1.7780566E-004
1.372	1.7791297E-004
1.373	1.7649538E-004
1.374	1.7362079E-004
1.375	1.6933501E-004
1.376	1.6374892E-004
1.377	1.5698720E-004
1.378	1.4918213E-004
1.379	1.4050785E-004
1.38	1.3114652E-004
1.381	1.2129141E-004
1.382	1.1114992E-004
1.383	1.0091831E-004
1.384	9.0816917E-005
1.385	8.1038466E-005
1.386	7.0511982E-005
1.387	6.2064209E-005
1.388	5.4500451E-005
1.389	4.7962083E-005
1.39	4.2566644E-005
1.391	3.8405356E-005
1.392	3.5551922E-005
1.393	3.4043791E-005
1.394	3.3886761E-005
1.395	3.5073477E-005
1.396	3.8015234E-005
1.397	4.1896546E-005
1.398	4.6893343E-005
1.399	5.2886222E-005
1.4	5.9742750E-005
1.401	6.7307192E-005
1.402	7.6010343E-005
1.403	8.4498111E-005
1.404	9.3156312E-005
1.405	1.0179908E-004
1.406	1.1024800E-004
1.407	1.1832446E-004
1.408	1.2690897E-004
1.409	1.3365019E-004
1.41	1.3954518E-004
1.411	1.4448262E-004
1.412	1.4835186E-004
1.413	1.5139094E-004
1.414	1.5276585E-004
1.415	1.5292168E-004
1.416	1.5187073E-004
1.417	1.4921754E-004
1.418	1.4566616E-004
1.419	1.4105529E-004
1.42	1.3547877E-004
1.421	1.2808685E-004
1.422	1.2083865E-004
1.423	1.1302622E-004
1.424	1.0480840E-004
1.425	9.5125812E-005
1.426	8.6571483E-005
1.427	7.8112207E-005
1.428	6.9915266E-005
1.429	6.1066741E-005
1.43	5.3929165E-005
1.431	4.7497037E-005
1.432	4.1164552E-005
1.433	3.6613365E-005
1.434	3.3072251E-005
1.435	3.0332751E-005
1.436	2.9118632E-005
1.437	2.9020728E-005
1.438	3.0261643E-005
1.439	3.2495875E-005
1.44	3.5737641E-005
1.441	4.0595274E-005
1.442	4.5737674E-005
1.443	5.2501862E-005
1.444	5.9048914E-005
1.445	6.6046683E-005
1.446	7.4421645E-005
1.447	8.1903243E-005
1.448	8.9384695E-005
1.449	9.7744894E-005
1.45	1.0472657E-004
1.451	1.1215713E-004
1.452	1.1802556E-004
1.453	1.2388398E-004
1.454	1.2812688E-004
1.455	1.3148403E-004
1.456	1.3416680E-004
1.457	1.3543270E-004
1.458	1.3564801E-004
1.459	1.3471791E-004
1.46	1.3244792E-004
1.461	1.2943037E-004
1.462	1.2488896E-004
1.463	1.2002690E-004
1.464	1.1361331E-004
1.465	1.0733852E-004
1.466	9.9588207E-005
1.467	9.2431728E-005
1.468	8.4006853E-005
1.469	7.6558514E-005
1.47	6.9191432E-005
1.471	6.1040817E-005
1.472	5.3351534E-005
1.473	4.7137415E-005
1.474	4.0780265E-005
1.475	3.5967634E-005
1.476	3.1442760E-005
1.477	2.8401697E-005
1.478	2.6049453E-005
1.479	2.5001165E-005
1.48	2.4979588E-005
1.481	2.5976140E-005
1.482	2.8247367E-005
1.483	3.1660944E-005
1.484	3.5510609E-005
1.485	4.0802377E-005
1.486	4.6104316E-005
1.487	5.2806965E-005
1.488	6.0029732E-005
1.489	6.6634697E-005
1.49	7.4355645E-005
1.491	8.1109974E-005
1.492	8.8679779E-005
1.493	9.5913332E-005
1.494	1.0181578E-004
1.495	1.0795743E-004
1.496	1.1330959E-004
1.497	1.1724189E-004
1.498	1.2079184E-004
1.499	1.2299448E-004
1.5	1.2445843E-004
1.501	1.2475769E-004
1.502	1.2404317E-004
1.503	1.2215591E-004
1.504	1.1915642E-004
1.505	1.1511981E-004
1.506	1.1079996E-004
1.507	1.0508104E-004
1.508	9.8642893E-005
1.509	9.2536284E-005
1.51	8.5168911E-005
1.511	7.7534474E-005
1.512	6.9806803E-005
1.513	6.3100539E-005
1.514	5.5668381E-005
1.515	4.8627229E-005
1.516	4.2910819E-005
1.517	3.7022961E-005
1.518	3.1935080E-005
1.519	2.7765156E-005
1.52	2.4930901E-005
1.521	2.2690929E-005
1.522	2.1556451E-005
1.523	2.1550681E-005
1.524	2.2658602E-005
1.525	2.4525874E-005
1.526	2.7636816E-005
1.527	3.1716983E-005
1.528	3.6672023E-005
1.529	4.2386921E-005
1.53	4.7904832E-005
1.531	5.4684853E-005
1.532	6.1814877E-005
1.533	6.9139904E-005
1.534	7.6489676E-005
1.535	8.3708233E-005
1.536	8.9781301E-005
1.537	9.6320786E-005
1.538	1.0228460E-004
1.539	1.0755021E-004
1.54	1.1199597E-004
1.541	1.1552962E-004
1.542	1.1806838E-004
1.543	1.1942682E-004
1.544	1.1997056E-004
1.545	1.1944349E-004
1.546	1.1782999E-004
1.547	1.1518032E-004
1.548	1.1155078E-004
1.549	1.0701452E-004
1.55	1.0167273E-004
1.551	9.5647614E-005
1.552	8.9055000E-005
1.553	8.2044688E-005
1.554	7.4767013E-005
1.555	6.8291192E-005
1.556	6.0928411E-005
1.557	5.3744825E-005
1.558	4.6893198E-005
1.559	4.0521081E-005
1.56	3.4762219E-005
1.561	2.9736708E-005
1.562	2.5550518E-005
1.563	2.2296252E-005
1.564	2.0037234E-005
1.565	1.8823226E-005
1.566	1.8679024E-005
1.567	1.9609015E-005
1.568	2.1596206E-005
1.569	2.4593450E-005
1.57	2.8542403E-005
1.571	3.3361350E-005
1.572	3.8948576E-005
1.573	4.5187735E-005
1.574	5.1952105E-005
1.575	5.9099322E-005
1.576	6.6483350E-005
1.577	7.4889816E-005
1.578	8.2269122E-005
1.579	8.9406312E-005
1.58	9.6151911E-005
1.581	1.0237219E-004
1.582	1.0793349E-004
1.583	1.1273445E-004
1.584	1.1665509E-004
1.585	1.1963057E-004
1.586	1.2159416E-004
1.587	1.2249818E-004
1.588	1.2233880E-004
1.589	1.2089035E-004
1.59	1.1848641E-004
1.591	1.1508861E-004
1.592	1.1075693E-004
1.593	1.0593582E-004
1.594	1.0008238E-004
1.595	9.3599723E-005
1.596	8.5737556E-005
1.597	7.8382363E-005
1.598	7.0838680E-005
1.599	6.3266707E-005
1.6	5.5818764E-005
1.601	4.8644230E-005
1.602	4.1086976E-005
1.603	3.4973324E-005
1.604	2.9564302E-005
1.605	2.4972524E-005
1.606	2.1293312E-005
1.607	1.8346913E-005
1.608	1.6851409E-005
1.609	1.6449041E-005
1.61	1.7158060E-005
1.611	1.8975899E-005
1.612	2.2305383E-005
1.613	2.6350353E-005
1.614	3.1344585E-005
1.615	3.7198748E-005
1.616	4.4678567E-005
1.617	5.1981729E-005
1.618	5.9760896E-005
1.619	6.7868597E-005
1.62	7.7199606E-005
1.621	8.5499749E-005
1.622	9.3636700E-005
1.623	1.0242285E-004
1.624	1.0972309E-004
1.625	1.1639249E-004
1.626	1.2231995E-004
1.627	1.2795917E-004
1.628	1.3192103E-004
1.629	1.3483889E-004
1.63	1.3679649E-004
1.631	1.3729392E-004
1.632	1.3662763E-004
1.633	1.3451738E-004
1.634	1.3142457E-004
1.635	1.2669078E-004
1.636	1.2143095E-004
1.637	1.1529121E-004
1.638	1.0747778E-004
1.639	9.9862351E-005
1.64	9.1780516E-005
1.641	8.2314757E-005
1.642	7.3747033E-005
1.643	6.5208929E-005
1.644	5.5861296E-005
1.645	4.7948281E-005
1.646	3.9706698E-005
1.647	3.3130455E-005
1.648	2.6763049E-005
1.649	2.2142265E-005
1.65	1.8618903E-005
1.651	1.6064168E-005
1.652	1.5114993E-005
1.653	1.5595255E-005
1.654	1.7403263E-005
1.655	2.0988522E-005
1.656	2.5505848E-005
1.657	3.2016287E-005
1.658	3.8973765E-005
1.659	4.7988673E-005
1.66	5.6909954E-005
1.661	6.6540073E-005
1.662	7.8032062E-005
1.663	8.8633431E-005
1.664	1.0077131E-004
1.665	1.1154194E-004
1.666	1.2339605E-004
1.667	1.3349454E-004
1.668	1.4413777E-004
1.669	1.5379339E-004
1.67	1.6135021E-004
1.671	1.6853759E-004
1.672	1.7361074E-004
1.673	1.7772565E-004
1.674	1.7986631E-004
1.675	1.8055199E-004
1.676	1.7956540E-004
1.677	1.7668876E-004
1.678	1.7259597E-004
1.679	1.6637347E-004
1.68	1.5851064E-004
1.681	1.5029020E-004
1.682	1.3987045E-004
1.683	1.2971793E-004
1.684	1.1754965E-004
1.685	1.0484937E-004
1.686	9.3355731E-005
1.687	8.0487815E-005
1.688	6.9337751E-005
1.689	5.7419147E-005
1.69	4.6454647E-005
1.691	3.7746806E-005
1.692	2.9378598E-005
1.693	2.2766086E-005
1.694	1.8542840E-005
1.695	1.5825377E-005
1.696	1.5408801E-005
1.697	1.7061713E-005
1.698	2.1249994E-005
1.699	2.7925711E-005
1.7	3.5914043E-005
1.701	4.7141963E-005
1.702	6.0616992E-005
1.703	7.4326410E-005
1.704	9.1506641E-005
1.705	1.1028957E-004
1.706	1.3036493E-004
1.707	1.4900332E-004
1.708	1.7056712E-004
1.709	1.9236020E-004
1.71	2.1158246E-004
1.711	2.3271941E-004
1.712	2.5289023E-004
1.713	2.7171994E-004
1.714	2.8699325E-004
1.715	3.0223414E-004
1.716	3.1506072E-004
1.717	3.2520556E-004
1.718	3.3235963E-004
1.719	3.3607834E-004
1.72	3.3716360E-004
1.721	3.3487775E-004
1.722	3.2922730E-004
1.723	3.2020069E-004
1.724	3.0945981E-004
1.725	2.9455536E-004
1.726	2.7686259E-004
1.727	2.5669471E-004
1.728	2.3448798E-004
1.729	2.1339112E-004
1.73	1.8861744E-004
1.731	1.6331731E-004
1.732	1.3946192E-004
1.733	1.1492462E-004
1.734	9.1785354E-005
1.735	7.0767113E-005
1.736	5.4461143E-005
1.737	3.9463663E-005
1.738	2.8718188E-005
1.739	2.2953622E-005
1.74	2.2853386E-005
1.741	2.9068244E-005
1.742	4.2227104E-005
1.743	6.2877843E-005
1.744	8.7908295E-005
1.745	1.2398203E-004
1.746	1.6876258E-004
1.747	2.2250763E-004
1.748	2.8536978E-004
1.749	3.5745776E-004
1.75	4.3873041E-004
1.751	5.2902778E-004
1.752	6.2813069E-004
1.753	7.3577272E-004
1.754	8.5136364E-004
1.755	9.7449869E-004
1.756	1.1045262E-003
1.757	1.2408289E-003
1.758	1.3825449E-003
1.759	1.5287064E-003
1.76	1.6783951E-003
1.761	1.8309801E-003
1.762	1.9849765E-003
1.763	2.1395059E-003
1.764	2.2935090E-003
1.765	2.4461099E-003
1.766	2.5960258E-003
1.767	2.7418965E-003
1.768	2.8829903E-003
1.769	3.0184351E-003
1.77	3.1466575E-003
1.771	3.2671415E-003
1.772	3.3790916E-003
1.773	3.4818351E-003
1.774	3.5739345E-003
1.775	3.6556553E-003
1.776	3.7255990E-003
1.777	3.7839336E-003
1.778	3.8301814E-003
1.779	3.8673677E-003
1.78	3.8867467E-003
1.781	3.8938636E-003
1.782	3.8879730E-003
1.783	3.8696285E-003
1.784	3.8390211E-003
1.785	3.7967609E-003
1.786	3.7427382E-003
1.787	3.6779712E-003
1.788	3.5937629E-003
1.789	3.5073976E-003
1.79	3.4124036E-003
1.791	3.3086659E-003
1.792	3.1975142E-003
1.793	3.0798798E-003
1.794	2.9566255E-003
1.795	2.8141595E-003
1.796	2.6813643E-003
1.797	2.5456955E-003
1.798	2.4078048E-003
1.799	2.2688957E-003
1.8	2.1142093E-003
1.801	1.9753021E-003
1.802	1.8378173E-003
1.803	1.7022565E-003
1.804	1.5694480E-003
1.805	1.4260304E-003
1.806	1.3011978E-003
1.807	1.1807989E-003
1.808	1.0654293E-003
1.809	9.4378344E-004
1.81	8.4028218E-004
1.811	7.4279390E-004
1.812	6.5166072E-004
1.813	5.5787270E-004
1.814	4.8031163E-004
1.815	4.0926688E-004
1.816	3.4466042E-004
1.817	2.8040636E-004
1.818	2.2912436E-004
1.819	1.8388868E-004
1.82	1.4047066E-004
1.821	1.0720909E-004
1.822	7.9181133E-005
1.823	5.6074117E-005
1.824	3.5756584E-005
1.825	2.1888885E-005
1.826	1.1835662E-005
1.827	4.6841369E-006
1.828	1.4553958E-006
1.829	8.7619230E-007
1.83	2.8946827E-006
1.831	6.7152537E-006
1.832	1.2079605E-005
1.833	1.9451345E-005
1.834	2.7023025E-005
1.835	3.6113393E-005
1.836	4.4608889E-005
1.837	5.3165502E-005
1.838	6.2473890E-005
1.839	7.0474460E-005
1.84	7.8738536E-005
1.841	8.5458036E-005
1.842	9.1401162E-005
1.843	9.6973614E-005
1.844	1.0099827E-004
1.845	1.0418968E-004
1.846	1.0618431E-004
1.847	1.0719156E-004
1.848	1.0720140E-004
1.849	1.0620784E-004
1.85	1.0408866E-004
1.851	1.0133248E-004
1.852	9.7409575E-005
1.853	9.3191644E-005
1.854	8.7869681E-005
1.855	8.2597871E-005
1.856	7.6325741E-005
1.857	7.0399634E-005
1.858	6.3638305E-005
1.859	5.7483994E-005
1.86	5.0685449E-005
1.861	4.4676577E-005
1.862	3.8227707E-005
1.863	3.2697746E-005
1.864	2.6937110E-005
1.865	2.2144519E-005
1.866	1.7315600E-005
1.867	1.3447050E-005
1.868	9.7120173E-006
1.869	6.8753652E-006
1.87	4.3126129E-006
1.871	2.5333429E-006
1.872	1.1314752E-006
1.873	3.1161395E-007
1.874	4.5647411E-008
1.875	2.3712053E-007
1.876	8.1091309E-007
1.877	1.8467040E-006
1.878	3.2469156E-006
1.879	4.7693711E-006
1.88	6.6956554E-006
1.881	8.5899565E-006
1.882	1.0817443E-005
1.883	1.3113360E-005
1.884	1.5188198E-005
1.885	1.7456612E-005
1.886	1.9419094E-005
1.887	2.1469983E-005
1.888	2.3344121E-005
1.889	2.4847384E-005
1.89	2.6292049E-005
1.891	2.7467473E-005
1.892	2.8280516E-005
1.893	2.8909863E-005
1.894	2.9234216E-005
1.895	2.9268820E-005
1.896	2.9032009E-005
1.897	2.8510149E-005
1.898	2.7810609E-005
1.899	2.6801596E-005
1.9	2.5569410E-005
1.901	2.4144334E-005
1.902	2.2718097E-005
1.903	2.1008233E-005
1.904	1.9197318E-005
1.905	1.7509356E-005
1.906	1.5603466E-005
1.907	1.3697898E-005
1.908	1.1823351E-005
1.909	1.0188647E-005
1.91	8.4588282E-006
1.911	6.8442419E-006
1.912	5.3683698E-006
1.913	4.1747080E-006
1.914	3.0141480E-006
1.915	2.0389361E-006
1.916	1.2585260E-006
1.917	6.7738137E-007
1.918	3.2575070E-007
1.919	1.2313828E-007
1.92	1.1257134E-007
1.921	2.8458868E-007
1.922	6.2687343E-007
1.923	1.1240903E-006
1.924	1.6894282E-006
1.925	2.4309547E-006
1.926	3.2711275E-006
1.927	4.1885014E-006
1.928	5.1597144E-006
1.929	6.1618794E-006
1.93	7.0706878E-006
1.931	8.0693171E-006
1.932	9.0346884E-006
1.933	9.9471636E-006
1.934	1.0788255E-005
1.935	1.1542539E-005
1.936	1.2194148E-005
1.937	1.2732157E-005
1.938	1.3111230E-005
1.939	1.3399151E-005
1.94	1.3573303E-005
1.941	1.3613635E-005
1.942	1.3521613E-005
1.943	1.3302180E-005
1.944	1.2958408E-005
1.945	1.2500309E-005
1.946	1.1938444E-005
1.947	1.1284741E-005
1.948	1.0552487E-005
1.949	9.7567681E-006
1.95	8.9130108E-006
1.951	8.0384943E-006
1.952	7.1480254E-006
1.953	6.2579402E-006
1.954	5.3851377E-006
1.955	4.5438856E-006
1.956	3.7489881E-006
1.957	3.0136944E-006
1.958	2.3488724E-006
1.959	1.7648222E-006
1.96	1.2699353E-006
1.961	8.7032583E-007
1.962	5.7041132E-007
1.963	3.7237510E-007
1.964	2.7687699E-007
1.965	2.8219574E-007
1.966	3.8492630E-007
1.967	5.7979435E-007
1.968	8.6007628E-007
1.969	1.2172635E-006
1.97	1.6419415E-006
1.971	2.1233952E-006
1.972	2.6502012E-006
1.973	3.2102539E-006
1.974	3.7914108E-006
1.975	4.3807122E-006
1.976	4.9656696E-006
1.977	5.5905184E-006
1.978	6.1286592E-006
1.979	6.6275588E-006
1.98	7.0773995E-006
1.981	7.4698955E-006
1.982	7.7983705E-006
1.983	8.0563395E-006
1.984	8.2401220E-006
1.985	8.3534987E-006
1.986	8.3745799E-006
1.987	8.3172636E-006
1.988	8.1838234E-006
1.989	7.9778583E-006
1.99	7.7045797E-006
1.991	7.3692163E-006
1.992	6.9381158E-006
1.993	6.4971937E-006
1.994	6.0193402E-006
1.995	5.5135356E-006
1.996	4.9896453E-006
1.997	4.4045137E-006
1.998	3.8743337E-006
1.999	3.3565993E-006
2	2.8601144E-006
2.001	2.3931989E-006
2.002	1.9238837E-006
2.003	1.5445237E-006
2.004	1.2164774E-006
2.005	9.4453935E-007
2.006	7.1490115E-007
2.007	5.7167733E-007
2.008	4.9224604E-007
2.009	4.7634614E-007
2.01	5.3084960E-007
2.011	6.4300514E-007
2.012	8.1118014E-007
2.013	1.0551597E-006
2.014	1.3246611E-006
2.015	1.6329311E-006
2.016	1.9730019E-006
2.017	2.3750895E-006
2.018	2.7574697E-006
2.019	3.1477305E-006
2.02	3.5765920E-006
2.021	3.9575598E-006
2.022	4.3049363E-006
2.023	4.6807781E-006
2.024	4.9908431E-006
2.025	5.2655078E-006
2.026	5.5204264E-006
2.027	5.7047564E-006
2.028	5.8406868E-006
2.029	5.9319927E-006
2.03	5.9605381E-006
2.031	5.9326594E-006
2.032	5.8539272E-006
2.033	5.7264624E-006
2.034	5.5340179E-006
2.035	5.3148592E-006
2.036	5.0586700E-006
2.037	4.7402582E-006
2.038	4.4235344E-006
2.039	4.0527589E-006
2.04	3.7020814E-006
2.041	3.3094141E-006
2.042	2.9533389E-006
2.043	2.6046714E-006
2.044	2.2372883E-006
2.045	1.9240338E-006
2.046	1.6089969E-006
2.047	1.3543745E-006
2.048	1.1144200E-006
2.049	9.3627153E-007
2.05	7.8745279E-007
2.051	6.9668744E-007
2.052	6.4697792E-007
2.053	6.4719086E-007
2.054	6.9628817E-007
2.055	7.8349336E-007
2.056	9.2328173E-007
2.057	1.0865764E-006
2.058	1.3015222E-006
2.059	1.5243717E-006
2.06	1.7936385E-006
2.061	2.0549144E-006
2.062	2.3539446E-006
2.063	2.6303223E-006
2.064	2.9328712E-006
2.065	3.2005148E-006
2.066	3.4808590E-006
2.067	3.7174291E-006
2.068	3.9527149E-006
2.069	4.1563185E-006
2.07	4.3102359E-006
2.071	4.4424114E-006
2.072	4.5263332E-006
2.073	4.5774191E-006
2.074	4.5856841E-006
2.075	4.5531392E-006
2.076	4.4780895E-006
2.077	4.3743225E-006
2.078	4.2244783E-006
2.079	4.0581763E-006
2.08	3.8467815E-006
2.081	3.6100032E-006
2.082	3.3771316E-006
2.083	3.1074289E-006
2.084	2.8289926E-006
2.085	2.5730640E-006
2.086	2.2949926E-006
2.087	2.0256839E-006
2.088	1.7928980E-006
2.089	1.5556344E-006
2.09	1.3422091E-006
2.091	1.1724370E-006
2.092	1.0156225E-006
2.093	8.9298641E-007
2.094	8.1251864E-007
2.095	7.5967000E-007
2.096	7.4431904E-007
2.097	7.6452392E-007
2.098	8.1414476E-007
2.099	9.0143647E-007
2.1	1.0203139E-006
2.101	1.1530209E-006
2.102	1.3226911E-006
2.103	1.5129565E-006
2.104	1.7191142E-006
2.105	1.9161773E-006
2.106	2.1389214E-006
2.107	2.3628434E-006
2.108	2.5826664E-006
2.109	2.7938704E-006
2.11	2.9739776E-006
2.111	3.1551265E-006
2.112	3.3151364E-006
2.113	3.4500968E-006
2.114	3.5488747E-006
2.115	3.6295146E-006
2.116	3.6787887E-006
2.117	3.6963158E-006
2.118	3.6816596E-006
2.119	3.6355577E-006
2.12	3.5671542E-006
2.121	3.4648695E-006
2.122	3.3365386E-006
2.123	3.1849711E-006
2.124	3.0137471E-006
2.125	2.8262884E-006
2.126	2.6454607E-006
2.127	2.4392639E-006
2.128	2.2295919E-006
2.129	2.0207365E-006
2.13	1.8170078E-006
2.131	1.6226456E-006
2.132	1.4415368E-006
2.133	1.2772075E-006
2.134	1.1449611E-006
2.135	1.0211966E-006
2.136	9.2200958E-007
2.137	8.4927365E-007
2.138	8.0379255E-007
2.139	7.8622668E-007
2.14	7.9636629E-007
2.141	8.3347516E-007
2.142	8.9641082E-007
2.143	9.8322380E-007
2.144	1.0916579E-006
2.145	1.2190640E-006
2.146	1.3621720E-006
2.147	1.5177031E-006
2.148	1.6819272E-006
2.149	1.8514047E-006
2.15	2.0219952E-006
2.151	2.1899518E-006
2.152	2.3518814E-006
2.153	2.5039831E-006
2.154	2.6431453E-006
2.155	2.7664441E-006
2.156	2.8712861E-006
2.157	2.9553260E-006
2.158	3.0174360E-006
2.159	3.0557942E-006
2.16	3.0701792E-006
2.161	3.0604381E-006
2.162	3.0287522E-006
2.163	2.9730375E-006
2.164	2.8954730E-006
2.165	2.7979058E-006
2.166	2.6826319E-006
2.167	2.5517679E-006
2.168	2.4083388E-006
2.169	2.2555132E-006
2.17	2.0963239E-006
2.171	1.9339973E-006
2.172	1.7719658E-006
2.173	1.5993088E-006
2.174	1.4480901E-006
2.175	1.3068286E-006
2.176	1.1780000E-006
2.177	1.0643981E-006
2.178	9.6782981E-007
2.179	8.9001469E-007
2.18	8.3235250E-007
2.181	7.9338912E-007
2.182	7.8001125E-007
2.183	7.8795335E-007
2.184	8.1667542E-007
2.185	8.6534999E-007
2.186	9.3246490E-007
2.187	1.0248821E-006
2.188	1.1248944E-006
2.189	1.2372061E-006
2.19	1.3592842E-006
2.191	1.4882348E-006
2.192	1.6336488E-006
2.193	1.7680250E-006
2.194	1.9005586E-006
2.195	2.0282146E-006
2.196	2.1486239E-006
2.197	2.2686563E-006
2.198	2.3656812E-006
2.199	2.4484975E-006
2.2	2.5151182E-006
2.201	2.5646677E-006
2.202	2.5977938E-006
2.203	2.6085490E-006
2.204	2.6003459E-006
2.205	2.5701984E-006
2.206	2.5235659E-006
2.207	2.4598407E-006
2.208	2.3806724E-006
2.209	2.2785955E-006
2.21	2.1725211E-006
2.211	2.0567716E-006
2.212	1.9222925E-006
2.213	1.7940008E-006
2.214	1.6637099E-006
2.215	1.5339162E-006
2.216	1.3958431E-006
2.217	1.2750800E-006
2.218	1.1623114E-006
2.219	1.0508742E-006
2.22	9.6136466E-007
2.221	8.8543084E-007
2.222	8.1984115E-007
2.223	7.7803691E-007
2.224	7.4900152E-007
2.225	7.4013786E-007
2.226	7.4810976E-007
2.227	7.7575868E-007
2.228	8.1745361E-007
2.229	8.7382170E-007
2.23	9.5053304E-007
2.231	1.0328645E-006
2.232	1.1337252E-006
2.233	1.2340647E-006
2.234	1.3396618E-006
2.235	1.4585041E-006
2.236	1.5681026E-006
2.237	1.6857416E-006
2.238	1.7893403E-006
2.239	1.8953011E-006
2.24	1.9837744E-006
2.241	2.0621674E-006
2.242	2.1344667E-006
2.243	2.1870719E-006
2.244	2.2284457E-006
2.245	2.2507713E-006
2.246	2.2578736E-006
2.247	2.2483232E-006
2.248	2.2208305E-006
2.249	2.1803035E-006
2.25	2.1205537E-006
2.251	2.0527120E-006
2.252	1.9662943E-006
2.253	1.8770058E-006
2.254	1.7709951E-006
2.255	1.6678378E-006
2.256	1.5513961E-006
2.257	1.4430957E-006
2.258	1.3258438E-006
2.259	1.2211317E-006
2.26	1.1126704E-006
2.261	1.0201278E-006
2.262	9.2902741E-007
2.263	8.4999607E-007
2.264	7.8934283E-007
2.265	7.3756723E-007
2.266	7.0395572E-007
2.267	6.8313102E-007
2.268	6.7854319E-007
2.269	6.8954955E-007
2.27	7.1656393E-007
2.271	7.5476078E-007
2.272	8.0999661E-007
2.273	8.7176971E-007
2.274	9.4980203E-007
2.275	1.0369693E-006
2.276	1.1230568E-006
2.277	1.2216178E-006
2.278	1.3226027E-006
2.279	1.4153267E-006
2.28	1.5103692E-006
2.281	1.5973940E-006
2.282	1.6864235E-006
2.283	1.7669079E-006
2.284	1.8315858E-006
2.285	1.8909811E-006
2.286	1.9370545E-006
2.287	1.9668121E-006
2.288	1.9852546E-006
2.289	1.9884337E-006
2.29	1.9762845E-006
2.291	1.9517784E-006
2.292	1.9115018E-006
2.293	1.8577846E-006
2.294	1.7975489E-006
2.295	1.7215355E-006
2.296	1.6362147E-006
2.297	1.5436731E-006
2.298	1.4541595E-006
2.299	1.3534629E-006
2.3	1.2516825E-006
2.301	1.1510140E-006
2.302	1.0614830E-006
2.303	9.6894905E-007
2.304	8.8357251E-007
2.305	8.0715506E-007
2.306	7.4631578E-007
2.307	6.9122501E-007
2.308	6.4895983E-007
2.309	6.2035929E-007
2.31	6.0581624E-007
2.311	6.0498030E-007
2.312	6.1757623E-007
2.313	6.4396494E-007
2.314	6.8329666E-007
2.315	7.3449871E-007
2.316	7.9078040E-007
2.317	8.6112425E-007
2.318	9.3908375E-007
2.319	1.0228215E-006
2.32	1.1103461E-006
2.321	1.1996764E-006
2.322	1.2887776E-006
2.323	1.3684457E-006
2.324	1.4515689E-006
2.325	1.5285830E-006
2.326	1.5980552E-006
2.327	1.6582419E-006
2.328	1.7077496E-006
2.329	1.7457683E-006
2.33	1.7713234E-006
2.331	1.7837502E-006
2.332	1.7830077E-006
2.333	1.7710280E-006
2.334	1.7454395E-006
2.335	1.7073801E-006
2.336	1.6575204E-006
2.337	1.5972587E-006
2.338	1.5276541E-006
2.339	1.4502257E-006
2.34	1.3665144E-006
2.341	1.2785556E-006
2.342	1.1880595E-006
2.343	1.0969989E-006
2.344	1.0070912E-006
2.345	9.2044257E-007
2.346	8.3870054E-007
2.347	7.6361027E-007
2.348	6.9665919E-007
2.349	6.3924011E-007
2.35	5.9247316E-007
2.351	5.5721472E-007
2.352	5.3418660E-007
2.353	5.2372229E-007
2.354	5.2594396E-007
2.355	5.4067141E-007
2.356	5.6759444E-007
2.357	6.0595619E-007
2.358	6.5480504E-007
2.359	7.1308216E-007
2.36	7.7940138E-007
2.361	8.5230317E-007
2.362	9.3017547E-007
2.363	1.0112614E-006
2.364	1.0937656E-006
2.365	1.1758796E-006
2.366	1.2625185E-006
2.367	1.3382012E-006
2.368	1.4082952E-006
2.369	1.4710698E-006
2.37	1.5254582E-006
2.371	1.5701251E-006
2.372	1.6040532E-006
2.373	1.6266708E-006
2.374	1.6374034E-006
2.375	1.6354625E-006
2.376	1.6207380E-006
2.377	1.5945268E-006
2.378	1.5569132E-006
2.379	1.5088167E-006
2.38	1.4510890E-006
2.381	1.3880406E-006
2.382	1.3091033E-006
2.383	1.2304477E-006
2.384	1.1479183E-006
2.385	1.0633853E-006
2.386	9.7827069E-007
2.387	8.8763011E-007
2.388	8.0716086E-007
2.389	7.3141064E-007
2.39	6.6189705E-007
2.391	6.0000508E-007
2.392	5.4300830E-007
2.393	5.0067024E-007
2.394	4.6918666E-007
2.395	4.4901296E-007
2.396	4.4054931E-007
2.397	4.4478008E-007
2.398	4.6081047E-007
2.399	4.8817634E-007
2.4	5.2987400E-007
2.401	5.7852623E-007
2.402	6.3589425E-007
2.403	7.0072269E-007
2.404	7.7797608E-007
2.405	8.5390474E-007
2.406	9.3281938E-007
2.407	1.0130063E-006
2.408	1.0993695E-006
2.409	1.1768849E-006
2.41	1.2506334E-006
2.411	1.3245128E-006
2.412	1.3856040E-006
2.413	1.4385062E-006
2.414	1.4855851E-006
2.415	1.5182737E-006
2.416	1.5401945E-006
2.417	1.5512675E-006
2.418	1.5493958E-006
2.419	1.5357107E-006
2.42	1.5083691E-006
2.421	1.4718815E-006
2.422	1.4208510E-006
2.423	1.3642791E-006
2.424	1.2996529E-006
2.425	1.2221711E-006
2.426	1.1449974E-006
2.427	1.0642102E-006
2.428	9.7779196E-007
2.429	8.9436878E-007
2.43	8.0539081E-007
2.431	7.2626892E-007
2.432	6.4561038E-007
2.433	5.7742841E-007
2.434	5.1664603E-007
2.435	4.6055447E-007
2.436	4.1876046E-007
2.437	3.8532846E-007
2.438	3.6604786E-007
2.439	3.5821824E-007
2.44	3.6302896E-007
2.441	3.8133328E-007
2.442	4.0985401E-007
2.443	4.4904186E-007
2.444	5.0255653E-007
2.445	5.6117989E-007
2.446	6.3331760E-007
2.447	7.0640635E-007
2.448	7.9103620E-007
2.449	8.7934416E-007
2.45	9.6238864E-007
2.451	1.0452480E-006
2.452	1.1329832E-006
2.453	1.2165553E-006
2.454	1.2882797E-006
2.455	1.3585603E-006
2.456	1.4151121E-006
2.457	1.4661758E-006
2.458	1.5026652E-006
2.459	1.5301162E-006
2.46	1.5434231E-006
2.461	1.5446510E-006
2.462	1.5320359E-006
2.463	1.5082958E-006
2.464	1.4699631E-006
2.465	1.4235496E-006
2.466	1.3626357E-006
2.467	1.2915725E-006
2.468	1.2183359E-006
2.469	1.1326040E-006
2.47	1.0489954E-006
2.471	9.5900941E-007
2.472	8.6446494E-007
2.473	7.7794476E-007
2.474	6.8712518E-007
2.475	6.0754280E-007
2.476	5.2795355E-007
2.477	4.5688597E-007
2.478	4.0026478E-007
2.479	3.4999059E-007
2.48	3.1242465E-007
2.481	2.8970098E-007
2.482	2.7870516E-007
2.483	2.8225315E-007
2.484	3.0023321E-007
2.485	3.2942788E-007
2.486	3.7427401E-007
2.487	4.3181575E-007
2.488	4.9525727E-007
2.489	5.7394493E-007
2.49	6.6133396E-007
2.491	7.4808577E-007
2.492	8.4691237E-007
2.493	9.4871092E-007
2.494	1.0513464E-006
2.495	1.1448845E-006
2.496	1.2428480E-006
2.497	1.3354168E-006
2.498	1.4204396E-006
2.499	1.4905672E-006
2.5	1.5561128E-006
2.501	1.6092315E-006
2.502	1.6487845E-006
2.503	1.6739067E-006
2.504	1.6835490E-006
2.505	1.6793466E-006
2.506	1.6597794E-006
2.507	1.6251265E-006
2.508	1.5759164E-006
2.509	1.5186101E-006
2.51	1.4447318E-006
2.511	1.3599990E-006
2.512	1.2662813E-006
2.513	1.1692878E-006
2.514	1.0636531E-006
2.515	9.6344729E-007
2.516	8.5440223E-007
2.517	7.4710886E-007
2.518	6.4373864E-007
2.519	5.4674842E-007
2.52	4.5825817E-007
2.521	3.8030214E-007
2.522	3.1926675E-007
2.523	2.6650642E-007
2.524	2.2895907E-007
2.525	2.0774030E-007
2.526	2.0350934E-007
2.527	2.1675902E-007
2.528	2.4743940E-007
2.529	2.9534152E-007
2.53	3.5978218E-007
2.531	4.3979927E-007
2.532	5.3407462E-007
2.533	6.4095639E-007
2.534	7.4919137E-007
2.535	8.7489900E-007
2.536	1.0070712E-006
2.537	1.1433353E-006
2.538	1.2810073E-006
2.539	1.4174950E-006
2.54	1.5501770E-006
2.541	1.6763606E-006
2.542	1.7937050E-006
2.543	1.8997534E-006
2.544	1.9922700E-006
2.545	2.0693894E-006
2.546	2.1294236E-006
2.547	2.1708936E-006
2.548	2.1932151E-006
2.549	2.1953174E-006
2.55	2.1771316E-006
2.551	2.1389219E-006
2.552	2.0834864E-006
2.553	2.0077750E-006
2.554	1.9147435E-006
2.555	1.8061821E-006
2.556	1.6838985E-006
2.557	1.5398680E-006
2.558	1.3971821E-006
2.559	1.2491963E-006
2.56	1.0986216E-006
2.561	9.4871274E-007
2.562	8.0283093E-007
2.563	6.6404152E-007
2.564	5.3562837E-007
2.565	4.2061151E-007
2.566	3.2195715E-007
2.567	2.4233992E-007
2.568	1.8062831E-007
2.569	1.4776117E-007
2.57	1.4020301E-007
2.571	1.5924840E-007
2.572	2.0574160E-007
2.573	2.7996691E-007
2.574	3.8175813E-007
2.575	5.2156628E-007
2.576	6.7808145E-007
2.577	8.5870784E-007
2.578	1.0612323E-006
2.579	1.2831018E-006
2.58	1.5214625E-006
2.581	1.7927110E-006
2.582	2.0537818E-006
2.583	2.3202042E-006
2.584	2.5872914E-006
2.585	2.8512700E-006
2.586	3.1267568E-006
2.587	3.3693332E-006
2.588	3.5955263E-006
2.589	3.8003732E-006
2.59	3.9741089E-006
2.591	4.1380272E-006
2.592	4.2568836E-006
2.593	4.3415748E-006
2.594	4.3894452E-006
2.595	4.3980772E-006
2.596	4.3654145E-006
2.597	4.2924630E-006
2.598	4.1808444E-006
2.599	4.0178029E-006
2.6	3.8283033E-006
2.601	3.6060787E-006
2.602	3.3331548E-006
2.603	3.0531139E-006
2.604	2.7529347E-006
2.605	2.4378353E-006
2.606	2.0895798E-006
2.607	1.7651219E-006
2.608	1.4475379E-006
2.609	1.1221609E-006
2.61	8.4457054E-007
2.611	5.9955039E-007
2.612	3.8230951E-007
2.613	2.3369279E-007
2.614	1.4541095E-007
2.615	1.2821596E-007
2.616	1.9406224E-007
2.617	3.6301415E-007
2.618	6.1957559E-007
2.619	9.7995508E-007
2.62	1.4922534E-006
2.621	2.0899492E-006
2.622	2.8106956E-006
2.623	3.7296588E-006
2.624	4.7201675E-006
2.625	5.9365366E-006
2.626	7.1558934E-006
2.627	8.5578104E-006
2.628	1.0218867E-005
2.629	1.1900127E-005
2.63	1.3855215E-005
2.631	1.5802603E-005
2.632	1.8033916E-005
2.633	2.0220297E-005
2.634	2.2695271E-005
2.635	2.5089998E-005
2.636	2.7762351E-005
2.637	3.0319152E-005
2.638	3.2933669E-005
2.639	3.5805999E-005
2.64	3.8502905E-005
2.641	4.1433901E-005
2.642	4.4149194E-005
2.643	4.7067617E-005
2.644	4.9746326E-005
2.645	5.2574011E-005
2.646	5.5140103E-005
2.647	5.7820609E-005
2.648	6.0203118E-005
2.649	6.2656749E-005
2.65	6.4956890E-005
2.651	6.6957320E-005
2.652	6.8944006E-005
2.653	7.0610178E-005
2.654	7.2214942E-005
2.655	7.3506963E-005
2.656	7.4694224E-005
2.657	7.5573742E-005
2.658	7.6302895E-005
2.659	7.6785873E-005
2.66	7.7000412E-005
2.661	7.7001445E-005
2.662	7.6772943E-005
2.663	7.6297001E-005
2.664	7.5581585E-005
2.665	7.4687370E-005
2.666	7.3508570E-005
2.667	7.2204486E-005
2.668	7.0602371E-005
2.669	6.8796719E-005
2.67	6.6940585E-005
2.671	6.4785301E-005
2.672	6.2460684E-005
2.673	6.0180959E-005
2.674	5.7603433E-005
2.675	5.4916487E-005
2.676	5.2337688E-005
2.677	4.9498158E-005
2.678	4.6608144E-005
2.679	4.3896162E-005
2.68	4.0963991E-005
2.681	3.8033588E-005
2.682	3.5338082E-005
2.683	3.2474396E-005
2.684	2.9664843E-005
2.685	2.6932630E-005
2.686	2.4469753E-005
2.687	2.1920132E-005
2.688	1.9484538E-005
2.689	1.7331109E-005
2.69	1.5143718E-005
2.691	1.3097027E-005
2.692	1.1198752E-005
2.693	9.5713422E-006
2.694	7.9707588E-006
2.695	6.5753056E-006
2.696	5.2839141E-006
2.697	4.2241127E-006
2.698	3.2316975E-006
2.699	2.3889775E-006
2.7	1.6904397E-006
2.701	1.1301719E-006
2.702	7.2662272E-007
2.703	4.1018922E-007
2.704	2.0718529E-007
2.705	1.0750351E-007
2.706	1.0092744E-007
2.707	1.7649043E-007
2.708	3.1061214E-007
2.709	5.1361400E-007
2.71	7.6626611E-007
2.711	1.0577742E-006
2.712	1.3775118E-006
2.713	1.7153926E-006
2.714	2.0364841E-006
2.715	2.3825096E-006
2.716	2.7198232E-006
2.717	3.0414299E-006
2.718	3.3400931E-006
2.719	3.6105403E-006
2.72	3.8473017E-006
2.721	4.0467112E-006
2.722	4.2055781E-006
2.723	4.3153841E-006
2.724	4.3918362E-006
2.725	4.4241906E-006
2.726	4.4134058E-006
2.727	4.3627924E-006
2.728	4.2718584E-006
2.729	4.1432586E-006
2.73	3.9811212E-006
2.731	3.7881541E-006
2.732	3.5699159E-006
2.733	3.3300782E-006
2.734	3.0729268E-006
2.735	2.8040895E-006
2.736	2.5278114E-006
2.737	2.2492784E-006
2.738	1.9728150E-006
2.739	1.7033151E-006
2.74	1.4444286E-006
2.741	1.2003220E-006
2.742	9.7408656E-007
2.743	7.6895151E-007
2.744	5.8726698E-007
2.745	4.3094309E-007
2.746	3.0147825E-007
2.747	1.9972845E-007
2.748	1.2606527E-007
2.749	8.0351860E-008
2.75	6.1896884E-008
2.751	6.9626530E-008
2.752	1.0194810E-007
2.753	1.5693793E-007
2.754	2.3232705E-007
2.755	3.2550136E-007
2.756	4.3366720E-007
2.757	5.5386516E-007
2.758	6.7827290E-007
2.759	8.2288454E-007
2.76	9.6045505E-007
2.761	1.0975864E-006
2.762	1.2311557E-006
2.763	1.3585311E-006
2.764	1.4769261E-006
2.765	1.5842088E-006
2.766	1.6782399E-006
2.767	1.7626160E-006
2.768	1.8241537E-006
2.769	1.8685394E-006
2.77	1.8950269E-006
2.771	1.9030205E-006
2.772	1.8931099E-006
2.773	1.8652711E-006
2.774	1.8171665E-006
2.775	1.7555021E-006
2.776	1.6797305E-006
2.777	1.5911119E-006
2.778	1.4916116E-006
2.779	1.3752947E-006
2.78	1.2595282E-006
2.781	1.1394178E-006
2.782	1.0169786E-006
2.783	8.9453255E-007
2.784	7.6579261E-007
2.785	6.5011170E-007
2.786	5.4056466E-007
2.787	4.3914599E-007
2.788	3.5039324E-007
2.789	2.6383714E-007
2.79	1.9557098E-007
2.791	1.4033202E-007
2.792	9.8714857E-008
2.793	6.9596169E-008
2.794	5.6925636E-008
2.795	5.8005732E-008
2.796	7.3909234E-008
2.797	1.0176142E-007
2.798	1.4115658E-007
2.799	1.9097683E-007
2.8	2.5444101E-007
2.801	3.2149714E-007
2.802	3.9452095E-007
2.803	4.7754048E-007
2.804	5.5760029E-007
2.805	6.3840542E-007
2.806	7.2399405E-007
2.807	8.0113148E-007
2.808	8.7406954E-007
2.809	9.4598420E-007
2.81	1.0058702E-006
2.811	1.0575795E-006
2.812	1.1030884E-006
2.813	1.1351913E-006
2.814	1.1582667E-006
2.815	1.1685088E-006
2.816	1.1680487E-006
2.817	1.1557917E-006
2.818	1.1343486E-006
2.819	1.1025163E-006
2.82	1.0584063E-006
2.821	1.0085334E-006
2.822	9.4724214E-007
2.823	8.8363629E-007
2.824	8.1034875E-007
2.825	7.3822667E-007
2.826	6.6411781E-007
2.827	5.8404828E-007
2.828	5.0997710E-007
2.829	4.3299542E-007
2.83	3.6457857E-007
2.831	2.9638846E-007
2.832	2.3859656E-007
2.833	1.8405530E-007
2.834	1.4081478E-007
2.835	1.0565773E-007
2.836	7.7474851E-008
2.837	6.0294070E-008
2.838	5.1837276E-008
2.839	5.3130812E-008
2.84	6.4114843E-008
2.841	8.4520806E-008
2.842	1.1148109E-007
2.843	1.4802981E-007
2.844	1.8842587E-007
2.845	2.3740853E-007
2.846	2.8546822E-007
2.847	3.4220108E-007
2.848	3.9705390E-007
2.849	4.5663933E-007
2.85	5.1176301E-007
2.851	5.6916087E-007
2.852	6.1990193E-007
2.853	6.7031169E-007
2.854	7.1540779E-007
2.855	7.5189848E-007
2.856	7.8423523E-007
2.857	8.0757712E-007
2.858	8.2472724E-007
2.859	8.3357804E-007
2.86	8.3401790E-007
2.861	8.2642651E-007
2.862	8.1179019E-007
2.863	7.8863377E-007
2.864	7.5808379E-007
2.865	7.2363537E-007
2.866	6.8105498E-007
2.867	6.3362546E-007
2.868	5.8575438E-007
2.869	5.3185067E-007
2.87	4.7615083E-007
2.871	4.2361654E-007
2.872	3.6788558E-007
2.873	3.1556920E-007
2.874	2.6741361E-007
2.875	2.1933178E-007
2.876	1.7583335E-007
2.877	1.4002990E-007
2.878	1.0748469E-007
2.879	8.1505874E-008
2.88	6.3539495E-008
2.881	5.1266078E-008
2.882	4.6338805E-008
2.883	4.8684530E-008
2.884	5.7301506E-008
2.885	7.3065728E-008
2.886	9.5160971E-008
2.887	1.2295757E-007
2.888	1.5343696E-007
2.889	1.9020328E-007
2.89	2.3035683E-007
2.891	2.7296039E-007
2.892	3.1405247E-007
2.893	3.5862885E-007
2.894	4.0275245E-007
2.895	4.4551820E-007
2.896	4.8327217E-007
2.897	5.2079906E-007
2.898	5.5431514E-007
2.899	5.8327873E-007
2.9	6.0628349E-007
2.901	6.2350819E-007
2.902	6.3614527E-007
2.903	6.4259814E-007
2.904	6.4267272E-007
2.905	6.3655466E-007
2.906	6.2423084E-007
2.907	6.0616708E-007
2.908	5.8428475E-007
2.909	5.5615931E-007
2.91	5.2375628E-007
2.911	4.8770806E-007
2.912	4.4875350E-007
2.913	4.0776183E-007
2.914	3.6552967E-007
2.915	3.2574897E-007
2.916	2.8360887E-007
2.917	2.4272310E-007
2.918	2.0391379E-007
2.919	1.6792229E-007
2.92	1.3543354E-007
2.921	1.0705674E-007
2.922	8.3278437E-008
2.923	6.4527285E-008
2.924	5.1085205E-008
2.925	4.3176385E-008
2.926	4.0809013E-008
2.927	4.3823633E-008
2.928	5.1487277E-008
2.929	6.4662899E-008
2.93	8.2632148E-008
2.931	1.0492717E-007
2.932	1.3103005E-007
2.933	1.6033067E-007
2.934	1.9214477E-007
2.935	2.2576867E-007
2.936	2.6047502E-007
2.937	2.9553024E-007
2.938	3.3016192E-007
2.939	3.6364776E-007
2.94	3.9530039E-007
2.941	4.2440212E-007
2.942	4.5040025E-007
2.943	4.7279008E-007
2.944	4.9109360E-007
2.945	5.0501808E-007
2.946	5.1464986E-007
2.947	5.1866766E-007
2.948	5.1771570E-007
2.949	5.1194655E-007
2.95	5.0137635E-007
2.951	4.8691686E-007
2.952	4.6784169E-007
2.953	4.4497958E-007
2.954	4.1881609E-007
2.955	3.8990154E-007
2.956	3.5881305E-007
2.957	3.2616299E-007
2.958	2.9038983E-007
2.959	2.5662922E-007
2.96	2.2334643E-007
2.961	1.9118485E-007
2.962	1.6075198E-007
2.963	1.3262618E-007
2.964	1.0733334E-007
2.965	8.5342684E-008
2.966	6.5944583E-008
2.967	5.1892847E-008
2.968	4.2066812E-008
2.969	3.6623952E-008
2.97	3.5575940E-008
2.971	3.8919886E-008
2.972	4.6493668E-008
2.973	5.9018362E-008
2.974	7.4607570E-008
2.975	9.3537537E-008
2.976	1.1461487E-007
2.977	1.3883124E-007
2.978	1.6678464E-007
2.979	1.9436111E-007
2.98	2.2269131E-007
2.981	2.5117447E-007
2.982	2.8108036E-007
2.983	3.0805523E-007
2.984	3.3342224E-007
2.985	3.5666608E-007
2.986	3.7869532E-007
2.987	3.9622830E-007
2.988	4.1043342E-007
2.989	4.2101823E-007
2.99	4.2817476E-007
2.991	4.3077750E-007
2.992	4.2944225E-007
2.993	4.2419458E-007
2.994	4.1447646E-007
2.995	4.0159185E-007
2.996	3.8538224E-007
2.997	3.6486921E-007
2.998	3.4292631E-007
2.999	3.1890016E-007
3	2.9227385E-007
3.001	2.6539948E-007
3.002	2.3787698E-007
3.003	2.0846731E-007
3.004	1.8135404E-007
3.005	1.5523219E-007
3.006	1.2900304E-007
3.007	1.0643214E-007
3.008	8.6220190E-008
3.009	6.7680261E-008
3.01	5.3432970E-008
3.011	4.2476522E-008
3.012	3.4599395E-008
3.013	3.0896285E-008
3.014	3.0897240E-008
3.015	3.4565787E-008
3.016	4.1650210E-008
3.017	5.2785822E-008
3.018	6.6303457E-008
3.019	8.3687425E-008
3.02	1.0235198E-007
3.021	1.2437297E-007
3.022	1.4651471E-007
3.023	1.6964718E-007
3.024	1.9409978E-007
3.025	2.1779780E-007
3.026	2.4258264E-007
3.027	2.6484790E-007
3.028	2.8711190E-007
3.029	3.0607970E-007
3.03	3.2397310E-007
3.031	3.3812250E-007
3.032	3.5018888E-007
3.033	3.5837598E-007
3.034	3.6366879E-007
3.035	3.6524710E-007
3.036	3.6337337E-007
3.037	3.5828947E-007
3.038	3.4950313E-007
3.039	3.3819481E-007
3.04	3.2318889E-007
3.041	3.0666376E-007
3.042	2.8675112E-007
3.043	2.6633185E-007
3.044	2.4316043E-007
3.045	2.2051452E-007
3.046	1.9590888E-007
3.047	1.7210417E-007
3.048	1.4954976E-007
3.049	1.2647007E-007
3.05	1.0618140E-007
3.051	8.6387615E-008
3.052	6.9918130E-008
3.053	5.4900696E-008
3.054	4.2803961E-008
3.055	3.4298807E-008
3.056	2.8421224E-008
3.057	2.5974902E-008
3.058	2.6652788E-008
3.059	3.0658338E-008
3.06	3.7326753E-008
3.061	4.7378261E-008
3.062	6.0199788E-008
3.063	7.4458228E-008
3.064	9.1730996E-008
3.065	1.0949323E-007
3.066	1.2971972E-007
3.067	1.5080394E-007
3.068	1.7228726E-007
3.069	1.9168201E-007
3.07	2.1259916E-007
3.071	2.3256709E-007
3.072	2.4999389E-007
3.073	2.6690276E-007
3.074	2.8164752E-007
3.075	2.9327444E-007
3.076	3.0307208E-007
3.077	3.1003668E-007
3.078	3.1392739E-007
3.079	3.1474843E-007
3.08	3.1265313E-007
3.081	3.0751758E-007
3.082	3.0001758E-007
3.083	2.8936296E-007
3.084	2.7621084E-007
3.085	2.6079044E-007
3.086	2.4457438E-007
3.087	2.2584143E-007
3.088	2.0588888E-007
3.089	1.8523293E-007
3.09	1.6423866E-007
3.091	1.4528020E-007
3.092	1.2488462E-007
3.093	1.0540927E-007
3.094	8.7246860E-008
3.095	7.0766312E-008
3.096	5.7112885E-008
3.097	4.4759823E-008
3.098	3.4898342E-008
3.099	2.7718492E-008
3.1	2.3331369E-008
3.101	2.1805983E-008
3.102	2.2951422E-008
3.103	2.6906783E-008
3.104	3.3559754E-008
3.105	4.2732424E-008
3.106	5.4216457E-008
3.107	6.7739705E-008
3.108	8.1992937E-008
3.109	9.8564854E-008
3.11	1.1618658E-007
3.111	1.3448066E-007
3.112	1.5304826E-007
3.113	1.7091349E-007
3.114	1.8885125E-007
3.115	2.0592006E-007
3.116	2.2173487E-007
3.117	2.3598528E-007
3.118	2.4763460E-007
3.119	2.5803081E-007
3.12	2.6612594E-007
3.121	2.7173974E-007
3.122	2.7476574E-007
3.123	2.7514562E-007
3.124	2.7291105E-007
3.125	2.6807851E-007
3.126	2.6075347E-007
3.127	2.5113985E-007
3.128	2.3938182E-007
3.129	2.2578652E-007
3.13	2.1057710E-007
3.131	1.9411874E-007
3.132	1.7672284E-007
3.133	1.5874934E-007
3.134	1.4112055E-007
3.135	1.2307450E-007
3.136	1.0553587E-007
3.137	8.8836572E-008
3.138	7.3314638E-008
3.139	5.9270228E-008
3.14	4.6978219E-008
3.141	3.6662364E-008
3.142	2.8520013E-008
3.143	2.2690935E-008
3.144	1.9267249E-008
3.145	1.8310821E-008
3.146	1.9976008E-008
3.147	2.4018540E-008
3.148	3.0348559E-008
3.149	3.8822463E-008
3.15	4.9243503E-008
3.151	6.1381741E-008
3.152	7.4974345E-008
3.153	8.9722889E-008
3.154	1.0532575E-007
3.155	1.2093027E-007
3.156	1.3723732E-007
3.157	1.5440283E-007
3.158	1.7004743E-007
3.159	1.8486541E-007
3.16	1.9855852E-007
3.161	2.1086882E-007
3.162	2.2152470E-007
3.163	2.3035102E-007
3.164	2.3749101E-007
3.165	2.4195475E-007
3.166	2.4419137E-007
3.167	2.4413063E-007
3.168	2.4179303E-007
3.169	2.3721492E-007
3.17	2.3003489E-007
3.171	2.2121364E-007
3.172	2.1058364E-007
3.173	1.9838139E-007
3.174	1.8484235E-007
3.175	1.6976551E-007
3.176	1.5435762E-007
3.177	1.3848843E-007
3.178	1.2247803E-007
3.179	1.0564210E-007
3.18	9.0314316E-008
3.181	7.5764881E-008
3.182	6.2282567E-008
3.183	4.9418048E-008
3.184	3.8923396E-008
3.185	3.0176047E-008
3.186	2.3355650E-008
3.187	1.8341652E-008
3.188	1.5803369E-008
3.189	1.5416102E-008
3.19	1.7353852E-008
3.191	2.1327427E-008
3.192	2.7292373E-008
3.193	3.5113462E-008
3.194	4.5274099E-008
3.195	5.5984568E-008
3.196	6.8266864E-008
3.197	8.2405464E-008
3.198	9.6443813E-008
3.199	1.1088821E-007
3.2	1.2639282E-007
3.201	1.4078765E-007
3.202	1.5471414E-007
3.203	1.6868354E-007
3.204	1.8077871E-007
3.205	1.9226104E-007
3.206	2.0152224E-007
3.207	2.0912294E-007
3.208	2.1523445E-007
3.209	2.1899432E-007
3.21	2.2073687E-007
3.211	2.2039353E-007
3.212	2.1797659E-007
3.213	2.1329589E-007
3.214	2.0716269E-007
3.215	1.9911388E-007
3.216	1.8886024E-007
3.217	1.7777668E-007
3.218	1.6472782E-007
3.219	1.5148626E-007
3.22	1.3674581E-007
3.221	1.2247384E-007
3.222	1.0721300E-007
3.223	9.3039134E-008
3.224	7.9339202E-008
3.225	6.5592516E-008
3.226	5.3646744E-008
3.227	4.2300179E-008
3.228	3.3066762E-008
3.229	2.5002993E-008
3.23	1.9185027E-008
3.231	1.5018134E-008
3.232	1.3047306E-008
3.233	1.3059807E-008
3.234	1.4951153E-008
3.235	1.9030205E-008
3.236	2.4700011E-008
3.237	3.2531911E-008
3.238	4.1438938E-008
3.239	5.2339598E-008
3.24	6.4467102E-008
3.241	7.6763726E-008
3.242	9.0487831E-008
3.243	1.0376011E-007
3.244	1.1794708E-007
3.245	1.3109806E-007
3.246	1.4457103E-007
3.247	1.5725318E-007
3.248	1.6820564E-007
3.249	1.7857191E-007
3.25	1.8691151E-007
3.251	1.9414671E-007
3.252	1.9935706E-007
3.253	2.0263927E-007
3.254	2.0417190E-007
3.255	2.0369467E-007
3.256	2.0121806E-007
3.257	1.9673782E-007
3.258	1.9077780E-007
3.259	1.8275938E-007
3.26	1.7312131E-007
3.261	1.6278298E-007
3.262	1.5067005E-007
3.263	1.3765535E-007
3.264	1.2482138E-007
3.265	1.1085535E-007
3.266	9.6826952E-008
3.267	8.3828638E-008
3.268	7.0513707E-008
3.269	5.7989126E-008
3.27	4.7152490E-008
3.271	3.7151015E-008
3.272	2.8310073E-008
3.273	2.1495463E-008
3.274	1.5995758E-008
3.275	1.2401040E-008
3.276	1.0776769E-008
3.277	1.1067603E-008
3.278	1.3304380E-008
3.279	1.7469706E-008
3.28	2.3461894E-008
3.281	3.0654714E-008
3.282	3.9785370E-008
3.283	5.0263523E-008
3.284	6.1855630E-008
3.285	7.3557580E-008
3.286	8.6585253E-008
3.287	9.9959614E-008
3.288	1.1337710E-007
3.289	1.2618625E-007
3.29	1.3816282E-007
3.291	1.5014572E-007
3.292	1.6113120E-007
3.293	1.7090002E-007
3.294	1.7922504E-007
3.295	1.8556699E-007
3.296	1.9064149E-007
3.297	1.9386746E-007
3.298	1.9519192E-007
3.299	1.9457147E-007
3.3	1.9202461E-007
3.301	1.8762250E-007
3.302	1.8183297E-007
3.303	1.7410645E-007
3.304	1.6487945E-007
3.305	1.5434490E-007
3.306	1.4275025E-007
3.307	1.3067466E-007
3.308	1.1766483E-007
3.309	1.0435171E-007
3.31	9.0976442E-008
3.311	7.8598156E-008
3.312	6.5930344E-008
3.313	5.4007835E-008
3.314	4.3085734E-008
3.315	3.3373162E-008
3.316	2.5085537E-008
3.317	1.8380071E-008
3.318	1.3399742E-008
3.319	1.0243507E-008
3.32	8.9798080E-009
3.321	9.6309503E-009
3.322	1.2178007E-008
3.323	1.6578415E-008
3.324	2.2736756E-008
3.325	3.0271210E-008
3.326	3.9490061E-008
3.327	5.0001713E-008
3.328	6.1586306E-008
3.329	7.4005065E-008
3.33	8.7014627E-008
3.331	1.0034785E-007
3.332	1.1372424E-007
3.333	1.2688227E-007
3.334	1.3954838E-007
3.335	1.5146237E-007
3.336	1.6239700E-007
3.337	1.7210974E-007
3.338	1.8040581E-007
3.339	1.8714285E-007
3.34	1.9215469E-007
3.341	1.9536010E-007
3.342	1.9663614E-007
3.343	1.9608362E-007
3.344	1.9366227E-007
3.345	1.8935255E-007
3.346	1.8328124E-007
3.347	1.7509447E-007
3.348	1.6580137E-007
3.349	1.5523743E-007
3.35	1.4357474E-007
3.351	1.3106714E-007
3.352	1.1797835E-007
3.353	1.0456105E-007
3.354	9.1078491E-008
3.355	7.7058566E-008
3.356	6.4326287E-008
3.357	5.2350586E-008
3.358	4.1389598E-008
3.359	3.1929368E-008
3.36	2.3598012E-008
3.361	1.6871745E-008
3.362	1.1663378E-008
3.363	8.6593541E-009
3.364	7.5954123E-009
3.365	8.4988798E-009
3.366	1.1360715E-008
3.367	1.6484163E-008
3.368	2.3204247E-008
3.369	3.1628147E-008
3.37	4.1603151E-008
3.371	5.2941999E-008
3.372	6.6198574E-008
3.373	7.9647513E-008
3.374	9.3730286E-008
3.375	1.0818501E-007
3.376	1.2316255E-007
3.377	1.3750525E-007
3.378	1.5136843E-007
3.379	1.6447680E-007
3.38	1.7728280E-007
3.381	1.8804892E-007
3.382	1.9735515E-007
3.383	2.0501572E-007
3.384	2.1114303E-007
3.385	2.1492430E-007
3.386	2.1671343E-007
3.387	2.1641816E-007
3.388	2.1390161E-007
3.389	2.0940098E-007
3.39	2.0298954E-007
3.391	1.9423032E-007
3.392	1.8424981E-007
3.393	1.7315996E-007
3.394	1.5976856E-007
3.395	1.4608480E-007
3.396	1.3168795E-007
3.397	1.1600069E-007
3.398	1.0104847E-007
3.399	8.6286136E-008
3.4	7.1197903E-008
3.401	5.7755848E-008
3.402	4.4708315E-008
3.403	3.3769332E-008
3.404	2.4426015E-008
3.405	1.6498262E-008
3.406	1.1052213E-008
3.407	7.7330107E-009
3.408	6.6437460E-009
3.409	7.8987146E-009
3.41	1.1738649E-008
3.411	1.7700136E-008
3.412	2.6403033E-008
3.413	3.6753935E-008
3.414	4.9018379E-008
3.415	6.3868114E-008
3.416	7.9399200E-008
3.417	9.7167565E-008
3.418	1.1486179E-007
3.419	1.3425512E-007
3.42	1.5279896E-007
3.421	1.7234294E-007
3.422	1.9033159E-007
3.423	2.0855768E-007
3.424	2.2458792E-007
3.425	2.3963656E-007
3.426	2.5248968E-007
3.427	2.6397640E-007
3.428	2.7258466E-007
3.429	2.7911653E-007
3.43	2.8266669E-007
3.431	2.8367418E-007
3.432	2.8186071E-007
3.433	2.7709552E-007
3.434	2.6996901E-007
3.435	2.5976539E-007
3.436	2.4780479E-007
3.437	2.3290880E-007
3.438	2.1696681E-007
3.439	1.9849253E-007
3.44	1.7874828E-007
3.441	1.5984421E-007
3.442	1.3884716E-007
3.443	1.1903408E-007
3.444	9.8551553E-008
3.445	8.0080270E-008
3.446	6.1925654E-008
3.447	4.5656950E-008
3.448	3.2417795E-008
3.449	2.1038733E-008
3.45	1.2716534E-008
3.451	7.9420239E-009
3.452	6.3969017E-009
3.453	8.4165883E-009
3.454	1.4348078E-008
3.455	2.4233948E-008
3.456	3.7168149E-008
3.457	5.4048581E-008
3.458	7.5022236E-008
3.459	9.7938809E-008
3.46	1.2521836E-007
3.461	1.5519396E-007
3.462	1.8555417E-007
3.463	2.1945641E-007
3.464	2.5453943E-007
3.465	2.8822319E-007
3.466	3.2395280E-007
3.467	3.5901971E-007
3.468	3.9098103E-007
3.469	4.2299268E-007
3.47	4.5245525E-007
3.471	4.7885351E-007
3.472	4.9977348E-007
3.473	5.1864680E-007
3.474	5.3291365E-007
3.475	5.4227212E-007
3.476	5.4617692E-007
3.477	5.4514328E-007
3.478	5.3851397E-007
3.479	5.2634721E-007
3.48	5.0987302E-007
3.481	4.8744772E-007
3.482	4.6017104E-007
3.483	4.2848941E-007
3.484	3.9302802E-007
3.485	3.5663732E-007
3.486	3.1586234E-007
3.487	2.7477142E-007
3.488	2.3202546E-007
3.489	1.8980663E-007
3.49	1.5145017E-007
3.491	1.1356106E-007
3.492	7.9661092E-008
3.493	5.1006822E-008
3.494	2.8865436E-008
3.495	1.4477443E-008
3.496	9.0877394E-009
3.497	1.3331206E-008
3.498	2.8798457E-008
3.499	5.6586885E-008
3.5	9.7706952E-008
3.501	1.5303904E-007
3.502	2.2114921E-007
3.503	3.0657816E-007
3.504	4.0203656E-007
3.505	5.1907659E-007
3.506	6.5270831E-007
3.507	8.0296377E-007
3.508	9.6984832E-007
3.509	1.1528830E-006
3.51	1.3516435E-006
3.511	1.5654459E-006
3.512	1.7933260E-006
3.513	2.0344319E-006
3.514	2.2878960E-006
3.515	2.5517543E-006
3.516	2.8250042E-006
3.517	3.0983529E-006
3.518	3.3852489E-006
3.519	3.6602100E-006
3.52	3.9537454E-006
3.521	4.2481479E-006
3.522	4.5406509E-006
3.523	4.8308311E-006
3.524	5.1149827E-006
3.525	5.3920940E-006
3.526	5.6599383E-006
3.527	5.9162007E-006
3.528	6.1729670E-006
3.529	6.3884791E-006
3.53	6.6122234E-006
3.531	6.8054655E-006
3.532	6.9745902E-006
3.533	7.1283280E-006
3.534	7.2608927E-006
3.535	7.3701144E-006
3.536	7.4550508E-006
3.537	7.5165290E-006
3.538	7.5547832E-006
3.539	7.5677040E-006
3.54	7.5552789E-006
3.541	7.5192484E-006
3.542	7.4597929E-006
3.543	7.3762476E-006
3.544	7.2699668E-006
3.545	7.1343829E-006
3.546	6.9844455E-006
3.547	6.8203567E-006
3.548	6.6331459E-006
3.549	6.4283749E-006
3.55	6.2097661E-006
3.551	5.9765644E-006
3.552	5.7318466E-006
3.553	5.4634247E-006
3.554	5.1998240E-006
3.555	4.9293267E-006
3.556	4.6545965E-006
3.557	4.3774444E-006
3.558	4.0988234E-006
3.559	3.8207354E-006
3.56	3.5298619E-006
3.561	3.2655325E-006
3.562	2.9990338E-006
3.563	2.7396072E-006
3.564	2.4877097E-006
3.565	2.2320878E-006
3.566	2.0006182E-006
3.567	1.7803707E-006
3.568	1.5721589E-006
3.569	1.3764247E-006
3.57	1.1842278E-006
3.571	1.0159351E-006
3.572	8.6146883E-007
3.573	7.2089364E-007
3.574	5.8745741E-007
3.575	4.7812472E-007
3.576	3.7883882E-007
3.577	2.8824070E-007
3.578	2.1534089E-007
3.579	1.5441769E-007
3.58	1.0484601E-007
3.581	6.4095545E-008
3.582	3.5623898E-008
3.583	1.6197802E-008
3.584	4.5796855E-009
3.585	1.0732990E-009
3.586	3.9777381E-009
3.587	1.2411401E-008
3.588	2.6346338E-008
3.589	4.2897071E-008
3.59	6.2815197E-008
3.591	8.6180933E-008
3.592	1.0971502E-007
3.593	1.3390112E-007
3.594	1.5945362E-007
3.595	1.8303230E-007
3.596	2.0672410E-007
3.597	2.2748586E-007
3.598	2.4623353E-007
3.599	2.6351358E-007
3.6	2.7723172E-007
3.601	2.8813190E-007
3.602	2.9658415E-007
3.603	3.0142027E-007
3.604	3.0350623E-007
3.605	3.0250504E-007
3.606	2.9845330E-007
3.607	2.9192708E-007
3.608	2.8294431E-007
3.609	2.7110170E-007
3.61	2.5790024E-007
3.611	2.4213975E-007
3.612	2.2582685E-007
3.613	2.0849654E-007
3.614	1.8941638E-007
3.615	1.7089090E-007
3.616	1.5125526E-007
3.617	1.3332566E-007
3.618	1.1435787E-007
3.619	9.7143904E-008
3.62	8.0003858E-008
3.621	6.4949489E-008
3.622	5.0518118E-008
3.623	3.8370992E-008
3.624	2.7280416E-008
3.625	1.8496419E-008
3.626	1.1099241E-008
3.627	5.8747602E-009
3.628	2.2311066E-009
3.629	5.0018267E-010
3.63	3.9086862E-010
3.631	1.8083771E-009
3.632	4.8053450E-009
3.633	9.1853627E-009
3.634	1.4443643E-008
3.635	2.0984501E-008
3.636	2.7929156E-008
3.637	3.5852729E-008
3.638	4.3723126E-008
3.639	5.2231524E-008
3.64	6.0735573E-008
3.641	6.8579830E-008
3.642	7.6519854E-008
3.643	8.3318753E-008
3.644	9.0041738E-008
3.645	9.5931313E-008
3.646	1.0065870E-007
3.647	1.0464822E-007
3.648	1.0740556E-007
3.649	1.0924616E-007
3.65	1.0993915E-007
3.651	1.0952843E-007
3.652	1.0802599E-007
3.653	1.0544620E-007
3.654	1.0207885E-007
3.655	9.7654777E-008
3.656	9.2416201E-008
3.657	8.6955637E-008
3.658	8.0496150E-008
3.659	7.3591693E-008
3.66	6.6745699E-008
3.661	5.9353084E-008
3.662	5.1940102E-008
3.663	4.4624517E-008
3.664	3.7900506E-008
3.665	3.1151497E-008
3.666	2.4867486E-008
3.667	1.9422096E-008
3.668	1.4317203E-008
3.669	9.9257145E-009
3.67	6.3964052E-009
3.671	3.7057246E-009
3.672	1.6841784E-009
3.673	5.0746163E-010
3.674	1.6797985E-010
3.675	5.9481697E-010
3.676	1.7979359E-009
3.677	3.7192676E-009
3.678	6.2944396E-009
3.679	9.2621875E-009
3.68	1.2874042E-008
3.681	1.6880197E-008
3.682	2.1190505E-008
3.683	2.5568930E-008
3.684	2.9914531E-008
3.685	3.4502449E-008
3.686	3.8980502E-008
3.687	4.3258972E-008
3.688	4.7250747E-008
3.689	5.0875919E-008
3.69	5.3893423E-008
3.691	5.6595471E-008
3.692	5.8746679E-008
3.693	6.0301325E-008
3.694	6.1243909E-008
3.695	6.1561387E-008
3.696	6.1265396E-008
3.697	6.0356570E-008
3.698	5.8950754E-008
3.699	5.6919269E-008
3.7	5.4384248E-008
3.701	5.1399510E-008
3.702	4.8021306E-008
3.703	4.4320316E-008
3.704	4.0378730E-008
3.705	3.6272333E-008
3.706	3.2070261E-008
3.707	2.7866990E-008
3.708	2.4052099E-008
3.709	2.0057765E-008
3.71	1.6278484E-008
3.711	1.2781568E-008
3.712	9.6287671E-009
3.713	6.8665100E-009
3.714	4.5441895E-009
3.715	2.6930280E-009
3.716	1.3367306E-009
3.717	4.9006915E-010
3.718	1.5532320E-010
3.719	3.2645658E-010
3.72	9.8622543E-010
3.721	2.0737960E-009
3.722	3.6136172E-009
3.723	5.5398210E-009
3.724	7.8035942E-009
3.725	1.0352444E-008
3.726	1.3123003E-008
3.727	1.6054578E-008
3.728	1.9080488E-008
3.729	2.2138426E-008
3.73	2.5159977E-008
3.731	2.8083221E-008
3.732	3.0851176E-008
3.733	3.3464097E-008
3.734	3.5737685E-008
3.735	3.7704851E-008
3.736	3.9318337E-008
3.737	4.0557069E-008
3.738	4.1395342E-008
3.739	4.1822119E-008
3.74	4.1825118E-008
3.741	4.1412335E-008
3.742	4.0599197E-008
3.743	3.9395744E-008
3.744	3.7744009E-008
3.745	3.5894303E-008
3.746	3.3719274E-008
3.747	3.1301290E-008
3.748	2.8688568E-008
3.749	2.5938977E-008
3.75	2.3105436E-008
3.751	2.0088578E-008
3.752	1.7246709E-008
3.753	1.4487577E-008
3.754	1.1854889E-008
3.755	9.4006731E-009
3.756	7.1688548E-009
3.757	5.1969544E-009
3.758	3.4769410E-009
3.759	2.1249245E-009
3.76	1.1133194E-009
3.761	4.5434351E-010
3.762	1.5476079E-010
3.763	2.2494395E-010
3.764	6.5023192E-010
3.765	1.4087022E-009
3.766	2.4797158E-009
3.767	3.9130539E-009
3.768	5.5333018E-009
3.769	7.3656574E-009
3.77	9.3177555E-009
3.771	1.1562813E-008
3.772	1.3780803E-008
3.773	1.6032885E-008
3.774	1.8274697E-008
3.775	2.0573889E-008
3.776	2.2650891E-008
3.777	2.4583340E-008
3.778	2.6419166E-008
3.779	2.7943027E-008
3.78	2.9213922E-008
3.781	3.0216455E-008
3.782	3.0944463E-008
3.783	3.1346438E-008
3.784	3.1446639E-008
3.785	3.1214945E-008
3.786	3.0683431E-008
3.787	2.9872226E-008
3.788	2.8719473E-008
3.789	2.7370854E-008
3.79	2.5712799E-008
3.791	2.3950548E-008
3.792	2.2033205E-008
3.793	1.9892845E-008
3.794	1.7839110E-008
3.795	1.5699548E-008
3.796	1.3455675E-008
3.797	1.1371727E-008
3.798	9.3755332E-009
3.799	7.4093651E-009
3.8	5.7014304E-009
3.801	4.1092858E-009
3.802	2.8162930E-009
3.803	1.7107218E-009
3.804	9.2093277E-010
3.805	4.0619047E-010
3.806	1.3765072E-010
3.807	1.6118683E-010
3.808	4.7332360E-010
3.809	1.0323755E-009
3.81	1.8806432E-009
3.811	2.9125662E-009
3.812	4.2107562E-009
3.813	5.6176317E-009
3.814	7.2462925E-009
3.815	8.9004377E-009
3.816	1.0625183E-008
3.817	1.2428236E-008
3.818	1.4184283E-008
3.819	1.5990636E-008
3.82	1.7635541E-008
3.821	1.9252838E-008
3.822	2.0646725E-008
3.823	2.1942387E-008
3.824	2.3030868E-008
3.825	2.3848399E-008
3.826	2.4474435E-008
3.827	2.4829639E-008
3.828	2.4945859E-008
3.829	2.4815130E-008
3.83	2.4427429E-008
3.831	2.3823560E-008
3.832	2.2959895E-008
3.833	2.1936078E-008
3.834	2.0672182E-008
3.835	1.9239280E-008
3.836	1.7749478E-008
3.837	1.6080712E-008
3.838	1.4433439E-008
3.839	1.2661845E-008
3.84	1.0934374E-008
3.841	9.2859578E-009
3.842	7.6196143E-009
3.843	6.1299996E-009
3.844	4.6924322E-009
3.845	3.4133247E-009
3.846	2.3689251E-009
3.847	1.4670120E-009
3.848	7.8423146E-010
3.849	3.4834022E-010
3.85	1.1896906E-010
3.851	1.2386857E-010
3.852	3.4186609E-010
3.853	7.9159879E-010
3.854	1.4541495E-009
3.855	2.2656019E-009
3.856	3.2910261E-009
3.857	4.4687312E-009
3.858	5.7037366E-009
3.859	7.0966024E-009
3.86	8.5569534E-009
3.861	1.0050709E-008
3.862	1.1432683E-008
3.863	1.2899367E-008
3.864	1.4308300E-008
3.865	1.5561522E-008
3.866	1.6769977E-008
3.867	1.7838184E-008
3.868	1.8740739E-008
3.869	1.9431694E-008
3.87	1.9970642E-008
3.871	2.0305755E-008
3.872	2.0431218E-008
3.873	2.0344830E-008
3.874	2.0072427E-008
3.875	1.9586338E-008
3.876	1.8910821E-008
3.877	1.8058003E-008
3.878	1.7047203E-008
3.879	1.5959120E-008
3.88	1.4701042E-008
3.881	1.3357347E-008
3.882	1.1955258E-008
3.883	1.0519112E-008
3.884	9.1870529E-009
3.885	7.7721207E-009
3.886	6.4102506E-009
3.887	5.1263327E-009
3.888	3.9473735E-009
3.889	2.8945943E-009
3.89	1.9872624E-009
3.891	1.2762393E-009
3.892	6.9857986E-010
3.893	3.0542940E-010
3.894	1.0256818E-010
3.895	8.9271424E-011
3.896	2.6307201E-010
3.897	6.2053135E-010
3.898	1.1518169E-009
3.899	1.8060770E-009
3.9	2.6356495E-009
3.901	3.5919951E-009
3.902	4.6527315E-009
3.903	5.7963225E-009
3.904	6.9953261E-009
3.905	8.2252800E-009
3.906	9.4296100E-009
3.907	1.0645912E-008
3.908	1.1815303E-008
3.909	1.2914853E-008
3.91	1.3921579E-008
3.911	1.4815248E-008
3.912	1.5578596E-008
3.913	1.6197077E-008
3.914	1.6656859E-008
3.915	1.6951901E-008
3.916	1.7074147E-008
3.917	1.7024703E-008
3.918	1.6806339E-008
3.919	1.6422275E-008
3.92	1.5879420E-008
3.921	1.5189254E-008
3.922	1.4370055E-008
3.923	1.3433588E-008
3.924	1.2402136E-008
3.925	1.1297225E-008
3.926	1.0140827E-008
3.927	8.9543875E-009
3.928	7.7906765E-009
3.929	6.6157777E-009
3.93	5.4819074E-009
3.931	4.4103814E-009
3.932	3.4210095E-009
3.933	2.5325648E-009
3.934	1.7270886E-009
3.935	1.0952015E-009
3.936	6.0654548E-010
3.937	2.6910604E-010
3.938	9.0273330E-011
3.939	6.3061945E-011
3.94	1.9237389E-010
3.941	4.7383775E-010
3.942	8.9990410E-010
3.943	1.4607007E-009
3.944	2.1796471E-009
3.945	2.9729379E-009
3.946	3.8548071E-009
3.947	4.8048632E-009
3.948	5.8045142E-009
3.949	6.8054948E-009
3.95	7.8944513E-009
3.951	8.9152028E-009
3.952	9.8985016E-009
3.953	1.0829613E-008
3.954	1.1683087E-008
3.955	1.2447474E-008
3.956	1.3135860E-008
3.957	1.3670377E-008
3.958	1.4072422E-008
3.959	1.4334963E-008
3.96	1.4465127E-008
3.961	1.4442572E-008
3.962	1.4277418E-008
3.963	1.3973576E-008
3.964	1.3537278E-008
3.965	1.2947534E-008
3.966	1.2271000E-008
3.967	1.1498990E-008
3.968	1.0600211E-008
3.969	9.7027080E-009
3.97	8.7349097E-009
3.971	7.7418907E-009
3.972	6.6917787E-009
3.973	5.7033631E-009
3.974	4.7466573E-009
3.975	3.8392476E-009
3.976	2.9590812E-009
3.977	2.2056010E-009
3.978	1.5482554E-009
3.979	9.7537489E-010
3.98	5.5960014E-010
3.981	2.5689734E-010
3.982	7.8627951E-011
3.983	4.3689517E-011
3.984	1.3948141E-010
3.985	3.7729497E-010
3.986	7.2834122E-010
3.987	1.1923413E-009
3.988	1.7900217E-009
3.989	2.4512385E-009
3.99	3.2075018E-009
3.991	4.0063992E-009
3.992	4.8475259E-009
3.993	5.7600440E-009
3.994	6.6368564E-009
3.995	7.5044158E-009
3.996	8.3855678E-009
3.997	9.1791748E-009
3.998	9.9470654E-009
3.999	1.0601518E-008
4	1.1182718E-008
4.001	1.1650264E-008
4.002	1.2010357E-008
4.003	1.2264359E-008
4.004	1.2385842E-008
4.005	1.2383586E-008
4.006	1.2257625E-008
4.007	1.2001861E-008
4.008	1.1642767E-008
4.009	1.1179248E-008
4.01	1.0606005E-008
4.011	9.9616777E-009
4.012	9.2121084E-009
4.013	8.4377749E-009
4.014	7.5827415E-009
4.015	6.7411379E-009
4.016	5.8504908E-009
4.017	4.9682471E-009
4.018	4.1524952E-009
4.019	3.3768417E-009
4.02	2.6387239E-009
4.021	1.9563240E-009
4.022	1.3878374E-009
4.023	8.8804386E-010
4.024	5.1293036E-010
4.025	2.3158286E-010
4.026	7.5150164E-011
4.027	2.9898292E-011
4.028	1.0002042E-010
4.029	2.8979660E-010
4.03	5.8472649E-010
4.031	9.6994635E-010
4.032	1.4690554E-009
4.033	2.0234174E-009
4.034	2.6765687E-009
4.035	3.3874099E-009
4.036	4.1047832E-009
4.037	4.8823221E-009
4.038	5.6320704E-009
4.039	6.4131687E-009
4.04	7.1527788E-009
4.041	7.8367979E-009
4.042	8.5049994E-009
4.043	9.0777501E-009
4.044	9.6004484E-009
4.045	1.0033918E-008
4.046	1.0353685E-008
4.047	1.0585953E-008
4.048	1.0711108E-008
4.049	1.0721820E-008
4.05	1.0629748E-008
4.051	1.0427831E-008
4.052	1.0120266E-008
4.053	9.7353983E-009
4.054	9.2435766E-009
4.055	8.6723713E-009
4.056	8.0671629E-009
4.057	7.3764657E-009
4.058	6.6481309E-009
4.059	5.9117506E-009
4.06	5.1842939E-009
4.061	4.4258908E-009
4.062	3.6879610E-009
4.063	3.0173206E-009
4.064	2.3614639E-009
4.065	1.7668009E-009
4.066	1.2459562E-009
4.067	8.2658280E-010
4.068	4.7539261E-010
4.069	2.2655616E-010
4.07	7.1749509E-011
4.071	2.0765513E-011
4.072	6.8542255E-011
4.073	2.1803959E-010
4.074	4.6514273E-010
4.075	8.0388407E-010
4.076	1.2259118E-009
4.077	1.6971986E-009
4.078	2.2395410E-009
4.079	2.8463778E-009
4.08	3.4919112E-009
4.081	4.1618877E-009
4.082	4.8418940E-009
4.083	5.4859899E-009
4.084	6.1459171E-009
4.085	6.7740142E-009
4.086	7.3569373E-009
4.087	7.8847986E-009
4.088	8.3358458E-009
4.089	8.7222292E-009
4.09	9.0243013E-009
4.091	9.2283958E-009
4.092	9.3531156E-009
4.093	9.3810026E-009
4.094	9.3132044E-009
4.095	9.1506740E-009
4.096	8.8976417E-009
4.097	8.5689749E-009
4.098	8.1545330E-009
4.099	7.6706179E-009
4.1	7.1292523E-009
4.101	6.5367076E-009
4.102	5.9395457E-009
4.103	5.2895039E-009
4.104	4.6288156E-009
4.105	3.9701926E-009
4.106	3.3420258E-009
4.107	2.7264599E-009
4.108	2.1506092E-009
4.109	1.6261348E-009
4.11	1.1625284E-009
4.111	7.6915468E-010
4.112	4.5298026E-010
4.113	2.1969426E-010
4.114	7.3372738E-011
4.115	1.6057761E-011
4.116	4.6391786E-011
4.117	1.6443649E-010
4.118	3.6735248E-010
4.119	6.5028050E-010
4.12	1.0067513E-009
4.121	1.4291455E-009
4.122	1.9078092E-009
4.123	2.4324636E-009
4.124	2.9926348E-009
4.125	3.5902961E-009
4.126	4.1857273E-009
4.127	4.7796980E-009
4.128	5.3604836E-009
4.129	5.9151657E-009
4.13	6.4345316E-009
4.131	6.9063395E-009
4.132	7.3221527E-009
4.133	7.6730284E-009
4.134	7.9476941E-009
4.135	8.1522256E-009
4.136	8.2807929E-009
4.137	8.3189624E-009
4.138	8.2721829E-009
4.139	8.1450047E-009
4.14	7.9379756E-009
4.141	7.6549522E-009
4.142	7.3037465E-009
4.143	6.8807537E-009
4.144	6.4111716E-009
4.145	5.9002492E-009
4.146	5.3552736E-009
4.147	4.7868109E-009
4.148	4.2071857E-009
4.149	3.6003884E-009
4.15	3.0324068E-009
4.151	2.4878202E-009
4.152	1.9872979E-009
4.153	1.5178541E-009
4.154	1.0816666E-009
4.155	7.2642470E-010
4.156	4.3777210E-010
4.157	2.2089700E-010
4.158	7.9450904E-011
4.159	1.4565529E-011
4.16	3.2846451E-011
4.161	1.2544442E-010
4.162	2.9435421E-010
4.163	5.4736449E-010
4.164	8.5621626E-010
4.165	1.2239230E-009
4.166	1.6642074E-009
4.167	2.1271767E-009
4.168	2.6233307E-009
4.169	3.1418799E-009
4.17	3.6846919E-009
4.171	4.2162185E-009
4.172	4.7380002E-009
4.173	5.2403939E-009
4.174	5.7338978E-009
4.175	6.1650729E-009
4.176	6.5474381E-009
4.177	6.8907102E-009
4.178	7.1526518E-009
4.179	7.3432158E-009
4.18	7.4754691E-009
4.181	7.5253750E-009
4.182	7.5011304E-009
4.183	7.3983086E-009
4.184	7.2265021E-009
4.185	6.9886905E-009
4.186	6.6716783E-009
4.187	6.3199437E-009
4.188	5.8906515E-009
4.189	5.4402891E-009
4.19	4.9565974E-009
4.191	4.4264379E-009
4.192	3.9072439E-009
4.193	3.3618219E-009
4.194	2.8496676E-009
4.195	2.3549478E-009
4.196	1.8773196E-009
4.197	1.4475083E-009
4.198	1.0458783E-009
4.199	7.1541489E-010
4.2	4.3193865E-010
4.201	2.2628915E-010
4.202	8.2874443E-011
4.203	1.7052842E-011
4.204	2.1642179E-011
4.205	9.8833969E-011
4.206	2.4312971E-010
4.207	4.6392437E-010
4.208	7.3661938E-010
4.209	1.0808624E-009
4.21	1.4584762E-009
4.211	1.8971227E-009
4.212	2.3484776E-009
4.213	2.8338567E-009
4.214	3.3213672E-009
4.215	3.8359413E-009
4.216	4.3209973E-009
4.217	4.8115245E-009
4.218	5.2746967E-009
4.219	5.6817191E-009
4.22	6.0637406E-009
4.221	6.3775563E-009
4.222	6.6418115E-009
4.223	6.8379817E-009
4.224	6.9769959E-009
4.225	7.0392470E-009
4.226	7.0341670E-009
4.227	6.9549775E-009
4.228	6.8109740E-009
4.229	6.5940640E-009
4.23	6.3261405E-009
4.231	5.9976868E-009
4.232	5.6099032E-009
4.233	5.1994498E-009
4.234	4.7347424E-009
4.235	4.2675792E-009
4.236	3.7645327E-009
4.237	3.2568945E-009
4.238	2.7766160E-009
4.239	2.3007221E-009
4.24	1.8393147E-009
4.241	1.4312663E-009
4.242	1.0473185E-009
4.243	7.1460604E-010
4.244	4.5157489E-010
4.245	2.3876534E-010
4.246	9.9174349E-011
4.247	2.3424809E-011
4.248	1.7717369E-011
4.249	8.4727635E-011
4.25	2.1506902E-010
4.251	4.1860559E-010
4.252	6.8630301E-010
4.253	9.9656572E-010
4.254	1.3723153E-009
4.255	1.7930017E-009
4.256	2.2379241E-009
4.257	2.6973246E-009
4.258	3.1952418E-009
4.259	3.6995269E-009
4.26	4.2000186E-009
4.261	4.6653521E-009
4.262	5.1285038E-009
4.263	5.5601310E-009
4.264	5.9403797E-009
4.265	6.2668621E-009
4.266	6.5522530E-009
4.267	6.7763164E-009
4.268	6.9322303E-009
4.269	7.0189268E-009
4.27	7.0336741E-009
4.271	6.9790422E-009
4.272	6.8561010E-009
4.273	6.6626500E-009
4.274	6.4047119E-009
4.275	6.1010237E-009
4.276	5.7333183E-009
4.277	5.3188556E-009
4.278	4.8667381E-009
4.279	4.3873971E-009
4.28	3.8885601E-009
4.281	3.3940830E-009
4.282	2.9134339E-009
4.283	2.4219302E-009
4.284	1.9526343E-009
4.285	1.5159927E-009
4.286	1.1213415E-009
4.287	7.7654311E-010
4.288	4.8932342E-010
4.289	2.7025221E-010
4.29	1.1964291E-010
4.291	3.2644380E-011
4.292	2.0340368E-011
4.293	8.3662050E-011
4.294	2.2202359E-010
4.295	4.3306189E-010
4.296	7.1337564E-010
4.297	1.0493155E-009
4.298	1.4502952E-009
4.299	1.9018662E-009
4.3	2.3958899E-009
4.301	2.9225280E-009
4.302	3.4712246E-009
4.303	4.0317687E-009
4.304	4.5934185E-009
4.305	5.1073030E-009
4.306	5.6641811E-009
4.307	6.1417325E-009
4.308	6.6227068E-009
4.309	7.0129191E-009
4.31	7.3655131E-009
4.311	7.6641786E-009
4.312	7.8673938E-009
4.313	8.0082927E-009
4.314	8.0670493E-009
4.315	8.0439548E-009
4.316	7.9392093E-009
4.317	7.7557898E-009
4.318	7.4958884E-009
4.319	7.1660988E-009
4.32	6.7700103E-009
4.321	6.3277277E-009
4.322	5.8275167E-009
4.323	5.2887459E-009
4.324	4.7229460E-009
4.325	4.1412171E-009
4.326	3.5551018E-009
4.327	2.9769902E-009
4.328	2.4198530E-009
4.329	1.9077360E-009
4.33	1.4072052E-009
4.331	9.8576525E-010
4.332	6.3063521E-010
4.333	3.5131728E-010
4.334	1.5556335E-010
4.335	4.9823826E-011
4.336	3.8951106E-011
4.337	1.2296353E-010
4.338	3.1809122E-010
4.339	6.0595362E-010
4.34	9.9014086E-010
4.341	1.4668106E-009
4.342	2.0299735E-009
4.343	2.6710232E-009
4.344	3.4156598E-009
4.345	4.1680064E-009
4.346	4.9841091E-009
4.347	5.8318075E-009
4.348	6.6965509E-009
4.349	7.6056903E-009
4.35	8.4607947E-009
4.351	9.2888914E-009
4.352	1.0072883E-008
4.353	1.0781859E-008
4.354	1.1464262E-008
4.355	1.2028726E-008
4.356	1.2496926E-008
4.357	1.2856059E-008
4.358	1.3105783E-008
4.359	1.3219851E-008
4.36	1.3204939E-008
4.361	1.3064961E-008
4.362	1.2775907E-008
4.363	1.2372955E-008
4.364	1.1846367E-008
4.365	1.1177008E-008
4.366	1.0431300E-008
4.367	9.5968531E-009
4.368	8.7075911E-009
4.369	7.7023126E-009
4.37	6.7021881E-009
4.371	5.6899787E-009
4.372	4.6420947E-009
4.373	3.6762609E-009
4.374	2.7726219E-009
4.375	1.9225690E-009
4.376	1.2424239E-009
4.377	6.8793260E-010
4.378	2.8973512E-010
4.379	1.0961985E-010
4.38	1.5119006E-010
4.381	4.5721410E-010
4.382	1.0237855E-009
4.383	1.8778312E-009
4.384	3.0671501E-009
4.385	4.5536570E-009
4.386	6.4631056E-009
4.387	8.6369472E-009
4.388	1.1160085E-008
4.389	1.4170014E-008
4.39	1.7402762E-008
4.391	2.1063546E-008
4.392	2.4978878E-008
4.393	2.9213439E-008
4.394	3.3968135E-008
4.395	3.8808700E-008
4.396	4.4148493E-008
4.397	4.9496862E-008
4.398	5.5306664E-008
4.399	6.0904554E-008
4.4	6.7043459E-008
4.401	7.3009232E-008
4.402	7.9346535E-008
4.403	8.5401865E-008
4.404	9.1730563E-008
4.405	9.7718051E-008
4.406	1.0373918E-007
4.407	1.0949559E-007
4.408	1.1505044E-007
4.409	1.2065121E-007
4.41	1.2595706E-007
4.411	1.3072130E-007
4.412	1.3534955E-007
4.413	1.3942453E-007
4.414	1.4318104E-007
4.415	1.4644090E-007
4.416	1.4935804E-007
4.417	1.5170377E-007
4.418	1.5363777E-007
4.419	1.5498478E-007
4.42	1.5586488E-007
4.421	1.5620265E-007
4.422	1.5602578E-007
4.423	1.5533233E-007
4.424	1.5417693E-007
4.425	1.5243401E-007
4.426	1.5029008E-007
4.427	1.4761270E-007
4.428	1.4445644E-007
4.429	1.4108036E-007
4.43	1.3713277E-007
4.431	1.3279164E-007
4.432	1.2833053E-007
4.433	1.2334981E-007
4.434	1.1834871E-007
4.435	1.1291181E-007
4.436	1.0739658E-007
4.437	1.0188454E-007
4.438	9.6016464E-008
4.439	9.0090055E-008
4.44	8.4386969E-008
4.441	7.8448693E-008
4.442	7.2568561E-008
4.443	6.7130259E-008
4.444	6.1441000E-008
4.445	5.5905943E-008
4.446	5.0768950E-008
4.447	4.5606189E-008
4.448	4.0667828E-008
4.449	3.5979710E-008
4.45	3.1744033E-008
4.451	2.7686401E-008
4.452	2.3825692E-008
4.453	2.0412351E-008
4.454	1.7142746E-008
4.455	1.4185963E-008
4.456	1.1533988E-008
4.457	9.2814139E-009
4.458	7.2617978E-009
4.459	5.4834102E-009
4.46	3.9840931E-009
4.461	2.7999723E-009
4.462	1.8080253E-009
4.463	1.0522385E-009
4.464	5.1455706E-010
4.465	1.8180291E-010
4.466	2.3306610E-011
4.467	1.4849996E-011
4.468	1.4703092E-010
4.469	3.9920814E-010
4.47	7.5093576E-010
4.471	1.1626178E-009
4.472	1.6412900E-009
4.473	2.1733957E-009
4.474	2.7305416E-009
4.475	3.2977279E-009
4.476	3.8597059E-009
4.477	4.4011910E-009
4.478	4.8896629E-009
4.479	5.3595359E-009
4.48	5.7704086E-009
4.481	6.1334067E-009
4.482	6.4317742E-009
4.483	6.6632304E-009
4.484	6.8238775E-009
4.485	6.9130390E-009
4.486	6.9312573E-009
4.487	6.8858892E-009
4.488	6.7729613E-009
4.489	6.5974222E-009
4.49	6.3651866E-009
4.491	6.0811725E-009
4.492	5.7522485E-009
4.493	5.3843978E-009
4.494	4.9957998E-009
4.495	4.5760968E-009
4.496	4.1414197E-009
4.497	3.6981522E-009
4.498	3.2559799E-009
4.499	2.8210552E-009
4.5	2.4006210E-009
4.501	2.0093813E-009
4.502	1.6352618E-009
4.503	1.2923597E-009
4.504	9.8502462E-010
4.505	7.1675099E-010
4.506	4.8997995E-010
4.507	3.0672004E-010
4.508	1.7043653E-010
4.509	7.5165915E-011
4.51	2.3813139E-011
4.511	1.4985487E-011
4.512	4.6483525E-011
4.513	1.1559458E-010
4.514	2.1894822E-010
4.515	3.4944386E-010
4.516	5.0881838E-010
4.517	6.8982953E-010
4.518	8.8776919E-010
4.519	1.0977441E-009
4.52	1.3144992E-009
4.521	1.5336431E-009
4.522	1.7449919E-009
4.523	1.9537696E-009
4.524	2.1515314E-009
4.525	2.3411526E-009
4.526	2.5035631E-009
4.527	2.6438518E-009
4.528	2.7593954E-009
4.529	2.8465466E-009
4.53	2.9085174E-009
4.531	2.9417018E-009
4.532	2.9458647E-009
4.533	2.9200922E-009
4.534	2.8666611E-009
4.535	2.7865177E-009
4.536	2.6851592E-009
4.537	2.5593585E-009
4.538	2.4138993E-009
4.539	2.2519111E-009
4.54	2.0686921E-009
4.541	1.8830466E-009
4.542	1.6907766E-009
4.543	1.4999164E-009
4.544	1.3054489E-009
4.545	1.1070498E-009
4.546	9.2466224E-010
4.547	7.5276474E-010
4.548	5.9409561E-010
4.549	4.5133522E-010
4.55	3.2427744E-010
4.551	2.1986246E-010
4.552	1.3662300E-010
4.553	7.5439800E-011
4.554	3.5717995E-011
4.555	2.0772085E-011
4.556	2.7694798E-011
4.557	5.5943257E-011
4.558	1.0713332E-010
4.559	1.7515964E-010
4.56	2.6018299E-010
4.561	3.6435635E-010
4.562	4.7689785E-010
4.563	5.9605748E-010
4.564	7.2457879E-010
4.565	8.6348645E-010
4.566	9.9762287E-010
4.567	1.1305523E-009
4.568	1.2649943E-009
4.569	1.3861761E-009
4.57	1.4960135E-009
4.571	1.6013699E-009
4.572	1.6889645E-009
4.573	1.7610311E-009
4.574	1.8193218E-009
4.575	1.8575252E-009
4.576	1.8779323E-009
4.577	1.8803235E-009
4.578	1.8645432E-009
4.579	1.8311892E-009
4.58	1.7785166E-009
4.581	1.7122310E-009
4.582	1.6282309E-009
4.583	1.5368924E-009
4.584	1.4328395E-009
4.585	1.3153576E-009
4.586	1.1960776E-009
4.587	1.0675818E-009
4.588	9.4225572E-010
4.589	8.1231177E-010
4.59	6.9326256E-010
4.591	5.7652871E-010
4.592	4.6237913E-010
4.593	3.6216119E-010
4.594	2.6900704E-010
4.595	1.9216040E-010
4.596	1.2625676E-010
4.597	7.8660425E-011
4.598	4.3684834E-011
4.599	2.5762953E-011
4.6	2.3400754E-011
4.601	3.6509292E-011
4.602	6.5660657E-011
4.603	1.0649380E-010
4.604	1.6324252E-010
4.605	2.2911911E-010
4.606	3.0483677E-010
4.607	3.9239367E-010
4.608	4.8671789E-010
4.609	5.8141481E-010
4.61	6.8066153E-010
4.611	7.7801343E-010
4.612	8.7775620E-010
4.613	9.6989605E-010
4.614	1.0600538E-009
4.615	1.1394063E-009
4.616	1.2114552E-009
4.617	1.2719092E-009
4.618	1.3231564E-009
4.619	1.3619450E-009
4.62	1.3856822E-009
4.621	1.3966687E-009
4.622	1.3937345E-009
4.623	1.3773105E-009
4.624	1.3472823E-009
4.625	1.3059394E-009
4.626	1.2512995E-009
4.627	1.1884649E-009
4.628	1.1137415E-009
4.629	1.0327805E-009
4.63	9.4774633E-010
4.631	8.5454060E-010
4.632	7.5861839E-010
4.633	6.6600020E-010
4.634	5.7063237E-010
4.635	4.7811644E-010
4.636	3.9560480E-010
4.637	3.1380254E-010
4.638	2.3989677E-010
4.639	1.7773789E-010
4.64	1.2300248E-010
4.641	7.9482067E-011
4.642	4.9533939E-011
4.643	2.9588339E-011
4.644	2.2219612E-011
4.645	2.6921198E-011
4.646	4.3763531E-011
4.647	7.2283055E-011
4.648	1.1168134E-010
4.649	1.5765328E-010
4.65	2.1517962E-010
4.651	2.8020619E-010
4.652	3.5114026E-010
4.653	4.2336362E-010
4.654	5.0138738E-010
4.655	5.7899008E-010
4.656	6.5773675E-010
4.657	7.3132278E-010
4.658	8.0419249E-010
4.659	8.7199864E-010
4.66	9.3329189E-010
4.661	9.8670183E-010
4.662	1.0287839E-009
4.663	1.0641994E-009
4.664	1.0892327E-009
4.665	1.1034419E-009
4.666	1.1068113E-009
4.667	1.0993676E-009
4.668	1.0815173E-009
4.669	1.0529535E-009
4.67	1.0146961E-009
4.671	9.6765396E-010
4.672	9.1468760E-010
4.673	8.5276475E-010
4.674	7.8676932E-010
4.675	7.1514694E-010
4.676	6.4067363E-010
4.677	5.6493082E-010
4.678	4.8930549E-010
4.679	4.1525761E-010
4.68	3.4432623E-010
4.681	2.8174763E-010
4.682	2.2046531E-010
4.683	1.6591356E-010
4.684	1.1906715E-010
4.685	8.0736640E-011
4.686	5.1566668E-011
4.687	3.2337698E-011
4.688	2.2470213E-011
4.689	2.2508887E-011
4.69	3.2335280E-011
4.691	5.1591110E-011
4.692	7.9750054E-011
4.693	1.1533441E-010
4.694	1.5702198E-010
4.695	2.0676046E-010
4.696	2.6179348E-010
4.697	3.2101938E-010
4.698	3.8303921E-010
4.699	4.4532783E-010
4.7	5.0911386E-010
4.701	5.7180560E-010
4.702	6.3218880E-010
4.703	6.8889316E-010
4.704	7.4094769E-010
4.705	7.8625517E-010
4.706	8.2569440E-010
4.707	8.5788177E-010
4.708	8.8205626E-010
4.709	8.9810542E-010
4.71	9.0459484E-010
4.711	9.0211294E-010
4.712	8.9115931E-010
4.713	8.7156560E-010
4.714	8.4388208E-010
4.715	8.0866691E-010
4.716	7.6688234E-010
4.717	7.1899708E-010
4.718	6.6730188E-010
4.719	6.1059835E-010
4.72	5.5123883E-010
4.721	4.9025412E-010
4.722	4.2883222E-010
4.723	3.6815101E-010
4.724	3.0825670E-010
4.725	2.5264096E-010
4.726	2.0116928E-010
4.727	1.5472991E-010
4.728	1.1421818E-010
4.729	8.0258522E-011
4.73	5.4021246E-011
4.731	3.4127874E-011
4.732	2.3098974E-011
4.733	2.0069144E-011
4.734	2.5008037E-011
4.735	3.7684134E-011
4.736	5.7339716E-011
4.737	8.5488713E-011
4.738	1.1889877E-010
4.739	1.5788101E-010
4.74	2.0145194E-010
4.741	2.4882957E-010
4.742	2.9992459E-010
4.743	3.5179401E-010
4.744	4.0420728E-010
4.745	4.5611251E-010
4.746	5.0641402E-010
4.747	5.5618188E-010
4.748	5.9958472E-010
4.749	6.3944183E-010
4.75	6.7425809E-010
4.751	7.0423167E-010
4.752	7.2640410E-010
4.753	7.4190587E-010
4.754	7.5023543E-010
4.755	7.5148043E-010
4.756	7.4520234E-010
4.757	7.3203288E-010
4.758	7.1110018E-010
4.759	6.8461536E-010
4.76	6.5292627E-010
4.761	6.1548672E-010
4.762	5.7206062E-010
4.763	5.2654148E-010
4.764	4.7848459E-010
4.765	4.2674608E-010
4.766	3.7727563E-010
4.767	3.2697348E-010
4.768	2.7596886E-010
4.769	2.2913282E-010
4.77	1.8533060E-010
4.771	1.4384616E-010
4.772	1.0929956E-010
4.773	7.9156799E-011
4.774	5.3828428E-011
4.775	3.5742048E-011
4.776	2.3720446E-011
4.777	1.8817867E-011
4.778	2.0365201E-011
4.779	2.8796812E-011
4.78	4.3231307E-011
4.781	6.4424972E-011
4.782	9.0246283E-011
4.783	1.2085680E-010
4.784	1.5629818E-010
4.785	1.9440573E-010
4.786	2.3680785E-010
4.787	2.7935099E-010
4.788	3.2262970E-010
4.789	3.6772746E-010
4.79	4.0920628E-010
4.791	4.5139376E-010
4.792	4.8931309E-010
4.793	5.2526894E-010
4.794	5.5569704E-010
4.795	5.8203853E-010
4.796	6.0259453E-010
4.797	6.1835059E-010
4.798	6.2756306E-010
4.799	6.3097627E-010
4.8	6.2807215E-010
4.801	6.1909045E-010
4.802	6.0461725E-010
4.803	5.8381522E-010
4.804	5.5887073E-010
4.805	5.2813454E-010
4.806	4.9472426E-010
4.807	4.5725360E-010
4.808	4.1812254E-010
4.809	3.7561779E-010
4.81	3.3382425E-010
4.811	2.9025957E-010
4.812	2.4738911E-010
4.813	2.0860473E-010
4.814	1.6967715E-010
4.815	1.3528195E-010
4.816	1.0318553E-010
4.817	7.6544979E-011
4.818	5.3647756E-011
4.819	3.6981716E-011
4.82	2.4704662E-011
4.821	1.8242706E-011
4.822	1.7557128E-011
4.823	2.2525128E-011
4.824	3.2873093E-011
4.825	4.7980231E-011
4.826	6.8593381E-011
4.827	9.3709519E-011
4.828	1.2146872E-010
4.829	1.5357195E-010
4.83	1.8613594E-010
4.831	2.2249466E-010
4.832	2.5992303E-010
4.833	2.9613856E-010
4.834	3.3335479E-010
4.835	3.6914927E-010
4.836	4.0100268E-010
4.837	4.3223203E-010
4.838	4.6017026E-010
4.839	4.8420512E-010
4.84	5.0296889E-010
4.841	5.1791693E-010
4.842	5.2770621E-010
4.843	5.3237348E-010
4.844	5.3184002E-010
4.845	5.2633686E-010
4.846	5.1544435E-010
4.847	5.0083648E-010
4.848	4.8071336E-010
4.849	4.5652876E-010
4.85	4.2866294E-010
4.851	3.9901421E-010
4.852	3.6570691E-010
4.853	3.3145323E-010
4.854	2.9528191E-010
4.855	2.6023819E-010
4.856	2.2411756E-010
4.857	1.8907587E-010
4.858	1.5640338E-010
4.859	1.2543691E-010
4.86	9.8481071E-011
4.861	7.3833453E-011
4.862	5.3134792E-011
4.863	3.6730032E-011
4.864	2.5115146E-011
4.865	1.8164612E-011
4.866	1.5687611E-011
4.867	1.8060843E-011
4.868	2.5178637E-011
4.869	3.6814204E-011
4.87	5.2360793E-011
4.871	7.2041054E-011
4.872	9.4162268E-011
4.873	1.2005218E-010
4.874	1.4834901E-010
4.875	1.7779772E-010
4.876	2.0894844E-010
4.877	2.4050473E-010
4.878	2.7195002E-010
4.879	3.0249589E-010
4.88	3.3165543E-010
4.881	3.5810360E-010
4.882	3.8160969E-010
4.883	4.0307974E-010
4.884	4.2104270E-010
4.885	4.3521359E-010
4.886	4.4503701E-010
4.887	4.5078172E-010
4.888	4.5216730E-010
4.889	4.4901166E-010
4.89	4.4156445E-010
4.891	4.3001622E-010
4.892	4.1486381E-010
4.893	3.9583653E-010
4.894	3.7355424E-010
4.895	3.4853642E-010
4.896	3.2128419E-010
4.897	2.9294867E-010
4.898	2.6290925E-010
4.899	2.3233024E-010
4.9	2.0183455E-010
4.901	1.7199150E-010
4.902	1.4339795E-010
4.903	1.1709637E-010
4.904	9.2590158E-011
4.905	7.0781797E-011
4.906	5.2095814E-011
4.907	3.6918628E-011
4.908	2.5652161E-011
4.909	1.8057960E-011
4.91	1.4474345E-011
4.911	1.4954853E-011
4.912	1.9415646E-011
4.913	2.7753109E-011
4.914	3.9457684E-011
4.915	5.5379146E-011
4.916	7.3812144E-011
4.917	9.4835438E-011
4.918	1.1797753E-010
4.919	1.4229171E-010
4.92	1.6821779E-010
4.921	1.9479791E-010
4.922	2.2138624E-010
4.923	2.4750704E-010
4.924	2.7207003E-010
4.925	2.9662570E-010
4.926	3.1818406E-010
4.927	3.3729253E-010
4.928	3.5368566E-010
4.929	3.6687670E-010
4.93	3.7644199E-010
4.931	3.8302039E-010
4.932	3.8557979E-010
4.933	3.8443110E-010
4.934	3.7965509E-010
4.935	3.7144410E-010
4.936	3.5972392E-010
4.937	3.4424086E-010
4.938	3.2652919E-010
4.939	3.0628572E-010
4.94	2.8402919E-010
4.941	2.5968269E-010
4.942	2.3459110E-010
4.943	2.0896568E-010
4.944	1.8313198E-010
4.945	1.5765889E-010
4.946	1.3251852E-010
4.947	1.0923586E-010
4.948	8.7656646E-011
4.949	6.7535977E-011
4.95	5.0716854E-011
4.951	3.6971631E-011
4.952	2.5961034E-011
4.953	1.7949767E-011
4.954	1.3638564E-011
4.955	1.2742828E-011
4.956	1.5282992E-011
4.957	2.1105067E-011
4.958	3.0076091E-011
4.959	4.1945329E-011
4.96	5.7107138E-011
4.961	7.4081442E-011
4.962	9.2592906E-011
4.963	1.1390947E-010
4.964	1.3559953E-010
4.965	1.5795759E-010
4.966	1.8142844E-010
4.967	2.0335661E-010
4.968	2.2500621E-010
4.969	2.4644597E-010
4.97	2.6545033E-010
4.971	2.8329358E-010
4.972	2.9781017E-010
4.973	3.1010516E-010
4.974	3.2002337E-010
4.975	3.2668077E-010
4.976	3.3018127E-010
4.977	3.3052028E-010
4.978	3.2774658E-010
4.979	3.2163980E-010
4.98	3.1281144E-010
4.981	3.0078254E-010
4.982	2.8668640E-010
4.983	2.7069910E-010
4.984	2.5176278E-010
4.985	2.3199231E-010
4.986	2.1024421E-010
4.987	1.8856647E-010
4.988	1.6619575E-010
4.989	1.4437435E-010
4.99	1.2310697E-010
4.991	1.0195396E-010
4.992	8.2966786E-011
4.993	6.5327840E-011
4.994	5.0051539E-011
4.995	3.6535920E-011
4.996	2.6096941E-011
4.997	1.8046138E-011
4.998	1.3228410E-011
4.999	1.1110791E-011
5	1.2108764E-011
5.001	1.5921639E-011
5.002	2.2439797E-011
5.003	3.1725449E-011
5.004	4.3709869E-011
5.005	5.7366611E-011
5.006	7.3491040E-011
5.007	9.0505700E-011
5.008	1.0935874E-010
5.009	1.2787177E-010
5.01	1.4793884E-010
5.011	1.6720771E-010
5.012	1.8684329E-010
5.013	2.0565027E-010
5.014	2.2217983E-010
5.015	2.3818947E-010
5.016	2.5185787E-010
5.017	2.6384703E-010
5.018	2.7347649E-010
5.019	2.8009539E-010
5.02	2.8445557E-010
5.021	2.8600441E-010
5.022	2.8477423E-010
5.023	2.8069408E-010
5.024	2.7443059E-010
5.025	2.6531455E-010
5.026	2.5371302E-010
5.027	2.4054525E-010
5.028	2.2505528E-010
5.029	2.0829824E-010
5.03	1.9079024E-010
5.031	1.7178811E-010
5.032	1.5227908E-010
5.033	1.3347240E-010
5.034	1.1459363E-010
5.035	9.6026152E-011
5.036	7.9146738E-011
5.037	6.2993180E-011
5.038	4.8538146E-011
5.039	3.6267239E-011
5.04	2.6298116E-011
5.041	1.8272540E-011
5.042	1.2769898E-011
5.043	9.8840675E-012
5.044	9.5970558E-012
5.045	1.1837604E-011
5.046	1.6630412E-011
5.047	2.3855173E-011
5.048	3.2944897E-011
5.049	4.4160058E-011
5.05	5.7414091E-011
5.051	7.2146920E-011
5.052	8.7463231E-011
5.053	1.0421564E-010
5.054	1.2118423E-010
5.055	1.3860035E-010
5.056	1.5584234E-010
5.057	1.7189133E-010
5.058	1.8770925E-010
5.059	2.0201951E-010
5.06	2.1515159E-010
5.061	2.2646929E-010
5.062	2.3586560E-010
5.063	2.4277413E-010
5.064	2.4764668E-010
5.065	2.5021379E-010
5.066	2.5034541E-010
5.067	2.4804969E-010
5.068	2.4333799E-010
5.069	2.3646618E-010
5.07	2.2773664E-010
5.071	2.1674559E-010
5.072	2.0399307E-010
5.073	1.8977543E-010
5.074	1.7468069E-010
5.075	1.5841214E-010
5.076	1.4159079E-010
5.077	1.2452507E-010
5.078	1.0822056E-010
5.079	9.2017484E-011
5.08	7.6244733E-011
5.081	6.1513322E-011
5.082	4.8128886E-011
5.083	3.6339147E-011
5.084	2.6545585E-011
5.085	1.8538985E-011
5.086	1.2668063E-011
5.087	9.0355223E-012
5.088	7.7053025E-012
5.089	8.6326779E-012
5.09	1.1820885E-011
5.091	1.7195967E-011
5.092	2.4627387E-011
5.093	3.3759322E-011
5.094	4.4742189E-011
5.095	5.7201445E-011
5.096	7.0857417E-011
5.097	8.5424792E-011
5.098	1.0029555E-010
5.099	1.1576597E-010
5.1	1.3124071E-010
5.101	1.4641746E-010
5.102	1.6095289E-010
5.103	1.7428836E-010
5.104	1.8673545E-010
5.105	1.9772410E-010
5.106	2.0706080E-010
5.107	2.1460372E-010
5.108	2.2005832E-010
5.109	2.2356733E-010
5.11	2.2494079E-010
5.111	2.2400509E-010
5.112	2.2093248E-010
5.113	2.1590874E-010
5.114	2.0885745E-010
5.115	1.9997262E-010
5.116	1.8937582E-010
5.117	1.7734203E-010
5.118	1.6435653E-010
5.119	1.5018486E-010
5.12	1.3482623E-010
5.121	1.1959261E-010
5.122	1.0460015E-010
5.123	8.9539376E-011
5.124	7.4981375E-011
5.125	6.1235766E-011
5.126	4.8549789E-011
5.127	3.6946498E-011
5.128	2.7116549E-011
5.129	1.8979809E-011
5.13	1.2704020E-011
5.131	8.4073182E-012
5.132	6.1760866E-012
5.133	6.0003148E-012
5.134	7.9465254E-012
5.135	1.1916879E-011
5.136	1.7828187E-011
5.137	2.5725441E-011
5.138	3.5138691E-011
5.139	4.6025777E-011
5.14	5.8130306E-011
5.141	7.0992157E-011
5.142	8.5387815E-011
5.143	9.9712245E-011
5.144	1.1420439E-010
5.145	1.2857776E-010
5.146	1.4281744E-010
5.147	1.5614263E-010
5.148	1.6849618E-010
5.149	1.7965554E-010
5.15	1.8979066E-010
5.151	1.9775775E-010
5.152	2.0418227E-010
5.153	2.0889927E-010
5.154	2.1135457E-010
5.155	2.1183207E-010
5.156	2.1023697E-010
5.157	2.0666555E-010
5.158	2.0116514E-010
5.159	1.9354993E-010
5.16	1.8475670E-010
5.161	1.7422810E-010
5.162	1.6195634E-010
5.163	1.4904929E-010
5.164	1.3537255E-010
5.165	1.2087438E-010
5.166	1.0639072E-010
5.167	9.1943467E-011
5.168	7.7234552E-011
5.169	6.3699927E-011
5.17	5.0759567E-011
5.171	3.9186793E-011
5.172	2.8955694E-011
5.173	1.9942811E-011
5.174	1.3123698E-011
5.175	7.8337666E-012
5.176	4.7339320E-012
5.177	3.6533858E-012
5.178	4.6903900E-012
5.179	7.6898219E-012
5.18	1.2933380E-011
5.181	1.9904920E-011
5.182	2.9007512E-011
5.183	3.9400549E-011
5.184	5.0949727E-011
5.185	6.4428921E-011
5.186	7.8349341E-011
5.187	9.3546157E-011
5.188	1.0825511E-010
5.189	1.2393798E-010
5.19	1.3887901E-010
5.191	1.5386972E-010
5.192	1.6756395E-010
5.193	1.8047970E-010
5.194	1.9186801E-010
5.195	2.0208574E-010
5.196	2.1024243E-010
5.197	2.1663300E-010
5.198	2.2093469E-010
5.199	2.2322409E-010
5.2	2.2325057E-010
5.201	2.2102881E-010
5.202	2.1685490E-010
5.203	2.1034560E-010
5.204	2.0181520E-010
5.205	1.9175192E-010
5.206	1.7966585E-010
5.207	1.6694873E-010
5.208	1.5231220E-010
5.209	1.3739002E-010
5.21	1.2133337E-010
5.211	1.0534867E-010
5.212	8.9755398E-011
5.213	7.4026493E-011
5.214	5.9612440E-011
5.215	4.5713398E-011
5.216	3.3450399E-011
5.217	2.3031167E-011
5.218	1.4144890E-011
5.219	7.4494768E-012
5.22	3.3086121E-012
5.221	1.3791001E-012
5.222	2.0025448E-012
5.223	5.2760786E-012
5.224	1.1223031E-011
5.225	1.9257530E-011
5.226	3.0224954E-011
5.227	4.3566775E-011
5.228	5.9089997E-011
5.229	7.5528493E-011
5.23	9.4547252E-011
5.231	1.1489897E-010
5.232	1.3543103E-010
5.233	1.5739642E-010
5.234	1.7911908E-010
5.235	2.0028360E-010
5.236	2.2164480E-010
5.237	2.4203400E-010
5.238	2.6065500E-010
5.239	2.7722905E-010
5.24	2.9243502E-010
5.241	3.0513841E-010
5.242	3.1476760E-010
5.243	3.2169845E-010
5.244	3.2569641E-010
5.245	3.2634798E-010
5.246	3.2370140E-010
5.247	3.1796007E-010
5.248	3.0874303E-010
5.249	2.9630948E-010
5.25	2.8087299E-010
5.251	2.6341504E-010
5.252	2.4333463E-010
5.253	2.2087551E-010
5.254	1.9682514E-010
5.255	1.7172527E-010
5.256	1.4655947E-010
5.257	1.2199283E-010
5.258	9.7174505E-011
5.259	7.3685856E-011
5.26	5.2683441E-011
5.261	3.3978129E-011
5.262	1.8718749E-011
5.263	7.9378396E-012
5.264	1.4367234E-012
5.265	3.3282529E-013
5.266	5.1848135E-012
5.267	1.6626114E-011
5.268	3.5179453E-011
5.269	6.0740260E-011
5.27	9.4610909E-011
5.271	1.3499812E-010
5.272	1.8523635E-010
5.273	2.4409202E-010
5.274	3.1020631E-010
5.275	3.8610568E-010
5.276	4.7039939E-010
5.277	5.6276284E-010
5.278	6.6121963E-010
5.279	7.6886109E-010
5.28	8.8353169E-010
5.281	1.0046854E-009
5.282	1.1288406E-009
5.283	1.2602477E-009
5.284	1.3957556E-009
5.285	1.5342780E-009
5.286	1.6702020E-009
5.287	1.8151625E-009
5.288	1.9525679E-009
5.289	2.0996385E-009
5.29	2.2349897E-009
5.291	2.3698572E-009
5.292	2.5083455E-009
5.293	2.6325573E-009
5.294	2.7603897E-009
5.295	2.8743687E-009
5.296	2.9834331E-009
5.297	3.0832847E-009
5.298	3.1746927E-009
5.299	3.2558742E-009
5.3	3.3250314E-009
5.301	3.3846286E-009
5.302	3.4330818E-009
5.303	3.4688941E-009
5.304	3.4928360E-009
5.305	3.5049892E-009
5.306	3.5053052E-009
5.307	3.4928238E-009
5.308	3.4696019E-009
5.309	3.4330636E-009
5.31	3.3858489E-009
5.311	3.3247853E-009
5.312	3.2561709E-009
5.313	3.1775738E-009
5.314	3.0885579E-009
5.315	2.9921514E-009
5.316	2.8875045E-009
5.317	2.7772324E-009
5.318	2.6598244E-009
5.319	2.5319786E-009
5.32	2.4048825E-009
5.321	2.2765043E-009
5.322	2.1441280E-009
5.323	2.0096314E-009
5.324	1.8743829E-009
5.325	1.7401226E-009
5.326	1.6045948E-009
5.327	1.4732646E-009
5.328	1.3450915E-009
5.329	1.2202990E-009
5.33	1.1019757E-009
5.331	9.8220165E-010
5.332	8.7201812E-010
5.333	7.6778467E-010
5.334	6.7141892E-010
5.335	5.7981336E-010
5.336	4.9198545E-010
5.337	4.1448661E-010
5.338	3.4526482E-010
5.339	2.8176877E-010
5.34	2.2344281E-010
5.341	1.7431853E-010
5.342	1.3198406E-010
5.343	9.5655830E-011
5.344	6.6325397E-011
5.345	4.3002178E-011
5.346	2.5281395E-011
5.347	1.2605280E-011
5.348	4.9865667E-012
5.349	1.7004020E-012
5.35	2.3672277E-012
5.351	6.3444519E-012
5.352	1.3257850E-011
5.353	2.2574833E-011
5.354	3.4280384E-011
5.355	4.6801060E-011
5.356	6.0569882E-011
5.357	7.5497400E-011
5.358	9.0068487E-011
5.359	1.0419587E-010
5.36	1.1860395E-010
5.361	1.3162085E-010
5.362	1.4405793E-010
5.363	1.5470827E-010
5.364	1.6372390E-010
5.365	1.7157696E-010
5.366	1.7740573E-010
5.367	1.8143494E-010
5.368	1.8362067E-010
5.369	1.8401930E-010
5.37	1.8257465E-010
5.371	1.7951837E-010
5.372	1.7491406E-010
5.373	1.6857074E-010
5.374	1.6112044E-010
5.375	1.5222337E-010
5.376	1.4281526E-010
5.377	1.3214736E-010
5.378	1.2126017E-010
5.379	1.1002347E-010
5.38	9.8395340E-011
5.381	8.7006791E-011
5.382	7.5420239E-011
5.383	6.4639238E-011
5.384	5.4222817E-011
5.385	4.4687570E-011
5.386	3.5672951E-011
5.387	2.7930457E-011
5.388	2.1093322E-011
5.389	1.5467710E-011
5.39	1.0831239E-011
5.391	7.5335641E-012
5.392	5.3357501E-012
5.393	4.3814349E-012
5.394	4.5199868E-012
5.395	5.7140256E-012
5.396	7.9696839E-012
5.397	1.0981637E-011
5.398	1.4966157E-011
5.399	1.9491153E-011
5.4	2.4764113E-011
5.401	3.0169540E-011
5.402	3.6183754E-011
5.403	4.2365694E-011
5.404	4.8359428E-011
5.405	5.4360794E-011
5.406	6.0031022E-011
5.407	6.5566511E-011
5.408	7.0470449E-011
5.409	7.4937175E-011
5.41	7.8839144E-011
5.411	8.1902055E-011
5.412	8.4346224E-011
5.413	8.5960669E-011
5.414	8.6758559E-011
5.415	8.6793128E-011
5.416	8.5988335E-011
5.417	8.4474608E-011
5.418	8.2154186E-011
5.419	7.9249801E-011
5.42	7.5628337E-011
5.421	7.1508056E-011
5.422	6.7039568E-011
5.423	6.2026301E-011
5.424	5.6727172E-011
5.425	5.1540619E-011
5.426	4.5999357E-011
5.427	4.0477930E-011
5.428	3.5273638E-011
5.429	3.0188720E-011
5.43	2.5314275E-011
5.431	2.0828676E-011
5.432	1.6943030E-011
5.433	1.3487119E-011
5.434	1.0542223E-011
5.435	8.2841052E-012
5.436	6.5746783E-012
5.437	5.5358847E-012
5.438	5.1293128E-012
5.439	5.3705981E-012
5.44	6.1955211E-012
5.441	7.5968815E-012
5.442	9.5646269E-012
5.443	1.2023958E-011
5.444	1.4804512E-011
5.445	1.7975892E-011
5.446	2.1484333E-011
5.447	2.5198309E-011
5.448	2.9039923E-011
5.449	3.2701217E-011
5.45	3.6541666E-011
5.451	4.0261815E-011
5.452	4.3794603E-011
5.453	4.6983400E-011
5.454	4.9823638E-011
5.455	5.2386907E-011
5.456	5.4511826E-011
5.457	5.6146303E-011
5.458	5.7316818E-011
5.459	5.7963863E-011
5.46	5.8074129E-011
5.461	5.7695116E-011
5.462	5.6801890E-011
5.463	5.5407429E-011
5.464	5.3554498E-011
5.465	5.1331779E-011
5.466	4.8689407E-011
5.467	4.5726048E-011
5.468	4.2493141E-011
5.469	3.9258000E-011
5.47	3.5701168E-011
5.471	3.2082448E-011
5.472	2.8470604E-011
5.473	2.4982155E-011
5.474	2.1566884E-011
5.475	1.8343200E-011
5.476	1.5375645E-011
5.477	1.2754438E-011
5.478	1.0429393E-011
5.479	8.4900767E-012
5.48	6.9645479E-012
5.481	5.8877452E-012
5.482	5.2373236E-012
5.483	5.0327676E-012
5.484	5.2745369E-012
5.485	5.9310924E-012
5.486	7.0036225E-012
5.487	8.4544143E-012
5.488	1.0213235E-011
5.489	1.2304623E-011
5.49	1.4644896E-011
5.491	1.7181867E-011
5.492	1.9816484E-011
5.493	2.2590773E-011
5.494	2.5389650E-011
5.495	2.8155984E-011
5.496	3.0803401E-011
5.497	3.3348012E-011
5.498	3.5700540E-011
5.499	3.7821316E-011
5.5	3.9635108E-011
5.501	4.1169561E-011
5.502	4.2373403E-011
5.503	4.3208947E-011
5.504	4.3661685E-011
5.505	4.3755607E-011
5.506	4.3451208E-011
5.507	4.2745418E-011
5.508	4.1713154E-011
5.509	4.0336331E-011
5.51	3.8653643E-011
5.511	3.6700219E-011
5.512	3.4544527E-011
5.513	3.2159272E-011
5.514	2.9545488E-011
5.515	2.6919951E-011
5.516	2.4298051E-011
5.517	2.1636458E-011
5.518	1.9026140E-011
5.519	1.6559826E-011
5.52	1.4200400E-011
5.521	1.2026414E-011
5.522	1.0016283E-011
5.523	8.3688508E-012
5.524	6.9746309E-012
5.525	5.8949408E-012
5.526	5.1167928E-012
5.527	4.7126188E-012
5.528	4.6353203E-012
5.529	4.8865170E-012
5.53	5.4617127E-012
5.531	6.3583873E-012
5.532	7.5246831E-012
5.533	8.9435239E-012
5.534	1.0584057E-011
5.535	1.2374515E-011
5.536	1.4418782E-011
5.537	1.6492202E-011
5.538	1.8589009E-011
5.539	2.0738314E-011
5.54	2.2932340E-011
5.541	2.4983347E-011
5.542	2.6884234E-011
5.543	2.8728686E-011
5.544	3.0326769E-011
5.545	3.1698602E-011
5.546	3.2817405E-011
5.547	3.3715170E-011
5.548	3.4302717E-011
5.549	3.4594654E-011
5.55	3.4590789E-011
5.551	3.4294224E-011
5.552	3.3701035E-011
5.553	3.2806730E-011
5.554	3.1713937E-011
5.555	3.0357390E-011
5.556	2.8747216E-011
5.557	2.7042807E-011
5.558	2.5166015E-011
5.559	2.3112349E-011
5.56	2.1066562E-011
5.561	1.8956437E-011
5.562	1.6890763E-011
5.563	1.4879136E-011
5.564	1.2892441E-011
5.565	1.1125535E-011
5.566	9.4803870E-012
5.567	7.9701454E-012
5.568	6.7210322E-012
5.569	5.6875104E-012
5.57	4.9196688E-012
5.571	4.3945585E-012
5.572	4.1531561E-012
5.573	4.1662151E-012
5.574	4.4521435E-012
5.575	4.9799479E-012
5.576	5.7572887E-012
5.577	6.7389913E-012
5.578	7.9538199E-012
5.579	9.2993842E-012
5.58	1.0808727E-011
5.581	1.2392337E-011
5.582	1.4046800E-011
5.583	1.5771582E-011
5.584	1.7471188E-011
5.585	1.9196365E-011
5.586	2.0791504E-011
5.587	2.2325704E-011
5.588	2.3741755E-011
5.589	2.4958917E-011
5.59	2.6029434E-011
5.591	2.6844003E-011
5.592	2.7486399E-011
5.593	2.7882099E-011
5.594	2.8040929E-011
5.595	2.7968874E-011
5.596	2.7652013E-011
5.597	2.7114120E-011
5.598	2.6348125E-011
5.599	2.5399058E-011
5.6	2.4230895E-011
5.601	2.2902244E-011
5.602	2.1510640E-011
5.603	1.9929246E-011
5.604	1.8332974E-011
5.605	1.6664963E-011
5.606	1.5013095E-011
5.607	1.3322868E-011
5.608	1.1688660E-011
5.609	1.0212197E-011
5.61	8.7684998E-012
5.611	7.4623571E-012
5.612	6.3565993E-012
5.613	5.4080230E-012
5.614	4.6393332E-012
5.615	4.0968678E-012
5.616	3.7566478E-012
5.617	3.6309397E-012
5.618	3.7208483E-012
5.619	4.0275166E-012
5.62	4.5330406E-012
5.621	5.2091777E-012
5.622	6.0809326E-012
5.623	7.1137323E-012
5.624	8.2140354E-012
5.625	9.4762783E-012
5.626	1.0825354E-011
5.627	1.2145713E-011
5.628	1.3558512E-011
5.629	1.4964516E-011
5.63	1.6329989E-011
5.631	1.7567437E-011
5.632	1.8781417E-011
5.633	1.9881079E-011
5.634	2.0819020E-011
5.635	2.1597408E-011
5.636	2.2232941E-011
5.637	2.2679910E-011
5.638	2.2920821E-011
5.639	2.2988413E-011
5.64	2.2852099E-011
5.641	2.2522316E-011
5.642	2.2021756E-011
5.643	2.1355147E-011
5.644	2.0506236E-011
5.645	1.9527583E-011
5.646	1.8413639E-011
5.647	1.7191013E-011
5.648	1.5939304E-011
5.649	1.4610226E-011
5.65	1.3238220E-011
5.651	1.1862143E-011
5.652	1.0532817E-011
5.653	9.2796075E-012
5.654	8.0548918E-012
5.655	6.9274113E-012
5.656	5.9379936E-012
5.657	5.0667101E-012
5.658	4.3468970E-012
5.659	3.7912794E-012
5.66	3.4139044E-012
5.661	3.2084793E-012
5.662	3.1756249E-012
5.663	3.3142666E-012
5.664	3.6261087E-012
5.665	4.1028990E-012
5.666	4.7279663E-012
5.667	5.4746685E-012
5.668	6.3512602E-012
5.669	7.3292206E-012
5.67	8.3629006E-012
5.671	9.4725590E-012
5.672	1.0571686E-011
5.673	1.1758709E-011
5.674	1.2829984E-011
5.675	1.3921405E-011
5.676	1.4952779E-011
5.677	1.5887831E-011
5.678	1.6737074E-011
5.679	1.7468626E-011
5.68	1.8067003E-011
5.681	1.8519290E-011
5.682	1.8821805E-011
5.683	1.8968292E-011
5.684	1.8954600E-011
5.685	1.8784072E-011
5.686	1.8457447E-011
5.687	1.7978497E-011
5.688	1.7376534E-011
5.689	1.6639117E-011
5.69	1.5790442E-011
5.691	1.4864224E-011
5.692	1.3846711E-011
5.693	1.2772318E-011
5.694	1.1662461E-011
5.695	1.0524463E-011
5.696	9.4117682E-012
5.697	8.3286477E-012
5.698	7.3149637E-012
5.699	6.3500967E-012
5.7	5.4714423E-012
5.701	4.6969906E-012
5.702	4.0496755E-012
5.703	3.5162678E-012
5.704	3.1178491E-012
5.705	2.8654008E-012
5.706	2.7529042E-012
5.707	2.7866793E-012
5.708	2.9627559E-012
5.709	3.2703423E-012
5.71	3.7106065E-012
5.711	4.2655697E-012
5.712	4.9134139E-012
5.713	5.6624792E-012
5.714	6.4861137E-012
5.715	7.3961202E-012
5.716	8.2961190E-012
5.717	9.2297402E-012
5.718	1.0161689E-011
5.719	1.1056754E-011
5.72	1.1959397E-011
5.721	1.2775123E-011
5.722	1.3504665E-011
5.723	1.4158790E-011
5.724	1.4709806E-011
5.725	1.5164228E-011
5.726	1.5476558E-011
5.727	1.5671294E-011
5.728	1.5734464E-011
5.729	1.5669849E-011
5.73	1.5472925E-011
5.731	1.5154411E-011
5.732	1.4718813E-011
5.733	1.4178260E-011
5.734	1.3516964E-011
5.735	1.2786661E-011
5.736	1.2000739E-011
5.737	1.1147196E-011
5.738	1.0227524E-011
5.739	9.3140140E-012
5.74	8.4136725E-012
5.741	7.5114489E-012
5.742	6.6124762E-012
5.743	5.8019345E-012
5.744	5.0401679E-012
5.745	4.3324389E-012
5.746	3.7484915E-012
5.747	3.2501877E-012
5.748	2.8463219E-012
5.749	2.5707691E-012
5.75	2.4118151E-012
5.751	2.3691552E-012
5.752	2.4458794E-012
5.753	2.6308439E-012
5.754	2.9414370E-012
5.755	3.3404681E-012
5.756	3.8426389E-012
5.757	4.4169729E-012
5.758	5.0560675E-012
5.759	5.7761625E-012
5.76	6.4979012E-012
5.761	7.2582756E-012
5.762	8.0507198E-012
5.763	8.7941711E-012
5.764	9.5558041E-012
5.765	1.0251684E-011
5.766	1.0895902E-011
5.767	1.1485159E-011
5.768	1.1986413E-011
5.769	1.2418478E-011
5.77	1.2732091E-011
5.771	1.2962013E-011
5.772	1.3075374E-011
5.773	1.3083055E-011
5.774	1.2983880E-011
5.775	1.2780499E-011
5.776	1.2467144E-011
5.777	1.2074631E-011
5.778	1.1579723E-011
5.779	1.1020808E-011
5.78	1.0385044E-011
5.781	9.7104122E-012
5.782	8.9707668E-012
5.783	8.2443739E-012
5.784	7.4652255E-012
5.785	6.7168935E-012
5.786	5.9599730E-012
5.787	5.2724942E-012
5.788	4.5935252E-012
5.789	3.9931496E-012
5.79	3.4504290E-012
5.791	2.9925194E-012
5.792	2.6067130E-012
5.793	2.3196681E-012
5.794	2.1315410E-012
5.795	2.0388903E-012
5.796	2.0454359E-012
5.797	2.1479272E-012
5.798	2.3415018E-012
5.799	2.6318717E-012
5.8	3.0006516E-012
5.801	3.4339322E-012
5.802	3.9471577E-012
5.803	4.4860604E-012
5.804	5.0907568E-012
5.805	5.7270213E-012
5.806	6.3437658E-012
5.807	6.9963831E-012
5.808	7.6143900E-012
5.809	8.2272201E-012
5.81	8.7948225E-012
5.811	9.3072884E-012
5.812	9.7734329E-012
5.813	1.0162619E-011
5.814	1.0475235E-011
5.815	1.0714214E-011
5.816	1.0862779E-011
5.817	1.0921757E-011
5.818	1.0893889E-011
5.819	1.0771595E-011
5.82	1.0572988E-011
5.821	1.0285629E-011
5.822	9.9163438E-012
5.823	9.5006980E-012
5.824	9.0008868E-012
5.825	8.4500506E-012
5.826	7.8684542E-012
5.827	7.2685846E-012
5.828	6.6321033E-012
5.829	6.0014480E-012
5.83	5.3659425E-012
5.831	4.7712450E-012
5.832	4.1886624E-012
5.833	3.6556543E-012
5.834	3.1807870E-012
5.835	2.7497874E-012
5.836	2.3935086E-012
5.837	2.1050531E-012
5.838	1.8963225E-012
5.839	1.7721777E-012
5.84	1.7284694E-012
5.841	1.7649207E-012
5.842	1.8817812E-012
5.843	2.0783685E-012
5.844	2.3470798E-012
5.845	2.6710405E-012
5.846	3.0567914E-012
5.847	3.4989277E-012
5.848	3.9824446E-012
5.849	4.4864095E-012
5.85	4.9993924E-012
5.851	5.5393953E-012
5.852	6.0663341E-012
5.853	6.5882699E-012
5.854	7.0841510E-012
5.855	7.5403165E-012
5.856	7.9437446E-012
5.857	8.3239787E-012
5.858	8.6137512E-012
5.859	8.8565232E-012
5.86	9.0250186E-012
5.861	9.1236437E-012
5.862	9.1488917E-012
5.863	9.0928012E-012
5.864	8.9645938E-012
5.865	8.7678493E-012
5.866	8.5002005E-012
5.867	8.1720741E-012
5.868	7.8078880E-012
5.869	7.3775751E-012
5.87	6.9085909E-012
5.871	6.4165357E-012
5.872	5.8963910E-012
5.873	5.3651051E-012
5.874	4.8440748E-012
5.875	4.3214252E-012
5.876	3.8195632E-012
5.877	3.3470275E-012
5.878	2.9193076E-012
5.879	2.5295994E-012
5.88	2.1940271E-012
5.881	1.9203107E-012
5.882	1.7042422E-012
5.883	1.5549565E-012
5.884	1.4751216E-012
5.885	1.4631240E-012
5.886	1.5189325E-012
5.887	1.6394336E-012
5.888	1.8246394E-012
5.889	2.0682375E-012
5.89	2.3593237E-012
5.891	2.7012247E-012
5.892	3.0822326E-012
5.893	3.5007967E-012
5.894	3.9344318E-012
5.895	4.3814648E-012
5.896	4.8241940E-012
5.897	5.2687754E-012
5.898	5.6964099E-012
5.899	6.1011933E-012
5.9	6.4676333E-012
5.901	6.8020025E-012
5.902	7.0908292E-012
5.903	7.3251110E-012
5.904	7.5055405E-012
5.905	7.6326662E-012
5.906	7.6921707E-012
5.907	7.6893171E-012
5.908	7.6230324E-012
5.909	7.4983093E-012
5.91	7.3129801E-012
5.911	7.0740293E-012
5.912	6.7790990E-012
5.913	6.4423987E-012
5.914	6.0722668E-012
5.915	5.6762954E-012
5.916	5.2512387E-012
5.917	4.8122465E-012
5.918	4.3597764E-012
5.919	3.9172138E-012
5.92	3.4863566E-012
5.921	3.0807952E-012
5.922	2.6945618E-012
5.923	2.3307183E-012
5.924	2.0191637E-012
5.925	1.7569480E-012
5.926	1.5411807E-012
5.927	1.3726866E-012
5.928	1.2696236E-012
5.929	1.2203521E-012
5.93	1.2299804E-012
5.931	1.2974170E-012
5.932	1.4186192E-012
5.933	1.5912154E-012
5.934	1.8074101E-012
5.935	2.0787760E-012
5.936	2.3789610E-012
5.937	2.7037131E-012
5.938	3.0689275E-012
5.939	3.4386116E-012
5.94	3.8108423E-012
5.941	4.1899401E-012
5.942	4.5738166E-012
5.943	4.9244875E-012
5.944	5.2591195E-012
5.945	5.5749069E-012
5.946	5.8421553E-012
5.947	6.0738580E-012
5.948	6.2681041E-012
5.949	6.4053580E-012
5.95	6.4925647E-012
5.951	6.5298617E-012
5.952	6.5112863E-012
5.953	6.4435471E-012
5.954	6.3185368E-012
5.955	6.1503302E-012
5.956	5.9279786E-012
5.957	5.6727934E-012
5.958	5.3857127E-012
5.959	5.0537552E-012
5.96	4.7062931E-012
5.961	4.3363802E-012
5.962	3.9621483E-012
5.963	3.5844311E-012
5.964	3.2054671E-012
5.965	2.8429314E-012
5.966	2.4872435E-012
5.967	2.1726650E-012
5.968	1.8733819E-012
5.969	1.6187119E-012
5.97	1.4034528E-012
5.971	1.2288195E-012
5.972	1.1035391E-012
5.973	1.0237382E-012
5.974	9.9625538E-013
5.975	1.0182633E-012
5.976	1.0880897E-012
5.977	1.2057286E-012
5.978	1.3645786E-012
5.979	1.5704595E-012
5.98	1.8011298E-012
5.981	2.0746477E-012
5.982	2.3640183E-012
5.983	2.6776999E-012
5.984	2.9991109E-012
5.985	3.3353012E-012
5.986	3.6559007E-012
5.987	3.9839564E-012
5.988	4.2882113E-012
5.989	4.5763029E-012
5.99	4.8437946E-012
5.991	5.0708513E-012
5.992	5.2671582E-012
5.993	5.4199249E-012
5.994	5.5345277E-012
5.995	5.6017769E-012
5.996	5.6240585E-012
5.997	5.6003136E-012
5.998	5.5305404E-012
5.999	5.4151505E-012
6	5.2608022E-012
6.001	5.0632224E-012
6.002	4.8288309E-012
6.003	4.5692243E-012
6.004	4.2819368E-012
6.005	3.9789283E-012
6.006	3.6500620E-012
6.007	3.3189736E-012
6.008	2.9814319E-012
6.009	2.6642412E-012
6.01	2.3410839E-012
6.011	2.0455686E-012
6.012	1.7670822E-012
6.013	1.5111950E-012
6.014	1.2956461E-012
6.015	1.1122180E-012
6.016	9.6584394E-013
6.017	8.6400472E-013
6.018	8.0419970E-013
6.019	7.8836704E-013
6.02	8.1778741E-013
6.021	8.8653623E-013
6.022	1.0000750E-012
6.023	1.1537781E-012
6.024	1.3339054E-012
6.025	1.5544823E-012
6.026	1.8027790E-012
6.027	2.0692432E-012
6.028	2.3466598E-012
6.029	2.6439463E-012
6.03	2.9430260E-012
6.031	3.2444798E-012
6.032	3.5282064E-012
6.033	3.8047898E-012
6.034	4.0669699E-012
6.035	4.3041378E-012
6.036	4.5106102E-012
6.037	4.6810138E-012
6.038	4.8216257E-012
6.039	4.9211061E-012
6.04	4.9802042E-012
6.041	4.9989583E-012
6.042	4.9747038E-012
6.043	4.9089057E-012
6.044	4.8002800E-012
6.045	4.6558452E-012
6.046	4.4745019E-012
6.047	4.2588897E-012
6.048	4.0267217E-012
6.049	3.7599104E-012
6.05	3.4742287E-012
6.051	3.1804663E-012
6.052	2.8741094E-012
6.053	2.5671388E-012
6.054	2.2687303E-012
6.055	1.9758518E-012
6.056	1.7115900E-012
6.057	1.4542265E-012
6.058	1.2226465E-012
6.059	1.0248016E-012
6.06	8.5763807E-013
6.061	7.2736511E-013
6.062	6.3778193E-013
6.063	5.8804719E-013
6.064	5.8017290E-013
6.065	6.1447256E-013
6.066	6.8992506E-013
6.067	8.0503643E-013
6.068	9.4900856E-013
6.069	1.1413468E-012
6.07	1.3510123E-012
6.071	1.5902504E-012
6.072	1.8544649E-012
6.073	2.1352488E-012
6.074	2.4225212E-012
6.075	2.7191159E-012
6.076	3.0155088E-012
6.077	3.3007971E-012
6.078	3.5786179E-012
6.079	3.8393537E-012
6.08	4.0734924E-012
6.081	4.2837565E-012
6.082	4.4600218E-012
6.083	4.6038885E-012
6.084	4.7101229E-012
6.085	4.7744226E-012
6.086	4.7982495E-012
6.087	4.7779072E-012
6.088	4.7180766E-012
6.089	4.6145717E-012
6.09	4.4716557E-012
6.091	4.2961589E-012
6.092	4.0838201E-012
6.093	3.8425639E-012
6.094	3.5804268E-012
6.095	3.2944814E-012
6.096	2.9935995E-012
6.097	2.6888088E-012
6.098	2.3762407E-012
6.099	2.0615404E-012
6.1	1.7623184E-012
6.101	1.4780247E-012
6.102	1.2196169E-012
6.103	9.8314954E-013
6.104	7.7789706E-013
6.105	6.1092125E-013
6.106	4.8054963E-013
6.107	3.9088291E-013
6.108	3.4981241E-013
6.109	3.5423427E-013
6.11	4.0594692E-013
6.111	5.0212037E-013
6.112	6.4516356E-013
6.113	8.3858891E-013
6.114	1.0632924E-012
6.115	1.3287260E-012
6.116	1.6216516E-012
6.117	1.9473086E-012
6.118	2.3067034E-012
6.119	2.6646623E-012
6.12	3.0380685E-012
6.121	3.4145458E-012
6.122	3.7800518E-012
6.123	4.1526687E-012
6.124	4.4954192E-012
6.125	4.8081157E-012
6.126	5.0955776E-012
6.127	5.3530947E-012
6.128	5.5580835E-012
6.129	5.7185550E-012
6.13	5.8286180E-012
6.131	5.8884512E-012
6.132	5.8903000E-012
6.133	5.8373827E-012
6.134	5.7280474E-012
6.135	5.5576026E-012
6.136	5.3420133E-012
6.137	5.0753759E-012
6.138	4.7533600E-012
6.139	4.4067805E-012
6.14	4.0223298E-012
6.141	3.5984028E-012
6.142	3.1770305E-012
6.143	2.7405586E-012
6.144	2.2974587E-012
6.145	1.8728708E-012
6.146	1.4697574E-012
6.147	1.0928515E-012
6.148	7.6389882E-013
6.149	4.8830319E-013
6.15	2.7296774E-013
6.151	1.3456180E-013
6.152	7.8862298E-014
6.153	1.1577745E-013
6.154	2.5224050E-013
6.155	4.9988637E-013
6.156	8.5680508E-013
6.157	1.3484898E-012
6.158	1.9375920E-012
6.159	2.6584711E-012
6.16	3.5338117E-012
6.161	4.4901157E-012
6.162	5.6222743E-012
6.163	6.8393811E-012
6.164	8.1491220E-012
6.165	9.6376379E-012
6.166	1.1179006E-011
6.167	1.2846511E-011
6.168	1.4566633E-011
6.169	1.6390528E-011
6.17	1.8249144E-011
6.171	2.0214632E-011
6.172	2.2121607E-011
6.173	2.4145526E-011
6.174	2.6116564E-011
6.175	2.8102444E-011
6.176	3.0037216E-011
6.177	3.1956132E-011
6.178	3.3794009E-011
6.179	3.5621617E-011
6.18	3.7278479E-011
6.181	3.8922122E-011
6.182	4.0399600E-011
6.183	4.1780503E-011
6.184	4.3004371E-011
6.185	4.4116648E-011
6.186	4.5048257E-011
6.187	4.5842954E-011
6.188	4.6441632E-011
6.189	4.6892299E-011
6.19	4.7173616E-011
6.191	4.7268557E-011
6.192	4.7193999E-011
6.193	4.6954093E-011
6.194	4.6540910E-011
6.195	4.5937240E-011
6.196	4.5205062E-011
6.197	4.4304220E-011
6.198	4.3264000E-011
6.199	4.2087757E-011
6.2	4.0756034E-011
6.201	3.9349163E-011
6.202	3.7823820E-011
6.203	3.6237058E-011
6.204	3.4517250E-011
6.205	3.2755944E-011
6.206	3.0924908E-011
6.207	2.9138390E-011
6.208	2.7244644E-011
6.209	2.5399800E-011
6.21	2.3526818E-011
6.211	2.1649136E-011
6.212	1.9854830E-011
6.213	1.8070745E-011
6.214	1.6316530E-011
6.215	1.4645868E-011
6.216	1.3072023E-011
6.217	1.1529177E-011
6.218	1.0092925E-011
6.219	8.7691365E-012
6.22	7.5012774E-012
6.221	6.3513890E-012
6.222	5.2871934E-012
6.223	4.3737730E-012
6.224	3.5172355E-012
6.225	2.7673666E-012
6.226	2.1302734E-012
6.227	1.5985314E-012
6.228	1.1462012E-012
6.229	7.9180927E-013
6.23	5.1923613E-013
6.231	3.3565820E-013
6.232	2.1720031E-013
6.233	1.6776885E-013
6.234	1.7971090E-013
6.235	2.4295805E-013
6.236	3.5470116E-013
6.237	5.0328676E-013
6.238	6.8605570E-013
6.239	8.8994074E-013
6.24	1.1146535E-012
6.241	1.3501275E-012
6.242	1.5780805E-012
6.243	1.8165096E-012
6.244	2.0466148E-012
6.245	2.2616657E-012
6.246	2.4639969E-012
6.247	2.6371826E-012
6.248	2.7958896E-012
6.249	2.9298851E-012
6.25	3.0328661E-012
6.251	3.1098802E-012
6.252	3.1567002E-012
6.253	3.1734064E-012
6.254	3.1614117E-012
6.255	3.1221557E-012
6.256	3.0556647E-012
6.257	2.9674067E-012
6.258	2.8565388E-012
6.259	2.7238836E-012
6.26	2.5747390E-012
6.261	2.4138462E-012
6.262	2.2398168E-012
6.263	2.0620888E-012
6.264	1.8766980E-012
6.265	1.6909186E-012
6.266	1.5098190E-012
6.267	1.3314329E-012
6.268	1.1635499E-012
6.269	1.0037085E-012
6.27	8.5679494E-013
6.271	7.2653255E-013
6.272	6.1083278E-013
6.273	5.1289935E-013
6.274	4.3468235E-013
6.275	3.7437886E-013
6.276	3.3428148E-013
6.277	3.1247937E-013
6.278	3.0968977E-013
6.279	3.2476563E-013
6.28	3.5670336E-013
6.281	4.0358079E-013
6.282	4.6528374E-013
6.283	5.3891586E-013
6.284	6.2162374E-013
6.285	7.1337511E-013
6.286	8.1133407E-013
6.287	9.1152476E-013
6.288	1.0147976E-012
6.289	1.1158752E-012
6.29	1.2158386E-012
6.291	1.3112532E-012
6.292	1.4018960E-012
6.293	1.4822401E-012
6.294	1.5519849E-012
6.295	1.6115145E-012
6.296	1.6595564E-012
6.297	1.6941051E-012
6.298	1.7164230E-012
6.299	1.7248706E-012
6.3	1.7199543E-012
6.301	1.7020324E-012
6.302	1.6708206E-012
6.303	1.6279585E-012
6.304	1.5736054E-012
6.305	1.5108879E-012
6.306	1.4383809E-012
6.307	1.3571488E-012
6.308	1.2715650E-012
6.309	1.1820298E-012
6.31	1.0913901E-012
6.311	9.9860896E-013
6.312	9.0783295E-013
6.313	8.1553384E-013
6.314	7.2982489E-013
6.315	6.5061091E-013
6.316	5.7701082E-013
6.317	5.1124046E-013
6.318	4.5321505E-013
6.319	4.0585577E-013
6.32	3.6919588E-013
6.321	3.4239999E-013
6.322	3.2603201E-013
6.323	3.2108639E-013
6.324	3.2657403E-013
6.325	3.4176134E-013
6.326	3.6775612E-013
6.327	4.0175006E-013
6.328	4.4297817E-013
6.329	4.9169035E-013
6.33	5.4715802E-013
6.331	6.0647879E-013
6.332	6.6877157E-013
6.333	7.3409269E-013
6.334	7.9882845E-013
6.335	8.6196610E-013
6.336	9.2582138E-013
6.337	9.8440201E-013
6.338	1.0375737E-012
6.339	1.0864789E-012
6.34	1.1293830E-012
6.341	1.1648064E-012
6.342	1.1920551E-012
6.343	1.2110818E-012
6.344	1.2217638E-012
6.345	1.2233528E-012
6.346	1.2160300E-012
6.347	1.2006756E-012
6.348	1.1763596E-012
6.349	1.1444601E-012
6.35	1.1058838E-012
6.351	1.0605103E-012
6.352	1.0098566E-012
6.353	9.5428700E-013
6.354	8.9631427E-013
6.355	8.3557667E-013
6.356	7.7294605E-013
6.357	7.1114761E-013
6.358	6.4937850E-013
6.359	5.9066033E-013
6.36	5.3371603E-013
6.361	4.8300274E-013
6.362	4.3650080E-013
6.363	3.9493043E-013
6.364	3.6028271E-013
6.365	3.3168290E-013
6.366	3.1147418E-013
6.367	2.9789945E-013
6.368	2.9229391E-013
6.369	2.9424190E-013
6.37	3.0319529E-013
6.371	3.1947456E-013
6.372	3.4193847E-013
6.373	3.7044494E-013
6.374	4.0392695E-013
6.375	4.4219538E-013
6.376	4.8341929E-013
6.377	5.2861242E-013
6.378	5.7358166E-013
6.379	6.2134586E-013
6.38	6.6666675E-013
6.381	7.1329536E-013
6.382	7.5623318E-013
6.383	7.9678061E-013
6.384	8.3312616E-013
6.385	8.6544715E-013
6.386	8.9301971E-013
6.387	9.1428449E-013
6.388	9.2972049E-013
6.389	9.3886227E-013
6.39	9.4146110E-013
6.391	9.3786741E-013
6.392	9.2751945E-013
6.393	9.1123170E-013
6.394	8.8941408E-013
6.395	8.6185177E-013
6.396	8.2986526E-013
6.397	7.9262031E-013
6.398	7.5247610E-013
6.399	7.1002595E-013
6.4	6.6513819E-013
6.401	6.1846491E-013
6.402	5.7278916E-013
6.403	5.2708499E-013
6.404	4.8196701E-013
6.405	4.4121288E-013
6.406	4.0139279E-013
6.407	3.6522792E-013
6.408	3.3483015E-013
6.409	3.0769967E-013
6.41	2.8609011E-013
6.411	2.7009504E-013
6.412	2.5948525E-013
6.413	2.5453652E-013
6.414	2.5534251E-013
6.415	2.6153998E-013
6.416	2.7338353E-013
6.417	2.8991935E-013
6.418	3.1075514E-013
6.419	3.3635367E-013
6.42	3.6500864E-013
6.421	3.9718912E-013
6.422	4.2956245E-013
6.423	4.6500878E-013
6.424	5.0125984E-013
6.425	5.3671282E-013
6.426	5.7188672E-013
6.427	6.0404719E-013
6.428	6.3540265E-013
6.429	6.6401821E-013
6.43	6.8865741E-013
6.431	7.0923660E-013
6.432	7.2592122E-013
6.433	7.3822209E-013
6.434	7.4518028E-013
6.435	7.4761334E-013
6.436	7.4470497E-013
6.437	7.3725477E-013
6.438	7.2465157E-013
6.439	7.0772527E-013
6.44	6.8620955E-013
6.441	6.6102343E-013
6.442	6.3378285E-013
6.443	6.0244941E-013
6.444	5.6960876E-013
6.445	5.3447047E-013
6.446	4.9902899E-013
6.447	4.6293796E-013
6.448	4.2728259E-013
6.449	3.9322815E-013
6.45	3.6116894E-013
6.451	3.3105631E-013
6.452	3.0313829E-013
6.453	2.7869130E-013
6.454	2.5812983E-013
6.455	2.4127369E-013
6.456	2.2897987E-013
6.457	2.2082775E-013
6.458	2.1719325E-013
6.459	2.1804390E-013
6.46	2.2299916E-013
6.461	2.3248200E-013
6.462	2.4539322E-013
6.463	2.6251343E-013
6.464	2.8185332E-013
6.465	3.0454480E-013
6.466	3.2899088E-013
6.467	3.5555955E-013
6.468	3.8269447E-013
6.469	4.1080030E-013
6.47	4.3838099E-013
6.471	4.6575900E-013
6.472	4.9181622E-013
6.473	5.1579270E-013
6.474	5.3782293E-013
6.475	5.5691497E-013
6.476	5.7314949E-013
6.477	5.8607264E-013
6.478	5.9510280E-013
6.479	6.0041208E-013
6.48	6.0178067E-013
6.481	5.9930760E-013
6.482	5.9282548E-013
6.483	5.8252003E-013
6.484	5.6882634E-013
6.485	5.5186422E-013
6.486	5.3186416E-013
6.487	5.0952287E-013
6.488	4.8479862E-013
6.489	4.5865910E-013
6.49	4.3116308E-013
6.491	4.0300640E-013
6.492	3.7412017E-013
6.493	3.4614157E-013
6.494	3.1971355E-013
6.495	2.9403211E-013
6.496	2.7061404E-013
6.497	2.4912884E-013
6.498	2.3017032E-013
6.499	2.1436840E-013
6.5	2.0150223E-013
6.501	1.9195054E-013
6.502	1.8599601E-013
6.503	1.8361155E-013
6.504	1.8471662E-013
6.505	1.8924931E-013
6.506	1.9690361E-013
6.507	2.0804718E-013
6.508	2.2143585E-013
6.509	2.3746440E-013
6.51	2.5534498E-013
6.511	2.7511123E-013
6.512	2.9684702E-013
6.513	3.1832043E-013
6.514	3.4050012E-013
6.515	3.6224062E-013
6.516	3.8361697E-013
6.517	4.0432875E-013
6.518	4.2309870E-013
6.519	4.4030095E-013
6.52	4.5496051E-013
6.521	4.6777062E-013
6.522	4.7710078E-013
6.523	4.8376326E-013
6.524	4.8750668E-013
6.525	4.8796741E-013
6.526	4.8554607E-013
6.527	4.7990762E-013
6.528	4.7093861E-013
6.529	4.5960647E-013
6.53	4.4566553E-013
6.531	4.2960075E-013
6.532	4.1085643E-013
6.533	3.9090969E-013
6.534	3.7011117E-013
6.535	3.4752062E-013
6.536	3.2543526E-013
6.537	3.0298518E-013
6.538	2.8056537E-013
6.539	2.5927090E-013
6.54	2.3917419E-013
6.541	2.2023881E-013
6.542	2.0357658E-013
6.543	1.8921678E-013
6.544	1.7653703E-013
6.545	1.6707363E-013
6.546	1.5986926E-013
6.547	1.5576434E-013
6.548	1.5436430E-013
6.549	1.5582212E-013
6.55	1.5987542E-013
6.551	1.6669676E-013
6.552	1.7561823E-013
6.553	1.8676128E-013
6.554	2.0006691E-013
6.555	2.1475732E-013
6.556	2.3123192E-013
6.557	2.4785854E-013
6.558	2.6529110E-013
6.559	2.8317626E-013
6.56	3.0048609E-013
6.561	3.1761860E-013
6.562	3.3352861E-013
6.563	3.4866207E-013
6.564	3.6165542E-013
6.565	3.7343368E-013
6.566	3.8254339E-013
6.567	3.8989824E-013
6.568	3.9471426E-013
6.569	3.9718055E-013
6.57	3.9706134E-013
6.571	3.9431707E-013
6.572	3.8926289E-013
6.573	3.8173444E-013
6.574	3.7210052E-013
6.575	3.6037194E-013
6.576	3.4690707E-013
6.577	3.3189841E-013
6.578	3.1534606E-013
6.579	2.9844887E-013
6.58	2.8087697E-013
6.581	2.6245927E-013
6.582	2.4423004E-013
6.583	2.2675774E-013
6.584	2.0972029E-013
6.585	1.9391021E-013
6.586	1.7918165E-013
6.587	1.6613157E-013
6.588	1.5474937E-013
6.589	1.4513763E-013
6.59	1.3788525E-013
6.591	1.3277186E-013
6.592	1.2990822E-013
6.593	1.2928414E-013
6.594	1.3095896E-013
6.595	1.3474478E-013
6.596	1.4050362E-013
6.597	1.4825538E-013
6.598	1.5755940E-013
6.599	1.6867047E-013
6.6	1.8084078E-013
6.601	1.9377787E-013
6.602	2.0753782E-013
6.603	2.2187491E-013
6.604	2.3568311E-013
6.605	2.4992611E-013
6.606	2.6338832E-013
6.607	2.7586017E-013
6.608	2.8770687E-013
6.609	2.9805233E-013
6.61	3.0704004E-013
6.611	3.1396305E-013
6.612	3.1939864E-013
6.613	3.2274549E-013
6.614	3.2413872E-013
6.615	3.2342808E-013
6.616	3.2080759E-013
6.617	3.1611083E-013
6.618	3.0971628E-013
6.619	3.0145848E-013
6.62	2.9159685E-013
6.621	2.8063671E-013
6.622	2.6829569E-013
6.623	2.5478117E-013
6.624	2.4075278E-013
6.625	2.2617871E-013
6.626	2.1196808E-013
6.627	1.9724944E-013
6.628	1.8291752E-013
6.629	1.6947752E-013
6.63	1.5667730E-013
6.631	1.4547879E-013
6.632	1.3510007E-013
6.633	1.2633782E-013
6.634	1.1906987E-013
6.635	1.1362385E-013
6.636	1.0995260E-013
6.637	1.0804690E-013
6.638	1.0800058E-013
6.639	1.0973587E-013
6.64	1.1317206E-013
6.641	1.1833359E-013
6.642	1.2489334E-013
6.643	1.3261492E-013
6.644	1.4158045E-013
6.645	1.5170707E-013
6.646	1.6236756E-013
6.647	1.7364205E-013
6.648	1.8499233E-013
6.649	1.9655835E-013
6.65	2.0787777E-013
6.651	2.1854599E-013
6.652	2.2868458E-013
6.653	2.3744082E-013
6.654	2.4576532E-013
6.655	2.5230255E-013
6.656	2.5778449E-013
6.657	2.6174527E-013
6.658	2.6408552E-013
6.659	2.6472189E-013
6.66	2.6381040E-013
6.661	2.6127050E-013
6.662	2.5715779E-013
6.663	2.5153214E-013
6.664	2.4460598E-013
6.665	2.3633515E-013
6.666	2.2709273E-013
6.667	2.1676880E-013
6.668	2.0592428E-013
6.669	1.9438536E-013
6.67	1.8273836E-013
6.671	1.7084253E-013
6.672	1.5926828E-013
6.673	1.4784003E-013
6.674	1.3700735E-013
6.675	1.2705046E-013
6.676	1.1785005E-013
6.677	1.0995326E-013
6.678	1.0310937E-013
6.679	9.7625141E-014
6.68	9.3477574E-014
6.681	9.0875258E-014
6.682	8.9669320E-014
6.683	8.9963031E-014
6.684	9.1742721E-014
6.685	9.4843580E-014
6.686	9.9253356E-014
6.687	1.0488210E-013
6.688	1.1147550E-013
6.689	1.1902783E-013
6.69	1.2716506E-013
6.691	1.3596077E-013
6.692	1.4494544E-013
6.693	1.5450933E-013
6.694	1.6360029E-013
6.695	1.7264864E-013
6.696	1.8111756E-013
6.697	1.8906801E-013
6.698	1.9617625E-013
6.699	2.0249717E-013
6.7	2.0773041E-013
6.701	2.1189951E-013
6.702	2.1473247E-013
6.703	2.1624254E-013
6.704	2.1648479E-013
6.705	2.1540690E-013
6.706	2.1298195E-013
6.707	2.0940194E-013
6.708	2.0457103E-013
6.709	1.9873723E-013
6.71	1.9165041E-013
6.711	1.8400072E-013
6.712	1.7552305E-013
6.713	1.6665304E-013
6.714	1.5726619E-013
6.715	1.4758125E-013
6.716	1.3796488E-013
6.717	1.2850109E-013
6.718	1.1952697E-013
6.719	1.1064747E-013
6.72	1.0282029E-013
6.721	9.5627011E-014
6.722	8.9253549E-014
6.723	8.3979637E-014
6.724	7.9824710E-014
6.725	7.6761704E-014
6.726	7.4899641E-014
6.727	7.4189502E-014
6.728	7.4692341E-014
6.729	7.6329066E-014
6.73	7.9119504E-014
6.731	8.2918237E-014
6.732	8.7606138E-014
6.733	9.3277667E-014
6.734	9.9518470E-014
6.735	1.0617978E-013
6.736	1.1358278E-013
6.737	1.2090177E-013
6.738	1.2840087E-013
6.739	1.3595382E-013
6.74	1.4319782E-013
6.741	1.4991090E-013
6.742	1.5642290E-013
6.743	1.6198195E-013
6.744	1.6704672E-013
6.745	1.7105791E-013
6.746	1.7413883E-013
6.747	1.7624786E-013
6.748	1.7730849E-013
6.749	1.7724646E-013
6.75	1.7615609E-013
6.751	1.7404552E-013
6.752	1.7081436E-013
6.753	1.6675376E-013
6.754	1.6163646E-013
6.755	1.5588678E-013
6.756	1.4938758E-013
6.757	1.4238677E-013
6.758	1.3491779E-013
6.759	1.2730818E-013
6.76	1.1960250E-013
6.761	1.1164558E-013
6.762	1.0414417E-013
6.763	9.6585398E-014
6.764	8.9813411E-014
6.765	8.3283058E-014
6.766	7.7643472E-014
6.767	7.2552153E-014
6.768	6.8469224E-014
6.769	6.5121580E-014
6.77	6.2865891E-014
6.771	6.1473640E-014
6.772	6.1115142E-014
6.773	6.1707841E-014
6.774	6.3250796E-014
6.775	6.5667632E-014
6.776	6.8932219E-014
6.777	7.2941504E-014
6.778	7.7607666E-014
6.779	8.2754184E-014
6.78	8.8487269E-014
6.781	9.4445800E-014
6.782	1.0050955E-013
6.783	1.0653403E-013
6.784	1.1274516E-013
6.785	1.1866099E-013
6.786	1.2413294E-013
6.787	1.2925080E-013
6.788	1.3391011E-013
6.789	1.3775263E-013
6.79	1.4099281E-013
6.791	1.4340796E-013
6.792	1.4494838E-013
6.793	1.4566610E-013
6.794	1.4547005E-013
6.795	1.4442791E-013
6.796	1.4243462E-013
6.797	1.3976542E-013
6.798	1.3623091E-013
6.799	1.3201183E-013
6.8	1.2723150E-013
6.801	1.2185020E-013
6.802	1.1593363E-013
6.803	1.0992109E-013
6.804	1.0350558E-013
6.805	9.7043562E-014
6.806	9.0720807E-014
6.807	8.4428043E-014
6.808	7.8332008E-014
6.809	7.2667343E-014
6.81	6.7550539E-014
6.811	6.2926112E-014
6.812	5.8858368E-014
6.813	5.5636207E-014
6.814	5.3021020E-014
6.815	5.1211239E-014
6.816	5.0193502E-014
6.817	5.0006477E-014
6.818	5.0601538E-014
6.819	5.1985167E-014
6.82	5.4112835E-014
6.821	5.6834020E-014
6.822	6.0225689E-014
6.823	6.4194133E-014
6.824	6.8526876E-014
6.825	7.3280737E-014
6.826	7.8071718E-014
6.827	8.3215098E-014
6.828	8.8291042E-014
6.829	9.3348682E-014
6.83	9.8191590E-014
6.831	1.0268114E-013
6.832	1.0684992E-013
6.833	1.1062443E-013
6.834	1.1381559E-013
6.835	1.1645296E-013
6.836	1.1836029E-013
6.837	1.1960799E-013
6.838	1.2009653E-013
6.839	1.1989835E-013
6.84	1.1892615E-013
6.841	1.1731058E-013
6.842	1.1494655E-013
6.843	1.1195159E-013
6.844	1.0841818E-013
6.845	1.0432683E-013
6.846	9.9991779E-014
6.847	9.5084761E-014
6.848	8.9986924E-014
6.849	8.4663965E-014
6.85	7.9360753E-014
6.851	7.3993668E-014
6.852	6.8775592E-014
6.853	6.3765453E-014
6.854	5.9101209E-014
6.855	5.4757983E-014
6.856	5.0955022E-014
6.857	4.7630553E-014
6.858	4.4940011E-014
6.859	4.2814195E-014
6.86	4.1377444E-014
6.861	4.0598540E-014
6.862	4.0490489E-014
6.863	4.1056842E-014
6.864	4.2248723E-014
6.865	4.4060319E-014
6.866	4.6411575E-014
6.867	4.9303043E-014
6.868	5.2565892E-014
6.869	5.6272763E-014
6.87	6.0218771E-014
6.871	6.4413034E-014
6.872	6.8658946E-014
6.873	7.2980372E-014
6.874	7.7184332E-014
6.875	8.1297870E-014
6.876	8.5117772E-014
6.877	8.8673081E-014
6.878	9.1783935E-014
6.879	9.4500511E-014
6.88	9.6652246E-014
6.881	9.8326078E-014
6.882	9.9346041E-014
6.883	9.9835139E-014
6.884	9.9655378E-014
6.885	9.8878059E-014
6.886	9.7490619E-014
6.887	9.5541454E-014
6.888	9.3075070E-014
6.889	9.0083540E-014
6.89	8.6682370E-014
6.891	8.2878759E-014
6.892	7.8827204E-014
6.893	7.4436496E-014
6.894	6.9932226E-014
6.895	6.5430002E-014
6.896	6.0892900E-014
6.897	5.6513909E-014
6.898	5.2255390E-014
6.899	4.8194399E-014
6.9	4.4506404E-014
6.901	4.1264796E-014
6.902	3.8410871E-014
6.903	3.6084817E-014
6.904	3.4245820E-014
6.905	3.2962606E-014
6.906	3.2261167E-014
6.907	3.2143830E-014
6.908	3.2590419E-014
6.909	3.3612998E-014
6.91	3.5140002E-014
6.911	3.7147941E-014
6.912	3.9602693E-014
6.913	4.2496731E-014
6.914	4.5679342E-014
6.915	4.9045430E-014
6.916	5.2668685E-014
6.917	5.6349416E-014
6.918	6.0232140E-014
6.919	6.3901507E-014
6.92	6.7485527E-014
6.921	7.0974896E-014
6.922	7.4099066E-014
6.923	7.6884869E-014
6.924	7.9331995E-014
6.925	8.1363437E-014
6.926	8.2904922E-014
6.927	8.3929235E-014
6.928	8.4457398E-014
6.929	8.4429818E-014
6.93	8.3860300E-014
6.931	8.2741485E-014
6.932	8.1133058E-014
6.933	7.9076651E-014
6.934	7.6500601E-014
6.935	7.3573417E-014
6.936	7.0359774E-014
6.937	6.6696147E-014
6.938	6.2971519E-014
6.939	5.9052521E-014
6.94	5.4990985E-014
6.941	5.0994267E-014
6.942	4.6989722E-014
6.943	4.3183786E-014
6.944	3.9616900E-014
6.945	3.6209120E-014
6.946	3.3256926E-014
6.947	3.0565645E-014
6.948	2.8404992E-014
6.949	2.6690486E-014
6.95	2.5434824E-014
6.951	2.4722732E-014
6.952	2.4502452E-014
6.953	2.4839197E-014
6.954	2.5682747E-014
6.955	2.6997454E-014
6.956	2.8801234E-014
6.957	3.0990892E-014
6.958	3.3594428E-014
6.959	3.6449210E-014
6.96	3.9691476E-014
6.961	4.2985370E-014
6.962	4.6579927E-014
6.963	5.0054301E-014
6.964	5.3600530E-014
6.965	5.7120405E-014
6.966	6.0418386E-014
6.967	6.3562999E-014
6.968	6.6449037E-014
6.969	6.8884209E-014
6.97	7.1063618E-014
6.971	7.2701570E-014
6.972	7.3958418E-014
6.973	7.4677515E-014
6.974	7.4901782E-014
6.975	7.4617287E-014
6.976	7.3817688E-014
6.977	7.2489703E-014
6.978	7.0718306E-014
6.979	6.8466222E-014
6.98	6.5878076E-014
6.981	6.2791298E-014
6.982	5.9542391E-014
6.983	5.5887180E-014
6.984	5.2113631E-014
6.985	4.8266129E-014
6.986	4.4302425E-014
6.987	4.0420426E-014
6.988	3.6576685E-014
6.989	3.2870997E-014
6.99	2.9535958E-014
6.991	2.6371229E-014
6.992	2.3597216E-014
6.993	2.1273243E-014
6.994	1.9367151E-014
6.995	1.7950959E-014
6.996	1.7092949E-014
6.997	1.6753587E-014
6.998	1.6956766E-014
6.999	1.7721752E-014
7	1.9043327E-014
7.001	2.0886284E-014
7.002	2.3167928E-014
7.003	2.5936676E-014
7.004	2.9148613E-014
7.005	3.2563897E-014
7.006	3.6421116E-014
7.007	4.0420507E-014
7.008	4.4514285E-014
7.009	4.8728972E-014
7.01	5.2993983E-014
7.011	5.7103790E-014
7.012	6.0915770E-014
7.013	6.4681740E-014
7.014	6.8037522E-014
7.015	7.1055886E-014
7.016	7.3563185E-014
7.017	7.5558632E-014
7.018	7.7003467E-014
7.019	7.7888373E-014
7.02	7.8131471E-014
7.021	7.7755985E-014
7.022	7.6748564E-014
7.023	7.5089186E-014
7.024	7.2820751E-014
7.025	7.0002462E-014
7.026	6.6685366E-014
7.027	6.2821520E-014
7.028	5.8511769E-014
7.029	5.3903713E-014
7.03	4.8944244E-014
7.031	4.3906515E-014
7.032	3.8874265E-014
7.033	3.3771969E-014
7.034	2.8761502E-014
7.035	2.4061509E-014
7.036	1.9659774E-014
7.037	1.5780810E-014
7.038	1.2486741E-014
7.039	9.8952456E-015
7.04	7.9933229E-015
7.041	7.0323153E-015
7.042	7.0013075E-015
7.043	8.0126479E-015
7.044	1.0105673E-014
7.045	1.3391599E-014
7.046	1.7821500E-014
7.047	2.3549735E-014
7.048	3.0419433E-014
7.049	3.8637238E-014
7.05	4.7952639E-014
7.051	5.8114714E-014
7.052	6.9865690E-014
7.053	8.2532580E-014
7.054	9.6403828E-014
7.055	1.1098859E-013
7.056	1.2664988E-013
7.057	1.4277197E-013
7.058	1.5971932E-013
7.059	1.7690940E-013
7.06	1.9470115E-013
7.061	2.1247443E-013
7.062	2.3026719E-013
7.063	2.4820662E-013
7.064	2.6563696E-013
7.065	2.8305304E-013
7.066	2.9950787E-013
7.067	3.1569953E-013
7.068	3.3073229E-013
7.069	3.4509160E-013
7.07	3.5816700E-013
7.071	3.7036517E-013
7.072	3.8139915E-013
7.073	3.9037648E-013
7.074	3.9838236E-013
7.075	4.0497358E-013
7.076	4.0984753E-013
7.077	4.1326786E-013
7.078	4.1491075E-013
7.079	4.1492189E-013
7.08	4.1336807E-013
7.081	4.1020990E-013
7.082	4.0566639E-013
7.083	3.9941241E-013
7.084	3.9161106E-013
7.085	3.8269377E-013
7.086	3.7230343E-013
7.087	3.6084574E-013
7.088	3.4836142E-013
7.089	3.3473869E-013
7.09	3.2058980E-013
7.091	3.0539937E-013
7.092	2.8941435E-013
7.093	2.7337372E-013
7.094	2.5676656E-013
7.095	2.4026381E-013
7.096	2.2332768E-013
7.097	2.0680888E-013
7.098	1.9014450E-013
7.099	1.7357844E-013
7.1	1.5763706E-013
7.101	1.4243222E-013
7.102	1.2774014E-013
7.103	1.1353344E-013
7.104	9.9905137E-014
7.105	8.7304255E-014
7.106	7.5705758E-014
7.107	6.4857848E-014
7.108	5.5098165E-014
7.109	4.5908562E-014
7.11	3.8075171E-014
7.111	3.1189779E-014
7.112	2.5023256E-014
7.113	2.0033015E-014
7.114	1.5891573E-014
7.115	1.2674345E-014
7.116	1.0183637E-014
7.117	8.5742164E-015
7.118	7.6760514E-015
7.119	7.4244115E-015
7.12	7.7874651E-015
7.121	8.6737394E-015
7.122	9.9964745E-015
7.123	1.1727284E-014
7.124	1.3799576E-014
7.125	1.6088910E-014
7.126	1.8602294E-014
7.127	2.1121915E-014
7.128	2.3728371E-014
7.129	2.6361068E-014
7.13	2.8884616E-014
7.131	3.1233672E-014
7.132	3.3515230E-014
7.133	3.5497098E-014
7.134	3.7260010E-014
7.135	3.8769982E-014
7.136	3.9967389E-014
7.137	4.0871847E-014
7.138	4.1455849E-014
7.139	4.1734079E-014
7.14	4.1691788E-014
7.141	4.1360192E-014
7.142	4.0734811E-014
7.143	3.9824142E-014
7.144	3.8677462E-014
7.145	3.7305249E-014
7.146	3.5746925E-014
7.147	3.4066591E-014
7.148	3.2179676E-014
7.149	3.0289404E-014
7.15	2.8272388E-014
7.151	2.6260574E-014
7.152	2.4234299E-014
7.153	2.2283497E-014
7.154	2.0373783E-014
7.155	1.8596320E-014
7.156	1.6918350E-014
7.157	1.5431326E-014
7.158	1.4060833E-014
7.159	1.2916439E-014
7.16	1.1941797E-014
7.161	1.1196774E-014
7.162	1.0651239E-014
7.163	1.0304589E-014
7.164	1.0167988E-014
7.165	1.0230721E-014
7.166	1.0496664E-014
7.167	1.0918250E-014
7.168	1.1519528E-014
7.169	1.2251563E-014
7.17	1.3113219E-014
7.171	1.4064755E-014
7.172	1.5113687E-014
7.173	1.6187404E-014
7.174	1.7331565E-014
7.175	1.8465723E-014
7.176	1.9572195E-014
7.177	2.0652727E-014
7.178	2.1664355E-014
7.179	2.2613401E-014
7.18	2.3453600E-014
7.181	2.4170549E-014
7.182	2.4781335E-014
7.183	2.5252314E-014
7.184	2.5577840E-014
7.185	2.5753786E-014
7.186	2.5780051E-014
7.187	2.5667124E-014
7.188	2.5402298E-014
7.189	2.5005161E-014
7.19	2.4460290E-014
7.191	2.3829547E-014
7.192	2.3064809E-014
7.193	2.2197218E-014
7.194	2.1287246E-014
7.195	2.0275814E-014
7.196	1.9261721E-014
7.197	1.8217358E-014
7.198	1.7152241E-014
7.199	1.6106962E-014
7.2	1.5096902E-014
7.201	1.4129907E-014
7.202	1.3204539E-014
7.203	1.2366310E-014
7.204	1.1622532E-014
7.205	1.0975228E-014
7.206	1.0435977E-014
7.207	1.0000421E-014
7.208	9.6960336E-015
7.209	9.5043483E-015
7.21	9.4248916E-015
7.211	9.4746293E-015
7.212	9.6347270E-015
7.213	9.8878493E-015
7.214	1.0263099E-014
7.215	1.0693483E-014
7.216	1.1221245E-014
7.217	1.1809654E-014
7.218	1.2441018E-014
7.219	1.3124832E-014
7.22	1.3800027E-014
7.221	1.4504751E-014
7.222	1.5198529E-014
7.223	1.5854824E-014
7.224	1.6498288E-014
7.225	1.7058769E-014
7.226	1.7592224E-014
7.227	1.8043496E-014
7.228	1.8416731E-014
7.229	1.8697039E-014
7.23	1.8894120E-014
7.231	1.8989964E-014
7.232	1.8993640E-014
7.233	1.8894781E-014
7.234	1.8701922E-014
7.235	1.8424535E-014
7.236	1.8056815E-014
7.237	1.7608963E-014
7.238	1.7081732E-014
7.239	1.6508086E-014
7.24	1.5895961E-014
7.241	1.5222444E-014
7.242	1.4533954E-014
7.243	1.3815160E-014
7.244	1.3103770E-014
7.245	1.2397711E-014
7.246	1.1721533E-014
7.247	1.1073687E-014
7.248	1.0460977E-014
7.249	9.9096214E-015
7.25	9.4177850E-015
7.251	9.0001011E-015
7.252	8.6483826E-015
7.253	8.3816756E-015
7.254	8.1943407E-015
7.255	8.0916321E-015
7.256	8.0757180E-015
7.257	8.1272371E-015
7.258	8.2616595E-015
7.259	8.4668202E-015
7.26	8.7450019E-015
7.261	9.0778935E-015
7.262	9.4452568E-015
7.263	9.8830415E-015
7.264	1.0336202E-014
7.265	1.0817842E-014
7.266	1.1306321E-014
7.267	1.1794306E-014
7.268	1.2273171E-014
7.269	1.2732419E-014
7.27	1.3163102E-014
7.271	1.3549423E-014
7.272	1.3900121E-014
7.273	1.4186824E-014
7.274	1.4421363E-014
7.275	1.4588794E-014
7.276	1.4686582E-014
7.277	1.4722844E-014
7.278	1.4681143E-014
7.279	1.4576256E-014
7.28	1.4393397E-014
7.281	1.4156913E-014
7.282	1.3853217E-014
7.283	1.3502711E-014
7.284	1.3105306E-014
7.285	1.2658553E-014
7.286	1.2188199E-014
7.287	1.1669082E-014
7.288	1.1155185E-014
7.289	1.0632953E-014
7.29	1.0112947E-014
7.291	9.6084309E-015
7.292	9.1232072E-015
7.293	8.6693585E-015
7.294	8.2341352E-015
7.295	7.8508655E-015
7.296	7.5240514E-015
7.297	7.2457316E-015
7.298	7.0241990E-015
7.299	6.8640971E-015
7.3	6.7549785E-015
7.301	6.7210718E-015
7.302	6.7362167E-015
7.303	6.8150060E-015
7.304	6.9497342E-015
7.305	7.1388699E-015
7.306	7.3625561E-015
7.307	7.6357208E-015
7.308	7.9440281E-015
7.309	8.2769400E-015
7.31	8.6294107E-015
7.311	8.9802298E-015
7.312	9.3474592E-015
7.313	9.7053526E-015
7.314	1.0051461E-014
7.315	1.0372289E-014
7.316	1.0683438E-014
7.317	1.0946359E-014
7.318	1.1174684E-014
7.319	1.1360238E-014
7.32	1.1504282E-014
7.321	1.1583015E-014
7.322	1.1620913E-014
7.323	1.1600774E-014
7.324	1.1528135E-014
7.325	1.1400328E-014
7.326	1.1231894E-014
7.327	1.1022656E-014
7.328	1.0760215E-014
7.329	1.0456061E-014
7.33	1.0122903E-014
7.331	9.7682177E-015
7.332	9.3898498E-015
7.333	9.0015199E-015
7.334	8.5981552E-015
7.335	8.2059807E-015
7.336	7.8052748E-015
7.337	7.4344099E-015
7.338	7.0852095E-015
7.339	6.7500284E-015
7.34	6.4560932E-015
7.341	6.1875825E-015
7.342	5.9692881E-015
7.343	5.7932433E-015
7.344	5.6579035E-015
7.345	5.5761081E-015
7.346	5.5351583E-015
7.347	5.5463065E-015
7.348	5.5934795E-015
7.349	5.6881147E-015
7.35	5.8216109E-015
7.351	5.9976828E-015
7.352	6.1912709E-015
7.353	6.4233655E-015
7.354	6.6735435E-015
7.355	6.9393505E-015
7.356	7.2106085E-015
7.357	7.4921555E-015
7.358	7.7597586E-015
7.359	8.0313462E-015
7.36	8.2828574E-015
7.361	8.5107744E-015
7.362	8.7175886E-015
7.363	8.8946642E-015
7.364	9.0376349E-015
7.365	9.1449861E-015
7.366	9.2180063E-015
7.367	9.2444685E-015
7.368	9.2311014E-015
7.369	9.1806784E-015
7.37	9.0891658E-015
7.371	8.9549636E-015
7.372	8.7880278E-015
7.373	8.5938150E-015
7.374	8.3612672E-015
7.375	8.1068194E-015
7.376	7.8309585E-015
7.377	7.5324404E-015
7.378	7.2344982E-015
7.379	6.9266505E-015
7.38	6.6151647E-015
7.381	6.3178045E-015
7.382	6.0232877E-015
7.383	5.7506066E-015
7.384	5.4917716E-015
7.385	5.2585521E-015
7.386	5.0576236E-015
7.387	4.8845315E-015
7.388	4.7411814E-015
7.389	4.6351379E-015
7.39	4.5657752E-015
7.391	4.5317796E-015
7.392	4.5385973E-015
7.393	4.5767418E-015
7.394	4.6478129E-015
7.395	4.7485823E-015
7.396	4.8826088E-015
7.397	5.0349498E-015
7.398	5.2050488E-015
7.399	5.4015761E-015
7.4	5.6063789E-015
7.401	5.8198592E-015
7.402	6.0303316E-015
7.403	6.2445048E-015
7.404	6.4520270E-015
7.405	6.6447583E-015
7.406	6.8200293E-015
7.407	6.9863070E-015
7.408	7.1184581E-015
7.409	7.2292416E-015
7.41	7.3135476E-015
7.411	7.3590502E-015
7.412	7.3853175E-015
7.413	7.3749541E-015
7.414	7.3348945E-015
7.415	7.2593866E-015
7.416	7.1551719E-015
7.417	7.0250621E-015
7.418	6.8711270E-015
7.419	6.6896358E-015
7.42	6.4888475E-015
7.421	6.2692898E-015
7.422	6.0422570E-015
7.423	5.8016213E-015
7.424	5.5661517E-015
7.425	5.3264456E-015
7.426	5.0898269E-015
7.427	4.8609916E-015
7.428	4.6466737E-015
7.429	4.4434569E-015
7.43	4.2663296E-015
7.431	4.1039161E-015
7.432	3.9699858E-015
7.433	3.8598588E-015
7.434	3.7764947E-015
7.435	3.7243031E-015
7.436	3.7003172E-015
7.437	3.7027834E-015
7.438	3.7324075E-015
7.439	3.7894886E-015
7.44	3.8676312E-015
7.441	3.9703687E-015
7.442	4.0918811E-015
7.443	4.2295760E-015
7.444	4.3779986E-015
7.445	4.5380544E-015
7.446	4.7012730E-015
7.447	4.8683401E-015
7.448	5.0361970E-015
7.449	5.1937523E-015
7.45	5.3447097E-015
7.451	5.4830162E-015
7.452	5.6037671E-015
7.453	5.7084650E-015
7.454	5.7946011E-015
7.455	5.8581074E-015
7.456	5.8960773E-015
7.457	5.9091081E-015
7.458	5.8999792E-015
7.459	5.8630308E-015
7.46	5.8046016E-015
7.461	5.7182881E-015
7.462	5.6139844E-015
7.463	5.4905908E-015
7.464	5.3505293E-015
7.465	5.1892538E-015
7.466	5.0206658E-015
7.467	4.8385902E-015
7.468	4.6550754E-015
7.469	4.4644057E-015
7.47	4.2733863E-015
7.471	4.0918654E-015
7.472	3.9137306E-015
7.473	3.7404272E-015
7.474	3.5846168E-015
7.475	3.4487584E-015
7.476	3.3186357E-015
7.477	3.2169646E-015
7.478	3.1309550E-015
7.479	3.0670479E-015
7.48	3.0274821E-015
7.481	3.0099447E-015
7.482	3.0132553E-015
7.483	3.0398744E-015
7.484	3.0824376E-015
7.485	3.1477614E-015
7.486	3.2290408E-015
7.487	3.3259932E-015
7.488	3.4306816E-015
7.489	3.5485090E-015
7.49	3.6739690E-015
7.491	3.8063446E-015
7.492	3.9327418E-015
7.493	4.0608564E-015
7.494	4.1864392E-015
7.495	4.3042140E-015
7.496	4.4125254E-015
7.497	4.5060967E-015
7.498	4.5864437E-015
7.499	4.6504366E-015
7.5	4.6990961E-015
7.501	4.7240988E-015
7.502	4.7321397E-015
7.503	4.7227398E-015
7.504	4.6939703E-015
7.505	4.6447916E-015
7.506	4.5749833E-015
7.507	4.4943500E-015
7.508	4.3915185E-015
7.509	4.2785472E-015
7.51	4.1505275E-015
7.511	4.0156926E-015
7.512	3.8721374E-015
7.513	3.7246580E-015
7.514	3.5778655E-015
7.515	3.4290782E-015
7.516	3.2805868E-015
7.517	3.1428776E-015
7.518	3.0099832E-015
7.519	2.8854330E-015
7.52	2.7772501E-015
7.521	2.6799792E-015
7.522	2.5974231E-015
7.523	2.5338690E-015
7.524	2.4858731E-015
7.525	2.4545304E-015
7.526	2.4423994E-015
7.527	2.4470816E-015
7.528	2.4679855E-015
7.529	2.5051770E-015
7.53	2.5550721E-015
7.531	2.6209061E-015
7.532	2.6964836E-015
7.533	2.7826701E-015
7.534	2.8751661E-015
7.535	2.9727570E-015
7.536	3.0762534E-015
7.537	3.1771344E-015
7.538	3.2804421E-015
7.539	3.3735510E-015
7.54	3.4664737E-015
7.541	3.5488516E-015
7.542	3.6201494E-015
7.543	3.6827231E-015
7.544	3.7331029E-015
7.545	3.7663057E-015
7.546	3.7872359E-015
7.547	3.7917159E-015
7.548	3.7807189E-015
7.549	3.7574492E-015
7.55	3.7144487E-015
7.551	3.6597054E-015
7.552	3.5929668E-015
7.553	3.5127498E-015
7.554	3.4214699E-015
7.555	3.3209447E-015
7.556	3.2128620E-015
7.557	3.1007128E-015
7.558	2.9809690E-015
7.559	2.8642326E-015
7.56	2.7476396E-015
7.561	2.6301063E-015
7.562	2.5200653E-015
7.563	2.4197842E-015
7.564	2.3212493E-015
7.565	2.2349489E-015
7.566	2.1597168E-015
7.567	2.0948440E-015
7.568	2.0470953E-015
7.569	2.0094836E-015
7.57	1.9860811E-015
7.571	1.9763015E-015
7.572	1.9810091E-015
7.573	2.0005957E-015
7.574	2.0304161E-015
7.575	2.0703556E-015
7.576	2.1217299E-015
7.577	2.1827374E-015
7.578	2.2507188E-015
7.579	2.3266941E-015
7.58	2.4028383E-015
7.581	2.4840203E-015
7.582	2.5643643E-015
7.583	2.6422901E-015
7.584	2.7181292E-015
7.585	2.7904611E-015
7.586	2.8548314E-015
7.587	2.9100450E-015
7.588	2.9584260E-015
7.589	2.9960294E-015
7.59	3.0234701E-015
7.591	3.0383212E-015
7.592	3.0390767E-015
7.593	3.0287857E-015
7.594	3.0074978E-015
7.595	2.9744367E-015
7.596	2.9290014E-015
7.597	2.8742051E-015
7.598	2.8077291E-015
7.599	2.7377327E-015
7.6	2.6554534E-015
7.601	2.5698035E-015
7.602	2.4810379E-015
7.603	2.3885300E-015
7.604	2.2928091E-015
7.605	2.1998390E-015
7.606	2.1094401E-015
7.607	2.0215077E-015
7.608	1.9392775E-015
7.609	1.8650145E-015
7.61	1.7960131E-015
7.611	1.7371400E-015
7.612	1.6893421E-015
7.613	1.6496011E-015
7.614	1.6205232E-015
7.615	1.6030001E-015
7.616	1.5963339E-015
7.617	1.6019748E-015
7.618	1.6153334E-015
7.619	1.6395452E-015
7.62	1.6739542E-015
7.621	1.7139434E-015
7.622	1.7619992E-015
7.623	1.8174722E-015
7.624	1.8771847E-015
7.625	1.9385939E-015
7.626	2.0016049E-015
7.627	2.0648497E-015
7.628	2.1278253E-015
7.629	2.1880390E-015
7.63	2.2424479E-015
7.631	2.2945191E-015
7.632	2.3383391E-015
7.633	2.3754209E-015
7.634	2.4040531E-015
7.635	2.4249029E-015
7.636	2.4356725E-015
7.637	2.4378786E-015
7.638	2.4291063E-015
7.639	2.4095474E-015
7.64	2.3826353E-015
7.641	2.3466184E-015
7.642	2.3020348E-015
7.643	2.2504329E-015
7.644	2.1912950E-015
7.645	2.1267208E-015
7.646	2.0568137E-015
7.647	1.9853347E-015
7.648	1.9111071E-015
7.649	1.8351894E-015
7.65	1.7617290E-015
7.651	1.6917226E-015
7.652	1.6205176E-015
7.653	1.5570818E-015
7.654	1.4955538E-015
7.655	1.4418154E-015
7.656	1.3968111E-015
7.657	1.3558857E-015
7.658	1.3254950E-015
7.659	1.3034679E-015
7.66	1.2903493E-015
7.661	1.2841278E-015
7.662	1.2882627E-015
7.663	1.3012590E-015
7.664	1.3197999E-015
7.665	1.3466293E-015
7.666	1.3810644E-015
7.667	1.4190023E-015
7.668	1.4617356E-015
7.669	1.5093953E-015
7.67	1.5588193E-015
7.671	1.6079307E-015
7.672	1.6594682E-015
7.673	1.7094090E-015
7.674	1.7568139E-015
7.675	1.8019563E-015
7.676	1.8431748E-015
7.677	1.8769234E-015
7.678	1.9058154E-015
7.679	1.9301471E-015
7.68	1.9447540E-015
7.681	1.9541148E-015
7.682	1.9563378E-015
7.683	1.9474249E-015
7.684	1.9348935E-015
7.685	1.9122497E-015
7.686	1.8821792E-015
7.687	1.8477732E-015
7.688	1.8051238E-015
7.689	1.7571381E-015
7.69	1.7054732E-015
7.691	1.6511915E-015
7.692	1.5932220E-015
7.693	1.5332760E-015
7.694	1.4727369E-015
7.695	1.4141010E-015
7.696	1.3554948E-015
7.697	1.3009363E-015
7.698	1.2481041E-015
7.699	1.1989600E-015
7.7	1.1565657E-015
7.701	1.1190003E-015
7.702	1.0871395E-015
7.703	1.0621977E-015
7.704	1.0441032E-015
7.705	1.0338259E-015
7.706	1.0294904E-015
7.707	1.0320328E-015
7.708	1.0411280E-015
7.709	1.0571600E-015
7.71	1.0782941E-015
7.711	1.1058717E-015
7.712	1.1369445E-015
7.713	1.1715590E-015
7.714	1.2095245E-015
7.715	1.2489954E-015
7.716	1.2901644E-015
7.717	1.3311385E-015
7.718	1.3710541E-015
7.719	1.4081795E-015
7.72	1.4446339E-015
7.721	1.4781877E-015
7.722	1.5061847E-015
7.723	1.5313011E-015
7.724	1.5502170E-015
7.725	1.5629487E-015
7.726	1.5700555E-015
7.727	1.5717488E-015
7.728	1.5663322E-015
7.729	1.5553071E-015
7.73	1.5375859E-015
7.731	1.5144534E-015
7.732	1.4859188E-015
7.733	1.4531973E-015
7.734	1.4136182E-015
7.735	1.3729849E-015
7.736	1.3277244E-015
7.737	1.2814747E-015
7.738	1.2337763E-015
7.739	1.1850160E-015
7.74	1.1373156E-015
7.741	1.0892970E-015
7.742	1.0445600E-015
7.743	1.0011754E-015
7.744	1.0000000E-015
7.745	1.0000000E-015
7.746	1.0000000E-015
7.747	1.0000000E-015
7.748	1.0000000E-015
7.749	1.0000000E-015
7.75	1.0000000E-015
7.751	1.0000000E-015
7.752	1.0000000E-015
7.753	1.0000000E-015
7.754	1.0000000E-015
7.755	1.0000000E-015
7.756	1.0000000E-015
7.757	1.0000000E-015
7.758	1.0000000E-015
7.759	1.0000000E-015
7.76	1.0000000E-015
7.761	1.0293608E-015
7.762	1.0631466E-015
7.763	1.0969304E-015
7.764	1.1275016E-015
7.765	1.1576361E-015
7.766	1.1857078E-015
7.767	1.2102183E-015
7.768	1.2296928E-015
7.769	1.2465886E-015
7.77	1.2584661E-015
7.771	1.2657379E-015
7.772	1.2680454E-015
7.773	1.2641414E-015
7.774	1.2561810E-015
7.775	1.2435934E-015
7.776	1.2251042E-015
7.777	1.2018472E-015
7.778	1.1763727E-015
7.779	1.1460737E-015
7.78	1.1120535E-015
7.781	1.0754239E-015
7.782	1.0373064E-015
7.783	1.0000000E-015
7.784	1.0000000E-015
7.785	1.0000000E-015
7.786	1.0000000E-015
7.787	1.0000000E-015
7.788	1.0000000E-015
7.789	1.0000000E-015
7.79	1.0000000E-015
7.791	1.0000000E-015
7.792	1.0000000E-015
7.793	1.0000000E-015
7.794	1.0000000E-015
7.795	1.0000000E-015
7.796	1.0000000E-015
7.797	1.0000000E-015
7.798	1.0000000E-015
7.799	1.0000000E-015
7.8	1.0000000E-015
7.801	1.0000000E-015
7.802	1.0000000E-015
7.803	1.0000000E-015
7.804	1.0000000E-015
7.805	1.0000000E-015
7.806	1.0000000E-015
7.807	1.0000000E-015
7.808	1.0000000E-015
7.809	1.0000000E-015
7.81	1.0000000E-015
7.811	1.0000000E-015
7.812	1.0000000E-015
7.813	1.0000000E-015
7.814	1.0085528E-015
7.815	1.0203893E-015
7.816	1.0284392E-015
7.817	1.0323173E-015
7.818	1.0311303E-015
7.819	1.0257583E-015
7.82	1.0162816E-015
7.821	1.0029336E-015
7.822	1.0000000E-015
7.823	1.0000000E-015
7.824	1.0000000E-015
7.825	1.0000000E-015
7.826	1.0000000E-015
7.827	1.0000000E-015
7.828	1.0000000E-015
7.829	1.0000000E-015
7.83	1.0000000E-015
7.831	1.0000000E-015
7.832	1.0000000E-015
7.833	1.0000000E-015
7.834	1.0000000E-015
7.835	1.0000000E-015
7.836	1.0000000E-015
7.837	1.0000000E-015
7.838	1.0000000E-015
7.839	1.0000000E-015
7.84	1.0000000E-015
7.841	1.0000000E-015
7.842	1.0000000E-015
7.843	1.0000000E-015
7.844	1.0000000E-015
7.845	1.0000000E-015
7.846	1.0000000E-015
7.847	1.0000000E-015
7.848	1.0000000E-015
7.849	1.0000000E-015
7.85	1.0000000E-015
7.851	1.0000000E-015
7.852	1.0000000E-015
7.853	1.0000000E-015
7.854	1.0000000E-015
7.855	1.0000000E-015
7.856	1.0000000E-015
7.857	1.0000000E-015
7.858	1.0000000E-015
7.859	1.0000000E-015
7.86	1.0000000E-015
7.861	1.0000000E-015
7.862	1.0000000E-015
7.863	1.0000000E-015
7.864	1.0000000E-015
7.865	1.0000000E-015
7.866	1.0000000E-015
7.867	1.0000000E-015
7.868	1.0000000E-015
7.869	1.0000000E-015
7.87	1.0000000E-015
7.871	1.0000000E-015
7.872	1.0000000E-015
7.873	1.0000000E-015
7.874	1.0000000E-015
7.875	1.0000000E-015
7.876	1.0000000E-015
7.877	1.0000000E-015
7.878	1.0000000E-015
7.879	1.0000000E-015
7.88	1.0000000E-015
7.881	1.0000000E-015
7.882	1.0000000E-015
7.883	1.0000000E-015
7.884	1.0000000E-015
7.885	1.0000000E-015
7.886	1.0000000E-015
7.887	1.0000000E-015
7.888	1.0000000E-015
7.889	1.0000000E-015
7.89	1.0000000E-015
7.891	1.0000000E-015
7.892	1.0000000E-015
7.893	1.0000000E-015
7.894	1.0000000E-015
7.895	1.0000000E-015
7.896	1.0000000E-015
7.897	1.0000000E-015
7.898	1.0000000E-015
7.899	1.0000000E-015
7.9	1.0000000E-015
7.901	1.0000000E-015
7.902	1.0000000E-015
7.903	1.0000000E-015
7.904	1.0000000E-015
7.905	1.0000000E-015
7.906	1.0000000E-015
7.907	1.0000000E-015
7.908	1.0000000E-015
7.909	1.0000000E-015
7.91	1.0000000E-015
7.911	1.0000000E-015
7.912	1.0000000E-015
7.913	1.0000000E-015
7.914	1.0000000E-015
7.915	1.0000000E-015
7.916	1.0000000E-015
7.917	1.0000000E-015
7.918	1.0000000E-015
7.919	1.0000000E-015
7.92	1.0000000E-015
7.921	1.0000000E-015
7.922	1.0000000E-015
7.923	1.0000000E-015
7.924	1.0000000E-015
7.925	1.0000000E-015
7.926	1.0000000E-015
7.927	1.0000000E-015
7.928	1.0000000E-015
7.929	1.0000000E-015
7.93	1.0000000E-015
7.931	1.0000000E-015
7.932	1.0000000E-015
7.933	1.0000000E-015
7.934	1.0000000E-015
7.935	1.0000000E-015
7.936	1.0000000E-015
7.937	1.0000000E-015
7.938	1.0000000E-015
7.939	1.0000000E-015
7.94	1.0000000E-015
7.941	1.0000000E-015
7.942	1.0000000E-015
7.943	1.0000000E-015
7.944	1.0000000E-015
7.945	1.0000000E-015
7.946	1.0000000E-015
7.947	1.0000000E-015
7.948	1.0610269E-015
7.949	1.1623787E-015
7.95	1.2690099E-015
7.951	1.3749257E-015
7.952	1.4801852E-015
7.953	1.5870711E-015
7.954	1.6922308E-015
7.955	1.7920437E-015
7.956	1.8921462E-015
7.957	1.9849222E-015
7.958	2.0727028E-015
7.959	2.1543455E-015
7.96	2.2313704E-015
7.961	2.2970301E-015
7.962	2.3568056E-015
7.963	2.4078879E-015
7.964	2.4503054E-015
7.965	2.4837632E-015
7.966	2.5055675E-015
7.967	2.5186999E-015
7.968	2.5222426E-015
7.969	2.5140226E-015
7.97	2.4971908E-015
7.971	2.4731808E-015
7.972	2.4374578E-015
7.973	2.3933835E-015
7.974	2.3386578E-015
7.975	2.2786503E-015
7.976	2.2117470E-015
7.977	2.1361970E-015
7.978	2.0573935E-015
7.979	1.9688785E-015
7.98	1.8784859E-015
7.981	1.7858555E-015
7.982	1.6890378E-015
7.983	1.5893980E-015
7.984	1.4907278E-015
7.985	1.3895664E-015
7.986	1.2894022E-015
7.987	1.1901316E-015
7.988	1.0939191E-015
7.989	1.0000000E-015
7.99	1.0000000E-015
7.991	1.0000000E-015
7.992	1.0000000E-015
7.993	1.0000000E-015
7.994	1.0000000E-015
7.995	1.0000000E-015
7.996	1.0000000E-015
7.997	1.0000000E-015
7.998	1.0000000E-015
7.999	1.0000000E-015
8	1.0000000E-015
8.001	1.0000000E-015
8.002	1.0000000E-015
8.003	1.0000000E-015
8.004	1.0000000E-015
8.005	1.0000000E-015
8.006	1.0000000E-015
8.007	1.0000000E-015
8.008	1.0000000E-015
8.009	1.0000000E-015
8.01	1.0000000E-015
8.011	1.0000000E-015
8.012	1.0000000E-015
8.013	1.0000000E-015
8.014	1.0000000E-015
8.015	1.0000000E-015
8.016	1.0000000E-015
8.017	1.0000000E-015
8.018	1.0000000E-015
8.019	1.0000000E-015
8.02	1.0000000E-015
8.021	1.0000000E-015
8.022	1.0000000E-015
8.023	1.0000000E-015
8.024	1.0000000E-015
8.025	1.0000000E-015
8.026	1.0000000E-015
8.027	1.0000000E-015
8.028	1.0000000E-015
8.029	1.0000000E-015
8.03	1.0000000E-015
8.031	1.0000000E-015
8.032	1.0000000E-015
8.033	1.0000000E-015
8.034	1.0000000E-015
8.035	1.0000000E-015
8.036	1.0000000E-015
8.037	1.0000000E-015
8.038	1.0000000E-015
8.039	1.0000000E-015
8.04	1.0000000E-015
8.041	1.0000000E-015
8.042	1.0000000E-015
8.043	1.0000000E-015
8.044	1.0000000E-015
8.045	1.0000000E-015
8.046	1.0000000E-015
8.047	1.0000000E-015
8.048	1.0000000E-015
8.049	1.0000000E-015
8.05	1.0000000E-015
8.051	1.0000000E-015
8.052	1.0000000E-015
8.053	1.0000000E-015
8.054	1.0000000E-015
8.055	1.0000000E-015
8.056	1.0000000E-015
8.057	1.0000000E-015
8.058	1.0000000E-015
8.059	1.0000000E-015
8.06	1.0000000E-015
8.061	1.0000000E-015
8.062	1.0000000E-015
8.063	1.0000000E-015
8.064	1.0000000E-015
8.065	1.0000000E-015
8.066	1.0000000E-015
8.067	1.0000000E-015
8.068	1.0000000E-015
8.069	1.0000000E-015
8.07	1.0000000E-015
8.071	1.0000000E-015
8.072	1.0000000E-015
8.073	1.0000000E-015
8.074	1.0000000E-015
8.075	1.0000000E-015
8.076	1.0000000E-015
8.077	1.0000000E-015
8.078	1.0000000E-015
8.079	1.0000000E-015
8.08	1.0000000E-015
8.081	1.0000000E-015
8.082	1.0000000E-015
8.083	1.0000000E-015
8.084	1.0000000E-015
8.085	1.0000000E-015
8.086	1.0000000E-015
8.087	1.0000000E-015
8.088	1.0000000E-015
8.089	1.0000000E-015
8.09	1.0000000E-015
8.091	1.0000000E-015
8.092	1.0000000E-015
8.093	1.0000000E-015
8.094	1.0000000E-015
8.095	1.0000000E-015
8.096	1.0000000E-015
8.097	1.0000000E-015
8.098	1.0000000E-015
8.099	1.0000000E-015
8.1	1.0000000E-015
8.101	1.0000000E-015
8.102	1.0000000E-015
8.103	1.0000000E-015
8.104	1.0000000E-015
8.105	1.0000000E-015
8.106	1.0000000E-015
8.107	1.0000000E-015
8.108	1.0000000E-015
8.109	1.0000000E-015
8.11	1.0000000E-015
8.111	1.0000000E-015
8.112	1.0000000E-015
8.113	1.0000000E-015
8.114	1.0000000E-015
8.115	1.0000000E-015
8.116	1.0000000E-015
8.117	1.0000000E-015
8.118	1.0000000E-015
8.119	1.0000000E-015
8.12	1.0000000E-015
8.121	1.0000000E-015
8.122	1.0000000E-015
8.123	1.0000000E-015
8.124	1.0000000E-015
8.125	1.0000000E-015
8.126	1.0000000E-015
8.127	1.0000000E-015
8.128	1.0000000E-015
8.129	1.0000000E-015
8.13	1.0000000E-015
8.131	1.0000000E-015
8.132	1.0000000E-015
8.133	1.0000000E-015
8.134	1.0000000E-015
8.135	1.0000000E-015
8.136	1.0000000E-015
8.137	1.0000000E-015
8.138	1.0000000E-015
8.139	1.0000000E-015
8.14	1.0000000E-015
8.141	1.0000000E-015
8.142	1.0000000E-015
8.143	1.0000000E-015
8.144	1.0000000E-015
8.145	1.0000000E-015
8.146	1.0000000E-015
8.147	1.0000000E-015
8.148	1.0000000E-015
8.149	1.0000000E-015
8.15	1.0000000E-015
8.151	1.0000000E-015
8.152	1.0000000E-015
8.153	1.0000000E-015
8.154	1.0000000E-015
8.155	1.0000000E-015
8.156	1.0000000E-015
8.157	1.0000000E-015
8.158	1.0000000E-015
8.159	1.0000000E-015
8.16	1.0000000E-015
8.161	1.0000000E-015
8.162	1.0000000E-015
8.163	1.0000000E-015
8.164	1.0000000E-015
8.165	1.0000000E-015
8.166	1.0000000E-015
8.167	1.0000000E-015
8.168	1.0000000E-015
8.169	1.0000000E-015
8.17	1.0000000E-015
8.171	1.0000000E-015
8.172	1.0000000E-015
8.173	1.0000000E-015
8.174	1.0000000E-015
8.175	1.0000000E-015
8.176	1.0000000E-015
8.177	1.0000000E-015
8.178	1.0000000E-015
8.179	1.0000000E-015
8.18	1.0000000E-015
8.181	1.0000000E-015
8.182	1.0000000E-015
8.183	1.0000000E-015
8.184	1.0000000E-015
8.185	1.0000000E-015
8.186	1.0000000E-015
8.187	1.0000000E-015
8.188	1.0000000E-015
8.189	1.0000000E-015
8.19	1.0000000E-015
8.191	1.0000000E-015
8.192	1.0000000E-015
8.193	1.0000000E-015
8.194	1.0000000E-015
8.195	1.0000000E-015
8.196	1.0000000E-015
8.197	1.0000000E-015
8.198	1.0000000E-015
8.199	1.0000000E-015
8.2	1.0000000E-015
8.201	1.0000000E-015
8.202	1.0000000E-015
8.203	1.0000000E-015
8.204	1.0000000E-015
8.205	1.0000000E-015
8.206	1.0000000E-015
8.207	1.0000000E-015
8.208	1.0000000E-015
8.209	1.0000000E-015
8.21	1.0000000E-015
8.211	1.0000000E-015
8.212	1.0000000E-015
8.213	1.0000000E-015
8.214	1.0000000E-015
8.215	1.0000000E-015
8.216	1.0000000E-015
8.217	1.0000000E-015
8.218	1.0000000E-015
8.219	1.0000000E-015
8.22	1.0000000E-015
8.221	1.0000000E-015
8.222	1.0000000E-015
8.223	1.0000000E-015
8.224	1.0000000E-015
8.225	1.0000000E-015
8.226	1.0000000E-015
8.227	1.0000000E-015
8.228	1.0000000E-015
8.229	1.0000000E-015
8.23	1.0000000E-015
8.231	1.0000000E-015
8.232	1.0000000E-015
8.233	1.0000000E-015
8.234	1.0000000E-015
8.235	1.0000000E-015
8.236	1.0000000E-015
8.237	1.0000000E-015
8.238	1.0000000E-015
8.239	1.0000000E-015
8.24	1.0000000E-015
8.241	1.0000000E-015
8.242	1.0000000E-015
8.243	1.0000000E-015
8.244	1.0000000E-015
8.245	1.0000000E-015
8.246	1.0000000E-015
8.247	1.0000000E-015
8.248	1.0000000E-015
8.249	1.0000000E-015
8.25	1.0000000E-015
8.251	1.0000000E-015
8.252	1.0000000E-015
8.253	1.0000000E-015
8.254	1.0000000E-015
8.255	1.0000000E-015
8.256	1.0000000E-015
8.257	1.0000000E-015
8.258	1.0000000E-015
8.259	1.0000000E-015
8.26	1.0000000E-015
8.261	1.0000000E-015
8.262	1.0000000E-015
8.263	1.0000000E-015
8.264	1.0000000E-015
8.265	1.0000000E-015
8.266	1.0000000E-015
8.267	1.0000000E-015
8.268	1.0000000E-015
8.269	1.0000000E-015
8.27	1.0000000E-015
8.271	1.0000000E-015
8.272	1.0000000E-015
8.273	1.0000000E-015
8.274	1.0000000E-015
8.275	1.0000000E-015
8.276	1.0000000E-015
8.277	1.0000000E-015
8.278	1.0000000E-015
8.279	1.0000000E-015
8.28	1.0000000E-015
8.281	1.0000000E-015
8.282	1.0000000E-015
8.283	1.0000000E-015
8.284	1.0000000E-015
8.285	1.0000000E-015
8.286	1.0000000E-015
8.287	1.0000000E-015
8.288	1.0000000E-015
8.289	1.0000000E-015
8.29	1.0000000E-015
8.291	1.0000000E-015
8.292	1.0000000E-015
8.293	1.0000000E-015
8.294	1.0000000E-015
8.295	1.0000000E-015
8.296	1.0000000E-015
8.297	1.0000000E-015
8.298	1.0000000E-015
8.299	1.0000000E-015
8.3	1.0000000E-015
8.301	1.0000000E-015
8.302	1.0000000E-015
8.303	1.0000000E-015
8.304	1.0000000E-015
8.305	1.0000000E-015
8.306	1.0000000E-015
8.307	1.0000000E-015
8.308	1.0000000E-015
8.309	1.0000000E-015
8.31	1.0000000E-015
8.311	1.0000000E-015
8.312	1.0000000E-015
8.313	1.0000000E-015
8.314	1.0000000E-015
8.315	1.0000000E-015
8.316	1.0000000E-015
8.317	1.0000000E-015
8.318	1.0000000E-015
8.319	1.0000000E-015
8.32	1.0000000E-015
8.321	1.0000000E-015
8.322	1.0000000E-015
8.323	1.0000000E-015
8.324	1.0000000E-015
8.325	1.0000000E-015
8.326	1.0000000E-015
8.327	1.0000000E-015
8.328	1.0000000E-015
8.329	1.0000000E-015
8.33	1.0000000E-015
8.331	1.0000000E-015
8.332	1.0000000E-015
8.333	1.0000000E-015
8.334	1.0000000E-015
8.335	1.0000000E-015
8.336	1.0000000E-015
8.337	1.0000000E-015
8.338	1.0000000E-015
8.339	1.0000000E-015
8.34	1.0000000E-015
8.341	1.0000000E-015
8.342	1.0000000E-015
8.343	1.0000000E-015
8.344	1.0000000E-015
8.345	1.0000000E-015
8.346	1.0000000E-015
8.347	1.0000000E-015
8.348	1.0000000E-015
8.349	1.0000000E-015
8.35	1.0000000E-015
8.351	1.0000000E-015
8.352	1.0000000E-015
8.353	1.0000000E-015
8.354	1.0000000E-015
8.355	1.0000000E-015
8.356	1.0000000E-015
8.357	1.0000000E-015
8.358	1.0000000E-015
8.359	1.0000000E-015
8.36	1.0000000E-015
8.361	1.0000000E-015
8.362	1.0000000E-015
8.363	1.0000000E-015
8.364	1.0000000E-015
8.365	1.0000000E-015
8.366	1.0000000E-015
8.367	1.0000000E-015
8.368	1.0000000E-015
8.369	1.0000000E-015
8.37	1.0000000E-015
8.371	1.0000000E-015
8.372	1.0000000E-015
8.373	1.0000000E-015
8.374	1.0000000E-015
8.375	1.0000000E-015
8.376	1.0000000E-015
8.377	1.0000000E-015
8.378	1.0000000E-015
8.379	1.0000000E-015
8.38	1.0000000E-015
8.381	1.0000000E-015
8.382	1.0000000E-015
8.383	1.0000000E-015
8.384	1.0000000E-015
8.385	1.0000000E-015
8.386	1.0000000E-015
8.387	1.0000000E-015
8.388	1.0000000E-015
8.389	1.0000000E-015
8.39	1.0000000E-015
8.391	1.0000000E-015
8.392	1.0000000E-015
8.393	1.0000000E-015
8.394	1.0000000E-015
8.395	1.0000000E-015
8.396	1.0000000E-015
8.397	1.0000000E-015
8.398	1.0000000E-015
8.399	1.0000000E-015
8.4	1.0000000E-015
8.401	1.0000000E-015
8.402	1.0000000E-015
8.403	1.0000000E-015
8.404	1.0000000E-015
8.405	1.0000000E-015
8.406	1.0000000E-015
8.407	1.0000000E-015
8.408	1.0000000E-015
8.409	1.0000000E-015
8.41	1.0000000E-015
8.411	1.0000000E-015
8.412	1.0000000E-015
8.413	1.0000000E-015
8.414	1.0000000E-015
8.415	1.0000000E-015
8.416	1.0000000E-015
8.417	1.0000000E-015
8.418	1.0000000E-015
8.419	1.0000000E-015
8.42	1.0000000E-015
8.421	1.0000000E-015
8.422	1.0000000E-015
8.423	1.0000000E-015
8.424	1.0000000E-015
8.425	1.0000000E-015
8.426	1.0000000E-015
8.427	1.0000000E-015
8.428	1.0000000E-015
8.429	1.0000000E-015
8.43	1.0000000E-015
8.431	1.0000000E-015
8.432	1.0000000E-015
8.433	1.0000000E-015
8.434	1.0000000E-015
8.435	1.0000000E-015
8.436	1.0000000E-015
8.437	1.0000000E-015
8.438	1.0000000E-015
8.439	1.0000000E-015
8.44	1.0000000E-015
8.441	1.0000000E-015
8.442	1.0000000E-015
8.443	1.0000000E-015
8.444	1.0000000E-015
8.445	1.0000000E-015
8.446	1.0000000E-015
8.447	1.0000000E-015
8.448	1.0000000E-015
8.449	1.0000000E-015
8.45	1.0000000E-015
8.451	1.0000000E-015
8.452	1.0000000E-015
8.453	1.0000000E-015
8.454	1.0000000E-015
8.455	1.0000000E-015
8.456	1.0000000E-015
8.457	1.0000000E-015
8.458	1.0000000E-015
8.459	1.0000000E-015
8.46	1.0000000E-015
8.461	1.0000000E-015
8.462	1.0000000E-015
8.463	1.0000000E-015
8.464	1.0000000E-015
8.465	1.0000000E-015
8.466	1.0000000E-015
8.467	1.0000000E-015
8.468	1.0000000E-015
8.469	1.0000000E-015
8.47	1.0000000E-015
8.471	1.0000000E-015
8.472	1.0000000E-015
8.473	1.0000000E-015
8.474	1.0000000E-015
8.475	1.0000000E-015
8.476	1.0000000E-015
8.477	1.0000000E-015
8.478	1.0000000E-015
8.479	1.0000000E-015
8.48	1.0000000E-015
8.481	1.0000000E-015
8.482	1.0000000E-015
8.483	1.0000000E-015
8.484	1.0000000E-015
8.485	1.0000000E-015
8.486	1.0000000E-015
8.487	1.0000000E-015
8.488	1.0000000E-015
8.489	1.0000000E-015
8.49	1.0000000E-015
8.491	1.0000000E-015
8.492	1.0000000E-015
8.493	1.0000000E-015
8.494	1.0000000E-015
8.495	1.0000000E-015
8.496	1.0000000E-015
8.497	1.0000000E-015
8.498	1.0000000E-015
8.499	1.0000000E-015
8.5	1.0000000E-015
8.501	1.0000000E-015
8.502	1.0000000E-015
8.503	1.0000000E-015
8.504	1.0000000E-015
8.505	1.0000000E-015
8.506	1.0000000E-015
8.507	1.0000000E-015
8.508	1.0000000E-015
8.509	1.0000000E-015
8.51	1.0000000E-015
8.511	1.0000000E-015
8.512	1.0000000E-015
8.513	1.0000000E-015
8.514	1.0000000E-015
8.515	1.0000000E-015
8.516	1.0000000E-015
8.517	1.0000000E-015
8.518	1.0000000E-015
8.519	1.0000000E-015
8.52	1.0000000E-015
8.521	1.0000000E-015
8.522	1.0000000E-015
8.523	1.0000000E-015
8.524	1.0000000E-015
8.525	1.0000000E-015
8.526	1.0000000E-015
8.527	1.0000000E-015
8.528	1.0000000E-015
8.529	1.0000000E-015
8.53	1.0000000E-015
8.531	1.0000000E-015
8.532	1.0000000E-015
8.533	1.0000000E-015
8.534	1.0000000E-015
8.535	1.0000000E-015
8.536	1.0000000E-015
8.537	1.0000000E-015
8.538	1.0000000E-015
8.539	1.0000000E-015
8.54	1.0000000E-015
8.541	1.0000000E-015
8.542	1.0000000E-015
8.543	1.0000000E-015
8.544	1.0000000E-015
8.545	1.0000000E-015
8.546	1.0000000E-015
8.547	1.0000000E-015
8.548	1.0000000E-015
8.549	1.0000000E-015
8.55	1.0000000E-015
8.551	1.0000000E-015
8.552	1.0000000E-015
8.553	1.0000000E-015
8.554	1.0000000E-015
8.555	1.0000000E-015
8.556	1.0000000E-015
8.557	1.0000000E-015
8.558	1.0000000E-015
8.559	1.0000000E-015
8.56	1.0000000E-015
8.561	1.0000000E-015
8.562	1.0000000E-015
8.563	1.0000000E-015
8.564	1.0000000E-015
8.565	1.0000000E-015
8.566	1.0000000E-015
8.567	1.0000000E-015
8.568	1.0000000E-015
8.569	1.0000000E-015
8.57	1.0000000E-015
8.571	1.0000000E-015
8.572	1.0000000E-015
8.573	1.0000000E-015
8.574	1.0000000E-015
8.575	1.0000000E-015
8.576	1.0000000E-015
8.577	1.0000000E-015
8.578	1.0000000E-015
8.579	1.0000000E-015
8.58	1.0000000E-015
8.581	1.0000000E-015
8.582	1.0000000E-015
8.583	1.0000000E-015
8.584	1.0000000E-015
8.585	1.0000000E-015
8.586	1.0000000E-015
8.587	1.0000000E-015
8.588	1.0000000E-015
8.589	1.0000000E-015
8.59	1.0000000E-015
8.591	1.0000000E-015
8.592	1.0000000E-015
8.593	1.0000000E-015
8.594	1.0000000E-015
8.595	1.0000000E-015
8.596	1.0000000E-015
8.597	1.0000000E-015
8.598	1.0000000E-015
8.599	1.0000000E-015
8.6	1.0000000E-015
8.601	1.0000000E-015
8.602	1.0000000E-015
8.603	1.0000000E-015
8.604	1.0000000E-015
8.605	1.0000000E-015
8.606	1.0000000E-015
8.607	1.0000000E-015
8.608	1.0000000E-015
8.609	1.0000000E-015
8.61	1.0000000E-015
8.611	1.0000000E-015
8.612	1.0000000E-015
8.613	1.0000000E-015
8.614	1.0000000E-015
8.615	1.0000000E-015
8.616	1.0000000E-015
8.617	1.0000000E-015
8.618	1.0000000E-015
8.619	1.0000000E-015
8.62	1.0000000E-015
8.621	1.0000000E-015
8.622	1.0000000E-015
8.623	1.0000000E-015
8.624	1.0000000E-015
8.625	1.0000000E-015
8.626	1.0000000E-015
8.627	1.0000000E-015
8.628	1.0000000E-015
8.629	1.0000000E-015
8.63	1.0000000E-015
8.631	1.0000000E-015
8.632	1.0000000E-015
8.633	1.0000000E-015
8.634	1.0000000E-015
8.635	1.0000000E-015
8.636	1.0000000E-015
8.637	1.0000000E-015
8.638	1.0000000E-015
8.639	1.0000000E-015
8.64	1.0000000E-015
8.641	1.0000000E-015
8.642	1.0000000E-015
8.643	1.0000000E-015
8.644	1.0000000E-015
8.645	1.0000000E-015
8.646	1.0000000E-015
8.647	1.0000000E-015
8.648	1.0000000E-015
8.649	1.0000000E-015
8.65	1.0000000E-015
8.651	1.0000000E-015
8.652	1.0000000E-015
8.653	1.0000000E-015
8.654	1.0000000E-015
8.655	1.0000000E-015
8.656	1.0000000E-015
8.657	1.0000000E-015
8.658	1.0000000E-015
8.659	1.0000000E-015
8.66	1.0000000E-015
8.661	1.0000000E-015
8.662	1.0000000E-015
8.663	1.0000000E-015
8.664	1.0000000E-015
8.665	1.0000000E-015
8.666	1.0000000E-015
8.667	1.0000000E-015
8.668	1.0000000E-015
8.669	1.0000000E-015
8.67	1.0000000E-015
8.671	1.0000000E-015
8.672	1.0000000E-015
8.673	1.0000000E-015
8.674	1.0000000E-015
8.675	1.0000000E-015
8.676	1.0000000E-015
8.677	1.0000000E-015
8.678	1.0000000E-015
8.679	1.0000000E-015
8.68	1.0000000E-015
8.681	1.0000000E-015
8.682	1.0000000E-015
8.683	1.0000000E-015
8.684	1.0000000E-015
8.685	1.0000000E-015
8.686	1.0000000E-015
8.687	1.0000000E-015
8.688	1.0000000E-015
8.689	1.0000000E-015
8.69	1.0000000E-015
8.691	1.0000000E-015
8.692	1.0000000E-015
8.693	1.0000000E-015
8.694	1.0000000E-015
8.695	1.0000000E-015
8.696	1.0000000E-015
8.697	1.0000000E-015
8.698	1.0000000E-015
8.699	1.0000000E-015
8.7	1.0000000E-015
8.701	1.0000000E-015
8.702	1.0000000E-015
8.703	1.0000000E-015
8.704	1.0000000E-015
8.705	1.0000000E-015
8.706	1.0000000E-015
8.707	1.0000000E-015
8.708	1.0000000E-015
8.709	1.0000000E-015
8.71	1.0000000E-015
8.711	1.0000000E-015
8.712	1.0000000E-015
8.713	1.0000000E-015
8.714	1.0000000E-015
8.715	1.0000000E-015
8.716	1.0000000E-015
8.717	1.0000000E-015
8.718	1.0000000E-015
8.719	1.0000000E-015
8.72	1.0000000E-015
8.721	1.0000000E-015
8.722	1.0000000E-015
8.723	1.0000000E-015
8.724	1.0000000E-015
8.725	1.0000000E-015
8.726	1.0000000E-015
8.727	1.0000000E-015
8.728	1.0000000E-015
8.729	1.0000000E-015
8.73	1.0000000E-015
8.731	1.0000000E-015
8.732	1.0000000E-015
8.733	1.0000000E-015
8.734	1.0000000E-015
8.735	1.0000000E-015
8.736	1.0000000E-015
8.737	1.0000000E-015
8.738	1.0000000E-015
8.739	1.0000000E-015
8.74	1.0000000E-015
8.741	1.0000000E-015
8.742	1.0000000E-015
8.743	1.0000000E-015
8.744	1.0000000E-015
8.745	1.0000000E-015
8.746	1.0000000E-015
8.747	1.0000000E-015
8.748	1.0000000E-015
8.749	1.0000000E-015
8.75	1.0000000E-015
8.751	1.0000000E-015
8.752	1.0000000E-015
8.753	1.0000000E-015
8.754	1.0000000E-015
8.755	1.0000000E-015
8.756	1.0000000E-015
8.757	1.0000000E-015
8.758	1.0000000E-015
8.759	1.0000000E-015
8.76	1.0000000E-015
8.761	1.0000000E-015
8.762	1.0000000E-015
8.763	1.0000000E-015
8.764	1.0000000E-015
8.765	1.0000000E-015
8.766	1.0000000E-015
8.767	1.0000000E-015
8.768	1.0000000E-015
8.769	1.0000000E-015
8.77	1.0000000E-015
8.771	1.0000000E-015
8.772	1.0000000E-015
8.773	1.0000000E-015
8.774	1.0000000E-015
8.775	1.0000000E-015
8.776	1.0000000E-015
8.777	1.0000000E-015
8.778	1.0000000E-015
8.779	1.0000000E-015
8.78	1.0000000E-015
8.781	1.0000000E-015
8.782	1.0000000E-015
8.783	1.0000000E-015
8.784	1.0000000E-015
8.785	1.0000000E-015
8.786	1.0000000E-015
8.787	1.0000000E-015
8.788	1.0000000E-015
8.789	1.0000000E-015
8.79	1.0000000E-015
8.791	1.0000000E-015
8.792	1.0000000E-015
8.793	1.0000000E-015
8.794	1.0000000E-015
8.795	1.0000000E-015
8.796	1.0000000E-015
8.797	1.0000000E-015
8.798	1.0000000E-015
8.799	1.0000000E-015
8.8	1.0000000E-015
8.801	1.0000000E-015
8.802	1.0000000E-015
8.803	1.0000000E-015
8.804	1.0000000E-015
8.805	1.0000000E-015
8.806	1.0000000E-015
8.807	1.0000000E-015
8.808	1.0000000E-015
8.809	1.0000000E-015
8.81	1.0000000E-015
8.811	1.0000000E-015
8.812	1.0000000E-015
8.813	1.0000000E-015
8.814	1.0000000E-015
8.815	1.0000000E-015
8.816	1.0000000E-015
8.817	1.0000000E-015
8.818	1.0000000E-015
8.819	1.0000000E-015
8.82	1.0000000E-015
8.821	1.0000000E-015
8.822	1.0000000E-015
8.823	1.0000000E-015
8.824	1.0000000E-015
8.825	1.0000000E-015
8.826	1.0000000E-015
8.827	1.0000000E-015
8.828	1.0000000E-015
8.829	1.0000000E-015
8.83	1.0000000E-015
8.831	1.0000000E-015
8.832	1.0000000E-015
8.833	1.0000000E-015
8.834	1.0000000E-015
8.835	1.0000000E-015
8.836	1.0000000E-015
8.837	1.0000000E-015
8.838	1.0000000E-015
8.839	1.0000000E-015
8.84	1.0000000E-015
8.841	1.0000000E-015
8.842	1.0000000E-015
8.843	1.0000000E-015
8.844	1.0000000E-015
8.845	1.0000000E-015
8.846	1.0000000E-015
8.847	1.0000000E-015
8.848	1.0000000E-015
8.849	1.0000000E-015
8.85	1.0000000E-015
8.851	1.0000000E-015
8.852	1.0000000E-015
8.853	1.0000000E-015
8.854	1.0000000E-015
8.855	1.0000000E-015
8.856	1.0000000E-015
8.857	1.0000000E-015
8.858	1.0000000E-015
8.859	1.0000000E-015
8.86	1.0000000E-015
8.861	1.0000000E-015
8.862	1.0000000E-015
8.863	1.0000000E-015
8.864	1.0000000E-015
8.865	1.0000000E-015
8.866	1.0000000E-015
8.867	1.0000000E-015
8.868	1.0000000E-015
8.869	1.0000000E-015
8.87	1.0000000E-015
8.871	1.0000000E-015
8.872	1.0000000E-015
8.873	1.0000000E-015
8.874	1.0000000E-015
8.875	1.0000000E-015
8.876	1.0000000E-015
8.877	1.0000000E-015
8.878	1.0000000E-015
8.879	1.0000000E-015
8.88	1.0000000E-015
8.881	1.0000000E-015
8.882	1.0000000E-015
8.883	1.0000000E-015
8.884	1.0000000E-015
8.885	1.0000000E-015
8.886	1.0000000E-015
8.887	1.0000000E-015
8.888	1.0000000E-015
8.889	1.0000000E-015
8.89	1.0000000E-015
8.891	1.0000000E-015
8.892	1.0000000E-015
8.893	1.0000000E-015
8.894	1.0000000E-015
8.895	1.0000000E-015
8.896	1.0000000E-015
8.897	1.0000000E-015
8.898	1.0000000E-015
8.899	1.0000000E-015
8.9	1.0000000E-015
8.901	1.0000000E-015
8.902	1.0000000E-015
8.903	1.0000000E-015
8.904	1.0000000E-015
8.905	1.0000000E-015
8.906	1.0000000E-015
8.907	1.0000000E-015
8.908	1.0000000E-015
8.909	1.0000000E-015
8.91	1.0000000E-015
8.911	1.0000000E-015
8.912	1.0000000E-015
8.913	1.0000000E-015
8.914	1.0000000E-015
8.915	1.0000000E-015
8.916	1.0000000E-015
8.917	1.0000000E-015
8.918	1.0000000E-015
8.919	1.0000000E-015
8.92	1.0000000E-015
8.921	1.0000000E-015
8.922	1.0000000E-015
8.923	1.0000000E-015
8.924	1.0000000E-015
8.925	1.0000000E-015
8.926	1.0000000E-015
8.927	1.0000000E-015
8.928	1.0000000E-015
8.929	1.0000000E-015
8.93	1.0000000E-015
8.931	1.0000000E-015
8.932	1.0000000E-015
8.933	1.0000000E-015
8.934	1.0000000E-015
8.935	1.0000000E-015
8.936	1.0000000E-015
8.937	1.0000000E-015
8.938	1.0000000E-015
8.939	1.0000000E-015
8.94	1.0000000E-015
8.941	1.0000000E-015
8.942	1.0000000E-015
8.943	1.0000000E-015
8.944	1.0000000E-015
8.945	1.0000000E-015
8.946	1.0000000E-015
8.947	1.0000000E-015
8.948	1.0000000E-015
8.949	1.0000000E-015
8.95	1.0000000E-015
8.951	1.0000000E-015
8.952	1.0000000E-015
8.953	1.0000000E-015
8.954	1.0000000E-015
8.955	1.0000000E-015
8.956	1.0000000E-015
8.957	1.0000000E-015
8.958	1.0000000E-015
8.959	1.0000000E-015
8.96	1.0000000E-015
8.961	1.0000000E-015
8.962	1.0000000E-015
8.963	1.0000000E-015
8.964	1.0000000E-015
8.965	1.0000000E-015
8.966	1.0000000E-015
8.967	1.0000000E-015
8.968	1.0000000E-015
8.969	1.0000000E-015
8.97	1.0000000E-015
8.971	1.0000000E-015
8.972	1.0000000E-015
8.973	1.0000000E-015
8.974	1.0000000E-015
8.975	1.0000000E-015
8.976	1.0000000E-015
8.977	1.0000000E-015
8.978	1.0000000E-015
8.979	1.0000000E-015
8.98	1.0000000E-015
8.981	1.0000000E-015
8.982	1.0000000E-015
8.983	1.0000000E-015
8.984	1.0000000E-015
8.985	1.0000000E-015
8.986	1.0000000E-015
8.987	1.0000000E-015
8.988	1.0000000E-015
8.989	1.0000000E-015
8.99	1.0000000E-015
8.991	1.0000000E-015
8.992	1.0000000E-015
8.993	1.0000000E-015
8.994	1.0000000E-015
8.995	1.0000000E-015
8.996	1.0000000E-015
8.997	1.0000000E-015
8.998	1.0000000E-015
8.999	1.0000000E-015
9	1.0000000E-015
9.001	1.0000000E-015
9.002	1.0000000E-015
9.003	1.0000000E-015
9.004	1.0000000E-015
9.005	1.0000000E-015
9.006	1.0000000E-015
9.007	1.0000000E-015
9.008	1.0000000E-015
9.009	1.0000000E-015
9.01	1.0000000E-015
9.011	1.0000000E-015
9.012	1.0000000E-015
9.013	1.0000000E-015
9.014	1.0000000E-015
9.015	1.0000000E-015
9.016	1.0000000E-015
9.017	1.0000000E-015
9.018	1.0000000E-015
9.019	1.0000000E-015
9.02	1.0000000E-015
9.021	1.0000000E-015
9.022	1.0000000E-015
9.023	1.0000000E-015
9.024	1.0000000E-015
9.025	1.0000000E-015
9.026	1.0000000E-015
9.027	1.0000000E-015
9.028	1.0000000E-015
9.029	1.0000000E-015
9.03	1.0000000E-015
9.031	1.0000000E-015
9.032	1.0000000E-015
9.033	1.0000000E-015
9.034	1.0000000E-015
9.035	1.0000000E-015
9.036	1.0000000E-015
9.037	1.0000000E-015
9.038	1.0000000E-015
9.039	1.0000000E-015
9.04	1.0000000E-015
9.041	1.0000000E-015
9.042	1.0000000E-015
9.043	1.0000000E-015
9.044	1.0000000E-015
9.045	1.0000000E-015
9.046	1.0000000E-015
9.047	1.0000000E-015
9.048	1.0000000E-015
9.049	1.0000000E-015
9.05	1.0000000E-015
9.051	1.0000000E-015
9.052	1.0000000E-015
9.053	1.0000000E-015
9.054	1.0000000E-015
9.055	1.0000000E-015
9.056	1.0000000E-015
9.057	1.0000000E-015
9.058	1.0000000E-015
9.059	1.0000000E-015
9.06	1.0000000E-015
9.061	1.0000000E-015
9.062	1.0000000E-015
9.063	1.0000000E-015
9.064	1.0000000E-015
9.065	1.0000000E-015
9.066	1.0000000E-015
9.067	1.0000000E-015
9.068	1.0000000E-015
9.069	1.0000000E-015
9.07	1.0000000E-015
9.071	1.0000000E-015
9.072	1.0000000E-015
9.073	1.0000000E-015
9.074	1.0000000E-015
9.075	1.0000000E-015
9.076	1.0000000E-015
9.077	1.0000000E-015
9.078	1.0000000E-015
9.079	1.0000000E-015
9.08	1.0000000E-015
9.081	1.0000000E-015
9.082	1.0000000E-015
9.083	1.0000000E-015
9.084	1.0000000E-015
9.085	1.0000000E-015
9.086	1.0000000E-015
9.087	1.0000000E-015
9.088	1.0000000E-015
9.089	1.0000000E-015
9.09	1.0000000E-015
9.091	1.0000000E-015
9.092	1.0000000E-015
9.093	1.0000000E-015
9.094	1.0000000E-015
9.095	1.0000000E-015
9.096	1.0000000E-015
9.097	1.0000000E-015
9.098	1.0000000E-015
9.099	1.0000000E-015
9.1	1.0000000E-015
9.101	1.0000000E-015
9.102	1.0000000E-015
9.103	1.0000000E-015
9.104	1.0000000E-015
9.105	1.0000000E-015
9.106	1.0000000E-015
9.107	1.0000000E-015
9.108	1.0000000E-015
9.109	1.0000000E-015
9.11	1.0000000E-015
9.111	1.0000000E-015
9.112	1.0000000E-015
9.113	1.0000000E-015
9.114	1.0000000E-015
9.115	1.0000000E-015
9.116	1.0000000E-015
9.117	1.0000000E-015
9.118	1.0000000E-015
9.119	1.0000000E-015
9.12	1.0000000E-015
9.121	1.0000000E-015
9.122	1.0000000E-015
9.123	1.0000000E-015
9.124	1.0000000E-015
9.125	1.0000000E-015
9.126	1.0000000E-015
9.127	1.0000000E-015
9.128	1.0000000E-015
9.129	1.0000000E-015
9.13	1.0000000E-015
9.131	1.0000000E-015
9.132	1.0000000E-015
9.133	1.0000000E-015
9.134	1.0000000E-015
9.135	1.0000000E-015
9.136	1.0000000E-015
9.137	1.0000000E-015
9.138	1.0000000E-015
9.139	1.0000000E-015
9.14	1.0000000E-015
9.141	1.0000000E-015
9.142	1.0000000E-015
9.143	1.0000000E-015
9.144	1.0000000E-015
9.145	1.0000000E-015
9.146	1.0000000E-015
9.147	1.0000000E-015
9.148	1.0000000E-015
9.149	1.0000000E-015
9.15	1.0000000E-015
9.151	1.0000000E-015
9.152	1.0000000E-015
9.153	1.0000000E-015
9.154	1.0000000E-015
9.155	1.0000000E-015
9.156	1.0000000E-015
9.157	1.0000000E-015
9.158	1.0000000E-015
9.159	1.0000000E-015
9.16	1.0000000E-015
9.161	1.0000000E-015
9.162	1.0000000E-015
9.163	1.0000000E-015
9.164	1.0000000E-015
9.165	1.0000000E-015
9.166	1.0000000E-015
9.167	1.0000000E-015
9.168	1.0000000E-015
9.169	1.0000000E-015
9.17	1.0000000E-015
9.171	1.0000000E-015
9.172	1.0000000E-015
9.173	1.0000000E-015
9.174	1.0000000E-015
9.175	1.0000000E-015
9.176	1.0000000E-015
9.177	1.0000000E-015
9.178	1.0000000E-015
9.179	1.0000000E-015
9.18	1.0000000E-015
9.181	1.0000000E-015
9.182	1.0000000E-015
9.183	1.0000000E-015
9.184	1.0000000E-015
9.185	1.0000000E-015
9.186	1.0000000E-015
9.187	1.0000000E-015
9.188	1.0000000E-015
9.189	1.0000000E-015
9.19	1.0000000E-015
9.191	1.0000000E-015
9.192	1.0000000E-015
9.193	1.0000000E-015
9.194	1.0000000E-015
9.195	1.0000000E-015
9.196	1.0000000E-015
9.197	1.0000000E-015
9.198	1.0000000E-015
9.199	1.0000000E-015
9.2	1.0000000E-015
9.201	1.0000000E-015
9.202	1.0000000E-015
9.203	1.0000000E-015
9.204	1.0000000E-015
9.205	1.0000000E-015
9.206	1.0000000E-015
9.207	1.0000000E-015
9.208	1.0000000E-015
9.209	1.0000000E-015
9.21	1.0000000E-015
9.211	1.0000000E-015
9.212	1.0000000E-015
9.213	1.0000000E-015
9.214	1.0000000E-015
9.215	1.0000000E-015
9.216	1.0000000E-015
9.217	1.0000000E-015
9.218	1.0000000E-015
9.219	1.0000000E-015
9.22	1.0000000E-015
9.221	1.0000000E-015
9.222	1.0000000E-015
9.223	1.0000000E-015
9.224	1.0000000E-015
9.225	1.0000000E-015
9.226	1.0000000E-015
9.227	1.0000000E-015
9.228	1.0000000E-015
9.229	1.0000000E-015
9.23	1.0000000E-015
9.231	1.0000000E-015
9.232	1.0000000E-015
9.233	1.0000000E-015
9.234	1.0000000E-015
9.235	1.0000000E-015
9.236	1.0000000E-015
9.237	1.0000000E-015
9.238	1.0000000E-015
9.239	1.0000000E-015
9.24	1.0000000E-015
9.241	1.0000000E-015
9.242	1.0000000E-015
9.243	1.0000000E-015
9.244	1.0000000E-015
9.245	1.0000000E-015
9.246	1.0000000E-015
9.247	1.0000000E-015
9.248	1.0000000E-015
9.249	1.0000000E-015
9.25	1.0000000E-015
9.251	1.0000000E-015
9.252	1.0000000E-015
9.253	1.0000000E-015
9.254	1.0000000E-015
9.255	1.0000000E-015
9.256	1.0000000E-015
9.257	1.0000000E-015
9.258	1.0000000E-015
9.259	1.0000000E-015
9.26	1.0000000E-015
9.261	1.0000000E-015
9.262	1.0000000E-015
9.263	1.0000000E-015
9.264	1.0000000E-015
9.265	1.0000000E-015
9.266	1.0000000E-015
9.267	1.0000000E-015
9.268	1.0000000E-015
9.269	1.0000000E-015
9.27	1.0000000E-015
9.271	1.0000000E-015
9.272	1.0000000E-015
9.273	1.0000000E-015
9.274	1.0000000E-015
9.275	1.0000000E-015
9.276	1.0000000E-015
9.277	1.0000000E-015
9.278	1.0000000E-015
9.279	1.0000000E-015
9.28	1.0000000E-015
9.281	1.0000000E-015
9.282	1.0000000E-015
9.283	1.0000000E-015
9.284	1.0000000E-015
9.285	1.0000000E-015
9.286	1.0000000E-015
9.287	1.0000000E-015
9.288	1.0000000E-015
9.289	1.0000000E-015
9.29	1.0000000E-015
9.291	1.0000000E-015
9.292	1.0000000E-015
9.293	1.0000000E-015
9.294	1.0000000E-015
9.295	1.0000000E-015
9.296	1.0000000E-015
9.297	1.0000000E-015
9.298	1.0000000E-015
9.299	1.0000000E-015
9.3	1.0000000E-015
9.301	1.0000000E-015
9.302	1.0000000E-015
9.303	1.0000000E-015
9.304	1.0000000E-015
9.305	1.0000000E-015
9.306	1.0000000E-015
9.307	1.0000000E-015
9.308	1.0000000E-015
9.309	1.0000000E-015
9.31	1.0000000E-015
9.311	1.0000000E-015
9.312	1.0000000E-015
9.313	1.0000000E-015
9.314	1.0000000E-015
9.315	1.0000000E-015
9.316	1.0000000E-015
9.317	1.0000000E-015
9.318	1.0000000E-015
9.319	1.0000000E-015
9.32	1.0000000E-015
9.321	1.0000000E-015
9.322	1.0000000E-015
9.323	1.0000000E-015
9.324	1.0000000E-015
9.325	1.0000000E-015
9.326	1.0000000E-015
9.327	1.0000000E-015
9.328	1.0000000E-015
9.329	1.0000000E-015
9.33	1.0000000E-015
9.331	1.0000000E-015
9.332	1.0000000E-015
9.333	1.0000000E-015
9.334	1.0000000E-015
9.335	1.0000000E-015
9.336	1.0000000E-015
9.337	1.0000000E-015
9.338	1.0000000E-015
9.339	1.0000000E-015
9.34	1.0000000E-015
9.341	1.0000000E-015
9.342	1.0000000E-015
9.343	1.0000000E-015
9.344	1.0000000E-015
9.345	1.0000000E-015
9.346	1.0000000E-015
9.347	1.0000000E-015
9.348	1.0000000E-015
9.349	1.0000000E-015
9.35	1.0000000E-015
9.351	1.0000000E-015
9.352	1.0000000E-015
9.353	1.0000000E-015
9.354	1.0000000E-015
9.355	1.0000000E-015
9.356	1.0000000E-015
9.357	1.0000000E-015
9.358	1.0000000E-015
9.359	1.0000000E-015
9.36	1.0000000E-015
9.361	1.0000000E-015
9.362	1.0000000E-015
9.363	1.0000000E-015
9.364	1.0000000E-015
9.365	1.0000000E-015
9.366	1.0000000E-015
9.367	1.0000000E-015
9.368	1.0000000E-015
9.369	1.0000000E-015
9.37	1.0000000E-015
9.371	1.0000000E-015
9.372	1.0000000E-015
9.373	1.0000000E-015
9.374	1.0000000E-015
9.375	1.0000000E-015
9.376	1.0000000E-015
9.377	1.0000000E-015
9.378	1.0000000E-015
9.379	1.0000000E-015
9.38	1.0000000E-015
9.381	1.0000000E-015
9.382	1.0000000E-015
9.383	1.0000000E-015
9.384	1.0000000E-015
9.385	1.0000000E-015
9.386	1.0000000E-015
9.387	1.0000000E-015
9.388	1.0000000E-015
9.389	1.0000000E-015
9.39	1.0000000E-015
9.391	1.0000000E-015
9.392	1.0000000E-015
9.393	1.0000000E-015
9.394	1.0000000E-015
9.395	1.0000000E-015
9.396	1.0000000E-015
9.397	1.0000000E-015
9.398	1.0000000E-015
9.399	1.0000000E-015
9.4	1.0000000E-015
9.401	1.0000000E-015
9.402	1.0000000E-015
9.403	1.0000000E-015
9.404	1.0000000E-015
9.405	1.0000000E-015
9.406	1.0000000E-015
9.407	1.0000000E-015
9.408	1.0000000E-015
9.409	1.0000000E-015
9.41	1.0000000E-015
9.411	1.0000000E-015
9.412	1.0000000E-015
9.413	1.0000000E-015
9.414	1.0000000E-015
9.415	1.0000000E-015
9.416	1.0000000E-015
9.417	1.0000000E-015
9.418	1.0000000E-015
9.419	1.0000000E-015
9.42	1.0000000E-015
9.421	1.0000000E-015
9.422	1.0000000E-015
9.423	1.0000000E-015
9.424	1.0000000E-015
9.425	1.0000000E-015
9.426	1.0000000E-015
9.427	1.0000000E-015
9.428	1.0000000E-015
9.429	1.0000000E-015
9.43	1.0000000E-015
9.431	1.0000000E-015
9.432	1.0000000E-015
9.433	1.0000000E-015
9.434	1.0000000E-015
9.435	1.0000000E-015
9.436	1.0000000E-015
9.437	1.0000000E-015
9.438	1.0000000E-015
9.439	1.0000000E-015
9.44	1.0000000E-015
9.441	1.0000000E-015
9.442	1.0000000E-015
9.443	1.0000000E-015
9.444	1.0000000E-015
9.445	1.0000000E-015
9.446	1.0000000E-015
9.447	1.0000000E-015
9.448	1.0000000E-015
9.449	1.0000000E-015
9.45	1.0000000E-015
9.451	1.0000000E-015
9.452	1.0000000E-015
9.453	1.0000000E-015
9.454	1.0000000E-015
9.455	1.0000000E-015
9.456	1.0000000E-015
9.457	1.0000000E-015
9.458	1.0000000E-015
9.459	1.0000000E-015
9.46	1.0000000E-015
9.461	1.0000000E-015
9.462	1.0000000E-015
9.463	1.0000000E-015
9.464	1.0000000E-015
9.465	1.0000000E-015
9.466	1.0000000E-015
9.467	1.0000000E-015
9.468	1.0000000E-015
9.469	1.0000000E-015
9.47	1.0000000E-015
9.471	1.0000000E-015
9.472	1.0000000E-015
9.473	1.0000000E-015
9.474	1.0000000E-015
9.475	1.0000000E-015
9.476	1.0000000E-015
9.477	1.0000000E-015
9.478	1.0000000E-015
9.479	1.0000000E-015
9.48	1.0000000E-015
9.481	1.0000000E-015
9.482	1.0000000E-015
9.483	1.0000000E-015
9.484	1.0000000E-015
9.485	1.0000000E-015
9.486	1.0000000E-015
9.487	1.0000000E-015
9.488	1.0000000E-015
9.489	1.0000000E-015
9.49	1.0000000E-015
9.491	1.0000000E-015
9.492	1.0000000E-015
9.493	1.0000000E-015
9.494	1.0000000E-015
9.495	1.0000000E-015
9.496	1.0000000E-015
9.497	1.0000000E-015
9.498	1.0000000E-015
9.499	1.0000000E-015
9.5	1.0000000E-015
9.501	1.0000000E-015
9.502	1.0000000E-015
9.503	1.0000000E-015
9.504	1.0000000E-015
9.505	1.0000000E-015
9.506	1.0000000E-015
9.507	1.0000000E-015
9.508	1.0000000E-015
9.509	1.0000000E-015
9.51	1.0000000E-015
9.511	1.0000000E-015
9.512	1.0000000E-015
9.513	1.0000000E-015
9.514	1.0000000E-015
9.515	1.0000000E-015
9.516	1.0000000E-015
9.517	1.0000000E-015
9.518	1.0000000E-015
9.519	1.0000000E-015
9.52	1.0000000E-015
9.521	1.0000000E-015
9.522	1.0000000E-015
9.523	1.0000000E-015
9.524	1.0000000E-015
9.525	1.0000000E-015
9.526	1.0000000E-015
9.527	1.0000000E-015
9.528	1.0000000E-015
9.529	1.0000000E-015
9.53	1.0000000E-015
9.531	1.0000000E-015
9.532	1.0000000E-015
9.533	1.0000000E-015
9.534	1.0000000E-015
9.535	1.0000000E-015
9.536	1.0000000E-015
9.537	1.0000000E-015
9.538	1.0000000E-015
9.539	1.0000000E-015
9.54	1.0000000E-015
9.541	1.0000000E-015
9.542	1.0000000E-015
9.543	1.0000000E-015
9.544	1.0000000E-015
9.545	1.0000000E-015
9.546	1.0000000E-015
9.547	1.0000000E-015
9.548	1.0000000E-015
9.549	1.0000000E-015
9.55	1.0000000E-015
9.551	1.0000000E-015
9.552	1.0000000E-015
9.553	1.0000000E-015
9.554	1.0000000E-015
9.555	1.0000000E-015
9.556	1.0000000E-015
9.557	1.0000000E-015
9.558	1.0000000E-015
9.559	1.0000000E-015
9.56	1.0000000E-015
9.561	1.0000000E-015
9.562	1.0000000E-015
9.563	1.0000000E-015
9.564	1.0000000E-015
9.565	1.0000000E-015
9.566	1.0000000E-015
9.567	1.0000000E-015
9.568	1.0000000E-015
9.569	1.0000000E-015
9.57	1.0000000E-015
9.571	1.0000000E-015
9.572	1.0000000E-015
9.573	1.0000000E-015
9.574	1.0000000E-015
9.575	1.0000000E-015
9.576	1.0000000E-015
9.577	1.0000000E-015
9.578	1.0000000E-015
9.579	1.0000000E-015
9.58	1.0000000E-015
9.581	1.0000000E-015
9.582	1.0000000E-015
9.583	1.0000000E-015
9.584	1.0000000E-015
9.585	1.0000000E-015
9.586	1.0000000E-015
9.587	1.0000000E-015
9.588	1.0000000E-015
9.589	1.0000000E-015
9.59	1.0000000E-015
9.591	1.0000000E-015
9.592	1.0000000E-015
9.593	1.0000000E-015
9.594	1.0000000E-015
9.595	1.0000000E-015
9.596	1.0000000E-015
9.597	1.0000000E-015
9.598	1.0000000E-015
9.599	1.0000000E-015
9.6	1.0000000E-015
9.601	1.0000000E-015
9.602	1.0000000E-015
9.603	1.0000000E-015
9.604	1.0000000E-015
9.605	1.0000000E-015
9.606	1.0000000E-015
9.607	1.0000000E-015
9.608	1.0000000E-015
9.609	1.0000000E-015
9.61	1.0000000E-015
9.611	1.0000000E-015
9.612	1.0000000E-015
9.613	1.0000000E-015
9.614	1.0000000E-015
9.615	1.0000000E-015
9.616	1.0000000E-015
9.617	1.0000000E-015
9.618	1.0000000E-015
9.619	1.0000000E-015
9.62	1.0000000E-015
9.621	1.0000000E-015
9.622	1.0000000E-015
9.623	1.0000000E-015
9.624	1.0000000E-015
9.625	1.0000000E-015
9.626	1.0000000E-015
9.627	1.0000000E-015
9.628	1.0000000E-015
9.629	1.0000000E-015
9.63	1.0000000E-015
9.631	1.0000000E-015
9.632	1.0000000E-015
9.633	1.0000000E-015
9.634	1.0000000E-015
9.635	1.0000000E-015
9.636	1.0000000E-015
9.637	1.0000000E-015
9.638	1.0000000E-015
9.639	1.0000000E-015
9.64	1.0000000E-015
9.641	1.0000000E-015
9.642	1.0000000E-015
9.643	1.0000000E-015
9.644	1.0000000E-015
9.645	1.0000000E-015
9.646	1.0000000E-015
9.647	1.0000000E-015
9.648	1.0000000E-015
9.649	1.0000000E-015
9.65	1.0000000E-015
9.651	1.0000000E-015
9.652	1.0000000E-015
9.653	1.0000000E-015
9.654	1.0000000E-015
9.655	1.0000000E-015
9.656	1.0000000E-015
9.657	1.0000000E-015
9.658	1.0000000E-015
9.659	1.0000000E-015
9.66	1.0000000E-015
9.661	1.0000000E-015
9.662	1.0000000E-015
9.663	1.0000000E-015
9.664	1.0000000E-015
9.665	1.0000000E-015
9.666	1.0000000E-015
9.667	1.0000000E-015
9.668	1.0000000E-015
9.669	1.0000000E-015
9.67	1.0000000E-015
9.671	1.0000000E-015
9.672	1.0000000E-015
9.673	1.0000000E-015
9.674	1.0000000E-015
9.675	1.0000000E-015
9.676	1.0000000E-015
9.677	1.0000000E-015
9.678	1.0000000E-015
9.679	1.0000000E-015
9.68	1.0000000E-015
9.681	1.0000000E-015
9.682	1.0000000E-015
9.683	1.0000000E-015
9.684	1.0000000E-015
9.685	1.0000000E-015
9.686	1.0000000E-015
9.687	1.0000000E-015
9.688	1.0000000E-015
9.689	1.0000000E-015
9.69	1.0000000E-015
9.691	1.0000000E-015
9.692	1.0000000E-015
9.693	1.0000000E-015
9.694	1.0000000E-015
9.695	1.0000000E-015
9.696	1.0000000E-015
9.697	1.0000000E-015
9.698	1.0000000E-015
9.699	1.0000000E-015
9.7	1.0000000E-015
9.701	1.0000000E-015
9.702	1.0000000E-015
9.703	1.0000000E-015
9.704	1.0000000E-015
9.705	1.0000000E-015
9.706	1.0000000E-015
9.707	1.0000000E-015
9.708	1.0000000E-015
9.709	1.0000000E-015
9.71	1.0000000E-015
9.711	1.0000000E-015
9.712	1.0000000E-015
9.713	1.0000000E-015
9.714	1.0000000E-015
9.715	1.0000000E-015
9.716	1.0000000E-015
9.717	1.0000000E-015
9.718	1.0000000E-015
9.719	1.0000000E-015
9.72	1.0000000E-015
9.721	1.0000000E-015
9.722	1.0000000E-015
9.723	1.0000000E-015
9.724	1.0000000E-015
9.725	1.0000000E-015
9.726	1.0000000E-015
9.727	1.0000000E-015
9.728	1.0000000E-015
9.729	1.0000000E-015
9.73	1.0000000E-015
9.731	1.0000000E-015
9.732	1.0000000E-015
9.733	1.0000000E-015
9.734	1.0000000E-015
9.735	1.0000000E-015
9.736	1.0000000E-015
9.737	1.0000000E-015
9.738	1.0000000E-015
9.739	1.0000000E-015
9.74	1.0000000E-015
9.741	1.0000000E-015
9.742	1.0000000E-015
9.743	1.0000000E-015
9.744	1.0000000E-015
9.745	1.0000000E-015
9.746	1.0000000E-015
9.747	1.0000000E-015
9.748	1.0000000E-015
9.749	1.0000000E-015
9.75	1.0000000E-015
9.751	1.0000000E-015
9.752	1.0000000E-015
9.753	1.0000000E-015
9.754	1.0000000E-015
9.755	1.0000000E-015
9.756	1.0000000E-015
9.757	1.0000000E-015
9.758	1.0000000E-015
9.759	1.0000000E-015
9.76	1.0000000E-015
9.761	1.0000000E-015
9.762	1.0000000E-015
9.763	1.0000000E-015
9.764	1.0000000E-015
9.765	1.0000000E-015
9.766	1.0000000E-015
9.767	1.0000000E-015
9.768	1.0000000E-015
9.769	1.0000000E-015
9.77	1.0000000E-015
9.771	1.0000000E-015
9.772	1.0000000E-015
9.773	1.0000000E-015
9.774	1.0000000E-015
9.775	1.0000000E-015
9.776	1.0000000E-015
9.777	1.0000000E-015
9.778	1.0000000E-015
9.779	1.0000000E-015
9.78	1.0000000E-015
9.781	1.0000000E-015
9.782	1.0000000E-015
9.783	1.0000000E-015
9.784	1.0000000E-015
9.785	1.0000000E-015
9.786	1.0000000E-015
9.787	1.0000000E-015
9.788	1.0000000E-015
9.789	1.0000000E-015
9.79	1.0000000E-015
9.791	1.0000000E-015
9.792	1.0000000E-015
9.793	1.0000000E-015
9.794	1.0000000E-015
9.795	1.0000000E-015
9.796	1.0000000E-015
9.797	1.0000000E-015
9.798	1.0000000E-015
9.799	1.0000000E-015
9.8	1.0000000E-015
9.801	1.0000000E-015
9.802	1.0000000E-015
9.803	1.0000000E-015
9.804	1.0000000E-015
9.805	1.0000000E-015
9.806	1.0000000E-015
9.807	1.0000000E-015
9.808	1.0000000E-015
9.809	1.0000000E-015
9.81	1.0000000E-015
9.811	1.0000000E-015
9.812	1.0000000E-015
9.813	1.0000000E-015
9.814	1.0000000E-015
9.815	1.0000000E-015
9.816	1.0000000E-015
9.817	1.0000000E-015
9.818	1.0000000E-015
9.819	1.0000000E-015
9.82	1.0000000E-015
9.821	1.0000000E-015
9.822	1.0000000E-015
9.823	1.0000000E-015
9.824	1.0000000E-015
9.825	1.0000000E-015
9.826	1.0000000E-015
9.827	1.0000000E-015
9.828	1.0000000E-015
9.829	1.0000000E-015
9.83	1.0000000E-015
9.831	1.0000000E-015
9.832	1.0000000E-015
9.833	1.0000000E-015
9.834	1.0000000E-015
9.835	1.0000000E-015
9.836	1.0000000E-015
9.837	1.0000000E-015
9.838	1.0000000E-015
9.839	1.0000000E-015
9.84	1.0000000E-015
9.841	1.0000000E-015
9.842	1.0000000E-015
9.843	1.0000000E-015
9.844	1.0000000E-015
9.845	1.0000000E-015
9.846	1.0000000E-015
9.847	1.0000000E-015
9.848	1.0000000E-015
9.849	1.0000000E-015
9.85	1.0000000E-015
9.851	1.0000000E-015
9.852	1.0000000E-015
9.853	1.0000000E-015
9.854	1.0000000E-015
9.855	1.0000000E-015
9.856	1.0000000E-015
9.857	1.0000000E-015
9.858	1.0000000E-015
9.859	1.0000000E-015
9.86	1.0000000E-015
9.861	1.0000000E-015
9.862	1.0000000E-015
9.863	1.0000000E-015
9.864	1.0000000E-015
9.865	1.0000000E-015
9.866	1.0000000E-015
9.867	1.0000000E-015
9.868	1.0000000E-015
9.869	1.0000000E-015
9.87	1.0000000E-015
9.871	1.0000000E-015
9.872	1.0000000E-015
9.873	1.0000000E-015
9.874	1.0000000E-015
9.875	1.0000000E-015
9.876	1.0000000E-015
9.877	1.0000000E-015
9.878	1.0000000E-015
9.879	1.0000000E-015
9.88	1.0000000E-015
9.881	1.0000000E-015
9.882	1.0000000E-015
9.883	1.0000000E-015
9.884	1.0000000E-015
9.885	1.0000000E-015
9.886	1.0000000E-015
9.887	1.0000000E-015
9.888	1.0000000E-015
9.889	1.0000000E-015
9.89	1.0000000E-015
9.891	1.0000000E-015
9.892	1.0000000E-015
9.893	1.0000000E-015
9.894	1.0000000E-015
9.895	1.0000000E-015
9.896	1.0000000E-015
9.897	1.0000000E-015
9.898	1.0000000E-015
9.899	1.0000000E-015
9.9	1.0000000E-015
9.901	1.0000000E-015
9.902	1.0000000E-015
9.903	1.0000000E-015
9.904	1.0000000E-015
9.905	1.0000000E-015
9.906	1.0000000E-015
9.907	1.0000000E-015
9.908	1.0000000E-015
9.909	1.0000000E-015
9.91	1.0000000E-015
9.911	1.0000000E-015
9.912	1.0000000E-015
9.913	1.0000000E-015
9.914	1.0000000E-015
9.915	1.0000000E-015
9.916	1.0000000E-015
9.917	1.0000000E-015
9.918	1.0000000E-015
9.919	1.0000000E-015
9.92	1.0000000E-015
9.921	1.0000000E-015
9.922	1.0000000E-015
9.923	1.0000000E-015
9.924	1.0000000E-015
9.925	1.0000000E-015
9.926	1.0000000E-015
9.927	1.0000000E-015
9.928	1.0000000E-015
9.929	1.0000000E-015
9.93	1.0000000E-015
9.931	1.0000000E-015
9.932	1.0000000E-015
9.933	1.0000000E-015
9.934	1.0000000E-015
9.935	1.0000000E-015
9.936	1.0000000E-015
9.937	1.0000000E-015
9.938	1.0000000E-015
9.939	1.0000000E-015
9.94	1.0000000E-015
9.941	1.0000000E-015
9.942	1.0000000E-015
9.943	1.0000000E-015
9.944	1.0000000E-015
9.945	1.0000000E-015
9.946	1.0000000E-015
9.947	1.0000000E-015
9.948	1.0000000E-015
9.949	1.0000000E-015
9.95	1.0000000E-015
9.951	1.0000000E-015
9.952	1.0000000E-015
9.953	1.0000000E-015
9.954	1.0000000E-015
9.955	1.0000000E-015
9.956	1.0000000E-015
9.957	1.0000000E-015
9.958	1.0000000E-015
9.959	1.0000000E-015
9.96	1.0000000E-015
9.961	1.0000000E-015
9.962	1.0000000E-015
9.963	1.0000000E-015
9.964	1.0000000E-015
9.965	1.0000000E-015
9.966	1.0000000E-015
9.967	1.0000000E-015
9.968	1.0000000E-015
9.969	1.0000000E-015
9.97	1.0000000E-015
9.971	1.0000000E-015
9.972	1.0000000E-015
9.973	1.0000000E-015
9.974	1.0000000E-015
9.975	1.0000000E-015
9.976	1.0000000E-015
9.977	1.0000000E-015
9.978	1.0000000E-015
9.979	1.0000000E-015
9.98	1.0000000E-015
9.981	1.0000000E-015
9.982	1.0000000E-015
9.983	1.0000000E-015
9.984	1.0000000E-015
9.985	1.0000000E-015
9.986	1.0000000E-015
9.987	1.0000000E-015
9.988	1.0000000E-015
9.989	1.0000000E-015
9.99	1.0000000E-015
9.991	1.0000000E-015
9.992	1.0000000E-015
9.993	1.0000000E-015
9.994	1.0000000E-015
9.995	1.0000000E-015
9.996	1.0000000E-015
9.997	1.0000000E-015
9.998	1.0000000E-015
9.999	1.0000000E-015
10	1.0000000E-015
10.001	1.0000000E-015
10.002	1.0000000E-015
10.003	1.0000000E-015
10.004	1.0000000E-015
10.005	1.0000000E-015
10.006	1.0000000E-015
10.007	1.0000000E-015
10.008	1.0000000E-015
10.009	1.0000000E-015
10.01	1.0000000E-015
10.011	1.0000000E-015
10.012	1.0000000E-015
10.013	1.0000000E-015
10.014	1.0000000E-015
10.015	1.0000000E-015
10.016	1.0000000E-015
10.017	1.0000000E-015
10.018	1.0000000E-015
10.019	1.0000000E-015
10.02	1.0000000E-015
10.021	1.0000000E-015
10.022	1.0000000E-015
10.023	1.0000000E-015
10.024	1.0000000E-015
10.025	1.0000000E-015
10.026	1.0000000E-015
10.027	1.0000000E-015
10.028	1.0000000E-015
10.029	1.0000000E-015
10.03	1.0000000E-015
10.031	1.0000000E-015
10.032	1.0000000E-015
10.033	1.0000000E-015
10.034	1.0000000E-015
10.035	1.0000000E-015
10.036	1.0000000E-015
10.037	1.0000000E-015
10.038	1.0000000E-015
10.039	1.0000000E-015
10.04	1.0000000E-015
10.041	1.0000000E-015
10.042	1.0000000E-015
10.043	1.0000000E-015
10.044	1.0000000E-015
10.045	1.0000000E-015
10.046	1.0000000E-015
10.047	1.0000000E-015
10.048	1.0000000E-015
10.049	1.0000000E-015
10.05	1.0000000E-015
10.051	1.0000000E-015
10.052	1.0000000E-015
10.053	1.0000000E-015
10.054	1.0000000E-015
10.055	1.0000000E-015
10.056	1.0000000E-015
10.057	1.0000000E-015
10.058	1.0000000E-015
10.059	1.0000000E-015
10.06	1.0000000E-015
10.061	1.0000000E-015
10.062	1.0000000E-015
10.063	1.0000000E-015
10.064	1.0000000E-015
10.065	1.0000000E-015
10.066	1.0000000E-015
10.067	1.0000000E-015
10.068	1.0000000E-015
10.069	1.0000000E-015
10.07	1.0000000E-015
10.071	1.0000000E-015
10.072	1.0000000E-015
10.073	1.0000000E-015
10.074	1.0000000E-015
10.075	1.0000000E-015
10.076	1.0000000E-015
10.077	1.0000000E-015
10.078	1.0000000E-015
10.079	1.0000000E-015
10.08	1.0000000E-015
10.081	1.0000000E-015
10.082	1.0000000E-015
10.083	1.0000000E-015
10.084	1.0000000E-015
10.085	1.0000000E-015
10.086	1.0000000E-015
10.087	1.0000000E-015
10.088	1.0000000E-015
10.089	1.0000000E-015
10.09	1.0000000E-015
10.091	1.0000000E-015
10.092	1.0000000E-015
10.093	1.0000000E-015
10.094	1.0000000E-015
10.095	1.0000000E-015
10.096	1.0000000E-015
10.097	1.0000000E-015
10.098	1.0000000E-015
10.099	1.0000000E-015
10.1	1.0000000E-015
10.101	1.0000000E-015
10.102	1.0000000E-015
10.103	1.0000000E-015
10.104	1.0000000E-015
10.105	1.0000000E-015
10.106	1.0000000E-015
10.107	1.0000000E-015
10.108	1.0000000E-015
10.109	1.0000000E-015
10.11	1.0000000E-015
10.111	1.0000000E-015
10.112	1.0000000E-015
10.113	1.0000000E-015
10.114	1.0000000E-015
10.115	1.0000000E-015
10.116	1.0000000E-015
10.117	1.0000000E-015
10.118	1.0000000E-015
10.119	1.0000000E-015
10.12	1.0000000E-015
10.121	1.0000000E-015
10.122	1.0000000E-015
10.123	1.0000000E-015
10.124	1.0000000E-015
10.125	1.0000000E-015
10.126	1.0000000E-015
10.127	1.0000000E-015
10.128	1.0000000E-015
10.129	1.0000000E-015
10.13	1.0000000E-015
10.131	1.0000000E-015
10.132	1.0000000E-015
10.133	1.0000000E-015
10.134	1.0000000E-015
10.135	1.0000000E-015
10.136	1.0000000E-015
10.137	1.0000000E-015
10.138	1.0000000E-015
10.139	1.0000000E-015
10.14	1.0000000E-015
10.141	1.0000000E-015
10.142	1.0000000E-015
10.143	1.0000000E-015
10.144	1.0000000E-015
10.145	1.0000000E-015
10.146	1.0000000E-015
10.147	1.0000000E-015
10.148	1.0000000E-015
10.149	1.0000000E-015
10.15	1.0000000E-015
10.151	1.0000000E-015
10.152	1.0000000E-015
10.153	1.0000000E-015
10.154	1.0000000E-015
10.155	1.0000000E-015
10.156	1.0000000E-015
10.157	1.0000000E-015
10.158	1.0000000E-015
10.159	1.0000000E-015
10.16	1.0000000E-015
10.161	1.0000000E-015
10.162	1.0000000E-015
10.163	1.0000000E-015
10.164	1.0000000E-015
10.165	1.0000000E-015
10.166	1.0000000E-015
10.167	1.0000000E-015
10.168	1.0000000E-015
10.169	1.0000000E-015
10.17	1.0000000E-015
10.171	1.0000000E-015
10.172	1.0000000E-015
10.173	1.0000000E-015
10.174	1.0000000E-015
10.175	1.0000000E-015
10.176	1.0000000E-015
10.177	1.0000000E-015
10.178	1.0000000E-015
10.179	1.0000000E-015
10.18	1.0000000E-015
10.181	1.0000000E-015
10.182	1.0000000E-015
10.183	1.0000000E-015
10.184	1.0000000E-015
10.185	1.0000000E-015
10.186	1.0000000E-015
10.187	1.0000000E-015
10.188	1.0000000E-015
10.189	1.0000000E-015
10.19	1.0000000E-015
10.191	1.0000000E-015
10.192	1.0000000E-015
10.193	1.0000000E-015
10.194	1.0000000E-015
10.195	1.0000000E-015
10.196	1.0000000E-015
10.197	1.0000000E-015
10.198	1.0000000E-015
10.199	1.0000000E-015
10.2	1.0000000E-015
10.201	1.0000000E-015
10.202	1.0000000E-015
10.203	1.0000000E-015
10.204	1.0000000E-015
10.205	1.0000000E-015
10.206	1.0000000E-015
10.207	1.0000000E-015
10.208	1.0000000E-015
10.209	1.0000000E-015
10.21	1.0000000E-015
10.211	1.0000000E-015
10.212	1.0000000E-015
10.213	1.0000000E-015
10.214	1.0000000E-015
10.215	1.0000000E-015
10.216	1.0000000E-015
10.217	1.0000000E-015
10.218	1.0000000E-015
10.219	1.0000000E-015
10.22	1.0000000E-015
10.221	1.0000000E-015
10.222	1.0000000E-015
10.223	1.0000000E-015
10.224	1.0000000E-015
10.225	1.0000000E-015
10.226	1.0000000E-015
10.227	1.0000000E-015
10.228	1.0000000E-015
10.229	1.0000000E-015
10.23	1.0000000E-015
10.231	1.0000000E-015
10.232	1.0000000E-015
10.233	1.0000000E-015
10.234	1.0000000E-015
10.235	1.0000000E-015
10.236	1.0000000E-015
10.237	1.0000000E-015
10.238	1.0000000E-015
10.239	1.0000000E-015
10.24	1.0000000E-015
10.241	1.0000000E-015
10.242	1.0000000E-015
10.243	1.0000000E-015
10.244	1.0000000E-015
10.245	1.0000000E-015
10.246	1.0000000E-015
10.247	1.0000000E-015
10.248	1.0000000E-015
10.249	1.0000000E-015
10.25	1.0000000E-015
10.251	1.0000000E-015
10.252	1.0000000E-015
10.253	1.0000000E-015
10.254	1.0000000E-015
10.255	1.0000000E-015
10.256	1.0000000E-015
10.257	1.0000000E-015
10.258	1.0000000E-015
10.259	1.0000000E-015
10.26	1.0000000E-015
10.261	1.0000000E-015
10.262	1.0000000E-015
10.263	1.0000000E-015
10.264	1.0000000E-015
10.265	1.0000000E-015
10.266	1.0000000E-015
10.267	1.0000000E-015
10.268	1.0000000E-015
10.269	1.0000000E-015
10.27	1.0000000E-015
10.271	1.0000000E-015
10.272	1.0000000E-015
10.273	1.0000000E-015
10.274	1.0000000E-015
10.275	1.0000000E-015
10.276	1.0000000E-015
10.277	1.0000000E-015
10.278	1.0000000E-015
10.279	1.0000000E-015
10.28	1.0000000E-015
10.281	1.0000000E-015
10.282	1.0000000E-015
10.283	1.0000000E-015
10.284	1.0000000E-015
10.285	1.0000000E-015
10.286	1.0000000E-015
10.287	1.0000000E-015
10.288	1.0000000E-015
10.289	1.0000000E-015
10.29	1.0000000E-015
10.291	1.0000000E-015
10.292	1.0000000E-015
10.293	1.0000000E-015
10.294	1.0000000E-015
10.295	1.0000000E-015
10.296	1.0000000E-015
10.297	1.0000000E-015
10.298	1.0000000E-015
10.299	1.0000000E-015
10.3	1.0000000E-015
10.301	1.0000000E-015
10.302	1.0000000E-015
10.303	1.0000000E-015
10.304	1.0000000E-015
10.305	1.0000000E-015
10.306	1.0000000E-015
10.307	1.0000000E-015
10.308	1.0000000E-015
10.309	1.0000000E-015
10.31	1.0000000E-015
10.311	1.0000000E-015
10.312	1.0000000E-015
10.313	1.0000000E-015
10.314	1.0000000E-015
10.315	1.0000000E-015
10.316	1.0000000E-015
10.317	1.0000000E-015
10.318	1.0000000E-015
10.319	1.0000000E-015
10.32	1.0000000E-015
10.321	1.0000000E-015
10.322	1.0000000E-015
10.323	1.0000000E-015
10.324	1.0000000E-015
10.325	1.0000000E-015
10.326	1.0000000E-015
10.327	1.0000000E-015
10.328	1.0000000E-015
10.329	1.0000000E-015
10.33	1.0000000E-015
10.331	1.0000000E-015
10.332	1.0000000E-015
10.333	1.0000000E-015
10.334	1.0000000E-015
10.335	1.0000000E-015
10.336	1.0000000E-015
10.337	1.0000000E-015
10.338	1.0000000E-015
10.339	1.0000000E-015
10.34	1.0000000E-015
10.341	1.0000000E-015
10.342	1.0000000E-015
10.343	1.0000000E-015
10.344	1.0000000E-015
10.345	1.0000000E-015
10.346	1.0000000E-015
10.347	1.0000000E-015
10.348	1.0000000E-015
10.349	1.0000000E-015
10.35	1.0000000E-015
10.351	1.0000000E-015
10.352	1.0000000E-015
10.353	1.0000000E-015
10.354	1.0000000E-015
10.355	1.0000000E-015
10.356	1.0000000E-015
10.357	1.0000000E-015
10.358	1.0000000E-015
10.359	1.0000000E-015
10.36	1.0000000E-015
10.361	1.0000000E-015
10.362	1.0000000E-015
10.363	1.0000000E-015
10.364	1.0000000E-015
10.365	1.0000000E-015
10.366	1.0000000E-015
10.367	1.0000000E-015
10.368	1.0000000E-015
10.369	1.0000000E-015
10.37	1.0000000E-015
10.371	1.0000000E-015
10.372	1.0000000E-015
10.373	1.0000000E-015
10.374	1.0000000E-015
10.375	1.0000000E-015
10.376	1.0000000E-015
10.377	1.0000000E-015
10.378	1.0000000E-015
10.379	1.0000000E-015
10.38	1.0000000E-015
10.381	1.0000000E-015
10.382	1.0000000E-015
10.383	1.0000000E-015
10.384	1.0000000E-015
10.385	1.0000000E-015
10.386	1.0000000E-015
10.387	1.0000000E-015
10.388	1.0000000E-015
10.389	1.0000000E-015
10.39	1.0000000E-015
10.391	1.0000000E-015
10.392	1.0000000E-015
10.393	1.0000000E-015
10.394	1.0000000E-015
10.395	1.0000000E-015
10.396	1.0000000E-015
10.397	1.0000000E-015
10.398	1.0000000E-015
10.399	1.0000000E-015
10.4	1.0000000E-015
10.401	1.0000000E-015
10.402	1.0000000E-015
10.403	1.0000000E-015
10.404	1.0000000E-015
10.405	1.0000000E-015
10.406	1.0000000E-015
10.407	1.0000000E-015
10.408	1.0000000E-015
10.409	1.0000000E-015
10.41	1.0000000E-015
10.411	1.0000000E-015
10.412	1.0000000E-015
10.413	1.0000000E-015
10.414	1.0000000E-015
10.415	1.0000000E-015
10.416	1.0000000E-015
10.417	1.0000000E-015
10.418	1.0000000E-015
10.419	1.0000000E-015
10.42	1.0000000E-015
10.421	1.0000000E-015
10.422	1.0000000E-015
10.423	1.0000000E-015
10.424	1.0000000E-015
10.425	1.0000000E-015
10.426	1.0000000E-015
10.427	1.0000000E-015
10.428	1.0000000E-015
10.429	1.0000000E-015
10.43	1.0000000E-015
10.431	1.0000000E-015
10.432	1.0000000E-015
10.433	1.0000000E-015
10.434	1.0000000E-015
10.435	1.0000000E-015
10.436	1.0000000E-015
10.437	1.0000000E-015
10.438	1.0000000E-015
10.439	1.0000000E-015
10.44	1.0000000E-015
10.441	1.0000000E-015
10.442	1.0000000E-015
10.443	1.0000000E-015
10.444	1.0000000E-015
10.445	1.0000000E-015
10.446	1.0000000E-015
10.447	1.0000000E-015
10.448	1.0000000E-015
10.449	1.0000000E-015
10.45	1.0000000E-015
10.451	1.0000000E-015
10.452	1.0000000E-015
10.453	1.0000000E-015
10.454	1.0000000E-015
10.455	1.0000000E-015
10.456	1.0000000E-015
10.457	1.0000000E-015
10.458	1.0000000E-015
10.459	1.0000000E-015
10.46	1.0000000E-015
10.461	1.0000000E-015
10.462	1.0000000E-015
10.463	1.0000000E-015
10.464	1.0000000E-015
10.465	1.0000000E-015
10.466	1.0000000E-015
10.467	1.0000000E-015
10.468	1.0000000E-015
10.469	1.0000000E-015
10.47	1.0000000E-015
10.471	1.0000000E-015
10.472	1.0000000E-015
10.473	1.0000000E-015
10.474	1.0000000E-015
10.475	1.0000000E-015
10.476	1.0000000E-015
10.477	1.0000000E-015
10.478	1.0000000E-015
10.479	1.0000000E-015
10.48	1.0000000E-015
10.481	1.0000000E-015
10.482	1.0000000E-015
10.483	1.0000000E-015
10.484	1.0000000E-015
10.485	1.0000000E-015
10.486	1.0000000E-015
10.487	1.0000000E-015
10.488	1.0000000E-015
10.489	1.0000000E-015
10.49	1.0000000E-015
10.491	1.0000000E-015
10.492	1.0000000E-015
10.493	1.0000000E-015
10.494	1.0000000E-015
10.495	1.0000000E-015
10.496	1.0000000E-015
10.497	1.0000000E-015
10.498	1.0000000E-015
10.499	1.0000000E-015
10.5	1.0000000E-015
10.501	1.0000000E-015
10.502	1.0000000E-015
10.503	1.0000000E-015
10.504	1.0000000E-015
10.505	1.0000000E-015
10.506	1.0000000E-015
10.507	1.0000000E-015
10.508	1.0000000E-015
10.509	1.0000000E-015
10.51	1.0000000E-015
10.511	1.0000000E-015
10.512	1.0000000E-015
10.513	1.0000000E-015
10.514	1.0000000E-015
10.515	1.0000000E-015
10.516	1.0000000E-015
10.517	1.0000000E-015
10.518	1.0000000E-015
10.519	1.0000000E-015
10.52	1.0000000E-015
10.521	1.0000000E-015
10.522	1.0000000E-015
10.523	1.0000000E-015
10.524	1.0000000E-015
10.525	1.0000000E-015
10.526	1.0000000E-015
10.527	1.0000000E-015
10.528	1.0000000E-015
10.529	1.0000000E-015
10.53	1.0000000E-015
10.531	1.0000000E-015
10.532	1.0000000E-015
10.533	1.0000000E-015
10.534	1.0000000E-015
10.535	1.0000000E-015
10.536	1.0000000E-015
10.537	1.0000000E-015
10.538	1.0000000E-015
10.539	1.0000000E-015
10.54	1.0000000E-015
10.541	1.0000000E-015
10.542	1.0000000E-015
10.543	1.0000000E-015
10.544	1.0000000E-015
10.545	1.0000000E-015
10.546	1.0000000E-015
10.547	1.0000000E-015
10.548	1.0000000E-015
10.549	1.0000000E-015
10.55	1.0000000E-015
10.551	1.0000000E-015
10.552	1.0000000E-015
10.553	1.0000000E-015
10.554	1.0000000E-015
10.555	1.0000000E-015
10.556	1.0000000E-015
10.557	1.0000000E-015
10.558	1.0000000E-015
10.559	1.0000000E-015
10.56	1.0000000E-015
10.561	1.0000000E-015
10.562	1.0000000E-015
10.563	1.0000000E-015
10.564	1.0000000E-015
10.565	1.0000000E-015
10.566	1.0000000E-015
10.567	1.0000000E-015
10.568	1.0000000E-015
10.569	1.0000000E-015
10.57	1.0000000E-015
10.571	1.0000000E-015
10.572	1.0000000E-015
10.573	1.0000000E-015
10.574	1.0000000E-015
10.575	1.0000000E-015
10.576	1.0000000E-015
10.577	1.0000000E-015
10.578	1.0000000E-015
10.579	1.0000000E-015
10.58	1.0000000E-015
10.581	1.0000000E-015
10.582	1.0000000E-015
10.583	1.0000000E-015
10.584	1.0000000E-015
10.585	1.0000000E-015
10.586	1.0000000E-015
10.587	1.0000000E-015
10.588	1.0000000E-015
10.589	1.0000000E-015
10.59	1.0000000E-015
10.591	1.0000000E-015
10.592	1.0000000E-015
10.593	1.0000000E-015
10.594	1.0000000E-015
10.595	1.0000000E-015
10.596	1.0000000E-015
10.597	1.0000000E-015
10.598	1.0000000E-015
10.599	1.0000000E-015
10.6	1.0000000E-015
10.601	1.0000000E-015
10.602	1.0000000E-015
10.603	1.0000000E-015
10.604	1.0000000E-015
10.605	1.0000000E-015
10.606	1.0000000E-015
10.607	1.0000000E-015
10.608	1.0000000E-015
10.609	1.0000000E-015
10.61	1.0000000E-015
10.611	1.0000000E-015
10.612	1.0000000E-015
10.613	1.0000000E-015
10.614	1.0000000E-015
10.615	1.0000000E-015
10.616	1.0000000E-015
10.617	1.0000000E-015
10.618	1.0000000E-015
10.619	1.0000000E-015
10.62	1.0000000E-015
10.621	1.0000000E-015
10.622	1.0000000E-015
10.623	1.0000000E-015
10.624	1.0000000E-015
10.625	1.0000000E-015
10.626	1.0000000E-015
10.627	1.0000000E-015
10.628	1.0000000E-015
10.629	1.0000000E-015
10.63	1.0000000E-015
10.631	1.0000000E-015
10.632	1.0000000E-015
10.633	1.0000000E-015
10.634	1.0000000E-015
10.635	1.0000000E-015
10.636	1.0000000E-015
10.637	1.0000000E-015
10.638	1.0000000E-015
10.639	1.0000000E-015
10.64	1.0000000E-015
10.641	1.0000000E-015
10.642	1.0000000E-015
10.643	1.0000000E-015
10.644	1.0000000E-015
10.645	1.0000000E-015
10.646	1.0000000E-015
10.647	1.0000000E-015
10.648	1.0000000E-015
10.649	1.0000000E-015
10.65	1.0000000E-015
10.651	1.0000000E-015
10.652	1.0000000E-015
10.653	1.0000000E-015
10.654	1.0000000E-015
10.655	1.0000000E-015
10.656	1.0000000E-015
10.657	1.0000000E-015
10.658	1.0000000E-015
10.659	1.0000000E-015
10.66	1.0000000E-015
10.661	1.0000000E-015
10.662	1.0000000E-015
10.663	1.0000000E-015
10.664	1.0000000E-015
10.665	1.0000000E-015
10.666	1.0000000E-015
10.667	1.0000000E-015
10.668	1.0000000E-015
10.669	1.0000000E-015
10.67	1.0000000E-015
10.671	1.0000000E-015
10.672	1.0000000E-015
10.673	1.0000000E-015
10.674	1.0000000E-015
10.675	1.0000000E-015
10.676	1.0000000E-015
10.677	1.0000000E-015
10.678	1.0000000E-015
10.679	1.0000000E-015
10.68	1.0000000E-015
10.681	1.0000000E-015
10.682	1.0000000E-015
10.683	1.0000000E-015
10.684	1.0000000E-015
10.685	1.0000000E-015
10.686	1.0000000E-015
10.687	1.0000000E-015
10.688	1.0000000E-015
10.689	1.0000000E-015
10.69	1.0000000E-015
10.691	1.0000000E-015
10.692	1.0000000E-015
10.693	1.0000000E-015
10.694	1.0000000E-015
10.695	1.0000000E-015
10.696	1.0000000E-015
10.697	1.0000000E-015
10.698	1.0000000E-015
10.699	1.0000000E-015
10.7	1.0000000E-015
10.701	1.0000000E-015
10.702	1.0000000E-015
10.703	1.0000000E-015
10.704	1.0000000E-015
10.705	1.0000000E-015
10.706	1.0000000E-015
10.707	1.0000000E-015
10.708	1.0000000E-015
10.709	1.0000000E-015
10.71	1.0000000E-015
10.711	1.0000000E-015
10.712	1.0000000E-015
10.713	1.0000000E-015
10.714	1.0000000E-015
10.715	1.0000000E-015
10.716	1.0000000E-015
10.717	1.0000000E-015
10.718	1.0000000E-015
10.719	1.0000000E-015
10.72	1.0000000E-015
10.721	1.0000000E-015
10.722	1.0000000E-015
10.723	1.0000000E-015
10.724	1.0000000E-015
10.725	1.0000000E-015
10.726	1.0000000E-015
10.727	1.0000000E-015
10.728	1.0000000E-015
10.729	1.0000000E-015
10.73	1.0000000E-015
10.731	1.0000000E-015
10.732	1.0000000E-015
10.733	1.0000000E-015
10.734	1.0000000E-015
10.735	1.0000000E-015
10.736	1.0000000E-015
10.737	1.0000000E-015
10.738	1.0000000E-015
10.739	1.0000000E-015
10.74	1.0000000E-015
10.741	1.0000000E-015
10.742	1.0000000E-015
10.743	1.0000000E-015
10.744	1.0000000E-015
10.745	1.0000000E-015
10.746	1.0000000E-015
10.747	1.0000000E-015
10.748	1.0000000E-015
10.749	1.0000000E-015
10.75	1.0000000E-015
10.751	1.0000000E-015
10.752	1.0000000E-015
10.753	1.0000000E-015
10.754	1.0000000E-015
10.755	1.0000000E-015
10.756	1.0000000E-015
10.757	1.0000000E-015
10.758	1.0000000E-015
10.759	1.0000000E-015
10.76	1.0000000E-015
10.761	1.0000000E-015
10.762	1.0000000E-015
10.763	1.0000000E-015
10.764	1.0000000E-015
10.765	1.0000000E-015
10.766	1.0000000E-015
10.767	1.0000000E-015
10.768	1.0000000E-015
10.769	1.0000000E-015
10.77	1.0000000E-015
10.771	1.0000000E-015
10.772	1.0000000E-015
10.773	1.0000000E-015
10.774	1.0000000E-015
10.775	1.0000000E-015
10.776	1.0000000E-015
10.777	1.0000000E-015
10.778	1.0000000E-015
10.779	1.0000000E-015
10.78	1.0000000E-015
10.781	1.0000000E-015
10.782	1.0000000E-015
10.783	1.0000000E-015
10.784	1.0000000E-015
10.785	1.0000000E-015
10.786	1.0000000E-015
10.787	1.0000000E-015
10.788	1.0000000E-015
10.789	1.0000000E-015
10.79	1.0000000E-015
10.791	1.0000000E-015
10.792	1.0000000E-015
10.793	1.0000000E-015
10.794	1.0000000E-015
10.795	1.0000000E-015
10.796	1.0000000E-015
10.797	1.0000000E-015
10.798	1.0000000E-015
10.799	1.0000000E-015
10.8	1.0000000E-015
10.801	1.0000000E-015
10.802	1.0000000E-015
10.803	1.0000000E-015
10.804	1.0000000E-015
10.805	1.0000000E-015
10.806	1.0000000E-015
10.807	1.0000000E-015
10.808	1.0000000E-015
10.809	1.0000000E-015
10.81	1.0000000E-015
10.811	1.0000000E-015
10.812	1.0000000E-015
10.813	1.0000000E-015
10.814	1.0000000E-015
10.815	1.0000000E-015
10.816	1.0000000E-015
10.817	1.0000000E-015
10.818	1.0000000E-015
10.819	1.0000000E-015
10.82	1.0000000E-015
10.821	1.0000000E-015
10.822	1.0000000E-015
10.823	1.0000000E-015
10.824	1.0000000E-015
10.825	1.0000000E-015
10.826	1.0000000E-015
10.827	1.0000000E-015
10.828	1.0000000E-015
10.829	1.0000000E-015
10.83	1.0000000E-015
10.831	1.0000000E-015
10.832	1.0000000E-015
10.833	1.0000000E-015
10.834	1.0000000E-015
10.835	1.0000000E-015
10.836	1.0000000E-015
10.837	1.0000000E-015
10.838	1.0000000E-015
10.839	1.0000000E-015
10.84	1.0000000E-015
10.841	1.0000000E-015
10.842	1.0000000E-015
10.843	1.0000000E-015
10.844	1.0000000E-015
10.845	1.0000000E-015
10.846	1.0000000E-015
10.847	1.0000000E-015
10.848	1.0000000E-015
10.849	1.0000000E-015
10.85	1.0000000E-015
10.851	1.0000000E-015
10.852	1.0000000E-015
10.853	1.0000000E-015
10.854	1.0000000E-015
10.855	1.0000000E-015
10.856	1.0000000E-015
10.857	1.0000000E-015
10.858	1.0000000E-015
10.859	1.0000000E-015
10.86	1.0000000E-015
10.861	1.0000000E-015
10.862	1.0000000E-015
10.863	1.0000000E-015
10.864	1.0000000E-015
10.865	1.0000000E-015
10.866	1.0000000E-015
10.867	1.0000000E-015
10.868	1.0000000E-015
10.869	1.0000000E-015
10.87	1.0000000E-015
10.871	1.0000000E-015
10.872	1.0000000E-015
10.873	1.0000000E-015
10.874	1.0000000E-015
10.875	1.0000000E-015
10.876	1.0000000E-015
10.877	1.0000000E-015
10.878	1.0000000E-015
10.879	1.0000000E-015
10.88	1.0000000E-015
10.881	1.0000000E-015
10.882	1.0000000E-015
10.883	1.0000000E-015
10.884	1.0000000E-015
10.885	1.0000000E-015
10.886	1.0000000E-015
10.887	1.0000000E-015
10.888	1.0000000E-015
10.889	1.0000000E-015
10.89	1.0000000E-015
10.891	1.0000000E-015
10.892	1.0000000E-015
10.893	1.0000000E-015
10.894	1.0000000E-015
10.895	1.0000000E-015
10.896	1.0000000E-015
10.897	1.0000000E-015
10.898	1.0000000E-015
10.899	1.0000000E-015
10.9	1.0000000E-015
10.901	1.0000000E-015
10.902	1.0000000E-015
10.903	1.0000000E-015
10.904	1.0000000E-015
10.905	1.0000000E-015
10.906	1.0000000E-015
10.907	1.0000000E-015
10.908	1.0000000E-015
10.909	1.0000000E-015
10.91	1.0000000E-015
10.911	1.0000000E-015
10.912	1.0000000E-015
10.913	1.0000000E-015
10.914	1.0000000E-015
10.915	1.0000000E-015
10.916	1.0000000E-015
10.917	1.0000000E-015
10.918	1.0000000E-015
10.919	1.0000000E-015
10.92	1.0000000E-015
10.921	1.0000000E-015
10.922	1.0000000E-015
10.923	1.0000000E-015
10.924	1.0000000E-015
10.925	1.0000000E-015
10.926	1.0000000E-015
10.927	1.0000000E-015
10.928	1.0000000E-015
10.929	1.0000000E-015
10.93	1.0000000E-015
10.931	1.0000000E-015
10.932	1.0000000E-015
10.933	1.0000000E-015
10.934	1.0000000E-015
10.935	1.0000000E-015
10.936	1.0000000E-015
10.937	1.0000000E-015
10.938	1.0000000E-015
10.939	1.0000000E-015
10.94	1.0000000E-015
10.941	1.0000000E-015
10.942	1.0000000E-015
10.943	1.0000000E-015
10.944	1.0000000E-015
10.945	1.0000000E-015
10.946	1.0000000E-015
10.947	1.0000000E-015
10.948	1.0000000E-015
10.949	1.0000000E-015
10.95	1.0000000E-015
10.951	1.0000000E-015
10.952	1.0000000E-015
10.953	1.0000000E-015
10.954	1.0000000E-015
10.955	1.0000000E-015
10.956	1.0000000E-015
10.957	1.0000000E-015
10.958	1.0000000E-015
10.959	1.0000000E-015
10.96	1.0000000E-015
10.961	1.0000000E-015
10.962	1.0000000E-015
10.963	1.0000000E-015
10.964	1.0000000E-015
10.965	1.0000000E-015
10.966	1.0000000E-015
10.967	1.0000000E-015
10.968	1.0000000E-015
10.969	1.0000000E-015
10.97	1.0000000E-015
10.971	1.0000000E-015
10.972	1.0000000E-015
10.973	1.0000000E-015
10.974	1.0000000E-015
10.975	1.0000000E-015
10.976	1.0000000E-015
10.977	1.0000000E-015
10.978	1.0000000E-015
10.979	1.0000000E-015
10.98	1.0000000E-015
10.981	1.0000000E-015
10.982	1.0000000E-015
10.983	1.0000000E-015
10.984	1.0000000E-015
10.985	1.0000000E-015
10.986	1.0000000E-015
10.987	1.0000000E-015
10.988	1.0000000E-015
10.989	1.0000000E-015
10.99	1.0000000E-015
10.991	1.0000000E-015
10.992	1.0000000E-015
10.993	1.0000000E-015
10.994	1.0000000E-015
10.995	1.0000000E-015
10.996	1.0000000E-015
10.997	1.0000000E-015
10.998	1.0000000E-015
10.999	1.0000000E-015
11	1.0000000E-015
11.001	1.0000000E-015
11.002	1.0000000E-015
11.003	1.0000000E-015
11.004	1.0000000E-015
11.005	1.0000000E-015
11.006	1.0000000E-015
11.007	1.0000000E-015
11.008	1.0000000E-015
11.009	1.0000000E-015
11.01	1.0000000E-015
11.011	1.0000000E-015
11.012	1.0000000E-015
11.013	1.0000000E-015
11.014	1.0000000E-015
11.015	1.0000000E-015
11.016	1.0000000E-015
11.017	1.0000000E-015
11.018	1.0000000E-015
11.019	1.0000000E-015
11.02	1.0000000E-015
11.021	1.0000000E-015
11.022	1.0000000E-015
11.023	1.0000000E-015
11.024	1.0000000E-015
11.025	1.0000000E-015
11.026	1.0000000E-015
11.027	1.0000000E-015
11.028	1.0000000E-015
11.029	1.0000000E-015
11.03	1.0000000E-015
11.031	1.0000000E-015
11.032	1.0000000E-015
11.033	1.0000000E-015
11.034	1.0000000E-015
11.035	1.0000000E-015
11.036	1.0000000E-015
11.037	1.0000000E-015
11.038	1.0000000E-015
11.039	1.0000000E-015
11.04	1.0000000E-015
11.041	1.0000000E-015
11.042	1.0000000E-015
11.043	1.0000000E-015
11.044	1.0000000E-015
11.045	1.0000000E-015
11.046	1.0000000E-015
11.047	1.0000000E-015
11.048	1.0000000E-015
11.049	1.0000000E-015
11.05	1.0000000E-015
11.051	1.0000000E-015
11.052	1.0000000E-015
11.053	1.0000000E-015
11.054	1.0000000E-015
11.055	1.0000000E-015
11.056	1.0000000E-015
11.057	1.0000000E-015
11.058	1.0000000E-015
11.059	1.0000000E-015
11.06	1.0000000E-015
11.061	1.0000000E-015
11.062	1.0000000E-015
11.063	1.0000000E-015
11.064	1.0000000E-015
11.065	1.0000000E-015
11.066	1.0000000E-015
11.067	1.0000000E-015
11.068	1.0000000E-015
11.069	1.0000000E-015
11.07	1.0000000E-015
11.071	1.0000000E-015
11.072	1.0000000E-015
11.073	1.0000000E-015
11.074	1.0000000E-015
11.075	1.0000000E-015
11.076	1.0000000E-015
11.077	1.0000000E-015
11.078	1.0000000E-015
11.079	1.0000000E-015
11.08	1.0000000E-015
11.081	1.0000000E-015
11.082	1.0000000E-015
11.083	1.0000000E-015
11.084	1.0000000E-015
11.085	1.0000000E-015
11.086	1.0000000E-015
11.087	1.0000000E-015
11.088	1.0000000E-015
11.089	1.0000000E-015
11.09	1.0000000E-015
11.091	1.0000000E-015
11.092	1.0000000E-015
11.093	1.0000000E-015
11.094	1.0000000E-015
11.095	1.0000000E-015
11.096	1.0000000E-015
11.097	1.0000000E-015
11.098	1.0000000E-015
11.099	1.0000000E-015
11.1	1.0000000E-015
11.101	1.0000000E-015
11.102	1.0000000E-015
11.103	1.0000000E-015
11.104	1.0000000E-015
11.105	1.0000000E-015
11.106	1.0000000E-015
11.107	1.0000000E-015
11.108	1.0000000E-015
11.109	1.0000000E-015
11.11	1.0000000E-015
11.111	1.0000000E-015
11.112	1.0000000E-015
11.113	1.0000000E-015
11.114	1.0000000E-015
11.115	1.0000000E-015
11.116	1.0000000E-015
11.117	1.0000000E-015
11.118	1.0000000E-015
11.119	1.0000000E-015
11.12	1.0000000E-015
11.121	1.0000000E-015
11.122	1.0000000E-015
11.123	1.0000000E-015
11.124	1.0000000E-015
11.125	1.0000000E-015
11.126	1.0000000E-015
11.127	1.0000000E-015
11.128	1.0000000E-015
11.129	1.0000000E-015
11.13	1.0000000E-015
11.131	1.0000000E-015
11.132	1.0000000E-015
11.133	1.0000000E-015
11.134	1.0000000E-015
11.135	1.0000000E-015
11.136	1.0000000E-015
11.137	1.0000000E-015
11.138	1.0000000E-015
11.139	1.0000000E-015
11.14	1.0000000E-015
11.141	1.0000000E-015
11.142	1.0000000E-015
11.143	1.0000000E-015
11.144	1.0000000E-015
11.145	1.0000000E-015
11.146	1.0000000E-015
11.147	1.0000000E-015
11.148	1.0000000E-015
11.149	1.0000000E-015
11.15	1.0000000E-015
11.151	1.0000000E-015
11.152	1.0000000E-015
11.153	1.0000000E-015
11.154	1.0000000E-015
11.155	1.0000000E-015
11.156	1.0000000E-015
11.157	1.0000000E-015
11.158	1.0000000E-015
11.159	1.0000000E-015
11.16	1.0000000E-015
11.161	1.0000000E-015
11.162	1.0000000E-015
11.163	1.0000000E-015
11.164	1.0000000E-015
11.165	1.0000000E-015
11.166	1.0000000E-015
11.167	1.0000000E-015
11.168	1.0000000E-015
11.169	1.0000000E-015
11.17	1.0000000E-015
11.171	1.0000000E-015
11.172	1.0000000E-015
11.173	1.0000000E-015
11.174	1.0000000E-015
11.175	1.0000000E-015
11.176	1.0000000E-015
11.177	1.0000000E-015
11.178	1.0000000E-015
11.179	1.0000000E-015
11.18	1.0000000E-015
11.181	1.0000000E-015
11.182	1.0000000E-015
11.183	1.0000000E-015
11.184	1.0000000E-015
11.185	1.0000000E-015
11.186	1.0000000E-015
11.187	1.0000000E-015
11.188	1.0000000E-015
11.189	1.0000000E-015
11.19	1.0000000E-015
11.191	1.0000000E-015
11.192	1.0000000E-015
11.193	1.0000000E-015
11.194	1.0000000E-015
11.195	1.0000000E-015
11.196	1.0000000E-015
11.197	1.0000000E-015
11.198	1.0000000E-015
11.199	1.0000000E-015
11.2	1.0000000E-015
11.201	1.0000000E-015
11.202	1.0000000E-015
11.203	1.0000000E-015
11.204	1.0000000E-015
11.205	1.0000000E-015
11.206	1.0000000E-015
11.207	1.0000000E-015
11.208	1.0000000E-015
11.209	1.0000000E-015
11.21	1.0000000E-015
11.211	1.0000000E-015
11.212	1.0000000E-015
11.213	1.0000000E-015
11.214	1.0000000E-015
11.215	1.0000000E-015
11.216	1.0000000E-015
11.217	1.0000000E-015
11.218	1.0000000E-015
11.219	1.0000000E-015
11.22	1.0000000E-015
11.221	1.0000000E-015
11.222	1.0000000E-015
11.223	1.0000000E-015
11.224	1.0000000E-015
11.225	1.0000000E-015
11.226	1.0000000E-015
11.227	1.0000000E-015
11.228	1.0000000E-015
11.229	1.0000000E-015
11.23	1.0000000E-015
11.231	1.0000000E-015
11.232	1.0000000E-015
11.233	1.0000000E-015
11.234	1.0000000E-015
11.235	1.0000000E-015
11.236	1.0000000E-015
11.237	1.0000000E-015
11.238	1.0000000E-015
11.239	1.0000000E-015
11.24	1.0000000E-015
11.241	1.0000000E-015
11.242	1.0000000E-015
11.243	1.0000000E-015
11.244	1.0000000E-015
11.245	1.0000000E-015
11.246	1.0000000E-015
11.247	1.0000000E-015
11.248	1.0000000E-015
11.249	1.0000000E-015
11.25	1.0000000E-015
11.251	1.0000000E-015
11.252	1.0000000E-015
11.253	1.0000000E-015
11.254	1.0000000E-015
11.255	1.0000000E-015
11.256	1.0000000E-015
11.257	1.0000000E-015
11.258	1.0000000E-015
11.259	1.0000000E-015
11.26	1.0000000E-015
11.261	1.0000000E-015
11.262	1.0000000E-015
11.263	1.0000000E-015
11.264	1.0000000E-015
11.265	1.0000000E-015
11.266	1.0000000E-015
11.267	1.0000000E-015
11.268	1.0000000E-015
11.269	1.0000000E-015
11.27	1.0000000E-015
11.271	1.0000000E-015
11.272	1.0000000E-015
11.273	1.0000000E-015
11.274	1.0000000E-015
11.275	1.0000000E-015
11.276	1.0000000E-015
11.277	1.0000000E-015
11.278	1.0000000E-015
11.279	1.0000000E-015
11.28	1.0000000E-015
11.281	1.0000000E-015
11.282	1.0000000E-015
11.283	1.0000000E-015
11.284	1.0000000E-015
11.285	1.0000000E-015
11.286	1.0000000E-015
11.287	1.0000000E-015
11.288	1.0000000E-015
11.289	1.0000000E-015
11.29	1.0000000E-015
11.291	1.0000000E-015
11.292	1.0000000E-015
11.293	1.0000000E-015
11.294	1.0000000E-015
11.295	1.0000000E-015
11.296	1.0000000E-015
11.297	1.0000000E-015
11.298	1.0000000E-015
11.299	1.0000000E-015
11.3	1.0000000E-015
11.301	1.0000000E-015
11.302	1.0000000E-015
11.303	1.0000000E-015
11.304	1.0000000E-015
11.305	1.0000000E-015
11.306	1.0000000E-015
11.307	1.0000000E-015
11.308	1.0000000E-015
11.309	1.0000000E-015
11.31	1.0000000E-015
11.311	1.0000000E-015
11.312	1.0000000E-015
11.313	1.0000000E-015
11.314	1.0000000E-015
11.315	1.0000000E-015
11.316	1.0000000E-015
11.317	1.0000000E-015
11.318	1.0000000E-015
11.319	1.0000000E-015
11.32	1.0000000E-015
11.321	1.0000000E-015
11.322	1.0000000E-015
11.323	1.0000000E-015
11.324	1.0000000E-015
11.325	1.0000000E-015
11.326	1.0000000E-015
11.327	1.0000000E-015
11.328	1.0000000E-015
11.329	1.0000000E-015
11.33	1.0000000E-015
11.331	1.0000000E-015
11.332	1.0000000E-015
11.333	1.0000000E-015
11.334	1.0000000E-015
11.335	1.0000000E-015
11.336	1.0000000E-015
11.337	1.0000000E-015
11.338	1.0000000E-015
11.339	1.0000000E-015
11.34	1.0000000E-015
11.341	1.0000000E-015
11.342	1.0000000E-015
11.343	1.0000000E-015
11.344	1.0000000E-015
11.345	1.0000000E-015
11.346	1.0000000E-015
11.347	1.0000000E-015
11.348	1.0000000E-015
11.349	1.0000000E-015
11.35	1.0000000E-015
11.351	1.0000000E-015
11.352	1.0000000E-015
11.353	1.0000000E-015
11.354	1.0000000E-015
11.355	1.0000000E-015
11.356	1.0000000E-015
11.357	1.0000000E-015
11.358	1.0000000E-015
11.359	1.0000000E-015
11.36	1.0000000E-015
11.361	1.0000000E-015
11.362	1.0000000E-015
11.363	1.0000000E-015
11.364	1.0000000E-015
11.365	1.0000000E-015
11.366	1.0000000E-015
11.367	1.0000000E-015
11.368	1.0000000E-015
11.369	1.0000000E-015
11.37	1.0000000E-015
11.371	1.0000000E-015
11.372	1.0000000E-015
11.373	1.0000000E-015
11.374	1.0000000E-015
11.375	1.0000000E-015
11.376	1.0000000E-015
11.377	1.0000000E-015
11.378	1.0000000E-015
11.379	1.0000000E-015
11.38	1.0000000E-015
11.381	1.0000000E-015
11.382	1.0000000E-015
11.383	1.0000000E-015
11.384	1.0000000E-015
11.385	1.0000000E-015
11.386	1.0000000E-015
11.387	1.0000000E-015
11.388	1.0000000E-015
11.389	1.0000000E-015
11.39	1.0000000E-015
11.391	1.0000000E-015
11.392	1.0000000E-015
11.393	1.0000000E-015
11.394	1.0000000E-015
11.395	1.0000000E-015
11.396	1.0000000E-015
11.397	1.0000000E-015
11.398	1.0000000E-015
11.399	1.0000000E-015
11.4	1.0000000E-015
11.401	1.0000000E-015
11.402	1.0000000E-015
11.403	1.0000000E-015
11.404	1.0000000E-015
11.405	1.0000000E-015
11.406	1.0000000E-015
11.407	1.0000000E-015
11.408	1.0000000E-015
11.409	1.0000000E-015
11.41	1.0000000E-015
11.411	1.0000000E-015
11.412	1.0000000E-015
11.413	1.0000000E-015
11.414	1.0000000E-015
11.415	1.0000000E-015
11.416	1.0000000E-015
11.417	1.0000000E-015
11.418	1.0000000E-015
11.419	1.0000000E-015
11.42	1.0000000E-015
11.421	1.0000000E-015
11.422	1.0000000E-015
11.423	1.0000000E-015
11.424	1.0000000E-015
11.425	1.0000000E-015
11.426	1.0000000E-015
11.427	1.0000000E-015
11.428	1.0000000E-015
11.429	1.0000000E-015
11.43	1.0000000E-015
11.431	1.0000000E-015
11.432	1.0000000E-015
11.433	1.0000000E-015
11.434	1.0000000E-015
11.435	1.0000000E-015
11.436	1.0000000E-015
11.437	1.0000000E-015
11.438	1.0000000E-015
11.439	1.0000000E-015
11.44	1.0000000E-015
11.441	1.0000000E-015
11.442	1.0000000E-015
11.443	1.0000000E-015
11.444	1.0000000E-015
11.445	1.0000000E-015
11.446	1.0000000E-015
11.447	1.0000000E-015
11.448	1.0000000E-015
11.449	1.0000000E-015
11.45	1.0000000E-015
11.451	1.0000000E-015
11.452	1.0000000E-015
11.453	1.0000000E-015
11.454	1.0000000E-015
11.455	1.0000000E-015
11.456	1.0000000E-015
11.457	1.0000000E-015
11.458	1.0000000E-015
11.459	1.0000000E-015
11.46	1.0000000E-015
11.461	1.0000000E-015
11.462	1.0000000E-015
11.463	1.0000000E-015
11.464	1.0000000E-015
11.465	1.0000000E-015
11.466	1.0000000E-015
11.467	1.0000000E-015
11.468	1.0000000E-015
11.469	1.0000000E-015
11.47	1.0000000E-015
11.471	1.0000000E-015
11.472	1.0000000E-015
11.473	1.0000000E-015
11.474	1.0000000E-015
11.475	1.0000000E-015
11.476	1.0000000E-015
11.477	1.0000000E-015
11.478	1.0000000E-015
11.479	1.0000000E-015
11.48	1.0000000E-015
11.481	1.0000000E-015
11.482	1.0000000E-015
11.483	1.0000000E-015
11.484	1.0000000E-015
11.485	1.0000000E-015
11.486	1.0000000E-015
11.487	1.0000000E-015
11.488	1.0000000E-015
11.489	1.0000000E-015
11.49	1.0000000E-015
11.491	1.0000000E-015
11.492	1.0000000E-015
11.493	1.0000000E-015
11.494	1.0000000E-015
11.495	1.0000000E-015
11.496	1.0000000E-015
11.497	1.0000000E-015
11.498	1.0000000E-015
11.499	1.0000000E-015
11.5	1.0000000E-015
11.501	1.0000000E-015
11.502	1.0000000E-015
11.503	1.0000000E-015
11.504	1.0000000E-015
11.505	1.0000000E-015
11.506	1.0000000E-015
11.507	1.0000000E-015
11.508	1.0000000E-015
11.509	1.0000000E-015
11.51	1.0000000E-015
11.511	1.0000000E-015
11.512	1.0000000E-015
11.513	1.0000000E-015
11.514	1.0000000E-015
11.515	1.0000000E-015
11.516	1.0000000E-015
11.517	1.0000000E-015
11.518	1.0000000E-015
11.519	1.0000000E-015
11.52	1.0000000E-015
11.521	1.0000000E-015
11.522	1.0000000E-015
11.523	1.0000000E-015
11.524	1.0000000E-015
11.525	1.0000000E-015
11.526	1.0000000E-015
11.527	1.0000000E-015
11.528	1.0000000E-015
11.529	1.0000000E-015
11.53	1.0000000E-015
11.531	1.0000000E-015
11.532	1.0000000E-015
11.533	1.0000000E-015
11.534	1.0000000E-015
11.535	1.0000000E-015
11.536	1.0000000E-015
11.537	1.0000000E-015
11.538	1.0000000E-015
11.539	1.0000000E-015
11.54	1.0000000E-015
11.541	1.0000000E-015
11.542	1.0000000E-015
11.543	1.0000000E-015
11.544	1.0000000E-015
11.545	1.0000000E-015
11.546	1.0000000E-015
11.547	1.0000000E-015
11.548	1.0000000E-015
11.549	1.0000000E-015
11.55	1.0000000E-015
11.551	1.0000000E-015
11.552	1.0000000E-015
11.553	1.0000000E-015
11.554	1.0000000E-015
11.555	1.0000000E-015
11.556	1.0000000E-015
11.557	1.0000000E-015
11.558	1.0000000E-015
11.559	1.0000000E-015
11.56	1.0000000E-015
11.561	1.0000000E-015
11.562	1.0000000E-015
11.563	1.0000000E-015
11.564	1.0000000E-015
11.565	1.0000000E-015
11.566	1.0000000E-015
11.567	1.0000000E-015
11.568	1.0000000E-015
11.569	1.0000000E-015
11.57	1.0000000E-015
11.571	1.0000000E-015
11.572	1.0000000E-015
11.573	1.0000000E-015
11.574	1.0000000E-015
11.575	1.0000000E-015
11.576	1.0000000E-015
11.577	1.0000000E-015
11.578	1.0000000E-015
11.579	1.0000000E-015
11.58	1.0000000E-015
11.581	1.0000000E-015
11.582	1.0000000E-015
11.583	1.0000000E-015
11.584	1.0000000E-015
11.585	1.0000000E-015
11.586	1.0000000E-015
11.587	1.0000000E-015
11.588	1.0000000E-015
11.589	1.0000000E-015
11.59	1.0000000E-015
11.591	1.0000000E-015
11.592	1.0000000E-015
11.593	1.0000000E-015
11.594	1.0000000E-015
11.595	1.0000000E-015
11.596	1.0000000E-015
11.597	1.0000000E-015
11.598	1.0000000E-015
11.599	1.0000000E-015
11.6	1.0000000E-015
11.601	1.0000000E-015
11.602	1.0000000E-015
11.603	1.0000000E-015
11.604	1.0000000E-015
11.605	1.0000000E-015
11.606	1.0000000E-015
11.607	1.0000000E-015
11.608	1.0000000E-015
11.609	1.0000000E-015
11.61	1.0000000E-015
11.611	1.0000000E-015
11.612	1.0000000E-015
11.613	1.0000000E-015
11.614	1.0000000E-015
11.615	1.0000000E-015
11.616	1.0000000E-015
11.617	1.0000000E-015
11.618	1.0000000E-015
11.619	1.0000000E-015
11.62	1.0000000E-015
11.621	1.0000000E-015
11.622	1.0000000E-015
11.623	1.0000000E-015
11.624	1.0000000E-015
11.625	1.0000000E-015
11.626	1.0000000E-015
11.627	1.0000000E-015
11.628	1.0000000E-015
11.629	1.0000000E-015
11.63	1.0000000E-015
11.631	1.0000000E-015
11.632	1.0000000E-015
11.633	1.0000000E-015
11.634	1.0000000E-015
11.635	1.0000000E-015
11.636	1.0000000E-015
11.637	1.0000000E-015
11.638	1.0000000E-015
11.639	1.0000000E-015
11.64	1.0000000E-015
11.641	1.0000000E-015
11.642	1.0000000E-015
11.643	1.0000000E-015
11.644	1.0000000E-015
11.645	1.0000000E-015
11.646	1.0000000E-015
11.647	1.0000000E-015
11.648	1.0000000E-015
11.649	1.0000000E-015
11.65	1.0000000E-015
11.651	1.0000000E-015
11.652	1.0000000E-015
11.653	1.0000000E-015
11.654	1.0000000E-015
11.655	1.0000000E-015
11.656	1.0000000E-015
11.657	1.0000000E-015
11.658	1.0000000E-015
11.659	1.0000000E-015
11.66	1.0000000E-015
11.661	1.0000000E-015
11.662	1.0000000E-015
11.663	1.0000000E-015
11.664	1.0000000E-015
11.665	1.0000000E-015
11.666	1.0000000E-015
11.667	1.0000000E-015
11.668	1.0000000E-015
11.669	1.0000000E-015
11.67	1.0000000E-015
11.671	1.0000000E-015
11.672	1.0000000E-015
11.673	1.0000000E-015
11.674	1.0000000E-015
11.675	1.0000000E-015
11.676	1.0000000E-015
11.677	1.0000000E-015
11.678	1.0000000E-015
11.679	1.0000000E-015
11.68	1.0000000E-015
11.681	1.0000000E-015
11.682	1.0000000E-015
11.683	1.0000000E-015
11.684	1.0000000E-015
11.685	1.0000000E-015
11.686	1.0000000E-015
11.687	1.0000000E-015
11.688	1.0000000E-015
11.689	1.0000000E-015
11.69	1.0000000E-015
11.691	1.0000000E-015
11.692	1.0000000E-015
11.693	1.0000000E-015
11.694	1.0000000E-015
11.695	1.0000000E-015
11.696	1.0000000E-015
11.697	1.0000000E-015
11.698	1.0000000E-015
11.699	1.0000000E-015
11.7	1.0000000E-015
11.701	1.0000000E-015
11.702	1.0000000E-015
11.703	1.0000000E-015
11.704	1.0000000E-015
11.705	1.0000000E-015
11.706	1.0000000E-015
11.707	1.0000000E-015
11.708	1.0000000E-015
11.709	1.0000000E-015
11.71	1.0000000E-015
11.711	1.0000000E-015
11.712	1.0000000E-015
11.713	1.0000000E-015
11.714	1.0000000E-015
11.715	1.0000000E-015
11.716	1.0000000E-015
11.717	1.0000000E-015
11.718	1.0000000E-015
11.719	1.0000000E-015
11.72	1.0000000E-015
11.721	1.0000000E-015
11.722	1.0000000E-015
11.723	1.0000000E-015
11.724	1.0000000E-015
11.725	1.0000000E-015
11.726	1.0000000E-015
11.727	1.0000000E-015
11.728	1.0000000E-015
11.729	1.0000000E-015
11.73	1.0000000E-015
11.731	1.0000000E-015
11.732	1.0000000E-015
11.733	1.0000000E-015
11.734	1.0000000E-015
11.735	1.0000000E-015
11.736	1.0000000E-015
11.737	1.0000000E-015
11.738	1.0000000E-015
11.739	1.0000000E-015
11.74	1.0000000E-015
11.741	1.0000000E-015
11.742	1.0000000E-015
11.743	1.0000000E-015
11.744	1.0000000E-015
11.745	1.0000000E-015
11.746	1.0000000E-015
11.747	1.0000000E-015
11.748	1.0000000E-015
11.749	1.0000000E-015
11.75	1.0000000E-015
11.751	1.0000000E-015
11.752	1.0000000E-015
11.753	1.0000000E-015
11.754	1.0000000E-015
11.755	1.0000000E-015
11.756	1.0000000E-015
11.757	1.0000000E-015
11.758	1.0000000E-015
11.759	1.0000000E-015
11.76	1.0000000E-015
11.761	1.0000000E-015
11.762	1.0000000E-015
11.763	1.0000000E-015
11.764	1.0000000E-015
11.765	1.0000000E-015
11.766	1.0000000E-015
11.767	1.0000000E-015
11.768	1.0000000E-015
11.769	1.0000000E-015
11.77	1.0000000E-015
11.771	1.0000000E-015
11.772	1.0000000E-015
11.773	1.0000000E-015
11.774	1.0000000E-015
11.775	1.0000000E-015
11.776	1.0000000E-015
11.777	1.0000000E-015
11.778	1.0000000E-015
11.779	1.0000000E-015
11.78	1.0000000E-015
11.781	1.0000000E-015
11.782	1.0000000E-015
11.783	1.0000000E-015
11.784	1.0000000E-015
11.785	1.0000000E-015
11.786	1.0000000E-015
11.787	1.0000000E-015
11.788	1.0000000E-015
11.789	1.0000000E-015
11.79	1.0000000E-015
11.791	1.0000000E-015
11.792	1.0000000E-015
11.793	1.0000000E-015
11.794	1.0000000E-015
11.795	1.0000000E-015
11.796	1.0000000E-015
11.797	1.0000000E-015
11.798	1.0000000E-015
11.799	1.0000000E-015
11.8	1.0000000E-015
11.801	1.0000000E-015
11.802	1.0000000E-015
11.803	1.0000000E-015
11.804	1.0000000E-015
11.805	1.0000000E-015
11.806	1.0000000E-015
11.807	1.0000000E-015
11.808	1.0000000E-015
11.809	1.0000000E-015
11.81	1.0000000E-015
11.811	1.0000000E-015
11.812	1.0000000E-015
11.813	1.0000000E-015
11.814	1.0000000E-015
11.815	1.0000000E-015
11.816	1.0000000E-015
11.817	1.0000000E-015
11.818	1.0000000E-015
11.819	1.0000000E-015
11.82	1.0000000E-015
11.821	1.0000000E-015
11.822	1.0000000E-015
11.823	1.0000000E-015
11.824	1.0000000E-015
11.825	1.0000000E-015
11.826	1.0000000E-015
11.827	1.0000000E-015
11.828	1.0000000E-015
11.829	1.0000000E-015
11.83	1.0000000E-015
11.831	1.0000000E-015
11.832	1.0000000E-015
11.833	1.0000000E-015
11.834	1.0000000E-015
11.835	1.0000000E-015
11.836	1.0000000E-015
11.837	1.0000000E-015
11.838	1.0000000E-015
11.839	1.0000000E-015
11.84	1.0000000E-015
11.841	1.0000000E-015
11.842	1.0000000E-015
11.843	1.0000000E-015
11.844	1.0000000E-015
11.845	1.0000000E-015
11.846	1.0000000E-015
11.847	1.0000000E-015
11.848	1.0000000E-015
11.849	1.0000000E-015
11.85	1.0000000E-015
11.851	1.0000000E-015
11.852	1.0000000E-015
11.853	1.0000000E-015
11.854	1.0000000E-015
11.855	1.0000000E-015
11.856	1.0000000E-015
11.857	1.0000000E-015
11.858	1.0000000E-015
11.859	1.0000000E-015
11.86	1.0000000E-015
11.861	1.0000000E-015
11.862	1.0000000E-015
11.863	1.0000000E-015
11.864	1.0000000E-015
11.865	1.0000000E-015
11.866	1.0000000E-015
11.867	1.0000000E-015
11.868	1.0000000E-015
11.869	1.0000000E-015
11.87	1.0000000E-015
11.871	1.0000000E-015
11.872	1.0000000E-015
11.873	1.0000000E-015
11.874	1.0000000E-015
11.875	1.0000000E-015
11.876	1.0000000E-015
11.877	1.0000000E-015
11.878	1.0000000E-015
11.879	1.0000000E-015
11.88	1.0000000E-015
11.881	1.0000000E-015
11.882	1.0000000E-015
11.883	1.0000000E-015
11.884	1.0000000E-015
11.885	1.0000000E-015
11.886	1.0000000E-015
11.887	1.0000000E-015
11.888	1.0000000E-015
11.889	1.0000000E-015
11.89	1.0000000E-015
11.891	1.0000000E-015
11.892	1.0000000E-015
11.893	1.0000000E-015
11.894	1.0000000E-015
11.895	1.0000000E-015
11.896	1.0000000E-015
11.897	1.0000000E-015
11.898	1.0000000E-015
11.899	1.0000000E-015
11.9	1.0000000E-015
11.901	1.0000000E-015
11.902	1.0000000E-015
11.903	1.0000000E-015
11.904	1.0000000E-015
11.905	1.0000000E-015
11.906	1.0000000E-015
11.907	1.0000000E-015
11.908	1.0000000E-015
11.909	1.0000000E-015
11.91	1.0000000E-015
11.911	1.0000000E-015
11.912	1.0000000E-015
11.913	1.0000000E-015
11.914	1.0000000E-015
11.915	1.0000000E-015
11.916	1.0000000E-015
11.917	1.0000000E-015
11.918	1.0000000E-015
11.919	1.0000000E-015
11.92	1.0000000E-015
11.921	1.0000000E-015
11.922	1.0000000E-015
11.923	1.0000000E-015
11.924	1.0000000E-015
11.925	1.0000000E-015
11.926	1.0000000E-015
11.927	1.0000000E-015
11.928	1.0000000E-015
11.929	1.0000000E-015
11.93	1.0000000E-015
11.931	1.0000000E-015
11.932	1.0000000E-015
11.933	1.0000000E-015
11.934	1.0000000E-015
11.935	1.0000000E-015
11.936	1.0000000E-015
11.937	1.0000000E-015
11.938	1.0000000E-015
11.939	1.0000000E-015
11.94	1.0000000E-015
11.941	1.0000000E-015
11.942	1.0000000E-015
11.943	1.0000000E-015
11.944	1.0000000E-015
11.945	1.0000000E-015
11.946	1.0000000E-015
11.947	1.0000000E-015
11.948	1.0000000E-015
11.949	1.0000000E-015
11.95	1.0000000E-015
11.951	1.0000000E-015
11.952	1.0000000E-015
11.953	1.0000000E-015
11.954	1.0000000E-015
11.955	1.0000000E-015
11.956	1.0000000E-015
11.957	1.0000000E-015
11.958	1.0000000E-015
11.959	1.0000000E-015
11.96	1.0000000E-015
11.961	1.0000000E-015
11.962	1.0000000E-015
11.963	1.0000000E-015
11.964	1.0000000E-015
11.965	1.0000000E-015
11.966	1.0000000E-015
11.967	1.0000000E-015
11.968	1.0000000E-015
11.969	1.0000000E-015
11.97	1.0000000E-015
11.971	1.0000000E-015
11.972	1.0000000E-015
11.973	1.0000000E-015
11.974	1.0000000E-015
11.975	1.0000000E-015
11.976	1.0000000E-015
11.977	1.0000000E-015
11.978	1.0000000E-015
11.979	1.0000000E-015
11.98	1.0000000E-015
11.981	1.0000000E-015
11.982	1.0000000E-015
11.983	1.0000000E-015
11.984	1.0000000E-015
11.985	1.0000000E-015
11.986	1.0000000E-015
11.987	1.0000000E-015
11.988	1.0000000E-015
11.989	1.0000000E-015
11.99	1.0000000E-015
11.991	1.0000000E-015
11.992	1.0000000E-015
11.993	1.0000000E-015
11.994	1.0000000E-015
11.995	1.0000000E-015
11.996	1.0000000E-015
11.997	1.0000000E-015
11.998	1.0000000E-015
11.999	1.0000000E-015
12	1.0000000E-015
12.001	1.0000000E-015
12.002	1.0000000E-015
12.003	1.0000000E-015
12.004	1.0000000E-015
12.005	1.0000000E-015
12.006	1.0000000E-015
12.007	1.0000000E-015
12.008	1.0000000E-015
12.009	1.0000000E-015
12.01	1.0000000E-015
12.011	1.0000000E-015
12.012	1.0000000E-015
12.013	1.0000000E-015
12.014	1.0000000E-015
12.015	1.0000000E-015
12.016	1.0000000E-015
12.017	1.0000000E-015
12.018	1.0000000E-015
12.019	1.0000000E-015
12.02	1.0000000E-015
12.021	1.0000000E-015
12.022	1.0000000E-015
12.023	1.0000000E-015
12.024	1.0000000E-015
12.025	1.0000000E-015
12.026	1.0000000E-015
12.027	1.0000000E-015
12.028	1.0000000E-015
12.029	1.0000000E-015
12.03	1.0000000E-015
12.031	1.0000000E-015
12.032	1.0000000E-015
12.033	1.0000000E-015
12.034	1.0000000E-015
12.035	1.0000000E-015
12.036	1.0000000E-015
12.037	1.0000000E-015
12.038	1.0000000E-015
12.039	1.0000000E-015
12.04	1.0000000E-015
12.041	1.0000000E-015
12.042	1.0000000E-015
12.043	1.0000000E-015
12.044	1.0000000E-015
12.045	1.0000000E-015
12.046	1.0000000E-015
12.047	1.0000000E-015
12.048	1.0000000E-015
12.049	1.0000000E-015
12.05	1.0000000E-015
12.051	1.0000000E-015
12.052	1.0000000E-015
12.053	1.0000000E-015
12.054	1.0000000E-015
12.055	1.0000000E-015
12.056	1.0000000E-015
12.057	1.0000000E-015
12.058	1.0000000E-015
12.059	1.0000000E-015
12.06	1.0000000E-015
12.061	1.0000000E-015
12.062	1.0000000E-015
12.063	1.0000000E-015
12.064	1.0000000E-015
12.065	1.0000000E-015
12.066	1.0000000E-015
12.067	1.0000000E-015
12.068	1.0000000E-015
12.069	1.0000000E-015
12.07	1.0000000E-015
12.071	1.0000000E-015
12.072	1.0000000E-015
12.073	1.0000000E-015
12.074	1.0000000E-015
12.075	1.0000000E-015
12.076	1.0000000E-015
12.077	1.0000000E-015
12.078	1.0000000E-015
12.079	1.0000000E-015
12.08	1.0000000E-015
12.081	1.0000000E-015
12.082	1.0000000E-015
12.083	1.0000000E-015
12.084	1.0000000E-015
12.085	1.0000000E-015
12.086	1.0000000E-015
12.087	1.0000000E-015
12.088	1.0000000E-015
12.089	1.0000000E-015
12.09	1.0000000E-015
12.091	1.0000000E-015
12.092	1.0000000E-015
12.093	1.0000000E-015
12.094	1.0000000E-015
12.095	1.0000000E-015
12.096	1.0000000E-015
12.097	1.0000000E-015
12.098	1.0000000E-015
12.099	1.0000000E-015
12.1	1.0000000E-015
12.101	1.0000000E-015
12.102	1.0000000E-015
12.103	1.0000000E-015
12.104	1.0000000E-015
12.105	1.0000000E-015
12.106	1.0000000E-015
12.107	1.0000000E-015
12.108	1.0000000E-015
12.109	1.0000000E-015
12.11	1.0000000E-015
12.111	1.0000000E-015
12.112	1.0000000E-015
12.113	1.0000000E-015
12.114	1.0000000E-015
12.115	1.0000000E-015
12.116	1.0000000E-015
12.117	1.0000000E-015
12.118	1.0000000E-015
12.119	1.0000000E-015
12.12	1.0000000E-015
12.121	1.0000000E-015
12.122	1.0000000E-015
12.123	1.0000000E-015
12.124	1.0000000E-015
12.125	1.0000000E-015
12.126	1.0000000E-015
12.127	1.0000000E-015
12.128	1.0000000E-015
12.129	1.0000000E-015
12.13	1.0000000E-015
12.131	1.0000000E-015
12.132	1.0000000E-015
12.133	1.0000000E-015
12.134	1.0000000E-015
12.135	1.0000000E-015
12.136	1.0000000E-015
12.137	1.0000000E-015
12.138	1.0000000E-015
12.139	1.0000000E-015
12.14	1.0000000E-015
12.141	1.0000000E-015
12.142	1.0000000E-015
12.143	1.0000000E-015
12.144	1.0000000E-015
12.145	1.0000000E-015
12.146	1.0000000E-015
12.147	1.0000000E-015
12.148	1.0000000E-015
12.149	1.0000000E-015
12.15	1.0000000E-015
12.151	1.0000000E-015
12.152	1.0000000E-015
12.153	1.0000000E-015
12.154	1.0000000E-015
12.155	1.0000000E-015
12.156	1.0000000E-015
12.157	1.0000000E-015
12.158	1.0000000E-015
12.159	1.0000000E-015
12.16	1.0000000E-015
12.161	1.0000000E-015
12.162	1.0000000E-015
12.163	1.0000000E-015
12.164	1.0000000E-015
12.165	1.0000000E-015
12.166	1.0000000E-015
12.167	1.0000000E-015
12.168	1.0000000E-015
12.169	1.0000000E-015
12.17	1.0000000E-015
12.171	1.0000000E-015
12.172	1.0000000E-015
12.173	1.0000000E-015
12.174	1.0000000E-015
12.175	1.0000000E-015
12.176	1.0000000E-015
12.177	1.0000000E-015
12.178	1.0000000E-015
12.179	1.0000000E-015
12.18	1.0000000E-015
12.181	1.0000000E-015
12.182	1.0000000E-015
12.183	1.0000000E-015
12.184	1.0000000E-015
12.185	1.0000000E-015
12.186	1.0000000E-015
12.187	1.0000000E-015
12.188	1.0000000E-015
12.189	1.0000000E-015
12.19	1.0000000E-015
12.191	1.0000000E-015
12.192	1.0000000E-015
12.193	1.0000000E-015
12.194	1.0000000E-015
12.195	1.0000000E-015
12.196	1.0000000E-015
12.197	1.0000000E-015
12.198	1.0000000E-015
12.199	1.0000000E-015
12.2	1.0000000E-015
12.201	1.0000000E-015
12.202	1.0000000E-015
12.203	1.0000000E-015
12.204	1.0000000E-015
12.205	1.0000000E-015
12.206	1.0000000E-015
12.207	1.0000000E-015
12.208	1.0000000E-015
12.209	1.0000000E-015
12.21	1.0000000E-015
12.211	1.0000000E-015
12.212	1.0000000E-015
12.213	1.0000000E-015
12.214	1.0000000E-015
12.215	1.0000000E-015
12.216	1.0000000E-015
12.217	1.0000000E-015
12.218	1.0000000E-015
12.219	1.0000000E-015
12.22	1.0000000E-015
12.221	1.0000000E-015
12.222	1.0000000E-015
12.223	1.0000000E-015
12.224	1.0000000E-015
12.225	1.0000000E-015
12.226	1.0000000E-015
12.227	1.0000000E-015
12.228	1.0000000E-015
12.229	1.0000000E-015
12.23	1.0000000E-015
12.231	1.0000000E-015
12.232	1.0000000E-015
12.233	1.0000000E-015
12.234	1.0000000E-015
12.235	1.0000000E-015
12.236	1.0000000E-015
12.237	1.0000000E-015
12.238	1.0000000E-015
12.239	1.0000000E-015
12.24	1.0000000E-015
12.241	1.0000000E-015
12.242	1.0000000E-015
12.243	1.0000000E-015
12.244	1.0000000E-015
12.245	1.0000000E-015
12.246	1.0000000E-015
12.247	1.0000000E-015
12.248	1.0000000E-015
12.249	1.0000000E-015
12.25	1.0000000E-015
12.251	1.0000000E-015
12.252	1.0000000E-015
12.253	1.0000000E-015
12.254	1.0000000E-015
12.255	1.0000000E-015
12.256	1.0000000E-015
12.257	1.0000000E-015
12.258	1.0000000E-015
12.259	1.0000000E-015
12.26	1.0000000E-015
12.261	1.0000000E-015
12.262	1.0000000E-015
12.263	1.0000000E-015
12.264	1.0000000E-015
12.265	1.0000000E-015
12.266	1.0000000E-015
12.267	1.0000000E-015
12.268	1.0000000E-015
12.269	1.0000000E-015
12.27	1.0000000E-015
12.271	1.0000000E-015
12.272	1.0000000E-015
12.273	1.0000000E-015
12.274	1.0000000E-015
12.275	1.0000000E-015
12.276	1.0000000E-015
12.277	1.0000000E-015
12.278	1.0000000E-015
12.279	1.0000000E-015
12.28	1.0000000E-015
12.281	1.0000000E-015
12.282	1.0000000E-015
12.283	1.0000000E-015
12.284	1.0000000E-015
12.285	1.0000000E-015
12.286	1.0000000E-015
12.287	1.0000000E-015
12.288	1.0000000E-015
12.289	1.0000000E-015
12.29	1.0000000E-015
12.291	1.0000000E-015
12.292	1.0000000E-015
12.293	1.0000000E-015
12.294	1.0000000E-015
12.295	1.0000000E-015
12.296	1.0000000E-015
12.297	1.0000000E-015
12.298	1.0000000E-015
12.299	1.0000000E-015
12.3	1.0000000E-015
12.301	1.0000000E-015
12.302	1.0000000E-015
12.303	1.0000000E-015
12.304	1.0000000E-015
12.305	1.0000000E-015
12.306	1.0000000E-015
12.307	1.0000000E-015
12.308	1.0000000E-015
12.309	1.0000000E-015
12.31	1.0000000E-015
12.311	1.0000000E-015
12.312	1.0000000E-015
12.313	1.0000000E-015
12.314	1.0000000E-015
12.315	1.0000000E-015
12.316	1.0000000E-015
12.317	1.0000000E-015
12.318	1.0000000E-015
12.319	1.0000000E-015
12.32	1.0000000E-015
12.321	1.0000000E-015
12.322	1.0000000E-015
12.323	1.0000000E-015
12.324	1.0000000E-015
12.325	1.0000000E-015
12.326	1.0000000E-015
12.327	1.0000000E-015
12.328	1.0000000E-015
12.329	1.0000000E-015
12.33	1.0000000E-015
12.331	1.0000000E-015
12.332	1.0000000E-015
12.333	1.0000000E-015
12.334	1.0000000E-015
12.335	1.0000000E-015
12.336	1.0000000E-015
12.337	1.0000000E-015
12.338	1.0000000E-015
12.339	1.0000000E-015
12.34	1.0000000E-015
12.341	1.0000000E-015
12.342	1.0000000E-015
12.343	1.0000000E-015
12.344	1.0000000E-015
12.345	1.0000000E-015
12.346	1.0000000E-015
12.347	1.0000000E-015
12.348	1.0000000E-015
12.349	1.0000000E-015
12.35	1.0000000E-015
12.351	1.0000000E-015
12.352	1.0000000E-015
12.353	1.0000000E-015
12.354	1.0000000E-015
12.355	1.0000000E-015
12.356	1.0000000E-015
12.357	1.0000000E-015
12.358	1.0000000E-015
12.359	1.0000000E-015
12.36	1.0000000E-015
12.361	1.0000000E-015
12.362	1.0000000E-015
12.363	1.0000000E-015
12.364	1.0000000E-015
12.365	1.0000000E-015
12.366	1.0000000E-015
12.367	1.0000000E-015
12.368	1.0000000E-015
12.369	1.0000000E-015
12.37	1.0000000E-015
12.371	1.0000000E-015
12.372	1.0000000E-015
12.373	1.0000000E-015
12.374	1.0000000E-015
12.375	1.0000000E-015
12.376	1.0000000E-015
12.377	1.0000000E-015
12.378	1.0000000E-015
12.379	1.0000000E-015
12.38	1.0000000E-015
12.381	1.0000000E-015
12.382	1.0000000E-015
12.383	1.0000000E-015
12.384	1.0000000E-015
12.385	1.0000000E-015
12.386	1.0000000E-015
12.387	1.0000000E-015
12.388	1.0000000E-015
12.389	1.0000000E-015
12.39	1.0000000E-015
12.391	1.0000000E-015
12.392	1.0000000E-015
12.393	1.0000000E-015
12.394	1.0000000E-015
12.395	1.0000000E-015
12.396	1.0000000E-015
12.397	1.0000000E-015
12.398	1.0000000E-015
12.399	1.0000000E-015
12.4	1.0000000E-015
12.401	1.0000000E-015
12.402	1.0000000E-015
12.403	1.0000000E-015
12.404	1.0000000E-015
12.405	1.0000000E-015
12.406	1.0000000E-015
12.407	1.0000000E-015
12.408	1.0000000E-015
12.409	1.0000000E-015
12.41	1.0000000E-015
12.411	1.0000000E-015
12.412	1.0000000E-015
12.413	1.0000000E-015
12.414	1.0000000E-015
12.415	1.0000000E-015
12.416	1.0000000E-015
12.417	1.0000000E-015
12.418	1.0000000E-015
12.419	1.0000000E-015
12.42	1.0000000E-015
12.421	1.0000000E-015
12.422	1.0000000E-015
12.423	1.0000000E-015
12.424	1.0000000E-015
12.425	1.0000000E-015
12.426	1.0000000E-015
12.427	1.0000000E-015
12.428	1.0000000E-015
12.429	1.0000000E-015
12.43	1.0000000E-015
12.431	1.0000000E-015
12.432	1.0000000E-015
12.433	1.0000000E-015
12.434	1.0000000E-015
12.435	1.0000000E-015
12.436	1.0000000E-015
12.437	1.0000000E-015
12.438	1.0000000E-015
12.439	1.0000000E-015
12.44	1.0000000E-015
12.441	1.0000000E-015
12.442	1.0000000E-015
12.443	1.0000000E-015
12.444	1.0000000E-015
12.445	1.0000000E-015
12.446	1.0000000E-015
12.447	1.0000000E-015
12.448	1.0000000E-015
12.449	1.0000000E-015
12.45	1.0000000E-015
12.451	1.0000000E-015
12.452	1.0000000E-015
12.453	1.0000000E-015
12.454	1.0000000E-015
12.455	1.0000000E-015
12.456	1.0000000E-015
12.457	1.0000000E-015
12.458	1.0000000E-015
12.459	1.0000000E-015
12.46	1.0000000E-015
12.461	1.0000000E-015
12.462	1.0000000E-015
12.463	1.0000000E-015
12.464	1.0000000E-015
12.465	1.0000000E-015
12.466	1.0000000E-015
12.467	1.0000000E-015
12.468	1.0000000E-015
12.469	1.0000000E-015
12.47	1.0000000E-015
12.471	1.0000000E-015
12.472	1.0000000E-015
12.473	1.0000000E-015
12.474	1.0000000E-015
12.475	1.0000000E-015
12.476	1.0000000E-015
12.477	1.0000000E-015
12.478	1.0000000E-015
12.479	1.0000000E-015
12.48	1.0000000E-015
12.481	1.0000000E-015
12.482	1.0000000E-015
12.483	1.0000000E-015
12.484	1.0000000E-015
12.485	1.0000000E-015
12.486	1.0000000E-015
12.487	1.0000000E-015
12.488	1.0000000E-015
12.489	1.0000000E-015
12.49	1.0000000E-015
12.491	1.0000000E-015
12.492	1.0000000E-015
12.493	1.0000000E-015
12.494	1.0000000E-015
12.495	1.0000000E-015
12.496	1.0000000E-015
12.497	1.0000000E-015
12.498	1.0000000E-015
12.499	1.0000000E-015
12.5	1.0000000E-015
12.501	1.0000000E-015
12.502	1.0000000E-015
12.503	1.0000000E-015
12.504	1.0000000E-015
12.505	1.0000000E-015
12.506	1.0000000E-015
12.507	1.0000000E-015
12.508	1.0000000E-015
12.509	1.0000000E-015
12.51	1.0000000E-015
12.511	1.0000000E-015
12.512	1.0000000E-015
12.513	1.0000000E-015
12.514	1.0000000E-015
12.515	1.0000000E-015
12.516	1.0000000E-015
12.517	1.0000000E-015
12.518	1.0000000E-015
12.519	1.0000000E-015
12.52	1.0000000E-015
12.521	1.0000000E-015
12.522	1.0000000E-015
12.523	1.0000000E-015
12.524	1.0000000E-015
12.525	1.0000000E-015
12.526	1.0000000E-015
12.527	1.0000000E-015
12.528	1.0000000E-015
12.529	1.0000000E-015
12.53	1.0000000E-015
12.531	1.0000000E-015
12.532	1.0000000E-015
12.533	1.0000000E-015
12.534	1.0000000E-015
12.535	1.0000000E-015
12.536	1.0000000E-015
12.537	1.0000000E-015
12.538	1.0000000E-015
12.539	1.0000000E-015
12.54	1.0000000E-015
12.541	1.0000000E-015
12.542	1.0000000E-015
12.543	1.0000000E-015
12.544	1.0000000E-015
12.545	1.0000000E-015
12.546	1.0000000E-015
12.547	1.0000000E-015
12.548	1.0000000E-015
12.549	1.0000000E-015
12.55	1.0000000E-015
12.551	1.0000000E-015
12.552	1.0000000E-015
12.553	1.0000000E-015
12.554	1.0000000E-015
12.555	1.0000000E-015
12.556	1.0000000E-015
12.557	1.0000000E-015
12.558	1.0000000E-015
12.559	1.0000000E-015
12.56	1.0000000E-015
12.561	1.0000000E-015
12.562	1.0000000E-015
12.563	1.0000000E-015
12.564	1.0000000E-015
12.565	1.0000000E-015
12.566	1.0000000E-015
12.567	1.0000000E-015
12.568	1.0000000E-015
12.569	1.0000000E-015
12.57	1.0000000E-015
12.571	1.0000000E-015
12.572	1.0000000E-015
12.573	1.0000000E-015
12.574	1.0000000E-015
12.575	1.0000000E-015
12.576	1.0000000E-015
12.577	1.0000000E-015
12.578	1.0000000E-015
12.579	1.0000000E-015
12.58	1.0000000E-015
12.581	1.0000000E-015
12.582	1.0000000E-015
12.583	1.0000000E-015
12.584	1.0000000E-015
12.585	1.0000000E-015
12.586	1.0000000E-015
12.587	1.0000000E-015
12.588	1.0000000E-015
12.589	1.0000000E-015
12.59	1.0000000E-015
12.591	1.0000000E-015
12.592	1.0000000E-015
12.593	1.0000000E-015
12.594	1.0000000E-015
12.595	1.0000000E-015
12.596	1.0000000E-015
12.597	1.0000000E-015
12.598	1.0000000E-015
12.599	1.0000000E-015
12.6	1.0000000E-015
12.601	1.0000000E-015
12.602	1.0000000E-015
12.603	1.0000000E-015
12.604	1.0000000E-015
12.605	1.0000000E-015
12.606	1.0000000E-015
12.607	1.0000000E-015
12.608	1.0000000E-015
12.609	1.0000000E-015
12.61	1.0000000E-015
12.611	1.0000000E-015
12.612	1.0000000E-015
12.613	1.0000000E-015
12.614	1.0000000E-015
12.615	1.0000000E-015
12.616	1.0000000E-015
12.617	1.0000000E-015
12.618	1.0000000E-015
12.619	1.0000000E-015
12.62	1.0000000E-015
12.621	1.0000000E-015
12.622	1.0000000E-015
12.623	1.0000000E-015
12.624	1.0000000E-015
12.625	1.0000000E-015
12.626	1.0000000E-015
12.627	1.0000000E-015
12.628	1.0000000E-015
12.629	1.0000000E-015
12.63	1.0000000E-015
12.631	1.0000000E-015
12.632	1.0000000E-015
12.633	1.0000000E-015
12.634	1.0000000E-015
12.635	1.0000000E-015
12.636	1.0000000E-015
12.637	1.0000000E-015
12.638	1.0000000E-015
12.639	1.0000000E-015
12.64	1.0000000E-015
12.641	1.0000000E-015
12.642	1.0000000E-015
12.643	1.0000000E-015
12.644	1.0000000E-015
12.645	1.0000000E-015
12.646	1.0000000E-015
12.647	1.0000000E-015
12.648	1.0000000E-015
12.649	1.0000000E-015
12.65	1.0000000E-015
12.651	1.0000000E-015
12.652	1.0000000E-015
12.653	1.0000000E-015
12.654	1.0000000E-015
12.655	1.0000000E-015
12.656	1.0000000E-015
12.657	1.0000000E-015
12.658	1.0000000E-015
12.659	1.0000000E-015
12.66	1.0000000E-015
12.661	1.0000000E-015
12.662	1.0000000E-015
12.663	1.0000000E-015
12.664	1.0000000E-015
12.665	1.0000000E-015
12.666	1.0000000E-015
12.667	1.0000000E-015
12.668	1.0000000E-015
12.669	1.0000000E-015
12.67	1.0000000E-015
12.671	1.0000000E-015
12.672	1.0000000E-015
12.673	1.0000000E-015
12.674	1.0000000E-015
12.675	1.0000000E-015
12.676	1.0000000E-015
12.677	1.0000000E-015
12.678	1.0000000E-015
12.679	1.0000000E-015
12.68	1.0000000E-015
12.681	1.0000000E-015
12.682	1.0000000E-015
12.683	1.0000000E-015
12.684	1.0000000E-015
12.685	1.0000000E-015
12.686	1.0000000E-015
12.687	1.0000000E-015
12.688	1.0000000E-015
12.689	1.0000000E-015
12.69	1.0000000E-015
12.691	1.0000000E-015
12.692	1.0000000E-015
12.693	1.0000000E-015
12.694	1.0000000E-015
12.695	1.0000000E-015
12.696	1.0000000E-015
12.697	1.0000000E-015
12.698	1.0000000E-015
12.699	1.0000000E-015
12.7	1.0000000E-015
12.701	1.0000000E-015
12.702	1.0000000E-015
12.703	1.0000000E-015
12.704	1.0000000E-015
12.705	1.0000000E-015
12.706	1.0000000E-015
12.707	1.0000000E-015
12.708	1.0000000E-015
12.709	1.0000000E-015
12.71	1.0000000E-015
12.711	1.0000000E-015
12.712	1.0000000E-015
12.713	1.0000000E-015
12.714	1.0000000E-015
12.715	1.0000000E-015
12.716	1.0000000E-015
12.717	1.0000000E-015
12.718	1.0000000E-015
12.719	1.0000000E-015
12.72	1.0000000E-015
12.721	1.0000000E-015
12.722	1.0000000E-015
12.723	1.0000000E-015
12.724	1.0000000E-015
12.725	1.0000000E-015
12.726	1.0000000E-015
12.727	1.0000000E-015
12.728	1.0000000E-015
12.729	1.0000000E-015
12.73	1.0000000E-015
12.731	1.0000000E-015
12.732	1.0000000E-015
12.733	1.0000000E-015
12.734	1.0000000E-015
12.735	1.0000000E-015
12.736	1.0000000E-015
12.737	1.0000000E-015
12.738	1.0000000E-015
12.739	1.0000000E-015
12.74	1.0000000E-015
12.741	1.0000000E-015
12.742	1.0000000E-015
12.743	1.0000000E-015
12.744	1.0000000E-015
12.745	1.0000000E-015
12.746	1.0000000E-015
12.747	1.0000000E-015
12.748	1.0000000E-015
12.749	1.0000000E-015
12.75	1.0000000E-015
12.751	1.0000000E-015
12.752	1.0000000E-015
12.753	1.0000000E-015
12.754	1.0000000E-015
12.755	1.0000000E-015
12.756	1.0000000E-015
12.757	1.0000000E-015
12.758	1.0000000E-015
12.759	1.0000000E-015
12.76	1.0000000E-015
12.761	1.0000000E-015
12.762	1.0000000E-015
12.763	1.0000000E-015
12.764	1.0000000E-015
12.765	1.0000000E-015
12.766	1.0000000E-015
12.767	1.0000000E-015
12.768	1.0000000E-015
12.769	1.0000000E-015
12.77	1.0000000E-015
12.771	1.0000000E-015
12.772	1.0000000E-015
12.773	1.0000000E-015
12.774	1.0000000E-015
12.775	1.0000000E-015
12.776	1.0000000E-015
12.777	1.0000000E-015
12.778	1.0000000E-015
12.779	1.0000000E-015
12.78	1.0000000E-015
12.781	1.0000000E-015
12.782	1.0000000E-015
12.783	1.0000000E-015
12.784	1.0000000E-015
12.785	1.0000000E-015
12.786	1.0000000E-015
12.787	1.0000000E-015
12.788	1.0000000E-015
12.789	1.0000000E-015
12.79	1.0000000E-015
12.791	1.0000000E-015
12.792	1.0000000E-015
12.793	1.0000000E-015
12.794	1.0000000E-015
12.795	1.0000000E-015
12.796	1.0000000E-015
12.797	1.0000000E-015
12.798	1.0000000E-015
12.799	1.0000000E-015
12.8	1.0000000E-015
12.801	1.0000000E-015
12.802	1.0000000E-015
12.803	1.0000000E-015
12.804	1.0000000E-015
12.805	1.0000000E-015
12.806	1.0000000E-015
12.807	1.0000000E-015
12.808	1.0000000E-015
12.809	1.0000000E-015
12.81	1.0000000E-015
12.811	1.0000000E-015
12.812	1.0000000E-015
12.813	1.0000000E-015
12.814	1.0000000E-015
12.815	1.0000000E-015
12.816	1.0000000E-015
12.817	1.0000000E-015
12.818	1.0000000E-015
12.819	1.0000000E-015
12.82	1.0000000E-015
12.821	1.0000000E-015
12.822	1.0000000E-015
12.823	1.0000000E-015
12.824	1.0000000E-015
12.825	1.0000000E-015
12.826	1.0000000E-015
12.827	1.0000000E-015
12.828	1.0000000E-015
12.829	1.0000000E-015
12.83	1.0000000E-015
12.831	1.0000000E-015
12.832	1.0000000E-015
12.833	1.0000000E-015
12.834	1.0000000E-015
12.835	1.0000000E-015
12.836	1.0000000E-015
12.837	1.0000000E-015
12.838	1.0000000E-015
12.839	1.0000000E-015
12.84	1.0000000E-015
12.841	1.0000000E-015
12.842	1.0000000E-015
12.843	1.0000000E-015
12.844	1.0000000E-015
12.845	1.0000000E-015
12.846	1.0000000E-015
12.847	1.0000000E-015
12.848	1.0000000E-015
12.849	1.0000000E-015
12.85	1.0000000E-015
12.851	1.0000000E-015
12.852	1.0000000E-015
12.853	1.0000000E-015
12.854	1.0000000E-015
12.855	1.0000000E-015
12.856	1.0000000E-015
12.857	1.0000000E-015
12.858	1.0000000E-015
12.859	1.0000000E-015
12.86	1.0000000E-015
12.861	1.0000000E-015
12.862	1.0000000E-015
12.863	1.0000000E-015
12.864	1.0000000E-015
12.865	1.0000000E-015
12.866	1.0000000E-015
12.867	1.0000000E-015
12.868	1.0000000E-015
12.869	1.0000000E-015
12.87	1.0000000E-015
12.871	1.0000000E-015
12.872	1.0000000E-015
12.873	1.0000000E-015
12.874	1.0000000E-015
12.875	1.0000000E-015
12.876	1.0000000E-015
12.877	1.0000000E-015
12.878	1.0000000E-015
12.879	1.0000000E-015
12.88	1.0000000E-015
12.881	1.0000000E-015
12.882	1.0000000E-015
12.883	1.0000000E-015
12.884	1.0000000E-015
12.885	1.0000000E-015
12.886	1.0000000E-015
12.887	1.0000000E-015
12.888	1.0000000E-015
12.889	1.0000000E-015
12.89	1.0000000E-015
12.891	1.0000000E-015
12.892	1.0000000E-015
12.893	1.0000000E-015
12.894	1.0000000E-015
12.895	1.0000000E-015
12.896	1.0000000E-015
12.897	1.0000000E-015
12.898	1.0000000E-015
12.899	1.0000000E-015
12.9	1.0000000E-015
12.901	1.0000000E-015
12.902	1.0000000E-015
12.903	1.0000000E-015
12.904	1.0000000E-015
12.905	1.0000000E-015
12.906	1.0000000E-015
12.907	1.0000000E-015
12.908	1.0000000E-015
12.909	1.0000000E-015
12.91	1.0000000E-015
12.911	1.0000000E-015
12.912	1.0000000E-015
12.913	1.0000000E-015
12.914	1.0000000E-015
12.915	1.0000000E-015
12.916	1.0000000E-015
12.917	1.0000000E-015
12.918	1.0000000E-015
12.919	1.0000000E-015
12.92	1.0000000E-015
12.921	1.0000000E-015
12.922	1.0000000E-015
12.923	1.0000000E-015
12.924	1.0000000E-015
12.925	1.0000000E-015
12.926	1.0000000E-015
12.927	1.0000000E-015
12.928	1.0000000E-015
12.929	1.0000000E-015
12.93	1.0000000E-015
12.931	1.0000000E-015
12.932	1.0000000E-015
12.933	1.0000000E-015
12.934	1.0000000E-015
12.935	1.0000000E-015
12.936	1.0000000E-015
12.937	1.0000000E-015
12.938	1.0000000E-015
12.939	1.0000000E-015
12.94	1.0000000E-015
12.941	1.0000000E-015
12.942	1.0000000E-015
12.943	1.0000000E-015
12.944	1.0000000E-015
12.945	1.0000000E-015
12.946	1.0000000E-015
12.947	1.0000000E-015
12.948	1.0000000E-015
12.949	1.0000000E-015
12.95	1.0000000E-015
12.951	1.0000000E-015
12.952	1.0000000E-015
12.953	1.0000000E-015
12.954	1.0000000E-015
12.955	1.0000000E-015
12.956	1.0000000E-015
12.957	1.0000000E-015
12.958	1.0000000E-015
12.959	1.0000000E-015
12.96	1.0000000E-015
12.961	1.0000000E-015
12.962	1.0000000E-015
12.963	1.0000000E-015
12.964	1.0000000E-015
12.965	1.0000000E-015
12.966	1.0000000E-015
12.967	1.0000000E-015
12.968	1.0000000E-015
12.969	1.0000000E-015
12.97	1.0000000E-015
12.971	1.0000000E-015
12.972	1.0000000E-015
12.973	1.0000000E-015
12.974	1.0000000E-015
12.975	1.0000000E-015
12.976	1.0000000E-015
12.977	1.0000000E-015
12.978	1.0000000E-015
12.979	1.0000000E-015
12.98	1.0000000E-015
12.981	1.0000000E-015
12.982	1.0000000E-015
12.983	1.0000000E-015
12.984	1.0000000E-015
12.985	1.0000000E-015
12.986	1.0000000E-015
12.987	1.0000000E-015
12.988	1.0000000E-015
12.989	1.0000000E-015
12.99	1.0000000E-015
12.991	1.0000000E-015
12.992	1.0000000E-015
12.993	1.0000000E-015
12.994	1.0000000E-015
12.995	1.0000000E-015
12.996	1.0000000E-015
12.997	1.0000000E-015
12.998	1.0000000E-015
12.999	1.0000000E-015
13	1.0000000E-015
13.001	1.0000000E-015
13.002	1.0000000E-015
13.003	1.0000000E-015
13.004	1.0000000E-015
13.005	1.0000000E-015
13.006	1.0000000E-015
13.007	1.0000000E-015
13.008	1.0000000E-015
13.009	1.0000000E-015
13.01	1.0000000E-015
13.011	1.0000000E-015
13.012	1.0000000E-015
13.013	1.0000000E-015
13.014	1.0000000E-015
13.015	1.0000000E-015
13.016	1.0000000E-015
13.017	1.0000000E-015
13.018	1.0000000E-015
13.019	1.0000000E-015
13.02	1.0000000E-015
13.021	1.0000000E-015
13.022	1.0000000E-015
13.023	1.0000000E-015
13.024	1.0000000E-015
13.025	1.0000000E-015
13.026	1.0000000E-015
13.027	1.0000000E-015
13.028	1.0000000E-015
13.029	1.0000000E-015
13.03	1.0000000E-015
13.031	1.0000000E-015
13.032	1.0000000E-015
13.033	1.0000000E-015
13.034	1.0000000E-015
13.035	1.0000000E-015
13.036	1.0000000E-015
13.037	1.0000000E-015
13.038	1.0000000E-015
13.039	1.0000000E-015
13.04	1.0000000E-015
13.041	1.0000000E-015
13.042	1.0000000E-015
13.043	1.0000000E-015
13.044	1.0000000E-015
13.045	1.0000000E-015
13.046	1.0000000E-015
13.047	1.0000000E-015
13.048	1.0000000E-015
13.049	1.0000000E-015
13.05	1.0000000E-015
13.051	1.0000000E-015
13.052	1.0000000E-015
13.053	1.0000000E-015
13.054	1.0000000E-015
13.055	1.0000000E-015
13.056	1.0000000E-015
13.057	1.0000000E-015
13.058	1.0000000E-015
13.059	1.0000000E-015
13.06	1.0000000E-015
13.061	1.0000000E-015
13.062	1.0000000E-015
13.063	1.0000000E-015
13.064	1.0000000E-015
13.065	1.0000000E-015
13.066	1.0000000E-015
13.067	1.0000000E-015
13.068	1.0000000E-015
13.069	1.0000000E-015
13.07	1.0000000E-015
13.071	1.0000000E-015
13.072	1.0000000E-015
13.073	1.0000000E-015
13.074	1.0000000E-015
13.075	1.0000000E-015
13.076	1.0000000E-015
13.077	1.0000000E-015
13.078	1.0000000E-015
13.079	1.0000000E-015
13.08	1.0000000E-015
13.081	1.0000000E-015
13.082	1.0000000E-015
13.083	1.0000000E-015
13.084	1.0000000E-015
13.085	1.0000000E-015
13.086	1.0000000E-015
13.087	1.0000000E-015
13.088	1.0000000E-015
13.089	1.0000000E-015
13.09	1.0000000E-015
13.091	1.0000000E-015
13.092	1.0000000E-015
13.093	1.0000000E-015
13.094	1.0000000E-015
13.095	1.0000000E-015
13.096	1.0000000E-015
13.097	1.0000000E-015
13.098	1.0000000E-015
13.099	1.0000000E-015
13.1	1.0000000E-015
13.101	1.0000000E-015
13.102	1.0000000E-015
13.103	1.0000000E-015
13.104	1.0000000E-015
13.105	1.0000000E-015
13.106	1.0000000E-015
13.107	1.0000000E-015
13.108	1.0000000E-015
13.109	1.0000000E-015
13.11	1.0000000E-015
13.111	1.0000000E-015
13.112	1.0000000E-015
13.113	1.0000000E-015
13.114	1.0000000E-015
13.115	1.0000000E-015
13.116	1.0000000E-015
13.117	1.0000000E-015
13.118	1.0000000E-015
13.119	1.0000000E-015
13.12	1.0000000E-015
13.121	1.0000000E-015
13.122	1.0000000E-015
13.123	1.0000000E-015
13.124	1.0000000E-015
13.125	1.0000000E-015
13.126	1.0000000E-015
13.127	1.0000000E-015
13.128	1.0000000E-015
13.129	1.0000000E-015
13.13	1.0000000E-015
13.131	1.0000000E-015
13.132	1.0000000E-015
13.133	1.0000000E-015
13.134	1.0000000E-015
13.135	1.0000000E-015
13.136	1.0000000E-015
13.137	1.0000000E-015
13.138	1.0000000E-015
13.139	1.0000000E-015
13.14	1.0000000E-015
13.141	1.0000000E-015
13.142	1.0000000E-015
13.143	1.0000000E-015
13.144	1.0000000E-015
13.145	1.0000000E-015
13.146	1.0000000E-015
13.147	1.0000000E-015
13.148	1.0000000E-015
13.149	1.0000000E-015
13.15	1.0000000E-015
13.151	1.0000000E-015
13.152	1.0000000E-015
13.153	1.0000000E-015
13.154	1.0000000E-015
13.155	1.0000000E-015
13.156	1.0000000E-015
13.157	1.0000000E-015
13.158	1.0000000E-015
13.159	1.0000000E-015
13.16	1.0000000E-015
13.161	1.0000000E-015
13.162	1.0000000E-015
13.163	1.0000000E-015
13.164	1.0000000E-015
13.165	1.0000000E-015
13.166	1.0000000E-015
13.167	1.0000000E-015
13.168	1.0000000E-015
13.169	1.0000000E-015
13.17	1.0000000E-015
13.171	1.0000000E-015
13.172	1.0000000E-015
13.173	1.0000000E-015
13.174	1.0000000E-015
13.175	1.0000000E-015
13.176	1.0000000E-015
13.177	1.0000000E-015
13.178	1.0000000E-015
13.179	1.0000000E-015
13.18	1.0000000E-015
13.181	1.0000000E-015
13.182	1.0000000E-015
13.183	1.0000000E-015
13.184	1.0000000E-015
13.185	1.0000000E-015
13.186	1.0000000E-015
13.187	1.0000000E-015
13.188	1.0000000E-015
13.189	1.0000000E-015
13.19	1.0000000E-015
13.191	1.0000000E-015
13.192	1.0000000E-015
13.193	1.0000000E-015
13.194	1.0000000E-015
13.195	1.0000000E-015
13.196	1.0000000E-015
13.197	1.0000000E-015
13.198	1.0000000E-015
13.199	1.0000000E-015
13.2	1.0000000E-015
13.201	1.0000000E-015
13.202	1.0000000E-015
13.203	1.0000000E-015
13.204	1.0000000E-015
13.205	1.0000000E-015
13.206	1.0000000E-015
13.207	1.0000000E-015
13.208	1.0000000E-015
13.209	1.0000000E-015
13.21	1.0000000E-015
13.211	1.0000000E-015
13.212	1.0000000E-015
13.213	1.0000000E-015
13.214	1.0000000E-015
13.215	1.0000000E-015
13.216	1.0000000E-015
13.217	1.0000000E-015
13.218	1.0000000E-015
13.219	1.0000000E-015
13.22	1.0000000E-015
13.221	1.0000000E-015
13.222	1.0000000E-015
13.223	1.0000000E-015
13.224	1.0000000E-015
13.225	1.0000000E-015
13.226	1.0000000E-015
13.227	1.0000000E-015
13.228	1.0000000E-015
13.229	1.0000000E-015
13.23	1.0000000E-015
13.231	1.0000000E-015
13.232	1.0000000E-015
13.233	1.0000000E-015
13.234	1.0000000E-015
13.235	1.0000000E-015
13.236	1.0000000E-015
13.237	1.0000000E-015
13.238	1.0000000E-015
13.239	1.0000000E-015
13.24	1.0000000E-015
13.241	1.0000000E-015
13.242	1.0000000E-015
13.243	1.0000000E-015
13.244	1.0000000E-015
13.245	1.0000000E-015
13.246	1.0000000E-015
13.247	1.0000000E-015
13.248	1.0000000E-015
13.249	1.0000000E-015
13.25	1.0000000E-015
13.251	1.0000000E-015
13.252	1.0000000E-015
13.253	1.0000000E-015
13.254	1.0000000E-015
13.255	1.0000000E-015
13.256	1.0000000E-015
13.257	1.0000000E-015
13.258	1.0000000E-015
13.259	1.0000000E-015
13.26	1.0000000E-015
13.261	1.0000000E-015
13.262	1.0000000E-015
13.263	1.0000000E-015
13.264	1.0000000E-015
13.265	1.0000000E-015
13.266	1.0000000E-015
13.267	1.0000000E-015
13.268	1.0000000E-015
13.269	1.0000000E-015
13.27	1.0000000E-015
13.271	1.0000000E-015
13.272	1.0000000E-015
13.273	1.0000000E-015
13.274	1.0000000E-015
13.275	1.0000000E-015
13.276	1.0000000E-015
13.277	1.0000000E-015
13.278	1.0000000E-015
13.279	1.0000000E-015
13.28	1.0000000E-015
13.281	1.0000000E-015
13.282	1.0000000E-015
13.283	1.0000000E-015
13.284	1.0000000E-015
13.285	1.0000000E-015
13.286	1.0000000E-015
13.287	1.0000000E-015
13.288	1.0000000E-015
13.289	1.0000000E-015
13.29	1.0000000E-015
13.291	1.0000000E-015
13.292	1.0000000E-015
13.293	1.0000000E-015
13.294	1.0000000E-015
13.295	1.0000000E-015
13.296	1.0000000E-015
13.297	1.0000000E-015
13.298	1.0000000E-015
13.299	1.0000000E-015
13.3	1.0000000E-015
13.301	1.0000000E-015
13.302	1.0000000E-015
13.303	1.0000000E-015
13.304	1.0000000E-015
13.305	1.0000000E-015
13.306	1.0000000E-015
13.307	1.0000000E-015
13.308	1.0000000E-015
13.309	1.0000000E-015
13.31	1.0000000E-015
13.311	1.0000000E-015
13.312	1.0000000E-015
13.313	1.0000000E-015
13.314	1.0000000E-015
13.315	1.0000000E-015
13.316	1.0000000E-015
13.317	1.0000000E-015
13.318	1.0000000E-015
13.319	1.0000000E-015
13.32	1.0000000E-015
13.321	1.0000000E-015
13.322	1.0000000E-015
13.323	1.0000000E-015
13.324	1.0000000E-015
13.325	1.0000000E-015
13.326	1.0000000E-015
13.327	1.0000000E-015
13.328	1.0000000E-015
13.329	1.0000000E-015
13.33	1.0000000E-015
13.331	1.0000000E-015
13.332	1.0000000E-015
13.333	1.0000000E-015
13.334	1.0000000E-015
13.335	1.0000000E-015
13.336	1.0000000E-015
13.337	1.0000000E-015
13.338	1.0000000E-015
13.339	1.0000000E-015
13.34	1.0000000E-015
13.341	1.0000000E-015
13.342	1.0000000E-015
13.343	1.0000000E-015
13.344	1.0000000E-015
13.345	1.0000000E-015
13.346	1.0000000E-015
13.347	1.0000000E-015
13.348	1.0000000E-015
13.349	1.0000000E-015
13.35	1.0000000E-015
13.351	1.0000000E-015
13.352	1.0000000E-015
13.353	1.0000000E-015
13.354	1.0000000E-015
13.355	1.0000000E-015
13.356	1.0000000E-015
13.357	1.0000000E-015
13.358	1.0000000E-015
13.359	1.0000000E-015
13.36	1.0000000E-015
13.361	1.0000000E-015
13.362	1.0000000E-015
13.363	1.0000000E-015
13.364	1.0000000E-015
13.365	1.0000000E-015
13.366	1.0000000E-015
13.367	1.0000000E-015
13.368	1.0000000E-015
13.369	1.0000000E-015
13.37	1.0000000E-015
13.371	1.0000000E-015
13.372	1.0000000E-015
13.373	1.0000000E-015
13.374	1.0000000E-015
13.375	1.0000000E-015
13.376	1.0000000E-015
13.377	1.0000000E-015
13.378	1.0000000E-015
13.379	1.0000000E-015
13.38	1.0000000E-015
13.381	1.0000000E-015
13.382	1.0000000E-015
13.383	1.0000000E-015
13.384	1.0000000E-015
13.385	1.0000000E-015
13.386	1.0000000E-015
13.387	1.0000000E-015
13.388	1.0000000E-015
13.389	1.0000000E-015
13.39	1.0000000E-015
13.391	1.0000000E-015
13.392	1.0000000E-015
13.393	1.0000000E-015
13.394	1.0000000E-015
13.395	1.0000000E-015
13.396	1.0000000E-015
13.397	1.0000000E-015
13.398	1.0000000E-015
13.399	1.0000000E-015
13.4	1.0000000E-015
13.401	1.0000000E-015
13.402	1.0000000E-015
13.403	1.0000000E-015
13.404	1.0000000E-015
13.405	1.0000000E-015
13.406	1.0000000E-015
13.407	1.0000000E-015
13.408	1.0000000E-015
13.409	1.0000000E-015
13.41	1.0000000E-015
13.411	1.0000000E-015
13.412	1.0000000E-015
13.413	1.0000000E-015
13.414	1.0000000E-015
13.415	1.0000000E-015
13.416	1.0000000E-015
13.417	1.0000000E-015
13.418	1.0000000E-015
13.419	1.0000000E-015
13.42	1.0000000E-015
13.421	1.0000000E-015
13.422	1.0000000E-015
13.423	1.0000000E-015
13.424	1.0000000E-015
13.425	1.0000000E-015
13.426	1.0000000E-015
13.427	1.0000000E-015
13.428	1.0000000E-015
13.429	1.0000000E-015
13.43	1.0000000E-015
13.431	1.0000000E-015
13.432	1.0000000E-015
13.433	1.0000000E-015
13.434	1.0000000E-015
13.435	1.0000000E-015
13.436	1.0000000E-015
13.437	1.0000000E-015
13.438	1.0000000E-015
13.439	1.0000000E-015
13.44	1.0000000E-015
13.441	1.0000000E-015
13.442	1.0000000E-015
13.443	1.0000000E-015
13.444	1.0000000E-015
13.445	1.0000000E-015
13.446	1.0000000E-015
13.447	1.0000000E-015
13.448	1.0000000E-015
13.449	1.0000000E-015
13.45	1.0000000E-015
13.451	1.0000000E-015
13.452	1.0000000E-015
13.453	1.0000000E-015
13.454	1.0000000E-015
13.455	1.0000000E-015
13.456	1.0000000E-015
13.457	1.0000000E-015
13.458	1.0000000E-015
13.459	1.0000000E-015
13.46	1.0000000E-015
13.461	1.0000000E-015
13.462	1.0000000E-015
13.463	1.0000000E-015
13.464	1.0000000E-015
13.465	1.0000000E-015
13.466	1.0000000E-015
13.467	1.0000000E-015
13.468	1.0000000E-015
13.469	1.0000000E-015
13.47	1.0000000E-015
13.471	1.0000000E-015
13.472	1.0000000E-015
13.473	1.0000000E-015
13.474	1.0000000E-015
13.475	1.0000000E-015
13.476	1.0000000E-015
13.477	1.0000000E-015
13.478	1.0000000E-015
13.479	1.0000000E-015
13.48	1.0000000E-015
13.481	1.0000000E-015
13.482	1.0000000E-015
13.483	1.0000000E-015
13.484	1.0000000E-015
13.485	1.0000000E-015
13.486	1.0000000E-015
13.487	1.0000000E-015
13.488	1.0000000E-015
13.489	1.0000000E-015
13.49	1.0000000E-015
13.491	1.0000000E-015
13.492	1.0000000E-015
13.493	1.0000000E-015
13.494	1.0000000E-015
13.495	1.0000000E-015
13.496	1.0000000E-015
13.497	1.0000000E-015
13.498	1.0000000E-015
13.499	1.0000000E-015
13.5	1.0000000E-015
13.501	1.0000000E-015
13.502	1.0000000E-015
13.503	1.0000000E-015
13.504	1.0000000E-015
13.505	1.0000000E-015
13.506	1.0000000E-015
13.507	1.0000000E-015
13.508	1.0000000E-015
13.509	1.0000000E-015
13.51	1.0000000E-015
13.511	1.0000000E-015
13.512	1.0000000E-015
13.513	1.0000000E-015
13.514	1.0000000E-015
13.515	1.0000000E-015
13.516	1.0000000E-015
13.517	1.0000000E-015
13.518	1.0000000E-015
13.519	1.0000000E-015
13.52	1.0000000E-015
13.521	1.0000000E-015
13.522	1.0000000E-015
13.523	1.0000000E-015
13.524	1.0000000E-015
13.525	1.0000000E-015
13.526	1.0000000E-015
13.527	1.0000000E-015
13.528	1.0000000E-015
13.529	1.0000000E-015
13.53	1.0000000E-015
13.531	1.0000000E-015
13.532	1.0000000E-015
13.533	1.0000000E-015
13.534	1.0000000E-015
13.535	1.0000000E-015
13.536	1.0000000E-015
13.537	1.0000000E-015
13.538	1.0000000E-015
13.539	1.0000000E-015
13.54	1.0000000E-015
13.541	1.0000000E-015
13.542	1.0000000E-015
13.543	1.0000000E-015
13.544	1.0000000E-015
13.545	1.0000000E-015
13.546	1.0000000E-015
13.547	1.0000000E-015
13.548	1.0000000E-015
13.549	1.0000000E-015
13.55	1.0000000E-015
13.551	1.0000000E-015
13.552	1.0000000E-015
13.553	1.0000000E-015
13.554	1.0000000E-015
13.555	1.0000000E-015
13.556	1.0000000E-015
13.557	1.0000000E-015
13.558	1.0000000E-015
13.559	1.0000000E-015
13.56	1.0000000E-015
13.561	1.0000000E-015
13.562	1.0000000E-015
13.563	1.0000000E-015
13.564	1.0000000E-015
13.565	1.0000000E-015
13.566	1.0000000E-015
13.567	1.0000000E-015
13.568	1.0000000E-015
13.569	1.0000000E-015
13.57	1.0000000E-015
13.571	1.0000000E-015
13.572	1.0000000E-015
13.573	1.0000000E-015
13.574	1.0000000E-015
13.575	1.0000000E-015
13.576	1.0000000E-015
13.577	1.0000000E-015
13.578	1.0000000E-015
13.579	1.0000000E-015
13.58	1.0000000E-015
13.581	1.0000000E-015
13.582	1.0000000E-015
13.583	1.0000000E-015
13.584	1.0000000E-015
13.585	1.0000000E-015
13.586	1.0000000E-015
13.587	1.0000000E-015
13.588	1.0000000E-015
13.589	1.0000000E-015
13.59	1.0000000E-015
13.591	1.0000000E-015
13.592	1.0000000E-015
13.593	1.0000000E-015
13.594	1.0000000E-015
13.595	1.0000000E-015
13.596	1.0000000E-015
13.597	1.0000000E-015
13.598	1.0000000E-015
13.599	1.0000000E-015
13.6	1.0000000E-015
13.601	1.0000000E-015
13.602	1.0000000E-015
13.603	1.0000000E-015
13.604	1.0000000E-015
13.605	1.0000000E-015
13.606	1.0000000E-015
13.607	1.0000000E-015
13.608	1.0000000E-015
13.609	1.0000000E-015
13.61	1.0000000E-015
13.611	1.0000000E-015
13.612	1.0000000E-015
13.613	1.0000000E-015
13.614	1.0000000E-015
13.615	1.0000000E-015
13.616	1.0000000E-015
13.617	1.0000000E-015
13.618	1.0000000E-015
13.619	1.0000000E-015
13.62	1.0000000E-015
13.621	1.0000000E-015
13.622	1.0000000E-015
13.623	1.0000000E-015
13.624	1.0000000E-015
13.625	1.0000000E-015
13.626	1.0000000E-015
13.627	1.0000000E-015
13.628	1.0000000E-015
13.629	1.0000000E-015
13.63	1.0000000E-015
13.631	1.0000000E-015
13.632	1.0000000E-015
13.633	1.0000000E-015
13.634	1.0000000E-015
13.635	1.0000000E-015
13.636	1.0000000E-015
13.637	1.0000000E-015
13.638	1.0000000E-015
13.639	1.0000000E-015
13.64	1.0000000E-015
13.641	1.0000000E-015
13.642	1.0000000E-015
13.643	1.0000000E-015
13.644	1.0000000E-015
13.645	1.0000000E-015
13.646	1.0000000E-015
13.647	1.0000000E-015
13.648	1.0000000E-015
13.649	1.0000000E-015
13.65	1.0000000E-015
13.651	1.0000000E-015
13.652	1.0000000E-015
13.653	1.0000000E-015
13.654	1.0000000E-015
13.655	1.0000000E-015
13.656	1.0000000E-015
13.657	1.0000000E-015
13.658	1.0000000E-015
13.659	1.0000000E-015
13.66	1.0000000E-015
13.661	1.0000000E-015
13.662	1.0000000E-015
13.663	1.0000000E-015
13.664	1.0000000E-015
13.665	1.0000000E-015
13.666	1.0000000E-015
13.667	1.0000000E-015
13.668	1.0000000E-015
13.669	1.0000000E-015
13.67	1.0000000E-015
13.671	1.0000000E-015
13.672	1.0000000E-015
13.673	1.0000000E-015
13.674	1.0000000E-015
13.675	1.0000000E-015
13.676	1.0000000E-015
13.677	1.0000000E-015
13.678	1.0000000E-015
13.679	1.0000000E-015
13.68	1.0000000E-015
13.681	1.0000000E-015
13.682	1.0000000E-015
13.683	1.0000000E-015
13.684	1.0000000E-015
13.685	1.0000000E-015
13.686	1.0000000E-015
13.687	1.0000000E-015
13.688	1.0000000E-015
13.689	1.0000000E-015
13.69	1.0000000E-015
13.691	1.0000000E-015
13.692	1.0000000E-015
13.693	1.0000000E-015
13.694	1.0000000E-015
13.695	1.0000000E-015
13.696	1.0000000E-015
13.697	1.0000000E-015
13.698	1.0000000E-015
13.699	1.0000000E-015
13.7	1.0000000E-015
13.701	1.0000000E-015
13.702	1.0000000E-015
13.703	1.0000000E-015
13.704	1.0000000E-015
13.705	1.0000000E-015
13.706	1.0000000E-015
13.707	1.0000000E-015
13.708	1.0000000E-015
13.709	1.0000000E-015
13.71	1.0000000E-015
13.711	1.0000000E-015
13.712	1.0000000E-015
13.713	1.0000000E-015
13.714	1.0000000E-015
13.715	1.0000000E-015
13.716	1.0000000E-015
13.717	1.0000000E-015
13.718	1.0000000E-015
13.719	1.0000000E-015
13.72	1.0000000E-015
13.721	1.0000000E-015
13.722	1.0000000E-015
13.723	1.0000000E-015
13.724	1.0000000E-015
13.725	1.0000000E-015
13.726	1.0000000E-015
13.727	1.0000000E-015
13.728	1.0000000E-015
13.729	1.0000000E-015
13.73	1.0000000E-015
13.731	1.0000000E-015
13.732	1.0000000E-015
13.733	1.0000000E-015
13.734	1.0000000E-015
13.735	1.0000000E-015
13.736	1.0000000E-015
13.737	1.0000000E-015
13.738	1.0000000E-015
13.739	1.0000000E-015
13.74	1.0000000E-015
13.741	1.0000000E-015
13.742	1.0000000E-015
13.743	1.0000000E-015
13.744	1.0000000E-015
13.745	1.0000000E-015
13.746	1.0000000E-015
13.747	1.0000000E-015
13.748	1.0000000E-015
13.749	1.0000000E-015
13.75	1.0000000E-015
13.751	1.0000000E-015
13.752	1.0000000E-015
13.753	1.0000000E-015
13.754	1.0000000E-015
13.755	1.0000000E-015
13.756	1.0000000E-015
13.757	1.0000000E-015
13.758	1.0000000E-015
13.759	1.0000000E-015
13.76	1.0000000E-015
13.761	1.0000000E-015
13.762	1.0000000E-015
13.763	1.0000000E-015
13.764	1.0000000E-015
13.765	1.0000000E-015
13.766	1.0000000E-015
13.767	1.0000000E-015
13.768	1.0000000E-015
13.769	1.0000000E-015
13.77	1.0000000E-015
13.771	1.0000000E-015
13.772	1.0000000E-015
13.773	1.0000000E-015
13.774	1.0000000E-015
13.775	1.0000000E-015
13.776	1.0000000E-015
13.777	1.0000000E-015
13.778	1.0000000E-015
13.779	1.0000000E-015
13.78	1.0000000E-015
13.781	1.0000000E-015
13.782	1.0000000E-015
13.783	1.0000000E-015
13.784	1.0000000E-015
13.785	1.0000000E-015
13.786	1.0000000E-015
13.787	1.0000000E-015
13.788	1.0000000E-015
13.789	1.0000000E-015
13.79	1.0000000E-015
13.791	1.0000000E-015
13.792	1.0000000E-015
13.793	1.0000000E-015
13.794	1.0000000E-015
13.795	1.0000000E-015
13.796	1.0000000E-015
13.797	1.0000000E-015
13.798	1.0000000E-015
13.799	1.0000000E-015
13.8	1.0000000E-015
13.801	1.0000000E-015
13.802	1.0000000E-015
13.803	1.0000000E-015
13.804	1.0000000E-015
13.805	1.0000000E-015
13.806	1.0000000E-015
13.807	1.0000000E-015
13.808	1.0000000E-015
13.809	1.0000000E-015
13.81	1.0000000E-015
13.811	1.0000000E-015
13.812	1.0000000E-015
13.813	1.0000000E-015
13.814	1.0000000E-015
13.815	1.0000000E-015
13.816	1.0000000E-015
13.817	1.0000000E-015
13.818	1.0000000E-015
13.819	1.0000000E-015
13.82	1.0000000E-015
13.821	1.0000000E-015
13.822	1.0000000E-015
13.823	1.0000000E-015
13.824	1.0000000E-015
13.825	1.0000000E-015
13.826	1.0000000E-015
13.827	1.0000000E-015
13.828	1.0000000E-015
13.829	1.0000000E-015
13.83	1.0000000E-015
13.831	1.0000000E-015
13.832	1.0000000E-015
13.833	1.0000000E-015
13.834	1.0000000E-015
13.835	1.0000000E-015
13.836	1.0000000E-015
13.837	1.0000000E-015
13.838	1.0000000E-015
13.839	1.0000000E-015
13.84	1.0000000E-015
13.841	1.0000000E-015
13.842	1.0000000E-015
13.843	1.0000000E-015
13.844	1.0000000E-015
13.845	1.0000000E-015
13.846	1.0000000E-015
13.847	1.0000000E-015
13.848	1.0000000E-015
13.849	1.0000000E-015
13.85	1.0000000E-015
13.851	1.0000000E-015
13.852	1.0000000E-015
13.853	1.0000000E-015
13.854	1.0000000E-015
13.855	1.0000000E-015
13.856	1.0000000E-015
13.857	1.0000000E-015
13.858	1.0000000E-015
13.859	1.0000000E-015
13.86	1.0000000E-015
13.861	1.0000000E-015
13.862	1.0000000E-015
13.863	1.0000000E-015
13.864	1.0000000E-015
13.865	1.0000000E-015
13.866	1.0000000E-015
13.867	1.0000000E-015
13.868	1.0000000E-015
13.869	1.0000000E-015
13.87	1.0000000E-015
13.871	1.0000000E-015
13.872	1.0000000E-015
13.873	1.0000000E-015
13.874	1.0000000E-015
13.875	1.0000000E-015
13.876	1.0000000E-015
13.877	1.0000000E-015
13.878	1.0000000E-015
13.879	1.0000000E-015
13.88	1.0000000E-015
13.881	1.0000000E-015
13.882	1.0000000E-015
13.883	1.0000000E-015
13.884	1.0000000E-015
13.885	1.0000000E-015
13.886	1.0000000E-015
13.887	1.0000000E-015
13.888	1.0000000E-015
13.889	1.0000000E-015
13.89	1.0000000E-015
13.891	1.0000000E-015
13.892	1.0000000E-015
13.893	1.0000000E-015
13.894	1.0000000E-015
13.895	1.0000000E-015
13.896	1.0000000E-015
13.897	1.0000000E-015
13.898	1.0000000E-015
13.899	1.0000000E-015
13.9	1.0000000E-015
13.901	1.0000000E-015
13.902	1.0000000E-015
13.903	1.0000000E-015
13.904	1.0000000E-015
13.905	1.0000000E-015
13.906	1.0000000E-015
13.907	1.0000000E-015
13.908	1.0000000E-015
13.909	1.0000000E-015
13.91	1.0000000E-015
13.911	1.0000000E-015
13.912	1.0000000E-015
13.913	1.0000000E-015
13.914	1.0000000E-015
13.915	1.0000000E-015
13.916	1.0000000E-015
13.917	1.0000000E-015
13.918	1.0000000E-015
13.919	1.0000000E-015
13.92	1.0000000E-015
13.921	1.0000000E-015
13.922	1.0000000E-015
13.923	1.0000000E-015
13.924	1.0000000E-015
13.925	1.0000000E-015
13.926	1.0000000E-015
13.927	1.0000000E-015
13.928	1.0000000E-015
13.929	1.0000000E-015
13.93	1.0000000E-015
13.931	1.0000000E-015
13.932	1.0000000E-015
13.933	1.0000000E-015
13.934	1.0000000E-015
13.935	1.0000000E-015
13.936	1.0000000E-015
13.937	1.0000000E-015
13.938	1.0000000E-015
13.939	1.0000000E-015
13.94	1.0000000E-015
13.941	1.0000000E-015
13.942	1.0000000E-015
13.943	1.0000000E-015
13.944	1.0000000E-015
13.945	1.0000000E-015
13.946	1.0000000E-015
13.947	1.0000000E-015
13.948	1.0000000E-015
13.949	1.0000000E-015
13.95	1.0000000E-015
13.951	1.0000000E-015
13.952	1.0000000E-015
13.953	1.0000000E-015
13.954	1.0000000E-015
13.955	1.0000000E-015
13.956	1.0000000E-015
13.957	1.0000000E-015
13.958	1.0000000E-015
13.959	1.0000000E-015
13.96	1.0000000E-015
13.961	1.0000000E-015
13.962	1.0000000E-015
13.963	1.0000000E-015
13.964	1.0000000E-015
13.965	1.0000000E-015
13.966	1.0000000E-015
13.967	1.0000000E-015
13.968	1.0000000E-015
13.969	1.0000000E-015
13.97	1.0000000E-015
13.971	1.0000000E-015
13.972	1.0000000E-015
13.973	1.0000000E-015
13.974	1.0000000E-015
13.975	1.0000000E-015
13.976	1.0000000E-015
13.977	1.0000000E-015
13.978	1.0000000E-015
13.979	1.0000000E-015
13.98	1.0000000E-015
13.981	1.0000000E-015
13.982	1.0000000E-015
13.983	1.0000000E-015
13.984	1.0000000E-015
13.985	1.0000000E-015
13.986	1.0000000E-015
13.987	1.0000000E-015
13.988	1.0000000E-015
13.989	1.0000000E-015
13.99	1.0000000E-015
13.991	1.0000000E-015
13.992	1.0000000E-015
13.993	1.0000000E-015
13.994	1.0000000E-015
13.995	1.0000000E-015
13.996	1.0000000E-015
13.997	1.0000000E-015
13.998	1.0000000E-015
13.999	1.0000000E-015
14	1.0000000E-015
14.001	1.0000000E-015
14.002	1.0000000E-015
14.003	1.0000000E-015
14.004	1.0000000E-015
14.005	1.0000000E-015
14.006	1.0000000E-015
14.007	1.0000000E-015
14.008	1.0000000E-015
14.009	1.0000000E-015
14.01	1.0000000E-015
14.011	1.0000000E-015
14.012	1.0000000E-015
14.013	1.0000000E-015
14.014	1.0000000E-015
14.015	1.0000000E-015
14.016	1.0000000E-015
14.017	1.0000000E-015
14.018	1.0000000E-015
14.019	1.0000000E-015
14.02	1.0000000E-015
14.021	1.0000000E-015
14.022	1.0000000E-015
14.023	1.0000000E-015
14.024	1.0000000E-015
14.025	1.0000000E-015
14.026	1.0000000E-015
14.027	1.0000000E-015
14.028	1.0000000E-015
14.029	1.0000000E-015
14.03	1.0000000E-015
14.031	1.0000000E-015
14.032	1.0000000E-015
14.033	1.0000000E-015
14.034	1.0000000E-015
14.035	1.0000000E-015
14.036	1.0000000E-015
14.037	1.0000000E-015
14.038	1.0000000E-015
14.039	1.0000000E-015
14.04	1.0000000E-015
14.041	1.0000000E-015
14.042	1.0000000E-015
14.043	1.0000000E-015
14.044	1.0000000E-015
14.045	1.0000000E-015
14.046	1.0000000E-015
14.047	1.0000000E-015
14.048	1.0000000E-015
14.049	1.0000000E-015
14.05	1.0000000E-015
14.051	1.0000000E-015
14.052	1.0000000E-015
14.053	1.0000000E-015
14.054	1.0000000E-015
14.055	1.0000000E-015
14.056	1.0000000E-015
14.057	1.0000000E-015
14.058	1.0000000E-015
14.059	1.0000000E-015
14.06	1.0000000E-015
14.061	1.0000000E-015
14.062	1.0000000E-015
14.063	1.0000000E-015
14.064	1.0000000E-015
14.065	1.0000000E-015
14.066	1.0000000E-015
14.067	1.0000000E-015
14.068	1.0000000E-015
14.069	1.0000000E-015
14.07	1.0000000E-015
14.071	1.0000000E-015
14.072	1.0000000E-015
14.073	1.0000000E-015
14.074	1.0000000E-015
14.075	1.0000000E-015
14.076	1.0000000E-015
14.077	1.0000000E-015
14.078	1.0000000E-015
14.079	1.0000000E-015
14.08	1.0000000E-015
14.081	1.0000000E-015
14.082	1.0000000E-015
14.083	1.0000000E-015
14.084	1.0000000E-015
14.085	1.0000000E-015
14.086	1.0000000E-015
14.087	1.0000000E-015
14.088	1.0000000E-015
14.089	1.0000000E-015
14.09	1.0000000E-015
14.091	1.0000000E-015
14.092	1.0000000E-015
14.093	1.0000000E-015
14.094	1.0000000E-015
14.095	1.0000000E-015
14.096	1.0000000E-015
14.097	1.0000000E-015
14.098	1.0000000E-015
14.099	1.0000000E-015
14.1	1.0000000E-015
14.101	1.0000000E-015
14.102	1.0000000E-015
14.103	1.0000000E-015
14.104	1.0000000E-015
14.105	1.0000000E-015
14.106	1.0000000E-015
14.107	1.0000000E-015
14.108	1.0000000E-015
14.109	1.0000000E-015
14.11	1.0000000E-015
14.111	1.0000000E-015
14.112	1.0000000E-015
14.113	1.0000000E-015
14.114	1.0000000E-015
14.115	1.0000000E-015
14.116	1.0000000E-015
14.117	1.0000000E-015
14.118	1.0000000E-015
14.119	1.0000000E-015
14.12	1.0000000E-015
14.121	1.0000000E-015
14.122	1.0000000E-015
14.123	1.0000000E-015
14.124	1.0000000E-015
14.125	1.0000000E-015
14.126	1.0000000E-015
14.127	1.0000000E-015
14.128	1.0000000E-015
14.129	1.0000000E-015
14.13	1.0000000E-015
14.131	1.0000000E-015
14.132	1.0000000E-015
14.133	1.0000000E-015
14.134	1.0000000E-015
14.135	1.0000000E-015
14.136	1.0000000E-015
14.137	1.0000000E-015
14.138	1.0000000E-015
14.139	1.0000000E-015
14.14	1.0000000E-015
14.141	1.0000000E-015
14.142	1.0000000E-015
14.143	1.0000000E-015
14.144	1.0000000E-015
14.145	1.0000000E-015
14.146	1.0000000E-015
14.147	1.0000000E-015
14.148	1.0000000E-015
14.149	1.0000000E-015
14.15	1.0000000E-015
14.151	1.0000000E-015
14.152	1.0000000E-015
14.153	1.0000000E-015
14.154	1.0000000E-015
14.155	1.0000000E-015
14.156	1.0000000E-015
14.157	1.0000000E-015
14.158	1.0000000E-015
14.159	1.0000000E-015
14.16	1.0000000E-015
14.161	1.0000000E-015
14.162	1.0000000E-015
14.163	1.0000000E-015
14.164	1.0000000E-015
14.165	1.0000000E-015
14.166	1.0000000E-015
14.167	1.0000000E-015
14.168	1.0000000E-015
14.169	1.0000000E-015
14.17	1.0000000E-015
14.171	1.0000000E-015
14.172	1.0000000E-015
14.173	1.0000000E-015
14.174	1.0000000E-015
14.175	1.0000000E-015
14.176	1.0000000E-015
14.177	1.0000000E-015
14.178	1.0000000E-015
14.179	1.0000000E-015
14.18	1.0000000E-015
14.181	1.0000000E-015
14.182	1.0000000E-015
14.183	1.0000000E-015
14.184	1.0000000E-015
14.185	1.0000000E-015
14.186	1.0000000E-015
14.187	1.0000000E-015
14.188	1.0000000E-015
14.189	1.0000000E-015
14.19	1.0000000E-015
14.191	1.0000000E-015
14.192	1.0000000E-015
14.193	1.0000000E-015
14.194	1.0000000E-015
14.195	1.0000000E-015
14.196	1.0000000E-015
14.197	1.0000000E-015
14.198	1.0000000E-015
14.199	1.0000000E-015
14.2	1.0000000E-015
14.201	1.0000000E-015
14.202	1.0000000E-015
14.203	1.0000000E-015
14.204	1.0000000E-015
14.205	1.0000000E-015
14.206	1.0000000E-015
14.207	1.0000000E-015
14.208	1.0000000E-015
14.209	1.0000000E-015
14.21	1.0000000E-015
14.211	1.0000000E-015
14.212	1.0000000E-015
14.213	1.0000000E-015
14.214	1.0000000E-015
14.215	1.0000000E-015
14.216	1.0000000E-015
14.217	1.0000000E-015
14.218	1.0000000E-015
14.219	1.0000000E-015
14.22	1.0000000E-015
14.221	1.0000000E-015
14.222	1.0000000E-015
14.223	1.0000000E-015
14.224	1.0000000E-015
14.225	1.0000000E-015
14.226	1.0000000E-015
14.227	1.0000000E-015
14.228	1.0000000E-015
14.229	1.0000000E-015
14.23	1.0000000E-015
14.231	1.0000000E-015
14.232	1.0000000E-015
14.233	1.0000000E-015
14.234	1.0000000E-015
14.235	1.0000000E-015
14.236	1.0000000E-015
14.237	1.0000000E-015
14.238	1.0000000E-015
14.239	1.0000000E-015
14.24	1.0000000E-015
14.241	1.0000000E-015
14.242	1.0000000E-015
14.243	1.0000000E-015
14.244	1.0000000E-015
14.245	1.0000000E-015
14.246	1.0000000E-015
14.247	1.0000000E-015
14.248	1.0000000E-015
14.249	1.0000000E-015
14.25	1.0000000E-015
14.251	1.0000000E-015
14.252	1.0000000E-015
14.253	1.0000000E-015
14.254	1.0000000E-015
14.255	1.0000000E-015
14.256	1.0000000E-015
14.257	1.0000000E-015
14.258	1.0000000E-015
14.259	1.0000000E-015
14.26	1.0000000E-015
14.261	1.0000000E-015
14.262	1.0000000E-015
14.263	1.0000000E-015
14.264	1.0000000E-015
14.265	1.0000000E-015
14.266	1.0000000E-015
14.267	1.0000000E-015
14.268	1.0000000E-015
14.269	1.0000000E-015
14.27	1.0000000E-015
14.271	1.0000000E-015
14.272	1.0000000E-015
14.273	1.0000000E-015
14.274	1.0000000E-015
14.275	1.0000000E-015
14.276	1.0000000E-015
14.277	1.0000000E-015
14.278	1.0000000E-015
14.279	1.0000000E-015
14.28	1.0000000E-015
14.281	1.0000000E-015
14.282	1.0000000E-015
14.283	1.0000000E-015
14.284	1.0000000E-015
14.285	1.0000000E-015
14.286	1.0000000E-015
14.287	1.0000000E-015
14.288	1.0000000E-015
14.289	1.0000000E-015
14.29	1.0000000E-015
14.291	1.0000000E-015
14.292	1.0000000E-015
14.293	1.0000000E-015
14.294	1.0000000E-015
14.295	1.0000000E-015
14.296	1.0000000E-015
14.297	1.0000000E-015
14.298	1.0000000E-015
14.299	1.0000000E-015
14.3	1.0000000E-015
14.301	1.0000000E-015
14.302	1.0000000E-015
14.303	1.0000000E-015
14.304	1.0000000E-015
14.305	1.0000000E-015
14.306	1.0000000E-015
14.307	1.0000000E-015
14.308	1.0000000E-015
14.309	1.0000000E-015
14.31	1.0000000E-015
14.311	1.0000000E-015
14.312	1.0000000E-015
14.313	1.0000000E-015
14.314	1.0000000E-015
14.315	1.0000000E-015
14.316	1.0000000E-015
14.317	1.0000000E-015
14.318	1.0000000E-015
14.319	1.0000000E-015
14.32	1.0000000E-015
14.321	1.0000000E-015
14.322	1.0000000E-015
14.323	1.0000000E-015
14.324	1.0000000E-015
14.325	1.0000000E-015
14.326	1.0000000E-015
14.327	1.0000000E-015
14.328	1.0000000E-015
14.329	1.0000000E-015
14.33	1.0000000E-015
14.331	1.0000000E-015
14.332	1.0000000E-015
14.333	1.0000000E-015
14.334	1.0000000E-015
14.335	1.0000000E-015
14.336	1.0000000E-015
14.337	1.0000000E-015
14.338	1.0000000E-015
14.339	1.0000000E-015
14.34	1.0000000E-015
14.341	1.0000000E-015
14.342	1.0000000E-015
14.343	1.0000000E-015
14.344	1.0000000E-015
14.345	1.0000000E-015
14.346	1.0000000E-015
14.347	1.0000000E-015
14.348	1.0000000E-015
14.349	1.0000000E-015
14.35	1.0000000E-015
14.351	1.0000000E-015
14.352	1.0000000E-015
14.353	1.0000000E-015
14.354	1.0000000E-015
14.355	1.0000000E-015
14.356	1.0000000E-015
14.357	1.0000000E-015
14.358	1.0000000E-015
14.359	1.0000000E-015
14.36	1.0000000E-015
14.361	1.0000000E-015
14.362	1.0000000E-015
14.363	1.0000000E-015
14.364	1.0000000E-015
14.365	1.0000000E-015
14.366	1.0000000E-015
14.367	1.0000000E-015
14.368	1.0000000E-015
14.369	1.0000000E-015
14.37	1.0000000E-015
14.371	1.0000000E-015
14.372	1.0000000E-015
14.373	1.0000000E-015
14.374	1.0000000E-015
14.375	1.0000000E-015
14.376	1.0000000E-015
14.377	1.0000000E-015
14.378	1.0000000E-015
14.379	1.0000000E-015
14.38	1.0000000E-015
14.381	1.0000000E-015
14.382	1.0000000E-015
14.383	1.0000000E-015
14.384	1.0000000E-015
14.385	1.0000000E-015
14.386	1.0000000E-015
14.387	1.0000000E-015
14.388	1.0000000E-015
14.389	1.0000000E-015
14.39	1.0000000E-015
14.391	1.0000000E-015
14.392	1.0000000E-015
14.393	1.0000000E-015
14.394	1.0000000E-015
14.395	1.0000000E-015
14.396	1.0000000E-015
14.397	1.0000000E-015
14.398	1.0000000E-015
14.399	1.0000000E-015
14.4	1.0000000E-015
14.401	1.0000000E-015
14.402	1.0000000E-015
14.403	1.0000000E-015
14.404	1.0000000E-015
14.405	1.0000000E-015
14.406	1.0000000E-015
14.407	1.0000000E-015
14.408	1.0000000E-015
14.409	1.0000000E-015
14.41	1.0000000E-015
14.411	1.0000000E-015
14.412	1.0000000E-015
14.413	1.0000000E-015
14.414	1.0000000E-015
14.415	1.0000000E-015
14.416	1.0000000E-015
14.417	1.0000000E-015
14.418	1.0000000E-015
14.419	1.0000000E-015
14.42	1.0000000E-015
14.421	1.0000000E-015
14.422	1.0000000E-015
14.423	1.0000000E-015
14.424	1.0000000E-015
14.425	1.0000000E-015
14.426	1.0000000E-015
14.427	1.0000000E-015
14.428	1.0000000E-015
14.429	1.0000000E-015
14.43	1.0000000E-015
14.431	1.0000000E-015
14.432	1.0000000E-015
14.433	1.0000000E-015
14.434	1.0000000E-015
14.435	1.0000000E-015
14.436	1.0000000E-015
14.437	1.0000000E-015
14.438	1.0000000E-015
14.439	1.0000000E-015
14.44	1.0000000E-015
14.441	1.0000000E-015
14.442	1.0000000E-015
14.443	1.0000000E-015
14.444	1.0000000E-015
14.445	1.0000000E-015
14.446	1.0000000E-015
14.447	1.0000000E-015
14.448	1.0000000E-015
14.449	1.0000000E-015
14.45	1.0000000E-015
14.451	1.0000000E-015
14.452	1.0000000E-015
14.453	1.0000000E-015
14.454	1.0000000E-015
14.455	1.0000000E-015
14.456	1.0000000E-015
14.457	1.0000000E-015
14.458	1.0000000E-015
14.459	1.0000000E-015
14.46	1.0000000E-015
14.461	1.0000000E-015
14.462	1.0000000E-015
14.463	1.0000000E-015
14.464	1.0000000E-015
14.465	1.0000000E-015
14.466	1.0000000E-015
14.467	1.0000000E-015
14.468	1.0000000E-015
14.469	1.0000000E-015
14.47	1.0000000E-015
14.471	1.0000000E-015
14.472	1.0000000E-015
14.473	1.0000000E-015
14.474	1.0000000E-015
14.475	1.0000000E-015
14.476	1.0000000E-015
14.477	1.0000000E-015
14.478	1.0000000E-015
14.479	1.0000000E-015
14.48	1.0000000E-015
14.481	1.0000000E-015
14.482	1.0000000E-015
14.483	1.0000000E-015
14.484	1.0000000E-015
14.485	1.0000000E-015
14.486	1.0000000E-015
14.487	1.0000000E-015
14.488	1.0000000E-015
14.489	1.0000000E-015
14.49	1.0000000E-015
14.491	1.0000000E-015
14.492	1.0000000E-015
14.493	1.0000000E-015
14.494	1.0000000E-015
14.495	1.0000000E-015
14.496	1.0000000E-015
14.497	1.0000000E-015
14.498	1.0000000E-015
14.499	1.0000000E-015
14.5	1.0000000E-015
14.501	1.0000000E-015
14.502	1.0000000E-015
14.503	1.0000000E-015
14.504	1.0000000E-015
14.505	1.0000000E-015
14.506	1.0000000E-015
14.507	1.0000000E-015
14.508	1.0000000E-015
14.509	1.0000000E-015
14.51	1.0000000E-015
14.511	1.0000000E-015
14.512	1.0000000E-015
14.513	1.0000000E-015
14.514	1.0000000E-015
14.515	1.0000000E-015
14.516	1.0000000E-015
14.517	1.0000000E-015
14.518	1.0000000E-015
14.519	1.0000000E-015
14.52	1.0000000E-015
14.521	1.0000000E-015
14.522	1.0000000E-015
14.523	1.0000000E-015
14.524	1.0000000E-015
14.525	1.0000000E-015
14.526	1.0000000E-015
14.527	1.0000000E-015
14.528	1.0000000E-015
14.529	1.0000000E-015
14.53	1.0000000E-015
14.531	1.0000000E-015
14.532	1.0000000E-015
14.533	1.0000000E-015
14.534	1.0000000E-015
14.535	1.0000000E-015
14.536	1.0000000E-015
14.537	1.0000000E-015
14.538	1.0000000E-015
14.539	1.0000000E-015
14.54	1.0000000E-015
14.541	1.0000000E-015
14.542	1.0000000E-015
14.543	1.0000000E-015
14.544	1.0000000E-015
14.545	1.0000000E-015
14.546	1.0000000E-015
14.547	1.0000000E-015
14.548	1.0000000E-015
14.549	1.0000000E-015
14.55	1.0000000E-015
14.551	1.0000000E-015
14.552	1.0000000E-015
14.553	1.0000000E-015
14.554	1.0000000E-015
14.555	1.0000000E-015
14.556	1.0000000E-015
14.557	1.0000000E-015
14.558	1.0000000E-015
14.559	1.0000000E-015
14.56	1.0000000E-015
14.561	1.0000000E-015
14.562	1.0000000E-015
14.563	1.0000000E-015
14.564	1.0000000E-015
14.565	1.0000000E-015
14.566	1.0000000E-015
14.567	1.0000000E-015
14.568	1.0000000E-015
14.569	1.0000000E-015
14.57	1.0000000E-015
14.571	1.0000000E-015
14.572	1.0000000E-015
14.573	1.0000000E-015
14.574	1.0000000E-015
14.575	1.0000000E-015
14.576	1.0000000E-015
14.577	1.0000000E-015
14.578	1.0000000E-015
14.579	1.0000000E-015
14.58	1.0000000E-015
14.581	1.0000000E-015
14.582	1.0000000E-015
14.583	1.0000000E-015
14.584	1.0000000E-015
14.585	1.0000000E-015
14.586	1.0000000E-015
14.587	1.0000000E-015
14.588	1.0000000E-015
14.589	1.0000000E-015
14.59	1.0000000E-015
14.591	1.0000000E-015
14.592	1.0000000E-015
14.593	1.0000000E-015
14.594	1.0000000E-015
14.595	1.0000000E-015
14.596	1.0000000E-015
14.597	1.0000000E-015
14.598	1.0000000E-015
14.599	1.0000000E-015
14.6	1.0000000E-015
14.601	1.0000000E-015
14.602	1.0000000E-015
14.603	1.0000000E-015
14.604	1.0000000E-015
14.605	1.0000000E-015
14.606	1.0000000E-015
14.607	1.0000000E-015
14.608	1.0000000E-015
14.609	1.0000000E-015
14.61	1.0000000E-015
14.611	1.0000000E-015
14.612	1.0000000E-015
14.613	1.0000000E-015
14.614	1.0000000E-015
14.615	1.0000000E-015
14.616	1.0000000E-015
14.617	1.0000000E-015
14.618	1.0000000E-015
14.619	1.0000000E-015
14.62	1.0000000E-015
14.621	1.0000000E-015
14.622	1.0000000E-015
14.623	1.0000000E-015
14.624	1.0000000E-015
14.625	1.0000000E-015
14.626	1.0000000E-015
14.627	1.0000000E-015
14.628	1.0000000E-015
14.629	1.0000000E-015
14.63	1.0000000E-015
14.631	1.0000000E-015
14.632	1.0000000E-015
14.633	1.0000000E-015
14.634	1.0000000E-015
14.635	1.0000000E-015
14.636	1.0000000E-015
14.637	1.0000000E-015
14.638	1.0000000E-015
14.639	1.0000000E-015
14.64	1.0000000E-015
14.641	1.0000000E-015
14.642	1.0000000E-015
14.643	1.0000000E-015
14.644	1.0000000E-015
14.645	1.0000000E-015
14.646	1.0000000E-015
14.647	1.0000000E-015
14.648	1.0000000E-015
14.649	1.0000000E-015
14.65	1.0000000E-015
14.651	1.0000000E-015
14.652	1.0000000E-015
14.653	1.0000000E-015
14.654	1.0000000E-015
14.655	1.0000000E-015
14.656	1.0000000E-015
14.657	1.0000000E-015
14.658	1.0000000E-015
14.659	1.0000000E-015
14.66	1.0000000E-015
14.661	1.0000000E-015
14.662	1.0000000E-015
14.663	1.0000000E-015
14.664	1.0000000E-015
14.665	1.0000000E-015
14.666	1.0000000E-015
14.667	1.0000000E-015
14.668	1.0000000E-015
14.669	1.0000000E-015
14.67	1.0000000E-015
14.671	1.0000000E-015
14.672	1.0000000E-015
14.673	1.0000000E-015
14.674	1.0000000E-015
14.675	1.0000000E-015
14.676	1.0000000E-015
14.677	1.0000000E-015
14.678	1.0000000E-015
14.679	1.0000000E-015
14.68	1.0000000E-015
14.681	1.0000000E-015
14.682	1.0000000E-015
14.683	1.0000000E-015
14.684	1.0000000E-015
14.685	1.0000000E-015
14.686	1.0000000E-015
14.687	1.0000000E-015
14.688	1.0000000E-015
14.689	1.0000000E-015
14.69	1.0000000E-015
14.691	1.0000000E-015
14.692	1.0000000E-015
14.693	1.0000000E-015
14.694	1.0000000E-015
14.695	1.0000000E-015
14.696	1.0000000E-015
14.697	1.0000000E-015
14.698	1.0000000E-015
14.699	1.0000000E-015
14.7	1.0000000E-015
14.701	1.0000000E-015
14.702	1.0000000E-015
14.703	1.0000000E-015
14.704	1.0000000E-015
14.705	1.0000000E-015
14.706	1.0000000E-015
14.707	1.0000000E-015
14.708	1.0000000E-015
14.709	1.0000000E-015
14.71	1.0000000E-015
14.711	1.0000000E-015
14.712	1.0000000E-015
14.713	1.0000000E-015
14.714	1.0000000E-015
14.715	1.0000000E-015
14.716	1.0000000E-015
14.717	1.0000000E-015
14.718	1.0000000E-015
14.719	1.0000000E-015
14.72	1.0000000E-015
14.721	1.0000000E-015
14.722	1.0000000E-015
14.723	1.0000000E-015
14.724	1.0000000E-015
14.725	1.0000000E-015
14.726	1.0000000E-015
14.727	1.0000000E-015
14.728	1.0000000E-015
14.729	1.0000000E-015
14.73	1.0000000E-015
14.731	1.0000000E-015
14.732	1.0000000E-015
14.733	1.0000000E-015
14.734	1.0000000E-015
14.735	1.0000000E-015
14.736	1.0000000E-015
14.737	1.0000000E-015
14.738	1.0000000E-015
14.739	1.0000000E-015
14.74	1.0000000E-015
14.741	1.0000000E-015
14.742	1.0000000E-015
14.743	1.0000000E-015
14.744	1.0000000E-015
14.745	1.0000000E-015
14.746	1.0000000E-015
14.747	1.0000000E-015
14.748	1.0000000E-015
14.749	1.0000000E-015
14.75	1.0000000E-015
14.751	1.0000000E-015
14.752	1.0000000E-015
14.753	1.0000000E-015
14.754	1.0000000E-015
14.755	1.0000000E-015
14.756	1.0000000E-015
14.757	1.0000000E-015
14.758	1.0000000E-015
14.759	1.0000000E-015
14.76	1.0000000E-015
14.761	1.0000000E-015
14.762	1.0000000E-015
14.763	1.0000000E-015
14.764	1.0000000E-015
14.765	1.0000000E-015
14.766	1.0000000E-015
14.767	1.0000000E-015
14.768	1.0000000E-015
14.769	1.0000000E-015
14.77	1.0000000E-015
14.771	1.0000000E-015
14.772	1.0000000E-015
14.773	1.0000000E-015
14.774	1.0000000E-015
14.775	1.0000000E-015
14.776	1.0000000E-015
14.777	1.0000000E-015
14.778	1.0000000E-015
14.779	1.0000000E-015
14.78	1.0000000E-015
14.781	1.0000000E-015
14.782	1.0000000E-015
14.783	1.0000000E-015
14.784	1.0000000E-015
14.785	1.0000000E-015
14.786	1.0000000E-015
14.787	1.0000000E-015
14.788	1.0000000E-015
14.789	1.0000000E-015
14.79	1.0000000E-015
14.791	1.0000000E-015
14.792	1.0000000E-015
14.793	1.0000000E-015
14.794	1.0000000E-015
14.795	1.0000000E-015
14.796	1.0000000E-015
14.797	1.0000000E-015
14.798	1.0000000E-015
14.799	1.0000000E-015
14.8	1.0000000E-015
14.801	1.0000000E-015
14.802	1.0000000E-015
14.803	1.0000000E-015
14.804	1.0000000E-015
14.805	1.0000000E-015
14.806	1.0000000E-015
14.807	1.0000000E-015
14.808	1.0000000E-015
14.809	1.0000000E-015
14.81	1.0000000E-015
14.811	1.0000000E-015
14.812	1.0000000E-015
14.813	1.0000000E-015
14.814	1.0000000E-015
14.815	1.0000000E-015
14.816	1.0000000E-015
14.817	1.0000000E-015
14.818	1.0000000E-015
14.819	1.0000000E-015
14.82	1.0000000E-015
14.821	1.0000000E-015
14.822	1.0000000E-015
14.823	1.0000000E-015
14.824	1.0000000E-015
14.825	1.0000000E-015
14.826	1.0000000E-015
14.827	1.0000000E-015
14.828	1.0000000E-015
14.829	1.0000000E-015
14.83	1.0000000E-015
14.831	1.0000000E-015
14.832	1.0000000E-015
14.833	1.0000000E-015
14.834	1.0000000E-015
14.835	1.0000000E-015
14.836	1.0000000E-015
14.837	1.0000000E-015
14.838	1.0000000E-015
14.839	1.0000000E-015
14.84	1.0000000E-015
14.841	1.0000000E-015
14.842	1.0000000E-015
14.843	1.0000000E-015
14.844	1.0000000E-015
14.845	1.0000000E-015
14.846	1.0000000E-015
14.847	1.0000000E-015
14.848	1.0000000E-015
14.849	1.0000000E-015
14.85	1.0000000E-015
14.851	1.0000000E-015
14.852	1.0000000E-015
14.853	1.0000000E-015
14.854	1.0000000E-015
14.855	1.0000000E-015
14.856	1.0000000E-015
14.857	1.0000000E-015
14.858	1.0000000E-015
14.859	1.0000000E-015
14.86	1.0000000E-015
14.861	1.0000000E-015
14.862	1.0000000E-015
14.863	1.0000000E-015
14.864	1.0000000E-015
14.865	1.0000000E-015
14.866	1.0000000E-015
14.867	1.0000000E-015
14.868	1.0000000E-015
14.869	1.0000000E-015
14.87	1.0000000E-015
14.871	1.0000000E-015
14.872	1.0000000E-015
14.873	1.0000000E-015
14.874	1.0000000E-015
14.875	1.0000000E-015
14.876	1.0000000E-015
14.877	1.0000000E-015
14.878	1.0000000E-015
14.879	1.0000000E-015
14.88	1.0000000E-015
14.881	1.0000000E-015
14.882	1.0000000E-015
14.883	1.0000000E-015
14.884	1.0000000E-015
14.885	1.0000000E-015
14.886	1.0000000E-015
14.887	1.0000000E-015
14.888	1.0000000E-015
14.889	1.0000000E-015
14.89	1.0000000E-015
14.891	1.0000000E-015
14.892	1.0000000E-015
14.893	1.0000000E-015
14.894	1.0000000E-015
14.895	1.0000000E-015
14.896	1.0000000E-015
14.897	1.0000000E-015
14.898	1.0000000E-015
14.899	1.0000000E-015
14.9	1.0000000E-015
14.901	1.0000000E-015
14.902	1.0000000E-015
14.903	1.0000000E-015
14.904	1.0000000E-015
14.905	1.0000000E-015
14.906	1.0000000E-015
14.907	1.0000000E-015
14.908	1.0000000E-015
14.909	1.0000000E-015
14.91	1.0000000E-015
14.911	1.0000000E-015
14.912	1.0000000E-015
14.913	1.0000000E-015
14.914	1.0000000E-015
14.915	1.0000000E-015
14.916	1.0000000E-015
14.917	1.0000000E-015
14.918	1.0000000E-015
14.919	1.0000000E-015
14.92	1.0000000E-015
14.921	1.0000000E-015
14.922	1.0000000E-015
14.923	1.0000000E-015
14.924	1.0000000E-015
14.925	1.0000000E-015
14.926	1.0000000E-015
14.927	1.0000000E-015
14.928	1.0000000E-015
14.929	1.0000000E-015
14.93	1.0000000E-015
14.931	1.0000000E-015
14.932	1.0000000E-015
14.933	1.0000000E-015
14.934	1.0000000E-015
14.935	1.0000000E-015
14.936	1.0000000E-015
14.937	1.0000000E-015
14.938	1.0000000E-015
14.939	1.0000000E-015
14.94	1.0000000E-015
14.941	1.0000000E-015
14.942	1.0000000E-015
14.943	1.0000000E-015
14.944	1.0000000E-015
14.945	1.0000000E-015
14.946	1.0000000E-015
14.947	1.0000000E-015
14.948	1.0000000E-015
14.949	1.0000000E-015
14.95	1.0000000E-015
14.951	1.0000000E-015
14.952	1.0000000E-015
14.953	1.0000000E-015
14.954	1.0000000E-015
14.955	1.0000000E-015
14.956	1.0000000E-015
14.957	1.0000000E-015
14.958	1.0000000E-015
14.959	1.0000000E-015
14.96	1.0000000E-015
14.961	1.0000000E-015
14.962	1.0000000E-015
14.963	1.0000000E-015
14.964	1.0000000E-015
14.965	1.0000000E-015
14.966	1.0000000E-015
14.967	1.0000000E-015
14.968	1.0000000E-015
14.969	1.0000000E-015
14.97	1.0000000E-015
14.971	1.0000000E-015
14.972	1.0000000E-015
14.973	1.0000000E-015
14.974	1.0000000E-015
14.975	1.0000000E-015
14.976	1.0000000E-015
14.977	1.0000000E-015
14.978	1.0000000E-015
14.979	1.0000000E-015
14.98	1.0000000E-015
14.981	1.0000000E-015
14.982	1.0000000E-015
14.983	1.0000000E-015
14.984	1.0000000E-015
14.985	1.0000000E-015
14.986	1.0000000E-015
14.987	1.0000000E-015
14.988	1.0000000E-015
14.989	1.0000000E-015
14.99	1.0000000E-015
14.991	1.0000000E-015
14.992	1.0000000E-015
14.993	1.0000000E-015
14.994	1.0000000E-015
14.995	1.0000000E-015
14.996	1.0000000E-015
14.997	1.0000000E-015
14.998	1.0000000E-015
14.999	1.0000000E-015
15	1.0000000E-015
15.001	1.0000000E-015
15.002	1.0000000E-015
15.003	1.0000000E-015
15.004	1.0000000E-015
15.005	1.0000000E-015
15.006	1.0000000E-015
15.007	1.0000000E-015
15.008	1.0000000E-015
15.009	1.0000000E-015
15.01	1.0000000E-015
15.011	1.0000000E-015
15.012	1.0000000E-015
15.013	1.0000000E-015
15.014	1.0000000E-015
15.015	1.0000000E-015
15.016	1.0000000E-015
15.017	1.0000000E-015
15.018	1.0000000E-015
15.019	1.0000000E-015
15.02	1.0000000E-015
15.021	1.0000000E-015
15.022	1.0000000E-015
15.023	1.0000000E-015
15.024	1.0000000E-015
15.025	1.0000000E-015
15.026	1.0000000E-015
15.027	1.0000000E-015
15.028	1.0000000E-015
15.029	1.0000000E-015
15.03	1.0000000E-015
15.031	1.0000000E-015
15.032	1.0000000E-015
15.033	1.0000000E-015
15.034	1.0000000E-015
15.035	1.0000000E-015
15.036	1.0000000E-015
15.037	1.0000000E-015
15.038	1.0000000E-015
15.039	1.0000000E-015
15.04	1.0000000E-015
15.041	1.0000000E-015
15.042	1.0000000E-015
15.043	1.0000000E-015
15.044	1.0000000E-015
15.045	1.0000000E-015
15.046	1.0000000E-015
15.047	1.0000000E-015
15.048	1.0000000E-015
15.049	1.0000000E-015
15.05	1.0000000E-015
15.051	1.0000000E-015
15.052	1.0000000E-015
15.053	1.0000000E-015
15.054	1.0000000E-015
15.055	1.0000000E-015
15.056	1.0000000E-015
15.057	1.0000000E-015
15.058	1.0000000E-015
15.059	1.0000000E-015
15.06	1.0000000E-015
15.061	1.0000000E-015
15.062	1.0000000E-015
15.063	1.0000000E-015
15.064	1.0000000E-015
15.065	1.0000000E-015
15.066	1.0000000E-015
15.067	1.0000000E-015
15.068	1.0000000E-015
15.069	1.0000000E-015
15.07	1.0000000E-015
15.071	1.0000000E-015
15.072	1.0000000E-015
15.073	1.0000000E-015
15.074	1.0000000E-015
15.075	1.0000000E-015
15.076	1.0000000E-015
15.077	1.0000000E-015
15.078	1.0000000E-015
15.079	1.0000000E-015
15.08	1.0000000E-015
15.081	1.0000000E-015
15.082	1.0000000E-015
15.083	1.0000000E-015
15.084	1.0000000E-015
15.085	1.0000000E-015
15.086	1.0000000E-015
15.087	1.0000000E-015
15.088	1.0000000E-015
15.089	1.0000000E-015
15.09	1.0000000E-015
15.091	1.0000000E-015
15.092	1.0000000E-015
15.093	1.0000000E-015
15.094	1.0000000E-015
15.095	1.0000000E-015
15.096	1.0000000E-015
15.097	1.0000000E-015
15.098	1.0000000E-015
15.099	1.0000000E-015
15.1	1.0000000E-015
15.101	1.0000000E-015
15.102	1.0000000E-015
15.103	1.0000000E-015
15.104	1.0000000E-015
15.105	1.0000000E-015
15.106	1.0000000E-015
15.107	1.0000000E-015
15.108	1.0000000E-015
15.109	1.0000000E-015
15.11	1.0000000E-015
15.111	1.0000000E-015
15.112	1.0000000E-015
15.113	1.0000000E-015
15.114	1.0000000E-015
15.115	1.0000000E-015
15.116	1.0000000E-015
15.117	1.0000000E-015
15.118	1.0000000E-015
15.119	1.0000000E-015
15.12	1.0000000E-015
15.121	1.0000000E-015
15.122	1.0000000E-015
15.123	1.0000000E-015
15.124	1.0000000E-015
15.125	1.0000000E-015
15.126	1.0000000E-015
15.127	1.0000000E-015
15.128	1.0000000E-015
15.129	1.0000000E-015
15.13	1.0000000E-015
15.131	1.0000000E-015
15.132	1.0000000E-015
15.133	1.0000000E-015
15.134	1.0000000E-015
15.135	1.0000000E-015
15.136	1.0000000E-015
15.137	1.0000000E-015
15.138	1.0000000E-015
15.139	1.0000000E-015
15.14	1.0000000E-015
15.141	1.0000000E-015
15.142	1.0000000E-015
15.143	1.0000000E-015
15.144	1.0000000E-015
15.145	1.0000000E-015
15.146	1.0000000E-015
15.147	1.0000000E-015
15.148	1.0000000E-015
15.149	1.0000000E-015
15.15	1.0000000E-015
15.151	1.0000000E-015
15.152	1.0000000E-015
15.153	1.0000000E-015
15.154	1.0000000E-015
15.155	1.0000000E-015
15.156	1.0000000E-015
15.157	1.0000000E-015
15.158	1.0000000E-015
15.159	1.0000000E-015
15.16	1.0000000E-015
15.161	1.0000000E-015
15.162	1.0000000E-015
15.163	1.0000000E-015
15.164	1.0000000E-015
15.165	1.0000000E-015
15.166	1.0000000E-015
15.167	1.0000000E-015
15.168	1.0000000E-015
15.169	1.0000000E-015
15.17	1.0000000E-015
15.171	1.0000000E-015
15.172	1.0000000E-015
15.173	1.0000000E-015
15.174	1.0000000E-015
15.175	1.0000000E-015
15.176	1.0000000E-015
15.177	1.0000000E-015
15.178	1.0000000E-015
15.179	1.0000000E-015
15.18	1.0000000E-015
15.181	1.0000000E-015
15.182	1.0000000E-015
15.183	1.0000000E-015
15.184	1.0000000E-015
15.185	1.0000000E-015
15.186	1.0000000E-015
15.187	1.0000000E-015
15.188	1.0000000E-015
15.189	1.0000000E-015
15.19	1.0000000E-015
15.191	1.0000000E-015
15.192	1.0000000E-015
15.193	1.0000000E-015
15.194	1.0000000E-015
15.195	1.0000000E-015
15.196	1.0000000E-015
15.197	1.0000000E-015
15.198	1.0000000E-015
15.199	1.0000000E-015
15.2	1.0000000E-015
15.201	1.0000000E-015
15.202	1.0000000E-015
15.203	1.0000000E-015
15.204	1.0000000E-015
15.205	1.0000000E-015
15.206	1.0000000E-015
15.207	1.0000000E-015
15.208	1.0000000E-015
15.209	1.0000000E-015
15.21	1.0000000E-015
15.211	1.0000000E-015
15.212	1.0000000E-015
15.213	1.0000000E-015
15.214	1.0000000E-015
15.215	1.0000000E-015
15.216	1.0000000E-015
15.217	1.0000000E-015
15.218	1.0000000E-015
15.219	1.0000000E-015
15.22	1.0000000E-015
15.221	1.0000000E-015
15.222	1.0000000E-015
15.223	1.0000000E-015
15.224	1.0000000E-015
15.225	1.0000000E-015
15.226	1.0000000E-015
15.227	1.0000000E-015
15.228	1.0000000E-015
15.229	1.0000000E-015
15.23	1.0000000E-015
15.231	1.0000000E-015
15.232	1.0000000E-015
15.233	1.0000000E-015
15.234	1.0000000E-015
15.235	1.0000000E-015
15.236	1.0000000E-015
15.237	1.0000000E-015
15.238	1.0000000E-015
15.239	1.0000000E-015
15.24	1.0000000E-015
15.241	1.0000000E-015
15.242	1.0000000E-015
15.243	1.0000000E-015
15.244	1.0000000E-015
15.245	1.0000000E-015
15.246	1.0000000E-015
15.247	1.0000000E-015
15.248	1.0000000E-015
15.249	1.0000000E-015
15.25	1.0000000E-015
15.251	1.0000000E-015
15.252	1.0000000E-015
15.253	1.0000000E-015
15.254	1.0000000E-015
15.255	1.0000000E-015
15.256	1.0000000E-015
15.257	1.0000000E-015
15.258	1.0000000E-015
15.259	1.0000000E-015
15.26	1.0000000E-015
15.261	1.0000000E-015
15.262	1.0000000E-015
15.263	1.0000000E-015
15.264	1.0000000E-015
15.265	1.0000000E-015
15.266	1.0000000E-015
15.267	1.0000000E-015
15.268	1.0000000E-015
15.269	1.0000000E-015
15.27	1.0000000E-015
15.271	1.0000000E-015
15.272	1.0000000E-015
15.273	1.0000000E-015
15.274	1.0000000E-015
15.275	1.0000000E-015
15.276	1.0000000E-015
15.277	1.0000000E-015
15.278	1.0000000E-015
15.279	1.0000000E-015
15.28	1.0000000E-015
15.281	1.0000000E-015
15.282	1.0000000E-015
15.283	1.0000000E-015
15.284	1.0000000E-015
15.285	1.0000000E-015
15.286	1.0000000E-015
15.287	1.0000000E-015
15.288	1.0000000E-015
15.289	1.0000000E-015
15.29	1.0000000E-015
15.291	1.0000000E-015
15.292	1.0000000E-015
15.293	1.0000000E-015
15.294	1.0000000E-015
15.295	1.0000000E-015
15.296	1.0000000E-015
15.297	1.0000000E-015
15.298	1.0000000E-015
15.299	1.0000000E-015
15.3	1.0000000E-015
15.301	1.0000000E-015
15.302	1.0000000E-015
15.303	1.0000000E-015
15.304	1.0000000E-015
15.305	1.0000000E-015
15.306	1.0000000E-015
15.307	1.0000000E-015
15.308	1.0000000E-015
15.309	1.0000000E-015
15.31	1.0000000E-015
15.311	1.0000000E-015
15.312	1.0000000E-015
15.313	1.0000000E-015
15.314	1.0000000E-015
15.315	1.0000000E-015
15.316	1.0000000E-015
15.317	1.0000000E-015
15.318	1.0000000E-015
15.319	1.0000000E-015
15.32	1.0000000E-015
15.321	1.0000000E-015
15.322	1.0000000E-015
15.323	1.0000000E-015
15.324	1.0000000E-015
15.325	1.0000000E-015
15.326	1.0000000E-015
15.327	1.0000000E-015
15.328	1.0000000E-015
15.329	1.0000000E-015
15.33	1.0000000E-015
15.331	1.0000000E-015
15.332	1.0000000E-015
15.333	1.0000000E-015
15.334	1.0000000E-015
15.335	1.0000000E-015
15.336	1.0000000E-015
15.337	1.0000000E-015
15.338	1.0000000E-015
15.339	1.0000000E-015
15.34	1.0000000E-015
15.341	1.0000000E-015
15.342	1.0000000E-015
15.343	1.0000000E-015
15.344	1.0000000E-015
15.345	1.0000000E-015
15.346	1.0000000E-015
15.347	1.0000000E-015
15.348	1.0000000E-015
15.349	1.0000000E-015
15.35	1.0000000E-015
15.351	1.0000000E-015
15.352	1.0000000E-015
15.353	1.0000000E-015
15.354	1.0000000E-015
15.355	1.0000000E-015
15.356	1.0000000E-015
15.357	1.0000000E-015
15.358	1.0000000E-015
15.359	1.0000000E-015
15.36	1.0000000E-015
15.361	1.0000000E-015
15.362	1.0000000E-015
15.363	1.0000000E-015
15.364	1.0000000E-015
15.365	1.0000000E-015
15.366	1.0000000E-015
15.367	1.0000000E-015
15.368	1.0000000E-015
15.369	1.0000000E-015
15.37	1.0000000E-015
15.371	1.0000000E-015
15.372	1.0000000E-015
15.373	1.0000000E-015
15.374	1.0000000E-015
15.375	1.0000000E-015
15.376	1.0000000E-015
15.377	1.0000000E-015
15.378	1.0000000E-015
15.379	1.0000000E-015
15.38	1.0000000E-015
15.381	1.0000000E-015
15.382	1.0000000E-015
15.383	1.0000000E-015
15.384	1.0000000E-015
15.385	1.0000000E-015
15.386	1.0000000E-015
15.387	1.0000000E-015
15.388	1.0000000E-015
15.389	1.0000000E-015
15.39	1.0000000E-015
15.391	1.0000000E-015
15.392	1.0000000E-015
15.393	1.0000000E-015
15.394	1.0000000E-015
15.395	1.0000000E-015
15.396	1.0000000E-015
15.397	1.0000000E-015
15.398	1.0000000E-015
15.399	1.0000000E-015
15.4	1.0000000E-015
15.401	1.0000000E-015
15.402	1.0000000E-015
15.403	1.0000000E-015
15.404	1.0000000E-015
15.405	1.0000000E-015
15.406	1.0000000E-015
15.407	1.0000000E-015
15.408	1.0000000E-015
15.409	1.0000000E-015
15.41	1.0000000E-015
15.411	1.0000000E-015
15.412	1.0000000E-015
15.413	1.0000000E-015
15.414	1.0000000E-015
15.415	1.0000000E-015
15.416	1.0000000E-015
15.417	1.0000000E-015
15.418	1.0000000E-015
15.419	1.0000000E-015
15.42	1.0000000E-015
15.421	1.0000000E-015
15.422	1.0000000E-015
15.423	1.0000000E-015
15.424	1.0000000E-015
15.425	1.0000000E-015
15.426	1.0000000E-015
15.427	1.0000000E-015
15.428	1.0000000E-015
15.429	1.0000000E-015
15.43	1.0000000E-015
15.431	1.0000000E-015
15.432	1.0000000E-015
15.433	1.0000000E-015
15.434	1.0000000E-015
15.435	1.0000000E-015
15.436	1.0000000E-015
15.437	1.0000000E-015
15.438	1.0000000E-015
15.439	1.0000000E-015
15.44	1.0000000E-015
15.441	1.0000000E-015
15.442	1.0000000E-015
15.443	1.0000000E-015
15.444	1.0000000E-015
15.445	1.0000000E-015
15.446	1.0000000E-015
15.447	1.0000000E-015
15.448	1.0000000E-015
15.449	1.0000000E-015
15.45	1.0000000E-015
15.451	1.0000000E-015
15.452	1.0000000E-015
15.453	1.0000000E-015
15.454	1.0000000E-015
15.455	1.0000000E-015
15.456	1.0000000E-015
15.457	1.0000000E-015
15.458	1.0000000E-015
15.459	1.0000000E-015
15.46	1.0000000E-015
15.461	1.0000000E-015
15.462	1.0000000E-015
15.463	1.0000000E-015
15.464	1.0000000E-015
15.465	1.0000000E-015
15.466	1.0000000E-015
15.467	1.0000000E-015
15.468	1.0000000E-015
15.469	1.0000000E-015
15.47	1.0000000E-015
15.471	1.0000000E-015
15.472	1.0000000E-015
15.473	1.0000000E-015
15.474	1.0000000E-015
15.475	1.0000000E-015
15.476	1.0000000E-015
15.477	1.0000000E-015
15.478	1.0000000E-015
15.479	1.0000000E-015
15.48	1.0000000E-015
15.481	1.0000000E-015
15.482	1.0000000E-015
15.483	1.0000000E-015
15.484	1.0000000E-015
15.485	1.0000000E-015
15.486	1.0000000E-015
15.487	1.0000000E-015
15.488	1.0000000E-015
15.489	1.0000000E-015
15.49	1.0000000E-015
15.491	1.0000000E-015
15.492	1.0000000E-015
15.493	1.0000000E-015
15.494	1.0000000E-015
15.495	1.0000000E-015
15.496	1.0000000E-015
15.497	1.0000000E-015
15.498	1.0000000E-015
15.499	1.0000000E-015
15.5	1.0000000E-015
15.501	1.0000000E-015
15.502	1.0000000E-015
15.503	1.0000000E-015
15.504	1.0000000E-015
15.505	1.0000000E-015
15.506	1.0000000E-015
15.507	1.0000000E-015
15.508	1.0000000E-015
15.509	1.0000000E-015
15.51	1.0000000E-015
15.511	1.0000000E-015
15.512	1.0000000E-015
15.513	1.0000000E-015
15.514	1.0000000E-015
15.515	1.0000000E-015
15.516	1.0000000E-015
15.517	1.0000000E-015
15.518	1.0000000E-015
15.519	1.0000000E-015
15.52	1.0000000E-015
15.521	1.0000000E-015
15.522	1.0000000E-015
15.523	1.0000000E-015
15.524	1.0000000E-015
15.525	1.0000000E-015
15.526	1.0000000E-015
15.527	1.0000000E-015
15.528	1.0000000E-015
15.529	1.0000000E-015
15.53	1.0000000E-015
15.531	1.0000000E-015
15.532	1.0000000E-015
15.533	1.0000000E-015
15.534	1.0000000E-015
15.535	1.0000000E-015
15.536	1.0000000E-015
15.537	1.0000000E-015
15.538	1.0000000E-015
15.539	1.0000000E-015
15.54	1.0000000E-015
15.541	1.0000000E-015
15.542	1.0000000E-015
15.543	1.0000000E-015
15.544	1.0000000E-015
15.545	1.0000000E-015
15.546	1.0000000E-015
15.547	1.0000000E-015
15.548	1.0000000E-015
15.549	1.0000000E-015
15.55	1.0000000E-015
15.551	1.0000000E-015
15.552	1.0000000E-015
15.553	1.0000000E-015
15.554	1.0000000E-015
15.555	1.0000000E-015
15.556	1.0000000E-015
15.557	1.0000000E-015
15.558	1.0000000E-015
15.559	1.0000000E-015
15.56	1.0000000E-015
15.561	1.0000000E-015
15.562	1.0000000E-015
15.563	1.0000000E-015
15.564	1.0000000E-015
15.565	1.0000000E-015
15.566	1.0000000E-015
15.567	1.0000000E-015
15.568	1.0000000E-015
15.569	1.0000000E-015
15.57	1.0000000E-015
15.571	1.0000000E-015
15.572	1.0000000E-015
15.573	1.0000000E-015
15.574	1.0000000E-015
15.575	1.0000000E-015
15.576	1.0000000E-015
15.577	1.0000000E-015
15.578	1.0000000E-015
15.579	1.0000000E-015
15.58	1.0000000E-015
15.581	1.0000000E-015
15.582	1.0000000E-015
15.583	1.0000000E-015
15.584	1.0000000E-015
15.585	1.0000000E-015
15.586	1.0000000E-015
15.587	1.0000000E-015
15.588	1.0000000E-015
15.589	1.0000000E-015
15.59	1.0000000E-015
15.591	1.0000000E-015
15.592	1.0000000E-015
15.593	1.0000000E-015
15.594	1.0000000E-015
15.595	1.0000000E-015
15.596	1.0000000E-015
15.597	1.0000000E-015
15.598	1.0000000E-015
15.599	1.0000000E-015
15.6	1.0000000E-015
15.601	1.0000000E-015
15.602	1.0000000E-015
15.603	1.0000000E-015
15.604	1.0000000E-015
15.605	1.0000000E-015
15.606	1.0000000E-015
15.607	1.0000000E-015
15.608	1.0000000E-015
15.609	1.0000000E-015
15.61	1.0000000E-015
15.611	1.0000000E-015
15.612	1.0000000E-015
15.613	1.0000000E-015
15.614	1.0000000E-015
15.615	1.0000000E-015
15.616	1.0000000E-015
15.617	1.0000000E-015
15.618	1.0000000E-015
15.619	1.0000000E-015
15.62	1.0000000E-015
15.621	1.0000000E-015
15.622	1.0000000E-015
15.623	1.0000000E-015
15.624	1.0000000E-015
15.625	1.0000000E-015
15.626	1.0000000E-015
15.627	1.0000000E-015
15.628	1.0000000E-015
15.629	1.0000000E-015
15.63	1.0000000E-015
15.631	1.0000000E-015
15.632	1.0000000E-015
15.633	1.0000000E-015
15.634	1.0000000E-015
15.635	1.0000000E-015
15.636	1.0000000E-015
15.637	1.0000000E-015
15.638	1.0000000E-015
15.639	1.0000000E-015
15.64	1.0000000E-015
15.641	1.0000000E-015
15.642	1.0000000E-015
15.643	1.0000000E-015
15.644	1.0000000E-015
15.645	1.0000000E-015
15.646	1.0000000E-015
15.647	1.0000000E-015
15.648	1.0000000E-015
15.649	1.0000000E-015
15.65	1.0000000E-015
15.651	1.0000000E-015
15.652	1.0000000E-015
15.653	1.0000000E-015
15.654	1.0000000E-015
15.655	1.0000000E-015
15.656	1.0000000E-015
15.657	1.0000000E-015
15.658	1.0000000E-015
15.659	1.0000000E-015
15.66	1.0000000E-015
15.661	1.0000000E-015
15.662	1.0000000E-015
15.663	1.0000000E-015
15.664	1.0000000E-015
15.665	1.0000000E-015
15.666	1.0000000E-015
15.667	1.0000000E-015
15.668	1.0000000E-015
15.669	1.0000000E-015
15.67	1.0000000E-015
15.671	1.0000000E-015
15.672	1.0000000E-015
15.673	1.0000000E-015
15.674	1.0000000E-015
15.675	1.0000000E-015
15.676	1.0000000E-015
15.677	1.0000000E-015
15.678	1.0000000E-015
15.679	1.0000000E-015
15.68	1.0000000E-015
15.681	1.0000000E-015
15.682	1.0000000E-015
15.683	1.0000000E-015
15.684	1.0000000E-015
15.685	1.0000000E-015
15.686	1.0000000E-015
15.687	1.0000000E-015
15.688	1.0000000E-015
15.689	1.0000000E-015
15.69	1.0000000E-015
15.691	1.0000000E-015
15.692	1.0000000E-015
15.693	1.0000000E-015
15.694	1.0000000E-015
15.695	1.0000000E-015
15.696	1.0000000E-015
15.697	1.0000000E-015
15.698	1.0000000E-015
15.699	1.0000000E-015
15.7	1.0000000E-015
15.701	1.0000000E-015
15.702	1.0000000E-015
15.703	1.0000000E-015
15.704	1.0000000E-015
15.705	1.0000000E-015
15.706	1.0000000E-015
15.707	1.0000000E-015
15.708	1.0000000E-015
15.709	1.0000000E-015
15.71	1.0000000E-015
15.711	1.0000000E-015
15.712	1.0000000E-015
15.713	1.0000000E-015
15.714	1.0000000E-015
15.715	1.0000000E-015
15.716	1.0000000E-015
15.717	1.0000000E-015
15.718	1.0000000E-015
15.719	1.0000000E-015
15.72	1.0000000E-015
15.721	1.0000000E-015
15.722	1.0000000E-015
15.723	1.0000000E-015
15.724	1.0000000E-015
15.725	1.0000000E-015
15.726	1.0000000E-015
15.727	1.0000000E-015
15.728	1.0000000E-015
15.729	1.0000000E-015
15.73	1.0000000E-015
15.731	1.0000000E-015
15.732	1.0000000E-015
15.733	1.0000000E-015
15.734	1.0000000E-015
15.735	1.0000000E-015
15.736	1.0000000E-015
15.737	1.0000000E-015
15.738	1.0000000E-015
15.739	1.0000000E-015
15.74	1.0000000E-015
15.741	1.0000000E-015
15.742	1.0000000E-015
15.743	1.0000000E-015
15.744	1.0000000E-015
15.745	1.0000000E-015
15.746	1.0000000E-015
15.747	1.0000000E-015
15.748	1.0000000E-015
15.749	1.0000000E-015
15.75	1.0000000E-015
15.751	1.0000000E-015
15.752	1.0000000E-015
15.753	1.0000000E-015
15.754	1.0000000E-015
15.755	1.0000000E-015
15.756	1.0000000E-015
15.757	1.0000000E-015
15.758	1.0000000E-015
15.759	1.0000000E-015
15.76	1.0000000E-015
15.761	1.0000000E-015
15.762	1.0000000E-015
15.763	1.0000000E-015
15.764	1.0000000E-015
15.765	1.0000000E-015
15.766	1.0000000E-015
15.767	1.0000000E-015
15.768	1.0000000E-015
15.769	1.0000000E-015
15.77	1.0000000E-015
15.771	1.0000000E-015
15.772	1.0000000E-015
15.773	1.0000000E-015
15.774	1.0000000E-015
15.775	1.0000000E-015
15.776	1.0000000E-015
15.777	1.0000000E-015
15.778	1.0000000E-015
15.779	1.0000000E-015
15.78	1.0000000E-015
15.781	1.0000000E-015
15.782	1.0000000E-015
15.783	1.0000000E-015
15.784	1.0000000E-015
15.785	1.0000000E-015
15.786	1.0000000E-015
15.787	1.0000000E-015
15.788	1.0000000E-015
15.789	1.0000000E-015
15.79	1.0000000E-015
15.791	1.0000000E-015
15.792	1.0000000E-015
15.793	1.0000000E-015
15.794	1.0000000E-015
15.795	1.0000000E-015
15.796	1.0000000E-015
15.797	1.0000000E-015
15.798	1.0000000E-015
15.799	1.0000000E-015
15.8	1.0000000E-015
15.801	1.0000000E-015
15.802	1.0000000E-015
15.803	1.0000000E-015
15.804	1.0000000E-015
15.805	1.0000000E-015
15.806	1.0000000E-015
15.807	1.0000000E-015
15.808	1.0000000E-015
15.809	1.0000000E-015
15.81	1.0000000E-015
15.811	1.0000000E-015
15.812	1.0000000E-015
15.813	1.0000000E-015
15.814	1.0000000E-015
15.815	1.0000000E-015
15.816	1.0000000E-015
15.817	1.0000000E-015
15.818	1.0000000E-015
15.819	1.0000000E-015
15.82	1.0000000E-015
15.821	1.0000000E-015
15.822	1.0000000E-015
15.823	1.0000000E-015
15.824	1.0000000E-015
15.825	1.0000000E-015
15.826	1.0000000E-015
15.827	1.0000000E-015
15.828	1.0000000E-015
15.829	1.0000000E-015
15.83	1.0000000E-015
15.831	1.0000000E-015
15.832	1.0000000E-015
15.833	1.0000000E-015
15.834	1.0000000E-015
15.835	1.0000000E-015
15.836	1.0000000E-015
15.837	1.0000000E-015
15.838	1.0000000E-015
15.839	1.0000000E-015
15.84	1.0000000E-015
15.841	1.0000000E-015
15.842	1.0000000E-015
15.843	1.0000000E-015
15.844	1.0000000E-015
15.845	1.0000000E-015
15.846	1.0000000E-015
15.847	1.0000000E-015
15.848	1.0000000E-015
15.849	1.0000000E-015
15.85	1.0000000E-015
15.851	1.0000000E-015
15.852	1.0000000E-015
15.853	1.0000000E-015
15.854	1.0000000E-015
15.855	1.0000000E-015
15.856	1.0000000E-015
15.857	1.0000000E-015
15.858	1.0000000E-015
15.859	1.0000000E-015
15.86	1.0000000E-015
15.861	1.0000000E-015
15.862	1.0000000E-015
15.863	1.0000000E-015
15.864	1.0000000E-015
15.865	1.0000000E-015
15.866	1.0000000E-015
15.867	1.0000000E-015
15.868	1.0000000E-015
15.869	1.0000000E-015
15.87	1.0000000E-015
15.871	1.0000000E-015
15.872	1.0000000E-015
15.873	1.0000000E-015
15.874	1.0000000E-015
15.875	1.0000000E-015
15.876	1.0000000E-015
15.877	1.0000000E-015
15.878	1.0000000E-015
15.879	1.0000000E-015
15.88	1.0000000E-015
15.881	1.0000000E-015
15.882	1.0000000E-015
15.883	1.0000000E-015
15.884	1.0000000E-015
15.885	1.0000000E-015
15.886	1.0000000E-015
15.887	1.0000000E-015
15.888	1.0000000E-015
15.889	1.0000000E-015
15.89	1.0000000E-015
15.891	1.0000000E-015
15.892	1.0000000E-015
15.893	1.0000000E-015
15.894	1.0000000E-015
15.895	1.0000000E-015
15.896	1.0000000E-015
15.897	1.0000000E-015
15.898	1.0000000E-015
15.899	1.0000000E-015
15.9	1.0000000E-015
15.901	1.0000000E-015
15.902	1.0000000E-015
15.903	1.0000000E-015
15.904	1.0000000E-015
15.905	1.0000000E-015
15.906	1.0000000E-015
15.907	1.0000000E-015
15.908	1.0000000E-015
15.909	1.0000000E-015
15.91	1.0000000E-015
15.911	1.0000000E-015
15.912	1.0000000E-015
15.913	1.0000000E-015
15.914	1.0000000E-015
15.915	1.0000000E-015
15.916	1.0000000E-015
15.917	1.0000000E-015
15.918	1.0000000E-015
15.919	1.0000000E-015
15.92	1.0000000E-015
15.921	1.0000000E-015
15.922	1.0000000E-015
15.923	1.0000000E-015
15.924	1.0000000E-015
15.925	1.0000000E-015
15.926	1.0000000E-015
15.927	1.0000000E-015
15.928	1.0000000E-015
15.929	1.0000000E-015
15.93	1.0000000E-015
15.931	1.0000000E-015
15.932	1.0000000E-015
15.933	1.0000000E-015
15.934	1.0000000E-015
15.935	1.0000000E-015
15.936	1.0000000E-015
15.937	1.0000000E-015
15.938	1.0000000E-015
15.939	1.0000000E-015
15.94	1.0000000E-015
15.941	1.0000000E-015
15.942	1.0000000E-015
15.943	1.0000000E-015
15.944	1.0000000E-015
15.945	1.0000000E-015
15.946	1.0000000E-015
15.947	1.0000000E-015
15.948	1.0000000E-015
15.949	1.0000000E-015
15.95	1.0000000E-015
15.951	1.0000000E-015
15.952	1.0000000E-015
15.953	1.0000000E-015
15.954	1.0000000E-015
15.955	1.0000000E-015
15.956	1.0000000E-015
15.957	1.0000000E-015
15.958	1.0000000E-015
15.959	1.0000000E-015
15.96	1.0000000E-015
15.961	1.0000000E-015
15.962	1.0000000E-015
15.963	1.0000000E-015
15.964	1.0000000E-015
15.965	1.0000000E-015
15.966	1.0000000E-015
15.967	1.0000000E-015
15.968	1.0000000E-015
15.969	1.0000000E-015
15.97	1.0000000E-015
15.971	1.0000000E-015
15.972	1.0000000E-015
15.973	1.0000000E-015
15.974	1.0000000E-015
15.975	1.0000000E-015
15.976	1.0000000E-015
15.977	1.0000000E-015
15.978	1.0000000E-015
15.979	1.0000000E-015
15.98	1.0000000E-015
15.981	1.0000000E-015
15.982	1.0000000E-015
15.983	1.0000000E-015
15.984	1.0000000E-015
15.985	1.0000000E-015
15.986	1.0000000E-015
15.987	1.0000000E-015
15.988	1.0000000E-015
15.989	1.0000000E-015
15.99	1.0000000E-015
15.991	1.0000000E-015
15.992	1.0000000E-015
15.993	1.0000000E-015
15.994	1.0000000E-015
15.995	1.0000000E-015
15.996	1.0000000E-015
15.997	1.0000000E-015
15.998	1.0000000E-015
15.999	1.0000000E-015
16	1.0000000E-015
16.001	1.0000000E-015
16.002	1.0000000E-015
16.003	1.0000000E-015
16.004	1.0000000E-015
16.005	1.0000000E-015
16.006	1.0000000E-015
16.007	1.0000000E-015
16.008	1.0000000E-015
16.009	1.0000000E-015
16.01	1.0000000E-015
16.011	1.0000000E-015
16.012	1.0000000E-015
16.013	1.0000000E-015
16.014	1.0000000E-015
16.015	1.0000000E-015
16.016	1.0000000E-015
16.017	1.0000000E-015
16.018	1.0000000E-015
16.019	1.0000000E-015
16.02	1.0000000E-015
16.021	1.0000000E-015
16.022	1.0000000E-015
16.023	1.0000000E-015
16.024	1.0000000E-015
16.025	1.0000000E-015
16.026	1.0000000E-015
16.027	1.0000000E-015
16.028	1.0000000E-015
16.029	1.0000000E-015
16.03	1.0000000E-015
16.031	1.0000000E-015
16.032	1.0000000E-015
16.033	1.0000000E-015
16.034	1.0000000E-015
16.035	1.0000000E-015
16.036	1.0000000E-015
16.037	1.0000000E-015
16.038	1.0000000E-015
16.039	1.0000000E-015
16.04	1.0000000E-015
16.041	1.0000000E-015
16.042	1.0000000E-015
16.043	1.0000000E-015
16.044	1.0000000E-015
16.045	1.0000000E-015
16.046	1.0000000E-015
16.047	1.0000000E-015
16.048	1.0000000E-015
16.049	1.0000000E-015
16.05	1.0000000E-015
16.051	1.0000000E-015
16.052	1.0000000E-015
16.053	1.0000000E-015
16.054	1.0000000E-015
16.055	1.0000000E-015
16.056	1.0000000E-015
16.057	1.0000000E-015
16.058	1.0000000E-015
16.059	1.0000000E-015
16.06	1.0000000E-015
16.061	1.0000000E-015
16.062	1.0000000E-015
16.063	1.0000000E-015
16.064	1.0000000E-015
16.065	1.0000000E-015
16.066	1.0000000E-015
16.067	1.0000000E-015
16.068	1.0000000E-015
16.069	1.0000000E-015
16.07	1.0000000E-015
16.071	1.0000000E-015
16.072	1.0000000E-015
16.073	1.0000000E-015
16.074	1.0000000E-015
16.075	1.0000000E-015
16.076	1.0000000E-015
16.077	1.0000000E-015
16.078	1.0000000E-015
16.079	1.0000000E-015
16.08	1.0000000E-015
16.081	1.0000000E-015
16.082	1.0000000E-015
16.083	1.0000000E-015
16.084	1.0000000E-015
16.085	1.0000000E-015
16.086	1.0000000E-015
16.087	1.0000000E-015
16.088	1.0000000E-015
16.089	1.0000000E-015
16.09	1.0000000E-015
16.091	1.0000000E-015
16.092	1.0000000E-015
16.093	1.0000000E-015
16.094	1.0000000E-015
16.095	1.0000000E-015
16.096	1.0000000E-015
16.097	1.0000000E-015
16.098	1.0000000E-015
16.099	1.0000000E-015
16.1	1.0000000E-015
16.101	1.0000000E-015
16.102	1.0000000E-015
16.103	1.0000000E-015
16.104	1.0000000E-015
16.105	1.0000000E-015
16.106	1.0000000E-015
16.107	1.0000000E-015
16.108	1.0000000E-015
16.109	1.0000000E-015
16.11	1.0000000E-015
16.111	1.0000000E-015
16.112	1.0000000E-015
16.113	1.0000000E-015
16.114	1.0000000E-015
16.115	1.0000000E-015
16.116	1.0000000E-015
16.117	1.0000000E-015
16.118	1.0000000E-015
16.119	1.0000000E-015
16.12	1.0000000E-015
16.121	1.0000000E-015
16.122	1.0000000E-015
16.123	1.0000000E-015
16.124	1.0000000E-015
16.125	1.0000000E-015
16.126	1.0000000E-015
16.127	1.0000000E-015
16.128	1.0000000E-015
16.129	1.0000000E-015
16.13	1.0000000E-015
16.131	1.0000000E-015
16.132	1.0000000E-015
16.133	1.0000000E-015
16.134	1.0000000E-015
16.135	1.0000000E-015
16.136	1.0000000E-015
16.137	1.0000000E-015
16.138	1.0000000E-015
16.139	1.0000000E-015
16.14	1.0000000E-015
16.141	1.0000000E-015
16.142	1.0000000E-015
16.143	1.0000000E-015
16.144	1.0000000E-015
16.145	1.0000000E-015
16.146	1.0000000E-015
16.147	1.0000000E-015
16.148	1.0000000E-015
16.149	1.0000000E-015
16.15	1.0000000E-015
16.151	1.0000000E-015
16.152	1.0000000E-015
16.153	1.0000000E-015
16.154	1.0000000E-015
16.155	1.0000000E-015
16.156	1.0000000E-015
16.157	1.0000000E-015
16.158	1.0000000E-015
16.159	1.0000000E-015
16.16	1.0000000E-015
16.161	1.0000000E-015
16.162	1.0000000E-015
16.163	1.0000000E-015
16.164	1.0000000E-015
16.165	1.0000000E-015
16.166	1.0000000E-015
16.167	1.0000000E-015
16.168	1.0000000E-015
16.169	1.0000000E-015
16.17	1.0000000E-015
16.171	1.0000000E-015
16.172	1.0000000E-015
16.173	1.0000000E-015
16.174	1.0000000E-015
16.175	1.0000000E-015
16.176	1.0000000E-015
16.177	1.0000000E-015
16.178	1.0000000E-015
16.179	1.0000000E-015
16.18	1.0000000E-015
16.181	1.0000000E-015
16.182	1.0000000E-015
16.183	1.0000000E-015
16.184	1.0000000E-015
16.185	1.0000000E-015
16.186	1.0000000E-015
16.187	1.0000000E-015
16.188	1.0000000E-015
16.189	1.0000000E-015
16.19	1.0000000E-015
16.191	1.0000000E-015
16.192	1.0000000E-015
16.193	1.0000000E-015
16.194	1.0000000E-015
16.195	1.0000000E-015
16.196	1.0000000E-015
16.197	1.0000000E-015
16.198	1.0000000E-015
16.199	1.0000000E-015
16.2	1.0000000E-015
16.201	1.0000000E-015
16.202	1.0000000E-015
16.203	1.0000000E-015
16.204	1.0000000E-015
16.205	1.0000000E-015
16.206	1.0000000E-015
16.207	1.0000000E-015
16.208	1.0000000E-015
16.209	1.0000000E-015
16.21	1.0000000E-015
16.211	1.0000000E-015
16.212	1.0000000E-015
16.213	1.0000000E-015
16.214	1.0000000E-015
16.215	1.0000000E-015
16.216	1.0000000E-015
16.217	1.0000000E-015
16.218	1.0000000E-015
16.219	1.0000000E-015
16.22	1.0000000E-015
16.221	1.0000000E-015
16.222	1.0000000E-015
16.223	1.0000000E-015
16.224	1.0000000E-015
16.225	1.0000000E-015
16.226	1.0000000E-015
16.227	1.0000000E-015
16.228	1.0000000E-015
16.229	1.0000000E-015
16.23	1.0000000E-015
16.231	1.0000000E-015
16.232	1.0000000E-015
16.233	1.0000000E-015
16.234	1.0000000E-015
16.235	1.0000000E-015
16.236	1.0000000E-015
16.237	1.0000000E-015
16.238	1.0000000E-015
16.239	1.0000000E-015
16.24	1.0000000E-015
16.241	1.0000000E-015
16.242	1.0000000E-015
16.243	1.0000000E-015
16.244	1.0000000E-015
16.245	1.0000000E-015
16.246	1.0000000E-015
16.247	1.0000000E-015
16.248	1.0000000E-015
16.249	1.0000000E-015
16.25	1.0000000E-015
16.251	1.0000000E-015
16.252	1.0000000E-015
16.253	1.0000000E-015
16.254	1.0000000E-015
16.255	1.0000000E-015
16.256	1.0000000E-015
16.257	1.0000000E-015
16.258	1.0000000E-015
16.259	1.0000000E-015
16.26	1.0000000E-015
16.261	1.0000000E-015
16.262	1.0000000E-015
16.263	1.0000000E-015
16.264	1.0000000E-015
16.265	1.0000000E-015
16.266	1.0000000E-015
16.267	1.0000000E-015
16.268	1.0000000E-015
16.269	1.0000000E-015
16.27	1.0000000E-015
16.271	1.0000000E-015
16.272	1.0000000E-015
16.273	1.0000000E-015
16.274	1.0000000E-015
16.275	1.0000000E-015
16.276	1.0000000E-015
16.277	1.0000000E-015
16.278	1.0000000E-015
16.279	1.0000000E-015
16.28	1.0000000E-015
16.281	1.0000000E-015
16.282	1.0000000E-015
16.283	1.0000000E-015
16.284	1.0000000E-015
16.285	1.0000000E-015
16.286	1.0000000E-015
16.287	1.0000000E-015
16.288	1.0000000E-015
16.289	1.0000000E-015
16.29	1.0000000E-015
16.291	1.0000000E-015
16.292	1.0000000E-015
16.293	1.0000000E-015
16.294	1.0000000E-015
16.295	1.0000000E-015
16.296	1.0000000E-015
16.297	1.0000000E-015
16.298	1.0000000E-015
16.299	1.0000000E-015
16.3	1.0000000E-015
16.301	1.0000000E-015
16.302	1.0000000E-015
16.303	1.0000000E-015
16.304	1.0000000E-015
16.305	1.0000000E-015
16.306	1.0000000E-015
16.307	1.0000000E-015
16.308	1.0000000E-015
16.309	1.0000000E-015
16.31	1.0000000E-015
16.311	1.0000000E-015
16.312	1.0000000E-015
16.313	1.0000000E-015
16.314	1.0000000E-015
16.315	1.0000000E-015
16.316	1.0000000E-015
16.317	1.0000000E-015
16.318	1.0000000E-015
16.319	1.0000000E-015
16.32	1.0000000E-015
16.321	1.0000000E-015
16.322	1.0000000E-015
16.323	1.0000000E-015
16.324	1.0000000E-015
16.325	1.0000000E-015
16.326	1.0000000E-015
16.327	1.0000000E-015
16.328	1.0000000E-015
16.329	1.0000000E-015
16.33	1.0000000E-015
16.331	1.0000000E-015
16.332	1.0000000E-015
16.333	1.0000000E-015
16.334	1.0000000E-015
16.335	1.0000000E-015
16.336	1.0000000E-015
16.337	1.0000000E-015
16.338	1.0000000E-015
16.339	1.0000000E-015
16.34	1.0000000E-015
16.341	1.0000000E-015
16.342	1.0000000E-015
16.343	1.0000000E-015
16.344	1.0000000E-015
16.345	1.0000000E-015
16.346	1.0000000E-015
16.347	1.0000000E-015
16.348	1.0000000E-015
16.349	1.0000000E-015
16.35	1.0000000E-015
16.351	1.0000000E-015
16.352	1.0000000E-015
16.353	1.0000000E-015
16.354	1.0000000E-015
16.355	1.0000000E-015
16.356	1.0000000E-015
16.357	1.0000000E-015
16.358	1.0000000E-015
16.359	1.0000000E-015
16.36	1.0000000E-015
16.361	1.0000000E-015
16.362	1.0000000E-015
16.363	1.0000000E-015
16.364	1.0000000E-015
16.365	1.0000000E-015
16.366	1.0000000E-015
16.367	1.0000000E-015
16.368	1.0000000E-015
16.369	1.0000000E-015
16.37	1.0000000E-015
16.371	1.0000000E-015
16.372	1.0000000E-015
16.373	1.0000000E-015
16.374	1.0000000E-015
16.375	1.0000000E-015
16.376	1.0000000E-015
16.377	1.0000000E-015
16.378	1.0000000E-015
16.379	1.0000000E-015
16.38	1.0000000E-015
16.381	1.0000000E-015
16.382	1.0000000E-015
16.383	1.0000000E-015
16.384	1.0000000E-015
16.385	1.0000000E-015
16.386	1.0000000E-015
16.387	1.0000000E-015
16.388	1.0000000E-015
16.389	1.0000000E-015
16.39	1.0000000E-015
16.391	1.0000000E-015
16.392	1.0000000E-015
16.393	1.0000000E-015
16.394	1.0000000E-015
16.395	1.0000000E-015
16.396	1.0000000E-015
16.397	1.0000000E-015
16.398	1.0000000E-015
16.399	1.0000000E-015
16.4	1.0000000E-015
16.401	1.0000000E-015
16.402	1.0000000E-015
16.403	1.0000000E-015
16.404	1.0000000E-015
16.405	1.0000000E-015
16.406	1.0000000E-015
16.407	1.0000000E-015
16.408	1.0000000E-015
16.409	1.0000000E-015
16.41	1.0000000E-015
16.411	1.0000000E-015
16.412	1.0000000E-015
16.413	1.0000000E-015
16.414	1.0000000E-015
16.415	1.0000000E-015
16.416	1.0000000E-015
16.417	1.0000000E-015
16.418	1.0000000E-015
16.419	1.0000000E-015
16.42	1.0000000E-015
16.421	1.0000000E-015
16.422	1.0000000E-015
16.423	1.0000000E-015
16.424	1.0000000E-015
16.425	1.0000000E-015
16.426	1.0000000E-015
16.427	1.0000000E-015
16.428	1.0000000E-015
16.429	1.0000000E-015
16.43	1.0000000E-015
16.431	1.0000000E-015
16.432	1.0000000E-015
16.433	1.0000000E-015
16.434	1.0000000E-015
16.435	1.0000000E-015
16.436	1.0000000E-015
16.437	1.0000000E-015
16.438	1.0000000E-015
16.439	1.0000000E-015
16.44	1.0000000E-015
16.441	1.0000000E-015
16.442	1.0000000E-015
16.443	1.0000000E-015
16.444	1.0000000E-015
16.445	1.0000000E-015
16.446	1.0000000E-015
16.447	1.0000000E-015
16.448	1.0000000E-015
16.449	1.0000000E-015
16.45	1.0000000E-015
16.451	1.0000000E-015
16.452	1.0000000E-015
16.453	1.0000000E-015
16.454	1.0000000E-015
16.455	1.0000000E-015
16.456	1.0000000E-015
16.457	1.0000000E-015
16.458	1.0000000E-015
16.459	1.0000000E-015
16.46	1.0000000E-015
16.461	1.0000000E-015
16.462	1.0000000E-015
16.463	1.0000000E-015
16.464	1.0000000E-015
16.465	1.0000000E-015
16.466	1.0000000E-015
16.467	1.0000000E-015
16.468	1.0000000E-015
16.469	1.0000000E-015
16.47	1.0000000E-015
16.471	1.0000000E-015
16.472	1.0000000E-015
16.473	1.0000000E-015
16.474	1.0000000E-015
16.475	1.0000000E-015
16.476	1.0000000E-015
16.477	1.0000000E-015
16.478	1.0000000E-015
16.479	1.0000000E-015
16.48	1.0000000E-015
16.481	1.0000000E-015
16.482	1.0000000E-015
16.483	1.0000000E-015
16.484	1.0000000E-015
16.485	1.0000000E-015
16.486	1.0000000E-015
16.487	1.0000000E-015
16.488	1.0000000E-015
16.489	1.0000000E-015
16.49	1.0000000E-015
16.491	1.0000000E-015
16.492	1.0000000E-015
16.493	1.0000000E-015
16.494	1.0000000E-015
16.495	1.0000000E-015
16.496	1.0000000E-015
16.497	1.0000000E-015
16.498	1.0000000E-015
16.499	1.0000000E-015
16.5	1.0000000E-015
16.501	1.0000000E-015
16.502	1.0000000E-015
16.503	1.0000000E-015
16.504	1.0000000E-015
16.505	1.0000000E-015
16.506	1.0000000E-015
16.507	1.0000000E-015
16.508	1.0000000E-015
16.509	1.0000000E-015
16.51	1.0000000E-015
16.511	1.0000000E-015
16.512	1.0000000E-015
16.513	1.0000000E-015
16.514	1.0000000E-015
16.515	1.0000000E-015
16.516	1.0000000E-015
16.517	1.0000000E-015
16.518	1.0000000E-015
16.519	1.0000000E-015
16.52	1.0000000E-015
16.521	1.0000000E-015
16.522	1.0000000E-015
16.523	1.0000000E-015
16.524	1.0000000E-015
16.525	1.0000000E-015
16.526	1.0000000E-015
16.527	1.0000000E-015
16.528	1.0000000E-015
16.529	1.0000000E-015
16.53	1.0000000E-015
16.531	1.0000000E-015
16.532	1.0000000E-015
16.533	1.0000000E-015
16.534	1.0000000E-015
16.535	1.0000000E-015
16.536	1.0000000E-015
16.537	1.0000000E-015
16.538	1.0000000E-015
16.539	1.0000000E-015
16.54	1.0000000E-015
16.541	1.0000000E-015
16.542	1.0000000E-015
16.543	1.0000000E-015
16.544	1.0000000E-015
16.545	1.0000000E-015
16.546	1.0000000E-015
16.547	1.0000000E-015
16.548	1.0000000E-015
16.549	1.0000000E-015
16.55	1.0000000E-015
16.551	1.0000000E-015
16.552	1.0000000E-015
16.553	1.0000000E-015
16.554	1.0000000E-015
16.555	1.0000000E-015
16.556	1.0000000E-015
16.557	1.0000000E-015
16.558	1.0000000E-015
16.559	1.0000000E-015
16.56	1.0000000E-015
16.561	1.0000000E-015
16.562	1.0000000E-015
16.563	1.0000000E-015
16.564	1.0000000E-015
16.565	1.0000000E-015
16.566	1.0000000E-015
16.567	1.0000000E-015
16.568	1.0000000E-015
16.569	1.0000000E-015
16.57	1.0000000E-015
16.571	1.0000000E-015
16.572	1.0000000E-015
16.573	1.0000000E-015
16.574	1.0000000E-015
16.575	1.0000000E-015
16.576	1.0000000E-015
16.577	1.0000000E-015
16.578	1.0000000E-015
16.579	1.0000000E-015
16.58	1.0000000E-015
16.581	1.0000000E-015
16.582	1.0000000E-015
16.583	1.0000000E-015
16.584	1.0000000E-015
16.585	1.0000000E-015
16.586	1.0000000E-015
16.587	1.0000000E-015
16.588	1.0000000E-015
16.589	1.0000000E-015
16.59	1.0000000E-015
16.591	1.0000000E-015
16.592	1.0000000E-015
16.593	1.0000000E-015
16.594	1.0000000E-015
16.595	1.0000000E-015
16.596	1.0000000E-015
16.597	1.0000000E-015
16.598	1.0000000E-015
16.599	1.0000000E-015
16.6	1.0000000E-015
16.601	1.0000000E-015
16.602	1.0000000E-015
16.603	1.0000000E-015
16.604	1.0000000E-015
16.605	1.0000000E-015
16.606	1.0000000E-015
16.607	1.0000000E-015
16.608	1.0000000E-015
16.609	1.0000000E-015
16.61	1.0000000E-015
16.611	1.0000000E-015
16.612	1.0000000E-015
16.613	1.0000000E-015
16.614	1.0000000E-015
16.615	1.0000000E-015
16.616	1.0000000E-015
16.617	1.0000000E-015
16.618	1.0000000E-015
16.619	1.0000000E-015
16.62	1.0000000E-015
16.621	1.0000000E-015
16.622	1.0000000E-015
16.623	1.0000000E-015
16.624	1.0000000E-015
16.625	1.0000000E-015
16.626	1.0000000E-015
16.627	1.0000000E-015
16.628	1.0000000E-015
16.629	1.0000000E-015
16.63	1.0000000E-015
16.631	1.0000000E-015
16.632	1.0000000E-015
16.633	1.0000000E-015
16.634	1.0000000E-015
16.635	1.0000000E-015
16.636	1.0000000E-015
16.637	1.0000000E-015
16.638	1.0000000E-015
16.639	1.0000000E-015
16.64	1.0000000E-015
16.641	1.0000000E-015
16.642	1.0000000E-015
16.643	1.0000000E-015
16.644	1.0000000E-015
16.645	1.0000000E-015
16.646	1.0000000E-015
16.647	1.0000000E-015
16.648	1.0000000E-015
16.649	1.0000000E-015
16.65	1.0000000E-015
16.651	1.0000000E-015
16.652	1.0000000E-015
16.653	1.0000000E-015
16.654	1.0000000E-015
16.655	1.0000000E-015
16.656	1.0000000E-015
16.657	1.0000000E-015
16.658	1.0000000E-015
16.659	1.0000000E-015
16.66	1.0000000E-015
16.661	1.0000000E-015
16.662	1.0000000E-015
16.663	1.0000000E-015
16.664	1.0000000E-015
16.665	1.0000000E-015
16.666	1.0000000E-015
16.667	1.0000000E-015
16.668	1.0000000E-015
16.669	1.0000000E-015
16.67	1.0000000E-015
16.671	1.0000000E-015
16.672	1.0000000E-015
16.673	1.0000000E-015
16.674	1.0000000E-015
16.675	1.0000000E-015
16.676	1.0000000E-015
16.677	1.0000000E-015
16.678	1.0000000E-015
16.679	1.0000000E-015
16.68	1.0000000E-015
16.681	1.0000000E-015
16.682	1.0000000E-015
16.683	1.0000000E-015
16.684	1.0000000E-015
16.685	1.0000000E-015
16.686	1.0000000E-015
16.687	1.0000000E-015
16.688	1.0000000E-015
16.689	1.0000000E-015
16.69	1.0000000E-015
16.691	1.0000000E-015
16.692	1.0000000E-015
16.693	1.0000000E-015
16.694	1.0000000E-015
16.695	1.0000000E-015
16.696	1.0000000E-015
16.697	1.0000000E-015
16.698	1.0000000E-015
16.699	1.0000000E-015
16.7	1.0000000E-015
16.701	1.0000000E-015
16.702	1.0000000E-015
16.703	1.0000000E-015
16.704	1.0000000E-015
16.705	1.0000000E-015
16.706	1.0000000E-015
16.707	1.0000000E-015
16.708	1.0000000E-015
16.709	1.0000000E-015
16.71	1.0000000E-015
16.711	1.0000000E-015
16.712	1.0000000E-015
16.713	1.0000000E-015
16.714	1.0000000E-015
16.715	1.0000000E-015
16.716	1.0000000E-015
16.717	1.0000000E-015
16.718	1.0000000E-015
16.719	1.0000000E-015
16.72	1.0000000E-015
16.721	1.0000000E-015
16.722	1.0000000E-015
16.723	1.0000000E-015
16.724	1.0000000E-015
16.725	1.0000000E-015
16.726	1.0000000E-015
16.727	1.0000000E-015
16.728	1.0000000E-015
16.729	1.0000000E-015
16.73	1.0000000E-015
16.731	1.0000000E-015
16.732	1.0000000E-015
16.733	1.0000000E-015
16.734	1.0000000E-015
16.735	1.0000000E-015
16.736	1.0000000E-015
16.737	1.0000000E-015
16.738	1.0000000E-015
16.739	1.0000000E-015
16.74	1.0000000E-015
16.741	1.0000000E-015
16.742	1.0000000E-015
16.743	1.0000000E-015
16.744	1.0000000E-015
16.745	1.0000000E-015
16.746	1.0000000E-015
16.747	1.0000000E-015
16.748	1.0000000E-015
16.749	1.0000000E-015
16.75	1.0000000E-015
16.751	1.0000000E-015
16.752	1.0000000E-015
16.753	1.0000000E-015
16.754	1.0000000E-015
16.755	1.0000000E-015
16.756	1.0000000E-015
16.757	1.0000000E-015
16.758	1.0000000E-015
16.759	1.0000000E-015
16.76	1.0000000E-015
16.761	1.0000000E-015
16.762	1.0000000E-015
16.763	1.0000000E-015
16.764	1.0000000E-015
16.765	1.0000000E-015
16.766	1.0000000E-015
16.767	1.0000000E-015
16.768	1.0000000E-015
16.769	1.0000000E-015
16.77	1.0000000E-015
16.771	1.0000000E-015
16.772	1.0000000E-015
16.773	1.0000000E-015
16.774	1.0000000E-015
16.775	1.0000000E-015
16.776	1.0000000E-015
16.777	1.0000000E-015
16.778	1.0000000E-015
16.779	1.0000000E-015
16.78	1.0000000E-015
16.781	1.0000000E-015
16.782	1.0000000E-015
16.783	1.0000000E-015
16.784	1.0000000E-015
16.785	1.0000000E-015
16.786	1.0000000E-015
16.787	1.0000000E-015
16.788	1.0000000E-015
16.789	1.0000000E-015
16.79	1.0000000E-015
16.791	1.0000000E-015
16.792	1.0000000E-015
16.793	1.0000000E-015
16.794	1.0000000E-015
16.795	1.0000000E-015
16.796	1.0000000E-015
16.797	1.0000000E-015
16.798	1.0000000E-015
16.799	1.0000000E-015
16.8	1.0000000E-015
16.801	1.0000000E-015
16.802	1.0000000E-015
16.803	1.0000000E-015
16.804	1.0000000E-015
16.805	1.0000000E-015
16.806	1.0000000E-015
16.807	1.0000000E-015
16.808	1.0000000E-015
16.809	1.0000000E-015
16.81	1.0000000E-015
16.811	1.0000000E-015
16.812	1.0000000E-015
16.813	1.0000000E-015
16.814	1.0000000E-015
16.815	1.0000000E-015
16.816	1.0000000E-015
16.817	1.0000000E-015
16.818	1.0000000E-015
16.819	1.0000000E-015
16.82	1.0000000E-015
16.821	1.0000000E-015
16.822	1.0000000E-015
16.823	1.0000000E-015
16.824	1.0000000E-015
16.825	1.0000000E-015
16.826	1.0000000E-015
16.827	1.0000000E-015
16.828	1.0000000E-015
16.829	1.0000000E-015
16.83	1.0000000E-015
16.831	1.0000000E-015
16.832	1.0000000E-015
16.833	1.0000000E-015
16.834	1.0000000E-015
16.835	1.0000000E-015
16.836	1.0000000E-015
16.837	1.0000000E-015
16.838	1.0000000E-015
16.839	1.0000000E-015
16.84	1.0000000E-015
16.841	1.0000000E-015
16.842	1.0000000E-015
16.843	1.0000000E-015
16.844	1.0000000E-015
16.845	1.0000000E-015
16.846	1.0000000E-015
16.847	1.0000000E-015
16.848	1.0000000E-015
16.849	1.0000000E-015
16.85	1.0000000E-015
16.851	1.0000000E-015
16.852	1.0000000E-015
16.853	1.0000000E-015
16.854	1.0000000E-015
16.855	1.0000000E-015
16.856	1.0000000E-015
16.857	1.0000000E-015
16.858	1.0000000E-015
16.859	1.0000000E-015
16.86	1.0000000E-015
16.861	1.0000000E-015
16.862	1.0000000E-015
16.863	1.0000000E-015
16.864	1.0000000E-015
16.865	1.0000000E-015
16.866	1.0000000E-015
16.867	1.0000000E-015
16.868	1.0000000E-015
16.869	1.0000000E-015
16.87	1.0000000E-015
16.871	1.0000000E-015
16.872	1.0000000E-015
16.873	1.0000000E-015
16.874	1.0000000E-015
16.875	1.0000000E-015
16.876	1.0000000E-015
16.877	1.0000000E-015
16.878	1.0000000E-015
16.879	1.0000000E-015
16.88	1.0000000E-015
16.881	1.0000000E-015
16.882	1.0000000E-015
16.883	1.0000000E-015
16.884	1.0000000E-015
16.885	1.0000000E-015
16.886	1.0000000E-015
16.887	1.0000000E-015
16.888	1.0000000E-015
16.889	1.0000000E-015
16.89	1.0000000E-015
16.891	1.0000000E-015
16.892	1.0000000E-015
16.893	1.0000000E-015
16.894	1.0000000E-015
16.895	1.0000000E-015
16.896	1.0000000E-015
16.897	1.0000000E-015
16.898	1.0000000E-015
16.899	1.0000000E-015
16.9	1.0000000E-015
16.901	1.0000000E-015
16.902	1.0000000E-015
16.903	1.0000000E-015
16.904	1.0000000E-015
16.905	1.0000000E-015
16.906	1.0000000E-015
16.907	1.0000000E-015
16.908	1.0000000E-015
16.909	1.0000000E-015
16.91	1.0000000E-015
16.911	1.0000000E-015
16.912	1.0000000E-015
16.913	1.0000000E-015
16.914	1.0000000E-015
16.915	1.0000000E-015
16.916	1.0000000E-015
16.917	1.0000000E-015
16.918	1.0000000E-015
16.919	1.0000000E-015
16.92	1.0000000E-015
16.921	1.0000000E-015
16.922	1.0000000E-015
16.923	1.0000000E-015
16.924	1.0000000E-015
16.925	1.0000000E-015
16.926	1.0000000E-015
16.927	1.0000000E-015
16.928	1.0000000E-015
16.929	1.0000000E-015
16.93	1.0000000E-015
16.931	1.0000000E-015
16.932	1.0000000E-015
16.933	1.0000000E-015
16.934	1.0000000E-015
16.935	1.0000000E-015
16.936	1.0000000E-015
16.937	1.0000000E-015
16.938	1.0000000E-015
16.939	1.0000000E-015
16.94	1.0000000E-015
16.941	1.0000000E-015
16.942	1.0000000E-015
16.943	1.0000000E-015
16.944	1.0000000E-015
16.945	1.0000000E-015
16.946	1.0000000E-015
16.947	1.0000000E-015
16.948	1.0000000E-015
16.949	1.0000000E-015
16.95	1.0000000E-015
16.951	1.0000000E-015
16.952	1.0000000E-015
16.953	1.0000000E-015
16.954	1.0000000E-015
16.955	1.0000000E-015
16.956	1.0000000E-015
16.957	1.0000000E-015
16.958	1.0000000E-015
16.959	1.0000000E-015
16.96	1.0000000E-015
16.961	1.0000000E-015
16.962	1.0000000E-015
16.963	1.0000000E-015
16.964	1.0000000E-015
16.965	1.0000000E-015
16.966	1.0000000E-015
16.967	1.0000000E-015
16.968	1.0000000E-015
16.969	1.0000000E-015
16.97	1.0000000E-015
16.971	1.0000000E-015
16.972	1.0000000E-015
16.973	1.0000000E-015
16.974	1.0000000E-015
16.975	1.0000000E-015
16.976	1.0000000E-015
16.977	1.0000000E-015
16.978	1.0000000E-015
16.979	1.0000000E-015
16.98	1.0000000E-015
16.981	1.0000000E-015
16.982	1.0000000E-015
16.983	1.0000000E-015
16.984	1.0000000E-015
16.985	1.0000000E-015
16.986	1.0000000E-015
16.987	1.0000000E-015
16.988	1.0000000E-015
16.989	1.0000000E-015
16.99	1.0000000E-015
16.991	1.0000000E-015
16.992	1.0000000E-015
16.993	1.0000000E-015
16.994	1.0000000E-015
16.995	1.0000000E-015
16.996	1.0000000E-015
16.997	1.0000000E-015
16.998	1.0000000E-015
16.999	1.0000000E-015
17	1.0000000E-015
17.001	1.0000000E-015
17.002	1.0000000E-015
17.003	1.0000000E-015
17.004	1.0000000E-015
17.005	1.0000000E-015
17.006	1.0000000E-015
17.007	1.0000000E-015
17.008	1.0000000E-015
17.009	1.0000000E-015
17.01	1.0000000E-015
17.011	1.0000000E-015
17.012	1.0000000E-015
17.013	1.0000000E-015
17.014	1.0000000E-015
17.015	1.0000000E-015
17.016	1.0000000E-015
17.017	1.0000000E-015
17.018	1.0000000E-015
17.019	1.0000000E-015
17.02	1.0000000E-015
17.021	1.0000000E-015
17.022	1.0000000E-015
17.023	1.0000000E-015
17.024	1.0000000E-015
17.025	1.0000000E-015
17.026	1.0000000E-015
17.027	1.0000000E-015
17.028	1.0000000E-015
17.029	1.0000000E-015
17.03	1.0000000E-015
17.031	1.0000000E-015
17.032	1.0000000E-015
17.033	1.0000000E-015
17.034	1.0000000E-015
17.035	1.0000000E-015
17.036	1.0000000E-015
17.037	1.0000000E-015
17.038	1.0000000E-015
17.039	1.0000000E-015
17.04	1.0000000E-015
17.041	1.0000000E-015
17.042	1.0000000E-015
17.043	1.0000000E-015
17.044	1.0000000E-015
17.045	1.0000000E-015
17.046	1.0000000E-015
17.047	1.0000000E-015
17.048	1.0000000E-015
17.049	1.0000000E-015
17.05	1.0000000E-015
17.051	1.0000000E-015
17.052	1.0000000E-015
17.053	1.0000000E-015
17.054	1.0000000E-015
17.055	1.0000000E-015
17.056	1.0000000E-015
17.057	1.0000000E-015
17.058	1.0000000E-015
17.059	1.0000000E-015
17.06	1.0000000E-015
17.061	1.0000000E-015
17.062	1.0000000E-015
17.063	1.0000000E-015
17.064	1.0000000E-015
17.065	1.0000000E-015
17.066	1.0000000E-015
17.067	1.0000000E-015
17.068	1.0000000E-015
17.069	1.0000000E-015
17.07	1.0000000E-015
17.071	1.0000000E-015
17.072	1.0000000E-015
17.073	1.0000000E-015
17.074	1.0000000E-015
17.075	1.0000000E-015
17.076	1.0000000E-015
17.077	1.0000000E-015
17.078	1.0000000E-015
17.079	1.0000000E-015
17.08	1.0000000E-015
17.081	1.0000000E-015
17.082	1.0000000E-015
17.083	1.0000000E-015
17.084	1.0000000E-015
17.085	1.0000000E-015
17.086	1.0000000E-015
17.087	1.0000000E-015
17.088	1.0000000E-015
17.089	1.0000000E-015
17.09	1.0000000E-015
17.091	1.0000000E-015
17.092	1.0000000E-015
17.093	1.0000000E-015
17.094	1.0000000E-015
17.095	1.0000000E-015
17.096	1.0000000E-015
17.097	1.0000000E-015
17.098	1.0000000E-015
17.099	1.0000000E-015
17.1	1.0000000E-015
17.101	1.0000000E-015
17.102	1.0000000E-015
17.103	1.0000000E-015
17.104	1.0000000E-015
17.105	1.0000000E-015
17.106	1.0000000E-015
17.107	1.0000000E-015
17.108	1.0000000E-015
17.109	1.0000000E-015
17.11	1.0000000E-015
17.111	1.0000000E-015
17.112	1.0000000E-015
17.113	1.0000000E-015
17.114	1.0000000E-015
17.115	1.0000000E-015
17.116	1.0000000E-015
17.117	1.0000000E-015
17.118	1.0000000E-015
17.119	1.0000000E-015
17.12	1.0000000E-015
17.121	1.0000000E-015
17.122	1.0000000E-015
17.123	1.0000000E-015
17.124	1.0000000E-015
17.125	1.0000000E-015
17.126	1.0000000E-015
17.127	1.0000000E-015
17.128	1.0000000E-015
17.129	1.0000000E-015
17.13	1.0000000E-015
17.131	1.0000000E-015
17.132	1.0000000E-015
17.133	1.0000000E-015
17.134	1.0000000E-015
17.135	1.0000000E-015
17.136	1.0000000E-015
17.137	1.0000000E-015
17.138	1.0000000E-015
17.139	1.0000000E-015
17.14	1.0000000E-015
17.141	1.0000000E-015
17.142	1.0000000E-015
17.143	1.0000000E-015
17.144	1.0000000E-015
17.145	1.0000000E-015
17.146	1.0000000E-015
17.147	1.0000000E-015
17.148	1.0000000E-015
17.149	1.0000000E-015
17.15	1.0000000E-015
17.151	1.0000000E-015
17.152	1.0000000E-015
17.153	1.0000000E-015
17.154	1.0000000E-015
17.155	1.0000000E-015
17.156	1.0000000E-015
17.157	1.0000000E-015
17.158	1.0000000E-015
17.159	1.0000000E-015
17.16	1.0000000E-015
17.161	1.0000000E-015
17.162	1.0000000E-015
17.163	1.0000000E-015
17.164	1.0000000E-015
17.165	1.0000000E-015
17.166	1.0000000E-015
17.167	1.0000000E-015
17.168	1.0000000E-015
17.169	1.0000000E-015
17.17	1.0000000E-015
17.171	1.0000000E-015
17.172	1.0000000E-015
17.173	1.0000000E-015
17.174	1.0000000E-015
17.175	1.0000000E-015
17.176	1.0000000E-015
17.177	1.0000000E-015
17.178	1.0000000E-015
17.179	1.0000000E-015
17.18	1.0000000E-015
17.181	1.0000000E-015
17.182	1.0000000E-015
17.183	1.0000000E-015
17.184	1.0000000E-015
17.185	1.0000000E-015
17.186	1.0000000E-015
17.187	1.0000000E-015
17.188	1.0000000E-015
17.189	1.0000000E-015
17.19	1.0000000E-015
17.191	1.0000000E-015
17.192	1.0000000E-015
17.193	1.0000000E-015
17.194	1.0000000E-015
17.195	1.0000000E-015
17.196	1.0000000E-015
17.197	1.0000000E-015
17.198	1.0000000E-015
17.199	1.0000000E-015
17.2	1.0000000E-015
17.201	1.0000000E-015
17.202	1.0000000E-015
17.203	1.0000000E-015
17.204	1.0000000E-015
17.205	1.0000000E-015
17.206	1.0000000E-015
17.207	1.0000000E-015
17.208	1.0000000E-015
17.209	1.0000000E-015
17.21	1.0000000E-015
17.211	1.0000000E-015
17.212	1.0000000E-015
17.213	1.0000000E-015
17.214	1.0000000E-015
17.215	1.0000000E-015
17.216	1.0000000E-015
17.217	1.0000000E-015
17.218	1.0000000E-015
17.219	1.0000000E-015
17.22	1.0000000E-015
17.221	1.0000000E-015
17.222	1.0000000E-015
17.223	1.0000000E-015
17.224	1.0000000E-015
17.225	1.0000000E-015
17.226	1.0000000E-015
17.227	1.0000000E-015
17.228	1.0000000E-015
17.229	1.0000000E-015
17.23	1.0000000E-015
17.231	1.0000000E-015
17.232	1.0000000E-015
17.233	1.0000000E-015
17.234	1.0000000E-015
17.235	1.0000000E-015
17.236	1.0000000E-015
17.237	1.0000000E-015
17.238	1.0000000E-015
17.239	1.0000000E-015
17.24	1.0000000E-015
17.241	1.0000000E-015
17.242	1.0000000E-015
17.243	1.0000000E-015
17.244	1.0000000E-015
17.245	1.0000000E-015
17.246	1.0000000E-015
17.247	1.0000000E-015
17.248	1.0000000E-015
17.249	1.0000000E-015
17.25	1.0000000E-015
17.251	1.0000000E-015
17.252	1.0000000E-015
17.253	1.0000000E-015
17.254	1.0000000E-015
17.255	1.0000000E-015
17.256	1.0000000E-015
17.257	1.0000000E-015
17.258	1.0000000E-015
17.259	1.0000000E-015
17.26	1.0000000E-015
17.261	1.0000000E-015
17.262	1.0000000E-015
17.263	1.0000000E-015
17.264	1.0000000E-015
17.265	1.0000000E-015
17.266	1.0000000E-015
17.267	1.0000000E-015
17.268	1.0000000E-015
17.269	1.0000000E-015
17.27	1.0000000E-015
17.271	1.0000000E-015
17.272	1.0000000E-015
17.273	1.0000000E-015
17.274	1.0000000E-015
17.275	1.0000000E-015
17.276	1.0000000E-015
17.277	1.0000000E-015
17.278	1.0000000E-015
17.279	1.0000000E-015
17.28	1.0000000E-015
17.281	1.0000000E-015
17.282	1.0000000E-015
17.283	1.0000000E-015
17.284	1.0000000E-015
17.285	1.0000000E-015
17.286	1.0000000E-015
17.287	1.0000000E-015
17.288	1.0000000E-015
17.289	1.0000000E-015
17.29	1.0000000E-015
17.291	1.0000000E-015
17.292	1.0000000E-015
17.293	1.0000000E-015
17.294	1.0000000E-015
17.295	1.0000000E-015
17.296	1.0000000E-015
17.297	1.0000000E-015
17.298	1.0000000E-015
17.299	1.0000000E-015
17.3	1.0000000E-015
17.301	1.0000000E-015
17.302	1.0000000E-015
17.303	1.0000000E-015
17.304	1.0000000E-015
17.305	1.0000000E-015
17.306	1.0000000E-015
17.307	1.0000000E-015
17.308	1.0000000E-015
17.309	1.0000000E-015
17.31	1.0000000E-015
17.311	1.0000000E-015
17.312	1.0000000E-015
17.313	1.0000000E-015
17.314	1.0000000E-015
17.315	1.0000000E-015
17.316	1.0000000E-015
17.317	1.0000000E-015
17.318	1.0000000E-015
17.319	1.0000000E-015
17.32	1.0000000E-015
17.321	1.0000000E-015
17.322	1.0000000E-015
17.323	1.0000000E-015
17.324	1.0000000E-015
17.325	1.0000000E-015
17.326	1.0000000E-015
17.327	1.0000000E-015
17.328	1.0000000E-015
17.329	1.0000000E-015
17.33	1.0000000E-015
17.331	1.0000000E-015
17.332	1.0000000E-015
17.333	1.0000000E-015
17.334	1.0000000E-015
17.335	1.0000000E-015
17.336	1.0000000E-015
17.337	1.0000000E-015
17.338	1.0000000E-015
17.339	1.0000000E-015
17.34	1.0000000E-015
17.341	1.0000000E-015
17.342	1.0000000E-015
17.343	1.0000000E-015
17.344	1.0000000E-015
17.345	1.0000000E-015
17.346	1.0000000E-015
17.347	1.0000000E-015
17.348	1.0000000E-015
17.349	1.0000000E-015
17.35	1.0000000E-015
17.351	1.0000000E-015
17.352	1.0000000E-015
17.353	1.0000000E-015
17.354	1.0000000E-015
17.355	1.0000000E-015
17.356	1.0000000E-015
17.357	1.0000000E-015
17.358	1.0000000E-015
17.359	1.0000000E-015
17.36	1.0000000E-015
17.361	1.0000000E-015
17.362	1.0000000E-015
17.363	1.0000000E-015
17.364	1.0000000E-015
17.365	1.0000000E-015
17.366	1.0000000E-015
17.367	1.0000000E-015
17.368	1.0000000E-015
17.369	1.0000000E-015
17.37	1.0000000E-015
17.371	1.0000000E-015
17.372	1.0000000E-015
17.373	1.0000000E-015
17.374	1.0000000E-015
17.375	1.0000000E-015
17.376	1.0000000E-015
17.377	1.0000000E-015
17.378	1.0000000E-015
17.379	1.0000000E-015
17.38	1.0000000E-015
17.381	1.0000000E-015
17.382	1.0000000E-015
17.383	1.0000000E-015
17.384	1.0000000E-015
17.385	1.0000000E-015
17.386	1.0000000E-015
17.387	1.0000000E-015
17.388	1.0000000E-015
17.389	1.0000000E-015
17.39	1.0000000E-015
17.391	1.0000000E-015
17.392	1.0000000E-015
17.393	1.0000000E-015
17.394	1.0000000E-015
17.395	1.0000000E-015
17.396	1.0000000E-015
17.397	1.0000000E-015
17.398	1.0000000E-015
17.399	1.0000000E-015
17.4	1.0000000E-015
17.401	1.0000000E-015
17.402	1.0000000E-015
17.403	1.0000000E-015
17.404	1.0000000E-015
17.405	1.0000000E-015
17.406	1.0000000E-015
17.407	1.0000000E-015
17.408	1.0000000E-015
17.409	1.0000000E-015
17.41	1.0000000E-015
17.411	1.0000000E-015
17.412	1.0000000E-015
17.413	1.0000000E-015
17.414	1.0000000E-015
17.415	1.0000000E-015
17.416	1.0000000E-015
17.417	1.0000000E-015
17.418	1.0000000E-015
17.419	1.0000000E-015
17.42	1.0000000E-015
17.421	1.0000000E-015
17.422	1.0000000E-015
17.423	1.0000000E-015
17.424	1.0000000E-015
17.425	1.0000000E-015
17.426	1.0000000E-015
17.427	1.0000000E-015
17.428	1.0000000E-015
17.429	1.0000000E-015
17.43	1.0000000E-015
17.431	1.0000000E-015
17.432	1.0000000E-015
17.433	1.0000000E-015
17.434	1.0000000E-015
17.435	1.0000000E-015
17.436	1.0000000E-015
17.437	1.0000000E-015
17.438	1.0000000E-015
17.439	1.0000000E-015
17.44	1.0000000E-015
17.441	1.0000000E-015
17.442	1.0000000E-015
17.443	1.0000000E-015
17.444	1.0000000E-015
17.445	1.0000000E-015
17.446	1.0000000E-015
17.447	1.0000000E-015
17.448	1.0000000E-015
17.449	1.0000000E-015
17.45	1.0000000E-015
17.451	1.0000000E-015
17.452	1.0000000E-015
17.453	1.0000000E-015
17.454	1.0000000E-015
17.455	1.0000000E-015
17.456	1.0000000E-015
17.457	1.0000000E-015
17.458	1.0000000E-015
17.459	1.0000000E-015
17.46	1.0000000E-015
17.461	1.0000000E-015
17.462	1.0000000E-015
17.463	1.0000000E-015
17.464	1.0000000E-015
17.465	1.0000000E-015
17.466	1.0000000E-015
17.467	1.0000000E-015
17.468	1.0000000E-015
17.469	1.0000000E-015
17.47	1.0000000E-015
17.471	1.0000000E-015
17.472	1.0000000E-015
17.473	1.0000000E-015
17.474	1.0000000E-015
17.475	1.0000000E-015
17.476	1.0000000E-015
17.477	1.0000000E-015
17.478	1.0000000E-015
17.479	1.0000000E-015
17.48	1.0000000E-015
17.481	1.0000000E-015
17.482	1.0000000E-015
17.483	1.0000000E-015
17.484	1.0000000E-015
17.485	1.0000000E-015
17.486	1.0000000E-015
17.487	1.0000000E-015
17.488	1.0000000E-015
17.489	1.0000000E-015
17.49	1.0000000E-015
17.491	1.0000000E-015
17.492	1.0000000E-015
17.493	1.0000000E-015
17.494	1.0000000E-015
17.495	1.0000000E-015
17.496	1.0000000E-015
17.497	1.0000000E-015
17.498	1.0000000E-015
17.499	1.0000000E-015
17.5	1.0000000E-015
17.501	1.0000000E-015
17.502	1.0000000E-015
17.503	1.0000000E-015
17.504	1.0000000E-015
17.505	1.0000000E-015
17.506	1.0000000E-015
17.507	1.0000000E-015
17.508	1.0000000E-015
17.509	1.0000000E-015
17.51	1.0000000E-015
17.511	1.0000000E-015
17.512	1.0000000E-015
17.513	1.0000000E-015
17.514	1.0000000E-015
17.515	1.0000000E-015
17.516	1.0000000E-015
17.517	1.0000000E-015
17.518	1.0000000E-015
17.519	1.0000000E-015
17.52	1.0000000E-015
17.521	1.0000000E-015
17.522	1.0000000E-015
17.523	1.0000000E-015
17.524	1.0000000E-015
17.525	1.0000000E-015
17.526	1.0000000E-015
17.527	1.0000000E-015
17.528	1.0000000E-015
17.529	1.0000000E-015
17.53	1.0000000E-015
17.531	1.0000000E-015
17.532	1.0000000E-015
17.533	1.0000000E-015
17.534	1.0000000E-015
17.535	1.0000000E-015
17.536	1.0000000E-015
17.537	1.0000000E-015
17.538	1.0000000E-015
17.539	1.0000000E-015
17.54	1.0000000E-015
17.541	1.0000000E-015
17.542	1.0000000E-015
17.543	1.0000000E-015
17.544	1.0000000E-015
17.545	1.0000000E-015
17.546	1.0000000E-015
17.547	1.0000000E-015
17.548	1.0000000E-015
17.549	1.0000000E-015
17.55	1.0000000E-015
17.551	1.0000000E-015
17.552	1.0000000E-015
17.553	1.0000000E-015
17.554	1.0000000E-015
17.555	1.0000000E-015
17.556	1.0000000E-015
17.557	1.0000000E-015
17.558	1.0000000E-015
17.559	1.0000000E-015
17.56	1.0000000E-015
17.561	1.0000000E-015
17.562	1.0000000E-015
17.563	1.0000000E-015
17.564	1.0000000E-015
17.565	1.0000000E-015
17.566	1.0000000E-015
17.567	1.0000000E-015
17.568	1.0000000E-015
17.569	1.0000000E-015
17.57	1.0000000E-015
17.571	1.0000000E-015
17.572	1.0000000E-015
17.573	1.0000000E-015
17.574	1.0000000E-015
17.575	1.0000000E-015
17.576	1.0000000E-015
17.577	1.0000000E-015
17.578	1.0000000E-015
17.579	1.0000000E-015
17.58	1.0000000E-015
17.581	1.0000000E-015
17.582	1.0000000E-015
17.583	1.0000000E-015
17.584	1.0000000E-015
17.585	1.0000000E-015
17.586	1.0000000E-015
17.587	1.0000000E-015
17.588	1.0000000E-015
17.589	1.0000000E-015
17.59	1.0000000E-015
17.591	1.0000000E-015
17.592	1.0000000E-015
17.593	1.0000000E-015
17.594	1.0000000E-015
17.595	1.0000000E-015
17.596	1.0000000E-015
17.597	1.0000000E-015
17.598	1.0000000E-015
17.599	1.0000000E-015
17.6	1.0000000E-015
17.601	1.0000000E-015
17.602	1.0000000E-015
17.603	1.0000000E-015
17.604	1.0000000E-015
17.605	1.0000000E-015
17.606	1.0000000E-015
17.607	1.0000000E-015
17.608	1.0000000E-015
17.609	1.0000000E-015
17.61	1.0000000E-015
17.611	1.0000000E-015
17.612	1.0000000E-015
17.613	1.0000000E-015
17.614	1.0000000E-015
17.615	1.0000000E-015
17.616	1.0000000E-015
17.617	1.0000000E-015
17.618	1.0000000E-015
17.619	1.0000000E-015
17.62	1.0000000E-015
17.621	1.0000000E-015
17.622	1.0000000E-015
17.623	1.0000000E-015
17.624	1.0000000E-015
17.625	1.0000000E-015
17.626	1.0000000E-015
17.627	1.0000000E-015
17.628	1.0000000E-015
17.629	1.0000000E-015
17.63	1.0000000E-015
17.631	1.0000000E-015
17.632	1.0000000E-015
17.633	1.0000000E-015
17.634	1.0000000E-015
17.635	1.0000000E-015
17.636	1.0000000E-015
17.637	1.0000000E-015
17.638	1.0000000E-015
17.639	1.0000000E-015
17.64	1.0000000E-015
17.641	1.0000000E-015
17.642	1.0000000E-015
17.643	1.0000000E-015
17.644	1.0000000E-015
17.645	1.0000000E-015
17.646	1.0000000E-015
17.647	1.0000000E-015
17.648	1.0000000E-015
17.649	1.0000000E-015
17.65	1.0000000E-015
17.651	1.0000000E-015
17.652	1.0000000E-015
17.653	1.0000000E-015
17.654	1.0000000E-015
17.655	1.0000000E-015
17.656	1.0000000E-015
17.657	1.0000000E-015
17.658	1.0000000E-015
17.659	1.0000000E-015
17.66	1.0000000E-015
17.661	1.0000000E-015
17.662	1.0000000E-015
17.663	1.0000000E-015
17.664	1.0000000E-015
17.665	1.0000000E-015
17.666	1.0000000E-015
17.667	1.0000000E-015
17.668	1.0000000E-015
17.669	1.0000000E-015
17.67	1.0000000E-015
17.671	1.0000000E-015
17.672	1.0000000E-015
17.673	1.0000000E-015
17.674	1.0000000E-015
17.675	1.0000000E-015
17.676	1.0000000E-015
17.677	1.0000000E-015
17.678	1.0000000E-015
17.679	1.0000000E-015
17.68	1.0000000E-015
17.681	1.0000000E-015
17.682	1.0000000E-015
17.683	1.0000000E-015
17.684	1.0000000E-015
17.685	1.0000000E-015
17.686	1.0000000E-015
17.687	1.0000000E-015
17.688	1.0000000E-015
17.689	1.0000000E-015
17.69	1.0000000E-015
17.691	1.0000000E-015
17.692	1.0000000E-015
17.693	1.0000000E-015
17.694	1.0000000E-015
17.695	1.0000000E-015
17.696	1.0000000E-015
17.697	1.0000000E-015
17.698	1.0000000E-015
17.699	1.0000000E-015
17.7	1.0000000E-015
17.701	1.0000000E-015
17.702	1.0000000E-015
17.703	1.0000000E-015
17.704	1.0000000E-015
17.705	1.0000000E-015
17.706	1.0000000E-015
17.707	1.0000000E-015
17.708	1.0000000E-015
17.709	1.0000000E-015
17.71	1.0000000E-015
17.711	1.0000000E-015
17.712	1.0000000E-015
17.713	1.0000000E-015
17.714	1.0000000E-015
17.715	1.0000000E-015
17.716	1.0000000E-015
17.717	1.0000000E-015
17.718	1.0000000E-015
17.719	1.0000000E-015
17.72	1.0000000E-015
17.721	1.0000000E-015
17.722	1.0000000E-015
17.723	1.0000000E-015
17.724	1.0000000E-015
17.725	1.0000000E-015
17.726	1.0000000E-015
17.727	1.0000000E-015
17.728	1.0000000E-015
17.729	1.0000000E-015
17.73	1.0000000E-015
17.731	1.0000000E-015
17.732	1.0000000E-015
17.733	1.0000000E-015
17.734	1.0000000E-015
17.735	1.0000000E-015
17.736	1.0000000E-015
17.737	1.0000000E-015
17.738	1.0000000E-015
17.739	1.0000000E-015
17.74	1.0000000E-015
17.741	1.0000000E-015
17.742	1.0000000E-015
17.743	1.0000000E-015
17.744	1.0000000E-015
17.745	1.0000000E-015
17.746	1.0000000E-015
17.747	1.0000000E-015
17.748	1.0000000E-015
17.749	1.0000000E-015
17.75	1.0000000E-015
17.751	1.0000000E-015
17.752	1.0000000E-015
17.753	1.0000000E-015
17.754	1.0000000E-015
17.755	1.0000000E-015
17.756	1.0000000E-015
17.757	1.0000000E-015
17.758	1.0000000E-015
17.759	1.0000000E-015
17.76	1.0000000E-015
17.761	1.0000000E-015
17.762	1.0000000E-015
17.763	1.0000000E-015
17.764	1.0000000E-015
17.765	1.0000000E-015
17.766	1.0000000E-015
17.767	1.0000000E-015
17.768	1.0000000E-015
17.769	1.0000000E-015
17.77	1.0000000E-015
17.771	1.0000000E-015
17.772	1.0000000E-015
17.773	1.0000000E-015
17.774	1.0000000E-015
17.775	1.0000000E-015
17.776	1.0000000E-015
17.777	1.0000000E-015
17.778	1.0000000E-015
17.779	1.0000000E-015
17.78	1.0000000E-015
17.781	1.0000000E-015
17.782	1.0000000E-015
17.783	1.0000000E-015
17.784	1.0000000E-015
17.785	1.0000000E-015
17.786	1.0000000E-015
17.787	1.0000000E-015
17.788	1.0000000E-015
17.789	1.0000000E-015
17.79	1.0000000E-015
17.791	1.0000000E-015
17.792	1.0000000E-015
17.793	1.0000000E-015
17.794	1.0000000E-015
17.795	1.0000000E-015
17.796	1.0000000E-015
17.797	1.0000000E-015
17.798	1.0000000E-015
17.799	1.0000000E-015
17.8	1.0000000E-015
17.801	1.0000000E-015
17.802	1.0000000E-015
17.803	1.0000000E-015
17.804	1.0000000E-015
17.805	1.0000000E-015
17.806	1.0000000E-015
17.807	1.0000000E-015
17.808	1.0000000E-015
17.809	1.0000000E-015
17.81	1.0000000E-015
17.811	1.0000000E-015
17.812	1.0000000E-015
17.813	1.0000000E-015
17.814	1.0000000E-015
17.815	1.0000000E-015
17.816	1.0000000E-015
17.817	1.0000000E-015
17.818	1.0000000E-015
17.819	1.0000000E-015
17.82	1.0000000E-015
17.821	1.0000000E-015
17.822	1.0000000E-015
17.823	1.0000000E-015
17.824	1.0000000E-015
17.825	1.0000000E-015
17.826	1.0000000E-015
17.827	1.0000000E-015
17.828	1.0000000E-015
17.829	1.0000000E-015
17.83	1.0000000E-015
17.831	1.0000000E-015
17.832	1.0000000E-015
17.833	1.0000000E-015
17.834	1.0000000E-015
17.835	1.0000000E-015
17.836	1.0000000E-015
17.837	1.0000000E-015
17.838	1.0000000E-015
17.839	1.0000000E-015
17.84	1.0000000E-015
17.841	1.0000000E-015
17.842	1.0000000E-015
17.843	1.0000000E-015
17.844	1.0000000E-015
17.845	1.0000000E-015
17.846	1.0000000E-015
17.847	1.0000000E-015
17.848	1.0000000E-015
17.849	1.0000000E-015
17.85	1.0000000E-015
17.851	1.0000000E-015
17.852	1.0000000E-015
17.853	1.0000000E-015
17.854	1.0000000E-015
17.855	1.0000000E-015
17.856	1.0000000E-015
17.857	1.0000000E-015
17.858	1.0000000E-015
17.859	1.0000000E-015
17.86	1.0000000E-015
17.861	1.0000000E-015
17.862	1.0000000E-015
17.863	1.0000000E-015
17.864	1.0000000E-015
17.865	1.0000000E-015
17.866	1.0000000E-015
17.867	1.0000000E-015
17.868	1.0000000E-015
17.869	1.0000000E-015
17.87	1.0000000E-015
17.871	1.0000000E-015
17.872	1.0000000E-015
17.873	1.0000000E-015
17.874	1.0000000E-015
17.875	1.0000000E-015
17.876	1.0000000E-015
17.877	1.0000000E-015
17.878	1.0000000E-015
17.879	1.0000000E-015
17.88	1.0000000E-015
17.881	1.0000000E-015
17.882	1.0000000E-015
17.883	1.0000000E-015
17.884	1.0000000E-015
17.885	1.0000000E-015
17.886	1.0000000E-015
17.887	1.0000000E-015
17.888	1.0000000E-015
17.889	1.0000000E-015
17.89	1.0000000E-015
17.891	1.0000000E-015
17.892	1.0000000E-015
17.893	1.0000000E-015
17.894	1.0000000E-015
17.895	1.0000000E-015
17.896	1.0000000E-015
17.897	1.0000000E-015
17.898	1.0000000E-015
17.899	1.0000000E-015
17.9	1.0000000E-015
17.901	1.0000000E-015
17.902	1.0000000E-015
17.903	1.0000000E-015
17.904	1.0000000E-015
17.905	1.0000000E-015
17.906	1.0000000E-015
17.907	1.0000000E-015
17.908	1.0000000E-015
17.909	1.0000000E-015
17.91	1.0000000E-015
17.911	1.0000000E-015
17.912	1.0000000E-015
17.913	1.0000000E-015
17.914	1.0000000E-015
17.915	1.0000000E-015
17.916	1.0000000E-015
17.917	1.0000000E-015
17.918	1.0000000E-015
17.919	1.0000000E-015
17.92	1.0000000E-015
17.921	1.0000000E-015
17.922	1.0000000E-015
17.923	1.0000000E-015
17.924	1.0000000E-015
17.925	1.0000000E-015
17.926	1.0000000E-015
17.927	1.0000000E-015
17.928	1.0000000E-015
17.929	1.0000000E-015
17.93	1.0000000E-015
17.931	1.0000000E-015
17.932	1.0000000E-015
17.933	1.0000000E-015
17.934	1.0000000E-015
17.935	1.0000000E-015
17.936	1.0000000E-015
17.937	1.0000000E-015
17.938	1.0000000E-015
17.939	1.0000000E-015
17.94	1.0000000E-015
17.941	1.0000000E-015
17.942	1.0000000E-015
17.943	1.0000000E-015
17.944	1.0000000E-015
17.945	1.0000000E-015
17.946	1.0000000E-015
17.947	1.0000000E-015
17.948	1.0000000E-015
17.949	1.0000000E-015
17.95	1.0000000E-015
17.951	1.0000000E-015
17.952	1.0000000E-015
17.953	1.0000000E-015
17.954	1.0000000E-015
17.955	1.0000000E-015
17.956	1.0000000E-015
17.957	1.0000000E-015
17.958	1.0000000E-015
17.959	1.0000000E-015
17.96	1.0000000E-015
17.961	1.0000000E-015
17.962	1.0000000E-015
17.963	1.0000000E-015
17.964	1.0000000E-015
17.965	1.0000000E-015
17.966	1.0000000E-015
17.967	1.0000000E-015
17.968	1.0000000E-015
17.969	1.0000000E-015
17.97	1.0000000E-015
17.971	1.0000000E-015
17.972	1.0000000E-015
17.973	1.0000000E-015
17.974	1.0000000E-015
17.975	1.0000000E-015
17.976	1.0000000E-015
17.977	1.0000000E-015
17.978	1.0000000E-015
17.979	1.0000000E-015
17.98	1.0000000E-015
17.981	1.0000000E-015
17.982	1.0000000E-015
17.983	1.0000000E-015
17.984	1.0000000E-015
17.985	1.0000000E-015
17.986	1.0000000E-015
17.987	1.0000000E-015
17.988	1.0000000E-015
17.989	1.0000000E-015
17.99	1.0000000E-015
17.991	1.0000000E-015
17.992	1.0000000E-015
17.993	1.0000000E-015
17.994	1.0000000E-015
17.995	1.0000000E-015
17.996	1.0000000E-015
17.997	1.0000000E-015
17.998	1.0000000E-015
17.999	1.0000000E-015
18	1.0000000E-015
18.001	1.0000000E-015
18.002	1.0000000E-015
18.003	1.0000000E-015
18.004	1.0000000E-015
18.005	1.0000000E-015
18.006	1.0000000E-015
18.007	1.0000000E-015
18.008	1.0000000E-015
18.009	1.0000000E-015
18.01	1.0000000E-015
18.011	1.0000000E-015
18.012	1.0000000E-015
18.013	1.0000000E-015
18.014	1.0000000E-015
18.015	1.0000000E-015
18.016	1.0000000E-015
18.017	1.0000000E-015
18.018	1.0000000E-015
18.019	1.0000000E-015
18.02	1.0000000E-015
18.021	1.0000000E-015
18.022	1.0000000E-015
18.023	1.0000000E-015
18.024	1.0000000E-015
18.025	1.0000000E-015
18.026	1.0000000E-015
18.027	1.0000000E-015
18.028	1.0000000E-015
18.029	1.0000000E-015
18.03	1.0000000E-015
18.031	1.0000000E-015
18.032	1.0000000E-015
18.033	1.0000000E-015
18.034	1.0000000E-015
18.035	1.0000000E-015
18.036	1.0000000E-015
18.037	1.0000000E-015
18.038	1.0000000E-015
18.039	1.0000000E-015
18.04	1.0000000E-015
18.041	1.0000000E-015
18.042	1.0000000E-015
18.043	1.0000000E-015
18.044	1.0000000E-015
18.045	1.0000000E-015
18.046	1.0000000E-015
18.047	1.0000000E-015
18.048	1.0000000E-015
18.049	1.0000000E-015
18.05	1.0000000E-015
18.051	1.0000000E-015
18.052	1.0000000E-015
18.053	1.0000000E-015
18.054	1.0000000E-015
18.055	1.0000000E-015
18.056	1.0000000E-015
18.057	1.0000000E-015
18.058	1.0000000E-015
18.059	1.0000000E-015
18.06	1.0000000E-015
18.061	1.0000000E-015
18.062	1.0000000E-015
18.063	1.0000000E-015
18.064	1.0000000E-015
18.065	1.0000000E-015
18.066	1.0000000E-015
18.067	1.0000000E-015
18.068	1.0000000E-015
18.069	1.0000000E-015
18.07	1.0000000E-015
18.071	1.0000000E-015
18.072	1.0000000E-015
18.073	1.0000000E-015
18.074	1.0000000E-015
18.075	1.0000000E-015
18.076	1.0000000E-015
18.077	1.0000000E-015
18.078	1.0000000E-015
18.079	1.0000000E-015
18.08	1.0000000E-015
18.081	1.0000000E-015
18.082	1.0000000E-015
18.083	1.0000000E-015
18.084	1.0000000E-015
18.085	1.0000000E-015
18.086	1.0000000E-015
18.087	1.0000000E-015
18.088	1.0000000E-015
18.089	1.0000000E-015
18.09	1.0000000E-015
18.091	1.0000000E-015
18.092	1.0000000E-015
18.093	1.0000000E-015
18.094	1.0000000E-015
18.095	1.0000000E-015
18.096	1.0000000E-015
18.097	1.0000000E-015
18.098	1.0000000E-015
18.099	1.0000000E-015
18.1	1.0000000E-015
18.101	1.0000000E-015
18.102	1.0000000E-015
18.103	1.0000000E-015
18.104	1.0000000E-015
18.105	1.0000000E-015
18.106	1.0000000E-015
18.107	1.0000000E-015
18.108	1.0000000E-015
18.109	1.0000000E-015
18.11	1.0000000E-015
18.111	1.0000000E-015
18.112	1.0000000E-015
18.113	1.0000000E-015
18.114	1.0000000E-015
18.115	1.0000000E-015
18.116	1.0000000E-015
18.117	1.0000000E-015
18.118	1.0000000E-015
18.119	1.0000000E-015
18.12	1.0000000E-015
18.121	1.0000000E-015
18.122	1.0000000E-015
18.123	1.0000000E-015
18.124	1.0000000E-015
18.125	1.0000000E-015
18.126	1.0000000E-015
18.127	1.0000000E-015
18.128	1.0000000E-015
18.129	1.0000000E-015
18.13	1.0000000E-015
18.131	1.0000000E-015
18.132	1.0000000E-015
18.133	1.0000000E-015
18.134	1.0000000E-015
18.135	1.0000000E-015
18.136	1.0000000E-015
18.137	1.0000000E-015
18.138	1.0000000E-015
18.139	1.0000000E-015
18.14	1.0000000E-015
18.141	1.0000000E-015
18.142	1.0000000E-015
18.143	1.0000000E-015
18.144	1.0000000E-015
18.145	1.0000000E-015
18.146	1.0000000E-015
18.147	1.0000000E-015
18.148	1.0000000E-015
18.149	1.0000000E-015
18.15	1.0000000E-015
18.151	1.0000000E-015
18.152	1.0000000E-015
18.153	1.0000000E-015
18.154	1.0000000E-015
18.155	1.0000000E-015
18.156	1.0000000E-015
18.157	1.0000000E-015
18.158	1.0000000E-015
18.159	1.0000000E-015
18.16	1.0000000E-015
18.161	1.0000000E-015
18.162	1.0000000E-015
18.163	1.0000000E-015
18.164	1.0000000E-015
18.165	1.0000000E-015
18.166	1.0000000E-015
18.167	1.0000000E-015
18.168	1.0000000E-015
18.169	1.0000000E-015
18.17	1.0000000E-015
18.171	1.0000000E-015
18.172	1.0000000E-015
18.173	1.0000000E-015
18.174	1.0000000E-015
18.175	1.0000000E-015
18.176	1.0000000E-015
18.177	1.0000000E-015
18.178	1.0000000E-015
18.179	1.0000000E-015
18.18	1.0000000E-015
18.181	1.0000000E-015
18.182	1.0000000E-015
18.183	1.0000000E-015
18.184	1.0000000E-015
18.185	1.0000000E-015
18.186	1.0000000E-015
18.187	1.0000000E-015
18.188	1.0000000E-015
18.189	1.0000000E-015
18.19	1.0000000E-015
18.191	1.0000000E-015
18.192	1.0000000E-015
18.193	1.0000000E-015
18.194	1.0000000E-015
18.195	1.0000000E-015
18.196	1.0000000E-015
18.197	1.0000000E-015
18.198	1.0000000E-015
18.199	1.0000000E-015
18.2	1.0000000E-015
18.201	1.0000000E-015
18.202	1.0000000E-015
18.203	1.0000000E-015
18.204	1.0000000E-015
18.205	1.0000000E-015
18.206	1.0000000E-015
18.207	1.0000000E-015
18.208	1.0000000E-015
18.209	1.0000000E-015
18.21	1.0000000E-015
18.211	1.0000000E-015
18.212	1.0000000E-015
18.213	1.0000000E-015
18.214	1.0000000E-015
18.215	1.0000000E-015
18.216	1.0000000E-015
18.217	1.0000000E-015
18.218	1.0000000E-015
18.219	1.0000000E-015
18.22	1.0000000E-015
18.221	1.0000000E-015
18.222	1.0000000E-015
18.223	1.0000000E-015
18.224	1.0000000E-015
18.225	1.0000000E-015
18.226	1.0000000E-015
18.227	1.0000000E-015
18.228	1.0000000E-015
18.229	1.0000000E-015
18.23	1.0000000E-015
18.231	1.0000000E-015
18.232	1.0000000E-015
18.233	1.0000000E-015
18.234	1.0000000E-015
18.235	1.0000000E-015
18.236	1.0000000E-015
18.237	1.0000000E-015
18.238	1.0000000E-015
18.239	1.0000000E-015
18.24	1.0000000E-015
18.241	1.0000000E-015
18.242	1.0000000E-015
18.243	1.0000000E-015
18.244	1.0000000E-015
18.245	1.0000000E-015
18.246	1.0000000E-015
18.247	1.0000000E-015
18.248	1.0000000E-015
18.249	1.0000000E-015
18.25	1.0000000E-015
18.251	1.0000000E-015
18.252	1.0000000E-015
18.253	1.0000000E-015
18.254	1.0000000E-015
18.255	1.0000000E-015
18.256	1.0000000E-015
18.257	1.0000000E-015
18.258	1.0000000E-015
18.259	1.0000000E-015
18.26	1.0000000E-015
18.261	1.0000000E-015
18.262	1.0000000E-015
18.263	1.0000000E-015
18.264	1.0000000E-015
18.265	1.0000000E-015
18.266	1.0000000E-015
18.267	1.0000000E-015
18.268	1.0000000E-015
18.269	1.0000000E-015
18.27	1.0000000E-015
18.271	1.0000000E-015
18.272	1.0000000E-015
18.273	1.0000000E-015
18.274	1.0000000E-015
18.275	1.0000000E-015
18.276	1.0000000E-015
18.277	1.0000000E-015
18.278	1.0000000E-015
18.279	1.0000000E-015
18.28	1.0000000E-015
18.281	1.0000000E-015
18.282	1.0000000E-015
18.283	1.0000000E-015
18.284	1.0000000E-015
18.285	1.0000000E-015
18.286	1.0000000E-015
18.287	1.0000000E-015
18.288	1.0000000E-015
18.289	1.0000000E-015
18.29	1.0000000E-015
18.291	1.0000000E-015
18.292	1.0000000E-015
18.293	1.0000000E-015
18.294	1.0000000E-015
18.295	1.0000000E-015
18.296	1.0000000E-015
18.297	1.0000000E-015
18.298	1.0000000E-015
18.299	1.0000000E-015
18.3	1.0000000E-015
18.301	1.0000000E-015
18.302	1.0000000E-015
18.303	1.0000000E-015
18.304	1.0000000E-015
18.305	1.0000000E-015
18.306	1.0000000E-015
18.307	1.0000000E-015
18.308	1.0000000E-015
18.309	1.0000000E-015
18.31	1.0000000E-015
18.311	1.0000000E-015
18.312	1.0000000E-015
18.313	1.0000000E-015
18.314	1.0000000E-015
18.315	1.0000000E-015
18.316	1.0000000E-015
18.317	1.0000000E-015
18.318	1.0000000E-015
18.319	1.0000000E-015
18.32	1.0000000E-015
18.321	1.0000000E-015
18.322	1.0000000E-015
18.323	1.0000000E-015
18.324	1.0000000E-015
18.325	1.0000000E-015
18.326	1.0000000E-015
18.327	1.0000000E-015
18.328	1.0000000E-015
18.329	1.0000000E-015
18.33	1.0000000E-015
18.331	1.0000000E-015
18.332	1.0000000E-015
18.333	1.0000000E-015
18.334	1.0000000E-015
18.335	1.0000000E-015
18.336	1.0000000E-015
18.337	1.0000000E-015
18.338	1.0000000E-015
18.339	1.0000000E-015
18.34	1.0000000E-015
18.341	1.0000000E-015
18.342	1.0000000E-015
18.343	1.0000000E-015
18.344	1.0000000E-015
18.345	1.0000000E-015
18.346	1.0000000E-015
18.347	1.0000000E-015
18.348	1.0000000E-015
18.349	1.0000000E-015
18.35	1.0000000E-015
18.351	1.0000000E-015
18.352	1.0000000E-015
18.353	1.0000000E-015
18.354	1.0000000E-015
18.355	1.0000000E-015
18.356	1.0000000E-015
18.357	1.0000000E-015
18.358	1.0000000E-015
18.359	1.0000000E-015
18.36	1.0000000E-015
18.361	1.0000000E-015
18.362	1.0000000E-015
18.363	1.0000000E-015
18.364	1.0000000E-015
18.365	1.0000000E-015
18.366	1.0000000E-015
18.367	1.0000000E-015
18.368	1.0000000E-015
18.369	1.0000000E-015
18.37	1.0000000E-015
18.371	1.0000000E-015
18.372	1.0000000E-015
18.373	1.0000000E-015
18.374	1.0000000E-015
18.375	1.0000000E-015
18.376	1.0000000E-015
18.377	1.0000000E-015
18.378	1.0000000E-015
18.379	1.0000000E-015
18.38	1.0000000E-015
18.381	1.0000000E-015
18.382	1.0000000E-015
18.383	1.0000000E-015
18.384	1.0000000E-015
18.385	1.0000000E-015
18.386	1.0000000E-015
18.387	1.0000000E-015
18.388	1.0000000E-015
18.389	1.0000000E-015
18.39	1.0000000E-015
18.391	1.0000000E-015
18.392	1.0000000E-015
18.393	1.0000000E-015
18.394	1.0000000E-015
18.395	1.0000000E-015
18.396	1.0000000E-015
18.397	1.0000000E-015
18.398	1.0000000E-015
18.399	1.0000000E-015
18.4	1.0000000E-015
18.401	1.0000000E-015
18.402	1.0000000E-015
18.403	1.0000000E-015
18.404	1.0000000E-015
18.405	1.0000000E-015
18.406	1.0000000E-015
18.407	1.0000000E-015
18.408	1.0000000E-015
18.409	1.0000000E-015
18.41	1.0000000E-015
18.411	1.0000000E-015
18.412	1.0000000E-015
18.413	1.0000000E-015
18.414	1.0000000E-015
18.415	1.0000000E-015
18.416	1.0000000E-015
18.417	1.0000000E-015
18.418	1.0000000E-015
18.419	1.0000000E-015
18.42	1.0000000E-015
18.421	1.0000000E-015
18.422	1.0000000E-015
18.423	1.0000000E-015
18.424	1.0000000E-015
18.425	1.0000000E-015
18.426	1.0000000E-015
18.427	1.0000000E-015
18.428	1.0000000E-015
18.429	1.0000000E-015
18.43	1.0000000E-015
18.431	1.0000000E-015
18.432	1.0000000E-015
18.433	1.0000000E-015
18.434	1.0000000E-015
18.435	1.0000000E-015
18.436	1.0000000E-015
18.437	1.0000000E-015
18.438	1.0000000E-015
18.439	1.0000000E-015
18.44	1.0000000E-015
18.441	1.0000000E-015
18.442	1.0000000E-015
18.443	1.0000000E-015
18.444	1.0000000E-015
18.445	1.0000000E-015
18.446	1.0000000E-015
18.447	1.0000000E-015
18.448	1.0000000E-015
18.449	1.0000000E-015
18.45	1.0000000E-015
18.451	1.0000000E-015
18.452	1.0000000E-015
18.453	1.0000000E-015
18.454	1.0000000E-015
18.455	1.0000000E-015
18.456	1.0000000E-015
18.457	1.0000000E-015
18.458	1.0000000E-015
18.459	1.0000000E-015
18.46	1.0000000E-015
18.461	1.0000000E-015
18.462	1.0000000E-015
18.463	1.0000000E-015
18.464	1.0000000E-015
18.465	1.0000000E-015
18.466	1.0000000E-015
18.467	1.0000000E-015
18.468	1.0000000E-015
18.469	1.0000000E-015
18.47	1.0000000E-015
18.471	1.0000000E-015
18.472	1.0000000E-015
18.473	1.0000000E-015
18.474	1.0000000E-015
18.475	1.0000000E-015
18.476	1.0000000E-015
18.477	1.0000000E-015
18.478	1.0000000E-015
18.479	1.0000000E-015
18.48	1.0000000E-015
18.481	1.0000000E-015
18.482	1.0000000E-015
18.483	1.0000000E-015
18.484	1.0000000E-015
18.485	1.0000000E-015
18.486	1.0000000E-015
18.487	1.0000000E-015
18.488	1.0000000E-015
18.489	1.0000000E-015
18.49	1.0000000E-015
18.491	1.0000000E-015
18.492	1.0000000E-015
18.493	1.0000000E-015
18.494	1.0000000E-015
18.495	1.0000000E-015
18.496	1.0000000E-015
18.497	1.0000000E-015
18.498	1.0000000E-015
18.499	1.0000000E-015
18.5	1.0000000E-015
18.501	1.0000000E-015
18.502	1.0000000E-015
18.503	1.0000000E-015
18.504	1.0000000E-015
18.505	1.0000000E-015
18.506	1.0000000E-015
18.507	1.0000000E-015
18.508	1.0000000E-015
18.509	1.0000000E-015
18.51	1.0000000E-015
18.511	1.0000000E-015
18.512	1.0000000E-015
18.513	1.0000000E-015
18.514	1.0000000E-015
18.515	1.0000000E-015
18.516	1.0000000E-015
18.517	1.0000000E-015
18.518	1.0000000E-015
18.519	1.0000000E-015
18.52	1.0000000E-015
18.521	1.0000000E-015
18.522	1.0000000E-015
18.523	1.0000000E-015
18.524	1.0000000E-015
18.525	1.0000000E-015
18.526	1.0000000E-015
18.527	1.0000000E-015
18.528	1.0000000E-015
18.529	1.0000000E-015
18.53	1.0000000E-015
18.531	1.0000000E-015
18.532	1.0000000E-015
18.533	1.0000000E-015
18.534	1.0000000E-015
18.535	1.0000000E-015
18.536	1.0000000E-015
18.537	1.0000000E-015
18.538	1.0000000E-015
18.539	1.0000000E-015
18.54	1.0000000E-015
18.541	1.0000000E-015
18.542	1.0000000E-015
18.543	1.0000000E-015
18.544	1.0000000E-015
18.545	1.0000000E-015
18.546	1.0000000E-015
18.547	1.0000000E-015
18.548	1.0000000E-015
18.549	1.0000000E-015
18.55	1.0000000E-015
18.551	1.0000000E-015
18.552	1.0000000E-015
18.553	1.0000000E-015
18.554	1.0000000E-015
18.555	1.0000000E-015
18.556	1.0000000E-015
18.557	1.0000000E-015
18.558	1.0000000E-015
18.559	1.0000000E-015
18.56	1.0000000E-015
18.561	1.0000000E-015
18.562	1.0000000E-015
18.563	1.0000000E-015
18.564	1.0000000E-015
18.565	1.0000000E-015
18.566	1.0000000E-015
18.567	1.0000000E-015
18.568	1.0000000E-015
18.569	1.0000000E-015
18.57	1.0000000E-015
18.571	1.0000000E-015
18.572	1.0000000E-015
18.573	1.0000000E-015
18.574	1.0000000E-015
18.575	1.0000000E-015
18.576	1.0000000E-015
18.577	1.0000000E-015
18.578	1.0000000E-015
18.579	1.0000000E-015
18.58	1.0000000E-015
18.581	1.0000000E-015
18.582	1.0000000E-015
18.583	1.0000000E-015
18.584	1.0000000E-015
18.585	1.0000000E-015
18.586	1.0000000E-015
18.587	1.0000000E-015
18.588	1.0000000E-015
18.589	1.0000000E-015
18.59	1.0000000E-015
18.591	1.0000000E-015
18.592	1.0000000E-015
18.593	1.0000000E-015
18.594	1.0000000E-015
18.595	1.0000000E-015
18.596	1.0000000E-015
18.597	1.0000000E-015
18.598	1.0000000E-015
18.599	1.0000000E-015
18.6	1.0000000E-015
18.601	1.0000000E-015
18.602	1.0000000E-015
18.603	1.0000000E-015
18.604	1.0000000E-015
18.605	1.0000000E-015
18.606	1.0000000E-015
18.607	1.0000000E-015
18.608	1.0000000E-015
18.609	1.0000000E-015
18.61	1.0000000E-015
18.611	1.0000000E-015
18.612	1.0000000E-015
18.613	1.0000000E-015
18.614	1.0000000E-015
18.615	1.0000000E-015
18.616	1.0000000E-015
18.617	1.0000000E-015
18.618	1.0000000E-015
18.619	1.0000000E-015
18.62	1.0000000E-015
18.621	1.0000000E-015
18.622	1.0000000E-015
18.623	1.0000000E-015
18.624	1.0000000E-015
18.625	1.0000000E-015
18.626	1.0000000E-015
18.627	1.0000000E-015
18.628	1.0000000E-015
18.629	1.0000000E-015
18.63	1.0000000E-015
18.631	1.0000000E-015
18.632	1.0000000E-015
18.633	1.0000000E-015
18.634	1.0000000E-015
18.635	1.0000000E-015
18.636	1.0000000E-015
18.637	1.0000000E-015
18.638	1.0000000E-015
18.639	1.0000000E-015
18.64	1.0000000E-015
18.641	1.0000000E-015
18.642	1.0000000E-015
18.643	1.0000000E-015
18.644	1.0000000E-015
18.645	1.0000000E-015
18.646	1.0000000E-015
18.647	1.0000000E-015
18.648	1.0000000E-015
18.649	1.0000000E-015
18.65	1.0000000E-015
18.651	1.0000000E-015
18.652	1.0000000E-015
18.653	1.0000000E-015
18.654	1.0000000E-015
18.655	1.0000000E-015
18.656	1.0000000E-015
18.657	1.0000000E-015
18.658	1.0000000E-015
18.659	1.0000000E-015
18.66	1.0000000E-015
18.661	1.0000000E-015
18.662	1.0000000E-015
18.663	1.0000000E-015
18.664	1.0000000E-015
18.665	1.0000000E-015
18.666	1.0000000E-015
18.667	1.0000000E-015
18.668	1.0000000E-015
18.669	1.0000000E-015
18.67	1.0000000E-015
18.671	1.0000000E-015
18.672	1.0000000E-015
18.673	1.0000000E-015
18.674	1.0000000E-015
18.675	1.0000000E-015
18.676	1.0000000E-015
18.677	1.0000000E-015
18.678	1.0000000E-015
18.679	1.0000000E-015
18.68	1.0000000E-015
18.681	1.0000000E-015
18.682	1.0000000E-015
18.683	1.0000000E-015
18.684	1.0000000E-015
18.685	1.0000000E-015
18.686	1.0000000E-015
18.687	1.0000000E-015
18.688	1.0000000E-015
18.689	1.0000000E-015
18.69	1.0000000E-015
18.691	1.0000000E-015
18.692	1.0000000E-015
18.693	1.0000000E-015
18.694	1.0000000E-015
18.695	1.0000000E-015
18.696	1.0000000E-015
18.697	1.0000000E-015
18.698	1.0000000E-015
18.699	1.0000000E-015
18.7	1.0000000E-015
18.701	1.0000000E-015
18.702	1.0000000E-015
18.703	1.0000000E-015
18.704	1.0000000E-015
18.705	1.0000000E-015
18.706	1.0000000E-015
18.707	1.0000000E-015
18.708	1.0000000E-015
18.709	1.0000000E-015
18.71	1.0000000E-015
18.711	1.0000000E-015
18.712	1.0000000E-015
18.713	1.0000000E-015
18.714	1.0000000E-015
18.715	1.0000000E-015
18.716	1.0000000E-015
18.717	1.0000000E-015
18.718	1.0000000E-015
18.719	1.0000000E-015
18.72	1.0000000E-015
18.721	1.0000000E-015
18.722	1.0000000E-015
18.723	1.0000000E-015
18.724	1.0000000E-015
18.725	1.0000000E-015
18.726	1.0000000E-015
18.727	1.0000000E-015
18.728	1.0000000E-015
18.729	1.0000000E-015
18.73	1.0000000E-015
18.731	1.0000000E-015
18.732	1.0000000E-015
18.733	1.0000000E-015
18.734	1.0000000E-015
18.735	1.0000000E-015
18.736	1.0000000E-015
18.737	1.0000000E-015
18.738	1.0000000E-015
18.739	1.0000000E-015
18.74	1.0000000E-015
18.741	1.0000000E-015
18.742	1.0000000E-015
18.743	1.0000000E-015
18.744	1.0000000E-015
18.745	1.0000000E-015
18.746	1.0000000E-015
18.747	1.0000000E-015
18.748	1.0000000E-015
18.749	1.0000000E-015
18.75	1.0000000E-015
18.751	1.0000000E-015
18.752	1.0000000E-015
18.753	1.0000000E-015
18.754	1.0000000E-015
18.755	1.0000000E-015
18.756	1.0000000E-015
18.757	1.0000000E-015
18.758	1.0000000E-015
18.759	1.0000000E-015
18.76	1.0000000E-015
18.761	1.0000000E-015
18.762	1.0000000E-015
18.763	1.0000000E-015
18.764	1.0000000E-015
18.765	1.0000000E-015
18.766	1.0000000E-015
18.767	1.0000000E-015
18.768	1.0000000E-015
18.769	1.0000000E-015
18.77	1.0000000E-015
18.771	1.0000000E-015
18.772	1.0000000E-015
18.773	1.0000000E-015
18.774	1.0000000E-015
18.775	1.0000000E-015
18.776	1.0000000E-015
18.777	1.0000000E-015
18.778	1.0000000E-015
18.779	1.0000000E-015
18.78	1.0000000E-015
18.781	1.0000000E-015
18.782	1.0000000E-015
18.783	1.0000000E-015
18.784	1.0000000E-015
18.785	1.0000000E-015
18.786	1.0000000E-015
18.787	1.0000000E-015
18.788	1.0000000E-015
18.789	1.0000000E-015
18.79	1.0000000E-015
18.791	1.0000000E-015
18.792	1.0000000E-015
18.793	1.0000000E-015
18.794	1.0000000E-015
18.795	1.0000000E-015
18.796	1.0000000E-015
18.797	1.0000000E-015
18.798	1.0000000E-015
18.799	1.0000000E-015
18.8	1.0000000E-015
18.801	1.0000000E-015
18.802	1.0000000E-015
18.803	1.0000000E-015
18.804	1.0000000E-015
18.805	1.0000000E-015
18.806	1.0000000E-015
18.807	1.0000000E-015
18.808	1.0000000E-015
18.809	1.0000000E-015
18.81	1.0000000E-015
18.811	1.0000000E-015
18.812	1.0000000E-015
18.813	1.0000000E-015
18.814	1.0000000E-015
18.815	1.0000000E-015
18.816	1.0000000E-015
18.817	1.0000000E-015
18.818	1.0000000E-015
18.819	1.0000000E-015
18.82	1.0000000E-015
18.821	1.0000000E-015
18.822	1.0000000E-015
18.823	1.0000000E-015
18.824	1.0000000E-015
18.825	1.0000000E-015
18.826	1.0000000E-015
18.827	1.0000000E-015
18.828	1.0000000E-015
18.829	1.0000000E-015
18.83	1.0000000E-015
18.831	1.0000000E-015
18.832	1.0000000E-015
18.833	1.0000000E-015
18.834	1.0000000E-015
18.835	1.0000000E-015
18.836	1.0000000E-015
18.837	1.0000000E-015
18.838	1.0000000E-015
18.839	1.0000000E-015
18.84	1.0000000E-015
18.841	1.0000000E-015
18.842	1.0000000E-015
18.843	1.0000000E-015
18.844	1.0000000E-015
18.845	1.0000000E-015
18.846	1.0000000E-015
18.847	1.0000000E-015
18.848	1.0000000E-015
18.849	1.0000000E-015
18.85	1.0000000E-015
18.851	1.0000000E-015
18.852	1.0000000E-015
18.853	1.0000000E-015
18.854	1.0000000E-015
18.855	1.0000000E-015
18.856	1.0000000E-015
18.857	1.0000000E-015
18.858	1.0000000E-015
18.859	1.0000000E-015
18.86	1.0000000E-015
18.861	1.0000000E-015
18.862	1.0000000E-015
18.863	1.0000000E-015
18.864	1.0000000E-015
18.865	1.0000000E-015
18.866	1.0000000E-015
18.867	1.0000000E-015
18.868	1.0000000E-015
18.869	1.0000000E-015
18.87	1.0000000E-015
18.871	1.0000000E-015
18.872	1.0000000E-015
18.873	1.0000000E-015
18.874	1.0000000E-015
18.875	1.0000000E-015
18.876	1.0000000E-015
18.877	1.0000000E-015
18.878	1.0000000E-015
18.879	1.0000000E-015
18.88	1.0000000E-015
18.881	1.0000000E-015
18.882	1.0000000E-015
18.883	1.0000000E-015
18.884	1.0000000E-015
18.885	1.0000000E-015
18.886	1.0000000E-015
18.887	1.0000000E-015
18.888	1.0000000E-015
18.889	1.0000000E-015
18.89	1.0000000E-015
18.891	1.0000000E-015
18.892	1.0000000E-015
18.893	1.0000000E-015
18.894	1.0000000E-015
18.895	1.0000000E-015
18.896	1.0000000E-015
18.897	1.0000000E-015
18.898	1.0000000E-015
18.899	1.0000000E-015
18.9	1.0000000E-015
18.901	1.0000000E-015
18.902	1.0000000E-015
18.903	1.0000000E-015
18.904	1.0000000E-015
18.905	1.0000000E-015
18.906	1.0000000E-015
18.907	1.0000000E-015
18.908	1.0000000E-015
18.909	1.0000000E-015
18.91	1.0000000E-015
18.911	1.0000000E-015
18.912	1.0000000E-015
18.913	1.0000000E-015
18.914	1.0000000E-015
18.915	1.0000000E-015
18.916	1.0000000E-015
18.917	1.0000000E-015
18.918	1.0000000E-015
18.919	1.0000000E-015
18.92	1.0000000E-015
18.921	1.0000000E-015
18.922	1.0000000E-015
18.923	1.0000000E-015
18.924	1.0000000E-015
18.925	1.0000000E-015
18.926	1.0000000E-015
18.927	1.0000000E-015
18.928	1.0000000E-015
18.929	1.0000000E-015
18.93	1.0000000E-015
18.931	1.0000000E-015
18.932	1.0000000E-015
18.933	1.0000000E-015
18.934	1.0000000E-015
18.935	1.0000000E-015
18.936	1.0000000E-015
18.937	1.0000000E-015
18.938	1.0000000E-015
18.939	1.0000000E-015
18.94	1.0000000E-015
18.941	1.0000000E-015
18.942	1.0000000E-015
18.943	1.0000000E-015
18.944	1.0000000E-015
18.945	1.0000000E-015
18.946	1.0000000E-015
18.947	1.0000000E-015
18.948	1.0000000E-015
18.949	1.0000000E-015
18.95	1.0000000E-015
18.951	1.0000000E-015
18.952	1.0000000E-015
18.953	1.0000000E-015
18.954	1.0000000E-015
18.955	1.0000000E-015
18.956	1.0000000E-015
18.957	1.0000000E-015
18.958	1.0000000E-015
18.959	1.0000000E-015
18.96	1.0000000E-015
18.961	1.0000000E-015
18.962	1.0000000E-015
18.963	1.0000000E-015
18.964	1.0000000E-015
18.965	1.0000000E-015
18.966	1.0000000E-015
18.967	1.0000000E-015
18.968	1.0000000E-015
18.969	1.0000000E-015
18.97	1.0000000E-015
18.971	1.0000000E-015
18.972	1.0000000E-015
18.973	1.0000000E-015
18.974	1.0000000E-015
18.975	1.0000000E-015
18.976	1.0000000E-015
18.977	1.0000000E-015
18.978	1.0000000E-015
18.979	1.0000000E-015
18.98	1.0000000E-015
18.981	1.0000000E-015
18.982	1.0000000E-015
18.983	1.0000000E-015
18.984	1.0000000E-015
18.985	1.0000000E-015
18.986	1.0000000E-015
18.987	1.0000000E-015
18.988	1.0000000E-015
18.989	1.0000000E-015
18.99	1.0000000E-015
18.991	1.0000000E-015
18.992	1.0000000E-015
18.993	1.0000000E-015
18.994	1.0000000E-015
18.995	1.0000000E-015
18.996	1.0000000E-015
18.997	1.0000000E-015
18.998	1.0000000E-015
18.999	1.0000000E-015
19	1.0000000E-015
19.001	1.0000000E-015
19.002	1.0000000E-015
19.003	1.0000000E-015
19.004	1.0000000E-015
19.005	1.0000000E-015
19.006	1.0000000E-015
19.007	1.0000000E-015
19.008	1.0000000E-015
19.009	1.0000000E-015
19.01	1.0000000E-015
19.011	1.0000000E-015
19.012	1.0000000E-015
19.013	1.0000000E-015
19.014	1.0000000E-015
19.015	1.0000000E-015
19.016	1.0000000E-015
19.017	1.0000000E-015
19.018	1.0000000E-015
19.019	1.0000000E-015
19.02	1.0000000E-015
19.021	1.0000000E-015
19.022	1.0000000E-015
19.023	1.0000000E-015
19.024	1.0000000E-015
19.025	1.0000000E-015
19.026	1.0000000E-015
19.027	1.0000000E-015
19.028	1.0000000E-015
19.029	1.0000000E-015
19.03	1.0000000E-015
19.031	1.0000000E-015
19.032	1.0000000E-015
19.033	1.0000000E-015
19.034	1.0000000E-015
19.035	1.0000000E-015
19.036	1.0000000E-015
19.037	1.0000000E-015
19.038	1.0000000E-015
19.039	1.0000000E-015
19.04	1.0000000E-015
19.041	1.0000000E-015
19.042	1.0000000E-015
19.043	1.0000000E-015
19.044	1.0000000E-015
19.045	1.0000000E-015
19.046	1.0000000E-015
19.047	1.0000000E-015
19.048	1.0000000E-015
19.049	1.0000000E-015
19.05	1.0000000E-015
19.051	1.0000000E-015
19.052	1.0000000E-015
19.053	1.0000000E-015
19.054	1.0000000E-015
19.055	1.0000000E-015
19.056	1.0000000E-015
19.057	1.0000000E-015
19.058	1.0000000E-015
19.059	1.0000000E-015
19.06	1.0000000E-015
19.061	1.0000000E-015
19.062	1.0000000E-015
19.063	1.0000000E-015
19.064	1.0000000E-015
19.065	1.0000000E-015
19.066	1.0000000E-015
19.067	1.0000000E-015
19.068	1.0000000E-015
19.069	1.0000000E-015
19.07	1.0000000E-015
19.071	1.0000000E-015
19.072	1.0000000E-015
19.073	1.0000000E-015
19.074	1.0000000E-015
19.075	1.0000000E-015
19.076	1.0000000E-015
19.077	1.0000000E-015
19.078	1.0000000E-015
19.079	1.0000000E-015
19.08	1.0000000E-015
19.081	1.0000000E-015
19.082	1.0000000E-015
19.083	1.0000000E-015
19.084	1.0000000E-015
19.085	1.0000000E-015
19.086	1.0000000E-015
19.087	1.0000000E-015
19.088	1.0000000E-015
19.089	1.0000000E-015
19.09	1.0000000E-015
19.091	1.0000000E-015
19.092	1.0000000E-015
19.093	1.0000000E-015
19.094	1.0000000E-015
19.095	1.0000000E-015
19.096	1.0000000E-015
19.097	1.0000000E-015
19.098	1.0000000E-015
19.099	1.0000000E-015
19.1	1.0000000E-015
19.101	1.0000000E-015
19.102	1.0000000E-015
19.103	1.0000000E-015
19.104	1.0000000E-015
19.105	1.0000000E-015
19.106	1.0000000E-015
19.107	1.0000000E-015
19.108	1.0000000E-015
19.109	1.0000000E-015
19.11	1.0000000E-015
19.111	1.0000000E-015
19.112	1.0000000E-015
19.113	1.0000000E-015
19.114	1.0000000E-015
19.115	1.0000000E-015
19.116	1.0000000E-015
19.117	1.0000000E-015
19.118	1.0000000E-015
19.119	1.0000000E-015
19.12	1.0000000E-015
19.121	1.0000000E-015
19.122	1.0000000E-015
19.123	1.0000000E-015
19.124	1.0000000E-015
19.125	1.0000000E-015
19.126	1.0000000E-015
19.127	1.0000000E-015
19.128	1.0000000E-015
19.129	1.0000000E-015
19.13	1.0000000E-015
19.131	1.0000000E-015
19.132	1.0000000E-015
19.133	1.0000000E-015
19.134	1.0000000E-015
19.135	1.0000000E-015
19.136	1.0000000E-015
19.137	1.0000000E-015
19.138	1.0000000E-015
19.139	1.0000000E-015
19.14	1.0000000E-015
19.141	1.0000000E-015
19.142	1.0000000E-015
19.143	1.0000000E-015
19.144	1.0000000E-015
19.145	1.0000000E-015
19.146	1.0000000E-015
19.147	1.0000000E-015
19.148	1.0000000E-015
19.149	1.0000000E-015
19.15	1.0000000E-015
19.151	1.0000000E-015
19.152	1.0000000E-015
19.153	1.0000000E-015
19.154	1.0000000E-015
19.155	1.0000000E-015
19.156	1.0000000E-015
19.157	1.0000000E-015
19.158	1.0000000E-015
19.159	1.0000000E-015
19.16	1.0000000E-015
19.161	1.0000000E-015
19.162	1.0000000E-015
19.163	1.0000000E-015
19.164	1.0000000E-015
19.165	1.0000000E-015
19.166	1.0000000E-015
19.167	1.0000000E-015
19.168	1.0000000E-015
19.169	1.0000000E-015
19.17	1.0000000E-015
19.171	1.0000000E-015
19.172	1.0000000E-015
19.173	1.0000000E-015
19.174	1.0000000E-015
19.175	1.0000000E-015
19.176	1.0000000E-015
19.177	1.0000000E-015
19.178	1.0000000E-015
19.179	1.0000000E-015
19.18	1.0000000E-015
19.181	1.0000000E-015
19.182	1.0000000E-015
19.183	1.0000000E-015
19.184	1.0000000E-015
19.185	1.0000000E-015
19.186	1.0000000E-015
19.187	1.0000000E-015
19.188	1.0000000E-015
19.189	1.0000000E-015
19.19	1.0000000E-015
19.191	1.0000000E-015
19.192	1.0000000E-015
19.193	1.0000000E-015
19.194	1.0000000E-015
19.195	1.0000000E-015
19.196	1.0000000E-015
19.197	1.0000000E-015
19.198	1.0000000E-015
19.199	1.0000000E-015
19.2	1.0000000E-015
19.201	1.0000000E-015
19.202	1.0000000E-015
19.203	1.0000000E-015
19.204	1.0000000E-015
19.205	1.0000000E-015
19.206	1.0000000E-015
19.207	1.0000000E-015
19.208	1.0000000E-015
19.209	1.0000000E-015
19.21	1.0000000E-015
19.211	1.0000000E-015
19.212	1.0000000E-015
19.213	1.0000000E-015
19.214	1.0000000E-015
19.215	1.0000000E-015
19.216	1.0000000E-015
19.217	1.0000000E-015
19.218	1.0000000E-015
19.219	1.0000000E-015
19.22	1.0000000E-015
19.221	1.0000000E-015
19.222	1.0000000E-015
19.223	1.0000000E-015
19.224	1.0000000E-015
19.225	1.0000000E-015
19.226	1.0000000E-015
19.227	1.0000000E-015
19.228	1.0000000E-015
19.229	1.0000000E-015
19.23	1.0000000E-015
19.231	1.0000000E-015
19.232	1.0000000E-015
19.233	1.0000000E-015
19.234	1.0000000E-015
19.235	1.0000000E-015
19.236	1.0000000E-015
19.237	1.0000000E-015
19.238	1.0000000E-015
19.239	1.0000000E-015
19.24	1.0000000E-015
19.241	1.0000000E-015
19.242	1.0000000E-015
19.243	1.0000000E-015
19.244	1.0000000E-015
19.245	1.0000000E-015
19.246	1.0000000E-015
19.247	1.0000000E-015
19.248	1.0000000E-015
19.249	1.0000000E-015
19.25	1.0000000E-015
19.251	1.0000000E-015
19.252	1.0000000E-015
19.253	1.0000000E-015
19.254	1.0000000E-015
19.255	1.0000000E-015
19.256	1.0000000E-015
19.257	1.0000000E-015
19.258	1.0000000E-015
19.259	1.0000000E-015
19.26	1.0000000E-015
19.261	1.0000000E-015
19.262	1.0000000E-015
19.263	1.0000000E-015
19.264	1.0000000E-015
19.265	1.0000000E-015
19.266	1.0000000E-015
19.267	1.0000000E-015
19.268	1.0000000E-015
19.269	1.0000000E-015
19.27	1.0000000E-015
19.271	1.0000000E-015
19.272	1.0000000E-015
19.273	1.0000000E-015
19.274	1.0000000E-015
19.275	1.0000000E-015
19.276	1.0000000E-015
19.277	1.0000000E-015
19.278	1.0000000E-015
19.279	1.0000000E-015
19.28	1.0000000E-015
19.281	1.0000000E-015
19.282	1.0000000E-015
19.283	1.0000000E-015
19.284	1.0000000E-015
19.285	1.0000000E-015
19.286	1.0000000E-015
19.287	1.0000000E-015
19.288	1.0000000E-015
19.289	1.0000000E-015
19.29	1.0000000E-015
19.291	1.0000000E-015
19.292	1.0000000E-015
19.293	1.0000000E-015
19.294	1.0000000E-015
19.295	1.0000000E-015
19.296	1.0000000E-015
19.297	1.0000000E-015
19.298	1.0000000E-015
19.299	1.0000000E-015
19.3	1.0000000E-015
19.301	1.0000000E-015
19.302	1.0000000E-015
19.303	1.0000000E-015
19.304	1.0000000E-015
19.305	1.0000000E-015
19.306	1.0000000E-015
19.307	1.0000000E-015
19.308	1.0000000E-015
19.309	1.0000000E-015
19.31	1.0000000E-015
19.311	1.0000000E-015
19.312	1.0000000E-015
19.313	1.0000000E-015
19.314	1.0000000E-015
19.315	1.0000000E-015
19.316	1.0000000E-015
19.317	1.0000000E-015
19.318	1.0000000E-015
19.319	1.0000000E-015
19.32	1.0000000E-015
19.321	1.0000000E-015
19.322	1.0000000E-015
19.323	1.0000000E-015
19.324	1.0000000E-015
19.325	1.0000000E-015
19.326	1.0000000E-015
19.327	1.0000000E-015
19.328	1.0000000E-015
19.329	1.0000000E-015
19.33	1.0000000E-015
19.331	1.0000000E-015
19.332	1.0000000E-015
19.333	1.0000000E-015
19.334	1.0000000E-015
19.335	1.0000000E-015
19.336	1.0000000E-015
19.337	1.0000000E-015
19.338	1.0000000E-015
19.339	1.0000000E-015
19.34	1.0000000E-015
19.341	1.0000000E-015
19.342	1.0000000E-015
19.343	1.0000000E-015
19.344	1.0000000E-015
19.345	1.0000000E-015
19.346	1.0000000E-015
19.347	1.0000000E-015
19.348	1.0000000E-015
19.349	1.0000000E-015
19.35	1.0000000E-015
19.351	1.0000000E-015
19.352	1.0000000E-015
19.353	1.0000000E-015
19.354	1.0000000E-015
19.355	1.0000000E-015
19.356	1.0000000E-015
19.357	1.0000000E-015
19.358	1.0000000E-015
19.359	1.0000000E-015
19.36	1.0000000E-015
19.361	1.0000000E-015
19.362	1.0000000E-015
19.363	1.0000000E-015
19.364	1.0000000E-015
19.365	1.0000000E-015
19.366	1.0000000E-015
19.367	1.0000000E-015
19.368	1.0000000E-015
19.369	1.0000000E-015
19.37	1.0000000E-015
19.371	1.0000000E-015
19.372	1.0000000E-015
19.373	1.0000000E-015
19.374	1.0000000E-015
19.375	1.0000000E-015
19.376	1.0000000E-015
19.377	1.0000000E-015
19.378	1.0000000E-015
19.379	1.0000000E-015
19.38	1.0000000E-015
19.381	1.0000000E-015
19.382	1.0000000E-015
19.383	1.0000000E-015
19.384	1.0000000E-015
19.385	1.0000000E-015
19.386	1.0000000E-015
19.387	1.0000000E-015
19.388	1.0000000E-015
19.389	1.0000000E-015
19.39	1.0000000E-015
19.391	1.0000000E-015
19.392	1.0000000E-015
19.393	1.0000000E-015
19.394	1.0000000E-015
19.395	1.0000000E-015
19.396	1.0000000E-015
19.397	1.0000000E-015
19.398	1.0000000E-015
19.399	1.0000000E-015
19.4	1.0000000E-015
19.401	1.0000000E-015
19.402	1.0000000E-015
19.403	1.0000000E-015
19.404	1.0000000E-015
19.405	1.0000000E-015
19.406	1.0000000E-015
19.407	1.0000000E-015
19.408	1.0000000E-015
19.409	1.0000000E-015
19.41	1.0000000E-015
19.411	1.0000000E-015
19.412	1.0000000E-015
19.413	1.0000000E-015
19.414	1.0000000E-015
19.415	1.0000000E-015
19.416	1.0000000E-015
19.417	1.0000000E-015
19.418	1.0000000E-015
19.419	1.0000000E-015
19.42	1.0000000E-015
19.421	1.0000000E-015
19.422	1.0000000E-015
19.423	1.0000000E-015
19.424	1.0000000E-015
19.425	1.0000000E-015
19.426	1.0000000E-015
19.427	1.0000000E-015
19.428	1.0000000E-015
19.429	1.0000000E-015
19.43	1.0000000E-015
19.431	1.0000000E-015
19.432	1.0000000E-015
19.433	1.0000000E-015
19.434	1.0000000E-015
19.435	1.0000000E-015
19.436	1.0000000E-015
19.437	1.0000000E-015
19.438	1.0000000E-015
19.439	1.0000000E-015
19.44	1.0000000E-015
19.441	1.0000000E-015
19.442	1.0000000E-015
19.443	1.0000000E-015
19.444	1.0000000E-015
19.445	1.0000000E-015
19.446	1.0000000E-015
19.447	1.0000000E-015
19.448	1.0000000E-015
19.449	1.0000000E-015
19.45	1.0000000E-015
19.451	1.0000000E-015
19.452	1.0000000E-015
19.453	1.0000000E-015
19.454	1.0000000E-015
19.455	1.0000000E-015
19.456	1.0000000E-015
19.457	1.0000000E-015
19.458	1.0000000E-015
19.459	1.0000000E-015
19.46	1.0000000E-015
19.461	1.0000000E-015
19.462	1.0000000E-015
19.463	1.0000000E-015
19.464	1.0000000E-015
19.465	1.0000000E-015
19.466	1.0000000E-015
19.467	1.0000000E-015
19.468	1.0000000E-015
19.469	1.0000000E-015
19.47	1.0000000E-015
19.471	1.0000000E-015
19.472	1.0000000E-015
19.473	1.0000000E-015
19.474	1.0000000E-015
19.475	1.0000000E-015
19.476	1.0000000E-015
19.477	1.0000000E-015
19.478	1.0000000E-015
19.479	1.0000000E-015
19.48	1.0000000E-015
19.481	1.0000000E-015
19.482	1.0000000E-015
19.483	1.0000000E-015
19.484	1.0000000E-015
19.485	1.0000000E-015
19.486	1.0000000E-015
19.487	1.0000000E-015
19.488	1.0000000E-015
19.489	1.0000000E-015
19.49	1.0000000E-015
19.491	1.0000000E-015
19.492	1.0000000E-015
19.493	1.0000000E-015
19.494	1.0000000E-015
19.495	1.0000000E-015
19.496	1.0000000E-015
19.497	1.0000000E-015
19.498	1.0000000E-015
19.499	1.0000000E-015
19.5	1.0000000E-015
19.501	1.0000000E-015
19.502	1.0000000E-015
19.503	1.0000000E-015
19.504	1.0000000E-015
19.505	1.0000000E-015
19.506	1.0000000E-015
19.507	1.0000000E-015
19.508	1.0000000E-015
19.509	1.0000000E-015
19.51	1.0000000E-015
19.511	1.0000000E-015
19.512	1.0000000E-015
19.513	1.0000000E-015
19.514	1.0000000E-015
19.515	1.0000000E-015
19.516	1.0000000E-015
19.517	1.0000000E-015
19.518	1.0000000E-015
19.519	1.0000000E-015
19.52	1.0000000E-015
19.521	1.0000000E-015
19.522	1.0000000E-015
19.523	1.0000000E-015
19.524	1.0000000E-015
19.525	1.0000000E-015
19.526	1.0000000E-015
19.527	1.0000000E-015
19.528	1.0000000E-015
19.529	1.0000000E-015
19.53	1.0000000E-015
19.531	1.0000000E-015
19.532	1.0000000E-015
19.533	1.0000000E-015
19.534	1.0000000E-015
19.535	1.0000000E-015
19.536	1.0000000E-015
19.537	1.0000000E-015
19.538	1.0000000E-015
19.539	1.0000000E-015
19.54	1.0000000E-015
19.541	1.0000000E-015
19.542	1.0000000E-015
19.543	1.0000000E-015
19.544	1.0000000E-015
19.545	1.0000000E-015
19.546	1.0000000E-015
19.547	1.0000000E-015
19.548	1.0000000E-015
19.549	1.0000000E-015
19.55	1.0000000E-015
19.551	1.0000000E-015
19.552	1.0000000E-015
19.553	1.0000000E-015
19.554	1.0000000E-015
19.555	1.0000000E-015
19.556	1.0000000E-015
19.557	1.0000000E-015
19.558	1.0000000E-015
19.559	1.0000000E-015
19.56	1.0000000E-015
19.561	1.0000000E-015
19.562	1.0000000E-015
19.563	1.0000000E-015
19.564	1.0000000E-015
19.565	1.0000000E-015
19.566	1.0000000E-015
19.567	1.0000000E-015
19.568	1.0000000E-015
19.569	1.0000000E-015
19.57	1.0000000E-015
19.571	1.0000000E-015
19.572	1.0000000E-015
19.573	1.0000000E-015
19.574	1.0000000E-015
19.575	1.0000000E-015
19.576	1.0000000E-015
19.577	1.0000000E-015
19.578	1.0000000E-015
19.579	1.0000000E-015
19.58	1.0000000E-015
19.581	1.0000000E-015
19.582	1.0000000E-015
19.583	1.0000000E-015
19.584	1.0000000E-015
19.585	1.0000000E-015
19.586	1.0000000E-015
19.587	1.0000000E-015
19.588	1.0000000E-015
19.589	1.0000000E-015
19.59	1.0000000E-015
19.591	1.0000000E-015
19.592	1.0000000E-015
19.593	1.0000000E-015
19.594	1.0000000E-015
19.595	1.0000000E-015
19.596	1.0000000E-015
19.597	1.0000000E-015
19.598	1.0000000E-015
19.599	1.0000000E-015
19.6	1.0000000E-015
19.601	1.0000000E-015
19.602	1.0000000E-015
19.603	1.0000000E-015
19.604	1.0000000E-015
19.605	1.0000000E-015
19.606	1.0000000E-015
19.607	1.0000000E-015
19.608	1.0000000E-015
19.609	1.0000000E-015
19.61	1.0000000E-015
19.611	1.0000000E-015
19.612	1.0000000E-015
19.613	1.0000000E-015
19.614	1.0000000E-015
19.615	1.0000000E-015
19.616	1.0000000E-015
19.617	1.0000000E-015
19.618	1.0000000E-015
19.619	1.0000000E-015
19.62	1.0000000E-015
19.621	1.0000000E-015
19.622	1.0000000E-015
19.623	1.0000000E-015
19.624	1.0000000E-015
19.625	1.0000000E-015
19.626	1.0000000E-015
19.627	1.0000000E-015
19.628	1.0000000E-015
19.629	1.0000000E-015
19.63	1.0000000E-015
19.631	1.0000000E-015
19.632	1.0000000E-015
19.633	1.0000000E-015
19.634	1.0000000E-015
19.635	1.0000000E-015
19.636	1.0000000E-015
19.637	1.0000000E-015
19.638	1.0000000E-015
19.639	1.0000000E-015
19.64	1.0000000E-015
19.641	1.0000000E-015
19.642	1.0000000E-015
19.643	1.0000000E-015
19.644	1.0000000E-015
19.645	1.0000000E-015
19.646	1.0000000E-015
19.647	1.0000000E-015
19.648	1.0000000E-015
19.649	1.0000000E-015
19.65	1.0000000E-015
19.651	1.0000000E-015
19.652	1.0000000E-015
19.653	1.0000000E-015
19.654	1.0000000E-015
19.655	1.0000000E-015
19.656	1.0000000E-015
19.657	1.0000000E-015
19.658	1.0000000E-015
19.659	1.0000000E-015
19.66	1.0000000E-015
19.661	1.0000000E-015
19.662	1.0000000E-015
19.663	1.0000000E-015
19.664	1.0000000E-015
19.665	1.0000000E-015
19.666	1.0000000E-015
19.667	1.0000000E-015
19.668	1.0000000E-015
19.669	1.0000000E-015
19.67	1.0000000E-015
19.671	1.0000000E-015
19.672	1.0000000E-015
19.673	1.0000000E-015
19.674	1.0000000E-015
19.675	1.0000000E-015
19.676	1.0000000E-015
19.677	1.0000000E-015
19.678	1.0000000E-015
19.679	1.0000000E-015
19.68	1.0000000E-015
19.681	1.0000000E-015
19.682	1.0000000E-015
19.683	1.0000000E-015
19.684	1.0000000E-015
19.685	1.0000000E-015
19.686	1.0000000E-015
19.687	1.0000000E-015
19.688	1.0000000E-015
19.689	1.0000000E-015
19.69	1.0000000E-015
19.691	1.0000000E-015
19.692	1.0000000E-015
19.693	1.0000000E-015
19.694	1.0000000E-015
19.695	1.0000000E-015
19.696	1.0000000E-015
19.697	1.0000000E-015
19.698	1.0000000E-015
19.699	1.0000000E-015
19.7	1.0000000E-015
19.701	1.0000000E-015
19.702	1.0000000E-015
19.703	1.0000000E-015
19.704	1.0000000E-015
19.705	1.0000000E-015
19.706	1.0000000E-015
19.707	1.0000000E-015
19.708	1.0000000E-015
19.709	1.0000000E-015
19.71	1.0000000E-015
19.711	1.0000000E-015
19.712	1.0000000E-015
19.713	1.0000000E-015
19.714	1.0000000E-015
19.715	1.0000000E-015
19.716	1.0000000E-015
19.717	1.0000000E-015
19.718	1.0000000E-015
19.719	1.0000000E-015
19.72	1.0000000E-015
19.721	1.0000000E-015
19.722	1.0000000E-015
19.723	1.0000000E-015
19.724	1.0000000E-015
19.725	1.0000000E-015
19.726	1.0000000E-015
19.727	1.0000000E-015
19.728	1.0000000E-015
19.729	1.0000000E-015
19.73	1.0000000E-015
19.731	1.0000000E-015
19.732	1.0000000E-015
19.733	1.0000000E-015
19.734	1.0000000E-015
19.735	1.0000000E-015
19.736	1.0000000E-015
19.737	1.0000000E-015
19.738	1.0000000E-015
19.739	1.0000000E-015
19.74	1.0000000E-015
19.741	1.0000000E-015
19.742	1.0000000E-015
19.743	1.0000000E-015
19.744	1.0000000E-015
19.745	1.0000000E-015
19.746	1.0000000E-015
19.747	1.0000000E-015
19.748	1.0000000E-015
19.749	1.0000000E-015
19.75	1.0000000E-015
19.751	1.0000000E-015
19.752	1.0000000E-015
19.753	1.0000000E-015
19.754	1.0000000E-015
19.755	1.0000000E-015
19.756	1.0000000E-015
19.757	1.0000000E-015
19.758	1.0000000E-015
19.759	1.0000000E-015
19.76	1.0000000E-015
19.761	1.0000000E-015
19.762	1.0000000E-015
19.763	1.0000000E-015
19.764	1.0000000E-015
19.765	1.0000000E-015
19.766	1.0000000E-015
19.767	1.0000000E-015
19.768	1.0000000E-015
19.769	1.0000000E-015
19.77	1.0000000E-015
19.771	1.0000000E-015
19.772	1.0000000E-015
19.773	1.0000000E-015
19.774	1.0000000E-015
19.775	1.0000000E-015
19.776	1.0000000E-015
19.777	1.0000000E-015
19.778	1.0000000E-015
19.779	1.0000000E-015
19.78	1.0000000E-015
19.781	1.0000000E-015
19.782	1.0000000E-015
19.783	1.0000000E-015
19.784	1.0000000E-015
19.785	1.0000000E-015
19.786	1.0000000E-015
19.787	1.0000000E-015
19.788	1.0000000E-015
19.789	1.0000000E-015
19.79	1.0000000E-015
19.791	1.0000000E-015
19.792	1.0000000E-015
19.793	1.0000000E-015
19.794	1.0000000E-015
19.795	1.0000000E-015
19.796	1.0000000E-015
19.797	1.0000000E-015
19.798	1.0000000E-015
19.799	1.0000000E-015
19.8	1.0000000E-015
19.801	1.0000000E-015
19.802	1.0000000E-015
19.803	1.0000000E-015
19.804	1.0000000E-015
19.805	1.0000000E-015
19.806	1.0000000E-015
19.807	1.0000000E-015
19.808	1.0000000E-015
19.809	1.0000000E-015
19.81	1.0000000E-015
19.811	1.0000000E-015
19.812	1.0000000E-015
19.813	1.0000000E-015
19.814	1.0000000E-015
19.815	1.0000000E-015
19.816	1.0000000E-015
19.817	1.0000000E-015
19.818	1.0000000E-015
19.819	1.0000000E-015
19.82	1.0000000E-015
19.821	1.0000000E-015
19.822	1.0000000E-015
19.823	1.0000000E-015
19.824	1.0000000E-015
19.825	1.0000000E-015
19.826	1.0000000E-015
19.827	1.0000000E-015
19.828	1.0000000E-015
19.829	1.0000000E-015
19.83	1.0000000E-015
19.831	1.0000000E-015
19.832	1.0000000E-015
19.833	1.0000000E-015
19.834	1.0000000E-015
19.835	1.0000000E-015
19.836	1.0000000E-015
19.837	1.0000000E-015
19.838	1.0000000E-015
19.839	1.0000000E-015
19.84	1.0000000E-015
19.841	1.0000000E-015
19.842	1.0000000E-015
19.843	1.0000000E-015
19.844	1.0000000E-015
19.845	1.0000000E-015
19.846	1.0000000E-015
19.847	1.0000000E-015
19.848	1.0000000E-015
19.849	1.0000000E-015
19.85	1.0000000E-015
19.851	1.0000000E-015
19.852	1.0000000E-015
19.853	1.0000000E-015
19.854	1.0000000E-015
19.855	1.0000000E-015
19.856	1.0000000E-015
19.857	1.0000000E-015
19.858	1.0000000E-015
19.859	1.0000000E-015
19.86	1.0000000E-015
19.861	1.0000000E-015
19.862	1.0000000E-015
19.863	1.0000000E-015
19.864	1.0000000E-015
19.865	1.0000000E-015
19.866	1.0000000E-015
19.867	1.0000000E-015
19.868	1.0000000E-015
19.869	1.0000000E-015
19.87	1.0000000E-015
19.871	1.0000000E-015
19.872	1.0000000E-015
19.873	1.0000000E-015
19.874	1.0000000E-015
19.875	1.0000000E-015
19.876	1.0000000E-015
19.877	1.0000000E-015
19.878	1.0000000E-015
19.879	1.0000000E-015
19.88	1.0000000E-015
19.881	1.0000000E-015
19.882	1.0000000E-015
19.883	1.0000000E-015
19.884	1.0000000E-015
19.885	1.0000000E-015
19.886	1.0000000E-015
19.887	1.0000000E-015
19.888	1.0000000E-015
19.889	1.0000000E-015
19.89	1.0000000E-015
19.891	1.0000000E-015
19.892	1.0000000E-015
19.893	1.0000000E-015
19.894	1.0000000E-015
19.895	1.0000000E-015
19.896	1.0000000E-015
19.897	1.0000000E-015
19.898	1.0000000E-015
19.899	1.0000000E-015
19.9	1.0000000E-015
19.901	1.0000000E-015
19.902	1.0000000E-015
19.903	1.0000000E-015
19.904	1.0000000E-015
19.905	1.0000000E-015
19.906	1.0000000E-015
19.907	1.0000000E-015
19.908	1.0000000E-015
19.909	1.0000000E-015
19.91	1.0000000E-015
19.911	1.0000000E-015
19.912	1.0000000E-015
19.913	1.0000000E-015
19.914	1.0000000E-015
19.915	1.0000000E-015
19.916	1.0000000E-015
19.917	1.0000000E-015
19.918	1.0000000E-015
19.919	1.0000000E-015
19.92	1.0000000E-015
19.921	1.0000000E-015
19.922	1.0000000E-015
19.923	1.0000000E-015
19.924	1.0000000E-015
19.925	1.0000000E-015
19.926	1.0000000E-015
19.927	1.0000000E-015
19.928	1.0000000E-015
19.929	1.0000000E-015
19.93	1.0000000E-015
19.931	1.0000000E-015
19.932	1.0000000E-015
19.933	1.0000000E-015
19.934	1.0000000E-015
19.935	1.0000000E-015
19.936	1.0000000E-015
19.937	1.0000000E-015
19.938	1.0000000E-015
19.939	1.0000000E-015
19.94	1.0000000E-015
19.941	1.0000000E-015
19.942	1.0000000E-015
19.943	1.0000000E-015
19.944	1.0000000E-015
19.945	1.0000000E-015
19.946	1.0000000E-015
19.947	1.0000000E-015
19.948	1.0000000E-015
19.949	1.0000000E-015
19.95	1.0000000E-015
19.951	1.0000000E-015
19.952	1.0000000E-015
19.953	1.0000000E-015
19.954	1.0000000E-015
19.955	1.0000000E-015
19.956	1.0000000E-015
19.957	1.0000000E-015
19.958	1.0000000E-015
19.959	1.0000000E-015
19.96	1.0000000E-015
19.961	1.0000000E-015
19.962	1.0000000E-015
19.963	1.0000000E-015
19.964	1.0000000E-015
19.965	1.0000000E-015
19.966	1.0000000E-015
19.967	1.0000000E-015
19.968	1.0000000E-015
19.969	1.0000000E-015
19.97	1.0000000E-015
19.971	1.0000000E-015
19.972	1.0000000E-015
19.973	1.0000000E-015
19.974	1.0000000E-015
19.975	1.0000000E-015
19.976	1.0000000E-015
19.977	1.0000000E-015
19.978	1.0000000E-015
19.979	1.0000000E-015
19.98	1.0000000E-015
19.981	1.0000000E-015
19.982	1.0000000E-015
19.983	1.0000000E-015
19.984	1.0000000E-015
19.985	1.0000000E-015
19.986	1.0000000E-015
19.987	1.0000000E-015
19.988	1.0000000E-015
19.989	1.0000000E-015
19.99	1.0000000E-015
19.991	1.0000000E-015
19.992	1.0000000E-015
19.993	1.0000000E-015
19.994	1.0000000E-015
19.995	1.0000000E-015
19.996	1.0000000E-015
19.997	1.0000000E-015
19.998	1.0000000E-015
19.999	1.0000000E-015
20	1.0000000E-015
