theta_deg	R
0.001	9.9992120E-001
0.002	9.9985623E-001
0.003	9.9979138E-001
0.004	9.9971700E-001
0.005	9.9965197E-001
0.006	9.9957794E-001
0.007	9.9951285E-001
0.008	9.9943870E-001
0.009	9.9937356E-001
0.01	9.9929941E-001
0.011	9.9923432E-001
0.012	9.9915999E-001
0.013	9.9909514E-001
0.014	9.9094844E-001
0.015	9.9087530E-001
0.016	9.9081171E-001
0.017	9.9074799E-001
0.018	9.9067485E-001
0.019	9.9061084E-001
0.02	9.9053788E-001
0.021	9.9047422E-001
0.022	9.9040133E-001
0.023	9.9033731E-001
0.024	9.9026436E-001
0.025	9.8683500E-001
0.026	9.8676270E-001
0.027	9.8669910E-001
0.028	9.8663580E-001
0.029	9.8656338E-001
0.03	9.8650002E-001
0.031	9.8642761E-001
0.032	9.8375624E-001
0.033	9.8369330E-001
0.034	9.8362106E-001
0.035	9.8355818E-001
0.036	9.8349524E-001
0.037	9.8342288E-001
0.038	9.8113900E-001
0.039	9.8107618E-001
0.04	9.8101360E-001
0.041	9.8094153E-001
0.042	9.7890109E-001
0.043	9.7883862E-001
0.044	9.7877592E-001
0.045	9.7870451E-001
0.046	9.7864187E-001
0.047	9.7677135E-001
0.048	9.7670913E-001
0.049	9.7664672E-001
0.05	9.7658461E-001
0.051	9.7484112E-001
0.052	9.7477889E-001
0.053	9.7471696E-001
0.054	9.7464567E-001
0.055	9.7300982E-001
0.056	9.7294766E-001
0.057	9.7288591E-001
0.058	9.7132891E-001
0.059	9.7125828E-001
0.06	9.7119606E-001
0.061	9.6970391E-001
0.062	9.6964240E-001
0.063	9.6958077E-001
0.064	9.6951926E-001
0.065	9.6807653E-001
0.066	9.6801496E-001
0.067	9.6795374E-001
0.068	9.6656173E-001
0.069	9.6650022E-001
0.07	9.6515161E-001
0.071	9.6509063E-001
0.072	9.6502000E-001
0.073	9.6371031E-001
0.074	9.6364939E-001
0.075	9.6358824E-001
0.076	9.6230292E-001
0.077	9.6224177E-001
0.078	9.6098202E-001
0.079	9.6092111E-001
0.08	9.6086025E-001
0.081	9.5962912E-001
0.082	9.5956838E-001
0.083	9.5835161E-001
0.084	9.5829082E-001
0.085	9.5823920E-001
0.086	9.5704651E-001
0.087	9.5698625E-001
0.088	9.5581174E-001
0.089	9.5575142E-001
0.09	9.5458257E-001
0.091	9.5453101E-001
0.092	9.5338124E-001
0.093	9.5333016E-001
0.094	9.5219398E-001
0.095	9.5213383E-001
0.096	9.5100069E-001
0.097	9.5094019E-001
0.098	9.4982284E-001
0.099	9.4977170E-001
0.1	9.4866234E-001
0.101	9.4861132E-001
0.102	9.4750875E-001
0.103	9.4744837E-001
0.104	9.4636095E-001
0.105	9.4631004E-001
0.106	9.4521093E-001
0.107	9.4516021E-001
0.108	9.4408268E-001
0.109	9.4402260E-001
0.11	9.4294113E-001
0.111	9.4288999E-001
0.112	9.4181156E-001
0.113	9.4074416E-001
0.114	9.4069350E-001
0.115	9.3961954E-001
0.116	9.3956876E-001
0.117	9.3851453E-001
0.118	9.3744314E-001
0.119	9.3739277E-001
0.12	9.3633133E-001
0.121	9.3628049E-001
0.122	9.3521935E-001
0.123	9.3415791E-001
0.124	9.3410742E-001
0.125	9.3303615E-001
0.126	9.3197358E-001
0.127	9.3192267E-001
0.128	9.3086749E-001
0.129	9.2981076E-001
0.13	9.2976022E-001
0.131	9.2870134E-001
0.132	9.2762053E-001
0.133	9.2757928E-001
0.134	9.2650545E-001
0.135	9.2543864E-001
0.136	9.2538756E-001
0.137	9.2431641E-001
0.138	9.2323160E-001
0.139	9.2319041E-001
0.14	9.2210209E-001
0.141	9.2101824E-001
0.142	9.1993070E-001
0.143	9.1988862E-001
0.144	9.1878438E-001
0.145	9.1769594E-001
0.146	9.1764480E-001
0.147	9.1655034E-001
0.148	9.1545105E-001
0.149	9.1432363E-001
0.15	9.1428185E-001
0.151	9.1316932E-001
0.152	9.1204786E-001
0.153	9.1090989E-001
0.154	9.0977436E-001
0.155	9.0973252E-001
0.156	9.0858918E-001
0.157	9.0745050E-001
0.158	9.0629202E-001
0.159	9.0511173E-001
0.16	9.0506935E-001
0.161	9.0390247E-001
0.162	9.0272647E-001
0.163	9.0152836E-001
0.164	9.0032053E-001
0.165	8.9911264E-001
0.166	8.9906931E-001
0.167	8.9785051E-001
0.168	8.9662069E-001
0.169	8.9538026E-001
0.17	8.9415187E-001
0.171	8.9287418E-001
0.172	8.9159381E-001
0.173	8.9155984E-001
0.174	8.9029586E-001
0.175	8.8899982E-001
0.176	8.8769072E-001
0.177	8.8636690E-001
0.178	8.8503987E-001
0.179	8.8368720E-001
0.18	8.8234603E-001
0.181	8.8096833E-001
0.182	8.7957466E-001
0.183	8.7819600E-001
0.184	8.7677962E-001
0.185	8.7674284E-001
0.186	8.7530833E-001
0.187	8.7386596E-001
0.188	8.7240529E-001
0.189	8.7091941E-001
0.19	8.6943090E-001
0.191	8.6791945E-001
0.192	8.6639506E-001
0.193	8.6486542E-001
0.194	8.6329418E-001
0.195	8.6172611E-001
0.196	8.6013103E-001
0.197	8.5852408E-001
0.198	8.5688710E-001
0.199	8.5525149E-001
0.2	8.5358405E-001
0.201	8.5195190E-001
0.202	8.5028642E-001
0.203	8.4863782E-001
0.204	8.4698713E-001
0.205	8.4533012E-001
0.206	8.4374887E-001
0.207	8.4213334E-001
0.208	7.8216594E-001
0.209	7.9298419E-001
0.21	8.0343878E-001
0.211	8.0723113E-001
0.212	8.0866796E-001
0.213	8.0893517E-001
0.214	8.0856985E-001
0.215	8.0772728E-001
0.216	8.0656111E-001
0.217	8.0517638E-001
0.218	8.0355901E-001
0.219	7.9997087E-001
0.22	7.9789960E-001
0.221	7.9574478E-001
0.222	7.9349935E-001
0.223	7.9116225E-001
0.224	7.8867042E-001
0.225	7.8612304E-001
0.226	7.8068954E-001
0.227	7.7785844E-001
0.228	7.7488691E-001
0.229	7.7181482E-001
0.23	7.6863348E-001
0.231	7.6537299E-001
0.232	7.5850767E-001
0.233	7.5489527E-001
0.234	7.5114012E-001
0.235	7.4725431E-001
0.236	7.4326360E-001
0.237	7.3481548E-001
0.238	7.3038614E-001
0.239	7.2575873E-001
0.24	7.2098005E-001
0.241	7.1603584E-001
0.242	7.0552337E-001
0.243	6.9997770E-001
0.244	6.9418442E-001
0.245	6.8816870E-001
0.246	6.7541313E-001
0.247	6.6861159E-001
0.248	6.6152877E-001
0.249	6.5413487E-001
0.25	6.3845301E-001
0.251	6.3013047E-001
0.252	6.2141025E-001
0.253	6.0295594E-001
0.254	5.9327382E-001
0.255	5.8315444E-001
0.256	5.7274145E-001
0.257	5.5131012E-001
0.258	5.4162973E-001
0.259	5.2665567E-001
0.26	4.9927336E-001
0.261	4.8574281E-001
0.262	4.7225052E-001
0.263	4.4576433E-001
0.264	4.3275145E-001
0.265	4.2001489E-001
0.266	3.9535806E-001
0.267	3.8345116E-001
0.268	3.6058825E-001
0.269	3.4961835E-001
0.27	3.3900908E-001
0.271	3.1884548E-001
0.272	3.0935973E-001
0.273	3.0030623E-001
0.274	2.8351638E-001
0.275	2.7581444E-001
0.276	2.6174477E-001
0.277	2.5531179E-001
0.278	2.4923319E-001
0.279	2.3789614E-001
0.28	2.3253533E-001
0.281	2.2218698E-001
0.282	2.1712275E-001
0.283	2.0707071E-001
0.284	2.0208159E-001
0.285	1.9219647E-001
0.286	1.8735515E-001
0.287	1.8259825E-001
0.288	1.7350715E-001
0.289	1.6923054E-001
0.29	1.6135223E-001
0.291	1.5778612E-001
0.292	1.5143473E-001
0.293	1.4864595E-001
0.294	1.4376962E-001
0.295	1.4163491E-001
0.296	1.3782936E-001
0.297	1.3609043E-001
0.298	1.3277571E-001
0.299	1.3113831E-001
0.3	1.2777105E-001
0.301	1.2416209E-001
0.302	1.2223107E-001
0.303	1.1812394E-001
0.304	1.1594781E-001
0.305	1.1141393E-001
0.306	1.0908411E-001
0.307	1.0438342E-001
0.308	1.0205052E-001
0.309	9.7538196E-002
0.31	9.3335673E-002
0.311	9.1395751E-002
0.312	8.7888308E-002
0.313	8.6338125E-002
0.314	8.3660021E-002
0.315	8.1528299E-002
0.316	8.0650210E-002
0.317	7.9222739E-002
0.318	7.8642957E-002
0.319	7.7684514E-002
0.32	7.6886572E-002
0.321	7.6503590E-002
0.322	7.5717881E-002
0.323	7.4804403E-002
0.324	7.4272133E-002
0.325	7.3036306E-002
0.326	7.1532086E-002
0.327	7.0675887E-002
0.328	6.8763070E-002
0.329	6.6614002E-002
0.33	6.5463819E-002
0.331	6.3052066E-002
0.332	6.0564183E-002
0.333	5.9307553E-002
0.334	5.6830242E-002
0.335	5.4465357E-002
0.336	5.3342521E-002
0.337	5.1274098E-002
0.338	4.9464267E-002
0.339	4.7952328E-002
0.34	4.7312617E-002
0.341	4.6268549E-002
0.342	4.5538265E-002
0.343	4.5076575E-002
0.344	4.4935059E-002
0.345	4.4805627E-002
0.346	4.4822346E-002
0.347	4.4928446E-002
0.348	4.4989847E-002
0.349	4.5106098E-002
0.35	4.5156144E-002
0.351	4.5090739E-002
0.352	4.4869788E-002
0.353	4.4688702E-002
0.354	4.4186726E-002
0.355	4.3483518E-002
0.356	4.2582054E-002
0.357	4.1498505E-002
0.358	4.0256172E-002
0.359	3.9584551E-002
0.36	3.8172457E-002
0.361	3.6696278E-002
0.362	3.5204288E-002
0.363	3.3736899E-002
0.364	3.2340758E-002
0.365	3.1680405E-002
0.366	3.0459510E-002
0.367	2.9395277E-002
0.368	2.8508639E-002
0.369	2.7813911E-002
0.37	2.7312787E-002
0.371	2.7001709E-002
0.372	2.6869783E-002
0.373	2.6892519E-002
0.374	2.6953455E-002
0.375	2.7162049E-002
0.376	2.7457241E-002
0.377	2.7801583E-002
0.378	2.8162722E-002
0.379	2.8506095E-002
0.38	2.8800812E-002
0.381	2.9019877E-002
0.382	2.9139228E-002
0.383	2.9141949E-002
0.384	2.9016135E-002
0.385	2.8755004E-002
0.386	2.8358106E-002
0.387	2.7831227E-002
0.388	2.7183453E-002
0.389	2.6430089E-002
0.39	2.5589541E-002
0.391	2.4682827E-002
0.392	2.3734113E-002
0.393	2.2767199E-002
0.394	2.1805724E-002
0.395	2.0877702E-002
0.396	2.0000525E-002
0.397	1.9198479E-002
0.398	1.8486017E-002
0.399	1.7877126E-002
0.4	1.7383955E-002
0.401	1.7009282E-002
0.402	1.6756553E-002
0.403	1.6622584E-002
0.404	1.6601222E-002
0.405	1.6683180E-002
0.406	1.6854711E-002
0.407	1.7100608E-002
0.408	1.7405005E-002
0.409	1.7748486E-002
0.41	1.8297816E-002
0.411	1.8657630E-002
0.412	1.8992072E-002
0.413	1.9284986E-002
0.414	1.9522494E-002
0.415	1.9692147E-002
0.416	1.9784370E-002
0.417	1.9792067E-002
0.418	1.9712174E-002
0.419	1.9425556E-002
0.42	1.9124316E-002
0.421	1.8741889E-002
0.422	1.8285995E-002
0.423	1.7765349E-002
0.424	1.7191278E-002
0.425	1.6259106E-002
0.426	1.5608062E-002
0.427	1.4950425E-002
0.428	1.4300302E-002
0.429	1.3670440E-002
0.43	1.3073691E-002
0.431	1.2266768E-002
0.432	1.1801845E-002
0.433	1.1401970E-002
0.434	1.1076937E-002
0.435	1.0731914E-002
0.436	1.0600338E-002
0.437	1.0543892E-002
0.438	1.0562730E-002
0.439	1.0649003E-002
0.44	1.0892708E-002
0.441	1.1118693E-002
0.442	1.1384107E-002
0.443	1.1679509E-002
0.444	1.2154985E-002
0.445	1.2476692E-002
0.446	1.2790212E-002
0.447	1.3224628E-002
0.448	1.3475523E-002
0.449	1.3686367E-002
0.45	1.3850315E-002
0.451	1.3998365E-002
0.452	1.4024539E-002
0.453	1.3991544E-002
0.454	1.3829490E-002
0.455	1.3646675E-002
0.456	1.3408355E-002
0.457	1.2956629E-002
0.458	1.2598900E-002
0.459	1.2203723E-002
0.46	1.1558296E-002
0.461	1.1102603E-002
0.462	1.0637113E-002
0.463	9.9386415E-003
0.464	9.4837015E-003
0.465	8.8383583E-003
0.466	8.4424727E-003
0.467	8.0815461E-003
0.468	7.6177465E-003
0.469	7.3662936E-003
0.47	7.1638431E-003
0.471	6.9595636E-003
0.472	6.8871281E-003
0.473	6.8766973E-003
0.474	6.9305846E-003
0.475	7.0961770E-003
0.476	7.2557270E-003
0.477	7.4489852E-003
0.478	7.7909506E-003
0.479	8.0436058E-003
0.48	8.4447283E-003
0.481	8.7163150E-003
0.482	9.1153029E-003
0.483	9.3653025E-003
0.484	9.7044641E-003
0.485	9.8975310E-003
0.486	1.0129476E-002
0.487	1.0238505E-002
0.488	1.0329819E-002
0.489	1.0337912E-002
0.49	1.0273099E-002
0.491	1.0177140E-002
0.492	9.9594546E-003
0.493	9.7667594E-003
0.494	9.4157094E-003
0.495	9.1438740E-003
0.496	8.6927293E-003
0.497	8.3681084E-003
0.498	7.8600701E-003
0.499	7.5133191E-003
0.5	6.9956710E-003
0.501	6.6590956E-003
0.502	6.1795609E-003
0.503	5.7437583E-003
0.504	5.4834448E-003
0.505	5.1471354E-003
0.506	4.9628774E-003
0.507	4.7521587E-003
0.508	4.6569821E-003
0.509	4.5826491E-003
0.51	4.5899213E-003
0.511	4.6378351E-003
0.512	4.7711465E-003
0.513	4.8962380E-003
0.514	5.1322132E-003
0.515	5.4149344E-003
0.516	5.6228600E-003
0.517	5.9544472E-003
0.518	6.2966743E-003
0.519	6.5231659E-003
0.52	6.8519670E-003
0.521	7.1550859E-003
0.522	7.3363762E-003
0.523	7.5709987E-003
0.524	7.7520488E-003
0.525	7.8392467E-003
0.526	7.9166926E-003
0.527	7.9266410E-003
0.528	7.8950068E-003
0.529	7.7919723E-003
0.53	7.6242266E-003
0.531	7.4781887E-003
0.532	7.2142454E-003
0.533	6.9026807E-003
0.534	6.5522171E-003
0.535	6.3017984E-003
0.536	5.9102094E-003
0.537	5.5089588E-003
0.538	5.1093735E-003
0.539	4.8490078E-003
0.54	4.4768294E-003
0.541	4.1349540E-003
0.542	3.8318590E-003
0.543	3.6551708E-003
0.544	3.4331381E-003
0.545	3.2672579E-003
0.546	3.1608841E-003
0.547	3.1142628E-003
0.548	3.1159671E-003
0.549	3.1673040E-003
0.55	3.2738245E-003
0.551	3.4304410E-003
0.552	3.6303485E-003
0.553	3.7839056E-003
0.554	4.0391157E-003
0.555	4.3160180E-003
0.556	4.6050092E-003
0.557	4.8968489E-003
0.558	5.1819044E-003
0.559	5.3631826E-003
0.56	5.6173783E-003
0.561	5.8422107E-003
0.562	6.0309730E-003
0.563	6.1781011E-003
0.564	6.2788469E-003
0.565	6.3304780E-003
0.566	6.3309846E-003
0.567	6.2804981E-003
0.568	6.2181032E-003
0.569	6.0854196E-003
0.57	5.9076031E-003
0.571	5.6892796E-003
0.572	5.4359604E-003
0.573	5.1540863E-003
0.574	4.8508705E-003
0.575	4.5335055E-003
0.576	4.2100637E-003
0.577	3.8883665E-003
0.578	3.5760133E-003
0.579	3.2806727E-003
0.58	3.0090176E-003
0.581	2.7673179E-003
0.582	2.5607438E-003
0.583	2.3938681E-003
0.584	2.2694380E-003
0.585	2.1902730E-003
0.586	2.1630377E-003
0.587	2.1601056E-003
0.588	2.2025185E-003
0.589	2.2874484E-003
0.59	2.4625312E-003
0.591	2.6339476E-003
0.592	2.8344973E-003
0.593	3.0583167E-003
0.594	3.2992091E-003
0.595	3.5505816E-003
0.596	3.8057603E-003
0.597	4.0580397E-003
0.598	4.3009226E-003
0.599	4.5280140E-003
0.6	4.7339201E-003
0.601	4.9134050E-003
0.602	5.0618169E-003
0.603	5.1759076E-003
0.604	5.2529899E-003
0.605	5.2903732E-003
0.606	5.2880039E-003
0.607	5.2228542E-003
0.608	5.1284921E-003
0.609	4.9974383E-003
0.61	4.8328419E-003
0.611	4.6381028E-003
0.612	4.4177268E-003
0.613	4.1762590E-003
0.614	3.9192806E-003
0.615	3.6518152E-003
0.616	3.2893715E-003
0.617	3.0200586E-003
0.618	2.7595100E-003
0.619	2.5129425E-003
0.62	2.2853345E-003
0.621	2.0814529E-003
0.622	1.8527935E-003
0.623	1.7179425E-003
0.624	1.6173096E-003
0.625	1.5523005E-003
0.626	1.5241116E-003
0.627	1.5436505E-003
0.628	1.5998348E-003
0.629	1.6900079E-003
0.63	1.8115129E-003
0.631	1.9614855E-003
0.632	2.1995052E-003
0.633	2.4008218E-003
0.634	2.6167757E-003
0.635	2.8426077E-003
0.636	3.1507369E-003
0.637	3.3801028E-003
0.638	3.6026689E-003
0.639	3.8139324E-003
0.64	4.0704124E-003
0.641	4.2383657E-003
0.642	4.3816441E-003
0.643	4.4972254E-003
0.644	4.6052313E-003
0.645	4.6486412E-003
0.646	4.6591307E-003
0.647	4.6222652E-003
0.648	4.5565153E-003
0.649	4.4596884E-003
0.65	4.2854799E-003
0.651	4.1240789E-003
0.652	3.9399792E-003
0.653	3.6651462E-003
0.654	3.4417440E-003
0.655	3.2084333E-003
0.656	2.8893035E-003
0.657	2.6494286E-003
0.658	2.4140961E-003
0.659	2.1151390E-003
0.66	1.9066439E-003
0.661	1.7159997E-003
0.662	1.4955744E-003
0.663	1.3590873E-003
0.664	1.2200024E-003
0.665	1.1497791E-003
0.666	1.1102298E-003
0.667	1.1060906E-003
0.668	1.1389524E-003
0.669	1.2292287E-003
0.67	1.3298813E-003
0.671	1.5043352E-003
0.672	1.6616920E-003
0.673	1.8386015E-003
0.674	2.0992989E-003
0.675	2.3084402E-003
0.676	2.5984591E-003
0.677	2.8188566E-003
0.678	3.1095769E-003
0.679	3.3197284E-003
0.68	3.5831903E-003
0.681	3.7629311E-003
0.682	3.9738077E-003
0.683	4.1061575E-003
0.684	4.2446926E-003
0.685	4.3173269E-003
0.686	4.3712240E-003
0.687	4.3773749E-003
0.688	4.3413080E-003
0.689	4.2806715E-003
0.69	4.1578808E-003
0.691	4.0358002E-003
0.692	3.8375899E-003
0.693	3.6649939E-003
0.694	3.4092593E-003
0.695	3.2015378E-003
0.696	2.9105346E-003
0.697	2.6859548E-003
0.698	2.3854934E-003
0.699	2.0914713E-003
0.7	1.8800716E-003
0.701	1.6170371E-003
0.702	1.4378568E-003
0.703	1.2287184E-003
0.704	1.0971951E-003
0.705	9.5976260E-004
0.706	8.6886773E-004
0.707	8.3284982E-004
0.708	8.2883169E-004
0.709	8.5894048E-004
0.71	9.4174023E-004
0.711	1.0715412E-003
0.712	1.1975165E-003
0.713	1.3998530E-003
0.714	1.6363916E-003
0.715	1.8321162E-003
0.716	2.1121276E-003
0.717	2.4067704E-003
0.718	2.6322622E-003
0.719	2.9330335E-003
0.72	3.2260790E-003
0.721	3.4358986E-003
0.722	3.6970256E-003
0.723	3.9301710E-003
0.724	4.0825773E-003
0.725	4.2524636E-003
0.726	4.3795970E-003
0.727	4.4609350E-003
0.728	4.4901264E-003
0.729	4.4865939E-003
0.73	4.4343709E-003
0.731	4.3633971E-003
0.732	4.2296923E-003
0.733	4.0540760E-003
0.734	3.8404167E-003
0.735	3.6583750E-003
0.736	3.3922396E-003
0.737	3.1051049E-003
0.738	2.8043555E-003
0.739	2.5742541E-003
0.74	2.2681530E-003
0.741	1.9697323E-003
0.742	1.6867225E-003
0.743	1.4262435E-003
0.744	1.2496291E-003
0.745	1.0445229E-003
0.746	8.7903388E-004
0.747	7.5717655E-004
0.748	6.8273814E-004
0.749	6.5767125E-004
0.75	6.7196722E-004
0.751	7.3558331E-004
0.752	8.4873755E-004
0.753	1.0090533E-003
0.754	1.2133598E-003
0.755	1.4570903E-003
0.756	1.6623953E-003
0.757	1.9615476E-003
0.758	2.2833906E-003
0.759	2.6206688E-003
0.76	2.9657171E-003
0.761	3.3106992E-003
0.762	3.6477817E-003
0.763	3.9690267E-003
0.764	4.2675873E-003
0.765	4.4720052E-003
0.766	4.7145225E-003
0.767	4.9172807E-003
0.768	5.0753020E-003
0.769	5.1846961E-003
0.77	5.2434206E-003
0.771	5.2500721E-003
0.772	5.2040336E-003
0.773	5.1064640E-003
0.774	4.9591684E-003
0.775	4.7650915E-003
0.776	4.5292587E-003
0.777	4.2562815E-003
0.778	3.9523798E-003
0.779	3.6242274E-003
0.78	3.2790573E-003
0.781	2.9251087E-003
0.782	2.5702887E-003
0.783	2.2227920E-003
0.784	1.8907432E-003
0.785	1.5821432E-003
0.786	1.3044518E-003
0.787	1.0646440E-003
0.788	8.6896209E-004
0.789	7.2290329E-004
0.79	6.3062349E-004
0.791	5.9553684E-004
0.792	6.1994686E-004
0.793	7.0442981E-004
0.794	8.4892916E-004
0.795	1.0517306E-003
0.796	1.3098284E-003
0.797	1.6194643E-003
0.798	1.9752786E-003
0.799	2.3712749E-003
0.8	2.8002660E-003
0.801	3.2544534E-003
0.802	3.8454172E-003
0.803	4.3251831E-003
0.804	4.8017367E-003
0.805	5.2662292E-003
0.806	5.7084295E-003
0.807	6.1209439E-003
0.808	6.4952406E-003
0.809	6.8235751E-003
0.81	7.1607018E-003
0.811	7.3636114E-003
0.812	7.5029577E-003
0.813	7.5745797E-003
0.814	7.5784312E-003
0.815	7.5130309E-003
0.816	7.3785884E-003
0.817	7.1189511E-003
0.818	6.8407715E-003
0.819	6.5057264E-003
0.82	6.1197067E-003
0.821	5.6908927E-003
0.822	5.1076561E-003
0.823	4.6135113E-003
0.824	4.1066338E-003
0.825	3.5978393E-003
0.826	3.0979451E-003
0.827	2.5028689E-003
0.828	2.0639689E-003
0.829	1.6698338E-003
0.83	1.3312700E-003
0.831	1.0003310E-003
0.832	8.1973686E-004
0.833	7.2268548E-004
0.834	7.1439572E-004
0.835	8.3668029E-004
0.836	1.0441055E-003
0.837	1.3495232E-003
0.838	1.7527883E-003
0.839	2.3904352E-003
0.84	3.0013151E-003
0.841	3.6952395E-003
0.842	4.6671177E-003
0.843	5.5154804E-003
0.844	6.4151175E-003
0.845	7.5922431E-003
0.846	8.5591841E-003
0.847	9.5321825E-003
0.848	1.0738122E-002
0.849	1.1672501E-002
0.85	1.2563327E-002
0.851	1.3597134E-002
0.852	1.4340437E-002
0.853	1.4994510E-002
0.854	1.5673324E-002
0.855	1.6088620E-002
0.856	1.6380269E-002
0.857	1.6564874E-002
0.858	1.6558930E-002
0.859	1.6361462E-002
0.86	1.6046917E-002
0.861	1.5595598E-002
0.862	1.4852830E-002
0.863	1.4121818E-002
0.864	1.3055627E-002
0.865	1.2097100E-002
0.866	1.1062232E-002
0.867	9.6926084E-003
0.868	8.5604172E-003
0.869	7.1400888E-003
0.87	6.0318508E-003
0.871	4.7289315E-003
0.872	3.7889478E-003
0.873	2.9750983E-003
0.874	2.1858390E-003
0.875	1.7758026E-003
0.876	1.5967174E-003
0.877	1.7607601E-003
0.878	2.4009419E-003
0.879	3.2972160E-003
0.88	4.9433857E-003
0.881	6.7097736E-003
0.882	9.5131509E-003
0.883	1.2249388E-002
0.884	1.6305158E-002
0.885	2.0061320E-002
0.886	2.5396030E-002
0.887	3.0164380E-002
0.888	3.6730111E-002
0.889	4.2432088E-002
0.89	5.0097525E-002
0.891	5.8286786E-002
0.892	6.5169103E-002
0.893	7.4122839E-002
0.894	8.1506088E-002
0.895	9.0948239E-002
0.896	9.8599426E-002
0.897	1.0822447E-001
0.898	1.1780757E-001
0.899	1.2539043E-001
0.9	1.3469572E-001
0.901	1.4194337E-001
0.902	1.5068766E-001
0.903	1.5904894E-001
0.904	1.6537909E-001
0.905	1.7287061E-001
0.906	1.7844860E-001
0.907	1.8487696E-001
0.908	1.9071130E-001
0.909	1.9488408E-001
0.91	1.9954240E-001
0.911	2.0350841E-001
0.912	2.0619667E-001
0.913	2.0892669E-001
0.914	2.1100765E-001
0.915	2.1215612E-001
0.916	2.1301872E-001
0.917	2.1322162E-001
0.918	2.1292727E-001
0.919	2.1201196E-001
0.92	2.1046056E-001
0.921	2.0883128E-001
0.922	2.0624349E-001
0.923	2.0314240E-001
0.924	1.9950567E-001
0.925	1.9623323E-001
0.926	1.9173191E-001
0.927	1.8679161E-001
0.928	1.8143198E-001
0.929	1.7686111E-001
0.93	1.7083804E-001
0.931	1.6449134E-001
0.932	1.5783738E-001
0.933	1.5234274E-001
0.934	1.4525440E-001
0.935	1.3799943E-001
0.936	1.3056867E-001
0.937	1.2454173E-001
0.938	1.1693786E-001
0.939	1.0931439E-001
0.94	1.0167370E-001
0.941	9.4087519E-002
0.942	8.8071510E-002
0.943	8.0672517E-002
0.944	7.3429205E-002
0.945	6.6395640E-002
0.946	5.9598695E-002
0.947	5.3086225E-002
0.948	4.8096132E-002
0.949	4.2173497E-002
0.95	3.6610123E-002
0.951	3.1440407E-002
0.952	2.6677981E-002
0.953	2.2341885E-002
0.954	1.8438108E-002
0.955	1.5629180E-002
0.956	1.2512251E-002
0.957	9.8269377E-003
0.958	7.5614960E-003
0.959	5.7001086E-003
0.96	4.2231213E-003
0.961	3.1060737E-003
0.962	2.3216649E-003
0.963	1.8386022E-003
0.964	1.6270818E-003
0.965	1.6511364E-003
0.966	1.8178466E-003
0.967	2.1815114E-003
0.968	2.6856971E-003
0.969	3.2981206E-003
0.97	3.9868318E-003
0.971	4.7226562E-003
0.972	5.4779346E-003
0.973	6.2285652E-003
0.974	6.9518960E-003
0.975	7.6289116E-003
0.976	8.2443533E-003
0.977	8.7839458E-003
0.978	9.2384461E-003
0.979	9.5989378E-003
0.98	9.8611163E-003
0.981	1.0022680E-002
0.982	1.0083302E-002
0.983	1.0045443E-002
0.984	9.9128429E-003
0.985	9.6903648E-003
0.986	9.3874354E-003
0.987	9.0100095E-003
0.988	8.5680941E-003
0.989	8.0709755E-003
0.99	7.5304420E-003
0.991	6.9565834E-003
0.992	6.2398319E-003
0.993	5.6304862E-003
0.994	5.0216112E-003
0.995	4.4228737E-003
0.996	3.8439655E-003
0.997	3.2928223E-003
0.998	2.7768130E-003
0.999	2.3023509E-003
1	1.8747577E-003
1.001	1.4983132E-003
1.002	1.1761056E-003
1.003	8.6366013E-004
1.004	6.6580914E-004
1.005	5.2455801E-004
1.006	4.3818142E-004
1.007	4.0437843E-004
1.008	4.1997715E-004
1.009	4.8076321E-004
1.01	6.0703186E-004
1.011	7.5050339E-004
1.012	9.2292042E-004
1.013	1.1183395E-003
1.014	1.3308862E-003
1.015	1.5545918E-003
1.016	1.8297905E-003
1.017	2.0578904E-003
1.018	2.2795240E-003
1.019	2.4895961E-003
1.02	2.6840477E-003
1.021	2.8914006E-003
1.022	3.0383482E-003
1.023	3.1595700E-003
1.024	3.2526844E-003
1.025	3.3262030E-003
1.026	3.3542938E-003
1.027	3.3528141E-003
1.028	3.3217855E-003
1.029	3.2480180E-003
1.03	3.1575887E-003
1.031	3.0427645E-003
1.032	2.9069146E-003
1.033	2.7195637E-003
1.034	2.5465006E-003
1.035	2.3618781E-003
1.036	2.1295296E-003
1.037	1.9308485E-003
1.038	1.7313177E-003
1.039	1.5339884E-003
1.04	1.3047642E-003
1.041	1.1231703E-003
1.042	9.5304806E-004
1.043	7.6736393E-004
1.044	6.3012232E-004
1.045	5.1056163E-004
1.046	3.9218384E-004
1.047	3.1519614E-004
1.048	2.5843797E-004
1.049	2.1698781E-004
1.05	2.0422925E-004
1.051	2.1383753E-004
1.052	2.4134832E-004
1.053	2.8513250E-004
1.054	3.5686474E-004
1.055	4.3043739E-004
1.056	5.1439722E-004
1.057	6.2593265E-004
1.058	7.2515925E-004
1.059	8.4864115E-004
1.06	9.5245027E-004
1.061	1.0548922E-003
1.062	1.1732160E-003
1.063	1.2656398E-003
1.064	1.3668623E-003
1.065	1.4339857E-003
1.066	1.5106853E-003
1.067	1.5618302E-003
1.068	1.6069378E-003
1.069	1.6302745E-003
1.07	1.6409602E-003
1.071	1.6353526E-003
1.072	1.6168645E-003
1.073	1.5785076E-003
1.074	1.5337786E-003
1.075	1.4663721E-003
1.076	1.3996653E-003
1.077	1.3093048E-003
1.078	1.2267687E-003
1.079	1.1213780E-003
1.08	1.0297407E-003
1.081	9.1785024E-004
1.082	8.0593838E-004
1.083	7.1449840E-004
1.084	6.0910819E-004
1.085	5.2629760E-004
1.086	4.3478535E-004
1.087	3.6615576E-004
1.088	2.9434275E-004
1.089	2.4401420E-004
1.09	1.9584213E-004
1.091	1.6620326E-004
1.092	1.4351912E-004
1.093	1.3473736E-004
1.094	1.3778477E-004
1.095	1.5326393E-004
1.096	1.7534093E-004
1.097	2.1187252E-004
1.098	2.5801014E-004
1.099	3.0262501E-004
1.1	3.6214752E-004
1.101	4.1547554E-004
1.102	4.8237614E-004
1.103	5.5070431E-004
1.104	6.0731673E-004
1.105	6.7346054E-004
1.106	7.3600962E-004
1.107	7.8422885E-004
1.108	8.3629461E-004
1.109	8.8078622E-004
1.11	9.1140560E-004
1.111	9.3976321E-004
1.112	9.5839851E-004
1.113	9.6615124E-004
1.114	9.6628594E-004
1.115	9.5643598E-004
1.116	9.4073114E-004
1.117	9.1362803E-004
1.118	8.7809941E-004
1.119	8.3500822E-004
1.12	7.9408922E-004
1.121	7.4005383E-004
1.122	6.8179454E-004
1.123	6.3091697E-004
1.124	5.6839088E-004
1.125	5.0544593E-004
1.126	4.4347532E-004
1.127	3.9344572E-004
1.128	3.3647090E-004
1.129	2.8385519E-004
1.13	2.3657556E-004
1.131	1.9548080E-004
1.132	1.6644546E-004
1.133	1.3833713E-004
1.134	1.1792320E-004
1.135	1.0534123E-004
1.136	1.0062024E-004
1.137	1.0256860E-004
1.138	1.1168982E-004
1.139	1.2776896E-004
1.14	1.5017258E-004
1.141	1.7817781E-004
1.142	2.0517275E-004
1.143	2.4118794E-004
1.144	2.8022341E-004
1.145	3.2125096E-004
1.146	3.6322532E-004
1.147	4.0513455E-004
1.148	4.4594004E-004
1.149	4.7840056E-004
1.15	5.1477848E-004
1.151	5.4759486E-004
1.152	5.7609921E-004
1.153	5.9965195E-004
1.154	6.1784475E-004
1.155	6.3025107E-004
1.156	6.3669105E-004
1.157	6.3713058E-004
1.158	6.3283794E-004
1.159	6.2238454E-004
1.16	6.0639076E-004
1.161	5.8521016E-004
1.162	5.5943377E-004
1.163	5.2950392E-004
1.164	4.9620133E-004
1.165	4.6019573E-004
1.166	4.2228043E-004
1.167	3.8327210E-004
1.168	3.4390396E-004
1.169	3.0503565E-004
1.17	2.6740873E-004
1.171	2.3174853E-004
1.172	1.9870627E-004
1.173	1.6889589E-004
1.174	1.4281398E-004
1.175	1.2090609E-004
1.176	1.0349946E-004
1.177	9.0805799E-005
1.178	8.2978462E-005
1.179	8.0025944E-005
1.18	8.1869905E-005
1.181	8.8319110E-005
1.182	9.9125995E-005
1.183	1.1392423E-004
1.184	1.3227529E-004
1.185	1.5370126E-004
1.186	1.7763629E-004
1.187	2.0350487E-004
1.188	2.3068496E-004
1.189	2.5855334E-004
1.19	2.8646310E-004
1.191	3.1829841E-004
1.192	3.4421450E-004
1.193	3.6835001E-004
1.194	3.9016100E-004
1.195	4.0921051E-004
1.196	4.2512463E-004
1.197	4.3759352E-004
1.198	4.4639304E-004
1.199	4.5136473E-004
1.2	4.5229596E-004
1.201	4.4884786E-004
1.202	4.4162042E-004
1.203	4.3080642E-004
1.204	4.1663251E-004
1.205	3.9944466E-004
1.206	3.7953409E-004
1.207	3.5354725E-004
1.208	3.2933929E-004
1.209	3.0385397E-004
1.21	2.7761870E-004
1.211	2.5113631E-004
1.212	2.2490398E-004
1.213	1.9528349E-004
1.214	1.7123790E-004
1.215	1.4889396E-004
1.216	1.2863603E-004
1.217	1.0810431E-004
1.218	9.3462295E-005
1.219	8.1793507E-005
1.22	7.3230025E-005
1.221	6.7885456E-005
1.222	6.5750130E-005
1.223	6.7364868E-005
1.224	7.2063805E-005
1.225	7.9656151E-005
1.226	9.1910784E-005
1.227	1.0498788E-004
1.228	1.2011959E-004
1.229	1.3990140E-004
1.23	1.5823243E-004
1.231	1.7741810E-004
1.232	1.9704345E-004
1.233	2.1998859E-004
1.234	2.3918966E-004
1.235	2.5756075E-004
1.236	2.7751192E-004
1.237	2.9289021E-004
1.238	3.0643045E-004
1.239	3.1954210E-004
1.24	3.2821464E-004
1.241	3.3436454E-004
1.242	3.3827385E-004
1.243	3.3871905E-004
1.244	3.3651671E-004
1.245	3.3069018E-004
1.246	3.2299929E-004
1.247	3.1300180E-004
1.248	2.9872221E-004
1.249	2.8446055E-004
1.25	2.6593372E-004
1.251	2.4870611E-004
1.252	2.3060567E-004
1.253	2.0884565E-004
1.254	1.8999548E-004
1.255	1.6827049E-004
1.256	1.5023114E-004
1.257	1.3306111E-004
1.258	1.1453044E-004
1.259	1.0020762E-004
1.26	8.5660497E-005
1.261	7.5244781E-005
1.262	6.5717250E-005
1.263	5.9903112E-005
1.264	5.6341767E-005
1.265	5.5049048E-005
1.266	5.6359291E-005
1.267	6.0609884E-005
1.268	6.6462315E-005
1.269	7.5659387E-005
1.27	8.5351312E-005
1.271	9.8489953E-005
1.272	1.1102577E-004
1.273	1.2680252E-004
1.274	1.4097398E-004
1.275	1.5790570E-004
1.276	1.7241073E-004
1.277	1.8897238E-004
1.278	2.0252637E-004
1.279	2.1726804E-004
1.28	2.2868798E-004
1.281	2.4036989E-004
1.282	2.4995583E-004
1.283	2.5633318E-004
1.284	2.6154771E-004
1.285	2.6394523E-004
1.286	2.6436945E-004
1.287	2.6263265E-004
1.288	2.5829813E-004
1.289	2.5155119E-004
1.29	2.4394867E-004
1.291	2.3322357E-004
1.292	2.2258986E-004
1.293	2.0879529E-004
1.294	1.9382981E-004
1.295	1.8029888E-004
1.296	1.6406865E-004
1.297	1.5001839E-004
1.298	1.3382155E-004
1.299	1.1816299E-004
1.3	1.0542170E-004
1.301	9.1662019E-005
1.302	7.9356563E-005
1.303	7.0144866E-005
1.304	6.1168546E-005
1.305	5.4251101E-005
1.306	5.0036222E-005
1.307	4.7207268E-005
1.308	4.6625053E-005
1.309	4.7886955E-005
1.31	5.1366376E-005
1.311	5.6862511E-005
1.312	6.3057116E-005
1.313	7.1826871E-005
1.314	8.2041464E-005
1.315	9.3417846E-005
1.316	1.0386646E-004
1.317	1.1662079E-004
1.318	1.2966187E-004
1.319	1.4082098E-004
1.32	1.5355962E-004
1.321	1.6569576E-004
1.322	1.7695597E-004
1.323	1.8568439E-004
1.324	1.9463491E-004
1.325	2.0203022E-004
1.326	2.0772735E-004
1.327	2.1159490E-004
1.328	2.1336846E-004
1.329	2.1365975E-004
1.33	2.1200546E-004
1.331	2.0847244E-004
1.332	2.0312535E-004
1.333	1.9719865E-004
1.334	1.8888936E-004
1.335	1.7923868E-004
1.336	1.6846175E-004
1.337	1.5681639E-004
1.338	1.4630811E-004
1.339	1.3371809E-004
1.34	1.2101719E-004
1.341	1.0846394E-004
1.342	9.6334232E-005
1.343	8.4876716E-005
1.344	7.4327909E-005
1.345	6.6163229E-005
1.346	5.7838766E-005
1.347	5.0954510E-005
1.348	4.5630648E-005
1.349	4.1952499E-005
1.35	3.9979757E-005
1.351	3.9717484E-005
1.352	4.1149484E-005
1.353	4.4207314E-005
1.354	4.8802794E-005
1.355	5.3866250E-005
1.356	6.0951188E-005
1.357	6.9134454E-005
1.358	7.8214565E-005
1.359	8.7976623E-005
1.36	9.8191143E-005
1.361	1.0862372E-004
1.362	1.1903561E-004
1.363	1.2919116E-004
1.364	1.3886715E-004
1.365	1.4785919E-004
1.366	1.5595602E-004
1.367	1.6300201E-004
1.368	1.6882185E-004
1.369	1.7332911E-004
1.37	1.7640588E-004
1.371	1.7800269E-004
1.372	1.7811000E-004
1.373	1.7669165E-004
1.374	1.7381403E-004
1.375	1.6952361E-004
1.376	1.6393195E-004
1.377	1.5716285E-004
1.378	1.4934911E-004
1.379	1.4066572E-004
1.38	1.3129399E-004
1.381	1.2142801E-004
1.382	1.1127553E-004
1.383	1.0103248E-004
1.384	9.0919806E-005
1.385	8.1130624E-005
1.386	7.0592345E-005
1.387	6.2135092E-005
1.388	5.4562890E-005
1.389	4.8017144E-005
1.39	4.2615749E-005
1.391	3.8449802E-005
1.392	3.5593152E-005
1.393	3.4083329E-005
1.394	3.3926164E-005
1.395	3.5114248E-005
1.396	3.8059487E-005
1.397	4.1945375E-005
1.398	4.6947949E-005
1.399	5.2947740E-005
1.4	5.9812373E-005
1.401	6.7385583E-005
1.402	7.6098797E-005
1.403	8.4596679E-005
1.404	9.3265029E-005
1.405	1.0191792E-004
1.406	1.1037706E-004
1.407	1.1846303E-004
1.408	1.2705744E-004
1.409	1.3380709E-004
1.41	1.3970910E-004
1.411	1.4465238E-004
1.412	1.4852639E-004
1.413	1.5156966E-004
1.414	1.5294606E-004
1.415	1.5310223E-004
1.416	1.5205068E-004
1.417	1.4939444E-004
1.418	1.4583899E-004
1.419	1.4122321E-004
1.42	1.3564009E-004
1.421	1.2823952E-004
1.422	1.2098320E-004
1.423	1.1316153E-004
1.424	1.0493401E-004
1.425	9.5240197E-005
1.426	8.6675718E-005
1.427	7.8206373E-005
1.428	6.9999885E-005
1.429	6.1140767E-005
1.43	5.3994645E-005
1.431	4.7554880E-005
1.432	4.1214891E-005
1.433	3.6658246E-005
1.434	3.3112912E-005
1.435	3.0370127E-005
1.436	2.9154578E-005
1.437	2.9056579E-005
1.438	3.0299147E-005
1.439	3.2536136E-005
1.44	3.5781944E-005
1.441	4.0645562E-005
1.442	4.5794277E-005
1.443	5.2566927E-005
1.444	5.9122078E-005
1.445	6.6128501E-005
1.446	7.4514057E-005
1.447	8.2004946E-005
1.448	8.9495697E-005
1.449	9.7866658E-005
1.45	1.0485692E-004
1.451	1.1229677E-004
1.452	1.1817298E-004
1.453	1.2403881E-004
1.454	1.2828714E-004
1.455	1.3164897E-004
1.456	1.3433502E-004
1.457	1.3560256E-004
1.458	1.3581877E-004
1.459	1.3488762E-004
1.46	1.3261495E-004
1.461	1.2959407E-004
1.462	1.2504685E-004
1.463	1.2017877E-004
1.464	1.1375755E-004
1.465	1.0747489E-004
1.466	9.9714867E-005
1.467	9.2549722E-005
1.468	8.4114145E-005
1.469	7.6656419E-005
1.47	6.9280177E-005
1.471	6.1119208E-005
1.472	5.3420172E-005
1.473	4.7198253E-005
1.474	4.0833038E-005
1.475	3.6014302E-005
1.476	3.1483691E-005
1.477	2.8438757E-005
1.478	2.6083497E-005
1.479	2.5033885E-005
1.48	2.5012414E-005
1.481	2.6010301E-005
1.482	2.8284518E-005
1.483	3.1702602E-005
1.484	3.5557292E-005
1.485	4.0856023E-005
1.486	4.6165012E-005
1.487	5.2876472E-005
1.488	6.0108701E-005
1.489	6.6722554E-005
1.49	7.4453681E-005
1.491	8.1216946E-005
1.492	8.8796973E-005
1.493	9.6040108E-005
1.494	1.0195039E-004
1.495	1.0810058E-004
1.496	1.1345995E-004
1.497	1.1739750E-004
1.498	1.2095252E-004
1.499	1.2315816E-004
1.5	1.2462422E-004
1.501	1.2492435E-004
1.502	1.2420895E-004
1.503	1.2231927E-004
1.504	1.1931609E-004
1.505	1.1527426E-004
1.506	1.1094871E-004
1.507	1.0522256E-004
1.508	9.8775883E-005
1.509	9.2661117E-005
1.51	8.5284060E-005
1.511	7.7639430E-005
1.512	6.9901405E-005
1.513	6.3186286E-005
1.514	5.5744185E-005
1.515	4.8693528E-005
1.516	4.2969514E-005
1.517	3.7073700E-005
1.518	3.1978958E-005
1.519	2.7803426E-005
1.52	2.4965328E-005
1.521	2.2722332E-005
1.522	2.1586429E-005
1.523	2.1580692E-005
1.524	2.2690165E-005
1.525	2.4560064E-005
1.526	2.7675329E-005
1.527	3.1761163E-005
1.528	3.6723217E-005
1.529	4.2446078E-005
1.53	4.7971655E-005
1.531	5.4761291E-005
1.532	6.1901257E-005
1.533	6.9236507E-005
1.534	7.6596771E-005
1.535	8.3825456E-005
1.536	8.9907066E-005
1.537	9.6456082E-005
1.538	1.0242833E-004
1.539	1.0770142E-004
1.54	1.1215374E-004
1.541	1.1569248E-004
1.542	1.1823488E-004
1.543	1.1959529E-004
1.544	1.2014036E-004
1.545	1.1961263E-004
1.546	1.1799674E-004
1.547	1.1534384E-004
1.548	1.1170925E-004
1.549	1.0716665E-004
1.55	1.0181771E-004
1.551	9.5784082E-005
1.552	8.9182053E-005
1.553	8.2162122E-005
1.554	7.4874122E-005
1.555	6.8389119E-005
1.556	6.1016039E-005
1.557	5.3822208E-005
1.558	4.6960777E-005
1.559	4.0579675E-005
1.56	3.4812550E-005
1.561	2.9779883E-005
1.562	2.5587720E-005
1.563	2.2328808E-005
1.564	2.0066618E-005
1.565	1.8850897E-005
1.566	1.8706516E-005
1.567	1.9637928E-005
1.568	2.1628068E-005
1.569	2.4629713E-005
1.57	2.8584433E-005
1.571	3.3410648E-005
1.572	3.9006081E-005
1.573	4.5254437E-005
1.574	5.2028925E-005
1.575	5.9186692E-005
1.576	6.6581670E-005
1.577	7.5000753E-005
1.578	8.2391016E-005
1.579	8.9538786E-005
1.58	9.6294811E-005
1.581	1.0252436E-004
1.582	1.0809400E-004
1.583	1.1290244E-004
1.584	1.1682905E-004
1.585	1.1980897E-004
1.586	1.2177604E-004
1.587	1.2268148E-004
1.588	1.2252193E-004
1.589	1.2107174E-004
1.59	1.1866432E-004
1.591	1.1526151E-004
1.592	1.1092379E-004
1.593	1.0609551E-004
1.594	1.0023332E-004
1.595	9.3740855E-005
1.596	8.5867207E-005
1.597	7.8500998E-005
1.598	7.0945942E-005
1.599	6.3362808E-005
1.6	5.5903645E-005
1.601	4.8718226E-005
1.602	4.1149684E-005
1.603	3.5026776E-005
1.604	2.9609550E-005
1.605	2.5010871E-005
1.606	2.1326079E-005
1.607	1.8375260E-005
1.608	1.6877531E-005
1.609	1.6474605E-005
1.61	1.7184753E-005
1.611	1.9005440E-005
1.612	2.2340115E-005
1.613	2.6391433E-005
1.614	3.1393509E-005
1.615	3.7256774E-005
1.616	4.4748187E-005
1.617	5.2062867E-005
1.618	5.9854196E-005
1.619	6.7974543E-005
1.62	7.7320423E-005
1.621	8.5633568E-005
1.622	9.3783288E-005
1.623	1.0258360E-004
1.624	1.0989524E-004
1.625	1.1657508E-004
1.626	1.2251243E-004
1.627	1.2816055E-004
1.628	1.3212879E-004
1.629	1.3505187E-004
1.63	1.3701263E-004
1.631	1.3751075E-004
1.632	1.3684396E-004
1.633	1.3473052E-004
1.634	1.3163291E-004
1.635	1.2689218E-004
1.636	1.2162412E-004
1.637	1.1547455E-004
1.638	1.0764923E-004
1.639	1.0002173E-004
1.64	9.1926981E-005
1.641	8.2446546E-005
1.642	7.3865172E-005
1.643	6.5313368E-005
1.644	5.5951066E-005
1.645	4.8025384E-005
1.646	3.9770614E-005
1.647	3.3183835E-005
1.648	2.6806310E-005
1.649	2.2178159E-005
1.65	1.8649160E-005
1.651	1.6090376E-005
1.652	1.5139724E-005
1.653	1.5620819E-005
1.654	1.7431836E-005
1.655	2.1023048E-005
1.656	2.5547764E-005
1.657	3.2068951E-005
1.658	3.9037837E-005
1.659	4.8067544E-005
1.66	5.7003679E-005
1.661	6.6649663E-005
1.662	7.8160600E-005
1.663	8.8779627E-005
1.664	1.0093755E-004
1.665	1.1172601E-004
1.666	1.2360017E-004
1.667	1.3371538E-004
1.668	1.4437635E-004
1.669	1.5404870E-004
1.67	1.6161808E-004
1.671	1.6881729E-004
1.672	1.7389971E-004
1.673	1.7802136E-004
1.674	1.8016575E-004
1.675	1.8085356E-004
1.676	1.7986540E-004
1.677	1.7698399E-004
1.678	1.7288538E-004
1.679	1.6665205E-004
1.68	1.5877617E-004
1.681	1.5054265E-004
1.682	1.4010562E-004
1.683	1.2993609E-004
1.684	1.1774796E-004
1.685	1.0502618E-004
1.686	9.3513227E-005
1.687	8.0623911E-005
1.688	6.9455040E-005
1.689	5.7516336E-005
1.69	4.6533536E-005
1.691	3.7810893E-005
1.692	2.9428566E-005
1.693	2.2804932E-005
1.694	1.8574552E-005
1.695	1.5852534E-005
1.696	1.5435349E-005
1.697	1.7091235E-005
1.698	2.1286773E-005
1.699	2.7974018E-005
1.7	3.5976249E-005
1.701	4.7223613E-005
1.702	6.0721806E-005
1.703	7.4455267E-005
1.704	9.1665228E-005
1.705	1.1048072E-004
1.706	1.3059143E-004
1.707	1.4926227E-004
1.708	1.7086363E-004
1.709	1.9269550E-004
1.71	2.1195078E-004
1.711	2.3312455E-004
1.712	2.5333185E-004
1.713	2.7219459E-004
1.714	2.8749483E-004
1.715	3.0276386E-004
1.716	3.1561311E-004
1.717	3.2577597E-004
1.718	3.3294337E-004
1.719	3.3666880E-004
1.72	3.3775630E-004
1.721	3.3546783E-004
1.722	3.2980772E-004
1.723	3.2076542E-004
1.724	3.1000751E-004
1.725	2.9507678E-004
1.726	2.7735194E-004
1.727	2.5714963E-004
1.728	2.3490377E-004
1.729	2.1376948E-004
1.73	1.8895292E-004
1.731	1.6360790E-004
1.732	1.3971016E-004
1.733	1.1512962E-004
1.734	9.1948794E-005
1.735	7.0893147E-005
1.736	5.4558201E-005
1.737	3.9534174E-005
1.738	2.8769584E-005
1.739	2.2994784E-005
1.74	2.2894810E-005
1.741	2.9121131E-005
1.742	4.2303906E-005
1.743	6.2992418E-005
1.744	8.8068402E-005
1.745	1.2420783E-004
1.746	1.6907083E-004
1.747	2.2291394E-004
1.748	2.8589100E-004
1.749	3.5811210E-004
1.75	4.3953210E-004
1.751	5.2999484E-004
1.752	6.2928232E-004
1.753	7.3712168E-004
1.754	8.5292570E-004
1.755	9.7629114E-004
1.756	1.1065585E-003
1.757	1.2431071E-003
1.758	1.3850913E-003
1.759	1.5315231E-003
1.76	1.6814899E-003
1.761	1.8343636E-003
1.762	1.9886489E-003
1.763	2.1434641E-003
1.764	2.2977651E-003
1.765	2.4506387E-003
1.766	2.6008342E-003
1.767	2.7469906E-003
1.768	2.8883470E-003
1.769	3.0240482E-003
1.77	3.1525258E-003
1.771	3.2732389E-003
1.772	3.3853983E-003
1.773	3.4883555E-003
1.774	3.5806282E-003
1.775	3.6625054E-003
1.776	3.7325989E-003
1.777	3.7910095E-003
1.778	3.8373461E-003
1.779	3.8746272E-003
1.78	3.8940443E-003
1.781	3.9011773E-003
1.782	3.8952788E-003
1.783	3.8769259E-003
1.784	3.8462628E-003
1.785	3.8039277E-003
1.786	3.7498265E-003
1.787	3.6849419E-003
1.788	3.6005771E-003
1.789	3.5140507E-003
1.79	3.4189189E-003
1.791	3.3149861E-003
1.792	3.2036272E-003
1.793	3.0857357E-003
1.794	2.9622493E-003
1.795	2.8195174E-003
1.796	2.6865017E-003
1.797	2.5505761E-003
1.798	2.4124256E-003
1.799	2.2732508E-003
1.8	2.1182727E-003
1.801	1.9791012E-003
1.802	1.8413732E-003
1.803	1.7055534E-003
1.804	1.5724894E-003
1.805	1.4287962E-003
1.806	1.3037248E-003
1.807	1.1830940E-003
1.808	1.0674880E-003
1.809	9.4562001E-004
1.81	8.4191794E-004
1.811	7.4424141E-004
1.812	6.5293151E-004
1.813	5.5896176E-004
1.814	4.8124985E-004
1.815	4.1007213E-004
1.816	3.4533918E-004
1.817	2.8095901E-004
1.818	2.2957649E-004
1.819	1.8425181E-004
1.82	1.4074845E-004
1.821	1.0742253E-004
1.822	7.9338904E-005
1.823	5.6186036E-005
1.824	3.5827681E-005
1.825	2.1932565E-005
1.826	1.1859385E-005
1.827	4.6936475E-006
1.828	1.4583629E-006
1.829	8.7789226E-007
1.83	2.9002829E-006
1.831	6.7283931E-006
1.832	1.2103356E-005
1.833	1.9490046E-005
1.834	2.7076918E-005
1.835	3.6185527E-005
1.836	4.4698114E-005
1.837	5.3271982E-005
1.838	6.2599109E-005
1.839	7.0616756E-005
1.84	7.8896519E-005
1.841	8.5629625E-005
1.842	9.1584843E-005
1.843	9.7168675E-005
1.844	1.0120167E-004
1.845	1.0439960E-004
1.846	1.0639977E-004
1.847	1.0740927E-004
1.848	1.0741928E-004
1.849	1.0642379E-004
1.85	1.0430058E-004
1.851	1.0153904E-004
1.852	9.7609518E-005
1.853	9.3383009E-005
1.854	8.8050256E-005
1.855	8.2767830E-005
1.856	7.6481861E-005
1.857	7.0543836E-005
1.858	6.3769461E-005
1.859	5.7602534E-005
1.86	5.0790077E-005
1.861	4.4768884E-005
1.862	3.8306775E-005
1.863	3.2765452E-005
1.864	2.6993346E-005
1.865	2.2190801E-005
1.866	1.7351851E-005
1.867	1.3475247E-005
1.868	9.7324346E-006
1.869	6.8898466E-006
1.87	4.3217515E-006
1.871	2.5387271E-006
1.872	1.1339065E-006
1.873	3.1230186E-007
1.874	4.5748425E-008
1.875	2.3758622E-007
1.876	8.1255706E-007
1.877	1.8504945E-006
1.878	3.2536259E-006
1.879	4.7792760E-006
1.88	6.7095962E-006
1.881	8.6078953E-006
1.882	1.0840265E-005
1.883	1.3141071E-005
1.884	1.5220313E-005
1.885	1.7493583E-005
1.886	1.9460256E-005
1.887	2.1515161E-005
1.888	2.3393282E-005
1.889	2.4900124E-005
1.89	2.6347936E-005
1.891	2.7525899E-005
1.892	2.8340728E-005
1.893	2.8971484E-005
1.894	2.9296600E-005
1.895	2.9331675E-005
1.896	2.9094410E-005
1.897	2.8571494E-005
1.898	2.7870487E-005
1.899	2.6859349E-005
1.9	2.5624644E-005
1.901	2.4196792E-005
1.902	2.2767519E-005
1.903	2.1053749E-005
1.904	1.9238942E-005
1.905	1.7547358E-005
1.906	1.5637368E-005
1.907	1.3727803E-005
1.908	1.1849205E-005
1.909	1.0210958E-005
1.91	8.4773728E-006
1.911	6.8592708E-006
1.912	5.3802391E-006
1.913	4.1839698E-006
1.914	3.0208537E-006
1.915	2.0434900E-006
1.916	1.2613517E-006
1.917	6.7891290E-007
1.918	3.2649555E-007
1.919	1.2342637E-007
1.92	1.1282167E-007
1.921	2.8520390E-007
1.922	6.2823131E-007
1.923	1.1265344E-006
1.924	1.6930824E-006
1.925	2.4362384E-006
1.926	3.2783259E-006
1.927	4.1977401E-006
1.928	5.1711113E-006
1.929	6.1755154E-006
1.93	7.0863607E-006
1.931	8.0872205E-006
1.932	9.0548865E-006
1.933	9.9694244E-006
1.934	1.0812289E-005
1.935	1.1568269E-005
1.936	1.2221358E-005
1.937	1.2760602E-005
1.938	1.3140712E-005
1.939	1.3429312E-005
1.94	1.3603879E-005
1.941	1.3644327E-005
1.942	1.3552129E-005
1.943	1.3332236E-005
1.944	1.2987834E-005
1.945	1.2528709E-005
1.946	1.1965593E-005
1.947	1.1310436E-005
1.948	1.0576585E-005
1.949	9.7790708E-006
1.95	8.9334189E-006
1.951	8.0569216E-006
1.952	7.1644299E-006
1.953	6.2723243E-006
1.954	5.3975377E-006
1.955	4.5543643E-006
1.956	3.7576581E-006
1.957	3.0206731E-006
1.958	2.3543228E-006
1.959	1.7689287E-006
1.96	1.2729226E-006
1.961	8.7238425E-007
1.962	5.7176544E-007
1.963	3.7325984E-007
1.964	2.7753148E-007
1.965	2.8285356E-007
1.966	3.8582223E-007
1.967	5.8113312E-007
1.968	8.6205569E-007
1.969	1.2200911E-006
1.97	1.6457541E-006
1.971	2.1283279E-006
1.972	2.6563266E-006
1.973	3.2176856E-006
1.974	3.8001995E-006
1.975	4.3909477E-006
1.976	4.9772830E-006
1.977	5.6036070E-006
1.978	6.1430187E-006
1.979	6.6430989E-006
1.98	7.0940091E-006
1.981	7.4874874E-006
1.982	7.8167495E-006
1.983	8.0753434E-006
1.984	8.2595689E-006
1.985	8.3732320E-006
1.986	8.3943823E-006
1.987	8.3370242E-006
1.988	8.2032830E-006
1.989	7.9968477E-006
1.99	7.7229342E-006
1.991	7.3867886E-006
1.992	6.9546704E-006
1.993	6.5127520E-006
1.994	6.0337657E-006
1.995	5.5267587E-006
1.996	5.0016197E-006
1.997	4.4151307E-006
1.998	3.8836861E-006
1.999	3.3647179E-006
2	2.8670470E-006
2.001	2.3990103E-006
2.002	1.9285683E-006
2.003	1.5482913E-006
2.004	1.2194523E-006
2.005	9.4685583E-007
2.006	7.1665522E-007
2.007	5.7308392E-007
2.008	4.9345920E-007
2.009	4.7751655E-007
2.01	5.3214330E-007
2.011	6.4456373E-007
2.012	8.1315414E-007
2.013	1.0577378E-006
2.014	1.3278940E-006
2.015	1.6369141E-006
2.016	1.9778142E-006
2.017	2.3808839E-006
2.018	2.7642350E-006
2.019	3.1554534E-006
2.02	3.5853730E-006
2.021	3.9672436E-006
2.022	4.3154755E-006
2.023	4.6922537E-006
2.024	5.0031404E-006
2.025	5.2784903E-006
2.026	5.5340497E-006
2.027	5.7188440E-006
2.028	5.8551209E-006
2.029	5.9466638E-006
2.03	5.9753415E-006
2.031	5.9474023E-006
2.032	5.8684827E-006
2.033	5.7407183E-006
2.034	5.5478099E-006
2.035	5.3281192E-006
2.036	5.0713024E-006
2.037	4.7521339E-006
2.038	4.4346252E-006
2.039	4.0629297E-006
2.04	3.7113798E-006
2.041	3.3177369E-006
2.042	2.9607727E-006
2.043	2.6112389E-006
2.044	2.2429379E-006
2.045	1.9289289E-006
2.046	1.6131008E-006
2.047	1.3578358E-006
2.048	1.1172751E-006
2.049	9.3867106E-007
2.05	7.8947460E-007
2.051	6.9847806E-007
2.052	6.4864054E-007
2.053	6.4885222E-007
2.054	6.9807146E-007
2.055	7.8550295E-007
2.056	9.2564602E-007
2.057	1.0893382E-006
2.058	1.3048277E-006
2.059	1.5282427E-006
2.06	1.7982179E-006
2.061	2.0601847E-006
2.062	2.3599830E-006
2.063	2.6370699E-006
2.064	2.9403959E-006
2.065	3.2087300E-006
2.066	3.4897976E-006
2.067	3.7270152E-006
2.068	3.9629131E-006
2.069	4.1670178E-006
2.07	4.3213404E-006
2.071	4.4538665E-006
2.072	4.5380116E-006
2.073	4.5892425E-006
2.074	4.5975735E-006
2.075	4.5649494E-006
2.076	4.4897288E-006
2.077	4.3857003E-006
2.078	4.2354727E-006
2.079	4.0687451E-006
2.08	3.8568260E-006
2.081	3.6194551E-006
2.082	3.3859819E-006
2.083	3.1155823E-006
2.084	2.8364252E-006
2.085	2.5798315E-006
2.086	2.3010391E-006
2.087	2.0310281E-006
2.088	1.7976334E-006
2.089	1.5597489E-006
2.09	1.3457637E-006
2.091	1.1755460E-006
2.092	1.0183220E-006
2.093	8.9536411E-007
2.094	8.1469841E-007
2.095	7.6170807E-007
2.096	7.4631515E-007
2.097	7.6657096E-007
2.098	8.1632419E-007
2.099	9.0384714E-007
2.1	1.0230390E-006
2.101	1.1560981E-006
2.102	1.3262195E-006
2.103	1.5169920E-006
2.104	1.7237159E-006
2.105	1.9213069E-006
2.106	2.1446167E-006
2.107	2.3691703E-006
2.108	2.5895831E-006
2.109	2.8013567E-006
2.11	2.9819496E-006
2.111	3.1636164E-006
2.112	3.3240606E-006
2.113	3.4593886E-006
2.114	3.5584371E-006
2.115	3.6392976E-006
2.116	3.6887104E-006
2.117	3.7063196E-006
2.118	3.6916153E-006
2.119	3.6453966E-006
2.12	3.5768151E-006
2.121	3.4742618E-006
2.122	3.3455901E-006
2.123	3.1936502E-006
2.124	3.0219653E-006
2.125	2.8340010E-006
2.126	2.6526850E-006
2.127	2.4459302E-006
2.128	2.2356901E-006
2.129	2.0262710E-006
2.13	1.8220118E-006
2.131	1.6271212E-006
2.132	1.4455183E-006
2.133	1.2807405E-006
2.134	1.1481321E-006
2.135	1.0240252E-006
2.136	9.2456577E-007
2.137	8.5162975E-007
2.138	8.0602314E-007
2.139	7.8841839E-007
2.14	7.9858779E-007
2.141	8.3580017E-007
2.142	8.9891188E-007
2.143	9.8596399E-007
2.144	1.0946970E-006
2.145	1.2224557E-006
2.146	1.3659592E-006
2.147	1.5219214E-006
2.148	1.6866172E-006
2.149	1.8565672E-006
2.15	2.0276354E-006
2.151	2.1960618E-006
2.152	2.3584446E-006
2.153	2.5109728E-006
2.154	2.6505195E-006
2.155	2.7742026E-006
2.156	2.8793422E-006
2.157	2.9636221E-006
2.158	3.0259114E-006
2.159	3.0643816E-006
2.16	3.0788362E-006
2.161	3.0690703E-006
2.162	3.0372998E-006
2.163	2.9814321E-006
2.164	2.9036539E-006
2.165	2.8058157E-006
2.166	2.6902337E-006
2.167	2.5590066E-006
2.168	2.4151773E-006
2.169	2.2619242E-006
2.17	2.1022890E-006
2.171	1.9395150E-006
2.172	1.7770257E-006
2.173	1.6038822E-006
2.174	1.4522352E-006
2.175	1.3105725E-006
2.176	1.1813786E-006
2.177	1.0674539E-006
2.178	9.7061127E-007
2.179	8.9259061E-007
2.18	8.3476283E-007
2.181	7.9568787E-007
2.182	7.8227094E-007
2.183	7.9023488E-007
2.184	8.1903818E-007
2.185	8.6785383E-007
2.186	9.3517650E-007
2.187	1.0278625E-006
2.188	1.1281653E-006
2.189	1.2408033E-006
2.19	1.3632360E-006
2.191	1.4925554E-006
2.192	1.6383913E-006
2.193	1.7731583E-006
2.194	1.9060776E-006
2.195	2.0341047E-006
2.196	2.1548647E-006
2.197	2.2752690E-006
2.198	2.3725795E-006
2.199	2.4556405E-006
2.2	2.5224583E-006
2.201	2.5721554E-006
2.202	2.6054165E-006
2.203	2.6162024E-006
2.204	2.6079788E-006
2.205	2.5777483E-006
2.206	2.5309835E-006
2.207	2.4670760E-006
2.208	2.3876783E-006
2.209	2.2853064E-006
2.21	2.1789351E-006
2.211	2.0628474E-006
2.212	1.9279751E-006
2.213	1.7993074E-006
2.214	1.6686349E-006
2.215	1.5384726E-006
2.216	1.3999969E-006
2.217	1.2788794E-006
2.218	1.1657836E-006
2.219	1.0540173E-006
2.22	9.6424321E-007
2.221	8.8808525E-007
2.222	8.2229934E-007
2.223	7.8037158E-007
2.224	7.5125081E-007
2.225	7.4236215E-007
2.226	7.5035871E-007
2.227	7.7809926E-007
2.228	8.1991885E-007
2.229	8.7645481E-007
2.23	9.5339584E-007
2.231	1.0359737E-006
2.232	1.1371361E-006
2.233	1.2377762E-006
2.234	1.3437227E-006
2.235	1.4629258E-006
2.236	1.5728575E-006
2.237	1.6908542E-006
2.238	1.7947682E-006
2.239	1.9010268E-006
2.24	1.9897864E-006
2.241	2.0684190E-006
2.242	2.1409401E-006
2.243	2.1937069E-006
2.244	2.2352087E-006
2.245	2.2576066E-006
2.246	2.2647337E-006
2.247	2.2551758E-006
2.248	2.2276026E-006
2.249	2.1869835E-006
2.25	2.1270539E-006
2.251	2.0589937E-006
2.252	1.9723168E-006
2.253	1.8827690E-006
2.254	1.7764370E-006
2.255	1.6729668E-006
2.256	1.5561717E-006
2.257	1.4475412E-006
2.258	1.3299320E-006
2.259	1.2249028E-006
2.26	1.1161093E-006
2.261	1.0232829E-006
2.262	9.3190351E-007
2.263	8.5264537E-007
2.264	7.9180631E-007
2.265	7.3987189E-007
2.266	7.0615721E-007
2.267	6.8526913E-007
2.268	6.8066817E-007
2.269	6.9170881E-007
2.27	7.1880822E-007
2.271	7.5712535E-007
2.272	8.1253478E-007
2.273	8.7450184E-007
2.274	9.5277892E-007
2.275	1.0402201E-006
2.276	1.1265713E-006
2.277	1.2254392E-006
2.278	1.3267488E-006
2.279	1.4197630E-006
2.28	1.5151032E-006
2.281	1.6024279E-006
2.282	1.6917390E-006
2.283	1.7724780E-006
2.284	1.8373780E-006
2.285	1.8969625E-006
2.286	1.9431843E-006
2.287	1.9730378E-006
2.288	1.9915167E-006
2.289	1.9947090E-006
2.29	1.9825413E-006
2.291	1.9579595E-006
2.292	1.9175593E-006
2.293	1.8636752E-006
2.294	1.8032511E-006
2.295	1.7270006E-006
2.296	1.6414226E-006
2.297	1.5486089E-006
2.298	1.4588109E-006
2.299	1.3577942E-006
2.3	1.2556901E-006
2.301	1.1547038E-006
2.302	1.0648918E-006
2.303	9.7206464E-007
2.304	8.8641644E-007
2.305	8.0975576E-007
2.306	7.4872304E-007
2.307	6.9345737E-007
2.308	6.5105803E-007
2.309	6.2236484E-007
2.31	6.0777586E-007
2.311	6.0693833E-007
2.312	6.1959042E-007
2.313	6.4606468E-007
2.314	6.8552373E-007
2.315	7.3689262E-007
2.316	7.9335740E-007
2.317	8.6393021E-007
2.318	9.4214306E-007
2.319	1.0261534E-006
2.32	1.1139630E-006
2.321	1.2035931E-006
2.322	1.2929862E-006
2.323	1.3729149E-006
2.324	1.4562968E-006
2.325	1.5335618E-006
2.326	1.6032606E-006
2.327	1.6636582E-006
2.328	1.7133571E-006
2.329	1.7515023E-006
2.33	1.7771432E-006
2.331	1.7896128E-006
2.332	1.7888701E-006
2.333	1.7768685E-006
2.334	1.7511984E-006
2.335	1.7130144E-006
2.336	1.6629739E-006
2.337	1.6025176E-006
2.338	1.5326872E-006
2.339	1.4550068E-006
2.34	1.3710325E-006
2.341	1.2827853E-006
2.342	1.1919930E-006
2.343	1.1006335E-006
2.344	1.0104436E-006
2.345	9.2350859E-007
2.346	8.4149758E-007
2.347	7.6615828E-007
2.348	6.9899266E-007
2.349	6.4138447E-007
2.35	5.9446376E-007
2.351	5.5908930E-007
2.352	5.3598347E-007
2.353	5.2548586E-007
2.354	5.2771566E-007
2.355	5.4249358E-007
2.356	5.6950751E-007
2.357	6.0799869E-007
2.358	6.5701249E-007
2.359	7.1548624E-007
2.36	7.8203539E-007
2.361	8.5518786E-007
2.362	9.3332278E-007
2.363	1.0146824E-006
2.364	1.0974725E-006
2.365	1.1798655E-006
2.366	1.2667974E-006
2.367	1.3427377E-006
2.368	1.4130705E-006
2.369	1.4760591E-006
2.37	1.5306462E-006
2.371	1.5754667E-006
2.372	1.6095122E-006
2.373	1.6321890E-006
2.374	1.6429599E-006
2.375	1.6410388E-006
2.376	1.6262661E-006
2.377	1.5999819E-006
2.378	1.5622419E-006
2.379	1.5139827E-006
2.38	1.4560599E-006
2.381	1.3927972E-006
2.382	1.3135923E-006
2.383	1.2346781E-006
2.384	1.1518667E-006
2.385	1.0670359E-006
2.386	9.8163207E-007
2.387	8.9068317E-007
2.388	8.0994056E-007
2.389	7.3393437E-007
2.39	6.6418340E-007
2.391	6.0208657E-007
2.392	5.4489402E-007
2.393	5.0241033E-007
2.394	4.7081883E-007
2.395	4.5057425E-007
2.396	4.4208213E-007
2.397	4.4633884E-007
2.398	4.6242596E-007
2.399	4.8988761E-007
2.4	5.3173119E-007
2.401	5.8055303E-007
2.402	6.3812189E-007
2.403	7.0317725E-007
2.404	7.8070087E-007
2.405	8.5689499E-007
2.406	9.3608594E-007
2.407	1.0165625E-006
2.408	1.1032371E-006
2.409	1.1810230E-006
2.41	1.2550303E-006
2.411	1.3291697E-006
2.412	1.3904765E-006
2.413	1.4435651E-006
2.414	1.4908250E-006
2.415	1.5236296E-006
2.416	1.5456294E-006
2.417	1.5567430E-006
2.418	1.5548665E-006
2.419	1.5411349E-006
2.42	1.5137128E-006
2.421	1.4770791E-006
2.422	1.4258699E-006
2.423	1.3691212E-006
2.424	1.3042674E-006
2.425	1.2265125E-006
2.426	1.1490768E-006
2.427	1.0680031E-006
2.428	9.8127907E-007
2.429	8.9755991E-007
2.43	8.0826629E-007
2.431	7.2886360E-007
2.432	6.4792152E-007
2.433	5.7949552E-007
2.434	5.1849798E-007
2.435	4.6220833E-007
2.436	4.2026699E-007
2.437	3.8671732E-007
2.438	3.6736964E-007
2.439	3.5951371E-007
2.44	3.6434270E-007
2.441	3.8271426E-007
2.442	4.1133819E-007
2.443	4.5066818E-007
2.444	5.0437677E-007
2.445	5.6321289E-007
2.446	6.3562095E-007
2.447	7.0897465E-007
2.448	7.9391111E-007
2.449	8.8253904E-007
2.45	9.6588496E-007
2.451	1.0490520E-006
2.452	1.1371062E-006
2.453	1.2209836E-006
2.454	1.2929791E-006
2.455	1.3635173E-006
2.456	1.4202767E-006
2.457	1.4715424E-006
2.458	1.5081564E-006
2.459	1.5357090E-006
2.46	1.5490655E-006
2.461	1.5502992E-006
2.462	1.5376395E-006
2.463	1.5138291E-006
2.464	1.4753579E-006
2.465	1.4287755E-006
2.466	1.3676392E-006
2.467	1.2963172E-006
2.468	1.2228131E-006
2.469	1.1367678E-006
2.47	1.0528641E-006
2.471	9.6254860E-007
2.472	8.6765652E-007
2.473	7.8081854E-007
2.474	6.8966551E-007
2.475	6.0979079E-007
2.476	5.2991197E-007
2.477	4.5858243E-007
2.478	4.0175237E-007
2.479	3.5129258E-007
2.48	3.1358817E-007
2.481	2.9078103E-007
2.482	2.7974983E-007
2.483	2.8331286E-007
2.484	3.0136169E-007
2.485	3.3066678E-007
2.486	3.7568179E-007
2.487	4.3343948E-007
2.488	4.9711889E-007
2.489	5.7610259E-007
2.49	6.6382006E-007
2.491	7.5089821E-007
2.492	8.5009680E-007
2.493	9.5227870E-007
2.494	1.0553119E-006
2.495	1.1492026E-006
2.496	1.2475357E-006
2.497	1.3404534E-006
2.498	1.4257973E-006
2.499	1.4961895E-006
2.5	1.5619838E-006
2.501	1.6153190E-006
2.502	1.6550310E-006
2.503	1.6802506E-006
2.504	1.6899318E-006
2.505	1.6857153E-006
2.506	1.6660624E-006
2.507	1.6312973E-006
2.508	1.5819015E-006
2.509	1.5243787E-006
2.51	1.4502216E-006
2.511	1.3651681E-006
2.512	1.2710962E-006
2.513	1.1737486E-006
2.514	1.0677121E-006
2.515	9.6712552E-007
2.516	8.5766482E-007
2.517	7.4997115E-007
2.518	6.4620644E-007
2.519	5.4884362E-007
2.52	4.6001557E-007
2.521	3.8176233E-007
2.522	3.2049397E-007
2.523	2.6753267E-007
2.524	2.2984287E-007
2.525	2.0854357E-007
2.526	2.0429715E-007
2.527	2.1759897E-007
2.528	2.4839929E-007
2.529	2.9648743E-007
2.53	3.6117817E-007
2.531	4.4151432E-007
2.532	5.3615634E-007
2.533	6.4345278E-007
2.534	7.5210914E-007
2.535	8.7830551E-007
2.536	1.0109916E-006
2.537	1.1477857E-006
2.538	1.2860041E-006
2.539	1.4230255E-006
2.54	1.5562269E-006
2.541	1.6829038E-006
2.542	1.8007075E-006
2.543	1.9071717E-006
2.544	2.0000712E-006
2.545	2.0774930E-006
2.546	2.1377650E-006
2.547	2.1793999E-006
2.548	2.2018087E-006
2.549	2.2039185E-006
2.55	2.1856911E-006
2.551	2.1473338E-006
2.552	2.0916827E-006
2.553	2.0156758E-006
2.554	1.9222803E-006
2.555	1.8132787E-006
2.556	1.6905150E-006
2.557	1.5459412E-006
2.558	1.4026940E-006
2.559	1.2541256E-006
2.56	1.1029576E-006
2.561	9.5245736E-007
2.562	8.0600057E-007
2.563	6.6667349E-007
2.564	5.3775227E-007
2.565	4.2228140E-007
2.566	3.2323661E-007
2.567	2.4330055E-007
2.568	1.8134688E-007
2.569	1.4835190E-007
2.57	1.4076545E-007
2.571	1.5988880E-007
2.572	2.0656977E-007
2.573	2.8109352E-007
2.574	3.8329358E-007
2.575	5.2366346E-007
2.576	6.8080811E-007
2.577	8.6216113E-007
2.578	1.0655003E-006
2.579	1.2882742E-006
2.58	1.5275950E-006
2.581	1.7999394E-006
2.582	2.0620635E-006
2.583	2.3295604E-006
2.584	2.5977265E-006
2.585	2.8627742E-006
2.586	3.1393733E-006
2.587	3.3829692E-006
2.588	3.6100848E-006
2.589	3.8157646E-006
2.59	3.9902097E-006
2.591	4.1547933E-006
2.592	4.2741349E-006
2.593	4.3591758E-006
2.594	4.4073049E-006
2.595	4.4159760E-006
2.596	4.3831387E-006
2.597	4.3099003E-006
2.598	4.1978315E-006
2.599	4.0341315E-006
2.6	3.8439225E-006
2.601	3.6207980E-006
2.602	3.3467650E-006
2.603	3.0655833E-006
2.604	2.7641618E-006
2.605	2.4477793E-006
2.606	2.0981406E-006
2.607	1.7723540E-006
2.608	1.4534698E-006
2.609	1.1267605E-006
2.61	8.4803156E-007
2.611	6.0200682E-007
2.612	3.8387887E-007
2.613	2.3465303E-007
2.614	1.4600960E-007
2.615	1.2874573E-007
2.616	1.9486946E-007
2.617	3.6452462E-007
2.618	6.2215292E-007
2.619	9.8402882E-007
2.62	1.4984554E-006
2.621	2.0986358E-006
2.622	2.8223778E-006
2.623	3.7451612E-006
2.624	4.7397907E-006
2.625	5.9612939E-006
2.626	7.1857457E-006
2.627	8.5935299E-006
2.628	1.0261411E-005
2.629	1.1949686E-005
2.63	1.3912934E-005
2.631	1.5868665E-005
2.632	1.8109327E-005
2.633	2.0304895E-005
2.634	2.2790238E-005
2.635	2.5195015E-005
2.636	2.7878623E-005
2.637	3.0446619E-005
2.638	3.3072167E-005
2.639	3.5956640E-005
2.64	3.8664934E-005
2.641	4.1608368E-005
2.642	4.4335171E-005
2.643	4.7266669E-005
2.644	4.9955957E-005
2.645	5.2795705E-005
2.646	5.5372679E-005
2.647	5.8064601E-005
2.648	6.0457241E-005
2.649	6.2921339E-005
2.65	6.5232372E-005
2.651	6.7241403E-005
2.652	6.9236550E-005
2.653	7.0909897E-005
2.654	7.2521601E-005
2.655	7.3819218E-005
2.656	7.5012926E-005
2.657	7.5896263E-005
2.658	7.6628719E-005
2.659	7.7112622E-005
2.66	7.7328179E-005
2.661	7.7329350E-005
2.662	7.7101300E-005
2.663	7.6623437E-005
2.664	7.5905016E-005
2.665	7.5007076E-005
2.666	7.3823394E-005
2.667	7.2513794E-005
2.668	7.0906208E-005
2.669	6.9092930E-005
2.67	6.7228852E-005
2.671	6.5064407E-005
2.672	6.2729909E-005
2.673	6.0440463E-005
2.674	5.7852852E-005
2.675	5.5153552E-005
2.676	5.2563704E-005
2.677	4.9711962E-005
2.678	4.6809520E-005
2.679	4.4085908E-005
2.68	4.1141167E-005
2.681	3.8198781E-005
2.682	3.5491641E-005
2.683	3.2615550E-005
2.684	2.9793848E-005
2.685	2.7049797E-005
2.686	2.4576262E-005
2.687	2.2015927E-005
2.688	1.9569705E-005
2.689	1.7406919E-005
2.69	1.5209990E-005
2.691	1.3154187E-005
2.692	1.1247659E-005
2.693	9.6132990E-006
2.694	8.0057180E-006
2.695	6.6041589E-006
2.696	5.3071140E-006
2.697	4.2426686E-006
2.698	3.2459063E-006
2.699	2.3995146E-006
2.7	1.6978991E-006
2.701	1.1351739E-006
2.702	7.2984307E-007
2.703	4.1201042E-007
2.704	2.0810771E-007
2.705	1.0798335E-007
2.706	1.0137646E-007
2.707	1.7727015E-007
2.708	3.1198380E-007
2.709	5.1588307E-007
2.71	7.6965313E-007
2.711	1.0624525E-006
2.712	1.3836373E-006
2.713	1.7230084E-006
2.714	2.0455316E-006
2.715	2.3930991E-006
2.716	2.7319199E-006
2.717	3.0549641E-006
2.718	3.3550248E-006
2.719	3.6266863E-006
2.72	3.8645139E-006
2.721	4.0648242E-006
2.722	4.2244128E-006
2.723	4.3346640E-006
2.724	4.4115422E-006
2.725	4.4440344E-006
2.726	4.4332137E-006
2.727	4.3823820E-006
2.728	4.2910506E-006
2.729	4.1618823E-006
2.73	3.9990823E-006
2.731	3.8052519E-006
2.732	3.5860373E-006
2.733	3.3451217E-006
2.734	3.0868168E-006
2.735	2.8167701E-006
2.736	2.5392792E-006
2.737	2.2594925E-006
2.738	1.9817617E-006
2.739	1.7110455E-006
2.74	1.4509884E-006
2.741	1.2057770E-006
2.742	9.7851625E-007
2.743	7.7245801E-007
2.744	5.8994755E-007
2.745	4.3291175E-007
2.746	3.0285688E-007
2.747	2.0064319E-007
2.748	1.2664387E-007
2.749	8.0723446E-008
2.75	6.2182970E-008
2.751	6.9946893E-008
2.752	1.0241536E-007
2.753	1.5765616E-007
2.754	2.3338843E-007
2.755	3.2699583E-007
2.756	4.3565854E-007
2.757	5.5640970E-007
2.758	6.8139002E-007
2.759	8.2666793E-007
2.76	9.6487270E-007
2.761	1.1026565E-006
2.762	1.2368338E-006
2.763	1.3647993E-006
2.764	1.4837442E-006
2.765	1.5915256E-006
2.766	1.6859941E-006
2.767	1.7707928E-006
2.768	1.8326195E-006
2.769	1.8772147E-006
2.77	1.9038175E-006
2.771	1.9118513E-006
2.772	1.9019000E-006
2.773	1.8739358E-006
2.774	1.8256311E-006
2.775	1.7636829E-006
2.776	1.6875631E-006
2.777	1.5985336E-006
2.778	1.4985736E-006
2.779	1.3817167E-006
2.78	1.2654277E-006
2.781	1.1447577E-006
2.782	1.0217462E-006
2.783	8.9872844E-007
2.784	7.6938659E-007
2.785	6.5316453E-007
2.786	5.4311090E-007
2.787	4.4121629E-007
2.788	3.5204684E-007
2.789	2.6508391E-007
2.79	1.9649664E-007
2.791	1.4099750E-007
2.792	9.9183339E-008
2.793	6.9927154E-008
2.794	5.7196591E-008
2.795	5.8281628E-008
2.796	7.4260129E-008
2.797	1.0224409E-007
2.798	1.4182355E-007
2.799	1.9188268E-007
2.8	2.5564765E-007
2.801	3.2302214E-007
2.802	3.9639255E-007
2.803	4.7980689E-007
2.804	5.6024737E-007
2.805	6.4144871E-007
2.806	7.2744643E-007
2.807	8.0495272E-007
2.808	8.7824066E-007
2.809	9.5050035E-007
2.81	1.0106642E-006
2.811	1.0626391E-006
2.812	1.1083685E-006
2.813	1.1406266E-006
2.814	1.1638152E-006
2.815	1.1741085E-006
2.816	1.1736498E-006
2.817	1.1613500E-006
2.818	1.1398063E-006
2.819	1.1078228E-006
2.82	1.0635031E-006
2.821	1.0133914E-006
2.822	9.5180479E-007
2.823	8.8790580E-007
2.824	8.1426572E-007
2.825	7.4179690E-007
2.826	6.6733151E-007
2.827	5.8687641E-007
2.828	5.1244785E-007
2.829	4.3509482E-007
2.83	3.6634989E-007
2.831	2.9782936E-007
2.832	2.3975727E-007
2.833	1.8495126E-007
2.834	1.4150091E-007
2.835	1.0617616E-007
2.836	7.7855489E-008
2.837	6.0590864E-008
2.838	5.2092545E-008
2.839	5.3392235E-008
2.84	6.4429493E-008
2.841	8.4934754E-008
2.842	1.1202821E-007
2.843	1.4875599E-007
2.844	1.8935022E-007
2.845	2.3857328E-007
2.846	2.8686884E-007
2.847	3.4387554E-007
2.848	3.9900414E-007
2.849	4.5888433E-007
2.85	5.1427992E-007
2.851	5.7196092E-007
2.852	6.2295265E-007
2.853	6.7361179E-007
2.854	7.1894254E-007
2.855	7.5561474E-007
2.856	7.8811274E-007
2.857	8.1157117E-007
2.858	8.2880780E-007
2.859	8.3769669E-007
2.86	8.3814058E-007
2.861	8.3052521E-007
2.862	8.1581766E-007
2.863	7.9254818E-007
2.864	7.6184853E-007
2.865	7.2723174E-007
2.866	6.8444115E-007
2.867	6.3678470E-007
2.868	5.8867585E-007
2.869	5.3450452E-007
2.87	4.7852780E-007
2.871	4.2573291E-007
2.872	3.6972503E-007
2.873	3.1715052E-007
2.874	2.6875449E-007
2.875	2.2043258E-007
2.876	1.7671665E-007
2.877	1.4073416E-007
2.878	1.0802601E-007
2.879	8.1916539E-008
2.88	6.3859993E-008
2.881	5.1525177E-008
2.882	4.6573263E-008
2.883	4.8932023E-008
2.884	5.7592107E-008
2.885	7.3435316E-008
2.886	9.5642719E-008
2.887	1.2357961E-007
2.888	1.5421291E-007
2.889	1.9116510E-007
2.89	2.3152174E-007
2.891	2.7434098E-007
2.892	3.1564653E-007
2.893	3.6044946E-007
2.894	4.0479756E-007
2.895	4.4777528E-007
2.896	4.8572389E-007
2.897	5.2344188E-007
2.898	5.5713798E-007
2.899	5.8625000E-007
2.9	6.0937293E-007
2.901	6.2668641E-007
2.902	6.3938933E-007
2.903	6.4587641E-007
2.904	6.4596168E-007
2.905	6.3981327E-007
2.906	6.2742760E-007
2.907	6.0927238E-007
2.908	5.8727500E-007
2.909	5.5900682E-007
2.91	5.2644555E-007
2.911	4.9021355E-007
2.912	4.5106142E-007
2.913	4.0986001E-007
2.914	3.6741145E-007
2.915	3.2742670E-007
2.916	2.8507046E-007
2.917	2.4397630E-007
2.918	2.0496711E-007
2.919	1.6879011E-007
2.92	1.3613584E-007
2.921	1.0761277E-007
2.922	8.3711804E-008
2.923	6.4863372E-008
2.924	5.1351666E-008
2.925	4.3401890E-008
2.926	4.1022204E-008
2.927	4.4052406E-008
2.928	5.1756164E-008
2.929	6.5000755E-008
2.93	8.3063782E-008
2.931	1.0547527E-007
2.932	1.3171312E-007
2.933	1.6116623E-007
2.934	1.9314602E-007
2.935	2.2694891E-007
2.936	2.6183690E-007
2.937	2.9707562E-007
2.938	3.3188888E-007
2.939	3.6555048E-007
2.94	3.9736921E-007
2.941	4.2662390E-007
2.942	4.5276582E-007
2.943	4.7527394E-007
2.944	4.9367156E-007
2.945	5.0767028E-007
2.946	5.1735356E-007
2.947	5.2139359E-007
2.948	5.2044493E-007
2.949	5.1464639E-007
2.95	5.0402150E-007
2.951	4.8948658E-007
2.952	4.7031156E-007
2.953	4.4732982E-007
2.954	4.2103395E-007
2.955	3.9196692E-007
2.956	3.6071279E-007
2.957	3.2789097E-007
2.958	2.9192927E-007
2.959	2.5799054E-007
2.96	2.2453477E-007
2.961	1.9220263E-007
2.962	1.6160830E-007
2.963	1.3333316E-007
2.964	1.0790598E-007
2.965	8.5798426E-008
2.966	6.6296877E-008
2.967	5.2170286E-008
2.968	4.2293628E-008
2.969	3.6821682E-008
2.97	3.5768046E-008
2.971	3.9129738E-008
2.972	4.6743846E-008
2.973	5.9335790E-008
2.974	7.5008565E-008
2.975	9.4040878E-008
2.976	1.1523155E-007
2.977	1.3957816E-007
2.978	1.6768195E-007
2.979	1.9540994E-007
2.98	2.2389322E-007
2.981	2.5252689E-007
2.982	2.8259421E-007
2.983	3.0971484E-007
2.984	3.3521886E-007
2.985	3.5859412E-007
2.986	3.8074302E-007
2.987	3.9837144E-007
2.988	4.1265412E-007
2.989	4.2329691E-007
2.99	4.3049300E-007
2.991	4.3311994E-007
2.992	4.3177803E-007
2.993	4.2649791E-007
2.994	4.1672794E-007
2.995	4.0377421E-007
2.996	3.8747737E-007
2.997	3.6685833E-007
2.998	3.4479646E-007
2.999	3.2063988E-007
3	2.9386908E-007
3.001	2.6684847E-007
3.002	2.3917633E-007
3.003	2.0960660E-007
3.004	1.8234715E-007
3.005	1.5608285E-007
3.006	1.2971068E-007
3.007	1.0701701E-007
3.008	8.6694563E-008
3.009	6.8053204E-008
3.01	5.3727618E-008
3.011	4.2711058E-008
3.012	3.4790709E-008
3.013	3.1067316E-008
3.014	3.1068353E-008
3.015	3.4757157E-008
3.016	4.1880760E-008
3.017	5.3078494E-008
3.018	6.6670651E-008
3.019	8.4150557E-008
3.02	1.0291814E-007
3.021	1.2506081E-007
3.022	1.4732707E-007
3.023	1.7058939E-007
3.024	1.9517793E-007
3.025	2.1900783E-007
3.026	2.4393066E-007
3.027	2.6632000E-007
3.028	2.8870826E-007
3.029	3.0778236E-007
3.03	3.2577597E-007
3.031	3.4000459E-007
3.032	3.5213884E-007
3.033	3.6037207E-007
3.034	3.6569514E-007
3.035	3.6728810E-007
3.036	3.6540479E-007
3.037	3.6029300E-007
3.038	3.5145823E-007
3.039	3.4008983E-007
3.04	3.2500060E-007
3.041	3.0838726E-007
3.042	2.8836064E-007
3.043	2.6782740E-007
3.044	2.4452646E-007
3.045	2.2175398E-007
3.046	1.9701059E-007
3.047	1.7307417E-007
3.048	1.5039301E-007
3.049	1.2718358E-007
3.05	1.0678077E-007
3.051	8.6875552E-008
3.052	7.0313341E-008
3.053	5.5211292E-008
3.054	4.3047489E-008
3.055	3.4494366E-008
3.056	2.8583550E-008
3.057	2.6123436E-008
3.058	2.6805184E-008
3.059	3.0833451E-008
3.06	3.7539778E-008
3.061	4.7648513E-008
3.062	6.0543101E-008
3.063	7.4882777E-008
3.064	9.2253963E-008
3.065	1.1011748E-007
3.066	1.3045988E-007
3.067	1.5166444E-007
3.068	1.7327041E-007
3.069	1.9277600E-007
3.07	2.1381463E-007
3.071	2.3389708E-007
3.072	2.5142756E-007
3.073	2.6843387E-007
3.074	2.8326366E-007
3.075	2.9495766E-007
3.076	3.0481215E-007
3.077	3.1181730E-007
3.078	3.1573146E-007
3.079	3.1655770E-007
3.08	3.1445106E-007
3.081	3.0928655E-007
3.082	3.0174400E-007
3.083	2.9102864E-007
3.084	2.7780143E-007
3.085	2.6229620E-007
3.086	2.4598913E-007
3.087	2.2714821E-007
3.088	2.0708062E-007
3.089	1.8630547E-007
3.09	1.6518899E-007
3.091	1.4612277E-007
3.092	1.2560938E-007
3.093	1.0602137E-007
3.094	8.7753904E-008
3.095	7.1177936E-008
3.096	5.7445444E-008
3.097	4.5020712E-008
3.098	3.5101966E-008
3.099	2.7880429E-008
3.1	2.3467827E-008
3.101	2.1933642E-008
3.102	2.3086859E-008
3.103	2.7065147E-008
3.104	3.3757104E-008
3.105	4.2983466E-008
3.106	5.4534727E-008
3.107	6.8137204E-008
3.108	8.2473882E-008
3.109	9.9142952E-008
3.11	1.1686967E-007
3.111	1.3527138E-007
3.112	1.5394833E-007
3.113	1.7191883E-007
3.114	1.8996239E-007
3.115	2.0712926E-007
3.116	2.2304060E-007
3.117	2.3737535E-007
3.118	2.4909573E-007
3.119	2.5955370E-007
3.12	2.6769712E-007
3.121	2.7334448E-007
3.122	2.7639291E-007
3.123	2.7677561E-007
3.124	2.7452825E-007
3.125	2.6966748E-007
3.126	2.6229964E-007
3.127	2.5262631E-007
3.128	2.4080259E-007
3.129	2.2712703E-007
3.13	2.1182775E-007
3.131	1.9527215E-007
3.132	1.7777329E-007
3.133	1.5969471E-007
3.134	1.4196283E-007
3.135	1.2380937E-007
3.136	1.0616625E-007
3.137	8.9367376E-008
3.138	7.3752908E-008
3.139	5.9625009E-008
3.14	4.7259824E-008
3.141	3.6882497E-008
3.142	2.8691518E-008
3.143	2.2827640E-008
3.144	1.9383551E-008
3.145	1.8421460E-008
3.146	2.0096701E-008
3.147	2.4163452E-008
3.148	3.0531627E-008
3.149	3.9056790E-008
3.15	4.9540777E-008
3.151	6.1752317E-008
3.152	7.5426762E-008
3.153	9.0265296E-008
3.154	1.0596252E-007
3.155	1.2166139E-007
3.156	1.3806712E-007
3.157	1.5533658E-007
3.158	1.7107588E-007
3.159	1.8598655E-007
3.16	1.9976305E-007
3.161	2.1214836E-007
3.162	2.2286926E-007
3.163	2.3174648E-007
3.164	2.3893017E-007
3.165	2.4342705E-007
3.166	2.4567768E-007
3.167	2.4561703E-007
3.168	2.4326565E-007
3.169	2.3866002E-007
3.17	2.3143686E-007
3.171	2.2256231E-007
3.172	2.1187080E-007
3.173	1.9959441E-007
3.174	1.8597294E-007
3.175	1.7080225E-007
3.176	1.5530058E-007
3.177	1.3933490E-007
3.178	1.2322847E-007
3.179	1.0628970E-007
3.18	9.0868184E-008
3.181	7.6230386E-008
3.182	6.2665478E-008
3.183	4.9722107E-008
3.184	3.9163186E-008
3.185	3.0362049E-008
3.186	2.3499698E-008
3.187	1.8454886E-008
3.188	1.5901785E-008
3.189	1.5512240E-008
3.19	1.7461794E-008
3.191	2.1460000E-008
3.192	2.7461878E-008
3.193	3.5331436E-008
3.194	4.5554984E-008
3.195	5.6331793E-008
3.196	6.8690191E-008
3.197	8.2918000E-008
3.198	9.7043760E-008
3.199	1.1157816E-007
3.2	1.2717831E-007
3.201	1.4166271E-007
3.202	1.5567588E-007
3.203	1.6973478E-007
3.204	1.8190563E-007
3.205	1.9345987E-007
3.206	2.0277918E-007
3.207	2.1042749E-007
3.208	2.1657750E-007
3.209	2.2036460E-007
3.21	2.2211846E-007
3.211	2.2177338E-007
3.212	2.1933873E-007
3.213	2.1463082E-007
3.214	2.0845967E-007
3.215	2.0036384E-007
3.216	1.9004629E-007
3.217	1.7889342E-007
3.218	1.6576291E-007
3.219	1.5243847E-007
3.22	1.3760570E-007
3.221	1.2324416E-007
3.222	1.0788904E-007
3.223	9.3625992E-008
3.224	7.9839133E-008
3.225	6.6006066E-008
3.226	5.3985261E-008
3.227	4.2567383E-008
3.228	3.3276280E-008
3.229	2.5161587E-008
3.23	1.9306887E-008
3.231	1.5113686E-008
3.232	1.3130438E-008
3.233	1.3143095E-008
3.234	1.5046336E-008
3.235	1.9151402E-008
3.236	2.4857956E-008
3.237	3.2739678E-008
3.238	4.1703338E-008
3.239	5.2673343E-008
3.24	6.4878812E-008
3.241	7.7253901E-008
3.242	9.1065687E-008
3.243	1.0442277E-007
3.244	1.1870114E-007
3.245	1.3193632E-007
3.246	1.4549778E-007
3.247	1.5826154E-007
3.248	1.6928449E-007
3.249	1.7971560E-007
3.25	1.8810880E-007
3.251	1.9539070E-007
3.252	2.0063472E-007
3.253	2.0394160E-007
3.254	2.0548428E-007
3.255	2.0500427E-007
3.256	2.0251221E-007
3.257	1.9800353E-007
3.258	1.9200560E-007
3.259	1.8393870E-007
3.26	1.7424007E-007
3.261	1.6383294E-007
3.262	1.5164223E-007
3.263	1.3854381E-007
3.264	1.2562734E-007
3.265	1.1157299E-007
3.266	9.7453970E-008
3.267	8.4371663E-008
3.268	7.0970692E-008
3.269	5.8365096E-008
3.27	4.7458322E-008
3.271	3.7392429E-008
3.272	2.8494087E-008
3.273	2.1635456E-008
3.274	1.6100165E-008
3.275	1.2482250E-008
3.276	1.0847559E-008
3.277	1.1140373E-008
3.278	1.3391640E-008
3.279	1.7584236E-008
3.28	2.3615645E-008
3.281	3.0855531E-008
3.282	4.0045968E-008
3.283	5.0592710E-008
3.284	6.2261428E-008
3.285	7.4040202E-008
3.286	8.7153296E-008
3.287	1.0061542E-007
3.288	1.1412101E-007
3.289	1.2701426E-007
3.29	1.3907160E-007
3.291	1.5113358E-007
3.292	1.6219225E-007
3.293	1.7202558E-007
3.294	1.8040576E-007
3.295	1.8678985E-007
3.296	1.9190118E-007
3.297	1.9514658E-007
3.298	1.9648010E-007
3.299	1.9585590E-007
3.3	1.9329249E-007
3.301	1.8886176E-007
3.302	1.8303420E-007
3.303	1.7525977E-007
3.304	1.6597197E-007
3.305	1.5536799E-007
3.306	1.4369672E-007
3.307	1.3154207E-007
3.308	1.1844607E-007
3.309	1.0504505E-007
3.31	9.1581093E-008
3.311	7.9120696E-008
3.312	6.6368848E-008
3.313	5.4367224E-008
3.314	4.3372591E-008
3.315	3.3595892E-008
3.316	2.5253053E-008
3.317	1.8502906E-008
3.318	1.3489398E-008
3.319	1.0312140E-008
3.32	9.0400887E-009
3.321	9.6954871E-009
3.322	1.2260278E-008
3.323	1.6690233E-008
3.324	2.2889958E-008
3.325	3.0475007E-008
3.326	3.9755818E-008
3.327	5.0338599E-008
3.328	6.2001234E-008
3.329	7.4503767E-008
3.33	8.7601038E-008
3.331	1.0102425E-007
3.332	1.1449087E-007
3.333	1.2773791E-007
3.334	1.4049081E-007
3.335	1.5248540E-007
3.336	1.6349419E-007
3.337	1.7327275E-007
3.338	1.8162510E-007
3.339	1.8840834E-007
3.34	1.9345751E-007
3.341	1.9668499E-007
3.342	1.9797008E-007
3.343	1.9741422E-007
3.344	1.9497676E-007
3.345	1.9063812E-007
3.346	1.8452684E-007
3.347	1.7628471E-007
3.348	1.6692888E-007
3.349	1.5629325E-007
3.35	1.4455156E-007
3.351	1.3195901E-007
3.352	1.1878346E-007
3.353	1.0527479E-007
3.354	9.1700372E-008
3.355	7.7585113E-008
3.356	6.4765985E-008
3.357	5.2708536E-008
3.358	4.1672191E-008
3.359	3.2147970E-008
3.36	2.3759686E-008
3.361	1.6987453E-008
3.362	1.1743516E-008
3.363	8.7190335E-009
3.364	7.6479045E-009
3.365	8.5575538E-009
3.366	1.1439156E-008
3.367	1.6597946E-008
3.368	2.3364413E-008
3.369	3.1846451E-008
3.37	4.1890797E-008
3.371	5.3308199E-008
3.372	6.6656440E-008
3.373	8.0198404E-008
3.374	9.4378606E-008
3.375	1.0893341E-007
3.376	1.2401458E-007
3.377	1.3845877E-007
3.378	1.5241828E-007
3.379	1.6561788E-007
3.38	1.7851305E-007
3.381	1.8935415E-007
3.382	1.9872543E-007
3.383	2.0643797E-007
3.384	2.1261172E-007
3.385	2.1641961E-007
3.386	2.1822120E-007
3.387	2.1792415E-007
3.388	2.1539046E-007
3.389	2.1085891E-007
3.39	2.0440690E-007
3.391	1.9558701E-007
3.392	1.8553709E-007
3.393	1.7437006E-007
3.394	1.6088541E-007
3.395	1.4710440E-007
3.396	1.3260969E-007
3.397	1.1681285E-007
3.398	1.0175610E-007
3.399	8.6890516E-008
3.4	7.1696775E-008
3.401	5.8160616E-008
3.402	4.5022553E-008
3.403	3.4006771E-008
3.404	2.4597817E-008
3.405	1.6614363E-008
3.406	1.1130052E-008
3.407	7.7877269E-009
3.408	6.6908785E-009
3.409	7.9548323E-009
3.41	1.1822021E-008
3.411	1.7825725E-008
3.412	2.6590246E-008
3.413	3.7014416E-008
3.414	4.9365681E-008
3.415	6.4321313E-008
3.416	7.9962682E-008
3.417	9.7857303E-008
3.418	1.1567646E-007
3.419	1.3520769E-007
3.42	1.5388322E-007
3.421	1.7356881E-007
3.422	1.9168552E-007
3.423	2.1004168E-007
3.424	2.2618630E-007
3.425	2.4134238E-007
3.426	2.5428747E-007
3.427	2.6586113E-007
3.428	2.7453120E-007
3.429	2.8111043E-007
3.43	2.8468637E-007
3.431	2.8569974E-007
3.432	2.8387385E-007
3.433	2.7908021E-007
3.434	2.7190123E-007
3.435	2.6162508E-007
3.436	2.4957930E-007
3.437	2.3457704E-007
3.438	2.1852119E-007
3.439	1.9991492E-007
3.44	1.8003314E-007
3.441	1.6099351E-007
3.442	1.3984578E-007
3.443	1.1989042E-007
3.444	9.9259310E-008
3.445	8.0655482E-008
3.446	6.2371882E-008
3.447	4.5986063E-008
3.448	3.2651496E-008
3.449	2.1190433E-008
3.45	1.2808262E-008
3.451	7.9994349E-009
3.452	6.4432415E-009
3.453	8.4776248E-009
3.454	1.4452140E-008
3.455	2.4409719E-008
3.456	3.7438525E-008
3.457	5.4441504E-008
3.458	7.5568366E-008
3.459	9.8651675E-008
3.46	1.2612995E-007
3.461	1.5632395E-007
3.462	1.8690537E-007
3.463	2.2105463E-007
3.464	2.5639795E-007
3.465	2.9032816E-007
3.466	3.2631516E-007
3.467	3.6163885E-007
3.468	3.9383343E-007
3.469	4.2607914E-007
3.47	4.5575737E-007
3.471	4.8235825E-007
3.472	5.0343215E-007
3.473	5.2244468E-007
3.474	5.3681697E-007
3.475	5.4624513E-007
3.476	5.5017972E-007
3.477	5.4915051E-007
3.478	5.4247357E-007
3.479	5.3021847E-007
3.48	5.1362122E-007
3.481	4.9102533E-007
3.482	4.6354893E-007
3.483	4.3164451E-007
3.484	3.9592288E-007
3.485	3.5926496E-007
3.486	3.1818993E-007
3.487	2.7679687E-007
3.488	2.3373610E-007
3.489	1.9121069E-007
3.49	1.5257078E-007
3.491	1.1440152E-007
3.492	8.0249748E-008
3.493	5.1383740E-008
3.494	2.9078734E-008
3.495	1.4584540E-008
3.496	9.1553112E-009
3.497	1.3430442E-008
3.498	2.9012760E-008
3.499	5.7007721E-008
3.5	9.8433397E-008
3.501	1.5417690E-007
3.502	2.2279718E-007
3.503	3.0886343E-007
3.504	4.0503426E-007
3.505	5.2294951E-007
3.506	6.5757933E-007
3.507	8.0895700E-007
3.508	9.7710722E-007
3.509	1.1615141E-006
3.51	1.3617650E-006
3.511	1.5771708E-006
3.512	1.8067630E-006
3.513	2.0496416E-006
3.514	2.3050522E-006
3.515	2.5708935E-006
3.516	2.8462005E-006
3.517	3.1216027E-006
3.518	3.4106581E-006
3.519	3.6876913E-006
3.52	3.9834390E-006
3.521	4.2801476E-006
3.522	4.5748657E-006
3.523	4.8672437E-006
3.524	5.1535490E-006
3.525	5.4327620E-006
3.526	5.7026386E-006
3.527	5.9609729E-006
3.528	6.2196964E-006
3.529	6.4368546E-006
3.53	6.6623134E-006
3.531	6.8570330E-006
3.532	7.0274536E-006
3.533	7.1823702E-006
3.534	7.3159576E-006
3.535	7.4260001E-006
3.536	7.5119283E-006
3.537	7.5735729E-006
3.538	7.6121332E-006
3.539	7.6251699E-006
3.54	7.6126630E-006
3.541	7.5763792E-006
3.542	7.5164867E-006
3.543	7.4323261E-006
3.544	7.3252563E-006
3.545	7.1886575E-006
3.546	7.0375913E-006
3.547	6.8722647E-006
3.548	6.6836474E-006
3.549	6.4776145E-006
3.55	6.2573504E-006
3.551	6.0223742E-006
3.552	5.7757929E-006
3.553	5.5053274E-006
3.554	5.2397168E-006
3.555	4.9671553E-006
3.556	4.6903278E-006
3.557	4.4110593E-006
3.558	4.1303056E-006
3.559	3.8500889E-006
3.56	3.5569899E-006
3.561	3.2907790E-006
3.562	3.0222272E-006
3.563	2.7608000E-006
3.564	2.5069610E-006
3.565	2.2493671E-006
3.566	2.0161117E-006
3.567	1.7941617E-006
3.568	1.5842726E-006
3.569	1.3870339E-006
3.57	1.1933596E-006
3.571	1.0237715E-006
3.572	8.6811627E-007
3.573	7.2645815E-007
3.574	5.9201682E-007
3.575	4.8183642E-007
3.576	3.8178098E-007
3.577	2.9047993E-007
3.578	2.1701427E-007
3.579	1.5561791E-007
3.58	1.0566122E-007
3.581	6.4594147E-008
3.582	3.5901092E-008
3.583	1.6323899E-008
3.584	4.6158366E-009
3.585	1.0816776E-009
3.586	4.0087209E-009
3.587	1.2508257E-008
3.588	2.6552263E-008
3.589	4.3232614E-008
3.59	6.3306878E-008
3.591	8.6855884E-008
3.592	1.1057463E-007
3.593	1.3495089E-007
3.594	1.6070419E-007
3.595	1.8446821E-007
3.596	2.0834648E-007
3.597	2.2927205E-007
3.598	2.4816751E-007
3.599	2.6559664E-007
3.6	2.7941215E-007
3.601	2.9039893E-007
3.602	2.9891834E-007
3.603	3.0379329E-007
3.604	3.0589646E-007
3.605	3.0488823E-007
3.606	3.0080506E-007
3.607	2.9422836E-007
3.608	2.8517510E-007
3.609	2.7324006E-007
3.61	2.5993523E-007
3.611	2.4406125E-007
3.612	2.2761959E-007
3.613	2.1015224E-007
3.614	1.9092097E-007
3.615	1.7224897E-007
3.616	1.5245772E-007
3.617	1.3438597E-007
3.618	1.1526775E-007
3.619	9.7917123E-008
3.62	8.0640987E-008
3.621	6.5467020E-008
3.622	5.0920882E-008
3.623	3.8677946E-008
3.624	2.7498698E-008
3.625	1.8644425E-008
3.626	1.1188044E-008
3.627	5.9217666E-009
3.628	2.2489455E-009
3.629	5.0418508E-010
3.63	3.9402370E-010
3.631	1.8229329E-009
3.632	4.8432498E-009
3.633	9.2580761E-009
3.634	1.4558241E-008
3.635	2.1151255E-008
3.636	2.8153188E-008
3.637	3.6140499E-008
3.638	4.4074259E-008
3.639	5.2651210E-008
3.64	6.1223766E-008
3.641	6.9131360E-008
3.642	7.7135461E-008
3.643	8.3989285E-008
3.644	9.0766704E-008
3.645	9.6704078E-008
3.646	1.0146977E-007
3.647	1.0549179E-007
3.648	1.0827655E-007
3.649	1.1013229E-007
3.65	1.1083115E-007
3.651	1.1041731E-007
3.652	1.0890290E-007
3.653	1.0630237E-007
3.654	1.0290788E-007
3.655	9.8448098E-008
3.656	9.3167181E-008
3.657	8.7662436E-008
3.658	8.1150780E-008
3.659	7.4190453E-008
3.66	6.7289037E-008
3.661	5.9838413E-008
3.662	5.2364943E-008
3.663	4.4988713E-008
3.664	3.8209986E-008
3.665	3.1405985E-008
3.666	2.5070758E-008
3.667	1.9580956E-008
3.668	1.4434402E-008
3.669	1.0007044E-008
3.67	6.4488916E-009
3.671	3.7361900E-009
3.672	1.6980741E-009
3.673	5.1161786E-010
3.674	1.6936924E-010
3.675	5.9973865E-010
3.676	1.8127728E-009
3.677	3.7499368E-009
3.678	6.3463199E-009
3.679	9.3385326E-009
3.68	1.2980161E-008
3.681	1.7018456E-008
3.682	2.1364185E-008
3.683	2.5778675E-008
3.684	3.0160077E-008
3.685	3.4785828E-008
3.686	3.9302922E-008
3.687	4.3616911E-008
3.688	4.7641851E-008
3.689	5.1297171E-008
3.69	5.4339807E-008
3.691	5.7064373E-008
3.692	5.9233571E-008
3.693	6.0801256E-008
3.694	6.1751848E-008
3.695	6.2071209E-008
3.696	6.1772930E-008
3.697	6.0856763E-008
3.698	5.9441742E-008
3.699	5.7393475E-008
3.7	5.4837475E-008
3.701	5.1827932E-008
3.702	4.8421672E-008
3.703	4.4689958E-008
3.704	4.0715545E-008
3.705	3.6574960E-008
3.706	3.2338129E-008
3.707	2.8099878E-008
3.708	2.4253264E-008
3.709	2.0225631E-008
3.71	1.6414839E-008
3.711	1.2888920E-008
3.712	9.7096802E-009
3.713	6.9242589E-009
3.714	4.5824438E-009
3.715	2.7157352E-009
3.716	1.3480299E-009
3.717	4.9423649E-010
3.718	1.5665469E-010
3.719	3.2920222E-010
3.72	9.9449471E-010
3.721	2.0911903E-009
3.722	3.6439443E-009
3.723	5.5867693E-009
3.724	7.8697138E-009
3.725	1.0440155E-008
3.726	1.3234184E-008
3.727	1.6190477E-008
3.728	1.9242023E-008
3.729	2.2325887E-008
3.73	2.5372037E-008
3.731	2.8320031E-008
3.732	3.1111451E-008
3.733	3.3746563E-008
3.734	3.6039491E-008
3.735	3.8023408E-008
3.736	3.9652431E-008
3.737	4.0901803E-008
3.738	4.1747306E-008
3.739	4.2177835E-008
3.74	4.2180972E-008
3.741	4.1764778E-008
3.742	4.0944826E-008
3.743	3.9731237E-008
3.744	3.8065554E-008
3.745	3.6200220E-008
3.746	3.4006742E-008
3.747	3.1568231E-008
3.748	2.8934195E-008
3.749	2.6161104E-008
3.75	2.3303333E-008
3.751	2.0260666E-008
3.752	1.7394481E-008
3.753	1.4611724E-008
3.754	1.1956706E-008
3.755	9.4814849E-009
3.756	7.2305433E-009
3.757	5.2417439E-009
3.758	3.5069718E-009
3.759	2.1433364E-009
3.76	1.1230236E-009
3.761	4.5829662E-010
3.762	1.5612162E-010
3.763	2.2689921E-010
3.764	6.5584366E-010
3.765	1.4208443E-009
3.766	2.5010876E-009
3.767	3.9467949E-009
3.768	5.5810214E-009
3.769	7.4292057E-009
3.77	9.3981640E-009
3.771	1.1662640E-008
3.772	1.3899813E-008
3.773	1.6172262E-008
3.774	1.8433582E-008
3.775	2.0752784E-008
3.776	2.2847871E-008
3.777	2.4797178E-008
3.778	2.6649010E-008
3.779	2.8185189E-008
3.78	2.9467198E-008
3.781	3.0478549E-008
3.782	3.1212977E-008
3.783	3.1618548E-008
3.784	3.1719722E-008
3.785	3.1486127E-008
3.786	3.0951288E-008
3.787	3.0133059E-008
3.788	2.8970323E-008
3.789	2.7609980E-008
3.79	2.5937650E-008
3.791	2.4160043E-008
3.792	2.2225995E-008
3.793	2.0066981E-008
3.794	1.7995312E-008
3.795	1.5837067E-008
3.796	1.3573575E-008
3.797	1.1471411E-008
3.798	9.4579216E-009
3.799	7.4744726E-009
3.8	5.7515281E-009
3.801	4.1453849E-009
3.802	2.8410228E-009
3.803	1.7258914E-009
3.804	9.2913960E-010
3.805	4.0984674E-010
3.806	1.3891686E-010
3.807	1.6263074E-010
3.808	4.7748233E-010
3.809	1.0414262E-009
3.81	1.8971364E-009
3.811	2.9383320E-009
3.812	4.2480082E-009
3.813	5.6673404E-009
3.814	7.3104327E-009
3.815	8.9792342E-009
3.816	1.0719273E-008
3.817	1.2538323E-008
3.818	1.4309964E-008
3.819	1.6132367E-008
3.82	1.7791891E-008
3.821	1.9423563E-008
3.822	2.0830068E-008
3.823	2.2138270E-008
3.824	2.3236504E-008
3.825	2.4061395E-008
3.826	2.4693041E-008
3.827	2.5051472E-008
3.828	2.5168021E-008
3.829	2.5036210E-008
3.83	2.4645146E-008
3.831	2.4035973E-008
3.832	2.3164684E-008
3.833	2.2131813E-008
3.834	2.0856717E-008
3.835	1.9411097E-008
3.836	1.7908619E-008
3.837	1.6224938E-008
3.838	1.4562922E-008
3.839	1.2775471E-008
3.84	1.1032532E-008
3.841	9.3693391E-009
3.842	7.6880635E-009
3.843	6.1850867E-009
3.844	4.7346158E-009
3.845	3.4440266E-009
3.846	2.3902447E-009
3.847	1.4802253E-009
3.848	7.9126439E-010
3.849	3.5145115E-010
3.85	1.2002468E-010
3.851	1.2498422E-010
3.852	3.4495359E-010
3.853	7.9873891E-010
3.854	1.4672569E-009
3.855	2.2860249E-009
3.856	3.3207037E-009
3.857	4.5090465E-009
3.858	5.7552132E-009
3.859	7.1606752E-009
3.86	8.6347027E-009
3.861	1.0142050E-008
3.862	1.1536609E-008
3.863	1.3016654E-008
3.864	1.4438423E-008
3.865	1.5703082E-008
3.866	1.6922559E-008
3.867	1.8000527E-008
3.868	1.8911352E-008
3.869	1.9608642E-008
3.87	2.0152543E-008
3.871	2.0490765E-008
3.872	2.0617417E-008
3.873	2.0531102E-008
3.874	2.0256236E-008
3.875	1.9765734E-008
3.876	1.9083540E-008
3.877	1.8222988E-008
3.878	1.7203009E-008
3.879	1.6105030E-008
3.88	1.4835513E-008
3.881	1.3479578E-008
3.882	1.2064703E-008
3.883	1.0615453E-008
3.884	9.2712344E-009
3.885	7.8436670E-009
3.886	6.4692749E-009
3.887	5.1735496E-009
3.888	3.9837436E-009
3.889	2.9212741E-009
3.89	2.0055861E-009
3.891	1.2880125E-009
3.892	7.0502992E-010
3.893	3.0825500E-010
3.894	1.0352249E-010
3.895	9.0103813E-011
3.896	2.6551017E-010
3.897	6.2627142E-010
3.898	1.1625424E-009
3.899	1.8228876E-009
3.9	2.6601801E-009
3.901	3.6251926E-009
3.902	4.6957496E-009
3.903	5.8499277E-009
3.904	7.0600450E-009
3.905	8.3014022E-009
3.906	9.5169117E-009
3.907	1.0744506E-008
3.908	1.1924759E-008
3.909	1.3034534E-008
3.91	1.4051264E-008
3.911	1.4953306E-008
3.912	1.5723797E-008
3.913	1.6348086E-008
3.914	1.6812184E-008
3.915	1.7110017E-008
3.916	1.7233443E-008
3.917	1.7183865E-008
3.918	1.6963506E-008
3.919	1.6575887E-008
3.92	1.6027997E-008
3.921	1.5331409E-008
3.922	1.4504579E-008
3.923	1.3559847E-008
3.924	1.2518720E-008
3.925	1.1403181E-008
3.926	1.0235972E-008
3.927	9.0384331E-009
3.928	7.8638323E-009
3.929	6.6779284E-009
3.93	5.5334355E-009
3.931	4.4518580E-009
3.932	3.4532026E-009
3.933	2.5564186E-009
3.934	1.7433759E-009
3.935	1.1055340E-009
3.936	6.1227112E-010
3.937	2.7164845E-010
3.938	9.1129923E-011
3.939	6.3663408E-011
3.94	1.9419946E-010
3.941	4.7832566E-010
3.942	9.0842411E-010
3.943	1.4745264E-009
3.944	2.2002784E-009
3.945	3.0010832E-009
3.946	3.8913055E-009
3.947	4.8503650E-009
3.948	5.8599152E-009
3.949	6.8704593E-009
3.95	7.9694225E-009
3.951	8.9998853E-009
3.952	9.9925561E-009
3.953	1.0932535E-008
3.954	1.1794161E-008
3.955	1.2565844E-008
3.956	1.3260816E-008
3.957	1.3800453E-008
3.958	1.4206377E-008
3.959	1.4471444E-008
3.96	1.4603490E-008
3.961	1.4580753E-008
3.962	1.4414043E-008
3.963	1.4107325E-008
3.964	1.3666884E-008
3.965	1.3071534E-008
3.966	1.2388553E-008
3.967	1.1609163E-008
3.968	1.0701796E-008
3.969	9.7957216E-009
3.97	8.8186711E-009
3.971	7.8161477E-009
3.972	6.7559833E-009
3.973	5.7582561E-009
3.974	4.7922799E-009
3.975	3.8761678E-009
3.976	2.9875538E-009
3.977	2.2268378E-009
3.978	1.5631764E-009
3.979	9.8478736E-010
3.98	5.6502120E-010
3.981	2.5939742E-010
3.982	7.9406405E-011
3.983	4.4127611E-011
3.984	1.4083969E-010
3.985	3.8096390E-010
3.986	7.3541828E-010
3.987	1.2039211E-009
3.988	1.8074044E-009
3.989	2.4750413E-009
3.99	3.2386513E-009
3.991	4.0453108E-009
3.992	4.8946172E-009
3.993	5.8160086E-009
3.994	6.7013519E-009
3.995	7.5773521E-009
3.996	8.4670866E-009
3.997	9.2684269E-009
3.998	1.0043816E-008
3.999	1.0704664E-008
4	1.1291549E-008
4.001	1.1763678E-008
4.002	1.2127300E-008
4.003	1.2383807E-008
4.004	1.2506511E-008
4.005	1.2504268E-008
4.006	1.2377118E-008
4.007	1.2118891E-008
4.008	1.1756331E-008
4.009	1.1288321E-008
4.01	1.0709922E-008
4.011	1.0059308E-008
4.012	9.3025880E-009
4.013	8.5206713E-009
4.014	7.6572517E-009
4.015	6.8073964E-009
4.016	5.9080056E-009
4.017	5.0170987E-009
4.018	4.1933395E-009
4.019	3.4100616E-009
4.02	2.6646874E-009
4.021	1.9755781E-009
4.022	1.4014984E-009
4.023	8.9681129E-010
4.024	5.1800175E-010
4.025	2.3388116E-010
4.026	7.5905088E-011
4.027	3.0205831E-011
4.028	1.0101855E-010
4.029	2.9266609E-010
4.03	5.9050614E-010
4.031	9.7952901E-010
4.032	1.4835678E-009
4.033	2.0434101E-009
4.034	2.7030200E-009
4.035	3.4210654E-009
4.036	4.1455674E-009
4.037	4.9308402E-009
4.038	5.6880496E-009
4.039	6.4769226E-009
4.04	7.2239006E-009
4.041	7.9147391E-009
4.042	8.5896019E-009
4.043	9.1682653E-009
4.044	9.6961994E-009
4.045	1.0134011E-008
4.046	1.0456991E-008
4.047	1.0691172E-008
4.048	1.0818046E-008
4.049	1.0828900E-008
4.05	1.0735935E-008
4.051	1.0532021E-008
4.052	1.0221417E-008
4.053	9.8327275E-009
4.054	9.3360120E-009
4.055	8.7591259E-009
4.056	8.1478806E-009
4.057	7.4502986E-009
4.058	6.7146906E-009
4.059	5.9709562E-009
4.06	5.2364082E-009
4.061	4.4703903E-009
4.062	3.7250478E-009
4.063	3.0476695E-009
4.064	2.3852205E-009
4.065	1.7845785E-009
4.066	1.2584939E-009
4.067	8.3490148E-010
4.068	4.8017668E-010
4.069	2.2883528E-010
4.07	7.2470641E-011
4.071	2.0974547E-011
4.072	6.9245408E-011
4.073	2.2024939E-010
4.074	4.6984744E-010
4.075	8.1203200E-010
4.076	1.2383337E-009
4.077	1.7143928E-009
4.078	2.2622328E-009
4.079	2.8752214E-009
4.08	3.5273011E-009
4.081	4.2040735E-009
4.082	4.8909858E-009
4.083	5.5416232E-009
4.084	6.2082544E-009
4.085	6.8430426E-009
4.086	7.4319297E-009
4.087	7.9651867E-009
4.088	8.4208471E-009
4.089	8.8111891E-009
4.09	9.1163646E-009
4.091	9.3225605E-009
4.092	9.4485726E-009
4.093	9.4767705E-009
4.094	9.4083026E-009
4.095	9.2441299E-009
4.096	8.9881889E-009
4.097	8.6562046E-009
4.098	8.2378966E-009
4.099	7.7490574E-009
4.1	7.2021686E-009
4.101	6.6035875E-009
4.102	6.0003287E-009
4.103	5.3436504E-009
4.104	4.6762123E-009
4.105	4.0108583E-009
4.106	3.3762684E-009
4.107	2.7544507E-009
4.108	2.1726954E-009
4.109	1.6428386E-009
4.11	1.1745055E-009
4.111	7.7707768E-010
4.112	4.5764542E-010
4.113	2.2195472E-010
4.114	7.4125879E-011
4.115	1.6222202E-011
4.116	4.6872502E-011
4.117	1.6614017E-010
4.118	3.7115658E-010
4.119	6.5701383E-010
4.12	1.0171346E-009
4.121	1.4438823E-009
4.122	1.9274820E-009
4.123	2.4576681E-009
4.124	3.0236453E-009
4.125	3.6275063E-009
4.126	4.2291171E-009
4.127	4.8292517E-009
4.128	5.4160680E-009
4.129	5.9765179E-009
4.13	6.5012897E-009
4.131	6.9780088E-009
4.132	7.3981505E-009
4.133	7.7526892E-009
4.134	8.0302263E-009
4.135	8.2372580E-009
4.136	8.3671852E-009
4.137	8.4057667E-009
4.138	8.3586871E-009
4.139	8.2301934E-009
4.14	8.0210176E-009
4.141	7.7350562E-009
4.142	7.3801902E-009
4.143	6.9527846E-009
4.144	6.4783072E-009
4.145	5.9618182E-009
4.146	5.4111684E-009
4.147	4.8367892E-009
4.148	4.2512882E-009
4.149	3.6381393E-009
4.15	3.0642113E-009
4.151	2.5139197E-009
4.152	2.0081516E-009
4.153	1.5337854E-009
4.154	1.0930231E-009
4.155	7.3405482E-010
4.156	4.4237239E-010
4.157	2.2322059E-010
4.158	8.0289525E-011
4.159	1.4723348E-011
4.16	3.3193948E-011
4.161	1.2677220E-010
4.162	2.9746960E-010
4.163	5.5315708E-010
4.164	8.6527685E-010
4.165	1.2368749E-009
4.166	1.6818210E-009
4.167	2.1496944E-009
4.168	2.6511049E-009
4.169	3.1750260E-009
4.17	3.7236461E-009
4.171	4.2607988E-009
4.172	4.7881064E-009
4.173	5.2960587E-009
4.174	5.7948188E-009
4.175	6.2305854E-009
4.176	6.6170305E-009
4.177	6.9639623E-009
4.178	7.2287074E-009
4.179	7.4213169E-009
4.18	7.5549904E-009
4.181	7.6054478E-009
4.182	7.5809634E-009
4.183	7.4770652E-009
4.184	7.3034481E-009
4.185	7.0634258E-009
4.186	6.7430408E-009
4.187	6.3875563E-009
4.188	5.9536900E-009
4.189	5.4985185E-009
4.19	5.0096642E-009
4.191	4.4738400E-009
4.192	3.9490970E-009
4.193	3.3978378E-009
4.194	2.8800915E-009
4.195	2.3800970E-009
4.196	1.8973740E-009
4.197	1.4629761E-009
4.198	1.0570975E-009
4.199	7.2309098E-010
4.2	4.3657492E-010
4.201	2.2871952E-010
4.202	8.3765911E-011
4.203	1.7238808E-011
4.204	2.1880055E-011
4.205	9.9905619E-011
4.206	2.4575794E-010
4.207	4.6893411E-010
4.208	7.4457107E-010
4.209	1.0925282E-009
4.21	1.4742779E-009
4.211	1.9176811E-009
4.212	2.3739308E-009
4.213	2.8645766E-009
4.214	3.3573770E-009
4.215	3.8775401E-009
4.216	4.3678638E-009
4.217	4.8637228E-009
4.218	5.3317391E-009
4.219	5.7431744E-009
4.22	6.1293415E-009
4.221	6.4465615E-009
4.222	6.7136914E-009
4.223	6.9123107E-009
4.224	7.0528472E-009
4.225	7.1158008E-009
4.226	7.1106778E-009
4.227	7.0306427E-009
4.228	6.8850925E-009
4.229	6.6658346E-009
4.23	6.3950139E-009
4.231	6.0629941E-009
4.232	5.6710059E-009
4.233	5.2561511E-009
4.234	4.7863931E-009
4.235	4.3143409E-009
4.236	3.8057872E-009
4.237	3.2925929E-009
4.238	2.8070593E-009
4.239	2.3259514E-009
4.24	1.8594879E-009
4.241	1.4469673E-009
4.242	1.0588087E-009
4.243	7.2241607E-010
4.244	4.5651163E-010
4.245	2.4137767E-010
4.246	1.0026239E-010
4.247	2.3687401E-011
4.248	1.7916637E-011
4.249	8.5667202E-011
4.25	2.1744635E-010
4.251	4.2322698E-010
4.252	6.9387568E-010
4.253	1.0075593E-009
4.254	1.3874539E-009
4.255	1.8127803E-009
4.256	2.2626152E-009
4.257	2.7270881E-009
4.258	3.2305019E-009
4.259	3.7403614E-009
4.26	4.2465724E-009
4.261	4.7170725E-009
4.262	5.1853788E-009
4.263	5.6218004E-009
4.264	6.0062830E-009
4.265	6.3364491E-009
4.266	6.6250294E-009
4.267	6.8513621E-009
4.268	7.0090160E-009
4.269	7.0966855E-009
4.27	7.1116135E-009
4.271	7.0563870E-009
4.272	6.9320989E-009
4.273	6.7368369E-009
4.274	6.4760388E-009
4.275	6.1689893E-009
4.276	5.7971938E-009
4.277	5.3781264E-009
4.278	4.9209832E-009
4.279	4.4363069E-009
4.28	3.9319210E-009
4.281	3.4319374E-009
4.282	2.9459335E-009
4.283	2.4489522E-009
4.284	1.9744248E-009
4.285	1.5329918E-009
4.286	1.1339172E-009
4.287	7.8525353E-010
4.288	4.9481258E-010
4.289	2.7328340E-010
4.29	1.2098349E-010
4.291	3.3014706E-011
4.292	2.0578927E-011
4.293	8.4615946E-011
4.294	2.2453389E-010
4.295	4.3794376E-010
4.296	7.2140693E-010
4.297	1.0611202E-009
4.298	1.4666567E-009
4.299	1.9233219E-009
4.3	2.4229199E-009
4.301	2.9555010E-009
4.302	3.5103958E-009
4.303	4.0772714E-009
4.304	4.6452682E-009
4.305	5.1649627E-009
4.306	5.7281366E-009
4.307	6.2110961E-009
4.308	6.6975172E-009
4.309	7.0921531E-009
4.31	7.4490942E-009
4.311	7.7511677E-009
4.312	7.9567082E-009
4.313	8.0992377E-009
4.314	8.1586808E-009
4.315	8.1353440E-009
4.316	8.0291809E-009
4.317	7.8436972E-009
4.318	7.5808693E-009
4.319	7.2473552E-009
4.32	6.8467889E-009
4.321	6.3994996E-009
4.322	5.8936283E-009
4.323	5.3490359E-009
4.324	4.7767941E-009
4.325	4.1884403E-009
4.326	3.5956476E-009
4.327	3.0109522E-009
4.328	2.4474667E-009
4.329	1.9294886E-009
4.33	1.4232536E-009
4.331	9.9700803E-010
4.332	6.3782885E-010
4.333	3.5532485E-010
4.334	1.5733771E-010
4.335	5.0391281E-011
4.336	3.9392024E-011
4.337	1.2436691E-010
4.338	3.2173342E-010
4.339	6.1290040E-010
4.34	1.0015386E-009
4.341	1.4836842E-009
4.342	2.0533175E-009
4.343	2.7017322E-009
4.344	3.4549239E-009
4.345	4.2159232E-009
4.346	5.0414068E-009
4.347	5.8988561E-009
4.348	6.7738495E-009
4.349	7.6934930E-009
4.35	8.5584899E-009
4.351	9.3961736E-009
4.352	1.0189235E-008
4.353	1.0906430E-008
4.354	1.1596743E-008
4.355	1.2167768E-008
4.356	1.2641412E-008
4.357	1.3004716E-008
4.358	1.3257379E-008
4.359	1.3372789E-008
4.36	1.3358108E-008
4.361	1.3216531E-008
4.362	1.2924166E-008
4.363	1.2516562E-008
4.364	1.1983901E-008
4.365	1.1306529E-008
4.366	1.0552196E-008
4.367	9.7080921E-009
4.368	8.8085441E-009
4.369	7.7916216E-009
4.37	6.7799109E-009
4.371	5.7559690E-009
4.372	4.6959383E-009
4.373	3.7191286E-009
4.374	2.8049596E-009
4.375	1.9449937E-009
4.376	1.2569158E-009
4.377	6.9595696E-010
4.378	2.9311473E-010
4.379	1.1090056E-010
4.38	1.5296163E-010
4.381	4.6256743E-010
4.382	1.0357700E-009
4.383	1.8998105E-009
4.384	3.1030538E-009
4.385	4.6071373E-009
4.386	6.5390378E-009
4.387	8.7384606E-009
4.388	1.1291294E-008
4.389	1.4336774E-008
4.39	1.7607583E-008
4.391	2.1311486E-008
4.392	2.5271865E-008
4.393	2.9556162E-008
4.394	3.4366739E-008
4.395	3.9264158E-008
4.396	4.4666702E-008
4.397	5.0077954E-008
4.398	5.5958889E-008
4.399	6.1622970E-008
4.4	6.7834421E-008
4.401	7.3870837E-008
4.402	8.0283087E-008
4.403	8.6410139E-008
4.404	9.2813750E-008
4.405	9.8872263E-008
4.406	1.0496486E-007
4.407	1.1078946E-007
4.408	1.1641024E-007
4.409	1.2207749E-007
4.41	1.2745329E-007
4.411	1.3227462E-007
4.412	1.3695826E-007
4.413	1.4108129E-007
4.414	1.4488265E-007
4.415	1.4818167E-007
4.416	1.5113393E-007
4.417	1.5350801E-007
4.418	1.5546553E-007
4.419	1.5682893E-007
4.42	1.5772007E-007
4.421	1.5806235E-007
4.422	1.5788378E-007
4.423	1.5719125E-007
4.424	1.5601420E-007
4.425	1.5425103E-007
4.426	1.5208184E-007
4.427	1.4937301E-007
4.428	1.4617953E-007
4.429	1.4276372E-007
4.43	1.3876925E-007
4.431	1.3437668E-007
4.432	1.2986274E-007
4.433	1.2482302E-007
4.434	1.1976242E-007
4.435	1.1426719E-007
4.436	1.0868609E-007
4.437	1.0310811E-007
4.438	9.7169561E-008
4.439	9.1172296E-008
4.44	8.5400927E-008
4.441	7.9391597E-008
4.442	7.3440987E-008
4.443	6.7937528E-008
4.444	6.2180007E-008
4.445	5.6578564E-008
4.446	5.1379924E-008
4.447	4.6155201E-008
4.448	4.1159691E-008
4.449	3.6414999E-008
4.45	3.2128167E-008
4.451	2.8021510E-008
4.452	2.4114128E-008
4.453	2.0659527E-008
4.454	1.7350390E-008
4.455	1.4357052E-008
4.456	1.1673126E-008
4.457	9.3934123E-009
4.458	7.3494428E-009
4.459	5.5496110E-009
4.46	4.0323584E-009
4.461	2.8338936E-009
4.462	1.8300188E-009
4.463	1.0650503E-009
4.464	5.2083304E-010
4.465	1.8402778E-010
4.466	2.3595771E-011
4.467	1.5025379E-011
4.468	1.4880167E-010
4.469	4.0403436E-010
4.47	7.6003087E-010
4.471	1.1767126E-009
4.472	1.6612042E-009
4.473	2.1999471E-009
4.474	2.7639082E-009
4.475	3.3380363E-009
4.476	3.9068930E-009
4.477	4.4550115E-009
4.478	4.9494706E-009
4.479	5.4251119E-009
4.48	5.8410272E-009
4.481	6.2084875E-009
4.482	6.5105303E-009
4.483	6.7448345E-009
4.484	6.9074746E-009
4.485	6.9981470E-009
4.486	7.0166064E-009
4.487	6.9703137E-009
4.488	6.8560291E-009
4.489	6.6783614E-009
4.49	6.4432988E-009
4.491	6.1558243E-009
4.492	5.8228871E-009
4.493	5.4505436E-009
4.494	5.0571920E-009
4.495	4.6323501E-009
4.496	4.1923460E-009
4.497	3.7436498E-009
4.498	3.2961895E-009
4.499	2.8559028E-009
4.5	2.4302818E-009
4.501	2.0342148E-009
4.502	1.6554764E-009
4.503	1.3083405E-009
4.504	9.9720820E-010
4.505	7.2561868E-010
4.506	4.9604337E-010
4.507	3.1051628E-010
4.508	1.7254681E-010
4.509	7.6096900E-011
4.51	2.4106984E-011
4.511	1.5167751E-011
4.512	4.7053743E-011
4.513	1.1702032E-010
4.514	2.2165586E-010
4.515	3.5377232E-010
4.516	5.1512822E-010
4.517	6.9839090E-010
4.518	8.9879365E-010
4.519	1.1113472E-009
4.52	1.3307971E-009
4.521	1.5526677E-009
4.522	1.7666479E-009
4.523	1.9781619E-009
4.524	2.1783972E-009
4.525	2.3703937E-009
4.526	2.5348423E-009
4.527	2.6768903E-009
4.528	2.7938882E-009
4.529	2.8821376E-009
4.53	2.9448908E-009
4.531	2.9785010E-009
4.532	2.9827252E-009
4.533	2.9566376E-009
4.534	2.9025484E-009
4.535	2.8215541E-009
4.536	2.7188798E-009
4.537	2.5915086E-009
4.538	2.4442310E-009
4.539	2.2802131E-009
4.54	2.0947013E-009
4.541	1.9067286E-009
4.542	1.7120474E-009
4.543	1.5187923E-009
4.544	1.3218848E-009
4.545	1.1209915E-009
4.546	9.3631147E-010
4.547	7.6225148E-010
4.548	6.0160049E-010
4.549	4.5703780E-010
4.55	3.2837433E-010
4.551	2.2264088E-010
4.552	1.3835021E-010
4.553	7.6393745E-011
4.554	3.6169730E-011
4.555	2.1034646E-011
4.556	2.8044927E-011
4.557	5.6650889E-011
4.558	1.0848843E-010
4.559	1.7737641E-010
4.56	2.6347219E-010
4.561	3.6896763E-010
4.562	4.8293686E-010
4.563	6.0360983E-010
4.564	7.3376594E-010
4.565	8.7443919E-010
4.566	1.0102835E-009
4.567	1.1449043E-009
4.568	1.2810573E-009
4.569	1.4037864E-009
4.57	1.5150249E-009
4.571	1.6217268E-009
4.572	1.7104409E-009
4.573	1.7835362E-009
4.574	1.8425763E-009
4.575	1.8812727E-009
4.576	1.9019455E-009
4.577	1.9043718E-009
4.578	1.8883946E-009
4.579	1.8546193E-009
4.58	1.8012769E-009
4.581	1.7341475E-009
4.582	1.6490727E-009
4.583	1.5565690E-009
4.584	1.4511896E-009
4.585	1.3322390E-009
4.586	1.2114328E-009
4.587	1.0812915E-009
4.588	9.5436037E-010
4.589	8.2275020E-010
4.59	7.0217387E-010
4.591	5.8394223E-010
4.592	4.6832710E-010
4.593	3.6682171E-010
4.594	2.7246977E-010
4.595	1.9463470E-010
4.596	1.2788301E-010
4.597	7.9673289E-011
4.598	4.4248074E-011
4.599	2.6095345E-011
4.6	2.3703213E-011
4.601	3.6981803E-011
4.602	6.6510610E-011
4.603	1.0787236E-010
4.604	1.6535616E-010
4.605	2.3208588E-010
4.606	3.0878386E-010
4.607	3.9747519E-010
4.608	4.9302190E-010
4.609	5.8890220E-010
4.61	6.8948208E-010
4.611	7.8809914E-010
4.612	8.8913904E-010
4.613	9.8247732E-010
4.614	1.0738087E-009
4.615	1.1541946E-009
4.616	1.2271840E-009
4.617	1.2884276E-009
4.618	1.3403469E-009
4.619	1.3796430E-009
4.62	1.4036943E-009
4.621	1.4148287E-009
4.622	1.4118628E-009
4.623	1.3953011E-009
4.624	1.3648849E-009
4.625	1.3230053E-009
4.626	1.2676548E-009
4.627	1.2040019E-009
4.628	1.1283050E-009
4.629	1.0462889E-009
4.63	9.6014441E-010
4.631	8.6572183E-010
4.632	7.6854678E-010
4.633	6.7470424E-010
4.634	5.7809246E-010
4.635	4.8438603E-010
4.636	4.0079362E-010
4.637	3.1791933E-010
4.638	2.4304450E-010
4.639	1.8007024E-010
4.64	1.2461648E-010
4.641	8.0524670E-011
4.642	5.0182990E-011
4.643	2.9974939E-011
4.644	2.2508948E-011
4.645	2.7271791E-011
4.646	4.4334179E-011
4.647	7.3227979E-011
4.648	1.1315788E-010
4.649	1.5973758E-010
4.65	2.1802511E-010
4.651	2.8391156E-010
4.652	3.5578493E-010
4.653	4.2896389E-010
4.654	5.0802146E-010
4.655	5.8665189E-010
4.656	6.6644296E-010
4.657	7.4100348E-010
4.658	8.1479168E-010
4.659	8.8349694E-010
4.66	9.4565955E-010
4.661	9.9978026E-010
4.662	1.0424240E-009
4.663	1.0783123E-009
4.664	1.1036820E-009
4.665	1.1180837E-009
4.666	1.1215010E-009
4.667	1.1139626E-009
4.668	1.0958794E-009
4.669	1.0669395E-009
4.67	1.0281768E-009
4.671	9.8051323E-010
4.672	9.2684610E-010
4.673	8.6414259E-010
4.674	7.9726808E-010
4.675	7.2469136E-010
4.676	6.4922578E-010
4.677	5.7248239E-010
4.678	4.9584747E-010
4.679	4.2081089E-010
4.68	3.4893169E-010
4.681	2.8551686E-010
4.682	2.2340976E-010
4.683	1.6812966E-010
4.684	1.2065723E-010
4.685	8.1817317E-011
4.686	5.2256258E-011
4.687	3.2769253E-011
4.688	2.2769274E-011
4.689	2.2808182E-011
4.69	3.2766127E-011
4.691	5.2280246E-011
4.692	8.0817020E-011
4.693	1.1687923E-010
4.694	1.5912635E-010
4.695	2.0953325E-010
4.696	2.6530639E-010
4.697	3.2532860E-010
4.698	3.8821205E-010
4.699	4.5134230E-010
4.7	5.1599064E-010
4.701	5.7952998E-010
4.702	6.4072980E-010
4.703	6.9820161E-010
4.704	7.5096113E-010
4.705	7.9688228E-010
4.706	8.3685792E-010
4.707	8.6943663E-010
4.708	8.9394037E-010
4.709	9.1022290E-010
4.71	9.1685232E-010
4.711	9.1434060E-010
4.712	9.0324059E-010
4.713	8.8338409E-010
4.714	8.5532814E-010
4.715	8.1963830E-010
4.716	7.7728873E-010
4.717	7.2875639E-010
4.718	6.7636158E-010
4.719	6.1889083E-010
4.72	5.5872623E-010
4.721	4.9691545E-010
4.722	4.3466006E-010
4.723	3.7317061E-010
4.724	3.1246053E-010
4.725	2.5608707E-010
4.726	2.0391379E-010
4.727	1.5684130E-010
4.728	1.1577687E-010
4.729	8.1354312E-011
4.73	5.4759048E-011
4.731	3.4589623E-011
4.732	2.3409776E-011
4.733	2.0337967E-011
4.734	2.5343453E-011
4.735	3.8198184E-011
4.736	5.8122729E-011
4.737	8.6657327E-011
4.738	1.2052537E-010
4.739	1.6004149E-010
4.74	2.0421001E-010
4.741	2.5224023E-010
4.742	3.0403755E-010
4.743	3.5661971E-010
4.744	4.0975331E-010
4.745	4.6237267E-010
4.746	5.1336707E-010
4.747	5.6382032E-010
4.748	6.0785782E-010
4.749	6.4826627E-010
4.75	6.8356426E-010
4.751	7.1395317E-010
4.752	7.3643475E-010
4.753	7.5215162E-010
4.754	7.6059803E-010
4.755	7.6186246E-010
4.756	7.5546414E-010
4.757	7.4211537E-010
4.758	7.2089701E-010
4.759	6.9404987E-010
4.76	6.6195849E-010
4.761	6.2400363E-010
4.762	5.7997762E-010
4.763	5.3383059E-010
4.764	4.8510962E-010
4.765	4.3265583E-010
4.766	3.8250159E-010
4.767	3.3150363E-010
4.768	2.7979297E-010
4.769	2.3230871E-010
4.77	1.8789995E-010
4.771	1.4584048E-010
4.772	1.1081706E-010
4.773	8.0259771E-011
4.774	5.4578727E-011
4.775	3.6240552E-011
4.776	2.4051696E-011
4.777	1.9081127E-011
4.778	2.0650540E-011
4.779	2.9200191E-011
4.78	4.3827598E-011
4.781	6.5316190E-011
4.782	9.1497039E-011
4.783	1.2253377E-010
4.784	1.5846897E-010
4.785	1.9712366E-010
4.786	2.4012009E-010
4.787	2.8325886E-010
4.788	3.2714417E-010
4.789	3.7287440E-010
4.79	4.1493450E-010
4.791	4.5771426E-010
4.792	4.9616622E-010
4.793	5.3262794E-010
4.794	5.6348415E-010
4.795	5.9019639E-010
4.796	6.1104322E-010
4.797	6.2702166E-010
4.798	6.3639927E-010
4.799	6.3986227E-010
4.8	6.3691880E-010
4.801	6.2781236E-010
4.802	6.1313632E-010
4.803	5.9204291E-010
4.804	5.6673327E-010
4.805	5.3556665E-010
4.806	5.0168752E-010
4.807	4.6369131E-010
4.808	4.2401085E-010
4.809	3.8090850E-010
4.81	3.3854314E-010
4.811	2.9436348E-010
4.812	2.5088770E-010
4.813	2.1155515E-010
4.814	1.7207728E-010
4.815	1.3719552E-010
4.816	1.0464524E-010
4.817	7.7627862E-011
4.818	5.4406590E-011
4.819	3.7504489E-011
4.82	2.5053628E-011
4.821	1.8500047E-011
4.822	1.7804778E-011
4.823	2.2847380E-011
4.824	3.3342985E-011
4.825	4.8665572E-011
4.826	6.9572667E-011
4.827	9.5046818E-011
4.828	1.2320203E-010
4.829	1.5574850E-010
4.83	1.8877527E-010
4.831	2.2565123E-010
4.832	2.6361227E-010
4.833	3.0034361E-010
4.834	3.3808978E-010
4.835	3.7441852E-010
4.836	4.0673578E-010
4.837	4.3841292E-010
4.838	4.6675197E-010
4.839	4.9113186E-010
4.84	5.1016602E-010
4.841	5.2532984E-010
4.842	5.3526017E-010
4.843	5.3999544E-010
4.844	5.3945715E-010
4.845	5.3387622E-010
4.846	5.2282956E-010
4.847	5.0801335E-010
4.848	4.8762866E-010
4.849	4.6309723E-010
4.85	4.3483200E-010
4.851	4.0475767E-010
4.852	3.7097200E-010
4.853	3.3620956E-010
4.854	2.9952038E-010
4.855	2.6397423E-010
4.856	2.2733559E-010
4.857	1.9179132E-010
4.858	1.5864972E-010
4.859	1.2723843E-010
4.86	9.9900643E-011
4.861	7.4897893E-011
4.862	5.3900870E-011
4.863	3.7259484E-011
4.864	2.5476969E-011
4.865	1.8426241E-011
4.866	1.5913606E-011
4.867	1.8321114E-011
4.868	2.5542034E-011
4.869	3.7346300E-011
4.87	5.3118079E-011
4.871	7.3083657E-011
4.872	9.5525567E-011
4.873	1.2180090E-010
4.874	1.5050976E-010
4.875	1.8038747E-010
4.876	2.1199179E-010
4.877	2.4400834E-010
4.878	2.7589250E-010
4.879	3.0688282E-010
4.88	3.3646622E-010
4.881	3.6329983E-010
4.882	3.8714837E-010
4.883	4.0893181E-010
4.884	4.2715720E-010
4.885	4.4155973E-010
4.886	4.5152815E-010
4.887	4.5735798E-010
4.888	4.5876478E-010
4.889	4.5556495E-010
4.89	4.4801052E-010
4.891	4.3629519E-010
4.892	4.2092271E-010
4.893	4.0161849E-010
4.894	3.7901199E-010
4.895	3.5362982E-010
4.896	3.2598030E-010
4.897	2.9723146E-010
4.898	2.6676730E-010
4.899	2.3574478E-010
4.9	2.0480129E-010
4.901	1.7452018E-010
4.902	1.4549871E-010
4.903	1.1881178E-010
4.904	9.3946274E-011
4.905	7.1818156E-011
4.906	5.2858200E-011
4.907	3.7458255E-011
4.908	2.6026495E-011
4.909	1.8320782E-011
4.91	1.4687109E-011
4.911	1.5174813E-011
4.912	1.9701579E-011
4.913	2.8162058E-011
4.914	4.0039385E-011
4.915	5.6196200E-011
4.916	7.4901405E-011
4.917	9.6235166E-011
4.918	1.1971939E-010
4.919	1.4439298E-010
4.92	1.7070252E-010
4.921	1.9767576E-010
4.922	2.2465775E-010
4.923	2.5118102E-010
4.924	2.7610927E-010
4.925	3.0102990E-010
4.926	3.2290892E-010
4.927	3.4228170E-010
4.928	3.5891795E-010
4.929	3.7230569E-010
4.93	3.8201420E-010
4.931	3.8869979E-010
4.932	3.9129805E-010
4.933	3.9013404E-010
4.934	3.8528780E-010
4.935	3.7697662E-010
4.936	3.6508310E-010
4.937	3.4937053E-010
4.938	3.3139561E-010
4.939	3.1085157E-010
4.94	2.8826416E-010
4.941	2.6355532E-010
4.942	2.3809038E-010
4.943	2.1208298E-010
4.944	1.8586428E-010
4.945	1.6001162E-010
4.946	1.3449657E-010
4.947	1.1086644E-010
4.948	8.8970685E-011
4.949	6.8548681E-011
4.95	5.1477773E-011
4.951	3.7522711E-011
4.952	2.6347580E-011
4.953	1.8216427E-011
4.954	1.3840797E-011
4.955	1.2931592E-011
4.956	1.5509835E-011
4.957	2.1419019E-011
4.958	3.0524333E-011
4.959	4.2571387E-011
4.96	5.7965740E-011
4.961	7.5195440E-011
4.962	9.3985639E-011
4.963	1.1562609E-010
4.964	1.3764331E-010
4.965	1.6033862E-010
4.966	1.8416393E-010
4.967	2.0642309E-010
4.968	2.2840027E-010
4.969	2.5016400E-010
4.97	2.6945585E-010
4.971	2.8756875E-010
4.972	3.0230532E-010
4.973	3.1480518E-010
4.974	3.2487454E-010
4.975	3.3163314E-010
4.976	3.3516870E-010
4.977	3.3551423E-010
4.978	3.3269973E-010
4.979	3.2650188E-010
4.98	3.1754108E-010
4.981	3.0533107E-010
4.982	2.9102257E-010
4.983	2.7479419E-010
4.984	2.5557215E-010
4.985	2.3550328E-010
4.986	2.1343829E-010
4.987	1.9143204E-010
4.988	1.6872194E-010
4.989	1.4656920E-010
4.99	1.2497878E-010
4.991	1.0350458E-010
4.992	8.4228909E-011
4.993	6.6321788E-011
4.994	5.0813125E-011
4.995	3.7092173E-011
4.996	2.6494123E-011
4.997	1.8320819E-011
4.998	1.3431808E-011
4.999	1.1282072E-011
5	1.2292025E-011
5.001	1.6163244E-011
5.002	2.2781072E-011
5.003	3.2208698E-011
5.004	4.4376381E-011
5.005	5.8241932E-011
5.006	7.4612976E-011
5.007	9.1888046E-011
5.008	1.1102995E-010
5.009	1.2982646E-010
5.01	1.5020088E-010
5.011	1.6977571E-010
5.012	1.8971347E-010
5.013	2.0880969E-010
5.014	2.2559400E-010
5.015	2.4185057E-010
5.016	2.5572933E-010
5.017	2.6790403E-010
5.018	2.7768218E-010
5.019	2.8440372E-010
5.02	2.8883188E-010
5.021	2.9040517E-010
5.022	2.8915731E-010
5.023	2.8503155E-010
5.024	2.7867175E-010
5.025	2.6940075E-010
5.026	2.5762614E-010
5.027	2.4425575E-010
5.028	2.2852747E-010
5.029	2.1151264E-010
5.03	1.9373475E-010
5.031	1.7443948E-010
5.032	1.5462993E-010
5.033	1.3553311E-010
5.034	1.1636295E-010
5.035	9.7508848E-011
5.036	8.0374034E-011
5.037	6.3970197E-011
5.038	4.9290978E-011
5.039	3.6829820E-011
5.04	2.6706089E-011
5.041	1.8556087E-011
5.042	1.2968134E-011
5.043	1.0037614E-011
5.044	9.7462325E-012
5.045	1.2021675E-011
5.046	1.6889122E-011
5.047	2.4226343E-011
5.048	3.3460675E-011
5.049	4.4846356E-011
5.05	5.8306769E-011
5.051	7.3269259E-011
5.052	8.8824212E-011
5.053	1.0583797E-010
5.054	1.2307104E-010
5.055	1.4075907E-010
5.056	1.5827017E-010
5.057	1.7457001E-010
5.058	1.9063939E-010
5.059	2.0517366E-010
5.06	2.1851129E-010
5.061	2.3002009E-010
5.062	2.3956431E-010
5.063	2.4658195E-010
5.064	2.5153141E-010
5.065	2.5413963E-010
5.066	2.5427402E-010
5.067	2.5194283E-010
5.068	2.4715766E-010
5.069	2.4017893E-010
5.07	2.3131298E-010
5.071	2.2014982E-010
5.072	2.0719775E-010
5.073	1.9275757E-010
5.074	1.7742603E-010
5.075	1.6090218E-010
5.076	1.4381683E-010
5.077	1.2648319E-010
5.078	1.0992247E-010
5.079	9.3464632E-011
5.08	7.7443899E-011
5.081	6.2480826E-011
5.082	4.8885902E-011
5.083	3.6910638E-011
5.084	2.6962880E-011
5.085	1.8830160E-011
5.086	1.2868504E-011
5.087	9.1785616E-012
5.088	7.8273750E-012
5.089	8.7694582E-012
5.09	1.2008652E-011
5.091	1.7469108E-011
5.092	2.5018531E-011
5.093	3.4295469E-011
5.094	4.5452721E-011
5.095	5.8109881E-011
5.096	7.1982670E-011
5.097	8.6781513E-011
5.098	1.0188837E-010
5.099	1.1760500E-010
5.1	1.3332593E-010
5.101	1.4874413E-010
5.102	1.6351101E-010
5.103	1.7705899E-010
5.104	1.8970447E-010
5.105	2.0086859E-010
5.106	2.1035457E-010
5.107	2.1801799E-010
5.108	2.2356013E-010
5.109	2.2712565E-010
5.11	2.2852160E-010
5.111	2.2758512E-010
5.112	2.2446429E-010
5.113	2.1936077E-010
5.114	2.1219733E-010
5.115	2.0317088E-010
5.116	1.9240536E-010
5.117	1.8017969E-010
5.118	1.6698708E-010
5.119	1.5258929E-010
5.12	1.3698503E-010
5.121	1.2150883E-010
5.122	1.0626951E-010
5.123	9.0974221E-011
5.124	7.6183108E-011
5.125	6.2217204E-011
5.126	4.9327788E-011
5.127	3.7538531E-011
5.128	2.7550873E-011
5.129	1.9283672E-011
5.13	1.2907245E-011
5.131	8.5416058E-012
5.132	6.2746709E-012
5.133	6.0962251E-012
5.134	8.0738315E-012
5.135	1.2108170E-011
5.136	1.8116392E-011
5.137	2.6141237E-011
5.138	3.5706698E-011
5.139	4.6769644E-011
5.14	5.9069999E-011
5.141	7.2139961E-011
5.142	8.6768454E-011
5.143	1.0132469E-010
5.144	1.1605145E-010
5.145	1.3065767E-010
5.146	1.4512828E-010
5.147	1.5866090E-010
5.148	1.7122444E-010
5.149	1.8256525E-010
5.15	1.9286511E-010
5.151	2.0096202E-010
5.152	2.0749111E-010
5.153	2.1228720E-010
5.154	2.1478323E-010
5.155	2.1526896E-010
5.156	2.1364853E-010
5.157	2.1001959E-010
5.158	2.0443047E-010
5.159	1.9669220E-010
5.16	1.8775637E-010
5.161	1.7706847E-010
5.162	1.6459718E-010
5.163	1.5148030E-010
5.164	1.3758078E-010
5.165	1.2284646E-010
5.166	1.0812690E-010
5.167	9.3444065E-011
5.168	7.8495488E-011
5.169	6.4740054E-011
5.17	5.1588615E-011
5.171	3.9823443E-011
5.172	2.9425767E-011
5.173	2.0268244E-011
5.174	1.3337736E-011
5.175	7.9613737E-012
5.176	4.8109082E-012
5.177	3.7127424E-012
5.178	4.7668432E-012
5.179	7.8154471E-012
5.18	1.3144985E-011
5.181	2.0230890E-011
5.182	2.9482774E-011
5.183	4.0046268E-011
5.184	5.1785035E-011
5.185	6.5486325E-011
5.186	7.9640003E-011
5.187	9.5087237E-011
5.188	1.1003872E-010
5.189	1.2598055E-010
5.19	1.4116783E-010
5.191	1.5640621E-010
5.192	1.7032649E-010
5.193	1.8345572E-010
5.194	1.9503205E-010
5.195	2.0541913E-010
5.196	2.1370146E-010
5.197	2.2019786E-010
5.198	2.2458421E-010
5.199	2.2691228E-010
5.2	2.2693984E-010
5.201	2.2468212E-010
5.202	2.2043987E-010
5.203	2.1382340E-010
5.204	2.0515242E-010
5.205	1.9492340E-010
5.206	1.8263807E-010
5.207	1.6971090E-010
5.208	1.5483270E-010
5.209	1.3966388E-010
5.21	1.2334195E-010
5.211	1.0710040E-010
5.212	9.1248210E-011
5.213	7.5258008E-011
5.214	6.0604341E-011
5.215	4.6474227E-011
5.216	3.4007415E-011
5.217	2.3414510E-011
5.218	1.4380440E-011
5.219	7.5736769E-012
5.22	3.3627760E-012
5.221	1.4015166E-012
5.222	2.0356067E-012
5.223	5.3642199E-012
5.224	1.1410576E-011
5.225	1.9579302E-011
5.226	3.0729905E-011
5.227	4.4294683E-011
5.228	6.0077325E-011
5.229	7.6790539E-011
5.23	9.6127280E-011
5.231	1.1681953E-010
5.232	1.3769498E-010
5.233	1.6002791E-010
5.234	1.8211437E-010
5.235	2.0363300E-010
5.236	2.2536543E-010
5.237	2.4609781E-010
5.238	2.6503219E-010
5.239	2.8188585E-010
5.24	2.9734806E-010
5.241	3.1026590E-010
5.242	3.2005801E-010
5.243	3.2710687E-010
5.244	3.3117281E-010
5.245	3.3182573E-010
5.246	3.2913525E-010
5.247	3.2329858E-010
5.248	3.1394004E-010
5.249	3.0129801E-010
5.25	2.8560240E-010
5.251	2.6785121E-010
5.252	2.4743324E-010
5.253	2.2459637E-010
5.254	2.0014153E-010
5.255	1.7461914E-010
5.256	1.4902965E-010
5.257	1.2404906E-010
5.258	9.8812576E-011
5.259	7.4928327E-011
5.26	5.3571737E-011
5.261	3.4554117E-011
5.262	1.9036236E-011
5.263	8.0725383E-012
5.264	1.4611354E-012
5.265	3.3838080E-013
5.266	5.2724682E-012
5.267	1.6907697E-011
5.268	3.5775629E-011
5.269	6.1772573E-011
5.27	9.6218318E-011
5.271	1.3729139E-010
5.272	1.8838262E-010
5.273	2.4823785E-010
5.274	3.1549238E-010
5.275	3.9268572E-010
5.276	4.7841714E-010
5.277	5.7235855E-010
5.278	6.7249450E-010
5.279	7.8197376E-010
5.28	8.9855678E-010
5.281	1.0217729E-009
5.282	1.1480425E-009
5.283	1.2816890E-009
5.284	1.4195070E-009
5.285	1.5603931E-009
5.286	1.6987410E-009
5.287	1.8461860E-009
5.288	1.9859447E-009
5.289	2.1355391E-009
5.29	2.2732081E-009
5.291	2.4103897E-009
5.292	2.5512581E-009
5.293	2.6776006E-009
5.294	2.8076059E-009
5.295	2.9235447E-009
5.296	3.0344822E-009
5.297	3.1360565E-009
5.298	3.2290366E-009
5.299	3.3118348E-009
5.3	3.3821905E-009
5.301	3.4428254E-009
5.302	3.4921241E-009
5.303	3.5285694E-009
5.304	3.5529348E-009
5.305	3.5653089E-009
5.306	3.5656358E-009
5.307	3.5529546E-009
5.308	3.5293426E-009
5.309	3.4921901E-009
5.31	3.4441758E-009
5.311	3.3823000E-009
5.312	3.3123004E-009
5.313	3.2323639E-009
5.314	3.1418252E-009
5.315	3.0437655E-009
5.316	2.9373175E-009
5.317	2.8251568E-009
5.318	2.7057081E-009
5.319	2.5756699E-009
5.32	2.4463873E-009
5.321	2.3158075E-009
5.322	2.1811486E-009
5.323	2.0443376E-009
5.324	1.9068866E-009
5.325	1.7703039E-009
5.326	1.6324290E-009
5.327	1.4988275E-009
5.328	1.3684346E-009
5.329	1.2414818E-009
5.33	1.1211093E-009
5.331	9.9925945E-010
5.332	8.8716490E-010
5.333	7.8112317E-010
5.334	6.8308559E-010
5.335	5.8989136E-010
5.336	5.0056831E-010
5.337	4.2171897E-010
5.338	3.5128958E-010
5.339	2.8668679E-010
5.34	2.2734316E-010
5.341	1.7736169E-010
5.342	1.3428848E-010
5.343	9.7329658E-011
5.344	6.7482277E-011
5.345	4.3752689E-011
5.346	2.5723108E-011
5.347	1.2825766E-011
5.348	5.0739560E-012
5.349	1.7301680E-012
5.35	2.4085660E-012
5.351	6.4553172E-012
5.352	1.3489662E-011
5.353	2.2969758E-011
5.354	3.4880310E-011
5.355	4.7620439E-011
5.356	6.1630548E-011
5.357	7.6819794E-011
5.358	9.1646621E-011
5.359	1.0602184E-010
5.36	1.2068291E-010
5.361	1.3393926E-010
5.362	1.4659542E-010
5.363	1.5743376E-010
5.364	1.6660870E-010
5.365	1.7460056E-010
5.366	1.8053228E-010
5.367	1.8462779E-010
5.368	1.8685341E-010
5.369	1.8725961E-010
5.37	1.8579054E-010
5.371	1.8268097E-010
5.372	1.7799630E-010
5.373	1.7154199E-010
5.374	1.6397149E-010
5.375	1.5491142E-010
5.376	1.4533803E-010
5.377	1.3448211E-010
5.378	1.2340298E-010
5.379	1.1196822E-010
5.38	1.0013492E-010
5.381	8.8545477E-011
5.382	7.6754325E-011
5.383	6.5782907E-011
5.384	5.5182428E-011
5.385	4.5478697E-011
5.386	3.6306274E-011
5.387	2.8426421E-011
5.388	2.1467914E-011
5.389	1.5742461E-011
5.39	1.1023698E-011
5.391	7.6673312E-012
5.392	5.4303320E-012
5.393	4.4589540E-012
5.394	4.5998092E-012
5.395	5.8149293E-012
5.396	8.1105947E-012
5.397	1.1175948E-011
5.398	1.5231283E-011
5.399	1.9838839E-011
5.4	2.5205955E-011
5.401	3.0708006E-011
5.402	3.6829748E-011
5.403	4.3122214E-011
5.404	4.9223146E-011
5.405	5.5331892E-011
5.406	6.1103657E-011
5.407	6.6736637E-011
5.408	7.1728429E-011
5.409	7.6275132E-011
5.41	8.0247080E-011
5.411	8.3371240E-011
5.412	8.5859479E-011
5.413	8.7503109E-011
5.414	8.8315577E-011
5.415	8.8351028E-011
5.416	8.7528679E-011
5.417	8.5988300E-011
5.418	8.3626724E-011
5.419	8.0670658E-011
5.42	7.6984516E-011
5.421	7.2790780E-011
5.422	6.8242446E-011
5.423	6.3139480E-011
5.424	5.7748757E-011
5.425	5.2469036E-011
5.426	4.6828041E-011
5.427	4.1207333E-011
5.428	3.5909355E-011
5.429	3.0732868E-011
5.43	2.5770650E-011
5.431	2.1204259E-011
5.432	1.7248583E-011
5.433	1.3730386E-011
5.434	1.0732392E-011
5.435	8.4335429E-012
5.436	6.6937384E-012
5.437	5.6362462E-012
5.438	5.2224115E-012
5.439	5.4681988E-012
5.44	6.3069923E-012
5.441	7.7336436E-012
5.442	9.7369257E-012
5.443	1.2240704E-011
5.444	1.5071545E-011
5.445	1.8300320E-011
5.446	2.1872304E-011
5.447	2.5653576E-011
5.448	2.9564792E-011
5.449	3.3295457E-011
5.45	3.7205811E-011
5.451	4.0993799E-011
5.452	4.4590897E-011
5.453	4.7837997E-011
5.454	5.0730014E-011
5.455	5.3340093E-011
5.456	5.5503938E-011
5.457	5.7168326E-011
5.458	5.8360324E-011
5.459	5.9019407E-011
5.46	5.9131998E-011
5.461	5.8746230E-011
5.462	5.7840673E-011
5.463	5.6420865E-011
5.464	5.4534204E-011
5.465	5.2268637E-011
5.466	4.9578237E-011
5.467	4.6560936E-011
5.468	4.3269190E-011
5.469	3.9975058E-011
5.47	3.6353413E-011
5.471	3.2668923E-011
5.472	2.8991155E-011
5.473	2.5439035E-011
5.474	2.1962571E-011
5.475	1.8679825E-011
5.476	1.5657857E-011
5.477	1.2988563E-011
5.478	1.0620876E-011
5.479	8.6459668E-012
5.48	7.0924369E-012
5.481	5.9958713E-012
5.482	5.3334997E-012
5.483	5.1252158E-012
5.484	5.3714247E-012
5.485	6.0400638E-012
5.486	7.1323294E-012
5.487	8.6108360E-012
5.488	1.0402180E-011
5.489	1.2530719E-011
5.49	1.4914129E-011
5.491	1.7497934E-011
5.492	2.0181148E-011
5.493	2.3006590E-011
5.494	2.5857146E-011
5.495	2.8674634E-011
5.496	3.1370944E-011
5.497	3.3962652E-011
5.498	3.6358781E-011
5.499	3.8521734E-011
5.5	4.0369222E-011
5.501	4.1932263E-011
5.502	4.3158532E-011
5.503	4.4009775E-011
5.504	4.4471045E-011
5.505	4.4566798E-011
5.506	4.4256938E-011
5.507	4.3538256E-011
5.508	4.2487049E-011
5.509	4.1084840E-011
5.51	3.9371090E-011
5.511	3.7381556E-011
5.512	3.5188095E-011
5.513	3.2758546E-011
5.514	3.0094694E-011
5.515	2.7420420E-011
5.516	2.4749846E-011
5.517	2.2038813E-011
5.518	1.9380031E-011
5.519	1.6867880E-011
5.52	1.4464562E-011
5.521	1.2250152E-011
5.522	1.0202620E-011
5.523	8.5245144E-012
5.524	7.1048892E-012
5.525	6.0050606E-012
5.526	5.2124078E-012
5.527	4.8006954E-012
5.528	4.7219663E-012
5.529	4.9779026E-012
5.53	5.5638892E-012
5.531	6.4773807E-012
5.532	7.6655184E-012
5.533	9.1109542E-012
5.534	1.0782175E-011
5.535	1.2606205E-011
5.536	1.4688790E-011
5.537	1.6802669E-011
5.538	1.8937248E-011
5.539	2.1126939E-011
5.54	2.3362250E-011
5.541	2.5451861E-011
5.542	2.7388522E-011
5.543	2.9267779E-011
5.544	3.0895935E-011
5.545	3.2293720E-011
5.546	3.3433634E-011
5.547	3.4348458E-011
5.548	3.4947135E-011
5.549	3.5247159E-011
5.55	3.5243339E-011
5.551	3.4941255E-011
5.552	3.4337047E-011
5.553	3.3425988E-011
5.554	3.2312583E-011
5.555	3.0930584E-011
5.556	2.9290102E-011
5.557	2.7553586E-011
5.558	2.5641440E-011
5.559	2.3549086E-011
5.56	2.1464712E-011
5.561	1.9314749E-011
5.562	1.7211154E-011
5.563	1.5160507E-011
5.564	1.3136265E-011
5.565	1.1335950E-011
5.566	9.6598562E-012
5.567	8.1210134E-012
5.568	6.8482403E-012
5.569	5.7951434E-012
5.57	5.0127133E-012
5.571	4.4776413E-012
5.572	4.2316606E-012
5.573	4.2449668E-012
5.574	4.5368835E-012
5.575	5.0747592E-012
5.576	5.8669315E-012
5.577	6.8673348E-012
5.578	8.1053558E-012
5.579	9.4765888E-012
5.58	1.1014710E-011
5.581	1.2628572E-011
5.582	1.4314638E-011
5.583	1.6072366E-011
5.584	1.7804409E-011
5.585	1.9562565E-011
5.586	2.1188240E-011
5.587	2.2751785E-011
5.588	2.4194993E-011
5.589	2.5435464E-011
5.59	2.6526528E-011
5.591	2.7356801E-011
5.592	2.8011591E-011
5.593	2.8414902E-011
5.594	2.8576913E-011
5.595	2.8503599E-011
5.596	2.8180800E-011
5.597	2.7632683E-011
5.598	2.6852588E-011
5.599	2.5887081E-011
5.6	2.4696563E-011
5.601	2.3342423E-011
5.602	2.1924141E-011
5.603	2.0312465E-011
5.604	1.8685557E-011
5.605	1.6985524E-011
5.606	1.5301947E-011
5.607	1.3579247E-011
5.608	1.1913625E-011
5.609	1.0408780E-011
5.61	8.9373300E-012
5.611	7.6060703E-012
5.612	6.4789276E-012
5.613	5.5120817E-012
5.614	4.7285838E-012
5.615	4.1756763E-012
5.616	3.8289077E-012
5.617	3.7007827E-012
5.618	3.7924286E-012
5.619	4.1050371E-012
5.62	4.6203002E-012
5.621	5.3095033E-012
5.622	6.1981306E-012
5.623	7.2508757E-012
5.624	8.3732864E-012
5.625	9.6600427E-012
5.626	1.1035293E-011
5.627	1.2381285E-011
5.628	1.3821545E-011
5.629	1.5254855E-011
5.63	1.6647052E-011
5.631	1.7908560E-011
5.632	1.9146185E-011
5.633	2.0267279E-011
5.634	2.1223552E-011
5.635	2.2017110E-011
5.636	2.2663524E-011
5.637	2.3120884E-011
5.638	2.3366586E-011
5.639	2.3435564E-011
5.64	2.3296715E-011
5.641	2.2960600E-011
5.642	2.2450349E-011
5.643	2.1770846E-011
5.644	2.0905498E-011
5.645	1.9907881E-011
5.646	1.8772279E-011
5.647	1.7525922E-011
5.648	1.6249864E-011
5.649	1.4894962E-011
5.65	1.3497104E-011
5.651	1.2094165E-011
5.652	1.0738894E-011
5.653	9.4611844E-012
5.654	8.2125435E-012
5.655	7.0630368E-012
5.656	6.0542678E-012
5.657	5.1659575E-012
5.658	4.4320702E-012
5.659	3.8655932E-012
5.66	3.4808450E-012
5.661	3.2708558E-012
5.662	3.2377792E-012
5.663	3.3791464E-012
5.664	3.6971216E-012
5.665	4.1832753E-012
5.666	4.8206374E-012
5.667	5.5820240E-012
5.668	6.4758763E-012
5.669	7.4730690E-012
5.67	8.5271122E-012
5.671	9.6586020E-012
5.672	1.0779379E-011
5.673	1.1989796E-011
5.674	1.3082212E-011
5.675	1.4196300E-011
5.676	1.5248075E-011
5.677	1.6201620E-011
5.678	1.7067688E-011
5.679	1.7813754E-011
5.68	1.8424005E-011
5.681	1.8885274E-011
5.682	1.9193846E-011
5.683	1.9343296E-011
5.684	1.9329394E-011
5.685	1.9154314E-011
5.686	1.8821328E-011
5.687	1.8334246E-011
5.688	1.7720417E-011
5.689	1.6968484E-011
5.69	1.6103060E-011
5.691	1.5158543E-011
5.692	1.4120930E-011
5.693	1.3025519E-011
5.694	1.1893711E-011
5.695	1.0733159E-011
5.696	9.5984219E-012
5.697	8.4938402E-012
5.698	7.4600629E-012
5.699	6.4760623E-012
5.7	5.5804328E-012
5.701	4.7905751E-012
5.702	4.1303757E-012
5.703	3.5863558E-012
5.704	3.1800229E-012
5.705	2.9225535E-012
5.706	2.8078269E-012
5.707	2.8422919E-012
5.708	3.0219091E-012
5.709	3.3356380E-012
5.71	3.7841267E-012
5.711	4.3501570E-012
5.712	5.0114509E-012
5.713	5.7754968E-012
5.714	6.6156156E-012
5.715	7.5438258E-012
5.716	8.4618484E-012
5.717	9.4141674E-012
5.718	1.0364782E-011
5.719	1.1277787E-011
5.72	1.2198530E-011
5.721	1.3030621E-011
5.722	1.3774794E-011
5.723	1.4442059E-011
5.724	1.5004185E-011
5.725	1.5469131E-011
5.726	1.5787791E-011
5.727	1.5986481E-011
5.728	1.6050994E-011
5.729	1.5985133E-011
5.73	1.5784297E-011
5.731	1.5459410E-011
5.732	1.5015071E-011
5.733	1.4463732E-011
5.734	1.3788247E-011
5.735	1.3043336E-011
5.736	1.2241676E-011
5.737	1.1371792E-011
5.738	1.0433621E-011
5.739	9.5017301E-012
5.74	8.5832686E-012
5.741	7.6628807E-012
5.742	6.7457875E-012
5.743	5.9189272E-012
5.744	5.1418110E-012
5.745	4.4198104E-012
5.746	3.8240834E-012
5.747	3.3157307E-012
5.748	2.9037209E-012
5.749	2.6226072E-012
5.75	2.4607527E-012
5.751	2.4172376E-012
5.752	2.4955324E-012
5.753	2.6842669E-012
5.754	3.0011681E-012
5.755	3.4083246E-012
5.756	3.9206915E-012
5.757	4.5067314E-012
5.758	5.1588382E-012
5.759	5.8929472E-012
5.76	6.6293399E-012
5.761	7.4051295E-012
5.762	8.2143797E-012
5.763	8.9730003E-012
5.764	9.7501555E-012
5.765	1.0460233E-011
5.766	1.1117601E-011
5.767	1.1718891E-011
5.768	1.2230405E-011
5.769	1.2671289E-011
5.77	1.2991348E-011
5.771	1.3225999E-011
5.772	1.3341729E-011
5.773	1.3349610E-011
5.774	1.3248469E-011
5.775	1.3041882E-011
5.776	1.2722161E-011
5.777	1.2321690E-011
5.778	1.1816684E-011
5.779	1.1246372E-011
5.78	1.0597650E-011
5.781	9.9092332E-012
5.782	9.1544819E-012
5.783	8.4126308E-012
5.784	7.6176140E-012
5.785	6.8540117E-012
5.786	6.0816560E-012
5.787	5.3805463E-012
5.788	4.6877164E-012
5.789	4.0750363E-012
5.79	3.5211868E-012
5.791	3.0538918E-012
5.792	2.6601696E-012
5.793	2.3672370E-012
5.794	2.1752561E-012
5.795	2.0807045E-012
5.796	2.0873958E-012
5.797	2.1920115E-012
5.798	2.3895744E-012
5.799	2.6859283E-012
5.8	3.0626378E-012
5.801	3.5048802E-012
5.802	4.0287140E-012
5.803	4.5787514E-012
5.804	5.1959717E-012
5.805	5.8453888E-012
5.806	6.4748953E-012
5.807	7.1410039E-012
5.808	7.7711336E-012
5.809	8.3966419E-012
5.81	8.9759667E-012
5.811	9.4990222E-012
5.812	9.9748395E-012
5.813	1.0372886E-011
5.814	1.0691987E-011
5.815	1.0935957E-011
5.816	1.1087639E-011
5.817	1.1147879E-011
5.818	1.1119462E-011
5.819	1.0994695E-011
5.82	1.0792196E-011
5.821	1.0498906E-011
5.822	1.0122000E-011
5.823	9.6977521E-012
5.824	9.1876229E-012
5.825	8.6259827E-012
5.826	8.0323023E-012
5.827	7.4199683E-012
5.828	6.7702610E-012
5.829	6.1264873E-012
5.83	5.4777736E-012
5.831	4.8707119E-012
5.832	4.2756098E-012
5.833	3.7315320E-012
5.834	3.2468028E-012
5.835	2.8068472E-012
5.836	2.4431613E-012
5.837	2.1487139E-012
5.838	1.9358673E-012
5.839	1.8091337E-012
5.84	1.7645210E-012
5.841	1.8017517E-012
5.842	1.9210590E-012
5.843	2.1217565E-012
5.844	2.3960968E-012
5.845	2.7268342E-012
5.846	3.1206671E-012
5.847	3.5720615E-012
5.848	4.0656983E-012
5.849	4.5802208E-012
5.85	5.1043991E-012
5.851	5.6557480E-012
5.852	6.1938826E-012
5.853	6.7268136E-012
5.854	7.2331663E-012
5.855	7.6989248E-012
5.856	8.1108722E-012
5.857	8.4984693E-012
5.858	8.7943567E-012
5.859	9.0422487E-012
5.86	9.2143411E-012
5.861	9.3150600E-012
5.862	9.3408475E-012
5.863	9.2842964E-012
5.864	9.1534193E-012
5.865	8.9525696E-012
5.866	8.6793203E-012
5.867	8.3443061E-012
5.868	7.9724604E-012
5.869	7.5331052E-012
5.87	7.0542578E-012
5.871	6.5518554E-012
5.872	6.0207555E-012
5.873	5.4782867E-012
5.874	4.9462643E-012
5.875	4.4129531E-012
5.876	3.9004832E-012
5.877	3.4179597E-012
5.878	2.9811949E-012
5.879	2.5832442E-012
5.88	2.2405701E-012
5.881	1.9608026E-012
5.882	1.7401738E-012
5.883	1.5877358E-012
5.884	1.5062149E-012
5.885	1.4939685E-012
5.886	1.5509689E-012
5.887	1.6740258E-012
5.888	1.8633842E-012
5.889	2.1121698E-012
5.89	2.4094548E-012
5.891	2.7586375E-012
5.892	3.1477605E-012
5.893	3.5752408E-012
5.894	4.0181161E-012
5.895	4.4746659E-012
5.896	4.9268385E-012
5.897	5.3808893E-012
5.898	5.8176632E-012
5.899	6.2310968E-012
5.9	6.6058604E-012
5.901	6.9473949E-012
5.902	7.2424215E-012
5.903	7.4817218E-012
5.904	7.6660475E-012
5.905	7.7959054E-012
5.906	7.8561472E-012
5.907	7.8532614E-012
5.908	7.7855960E-012
5.909	7.6582360E-012
5.91	7.4689907E-012
5.911	7.2249580E-012
5.912	6.9237606E-012
5.913	6.5803894E-012
5.914	6.2023459E-012
5.915	5.7979121E-012
5.916	5.3638244E-012
5.917	4.9154365E-012
5.918	4.4532733E-012
5.919	4.0012373E-012
5.92	3.5611410E-012
5.921	3.1468805E-012
5.922	2.7523775E-012
5.923	2.3807323E-012
5.924	2.0624962E-012
5.925	1.7948460E-012
5.926	1.5744309E-012
5.927	1.4023238E-012
5.928	1.2970414E-012
5.929	1.2467222E-012
5.93	1.2563468E-012
5.931	1.3252385E-012
5.932	1.4490542E-012
5.933	1.6253730E-012
5.934	1.8462278E-012
5.935	2.1234462E-012
5.936	2.4301032E-012
5.937	2.7618580E-012
5.938	3.1352321E-012
5.939	3.5129191E-012
5.94	3.8932134E-012
5.941	4.2805113E-012
5.942	4.6727075E-012
5.943	5.0309782E-012
5.944	5.3728749E-012
5.945	5.6955226E-012
5.946	5.9685690E-012
5.947	6.2054268E-012
5.948	6.4039048E-012
5.949	6.5441424E-012
5.95	6.6332729E-012
5.951	6.6718792E-012
5.952	6.6529312E-012
5.953	6.5837184E-012
5.954	6.4560111E-012
5.955	6.2837348E-012
5.956	6.0565810E-012
5.957	5.7958729E-012
5.958	5.5025754E-012
5.959	5.1634174E-012
5.96	4.8084379E-012
5.961	4.4305089E-012
5.962	4.0481624E-012
5.963	3.6625451E-012
5.964	3.2753310E-012
5.965	2.9049033E-012
5.966	2.5414716E-012
5.967	2.2200438E-012
5.968	1.9142379E-012
5.969	1.6540189E-012
5.97	1.4340705E-012
5.971	1.2556308E-012
5.972	1.1276209E-012
5.973	1.0460851E-012
5.974	1.0180048E-012
5.975	1.0404971E-012
5.976	1.1119922E-012
5.977	1.2322124E-012
5.978	1.3945520E-012
5.979	1.6047749E-012
5.98	1.8405002E-012
5.981	2.1200162E-012
5.982	2.4157345E-012
5.983	2.7362919E-012
5.984	3.0647516E-012
5.985	3.4083333E-012
5.986	3.7359590E-012
5.987	4.0712295E-012
5.988	4.3825013E-012
5.989	4.6769528E-012
5.99	4.9503401E-012
5.991	5.1824127E-012
5.992	5.3830456E-012
5.993	5.5392088E-012
5.994	5.6563582E-012
5.995	5.7250949E-012
5.996	5.7478978E-012
5.997	5.7236399E-012
5.998	5.6523597E-012
5.999	5.5344362E-012
6	5.3767030E-012
6.001	5.1751845E-012
6.002	4.9356300E-012
6.003	4.6703080E-012
6.004	4.3763539E-012
6.005	4.0666732E-012
6.006	3.7305714E-012
6.007	3.3921923E-012
6.008	3.0472064E-012
6.009	2.7230208E-012
6.01	2.3927427E-012
6.011	2.0907028E-012
6.012	1.8060663E-012
6.013	1.5446923E-012
6.014	1.3243701E-012
6.015	1.1368767E-012
6.016	9.8726073E-013
6.017	8.8317607E-013
6.018	8.2204648E-013
6.019	8.0586861E-013
6.02	8.3594595E-013
6.021	9.0622675E-013
6.022	1.0222967E-012
6.023	1.1794196E-012
6.024	1.3635522E-012
6.025	1.5890389E-012
6.026	1.8430303E-012
6.027	2.1154406E-012
6.028	2.3988261E-012
6.029	2.7027451E-012
6.03	3.0084817E-012
6.031	3.3166532E-012
6.032	3.6067176E-012
6.033	3.8894708E-012
6.034	4.1575046E-012
6.035	4.3999817E-012
6.036	4.6110598E-012
6.037	4.7852802E-012
6.038	4.9294184E-012
6.039	5.0311430E-012
6.04	5.0915921E-012
6.041	5.1107716E-012
6.042	5.0859989E-012
6.043	5.0187753E-012
6.044	4.9077452E-012
6.045	4.7600929E-012
6.046	4.5746892E-012
6.047	4.3542730E-012
6.048	4.1169208E-012
6.049	3.8441477E-012
6.05	3.5520796E-012
6.051	3.2520080E-012
6.052	2.9387753E-012
6.053	2.6246861E-012
6.054	2.3195914E-012
6.055	2.0201501E-012
6.056	1.7499635E-012
6.057	1.4868296E-012
6.058	1.2500597E-012
6.059	1.0477753E-012
6.06	8.7685951E-013
6.061	7.4366538E-013
6.062	6.5207551E-013
6.063	6.0130698E-013
6.064	5.9326020E-013
6.065	6.2833175E-013
6.066	7.0548824E-013
6.067	8.2319926E-013
6.068	9.7042925E-013
6.069	1.1671105E-012
6.07	1.3815139E-012
6.071	1.6261547E-012
6.072	1.8963427E-012
6.073	2.1834763E-012
6.074	2.4772489E-012
6.075	2.7806078E-012
6.076	3.0839446E-012
6.077	3.3754679E-012
6.078	3.6595883E-012
6.079	3.9262317E-012
6.08	4.1656813E-012
6.081	4.3807180E-012
6.082	4.5609944E-012
6.083	4.7081332E-012
6.084	4.8167846E-012
6.085	4.8825579E-012
6.086	4.9069425E-012
6.087	4.8861648E-012
6.088	4.8249833E-012
6.089	4.7195173E-012
6.09	4.5733751E-012
6.091	4.3938984E-012
6.092	4.1767484E-012
6.093	3.9300178E-012
6.094	3.6619258E-012
6.095	3.3694800E-012
6.096	3.0617572E-012
6.097	2.7500393E-012
6.098	2.4303643E-012
6.099	2.1085095E-012
6.1	1.8024774E-012
6.101	1.5118572E-012
6.102	1.2474069E-012
6.103	1.0055475E-012
6.104	7.9561477E-013
6.105	6.2483205E-013
6.106	4.9149443E-013
6.107	3.9978638E-013
6.108	3.5778498E-013
6.109	3.6231177E-013
6.11	4.1521130E-013
6.111	5.1358657E-013
6.112	6.5990442E-013
6.113	8.5775565E-013
6.114	1.0876927E-012
6.115	1.3592174E-012
6.116	1.6588676E-012
6.117	1.9919994E-012
6.118	2.3596452E-012
6.119	2.7258282E-012
6.12	3.1078202E-012
6.121	3.4929464E-012
6.122	3.8668569E-012
6.123	4.2480490E-012
6.124	4.5986808E-012
6.125	4.9185820E-012
6.126	5.2127868E-012
6.127	5.4762583E-012
6.128	5.6859738E-012
6.129	5.8501645E-012
6.13	5.9627850E-012
6.131	6.0240255E-012
6.132	6.0259341E-012
6.133	5.9718168E-012
6.134	5.8599779E-012
6.135	5.6856377E-012
6.136	5.4651058E-012
6.137	5.1923374E-012
6.138	4.8628046E-012
6.139	4.5086317E-012
6.14	4.1153088E-012
6.141	3.6816032E-012
6.142	3.2505012E-012
6.143	2.8039467E-012
6.144	2.3506158E-012
6.145	1.9162122E-012
6.146	1.5037782E-012
6.147	1.1181546E-012
6.148	7.8159555E-013
6.149	4.9961999E-013
6.15	2.7929937E-013
6.151	1.3766787E-013
6.152	8.0682260E-014
6.153	1.1846028E-013
6.154	2.5809815E-013
6.155	5.1150013E-013
6.156	8.7671379E-013
6.157	1.3798274E-012
6.158	1.9826220E-012
6.159	2.7202626E-012
6.16	3.6159563E-012
6.161	4.5945123E-012
6.162	5.7529970E-012
6.163	6.9984309E-012
6.164	8.3392416E-012
6.165	9.8625188E-012
6.166	1.1439927E-011
6.167	1.3146389E-011
6.168	1.4906746E-011
6.169	1.6773301E-011
6.17	1.8674316E-011
6.171	2.0685698E-011
6.172	2.2637203E-011
6.173	2.4708362E-011
6.174	2.6725389E-011
6.175	2.8757201E-011
6.176	3.0739529E-011
6.177	3.2703455E-011
6.178	3.4584446E-011
6.179	3.6454905E-011
6.18	3.8150653E-011
6.181	3.9832918E-011
6.182	4.1345104E-011
6.183	4.2758488E-011
6.184	4.4011191E-011
6.185	4.5149846E-011
6.186	4.6103239E-011
6.187	4.6916821E-011
6.188	4.7529727E-011
6.189	4.7994955E-011
6.19	4.8283069E-011
6.191	4.8380452E-011
6.192	4.8304329E-011
6.193	4.8058862E-011
6.194	4.7636072E-011
6.195	4.7018556E-011
6.196	4.6269221E-011
6.197	4.5347344E-011
6.198	4.4282883E-011
6.199	4.3079030E-011
6.2	4.1715548E-011
6.201	4.0275751E-011
6.202	3.8715031E-011
6.203	3.7090976E-011
6.204	3.5330829E-011
6.205	3.3528201E-011
6.206	3.1654096E-011
6.207	2.9825545E-011
6.208	2.7887255E-011
6.209	2.5999010E-011
6.21	2.4081988E-011
6.211	2.2160017E-011
6.212	2.0323474E-011
6.213	1.8497388E-011
6.214	1.6703040E-011
6.215	1.4992887E-011
6.216	1.3381797E-011
6.217	1.1802402E-011
6.218	1.0332167E-011
6.219	8.9770335E-012
6.22	7.6791386E-012
6.221	6.5020142E-012
6.222	5.4126087E-012
6.223	4.4775221E-012
6.224	3.6007434E-012
6.225	2.8330918E-012
6.226	2.1808846E-012
6.227	1.6366136E-012
6.228	1.1735143E-012
6.229	8.1067992E-013
6.23	5.3160888E-013
6.231	3.4365379E-013
6.232	2.2236865E-013
6.233	1.7175475E-013
6.234	1.8398746E-013
6.235	2.4873764E-013
6.236	3.6313652E-013
6.237	5.1525711E-013
6.238	7.0237598E-013
6.239	9.1121425E-013
6.24	1.1412976E-012
6.241	1.3823993E-012
6.242	1.6158067E-012
6.243	1.8599349E-012
6.244	2.0955531E-012
6.245	2.3157509E-012
6.246	2.5229239E-012
6.247	2.7002636E-012
6.248	2.8627805E-012
6.249	2.9998239E-012
6.25	3.1052908E-012
6.251	3.1841541E-012
6.252	3.2323835E-012
6.253	3.2495046E-012
6.254	3.2372369E-012
6.255	3.1970511E-012
6.256	3.1289819E-012
6.257	3.0386180E-012
6.258	2.9251000E-012
6.259	2.7892732E-012
6.26	2.6365579E-012
6.261	2.4718140E-012
6.262	2.2936171E-012
6.263	2.1116284E-012
6.264	1.9219275E-012
6.265	1.7316337E-012
6.266	1.5461836E-012
6.267	1.3635062E-012
6.268	1.1915872E-012
6.269	1.0279010E-012
6.27	8.7745078E-013
6.271	7.4405472E-013
6.272	6.2556844E-013
6.273	5.2524624E-013
6.274	4.4514498E-013
6.275	3.8338785E-013
6.276	3.4232090E-013
6.277	3.2002287E-013
6.278	3.1716646E-013
6.279	3.3260588E-013
6.28	3.6531745E-013
6.281	4.1332880E-013
6.282	4.7652458E-013
6.283	5.5193914E-013
6.284	6.3665013E-013
6.285	7.3062552E-013
6.286	8.3095905E-013
6.287	9.3357808E-013
6.288	1.0393544E-012
6.289	1.1429964E-012
6.29	1.2453945E-012
6.291	1.3431340E-012
6.292	1.4359793E-012
6.293	1.5182821E-012
6.294	1.5897265E-012
6.295	1.6507131E-012
6.296	1.6999281E-012
6.297	1.7352920E-012
6.298	1.7580466E-012
6.299	1.7667098E-012
6.3	1.7616867E-012
6.301	1.7433381E-012
6.302	1.7115159E-012
6.303	1.6676166E-012
6.304	1.6119484E-012
6.305	1.5477081E-012
6.306	1.4734403E-012
6.307	1.3902373E-012
6.308	1.3025721E-012
6.309	1.2108577E-012
6.31	1.1180115E-012
6.311	1.0229723E-012
6.312	9.2998677E-013
6.313	8.3543741E-013
6.314	7.4764088E-013
6.315	6.6654549E-013
6.316	5.9114465E-013
6.317	5.2376473E-013
6.318	4.6432178E-013
6.319	4.1580408E-013
6.32	3.7824767E-013
6.321	3.5079855E-013
6.322	3.3398853E-013
6.323	3.2892211E-013
6.324	3.3454313E-013
6.325	3.5010319E-013
6.326	3.7673434E-013
6.327	4.1160963E-013
6.328	4.5385375E-013
6.329	5.0375990E-013
6.33	5.6059134E-013
6.331	6.2137041E-013
6.332	6.8519702E-013
6.333	7.5212525E-013
6.334	8.1845636E-013
6.335	8.8314843E-013
6.336	9.4857921E-013
6.337	1.0086051E-012
6.338	1.0630912E-012
6.339	1.1132034E-012
6.34	1.1572732E-012
6.341	1.1935739E-012
6.342	1.2215009E-012
6.343	1.2410057E-012
6.344	1.2519519E-012
6.345	1.2535851E-012
6.346	1.2460871E-012
6.347	1.2302713E-012
6.348	1.2053624E-012
6.349	1.1726849E-012
6.35	1.1331609E-012
6.351	1.0866722E-012
6.352	1.0348543E-012
6.353	9.7791133E-013
6.354	9.1850431E-013
6.355	8.5626818E-013
6.356	7.9208845E-013
6.357	7.2876178E-013
6.358	6.6546546E-013
6.359	6.0529522E-013
6.36	5.4694026E-013
6.361	4.9498058E-013
6.362	4.4732601E-013
6.363	4.0472603E-013
6.364	3.6922058E-013
6.365	3.3994392E-013
6.366	3.1923376E-013
6.367	3.0532288E-013
6.368	2.9957983E-013
6.369	3.0157647E-013
6.37	3.1075530E-013
6.371	3.2739661E-013
6.372	3.5041807E-013
6.373	3.7963537E-013
6.374	4.1394947E-013
6.375	4.5317160E-013
6.376	4.9542288E-013
6.377	5.4180071E-013
6.378	5.8789361E-013
6.379	6.3685347E-013
6.38	6.8330947E-013
6.381	7.3110262E-013
6.382	7.7511662E-013
6.383	8.1668092E-013
6.384	8.5393698E-013
6.385	8.8707009E-013
6.386	9.1533649E-013
6.387	9.3713481E-013
6.388	9.5296188E-013
6.389	9.6233503E-013
6.39	9.6508392E-013
6.391	9.6140359E-013
6.392	9.5079988E-013
6.393	9.3411140E-013
6.394	9.1174865E-013
6.395	8.8349754E-013
6.396	8.5065147E-013
6.397	8.1247758E-013
6.398	7.7132967E-013
6.399	7.2782036E-013
6.4	6.8180910E-013
6.401	6.3396890E-013
6.402	5.8719582E-013
6.403	5.4034338E-013
6.404	4.9409419E-013
6.405	4.5231456E-013
6.406	4.1149392E-013
6.407	3.7442084E-013
6.408	3.4325846E-013
6.409	3.1544580E-013
6.41	2.9329341E-013
6.411	2.7689640E-013
6.412	2.6602085E-013
6.413	2.6094811E-013
6.414	2.6177622E-013
6.415	2.6816101E-013
6.416	2.8030535E-013
6.417	2.9726235E-013
6.418	3.1862645E-013
6.419	3.4487381E-013
6.42	3.7421040E-013
6.421	4.0720335E-013
6.422	4.4039783E-013
6.423	4.7674196E-013
6.424	5.1390858E-013
6.425	5.5026074E-013
6.426	5.8632726E-013
6.427	6.1930317E-013
6.428	6.5151584E-013
6.429	6.8085961E-013
6.43	7.0612732E-013
6.431	7.2723088E-013
6.432	7.4434306E-013
6.433	7.5695873E-013
6.434	7.6409934E-013
6.435	7.6659523E-013
6.436	7.6361828E-013
6.437	7.5598008E-013
6.438	7.4306024E-013
6.439	7.2570715E-013
6.44	7.0370402E-013
6.441	6.7787746E-013
6.442	6.4994586E-013
6.443	6.1781624E-013
6.444	5.8413859E-013
6.445	5.4806523E-013
6.446	5.1172440E-013
6.447	4.7471581E-013
6.448	4.3815393E-013
6.449	4.0323308E-013
6.45	3.7036035E-013
6.451	3.3948075E-013
6.452	3.1085339E-013
6.453	2.8581098E-013
6.454	2.6472585E-013
6.455	2.4744050E-013
6.456	2.3483383E-013
6.457	2.2647417E-013
6.458	2.2274776E-013
6.459	2.2362061E-013
6.46	2.2870402E-013
6.461	2.3843048E-013
6.462	2.5167281E-013
6.463	2.6923198E-013
6.464	2.8906849E-013
6.465	3.1237640E-013
6.466	3.3745248E-013
6.467	3.6470496E-013
6.468	3.9253949E-013
6.469	4.2136859E-013
6.47	4.4961552E-013
6.471	4.7769753E-013
6.472	5.0442636E-013
6.473	5.2902100E-013
6.474	5.5161979E-013
6.475	5.7120416E-013
6.476	5.8785908E-013
6.477	6.0111611E-013
6.478	6.1043260E-013
6.479	6.1588159E-013
6.48	6.1728850E-013
6.481	6.1475223E-013
6.482	6.0810645E-013
6.483	5.9753797E-013
6.484	5.8349300E-013
6.485	5.6609611E-013
6.486	5.4558197E-013
6.487	5.2266676E-013
6.488	4.9731307E-013
6.489	4.7050216E-013
6.49	4.4233231E-013
6.491	4.1344746E-013
6.492	3.8381641E-013
6.493	3.5511462E-013
6.494	3.2797305E-013
6.495	3.0162900E-013
6.496	2.7760574E-013
6.497	2.5556472E-013
6.498	2.3611701E-013
6.499	2.1990711E-013
6.5	2.0670890E-013
6.501	1.9690999E-013
6.502	1.9080232E-013
6.503	1.8837801E-013
6.504	1.8951305E-013
6.505	1.9416382E-013
6.506	2.0201771E-013
6.507	2.1345186E-013
6.508	2.2718992E-013
6.509	2.4363652E-013
6.51	2.6198249E-013
6.511	2.8226431E-013
6.512	3.0456605E-013
6.513	3.2659978E-013
6.514	3.4935737E-013
6.515	3.7170066E-013
6.516	3.9363678E-013
6.517	4.1488988E-013
6.518	4.3415293E-013
6.519	4.5176322E-013
6.52	4.6680991E-013
6.521	4.7995565E-013
6.522	4.8953322E-013
6.523	4.9637264E-013
6.524	5.0021543E-013
6.525	5.0069096E-013
6.526	4.9820743E-013
6.527	4.9242451E-013
6.528	4.8326431E-013
6.529	4.7163776E-013
6.53	4.5733317E-013
6.531	4.4084999E-013
6.532	4.2161622E-013
6.533	4.0114900E-013
6.534	3.7980703E-013
6.535	3.5662665E-013
6.536	3.3396362E-013
6.537	3.1092604E-013
6.538	2.8792008E-013
6.539	2.6606877E-013
6.54	2.4544600E-013
6.541	2.2603687E-013
6.542	2.0893663E-013
6.543	1.9417756E-013
6.544	1.8116661E-013
6.545	1.7145459E-013
6.546	1.6406193E-013
6.547	1.5985004E-013
6.548	1.5841357E-013
6.549	1.5990999E-013
6.55	1.6407025E-013
6.551	1.7107233E-013
6.552	1.8022854E-013
6.553	1.9168766E-013
6.554	2.0534492E-013
6.555	2.2042368E-013
6.556	2.3733383E-013
6.557	2.5440059E-013
6.558	2.7229412E-013
6.559	2.9065251E-013
6.56	3.0842191E-013
6.561	3.2600769E-013
6.562	3.4234003E-013
6.563	3.5787538E-013
6.564	3.7121304E-013
6.565	3.8330374E-013
6.566	3.9269101E-013
6.567	4.0024256E-013
6.568	4.0515348E-013
6.569	4.0768606E-013
6.57	4.0756504E-013
6.571	4.0475061E-013
6.572	3.9956404E-013
6.573	3.9183817E-013
6.574	3.8195125E-013
6.575	3.6991325E-013
6.576	3.5609449E-013
6.577	3.4068877E-013
6.578	3.2372569E-013
6.579	3.0638182E-013
6.58	2.8834327E-013
6.581	2.6943660E-013
6.582	2.5072484E-013
6.583	2.3278880E-013
6.584	2.1530098E-013
6.585	1.9907112E-013
6.586	1.8395101E-013
6.587	1.7055477E-013
6.588	1.5886969E-013
6.589	1.4900276E-013
6.59	1.4155796E-013
6.591	1.3632404E-013
6.592	1.3336665E-013
6.593	1.3272631E-013
6.594	1.3444608E-013
6.595	1.3833382E-013
6.596	1.4424708E-013
6.597	1.5220603E-013
6.598	1.6175886E-013
6.599	1.7316687E-013
6.6	1.8566318E-013
6.601	1.9894631E-013
6.602	2.1307489E-013
6.603	2.2781923E-013
6.604	2.4199810E-013
6.605	2.5662342E-013
6.606	2.7044784E-013
6.607	2.8325543E-013
6.608	2.9542013E-013
6.609	3.0604404E-013
6.61	3.1527426E-013
6.611	3.2238372E-013
6.612	3.2796617E-013
6.613	3.3140461E-013
6.614	3.3283613E-013
6.615	3.3211332E-013
6.616	3.2945055E-013
6.617	3.2460205E-013
6.618	3.1803805E-013
6.619	3.0955878E-013
6.62	2.9943365E-013
6.621	2.8817920E-013
6.622	2.7550786E-013
6.623	2.6163110E-013
6.624	2.4722672E-013
6.625	2.3226053E-013
6.626	2.1766881E-013
6.627	2.0255522E-013
6.628	1.8783861E-013
6.629	1.7405290E-013
6.63	1.6090823E-013
6.631	1.4940817E-013
6.632	1.3874968E-013
6.633	1.2975145E-013
6.634	1.2228756E-013
6.635	1.1669498E-013
6.636	1.1292515E-013
6.637	1.1096833E-013
6.638	1.1092113E-013
6.639	1.1270403E-013
6.64	1.1623389E-013
6.641	1.2153296E-013
6.642	1.2827075E-013
6.643	1.3620215E-013
6.644	1.4541161E-013
6.645	1.5581243E-013
6.646	1.6676219E-013
6.647	1.7834445E-013
6.648	1.9000373E-013
6.649	2.0188396E-013
6.65	2.1351107E-013
6.651	2.2446953E-013
6.652	2.3488386E-013
6.653	2.4387905E-013
6.654	2.5245360E-013
6.655	2.5917021E-013
6.656	2.6480218E-013
6.657	2.6887084E-013
6.658	2.7127633E-013
6.659	2.7193203E-013
6.66	2.7099669E-013
6.661	2.6838834E-013
6.662	2.6416494E-013
6.663	2.5838690E-013
6.664	2.5127269E-013
6.665	2.4277723E-013
6.666	2.3328415E-013
6.667	2.2268000E-013
6.668	2.1154030E-013
6.669	1.9968750E-013
6.67	1.8772339E-013
6.671	1.7550346E-013
6.672	1.6361379E-013
6.673	1.5187450E-013
6.674	1.4074646E-013
6.675	1.3051839E-013
6.676	1.2106776E-013
6.677	1.1295518E-013
6.678	1.0592448E-013
6.679	1.0030217E-013
6.68	9.6041535E-014
6.681	9.3367893E-014
6.682	9.2129531E-014
6.683	9.2432003E-014
6.684	9.4260774E-014
6.685	9.7447149E-014
6.686	1.0197871E-013
6.687	1.0776228E-013
6.688	1.1453711E-013
6.689	1.2229726E-013
6.69	1.3064314E-013
6.691	1.3969499E-013
6.692	1.4892764E-013
6.693	1.5875536E-013
6.694	1.6809725E-013
6.695	1.7739463E-013
6.696	1.8609701E-013
6.697	1.9426743E-013
6.698	2.0157241E-013
6.699	2.0806795E-013
6.7	2.1344653E-013
6.701	2.1773112E-013
6.702	2.2064338E-013
6.703	2.2219634E-013
6.704	2.2246533E-013
6.705	2.2135830E-013
6.706	2.1886751E-013
6.707	2.1518914E-013
6.708	2.1022560E-013
6.709	2.0423129E-013
6.71	1.9694970E-013
6.711	1.8909116E-013
6.712	1.8037994E-013
6.713	1.7126503E-013
6.714	1.6161919E-013
6.715	1.5165260E-013
6.716	1.4177137E-013
6.717	1.3205920E-013
6.718	1.2283680E-013
6.719	1.1371192E-013
6.72	1.0566775E-013
6.721	9.8275751E-014
6.722	9.1725808E-014
6.723	8.6305976E-014
6.724	8.2036374E-014
6.725	7.8888617E-014
6.726	7.6975203E-014
6.727	7.6245806E-014
6.728	7.6762835E-014
6.729	7.8454739E-014
6.73	8.1323464E-014
6.731	8.5228232E-014
6.732	9.0046663E-014
6.733	9.5876926E-014
6.734	1.0229189E-013
6.735	1.0913942E-013
6.736	1.1674900E-013
6.737	1.2427235E-013
6.738	1.3198111E-013
6.739	1.3973081E-013
6.74	1.4717649E-013
6.741	1.5407743E-013
6.742	1.6078604E-013
6.743	1.6650362E-013
6.744	1.7171036E-013
6.745	1.7583420E-013
6.746	1.7900220E-013
6.747	1.8117115E-013
6.748	1.8226178E-013
6.749	1.8219923E-013
6.75	1.8107897E-013
6.751	1.7891003E-013
6.752	1.7558916E-013
6.753	1.7141591E-013
6.754	1.6617050E-013
6.755	1.6026052E-013
6.756	1.5357953E-013
6.757	1.4638333E-013
6.758	1.3870532E-013
6.759	1.3088215E-013
6.76	1.2296129E-013
6.761	1.1478104E-013
6.762	1.0706946E-013
6.763	9.9299231E-014
6.764	9.2327127E-014
6.765	8.5613855E-014
6.766	7.9816904E-014
6.767	7.4590988E-014
6.768	7.0393608E-014
6.769	6.6952290E-014
6.77	6.4633127E-014
6.771	6.3202122E-014
6.772	6.2833616E-014
6.773	6.3443418E-014
6.774	6.5030236E-014
6.775	6.7515722E-014
6.776	7.0872731E-014
6.777	7.4994949E-014
6.778	7.9793207E-014
6.779	8.5094272E-014
6.78	9.0989980E-014
6.781	9.7117545E-014
6.782	1.0335314E-013
6.783	1.0954835E-013
6.784	1.1593551E-013
6.785	1.2201900E-013
6.786	1.2764644E-013
6.787	1.3290984E-013
6.788	1.3768847E-013
6.789	1.4164001E-013
6.79	1.4497275E-013
6.791	1.4745658E-013
6.792	1.4905431E-013
6.793	1.4979282E-013
6.794	1.4959213E-013
6.795	1.4852094E-013
6.796	1.4647235E-013
6.797	1.4372798E-013
6.798	1.4009342E-013
6.799	1.3575511E-013
6.8	1.3084000E-013
6.801	1.2530653E-013
6.802	1.1922277E-013
6.803	1.1304061E-013
6.804	1.0644314E-013
6.805	9.9807654E-014
6.806	9.3305172E-014
6.807	8.6833982E-014
6.808	8.0564543E-014
6.809	7.4738941E-014
6.81	6.9476583E-014
6.811	6.4720324E-014
6.812	6.0537052E-014
6.813	5.7215829E-014
6.814	5.4526418E-014
6.815	5.2665480E-014
6.816	5.1619160E-014
6.817	5.1433114E-014
6.818	5.2045523E-014
6.819	5.3468697E-014
6.82	5.5657502E-014
6.821	5.8456827E-014
6.822	6.1945417E-014
6.823	6.6027634E-014
6.824	7.0484708E-014
6.825	7.5374731E-014
6.826	8.0302904E-014
6.827	8.5593581E-014
6.828	9.0815295E-014
6.829	9.6018456E-014
6.83	1.0100958E-013
6.831	1.0562826E-013
6.832	1.0991722E-013
6.833	1.1380045E-013
6.834	1.1708345E-013
6.835	1.1979698E-013
6.836	1.2175977E-013
6.837	1.2304377E-013
6.838	1.2353753E-013
6.839	1.2333414E-013
6.84	1.2233511E-013
6.841	1.2067303E-013
6.842	1.1825255E-013
6.843	1.1517186E-013
6.844	1.1153718E-013
6.845	1.0732838E-013
6.846	1.0286901E-013
6.847	9.7821287E-014
6.848	9.2577238E-014
6.849	8.7101299E-014
6.85	8.1645363E-014
6.851	7.6123888E-014
6.852	7.0756416E-014
6.853	6.5601970E-014
6.854	6.0803657E-014
6.855	5.6341698E-014
6.856	5.2429008E-014
6.857	4.9008676E-014
6.858	4.6240481E-014
6.859	4.4053547E-014
6.86	4.2575440E-014
6.861	4.1774103E-014
6.862	4.1657206E-014
6.863	4.2239961E-014
6.864	4.3466380E-014
6.865	4.5330639E-014
6.866	4.7749968E-014
6.867	5.0730745E-014
6.868	5.4088614E-014
6.869	5.7903118E-014
6.87	6.1964580E-014
6.871	6.6280952E-014
6.872	7.0650273E-014
6.873	7.5097480E-014
6.874	7.9423610E-014
6.875	8.3656836E-014
6.876	8.7587869E-014
6.877	9.1246733E-014
6.878	9.4448361E-014
6.879	9.7244160E-014
6.88	9.9467994E-014
6.881	1.0119085E-013
6.882	1.0224134E-013
6.883	1.0274476E-013
6.884	1.0256036E-013
6.885	1.0176067E-013
6.886	1.0033342E-013
6.887	9.8319105E-014
6.888	9.5781280E-014
6.889	9.2703019E-014
6.89	8.9203472E-014
6.891	8.5289401E-014
6.892	8.1120244E-014
6.893	7.6609251E-014
6.894	7.1973996E-014
6.895	6.7340651E-014
6.896	6.2671256E-014
6.897	5.8164641E-014
6.898	5.3781866E-014
6.899	4.9602395E-014
6.9	4.5806912E-014
6.901	4.2470669E-014
6.902	3.9533508E-014
6.903	3.7139583E-014
6.904	3.5247148E-014
6.905	3.3930575E-014
6.906	3.3208947E-014
6.907	3.3088319E-014
6.908	3.3548183E-014
6.909	3.4600940E-014
6.91	3.6173071E-014
6.911	3.8234691E-014
6.912	4.0761672E-014
6.913	4.3740693E-014
6.914	4.7016773E-014
6.915	5.0482015E-014
6.916	5.4211769E-014
6.917	5.8000601E-014
6.918	6.2003564E-014
6.919	6.5781100E-014
6.92	6.9471162E-014
6.921	7.3063049E-014
6.922	7.6279769E-014
6.923	7.9147843E-014
6.924	8.1667366E-014
6.925	8.3759151E-014
6.926	8.5346321E-014
6.927	8.6401108E-014
6.928	8.6945411E-014
6.929	8.6917263E-014
6.93	8.6339153E-014
6.931	8.5187798E-014
6.932	8.3532146E-014
6.933	8.1415296E-014
6.934	7.8763737E-014
6.935	7.5750251E-014
6.936	7.2435181E-014
6.937	6.8663818E-014
6.938	6.4829456E-014
6.939	6.0794916E-014
6.94	5.6613795E-014
6.941	5.2499044E-014
6.942	4.8376501E-014
6.943	4.4463002E-014
6.944	4.0790830E-014
6.945	3.7282077E-014
6.946	3.4242469E-014
6.947	3.1471679E-014
6.948	2.9247184E-014
6.949	2.7481806E-014
6.95	2.6189146E-014
6.951	2.5455942E-014
6.952	2.5229525E-014
6.953	2.5576140E-014
6.954	2.6444923E-014
6.955	2.7802020E-014
6.956	2.9659594E-014
6.957	3.1914650E-014
6.958	3.4595922E-014
6.959	3.7535747E-014
6.96	4.0869967E-014
6.961	4.4262096E-014
6.962	4.7963563E-014
6.963	5.1541768E-014
6.964	5.5193612E-014
6.965	5.8818402E-014
6.966	6.2215851E-014
6.967	6.5454146E-014
6.968	6.8432795E-014
6.969	7.0941103E-014
6.97	7.3185605E-014
6.971	7.4872881E-014
6.972	7.6167547E-014
6.973	7.6908294E-014
6.974	7.7139724E-014
6.975	7.6846990E-014
6.976	7.6023768E-014
6.977	7.4656535E-014
6.978	7.2832352E-014
6.979	7.0513189E-014
6.98	6.7847881E-014
6.981	6.4675404E-014
6.982	6.1329251E-014
6.983	5.7564806E-014
6.984	5.3678036E-014
6.985	4.9710443E-014
6.986	4.5628357E-014
6.987	4.1630338E-014
6.988	3.7671716E-014
6.989	3.3854962E-014
6.99	3.0420202E-014
6.991	2.7160591E-014
6.992	2.4303615E-014
6.993	2.1912664E-014
6.994	1.9949388E-014
6.995	1.8490614E-014
6.996	1.7606925E-014
6.997	1.7257422E-014
6.998	1.7467375E-014
6.999	1.8255423E-014
7	1.9616958E-014
7.001	2.1515409E-014
7.002	2.3865917E-014
7.003	2.6718128E-014
7.004	3.0026986E-014
7.005	3.3545283E-014
7.006	3.7522357E-014
7.007	4.1642915E-014
7.008	4.5860556E-014
7.009	5.0198286E-014
7.01	5.4592144E-014
7.011	5.8826167E-014
7.012	6.2753534E-014
7.013	6.6633249E-014
7.014	7.0090723E-014
7.015	7.3200499E-014
7.016	7.5783929E-014
7.017	7.7839672E-014
7.018	7.9336054E-014
7.019	8.0248064E-014
7.02	8.0498976E-014
7.021	8.0112437E-014
7.022	7.9074856E-014
7.023	7.7365381E-014
7.024	7.5028925E-014
7.025	7.2125296E-014
7.026	6.8707857E-014
7.027	6.4727303E-014
7.028	6.0286947E-014
7.029	5.5539310E-014
7.03	5.0428940E-014
7.031	4.5243106E-014
7.032	4.0057797E-014
7.033	3.4800660E-014
7.034	2.9634484E-014
7.035	2.4791821E-014
7.036	2.0256469E-014
7.037	1.6259838E-014
7.038	1.2865665E-014
7.039	1.0195554E-014
7.04	8.2359580E-015
7.041	7.2457985E-015
7.042	7.2139213E-015
7.043	8.2571440E-015
7.044	1.0414114E-014
7.045	1.3800430E-014
7.046	1.8365609E-014
7.047	2.4268748E-014
7.048	3.1348378E-014
7.049	3.9817393E-014
7.05	4.9417373E-014
7.051	5.9890251E-014
7.052	7.2000491E-014
7.053	8.5054685E-014
7.054	9.9350134E-014
7.055	1.1438130E-013
7.056	1.3052139E-013
7.057	1.4713719E-013
7.058	1.6460355E-013
7.059	1.8232035E-013
7.06	2.0065713E-013
7.061	2.1897454E-013
7.062	2.3735484E-013
7.063	2.5584813E-013
7.064	2.7381683E-013
7.065	2.9176962E-013
7.066	3.0873400E-013
7.067	3.2542469E-013
7.068	3.4092293E-013
7.069	3.5572684E-013
7.07	3.6920705E-013
7.071	3.8175913E-013
7.072	3.9313385E-013
7.073	4.0239012E-013
7.074	4.1064488E-013
7.075	4.1744210E-013
7.076	4.2246900E-013
7.077	4.2593956E-013
7.078	4.2763514E-013
7.079	4.2764905E-013
7.08	4.2604950E-013
7.081	4.2279654E-013
7.082	4.1811379E-013
7.083	4.1167053E-013
7.084	4.0363196E-013
7.085	3.9444034E-013
7.086	3.8373579E-013
7.087	3.7199359E-013
7.088	3.5912546E-013
7.089	3.4508423E-013
7.09	3.3049803E-013
7.091	3.1483965E-013
7.092	2.9836227E-013
7.093	2.8182705E-013
7.094	2.6470801E-013
7.095	2.4769536E-013
7.096	2.3023762E-013
7.097	2.1320772E-013
7.098	1.9602882E-013
7.099	1.7895088E-013
7.1	1.6251716E-013
7.101	1.4684171E-013
7.102	1.3169550E-013
7.103	1.1704960E-013
7.104	1.0299988E-013
7.105	9.0008770E-014
7.106	7.8051457E-014
7.107	6.6867729E-014
7.108	5.6805756E-014
7.109	4.7331832E-014
7.11	3.9255698E-014
7.111	3.2157037E-014
7.112	2.5799500E-014
7.113	2.0657678E-014
7.114	1.6387233E-014
7.115	1.3069827E-014
7.116	1.0501633E-014
7.117	8.8421998E-015
7.118	7.9161760E-015
7.119	7.6568738E-015
7.12	8.0289499E-015
7.121	8.9427731E-015
7.122	1.0306708E-014
7.123	1.2091383E-014
7.124	1.4228299E-014
7.125	1.6589098E-014
7.126	1.9180660E-014
7.127	2.1779133E-014
7.128	2.4467052E-014
7.129	2.7181901E-014
7.13	2.9784203E-014
7.131	3.2206805E-014
7.132	3.4559791E-014
7.133	3.6603628E-014
7.134	3.8421838E-014
7.135	3.9979291E-014
7.136	4.1214123E-014
7.137	4.2147150E-014
7.138	4.2758210E-014
7.139	4.3045235E-014
7.14	4.3001837E-014
7.141	4.2657497E-014
7.142	4.2012794E-014
7.143	4.1073874E-014
7.144	3.9891474E-014
7.145	3.8476302E-014
7.146	3.6869359E-014
7.147	3.5136400E-014
7.148	3.3190454E-014
7.149	3.1240896E-014
7.15	2.9160749E-014
7.151	2.7085991E-014
7.152	2.4996223E-014
7.153	2.2984176E-014
7.154	2.1014610E-014
7.155	1.9181346E-014
7.156	1.7450752E-014
7.157	1.5917108E-014
7.158	1.4503528E-014
7.159	1.3323318E-014
7.16	1.2317954E-014
7.161	1.1549568E-014
7.162	1.0986836E-014
7.163	1.0631621E-014
7.164	1.0490816E-014
7.165	1.0555662E-014
7.166	1.0829978E-014
7.167	1.1265127E-014
7.168	1.1885482E-014
7.169	1.2637492E-014
7.17	1.3526463E-014
7.171	1.4508136E-014
7.172	1.5590192E-014
7.173	1.6697820E-014
7.174	1.7878255E-014
7.175	1.9048402E-014
7.176	2.0189991E-014
7.177	2.1304818E-014
7.178	2.2348476E-014
7.179	2.3327535E-014
7.18	2.4194514E-014
7.181	2.4934316E-014
7.182	2.5564483E-014
7.183	2.6050425E-014
7.184	2.6386423E-014
7.185	2.6568162E-014
7.186	2.6595450E-014
7.187	2.6479041E-014
7.188	2.6211043E-014
7.189	2.5801289E-014
7.19	2.5239210E-014
7.191	2.4588364E-014
7.192	2.3799403E-014
7.193	2.2904306E-014
7.194	2.1965460E-014
7.195	2.0922031E-014
7.196	1.9875403E-014
7.197	1.8797860E-014
7.198	1.7698904E-014
7.199	1.6620304E-014
7.2	1.5578184E-014
7.201	1.4580353E-014
7.202	1.3625576E-014
7.203	1.2760707E-014
7.204	1.1993374E-014
7.205	1.1325757E-014
7.206	1.0769301E-014
7.207	1.0319910E-014
7.208	1.0005877E-014
7.209	9.8080469E-015
7.21	9.7261651E-015
7.211	9.7773852E-015
7.212	9.9425684E-015
7.213	1.0206274E-014
7.214	1.0593513E-014
7.215	1.1037815E-014
7.216	1.1582628E-014
7.217	1.2189937E-014
7.218	1.2838687E-014
7.219	1.3544400E-014
7.22	1.4241223E-014
7.221	1.4968634E-014
7.222	1.5684646E-014
7.223	1.6362203E-014
7.224	1.7026291E-014
7.225	1.7604889E-014
7.226	1.8155463E-014
7.227	1.8621343E-014
7.228	1.9006708E-014
7.229	1.9296159E-014
7.23	1.9499595E-014
7.231	1.9598665E-014
7.232	1.9602512E-014
7.233	1.9500642E-014
7.234	1.9301753E-014
7.235	1.9015520E-014
7.236	1.8636045E-014
7.237	1.8173941E-014
7.238	1.7633232E-014
7.239	1.7041076E-014
7.24	1.6409293E-014
7.241	1.5714128E-014
7.242	1.5003415E-014
7.243	1.4261506E-014
7.244	1.3527220E-014
7.245	1.2798351E-014
7.246	1.2100348E-014
7.247	1.1431648E-014
7.248	1.0799219E-014
7.249	1.0230124E-014
7.25	9.7223924E-015
7.251	9.2912060E-015
7.252	8.9282558E-015
7.253	8.6529396E-015
7.254	8.4596001E-015
7.255	8.3535770E-015
7.256	8.3371039E-015
7.257	8.3904365E-015
7.258	8.5292864E-015
7.259	8.7411488E-015
7.26	9.0283497E-015
7.261	9.3720274E-015
7.262	9.7513685E-015
7.263	1.0203413E-014
7.264	1.0673715E-014
7.265	1.1171134E-014
7.266	1.1675528E-014
7.267	1.2176886E-014
7.268	1.2671306E-014
7.269	1.3145355E-014
7.27	1.3590146E-014
7.271	1.3989122E-014
7.272	1.4351247E-014
7.273	1.4647395E-014
7.274	1.4889577E-014
7.275	1.5062589E-014
7.276	1.5163687E-014
7.277	1.5201155E-014
7.278	1.5158236E-014
7.279	1.5050054E-014
7.28	1.4861371E-014
7.281	1.4617232E-014
7.282	1.4303761E-014
7.283	1.3941888E-014
7.284	1.3531577E-014
7.285	1.3070375E-014
7.286	1.2584733E-014
7.287	1.2048820E-014
7.288	1.1518269E-014
7.289	1.0981219E-014
7.29	1.0444203E-014
7.291	9.9232281E-015
7.292	9.4221158E-015
7.293	8.9534169E-015
7.294	8.5040541E-015
7.295	8.1082839E-015
7.296	7.7707667E-015
7.297	7.4833320E-015
7.298	7.2546000E-015
7.299	7.0892511E-015
7.3	6.9766644E-015
7.301	6.9415866E-015
7.302	6.9573452E-015
7.303	7.0387290E-015
7.304	7.1779325E-015
7.305	7.3732837E-015
7.306	7.6044229E-015
7.307	7.8865620E-015
7.308	8.2050498E-015
7.309	8.5488291E-015
7.31	8.9128779E-015
7.311	9.2753555E-015
7.312	9.6547204E-015
7.313	1.0024447E-014
7.314	1.0384107E-014
7.315	1.0715676E-014
7.316	1.1037022E-014
7.317	1.1306386E-014
7.318	1.1542316E-014
7.319	1.1734064E-014
7.32	1.1882785E-014
7.321	1.1964271E-014
7.322	1.2003432E-014
7.323	1.1982707E-014
7.324	1.1907761E-014
7.325	1.1775832E-014
7.326	1.1601861E-014
7.327	1.1385665E-014
7.328	1.1114647E-014
7.329	1.0800543E-014
7.33	1.0456484E-014
7.331	1.0090175E-014
7.332	9.6995411E-015
7.333	9.2984007E-015
7.334	8.8817850E-015
7.335	8.4767144E-015
7.336	8.0628372E-015
7.337	7.6797724E-015
7.338	7.3189805E-015
7.339	6.9742338E-015
7.34	6.6705861E-015
7.341	6.3932128E-015
7.342	6.1677106E-015
7.343	5.9858243E-015
7.344	5.8460317E-015
7.345	5.7615177E-015
7.346	5.7192486E-015
7.347	5.7307221E-015
7.348	5.7795667E-015
7.349	5.8773863E-015
7.35	6.0153256E-015
7.351	6.1972530E-015
7.352	6.3973857E-015
7.353	6.6372024E-015
7.354	6.8957033E-015
7.355	7.1704143E-015
7.356	7.4507618E-015
7.357	7.7416812E-015
7.358	8.0182570E-015
7.359	8.2989518E-015
7.36	8.5587860E-015
7.361	8.7944212E-015
7.362	9.0081336E-015
7.363	9.1911740E-015
7.364	9.3408354E-015
7.365	9.4518340E-015
7.366	9.5254301E-015
7.367	9.5528537E-015
7.368	9.5391029E-015
7.369	9.4869994E-015
7.37	9.3924468E-015
7.371	9.2538985E-015
7.372	9.0813977E-015
7.373	8.8807034E-015
7.374	8.6404543E-015
7.375	8.3775650E-015
7.376	8.0924884E-015
7.377	7.7840591E-015
7.378	7.4762067E-015
7.379	7.1580755E-015
7.38	6.8361780E-015
7.381	6.5289240E-015
7.382	6.2246054E-015
7.383	5.9428031E-015
7.384	5.6753562E-015
7.385	5.4343292E-015
7.386	5.2267206E-015
7.387	5.0478365E-015
7.388	4.8997239E-015
7.389	4.7902021E-015
7.39	4.7196231E-015
7.391	4.6845276E-015
7.392	4.6915402E-015
7.393	4.7310127E-015
7.394	4.8045229E-015
7.395	4.9086931E-015
7.396	5.0472195E-015
7.397	5.2047748E-015
7.398	5.3806527E-015
7.399	5.5838123E-015
7.4	5.7955701E-015
7.401	6.0162065E-015
7.402	6.2338783E-015
7.403	6.4552859E-015
7.404	6.6698551E-015
7.405	6.8691496E-015
7.406	7.0503393E-015
7.407	7.2221934E-015
7.408	7.3589130E-015
7.409	7.4734471E-015
7.41	7.5606102E-015
7.411	7.6078077E-015
7.412	7.6349246E-015
7.413	7.6242604E-015
7.414	7.5828583E-015
7.415	7.5048805E-015
7.416	7.3971870E-015
7.417	7.2626841E-015
7.418	7.1035508E-015
7.419	6.9159690E-015
7.42	6.7083866E-015
7.421	6.4814843E-015
7.422	6.2467689E-015
7.423	5.9980279E-015
7.424	5.7546216E-015
7.425	5.5068039E-015
7.426	5.2621672E-015
7.427	5.0256125E-015
7.428	4.8040333E-015
7.429	4.5939598E-015
7.43	4.4108597E-015
7.431	4.2429731E-015
7.432	4.1045010E-015
7.433	3.9906708E-015
7.434	3.9045051E-015
7.435	3.8505415E-015
7.436	3.8257374E-015
7.437	3.8283166E-015
7.438	3.8589796E-015
7.439	3.9180013E-015
7.44	3.9997874E-015
7.441	4.1060295E-015
7.442	4.2317279E-015
7.443	4.3741218E-015
7.444	4.5276516E-015
7.445	4.6932097E-015
7.446	4.8620403E-015
7.447	5.0348147E-015
7.448	5.2084064E-015
7.449	5.3713849E-015
7.45	5.5274977E-015
7.451	5.6705735E-015
7.452	5.7954964E-015
7.453	5.9038129E-015
7.454	5.9928979E-015
7.455	6.0585764E-015
7.456	6.0978893E-015
7.457	6.1114075E-015
7.458	6.1019682E-015
7.459	6.0637996E-015
7.46	6.0034837E-015
7.461	5.9143025E-015
7.462	5.8064265E-015
7.463	5.6788092E-015
7.464	5.5328539E-015
7.465	5.3671870E-015
7.466	5.1928160E-015
7.467	5.0045328E-015
7.468	4.8147220E-015
7.469	4.6175726E-015
7.47	4.4200263E-015
7.471	4.2322463E-015
7.472	4.0480221E-015
7.473	3.8687700E-015
7.474	3.7076347E-015
7.475	3.5671073E-015
7.476	3.4325686E-015
7.477	3.3273750E-015
7.478	3.2384617E-015
7.479	3.1723836E-015
7.48	3.1314569E-015
7.481	3.1133119E-015
7.482	3.1167640E-015
7.483	3.1442954E-015
7.484	3.1883805E-015
7.485	3.2559504E-015
7.486	3.3400239E-015
7.487	3.4403181E-015
7.488	3.5486689E-015
7.489	3.6705533E-015
7.49	3.8012052E-015
7.491	3.9381641E-015
7.492	4.0689964E-015
7.493	4.2015824E-015
7.494	4.3314813E-015
7.495	4.4533664E-015
7.496	4.5654297E-015
7.497	4.6622735E-015
7.498	4.7454076E-015
7.499	4.8116482E-015
7.5	4.8619992E-015
7.501	4.8879370E-015
7.502	4.8962913E-015
7.503	4.8865674E-015
7.504	4.8568060E-015
7.505	4.8059226E-015
7.506	4.7337648E-015
7.507	4.6503032E-015
7.508	4.5439692E-015
7.509	4.4270533E-015
7.51	4.2946565E-015
7.511	4.1551752E-015
7.512	4.0066399E-015
7.513	3.8532583E-015
7.514	3.7013904E-015
7.515	3.5482333E-015
7.516	3.3945803E-015
7.517	3.2520864E-015
7.518	3.1146217E-015
7.519	2.9857435E-015
7.52	2.8737981E-015
7.521	2.7731910E-015
7.522	2.6877626E-015
7.523	2.6220011E-015
7.524	2.5723512E-015
7.525	2.5399376E-015
7.526	2.5273873E-015
7.527	2.5322313E-015
7.528	2.5538880E-015
7.529	2.5923723E-015
7.53	2.6440318E-015
7.531	2.7121853E-015
7.532	2.7903988E-015
7.533	2.8796209E-015
7.534	2.9753665E-015
7.535	3.0763661E-015
7.536	3.1834774E-015
7.537	3.2879064E-015
7.538	3.3948231E-015
7.539	3.4912379E-015
7.54	3.5873844E-015
7.541	3.6734553E-015
7.542	3.7472801E-015
7.543	3.8120824E-015
7.544	3.8642020E-015
7.545	3.8986284E-015
7.546	3.9202972E-015
7.547	3.9249639E-015
7.548	3.9136082E-015
7.549	3.8894961E-015
7.55	3.8450400E-015
7.551	3.7883976E-015
7.552	3.7192920E-015
7.553	3.6362870E-015
7.554	3.5417999E-015
7.555	3.4377656E-015
7.556	3.3258846E-015
7.557	3.2098193E-015
7.558	3.0858893E-015
7.559	2.9650689E-015
7.56	2.8443551E-015
7.561	2.7227510E-015
7.562	2.6082412E-015
7.563	2.5044227E-015
7.564	2.4024531E-015
7.565	2.3131627E-015
7.566	2.2358051E-015
7.567	2.1686654E-015
7.568	2.1192152E-015
7.569	2.0802947E-015
7.57	2.0560848E-015
7.571	2.0459799E-015
7.572	2.0508540E-015
7.573	2.0711129E-015
7.574	2.1020035E-015
7.575	2.1433726E-015
7.576	2.1965966E-015
7.577	2.2597376E-015
7.578	2.3301398E-015
7.579	2.4087963E-015
7.58	2.4876519E-015
7.581	2.5717013E-015
7.582	2.6549280E-015
7.583	2.7356073E-015
7.584	2.8141484E-015
7.585	2.8890164E-015
7.586	2.9556870E-015
7.587	3.0128996E-015
7.588	3.0630516E-015
7.589	3.1019937E-015
7.59	3.1304063E-015
7.591	3.1464333E-015
7.592	3.1472604E-015
7.593	3.1366280E-015
7.594	3.1145884E-015
7.595	3.0803702E-015
7.596	3.0333395E-015
7.597	2.9765921E-015
7.598	2.9077726E-015
7.599	2.8352651E-015
7.6	2.7500974E-015
7.601	2.6613792E-015
7.602	2.5694696E-015
7.603	2.4736674E-015
7.604	2.3745559E-015
7.605	2.2782743E-015
7.606	2.1846894E-015
7.607	2.0936226E-015
7.608	2.0084794E-015
7.609	1.9315542E-015
7.61	1.8601079E-015
7.611	1.7991649E-015
7.612	1.7492001E-015
7.613	1.7080614E-015
7.614	1.6779632E-015
7.615	1.6598318E-015
7.616	1.6533305E-015
7.617	1.6591577E-015
7.618	1.6730251E-015
7.619	1.6981150E-015
7.62	1.7337560E-015
7.621	1.7751912E-015
7.622	1.8249816E-015
7.623	1.8824390E-015
7.624	1.9442877E-015
7.625	2.0079113E-015
7.626	2.0731781E-015
7.627	2.1387038E-015
7.628	2.2039346E-015
7.629	2.2663235E-015
7.63	2.3227162E-015
7.631	2.3766383E-015
7.632	2.4220471E-015
7.633	2.4604789E-015
7.634	2.4901390E-015
7.635	2.5117373E-015
7.636	2.5229150E-015
7.637	2.5252041E-015
7.638	2.5161387E-015
7.639	2.4959177E-015
7.64	2.4680454E-015
7.641	2.4312374E-015
7.642	2.3850495E-015
7.643	2.3315914E-015
7.644	2.2703418E-015
7.645	2.2034567E-015
7.646	2.1310479E-015
7.647	2.0569939E-015
7.648	1.9801062E-015
7.649	1.9014676E-015
7.65	1.8253585E-015
7.651	1.7528353E-015
7.652	1.6790582E-015
7.653	1.6133482E-015
7.654	1.5496126E-015
7.655	1.4939340E-015
7.656	1.4473041E-015
7.657	1.4049262E-015
7.658	1.3734388E-015
7.659	1.3506163E-015
7.66	1.3370241E-015
7.661	1.3302574E-015
7.662	1.3345427E-015
7.663	1.3479940E-015
7.664	1.3672293E-015
7.665	1.3950398E-015
7.666	1.4307047E-015
7.667	1.4703719E-015
7.668	1.5146687E-015
7.669	1.5640553E-015
7.67	1.6152707E-015
7.671	1.6661905E-015
7.672	1.7195986E-015
7.673	1.7713511E-015
7.674	1.8205038E-015
7.675	1.8672860E-015
7.676	1.9099862E-015
7.677	1.9449918E-015
7.678	1.9749458E-015
7.679	2.0001487E-015
7.68	2.0153182E-015
7.681	2.0250178E-015
7.682	2.0273096E-015
7.683	2.0181204E-015
7.684	2.0051063E-015
7.685	1.9816581E-015
7.686	1.9505250E-015
7.687	1.9148577E-015
7.688	1.8706896E-015
7.689	1.8209614E-015
7.69	1.7674355E-015
7.691	1.7111809E-015
7.692	1.6514593E-015
7.693	1.5893499E-015
7.694	1.5266012E-015
7.695	1.4658238E-015
7.696	1.4050889E-015
7.697	1.3485377E-015
7.698	1.2937745E-015
7.699	1.2428566E-015
7.7	1.1989130E-015
7.701	1.1599848E-015
7.702	1.1269689E-015
7.703	1.1011150E-015
7.704	1.0823682E-015
7.705	1.0717060E-015
7.706	1.0672205E-015
7.707	1.0698659E-015
7.708	1.0793039E-015
7.709	1.0959213E-015
7.71	1.1175427E-015
7.711	1.1461263E-015
7.712	1.1783319E-015
7.713	1.2142189E-015
7.714	1.2535823E-015
7.715	1.2945214E-015
7.716	1.3371960E-015
7.717	1.3799890E-015
7.718	1.4213722E-015
7.719	1.4598858E-015
7.72	1.4976793E-015
7.721	1.5324668E-015
7.722	1.5615072E-015
7.723	1.5875476E-015
7.724	1.6071584E-015
7.725	1.6203717E-015
7.726	1.6277530E-015
7.727	1.6295100E-015
7.728	1.6239071E-015
7.729	1.6124781E-015
7.73	1.5941181E-015
7.731	1.5701361E-015
7.732	1.5405638E-015
7.733	1.5066393E-015
7.734	1.4656279E-015
7.735	1.4235000E-015
7.736	1.3765846E-015
7.737	1.3286324E-015
7.738	1.2791897E-015
7.739	1.2286341E-015
7.74	1.1791873E-015
7.741	1.1294002E-015
7.742	1.0832633E-015
7.743	1.0382826E-015
7.744	1.0000000E-015
7.745	1.0000000E-015
7.746	1.0000000E-015
7.747	1.0000000E-015
7.748	1.0000000E-015
7.749	1.0000000E-015
7.75	1.0000000E-015
7.751	1.0000000E-015
7.752	1.0000000E-015
7.753	1.0000000E-015
7.754	1.0000000E-015
7.755	1.0000000E-015
7.756	1.0000000E-015
7.757	1.0000000E-015
7.758	1.0000000E-015
7.759	1.0000000E-015
7.76	1.0321155E-015
7.761	1.0673542E-015
7.762	1.1023898E-015
7.763	1.1374238E-015
7.764	1.1691464E-015
7.765	1.2004070E-015
7.766	1.2295114E-015
7.767	1.2552011E-015
7.768	1.2754202E-015
7.769	1.2929450E-015
7.77	1.3052773E-015
7.771	1.3128227E-015
7.772	1.3152179E-015
7.773	1.3111909E-015
7.774	1.3029348E-015
7.775	1.2898726E-015
7.776	1.2707157E-015
7.777	1.2466049E-015
7.778	1.2201746E-015
7.779	1.1887541E-015
7.78	1.1534761E-015
7.781	1.1154997E-015
7.782	1.0759615E-015
7.783	1.0346347E-015
7.784	1.0000000E-015
7.785	1.0000000E-015
7.786	1.0000000E-015
7.787	1.0000000E-015
7.788	1.0000000E-015
7.789	1.0000000E-015
7.79	1.0000000E-015
7.791	1.0000000E-015
7.792	1.0000000E-015
7.793	1.0000000E-015
7.794	1.0000000E-015
7.795	1.0000000E-015
7.796	1.0000000E-015
7.797	1.0000000E-015
7.798	1.0000000E-015
7.799	1.0000000E-015
7.8	1.0000000E-015
7.801	1.0000000E-015
7.802	1.0000000E-015
7.803	1.0000000E-015
7.804	1.0000000E-015
7.805	1.0000000E-015
7.806	1.0000000E-015
7.807	1.0000000E-015
7.808	1.0000000E-015
7.809	1.0000000E-015
7.81	1.0000000E-015
7.811	1.0000000E-015
7.812	1.0106439E-015
7.813	1.0301562E-015
7.814	1.0463056E-015
7.815	1.0585950E-015
7.816	1.0669495E-015
7.817	1.0709736E-015
7.818	1.0699799E-015
7.819	1.0644153E-015
7.82	1.0545913E-015
7.821	1.0407409E-015
7.822	1.0221053E-015
7.823	1.0001839E-015
7.824	1.0000000E-015
7.825	1.0000000E-015
7.826	1.0000000E-015
7.827	1.0000000E-015
7.828	1.0000000E-015
7.829	1.0000000E-015
7.83	1.0000000E-015
7.831	1.0000000E-015
7.832	1.0000000E-015
7.833	1.0000000E-015
7.834	1.0000000E-015
7.835	1.0000000E-015
7.836	1.0000000E-015
7.837	1.0000000E-015
7.838	1.0000000E-015
7.839	1.0000000E-015
7.84	1.0000000E-015
7.841	1.0000000E-015
7.842	1.0000000E-015
7.843	1.0000000E-015
7.844	1.0000000E-015
7.845	1.0000000E-015
7.846	1.0000000E-015
7.847	1.0000000E-015
7.848	1.0000000E-015
7.849	1.0000000E-015
7.85	1.0000000E-015
7.851	1.0000000E-015
7.852	1.0000000E-015
7.853	1.0000000E-015
7.854	1.0000000E-015
7.855	1.0000000E-015
7.856	1.0000000E-015
7.857	1.0000000E-015
7.858	1.0000000E-015
7.859	1.0000000E-015
7.86	1.0000000E-015
7.861	1.0000000E-015
7.862	1.0000000E-015
7.863	1.0000000E-015
7.864	1.0000000E-015
7.865	1.0000000E-015
7.866	1.0000000E-015
7.867	1.0000000E-015
7.868	1.0000000E-015
7.869	1.0000000E-015
7.87	1.0000000E-015
7.871	1.0000000E-015
7.872	1.0000000E-015
7.873	1.0000000E-015
7.874	1.0000000E-015
7.875	1.0000000E-015
7.876	1.0000000E-015
7.877	1.0000000E-015
7.878	1.0000000E-015
7.879	1.0000000E-015
7.88	1.0000000E-015
7.881	1.0000000E-015
7.882	1.0000000E-015
7.883	1.0000000E-015
7.884	1.0000000E-015
7.885	1.0000000E-015
7.886	1.0000000E-015
7.887	1.0000000E-015
7.888	1.0000000E-015
7.889	1.0000000E-015
7.89	1.0000000E-015
7.891	1.0000000E-015
7.892	1.0000000E-015
7.893	1.0000000E-015
7.894	1.0000000E-015
7.895	1.0000000E-015
7.896	1.0000000E-015
7.897	1.0000000E-015
7.898	1.0000000E-015
7.899	1.0000000E-015
7.9	1.0000000E-015
7.901	1.0000000E-015
7.902	1.0000000E-015
7.903	1.0000000E-015
7.904	1.0000000E-015
7.905	1.0000000E-015
7.906	1.0000000E-015
7.907	1.0000000E-015
7.908	1.0000000E-015
7.909	1.0000000E-015
7.91	1.0000000E-015
7.911	1.0000000E-015
7.912	1.0000000E-015
7.913	1.0000000E-015
7.914	1.0000000E-015
7.915	1.0000000E-015
7.916	1.0000000E-015
7.917	1.0000000E-015
7.918	1.0000000E-015
7.919	1.0000000E-015
7.92	1.0000000E-015
7.921	1.0000000E-015
7.922	1.0000000E-015
7.923	1.0000000E-015
7.924	1.0000000E-015
7.925	1.0000000E-015
7.926	1.0000000E-015
7.927	1.0000000E-015
7.928	1.0000000E-015
7.929	1.0000000E-015
7.93	1.0000000E-015
7.931	1.0000000E-015
7.932	1.0000000E-015
7.933	1.0000000E-015
7.934	1.0000000E-015
7.935	1.0000000E-015
7.936	1.0000000E-015
7.937	1.0000000E-015
7.938	1.0000000E-015
7.939	1.0000000E-015
7.94	1.0000000E-015
7.941	1.0000000E-015
7.942	1.0000000E-015
7.943	1.0000000E-015
7.944	1.0000000E-015
7.945	1.0000000E-015
7.946	1.0000000E-015
7.947	1.0000000E-015
7.948	1.1024554E-015
7.949	1.2077770E-015
7.95	1.3185727E-015
7.951	1.4286384E-015
7.952	1.5380084E-015
7.953	1.6490765E-015
7.954	1.7583598E-015
7.955	1.8620821E-015
7.956	1.9658985E-015
7.957	2.0622881E-015
7.958	2.1535279E-015
7.959	2.2383498E-015
7.96	2.3183891E-015
7.961	2.3866424E-015
7.962	2.4487729E-015
7.963	2.5018425E-015
7.964	2.5459314E-015
7.965	2.5807065E-015
7.966	2.6033865E-015
7.967	2.6170474E-015
7.968	2.6207312E-015
7.969	2.6127701E-015
7.97	2.5952931E-015
7.971	2.5700091E-015
7.972	2.5328994E-015
7.973	2.4871187E-015
7.974	2.4302855E-015
7.975	2.3679141E-015
7.976	2.2984004E-015
7.977	2.2199095E-015
7.978	2.1380204E-015
7.979	2.0460701E-015
7.98	1.9521333E-015
7.981	1.8558890E-015
7.982	1.7552750E-015
7.983	1.6517416E-015
7.984	1.5491985E-015
7.985	1.4440813E-015
7.986	1.3399939E-015
7.987	1.2368357E-015
7.988	1.1368537E-015
7.989	1.0387308E-015
7.99	1.0000000E-015
7.991	1.0000000E-015
7.992	1.0000000E-015
7.993	1.0000000E-015
7.994	1.0000000E-015
7.995	1.0000000E-015
7.996	1.0000000E-015
7.997	1.0000000E-015
7.998	1.0000000E-015
7.999	1.0000000E-015
8	1.0000000E-015
8.001	1.0000000E-015
8.002	1.0000000E-015
8.003	1.0000000E-015
8.004	1.0000000E-015
8.005	1.0000000E-015
8.006	1.0000000E-015
8.007	1.0000000E-015
8.008	1.0000000E-015
8.009	1.0000000E-015
8.01	1.0000000E-015
8.011	1.0000000E-015
8.012	1.0000000E-015
8.013	1.0000000E-015
8.014	1.0000000E-015
8.015	1.0000000E-015
8.016	1.0000000E-015
8.017	1.0000000E-015
8.018	1.0000000E-015
8.019	1.0000000E-015
8.02	1.0000000E-015
8.021	1.0000000E-015
8.022	1.0000000E-015
8.023	1.0000000E-015
8.024	1.0000000E-015
8.025	1.0000000E-015
8.026	1.0000000E-015
8.027	1.0000000E-015
8.028	1.0000000E-015
8.029	1.0000000E-015
8.03	1.0000000E-015
8.031	1.0000000E-015
8.032	1.0000000E-015
8.033	1.0000000E-015
8.034	1.0000000E-015
8.035	1.0000000E-015
8.036	1.0000000E-015
8.037	1.0000000E-015
8.038	1.0000000E-015
8.039	1.0000000E-015
8.04	1.0000000E-015
8.041	1.0000000E-015
8.042	1.0000000E-015
8.043	1.0000000E-015
8.044	1.0000000E-015
8.045	1.0000000E-015
8.046	1.0000000E-015
8.047	1.0000000E-015
8.048	1.0000000E-015
8.049	1.0000000E-015
8.05	1.0000000E-015
8.051	1.0000000E-015
8.052	1.0000000E-015
8.053	1.0000000E-015
8.054	1.0000000E-015
8.055	1.0000000E-015
8.056	1.0000000E-015
8.057	1.0000000E-015
8.058	1.0000000E-015
8.059	1.0000000E-015
8.06	1.0000000E-015
8.061	1.0000000E-015
8.062	1.0000000E-015
8.063	1.0000000E-015
8.064	1.0000000E-015
8.065	1.0000000E-015
8.066	1.0000000E-015
8.067	1.0000000E-015
8.068	1.0000000E-015
8.069	1.0000000E-015
8.07	1.0000000E-015
8.071	1.0000000E-015
8.072	1.0000000E-015
8.073	1.0000000E-015
8.074	1.0000000E-015
8.075	1.0000000E-015
8.076	1.0000000E-015
8.077	1.0000000E-015
8.078	1.0000000E-015
8.079	1.0000000E-015
8.08	1.0000000E-015
8.081	1.0000000E-015
8.082	1.0000000E-015
8.083	1.0000000E-015
8.084	1.0000000E-015
8.085	1.0000000E-015
8.086	1.0000000E-015
8.087	1.0000000E-015
8.088	1.0000000E-015
8.089	1.0000000E-015
8.09	1.0000000E-015
8.091	1.0000000E-015
8.092	1.0000000E-015
8.093	1.0000000E-015
8.094	1.0000000E-015
8.095	1.0000000E-015
8.096	1.0000000E-015
8.097	1.0000000E-015
8.098	1.0000000E-015
8.099	1.0000000E-015
8.1	1.0000000E-015
8.101	1.0000000E-015
8.102	1.0000000E-015
8.103	1.0000000E-015
8.104	1.0000000E-015
8.105	1.0000000E-015
8.106	1.0000000E-015
8.107	1.0000000E-015
8.108	1.0000000E-015
8.109	1.0000000E-015
8.11	1.0000000E-015
8.111	1.0000000E-015
8.112	1.0000000E-015
8.113	1.0000000E-015
8.114	1.0000000E-015
8.115	1.0000000E-015
8.116	1.0000000E-015
8.117	1.0000000E-015
8.118	1.0000000E-015
8.119	1.0000000E-015
8.12	1.0000000E-015
8.121	1.0000000E-015
8.122	1.0000000E-015
8.123	1.0000000E-015
8.124	1.0000000E-015
8.125	1.0000000E-015
8.126	1.0000000E-015
8.127	1.0000000E-015
8.128	1.0000000E-015
8.129	1.0000000E-015
8.13	1.0000000E-015
8.131	1.0000000E-015
8.132	1.0000000E-015
8.133	1.0000000E-015
8.134	1.0000000E-015
8.135	1.0000000E-015
8.136	1.0000000E-015
8.137	1.0000000E-015
8.138	1.0000000E-015
8.139	1.0000000E-015
8.14	1.0000000E-015
8.141	1.0000000E-015
8.142	1.0000000E-015
8.143	1.0000000E-015
8.144	1.0000000E-015
8.145	1.0000000E-015
8.146	1.0000000E-015
8.147	1.0000000E-015
8.148	1.0000000E-015
8.149	1.0000000E-015
8.15	1.0000000E-015
8.151	1.0000000E-015
8.152	1.0000000E-015
8.153	1.0000000E-015
8.154	1.0000000E-015
8.155	1.0000000E-015
8.156	1.0000000E-015
8.157	1.0000000E-015
8.158	1.0000000E-015
8.159	1.0000000E-015
8.16	1.0000000E-015
8.161	1.0000000E-015
8.162	1.0000000E-015
8.163	1.0000000E-015
8.164	1.0000000E-015
8.165	1.0000000E-015
8.166	1.0000000E-015
8.167	1.0000000E-015
8.168	1.0000000E-015
8.169	1.0000000E-015
8.17	1.0000000E-015
8.171	1.0000000E-015
8.172	1.0000000E-015
8.173	1.0000000E-015
8.174	1.0000000E-015
8.175	1.0000000E-015
8.176	1.0000000E-015
8.177	1.0000000E-015
8.178	1.0000000E-015
8.179	1.0000000E-015
8.18	1.0000000E-015
8.181	1.0000000E-015
8.182	1.0000000E-015
8.183	1.0000000E-015
8.184	1.0000000E-015
8.185	1.0000000E-015
8.186	1.0000000E-015
8.187	1.0000000E-015
8.188	1.0000000E-015
8.189	1.0000000E-015
8.19	1.0000000E-015
8.191	1.0000000E-015
8.192	1.0000000E-015
8.193	1.0000000E-015
8.194	1.0000000E-015
8.195	1.0000000E-015
8.196	1.0000000E-015
8.197	1.0000000E-015
8.198	1.0000000E-015
8.199	1.0000000E-015
8.2	1.0000000E-015
8.201	1.0000000E-015
8.202	1.0000000E-015
8.203	1.0000000E-015
8.204	1.0000000E-015
8.205	1.0000000E-015
8.206	1.0000000E-015
8.207	1.0000000E-015
8.208	1.0000000E-015
8.209	1.0000000E-015
8.21	1.0000000E-015
8.211	1.0000000E-015
8.212	1.0000000E-015
8.213	1.0000000E-015
8.214	1.0000000E-015
8.215	1.0000000E-015
8.216	1.0000000E-015
8.217	1.0000000E-015
8.218	1.0000000E-015
8.219	1.0000000E-015
8.22	1.0000000E-015
8.221	1.0000000E-015
8.222	1.0000000E-015
8.223	1.0000000E-015
8.224	1.0000000E-015
8.225	1.0000000E-015
8.226	1.0000000E-015
8.227	1.0000000E-015
8.228	1.0000000E-015
8.229	1.0000000E-015
8.23	1.0000000E-015
8.231	1.0000000E-015
8.232	1.0000000E-015
8.233	1.0000000E-015
8.234	1.0000000E-015
8.235	1.0000000E-015
8.236	1.0000000E-015
8.237	1.0000000E-015
8.238	1.0000000E-015
8.239	1.0000000E-015
8.24	1.0000000E-015
8.241	1.0000000E-015
8.242	1.0000000E-015
8.243	1.0000000E-015
8.244	1.0000000E-015
8.245	1.0000000E-015
8.246	1.0000000E-015
8.247	1.0000000E-015
8.248	1.0000000E-015
8.249	1.0000000E-015
8.25	1.0000000E-015
8.251	1.0000000E-015
8.252	1.0000000E-015
8.253	1.0000000E-015
8.254	1.0000000E-015
8.255	1.0000000E-015
8.256	1.0000000E-015
8.257	1.0000000E-015
8.258	1.0000000E-015
8.259	1.0000000E-015
8.26	1.0000000E-015
8.261	1.0000000E-015
8.262	1.0000000E-015
8.263	1.0000000E-015
8.264	1.0000000E-015
8.265	1.0000000E-015
8.266	1.0000000E-015
8.267	1.0000000E-015
8.268	1.0000000E-015
8.269	1.0000000E-015
8.27	1.0000000E-015
8.271	1.0000000E-015
8.272	1.0000000E-015
8.273	1.0000000E-015
8.274	1.0000000E-015
8.275	1.0000000E-015
8.276	1.0000000E-015
8.277	1.0000000E-015
8.278	1.0000000E-015
8.279	1.0000000E-015
8.28	1.0000000E-015
8.281	1.0000000E-015
8.282	1.0000000E-015
8.283	1.0000000E-015
8.284	1.0000000E-015
8.285	1.0000000E-015
8.286	1.0000000E-015
8.287	1.0000000E-015
8.288	1.0000000E-015
8.289	1.0000000E-015
8.29	1.0000000E-015
8.291	1.0000000E-015
8.292	1.0000000E-015
8.293	1.0000000E-015
8.294	1.0000000E-015
8.295	1.0000000E-015
8.296	1.0000000E-015
8.297	1.0000000E-015
8.298	1.0000000E-015
8.299	1.0000000E-015
8.3	1.0000000E-015
8.301	1.0000000E-015
8.302	1.0000000E-015
8.303	1.0000000E-015
8.304	1.0000000E-015
8.305	1.0000000E-015
8.306	1.0000000E-015
8.307	1.0000000E-015
8.308	1.0000000E-015
8.309	1.0000000E-015
8.31	1.0000000E-015
8.311	1.0000000E-015
8.312	1.0000000E-015
8.313	1.0000000E-015
8.314	1.0000000E-015
8.315	1.0000000E-015
8.316	1.0000000E-015
8.317	1.0000000E-015
8.318	1.0000000E-015
8.319	1.0000000E-015
8.32	1.0000000E-015
8.321	1.0000000E-015
8.322	1.0000000E-015
8.323	1.0000000E-015
8.324	1.0000000E-015
8.325	1.0000000E-015
8.326	1.0000000E-015
8.327	1.0000000E-015
8.328	1.0000000E-015
8.329	1.0000000E-015
8.33	1.0000000E-015
8.331	1.0000000E-015
8.332	1.0000000E-015
8.333	1.0000000E-015
8.334	1.0000000E-015
8.335	1.0000000E-015
8.336	1.0000000E-015
8.337	1.0000000E-015
8.338	1.0000000E-015
8.339	1.0000000E-015
8.34	1.0000000E-015
8.341	1.0000000E-015
8.342	1.0000000E-015
8.343	1.0000000E-015
8.344	1.0000000E-015
8.345	1.0000000E-015
8.346	1.0000000E-015
8.347	1.0000000E-015
8.348	1.0000000E-015
8.349	1.0000000E-015
8.35	1.0000000E-015
8.351	1.0000000E-015
8.352	1.0000000E-015
8.353	1.0000000E-015
8.354	1.0000000E-015
8.355	1.0000000E-015
8.356	1.0000000E-015
8.357	1.0000000E-015
8.358	1.0000000E-015
8.359	1.0000000E-015
8.36	1.0000000E-015
8.361	1.0000000E-015
8.362	1.0000000E-015
8.363	1.0000000E-015
8.364	1.0000000E-015
8.365	1.0000000E-015
8.366	1.0000000E-015
8.367	1.0000000E-015
8.368	1.0000000E-015
8.369	1.0000000E-015
8.37	1.0000000E-015
8.371	1.0000000E-015
8.372	1.0000000E-015
8.373	1.0000000E-015
8.374	1.0000000E-015
8.375	1.0000000E-015
8.376	1.0000000E-015
8.377	1.0000000E-015
8.378	1.0000000E-015
8.379	1.0000000E-015
8.38	1.0000000E-015
8.381	1.0000000E-015
8.382	1.0000000E-015
8.383	1.0000000E-015
8.384	1.0000000E-015
8.385	1.0000000E-015
8.386	1.0000000E-015
8.387	1.0000000E-015
8.388	1.0000000E-015
8.389	1.0000000E-015
8.39	1.0000000E-015
8.391	1.0000000E-015
8.392	1.0000000E-015
8.393	1.0000000E-015
8.394	1.0000000E-015
8.395	1.0000000E-015
8.396	1.0000000E-015
8.397	1.0000000E-015
8.398	1.0000000E-015
8.399	1.0000000E-015
8.4	1.0000000E-015
8.401	1.0000000E-015
8.402	1.0000000E-015
8.403	1.0000000E-015
8.404	1.0000000E-015
8.405	1.0000000E-015
8.406	1.0000000E-015
8.407	1.0000000E-015
8.408	1.0000000E-015
8.409	1.0000000E-015
8.41	1.0000000E-015
8.411	1.0000000E-015
8.412	1.0000000E-015
8.413	1.0000000E-015
8.414	1.0000000E-015
8.415	1.0000000E-015
8.416	1.0000000E-015
8.417	1.0000000E-015
8.418	1.0000000E-015
8.419	1.0000000E-015
8.42	1.0000000E-015
8.421	1.0000000E-015
8.422	1.0000000E-015
8.423	1.0000000E-015
8.424	1.0000000E-015
8.425	1.0000000E-015
8.426	1.0000000E-015
8.427	1.0000000E-015
8.428	1.0000000E-015
8.429	1.0000000E-015
8.43	1.0000000E-015
8.431	1.0000000E-015
8.432	1.0000000E-015
8.433	1.0000000E-015
8.434	1.0000000E-015
8.435	1.0000000E-015
8.436	1.0000000E-015
8.437	1.0000000E-015
8.438	1.0000000E-015
8.439	1.0000000E-015
8.44	1.0000000E-015
8.441	1.0000000E-015
8.442	1.0000000E-015
8.443	1.0000000E-015
8.444	1.0000000E-015
8.445	1.0000000E-015
8.446	1.0000000E-015
8.447	1.0000000E-015
8.448	1.0000000E-015
8.449	1.0000000E-015
8.45	1.0000000E-015
8.451	1.0000000E-015
8.452	1.0000000E-015
8.453	1.0000000E-015
8.454	1.0000000E-015
8.455	1.0000000E-015
8.456	1.0000000E-015
8.457	1.0000000E-015
8.458	1.0000000E-015
8.459	1.0000000E-015
8.46	1.0000000E-015
8.461	1.0000000E-015
8.462	1.0000000E-015
8.463	1.0000000E-015
8.464	1.0000000E-015
8.465	1.0000000E-015
8.466	1.0000000E-015
8.467	1.0000000E-015
8.468	1.0000000E-015
8.469	1.0000000E-015
8.47	1.0000000E-015
8.471	1.0000000E-015
8.472	1.0000000E-015
8.473	1.0000000E-015
8.474	1.0000000E-015
8.475	1.0000000E-015
8.476	1.0000000E-015
8.477	1.0000000E-015
8.478	1.0000000E-015
8.479	1.0000000E-015
8.48	1.0000000E-015
8.481	1.0000000E-015
8.482	1.0000000E-015
8.483	1.0000000E-015
8.484	1.0000000E-015
8.485	1.0000000E-015
8.486	1.0000000E-015
8.487	1.0000000E-015
8.488	1.0000000E-015
8.489	1.0000000E-015
8.49	1.0000000E-015
8.491	1.0000000E-015
8.492	1.0000000E-015
8.493	1.0000000E-015
8.494	1.0000000E-015
8.495	1.0000000E-015
8.496	1.0000000E-015
8.497	1.0000000E-015
8.498	1.0000000E-015
8.499	1.0000000E-015
8.5	1.0000000E-015
8.501	1.0000000E-015
8.502	1.0000000E-015
8.503	1.0000000E-015
8.504	1.0000000E-015
8.505	1.0000000E-015
8.506	1.0000000E-015
8.507	1.0000000E-015
8.508	1.0000000E-015
8.509	1.0000000E-015
8.51	1.0000000E-015
8.511	1.0000000E-015
8.512	1.0000000E-015
8.513	1.0000000E-015
8.514	1.0000000E-015
8.515	1.0000000E-015
8.516	1.0000000E-015
8.517	1.0000000E-015
8.518	1.0000000E-015
8.519	1.0000000E-015
8.52	1.0000000E-015
8.521	1.0000000E-015
8.522	1.0000000E-015
8.523	1.0000000E-015
8.524	1.0000000E-015
8.525	1.0000000E-015
8.526	1.0000000E-015
8.527	1.0000000E-015
8.528	1.0000000E-015
8.529	1.0000000E-015
8.53	1.0000000E-015
8.531	1.0000000E-015
8.532	1.0000000E-015
8.533	1.0000000E-015
8.534	1.0000000E-015
8.535	1.0000000E-015
8.536	1.0000000E-015
8.537	1.0000000E-015
8.538	1.0000000E-015
8.539	1.0000000E-015
8.54	1.0000000E-015
8.541	1.0000000E-015
8.542	1.0000000E-015
8.543	1.0000000E-015
8.544	1.0000000E-015
8.545	1.0000000E-015
8.546	1.0000000E-015
8.547	1.0000000E-015
8.548	1.0000000E-015
8.549	1.0000000E-015
8.55	1.0000000E-015
8.551	1.0000000E-015
8.552	1.0000000E-015
8.553	1.0000000E-015
8.554	1.0000000E-015
8.555	1.0000000E-015
8.556	1.0000000E-015
8.557	1.0000000E-015
8.558	1.0000000E-015
8.559	1.0000000E-015
8.56	1.0000000E-015
8.561	1.0000000E-015
8.562	1.0000000E-015
8.563	1.0000000E-015
8.564	1.0000000E-015
8.565	1.0000000E-015
8.566	1.0000000E-015
8.567	1.0000000E-015
8.568	1.0000000E-015
8.569	1.0000000E-015
8.57	1.0000000E-015
8.571	1.0000000E-015
8.572	1.0000000E-015
8.573	1.0000000E-015
8.574	1.0000000E-015
8.575	1.0000000E-015
8.576	1.0000000E-015
8.577	1.0000000E-015
8.578	1.0000000E-015
8.579	1.0000000E-015
8.58	1.0000000E-015
8.581	1.0000000E-015
8.582	1.0000000E-015
8.583	1.0000000E-015
8.584	1.0000000E-015
8.585	1.0000000E-015
8.586	1.0000000E-015
8.587	1.0000000E-015
8.588	1.0000000E-015
8.589	1.0000000E-015
8.59	1.0000000E-015
8.591	1.0000000E-015
8.592	1.0000000E-015
8.593	1.0000000E-015
8.594	1.0000000E-015
8.595	1.0000000E-015
8.596	1.0000000E-015
8.597	1.0000000E-015
8.598	1.0000000E-015
8.599	1.0000000E-015
8.6	1.0000000E-015
8.601	1.0000000E-015
8.602	1.0000000E-015
8.603	1.0000000E-015
8.604	1.0000000E-015
8.605	1.0000000E-015
8.606	1.0000000E-015
8.607	1.0000000E-015
8.608	1.0000000E-015
8.609	1.0000000E-015
8.61	1.0000000E-015
8.611	1.0000000E-015
8.612	1.0000000E-015
8.613	1.0000000E-015
8.614	1.0000000E-015
8.615	1.0000000E-015
8.616	1.0000000E-015
8.617	1.0000000E-015
8.618	1.0000000E-015
8.619	1.0000000E-015
8.62	1.0000000E-015
8.621	1.0000000E-015
8.622	1.0000000E-015
8.623	1.0000000E-015
8.624	1.0000000E-015
8.625	1.0000000E-015
8.626	1.0000000E-015
8.627	1.0000000E-015
8.628	1.0000000E-015
8.629	1.0000000E-015
8.63	1.0000000E-015
8.631	1.0000000E-015
8.632	1.0000000E-015
8.633	1.0000000E-015
8.634	1.0000000E-015
8.635	1.0000000E-015
8.636	1.0000000E-015
8.637	1.0000000E-015
8.638	1.0000000E-015
8.639	1.0000000E-015
8.64	1.0000000E-015
8.641	1.0000000E-015
8.642	1.0000000E-015
8.643	1.0000000E-015
8.644	1.0000000E-015
8.645	1.0000000E-015
8.646	1.0000000E-015
8.647	1.0000000E-015
8.648	1.0000000E-015
8.649	1.0000000E-015
8.65	1.0000000E-015
8.651	1.0000000E-015
8.652	1.0000000E-015
8.653	1.0000000E-015
8.654	1.0000000E-015
8.655	1.0000000E-015
8.656	1.0000000E-015
8.657	1.0000000E-015
8.658	1.0000000E-015
8.659	1.0000000E-015
8.66	1.0000000E-015
8.661	1.0000000E-015
8.662	1.0000000E-015
8.663	1.0000000E-015
8.664	1.0000000E-015
8.665	1.0000000E-015
8.666	1.0000000E-015
8.667	1.0000000E-015
8.668	1.0000000E-015
8.669	1.0000000E-015
8.67	1.0000000E-015
8.671	1.0000000E-015
8.672	1.0000000E-015
8.673	1.0000000E-015
8.674	1.0000000E-015
8.675	1.0000000E-015
8.676	1.0000000E-015
8.677	1.0000000E-015
8.678	1.0000000E-015
8.679	1.0000000E-015
8.68	1.0000000E-015
8.681	1.0000000E-015
8.682	1.0000000E-015
8.683	1.0000000E-015
8.684	1.0000000E-015
8.685	1.0000000E-015
8.686	1.0000000E-015
8.687	1.0000000E-015
8.688	1.0000000E-015
8.689	1.0000000E-015
8.69	1.0000000E-015
8.691	1.0000000E-015
8.692	1.0000000E-015
8.693	1.0000000E-015
8.694	1.0000000E-015
8.695	1.0000000E-015
8.696	1.0000000E-015
8.697	1.0000000E-015
8.698	1.0000000E-015
8.699	1.0000000E-015
8.7	1.0000000E-015
8.701	1.0000000E-015
8.702	1.0000000E-015
8.703	1.0000000E-015
8.704	1.0000000E-015
8.705	1.0000000E-015
8.706	1.0000000E-015
8.707	1.0000000E-015
8.708	1.0000000E-015
8.709	1.0000000E-015
8.71	1.0000000E-015
8.711	1.0000000E-015
8.712	1.0000000E-015
8.713	1.0000000E-015
8.714	1.0000000E-015
8.715	1.0000000E-015
8.716	1.0000000E-015
8.717	1.0000000E-015
8.718	1.0000000E-015
8.719	1.0000000E-015
8.72	1.0000000E-015
8.721	1.0000000E-015
8.722	1.0000000E-015
8.723	1.0000000E-015
8.724	1.0000000E-015
8.725	1.0000000E-015
8.726	1.0000000E-015
8.727	1.0000000E-015
8.728	1.0000000E-015
8.729	1.0000000E-015
8.73	1.0000000E-015
8.731	1.0000000E-015
8.732	1.0000000E-015
8.733	1.0000000E-015
8.734	1.0000000E-015
8.735	1.0000000E-015
8.736	1.0000000E-015
8.737	1.0000000E-015
8.738	1.0000000E-015
8.739	1.0000000E-015
8.74	1.0000000E-015
8.741	1.0000000E-015
8.742	1.0000000E-015
8.743	1.0000000E-015
8.744	1.0000000E-015
8.745	1.0000000E-015
8.746	1.0000000E-015
8.747	1.0000000E-015
8.748	1.0000000E-015
8.749	1.0000000E-015
8.75	1.0000000E-015
8.751	1.0000000E-015
8.752	1.0000000E-015
8.753	1.0000000E-015
8.754	1.0000000E-015
8.755	1.0000000E-015
8.756	1.0000000E-015
8.757	1.0000000E-015
8.758	1.0000000E-015
8.759	1.0000000E-015
8.76	1.0000000E-015
8.761	1.0000000E-015
8.762	1.0000000E-015
8.763	1.0000000E-015
8.764	1.0000000E-015
8.765	1.0000000E-015
8.766	1.0000000E-015
8.767	1.0000000E-015
8.768	1.0000000E-015
8.769	1.0000000E-015
8.77	1.0000000E-015
8.771	1.0000000E-015
8.772	1.0000000E-015
8.773	1.0000000E-015
8.774	1.0000000E-015
8.775	1.0000000E-015
8.776	1.0000000E-015
8.777	1.0000000E-015
8.778	1.0000000E-015
8.779	1.0000000E-015
8.78	1.0000000E-015
8.781	1.0000000E-015
8.782	1.0000000E-015
8.783	1.0000000E-015
8.784	1.0000000E-015
8.785	1.0000000E-015
8.786	1.0000000E-015
8.787	1.0000000E-015
8.788	1.0000000E-015
8.789	1.0000000E-015
8.79	1.0000000E-015
8.791	1.0000000E-015
8.792	1.0000000E-015
8.793	1.0000000E-015
8.794	1.0000000E-015
8.795	1.0000000E-015
8.796	1.0000000E-015
8.797	1.0000000E-015
8.798	1.0000000E-015
8.799	1.0000000E-015
8.8	1.0000000E-015
8.801	1.0000000E-015
8.802	1.0000000E-015
8.803	1.0000000E-015
8.804	1.0000000E-015
8.805	1.0000000E-015
8.806	1.0000000E-015
8.807	1.0000000E-015
8.808	1.0000000E-015
8.809	1.0000000E-015
8.81	1.0000000E-015
8.811	1.0000000E-015
8.812	1.0000000E-015
8.813	1.0000000E-015
8.814	1.0000000E-015
8.815	1.0000000E-015
8.816	1.0000000E-015
8.817	1.0000000E-015
8.818	1.0000000E-015
8.819	1.0000000E-015
8.82	1.0000000E-015
8.821	1.0000000E-015
8.822	1.0000000E-015
8.823	1.0000000E-015
8.824	1.0000000E-015
8.825	1.0000000E-015
8.826	1.0000000E-015
8.827	1.0000000E-015
8.828	1.0000000E-015
8.829	1.0000000E-015
8.83	1.0000000E-015
8.831	1.0000000E-015
8.832	1.0000000E-015
8.833	1.0000000E-015
8.834	1.0000000E-015
8.835	1.0000000E-015
8.836	1.0000000E-015
8.837	1.0000000E-015
8.838	1.0000000E-015
8.839	1.0000000E-015
8.84	1.0000000E-015
8.841	1.0000000E-015
8.842	1.0000000E-015
8.843	1.0000000E-015
8.844	1.0000000E-015
8.845	1.0000000E-015
8.846	1.0000000E-015
8.847	1.0000000E-015
8.848	1.0000000E-015
8.849	1.0000000E-015
8.85	1.0000000E-015
8.851	1.0000000E-015
8.852	1.0000000E-015
8.853	1.0000000E-015
8.854	1.0000000E-015
8.855	1.0000000E-015
8.856	1.0000000E-015
8.857	1.0000000E-015
8.858	1.0000000E-015
8.859	1.0000000E-015
8.86	1.0000000E-015
8.861	1.0000000E-015
8.862	1.0000000E-015
8.863	1.0000000E-015
8.864	1.0000000E-015
8.865	1.0000000E-015
8.866	1.0000000E-015
8.867	1.0000000E-015
8.868	1.0000000E-015
8.869	1.0000000E-015
8.87	1.0000000E-015
8.871	1.0000000E-015
8.872	1.0000000E-015
8.873	1.0000000E-015
8.874	1.0000000E-015
8.875	1.0000000E-015
8.876	1.0000000E-015
8.877	1.0000000E-015
8.878	1.0000000E-015
8.879	1.0000000E-015
8.88	1.0000000E-015
8.881	1.0000000E-015
8.882	1.0000000E-015
8.883	1.0000000E-015
8.884	1.0000000E-015
8.885	1.0000000E-015
8.886	1.0000000E-015
8.887	1.0000000E-015
8.888	1.0000000E-015
8.889	1.0000000E-015
8.89	1.0000000E-015
8.891	1.0000000E-015
8.892	1.0000000E-015
8.893	1.0000000E-015
8.894	1.0000000E-015
8.895	1.0000000E-015
8.896	1.0000000E-015
8.897	1.0000000E-015
8.898	1.0000000E-015
8.899	1.0000000E-015
8.9	1.0000000E-015
8.901	1.0000000E-015
8.902	1.0000000E-015
8.903	1.0000000E-015
8.904	1.0000000E-015
8.905	1.0000000E-015
8.906	1.0000000E-015
8.907	1.0000000E-015
8.908	1.0000000E-015
8.909	1.0000000E-015
8.91	1.0000000E-015
8.911	1.0000000E-015
8.912	1.0000000E-015
8.913	1.0000000E-015
8.914	1.0000000E-015
8.915	1.0000000E-015
8.916	1.0000000E-015
8.917	1.0000000E-015
8.918	1.0000000E-015
8.919	1.0000000E-015
8.92	1.0000000E-015
8.921	1.0000000E-015
8.922	1.0000000E-015
8.923	1.0000000E-015
8.924	1.0000000E-015
8.925	1.0000000E-015
8.926	1.0000000E-015
8.927	1.0000000E-015
8.928	1.0000000E-015
8.929	1.0000000E-015
8.93	1.0000000E-015
8.931	1.0000000E-015
8.932	1.0000000E-015
8.933	1.0000000E-015
8.934	1.0000000E-015
8.935	1.0000000E-015
8.936	1.0000000E-015
8.937	1.0000000E-015
8.938	1.0000000E-015
8.939	1.0000000E-015
8.94	1.0000000E-015
8.941	1.0000000E-015
8.942	1.0000000E-015
8.943	1.0000000E-015
8.944	1.0000000E-015
8.945	1.0000000E-015
8.946	1.0000000E-015
8.947	1.0000000E-015
8.948	1.0000000E-015
8.949	1.0000000E-015
8.95	1.0000000E-015
8.951	1.0000000E-015
8.952	1.0000000E-015
8.953	1.0000000E-015
8.954	1.0000000E-015
8.955	1.0000000E-015
8.956	1.0000000E-015
8.957	1.0000000E-015
8.958	1.0000000E-015
8.959	1.0000000E-015
8.96	1.0000000E-015
8.961	1.0000000E-015
8.962	1.0000000E-015
8.963	1.0000000E-015
8.964	1.0000000E-015
8.965	1.0000000E-015
8.966	1.0000000E-015
8.967	1.0000000E-015
8.968	1.0000000E-015
8.969	1.0000000E-015
8.97	1.0000000E-015
8.971	1.0000000E-015
8.972	1.0000000E-015
8.973	1.0000000E-015
8.974	1.0000000E-015
8.975	1.0000000E-015
8.976	1.0000000E-015
8.977	1.0000000E-015
8.978	1.0000000E-015
8.979	1.0000000E-015
8.98	1.0000000E-015
8.981	1.0000000E-015
8.982	1.0000000E-015
8.983	1.0000000E-015
8.984	1.0000000E-015
8.985	1.0000000E-015
8.986	1.0000000E-015
8.987	1.0000000E-015
8.988	1.0000000E-015
8.989	1.0000000E-015
8.99	1.0000000E-015
8.991	1.0000000E-015
8.992	1.0000000E-015
8.993	1.0000000E-015
8.994	1.0000000E-015
8.995	1.0000000E-015
8.996	1.0000000E-015
8.997	1.0000000E-015
8.998	1.0000000E-015
8.999	1.0000000E-015
9	1.0000000E-015
9.001	1.0000000E-015
9.002	1.0000000E-015
9.003	1.0000000E-015
9.004	1.0000000E-015
9.005	1.0000000E-015
9.006	1.0000000E-015
9.007	1.0000000E-015
9.008	1.0000000E-015
9.009	1.0000000E-015
9.01	1.0000000E-015
9.011	1.0000000E-015
9.012	1.0000000E-015
9.013	1.0000000E-015
9.014	1.0000000E-015
9.015	1.0000000E-015
9.016	1.0000000E-015
9.017	1.0000000E-015
9.018	1.0000000E-015
9.019	1.0000000E-015
9.02	1.0000000E-015
9.021	1.0000000E-015
9.022	1.0000000E-015
9.023	1.0000000E-015
9.024	1.0000000E-015
9.025	1.0000000E-015
9.026	1.0000000E-015
9.027	1.0000000E-015
9.028	1.0000000E-015
9.029	1.0000000E-015
9.03	1.0000000E-015
9.031	1.0000000E-015
9.032	1.0000000E-015
9.033	1.0000000E-015
9.034	1.0000000E-015
9.035	1.0000000E-015
9.036	1.0000000E-015
9.037	1.0000000E-015
9.038	1.0000000E-015
9.039	1.0000000E-015
9.04	1.0000000E-015
9.041	1.0000000E-015
9.042	1.0000000E-015
9.043	1.0000000E-015
9.044	1.0000000E-015
9.045	1.0000000E-015
9.046	1.0000000E-015
9.047	1.0000000E-015
9.048	1.0000000E-015
9.049	1.0000000E-015
9.05	1.0000000E-015
9.051	1.0000000E-015
9.052	1.0000000E-015
9.053	1.0000000E-015
9.054	1.0000000E-015
9.055	1.0000000E-015
9.056	1.0000000E-015
9.057	1.0000000E-015
9.058	1.0000000E-015
9.059	1.0000000E-015
9.06	1.0000000E-015
9.061	1.0000000E-015
9.062	1.0000000E-015
9.063	1.0000000E-015
9.064	1.0000000E-015
9.065	1.0000000E-015
9.066	1.0000000E-015
9.067	1.0000000E-015
9.068	1.0000000E-015
9.069	1.0000000E-015
9.07	1.0000000E-015
9.071	1.0000000E-015
9.072	1.0000000E-015
9.073	1.0000000E-015
9.074	1.0000000E-015
9.075	1.0000000E-015
9.076	1.0000000E-015
9.077	1.0000000E-015
9.078	1.0000000E-015
9.079	1.0000000E-015
9.08	1.0000000E-015
9.081	1.0000000E-015
9.082	1.0000000E-015
9.083	1.0000000E-015
9.084	1.0000000E-015
9.085	1.0000000E-015
9.086	1.0000000E-015
9.087	1.0000000E-015
9.088	1.0000000E-015
9.089	1.0000000E-015
9.09	1.0000000E-015
9.091	1.0000000E-015
9.092	1.0000000E-015
9.093	1.0000000E-015
9.094	1.0000000E-015
9.095	1.0000000E-015
9.096	1.0000000E-015
9.097	1.0000000E-015
9.098	1.0000000E-015
9.099	1.0000000E-015
9.1	1.0000000E-015
9.101	1.0000000E-015
9.102	1.0000000E-015
9.103	1.0000000E-015
9.104	1.0000000E-015
9.105	1.0000000E-015
9.106	1.0000000E-015
9.107	1.0000000E-015
9.108	1.0000000E-015
9.109	1.0000000E-015
9.11	1.0000000E-015
9.111	1.0000000E-015
9.112	1.0000000E-015
9.113	1.0000000E-015
9.114	1.0000000E-015
9.115	1.0000000E-015
9.116	1.0000000E-015
9.117	1.0000000E-015
9.118	1.0000000E-015
9.119	1.0000000E-015
9.12	1.0000000E-015
9.121	1.0000000E-015
9.122	1.0000000E-015
9.123	1.0000000E-015
9.124	1.0000000E-015
9.125	1.0000000E-015
9.126	1.0000000E-015
9.127	1.0000000E-015
9.128	1.0000000E-015
9.129	1.0000000E-015
9.13	1.0000000E-015
9.131	1.0000000E-015
9.132	1.0000000E-015
9.133	1.0000000E-015
9.134	1.0000000E-015
9.135	1.0000000E-015
9.136	1.0000000E-015
9.137	1.0000000E-015
9.138	1.0000000E-015
9.139	1.0000000E-015
9.14	1.0000000E-015
9.141	1.0000000E-015
9.142	1.0000000E-015
9.143	1.0000000E-015
9.144	1.0000000E-015
9.145	1.0000000E-015
9.146	1.0000000E-015
9.147	1.0000000E-015
9.148	1.0000000E-015
9.149	1.0000000E-015
9.15	1.0000000E-015
9.151	1.0000000E-015
9.152	1.0000000E-015
9.153	1.0000000E-015
9.154	1.0000000E-015
9.155	1.0000000E-015
9.156	1.0000000E-015
9.157	1.0000000E-015
9.158	1.0000000E-015
9.159	1.0000000E-015
9.16	1.0000000E-015
9.161	1.0000000E-015
9.162	1.0000000E-015
9.163	1.0000000E-015
9.164	1.0000000E-015
9.165	1.0000000E-015
9.166	1.0000000E-015
9.167	1.0000000E-015
9.168	1.0000000E-015
9.169	1.0000000E-015
9.17	1.0000000E-015
9.171	1.0000000E-015
9.172	1.0000000E-015
9.173	1.0000000E-015
9.174	1.0000000E-015
9.175	1.0000000E-015
9.176	1.0000000E-015
9.177	1.0000000E-015
9.178	1.0000000E-015
9.179	1.0000000E-015
9.18	1.0000000E-015
9.181	1.0000000E-015
9.182	1.0000000E-015
9.183	1.0000000E-015
9.184	1.0000000E-015
9.185	1.0000000E-015
9.186	1.0000000E-015
9.187	1.0000000E-015
9.188	1.0000000E-015
9.189	1.0000000E-015
9.19	1.0000000E-015
9.191	1.0000000E-015
9.192	1.0000000E-015
9.193	1.0000000E-015
9.194	1.0000000E-015
9.195	1.0000000E-015
9.196	1.0000000E-015
9.197	1.0000000E-015
9.198	1.0000000E-015
9.199	1.0000000E-015
9.2	1.0000000E-015
9.201	1.0000000E-015
9.202	1.0000000E-015
9.203	1.0000000E-015
9.204	1.0000000E-015
9.205	1.0000000E-015
9.206	1.0000000E-015
9.207	1.0000000E-015
9.208	1.0000000E-015
9.209	1.0000000E-015
9.21	1.0000000E-015
9.211	1.0000000E-015
9.212	1.0000000E-015
9.213	1.0000000E-015
9.214	1.0000000E-015
9.215	1.0000000E-015
9.216	1.0000000E-015
9.217	1.0000000E-015
9.218	1.0000000E-015
9.219	1.0000000E-015
9.22	1.0000000E-015
9.221	1.0000000E-015
9.222	1.0000000E-015
9.223	1.0000000E-015
9.224	1.0000000E-015
9.225	1.0000000E-015
9.226	1.0000000E-015
9.227	1.0000000E-015
9.228	1.0000000E-015
9.229	1.0000000E-015
9.23	1.0000000E-015
9.231	1.0000000E-015
9.232	1.0000000E-015
9.233	1.0000000E-015
9.234	1.0000000E-015
9.235	1.0000000E-015
9.236	1.0000000E-015
9.237	1.0000000E-015
9.238	1.0000000E-015
9.239	1.0000000E-015
9.24	1.0000000E-015
9.241	1.0000000E-015
9.242	1.0000000E-015
9.243	1.0000000E-015
9.244	1.0000000E-015
9.245	1.0000000E-015
9.246	1.0000000E-015
9.247	1.0000000E-015
9.248	1.0000000E-015
9.249	1.0000000E-015
9.25	1.0000000E-015
9.251	1.0000000E-015
9.252	1.0000000E-015
9.253	1.0000000E-015
9.254	1.0000000E-015
9.255	1.0000000E-015
9.256	1.0000000E-015
9.257	1.0000000E-015
9.258	1.0000000E-015
9.259	1.0000000E-015
9.26	1.0000000E-015
9.261	1.0000000E-015
9.262	1.0000000E-015
9.263	1.0000000E-015
9.264	1.0000000E-015
9.265	1.0000000E-015
9.266	1.0000000E-015
9.267	1.0000000E-015
9.268	1.0000000E-015
9.269	1.0000000E-015
9.27	1.0000000E-015
9.271	1.0000000E-015
9.272	1.0000000E-015
9.273	1.0000000E-015
9.274	1.0000000E-015
9.275	1.0000000E-015
9.276	1.0000000E-015
9.277	1.0000000E-015
9.278	1.0000000E-015
9.279	1.0000000E-015
9.28	1.0000000E-015
9.281	1.0000000E-015
9.282	1.0000000E-015
9.283	1.0000000E-015
9.284	1.0000000E-015
9.285	1.0000000E-015
9.286	1.0000000E-015
9.287	1.0000000E-015
9.288	1.0000000E-015
9.289	1.0000000E-015
9.29	1.0000000E-015
9.291	1.0000000E-015
9.292	1.0000000E-015
9.293	1.0000000E-015
9.294	1.0000000E-015
9.295	1.0000000E-015
9.296	1.0000000E-015
9.297	1.0000000E-015
9.298	1.0000000E-015
9.299	1.0000000E-015
9.3	1.0000000E-015
9.301	1.0000000E-015
9.302	1.0000000E-015
9.303	1.0000000E-015
9.304	1.0000000E-015
9.305	1.0000000E-015
9.306	1.0000000E-015
9.307	1.0000000E-015
9.308	1.0000000E-015
9.309	1.0000000E-015
9.31	1.0000000E-015
9.311	1.0000000E-015
9.312	1.0000000E-015
9.313	1.0000000E-015
9.314	1.0000000E-015
9.315	1.0000000E-015
9.316	1.0000000E-015
9.317	1.0000000E-015
9.318	1.0000000E-015
9.319	1.0000000E-015
9.32	1.0000000E-015
9.321	1.0000000E-015
9.322	1.0000000E-015
9.323	1.0000000E-015
9.324	1.0000000E-015
9.325	1.0000000E-015
9.326	1.0000000E-015
9.327	1.0000000E-015
9.328	1.0000000E-015
9.329	1.0000000E-015
9.33	1.0000000E-015
9.331	1.0000000E-015
9.332	1.0000000E-015
9.333	1.0000000E-015
9.334	1.0000000E-015
9.335	1.0000000E-015
9.336	1.0000000E-015
9.337	1.0000000E-015
9.338	1.0000000E-015
9.339	1.0000000E-015
9.34	1.0000000E-015
9.341	1.0000000E-015
9.342	1.0000000E-015
9.343	1.0000000E-015
9.344	1.0000000E-015
9.345	1.0000000E-015
9.346	1.0000000E-015
9.347	1.0000000E-015
9.348	1.0000000E-015
9.349	1.0000000E-015
9.35	1.0000000E-015
9.351	1.0000000E-015
9.352	1.0000000E-015
9.353	1.0000000E-015
9.354	1.0000000E-015
9.355	1.0000000E-015
9.356	1.0000000E-015
9.357	1.0000000E-015
9.358	1.0000000E-015
9.359	1.0000000E-015
9.36	1.0000000E-015
9.361	1.0000000E-015
9.362	1.0000000E-015
9.363	1.0000000E-015
9.364	1.0000000E-015
9.365	1.0000000E-015
9.366	1.0000000E-015
9.367	1.0000000E-015
9.368	1.0000000E-015
9.369	1.0000000E-015
9.37	1.0000000E-015
9.371	1.0000000E-015
9.372	1.0000000E-015
9.373	1.0000000E-015
9.374	1.0000000E-015
9.375	1.0000000E-015
9.376	1.0000000E-015
9.377	1.0000000E-015
9.378	1.0000000E-015
9.379	1.0000000E-015
9.38	1.0000000E-015
9.381	1.0000000E-015
9.382	1.0000000E-015
9.383	1.0000000E-015
9.384	1.0000000E-015
9.385	1.0000000E-015
9.386	1.0000000E-015
9.387	1.0000000E-015
9.388	1.0000000E-015
9.389	1.0000000E-015
9.39	1.0000000E-015
9.391	1.0000000E-015
9.392	1.0000000E-015
9.393	1.0000000E-015
9.394	1.0000000E-015
9.395	1.0000000E-015
9.396	1.0000000E-015
9.397	1.0000000E-015
9.398	1.0000000E-015
9.399	1.0000000E-015
9.4	1.0000000E-015
9.401	1.0000000E-015
9.402	1.0000000E-015
9.403	1.0000000E-015
9.404	1.0000000E-015
9.405	1.0000000E-015
9.406	1.0000000E-015
9.407	1.0000000E-015
9.408	1.0000000E-015
9.409	1.0000000E-015
9.41	1.0000000E-015
9.411	1.0000000E-015
9.412	1.0000000E-015
9.413	1.0000000E-015
9.414	1.0000000E-015
9.415	1.0000000E-015
9.416	1.0000000E-015
9.417	1.0000000E-015
9.418	1.0000000E-015
9.419	1.0000000E-015
9.42	1.0000000E-015
9.421	1.0000000E-015
9.422	1.0000000E-015
9.423	1.0000000E-015
9.424	1.0000000E-015
9.425	1.0000000E-015
9.426	1.0000000E-015
9.427	1.0000000E-015
9.428	1.0000000E-015
9.429	1.0000000E-015
9.43	1.0000000E-015
9.431	1.0000000E-015
9.432	1.0000000E-015
9.433	1.0000000E-015
9.434	1.0000000E-015
9.435	1.0000000E-015
9.436	1.0000000E-015
9.437	1.0000000E-015
9.438	1.0000000E-015
9.439	1.0000000E-015
9.44	1.0000000E-015
9.441	1.0000000E-015
9.442	1.0000000E-015
9.443	1.0000000E-015
9.444	1.0000000E-015
9.445	1.0000000E-015
9.446	1.0000000E-015
9.447	1.0000000E-015
9.448	1.0000000E-015
9.449	1.0000000E-015
9.45	1.0000000E-015
9.451	1.0000000E-015
9.452	1.0000000E-015
9.453	1.0000000E-015
9.454	1.0000000E-015
9.455	1.0000000E-015
9.456	1.0000000E-015
9.457	1.0000000E-015
9.458	1.0000000E-015
9.459	1.0000000E-015
9.46	1.0000000E-015
9.461	1.0000000E-015
9.462	1.0000000E-015
9.463	1.0000000E-015
9.464	1.0000000E-015
9.465	1.0000000E-015
9.466	1.0000000E-015
9.467	1.0000000E-015
9.468	1.0000000E-015
9.469	1.0000000E-015
9.47	1.0000000E-015
9.471	1.0000000E-015
9.472	1.0000000E-015
9.473	1.0000000E-015
9.474	1.0000000E-015
9.475	1.0000000E-015
9.476	1.0000000E-015
9.477	1.0000000E-015
9.478	1.0000000E-015
9.479	1.0000000E-015
9.48	1.0000000E-015
9.481	1.0000000E-015
9.482	1.0000000E-015
9.483	1.0000000E-015
9.484	1.0000000E-015
9.485	1.0000000E-015
9.486	1.0000000E-015
9.487	1.0000000E-015
9.488	1.0000000E-015
9.489	1.0000000E-015
9.49	1.0000000E-015
9.491	1.0000000E-015
9.492	1.0000000E-015
9.493	1.0000000E-015
9.494	1.0000000E-015
9.495	1.0000000E-015
9.496	1.0000000E-015
9.497	1.0000000E-015
9.498	1.0000000E-015
9.499	1.0000000E-015
9.5	1.0000000E-015
9.501	1.0000000E-015
9.502	1.0000000E-015
9.503	1.0000000E-015
9.504	1.0000000E-015
9.505	1.0000000E-015
9.506	1.0000000E-015
9.507	1.0000000E-015
9.508	1.0000000E-015
9.509	1.0000000E-015
9.51	1.0000000E-015
9.511	1.0000000E-015
9.512	1.0000000E-015
9.513	1.0000000E-015
9.514	1.0000000E-015
9.515	1.0000000E-015
9.516	1.0000000E-015
9.517	1.0000000E-015
9.518	1.0000000E-015
9.519	1.0000000E-015
9.52	1.0000000E-015
9.521	1.0000000E-015
9.522	1.0000000E-015
9.523	1.0000000E-015
9.524	1.0000000E-015
9.525	1.0000000E-015
9.526	1.0000000E-015
9.527	1.0000000E-015
9.528	1.0000000E-015
9.529	1.0000000E-015
9.53	1.0000000E-015
9.531	1.0000000E-015
9.532	1.0000000E-015
9.533	1.0000000E-015
9.534	1.0000000E-015
9.535	1.0000000E-015
9.536	1.0000000E-015
9.537	1.0000000E-015
9.538	1.0000000E-015
9.539	1.0000000E-015
9.54	1.0000000E-015
9.541	1.0000000E-015
9.542	1.0000000E-015
9.543	1.0000000E-015
9.544	1.0000000E-015
9.545	1.0000000E-015
9.546	1.0000000E-015
9.547	1.0000000E-015
9.548	1.0000000E-015
9.549	1.0000000E-015
9.55	1.0000000E-015
9.551	1.0000000E-015
9.552	1.0000000E-015
9.553	1.0000000E-015
9.554	1.0000000E-015
9.555	1.0000000E-015
9.556	1.0000000E-015
9.557	1.0000000E-015
9.558	1.0000000E-015
9.559	1.0000000E-015
9.56	1.0000000E-015
9.561	1.0000000E-015
9.562	1.0000000E-015
9.563	1.0000000E-015
9.564	1.0000000E-015
9.565	1.0000000E-015
9.566	1.0000000E-015
9.567	1.0000000E-015
9.568	1.0000000E-015
9.569	1.0000000E-015
9.57	1.0000000E-015
9.571	1.0000000E-015
9.572	1.0000000E-015
9.573	1.0000000E-015
9.574	1.0000000E-015
9.575	1.0000000E-015
9.576	1.0000000E-015
9.577	1.0000000E-015
9.578	1.0000000E-015
9.579	1.0000000E-015
9.58	1.0000000E-015
9.581	1.0000000E-015
9.582	1.0000000E-015
9.583	1.0000000E-015
9.584	1.0000000E-015
9.585	1.0000000E-015
9.586	1.0000000E-015
9.587	1.0000000E-015
9.588	1.0000000E-015
9.589	1.0000000E-015
9.59	1.0000000E-015
9.591	1.0000000E-015
9.592	1.0000000E-015
9.593	1.0000000E-015
9.594	1.0000000E-015
9.595	1.0000000E-015
9.596	1.0000000E-015
9.597	1.0000000E-015
9.598	1.0000000E-015
9.599	1.0000000E-015
9.6	1.0000000E-015
9.601	1.0000000E-015
9.602	1.0000000E-015
9.603	1.0000000E-015
9.604	1.0000000E-015
9.605	1.0000000E-015
9.606	1.0000000E-015
9.607	1.0000000E-015
9.608	1.0000000E-015
9.609	1.0000000E-015
9.61	1.0000000E-015
9.611	1.0000000E-015
9.612	1.0000000E-015
9.613	1.0000000E-015
9.614	1.0000000E-015
9.615	1.0000000E-015
9.616	1.0000000E-015
9.617	1.0000000E-015
9.618	1.0000000E-015
9.619	1.0000000E-015
9.62	1.0000000E-015
9.621	1.0000000E-015
9.622	1.0000000E-015
9.623	1.0000000E-015
9.624	1.0000000E-015
9.625	1.0000000E-015
9.626	1.0000000E-015
9.627	1.0000000E-015
9.628	1.0000000E-015
9.629	1.0000000E-015
9.63	1.0000000E-015
9.631	1.0000000E-015
9.632	1.0000000E-015
9.633	1.0000000E-015
9.634	1.0000000E-015
9.635	1.0000000E-015
9.636	1.0000000E-015
9.637	1.0000000E-015
9.638	1.0000000E-015
9.639	1.0000000E-015
9.64	1.0000000E-015
9.641	1.0000000E-015
9.642	1.0000000E-015
9.643	1.0000000E-015
9.644	1.0000000E-015
9.645	1.0000000E-015
9.646	1.0000000E-015
9.647	1.0000000E-015
9.648	1.0000000E-015
9.649	1.0000000E-015
9.65	1.0000000E-015
9.651	1.0000000E-015
9.652	1.0000000E-015
9.653	1.0000000E-015
9.654	1.0000000E-015
9.655	1.0000000E-015
9.656	1.0000000E-015
9.657	1.0000000E-015
9.658	1.0000000E-015
9.659	1.0000000E-015
9.66	1.0000000E-015
9.661	1.0000000E-015
9.662	1.0000000E-015
9.663	1.0000000E-015
9.664	1.0000000E-015
9.665	1.0000000E-015
9.666	1.0000000E-015
9.667	1.0000000E-015
9.668	1.0000000E-015
9.669	1.0000000E-015
9.67	1.0000000E-015
9.671	1.0000000E-015
9.672	1.0000000E-015
9.673	1.0000000E-015
9.674	1.0000000E-015
9.675	1.0000000E-015
9.676	1.0000000E-015
9.677	1.0000000E-015
9.678	1.0000000E-015
9.679	1.0000000E-015
9.68	1.0000000E-015
9.681	1.0000000E-015
9.682	1.0000000E-015
9.683	1.0000000E-015
9.684	1.0000000E-015
9.685	1.0000000E-015
9.686	1.0000000E-015
9.687	1.0000000E-015
9.688	1.0000000E-015
9.689	1.0000000E-015
9.69	1.0000000E-015
9.691	1.0000000E-015
9.692	1.0000000E-015
9.693	1.0000000E-015
9.694	1.0000000E-015
9.695	1.0000000E-015
9.696	1.0000000E-015
9.697	1.0000000E-015
9.698	1.0000000E-015
9.699	1.0000000E-015
9.7	1.0000000E-015
9.701	1.0000000E-015
9.702	1.0000000E-015
9.703	1.0000000E-015
9.704	1.0000000E-015
9.705	1.0000000E-015
9.706	1.0000000E-015
9.707	1.0000000E-015
9.708	1.0000000E-015
9.709	1.0000000E-015
9.71	1.0000000E-015
9.711	1.0000000E-015
9.712	1.0000000E-015
9.713	1.0000000E-015
9.714	1.0000000E-015
9.715	1.0000000E-015
9.716	1.0000000E-015
9.717	1.0000000E-015
9.718	1.0000000E-015
9.719	1.0000000E-015
9.72	1.0000000E-015
9.721	1.0000000E-015
9.722	1.0000000E-015
9.723	1.0000000E-015
9.724	1.0000000E-015
9.725	1.0000000E-015
9.726	1.0000000E-015
9.727	1.0000000E-015
9.728	1.0000000E-015
9.729	1.0000000E-015
9.73	1.0000000E-015
9.731	1.0000000E-015
9.732	1.0000000E-015
9.733	1.0000000E-015
9.734	1.0000000E-015
9.735	1.0000000E-015
9.736	1.0000000E-015
9.737	1.0000000E-015
9.738	1.0000000E-015
9.739	1.0000000E-015
9.74	1.0000000E-015
9.741	1.0000000E-015
9.742	1.0000000E-015
9.743	1.0000000E-015
9.744	1.0000000E-015
9.745	1.0000000E-015
9.746	1.0000000E-015
9.747	1.0000000E-015
9.748	1.0000000E-015
9.749	1.0000000E-015
9.75	1.0000000E-015
9.751	1.0000000E-015
9.752	1.0000000E-015
9.753	1.0000000E-015
9.754	1.0000000E-015
9.755	1.0000000E-015
9.756	1.0000000E-015
9.757	1.0000000E-015
9.758	1.0000000E-015
9.759	1.0000000E-015
9.76	1.0000000E-015
9.761	1.0000000E-015
9.762	1.0000000E-015
9.763	1.0000000E-015
9.764	1.0000000E-015
9.765	1.0000000E-015
9.766	1.0000000E-015
9.767	1.0000000E-015
9.768	1.0000000E-015
9.769	1.0000000E-015
9.77	1.0000000E-015
9.771	1.0000000E-015
9.772	1.0000000E-015
9.773	1.0000000E-015
9.774	1.0000000E-015
9.775	1.0000000E-015
9.776	1.0000000E-015
9.777	1.0000000E-015
9.778	1.0000000E-015
9.779	1.0000000E-015
9.78	1.0000000E-015
9.781	1.0000000E-015
9.782	1.0000000E-015
9.783	1.0000000E-015
9.784	1.0000000E-015
9.785	1.0000000E-015
9.786	1.0000000E-015
9.787	1.0000000E-015
9.788	1.0000000E-015
9.789	1.0000000E-015
9.79	1.0000000E-015
9.791	1.0000000E-015
9.792	1.0000000E-015
9.793	1.0000000E-015
9.794	1.0000000E-015
9.795	1.0000000E-015
9.796	1.0000000E-015
9.797	1.0000000E-015
9.798	1.0000000E-015
9.799	1.0000000E-015
9.8	1.0000000E-015
9.801	1.0000000E-015
9.802	1.0000000E-015
9.803	1.0000000E-015
9.804	1.0000000E-015
9.805	1.0000000E-015
9.806	1.0000000E-015
9.807	1.0000000E-015
9.808	1.0000000E-015
9.809	1.0000000E-015
9.81	1.0000000E-015
9.811	1.0000000E-015
9.812	1.0000000E-015
9.813	1.0000000E-015
9.814	1.0000000E-015
9.815	1.0000000E-015
9.816	1.0000000E-015
9.817	1.0000000E-015
9.818	1.0000000E-015
9.819	1.0000000E-015
9.82	1.0000000E-015
9.821	1.0000000E-015
9.822	1.0000000E-015
9.823	1.0000000E-015
9.824	1.0000000E-015
9.825	1.0000000E-015
9.826	1.0000000E-015
9.827	1.0000000E-015
9.828	1.0000000E-015
9.829	1.0000000E-015
9.83	1.0000000E-015
9.831	1.0000000E-015
9.832	1.0000000E-015
9.833	1.0000000E-015
9.834	1.0000000E-015
9.835	1.0000000E-015
9.836	1.0000000E-015
9.837	1.0000000E-015
9.838	1.0000000E-015
9.839	1.0000000E-015
9.84	1.0000000E-015
9.841	1.0000000E-015
9.842	1.0000000E-015
9.843	1.0000000E-015
9.844	1.0000000E-015
9.845	1.0000000E-015
9.846	1.0000000E-015
9.847	1.0000000E-015
9.848	1.0000000E-015
9.849	1.0000000E-015
9.85	1.0000000E-015
9.851	1.0000000E-015
9.852	1.0000000E-015
9.853	1.0000000E-015
9.854	1.0000000E-015
9.855	1.0000000E-015
9.856	1.0000000E-015
9.857	1.0000000E-015
9.858	1.0000000E-015
9.859	1.0000000E-015
9.86	1.0000000E-015
9.861	1.0000000E-015
9.862	1.0000000E-015
9.863	1.0000000E-015
9.864	1.0000000E-015
9.865	1.0000000E-015
9.866	1.0000000E-015
9.867	1.0000000E-015
9.868	1.0000000E-015
9.869	1.0000000E-015
9.87	1.0000000E-015
9.871	1.0000000E-015
9.872	1.0000000E-015
9.873	1.0000000E-015
9.874	1.0000000E-015
9.875	1.0000000E-015
9.876	1.0000000E-015
9.877	1.0000000E-015
9.878	1.0000000E-015
9.879	1.0000000E-015
9.88	1.0000000E-015
9.881	1.0000000E-015
9.882	1.0000000E-015
9.883	1.0000000E-015
9.884	1.0000000E-015
9.885	1.0000000E-015
9.886	1.0000000E-015
9.887	1.0000000E-015
9.888	1.0000000E-015
9.889	1.0000000E-015
9.89	1.0000000E-015
9.891	1.0000000E-015
9.892	1.0000000E-015
9.893	1.0000000E-015
9.894	1.0000000E-015
9.895	1.0000000E-015
9.896	1.0000000E-015
9.897	1.0000000E-015
9.898	1.0000000E-015
9.899	1.0000000E-015
9.9	1.0000000E-015
9.901	1.0000000E-015
9.902	1.0000000E-015
9.903	1.0000000E-015
9.904	1.0000000E-015
9.905	1.0000000E-015
9.906	1.0000000E-015
9.907	1.0000000E-015
9.908	1.0000000E-015
9.909	1.0000000E-015
9.91	1.0000000E-015
9.911	1.0000000E-015
9.912	1.0000000E-015
9.913	1.0000000E-015
9.914	1.0000000E-015
9.915	1.0000000E-015
9.916	1.0000000E-015
9.917	1.0000000E-015
9.918	1.0000000E-015
9.919	1.0000000E-015
9.92	1.0000000E-015
9.921	1.0000000E-015
9.922	1.0000000E-015
9.923	1.0000000E-015
9.924	1.0000000E-015
9.925	1.0000000E-015
9.926	1.0000000E-015
9.927	1.0000000E-015
9.928	1.0000000E-015
9.929	1.0000000E-015
9.93	1.0000000E-015
9.931	1.0000000E-015
9.932	1.0000000E-015
9.933	1.0000000E-015
9.934	1.0000000E-015
9.935	1.0000000E-015
9.936	1.0000000E-015
9.937	1.0000000E-015
9.938	1.0000000E-015
9.939	1.0000000E-015
9.94	1.0000000E-015
9.941	1.0000000E-015
9.942	1.0000000E-015
9.943	1.0000000E-015
9.944	1.0000000E-015
9.945	1.0000000E-015
9.946	1.0000000E-015
9.947	1.0000000E-015
9.948	1.0000000E-015
9.949	1.0000000E-015
9.95	1.0000000E-015
9.951	1.0000000E-015
9.952	1.0000000E-015
9.953	1.0000000E-015
9.954	1.0000000E-015
9.955	1.0000000E-015
9.956	1.0000000E-015
9.957	1.0000000E-015
9.958	1.0000000E-015
9.959	1.0000000E-015
9.96	1.0000000E-015
9.961	1.0000000E-015
9.962	1.0000000E-015
9.963	1.0000000E-015
9.964	1.0000000E-015
9.965	1.0000000E-015
9.966	1.0000000E-015
9.967	1.0000000E-015
9.968	1.0000000E-015
9.969	1.0000000E-015
9.97	1.0000000E-015
9.971	1.0000000E-015
9.972	1.0000000E-015
9.973	1.0000000E-015
9.974	1.0000000E-015
9.975	1.0000000E-015
9.976	1.0000000E-015
9.977	1.0000000E-015
9.978	1.0000000E-015
9.979	1.0000000E-015
9.98	1.0000000E-015
9.981	1.0000000E-015
9.982	1.0000000E-015
9.983	1.0000000E-015
9.984	1.0000000E-015
9.985	1.0000000E-015
9.986	1.0000000E-015
9.987	1.0000000E-015
9.988	1.0000000E-015
9.989	1.0000000E-015
9.99	1.0000000E-015
9.991	1.0000000E-015
9.992	1.0000000E-015
9.993	1.0000000E-015
9.994	1.0000000E-015
9.995	1.0000000E-015
9.996	1.0000000E-015
9.997	1.0000000E-015
9.998	1.0000000E-015
9.999	1.0000000E-015
10	1.0000000E-015
10.001	1.0000000E-015
10.002	1.0000000E-015
10.003	1.0000000E-015
10.004	1.0000000E-015
10.005	1.0000000E-015
10.006	1.0000000E-015
10.007	1.0000000E-015
10.008	1.0000000E-015
10.009	1.0000000E-015
10.01	1.0000000E-015
10.011	1.0000000E-015
10.012	1.0000000E-015
10.013	1.0000000E-015
10.014	1.0000000E-015
10.015	1.0000000E-015
10.016	1.0000000E-015
10.017	1.0000000E-015
10.018	1.0000000E-015
10.019	1.0000000E-015
10.02	1.0000000E-015
10.021	1.0000000E-015
10.022	1.0000000E-015
10.023	1.0000000E-015
10.024	1.0000000E-015
10.025	1.0000000E-015
10.026	1.0000000E-015
10.027	1.0000000E-015
10.028	1.0000000E-015
10.029	1.0000000E-015
10.03	1.0000000E-015
10.031	1.0000000E-015
10.032	1.0000000E-015
10.033	1.0000000E-015
10.034	1.0000000E-015
10.035	1.0000000E-015
10.036	1.0000000E-015
10.037	1.0000000E-015
10.038	1.0000000E-015
10.039	1.0000000E-015
10.04	1.0000000E-015
10.041	1.0000000E-015
10.042	1.0000000E-015
10.043	1.0000000E-015
10.044	1.0000000E-015
10.045	1.0000000E-015
10.046	1.0000000E-015
10.047	1.0000000E-015
10.048	1.0000000E-015
10.049	1.0000000E-015
10.05	1.0000000E-015
10.051	1.0000000E-015
10.052	1.0000000E-015
10.053	1.0000000E-015
10.054	1.0000000E-015
10.055	1.0000000E-015
10.056	1.0000000E-015
10.057	1.0000000E-015
10.058	1.0000000E-015
10.059	1.0000000E-015
10.06	1.0000000E-015
10.061	1.0000000E-015
10.062	1.0000000E-015
10.063	1.0000000E-015
10.064	1.0000000E-015
10.065	1.0000000E-015
10.066	1.0000000E-015
10.067	1.0000000E-015
10.068	1.0000000E-015
10.069	1.0000000E-015
10.07	1.0000000E-015
10.071	1.0000000E-015
10.072	1.0000000E-015
10.073	1.0000000E-015
10.074	1.0000000E-015
10.075	1.0000000E-015
10.076	1.0000000E-015
10.077	1.0000000E-015
10.078	1.0000000E-015
10.079	1.0000000E-015
10.08	1.0000000E-015
10.081	1.0000000E-015
10.082	1.0000000E-015
10.083	1.0000000E-015
10.084	1.0000000E-015
10.085	1.0000000E-015
10.086	1.0000000E-015
10.087	1.0000000E-015
10.088	1.0000000E-015
10.089	1.0000000E-015
10.09	1.0000000E-015
10.091	1.0000000E-015
10.092	1.0000000E-015
10.093	1.0000000E-015
10.094	1.0000000E-015
10.095	1.0000000E-015
10.096	1.0000000E-015
10.097	1.0000000E-015
10.098	1.0000000E-015
10.099	1.0000000E-015
10.1	1.0000000E-015
10.101	1.0000000E-015
10.102	1.0000000E-015
10.103	1.0000000E-015
10.104	1.0000000E-015
10.105	1.0000000E-015
10.106	1.0000000E-015
10.107	1.0000000E-015
10.108	1.0000000E-015
10.109	1.0000000E-015
10.11	1.0000000E-015
10.111	1.0000000E-015
10.112	1.0000000E-015
10.113	1.0000000E-015
10.114	1.0000000E-015
10.115	1.0000000E-015
10.116	1.0000000E-015
10.117	1.0000000E-015
10.118	1.0000000E-015
10.119	1.0000000E-015
10.12	1.0000000E-015
10.121	1.0000000E-015
10.122	1.0000000E-015
10.123	1.0000000E-015
10.124	1.0000000E-015
10.125	1.0000000E-015
10.126	1.0000000E-015
10.127	1.0000000E-015
10.128	1.0000000E-015
10.129	1.0000000E-015
10.13	1.0000000E-015
10.131	1.0000000E-015
10.132	1.0000000E-015
10.133	1.0000000E-015
10.134	1.0000000E-015
10.135	1.0000000E-015
10.136	1.0000000E-015
10.137	1.0000000E-015
10.138	1.0000000E-015
10.139	1.0000000E-015
10.14	1.0000000E-015
10.141	1.0000000E-015
10.142	1.0000000E-015
10.143	1.0000000E-015
10.144	1.0000000E-015
10.145	1.0000000E-015
10.146	1.0000000E-015
10.147	1.0000000E-015
10.148	1.0000000E-015
10.149	1.0000000E-015
10.15	1.0000000E-015
10.151	1.0000000E-015
10.152	1.0000000E-015
10.153	1.0000000E-015
10.154	1.0000000E-015
10.155	1.0000000E-015
10.156	1.0000000E-015
10.157	1.0000000E-015
10.158	1.0000000E-015
10.159	1.0000000E-015
10.16	1.0000000E-015
10.161	1.0000000E-015
10.162	1.0000000E-015
10.163	1.0000000E-015
10.164	1.0000000E-015
10.165	1.0000000E-015
10.166	1.0000000E-015
10.167	1.0000000E-015
10.168	1.0000000E-015
10.169	1.0000000E-015
10.17	1.0000000E-015
10.171	1.0000000E-015
10.172	1.0000000E-015
10.173	1.0000000E-015
10.174	1.0000000E-015
10.175	1.0000000E-015
10.176	1.0000000E-015
10.177	1.0000000E-015
10.178	1.0000000E-015
10.179	1.0000000E-015
10.18	1.0000000E-015
10.181	1.0000000E-015
10.182	1.0000000E-015
10.183	1.0000000E-015
10.184	1.0000000E-015
10.185	1.0000000E-015
10.186	1.0000000E-015
10.187	1.0000000E-015
10.188	1.0000000E-015
10.189	1.0000000E-015
10.19	1.0000000E-015
10.191	1.0000000E-015
10.192	1.0000000E-015
10.193	1.0000000E-015
10.194	1.0000000E-015
10.195	1.0000000E-015
10.196	1.0000000E-015
10.197	1.0000000E-015
10.198	1.0000000E-015
10.199	1.0000000E-015
10.2	1.0000000E-015
10.201	1.0000000E-015
10.202	1.0000000E-015
10.203	1.0000000E-015
10.204	1.0000000E-015
10.205	1.0000000E-015
10.206	1.0000000E-015
10.207	1.0000000E-015
10.208	1.0000000E-015
10.209	1.0000000E-015
10.21	1.0000000E-015
10.211	1.0000000E-015
10.212	1.0000000E-015
10.213	1.0000000E-015
10.214	1.0000000E-015
10.215	1.0000000E-015
10.216	1.0000000E-015
10.217	1.0000000E-015
10.218	1.0000000E-015
10.219	1.0000000E-015
10.22	1.0000000E-015
10.221	1.0000000E-015
10.222	1.0000000E-015
10.223	1.0000000E-015
10.224	1.0000000E-015
10.225	1.0000000E-015
10.226	1.0000000E-015
10.227	1.0000000E-015
10.228	1.0000000E-015
10.229	1.0000000E-015
10.23	1.0000000E-015
10.231	1.0000000E-015
10.232	1.0000000E-015
10.233	1.0000000E-015
10.234	1.0000000E-015
10.235	1.0000000E-015
10.236	1.0000000E-015
10.237	1.0000000E-015
10.238	1.0000000E-015
10.239	1.0000000E-015
10.24	1.0000000E-015
10.241	1.0000000E-015
10.242	1.0000000E-015
10.243	1.0000000E-015
10.244	1.0000000E-015
10.245	1.0000000E-015
10.246	1.0000000E-015
10.247	1.0000000E-015
10.248	1.0000000E-015
10.249	1.0000000E-015
10.25	1.0000000E-015
10.251	1.0000000E-015
10.252	1.0000000E-015
10.253	1.0000000E-015
10.254	1.0000000E-015
10.255	1.0000000E-015
10.256	1.0000000E-015
10.257	1.0000000E-015
10.258	1.0000000E-015
10.259	1.0000000E-015
10.26	1.0000000E-015
10.261	1.0000000E-015
10.262	1.0000000E-015
10.263	1.0000000E-015
10.264	1.0000000E-015
10.265	1.0000000E-015
10.266	1.0000000E-015
10.267	1.0000000E-015
10.268	1.0000000E-015
10.269	1.0000000E-015
10.27	1.0000000E-015
10.271	1.0000000E-015
10.272	1.0000000E-015
10.273	1.0000000E-015
10.274	1.0000000E-015
10.275	1.0000000E-015
10.276	1.0000000E-015
10.277	1.0000000E-015
10.278	1.0000000E-015
10.279	1.0000000E-015
10.28	1.0000000E-015
10.281	1.0000000E-015
10.282	1.0000000E-015
10.283	1.0000000E-015
10.284	1.0000000E-015
10.285	1.0000000E-015
10.286	1.0000000E-015
10.287	1.0000000E-015
10.288	1.0000000E-015
10.289	1.0000000E-015
10.29	1.0000000E-015
10.291	1.0000000E-015
10.292	1.0000000E-015
10.293	1.0000000E-015
10.294	1.0000000E-015
10.295	1.0000000E-015
10.296	1.0000000E-015
10.297	1.0000000E-015
10.298	1.0000000E-015
10.299	1.0000000E-015
10.3	1.0000000E-015
10.301	1.0000000E-015
10.302	1.0000000E-015
10.303	1.0000000E-015
10.304	1.0000000E-015
10.305	1.0000000E-015
10.306	1.0000000E-015
10.307	1.0000000E-015
10.308	1.0000000E-015
10.309	1.0000000E-015
10.31	1.0000000E-015
10.311	1.0000000E-015
10.312	1.0000000E-015
10.313	1.0000000E-015
10.314	1.0000000E-015
10.315	1.0000000E-015
10.316	1.0000000E-015
10.317	1.0000000E-015
10.318	1.0000000E-015
10.319	1.0000000E-015
10.32	1.0000000E-015
10.321	1.0000000E-015
10.322	1.0000000E-015
10.323	1.0000000E-015
10.324	1.0000000E-015
10.325	1.0000000E-015
10.326	1.0000000E-015
10.327	1.0000000E-015
10.328	1.0000000E-015
10.329	1.0000000E-015
10.33	1.0000000E-015
10.331	1.0000000E-015
10.332	1.0000000E-015
10.333	1.0000000E-015
10.334	1.0000000E-015
10.335	1.0000000E-015
10.336	1.0000000E-015
10.337	1.0000000E-015
10.338	1.0000000E-015
10.339	1.0000000E-015
10.34	1.0000000E-015
10.341	1.0000000E-015
10.342	1.0000000E-015
10.343	1.0000000E-015
10.344	1.0000000E-015
10.345	1.0000000E-015
10.346	1.0000000E-015
10.347	1.0000000E-015
10.348	1.0000000E-015
10.349	1.0000000E-015
10.35	1.0000000E-015
10.351	1.0000000E-015
10.352	1.0000000E-015
10.353	1.0000000E-015
10.354	1.0000000E-015
10.355	1.0000000E-015
10.356	1.0000000E-015
10.357	1.0000000E-015
10.358	1.0000000E-015
10.359	1.0000000E-015
10.36	1.0000000E-015
10.361	1.0000000E-015
10.362	1.0000000E-015
10.363	1.0000000E-015
10.364	1.0000000E-015
10.365	1.0000000E-015
10.366	1.0000000E-015
10.367	1.0000000E-015
10.368	1.0000000E-015
10.369	1.0000000E-015
10.37	1.0000000E-015
10.371	1.0000000E-015
10.372	1.0000000E-015
10.373	1.0000000E-015
10.374	1.0000000E-015
10.375	1.0000000E-015
10.376	1.0000000E-015
10.377	1.0000000E-015
10.378	1.0000000E-015
10.379	1.0000000E-015
10.38	1.0000000E-015
10.381	1.0000000E-015
10.382	1.0000000E-015
10.383	1.0000000E-015
10.384	1.0000000E-015
10.385	1.0000000E-015
10.386	1.0000000E-015
10.387	1.0000000E-015
10.388	1.0000000E-015
10.389	1.0000000E-015
10.39	1.0000000E-015
10.391	1.0000000E-015
10.392	1.0000000E-015
10.393	1.0000000E-015
10.394	1.0000000E-015
10.395	1.0000000E-015
10.396	1.0000000E-015
10.397	1.0000000E-015
10.398	1.0000000E-015
10.399	1.0000000E-015
10.4	1.0000000E-015
10.401	1.0000000E-015
10.402	1.0000000E-015
10.403	1.0000000E-015
10.404	1.0000000E-015
10.405	1.0000000E-015
10.406	1.0000000E-015
10.407	1.0000000E-015
10.408	1.0000000E-015
10.409	1.0000000E-015
10.41	1.0000000E-015
10.411	1.0000000E-015
10.412	1.0000000E-015
10.413	1.0000000E-015
10.414	1.0000000E-015
10.415	1.0000000E-015
10.416	1.0000000E-015
10.417	1.0000000E-015
10.418	1.0000000E-015
10.419	1.0000000E-015
10.42	1.0000000E-015
10.421	1.0000000E-015
10.422	1.0000000E-015
10.423	1.0000000E-015
10.424	1.0000000E-015
10.425	1.0000000E-015
10.426	1.0000000E-015
10.427	1.0000000E-015
10.428	1.0000000E-015
10.429	1.0000000E-015
10.43	1.0000000E-015
10.431	1.0000000E-015
10.432	1.0000000E-015
10.433	1.0000000E-015
10.434	1.0000000E-015
10.435	1.0000000E-015
10.436	1.0000000E-015
10.437	1.0000000E-015
10.438	1.0000000E-015
10.439	1.0000000E-015
10.44	1.0000000E-015
10.441	1.0000000E-015
10.442	1.0000000E-015
10.443	1.0000000E-015
10.444	1.0000000E-015
10.445	1.0000000E-015
10.446	1.0000000E-015
10.447	1.0000000E-015
10.448	1.0000000E-015
10.449	1.0000000E-015
10.45	1.0000000E-015
10.451	1.0000000E-015
10.452	1.0000000E-015
10.453	1.0000000E-015
10.454	1.0000000E-015
10.455	1.0000000E-015
10.456	1.0000000E-015
10.457	1.0000000E-015
10.458	1.0000000E-015
10.459	1.0000000E-015
10.46	1.0000000E-015
10.461	1.0000000E-015
10.462	1.0000000E-015
10.463	1.0000000E-015
10.464	1.0000000E-015
10.465	1.0000000E-015
10.466	1.0000000E-015
10.467	1.0000000E-015
10.468	1.0000000E-015
10.469	1.0000000E-015
10.47	1.0000000E-015
10.471	1.0000000E-015
10.472	1.0000000E-015
10.473	1.0000000E-015
10.474	1.0000000E-015
10.475	1.0000000E-015
10.476	1.0000000E-015
10.477	1.0000000E-015
10.478	1.0000000E-015
10.479	1.0000000E-015
10.48	1.0000000E-015
10.481	1.0000000E-015
10.482	1.0000000E-015
10.483	1.0000000E-015
10.484	1.0000000E-015
10.485	1.0000000E-015
10.486	1.0000000E-015
10.487	1.0000000E-015
10.488	1.0000000E-015
10.489	1.0000000E-015
10.49	1.0000000E-015
10.491	1.0000000E-015
10.492	1.0000000E-015
10.493	1.0000000E-015
10.494	1.0000000E-015
10.495	1.0000000E-015
10.496	1.0000000E-015
10.497	1.0000000E-015
10.498	1.0000000E-015
10.499	1.0000000E-015
10.5	1.0000000E-015
10.501	1.0000000E-015
10.502	1.0000000E-015
10.503	1.0000000E-015
10.504	1.0000000E-015
10.505	1.0000000E-015
10.506	1.0000000E-015
10.507	1.0000000E-015
10.508	1.0000000E-015
10.509	1.0000000E-015
10.51	1.0000000E-015
10.511	1.0000000E-015
10.512	1.0000000E-015
10.513	1.0000000E-015
10.514	1.0000000E-015
10.515	1.0000000E-015
10.516	1.0000000E-015
10.517	1.0000000E-015
10.518	1.0000000E-015
10.519	1.0000000E-015
10.52	1.0000000E-015
10.521	1.0000000E-015
10.522	1.0000000E-015
10.523	1.0000000E-015
10.524	1.0000000E-015
10.525	1.0000000E-015
10.526	1.0000000E-015
10.527	1.0000000E-015
10.528	1.0000000E-015
10.529	1.0000000E-015
10.53	1.0000000E-015
10.531	1.0000000E-015
10.532	1.0000000E-015
10.533	1.0000000E-015
10.534	1.0000000E-015
10.535	1.0000000E-015
10.536	1.0000000E-015
10.537	1.0000000E-015
10.538	1.0000000E-015
10.539	1.0000000E-015
10.54	1.0000000E-015
10.541	1.0000000E-015
10.542	1.0000000E-015
10.543	1.0000000E-015
10.544	1.0000000E-015
10.545	1.0000000E-015
10.546	1.0000000E-015
10.547	1.0000000E-015
10.548	1.0000000E-015
10.549	1.0000000E-015
10.55	1.0000000E-015
10.551	1.0000000E-015
10.552	1.0000000E-015
10.553	1.0000000E-015
10.554	1.0000000E-015
10.555	1.0000000E-015
10.556	1.0000000E-015
10.557	1.0000000E-015
10.558	1.0000000E-015
10.559	1.0000000E-015
10.56	1.0000000E-015
10.561	1.0000000E-015
10.562	1.0000000E-015
10.563	1.0000000E-015
10.564	1.0000000E-015
10.565	1.0000000E-015
10.566	1.0000000E-015
10.567	1.0000000E-015
10.568	1.0000000E-015
10.569	1.0000000E-015
10.57	1.0000000E-015
10.571	1.0000000E-015
10.572	1.0000000E-015
10.573	1.0000000E-015
10.574	1.0000000E-015
10.575	1.0000000E-015
10.576	1.0000000E-015
10.577	1.0000000E-015
10.578	1.0000000E-015
10.579	1.0000000E-015
10.58	1.0000000E-015
10.581	1.0000000E-015
10.582	1.0000000E-015
10.583	1.0000000E-015
10.584	1.0000000E-015
10.585	1.0000000E-015
10.586	1.0000000E-015
10.587	1.0000000E-015
10.588	1.0000000E-015
10.589	1.0000000E-015
10.59	1.0000000E-015
10.591	1.0000000E-015
10.592	1.0000000E-015
10.593	1.0000000E-015
10.594	1.0000000E-015
10.595	1.0000000E-015
10.596	1.0000000E-015
10.597	1.0000000E-015
10.598	1.0000000E-015
10.599	1.0000000E-015
10.6	1.0000000E-015
10.601	1.0000000E-015
10.602	1.0000000E-015
10.603	1.0000000E-015
10.604	1.0000000E-015
10.605	1.0000000E-015
10.606	1.0000000E-015
10.607	1.0000000E-015
10.608	1.0000000E-015
10.609	1.0000000E-015
10.61	1.0000000E-015
10.611	1.0000000E-015
10.612	1.0000000E-015
10.613	1.0000000E-015
10.614	1.0000000E-015
10.615	1.0000000E-015
10.616	1.0000000E-015
10.617	1.0000000E-015
10.618	1.0000000E-015
10.619	1.0000000E-015
10.62	1.0000000E-015
10.621	1.0000000E-015
10.622	1.0000000E-015
10.623	1.0000000E-015
10.624	1.0000000E-015
10.625	1.0000000E-015
10.626	1.0000000E-015
10.627	1.0000000E-015
10.628	1.0000000E-015
10.629	1.0000000E-015
10.63	1.0000000E-015
10.631	1.0000000E-015
10.632	1.0000000E-015
10.633	1.0000000E-015
10.634	1.0000000E-015
10.635	1.0000000E-015
10.636	1.0000000E-015
10.637	1.0000000E-015
10.638	1.0000000E-015
10.639	1.0000000E-015
10.64	1.0000000E-015
10.641	1.0000000E-015
10.642	1.0000000E-015
10.643	1.0000000E-015
10.644	1.0000000E-015
10.645	1.0000000E-015
10.646	1.0000000E-015
10.647	1.0000000E-015
10.648	1.0000000E-015
10.649	1.0000000E-015
10.65	1.0000000E-015
10.651	1.0000000E-015
10.652	1.0000000E-015
10.653	1.0000000E-015
10.654	1.0000000E-015
10.655	1.0000000E-015
10.656	1.0000000E-015
10.657	1.0000000E-015
10.658	1.0000000E-015
10.659	1.0000000E-015
10.66	1.0000000E-015
10.661	1.0000000E-015
10.662	1.0000000E-015
10.663	1.0000000E-015
10.664	1.0000000E-015
10.665	1.0000000E-015
10.666	1.0000000E-015
10.667	1.0000000E-015
10.668	1.0000000E-015
10.669	1.0000000E-015
10.67	1.0000000E-015
10.671	1.0000000E-015
10.672	1.0000000E-015
10.673	1.0000000E-015
10.674	1.0000000E-015
10.675	1.0000000E-015
10.676	1.0000000E-015
10.677	1.0000000E-015
10.678	1.0000000E-015
10.679	1.0000000E-015
10.68	1.0000000E-015
10.681	1.0000000E-015
10.682	1.0000000E-015
10.683	1.0000000E-015
10.684	1.0000000E-015
10.685	1.0000000E-015
10.686	1.0000000E-015
10.687	1.0000000E-015
10.688	1.0000000E-015
10.689	1.0000000E-015
10.69	1.0000000E-015
10.691	1.0000000E-015
10.692	1.0000000E-015
10.693	1.0000000E-015
10.694	1.0000000E-015
10.695	1.0000000E-015
10.696	1.0000000E-015
10.697	1.0000000E-015
10.698	1.0000000E-015
10.699	1.0000000E-015
10.7	1.0000000E-015
10.701	1.0000000E-015
10.702	1.0000000E-015
10.703	1.0000000E-015
10.704	1.0000000E-015
10.705	1.0000000E-015
10.706	1.0000000E-015
10.707	1.0000000E-015
10.708	1.0000000E-015
10.709	1.0000000E-015
10.71	1.0000000E-015
10.711	1.0000000E-015
10.712	1.0000000E-015
10.713	1.0000000E-015
10.714	1.0000000E-015
10.715	1.0000000E-015
10.716	1.0000000E-015
10.717	1.0000000E-015
10.718	1.0000000E-015
10.719	1.0000000E-015
10.72	1.0000000E-015
10.721	1.0000000E-015
10.722	1.0000000E-015
10.723	1.0000000E-015
10.724	1.0000000E-015
10.725	1.0000000E-015
10.726	1.0000000E-015
10.727	1.0000000E-015
10.728	1.0000000E-015
10.729	1.0000000E-015
10.73	1.0000000E-015
10.731	1.0000000E-015
10.732	1.0000000E-015
10.733	1.0000000E-015
10.734	1.0000000E-015
10.735	1.0000000E-015
10.736	1.0000000E-015
10.737	1.0000000E-015
10.738	1.0000000E-015
10.739	1.0000000E-015
10.74	1.0000000E-015
10.741	1.0000000E-015
10.742	1.0000000E-015
10.743	1.0000000E-015
10.744	1.0000000E-015
10.745	1.0000000E-015
10.746	1.0000000E-015
10.747	1.0000000E-015
10.748	1.0000000E-015
10.749	1.0000000E-015
10.75	1.0000000E-015
10.751	1.0000000E-015
10.752	1.0000000E-015
10.753	1.0000000E-015
10.754	1.0000000E-015
10.755	1.0000000E-015
10.756	1.0000000E-015
10.757	1.0000000E-015
10.758	1.0000000E-015
10.759	1.0000000E-015
10.76	1.0000000E-015
10.761	1.0000000E-015
10.762	1.0000000E-015
10.763	1.0000000E-015
10.764	1.0000000E-015
10.765	1.0000000E-015
10.766	1.0000000E-015
10.767	1.0000000E-015
10.768	1.0000000E-015
10.769	1.0000000E-015
10.77	1.0000000E-015
10.771	1.0000000E-015
10.772	1.0000000E-015
10.773	1.0000000E-015
10.774	1.0000000E-015
10.775	1.0000000E-015
10.776	1.0000000E-015
10.777	1.0000000E-015
10.778	1.0000000E-015
10.779	1.0000000E-015
10.78	1.0000000E-015
10.781	1.0000000E-015
10.782	1.0000000E-015
10.783	1.0000000E-015
10.784	1.0000000E-015
10.785	1.0000000E-015
10.786	1.0000000E-015
10.787	1.0000000E-015
10.788	1.0000000E-015
10.789	1.0000000E-015
10.79	1.0000000E-015
10.791	1.0000000E-015
10.792	1.0000000E-015
10.793	1.0000000E-015
10.794	1.0000000E-015
10.795	1.0000000E-015
10.796	1.0000000E-015
10.797	1.0000000E-015
10.798	1.0000000E-015
10.799	1.0000000E-015
10.8	1.0000000E-015
10.801	1.0000000E-015
10.802	1.0000000E-015
10.803	1.0000000E-015
10.804	1.0000000E-015
10.805	1.0000000E-015
10.806	1.0000000E-015
10.807	1.0000000E-015
10.808	1.0000000E-015
10.809	1.0000000E-015
10.81	1.0000000E-015
10.811	1.0000000E-015
10.812	1.0000000E-015
10.813	1.0000000E-015
10.814	1.0000000E-015
10.815	1.0000000E-015
10.816	1.0000000E-015
10.817	1.0000000E-015
10.818	1.0000000E-015
10.819	1.0000000E-015
10.82	1.0000000E-015
10.821	1.0000000E-015
10.822	1.0000000E-015
10.823	1.0000000E-015
10.824	1.0000000E-015
10.825	1.0000000E-015
10.826	1.0000000E-015
10.827	1.0000000E-015
10.828	1.0000000E-015
10.829	1.0000000E-015
10.83	1.0000000E-015
10.831	1.0000000E-015
10.832	1.0000000E-015
10.833	1.0000000E-015
10.834	1.0000000E-015
10.835	1.0000000E-015
10.836	1.0000000E-015
10.837	1.0000000E-015
10.838	1.0000000E-015
10.839	1.0000000E-015
10.84	1.0000000E-015
10.841	1.0000000E-015
10.842	1.0000000E-015
10.843	1.0000000E-015
10.844	1.0000000E-015
10.845	1.0000000E-015
10.846	1.0000000E-015
10.847	1.0000000E-015
10.848	1.0000000E-015
10.849	1.0000000E-015
10.85	1.0000000E-015
10.851	1.0000000E-015
10.852	1.0000000E-015
10.853	1.0000000E-015
10.854	1.0000000E-015
10.855	1.0000000E-015
10.856	1.0000000E-015
10.857	1.0000000E-015
10.858	1.0000000E-015
10.859	1.0000000E-015
10.86	1.0000000E-015
10.861	1.0000000E-015
10.862	1.0000000E-015
10.863	1.0000000E-015
10.864	1.0000000E-015
10.865	1.0000000E-015
10.866	1.0000000E-015
10.867	1.0000000E-015
10.868	1.0000000E-015
10.869	1.0000000E-015
10.87	1.0000000E-015
10.871	1.0000000E-015
10.872	1.0000000E-015
10.873	1.0000000E-015
10.874	1.0000000E-015
10.875	1.0000000E-015
10.876	1.0000000E-015
10.877	1.0000000E-015
10.878	1.0000000E-015
10.879	1.0000000E-015
10.88	1.0000000E-015
10.881	1.0000000E-015
10.882	1.0000000E-015
10.883	1.0000000E-015
10.884	1.0000000E-015
10.885	1.0000000E-015
10.886	1.0000000E-015
10.887	1.0000000E-015
10.888	1.0000000E-015
10.889	1.0000000E-015
10.89	1.0000000E-015
10.891	1.0000000E-015
10.892	1.0000000E-015
10.893	1.0000000E-015
10.894	1.0000000E-015
10.895	1.0000000E-015
10.896	1.0000000E-015
10.897	1.0000000E-015
10.898	1.0000000E-015
10.899	1.0000000E-015
10.9	1.0000000E-015
10.901	1.0000000E-015
10.902	1.0000000E-015
10.903	1.0000000E-015
10.904	1.0000000E-015
10.905	1.0000000E-015
10.906	1.0000000E-015
10.907	1.0000000E-015
10.908	1.0000000E-015
10.909	1.0000000E-015
10.91	1.0000000E-015
10.911	1.0000000E-015
10.912	1.0000000E-015
10.913	1.0000000E-015
10.914	1.0000000E-015
10.915	1.0000000E-015
10.916	1.0000000E-015
10.917	1.0000000E-015
10.918	1.0000000E-015
10.919	1.0000000E-015
10.92	1.0000000E-015
10.921	1.0000000E-015
10.922	1.0000000E-015
10.923	1.0000000E-015
10.924	1.0000000E-015
10.925	1.0000000E-015
10.926	1.0000000E-015
10.927	1.0000000E-015
10.928	1.0000000E-015
10.929	1.0000000E-015
10.93	1.0000000E-015
10.931	1.0000000E-015
10.932	1.0000000E-015
10.933	1.0000000E-015
10.934	1.0000000E-015
10.935	1.0000000E-015
10.936	1.0000000E-015
10.937	1.0000000E-015
10.938	1.0000000E-015
10.939	1.0000000E-015
10.94	1.0000000E-015
10.941	1.0000000E-015
10.942	1.0000000E-015
10.943	1.0000000E-015
10.944	1.0000000E-015
10.945	1.0000000E-015
10.946	1.0000000E-015
10.947	1.0000000E-015
10.948	1.0000000E-015
10.949	1.0000000E-015
10.95	1.0000000E-015
10.951	1.0000000E-015
10.952	1.0000000E-015
10.953	1.0000000E-015
10.954	1.0000000E-015
10.955	1.0000000E-015
10.956	1.0000000E-015
10.957	1.0000000E-015
10.958	1.0000000E-015
10.959	1.0000000E-015
10.96	1.0000000E-015
10.961	1.0000000E-015
10.962	1.0000000E-015
10.963	1.0000000E-015
10.964	1.0000000E-015
10.965	1.0000000E-015
10.966	1.0000000E-015
10.967	1.0000000E-015
10.968	1.0000000E-015
10.969	1.0000000E-015
10.97	1.0000000E-015
10.971	1.0000000E-015
10.972	1.0000000E-015
10.973	1.0000000E-015
10.974	1.0000000E-015
10.975	1.0000000E-015
10.976	1.0000000E-015
10.977	1.0000000E-015
10.978	1.0000000E-015
10.979	1.0000000E-015
10.98	1.0000000E-015
10.981	1.0000000E-015
10.982	1.0000000E-015
10.983	1.0000000E-015
10.984	1.0000000E-015
10.985	1.0000000E-015
10.986	1.0000000E-015
10.987	1.0000000E-015
10.988	1.0000000E-015
10.989	1.0000000E-015
10.99	1.0000000E-015
10.991	1.0000000E-015
10.992	1.0000000E-015
10.993	1.0000000E-015
10.994	1.0000000E-015
10.995	1.0000000E-015
10.996	1.0000000E-015
10.997	1.0000000E-015
10.998	1.0000000E-015
10.999	1.0000000E-015
11	1.0000000E-015
11.001	1.0000000E-015
11.002	1.0000000E-015
11.003	1.0000000E-015
11.004	1.0000000E-015
11.005	1.0000000E-015
11.006	1.0000000E-015
11.007	1.0000000E-015
11.008	1.0000000E-015
11.009	1.0000000E-015
11.01	1.0000000E-015
11.011	1.0000000E-015
11.012	1.0000000E-015
11.013	1.0000000E-015
11.014	1.0000000E-015
11.015	1.0000000E-015
11.016	1.0000000E-015
11.017	1.0000000E-015
11.018	1.0000000E-015
11.019	1.0000000E-015
11.02	1.0000000E-015
11.021	1.0000000E-015
11.022	1.0000000E-015
11.023	1.0000000E-015
11.024	1.0000000E-015
11.025	1.0000000E-015
11.026	1.0000000E-015
11.027	1.0000000E-015
11.028	1.0000000E-015
11.029	1.0000000E-015
11.03	1.0000000E-015
11.031	1.0000000E-015
11.032	1.0000000E-015
11.033	1.0000000E-015
11.034	1.0000000E-015
11.035	1.0000000E-015
11.036	1.0000000E-015
11.037	1.0000000E-015
11.038	1.0000000E-015
11.039	1.0000000E-015
11.04	1.0000000E-015
11.041	1.0000000E-015
11.042	1.0000000E-015
11.043	1.0000000E-015
11.044	1.0000000E-015
11.045	1.0000000E-015
11.046	1.0000000E-015
11.047	1.0000000E-015
11.048	1.0000000E-015
11.049	1.0000000E-015
11.05	1.0000000E-015
11.051	1.0000000E-015
11.052	1.0000000E-015
11.053	1.0000000E-015
11.054	1.0000000E-015
11.055	1.0000000E-015
11.056	1.0000000E-015
11.057	1.0000000E-015
11.058	1.0000000E-015
11.059	1.0000000E-015
11.06	1.0000000E-015
11.061	1.0000000E-015
11.062	1.0000000E-015
11.063	1.0000000E-015
11.064	1.0000000E-015
11.065	1.0000000E-015
11.066	1.0000000E-015
11.067	1.0000000E-015
11.068	1.0000000E-015
11.069	1.0000000E-015
11.07	1.0000000E-015
11.071	1.0000000E-015
11.072	1.0000000E-015
11.073	1.0000000E-015
11.074	1.0000000E-015
11.075	1.0000000E-015
11.076	1.0000000E-015
11.077	1.0000000E-015
11.078	1.0000000E-015
11.079	1.0000000E-015
11.08	1.0000000E-015
11.081	1.0000000E-015
11.082	1.0000000E-015
11.083	1.0000000E-015
11.084	1.0000000E-015
11.085	1.0000000E-015
11.086	1.0000000E-015
11.087	1.0000000E-015
11.088	1.0000000E-015
11.089	1.0000000E-015
11.09	1.0000000E-015
11.091	1.0000000E-015
11.092	1.0000000E-015
11.093	1.0000000E-015
11.094	1.0000000E-015
11.095	1.0000000E-015
11.096	1.0000000E-015
11.097	1.0000000E-015
11.098	1.0000000E-015
11.099	1.0000000E-015
11.1	1.0000000E-015
11.101	1.0000000E-015
11.102	1.0000000E-015
11.103	1.0000000E-015
11.104	1.0000000E-015
11.105	1.0000000E-015
11.106	1.0000000E-015
11.107	1.0000000E-015
11.108	1.0000000E-015
11.109	1.0000000E-015
11.11	1.0000000E-015
11.111	1.0000000E-015
11.112	1.0000000E-015
11.113	1.0000000E-015
11.114	1.0000000E-015
11.115	1.0000000E-015
11.116	1.0000000E-015
11.117	1.0000000E-015
11.118	1.0000000E-015
11.119	1.0000000E-015
11.12	1.0000000E-015
11.121	1.0000000E-015
11.122	1.0000000E-015
11.123	1.0000000E-015
11.124	1.0000000E-015
11.125	1.0000000E-015
11.126	1.0000000E-015
11.127	1.0000000E-015
11.128	1.0000000E-015
11.129	1.0000000E-015
11.13	1.0000000E-015
11.131	1.0000000E-015
11.132	1.0000000E-015
11.133	1.0000000E-015
11.134	1.0000000E-015
11.135	1.0000000E-015
11.136	1.0000000E-015
11.137	1.0000000E-015
11.138	1.0000000E-015
11.139	1.0000000E-015
11.14	1.0000000E-015
11.141	1.0000000E-015
11.142	1.0000000E-015
11.143	1.0000000E-015
11.144	1.0000000E-015
11.145	1.0000000E-015
11.146	1.0000000E-015
11.147	1.0000000E-015
11.148	1.0000000E-015
11.149	1.0000000E-015
11.15	1.0000000E-015
11.151	1.0000000E-015
11.152	1.0000000E-015
11.153	1.0000000E-015
11.154	1.0000000E-015
11.155	1.0000000E-015
11.156	1.0000000E-015
11.157	1.0000000E-015
11.158	1.0000000E-015
11.159	1.0000000E-015
11.16	1.0000000E-015
11.161	1.0000000E-015
11.162	1.0000000E-015
11.163	1.0000000E-015
11.164	1.0000000E-015
11.165	1.0000000E-015
11.166	1.0000000E-015
11.167	1.0000000E-015
11.168	1.0000000E-015
11.169	1.0000000E-015
11.17	1.0000000E-015
11.171	1.0000000E-015
11.172	1.0000000E-015
11.173	1.0000000E-015
11.174	1.0000000E-015
11.175	1.0000000E-015
11.176	1.0000000E-015
11.177	1.0000000E-015
11.178	1.0000000E-015
11.179	1.0000000E-015
11.18	1.0000000E-015
11.181	1.0000000E-015
11.182	1.0000000E-015
11.183	1.0000000E-015
11.184	1.0000000E-015
11.185	1.0000000E-015
11.186	1.0000000E-015
11.187	1.0000000E-015
11.188	1.0000000E-015
11.189	1.0000000E-015
11.19	1.0000000E-015
11.191	1.0000000E-015
11.192	1.0000000E-015
11.193	1.0000000E-015
11.194	1.0000000E-015
11.195	1.0000000E-015
11.196	1.0000000E-015
11.197	1.0000000E-015
11.198	1.0000000E-015
11.199	1.0000000E-015
11.2	1.0000000E-015
11.201	1.0000000E-015
11.202	1.0000000E-015
11.203	1.0000000E-015
11.204	1.0000000E-015
11.205	1.0000000E-015
11.206	1.0000000E-015
11.207	1.0000000E-015
11.208	1.0000000E-015
11.209	1.0000000E-015
11.21	1.0000000E-015
11.211	1.0000000E-015
11.212	1.0000000E-015
11.213	1.0000000E-015
11.214	1.0000000E-015
11.215	1.0000000E-015
11.216	1.0000000E-015
11.217	1.0000000E-015
11.218	1.0000000E-015
11.219	1.0000000E-015
11.22	1.0000000E-015
11.221	1.0000000E-015
11.222	1.0000000E-015
11.223	1.0000000E-015
11.224	1.0000000E-015
11.225	1.0000000E-015
11.226	1.0000000E-015
11.227	1.0000000E-015
11.228	1.0000000E-015
11.229	1.0000000E-015
11.23	1.0000000E-015
11.231	1.0000000E-015
11.232	1.0000000E-015
11.233	1.0000000E-015
11.234	1.0000000E-015
11.235	1.0000000E-015
11.236	1.0000000E-015
11.237	1.0000000E-015
11.238	1.0000000E-015
11.239	1.0000000E-015
11.24	1.0000000E-015
11.241	1.0000000E-015
11.242	1.0000000E-015
11.243	1.0000000E-015
11.244	1.0000000E-015
11.245	1.0000000E-015
11.246	1.0000000E-015
11.247	1.0000000E-015
11.248	1.0000000E-015
11.249	1.0000000E-015
11.25	1.0000000E-015
11.251	1.0000000E-015
11.252	1.0000000E-015
11.253	1.0000000E-015
11.254	1.0000000E-015
11.255	1.0000000E-015
11.256	1.0000000E-015
11.257	1.0000000E-015
11.258	1.0000000E-015
11.259	1.0000000E-015
11.26	1.0000000E-015
11.261	1.0000000E-015
11.262	1.0000000E-015
11.263	1.0000000E-015
11.264	1.0000000E-015
11.265	1.0000000E-015
11.266	1.0000000E-015
11.267	1.0000000E-015
11.268	1.0000000E-015
11.269	1.0000000E-015
11.27	1.0000000E-015
11.271	1.0000000E-015
11.272	1.0000000E-015
11.273	1.0000000E-015
11.274	1.0000000E-015
11.275	1.0000000E-015
11.276	1.0000000E-015
11.277	1.0000000E-015
11.278	1.0000000E-015
11.279	1.0000000E-015
11.28	1.0000000E-015
11.281	1.0000000E-015
11.282	1.0000000E-015
11.283	1.0000000E-015
11.284	1.0000000E-015
11.285	1.0000000E-015
11.286	1.0000000E-015
11.287	1.0000000E-015
11.288	1.0000000E-015
11.289	1.0000000E-015
11.29	1.0000000E-015
11.291	1.0000000E-015
11.292	1.0000000E-015
11.293	1.0000000E-015
11.294	1.0000000E-015
11.295	1.0000000E-015
11.296	1.0000000E-015
11.297	1.0000000E-015
11.298	1.0000000E-015
11.299	1.0000000E-015
11.3	1.0000000E-015
11.301	1.0000000E-015
11.302	1.0000000E-015
11.303	1.0000000E-015
11.304	1.0000000E-015
11.305	1.0000000E-015
11.306	1.0000000E-015
11.307	1.0000000E-015
11.308	1.0000000E-015
11.309	1.0000000E-015
11.31	1.0000000E-015
11.311	1.0000000E-015
11.312	1.0000000E-015
11.313	1.0000000E-015
11.314	1.0000000E-015
11.315	1.0000000E-015
11.316	1.0000000E-015
11.317	1.0000000E-015
11.318	1.0000000E-015
11.319	1.0000000E-015
11.32	1.0000000E-015
11.321	1.0000000E-015
11.322	1.0000000E-015
11.323	1.0000000E-015
11.324	1.0000000E-015
11.325	1.0000000E-015
11.326	1.0000000E-015
11.327	1.0000000E-015
11.328	1.0000000E-015
11.329	1.0000000E-015
11.33	1.0000000E-015
11.331	1.0000000E-015
11.332	1.0000000E-015
11.333	1.0000000E-015
11.334	1.0000000E-015
11.335	1.0000000E-015
11.336	1.0000000E-015
11.337	1.0000000E-015
11.338	1.0000000E-015
11.339	1.0000000E-015
11.34	1.0000000E-015
11.341	1.0000000E-015
11.342	1.0000000E-015
11.343	1.0000000E-015
11.344	1.0000000E-015
11.345	1.0000000E-015
11.346	1.0000000E-015
11.347	1.0000000E-015
11.348	1.0000000E-015
11.349	1.0000000E-015
11.35	1.0000000E-015
11.351	1.0000000E-015
11.352	1.0000000E-015
11.353	1.0000000E-015
11.354	1.0000000E-015
11.355	1.0000000E-015
11.356	1.0000000E-015
11.357	1.0000000E-015
11.358	1.0000000E-015
11.359	1.0000000E-015
11.36	1.0000000E-015
11.361	1.0000000E-015
11.362	1.0000000E-015
11.363	1.0000000E-015
11.364	1.0000000E-015
11.365	1.0000000E-015
11.366	1.0000000E-015
11.367	1.0000000E-015
11.368	1.0000000E-015
11.369	1.0000000E-015
11.37	1.0000000E-015
11.371	1.0000000E-015
11.372	1.0000000E-015
11.373	1.0000000E-015
11.374	1.0000000E-015
11.375	1.0000000E-015
11.376	1.0000000E-015
11.377	1.0000000E-015
11.378	1.0000000E-015
11.379	1.0000000E-015
11.38	1.0000000E-015
11.381	1.0000000E-015
11.382	1.0000000E-015
11.383	1.0000000E-015
11.384	1.0000000E-015
11.385	1.0000000E-015
11.386	1.0000000E-015
11.387	1.0000000E-015
11.388	1.0000000E-015
11.389	1.0000000E-015
11.39	1.0000000E-015
11.391	1.0000000E-015
11.392	1.0000000E-015
11.393	1.0000000E-015
11.394	1.0000000E-015
11.395	1.0000000E-015
11.396	1.0000000E-015
11.397	1.0000000E-015
11.398	1.0000000E-015
11.399	1.0000000E-015
11.4	1.0000000E-015
11.401	1.0000000E-015
11.402	1.0000000E-015
11.403	1.0000000E-015
11.404	1.0000000E-015
11.405	1.0000000E-015
11.406	1.0000000E-015
11.407	1.0000000E-015
11.408	1.0000000E-015
11.409	1.0000000E-015
11.41	1.0000000E-015
11.411	1.0000000E-015
11.412	1.0000000E-015
11.413	1.0000000E-015
11.414	1.0000000E-015
11.415	1.0000000E-015
11.416	1.0000000E-015
11.417	1.0000000E-015
11.418	1.0000000E-015
11.419	1.0000000E-015
11.42	1.0000000E-015
11.421	1.0000000E-015
11.422	1.0000000E-015
11.423	1.0000000E-015
11.424	1.0000000E-015
11.425	1.0000000E-015
11.426	1.0000000E-015
11.427	1.0000000E-015
11.428	1.0000000E-015
11.429	1.0000000E-015
11.43	1.0000000E-015
11.431	1.0000000E-015
11.432	1.0000000E-015
11.433	1.0000000E-015
11.434	1.0000000E-015
11.435	1.0000000E-015
11.436	1.0000000E-015
11.437	1.0000000E-015
11.438	1.0000000E-015
11.439	1.0000000E-015
11.44	1.0000000E-015
11.441	1.0000000E-015
11.442	1.0000000E-015
11.443	1.0000000E-015
11.444	1.0000000E-015
11.445	1.0000000E-015
11.446	1.0000000E-015
11.447	1.0000000E-015
11.448	1.0000000E-015
11.449	1.0000000E-015
11.45	1.0000000E-015
11.451	1.0000000E-015
11.452	1.0000000E-015
11.453	1.0000000E-015
11.454	1.0000000E-015
11.455	1.0000000E-015
11.456	1.0000000E-015
11.457	1.0000000E-015
11.458	1.0000000E-015
11.459	1.0000000E-015
11.46	1.0000000E-015
11.461	1.0000000E-015
11.462	1.0000000E-015
11.463	1.0000000E-015
11.464	1.0000000E-015
11.465	1.0000000E-015
11.466	1.0000000E-015
11.467	1.0000000E-015
11.468	1.0000000E-015
11.469	1.0000000E-015
11.47	1.0000000E-015
11.471	1.0000000E-015
11.472	1.0000000E-015
11.473	1.0000000E-015
11.474	1.0000000E-015
11.475	1.0000000E-015
11.476	1.0000000E-015
11.477	1.0000000E-015
11.478	1.0000000E-015
11.479	1.0000000E-015
11.48	1.0000000E-015
11.481	1.0000000E-015
11.482	1.0000000E-015
11.483	1.0000000E-015
11.484	1.0000000E-015
11.485	1.0000000E-015
11.486	1.0000000E-015
11.487	1.0000000E-015
11.488	1.0000000E-015
11.489	1.0000000E-015
11.49	1.0000000E-015
11.491	1.0000000E-015
11.492	1.0000000E-015
11.493	1.0000000E-015
11.494	1.0000000E-015
11.495	1.0000000E-015
11.496	1.0000000E-015
11.497	1.0000000E-015
11.498	1.0000000E-015
11.499	1.0000000E-015
11.5	1.0000000E-015
11.501	1.0000000E-015
11.502	1.0000000E-015
11.503	1.0000000E-015
11.504	1.0000000E-015
11.505	1.0000000E-015
11.506	1.0000000E-015
11.507	1.0000000E-015
11.508	1.0000000E-015
11.509	1.0000000E-015
11.51	1.0000000E-015
11.511	1.0000000E-015
11.512	1.0000000E-015
11.513	1.0000000E-015
11.514	1.0000000E-015
11.515	1.0000000E-015
11.516	1.0000000E-015
11.517	1.0000000E-015
11.518	1.0000000E-015
11.519	1.0000000E-015
11.52	1.0000000E-015
11.521	1.0000000E-015
11.522	1.0000000E-015
11.523	1.0000000E-015
11.524	1.0000000E-015
11.525	1.0000000E-015
11.526	1.0000000E-015
11.527	1.0000000E-015
11.528	1.0000000E-015
11.529	1.0000000E-015
11.53	1.0000000E-015
11.531	1.0000000E-015
11.532	1.0000000E-015
11.533	1.0000000E-015
11.534	1.0000000E-015
11.535	1.0000000E-015
11.536	1.0000000E-015
11.537	1.0000000E-015
11.538	1.0000000E-015
11.539	1.0000000E-015
11.54	1.0000000E-015
11.541	1.0000000E-015
11.542	1.0000000E-015
11.543	1.0000000E-015
11.544	1.0000000E-015
11.545	1.0000000E-015
11.546	1.0000000E-015
11.547	1.0000000E-015
11.548	1.0000000E-015
11.549	1.0000000E-015
11.55	1.0000000E-015
11.551	1.0000000E-015
11.552	1.0000000E-015
11.553	1.0000000E-015
11.554	1.0000000E-015
11.555	1.0000000E-015
11.556	1.0000000E-015
11.557	1.0000000E-015
11.558	1.0000000E-015
11.559	1.0000000E-015
11.56	1.0000000E-015
11.561	1.0000000E-015
11.562	1.0000000E-015
11.563	1.0000000E-015
11.564	1.0000000E-015
11.565	1.0000000E-015
11.566	1.0000000E-015
11.567	1.0000000E-015
11.568	1.0000000E-015
11.569	1.0000000E-015
11.57	1.0000000E-015
11.571	1.0000000E-015
11.572	1.0000000E-015
11.573	1.0000000E-015
11.574	1.0000000E-015
11.575	1.0000000E-015
11.576	1.0000000E-015
11.577	1.0000000E-015
11.578	1.0000000E-015
11.579	1.0000000E-015
11.58	1.0000000E-015
11.581	1.0000000E-015
11.582	1.0000000E-015
11.583	1.0000000E-015
11.584	1.0000000E-015
11.585	1.0000000E-015
11.586	1.0000000E-015
11.587	1.0000000E-015
11.588	1.0000000E-015
11.589	1.0000000E-015
11.59	1.0000000E-015
11.591	1.0000000E-015
11.592	1.0000000E-015
11.593	1.0000000E-015
11.594	1.0000000E-015
11.595	1.0000000E-015
11.596	1.0000000E-015
11.597	1.0000000E-015
11.598	1.0000000E-015
11.599	1.0000000E-015
11.6	1.0000000E-015
11.601	1.0000000E-015
11.602	1.0000000E-015
11.603	1.0000000E-015
11.604	1.0000000E-015
11.605	1.0000000E-015
11.606	1.0000000E-015
11.607	1.0000000E-015
11.608	1.0000000E-015
11.609	1.0000000E-015
11.61	1.0000000E-015
11.611	1.0000000E-015
11.612	1.0000000E-015
11.613	1.0000000E-015
11.614	1.0000000E-015
11.615	1.0000000E-015
11.616	1.0000000E-015
11.617	1.0000000E-015
11.618	1.0000000E-015
11.619	1.0000000E-015
11.62	1.0000000E-015
11.621	1.0000000E-015
11.622	1.0000000E-015
11.623	1.0000000E-015
11.624	1.0000000E-015
11.625	1.0000000E-015
11.626	1.0000000E-015
11.627	1.0000000E-015
11.628	1.0000000E-015
11.629	1.0000000E-015
11.63	1.0000000E-015
11.631	1.0000000E-015
11.632	1.0000000E-015
11.633	1.0000000E-015
11.634	1.0000000E-015
11.635	1.0000000E-015
11.636	1.0000000E-015
11.637	1.0000000E-015
11.638	1.0000000E-015
11.639	1.0000000E-015
11.64	1.0000000E-015
11.641	1.0000000E-015
11.642	1.0000000E-015
11.643	1.0000000E-015
11.644	1.0000000E-015
11.645	1.0000000E-015
11.646	1.0000000E-015
11.647	1.0000000E-015
11.648	1.0000000E-015
11.649	1.0000000E-015
11.65	1.0000000E-015
11.651	1.0000000E-015
11.652	1.0000000E-015
11.653	1.0000000E-015
11.654	1.0000000E-015
11.655	1.0000000E-015
11.656	1.0000000E-015
11.657	1.0000000E-015
11.658	1.0000000E-015
11.659	1.0000000E-015
11.66	1.0000000E-015
11.661	1.0000000E-015
11.662	1.0000000E-015
11.663	1.0000000E-015
11.664	1.0000000E-015
11.665	1.0000000E-015
11.666	1.0000000E-015
11.667	1.0000000E-015
11.668	1.0000000E-015
11.669	1.0000000E-015
11.67	1.0000000E-015
11.671	1.0000000E-015
11.672	1.0000000E-015
11.673	1.0000000E-015
11.674	1.0000000E-015
11.675	1.0000000E-015
11.676	1.0000000E-015
11.677	1.0000000E-015
11.678	1.0000000E-015
11.679	1.0000000E-015
11.68	1.0000000E-015
11.681	1.0000000E-015
11.682	1.0000000E-015
11.683	1.0000000E-015
11.684	1.0000000E-015
11.685	1.0000000E-015
11.686	1.0000000E-015
11.687	1.0000000E-015
11.688	1.0000000E-015
11.689	1.0000000E-015
11.69	1.0000000E-015
11.691	1.0000000E-015
11.692	1.0000000E-015
11.693	1.0000000E-015
11.694	1.0000000E-015
11.695	1.0000000E-015
11.696	1.0000000E-015
11.697	1.0000000E-015
11.698	1.0000000E-015
11.699	1.0000000E-015
11.7	1.0000000E-015
11.701	1.0000000E-015
11.702	1.0000000E-015
11.703	1.0000000E-015
11.704	1.0000000E-015
11.705	1.0000000E-015
11.706	1.0000000E-015
11.707	1.0000000E-015
11.708	1.0000000E-015
11.709	1.0000000E-015
11.71	1.0000000E-015
11.711	1.0000000E-015
11.712	1.0000000E-015
11.713	1.0000000E-015
11.714	1.0000000E-015
11.715	1.0000000E-015
11.716	1.0000000E-015
11.717	1.0000000E-015
11.718	1.0000000E-015
11.719	1.0000000E-015
11.72	1.0000000E-015
11.721	1.0000000E-015
11.722	1.0000000E-015
11.723	1.0000000E-015
11.724	1.0000000E-015
11.725	1.0000000E-015
11.726	1.0000000E-015
11.727	1.0000000E-015
11.728	1.0000000E-015
11.729	1.0000000E-015
11.73	1.0000000E-015
11.731	1.0000000E-015
11.732	1.0000000E-015
11.733	1.0000000E-015
11.734	1.0000000E-015
11.735	1.0000000E-015
11.736	1.0000000E-015
11.737	1.0000000E-015
11.738	1.0000000E-015
11.739	1.0000000E-015
11.74	1.0000000E-015
11.741	1.0000000E-015
11.742	1.0000000E-015
11.743	1.0000000E-015
11.744	1.0000000E-015
11.745	1.0000000E-015
11.746	1.0000000E-015
11.747	1.0000000E-015
11.748	1.0000000E-015
11.749	1.0000000E-015
11.75	1.0000000E-015
11.751	1.0000000E-015
11.752	1.0000000E-015
11.753	1.0000000E-015
11.754	1.0000000E-015
11.755	1.0000000E-015
11.756	1.0000000E-015
11.757	1.0000000E-015
11.758	1.0000000E-015
11.759	1.0000000E-015
11.76	1.0000000E-015
11.761	1.0000000E-015
11.762	1.0000000E-015
11.763	1.0000000E-015
11.764	1.0000000E-015
11.765	1.0000000E-015
11.766	1.0000000E-015
11.767	1.0000000E-015
11.768	1.0000000E-015
11.769	1.0000000E-015
11.77	1.0000000E-015
11.771	1.0000000E-015
11.772	1.0000000E-015
11.773	1.0000000E-015
11.774	1.0000000E-015
11.775	1.0000000E-015
11.776	1.0000000E-015
11.777	1.0000000E-015
11.778	1.0000000E-015
11.779	1.0000000E-015
11.78	1.0000000E-015
11.781	1.0000000E-015
11.782	1.0000000E-015
11.783	1.0000000E-015
11.784	1.0000000E-015
11.785	1.0000000E-015
11.786	1.0000000E-015
11.787	1.0000000E-015
11.788	1.0000000E-015
11.789	1.0000000E-015
11.79	1.0000000E-015
11.791	1.0000000E-015
11.792	1.0000000E-015
11.793	1.0000000E-015
11.794	1.0000000E-015
11.795	1.0000000E-015
11.796	1.0000000E-015
11.797	1.0000000E-015
11.798	1.0000000E-015
11.799	1.0000000E-015
11.8	1.0000000E-015
11.801	1.0000000E-015
11.802	1.0000000E-015
11.803	1.0000000E-015
11.804	1.0000000E-015
11.805	1.0000000E-015
11.806	1.0000000E-015
11.807	1.0000000E-015
11.808	1.0000000E-015
11.809	1.0000000E-015
11.81	1.0000000E-015
11.811	1.0000000E-015
11.812	1.0000000E-015
11.813	1.0000000E-015
11.814	1.0000000E-015
11.815	1.0000000E-015
11.816	1.0000000E-015
11.817	1.0000000E-015
11.818	1.0000000E-015
11.819	1.0000000E-015
11.82	1.0000000E-015
11.821	1.0000000E-015
11.822	1.0000000E-015
11.823	1.0000000E-015
11.824	1.0000000E-015
11.825	1.0000000E-015
11.826	1.0000000E-015
11.827	1.0000000E-015
11.828	1.0000000E-015
11.829	1.0000000E-015
11.83	1.0000000E-015
11.831	1.0000000E-015
11.832	1.0000000E-015
11.833	1.0000000E-015
11.834	1.0000000E-015
11.835	1.0000000E-015
11.836	1.0000000E-015
11.837	1.0000000E-015
11.838	1.0000000E-015
11.839	1.0000000E-015
11.84	1.0000000E-015
11.841	1.0000000E-015
11.842	1.0000000E-015
11.843	1.0000000E-015
11.844	1.0000000E-015
11.845	1.0000000E-015
11.846	1.0000000E-015
11.847	1.0000000E-015
11.848	1.0000000E-015
11.849	1.0000000E-015
11.85	1.0000000E-015
11.851	1.0000000E-015
11.852	1.0000000E-015
11.853	1.0000000E-015
11.854	1.0000000E-015
11.855	1.0000000E-015
11.856	1.0000000E-015
11.857	1.0000000E-015
11.858	1.0000000E-015
11.859	1.0000000E-015
11.86	1.0000000E-015
11.861	1.0000000E-015
11.862	1.0000000E-015
11.863	1.0000000E-015
11.864	1.0000000E-015
11.865	1.0000000E-015
11.866	1.0000000E-015
11.867	1.0000000E-015
11.868	1.0000000E-015
11.869	1.0000000E-015
11.87	1.0000000E-015
11.871	1.0000000E-015
11.872	1.0000000E-015
11.873	1.0000000E-015
11.874	1.0000000E-015
11.875	1.0000000E-015
11.876	1.0000000E-015
11.877	1.0000000E-015
11.878	1.0000000E-015
11.879	1.0000000E-015
11.88	1.0000000E-015
11.881	1.0000000E-015
11.882	1.0000000E-015
11.883	1.0000000E-015
11.884	1.0000000E-015
11.885	1.0000000E-015
11.886	1.0000000E-015
11.887	1.0000000E-015
11.888	1.0000000E-015
11.889	1.0000000E-015
11.89	1.0000000E-015
11.891	1.0000000E-015
11.892	1.0000000E-015
11.893	1.0000000E-015
11.894	1.0000000E-015
11.895	1.0000000E-015
11.896	1.0000000E-015
11.897	1.0000000E-015
11.898	1.0000000E-015
11.899	1.0000000E-015
11.9	1.0000000E-015
11.901	1.0000000E-015
11.902	1.0000000E-015
11.903	1.0000000E-015
11.904	1.0000000E-015
11.905	1.0000000E-015
11.906	1.0000000E-015
11.907	1.0000000E-015
11.908	1.0000000E-015
11.909	1.0000000E-015
11.91	1.0000000E-015
11.911	1.0000000E-015
11.912	1.0000000E-015
11.913	1.0000000E-015
11.914	1.0000000E-015
11.915	1.0000000E-015
11.916	1.0000000E-015
11.917	1.0000000E-015
11.918	1.0000000E-015
11.919	1.0000000E-015
11.92	1.0000000E-015
11.921	1.0000000E-015
11.922	1.0000000E-015
11.923	1.0000000E-015
11.924	1.0000000E-015
11.925	1.0000000E-015
11.926	1.0000000E-015
11.927	1.0000000E-015
11.928	1.0000000E-015
11.929	1.0000000E-015
11.93	1.0000000E-015
11.931	1.0000000E-015
11.932	1.0000000E-015
11.933	1.0000000E-015
11.934	1.0000000E-015
11.935	1.0000000E-015
11.936	1.0000000E-015
11.937	1.0000000E-015
11.938	1.0000000E-015
11.939	1.0000000E-015
11.94	1.0000000E-015
11.941	1.0000000E-015
11.942	1.0000000E-015
11.943	1.0000000E-015
11.944	1.0000000E-015
11.945	1.0000000E-015
11.946	1.0000000E-015
11.947	1.0000000E-015
11.948	1.0000000E-015
11.949	1.0000000E-015
11.95	1.0000000E-015
11.951	1.0000000E-015
11.952	1.0000000E-015
11.953	1.0000000E-015
11.954	1.0000000E-015
11.955	1.0000000E-015
11.956	1.0000000E-015
11.957	1.0000000E-015
11.958	1.0000000E-015
11.959	1.0000000E-015
11.96	1.0000000E-015
11.961	1.0000000E-015
11.962	1.0000000E-015
11.963	1.0000000E-015
11.964	1.0000000E-015
11.965	1.0000000E-015
11.966	1.0000000E-015
11.967	1.0000000E-015
11.968	1.0000000E-015
11.969	1.0000000E-015
11.97	1.0000000E-015
11.971	1.0000000E-015
11.972	1.0000000E-015
11.973	1.0000000E-015
11.974	1.0000000E-015
11.975	1.0000000E-015
11.976	1.0000000E-015
11.977	1.0000000E-015
11.978	1.0000000E-015
11.979	1.0000000E-015
11.98	1.0000000E-015
11.981	1.0000000E-015
11.982	1.0000000E-015
11.983	1.0000000E-015
11.984	1.0000000E-015
11.985	1.0000000E-015
11.986	1.0000000E-015
11.987	1.0000000E-015
11.988	1.0000000E-015
11.989	1.0000000E-015
11.99	1.0000000E-015
11.991	1.0000000E-015
11.992	1.0000000E-015
11.993	1.0000000E-015
11.994	1.0000000E-015
11.995	1.0000000E-015
11.996	1.0000000E-015
11.997	1.0000000E-015
11.998	1.0000000E-015
11.999	1.0000000E-015
12	1.0000000E-015
12.001	1.0000000E-015
12.002	1.0000000E-015
12.003	1.0000000E-015
12.004	1.0000000E-015
12.005	1.0000000E-015
12.006	1.0000000E-015
12.007	1.0000000E-015
12.008	1.0000000E-015
12.009	1.0000000E-015
12.01	1.0000000E-015
12.011	1.0000000E-015
12.012	1.0000000E-015
12.013	1.0000000E-015
12.014	1.0000000E-015
12.015	1.0000000E-015
12.016	1.0000000E-015
12.017	1.0000000E-015
12.018	1.0000000E-015
12.019	1.0000000E-015
12.02	1.0000000E-015
12.021	1.0000000E-015
12.022	1.0000000E-015
12.023	1.0000000E-015
12.024	1.0000000E-015
12.025	1.0000000E-015
12.026	1.0000000E-015
12.027	1.0000000E-015
12.028	1.0000000E-015
12.029	1.0000000E-015
12.03	1.0000000E-015
12.031	1.0000000E-015
12.032	1.0000000E-015
12.033	1.0000000E-015
12.034	1.0000000E-015
12.035	1.0000000E-015
12.036	1.0000000E-015
12.037	1.0000000E-015
12.038	1.0000000E-015
12.039	1.0000000E-015
12.04	1.0000000E-015
12.041	1.0000000E-015
12.042	1.0000000E-015
12.043	1.0000000E-015
12.044	1.0000000E-015
12.045	1.0000000E-015
12.046	1.0000000E-015
12.047	1.0000000E-015
12.048	1.0000000E-015
12.049	1.0000000E-015
12.05	1.0000000E-015
12.051	1.0000000E-015
12.052	1.0000000E-015
12.053	1.0000000E-015
12.054	1.0000000E-015
12.055	1.0000000E-015
12.056	1.0000000E-015
12.057	1.0000000E-015
12.058	1.0000000E-015
12.059	1.0000000E-015
12.06	1.0000000E-015
12.061	1.0000000E-015
12.062	1.0000000E-015
12.063	1.0000000E-015
12.064	1.0000000E-015
12.065	1.0000000E-015
12.066	1.0000000E-015
12.067	1.0000000E-015
12.068	1.0000000E-015
12.069	1.0000000E-015
12.07	1.0000000E-015
12.071	1.0000000E-015
12.072	1.0000000E-015
12.073	1.0000000E-015
12.074	1.0000000E-015
12.075	1.0000000E-015
12.076	1.0000000E-015
12.077	1.0000000E-015
12.078	1.0000000E-015
12.079	1.0000000E-015
12.08	1.0000000E-015
12.081	1.0000000E-015
12.082	1.0000000E-015
12.083	1.0000000E-015
12.084	1.0000000E-015
12.085	1.0000000E-015
12.086	1.0000000E-015
12.087	1.0000000E-015
12.088	1.0000000E-015
12.089	1.0000000E-015
12.09	1.0000000E-015
12.091	1.0000000E-015
12.092	1.0000000E-015
12.093	1.0000000E-015
12.094	1.0000000E-015
12.095	1.0000000E-015
12.096	1.0000000E-015
12.097	1.0000000E-015
12.098	1.0000000E-015
12.099	1.0000000E-015
12.1	1.0000000E-015
12.101	1.0000000E-015
12.102	1.0000000E-015
12.103	1.0000000E-015
12.104	1.0000000E-015
12.105	1.0000000E-015
12.106	1.0000000E-015
12.107	1.0000000E-015
12.108	1.0000000E-015
12.109	1.0000000E-015
12.11	1.0000000E-015
12.111	1.0000000E-015
12.112	1.0000000E-015
12.113	1.0000000E-015
12.114	1.0000000E-015
12.115	1.0000000E-015
12.116	1.0000000E-015
12.117	1.0000000E-015
12.118	1.0000000E-015
12.119	1.0000000E-015
12.12	1.0000000E-015
12.121	1.0000000E-015
12.122	1.0000000E-015
12.123	1.0000000E-015
12.124	1.0000000E-015
12.125	1.0000000E-015
12.126	1.0000000E-015
12.127	1.0000000E-015
12.128	1.0000000E-015
12.129	1.0000000E-015
12.13	1.0000000E-015
12.131	1.0000000E-015
12.132	1.0000000E-015
12.133	1.0000000E-015
12.134	1.0000000E-015
12.135	1.0000000E-015
12.136	1.0000000E-015
12.137	1.0000000E-015
12.138	1.0000000E-015
12.139	1.0000000E-015
12.14	1.0000000E-015
12.141	1.0000000E-015
12.142	1.0000000E-015
12.143	1.0000000E-015
12.144	1.0000000E-015
12.145	1.0000000E-015
12.146	1.0000000E-015
12.147	1.0000000E-015
12.148	1.0000000E-015
12.149	1.0000000E-015
12.15	1.0000000E-015
12.151	1.0000000E-015
12.152	1.0000000E-015
12.153	1.0000000E-015
12.154	1.0000000E-015
12.155	1.0000000E-015
12.156	1.0000000E-015
12.157	1.0000000E-015
12.158	1.0000000E-015
12.159	1.0000000E-015
12.16	1.0000000E-015
12.161	1.0000000E-015
12.162	1.0000000E-015
12.163	1.0000000E-015
12.164	1.0000000E-015
12.165	1.0000000E-015
12.166	1.0000000E-015
12.167	1.0000000E-015
12.168	1.0000000E-015
12.169	1.0000000E-015
12.17	1.0000000E-015
12.171	1.0000000E-015
12.172	1.0000000E-015
12.173	1.0000000E-015
12.174	1.0000000E-015
12.175	1.0000000E-015
12.176	1.0000000E-015
12.177	1.0000000E-015
12.178	1.0000000E-015
12.179	1.0000000E-015
12.18	1.0000000E-015
12.181	1.0000000E-015
12.182	1.0000000E-015
12.183	1.0000000E-015
12.184	1.0000000E-015
12.185	1.0000000E-015
12.186	1.0000000E-015
12.187	1.0000000E-015
12.188	1.0000000E-015
12.189	1.0000000E-015
12.19	1.0000000E-015
12.191	1.0000000E-015
12.192	1.0000000E-015
12.193	1.0000000E-015
12.194	1.0000000E-015
12.195	1.0000000E-015
12.196	1.0000000E-015
12.197	1.0000000E-015
12.198	1.0000000E-015
12.199	1.0000000E-015
12.2	1.0000000E-015
12.201	1.0000000E-015
12.202	1.0000000E-015
12.203	1.0000000E-015
12.204	1.0000000E-015
12.205	1.0000000E-015
12.206	1.0000000E-015
12.207	1.0000000E-015
12.208	1.0000000E-015
12.209	1.0000000E-015
12.21	1.0000000E-015
12.211	1.0000000E-015
12.212	1.0000000E-015
12.213	1.0000000E-015
12.214	1.0000000E-015
12.215	1.0000000E-015
12.216	1.0000000E-015
12.217	1.0000000E-015
12.218	1.0000000E-015
12.219	1.0000000E-015
12.22	1.0000000E-015
12.221	1.0000000E-015
12.222	1.0000000E-015
12.223	1.0000000E-015
12.224	1.0000000E-015
12.225	1.0000000E-015
12.226	1.0000000E-015
12.227	1.0000000E-015
12.228	1.0000000E-015
12.229	1.0000000E-015
12.23	1.0000000E-015
12.231	1.0000000E-015
12.232	1.0000000E-015
12.233	1.0000000E-015
12.234	1.0000000E-015
12.235	1.0000000E-015
12.236	1.0000000E-015
12.237	1.0000000E-015
12.238	1.0000000E-015
12.239	1.0000000E-015
12.24	1.0000000E-015
12.241	1.0000000E-015
12.242	1.0000000E-015
12.243	1.0000000E-015
12.244	1.0000000E-015
12.245	1.0000000E-015
12.246	1.0000000E-015
12.247	1.0000000E-015
12.248	1.0000000E-015
12.249	1.0000000E-015
12.25	1.0000000E-015
12.251	1.0000000E-015
12.252	1.0000000E-015
12.253	1.0000000E-015
12.254	1.0000000E-015
12.255	1.0000000E-015
12.256	1.0000000E-015
12.257	1.0000000E-015
12.258	1.0000000E-015
12.259	1.0000000E-015
12.26	1.0000000E-015
12.261	1.0000000E-015
12.262	1.0000000E-015
12.263	1.0000000E-015
12.264	1.0000000E-015
12.265	1.0000000E-015
12.266	1.0000000E-015
12.267	1.0000000E-015
12.268	1.0000000E-015
12.269	1.0000000E-015
12.27	1.0000000E-015
12.271	1.0000000E-015
12.272	1.0000000E-015
12.273	1.0000000E-015
12.274	1.0000000E-015
12.275	1.0000000E-015
12.276	1.0000000E-015
12.277	1.0000000E-015
12.278	1.0000000E-015
12.279	1.0000000E-015
12.28	1.0000000E-015
12.281	1.0000000E-015
12.282	1.0000000E-015
12.283	1.0000000E-015
12.284	1.0000000E-015
12.285	1.0000000E-015
12.286	1.0000000E-015
12.287	1.0000000E-015
12.288	1.0000000E-015
12.289	1.0000000E-015
12.29	1.0000000E-015
12.291	1.0000000E-015
12.292	1.0000000E-015
12.293	1.0000000E-015
12.294	1.0000000E-015
12.295	1.0000000E-015
12.296	1.0000000E-015
12.297	1.0000000E-015
12.298	1.0000000E-015
12.299	1.0000000E-015
12.3	1.0000000E-015
12.301	1.0000000E-015
12.302	1.0000000E-015
12.303	1.0000000E-015
12.304	1.0000000E-015
12.305	1.0000000E-015
12.306	1.0000000E-015
12.307	1.0000000E-015
12.308	1.0000000E-015
12.309	1.0000000E-015
12.31	1.0000000E-015
12.311	1.0000000E-015
12.312	1.0000000E-015
12.313	1.0000000E-015
12.314	1.0000000E-015
12.315	1.0000000E-015
12.316	1.0000000E-015
12.317	1.0000000E-015
12.318	1.0000000E-015
12.319	1.0000000E-015
12.32	1.0000000E-015
12.321	1.0000000E-015
12.322	1.0000000E-015
12.323	1.0000000E-015
12.324	1.0000000E-015
12.325	1.0000000E-015
12.326	1.0000000E-015
12.327	1.0000000E-015
12.328	1.0000000E-015
12.329	1.0000000E-015
12.33	1.0000000E-015
12.331	1.0000000E-015
12.332	1.0000000E-015
12.333	1.0000000E-015
12.334	1.0000000E-015
12.335	1.0000000E-015
12.336	1.0000000E-015
12.337	1.0000000E-015
12.338	1.0000000E-015
12.339	1.0000000E-015
12.34	1.0000000E-015
12.341	1.0000000E-015
12.342	1.0000000E-015
12.343	1.0000000E-015
12.344	1.0000000E-015
12.345	1.0000000E-015
12.346	1.0000000E-015
12.347	1.0000000E-015
12.348	1.0000000E-015
12.349	1.0000000E-015
12.35	1.0000000E-015
12.351	1.0000000E-015
12.352	1.0000000E-015
12.353	1.0000000E-015
12.354	1.0000000E-015
12.355	1.0000000E-015
12.356	1.0000000E-015
12.357	1.0000000E-015
12.358	1.0000000E-015
12.359	1.0000000E-015
12.36	1.0000000E-015
12.361	1.0000000E-015
12.362	1.0000000E-015
12.363	1.0000000E-015
12.364	1.0000000E-015
12.365	1.0000000E-015
12.366	1.0000000E-015
12.367	1.0000000E-015
12.368	1.0000000E-015
12.369	1.0000000E-015
12.37	1.0000000E-015
12.371	1.0000000E-015
12.372	1.0000000E-015
12.373	1.0000000E-015
12.374	1.0000000E-015
12.375	1.0000000E-015
12.376	1.0000000E-015
12.377	1.0000000E-015
12.378	1.0000000E-015
12.379	1.0000000E-015
12.38	1.0000000E-015
12.381	1.0000000E-015
12.382	1.0000000E-015
12.383	1.0000000E-015
12.384	1.0000000E-015
12.385	1.0000000E-015
12.386	1.0000000E-015
12.387	1.0000000E-015
12.388	1.0000000E-015
12.389	1.0000000E-015
12.39	1.0000000E-015
12.391	1.0000000E-015
12.392	1.0000000E-015
12.393	1.0000000E-015
12.394	1.0000000E-015
12.395	1.0000000E-015
12.396	1.0000000E-015
12.397	1.0000000E-015
12.398	1.0000000E-015
12.399	1.0000000E-015
12.4	1.0000000E-015
12.401	1.0000000E-015
12.402	1.0000000E-015
12.403	1.0000000E-015
12.404	1.0000000E-015
12.405	1.0000000E-015
12.406	1.0000000E-015
12.407	1.0000000E-015
12.408	1.0000000E-015
12.409	1.0000000E-015
12.41	1.0000000E-015
12.411	1.0000000E-015
12.412	1.0000000E-015
12.413	1.0000000E-015
12.414	1.0000000E-015
12.415	1.0000000E-015
12.416	1.0000000E-015
12.417	1.0000000E-015
12.418	1.0000000E-015
12.419	1.0000000E-015
12.42	1.0000000E-015
12.421	1.0000000E-015
12.422	1.0000000E-015
12.423	1.0000000E-015
12.424	1.0000000E-015
12.425	1.0000000E-015
12.426	1.0000000E-015
12.427	1.0000000E-015
12.428	1.0000000E-015
12.429	1.0000000E-015
12.43	1.0000000E-015
12.431	1.0000000E-015
12.432	1.0000000E-015
12.433	1.0000000E-015
12.434	1.0000000E-015
12.435	1.0000000E-015
12.436	1.0000000E-015
12.437	1.0000000E-015
12.438	1.0000000E-015
12.439	1.0000000E-015
12.44	1.0000000E-015
12.441	1.0000000E-015
12.442	1.0000000E-015
12.443	1.0000000E-015
12.444	1.0000000E-015
12.445	1.0000000E-015
12.446	1.0000000E-015
12.447	1.0000000E-015
12.448	1.0000000E-015
12.449	1.0000000E-015
12.45	1.0000000E-015
12.451	1.0000000E-015
12.452	1.0000000E-015
12.453	1.0000000E-015
12.454	1.0000000E-015
12.455	1.0000000E-015
12.456	1.0000000E-015
12.457	1.0000000E-015
12.458	1.0000000E-015
12.459	1.0000000E-015
12.46	1.0000000E-015
12.461	1.0000000E-015
12.462	1.0000000E-015
12.463	1.0000000E-015
12.464	1.0000000E-015
12.465	1.0000000E-015
12.466	1.0000000E-015
12.467	1.0000000E-015
12.468	1.0000000E-015
12.469	1.0000000E-015
12.47	1.0000000E-015
12.471	1.0000000E-015
12.472	1.0000000E-015
12.473	1.0000000E-015
12.474	1.0000000E-015
12.475	1.0000000E-015
12.476	1.0000000E-015
12.477	1.0000000E-015
12.478	1.0000000E-015
12.479	1.0000000E-015
12.48	1.0000000E-015
12.481	1.0000000E-015
12.482	1.0000000E-015
12.483	1.0000000E-015
12.484	1.0000000E-015
12.485	1.0000000E-015
12.486	1.0000000E-015
12.487	1.0000000E-015
12.488	1.0000000E-015
12.489	1.0000000E-015
12.49	1.0000000E-015
12.491	1.0000000E-015
12.492	1.0000000E-015
12.493	1.0000000E-015
12.494	1.0000000E-015
12.495	1.0000000E-015
12.496	1.0000000E-015
12.497	1.0000000E-015
12.498	1.0000000E-015
12.499	1.0000000E-015
12.5	1.0000000E-015
12.501	1.0000000E-015
12.502	1.0000000E-015
12.503	1.0000000E-015
12.504	1.0000000E-015
12.505	1.0000000E-015
12.506	1.0000000E-015
12.507	1.0000000E-015
12.508	1.0000000E-015
12.509	1.0000000E-015
12.51	1.0000000E-015
12.511	1.0000000E-015
12.512	1.0000000E-015
12.513	1.0000000E-015
12.514	1.0000000E-015
12.515	1.0000000E-015
12.516	1.0000000E-015
12.517	1.0000000E-015
12.518	1.0000000E-015
12.519	1.0000000E-015
12.52	1.0000000E-015
12.521	1.0000000E-015
12.522	1.0000000E-015
12.523	1.0000000E-015
12.524	1.0000000E-015
12.525	1.0000000E-015
12.526	1.0000000E-015
12.527	1.0000000E-015
12.528	1.0000000E-015
12.529	1.0000000E-015
12.53	1.0000000E-015
12.531	1.0000000E-015
12.532	1.0000000E-015
12.533	1.0000000E-015
12.534	1.0000000E-015
12.535	1.0000000E-015
12.536	1.0000000E-015
12.537	1.0000000E-015
12.538	1.0000000E-015
12.539	1.0000000E-015
12.54	1.0000000E-015
12.541	1.0000000E-015
12.542	1.0000000E-015
12.543	1.0000000E-015
12.544	1.0000000E-015
12.545	1.0000000E-015
12.546	1.0000000E-015
12.547	1.0000000E-015
12.548	1.0000000E-015
12.549	1.0000000E-015
12.55	1.0000000E-015
12.551	1.0000000E-015
12.552	1.0000000E-015
12.553	1.0000000E-015
12.554	1.0000000E-015
12.555	1.0000000E-015
12.556	1.0000000E-015
12.557	1.0000000E-015
12.558	1.0000000E-015
12.559	1.0000000E-015
12.56	1.0000000E-015
12.561	1.0000000E-015
12.562	1.0000000E-015
12.563	1.0000000E-015
12.564	1.0000000E-015
12.565	1.0000000E-015
12.566	1.0000000E-015
12.567	1.0000000E-015
12.568	1.0000000E-015
12.569	1.0000000E-015
12.57	1.0000000E-015
12.571	1.0000000E-015
12.572	1.0000000E-015
12.573	1.0000000E-015
12.574	1.0000000E-015
12.575	1.0000000E-015
12.576	1.0000000E-015
12.577	1.0000000E-015
12.578	1.0000000E-015
12.579	1.0000000E-015
12.58	1.0000000E-015
12.581	1.0000000E-015
12.582	1.0000000E-015
12.583	1.0000000E-015
12.584	1.0000000E-015
12.585	1.0000000E-015
12.586	1.0000000E-015
12.587	1.0000000E-015
12.588	1.0000000E-015
12.589	1.0000000E-015
12.59	1.0000000E-015
12.591	1.0000000E-015
12.592	1.0000000E-015
12.593	1.0000000E-015
12.594	1.0000000E-015
12.595	1.0000000E-015
12.596	1.0000000E-015
12.597	1.0000000E-015
12.598	1.0000000E-015
12.599	1.0000000E-015
12.6	1.0000000E-015
12.601	1.0000000E-015
12.602	1.0000000E-015
12.603	1.0000000E-015
12.604	1.0000000E-015
12.605	1.0000000E-015
12.606	1.0000000E-015
12.607	1.0000000E-015
12.608	1.0000000E-015
12.609	1.0000000E-015
12.61	1.0000000E-015
12.611	1.0000000E-015
12.612	1.0000000E-015
12.613	1.0000000E-015
12.614	1.0000000E-015
12.615	1.0000000E-015
12.616	1.0000000E-015
12.617	1.0000000E-015
12.618	1.0000000E-015
12.619	1.0000000E-015
12.62	1.0000000E-015
12.621	1.0000000E-015
12.622	1.0000000E-015
12.623	1.0000000E-015
12.624	1.0000000E-015
12.625	1.0000000E-015
12.626	1.0000000E-015
12.627	1.0000000E-015
12.628	1.0000000E-015
12.629	1.0000000E-015
12.63	1.0000000E-015
12.631	1.0000000E-015
12.632	1.0000000E-015
12.633	1.0000000E-015
12.634	1.0000000E-015
12.635	1.0000000E-015
12.636	1.0000000E-015
12.637	1.0000000E-015
12.638	1.0000000E-015
12.639	1.0000000E-015
12.64	1.0000000E-015
12.641	1.0000000E-015
12.642	1.0000000E-015
12.643	1.0000000E-015
12.644	1.0000000E-015
12.645	1.0000000E-015
12.646	1.0000000E-015
12.647	1.0000000E-015
12.648	1.0000000E-015
12.649	1.0000000E-015
12.65	1.0000000E-015
12.651	1.0000000E-015
12.652	1.0000000E-015
12.653	1.0000000E-015
12.654	1.0000000E-015
12.655	1.0000000E-015
12.656	1.0000000E-015
12.657	1.0000000E-015
12.658	1.0000000E-015
12.659	1.0000000E-015
12.66	1.0000000E-015
12.661	1.0000000E-015
12.662	1.0000000E-015
12.663	1.0000000E-015
12.664	1.0000000E-015
12.665	1.0000000E-015
12.666	1.0000000E-015
12.667	1.0000000E-015
12.668	1.0000000E-015
12.669	1.0000000E-015
12.67	1.0000000E-015
12.671	1.0000000E-015
12.672	1.0000000E-015
12.673	1.0000000E-015
12.674	1.0000000E-015
12.675	1.0000000E-015
12.676	1.0000000E-015
12.677	1.0000000E-015
12.678	1.0000000E-015
12.679	1.0000000E-015
12.68	1.0000000E-015
12.681	1.0000000E-015
12.682	1.0000000E-015
12.683	1.0000000E-015
12.684	1.0000000E-015
12.685	1.0000000E-015
12.686	1.0000000E-015
12.687	1.0000000E-015
12.688	1.0000000E-015
12.689	1.0000000E-015
12.69	1.0000000E-015
12.691	1.0000000E-015
12.692	1.0000000E-015
12.693	1.0000000E-015
12.694	1.0000000E-015
12.695	1.0000000E-015
12.696	1.0000000E-015
12.697	1.0000000E-015
12.698	1.0000000E-015
12.699	1.0000000E-015
12.7	1.0000000E-015
12.701	1.0000000E-015
12.702	1.0000000E-015
12.703	1.0000000E-015
12.704	1.0000000E-015
12.705	1.0000000E-015
12.706	1.0000000E-015
12.707	1.0000000E-015
12.708	1.0000000E-015
12.709	1.0000000E-015
12.71	1.0000000E-015
12.711	1.0000000E-015
12.712	1.0000000E-015
12.713	1.0000000E-015
12.714	1.0000000E-015
12.715	1.0000000E-015
12.716	1.0000000E-015
12.717	1.0000000E-015
12.718	1.0000000E-015
12.719	1.0000000E-015
12.72	1.0000000E-015
12.721	1.0000000E-015
12.722	1.0000000E-015
12.723	1.0000000E-015
12.724	1.0000000E-015
12.725	1.0000000E-015
12.726	1.0000000E-015
12.727	1.0000000E-015
12.728	1.0000000E-015
12.729	1.0000000E-015
12.73	1.0000000E-015
12.731	1.0000000E-015
12.732	1.0000000E-015
12.733	1.0000000E-015
12.734	1.0000000E-015
12.735	1.0000000E-015
12.736	1.0000000E-015
12.737	1.0000000E-015
12.738	1.0000000E-015
12.739	1.0000000E-015
12.74	1.0000000E-015
12.741	1.0000000E-015
12.742	1.0000000E-015
12.743	1.0000000E-015
12.744	1.0000000E-015
12.745	1.0000000E-015
12.746	1.0000000E-015
12.747	1.0000000E-015
12.748	1.0000000E-015
12.749	1.0000000E-015
12.75	1.0000000E-015
12.751	1.0000000E-015
12.752	1.0000000E-015
12.753	1.0000000E-015
12.754	1.0000000E-015
12.755	1.0000000E-015
12.756	1.0000000E-015
12.757	1.0000000E-015
12.758	1.0000000E-015
12.759	1.0000000E-015
12.76	1.0000000E-015
12.761	1.0000000E-015
12.762	1.0000000E-015
12.763	1.0000000E-015
12.764	1.0000000E-015
12.765	1.0000000E-015
12.766	1.0000000E-015
12.767	1.0000000E-015
12.768	1.0000000E-015
12.769	1.0000000E-015
12.77	1.0000000E-015
12.771	1.0000000E-015
12.772	1.0000000E-015
12.773	1.0000000E-015
12.774	1.0000000E-015
12.775	1.0000000E-015
12.776	1.0000000E-015
12.777	1.0000000E-015
12.778	1.0000000E-015
12.779	1.0000000E-015
12.78	1.0000000E-015
12.781	1.0000000E-015
12.782	1.0000000E-015
12.783	1.0000000E-015
12.784	1.0000000E-015
12.785	1.0000000E-015
12.786	1.0000000E-015
12.787	1.0000000E-015
12.788	1.0000000E-015
12.789	1.0000000E-015
12.79	1.0000000E-015
12.791	1.0000000E-015
12.792	1.0000000E-015
12.793	1.0000000E-015
12.794	1.0000000E-015
12.795	1.0000000E-015
12.796	1.0000000E-015
12.797	1.0000000E-015
12.798	1.0000000E-015
12.799	1.0000000E-015
12.8	1.0000000E-015
12.801	1.0000000E-015
12.802	1.0000000E-015
12.803	1.0000000E-015
12.804	1.0000000E-015
12.805	1.0000000E-015
12.806	1.0000000E-015
12.807	1.0000000E-015
12.808	1.0000000E-015
12.809	1.0000000E-015
12.81	1.0000000E-015
12.811	1.0000000E-015
12.812	1.0000000E-015
12.813	1.0000000E-015
12.814	1.0000000E-015
12.815	1.0000000E-015
12.816	1.0000000E-015
12.817	1.0000000E-015
12.818	1.0000000E-015
12.819	1.0000000E-015
12.82	1.0000000E-015
12.821	1.0000000E-015
12.822	1.0000000E-015
12.823	1.0000000E-015
12.824	1.0000000E-015
12.825	1.0000000E-015
12.826	1.0000000E-015
12.827	1.0000000E-015
12.828	1.0000000E-015
12.829	1.0000000E-015
12.83	1.0000000E-015
12.831	1.0000000E-015
12.832	1.0000000E-015
12.833	1.0000000E-015
12.834	1.0000000E-015
12.835	1.0000000E-015
12.836	1.0000000E-015
12.837	1.0000000E-015
12.838	1.0000000E-015
12.839	1.0000000E-015
12.84	1.0000000E-015
12.841	1.0000000E-015
12.842	1.0000000E-015
12.843	1.0000000E-015
12.844	1.0000000E-015
12.845	1.0000000E-015
12.846	1.0000000E-015
12.847	1.0000000E-015
12.848	1.0000000E-015
12.849	1.0000000E-015
12.85	1.0000000E-015
12.851	1.0000000E-015
12.852	1.0000000E-015
12.853	1.0000000E-015
12.854	1.0000000E-015
12.855	1.0000000E-015
12.856	1.0000000E-015
12.857	1.0000000E-015
12.858	1.0000000E-015
12.859	1.0000000E-015
12.86	1.0000000E-015
12.861	1.0000000E-015
12.862	1.0000000E-015
12.863	1.0000000E-015
12.864	1.0000000E-015
12.865	1.0000000E-015
12.866	1.0000000E-015
12.867	1.0000000E-015
12.868	1.0000000E-015
12.869	1.0000000E-015
12.87	1.0000000E-015
12.871	1.0000000E-015
12.872	1.0000000E-015
12.873	1.0000000E-015
12.874	1.0000000E-015
12.875	1.0000000E-015
12.876	1.0000000E-015
12.877	1.0000000E-015
12.878	1.0000000E-015
12.879	1.0000000E-015
12.88	1.0000000E-015
12.881	1.0000000E-015
12.882	1.0000000E-015
12.883	1.0000000E-015
12.884	1.0000000E-015
12.885	1.0000000E-015
12.886	1.0000000E-015
12.887	1.0000000E-015
12.888	1.0000000E-015
12.889	1.0000000E-015
12.89	1.0000000E-015
12.891	1.0000000E-015
12.892	1.0000000E-015
12.893	1.0000000E-015
12.894	1.0000000E-015
12.895	1.0000000E-015
12.896	1.0000000E-015
12.897	1.0000000E-015
12.898	1.0000000E-015
12.899	1.0000000E-015
12.9	1.0000000E-015
12.901	1.0000000E-015
12.902	1.0000000E-015
12.903	1.0000000E-015
12.904	1.0000000E-015
12.905	1.0000000E-015
12.906	1.0000000E-015
12.907	1.0000000E-015
12.908	1.0000000E-015
12.909	1.0000000E-015
12.91	1.0000000E-015
12.911	1.0000000E-015
12.912	1.0000000E-015
12.913	1.0000000E-015
12.914	1.0000000E-015
12.915	1.0000000E-015
12.916	1.0000000E-015
12.917	1.0000000E-015
12.918	1.0000000E-015
12.919	1.0000000E-015
12.92	1.0000000E-015
12.921	1.0000000E-015
12.922	1.0000000E-015
12.923	1.0000000E-015
12.924	1.0000000E-015
12.925	1.0000000E-015
12.926	1.0000000E-015
12.927	1.0000000E-015
12.928	1.0000000E-015
12.929	1.0000000E-015
12.93	1.0000000E-015
12.931	1.0000000E-015
12.932	1.0000000E-015
12.933	1.0000000E-015
12.934	1.0000000E-015
12.935	1.0000000E-015
12.936	1.0000000E-015
12.937	1.0000000E-015
12.938	1.0000000E-015
12.939	1.0000000E-015
12.94	1.0000000E-015
12.941	1.0000000E-015
12.942	1.0000000E-015
12.943	1.0000000E-015
12.944	1.0000000E-015
12.945	1.0000000E-015
12.946	1.0000000E-015
12.947	1.0000000E-015
12.948	1.0000000E-015
12.949	1.0000000E-015
12.95	1.0000000E-015
12.951	1.0000000E-015
12.952	1.0000000E-015
12.953	1.0000000E-015
12.954	1.0000000E-015
12.955	1.0000000E-015
12.956	1.0000000E-015
12.957	1.0000000E-015
12.958	1.0000000E-015
12.959	1.0000000E-015
12.96	1.0000000E-015
12.961	1.0000000E-015
12.962	1.0000000E-015
12.963	1.0000000E-015
12.964	1.0000000E-015
12.965	1.0000000E-015
12.966	1.0000000E-015
12.967	1.0000000E-015
12.968	1.0000000E-015
12.969	1.0000000E-015
12.97	1.0000000E-015
12.971	1.0000000E-015
12.972	1.0000000E-015
12.973	1.0000000E-015
12.974	1.0000000E-015
12.975	1.0000000E-015
12.976	1.0000000E-015
12.977	1.0000000E-015
12.978	1.0000000E-015
12.979	1.0000000E-015
12.98	1.0000000E-015
12.981	1.0000000E-015
12.982	1.0000000E-015
12.983	1.0000000E-015
12.984	1.0000000E-015
12.985	1.0000000E-015
12.986	1.0000000E-015
12.987	1.0000000E-015
12.988	1.0000000E-015
12.989	1.0000000E-015
12.99	1.0000000E-015
12.991	1.0000000E-015
12.992	1.0000000E-015
12.993	1.0000000E-015
12.994	1.0000000E-015
12.995	1.0000000E-015
12.996	1.0000000E-015
12.997	1.0000000E-015
12.998	1.0000000E-015
12.999	1.0000000E-015
13	1.0000000E-015
13.001	1.0000000E-015
13.002	1.0000000E-015
13.003	1.0000000E-015
13.004	1.0000000E-015
13.005	1.0000000E-015
13.006	1.0000000E-015
13.007	1.0000000E-015
13.008	1.0000000E-015
13.009	1.0000000E-015
13.01	1.0000000E-015
13.011	1.0000000E-015
13.012	1.0000000E-015
13.013	1.0000000E-015
13.014	1.0000000E-015
13.015	1.0000000E-015
13.016	1.0000000E-015
13.017	1.0000000E-015
13.018	1.0000000E-015
13.019	1.0000000E-015
13.02	1.0000000E-015
13.021	1.0000000E-015
13.022	1.0000000E-015
13.023	1.0000000E-015
13.024	1.0000000E-015
13.025	1.0000000E-015
13.026	1.0000000E-015
13.027	1.0000000E-015
13.028	1.0000000E-015
13.029	1.0000000E-015
13.03	1.0000000E-015
13.031	1.0000000E-015
13.032	1.0000000E-015
13.033	1.0000000E-015
13.034	1.0000000E-015
13.035	1.0000000E-015
13.036	1.0000000E-015
13.037	1.0000000E-015
13.038	1.0000000E-015
13.039	1.0000000E-015
13.04	1.0000000E-015
13.041	1.0000000E-015
13.042	1.0000000E-015
13.043	1.0000000E-015
13.044	1.0000000E-015
13.045	1.0000000E-015
13.046	1.0000000E-015
13.047	1.0000000E-015
13.048	1.0000000E-015
13.049	1.0000000E-015
13.05	1.0000000E-015
13.051	1.0000000E-015
13.052	1.0000000E-015
13.053	1.0000000E-015
13.054	1.0000000E-015
13.055	1.0000000E-015
13.056	1.0000000E-015
13.057	1.0000000E-015
13.058	1.0000000E-015
13.059	1.0000000E-015
13.06	1.0000000E-015
13.061	1.0000000E-015
13.062	1.0000000E-015
13.063	1.0000000E-015
13.064	1.0000000E-015
13.065	1.0000000E-015
13.066	1.0000000E-015
13.067	1.0000000E-015
13.068	1.0000000E-015
13.069	1.0000000E-015
13.07	1.0000000E-015
13.071	1.0000000E-015
13.072	1.0000000E-015
13.073	1.0000000E-015
13.074	1.0000000E-015
13.075	1.0000000E-015
13.076	1.0000000E-015
13.077	1.0000000E-015
13.078	1.0000000E-015
13.079	1.0000000E-015
13.08	1.0000000E-015
13.081	1.0000000E-015
13.082	1.0000000E-015
13.083	1.0000000E-015
13.084	1.0000000E-015
13.085	1.0000000E-015
13.086	1.0000000E-015
13.087	1.0000000E-015
13.088	1.0000000E-015
13.089	1.0000000E-015
13.09	1.0000000E-015
13.091	1.0000000E-015
13.092	1.0000000E-015
13.093	1.0000000E-015
13.094	1.0000000E-015
13.095	1.0000000E-015
13.096	1.0000000E-015
13.097	1.0000000E-015
13.098	1.0000000E-015
13.099	1.0000000E-015
13.1	1.0000000E-015
13.101	1.0000000E-015
13.102	1.0000000E-015
13.103	1.0000000E-015
13.104	1.0000000E-015
13.105	1.0000000E-015
13.106	1.0000000E-015
13.107	1.0000000E-015
13.108	1.0000000E-015
13.109	1.0000000E-015
13.11	1.0000000E-015
13.111	1.0000000E-015
13.112	1.0000000E-015
13.113	1.0000000E-015
13.114	1.0000000E-015
13.115	1.0000000E-015
13.116	1.0000000E-015
13.117	1.0000000E-015
13.118	1.0000000E-015
13.119	1.0000000E-015
13.12	1.0000000E-015
13.121	1.0000000E-015
13.122	1.0000000E-015
13.123	1.0000000E-015
13.124	1.0000000E-015
13.125	1.0000000E-015
13.126	1.0000000E-015
13.127	1.0000000E-015
13.128	1.0000000E-015
13.129	1.0000000E-015
13.13	1.0000000E-015
13.131	1.0000000E-015
13.132	1.0000000E-015
13.133	1.0000000E-015
13.134	1.0000000E-015
13.135	1.0000000E-015
13.136	1.0000000E-015
13.137	1.0000000E-015
13.138	1.0000000E-015
13.139	1.0000000E-015
13.14	1.0000000E-015
13.141	1.0000000E-015
13.142	1.0000000E-015
13.143	1.0000000E-015
13.144	1.0000000E-015
13.145	1.0000000E-015
13.146	1.0000000E-015
13.147	1.0000000E-015
13.148	1.0000000E-015
13.149	1.0000000E-015
13.15	1.0000000E-015
13.151	1.0000000E-015
13.152	1.0000000E-015
13.153	1.0000000E-015
13.154	1.0000000E-015
13.155	1.0000000E-015
13.156	1.0000000E-015
13.157	1.0000000E-015
13.158	1.0000000E-015
13.159	1.0000000E-015
13.16	1.0000000E-015
13.161	1.0000000E-015
13.162	1.0000000E-015
13.163	1.0000000E-015
13.164	1.0000000E-015
13.165	1.0000000E-015
13.166	1.0000000E-015
13.167	1.0000000E-015
13.168	1.0000000E-015
13.169	1.0000000E-015
13.17	1.0000000E-015
13.171	1.0000000E-015
13.172	1.0000000E-015
13.173	1.0000000E-015
13.174	1.0000000E-015
13.175	1.0000000E-015
13.176	1.0000000E-015
13.177	1.0000000E-015
13.178	1.0000000E-015
13.179	1.0000000E-015
13.18	1.0000000E-015
13.181	1.0000000E-015
13.182	1.0000000E-015
13.183	1.0000000E-015
13.184	1.0000000E-015
13.185	1.0000000E-015
13.186	1.0000000E-015
13.187	1.0000000E-015
13.188	1.0000000E-015
13.189	1.0000000E-015
13.19	1.0000000E-015
13.191	1.0000000E-015
13.192	1.0000000E-015
13.193	1.0000000E-015
13.194	1.0000000E-015
13.195	1.0000000E-015
13.196	1.0000000E-015
13.197	1.0000000E-015
13.198	1.0000000E-015
13.199	1.0000000E-015
13.2	1.0000000E-015
13.201	1.0000000E-015
13.202	1.0000000E-015
13.203	1.0000000E-015
13.204	1.0000000E-015
13.205	1.0000000E-015
13.206	1.0000000E-015
13.207	1.0000000E-015
13.208	1.0000000E-015
13.209	1.0000000E-015
13.21	1.0000000E-015
13.211	1.0000000E-015
13.212	1.0000000E-015
13.213	1.0000000E-015
13.214	1.0000000E-015
13.215	1.0000000E-015
13.216	1.0000000E-015
13.217	1.0000000E-015
13.218	1.0000000E-015
13.219	1.0000000E-015
13.22	1.0000000E-015
13.221	1.0000000E-015
13.222	1.0000000E-015
13.223	1.0000000E-015
13.224	1.0000000E-015
13.225	1.0000000E-015
13.226	1.0000000E-015
13.227	1.0000000E-015
13.228	1.0000000E-015
13.229	1.0000000E-015
13.23	1.0000000E-015
13.231	1.0000000E-015
13.232	1.0000000E-015
13.233	1.0000000E-015
13.234	1.0000000E-015
13.235	1.0000000E-015
13.236	1.0000000E-015
13.237	1.0000000E-015
13.238	1.0000000E-015
13.239	1.0000000E-015
13.24	1.0000000E-015
13.241	1.0000000E-015
13.242	1.0000000E-015
13.243	1.0000000E-015
13.244	1.0000000E-015
13.245	1.0000000E-015
13.246	1.0000000E-015
13.247	1.0000000E-015
13.248	1.0000000E-015
13.249	1.0000000E-015
13.25	1.0000000E-015
13.251	1.0000000E-015
13.252	1.0000000E-015
13.253	1.0000000E-015
13.254	1.0000000E-015
13.255	1.0000000E-015
13.256	1.0000000E-015
13.257	1.0000000E-015
13.258	1.0000000E-015
13.259	1.0000000E-015
13.26	1.0000000E-015
13.261	1.0000000E-015
13.262	1.0000000E-015
13.263	1.0000000E-015
13.264	1.0000000E-015
13.265	1.0000000E-015
13.266	1.0000000E-015
13.267	1.0000000E-015
13.268	1.0000000E-015
13.269	1.0000000E-015
13.27	1.0000000E-015
13.271	1.0000000E-015
13.272	1.0000000E-015
13.273	1.0000000E-015
13.274	1.0000000E-015
13.275	1.0000000E-015
13.276	1.0000000E-015
13.277	1.0000000E-015
13.278	1.0000000E-015
13.279	1.0000000E-015
13.28	1.0000000E-015
13.281	1.0000000E-015
13.282	1.0000000E-015
13.283	1.0000000E-015
13.284	1.0000000E-015
13.285	1.0000000E-015
13.286	1.0000000E-015
13.287	1.0000000E-015
13.288	1.0000000E-015
13.289	1.0000000E-015
13.29	1.0000000E-015
13.291	1.0000000E-015
13.292	1.0000000E-015
13.293	1.0000000E-015
13.294	1.0000000E-015
13.295	1.0000000E-015
13.296	1.0000000E-015
13.297	1.0000000E-015
13.298	1.0000000E-015
13.299	1.0000000E-015
13.3	1.0000000E-015
13.301	1.0000000E-015
13.302	1.0000000E-015
13.303	1.0000000E-015
13.304	1.0000000E-015
13.305	1.0000000E-015
13.306	1.0000000E-015
13.307	1.0000000E-015
13.308	1.0000000E-015
13.309	1.0000000E-015
13.31	1.0000000E-015
13.311	1.0000000E-015
13.312	1.0000000E-015
13.313	1.0000000E-015
13.314	1.0000000E-015
13.315	1.0000000E-015
13.316	1.0000000E-015
13.317	1.0000000E-015
13.318	1.0000000E-015
13.319	1.0000000E-015
13.32	1.0000000E-015
13.321	1.0000000E-015
13.322	1.0000000E-015
13.323	1.0000000E-015
13.324	1.0000000E-015
13.325	1.0000000E-015
13.326	1.0000000E-015
13.327	1.0000000E-015
13.328	1.0000000E-015
13.329	1.0000000E-015
13.33	1.0000000E-015
13.331	1.0000000E-015
13.332	1.0000000E-015
13.333	1.0000000E-015
13.334	1.0000000E-015
13.335	1.0000000E-015
13.336	1.0000000E-015
13.337	1.0000000E-015
13.338	1.0000000E-015
13.339	1.0000000E-015
13.34	1.0000000E-015
13.341	1.0000000E-015
13.342	1.0000000E-015
13.343	1.0000000E-015
13.344	1.0000000E-015
13.345	1.0000000E-015
13.346	1.0000000E-015
13.347	1.0000000E-015
13.348	1.0000000E-015
13.349	1.0000000E-015
13.35	1.0000000E-015
13.351	1.0000000E-015
13.352	1.0000000E-015
13.353	1.0000000E-015
13.354	1.0000000E-015
13.355	1.0000000E-015
13.356	1.0000000E-015
13.357	1.0000000E-015
13.358	1.0000000E-015
13.359	1.0000000E-015
13.36	1.0000000E-015
13.361	1.0000000E-015
13.362	1.0000000E-015
13.363	1.0000000E-015
13.364	1.0000000E-015
13.365	1.0000000E-015
13.366	1.0000000E-015
13.367	1.0000000E-015
13.368	1.0000000E-015
13.369	1.0000000E-015
13.37	1.0000000E-015
13.371	1.0000000E-015
13.372	1.0000000E-015
13.373	1.0000000E-015
13.374	1.0000000E-015
13.375	1.0000000E-015
13.376	1.0000000E-015
13.377	1.0000000E-015
13.378	1.0000000E-015
13.379	1.0000000E-015
13.38	1.0000000E-015
13.381	1.0000000E-015
13.382	1.0000000E-015
13.383	1.0000000E-015
13.384	1.0000000E-015
13.385	1.0000000E-015
13.386	1.0000000E-015
13.387	1.0000000E-015
13.388	1.0000000E-015
13.389	1.0000000E-015
13.39	1.0000000E-015
13.391	1.0000000E-015
13.392	1.0000000E-015
13.393	1.0000000E-015
13.394	1.0000000E-015
13.395	1.0000000E-015
13.396	1.0000000E-015
13.397	1.0000000E-015
13.398	1.0000000E-015
13.399	1.0000000E-015
13.4	1.0000000E-015
13.401	1.0000000E-015
13.402	1.0000000E-015
13.403	1.0000000E-015
13.404	1.0000000E-015
13.405	1.0000000E-015
13.406	1.0000000E-015
13.407	1.0000000E-015
13.408	1.0000000E-015
13.409	1.0000000E-015
13.41	1.0000000E-015
13.411	1.0000000E-015
13.412	1.0000000E-015
13.413	1.0000000E-015
13.414	1.0000000E-015
13.415	1.0000000E-015
13.416	1.0000000E-015
13.417	1.0000000E-015
13.418	1.0000000E-015
13.419	1.0000000E-015
13.42	1.0000000E-015
13.421	1.0000000E-015
13.422	1.0000000E-015
13.423	1.0000000E-015
13.424	1.0000000E-015
13.425	1.0000000E-015
13.426	1.0000000E-015
13.427	1.0000000E-015
13.428	1.0000000E-015
13.429	1.0000000E-015
13.43	1.0000000E-015
13.431	1.0000000E-015
13.432	1.0000000E-015
13.433	1.0000000E-015
13.434	1.0000000E-015
13.435	1.0000000E-015
13.436	1.0000000E-015
13.437	1.0000000E-015
13.438	1.0000000E-015
13.439	1.0000000E-015
13.44	1.0000000E-015
13.441	1.0000000E-015
13.442	1.0000000E-015
13.443	1.0000000E-015
13.444	1.0000000E-015
13.445	1.0000000E-015
13.446	1.0000000E-015
13.447	1.0000000E-015
13.448	1.0000000E-015
13.449	1.0000000E-015
13.45	1.0000000E-015
13.451	1.0000000E-015
13.452	1.0000000E-015
13.453	1.0000000E-015
13.454	1.0000000E-015
13.455	1.0000000E-015
13.456	1.0000000E-015
13.457	1.0000000E-015
13.458	1.0000000E-015
13.459	1.0000000E-015
13.46	1.0000000E-015
13.461	1.0000000E-015
13.462	1.0000000E-015
13.463	1.0000000E-015
13.464	1.0000000E-015
13.465	1.0000000E-015
13.466	1.0000000E-015
13.467	1.0000000E-015
13.468	1.0000000E-015
13.469	1.0000000E-015
13.47	1.0000000E-015
13.471	1.0000000E-015
13.472	1.0000000E-015
13.473	1.0000000E-015
13.474	1.0000000E-015
13.475	1.0000000E-015
13.476	1.0000000E-015
13.477	1.0000000E-015
13.478	1.0000000E-015
13.479	1.0000000E-015
13.48	1.0000000E-015
13.481	1.0000000E-015
13.482	1.0000000E-015
13.483	1.0000000E-015
13.484	1.0000000E-015
13.485	1.0000000E-015
13.486	1.0000000E-015
13.487	1.0000000E-015
13.488	1.0000000E-015
13.489	1.0000000E-015
13.49	1.0000000E-015
13.491	1.0000000E-015
13.492	1.0000000E-015
13.493	1.0000000E-015
13.494	1.0000000E-015
13.495	1.0000000E-015
13.496	1.0000000E-015
13.497	1.0000000E-015
13.498	1.0000000E-015
13.499	1.0000000E-015
13.5	1.0000000E-015
13.501	1.0000000E-015
13.502	1.0000000E-015
13.503	1.0000000E-015
13.504	1.0000000E-015
13.505	1.0000000E-015
13.506	1.0000000E-015
13.507	1.0000000E-015
13.508	1.0000000E-015
13.509	1.0000000E-015
13.51	1.0000000E-015
13.511	1.0000000E-015
13.512	1.0000000E-015
13.513	1.0000000E-015
13.514	1.0000000E-015
13.515	1.0000000E-015
13.516	1.0000000E-015
13.517	1.0000000E-015
13.518	1.0000000E-015
13.519	1.0000000E-015
13.52	1.0000000E-015
13.521	1.0000000E-015
13.522	1.0000000E-015
13.523	1.0000000E-015
13.524	1.0000000E-015
13.525	1.0000000E-015
13.526	1.0000000E-015
13.527	1.0000000E-015
13.528	1.0000000E-015
13.529	1.0000000E-015
13.53	1.0000000E-015
13.531	1.0000000E-015
13.532	1.0000000E-015
13.533	1.0000000E-015
13.534	1.0000000E-015
13.535	1.0000000E-015
13.536	1.0000000E-015
13.537	1.0000000E-015
13.538	1.0000000E-015
13.539	1.0000000E-015
13.54	1.0000000E-015
13.541	1.0000000E-015
13.542	1.0000000E-015
13.543	1.0000000E-015
13.544	1.0000000E-015
13.545	1.0000000E-015
13.546	1.0000000E-015
13.547	1.0000000E-015
13.548	1.0000000E-015
13.549	1.0000000E-015
13.55	1.0000000E-015
13.551	1.0000000E-015
13.552	1.0000000E-015
13.553	1.0000000E-015
13.554	1.0000000E-015
13.555	1.0000000E-015
13.556	1.0000000E-015
13.557	1.0000000E-015
13.558	1.0000000E-015
13.559	1.0000000E-015
13.56	1.0000000E-015
13.561	1.0000000E-015
13.562	1.0000000E-015
13.563	1.0000000E-015
13.564	1.0000000E-015
13.565	1.0000000E-015
13.566	1.0000000E-015
13.567	1.0000000E-015
13.568	1.0000000E-015
13.569	1.0000000E-015
13.57	1.0000000E-015
13.571	1.0000000E-015
13.572	1.0000000E-015
13.573	1.0000000E-015
13.574	1.0000000E-015
13.575	1.0000000E-015
13.576	1.0000000E-015
13.577	1.0000000E-015
13.578	1.0000000E-015
13.579	1.0000000E-015
13.58	1.0000000E-015
13.581	1.0000000E-015
13.582	1.0000000E-015
13.583	1.0000000E-015
13.584	1.0000000E-015
13.585	1.0000000E-015
13.586	1.0000000E-015
13.587	1.0000000E-015
13.588	1.0000000E-015
13.589	1.0000000E-015
13.59	1.0000000E-015
13.591	1.0000000E-015
13.592	1.0000000E-015
13.593	1.0000000E-015
13.594	1.0000000E-015
13.595	1.0000000E-015
13.596	1.0000000E-015
13.597	1.0000000E-015
13.598	1.0000000E-015
13.599	1.0000000E-015
13.6	1.0000000E-015
13.601	1.0000000E-015
13.602	1.0000000E-015
13.603	1.0000000E-015
13.604	1.0000000E-015
13.605	1.0000000E-015
13.606	1.0000000E-015
13.607	1.0000000E-015
13.608	1.0000000E-015
13.609	1.0000000E-015
13.61	1.0000000E-015
13.611	1.0000000E-015
13.612	1.0000000E-015
13.613	1.0000000E-015
13.614	1.0000000E-015
13.615	1.0000000E-015
13.616	1.0000000E-015
13.617	1.0000000E-015
13.618	1.0000000E-015
13.619	1.0000000E-015
13.62	1.0000000E-015
13.621	1.0000000E-015
13.622	1.0000000E-015
13.623	1.0000000E-015
13.624	1.0000000E-015
13.625	1.0000000E-015
13.626	1.0000000E-015
13.627	1.0000000E-015
13.628	1.0000000E-015
13.629	1.0000000E-015
13.63	1.0000000E-015
13.631	1.0000000E-015
13.632	1.0000000E-015
13.633	1.0000000E-015
13.634	1.0000000E-015
13.635	1.0000000E-015
13.636	1.0000000E-015
13.637	1.0000000E-015
13.638	1.0000000E-015
13.639	1.0000000E-015
13.64	1.0000000E-015
13.641	1.0000000E-015
13.642	1.0000000E-015
13.643	1.0000000E-015
13.644	1.0000000E-015
13.645	1.0000000E-015
13.646	1.0000000E-015
13.647	1.0000000E-015
13.648	1.0000000E-015
13.649	1.0000000E-015
13.65	1.0000000E-015
13.651	1.0000000E-015
13.652	1.0000000E-015
13.653	1.0000000E-015
13.654	1.0000000E-015
13.655	1.0000000E-015
13.656	1.0000000E-015
13.657	1.0000000E-015
13.658	1.0000000E-015
13.659	1.0000000E-015
13.66	1.0000000E-015
13.661	1.0000000E-015
13.662	1.0000000E-015
13.663	1.0000000E-015
13.664	1.0000000E-015
13.665	1.0000000E-015
13.666	1.0000000E-015
13.667	1.0000000E-015
13.668	1.0000000E-015
13.669	1.0000000E-015
13.67	1.0000000E-015
13.671	1.0000000E-015
13.672	1.0000000E-015
13.673	1.0000000E-015
13.674	1.0000000E-015
13.675	1.0000000E-015
13.676	1.0000000E-015
13.677	1.0000000E-015
13.678	1.0000000E-015
13.679	1.0000000E-015
13.68	1.0000000E-015
13.681	1.0000000E-015
13.682	1.0000000E-015
13.683	1.0000000E-015
13.684	1.0000000E-015
13.685	1.0000000E-015
13.686	1.0000000E-015
13.687	1.0000000E-015
13.688	1.0000000E-015
13.689	1.0000000E-015
13.69	1.0000000E-015
13.691	1.0000000E-015
13.692	1.0000000E-015
13.693	1.0000000E-015
13.694	1.0000000E-015
13.695	1.0000000E-015
13.696	1.0000000E-015
13.697	1.0000000E-015
13.698	1.0000000E-015
13.699	1.0000000E-015
13.7	1.0000000E-015
13.701	1.0000000E-015
13.702	1.0000000E-015
13.703	1.0000000E-015
13.704	1.0000000E-015
13.705	1.0000000E-015
13.706	1.0000000E-015
13.707	1.0000000E-015
13.708	1.0000000E-015
13.709	1.0000000E-015
13.71	1.0000000E-015
13.711	1.0000000E-015
13.712	1.0000000E-015
13.713	1.0000000E-015
13.714	1.0000000E-015
13.715	1.0000000E-015
13.716	1.0000000E-015
13.717	1.0000000E-015
13.718	1.0000000E-015
13.719	1.0000000E-015
13.72	1.0000000E-015
13.721	1.0000000E-015
13.722	1.0000000E-015
13.723	1.0000000E-015
13.724	1.0000000E-015
13.725	1.0000000E-015
13.726	1.0000000E-015
13.727	1.0000000E-015
13.728	1.0000000E-015
13.729	1.0000000E-015
13.73	1.0000000E-015
13.731	1.0000000E-015
13.732	1.0000000E-015
13.733	1.0000000E-015
13.734	1.0000000E-015
13.735	1.0000000E-015
13.736	1.0000000E-015
13.737	1.0000000E-015
13.738	1.0000000E-015
13.739	1.0000000E-015
13.74	1.0000000E-015
13.741	1.0000000E-015
13.742	1.0000000E-015
13.743	1.0000000E-015
13.744	1.0000000E-015
13.745	1.0000000E-015
13.746	1.0000000E-015
13.747	1.0000000E-015
13.748	1.0000000E-015
13.749	1.0000000E-015
13.75	1.0000000E-015
13.751	1.0000000E-015
13.752	1.0000000E-015
13.753	1.0000000E-015
13.754	1.0000000E-015
13.755	1.0000000E-015
13.756	1.0000000E-015
13.757	1.0000000E-015
13.758	1.0000000E-015
13.759	1.0000000E-015
13.76	1.0000000E-015
13.761	1.0000000E-015
13.762	1.0000000E-015
13.763	1.0000000E-015
13.764	1.0000000E-015
13.765	1.0000000E-015
13.766	1.0000000E-015
13.767	1.0000000E-015
13.768	1.0000000E-015
13.769	1.0000000E-015
13.77	1.0000000E-015
13.771	1.0000000E-015
13.772	1.0000000E-015
13.773	1.0000000E-015
13.774	1.0000000E-015
13.775	1.0000000E-015
13.776	1.0000000E-015
13.777	1.0000000E-015
13.778	1.0000000E-015
13.779	1.0000000E-015
13.78	1.0000000E-015
13.781	1.0000000E-015
13.782	1.0000000E-015
13.783	1.0000000E-015
13.784	1.0000000E-015
13.785	1.0000000E-015
13.786	1.0000000E-015
13.787	1.0000000E-015
13.788	1.0000000E-015
13.789	1.0000000E-015
13.79	1.0000000E-015
13.791	1.0000000E-015
13.792	1.0000000E-015
13.793	1.0000000E-015
13.794	1.0000000E-015
13.795	1.0000000E-015
13.796	1.0000000E-015
13.797	1.0000000E-015
13.798	1.0000000E-015
13.799	1.0000000E-015
13.8	1.0000000E-015
13.801	1.0000000E-015
13.802	1.0000000E-015
13.803	1.0000000E-015
13.804	1.0000000E-015
13.805	1.0000000E-015
13.806	1.0000000E-015
13.807	1.0000000E-015
13.808	1.0000000E-015
13.809	1.0000000E-015
13.81	1.0000000E-015
13.811	1.0000000E-015
13.812	1.0000000E-015
13.813	1.0000000E-015
13.814	1.0000000E-015
13.815	1.0000000E-015
13.816	1.0000000E-015
13.817	1.0000000E-015
13.818	1.0000000E-015
13.819	1.0000000E-015
13.82	1.0000000E-015
13.821	1.0000000E-015
13.822	1.0000000E-015
13.823	1.0000000E-015
13.824	1.0000000E-015
13.825	1.0000000E-015
13.826	1.0000000E-015
13.827	1.0000000E-015
13.828	1.0000000E-015
13.829	1.0000000E-015
13.83	1.0000000E-015
13.831	1.0000000E-015
13.832	1.0000000E-015
13.833	1.0000000E-015
13.834	1.0000000E-015
13.835	1.0000000E-015
13.836	1.0000000E-015
13.837	1.0000000E-015
13.838	1.0000000E-015
13.839	1.0000000E-015
13.84	1.0000000E-015
13.841	1.0000000E-015
13.842	1.0000000E-015
13.843	1.0000000E-015
13.844	1.0000000E-015
13.845	1.0000000E-015
13.846	1.0000000E-015
13.847	1.0000000E-015
13.848	1.0000000E-015
13.849	1.0000000E-015
13.85	1.0000000E-015
13.851	1.0000000E-015
13.852	1.0000000E-015
13.853	1.0000000E-015
13.854	1.0000000E-015
13.855	1.0000000E-015
13.856	1.0000000E-015
13.857	1.0000000E-015
13.858	1.0000000E-015
13.859	1.0000000E-015
13.86	1.0000000E-015
13.861	1.0000000E-015
13.862	1.0000000E-015
13.863	1.0000000E-015
13.864	1.0000000E-015
13.865	1.0000000E-015
13.866	1.0000000E-015
13.867	1.0000000E-015
13.868	1.0000000E-015
13.869	1.0000000E-015
13.87	1.0000000E-015
13.871	1.0000000E-015
13.872	1.0000000E-015
13.873	1.0000000E-015
13.874	1.0000000E-015
13.875	1.0000000E-015
13.876	1.0000000E-015
13.877	1.0000000E-015
13.878	1.0000000E-015
13.879	1.0000000E-015
13.88	1.0000000E-015
13.881	1.0000000E-015
13.882	1.0000000E-015
13.883	1.0000000E-015
13.884	1.0000000E-015
13.885	1.0000000E-015
13.886	1.0000000E-015
13.887	1.0000000E-015
13.888	1.0000000E-015
13.889	1.0000000E-015
13.89	1.0000000E-015
13.891	1.0000000E-015
13.892	1.0000000E-015
13.893	1.0000000E-015
13.894	1.0000000E-015
13.895	1.0000000E-015
13.896	1.0000000E-015
13.897	1.0000000E-015
13.898	1.0000000E-015
13.899	1.0000000E-015
13.9	1.0000000E-015
13.901	1.0000000E-015
13.902	1.0000000E-015
13.903	1.0000000E-015
13.904	1.0000000E-015
13.905	1.0000000E-015
13.906	1.0000000E-015
13.907	1.0000000E-015
13.908	1.0000000E-015
13.909	1.0000000E-015
13.91	1.0000000E-015
13.911	1.0000000E-015
13.912	1.0000000E-015
13.913	1.0000000E-015
13.914	1.0000000E-015
13.915	1.0000000E-015
13.916	1.0000000E-015
13.917	1.0000000E-015
13.918	1.0000000E-015
13.919	1.0000000E-015
13.92	1.0000000E-015
13.921	1.0000000E-015
13.922	1.0000000E-015
13.923	1.0000000E-015
13.924	1.0000000E-015
13.925	1.0000000E-015
13.926	1.0000000E-015
13.927	1.0000000E-015
13.928	1.0000000E-015
13.929	1.0000000E-015
13.93	1.0000000E-015
13.931	1.0000000E-015
13.932	1.0000000E-015
13.933	1.0000000E-015
13.934	1.0000000E-015
13.935	1.0000000E-015
13.936	1.0000000E-015
13.937	1.0000000E-015
13.938	1.0000000E-015
13.939	1.0000000E-015
13.94	1.0000000E-015
13.941	1.0000000E-015
13.942	1.0000000E-015
13.943	1.0000000E-015
13.944	1.0000000E-015
13.945	1.0000000E-015
13.946	1.0000000E-015
13.947	1.0000000E-015
13.948	1.0000000E-015
13.949	1.0000000E-015
13.95	1.0000000E-015
13.951	1.0000000E-015
13.952	1.0000000E-015
13.953	1.0000000E-015
13.954	1.0000000E-015
13.955	1.0000000E-015
13.956	1.0000000E-015
13.957	1.0000000E-015
13.958	1.0000000E-015
13.959	1.0000000E-015
13.96	1.0000000E-015
13.961	1.0000000E-015
13.962	1.0000000E-015
13.963	1.0000000E-015
13.964	1.0000000E-015
13.965	1.0000000E-015
13.966	1.0000000E-015
13.967	1.0000000E-015
13.968	1.0000000E-015
13.969	1.0000000E-015
13.97	1.0000000E-015
13.971	1.0000000E-015
13.972	1.0000000E-015
13.973	1.0000000E-015
13.974	1.0000000E-015
13.975	1.0000000E-015
13.976	1.0000000E-015
13.977	1.0000000E-015
13.978	1.0000000E-015
13.979	1.0000000E-015
13.98	1.0000000E-015
13.981	1.0000000E-015
13.982	1.0000000E-015
13.983	1.0000000E-015
13.984	1.0000000E-015
13.985	1.0000000E-015
13.986	1.0000000E-015
13.987	1.0000000E-015
13.988	1.0000000E-015
13.989	1.0000000E-015
13.99	1.0000000E-015
13.991	1.0000000E-015
13.992	1.0000000E-015
13.993	1.0000000E-015
13.994	1.0000000E-015
13.995	1.0000000E-015
13.996	1.0000000E-015
13.997	1.0000000E-015
13.998	1.0000000E-015
13.999	1.0000000E-015
14	1.0000000E-015
14.001	1.0000000E-015
14.002	1.0000000E-015
14.003	1.0000000E-015
14.004	1.0000000E-015
14.005	1.0000000E-015
14.006	1.0000000E-015
14.007	1.0000000E-015
14.008	1.0000000E-015
14.009	1.0000000E-015
14.01	1.0000000E-015
14.011	1.0000000E-015
14.012	1.0000000E-015
14.013	1.0000000E-015
14.014	1.0000000E-015
14.015	1.0000000E-015
14.016	1.0000000E-015
14.017	1.0000000E-015
14.018	1.0000000E-015
14.019	1.0000000E-015
14.02	1.0000000E-015
14.021	1.0000000E-015
14.022	1.0000000E-015
14.023	1.0000000E-015
14.024	1.0000000E-015
14.025	1.0000000E-015
14.026	1.0000000E-015
14.027	1.0000000E-015
14.028	1.0000000E-015
14.029	1.0000000E-015
14.03	1.0000000E-015
14.031	1.0000000E-015
14.032	1.0000000E-015
14.033	1.0000000E-015
14.034	1.0000000E-015
14.035	1.0000000E-015
14.036	1.0000000E-015
14.037	1.0000000E-015
14.038	1.0000000E-015
14.039	1.0000000E-015
14.04	1.0000000E-015
14.041	1.0000000E-015
14.042	1.0000000E-015
14.043	1.0000000E-015
14.044	1.0000000E-015
14.045	1.0000000E-015
14.046	1.0000000E-015
14.047	1.0000000E-015
14.048	1.0000000E-015
14.049	1.0000000E-015
14.05	1.0000000E-015
14.051	1.0000000E-015
14.052	1.0000000E-015
14.053	1.0000000E-015
14.054	1.0000000E-015
14.055	1.0000000E-015
14.056	1.0000000E-015
14.057	1.0000000E-015
14.058	1.0000000E-015
14.059	1.0000000E-015
14.06	1.0000000E-015
14.061	1.0000000E-015
14.062	1.0000000E-015
14.063	1.0000000E-015
14.064	1.0000000E-015
14.065	1.0000000E-015
14.066	1.0000000E-015
14.067	1.0000000E-015
14.068	1.0000000E-015
14.069	1.0000000E-015
14.07	1.0000000E-015
14.071	1.0000000E-015
14.072	1.0000000E-015
14.073	1.0000000E-015
14.074	1.0000000E-015
14.075	1.0000000E-015
14.076	1.0000000E-015
14.077	1.0000000E-015
14.078	1.0000000E-015
14.079	1.0000000E-015
14.08	1.0000000E-015
14.081	1.0000000E-015
14.082	1.0000000E-015
14.083	1.0000000E-015
14.084	1.0000000E-015
14.085	1.0000000E-015
14.086	1.0000000E-015
14.087	1.0000000E-015
14.088	1.0000000E-015
14.089	1.0000000E-015
14.09	1.0000000E-015
14.091	1.0000000E-015
14.092	1.0000000E-015
14.093	1.0000000E-015
14.094	1.0000000E-015
14.095	1.0000000E-015
14.096	1.0000000E-015
14.097	1.0000000E-015
14.098	1.0000000E-015
14.099	1.0000000E-015
14.1	1.0000000E-015
14.101	1.0000000E-015
14.102	1.0000000E-015
14.103	1.0000000E-015
14.104	1.0000000E-015
14.105	1.0000000E-015
14.106	1.0000000E-015
14.107	1.0000000E-015
14.108	1.0000000E-015
14.109	1.0000000E-015
14.11	1.0000000E-015
14.111	1.0000000E-015
14.112	1.0000000E-015
14.113	1.0000000E-015
14.114	1.0000000E-015
14.115	1.0000000E-015
14.116	1.0000000E-015
14.117	1.0000000E-015
14.118	1.0000000E-015
14.119	1.0000000E-015
14.12	1.0000000E-015
14.121	1.0000000E-015
14.122	1.0000000E-015
14.123	1.0000000E-015
14.124	1.0000000E-015
14.125	1.0000000E-015
14.126	1.0000000E-015
14.127	1.0000000E-015
14.128	1.0000000E-015
14.129	1.0000000E-015
14.13	1.0000000E-015
14.131	1.0000000E-015
14.132	1.0000000E-015
14.133	1.0000000E-015
14.134	1.0000000E-015
14.135	1.0000000E-015
14.136	1.0000000E-015
14.137	1.0000000E-015
14.138	1.0000000E-015
14.139	1.0000000E-015
14.14	1.0000000E-015
14.141	1.0000000E-015
14.142	1.0000000E-015
14.143	1.0000000E-015
14.144	1.0000000E-015
14.145	1.0000000E-015
14.146	1.0000000E-015
14.147	1.0000000E-015
14.148	1.0000000E-015
14.149	1.0000000E-015
14.15	1.0000000E-015
14.151	1.0000000E-015
14.152	1.0000000E-015
14.153	1.0000000E-015
14.154	1.0000000E-015
14.155	1.0000000E-015
14.156	1.0000000E-015
14.157	1.0000000E-015
14.158	1.0000000E-015
14.159	1.0000000E-015
14.16	1.0000000E-015
14.161	1.0000000E-015
14.162	1.0000000E-015
14.163	1.0000000E-015
14.164	1.0000000E-015
14.165	1.0000000E-015
14.166	1.0000000E-015
14.167	1.0000000E-015
14.168	1.0000000E-015
14.169	1.0000000E-015
14.17	1.0000000E-015
14.171	1.0000000E-015
14.172	1.0000000E-015
14.173	1.0000000E-015
14.174	1.0000000E-015
14.175	1.0000000E-015
14.176	1.0000000E-015
14.177	1.0000000E-015
14.178	1.0000000E-015
14.179	1.0000000E-015
14.18	1.0000000E-015
14.181	1.0000000E-015
14.182	1.0000000E-015
14.183	1.0000000E-015
14.184	1.0000000E-015
14.185	1.0000000E-015
14.186	1.0000000E-015
14.187	1.0000000E-015
14.188	1.0000000E-015
14.189	1.0000000E-015
14.19	1.0000000E-015
14.191	1.0000000E-015
14.192	1.0000000E-015
14.193	1.0000000E-015
14.194	1.0000000E-015
14.195	1.0000000E-015
14.196	1.0000000E-015
14.197	1.0000000E-015
14.198	1.0000000E-015
14.199	1.0000000E-015
14.2	1.0000000E-015
14.201	1.0000000E-015
14.202	1.0000000E-015
14.203	1.0000000E-015
14.204	1.0000000E-015
14.205	1.0000000E-015
14.206	1.0000000E-015
14.207	1.0000000E-015
14.208	1.0000000E-015
14.209	1.0000000E-015
14.21	1.0000000E-015
14.211	1.0000000E-015
14.212	1.0000000E-015
14.213	1.0000000E-015
14.214	1.0000000E-015
14.215	1.0000000E-015
14.216	1.0000000E-015
14.217	1.0000000E-015
14.218	1.0000000E-015
14.219	1.0000000E-015
14.22	1.0000000E-015
14.221	1.0000000E-015
14.222	1.0000000E-015
14.223	1.0000000E-015
14.224	1.0000000E-015
14.225	1.0000000E-015
14.226	1.0000000E-015
14.227	1.0000000E-015
14.228	1.0000000E-015
14.229	1.0000000E-015
14.23	1.0000000E-015
14.231	1.0000000E-015
14.232	1.0000000E-015
14.233	1.0000000E-015
14.234	1.0000000E-015
14.235	1.0000000E-015
14.236	1.0000000E-015
14.237	1.0000000E-015
14.238	1.0000000E-015
14.239	1.0000000E-015
14.24	1.0000000E-015
14.241	1.0000000E-015
14.242	1.0000000E-015
14.243	1.0000000E-015
14.244	1.0000000E-015
14.245	1.0000000E-015
14.246	1.0000000E-015
14.247	1.0000000E-015
14.248	1.0000000E-015
14.249	1.0000000E-015
14.25	1.0000000E-015
14.251	1.0000000E-015
14.252	1.0000000E-015
14.253	1.0000000E-015
14.254	1.0000000E-015
14.255	1.0000000E-015
14.256	1.0000000E-015
14.257	1.0000000E-015
14.258	1.0000000E-015
14.259	1.0000000E-015
14.26	1.0000000E-015
14.261	1.0000000E-015
14.262	1.0000000E-015
14.263	1.0000000E-015
14.264	1.0000000E-015
14.265	1.0000000E-015
14.266	1.0000000E-015
14.267	1.0000000E-015
14.268	1.0000000E-015
14.269	1.0000000E-015
14.27	1.0000000E-015
14.271	1.0000000E-015
14.272	1.0000000E-015
14.273	1.0000000E-015
14.274	1.0000000E-015
14.275	1.0000000E-015
14.276	1.0000000E-015
14.277	1.0000000E-015
14.278	1.0000000E-015
14.279	1.0000000E-015
14.28	1.0000000E-015
14.281	1.0000000E-015
14.282	1.0000000E-015
14.283	1.0000000E-015
14.284	1.0000000E-015
14.285	1.0000000E-015
14.286	1.0000000E-015
14.287	1.0000000E-015
14.288	1.0000000E-015
14.289	1.0000000E-015
14.29	1.0000000E-015
14.291	1.0000000E-015
14.292	1.0000000E-015
14.293	1.0000000E-015
14.294	1.0000000E-015
14.295	1.0000000E-015
14.296	1.0000000E-015
14.297	1.0000000E-015
14.298	1.0000000E-015
14.299	1.0000000E-015
14.3	1.0000000E-015
14.301	1.0000000E-015
14.302	1.0000000E-015
14.303	1.0000000E-015
14.304	1.0000000E-015
14.305	1.0000000E-015
14.306	1.0000000E-015
14.307	1.0000000E-015
14.308	1.0000000E-015
14.309	1.0000000E-015
14.31	1.0000000E-015
14.311	1.0000000E-015
14.312	1.0000000E-015
14.313	1.0000000E-015
14.314	1.0000000E-015
14.315	1.0000000E-015
14.316	1.0000000E-015
14.317	1.0000000E-015
14.318	1.0000000E-015
14.319	1.0000000E-015
14.32	1.0000000E-015
14.321	1.0000000E-015
14.322	1.0000000E-015
14.323	1.0000000E-015
14.324	1.0000000E-015
14.325	1.0000000E-015
14.326	1.0000000E-015
14.327	1.0000000E-015
14.328	1.0000000E-015
14.329	1.0000000E-015
14.33	1.0000000E-015
14.331	1.0000000E-015
14.332	1.0000000E-015
14.333	1.0000000E-015
14.334	1.0000000E-015
14.335	1.0000000E-015
14.336	1.0000000E-015
14.337	1.0000000E-015
14.338	1.0000000E-015
14.339	1.0000000E-015
14.34	1.0000000E-015
14.341	1.0000000E-015
14.342	1.0000000E-015
14.343	1.0000000E-015
14.344	1.0000000E-015
14.345	1.0000000E-015
14.346	1.0000000E-015
14.347	1.0000000E-015
14.348	1.0000000E-015
14.349	1.0000000E-015
14.35	1.0000000E-015
14.351	1.0000000E-015
14.352	1.0000000E-015
14.353	1.0000000E-015
14.354	1.0000000E-015
14.355	1.0000000E-015
14.356	1.0000000E-015
14.357	1.0000000E-015
14.358	1.0000000E-015
14.359	1.0000000E-015
14.36	1.0000000E-015
14.361	1.0000000E-015
14.362	1.0000000E-015
14.363	1.0000000E-015
14.364	1.0000000E-015
14.365	1.0000000E-015
14.366	1.0000000E-015
14.367	1.0000000E-015
14.368	1.0000000E-015
14.369	1.0000000E-015
14.37	1.0000000E-015
14.371	1.0000000E-015
14.372	1.0000000E-015
14.373	1.0000000E-015
14.374	1.0000000E-015
14.375	1.0000000E-015
14.376	1.0000000E-015
14.377	1.0000000E-015
14.378	1.0000000E-015
14.379	1.0000000E-015
14.38	1.0000000E-015
14.381	1.0000000E-015
14.382	1.0000000E-015
14.383	1.0000000E-015
14.384	1.0000000E-015
14.385	1.0000000E-015
14.386	1.0000000E-015
14.387	1.0000000E-015
14.388	1.0000000E-015
14.389	1.0000000E-015
14.39	1.0000000E-015
14.391	1.0000000E-015
14.392	1.0000000E-015
14.393	1.0000000E-015
14.394	1.0000000E-015
14.395	1.0000000E-015
14.396	1.0000000E-015
14.397	1.0000000E-015
14.398	1.0000000E-015
14.399	1.0000000E-015
14.4	1.0000000E-015
14.401	1.0000000E-015
14.402	1.0000000E-015
14.403	1.0000000E-015
14.404	1.0000000E-015
14.405	1.0000000E-015
14.406	1.0000000E-015
14.407	1.0000000E-015
14.408	1.0000000E-015
14.409	1.0000000E-015
14.41	1.0000000E-015
14.411	1.0000000E-015
14.412	1.0000000E-015
14.413	1.0000000E-015
14.414	1.0000000E-015
14.415	1.0000000E-015
14.416	1.0000000E-015
14.417	1.0000000E-015
14.418	1.0000000E-015
14.419	1.0000000E-015
14.42	1.0000000E-015
14.421	1.0000000E-015
14.422	1.0000000E-015
14.423	1.0000000E-015
14.424	1.0000000E-015
14.425	1.0000000E-015
14.426	1.0000000E-015
14.427	1.0000000E-015
14.428	1.0000000E-015
14.429	1.0000000E-015
14.43	1.0000000E-015
14.431	1.0000000E-015
14.432	1.0000000E-015
14.433	1.0000000E-015
14.434	1.0000000E-015
14.435	1.0000000E-015
14.436	1.0000000E-015
14.437	1.0000000E-015
14.438	1.0000000E-015
14.439	1.0000000E-015
14.44	1.0000000E-015
14.441	1.0000000E-015
14.442	1.0000000E-015
14.443	1.0000000E-015
14.444	1.0000000E-015
14.445	1.0000000E-015
14.446	1.0000000E-015
14.447	1.0000000E-015
14.448	1.0000000E-015
14.449	1.0000000E-015
14.45	1.0000000E-015
14.451	1.0000000E-015
14.452	1.0000000E-015
14.453	1.0000000E-015
14.454	1.0000000E-015
14.455	1.0000000E-015
14.456	1.0000000E-015
14.457	1.0000000E-015
14.458	1.0000000E-015
14.459	1.0000000E-015
14.46	1.0000000E-015
14.461	1.0000000E-015
14.462	1.0000000E-015
14.463	1.0000000E-015
14.464	1.0000000E-015
14.465	1.0000000E-015
14.466	1.0000000E-015
14.467	1.0000000E-015
14.468	1.0000000E-015
14.469	1.0000000E-015
14.47	1.0000000E-015
14.471	1.0000000E-015
14.472	1.0000000E-015
14.473	1.0000000E-015
14.474	1.0000000E-015
14.475	1.0000000E-015
14.476	1.0000000E-015
14.477	1.0000000E-015
14.478	1.0000000E-015
14.479	1.0000000E-015
14.48	1.0000000E-015
14.481	1.0000000E-015
14.482	1.0000000E-015
14.483	1.0000000E-015
14.484	1.0000000E-015
14.485	1.0000000E-015
14.486	1.0000000E-015
14.487	1.0000000E-015
14.488	1.0000000E-015
14.489	1.0000000E-015
14.49	1.0000000E-015
14.491	1.0000000E-015
14.492	1.0000000E-015
14.493	1.0000000E-015
14.494	1.0000000E-015
14.495	1.0000000E-015
14.496	1.0000000E-015
14.497	1.0000000E-015
14.498	1.0000000E-015
14.499	1.0000000E-015
14.5	1.0000000E-015
14.501	1.0000000E-015
14.502	1.0000000E-015
14.503	1.0000000E-015
14.504	1.0000000E-015
14.505	1.0000000E-015
14.506	1.0000000E-015
14.507	1.0000000E-015
14.508	1.0000000E-015
14.509	1.0000000E-015
14.51	1.0000000E-015
14.511	1.0000000E-015
14.512	1.0000000E-015
14.513	1.0000000E-015
14.514	1.0000000E-015
14.515	1.0000000E-015
14.516	1.0000000E-015
14.517	1.0000000E-015
14.518	1.0000000E-015
14.519	1.0000000E-015
14.52	1.0000000E-015
14.521	1.0000000E-015
14.522	1.0000000E-015
14.523	1.0000000E-015
14.524	1.0000000E-015
14.525	1.0000000E-015
14.526	1.0000000E-015
14.527	1.0000000E-015
14.528	1.0000000E-015
14.529	1.0000000E-015
14.53	1.0000000E-015
14.531	1.0000000E-015
14.532	1.0000000E-015
14.533	1.0000000E-015
14.534	1.0000000E-015
14.535	1.0000000E-015
14.536	1.0000000E-015
14.537	1.0000000E-015
14.538	1.0000000E-015
14.539	1.0000000E-015
14.54	1.0000000E-015
14.541	1.0000000E-015
14.542	1.0000000E-015
14.543	1.0000000E-015
14.544	1.0000000E-015
14.545	1.0000000E-015
14.546	1.0000000E-015
14.547	1.0000000E-015
14.548	1.0000000E-015
14.549	1.0000000E-015
14.55	1.0000000E-015
14.551	1.0000000E-015
14.552	1.0000000E-015
14.553	1.0000000E-015
14.554	1.0000000E-015
14.555	1.0000000E-015
14.556	1.0000000E-015
14.557	1.0000000E-015
14.558	1.0000000E-015
14.559	1.0000000E-015
14.56	1.0000000E-015
14.561	1.0000000E-015
14.562	1.0000000E-015
14.563	1.0000000E-015
14.564	1.0000000E-015
14.565	1.0000000E-015
14.566	1.0000000E-015
14.567	1.0000000E-015
14.568	1.0000000E-015
14.569	1.0000000E-015
14.57	1.0000000E-015
14.571	1.0000000E-015
14.572	1.0000000E-015
14.573	1.0000000E-015
14.574	1.0000000E-015
14.575	1.0000000E-015
14.576	1.0000000E-015
14.577	1.0000000E-015
14.578	1.0000000E-015
14.579	1.0000000E-015
14.58	1.0000000E-015
14.581	1.0000000E-015
14.582	1.0000000E-015
14.583	1.0000000E-015
14.584	1.0000000E-015
14.585	1.0000000E-015
14.586	1.0000000E-015
14.587	1.0000000E-015
14.588	1.0000000E-015
14.589	1.0000000E-015
14.59	1.0000000E-015
14.591	1.0000000E-015
14.592	1.0000000E-015
14.593	1.0000000E-015
14.594	1.0000000E-015
14.595	1.0000000E-015
14.596	1.0000000E-015
14.597	1.0000000E-015
14.598	1.0000000E-015
14.599	1.0000000E-015
14.6	1.0000000E-015
14.601	1.0000000E-015
14.602	1.0000000E-015
14.603	1.0000000E-015
14.604	1.0000000E-015
14.605	1.0000000E-015
14.606	1.0000000E-015
14.607	1.0000000E-015
14.608	1.0000000E-015
14.609	1.0000000E-015
14.61	1.0000000E-015
14.611	1.0000000E-015
14.612	1.0000000E-015
14.613	1.0000000E-015
14.614	1.0000000E-015
14.615	1.0000000E-015
14.616	1.0000000E-015
14.617	1.0000000E-015
14.618	1.0000000E-015
14.619	1.0000000E-015
14.62	1.0000000E-015
14.621	1.0000000E-015
14.622	1.0000000E-015
14.623	1.0000000E-015
14.624	1.0000000E-015
14.625	1.0000000E-015
14.626	1.0000000E-015
14.627	1.0000000E-015
14.628	1.0000000E-015
14.629	1.0000000E-015
14.63	1.0000000E-015
14.631	1.0000000E-015
14.632	1.0000000E-015
14.633	1.0000000E-015
14.634	1.0000000E-015
14.635	1.0000000E-015
14.636	1.0000000E-015
14.637	1.0000000E-015
14.638	1.0000000E-015
14.639	1.0000000E-015
14.64	1.0000000E-015
14.641	1.0000000E-015
14.642	1.0000000E-015
14.643	1.0000000E-015
14.644	1.0000000E-015
14.645	1.0000000E-015
14.646	1.0000000E-015
14.647	1.0000000E-015
14.648	1.0000000E-015
14.649	1.0000000E-015
14.65	1.0000000E-015
14.651	1.0000000E-015
14.652	1.0000000E-015
14.653	1.0000000E-015
14.654	1.0000000E-015
14.655	1.0000000E-015
14.656	1.0000000E-015
14.657	1.0000000E-015
14.658	1.0000000E-015
14.659	1.0000000E-015
14.66	1.0000000E-015
14.661	1.0000000E-015
14.662	1.0000000E-015
14.663	1.0000000E-015
14.664	1.0000000E-015
14.665	1.0000000E-015
14.666	1.0000000E-015
14.667	1.0000000E-015
14.668	1.0000000E-015
14.669	1.0000000E-015
14.67	1.0000000E-015
14.671	1.0000000E-015
14.672	1.0000000E-015
14.673	1.0000000E-015
14.674	1.0000000E-015
14.675	1.0000000E-015
14.676	1.0000000E-015
14.677	1.0000000E-015
14.678	1.0000000E-015
14.679	1.0000000E-015
14.68	1.0000000E-015
14.681	1.0000000E-015
14.682	1.0000000E-015
14.683	1.0000000E-015
14.684	1.0000000E-015
14.685	1.0000000E-015
14.686	1.0000000E-015
14.687	1.0000000E-015
14.688	1.0000000E-015
14.689	1.0000000E-015
14.69	1.0000000E-015
14.691	1.0000000E-015
14.692	1.0000000E-015
14.693	1.0000000E-015
14.694	1.0000000E-015
14.695	1.0000000E-015
14.696	1.0000000E-015
14.697	1.0000000E-015
14.698	1.0000000E-015
14.699	1.0000000E-015
14.7	1.0000000E-015
14.701	1.0000000E-015
14.702	1.0000000E-015
14.703	1.0000000E-015
14.704	1.0000000E-015
14.705	1.0000000E-015
14.706	1.0000000E-015
14.707	1.0000000E-015
14.708	1.0000000E-015
14.709	1.0000000E-015
14.71	1.0000000E-015
14.711	1.0000000E-015
14.712	1.0000000E-015
14.713	1.0000000E-015
14.714	1.0000000E-015
14.715	1.0000000E-015
14.716	1.0000000E-015
14.717	1.0000000E-015
14.718	1.0000000E-015
14.719	1.0000000E-015
14.72	1.0000000E-015
14.721	1.0000000E-015
14.722	1.0000000E-015
14.723	1.0000000E-015
14.724	1.0000000E-015
14.725	1.0000000E-015
14.726	1.0000000E-015
14.727	1.0000000E-015
14.728	1.0000000E-015
14.729	1.0000000E-015
14.73	1.0000000E-015
14.731	1.0000000E-015
14.732	1.0000000E-015
14.733	1.0000000E-015
14.734	1.0000000E-015
14.735	1.0000000E-015
14.736	1.0000000E-015
14.737	1.0000000E-015
14.738	1.0000000E-015
14.739	1.0000000E-015
14.74	1.0000000E-015
14.741	1.0000000E-015
14.742	1.0000000E-015
14.743	1.0000000E-015
14.744	1.0000000E-015
14.745	1.0000000E-015
14.746	1.0000000E-015
14.747	1.0000000E-015
14.748	1.0000000E-015
14.749	1.0000000E-015
14.75	1.0000000E-015
14.751	1.0000000E-015
14.752	1.0000000E-015
14.753	1.0000000E-015
14.754	1.0000000E-015
14.755	1.0000000E-015
14.756	1.0000000E-015
14.757	1.0000000E-015
14.758	1.0000000E-015
14.759	1.0000000E-015
14.76	1.0000000E-015
14.761	1.0000000E-015
14.762	1.0000000E-015
14.763	1.0000000E-015
14.764	1.0000000E-015
14.765	1.0000000E-015
14.766	1.0000000E-015
14.767	1.0000000E-015
14.768	1.0000000E-015
14.769	1.0000000E-015
14.77	1.0000000E-015
14.771	1.0000000E-015
14.772	1.0000000E-015
14.773	1.0000000E-015
14.774	1.0000000E-015
14.775	1.0000000E-015
14.776	1.0000000E-015
14.777	1.0000000E-015
14.778	1.0000000E-015
14.779	1.0000000E-015
14.78	1.0000000E-015
14.781	1.0000000E-015
14.782	1.0000000E-015
14.783	1.0000000E-015
14.784	1.0000000E-015
14.785	1.0000000E-015
14.786	1.0000000E-015
14.787	1.0000000E-015
14.788	1.0000000E-015
14.789	1.0000000E-015
14.79	1.0000000E-015
14.791	1.0000000E-015
14.792	1.0000000E-015
14.793	1.0000000E-015
14.794	1.0000000E-015
14.795	1.0000000E-015
14.796	1.0000000E-015
14.797	1.0000000E-015
14.798	1.0000000E-015
14.799	1.0000000E-015
14.8	1.0000000E-015
14.801	1.0000000E-015
14.802	1.0000000E-015
14.803	1.0000000E-015
14.804	1.0000000E-015
14.805	1.0000000E-015
14.806	1.0000000E-015
14.807	1.0000000E-015
14.808	1.0000000E-015
14.809	1.0000000E-015
14.81	1.0000000E-015
14.811	1.0000000E-015
14.812	1.0000000E-015
14.813	1.0000000E-015
14.814	1.0000000E-015
14.815	1.0000000E-015
14.816	1.0000000E-015
14.817	1.0000000E-015
14.818	1.0000000E-015
14.819	1.0000000E-015
14.82	1.0000000E-015
14.821	1.0000000E-015
14.822	1.0000000E-015
14.823	1.0000000E-015
14.824	1.0000000E-015
14.825	1.0000000E-015
14.826	1.0000000E-015
14.827	1.0000000E-015
14.828	1.0000000E-015
14.829	1.0000000E-015
14.83	1.0000000E-015
14.831	1.0000000E-015
14.832	1.0000000E-015
14.833	1.0000000E-015
14.834	1.0000000E-015
14.835	1.0000000E-015
14.836	1.0000000E-015
14.837	1.0000000E-015
14.838	1.0000000E-015
14.839	1.0000000E-015
14.84	1.0000000E-015
14.841	1.0000000E-015
14.842	1.0000000E-015
14.843	1.0000000E-015
14.844	1.0000000E-015
14.845	1.0000000E-015
14.846	1.0000000E-015
14.847	1.0000000E-015
14.848	1.0000000E-015
14.849	1.0000000E-015
14.85	1.0000000E-015
14.851	1.0000000E-015
14.852	1.0000000E-015
14.853	1.0000000E-015
14.854	1.0000000E-015
14.855	1.0000000E-015
14.856	1.0000000E-015
14.857	1.0000000E-015
14.858	1.0000000E-015
14.859	1.0000000E-015
14.86	1.0000000E-015
14.861	1.0000000E-015
14.862	1.0000000E-015
14.863	1.0000000E-015
14.864	1.0000000E-015
14.865	1.0000000E-015
14.866	1.0000000E-015
14.867	1.0000000E-015
14.868	1.0000000E-015
14.869	1.0000000E-015
14.87	1.0000000E-015
14.871	1.0000000E-015
14.872	1.0000000E-015
14.873	1.0000000E-015
14.874	1.0000000E-015
14.875	1.0000000E-015
14.876	1.0000000E-015
14.877	1.0000000E-015
14.878	1.0000000E-015
14.879	1.0000000E-015
14.88	1.0000000E-015
14.881	1.0000000E-015
14.882	1.0000000E-015
14.883	1.0000000E-015
14.884	1.0000000E-015
14.885	1.0000000E-015
14.886	1.0000000E-015
14.887	1.0000000E-015
14.888	1.0000000E-015
14.889	1.0000000E-015
14.89	1.0000000E-015
14.891	1.0000000E-015
14.892	1.0000000E-015
14.893	1.0000000E-015
14.894	1.0000000E-015
14.895	1.0000000E-015
14.896	1.0000000E-015
14.897	1.0000000E-015
14.898	1.0000000E-015
14.899	1.0000000E-015
14.9	1.0000000E-015
14.901	1.0000000E-015
14.902	1.0000000E-015
14.903	1.0000000E-015
14.904	1.0000000E-015
14.905	1.0000000E-015
14.906	1.0000000E-015
14.907	1.0000000E-015
14.908	1.0000000E-015
14.909	1.0000000E-015
14.91	1.0000000E-015
14.911	1.0000000E-015
14.912	1.0000000E-015
14.913	1.0000000E-015
14.914	1.0000000E-015
14.915	1.0000000E-015
14.916	1.0000000E-015
14.917	1.0000000E-015
14.918	1.0000000E-015
14.919	1.0000000E-015
14.92	1.0000000E-015
14.921	1.0000000E-015
14.922	1.0000000E-015
14.923	1.0000000E-015
14.924	1.0000000E-015
14.925	1.0000000E-015
14.926	1.0000000E-015
14.927	1.0000000E-015
14.928	1.0000000E-015
14.929	1.0000000E-015
14.93	1.0000000E-015
14.931	1.0000000E-015
14.932	1.0000000E-015
14.933	1.0000000E-015
14.934	1.0000000E-015
14.935	1.0000000E-015
14.936	1.0000000E-015
14.937	1.0000000E-015
14.938	1.0000000E-015
14.939	1.0000000E-015
14.94	1.0000000E-015
14.941	1.0000000E-015
14.942	1.0000000E-015
14.943	1.0000000E-015
14.944	1.0000000E-015
14.945	1.0000000E-015
14.946	1.0000000E-015
14.947	1.0000000E-015
14.948	1.0000000E-015
14.949	1.0000000E-015
14.95	1.0000000E-015
14.951	1.0000000E-015
14.952	1.0000000E-015
14.953	1.0000000E-015
14.954	1.0000000E-015
14.955	1.0000000E-015
14.956	1.0000000E-015
14.957	1.0000000E-015
14.958	1.0000000E-015
14.959	1.0000000E-015
14.96	1.0000000E-015
14.961	1.0000000E-015
14.962	1.0000000E-015
14.963	1.0000000E-015
14.964	1.0000000E-015
14.965	1.0000000E-015
14.966	1.0000000E-015
14.967	1.0000000E-015
14.968	1.0000000E-015
14.969	1.0000000E-015
14.97	1.0000000E-015
14.971	1.0000000E-015
14.972	1.0000000E-015
14.973	1.0000000E-015
14.974	1.0000000E-015
14.975	1.0000000E-015
14.976	1.0000000E-015
14.977	1.0000000E-015
14.978	1.0000000E-015
14.979	1.0000000E-015
14.98	1.0000000E-015
14.981	1.0000000E-015
14.982	1.0000000E-015
14.983	1.0000000E-015
14.984	1.0000000E-015
14.985	1.0000000E-015
14.986	1.0000000E-015
14.987	1.0000000E-015
14.988	1.0000000E-015
14.989	1.0000000E-015
14.99	1.0000000E-015
14.991	1.0000000E-015
14.992	1.0000000E-015
14.993	1.0000000E-015
14.994	1.0000000E-015
14.995	1.0000000E-015
14.996	1.0000000E-015
14.997	1.0000000E-015
14.998	1.0000000E-015
14.999	1.0000000E-015
15	1.0000000E-015
15.001	1.0000000E-015
15.002	1.0000000E-015
15.003	1.0000000E-015
15.004	1.0000000E-015
15.005	1.0000000E-015
15.006	1.0000000E-015
15.007	1.0000000E-015
15.008	1.0000000E-015
15.009	1.0000000E-015
15.01	1.0000000E-015
15.011	1.0000000E-015
15.012	1.0000000E-015
15.013	1.0000000E-015
15.014	1.0000000E-015
15.015	1.0000000E-015
15.016	1.0000000E-015
15.017	1.0000000E-015
15.018	1.0000000E-015
15.019	1.0000000E-015
15.02	1.0000000E-015
15.021	1.0000000E-015
15.022	1.0000000E-015
15.023	1.0000000E-015
15.024	1.0000000E-015
15.025	1.0000000E-015
15.026	1.0000000E-015
15.027	1.0000000E-015
15.028	1.0000000E-015
15.029	1.0000000E-015
15.03	1.0000000E-015
15.031	1.0000000E-015
15.032	1.0000000E-015
15.033	1.0000000E-015
15.034	1.0000000E-015
15.035	1.0000000E-015
15.036	1.0000000E-015
15.037	1.0000000E-015
15.038	1.0000000E-015
15.039	1.0000000E-015
15.04	1.0000000E-015
15.041	1.0000000E-015
15.042	1.0000000E-015
15.043	1.0000000E-015
15.044	1.0000000E-015
15.045	1.0000000E-015
15.046	1.0000000E-015
15.047	1.0000000E-015
15.048	1.0000000E-015
15.049	1.0000000E-015
15.05	1.0000000E-015
15.051	1.0000000E-015
15.052	1.0000000E-015
15.053	1.0000000E-015
15.054	1.0000000E-015
15.055	1.0000000E-015
15.056	1.0000000E-015
15.057	1.0000000E-015
15.058	1.0000000E-015
15.059	1.0000000E-015
15.06	1.0000000E-015
15.061	1.0000000E-015
15.062	1.0000000E-015
15.063	1.0000000E-015
15.064	1.0000000E-015
15.065	1.0000000E-015
15.066	1.0000000E-015
15.067	1.0000000E-015
15.068	1.0000000E-015
15.069	1.0000000E-015
15.07	1.0000000E-015
15.071	1.0000000E-015
15.072	1.0000000E-015
15.073	1.0000000E-015
15.074	1.0000000E-015
15.075	1.0000000E-015
15.076	1.0000000E-015
15.077	1.0000000E-015
15.078	1.0000000E-015
15.079	1.0000000E-015
15.08	1.0000000E-015
15.081	1.0000000E-015
15.082	1.0000000E-015
15.083	1.0000000E-015
15.084	1.0000000E-015
15.085	1.0000000E-015
15.086	1.0000000E-015
15.087	1.0000000E-015
15.088	1.0000000E-015
15.089	1.0000000E-015
15.09	1.0000000E-015
15.091	1.0000000E-015
15.092	1.0000000E-015
15.093	1.0000000E-015
15.094	1.0000000E-015
15.095	1.0000000E-015
15.096	1.0000000E-015
15.097	1.0000000E-015
15.098	1.0000000E-015
15.099	1.0000000E-015
15.1	1.0000000E-015
15.101	1.0000000E-015
15.102	1.0000000E-015
15.103	1.0000000E-015
15.104	1.0000000E-015
15.105	1.0000000E-015
15.106	1.0000000E-015
15.107	1.0000000E-015
15.108	1.0000000E-015
15.109	1.0000000E-015
15.11	1.0000000E-015
15.111	1.0000000E-015
15.112	1.0000000E-015
15.113	1.0000000E-015
15.114	1.0000000E-015
15.115	1.0000000E-015
15.116	1.0000000E-015
15.117	1.0000000E-015
15.118	1.0000000E-015
15.119	1.0000000E-015
15.12	1.0000000E-015
15.121	1.0000000E-015
15.122	1.0000000E-015
15.123	1.0000000E-015
15.124	1.0000000E-015
15.125	1.0000000E-015
15.126	1.0000000E-015
15.127	1.0000000E-015
15.128	1.0000000E-015
15.129	1.0000000E-015
15.13	1.0000000E-015
15.131	1.0000000E-015
15.132	1.0000000E-015
15.133	1.0000000E-015
15.134	1.0000000E-015
15.135	1.0000000E-015
15.136	1.0000000E-015
15.137	1.0000000E-015
15.138	1.0000000E-015
15.139	1.0000000E-015
15.14	1.0000000E-015
15.141	1.0000000E-015
15.142	1.0000000E-015
15.143	1.0000000E-015
15.144	1.0000000E-015
15.145	1.0000000E-015
15.146	1.0000000E-015
15.147	1.0000000E-015
15.148	1.0000000E-015
15.149	1.0000000E-015
15.15	1.0000000E-015
15.151	1.0000000E-015
15.152	1.0000000E-015
15.153	1.0000000E-015
15.154	1.0000000E-015
15.155	1.0000000E-015
15.156	1.0000000E-015
15.157	1.0000000E-015
15.158	1.0000000E-015
15.159	1.0000000E-015
15.16	1.0000000E-015
15.161	1.0000000E-015
15.162	1.0000000E-015
15.163	1.0000000E-015
15.164	1.0000000E-015
15.165	1.0000000E-015
15.166	1.0000000E-015
15.167	1.0000000E-015
15.168	1.0000000E-015
15.169	1.0000000E-015
15.17	1.0000000E-015
15.171	1.0000000E-015
15.172	1.0000000E-015
15.173	1.0000000E-015
15.174	1.0000000E-015
15.175	1.0000000E-015
15.176	1.0000000E-015
15.177	1.0000000E-015
15.178	1.0000000E-015
15.179	1.0000000E-015
15.18	1.0000000E-015
15.181	1.0000000E-015
15.182	1.0000000E-015
15.183	1.0000000E-015
15.184	1.0000000E-015
15.185	1.0000000E-015
15.186	1.0000000E-015
15.187	1.0000000E-015
15.188	1.0000000E-015
15.189	1.0000000E-015
15.19	1.0000000E-015
15.191	1.0000000E-015
15.192	1.0000000E-015
15.193	1.0000000E-015
15.194	1.0000000E-015
15.195	1.0000000E-015
15.196	1.0000000E-015
15.197	1.0000000E-015
15.198	1.0000000E-015
15.199	1.0000000E-015
15.2	1.0000000E-015
15.201	1.0000000E-015
15.202	1.0000000E-015
15.203	1.0000000E-015
15.204	1.0000000E-015
15.205	1.0000000E-015
15.206	1.0000000E-015
15.207	1.0000000E-015
15.208	1.0000000E-015
15.209	1.0000000E-015
15.21	1.0000000E-015
15.211	1.0000000E-015
15.212	1.0000000E-015
15.213	1.0000000E-015
15.214	1.0000000E-015
15.215	1.0000000E-015
15.216	1.0000000E-015
15.217	1.0000000E-015
15.218	1.0000000E-015
15.219	1.0000000E-015
15.22	1.0000000E-015
15.221	1.0000000E-015
15.222	1.0000000E-015
15.223	1.0000000E-015
15.224	1.0000000E-015
15.225	1.0000000E-015
15.226	1.0000000E-015
15.227	1.0000000E-015
15.228	1.0000000E-015
15.229	1.0000000E-015
15.23	1.0000000E-015
15.231	1.0000000E-015
15.232	1.0000000E-015
15.233	1.0000000E-015
15.234	1.0000000E-015
15.235	1.0000000E-015
15.236	1.0000000E-015
15.237	1.0000000E-015
15.238	1.0000000E-015
15.239	1.0000000E-015
15.24	1.0000000E-015
15.241	1.0000000E-015
15.242	1.0000000E-015
15.243	1.0000000E-015
15.244	1.0000000E-015
15.245	1.0000000E-015
15.246	1.0000000E-015
15.247	1.0000000E-015
15.248	1.0000000E-015
15.249	1.0000000E-015
15.25	1.0000000E-015
15.251	1.0000000E-015
15.252	1.0000000E-015
15.253	1.0000000E-015
15.254	1.0000000E-015
15.255	1.0000000E-015
15.256	1.0000000E-015
15.257	1.0000000E-015
15.258	1.0000000E-015
15.259	1.0000000E-015
15.26	1.0000000E-015
15.261	1.0000000E-015
15.262	1.0000000E-015
15.263	1.0000000E-015
15.264	1.0000000E-015
15.265	1.0000000E-015
15.266	1.0000000E-015
15.267	1.0000000E-015
15.268	1.0000000E-015
15.269	1.0000000E-015
15.27	1.0000000E-015
15.271	1.0000000E-015
15.272	1.0000000E-015
15.273	1.0000000E-015
15.274	1.0000000E-015
15.275	1.0000000E-015
15.276	1.0000000E-015
15.277	1.0000000E-015
15.278	1.0000000E-015
15.279	1.0000000E-015
15.28	1.0000000E-015
15.281	1.0000000E-015
15.282	1.0000000E-015
15.283	1.0000000E-015
15.284	1.0000000E-015
15.285	1.0000000E-015
15.286	1.0000000E-015
15.287	1.0000000E-015
15.288	1.0000000E-015
15.289	1.0000000E-015
15.29	1.0000000E-015
15.291	1.0000000E-015
15.292	1.0000000E-015
15.293	1.0000000E-015
15.294	1.0000000E-015
15.295	1.0000000E-015
15.296	1.0000000E-015
15.297	1.0000000E-015
15.298	1.0000000E-015
15.299	1.0000000E-015
15.3	1.0000000E-015
15.301	1.0000000E-015
15.302	1.0000000E-015
15.303	1.0000000E-015
15.304	1.0000000E-015
15.305	1.0000000E-015
15.306	1.0000000E-015
15.307	1.0000000E-015
15.308	1.0000000E-015
15.309	1.0000000E-015
15.31	1.0000000E-015
15.311	1.0000000E-015
15.312	1.0000000E-015
15.313	1.0000000E-015
15.314	1.0000000E-015
15.315	1.0000000E-015
15.316	1.0000000E-015
15.317	1.0000000E-015
15.318	1.0000000E-015
15.319	1.0000000E-015
15.32	1.0000000E-015
15.321	1.0000000E-015
15.322	1.0000000E-015
15.323	1.0000000E-015
15.324	1.0000000E-015
15.325	1.0000000E-015
15.326	1.0000000E-015
15.327	1.0000000E-015
15.328	1.0000000E-015
15.329	1.0000000E-015
15.33	1.0000000E-015
15.331	1.0000000E-015
15.332	1.0000000E-015
15.333	1.0000000E-015
15.334	1.0000000E-015
15.335	1.0000000E-015
15.336	1.0000000E-015
15.337	1.0000000E-015
15.338	1.0000000E-015
15.339	1.0000000E-015
15.34	1.0000000E-015
15.341	1.0000000E-015
15.342	1.0000000E-015
15.343	1.0000000E-015
15.344	1.0000000E-015
15.345	1.0000000E-015
15.346	1.0000000E-015
15.347	1.0000000E-015
15.348	1.0000000E-015
15.349	1.0000000E-015
15.35	1.0000000E-015
15.351	1.0000000E-015
15.352	1.0000000E-015
15.353	1.0000000E-015
15.354	1.0000000E-015
15.355	1.0000000E-015
15.356	1.0000000E-015
15.357	1.0000000E-015
15.358	1.0000000E-015
15.359	1.0000000E-015
15.36	1.0000000E-015
15.361	1.0000000E-015
15.362	1.0000000E-015
15.363	1.0000000E-015
15.364	1.0000000E-015
15.365	1.0000000E-015
15.366	1.0000000E-015
15.367	1.0000000E-015
15.368	1.0000000E-015
15.369	1.0000000E-015
15.37	1.0000000E-015
15.371	1.0000000E-015
15.372	1.0000000E-015
15.373	1.0000000E-015
15.374	1.0000000E-015
15.375	1.0000000E-015
15.376	1.0000000E-015
15.377	1.0000000E-015
15.378	1.0000000E-015
15.379	1.0000000E-015
15.38	1.0000000E-015
15.381	1.0000000E-015
15.382	1.0000000E-015
15.383	1.0000000E-015
15.384	1.0000000E-015
15.385	1.0000000E-015
15.386	1.0000000E-015
15.387	1.0000000E-015
15.388	1.0000000E-015
15.389	1.0000000E-015
15.39	1.0000000E-015
15.391	1.0000000E-015
15.392	1.0000000E-015
15.393	1.0000000E-015
15.394	1.0000000E-015
15.395	1.0000000E-015
15.396	1.0000000E-015
15.397	1.0000000E-015
15.398	1.0000000E-015
15.399	1.0000000E-015
15.4	1.0000000E-015
15.401	1.0000000E-015
15.402	1.0000000E-015
15.403	1.0000000E-015
15.404	1.0000000E-015
15.405	1.0000000E-015
15.406	1.0000000E-015
15.407	1.0000000E-015
15.408	1.0000000E-015
15.409	1.0000000E-015
15.41	1.0000000E-015
15.411	1.0000000E-015
15.412	1.0000000E-015
15.413	1.0000000E-015
15.414	1.0000000E-015
15.415	1.0000000E-015
15.416	1.0000000E-015
15.417	1.0000000E-015
15.418	1.0000000E-015
15.419	1.0000000E-015
15.42	1.0000000E-015
15.421	1.0000000E-015
15.422	1.0000000E-015
15.423	1.0000000E-015
15.424	1.0000000E-015
15.425	1.0000000E-015
15.426	1.0000000E-015
15.427	1.0000000E-015
15.428	1.0000000E-015
15.429	1.0000000E-015
15.43	1.0000000E-015
15.431	1.0000000E-015
15.432	1.0000000E-015
15.433	1.0000000E-015
15.434	1.0000000E-015
15.435	1.0000000E-015
15.436	1.0000000E-015
15.437	1.0000000E-015
15.438	1.0000000E-015
15.439	1.0000000E-015
15.44	1.0000000E-015
15.441	1.0000000E-015
15.442	1.0000000E-015
15.443	1.0000000E-015
15.444	1.0000000E-015
15.445	1.0000000E-015
15.446	1.0000000E-015
15.447	1.0000000E-015
15.448	1.0000000E-015
15.449	1.0000000E-015
15.45	1.0000000E-015
15.451	1.0000000E-015
15.452	1.0000000E-015
15.453	1.0000000E-015
15.454	1.0000000E-015
15.455	1.0000000E-015
15.456	1.0000000E-015
15.457	1.0000000E-015
15.458	1.0000000E-015
15.459	1.0000000E-015
15.46	1.0000000E-015
15.461	1.0000000E-015
15.462	1.0000000E-015
15.463	1.0000000E-015
15.464	1.0000000E-015
15.465	1.0000000E-015
15.466	1.0000000E-015
15.467	1.0000000E-015
15.468	1.0000000E-015
15.469	1.0000000E-015
15.47	1.0000000E-015
15.471	1.0000000E-015
15.472	1.0000000E-015
15.473	1.0000000E-015
15.474	1.0000000E-015
15.475	1.0000000E-015
15.476	1.0000000E-015
15.477	1.0000000E-015
15.478	1.0000000E-015
15.479	1.0000000E-015
15.48	1.0000000E-015
15.481	1.0000000E-015
15.482	1.0000000E-015
15.483	1.0000000E-015
15.484	1.0000000E-015
15.485	1.0000000E-015
15.486	1.0000000E-015
15.487	1.0000000E-015
15.488	1.0000000E-015
15.489	1.0000000E-015
15.49	1.0000000E-015
15.491	1.0000000E-015
15.492	1.0000000E-015
15.493	1.0000000E-015
15.494	1.0000000E-015
15.495	1.0000000E-015
15.496	1.0000000E-015
15.497	1.0000000E-015
15.498	1.0000000E-015
15.499	1.0000000E-015
15.5	1.0000000E-015
15.501	1.0000000E-015
15.502	1.0000000E-015
15.503	1.0000000E-015
15.504	1.0000000E-015
15.505	1.0000000E-015
15.506	1.0000000E-015
15.507	1.0000000E-015
15.508	1.0000000E-015
15.509	1.0000000E-015
15.51	1.0000000E-015
15.511	1.0000000E-015
15.512	1.0000000E-015
15.513	1.0000000E-015
15.514	1.0000000E-015
15.515	1.0000000E-015
15.516	1.0000000E-015
15.517	1.0000000E-015
15.518	1.0000000E-015
15.519	1.0000000E-015
15.52	1.0000000E-015
15.521	1.0000000E-015
15.522	1.0000000E-015
15.523	1.0000000E-015
15.524	1.0000000E-015
15.525	1.0000000E-015
15.526	1.0000000E-015
15.527	1.0000000E-015
15.528	1.0000000E-015
15.529	1.0000000E-015
15.53	1.0000000E-015
15.531	1.0000000E-015
15.532	1.0000000E-015
15.533	1.0000000E-015
15.534	1.0000000E-015
15.535	1.0000000E-015
15.536	1.0000000E-015
15.537	1.0000000E-015
15.538	1.0000000E-015
15.539	1.0000000E-015
15.54	1.0000000E-015
15.541	1.0000000E-015
15.542	1.0000000E-015
15.543	1.0000000E-015
15.544	1.0000000E-015
15.545	1.0000000E-015
15.546	1.0000000E-015
15.547	1.0000000E-015
15.548	1.0000000E-015
15.549	1.0000000E-015
15.55	1.0000000E-015
15.551	1.0000000E-015
15.552	1.0000000E-015
15.553	1.0000000E-015
15.554	1.0000000E-015
15.555	1.0000000E-015
15.556	1.0000000E-015
15.557	1.0000000E-015
15.558	1.0000000E-015
15.559	1.0000000E-015
15.56	1.0000000E-015
15.561	1.0000000E-015
15.562	1.0000000E-015
15.563	1.0000000E-015
15.564	1.0000000E-015
15.565	1.0000000E-015
15.566	1.0000000E-015
15.567	1.0000000E-015
15.568	1.0000000E-015
15.569	1.0000000E-015
15.57	1.0000000E-015
15.571	1.0000000E-015
15.572	1.0000000E-015
15.573	1.0000000E-015
15.574	1.0000000E-015
15.575	1.0000000E-015
15.576	1.0000000E-015
15.577	1.0000000E-015
15.578	1.0000000E-015
15.579	1.0000000E-015
15.58	1.0000000E-015
15.581	1.0000000E-015
15.582	1.0000000E-015
15.583	1.0000000E-015
15.584	1.0000000E-015
15.585	1.0000000E-015
15.586	1.0000000E-015
15.587	1.0000000E-015
15.588	1.0000000E-015
15.589	1.0000000E-015
15.59	1.0000000E-015
15.591	1.0000000E-015
15.592	1.0000000E-015
15.593	1.0000000E-015
15.594	1.0000000E-015
15.595	1.0000000E-015
15.596	1.0000000E-015
15.597	1.0000000E-015
15.598	1.0000000E-015
15.599	1.0000000E-015
15.6	1.0000000E-015
15.601	1.0000000E-015
15.602	1.0000000E-015
15.603	1.0000000E-015
15.604	1.0000000E-015
15.605	1.0000000E-015
15.606	1.0000000E-015
15.607	1.0000000E-015
15.608	1.0000000E-015
15.609	1.0000000E-015
15.61	1.0000000E-015
15.611	1.0000000E-015
15.612	1.0000000E-015
15.613	1.0000000E-015
15.614	1.0000000E-015
15.615	1.0000000E-015
15.616	1.0000000E-015
15.617	1.0000000E-015
15.618	1.0000000E-015
15.619	1.0000000E-015
15.62	1.0000000E-015
15.621	1.0000000E-015
15.622	1.0000000E-015
15.623	1.0000000E-015
15.624	1.0000000E-015
15.625	1.0000000E-015
15.626	1.0000000E-015
15.627	1.0000000E-015
15.628	1.0000000E-015
15.629	1.0000000E-015
15.63	1.0000000E-015
15.631	1.0000000E-015
15.632	1.0000000E-015
15.633	1.0000000E-015
15.634	1.0000000E-015
15.635	1.0000000E-015
15.636	1.0000000E-015
15.637	1.0000000E-015
15.638	1.0000000E-015
15.639	1.0000000E-015
15.64	1.0000000E-015
15.641	1.0000000E-015
15.642	1.0000000E-015
15.643	1.0000000E-015
15.644	1.0000000E-015
15.645	1.0000000E-015
15.646	1.0000000E-015
15.647	1.0000000E-015
15.648	1.0000000E-015
15.649	1.0000000E-015
15.65	1.0000000E-015
15.651	1.0000000E-015
15.652	1.0000000E-015
15.653	1.0000000E-015
15.654	1.0000000E-015
15.655	1.0000000E-015
15.656	1.0000000E-015
15.657	1.0000000E-015
15.658	1.0000000E-015
15.659	1.0000000E-015
15.66	1.0000000E-015
15.661	1.0000000E-015
15.662	1.0000000E-015
15.663	1.0000000E-015
15.664	1.0000000E-015
15.665	1.0000000E-015
15.666	1.0000000E-015
15.667	1.0000000E-015
15.668	1.0000000E-015
15.669	1.0000000E-015
15.67	1.0000000E-015
15.671	1.0000000E-015
15.672	1.0000000E-015
15.673	1.0000000E-015
15.674	1.0000000E-015
15.675	1.0000000E-015
15.676	1.0000000E-015
15.677	1.0000000E-015
15.678	1.0000000E-015
15.679	1.0000000E-015
15.68	1.0000000E-015
15.681	1.0000000E-015
15.682	1.0000000E-015
15.683	1.0000000E-015
15.684	1.0000000E-015
15.685	1.0000000E-015
15.686	1.0000000E-015
15.687	1.0000000E-015
15.688	1.0000000E-015
15.689	1.0000000E-015
15.69	1.0000000E-015
15.691	1.0000000E-015
15.692	1.0000000E-015
15.693	1.0000000E-015
15.694	1.0000000E-015
15.695	1.0000000E-015
15.696	1.0000000E-015
15.697	1.0000000E-015
15.698	1.0000000E-015
15.699	1.0000000E-015
15.7	1.0000000E-015
15.701	1.0000000E-015
15.702	1.0000000E-015
15.703	1.0000000E-015
15.704	1.0000000E-015
15.705	1.0000000E-015
15.706	1.0000000E-015
15.707	1.0000000E-015
15.708	1.0000000E-015
15.709	1.0000000E-015
15.71	1.0000000E-015
15.711	1.0000000E-015
15.712	1.0000000E-015
15.713	1.0000000E-015
15.714	1.0000000E-015
15.715	1.0000000E-015
15.716	1.0000000E-015
15.717	1.0000000E-015
15.718	1.0000000E-015
15.719	1.0000000E-015
15.72	1.0000000E-015
15.721	1.0000000E-015
15.722	1.0000000E-015
15.723	1.0000000E-015
15.724	1.0000000E-015
15.725	1.0000000E-015
15.726	1.0000000E-015
15.727	1.0000000E-015
15.728	1.0000000E-015
15.729	1.0000000E-015
15.73	1.0000000E-015
15.731	1.0000000E-015
15.732	1.0000000E-015
15.733	1.0000000E-015
15.734	1.0000000E-015
15.735	1.0000000E-015
15.736	1.0000000E-015
15.737	1.0000000E-015
15.738	1.0000000E-015
15.739	1.0000000E-015
15.74	1.0000000E-015
15.741	1.0000000E-015
15.742	1.0000000E-015
15.743	1.0000000E-015
15.744	1.0000000E-015
15.745	1.0000000E-015
15.746	1.0000000E-015
15.747	1.0000000E-015
15.748	1.0000000E-015
15.749	1.0000000E-015
15.75	1.0000000E-015
15.751	1.0000000E-015
15.752	1.0000000E-015
15.753	1.0000000E-015
15.754	1.0000000E-015
15.755	1.0000000E-015
15.756	1.0000000E-015
15.757	1.0000000E-015
15.758	1.0000000E-015
15.759	1.0000000E-015
15.76	1.0000000E-015
15.761	1.0000000E-015
15.762	1.0000000E-015
15.763	1.0000000E-015
15.764	1.0000000E-015
15.765	1.0000000E-015
15.766	1.0000000E-015
15.767	1.0000000E-015
15.768	1.0000000E-015
15.769	1.0000000E-015
15.77	1.0000000E-015
15.771	1.0000000E-015
15.772	1.0000000E-015
15.773	1.0000000E-015
15.774	1.0000000E-015
15.775	1.0000000E-015
15.776	1.0000000E-015
15.777	1.0000000E-015
15.778	1.0000000E-015
15.779	1.0000000E-015
15.78	1.0000000E-015
15.781	1.0000000E-015
15.782	1.0000000E-015
15.783	1.0000000E-015
15.784	1.0000000E-015
15.785	1.0000000E-015
15.786	1.0000000E-015
15.787	1.0000000E-015
15.788	1.0000000E-015
15.789	1.0000000E-015
15.79	1.0000000E-015
15.791	1.0000000E-015
15.792	1.0000000E-015
15.793	1.0000000E-015
15.794	1.0000000E-015
15.795	1.0000000E-015
15.796	1.0000000E-015
15.797	1.0000000E-015
15.798	1.0000000E-015
15.799	1.0000000E-015
15.8	1.0000000E-015
15.801	1.0000000E-015
15.802	1.0000000E-015
15.803	1.0000000E-015
15.804	1.0000000E-015
15.805	1.0000000E-015
15.806	1.0000000E-015
15.807	1.0000000E-015
15.808	1.0000000E-015
15.809	1.0000000E-015
15.81	1.0000000E-015
15.811	1.0000000E-015
15.812	1.0000000E-015
15.813	1.0000000E-015
15.814	1.0000000E-015
15.815	1.0000000E-015
15.816	1.0000000E-015
15.817	1.0000000E-015
15.818	1.0000000E-015
15.819	1.0000000E-015
15.82	1.0000000E-015
15.821	1.0000000E-015
15.822	1.0000000E-015
15.823	1.0000000E-015
15.824	1.0000000E-015
15.825	1.0000000E-015
15.826	1.0000000E-015
15.827	1.0000000E-015
15.828	1.0000000E-015
15.829	1.0000000E-015
15.83	1.0000000E-015
15.831	1.0000000E-015
15.832	1.0000000E-015
15.833	1.0000000E-015
15.834	1.0000000E-015
15.835	1.0000000E-015
15.836	1.0000000E-015
15.837	1.0000000E-015
15.838	1.0000000E-015
15.839	1.0000000E-015
15.84	1.0000000E-015
15.841	1.0000000E-015
15.842	1.0000000E-015
15.843	1.0000000E-015
15.844	1.0000000E-015
15.845	1.0000000E-015
15.846	1.0000000E-015
15.847	1.0000000E-015
15.848	1.0000000E-015
15.849	1.0000000E-015
15.85	1.0000000E-015
15.851	1.0000000E-015
15.852	1.0000000E-015
15.853	1.0000000E-015
15.854	1.0000000E-015
15.855	1.0000000E-015
15.856	1.0000000E-015
15.857	1.0000000E-015
15.858	1.0000000E-015
15.859	1.0000000E-015
15.86	1.0000000E-015
15.861	1.0000000E-015
15.862	1.0000000E-015
15.863	1.0000000E-015
15.864	1.0000000E-015
15.865	1.0000000E-015
15.866	1.0000000E-015
15.867	1.0000000E-015
15.868	1.0000000E-015
15.869	1.0000000E-015
15.87	1.0000000E-015
15.871	1.0000000E-015
15.872	1.0000000E-015
15.873	1.0000000E-015
15.874	1.0000000E-015
15.875	1.0000000E-015
15.876	1.0000000E-015
15.877	1.0000000E-015
15.878	1.0000000E-015
15.879	1.0000000E-015
15.88	1.0000000E-015
15.881	1.0000000E-015
15.882	1.0000000E-015
15.883	1.0000000E-015
15.884	1.0000000E-015
15.885	1.0000000E-015
15.886	1.0000000E-015
15.887	1.0000000E-015
15.888	1.0000000E-015
15.889	1.0000000E-015
15.89	1.0000000E-015
15.891	1.0000000E-015
15.892	1.0000000E-015
15.893	1.0000000E-015
15.894	1.0000000E-015
15.895	1.0000000E-015
15.896	1.0000000E-015
15.897	1.0000000E-015
15.898	1.0000000E-015
15.899	1.0000000E-015
15.9	1.0000000E-015
15.901	1.0000000E-015
15.902	1.0000000E-015
15.903	1.0000000E-015
15.904	1.0000000E-015
15.905	1.0000000E-015
15.906	1.0000000E-015
15.907	1.0000000E-015
15.908	1.0000000E-015
15.909	1.0000000E-015
15.91	1.0000000E-015
15.911	1.0000000E-015
15.912	1.0000000E-015
15.913	1.0000000E-015
15.914	1.0000000E-015
15.915	1.0000000E-015
15.916	1.0000000E-015
15.917	1.0000000E-015
15.918	1.0000000E-015
15.919	1.0000000E-015
15.92	1.0000000E-015
15.921	1.0000000E-015
15.922	1.0000000E-015
15.923	1.0000000E-015
15.924	1.0000000E-015
15.925	1.0000000E-015
15.926	1.0000000E-015
15.927	1.0000000E-015
15.928	1.0000000E-015
15.929	1.0000000E-015
15.93	1.0000000E-015
15.931	1.0000000E-015
15.932	1.0000000E-015
15.933	1.0000000E-015
15.934	1.0000000E-015
15.935	1.0000000E-015
15.936	1.0000000E-015
15.937	1.0000000E-015
15.938	1.0000000E-015
15.939	1.0000000E-015
15.94	1.0000000E-015
15.941	1.0000000E-015
15.942	1.0000000E-015
15.943	1.0000000E-015
15.944	1.0000000E-015
15.945	1.0000000E-015
15.946	1.0000000E-015
15.947	1.0000000E-015
15.948	1.0000000E-015
15.949	1.0000000E-015
15.95	1.0000000E-015
15.951	1.0000000E-015
15.952	1.0000000E-015
15.953	1.0000000E-015
15.954	1.0000000E-015
15.955	1.0000000E-015
15.956	1.0000000E-015
15.957	1.0000000E-015
15.958	1.0000000E-015
15.959	1.0000000E-015
15.96	1.0000000E-015
15.961	1.0000000E-015
15.962	1.0000000E-015
15.963	1.0000000E-015
15.964	1.0000000E-015
15.965	1.0000000E-015
15.966	1.0000000E-015
15.967	1.0000000E-015
15.968	1.0000000E-015
15.969	1.0000000E-015
15.97	1.0000000E-015
15.971	1.0000000E-015
15.972	1.0000000E-015
15.973	1.0000000E-015
15.974	1.0000000E-015
15.975	1.0000000E-015
15.976	1.0000000E-015
15.977	1.0000000E-015
15.978	1.0000000E-015
15.979	1.0000000E-015
15.98	1.0000000E-015
15.981	1.0000000E-015
15.982	1.0000000E-015
15.983	1.0000000E-015
15.984	1.0000000E-015
15.985	1.0000000E-015
15.986	1.0000000E-015
15.987	1.0000000E-015
15.988	1.0000000E-015
15.989	1.0000000E-015
15.99	1.0000000E-015
15.991	1.0000000E-015
15.992	1.0000000E-015
15.993	1.0000000E-015
15.994	1.0000000E-015
15.995	1.0000000E-015
15.996	1.0000000E-015
15.997	1.0000000E-015
15.998	1.0000000E-015
15.999	1.0000000E-015
16	1.0000000E-015
16.001	1.0000000E-015
16.002	1.0000000E-015
16.003	1.0000000E-015
16.004	1.0000000E-015
16.005	1.0000000E-015
16.006	1.0000000E-015
16.007	1.0000000E-015
16.008	1.0000000E-015
16.009	1.0000000E-015
16.01	1.0000000E-015
16.011	1.0000000E-015
16.012	1.0000000E-015
16.013	1.0000000E-015
16.014	1.0000000E-015
16.015	1.0000000E-015
16.016	1.0000000E-015
16.017	1.0000000E-015
16.018	1.0000000E-015
16.019	1.0000000E-015
16.02	1.0000000E-015
16.021	1.0000000E-015
16.022	1.0000000E-015
16.023	1.0000000E-015
16.024	1.0000000E-015
16.025	1.0000000E-015
16.026	1.0000000E-015
16.027	1.0000000E-015
16.028	1.0000000E-015
16.029	1.0000000E-015
16.03	1.0000000E-015
16.031	1.0000000E-015
16.032	1.0000000E-015
16.033	1.0000000E-015
16.034	1.0000000E-015
16.035	1.0000000E-015
16.036	1.0000000E-015
16.037	1.0000000E-015
16.038	1.0000000E-015
16.039	1.0000000E-015
16.04	1.0000000E-015
16.041	1.0000000E-015
16.042	1.0000000E-015
16.043	1.0000000E-015
16.044	1.0000000E-015
16.045	1.0000000E-015
16.046	1.0000000E-015
16.047	1.0000000E-015
16.048	1.0000000E-015
16.049	1.0000000E-015
16.05	1.0000000E-015
16.051	1.0000000E-015
16.052	1.0000000E-015
16.053	1.0000000E-015
16.054	1.0000000E-015
16.055	1.0000000E-015
16.056	1.0000000E-015
16.057	1.0000000E-015
16.058	1.0000000E-015
16.059	1.0000000E-015
16.06	1.0000000E-015
16.061	1.0000000E-015
16.062	1.0000000E-015
16.063	1.0000000E-015
16.064	1.0000000E-015
16.065	1.0000000E-015
16.066	1.0000000E-015
16.067	1.0000000E-015
16.068	1.0000000E-015
16.069	1.0000000E-015
16.07	1.0000000E-015
16.071	1.0000000E-015
16.072	1.0000000E-015
16.073	1.0000000E-015
16.074	1.0000000E-015
16.075	1.0000000E-015
16.076	1.0000000E-015
16.077	1.0000000E-015
16.078	1.0000000E-015
16.079	1.0000000E-015
16.08	1.0000000E-015
16.081	1.0000000E-015
16.082	1.0000000E-015
16.083	1.0000000E-015
16.084	1.0000000E-015
16.085	1.0000000E-015
16.086	1.0000000E-015
16.087	1.0000000E-015
16.088	1.0000000E-015
16.089	1.0000000E-015
16.09	1.0000000E-015
16.091	1.0000000E-015
16.092	1.0000000E-015
16.093	1.0000000E-015
16.094	1.0000000E-015
16.095	1.0000000E-015
16.096	1.0000000E-015
16.097	1.0000000E-015
16.098	1.0000000E-015
16.099	1.0000000E-015
16.1	1.0000000E-015
16.101	1.0000000E-015
16.102	1.0000000E-015
16.103	1.0000000E-015
16.104	1.0000000E-015
16.105	1.0000000E-015
16.106	1.0000000E-015
16.107	1.0000000E-015
16.108	1.0000000E-015
16.109	1.0000000E-015
16.11	1.0000000E-015
16.111	1.0000000E-015
16.112	1.0000000E-015
16.113	1.0000000E-015
16.114	1.0000000E-015
16.115	1.0000000E-015
16.116	1.0000000E-015
16.117	1.0000000E-015
16.118	1.0000000E-015
16.119	1.0000000E-015
16.12	1.0000000E-015
16.121	1.0000000E-015
16.122	1.0000000E-015
16.123	1.0000000E-015
16.124	1.0000000E-015
16.125	1.0000000E-015
16.126	1.0000000E-015
16.127	1.0000000E-015
16.128	1.0000000E-015
16.129	1.0000000E-015
16.13	1.0000000E-015
16.131	1.0000000E-015
16.132	1.0000000E-015
16.133	1.0000000E-015
16.134	1.0000000E-015
16.135	1.0000000E-015
16.136	1.0000000E-015
16.137	1.0000000E-015
16.138	1.0000000E-015
16.139	1.0000000E-015
16.14	1.0000000E-015
16.141	1.0000000E-015
16.142	1.0000000E-015
16.143	1.0000000E-015
16.144	1.0000000E-015
16.145	1.0000000E-015
16.146	1.0000000E-015
16.147	1.0000000E-015
16.148	1.0000000E-015
16.149	1.0000000E-015
16.15	1.0000000E-015
16.151	1.0000000E-015
16.152	1.0000000E-015
16.153	1.0000000E-015
16.154	1.0000000E-015
16.155	1.0000000E-015
16.156	1.0000000E-015
16.157	1.0000000E-015
16.158	1.0000000E-015
16.159	1.0000000E-015
16.16	1.0000000E-015
16.161	1.0000000E-015
16.162	1.0000000E-015
16.163	1.0000000E-015
16.164	1.0000000E-015
16.165	1.0000000E-015
16.166	1.0000000E-015
16.167	1.0000000E-015
16.168	1.0000000E-015
16.169	1.0000000E-015
16.17	1.0000000E-015
16.171	1.0000000E-015
16.172	1.0000000E-015
16.173	1.0000000E-015
16.174	1.0000000E-015
16.175	1.0000000E-015
16.176	1.0000000E-015
16.177	1.0000000E-015
16.178	1.0000000E-015
16.179	1.0000000E-015
16.18	1.0000000E-015
16.181	1.0000000E-015
16.182	1.0000000E-015
16.183	1.0000000E-015
16.184	1.0000000E-015
16.185	1.0000000E-015
16.186	1.0000000E-015
16.187	1.0000000E-015
16.188	1.0000000E-015
16.189	1.0000000E-015
16.19	1.0000000E-015
16.191	1.0000000E-015
16.192	1.0000000E-015
16.193	1.0000000E-015
16.194	1.0000000E-015
16.195	1.0000000E-015
16.196	1.0000000E-015
16.197	1.0000000E-015
16.198	1.0000000E-015
16.199	1.0000000E-015
16.2	1.0000000E-015
16.201	1.0000000E-015
16.202	1.0000000E-015
16.203	1.0000000E-015
16.204	1.0000000E-015
16.205	1.0000000E-015
16.206	1.0000000E-015
16.207	1.0000000E-015
16.208	1.0000000E-015
16.209	1.0000000E-015
16.21	1.0000000E-015
16.211	1.0000000E-015
16.212	1.0000000E-015
16.213	1.0000000E-015
16.214	1.0000000E-015
16.215	1.0000000E-015
16.216	1.0000000E-015
16.217	1.0000000E-015
16.218	1.0000000E-015
16.219	1.0000000E-015
16.22	1.0000000E-015
16.221	1.0000000E-015
16.222	1.0000000E-015
16.223	1.0000000E-015
16.224	1.0000000E-015
16.225	1.0000000E-015
16.226	1.0000000E-015
16.227	1.0000000E-015
16.228	1.0000000E-015
16.229	1.0000000E-015
16.23	1.0000000E-015
16.231	1.0000000E-015
16.232	1.0000000E-015
16.233	1.0000000E-015
16.234	1.0000000E-015
16.235	1.0000000E-015
16.236	1.0000000E-015
16.237	1.0000000E-015
16.238	1.0000000E-015
16.239	1.0000000E-015
16.24	1.0000000E-015
16.241	1.0000000E-015
16.242	1.0000000E-015
16.243	1.0000000E-015
16.244	1.0000000E-015
16.245	1.0000000E-015
16.246	1.0000000E-015
16.247	1.0000000E-015
16.248	1.0000000E-015
16.249	1.0000000E-015
16.25	1.0000000E-015
16.251	1.0000000E-015
16.252	1.0000000E-015
16.253	1.0000000E-015
16.254	1.0000000E-015
16.255	1.0000000E-015
16.256	1.0000000E-015
16.257	1.0000000E-015
16.258	1.0000000E-015
16.259	1.0000000E-015
16.26	1.0000000E-015
16.261	1.0000000E-015
16.262	1.0000000E-015
16.263	1.0000000E-015
16.264	1.0000000E-015
16.265	1.0000000E-015
16.266	1.0000000E-015
16.267	1.0000000E-015
16.268	1.0000000E-015
16.269	1.0000000E-015
16.27	1.0000000E-015
16.271	1.0000000E-015
16.272	1.0000000E-015
16.273	1.0000000E-015
16.274	1.0000000E-015
16.275	1.0000000E-015
16.276	1.0000000E-015
16.277	1.0000000E-015
16.278	1.0000000E-015
16.279	1.0000000E-015
16.28	1.0000000E-015
16.281	1.0000000E-015
16.282	1.0000000E-015
16.283	1.0000000E-015
16.284	1.0000000E-015
16.285	1.0000000E-015
16.286	1.0000000E-015
16.287	1.0000000E-015
16.288	1.0000000E-015
16.289	1.0000000E-015
16.29	1.0000000E-015
16.291	1.0000000E-015
16.292	1.0000000E-015
16.293	1.0000000E-015
16.294	1.0000000E-015
16.295	1.0000000E-015
16.296	1.0000000E-015
16.297	1.0000000E-015
16.298	1.0000000E-015
16.299	1.0000000E-015
16.3	1.0000000E-015
16.301	1.0000000E-015
16.302	1.0000000E-015
16.303	1.0000000E-015
16.304	1.0000000E-015
16.305	1.0000000E-015
16.306	1.0000000E-015
16.307	1.0000000E-015
16.308	1.0000000E-015
16.309	1.0000000E-015
16.31	1.0000000E-015
16.311	1.0000000E-015
16.312	1.0000000E-015
16.313	1.0000000E-015
16.314	1.0000000E-015
16.315	1.0000000E-015
16.316	1.0000000E-015
16.317	1.0000000E-015
16.318	1.0000000E-015
16.319	1.0000000E-015
16.32	1.0000000E-015
16.321	1.0000000E-015
16.322	1.0000000E-015
16.323	1.0000000E-015
16.324	1.0000000E-015
16.325	1.0000000E-015
16.326	1.0000000E-015
16.327	1.0000000E-015
16.328	1.0000000E-015
16.329	1.0000000E-015
16.33	1.0000000E-015
16.331	1.0000000E-015
16.332	1.0000000E-015
16.333	1.0000000E-015
16.334	1.0000000E-015
16.335	1.0000000E-015
16.336	1.0000000E-015
16.337	1.0000000E-015
16.338	1.0000000E-015
16.339	1.0000000E-015
16.34	1.0000000E-015
16.341	1.0000000E-015
16.342	1.0000000E-015
16.343	1.0000000E-015
16.344	1.0000000E-015
16.345	1.0000000E-015
16.346	1.0000000E-015
16.347	1.0000000E-015
16.348	1.0000000E-015
16.349	1.0000000E-015
16.35	1.0000000E-015
16.351	1.0000000E-015
16.352	1.0000000E-015
16.353	1.0000000E-015
16.354	1.0000000E-015
16.355	1.0000000E-015
16.356	1.0000000E-015
16.357	1.0000000E-015
16.358	1.0000000E-015
16.359	1.0000000E-015
16.36	1.0000000E-015
16.361	1.0000000E-015
16.362	1.0000000E-015
16.363	1.0000000E-015
16.364	1.0000000E-015
16.365	1.0000000E-015
16.366	1.0000000E-015
16.367	1.0000000E-015
16.368	1.0000000E-015
16.369	1.0000000E-015
16.37	1.0000000E-015
16.371	1.0000000E-015
16.372	1.0000000E-015
16.373	1.0000000E-015
16.374	1.0000000E-015
16.375	1.0000000E-015
16.376	1.0000000E-015
16.377	1.0000000E-015
16.378	1.0000000E-015
16.379	1.0000000E-015
16.38	1.0000000E-015
16.381	1.0000000E-015
16.382	1.0000000E-015
16.383	1.0000000E-015
16.384	1.0000000E-015
16.385	1.0000000E-015
16.386	1.0000000E-015
16.387	1.0000000E-015
16.388	1.0000000E-015
16.389	1.0000000E-015
16.39	1.0000000E-015
16.391	1.0000000E-015
16.392	1.0000000E-015
16.393	1.0000000E-015
16.394	1.0000000E-015
16.395	1.0000000E-015
16.396	1.0000000E-015
16.397	1.0000000E-015
16.398	1.0000000E-015
16.399	1.0000000E-015
16.4	1.0000000E-015
16.401	1.0000000E-015
16.402	1.0000000E-015
16.403	1.0000000E-015
16.404	1.0000000E-015
16.405	1.0000000E-015
16.406	1.0000000E-015
16.407	1.0000000E-015
16.408	1.0000000E-015
16.409	1.0000000E-015
16.41	1.0000000E-015
16.411	1.0000000E-015
16.412	1.0000000E-015
16.413	1.0000000E-015
16.414	1.0000000E-015
16.415	1.0000000E-015
16.416	1.0000000E-015
16.417	1.0000000E-015
16.418	1.0000000E-015
16.419	1.0000000E-015
16.42	1.0000000E-015
16.421	1.0000000E-015
16.422	1.0000000E-015
16.423	1.0000000E-015
16.424	1.0000000E-015
16.425	1.0000000E-015
16.426	1.0000000E-015
16.427	1.0000000E-015
16.428	1.0000000E-015
16.429	1.0000000E-015
16.43	1.0000000E-015
16.431	1.0000000E-015
16.432	1.0000000E-015
16.433	1.0000000E-015
16.434	1.0000000E-015
16.435	1.0000000E-015
16.436	1.0000000E-015
16.437	1.0000000E-015
16.438	1.0000000E-015
16.439	1.0000000E-015
16.44	1.0000000E-015
16.441	1.0000000E-015
16.442	1.0000000E-015
16.443	1.0000000E-015
16.444	1.0000000E-015
16.445	1.0000000E-015
16.446	1.0000000E-015
16.447	1.0000000E-015
16.448	1.0000000E-015
16.449	1.0000000E-015
16.45	1.0000000E-015
16.451	1.0000000E-015
16.452	1.0000000E-015
16.453	1.0000000E-015
16.454	1.0000000E-015
16.455	1.0000000E-015
16.456	1.0000000E-015
16.457	1.0000000E-015
16.458	1.0000000E-015
16.459	1.0000000E-015
16.46	1.0000000E-015
16.461	1.0000000E-015
16.462	1.0000000E-015
16.463	1.0000000E-015
16.464	1.0000000E-015
16.465	1.0000000E-015
16.466	1.0000000E-015
16.467	1.0000000E-015
16.468	1.0000000E-015
16.469	1.0000000E-015
16.47	1.0000000E-015
16.471	1.0000000E-015
16.472	1.0000000E-015
16.473	1.0000000E-015
16.474	1.0000000E-015
16.475	1.0000000E-015
16.476	1.0000000E-015
16.477	1.0000000E-015
16.478	1.0000000E-015
16.479	1.0000000E-015
16.48	1.0000000E-015
16.481	1.0000000E-015
16.482	1.0000000E-015
16.483	1.0000000E-015
16.484	1.0000000E-015
16.485	1.0000000E-015
16.486	1.0000000E-015
16.487	1.0000000E-015
16.488	1.0000000E-015
16.489	1.0000000E-015
16.49	1.0000000E-015
16.491	1.0000000E-015
16.492	1.0000000E-015
16.493	1.0000000E-015
16.494	1.0000000E-015
16.495	1.0000000E-015
16.496	1.0000000E-015
16.497	1.0000000E-015
16.498	1.0000000E-015
16.499	1.0000000E-015
16.5	1.0000000E-015
16.501	1.0000000E-015
16.502	1.0000000E-015
16.503	1.0000000E-015
16.504	1.0000000E-015
16.505	1.0000000E-015
16.506	1.0000000E-015
16.507	1.0000000E-015
16.508	1.0000000E-015
16.509	1.0000000E-015
16.51	1.0000000E-015
16.511	1.0000000E-015
16.512	1.0000000E-015
16.513	1.0000000E-015
16.514	1.0000000E-015
16.515	1.0000000E-015
16.516	1.0000000E-015
16.517	1.0000000E-015
16.518	1.0000000E-015
16.519	1.0000000E-015
16.52	1.0000000E-015
16.521	1.0000000E-015
16.522	1.0000000E-015
16.523	1.0000000E-015
16.524	1.0000000E-015
16.525	1.0000000E-015
16.526	1.0000000E-015
16.527	1.0000000E-015
16.528	1.0000000E-015
16.529	1.0000000E-015
16.53	1.0000000E-015
16.531	1.0000000E-015
16.532	1.0000000E-015
16.533	1.0000000E-015
16.534	1.0000000E-015
16.535	1.0000000E-015
16.536	1.0000000E-015
16.537	1.0000000E-015
16.538	1.0000000E-015
16.539	1.0000000E-015
16.54	1.0000000E-015
16.541	1.0000000E-015
16.542	1.0000000E-015
16.543	1.0000000E-015
16.544	1.0000000E-015
16.545	1.0000000E-015
16.546	1.0000000E-015
16.547	1.0000000E-015
16.548	1.0000000E-015
16.549	1.0000000E-015
16.55	1.0000000E-015
16.551	1.0000000E-015
16.552	1.0000000E-015
16.553	1.0000000E-015
16.554	1.0000000E-015
16.555	1.0000000E-015
16.556	1.0000000E-015
16.557	1.0000000E-015
16.558	1.0000000E-015
16.559	1.0000000E-015
16.56	1.0000000E-015
16.561	1.0000000E-015
16.562	1.0000000E-015
16.563	1.0000000E-015
16.564	1.0000000E-015
16.565	1.0000000E-015
16.566	1.0000000E-015
16.567	1.0000000E-015
16.568	1.0000000E-015
16.569	1.0000000E-015
16.57	1.0000000E-015
16.571	1.0000000E-015
16.572	1.0000000E-015
16.573	1.0000000E-015
16.574	1.0000000E-015
16.575	1.0000000E-015
16.576	1.0000000E-015
16.577	1.0000000E-015
16.578	1.0000000E-015
16.579	1.0000000E-015
16.58	1.0000000E-015
16.581	1.0000000E-015
16.582	1.0000000E-015
16.583	1.0000000E-015
16.584	1.0000000E-015
16.585	1.0000000E-015
16.586	1.0000000E-015
16.587	1.0000000E-015
16.588	1.0000000E-015
16.589	1.0000000E-015
16.59	1.0000000E-015
16.591	1.0000000E-015
16.592	1.0000000E-015
16.593	1.0000000E-015
16.594	1.0000000E-015
16.595	1.0000000E-015
16.596	1.0000000E-015
16.597	1.0000000E-015
16.598	1.0000000E-015
16.599	1.0000000E-015
16.6	1.0000000E-015
16.601	1.0000000E-015
16.602	1.0000000E-015
16.603	1.0000000E-015
16.604	1.0000000E-015
16.605	1.0000000E-015
16.606	1.0000000E-015
16.607	1.0000000E-015
16.608	1.0000000E-015
16.609	1.0000000E-015
16.61	1.0000000E-015
16.611	1.0000000E-015
16.612	1.0000000E-015
16.613	1.0000000E-015
16.614	1.0000000E-015
16.615	1.0000000E-015
16.616	1.0000000E-015
16.617	1.0000000E-015
16.618	1.0000000E-015
16.619	1.0000000E-015
16.62	1.0000000E-015
16.621	1.0000000E-015
16.622	1.0000000E-015
16.623	1.0000000E-015
16.624	1.0000000E-015
16.625	1.0000000E-015
16.626	1.0000000E-015
16.627	1.0000000E-015
16.628	1.0000000E-015
16.629	1.0000000E-015
16.63	1.0000000E-015
16.631	1.0000000E-015
16.632	1.0000000E-015
16.633	1.0000000E-015
16.634	1.0000000E-015
16.635	1.0000000E-015
16.636	1.0000000E-015
16.637	1.0000000E-015
16.638	1.0000000E-015
16.639	1.0000000E-015
16.64	1.0000000E-015
16.641	1.0000000E-015
16.642	1.0000000E-015
16.643	1.0000000E-015
16.644	1.0000000E-015
16.645	1.0000000E-015
16.646	1.0000000E-015
16.647	1.0000000E-015
16.648	1.0000000E-015
16.649	1.0000000E-015
16.65	1.0000000E-015
16.651	1.0000000E-015
16.652	1.0000000E-015
16.653	1.0000000E-015
16.654	1.0000000E-015
16.655	1.0000000E-015
16.656	1.0000000E-015
16.657	1.0000000E-015
16.658	1.0000000E-015
16.659	1.0000000E-015
16.66	1.0000000E-015
16.661	1.0000000E-015
16.662	1.0000000E-015
16.663	1.0000000E-015
16.664	1.0000000E-015
16.665	1.0000000E-015
16.666	1.0000000E-015
16.667	1.0000000E-015
16.668	1.0000000E-015
16.669	1.0000000E-015
16.67	1.0000000E-015
16.671	1.0000000E-015
16.672	1.0000000E-015
16.673	1.0000000E-015
16.674	1.0000000E-015
16.675	1.0000000E-015
16.676	1.0000000E-015
16.677	1.0000000E-015
16.678	1.0000000E-015
16.679	1.0000000E-015
16.68	1.0000000E-015
16.681	1.0000000E-015
16.682	1.0000000E-015
16.683	1.0000000E-015
16.684	1.0000000E-015
16.685	1.0000000E-015
16.686	1.0000000E-015
16.687	1.0000000E-015
16.688	1.0000000E-015
16.689	1.0000000E-015
16.69	1.0000000E-015
16.691	1.0000000E-015
16.692	1.0000000E-015
16.693	1.0000000E-015
16.694	1.0000000E-015
16.695	1.0000000E-015
16.696	1.0000000E-015
16.697	1.0000000E-015
16.698	1.0000000E-015
16.699	1.0000000E-015
16.7	1.0000000E-015
16.701	1.0000000E-015
16.702	1.0000000E-015
16.703	1.0000000E-015
16.704	1.0000000E-015
16.705	1.0000000E-015
16.706	1.0000000E-015
16.707	1.0000000E-015
16.708	1.0000000E-015
16.709	1.0000000E-015
16.71	1.0000000E-015
16.711	1.0000000E-015
16.712	1.0000000E-015
16.713	1.0000000E-015
16.714	1.0000000E-015
16.715	1.0000000E-015
16.716	1.0000000E-015
16.717	1.0000000E-015
16.718	1.0000000E-015
16.719	1.0000000E-015
16.72	1.0000000E-015
16.721	1.0000000E-015
16.722	1.0000000E-015
16.723	1.0000000E-015
16.724	1.0000000E-015
16.725	1.0000000E-015
16.726	1.0000000E-015
16.727	1.0000000E-015
16.728	1.0000000E-015
16.729	1.0000000E-015
16.73	1.0000000E-015
16.731	1.0000000E-015
16.732	1.0000000E-015
16.733	1.0000000E-015
16.734	1.0000000E-015
16.735	1.0000000E-015
16.736	1.0000000E-015
16.737	1.0000000E-015
16.738	1.0000000E-015
16.739	1.0000000E-015
16.74	1.0000000E-015
16.741	1.0000000E-015
16.742	1.0000000E-015
16.743	1.0000000E-015
16.744	1.0000000E-015
16.745	1.0000000E-015
16.746	1.0000000E-015
16.747	1.0000000E-015
16.748	1.0000000E-015
16.749	1.0000000E-015
16.75	1.0000000E-015
16.751	1.0000000E-015
16.752	1.0000000E-015
16.753	1.0000000E-015
16.754	1.0000000E-015
16.755	1.0000000E-015
16.756	1.0000000E-015
16.757	1.0000000E-015
16.758	1.0000000E-015
16.759	1.0000000E-015
16.76	1.0000000E-015
16.761	1.0000000E-015
16.762	1.0000000E-015
16.763	1.0000000E-015
16.764	1.0000000E-015
16.765	1.0000000E-015
16.766	1.0000000E-015
16.767	1.0000000E-015
16.768	1.0000000E-015
16.769	1.0000000E-015
16.77	1.0000000E-015
16.771	1.0000000E-015
16.772	1.0000000E-015
16.773	1.0000000E-015
16.774	1.0000000E-015
16.775	1.0000000E-015
16.776	1.0000000E-015
16.777	1.0000000E-015
16.778	1.0000000E-015
16.779	1.0000000E-015
16.78	1.0000000E-015
16.781	1.0000000E-015
16.782	1.0000000E-015
16.783	1.0000000E-015
16.784	1.0000000E-015
16.785	1.0000000E-015
16.786	1.0000000E-015
16.787	1.0000000E-015
16.788	1.0000000E-015
16.789	1.0000000E-015
16.79	1.0000000E-015
16.791	1.0000000E-015
16.792	1.0000000E-015
16.793	1.0000000E-015
16.794	1.0000000E-015
16.795	1.0000000E-015
16.796	1.0000000E-015
16.797	1.0000000E-015
16.798	1.0000000E-015
16.799	1.0000000E-015
16.8	1.0000000E-015
16.801	1.0000000E-015
16.802	1.0000000E-015
16.803	1.0000000E-015
16.804	1.0000000E-015
16.805	1.0000000E-015
16.806	1.0000000E-015
16.807	1.0000000E-015
16.808	1.0000000E-015
16.809	1.0000000E-015
16.81	1.0000000E-015
16.811	1.0000000E-015
16.812	1.0000000E-015
16.813	1.0000000E-015
16.814	1.0000000E-015
16.815	1.0000000E-015
16.816	1.0000000E-015
16.817	1.0000000E-015
16.818	1.0000000E-015
16.819	1.0000000E-015
16.82	1.0000000E-015
16.821	1.0000000E-015
16.822	1.0000000E-015
16.823	1.0000000E-015
16.824	1.0000000E-015
16.825	1.0000000E-015
16.826	1.0000000E-015
16.827	1.0000000E-015
16.828	1.0000000E-015
16.829	1.0000000E-015
16.83	1.0000000E-015
16.831	1.0000000E-015
16.832	1.0000000E-015
16.833	1.0000000E-015
16.834	1.0000000E-015
16.835	1.0000000E-015
16.836	1.0000000E-015
16.837	1.0000000E-015
16.838	1.0000000E-015
16.839	1.0000000E-015
16.84	1.0000000E-015
16.841	1.0000000E-015
16.842	1.0000000E-015
16.843	1.0000000E-015
16.844	1.0000000E-015
16.845	1.0000000E-015
16.846	1.0000000E-015
16.847	1.0000000E-015
16.848	1.0000000E-015
16.849	1.0000000E-015
16.85	1.0000000E-015
16.851	1.0000000E-015
16.852	1.0000000E-015
16.853	1.0000000E-015
16.854	1.0000000E-015
16.855	1.0000000E-015
16.856	1.0000000E-015
16.857	1.0000000E-015
16.858	1.0000000E-015
16.859	1.0000000E-015
16.86	1.0000000E-015
16.861	1.0000000E-015
16.862	1.0000000E-015
16.863	1.0000000E-015
16.864	1.0000000E-015
16.865	1.0000000E-015
16.866	1.0000000E-015
16.867	1.0000000E-015
16.868	1.0000000E-015
16.869	1.0000000E-015
16.87	1.0000000E-015
16.871	1.0000000E-015
16.872	1.0000000E-015
16.873	1.0000000E-015
16.874	1.0000000E-015
16.875	1.0000000E-015
16.876	1.0000000E-015
16.877	1.0000000E-015
16.878	1.0000000E-015
16.879	1.0000000E-015
16.88	1.0000000E-015
16.881	1.0000000E-015
16.882	1.0000000E-015
16.883	1.0000000E-015
16.884	1.0000000E-015
16.885	1.0000000E-015
16.886	1.0000000E-015
16.887	1.0000000E-015
16.888	1.0000000E-015
16.889	1.0000000E-015
16.89	1.0000000E-015
16.891	1.0000000E-015
16.892	1.0000000E-015
16.893	1.0000000E-015
16.894	1.0000000E-015
16.895	1.0000000E-015
16.896	1.0000000E-015
16.897	1.0000000E-015
16.898	1.0000000E-015
16.899	1.0000000E-015
16.9	1.0000000E-015
16.901	1.0000000E-015
16.902	1.0000000E-015
16.903	1.0000000E-015
16.904	1.0000000E-015
16.905	1.0000000E-015
16.906	1.0000000E-015
16.907	1.0000000E-015
16.908	1.0000000E-015
16.909	1.0000000E-015
16.91	1.0000000E-015
16.911	1.0000000E-015
16.912	1.0000000E-015
16.913	1.0000000E-015
16.914	1.0000000E-015
16.915	1.0000000E-015
16.916	1.0000000E-015
16.917	1.0000000E-015
16.918	1.0000000E-015
16.919	1.0000000E-015
16.92	1.0000000E-015
16.921	1.0000000E-015
16.922	1.0000000E-015
16.923	1.0000000E-015
16.924	1.0000000E-015
16.925	1.0000000E-015
16.926	1.0000000E-015
16.927	1.0000000E-015
16.928	1.0000000E-015
16.929	1.0000000E-015
16.93	1.0000000E-015
16.931	1.0000000E-015
16.932	1.0000000E-015
16.933	1.0000000E-015
16.934	1.0000000E-015
16.935	1.0000000E-015
16.936	1.0000000E-015
16.937	1.0000000E-015
16.938	1.0000000E-015
16.939	1.0000000E-015
16.94	1.0000000E-015
16.941	1.0000000E-015
16.942	1.0000000E-015
16.943	1.0000000E-015
16.944	1.0000000E-015
16.945	1.0000000E-015
16.946	1.0000000E-015
16.947	1.0000000E-015
16.948	1.0000000E-015
16.949	1.0000000E-015
16.95	1.0000000E-015
16.951	1.0000000E-015
16.952	1.0000000E-015
16.953	1.0000000E-015
16.954	1.0000000E-015
16.955	1.0000000E-015
16.956	1.0000000E-015
16.957	1.0000000E-015
16.958	1.0000000E-015
16.959	1.0000000E-015
16.96	1.0000000E-015
16.961	1.0000000E-015
16.962	1.0000000E-015
16.963	1.0000000E-015
16.964	1.0000000E-015
16.965	1.0000000E-015
16.966	1.0000000E-015
16.967	1.0000000E-015
16.968	1.0000000E-015
16.969	1.0000000E-015
16.97	1.0000000E-015
16.971	1.0000000E-015
16.972	1.0000000E-015
16.973	1.0000000E-015
16.974	1.0000000E-015
16.975	1.0000000E-015
16.976	1.0000000E-015
16.977	1.0000000E-015
16.978	1.0000000E-015
16.979	1.0000000E-015
16.98	1.0000000E-015
16.981	1.0000000E-015
16.982	1.0000000E-015
16.983	1.0000000E-015
16.984	1.0000000E-015
16.985	1.0000000E-015
16.986	1.0000000E-015
16.987	1.0000000E-015
16.988	1.0000000E-015
16.989	1.0000000E-015
16.99	1.0000000E-015
16.991	1.0000000E-015
16.992	1.0000000E-015
16.993	1.0000000E-015
16.994	1.0000000E-015
16.995	1.0000000E-015
16.996	1.0000000E-015
16.997	1.0000000E-015
16.998	1.0000000E-015
16.999	1.0000000E-015
17	1.0000000E-015
17.001	1.0000000E-015
17.002	1.0000000E-015
17.003	1.0000000E-015
17.004	1.0000000E-015
17.005	1.0000000E-015
17.006	1.0000000E-015
17.007	1.0000000E-015
17.008	1.0000000E-015
17.009	1.0000000E-015
17.01	1.0000000E-015
17.011	1.0000000E-015
17.012	1.0000000E-015
17.013	1.0000000E-015
17.014	1.0000000E-015
17.015	1.0000000E-015
17.016	1.0000000E-015
17.017	1.0000000E-015
17.018	1.0000000E-015
17.019	1.0000000E-015
17.02	1.0000000E-015
17.021	1.0000000E-015
17.022	1.0000000E-015
17.023	1.0000000E-015
17.024	1.0000000E-015
17.025	1.0000000E-015
17.026	1.0000000E-015
17.027	1.0000000E-015
17.028	1.0000000E-015
17.029	1.0000000E-015
17.03	1.0000000E-015
17.031	1.0000000E-015
17.032	1.0000000E-015
17.033	1.0000000E-015
17.034	1.0000000E-015
17.035	1.0000000E-015
17.036	1.0000000E-015
17.037	1.0000000E-015
17.038	1.0000000E-015
17.039	1.0000000E-015
17.04	1.0000000E-015
17.041	1.0000000E-015
17.042	1.0000000E-015
17.043	1.0000000E-015
17.044	1.0000000E-015
17.045	1.0000000E-015
17.046	1.0000000E-015
17.047	1.0000000E-015
17.048	1.0000000E-015
17.049	1.0000000E-015
17.05	1.0000000E-015
17.051	1.0000000E-015
17.052	1.0000000E-015
17.053	1.0000000E-015
17.054	1.0000000E-015
17.055	1.0000000E-015
17.056	1.0000000E-015
17.057	1.0000000E-015
17.058	1.0000000E-015
17.059	1.0000000E-015
17.06	1.0000000E-015
17.061	1.0000000E-015
17.062	1.0000000E-015
17.063	1.0000000E-015
17.064	1.0000000E-015
17.065	1.0000000E-015
17.066	1.0000000E-015
17.067	1.0000000E-015
17.068	1.0000000E-015
17.069	1.0000000E-015
17.07	1.0000000E-015
17.071	1.0000000E-015
17.072	1.0000000E-015
17.073	1.0000000E-015
17.074	1.0000000E-015
17.075	1.0000000E-015
17.076	1.0000000E-015
17.077	1.0000000E-015
17.078	1.0000000E-015
17.079	1.0000000E-015
17.08	1.0000000E-015
17.081	1.0000000E-015
17.082	1.0000000E-015
17.083	1.0000000E-015
17.084	1.0000000E-015
17.085	1.0000000E-015
17.086	1.0000000E-015
17.087	1.0000000E-015
17.088	1.0000000E-015
17.089	1.0000000E-015
17.09	1.0000000E-015
17.091	1.0000000E-015
17.092	1.0000000E-015
17.093	1.0000000E-015
17.094	1.0000000E-015
17.095	1.0000000E-015
17.096	1.0000000E-015
17.097	1.0000000E-015
17.098	1.0000000E-015
17.099	1.0000000E-015
17.1	1.0000000E-015
17.101	1.0000000E-015
17.102	1.0000000E-015
17.103	1.0000000E-015
17.104	1.0000000E-015
17.105	1.0000000E-015
17.106	1.0000000E-015
17.107	1.0000000E-015
17.108	1.0000000E-015
17.109	1.0000000E-015
17.11	1.0000000E-015
17.111	1.0000000E-015
17.112	1.0000000E-015
17.113	1.0000000E-015
17.114	1.0000000E-015
17.115	1.0000000E-015
17.116	1.0000000E-015
17.117	1.0000000E-015
17.118	1.0000000E-015
17.119	1.0000000E-015
17.12	1.0000000E-015
17.121	1.0000000E-015
17.122	1.0000000E-015
17.123	1.0000000E-015
17.124	1.0000000E-015
17.125	1.0000000E-015
17.126	1.0000000E-015
17.127	1.0000000E-015
17.128	1.0000000E-015
17.129	1.0000000E-015
17.13	1.0000000E-015
17.131	1.0000000E-015
17.132	1.0000000E-015
17.133	1.0000000E-015
17.134	1.0000000E-015
17.135	1.0000000E-015
17.136	1.0000000E-015
17.137	1.0000000E-015
17.138	1.0000000E-015
17.139	1.0000000E-015
17.14	1.0000000E-015
17.141	1.0000000E-015
17.142	1.0000000E-015
17.143	1.0000000E-015
17.144	1.0000000E-015
17.145	1.0000000E-015
17.146	1.0000000E-015
17.147	1.0000000E-015
17.148	1.0000000E-015
17.149	1.0000000E-015
17.15	1.0000000E-015
17.151	1.0000000E-015
17.152	1.0000000E-015
17.153	1.0000000E-015
17.154	1.0000000E-015
17.155	1.0000000E-015
17.156	1.0000000E-015
17.157	1.0000000E-015
17.158	1.0000000E-015
17.159	1.0000000E-015
17.16	1.0000000E-015
17.161	1.0000000E-015
17.162	1.0000000E-015
17.163	1.0000000E-015
17.164	1.0000000E-015
17.165	1.0000000E-015
17.166	1.0000000E-015
17.167	1.0000000E-015
17.168	1.0000000E-015
17.169	1.0000000E-015
17.17	1.0000000E-015
17.171	1.0000000E-015
17.172	1.0000000E-015
17.173	1.0000000E-015
17.174	1.0000000E-015
17.175	1.0000000E-015
17.176	1.0000000E-015
17.177	1.0000000E-015
17.178	1.0000000E-015
17.179	1.0000000E-015
17.18	1.0000000E-015
17.181	1.0000000E-015
17.182	1.0000000E-015
17.183	1.0000000E-015
17.184	1.0000000E-015
17.185	1.0000000E-015
17.186	1.0000000E-015
17.187	1.0000000E-015
17.188	1.0000000E-015
17.189	1.0000000E-015
17.19	1.0000000E-015
17.191	1.0000000E-015
17.192	1.0000000E-015
17.193	1.0000000E-015
17.194	1.0000000E-015
17.195	1.0000000E-015
17.196	1.0000000E-015
17.197	1.0000000E-015
17.198	1.0000000E-015
17.199	1.0000000E-015
17.2	1.0000000E-015
17.201	1.0000000E-015
17.202	1.0000000E-015
17.203	1.0000000E-015
17.204	1.0000000E-015
17.205	1.0000000E-015
17.206	1.0000000E-015
17.207	1.0000000E-015
17.208	1.0000000E-015
17.209	1.0000000E-015
17.21	1.0000000E-015
17.211	1.0000000E-015
17.212	1.0000000E-015
17.213	1.0000000E-015
17.214	1.0000000E-015
17.215	1.0000000E-015
17.216	1.0000000E-015
17.217	1.0000000E-015
17.218	1.0000000E-015
17.219	1.0000000E-015
17.22	1.0000000E-015
17.221	1.0000000E-015
17.222	1.0000000E-015
17.223	1.0000000E-015
17.224	1.0000000E-015
17.225	1.0000000E-015
17.226	1.0000000E-015
17.227	1.0000000E-015
17.228	1.0000000E-015
17.229	1.0000000E-015
17.23	1.0000000E-015
17.231	1.0000000E-015
17.232	1.0000000E-015
17.233	1.0000000E-015
17.234	1.0000000E-015
17.235	1.0000000E-015
17.236	1.0000000E-015
17.237	1.0000000E-015
17.238	1.0000000E-015
17.239	1.0000000E-015
17.24	1.0000000E-015
17.241	1.0000000E-015
17.242	1.0000000E-015
17.243	1.0000000E-015
17.244	1.0000000E-015
17.245	1.0000000E-015
17.246	1.0000000E-015
17.247	1.0000000E-015
17.248	1.0000000E-015
17.249	1.0000000E-015
17.25	1.0000000E-015
17.251	1.0000000E-015
17.252	1.0000000E-015
17.253	1.0000000E-015
17.254	1.0000000E-015
17.255	1.0000000E-015
17.256	1.0000000E-015
17.257	1.0000000E-015
17.258	1.0000000E-015
17.259	1.0000000E-015
17.26	1.0000000E-015
17.261	1.0000000E-015
17.262	1.0000000E-015
17.263	1.0000000E-015
17.264	1.0000000E-015
17.265	1.0000000E-015
17.266	1.0000000E-015
17.267	1.0000000E-015
17.268	1.0000000E-015
17.269	1.0000000E-015
17.27	1.0000000E-015
17.271	1.0000000E-015
17.272	1.0000000E-015
17.273	1.0000000E-015
17.274	1.0000000E-015
17.275	1.0000000E-015
17.276	1.0000000E-015
17.277	1.0000000E-015
17.278	1.0000000E-015
17.279	1.0000000E-015
17.28	1.0000000E-015
17.281	1.0000000E-015
17.282	1.0000000E-015
17.283	1.0000000E-015
17.284	1.0000000E-015
17.285	1.0000000E-015
17.286	1.0000000E-015
17.287	1.0000000E-015
17.288	1.0000000E-015
17.289	1.0000000E-015
17.29	1.0000000E-015
17.291	1.0000000E-015
17.292	1.0000000E-015
17.293	1.0000000E-015
17.294	1.0000000E-015
17.295	1.0000000E-015
17.296	1.0000000E-015
17.297	1.0000000E-015
17.298	1.0000000E-015
17.299	1.0000000E-015
17.3	1.0000000E-015
17.301	1.0000000E-015
17.302	1.0000000E-015
17.303	1.0000000E-015
17.304	1.0000000E-015
17.305	1.0000000E-015
17.306	1.0000000E-015
17.307	1.0000000E-015
17.308	1.0000000E-015
17.309	1.0000000E-015
17.31	1.0000000E-015
17.311	1.0000000E-015
17.312	1.0000000E-015
17.313	1.0000000E-015
17.314	1.0000000E-015
17.315	1.0000000E-015
17.316	1.0000000E-015
17.317	1.0000000E-015
17.318	1.0000000E-015
17.319	1.0000000E-015
17.32	1.0000000E-015
17.321	1.0000000E-015
17.322	1.0000000E-015
17.323	1.0000000E-015
17.324	1.0000000E-015
17.325	1.0000000E-015
17.326	1.0000000E-015
17.327	1.0000000E-015
17.328	1.0000000E-015
17.329	1.0000000E-015
17.33	1.0000000E-015
17.331	1.0000000E-015
17.332	1.0000000E-015
17.333	1.0000000E-015
17.334	1.0000000E-015
17.335	1.0000000E-015
17.336	1.0000000E-015
17.337	1.0000000E-015
17.338	1.0000000E-015
17.339	1.0000000E-015
17.34	1.0000000E-015
17.341	1.0000000E-015
17.342	1.0000000E-015
17.343	1.0000000E-015
17.344	1.0000000E-015
17.345	1.0000000E-015
17.346	1.0000000E-015
17.347	1.0000000E-015
17.348	1.0000000E-015
17.349	1.0000000E-015
17.35	1.0000000E-015
17.351	1.0000000E-015
17.352	1.0000000E-015
17.353	1.0000000E-015
17.354	1.0000000E-015
17.355	1.0000000E-015
17.356	1.0000000E-015
17.357	1.0000000E-015
17.358	1.0000000E-015
17.359	1.0000000E-015
17.36	1.0000000E-015
17.361	1.0000000E-015
17.362	1.0000000E-015
17.363	1.0000000E-015
17.364	1.0000000E-015
17.365	1.0000000E-015
17.366	1.0000000E-015
17.367	1.0000000E-015
17.368	1.0000000E-015
17.369	1.0000000E-015
17.37	1.0000000E-015
17.371	1.0000000E-015
17.372	1.0000000E-015
17.373	1.0000000E-015
17.374	1.0000000E-015
17.375	1.0000000E-015
17.376	1.0000000E-015
17.377	1.0000000E-015
17.378	1.0000000E-015
17.379	1.0000000E-015
17.38	1.0000000E-015
17.381	1.0000000E-015
17.382	1.0000000E-015
17.383	1.0000000E-015
17.384	1.0000000E-015
17.385	1.0000000E-015
17.386	1.0000000E-015
17.387	1.0000000E-015
17.388	1.0000000E-015
17.389	1.0000000E-015
17.39	1.0000000E-015
17.391	1.0000000E-015
17.392	1.0000000E-015
17.393	1.0000000E-015
17.394	1.0000000E-015
17.395	1.0000000E-015
17.396	1.0000000E-015
17.397	1.0000000E-015
17.398	1.0000000E-015
17.399	1.0000000E-015
17.4	1.0000000E-015
17.401	1.0000000E-015
17.402	1.0000000E-015
17.403	1.0000000E-015
17.404	1.0000000E-015
17.405	1.0000000E-015
17.406	1.0000000E-015
17.407	1.0000000E-015
17.408	1.0000000E-015
17.409	1.0000000E-015
17.41	1.0000000E-015
17.411	1.0000000E-015
17.412	1.0000000E-015
17.413	1.0000000E-015
17.414	1.0000000E-015
17.415	1.0000000E-015
17.416	1.0000000E-015
17.417	1.0000000E-015
17.418	1.0000000E-015
17.419	1.0000000E-015
17.42	1.0000000E-015
17.421	1.0000000E-015
17.422	1.0000000E-015
17.423	1.0000000E-015
17.424	1.0000000E-015
17.425	1.0000000E-015
17.426	1.0000000E-015
17.427	1.0000000E-015
17.428	1.0000000E-015
17.429	1.0000000E-015
17.43	1.0000000E-015
17.431	1.0000000E-015
17.432	1.0000000E-015
17.433	1.0000000E-015
17.434	1.0000000E-015
17.435	1.0000000E-015
17.436	1.0000000E-015
17.437	1.0000000E-015
17.438	1.0000000E-015
17.439	1.0000000E-015
17.44	1.0000000E-015
17.441	1.0000000E-015
17.442	1.0000000E-015
17.443	1.0000000E-015
17.444	1.0000000E-015
17.445	1.0000000E-015
17.446	1.0000000E-015
17.447	1.0000000E-015
17.448	1.0000000E-015
17.449	1.0000000E-015
17.45	1.0000000E-015
17.451	1.0000000E-015
17.452	1.0000000E-015
17.453	1.0000000E-015
17.454	1.0000000E-015
17.455	1.0000000E-015
17.456	1.0000000E-015
17.457	1.0000000E-015
17.458	1.0000000E-015
17.459	1.0000000E-015
17.46	1.0000000E-015
17.461	1.0000000E-015
17.462	1.0000000E-015
17.463	1.0000000E-015
17.464	1.0000000E-015
17.465	1.0000000E-015
17.466	1.0000000E-015
17.467	1.0000000E-015
17.468	1.0000000E-015
17.469	1.0000000E-015
17.47	1.0000000E-015
17.471	1.0000000E-015
17.472	1.0000000E-015
17.473	1.0000000E-015
17.474	1.0000000E-015
17.475	1.0000000E-015
17.476	1.0000000E-015
17.477	1.0000000E-015
17.478	1.0000000E-015
17.479	1.0000000E-015
17.48	1.0000000E-015
17.481	1.0000000E-015
17.482	1.0000000E-015
17.483	1.0000000E-015
17.484	1.0000000E-015
17.485	1.0000000E-015
17.486	1.0000000E-015
17.487	1.0000000E-015
17.488	1.0000000E-015
17.489	1.0000000E-015
17.49	1.0000000E-015
17.491	1.0000000E-015
17.492	1.0000000E-015
17.493	1.0000000E-015
17.494	1.0000000E-015
17.495	1.0000000E-015
17.496	1.0000000E-015
17.497	1.0000000E-015
17.498	1.0000000E-015
17.499	1.0000000E-015
17.5	1.0000000E-015
17.501	1.0000000E-015
17.502	1.0000000E-015
17.503	1.0000000E-015
17.504	1.0000000E-015
17.505	1.0000000E-015
17.506	1.0000000E-015
17.507	1.0000000E-015
17.508	1.0000000E-015
17.509	1.0000000E-015
17.51	1.0000000E-015
17.511	1.0000000E-015
17.512	1.0000000E-015
17.513	1.0000000E-015
17.514	1.0000000E-015
17.515	1.0000000E-015
17.516	1.0000000E-015
17.517	1.0000000E-015
17.518	1.0000000E-015
17.519	1.0000000E-015
17.52	1.0000000E-015
17.521	1.0000000E-015
17.522	1.0000000E-015
17.523	1.0000000E-015
17.524	1.0000000E-015
17.525	1.0000000E-015
17.526	1.0000000E-015
17.527	1.0000000E-015
17.528	1.0000000E-015
17.529	1.0000000E-015
17.53	1.0000000E-015
17.531	1.0000000E-015
17.532	1.0000000E-015
17.533	1.0000000E-015
17.534	1.0000000E-015
17.535	1.0000000E-015
17.536	1.0000000E-015
17.537	1.0000000E-015
17.538	1.0000000E-015
17.539	1.0000000E-015
17.54	1.0000000E-015
17.541	1.0000000E-015
17.542	1.0000000E-015
17.543	1.0000000E-015
17.544	1.0000000E-015
17.545	1.0000000E-015
17.546	1.0000000E-015
17.547	1.0000000E-015
17.548	1.0000000E-015
17.549	1.0000000E-015
17.55	1.0000000E-015
17.551	1.0000000E-015
17.552	1.0000000E-015
17.553	1.0000000E-015
17.554	1.0000000E-015
17.555	1.0000000E-015
17.556	1.0000000E-015
17.557	1.0000000E-015
17.558	1.0000000E-015
17.559	1.0000000E-015
17.56	1.0000000E-015
17.561	1.0000000E-015
17.562	1.0000000E-015
17.563	1.0000000E-015
17.564	1.0000000E-015
17.565	1.0000000E-015
17.566	1.0000000E-015
17.567	1.0000000E-015
17.568	1.0000000E-015
17.569	1.0000000E-015
17.57	1.0000000E-015
17.571	1.0000000E-015
17.572	1.0000000E-015
17.573	1.0000000E-015
17.574	1.0000000E-015
17.575	1.0000000E-015
17.576	1.0000000E-015
17.577	1.0000000E-015
17.578	1.0000000E-015
17.579	1.0000000E-015
17.58	1.0000000E-015
17.581	1.0000000E-015
17.582	1.0000000E-015
17.583	1.0000000E-015
17.584	1.0000000E-015
17.585	1.0000000E-015
17.586	1.0000000E-015
17.587	1.0000000E-015
17.588	1.0000000E-015
17.589	1.0000000E-015
17.59	1.0000000E-015
17.591	1.0000000E-015
17.592	1.0000000E-015
17.593	1.0000000E-015
17.594	1.0000000E-015
17.595	1.0000000E-015
17.596	1.0000000E-015
17.597	1.0000000E-015
17.598	1.0000000E-015
17.599	1.0000000E-015
17.6	1.0000000E-015
17.601	1.0000000E-015
17.602	1.0000000E-015
17.603	1.0000000E-015
17.604	1.0000000E-015
17.605	1.0000000E-015
17.606	1.0000000E-015
17.607	1.0000000E-015
17.608	1.0000000E-015
17.609	1.0000000E-015
17.61	1.0000000E-015
17.611	1.0000000E-015
17.612	1.0000000E-015
17.613	1.0000000E-015
17.614	1.0000000E-015
17.615	1.0000000E-015
17.616	1.0000000E-015
17.617	1.0000000E-015
17.618	1.0000000E-015
17.619	1.0000000E-015
17.62	1.0000000E-015
17.621	1.0000000E-015
17.622	1.0000000E-015
17.623	1.0000000E-015
17.624	1.0000000E-015
17.625	1.0000000E-015
17.626	1.0000000E-015
17.627	1.0000000E-015
17.628	1.0000000E-015
17.629	1.0000000E-015
17.63	1.0000000E-015
17.631	1.0000000E-015
17.632	1.0000000E-015
17.633	1.0000000E-015
17.634	1.0000000E-015
17.635	1.0000000E-015
17.636	1.0000000E-015
17.637	1.0000000E-015
17.638	1.0000000E-015
17.639	1.0000000E-015
17.64	1.0000000E-015
17.641	1.0000000E-015
17.642	1.0000000E-015
17.643	1.0000000E-015
17.644	1.0000000E-015
17.645	1.0000000E-015
17.646	1.0000000E-015
17.647	1.0000000E-015
17.648	1.0000000E-015
17.649	1.0000000E-015
17.65	1.0000000E-015
17.651	1.0000000E-015
17.652	1.0000000E-015
17.653	1.0000000E-015
17.654	1.0000000E-015
17.655	1.0000000E-015
17.656	1.0000000E-015
17.657	1.0000000E-015
17.658	1.0000000E-015
17.659	1.0000000E-015
17.66	1.0000000E-015
17.661	1.0000000E-015
17.662	1.0000000E-015
17.663	1.0000000E-015
17.664	1.0000000E-015
17.665	1.0000000E-015
17.666	1.0000000E-015
17.667	1.0000000E-015
17.668	1.0000000E-015
17.669	1.0000000E-015
17.67	1.0000000E-015
17.671	1.0000000E-015
17.672	1.0000000E-015
17.673	1.0000000E-015
17.674	1.0000000E-015
17.675	1.0000000E-015
17.676	1.0000000E-015
17.677	1.0000000E-015
17.678	1.0000000E-015
17.679	1.0000000E-015
17.68	1.0000000E-015
17.681	1.0000000E-015
17.682	1.0000000E-015
17.683	1.0000000E-015
17.684	1.0000000E-015
17.685	1.0000000E-015
17.686	1.0000000E-015
17.687	1.0000000E-015
17.688	1.0000000E-015
17.689	1.0000000E-015
17.69	1.0000000E-015
17.691	1.0000000E-015
17.692	1.0000000E-015
17.693	1.0000000E-015
17.694	1.0000000E-015
17.695	1.0000000E-015
17.696	1.0000000E-015
17.697	1.0000000E-015
17.698	1.0000000E-015
17.699	1.0000000E-015
17.7	1.0000000E-015
17.701	1.0000000E-015
17.702	1.0000000E-015
17.703	1.0000000E-015
17.704	1.0000000E-015
17.705	1.0000000E-015
17.706	1.0000000E-015
17.707	1.0000000E-015
17.708	1.0000000E-015
17.709	1.0000000E-015
17.71	1.0000000E-015
17.711	1.0000000E-015
17.712	1.0000000E-015
17.713	1.0000000E-015
17.714	1.0000000E-015
17.715	1.0000000E-015
17.716	1.0000000E-015
17.717	1.0000000E-015
17.718	1.0000000E-015
17.719	1.0000000E-015
17.72	1.0000000E-015
17.721	1.0000000E-015
17.722	1.0000000E-015
17.723	1.0000000E-015
17.724	1.0000000E-015
17.725	1.0000000E-015
17.726	1.0000000E-015
17.727	1.0000000E-015
17.728	1.0000000E-015
17.729	1.0000000E-015
17.73	1.0000000E-015
17.731	1.0000000E-015
17.732	1.0000000E-015
17.733	1.0000000E-015
17.734	1.0000000E-015
17.735	1.0000000E-015
17.736	1.0000000E-015
17.737	1.0000000E-015
17.738	1.0000000E-015
17.739	1.0000000E-015
17.74	1.0000000E-015
17.741	1.0000000E-015
17.742	1.0000000E-015
17.743	1.0000000E-015
17.744	1.0000000E-015
17.745	1.0000000E-015
17.746	1.0000000E-015
17.747	1.0000000E-015
17.748	1.0000000E-015
17.749	1.0000000E-015
17.75	1.0000000E-015
17.751	1.0000000E-015
17.752	1.0000000E-015
17.753	1.0000000E-015
17.754	1.0000000E-015
17.755	1.0000000E-015
17.756	1.0000000E-015
17.757	1.0000000E-015
17.758	1.0000000E-015
17.759	1.0000000E-015
17.76	1.0000000E-015
17.761	1.0000000E-015
17.762	1.0000000E-015
17.763	1.0000000E-015
17.764	1.0000000E-015
17.765	1.0000000E-015
17.766	1.0000000E-015
17.767	1.0000000E-015
17.768	1.0000000E-015
17.769	1.0000000E-015
17.77	1.0000000E-015
17.771	1.0000000E-015
17.772	1.0000000E-015
17.773	1.0000000E-015
17.774	1.0000000E-015
17.775	1.0000000E-015
17.776	1.0000000E-015
17.777	1.0000000E-015
17.778	1.0000000E-015
17.779	1.0000000E-015
17.78	1.0000000E-015
17.781	1.0000000E-015
17.782	1.0000000E-015
17.783	1.0000000E-015
17.784	1.0000000E-015
17.785	1.0000000E-015
17.786	1.0000000E-015
17.787	1.0000000E-015
17.788	1.0000000E-015
17.789	1.0000000E-015
17.79	1.0000000E-015
17.791	1.0000000E-015
17.792	1.0000000E-015
17.793	1.0000000E-015
17.794	1.0000000E-015
17.795	1.0000000E-015
17.796	1.0000000E-015
17.797	1.0000000E-015
17.798	1.0000000E-015
17.799	1.0000000E-015
17.8	1.0000000E-015
17.801	1.0000000E-015
17.802	1.0000000E-015
17.803	1.0000000E-015
17.804	1.0000000E-015
17.805	1.0000000E-015
17.806	1.0000000E-015
17.807	1.0000000E-015
17.808	1.0000000E-015
17.809	1.0000000E-015
17.81	1.0000000E-015
17.811	1.0000000E-015
17.812	1.0000000E-015
17.813	1.0000000E-015
17.814	1.0000000E-015
17.815	1.0000000E-015
17.816	1.0000000E-015
17.817	1.0000000E-015
17.818	1.0000000E-015
17.819	1.0000000E-015
17.82	1.0000000E-015
17.821	1.0000000E-015
17.822	1.0000000E-015
17.823	1.0000000E-015
17.824	1.0000000E-015
17.825	1.0000000E-015
17.826	1.0000000E-015
17.827	1.0000000E-015
17.828	1.0000000E-015
17.829	1.0000000E-015
17.83	1.0000000E-015
17.831	1.0000000E-015
17.832	1.0000000E-015
17.833	1.0000000E-015
17.834	1.0000000E-015
17.835	1.0000000E-015
17.836	1.0000000E-015
17.837	1.0000000E-015
17.838	1.0000000E-015
17.839	1.0000000E-015
17.84	1.0000000E-015
17.841	1.0000000E-015
17.842	1.0000000E-015
17.843	1.0000000E-015
17.844	1.0000000E-015
17.845	1.0000000E-015
17.846	1.0000000E-015
17.847	1.0000000E-015
17.848	1.0000000E-015
17.849	1.0000000E-015
17.85	1.0000000E-015
17.851	1.0000000E-015
17.852	1.0000000E-015
17.853	1.0000000E-015
17.854	1.0000000E-015
17.855	1.0000000E-015
17.856	1.0000000E-015
17.857	1.0000000E-015
17.858	1.0000000E-015
17.859	1.0000000E-015
17.86	1.0000000E-015
17.861	1.0000000E-015
17.862	1.0000000E-015
17.863	1.0000000E-015
17.864	1.0000000E-015
17.865	1.0000000E-015
17.866	1.0000000E-015
17.867	1.0000000E-015
17.868	1.0000000E-015
17.869	1.0000000E-015
17.87	1.0000000E-015
17.871	1.0000000E-015
17.872	1.0000000E-015
17.873	1.0000000E-015
17.874	1.0000000E-015
17.875	1.0000000E-015
17.876	1.0000000E-015
17.877	1.0000000E-015
17.878	1.0000000E-015
17.879	1.0000000E-015
17.88	1.0000000E-015
17.881	1.0000000E-015
17.882	1.0000000E-015
17.883	1.0000000E-015
17.884	1.0000000E-015
17.885	1.0000000E-015
17.886	1.0000000E-015
17.887	1.0000000E-015
17.888	1.0000000E-015
17.889	1.0000000E-015
17.89	1.0000000E-015
17.891	1.0000000E-015
17.892	1.0000000E-015
17.893	1.0000000E-015
17.894	1.0000000E-015
17.895	1.0000000E-015
17.896	1.0000000E-015
17.897	1.0000000E-015
17.898	1.0000000E-015
17.899	1.0000000E-015
17.9	1.0000000E-015
17.901	1.0000000E-015
17.902	1.0000000E-015
17.903	1.0000000E-015
17.904	1.0000000E-015
17.905	1.0000000E-015
17.906	1.0000000E-015
17.907	1.0000000E-015
17.908	1.0000000E-015
17.909	1.0000000E-015
17.91	1.0000000E-015
17.911	1.0000000E-015
17.912	1.0000000E-015
17.913	1.0000000E-015
17.914	1.0000000E-015
17.915	1.0000000E-015
17.916	1.0000000E-015
17.917	1.0000000E-015
17.918	1.0000000E-015
17.919	1.0000000E-015
17.92	1.0000000E-015
17.921	1.0000000E-015
17.922	1.0000000E-015
17.923	1.0000000E-015
17.924	1.0000000E-015
17.925	1.0000000E-015
17.926	1.0000000E-015
17.927	1.0000000E-015
17.928	1.0000000E-015
17.929	1.0000000E-015
17.93	1.0000000E-015
17.931	1.0000000E-015
17.932	1.0000000E-015
17.933	1.0000000E-015
17.934	1.0000000E-015
17.935	1.0000000E-015
17.936	1.0000000E-015
17.937	1.0000000E-015
17.938	1.0000000E-015
17.939	1.0000000E-015
17.94	1.0000000E-015
17.941	1.0000000E-015
17.942	1.0000000E-015
17.943	1.0000000E-015
17.944	1.0000000E-015
17.945	1.0000000E-015
17.946	1.0000000E-015
17.947	1.0000000E-015
17.948	1.0000000E-015
17.949	1.0000000E-015
17.95	1.0000000E-015
17.951	1.0000000E-015
17.952	1.0000000E-015
17.953	1.0000000E-015
17.954	1.0000000E-015
17.955	1.0000000E-015
17.956	1.0000000E-015
17.957	1.0000000E-015
17.958	1.0000000E-015
17.959	1.0000000E-015
17.96	1.0000000E-015
17.961	1.0000000E-015
17.962	1.0000000E-015
17.963	1.0000000E-015
17.964	1.0000000E-015
17.965	1.0000000E-015
17.966	1.0000000E-015
17.967	1.0000000E-015
17.968	1.0000000E-015
17.969	1.0000000E-015
17.97	1.0000000E-015
17.971	1.0000000E-015
17.972	1.0000000E-015
17.973	1.0000000E-015
17.974	1.0000000E-015
17.975	1.0000000E-015
17.976	1.0000000E-015
17.977	1.0000000E-015
17.978	1.0000000E-015
17.979	1.0000000E-015
17.98	1.0000000E-015
17.981	1.0000000E-015
17.982	1.0000000E-015
17.983	1.0000000E-015
17.984	1.0000000E-015
17.985	1.0000000E-015
17.986	1.0000000E-015
17.987	1.0000000E-015
17.988	1.0000000E-015
17.989	1.0000000E-015
17.99	1.0000000E-015
17.991	1.0000000E-015
17.992	1.0000000E-015
17.993	1.0000000E-015
17.994	1.0000000E-015
17.995	1.0000000E-015
17.996	1.0000000E-015
17.997	1.0000000E-015
17.998	1.0000000E-015
17.999	1.0000000E-015
18	1.0000000E-015
18.001	1.0000000E-015
18.002	1.0000000E-015
18.003	1.0000000E-015
18.004	1.0000000E-015
18.005	1.0000000E-015
18.006	1.0000000E-015
18.007	1.0000000E-015
18.008	1.0000000E-015
18.009	1.0000000E-015
18.01	1.0000000E-015
18.011	1.0000000E-015
18.012	1.0000000E-015
18.013	1.0000000E-015
18.014	1.0000000E-015
18.015	1.0000000E-015
18.016	1.0000000E-015
18.017	1.0000000E-015
18.018	1.0000000E-015
18.019	1.0000000E-015
18.02	1.0000000E-015
18.021	1.0000000E-015
18.022	1.0000000E-015
18.023	1.0000000E-015
18.024	1.0000000E-015
18.025	1.0000000E-015
18.026	1.0000000E-015
18.027	1.0000000E-015
18.028	1.0000000E-015
18.029	1.0000000E-015
18.03	1.0000000E-015
18.031	1.0000000E-015
18.032	1.0000000E-015
18.033	1.0000000E-015
18.034	1.0000000E-015
18.035	1.0000000E-015
18.036	1.0000000E-015
18.037	1.0000000E-015
18.038	1.0000000E-015
18.039	1.0000000E-015
18.04	1.0000000E-015
18.041	1.0000000E-015
18.042	1.0000000E-015
18.043	1.0000000E-015
18.044	1.0000000E-015
18.045	1.0000000E-015
18.046	1.0000000E-015
18.047	1.0000000E-015
18.048	1.0000000E-015
18.049	1.0000000E-015
18.05	1.0000000E-015
18.051	1.0000000E-015
18.052	1.0000000E-015
18.053	1.0000000E-015
18.054	1.0000000E-015
18.055	1.0000000E-015
18.056	1.0000000E-015
18.057	1.0000000E-015
18.058	1.0000000E-015
18.059	1.0000000E-015
18.06	1.0000000E-015
18.061	1.0000000E-015
18.062	1.0000000E-015
18.063	1.0000000E-015
18.064	1.0000000E-015
18.065	1.0000000E-015
18.066	1.0000000E-015
18.067	1.0000000E-015
18.068	1.0000000E-015
18.069	1.0000000E-015
18.07	1.0000000E-015
18.071	1.0000000E-015
18.072	1.0000000E-015
18.073	1.0000000E-015
18.074	1.0000000E-015
18.075	1.0000000E-015
18.076	1.0000000E-015
18.077	1.0000000E-015
18.078	1.0000000E-015
18.079	1.0000000E-015
18.08	1.0000000E-015
18.081	1.0000000E-015
18.082	1.0000000E-015
18.083	1.0000000E-015
18.084	1.0000000E-015
18.085	1.0000000E-015
18.086	1.0000000E-015
18.087	1.0000000E-015
18.088	1.0000000E-015
18.089	1.0000000E-015
18.09	1.0000000E-015
18.091	1.0000000E-015
18.092	1.0000000E-015
18.093	1.0000000E-015
18.094	1.0000000E-015
18.095	1.0000000E-015
18.096	1.0000000E-015
18.097	1.0000000E-015
18.098	1.0000000E-015
18.099	1.0000000E-015
18.1	1.0000000E-015
18.101	1.0000000E-015
18.102	1.0000000E-015
18.103	1.0000000E-015
18.104	1.0000000E-015
18.105	1.0000000E-015
18.106	1.0000000E-015
18.107	1.0000000E-015
18.108	1.0000000E-015
18.109	1.0000000E-015
18.11	1.0000000E-015
18.111	1.0000000E-015
18.112	1.0000000E-015
18.113	1.0000000E-015
18.114	1.0000000E-015
18.115	1.0000000E-015
18.116	1.0000000E-015
18.117	1.0000000E-015
18.118	1.0000000E-015
18.119	1.0000000E-015
18.12	1.0000000E-015
18.121	1.0000000E-015
18.122	1.0000000E-015
18.123	1.0000000E-015
18.124	1.0000000E-015
18.125	1.0000000E-015
18.126	1.0000000E-015
18.127	1.0000000E-015
18.128	1.0000000E-015
18.129	1.0000000E-015
18.13	1.0000000E-015
18.131	1.0000000E-015
18.132	1.0000000E-015
18.133	1.0000000E-015
18.134	1.0000000E-015
18.135	1.0000000E-015
18.136	1.0000000E-015
18.137	1.0000000E-015
18.138	1.0000000E-015
18.139	1.0000000E-015
18.14	1.0000000E-015
18.141	1.0000000E-015
18.142	1.0000000E-015
18.143	1.0000000E-015
18.144	1.0000000E-015
18.145	1.0000000E-015
18.146	1.0000000E-015
18.147	1.0000000E-015
18.148	1.0000000E-015
18.149	1.0000000E-015
18.15	1.0000000E-015
18.151	1.0000000E-015
18.152	1.0000000E-015
18.153	1.0000000E-015
18.154	1.0000000E-015
18.155	1.0000000E-015
18.156	1.0000000E-015
18.157	1.0000000E-015
18.158	1.0000000E-015
18.159	1.0000000E-015
18.16	1.0000000E-015
18.161	1.0000000E-015
18.162	1.0000000E-015
18.163	1.0000000E-015
18.164	1.0000000E-015
18.165	1.0000000E-015
18.166	1.0000000E-015
18.167	1.0000000E-015
18.168	1.0000000E-015
18.169	1.0000000E-015
18.17	1.0000000E-015
18.171	1.0000000E-015
18.172	1.0000000E-015
18.173	1.0000000E-015
18.174	1.0000000E-015
18.175	1.0000000E-015
18.176	1.0000000E-015
18.177	1.0000000E-015
18.178	1.0000000E-015
18.179	1.0000000E-015
18.18	1.0000000E-015
18.181	1.0000000E-015
18.182	1.0000000E-015
18.183	1.0000000E-015
18.184	1.0000000E-015
18.185	1.0000000E-015
18.186	1.0000000E-015
18.187	1.0000000E-015
18.188	1.0000000E-015
18.189	1.0000000E-015
18.19	1.0000000E-015
18.191	1.0000000E-015
18.192	1.0000000E-015
18.193	1.0000000E-015
18.194	1.0000000E-015
18.195	1.0000000E-015
18.196	1.0000000E-015
18.197	1.0000000E-015
18.198	1.0000000E-015
18.199	1.0000000E-015
18.2	1.0000000E-015
18.201	1.0000000E-015
18.202	1.0000000E-015
18.203	1.0000000E-015
18.204	1.0000000E-015
18.205	1.0000000E-015
18.206	1.0000000E-015
18.207	1.0000000E-015
18.208	1.0000000E-015
18.209	1.0000000E-015
18.21	1.0000000E-015
18.211	1.0000000E-015
18.212	1.0000000E-015
18.213	1.0000000E-015
18.214	1.0000000E-015
18.215	1.0000000E-015
18.216	1.0000000E-015
18.217	1.0000000E-015
18.218	1.0000000E-015
18.219	1.0000000E-015
18.22	1.0000000E-015
18.221	1.0000000E-015
18.222	1.0000000E-015
18.223	1.0000000E-015
18.224	1.0000000E-015
18.225	1.0000000E-015
18.226	1.0000000E-015
18.227	1.0000000E-015
18.228	1.0000000E-015
18.229	1.0000000E-015
18.23	1.0000000E-015
18.231	1.0000000E-015
18.232	1.0000000E-015
18.233	1.0000000E-015
18.234	1.0000000E-015
18.235	1.0000000E-015
18.236	1.0000000E-015
18.237	1.0000000E-015
18.238	1.0000000E-015
18.239	1.0000000E-015
18.24	1.0000000E-015
18.241	1.0000000E-015
18.242	1.0000000E-015
18.243	1.0000000E-015
18.244	1.0000000E-015
18.245	1.0000000E-015
18.246	1.0000000E-015
18.247	1.0000000E-015
18.248	1.0000000E-015
18.249	1.0000000E-015
18.25	1.0000000E-015
18.251	1.0000000E-015
18.252	1.0000000E-015
18.253	1.0000000E-015
18.254	1.0000000E-015
18.255	1.0000000E-015
18.256	1.0000000E-015
18.257	1.0000000E-015
18.258	1.0000000E-015
18.259	1.0000000E-015
18.26	1.0000000E-015
18.261	1.0000000E-015
18.262	1.0000000E-015
18.263	1.0000000E-015
18.264	1.0000000E-015
18.265	1.0000000E-015
18.266	1.0000000E-015
18.267	1.0000000E-015
18.268	1.0000000E-015
18.269	1.0000000E-015
18.27	1.0000000E-015
18.271	1.0000000E-015
18.272	1.0000000E-015
18.273	1.0000000E-015
18.274	1.0000000E-015
18.275	1.0000000E-015
18.276	1.0000000E-015
18.277	1.0000000E-015
18.278	1.0000000E-015
18.279	1.0000000E-015
18.28	1.0000000E-015
18.281	1.0000000E-015
18.282	1.0000000E-015
18.283	1.0000000E-015
18.284	1.0000000E-015
18.285	1.0000000E-015
18.286	1.0000000E-015
18.287	1.0000000E-015
18.288	1.0000000E-015
18.289	1.0000000E-015
18.29	1.0000000E-015
18.291	1.0000000E-015
18.292	1.0000000E-015
18.293	1.0000000E-015
18.294	1.0000000E-015
18.295	1.0000000E-015
18.296	1.0000000E-015
18.297	1.0000000E-015
18.298	1.0000000E-015
18.299	1.0000000E-015
18.3	1.0000000E-015
18.301	1.0000000E-015
18.302	1.0000000E-015
18.303	1.0000000E-015
18.304	1.0000000E-015
18.305	1.0000000E-015
18.306	1.0000000E-015
18.307	1.0000000E-015
18.308	1.0000000E-015
18.309	1.0000000E-015
18.31	1.0000000E-015
18.311	1.0000000E-015
18.312	1.0000000E-015
18.313	1.0000000E-015
18.314	1.0000000E-015
18.315	1.0000000E-015
18.316	1.0000000E-015
18.317	1.0000000E-015
18.318	1.0000000E-015
18.319	1.0000000E-015
18.32	1.0000000E-015
18.321	1.0000000E-015
18.322	1.0000000E-015
18.323	1.0000000E-015
18.324	1.0000000E-015
18.325	1.0000000E-015
18.326	1.0000000E-015
18.327	1.0000000E-015
18.328	1.0000000E-015
18.329	1.0000000E-015
18.33	1.0000000E-015
18.331	1.0000000E-015
18.332	1.0000000E-015
18.333	1.0000000E-015
18.334	1.0000000E-015
18.335	1.0000000E-015
18.336	1.0000000E-015
18.337	1.0000000E-015
18.338	1.0000000E-015
18.339	1.0000000E-015
18.34	1.0000000E-015
18.341	1.0000000E-015
18.342	1.0000000E-015
18.343	1.0000000E-015
18.344	1.0000000E-015
18.345	1.0000000E-015
18.346	1.0000000E-015
18.347	1.0000000E-015
18.348	1.0000000E-015
18.349	1.0000000E-015
18.35	1.0000000E-015
18.351	1.0000000E-015
18.352	1.0000000E-015
18.353	1.0000000E-015
18.354	1.0000000E-015
18.355	1.0000000E-015
18.356	1.0000000E-015
18.357	1.0000000E-015
18.358	1.0000000E-015
18.359	1.0000000E-015
18.36	1.0000000E-015
18.361	1.0000000E-015
18.362	1.0000000E-015
18.363	1.0000000E-015
18.364	1.0000000E-015
18.365	1.0000000E-015
18.366	1.0000000E-015
18.367	1.0000000E-015
18.368	1.0000000E-015
18.369	1.0000000E-015
18.37	1.0000000E-015
18.371	1.0000000E-015
18.372	1.0000000E-015
18.373	1.0000000E-015
18.374	1.0000000E-015
18.375	1.0000000E-015
18.376	1.0000000E-015
18.377	1.0000000E-015
18.378	1.0000000E-015
18.379	1.0000000E-015
18.38	1.0000000E-015
18.381	1.0000000E-015
18.382	1.0000000E-015
18.383	1.0000000E-015
18.384	1.0000000E-015
18.385	1.0000000E-015
18.386	1.0000000E-015
18.387	1.0000000E-015
18.388	1.0000000E-015
18.389	1.0000000E-015
18.39	1.0000000E-015
18.391	1.0000000E-015
18.392	1.0000000E-015
18.393	1.0000000E-015
18.394	1.0000000E-015
18.395	1.0000000E-015
18.396	1.0000000E-015
18.397	1.0000000E-015
18.398	1.0000000E-015
18.399	1.0000000E-015
18.4	1.0000000E-015
18.401	1.0000000E-015
18.402	1.0000000E-015
18.403	1.0000000E-015
18.404	1.0000000E-015
18.405	1.0000000E-015
18.406	1.0000000E-015
18.407	1.0000000E-015
18.408	1.0000000E-015
18.409	1.0000000E-015
18.41	1.0000000E-015
18.411	1.0000000E-015
18.412	1.0000000E-015
18.413	1.0000000E-015
18.414	1.0000000E-015
18.415	1.0000000E-015
18.416	1.0000000E-015
18.417	1.0000000E-015
18.418	1.0000000E-015
18.419	1.0000000E-015
18.42	1.0000000E-015
18.421	1.0000000E-015
18.422	1.0000000E-015
18.423	1.0000000E-015
18.424	1.0000000E-015
18.425	1.0000000E-015
18.426	1.0000000E-015
18.427	1.0000000E-015
18.428	1.0000000E-015
18.429	1.0000000E-015
18.43	1.0000000E-015
18.431	1.0000000E-015
18.432	1.0000000E-015
18.433	1.0000000E-015
18.434	1.0000000E-015
18.435	1.0000000E-015
18.436	1.0000000E-015
18.437	1.0000000E-015
18.438	1.0000000E-015
18.439	1.0000000E-015
18.44	1.0000000E-015
18.441	1.0000000E-015
18.442	1.0000000E-015
18.443	1.0000000E-015
18.444	1.0000000E-015
18.445	1.0000000E-015
18.446	1.0000000E-015
18.447	1.0000000E-015
18.448	1.0000000E-015
18.449	1.0000000E-015
18.45	1.0000000E-015
18.451	1.0000000E-015
18.452	1.0000000E-015
18.453	1.0000000E-015
18.454	1.0000000E-015
18.455	1.0000000E-015
18.456	1.0000000E-015
18.457	1.0000000E-015
18.458	1.0000000E-015
18.459	1.0000000E-015
18.46	1.0000000E-015
18.461	1.0000000E-015
18.462	1.0000000E-015
18.463	1.0000000E-015
18.464	1.0000000E-015
18.465	1.0000000E-015
18.466	1.0000000E-015
18.467	1.0000000E-015
18.468	1.0000000E-015
18.469	1.0000000E-015
18.47	1.0000000E-015
18.471	1.0000000E-015
18.472	1.0000000E-015
18.473	1.0000000E-015
18.474	1.0000000E-015
18.475	1.0000000E-015
18.476	1.0000000E-015
18.477	1.0000000E-015
18.478	1.0000000E-015
18.479	1.0000000E-015
18.48	1.0000000E-015
18.481	1.0000000E-015
18.482	1.0000000E-015
18.483	1.0000000E-015
18.484	1.0000000E-015
18.485	1.0000000E-015
18.486	1.0000000E-015
18.487	1.0000000E-015
18.488	1.0000000E-015
18.489	1.0000000E-015
18.49	1.0000000E-015
18.491	1.0000000E-015
18.492	1.0000000E-015
18.493	1.0000000E-015
18.494	1.0000000E-015
18.495	1.0000000E-015
18.496	1.0000000E-015
18.497	1.0000000E-015
18.498	1.0000000E-015
18.499	1.0000000E-015
18.5	1.0000000E-015
18.501	1.0000000E-015
18.502	1.0000000E-015
18.503	1.0000000E-015
18.504	1.0000000E-015
18.505	1.0000000E-015
18.506	1.0000000E-015
18.507	1.0000000E-015
18.508	1.0000000E-015
18.509	1.0000000E-015
18.51	1.0000000E-015
18.511	1.0000000E-015
18.512	1.0000000E-015
18.513	1.0000000E-015
18.514	1.0000000E-015
18.515	1.0000000E-015
18.516	1.0000000E-015
18.517	1.0000000E-015
18.518	1.0000000E-015
18.519	1.0000000E-015
18.52	1.0000000E-015
18.521	1.0000000E-015
18.522	1.0000000E-015
18.523	1.0000000E-015
18.524	1.0000000E-015
18.525	1.0000000E-015
18.526	1.0000000E-015
18.527	1.0000000E-015
18.528	1.0000000E-015
18.529	1.0000000E-015
18.53	1.0000000E-015
18.531	1.0000000E-015
18.532	1.0000000E-015
18.533	1.0000000E-015
18.534	1.0000000E-015
18.535	1.0000000E-015
18.536	1.0000000E-015
18.537	1.0000000E-015
18.538	1.0000000E-015
18.539	1.0000000E-015
18.54	1.0000000E-015
18.541	1.0000000E-015
18.542	1.0000000E-015
18.543	1.0000000E-015
18.544	1.0000000E-015
18.545	1.0000000E-015
18.546	1.0000000E-015
18.547	1.0000000E-015
18.548	1.0000000E-015
18.549	1.0000000E-015
18.55	1.0000000E-015
18.551	1.0000000E-015
18.552	1.0000000E-015
18.553	1.0000000E-015
18.554	1.0000000E-015
18.555	1.0000000E-015
18.556	1.0000000E-015
18.557	1.0000000E-015
18.558	1.0000000E-015
18.559	1.0000000E-015
18.56	1.0000000E-015
18.561	1.0000000E-015
18.562	1.0000000E-015
18.563	1.0000000E-015
18.564	1.0000000E-015
18.565	1.0000000E-015
18.566	1.0000000E-015
18.567	1.0000000E-015
18.568	1.0000000E-015
18.569	1.0000000E-015
18.57	1.0000000E-015
18.571	1.0000000E-015
18.572	1.0000000E-015
18.573	1.0000000E-015
18.574	1.0000000E-015
18.575	1.0000000E-015
18.576	1.0000000E-015
18.577	1.0000000E-015
18.578	1.0000000E-015
18.579	1.0000000E-015
18.58	1.0000000E-015
18.581	1.0000000E-015
18.582	1.0000000E-015
18.583	1.0000000E-015
18.584	1.0000000E-015
18.585	1.0000000E-015
18.586	1.0000000E-015
18.587	1.0000000E-015
18.588	1.0000000E-015
18.589	1.0000000E-015
18.59	1.0000000E-015
18.591	1.0000000E-015
18.592	1.0000000E-015
18.593	1.0000000E-015
18.594	1.0000000E-015
18.595	1.0000000E-015
18.596	1.0000000E-015
18.597	1.0000000E-015
18.598	1.0000000E-015
18.599	1.0000000E-015
18.6	1.0000000E-015
18.601	1.0000000E-015
18.602	1.0000000E-015
18.603	1.0000000E-015
18.604	1.0000000E-015
18.605	1.0000000E-015
18.606	1.0000000E-015
18.607	1.0000000E-015
18.608	1.0000000E-015
18.609	1.0000000E-015
18.61	1.0000000E-015
18.611	1.0000000E-015
18.612	1.0000000E-015
18.613	1.0000000E-015
18.614	1.0000000E-015
18.615	1.0000000E-015
18.616	1.0000000E-015
18.617	1.0000000E-015
18.618	1.0000000E-015
18.619	1.0000000E-015
18.62	1.0000000E-015
18.621	1.0000000E-015
18.622	1.0000000E-015
18.623	1.0000000E-015
18.624	1.0000000E-015
18.625	1.0000000E-015
18.626	1.0000000E-015
18.627	1.0000000E-015
18.628	1.0000000E-015
18.629	1.0000000E-015
18.63	1.0000000E-015
18.631	1.0000000E-015
18.632	1.0000000E-015
18.633	1.0000000E-015
18.634	1.0000000E-015
18.635	1.0000000E-015
18.636	1.0000000E-015
18.637	1.0000000E-015
18.638	1.0000000E-015
18.639	1.0000000E-015
18.64	1.0000000E-015
18.641	1.0000000E-015
18.642	1.0000000E-015
18.643	1.0000000E-015
18.644	1.0000000E-015
18.645	1.0000000E-015
18.646	1.0000000E-015
18.647	1.0000000E-015
18.648	1.0000000E-015
18.649	1.0000000E-015
18.65	1.0000000E-015
18.651	1.0000000E-015
18.652	1.0000000E-015
18.653	1.0000000E-015
18.654	1.0000000E-015
18.655	1.0000000E-015
18.656	1.0000000E-015
18.657	1.0000000E-015
18.658	1.0000000E-015
18.659	1.0000000E-015
18.66	1.0000000E-015
18.661	1.0000000E-015
18.662	1.0000000E-015
18.663	1.0000000E-015
18.664	1.0000000E-015
18.665	1.0000000E-015
18.666	1.0000000E-015
18.667	1.0000000E-015
18.668	1.0000000E-015
18.669	1.0000000E-015
18.67	1.0000000E-015
18.671	1.0000000E-015
18.672	1.0000000E-015
18.673	1.0000000E-015
18.674	1.0000000E-015
18.675	1.0000000E-015
18.676	1.0000000E-015
18.677	1.0000000E-015
18.678	1.0000000E-015
18.679	1.0000000E-015
18.68	1.0000000E-015
18.681	1.0000000E-015
18.682	1.0000000E-015
18.683	1.0000000E-015
18.684	1.0000000E-015
18.685	1.0000000E-015
18.686	1.0000000E-015
18.687	1.0000000E-015
18.688	1.0000000E-015
18.689	1.0000000E-015
18.69	1.0000000E-015
18.691	1.0000000E-015
18.692	1.0000000E-015
18.693	1.0000000E-015
18.694	1.0000000E-015
18.695	1.0000000E-015
18.696	1.0000000E-015
18.697	1.0000000E-015
18.698	1.0000000E-015
18.699	1.0000000E-015
18.7	1.0000000E-015
18.701	1.0000000E-015
18.702	1.0000000E-015
18.703	1.0000000E-015
18.704	1.0000000E-015
18.705	1.0000000E-015
18.706	1.0000000E-015
18.707	1.0000000E-015
18.708	1.0000000E-015
18.709	1.0000000E-015
18.71	1.0000000E-015
18.711	1.0000000E-015
18.712	1.0000000E-015
18.713	1.0000000E-015
18.714	1.0000000E-015
18.715	1.0000000E-015
18.716	1.0000000E-015
18.717	1.0000000E-015
18.718	1.0000000E-015
18.719	1.0000000E-015
18.72	1.0000000E-015
18.721	1.0000000E-015
18.722	1.0000000E-015
18.723	1.0000000E-015
18.724	1.0000000E-015
18.725	1.0000000E-015
18.726	1.0000000E-015
18.727	1.0000000E-015
18.728	1.0000000E-015
18.729	1.0000000E-015
18.73	1.0000000E-015
18.731	1.0000000E-015
18.732	1.0000000E-015
18.733	1.0000000E-015
18.734	1.0000000E-015
18.735	1.0000000E-015
18.736	1.0000000E-015
18.737	1.0000000E-015
18.738	1.0000000E-015
18.739	1.0000000E-015
18.74	1.0000000E-015
18.741	1.0000000E-015
18.742	1.0000000E-015
18.743	1.0000000E-015
18.744	1.0000000E-015
18.745	1.0000000E-015
18.746	1.0000000E-015
18.747	1.0000000E-015
18.748	1.0000000E-015
18.749	1.0000000E-015
18.75	1.0000000E-015
18.751	1.0000000E-015
18.752	1.0000000E-015
18.753	1.0000000E-015
18.754	1.0000000E-015
18.755	1.0000000E-015
18.756	1.0000000E-015
18.757	1.0000000E-015
18.758	1.0000000E-015
18.759	1.0000000E-015
18.76	1.0000000E-015
18.761	1.0000000E-015
18.762	1.0000000E-015
18.763	1.0000000E-015
18.764	1.0000000E-015
18.765	1.0000000E-015
18.766	1.0000000E-015
18.767	1.0000000E-015
18.768	1.0000000E-015
18.769	1.0000000E-015
18.77	1.0000000E-015
18.771	1.0000000E-015
18.772	1.0000000E-015
18.773	1.0000000E-015
18.774	1.0000000E-015
18.775	1.0000000E-015
18.776	1.0000000E-015
18.777	1.0000000E-015
18.778	1.0000000E-015
18.779	1.0000000E-015
18.78	1.0000000E-015
18.781	1.0000000E-015
18.782	1.0000000E-015
18.783	1.0000000E-015
18.784	1.0000000E-015
18.785	1.0000000E-015
18.786	1.0000000E-015
18.787	1.0000000E-015
18.788	1.0000000E-015
18.789	1.0000000E-015
18.79	1.0000000E-015
18.791	1.0000000E-015
18.792	1.0000000E-015
18.793	1.0000000E-015
18.794	1.0000000E-015
18.795	1.0000000E-015
18.796	1.0000000E-015
18.797	1.0000000E-015
18.798	1.0000000E-015
18.799	1.0000000E-015
18.8	1.0000000E-015
18.801	1.0000000E-015
18.802	1.0000000E-015
18.803	1.0000000E-015
18.804	1.0000000E-015
18.805	1.0000000E-015
18.806	1.0000000E-015
18.807	1.0000000E-015
18.808	1.0000000E-015
18.809	1.0000000E-015
18.81	1.0000000E-015
18.811	1.0000000E-015
18.812	1.0000000E-015
18.813	1.0000000E-015
18.814	1.0000000E-015
18.815	1.0000000E-015
18.816	1.0000000E-015
18.817	1.0000000E-015
18.818	1.0000000E-015
18.819	1.0000000E-015
18.82	1.0000000E-015
18.821	1.0000000E-015
18.822	1.0000000E-015
18.823	1.0000000E-015
18.824	1.0000000E-015
18.825	1.0000000E-015
18.826	1.0000000E-015
18.827	1.0000000E-015
18.828	1.0000000E-015
18.829	1.0000000E-015
18.83	1.0000000E-015
18.831	1.0000000E-015
18.832	1.0000000E-015
18.833	1.0000000E-015
18.834	1.0000000E-015
18.835	1.0000000E-015
18.836	1.0000000E-015
18.837	1.0000000E-015
18.838	1.0000000E-015
18.839	1.0000000E-015
18.84	1.0000000E-015
18.841	1.0000000E-015
18.842	1.0000000E-015
18.843	1.0000000E-015
18.844	1.0000000E-015
18.845	1.0000000E-015
18.846	1.0000000E-015
18.847	1.0000000E-015
18.848	1.0000000E-015
18.849	1.0000000E-015
18.85	1.0000000E-015
18.851	1.0000000E-015
18.852	1.0000000E-015
18.853	1.0000000E-015
18.854	1.0000000E-015
18.855	1.0000000E-015
18.856	1.0000000E-015
18.857	1.0000000E-015
18.858	1.0000000E-015
18.859	1.0000000E-015
18.86	1.0000000E-015
18.861	1.0000000E-015
18.862	1.0000000E-015
18.863	1.0000000E-015
18.864	1.0000000E-015
18.865	1.0000000E-015
18.866	1.0000000E-015
18.867	1.0000000E-015
18.868	1.0000000E-015
18.869	1.0000000E-015
18.87	1.0000000E-015
18.871	1.0000000E-015
18.872	1.0000000E-015
18.873	1.0000000E-015
18.874	1.0000000E-015
18.875	1.0000000E-015
18.876	1.0000000E-015
18.877	1.0000000E-015
18.878	1.0000000E-015
18.879	1.0000000E-015
18.88	1.0000000E-015
18.881	1.0000000E-015
18.882	1.0000000E-015
18.883	1.0000000E-015
18.884	1.0000000E-015
18.885	1.0000000E-015
18.886	1.0000000E-015
18.887	1.0000000E-015
18.888	1.0000000E-015
18.889	1.0000000E-015
18.89	1.0000000E-015
18.891	1.0000000E-015
18.892	1.0000000E-015
18.893	1.0000000E-015
18.894	1.0000000E-015
18.895	1.0000000E-015
18.896	1.0000000E-015
18.897	1.0000000E-015
18.898	1.0000000E-015
18.899	1.0000000E-015
18.9	1.0000000E-015
18.901	1.0000000E-015
18.902	1.0000000E-015
18.903	1.0000000E-015
18.904	1.0000000E-015
18.905	1.0000000E-015
18.906	1.0000000E-015
18.907	1.0000000E-015
18.908	1.0000000E-015
18.909	1.0000000E-015
18.91	1.0000000E-015
18.911	1.0000000E-015
18.912	1.0000000E-015
18.913	1.0000000E-015
18.914	1.0000000E-015
18.915	1.0000000E-015
18.916	1.0000000E-015
18.917	1.0000000E-015
18.918	1.0000000E-015
18.919	1.0000000E-015
18.92	1.0000000E-015
18.921	1.0000000E-015
18.922	1.0000000E-015
18.923	1.0000000E-015
18.924	1.0000000E-015
18.925	1.0000000E-015
18.926	1.0000000E-015
18.927	1.0000000E-015
18.928	1.0000000E-015
18.929	1.0000000E-015
18.93	1.0000000E-015
18.931	1.0000000E-015
18.932	1.0000000E-015
18.933	1.0000000E-015
18.934	1.0000000E-015
18.935	1.0000000E-015
18.936	1.0000000E-015
18.937	1.0000000E-015
18.938	1.0000000E-015
18.939	1.0000000E-015
18.94	1.0000000E-015
18.941	1.0000000E-015
18.942	1.0000000E-015
18.943	1.0000000E-015
18.944	1.0000000E-015
18.945	1.0000000E-015
18.946	1.0000000E-015
18.947	1.0000000E-015
18.948	1.0000000E-015
18.949	1.0000000E-015
18.95	1.0000000E-015
18.951	1.0000000E-015
18.952	1.0000000E-015
18.953	1.0000000E-015
18.954	1.0000000E-015
18.955	1.0000000E-015
18.956	1.0000000E-015
18.957	1.0000000E-015
18.958	1.0000000E-015
18.959	1.0000000E-015
18.96	1.0000000E-015
18.961	1.0000000E-015
18.962	1.0000000E-015
18.963	1.0000000E-015
18.964	1.0000000E-015
18.965	1.0000000E-015
18.966	1.0000000E-015
18.967	1.0000000E-015
18.968	1.0000000E-015
18.969	1.0000000E-015
18.97	1.0000000E-015
18.971	1.0000000E-015
18.972	1.0000000E-015
18.973	1.0000000E-015
18.974	1.0000000E-015
18.975	1.0000000E-015
18.976	1.0000000E-015
18.977	1.0000000E-015
18.978	1.0000000E-015
18.979	1.0000000E-015
18.98	1.0000000E-015
18.981	1.0000000E-015
18.982	1.0000000E-015
18.983	1.0000000E-015
18.984	1.0000000E-015
18.985	1.0000000E-015
18.986	1.0000000E-015
18.987	1.0000000E-015
18.988	1.0000000E-015
18.989	1.0000000E-015
18.99	1.0000000E-015
18.991	1.0000000E-015
18.992	1.0000000E-015
18.993	1.0000000E-015
18.994	1.0000000E-015
18.995	1.0000000E-015
18.996	1.0000000E-015
18.997	1.0000000E-015
18.998	1.0000000E-015
18.999	1.0000000E-015
19	1.0000000E-015
19.001	1.0000000E-015
19.002	1.0000000E-015
19.003	1.0000000E-015
19.004	1.0000000E-015
19.005	1.0000000E-015
19.006	1.0000000E-015
19.007	1.0000000E-015
19.008	1.0000000E-015
19.009	1.0000000E-015
19.01	1.0000000E-015
19.011	1.0000000E-015
19.012	1.0000000E-015
19.013	1.0000000E-015
19.014	1.0000000E-015
19.015	1.0000000E-015
19.016	1.0000000E-015
19.017	1.0000000E-015
19.018	1.0000000E-015
19.019	1.0000000E-015
19.02	1.0000000E-015
19.021	1.0000000E-015
19.022	1.0000000E-015
19.023	1.0000000E-015
19.024	1.0000000E-015
19.025	1.0000000E-015
19.026	1.0000000E-015
19.027	1.0000000E-015
19.028	1.0000000E-015
19.029	1.0000000E-015
19.03	1.0000000E-015
19.031	1.0000000E-015
19.032	1.0000000E-015
19.033	1.0000000E-015
19.034	1.0000000E-015
19.035	1.0000000E-015
19.036	1.0000000E-015
19.037	1.0000000E-015
19.038	1.0000000E-015
19.039	1.0000000E-015
19.04	1.0000000E-015
19.041	1.0000000E-015
19.042	1.0000000E-015
19.043	1.0000000E-015
19.044	1.0000000E-015
19.045	1.0000000E-015
19.046	1.0000000E-015
19.047	1.0000000E-015
19.048	1.0000000E-015
19.049	1.0000000E-015
19.05	1.0000000E-015
19.051	1.0000000E-015
19.052	1.0000000E-015
19.053	1.0000000E-015
19.054	1.0000000E-015
19.055	1.0000000E-015
19.056	1.0000000E-015
19.057	1.0000000E-015
19.058	1.0000000E-015
19.059	1.0000000E-015
19.06	1.0000000E-015
19.061	1.0000000E-015
19.062	1.0000000E-015
19.063	1.0000000E-015
19.064	1.0000000E-015
19.065	1.0000000E-015
19.066	1.0000000E-015
19.067	1.0000000E-015
19.068	1.0000000E-015
19.069	1.0000000E-015
19.07	1.0000000E-015
19.071	1.0000000E-015
19.072	1.0000000E-015
19.073	1.0000000E-015
19.074	1.0000000E-015
19.075	1.0000000E-015
19.076	1.0000000E-015
19.077	1.0000000E-015
19.078	1.0000000E-015
19.079	1.0000000E-015
19.08	1.0000000E-015
19.081	1.0000000E-015
19.082	1.0000000E-015
19.083	1.0000000E-015
19.084	1.0000000E-015
19.085	1.0000000E-015
19.086	1.0000000E-015
19.087	1.0000000E-015
19.088	1.0000000E-015
19.089	1.0000000E-015
19.09	1.0000000E-015
19.091	1.0000000E-015
19.092	1.0000000E-015
19.093	1.0000000E-015
19.094	1.0000000E-015
19.095	1.0000000E-015
19.096	1.0000000E-015
19.097	1.0000000E-015
19.098	1.0000000E-015
19.099	1.0000000E-015
19.1	1.0000000E-015
19.101	1.0000000E-015
19.102	1.0000000E-015
19.103	1.0000000E-015
19.104	1.0000000E-015
19.105	1.0000000E-015
19.106	1.0000000E-015
19.107	1.0000000E-015
19.108	1.0000000E-015
19.109	1.0000000E-015
19.11	1.0000000E-015
19.111	1.0000000E-015
19.112	1.0000000E-015
19.113	1.0000000E-015
19.114	1.0000000E-015
19.115	1.0000000E-015
19.116	1.0000000E-015
19.117	1.0000000E-015
19.118	1.0000000E-015
19.119	1.0000000E-015
19.12	1.0000000E-015
19.121	1.0000000E-015
19.122	1.0000000E-015
19.123	1.0000000E-015
19.124	1.0000000E-015
19.125	1.0000000E-015
19.126	1.0000000E-015
19.127	1.0000000E-015
19.128	1.0000000E-015
19.129	1.0000000E-015
19.13	1.0000000E-015
19.131	1.0000000E-015
19.132	1.0000000E-015
19.133	1.0000000E-015
19.134	1.0000000E-015
19.135	1.0000000E-015
19.136	1.0000000E-015
19.137	1.0000000E-015
19.138	1.0000000E-015
19.139	1.0000000E-015
19.14	1.0000000E-015
19.141	1.0000000E-015
19.142	1.0000000E-015
19.143	1.0000000E-015
19.144	1.0000000E-015
19.145	1.0000000E-015
19.146	1.0000000E-015
19.147	1.0000000E-015
19.148	1.0000000E-015
19.149	1.0000000E-015
19.15	1.0000000E-015
19.151	1.0000000E-015
19.152	1.0000000E-015
19.153	1.0000000E-015
19.154	1.0000000E-015
19.155	1.0000000E-015
19.156	1.0000000E-015
19.157	1.0000000E-015
19.158	1.0000000E-015
19.159	1.0000000E-015
19.16	1.0000000E-015
19.161	1.0000000E-015
19.162	1.0000000E-015
19.163	1.0000000E-015
19.164	1.0000000E-015
19.165	1.0000000E-015
19.166	1.0000000E-015
19.167	1.0000000E-015
19.168	1.0000000E-015
19.169	1.0000000E-015
19.17	1.0000000E-015
19.171	1.0000000E-015
19.172	1.0000000E-015
19.173	1.0000000E-015
19.174	1.0000000E-015
19.175	1.0000000E-015
19.176	1.0000000E-015
19.177	1.0000000E-015
19.178	1.0000000E-015
19.179	1.0000000E-015
19.18	1.0000000E-015
19.181	1.0000000E-015
19.182	1.0000000E-015
19.183	1.0000000E-015
19.184	1.0000000E-015
19.185	1.0000000E-015
19.186	1.0000000E-015
19.187	1.0000000E-015
19.188	1.0000000E-015
19.189	1.0000000E-015
19.19	1.0000000E-015
19.191	1.0000000E-015
19.192	1.0000000E-015
19.193	1.0000000E-015
19.194	1.0000000E-015
19.195	1.0000000E-015
19.196	1.0000000E-015
19.197	1.0000000E-015
19.198	1.0000000E-015
19.199	1.0000000E-015
19.2	1.0000000E-015
19.201	1.0000000E-015
19.202	1.0000000E-015
19.203	1.0000000E-015
19.204	1.0000000E-015
19.205	1.0000000E-015
19.206	1.0000000E-015
19.207	1.0000000E-015
19.208	1.0000000E-015
19.209	1.0000000E-015
19.21	1.0000000E-015
19.211	1.0000000E-015
19.212	1.0000000E-015
19.213	1.0000000E-015
19.214	1.0000000E-015
19.215	1.0000000E-015
19.216	1.0000000E-015
19.217	1.0000000E-015
19.218	1.0000000E-015
19.219	1.0000000E-015
19.22	1.0000000E-015
19.221	1.0000000E-015
19.222	1.0000000E-015
19.223	1.0000000E-015
19.224	1.0000000E-015
19.225	1.0000000E-015
19.226	1.0000000E-015
19.227	1.0000000E-015
19.228	1.0000000E-015
19.229	1.0000000E-015
19.23	1.0000000E-015
19.231	1.0000000E-015
19.232	1.0000000E-015
19.233	1.0000000E-015
19.234	1.0000000E-015
19.235	1.0000000E-015
19.236	1.0000000E-015
19.237	1.0000000E-015
19.238	1.0000000E-015
19.239	1.0000000E-015
19.24	1.0000000E-015
19.241	1.0000000E-015
19.242	1.0000000E-015
19.243	1.0000000E-015
19.244	1.0000000E-015
19.245	1.0000000E-015
19.246	1.0000000E-015
19.247	1.0000000E-015
19.248	1.0000000E-015
19.249	1.0000000E-015
19.25	1.0000000E-015
19.251	1.0000000E-015
19.252	1.0000000E-015
19.253	1.0000000E-015
19.254	1.0000000E-015
19.255	1.0000000E-015
19.256	1.0000000E-015
19.257	1.0000000E-015
19.258	1.0000000E-015
19.259	1.0000000E-015
19.26	1.0000000E-015
19.261	1.0000000E-015
19.262	1.0000000E-015
19.263	1.0000000E-015
19.264	1.0000000E-015
19.265	1.0000000E-015
19.266	1.0000000E-015
19.267	1.0000000E-015
19.268	1.0000000E-015
19.269	1.0000000E-015
19.27	1.0000000E-015
19.271	1.0000000E-015
19.272	1.0000000E-015
19.273	1.0000000E-015
19.274	1.0000000E-015
19.275	1.0000000E-015
19.276	1.0000000E-015
19.277	1.0000000E-015
19.278	1.0000000E-015
19.279	1.0000000E-015
19.28	1.0000000E-015
19.281	1.0000000E-015
19.282	1.0000000E-015
19.283	1.0000000E-015
19.284	1.0000000E-015
19.285	1.0000000E-015
19.286	1.0000000E-015
19.287	1.0000000E-015
19.288	1.0000000E-015
19.289	1.0000000E-015
19.29	1.0000000E-015
19.291	1.0000000E-015
19.292	1.0000000E-015
19.293	1.0000000E-015
19.294	1.0000000E-015
19.295	1.0000000E-015
19.296	1.0000000E-015
19.297	1.0000000E-015
19.298	1.0000000E-015
19.299	1.0000000E-015
19.3	1.0000000E-015
19.301	1.0000000E-015
19.302	1.0000000E-015
19.303	1.0000000E-015
19.304	1.0000000E-015
19.305	1.0000000E-015
19.306	1.0000000E-015
19.307	1.0000000E-015
19.308	1.0000000E-015
19.309	1.0000000E-015
19.31	1.0000000E-015
19.311	1.0000000E-015
19.312	1.0000000E-015
19.313	1.0000000E-015
19.314	1.0000000E-015
19.315	1.0000000E-015
19.316	1.0000000E-015
19.317	1.0000000E-015
19.318	1.0000000E-015
19.319	1.0000000E-015
19.32	1.0000000E-015
19.321	1.0000000E-015
19.322	1.0000000E-015
19.323	1.0000000E-015
19.324	1.0000000E-015
19.325	1.0000000E-015
19.326	1.0000000E-015
19.327	1.0000000E-015
19.328	1.0000000E-015
19.329	1.0000000E-015
19.33	1.0000000E-015
19.331	1.0000000E-015
19.332	1.0000000E-015
19.333	1.0000000E-015
19.334	1.0000000E-015
19.335	1.0000000E-015
19.336	1.0000000E-015
19.337	1.0000000E-015
19.338	1.0000000E-015
19.339	1.0000000E-015
19.34	1.0000000E-015
19.341	1.0000000E-015
19.342	1.0000000E-015
19.343	1.0000000E-015
19.344	1.0000000E-015
19.345	1.0000000E-015
19.346	1.0000000E-015
19.347	1.0000000E-015
19.348	1.0000000E-015
19.349	1.0000000E-015
19.35	1.0000000E-015
19.351	1.0000000E-015
19.352	1.0000000E-015
19.353	1.0000000E-015
19.354	1.0000000E-015
19.355	1.0000000E-015
19.356	1.0000000E-015
19.357	1.0000000E-015
19.358	1.0000000E-015
19.359	1.0000000E-015
19.36	1.0000000E-015
19.361	1.0000000E-015
19.362	1.0000000E-015
19.363	1.0000000E-015
19.364	1.0000000E-015
19.365	1.0000000E-015
19.366	1.0000000E-015
19.367	1.0000000E-015
19.368	1.0000000E-015
19.369	1.0000000E-015
19.37	1.0000000E-015
19.371	1.0000000E-015
19.372	1.0000000E-015
19.373	1.0000000E-015
19.374	1.0000000E-015
19.375	1.0000000E-015
19.376	1.0000000E-015
19.377	1.0000000E-015
19.378	1.0000000E-015
19.379	1.0000000E-015
19.38	1.0000000E-015
19.381	1.0000000E-015
19.382	1.0000000E-015
19.383	1.0000000E-015
19.384	1.0000000E-015
19.385	1.0000000E-015
19.386	1.0000000E-015
19.387	1.0000000E-015
19.388	1.0000000E-015
19.389	1.0000000E-015
19.39	1.0000000E-015
19.391	1.0000000E-015
19.392	1.0000000E-015
19.393	1.0000000E-015
19.394	1.0000000E-015
19.395	1.0000000E-015
19.396	1.0000000E-015
19.397	1.0000000E-015
19.398	1.0000000E-015
19.399	1.0000000E-015
19.4	1.0000000E-015
19.401	1.0000000E-015
19.402	1.0000000E-015
19.403	1.0000000E-015
19.404	1.0000000E-015
19.405	1.0000000E-015
19.406	1.0000000E-015
19.407	1.0000000E-015
19.408	1.0000000E-015
19.409	1.0000000E-015
19.41	1.0000000E-015
19.411	1.0000000E-015
19.412	1.0000000E-015
19.413	1.0000000E-015
19.414	1.0000000E-015
19.415	1.0000000E-015
19.416	1.0000000E-015
19.417	1.0000000E-015
19.418	1.0000000E-015
19.419	1.0000000E-015
19.42	1.0000000E-015
19.421	1.0000000E-015
19.422	1.0000000E-015
19.423	1.0000000E-015
19.424	1.0000000E-015
19.425	1.0000000E-015
19.426	1.0000000E-015
19.427	1.0000000E-015
19.428	1.0000000E-015
19.429	1.0000000E-015
19.43	1.0000000E-015
19.431	1.0000000E-015
19.432	1.0000000E-015
19.433	1.0000000E-015
19.434	1.0000000E-015
19.435	1.0000000E-015
19.436	1.0000000E-015
19.437	1.0000000E-015
19.438	1.0000000E-015
19.439	1.0000000E-015
19.44	1.0000000E-015
19.441	1.0000000E-015
19.442	1.0000000E-015
19.443	1.0000000E-015
19.444	1.0000000E-015
19.445	1.0000000E-015
19.446	1.0000000E-015
19.447	1.0000000E-015
19.448	1.0000000E-015
19.449	1.0000000E-015
19.45	1.0000000E-015
19.451	1.0000000E-015
19.452	1.0000000E-015
19.453	1.0000000E-015
19.454	1.0000000E-015
19.455	1.0000000E-015
19.456	1.0000000E-015
19.457	1.0000000E-015
19.458	1.0000000E-015
19.459	1.0000000E-015
19.46	1.0000000E-015
19.461	1.0000000E-015
19.462	1.0000000E-015
19.463	1.0000000E-015
19.464	1.0000000E-015
19.465	1.0000000E-015
19.466	1.0000000E-015
19.467	1.0000000E-015
19.468	1.0000000E-015
19.469	1.0000000E-015
19.47	1.0000000E-015
19.471	1.0000000E-015
19.472	1.0000000E-015
19.473	1.0000000E-015
19.474	1.0000000E-015
19.475	1.0000000E-015
19.476	1.0000000E-015
19.477	1.0000000E-015
19.478	1.0000000E-015
19.479	1.0000000E-015
19.48	1.0000000E-015
19.481	1.0000000E-015
19.482	1.0000000E-015
19.483	1.0000000E-015
19.484	1.0000000E-015
19.485	1.0000000E-015
19.486	1.0000000E-015
19.487	1.0000000E-015
19.488	1.0000000E-015
19.489	1.0000000E-015
19.49	1.0000000E-015
19.491	1.0000000E-015
19.492	1.0000000E-015
19.493	1.0000000E-015
19.494	1.0000000E-015
19.495	1.0000000E-015
19.496	1.0000000E-015
19.497	1.0000000E-015
19.498	1.0000000E-015
19.499	1.0000000E-015
19.5	1.0000000E-015
19.501	1.0000000E-015
19.502	1.0000000E-015
19.503	1.0000000E-015
19.504	1.0000000E-015
19.505	1.0000000E-015
19.506	1.0000000E-015
19.507	1.0000000E-015
19.508	1.0000000E-015
19.509	1.0000000E-015
19.51	1.0000000E-015
19.511	1.0000000E-015
19.512	1.0000000E-015
19.513	1.0000000E-015
19.514	1.0000000E-015
19.515	1.0000000E-015
19.516	1.0000000E-015
19.517	1.0000000E-015
19.518	1.0000000E-015
19.519	1.0000000E-015
19.52	1.0000000E-015
19.521	1.0000000E-015
19.522	1.0000000E-015
19.523	1.0000000E-015
19.524	1.0000000E-015
19.525	1.0000000E-015
19.526	1.0000000E-015
19.527	1.0000000E-015
19.528	1.0000000E-015
19.529	1.0000000E-015
19.53	1.0000000E-015
19.531	1.0000000E-015
19.532	1.0000000E-015
19.533	1.0000000E-015
19.534	1.0000000E-015
19.535	1.0000000E-015
19.536	1.0000000E-015
19.537	1.0000000E-015
19.538	1.0000000E-015
19.539	1.0000000E-015
19.54	1.0000000E-015
19.541	1.0000000E-015
19.542	1.0000000E-015
19.543	1.0000000E-015
19.544	1.0000000E-015
19.545	1.0000000E-015
19.546	1.0000000E-015
19.547	1.0000000E-015
19.548	1.0000000E-015
19.549	1.0000000E-015
19.55	1.0000000E-015
19.551	1.0000000E-015
19.552	1.0000000E-015
19.553	1.0000000E-015
19.554	1.0000000E-015
19.555	1.0000000E-015
19.556	1.0000000E-015
19.557	1.0000000E-015
19.558	1.0000000E-015
19.559	1.0000000E-015
19.56	1.0000000E-015
19.561	1.0000000E-015
19.562	1.0000000E-015
19.563	1.0000000E-015
19.564	1.0000000E-015
19.565	1.0000000E-015
19.566	1.0000000E-015
19.567	1.0000000E-015
19.568	1.0000000E-015
19.569	1.0000000E-015
19.57	1.0000000E-015
19.571	1.0000000E-015
19.572	1.0000000E-015
19.573	1.0000000E-015
19.574	1.0000000E-015
19.575	1.0000000E-015
19.576	1.0000000E-015
19.577	1.0000000E-015
19.578	1.0000000E-015
19.579	1.0000000E-015
19.58	1.0000000E-015
19.581	1.0000000E-015
19.582	1.0000000E-015
19.583	1.0000000E-015
19.584	1.0000000E-015
19.585	1.0000000E-015
19.586	1.0000000E-015
19.587	1.0000000E-015
19.588	1.0000000E-015
19.589	1.0000000E-015
19.59	1.0000000E-015
19.591	1.0000000E-015
19.592	1.0000000E-015
19.593	1.0000000E-015
19.594	1.0000000E-015
19.595	1.0000000E-015
19.596	1.0000000E-015
19.597	1.0000000E-015
19.598	1.0000000E-015
19.599	1.0000000E-015
19.6	1.0000000E-015
19.601	1.0000000E-015
19.602	1.0000000E-015
19.603	1.0000000E-015
19.604	1.0000000E-015
19.605	1.0000000E-015
19.606	1.0000000E-015
19.607	1.0000000E-015
19.608	1.0000000E-015
19.609	1.0000000E-015
19.61	1.0000000E-015
19.611	1.0000000E-015
19.612	1.0000000E-015
19.613	1.0000000E-015
19.614	1.0000000E-015
19.615	1.0000000E-015
19.616	1.0000000E-015
19.617	1.0000000E-015
19.618	1.0000000E-015
19.619	1.0000000E-015
19.62	1.0000000E-015
19.621	1.0000000E-015
19.622	1.0000000E-015
19.623	1.0000000E-015
19.624	1.0000000E-015
19.625	1.0000000E-015
19.626	1.0000000E-015
19.627	1.0000000E-015
19.628	1.0000000E-015
19.629	1.0000000E-015
19.63	1.0000000E-015
19.631	1.0000000E-015
19.632	1.0000000E-015
19.633	1.0000000E-015
19.634	1.0000000E-015
19.635	1.0000000E-015
19.636	1.0000000E-015
19.637	1.0000000E-015
19.638	1.0000000E-015
19.639	1.0000000E-015
19.64	1.0000000E-015
19.641	1.0000000E-015
19.642	1.0000000E-015
19.643	1.0000000E-015
19.644	1.0000000E-015
19.645	1.0000000E-015
19.646	1.0000000E-015
19.647	1.0000000E-015
19.648	1.0000000E-015
19.649	1.0000000E-015
19.65	1.0000000E-015
19.651	1.0000000E-015
19.652	1.0000000E-015
19.653	1.0000000E-015
19.654	1.0000000E-015
19.655	1.0000000E-015
19.656	1.0000000E-015
19.657	1.0000000E-015
19.658	1.0000000E-015
19.659	1.0000000E-015
19.66	1.0000000E-015
19.661	1.0000000E-015
19.662	1.0000000E-015
19.663	1.0000000E-015
19.664	1.0000000E-015
19.665	1.0000000E-015
19.666	1.0000000E-015
19.667	1.0000000E-015
19.668	1.0000000E-015
19.669	1.0000000E-015
19.67	1.0000000E-015
19.671	1.0000000E-015
19.672	1.0000000E-015
19.673	1.0000000E-015
19.674	1.0000000E-015
19.675	1.0000000E-015
19.676	1.0000000E-015
19.677	1.0000000E-015
19.678	1.0000000E-015
19.679	1.0000000E-015
19.68	1.0000000E-015
19.681	1.0000000E-015
19.682	1.0000000E-015
19.683	1.0000000E-015
19.684	1.0000000E-015
19.685	1.0000000E-015
19.686	1.0000000E-015
19.687	1.0000000E-015
19.688	1.0000000E-015
19.689	1.0000000E-015
19.69	1.0000000E-015
19.691	1.0000000E-015
19.692	1.0000000E-015
19.693	1.0000000E-015
19.694	1.0000000E-015
19.695	1.0000000E-015
19.696	1.0000000E-015
19.697	1.0000000E-015
19.698	1.0000000E-015
19.699	1.0000000E-015
19.7	1.0000000E-015
19.701	1.0000000E-015
19.702	1.0000000E-015
19.703	1.0000000E-015
19.704	1.0000000E-015
19.705	1.0000000E-015
19.706	1.0000000E-015
19.707	1.0000000E-015
19.708	1.0000000E-015
19.709	1.0000000E-015
19.71	1.0000000E-015
19.711	1.0000000E-015
19.712	1.0000000E-015
19.713	1.0000000E-015
19.714	1.0000000E-015
19.715	1.0000000E-015
19.716	1.0000000E-015
19.717	1.0000000E-015
19.718	1.0000000E-015
19.719	1.0000000E-015
19.72	1.0000000E-015
19.721	1.0000000E-015
19.722	1.0000000E-015
19.723	1.0000000E-015
19.724	1.0000000E-015
19.725	1.0000000E-015
19.726	1.0000000E-015
19.727	1.0000000E-015
19.728	1.0000000E-015
19.729	1.0000000E-015
19.73	1.0000000E-015
19.731	1.0000000E-015
19.732	1.0000000E-015
19.733	1.0000000E-015
19.734	1.0000000E-015
19.735	1.0000000E-015
19.736	1.0000000E-015
19.737	1.0000000E-015
19.738	1.0000000E-015
19.739	1.0000000E-015
19.74	1.0000000E-015
19.741	1.0000000E-015
19.742	1.0000000E-015
19.743	1.0000000E-015
19.744	1.0000000E-015
19.745	1.0000000E-015
19.746	1.0000000E-015
19.747	1.0000000E-015
19.748	1.0000000E-015
19.749	1.0000000E-015
19.75	1.0000000E-015
19.751	1.0000000E-015
19.752	1.0000000E-015
19.753	1.0000000E-015
19.754	1.0000000E-015
19.755	1.0000000E-015
19.756	1.0000000E-015
19.757	1.0000000E-015
19.758	1.0000000E-015
19.759	1.0000000E-015
19.76	1.0000000E-015
19.761	1.0000000E-015
19.762	1.0000000E-015
19.763	1.0000000E-015
19.764	1.0000000E-015
19.765	1.0000000E-015
19.766	1.0000000E-015
19.767	1.0000000E-015
19.768	1.0000000E-015
19.769	1.0000000E-015
19.77	1.0000000E-015
19.771	1.0000000E-015
19.772	1.0000000E-015
19.773	1.0000000E-015
19.774	1.0000000E-015
19.775	1.0000000E-015
19.776	1.0000000E-015
19.777	1.0000000E-015
19.778	1.0000000E-015
19.779	1.0000000E-015
19.78	1.0000000E-015
19.781	1.0000000E-015
19.782	1.0000000E-015
19.783	1.0000000E-015
19.784	1.0000000E-015
19.785	1.0000000E-015
19.786	1.0000000E-015
19.787	1.0000000E-015
19.788	1.0000000E-015
19.789	1.0000000E-015
19.79	1.0000000E-015
19.791	1.0000000E-015
19.792	1.0000000E-015
19.793	1.0000000E-015
19.794	1.0000000E-015
19.795	1.0000000E-015
19.796	1.0000000E-015
19.797	1.0000000E-015
19.798	1.0000000E-015
19.799	1.0000000E-015
19.8	1.0000000E-015
19.801	1.0000000E-015
19.802	1.0000000E-015
19.803	1.0000000E-015
19.804	1.0000000E-015
19.805	1.0000000E-015
19.806	1.0000000E-015
19.807	1.0000000E-015
19.808	1.0000000E-015
19.809	1.0000000E-015
19.81	1.0000000E-015
19.811	1.0000000E-015
19.812	1.0000000E-015
19.813	1.0000000E-015
19.814	1.0000000E-015
19.815	1.0000000E-015
19.816	1.0000000E-015
19.817	1.0000000E-015
19.818	1.0000000E-015
19.819	1.0000000E-015
19.82	1.0000000E-015
19.821	1.0000000E-015
19.822	1.0000000E-015
19.823	1.0000000E-015
19.824	1.0000000E-015
19.825	1.0000000E-015
19.826	1.0000000E-015
19.827	1.0000000E-015
19.828	1.0000000E-015
19.829	1.0000000E-015
19.83	1.0000000E-015
19.831	1.0000000E-015
19.832	1.0000000E-015
19.833	1.0000000E-015
19.834	1.0000000E-015
19.835	1.0000000E-015
19.836	1.0000000E-015
19.837	1.0000000E-015
19.838	1.0000000E-015
19.839	1.0000000E-015
19.84	1.0000000E-015
19.841	1.0000000E-015
19.842	1.0000000E-015
19.843	1.0000000E-015
19.844	1.0000000E-015
19.845	1.0000000E-015
19.846	1.0000000E-015
19.847	1.0000000E-015
19.848	1.0000000E-015
19.849	1.0000000E-015
19.85	1.0000000E-015
19.851	1.0000000E-015
19.852	1.0000000E-015
19.853	1.0000000E-015
19.854	1.0000000E-015
19.855	1.0000000E-015
19.856	1.0000000E-015
19.857	1.0000000E-015
19.858	1.0000000E-015
19.859	1.0000000E-015
19.86	1.0000000E-015
19.861	1.0000000E-015
19.862	1.0000000E-015
19.863	1.0000000E-015
19.864	1.0000000E-015
19.865	1.0000000E-015
19.866	1.0000000E-015
19.867	1.0000000E-015
19.868	1.0000000E-015
19.869	1.0000000E-015
19.87	1.0000000E-015
19.871	1.0000000E-015
19.872	1.0000000E-015
19.873	1.0000000E-015
19.874	1.0000000E-015
19.875	1.0000000E-015
19.876	1.0000000E-015
19.877	1.0000000E-015
19.878	1.0000000E-015
19.879	1.0000000E-015
19.88	1.0000000E-015
19.881	1.0000000E-015
19.882	1.0000000E-015
19.883	1.0000000E-015
19.884	1.0000000E-015
19.885	1.0000000E-015
19.886	1.0000000E-015
19.887	1.0000000E-015
19.888	1.0000000E-015
19.889	1.0000000E-015
19.89	1.0000000E-015
19.891	1.0000000E-015
19.892	1.0000000E-015
19.893	1.0000000E-015
19.894	1.0000000E-015
19.895	1.0000000E-015
19.896	1.0000000E-015
19.897	1.0000000E-015
19.898	1.0000000E-015
19.899	1.0000000E-015
19.9	1.0000000E-015
19.901	1.0000000E-015
19.902	1.0000000E-015
19.903	1.0000000E-015
19.904	1.0000000E-015
19.905	1.0000000E-015
19.906	1.0000000E-015
19.907	1.0000000E-015
19.908	1.0000000E-015
19.909	1.0000000E-015
19.91	1.0000000E-015
19.911	1.0000000E-015
19.912	1.0000000E-015
19.913	1.0000000E-015
19.914	1.0000000E-015
19.915	1.0000000E-015
19.916	1.0000000E-015
19.917	1.0000000E-015
19.918	1.0000000E-015
19.919	1.0000000E-015
19.92	1.0000000E-015
19.921	1.0000000E-015
19.922	1.0000000E-015
19.923	1.0000000E-015
19.924	1.0000000E-015
19.925	1.0000000E-015
19.926	1.0000000E-015
19.927	1.0000000E-015
19.928	1.0000000E-015
19.929	1.0000000E-015
19.93	1.0000000E-015
19.931	1.0000000E-015
19.932	1.0000000E-015
19.933	1.0000000E-015
19.934	1.0000000E-015
19.935	1.0000000E-015
19.936	1.0000000E-015
19.937	1.0000000E-015
19.938	1.0000000E-015
19.939	1.0000000E-015
19.94	1.0000000E-015
19.941	1.0000000E-015
19.942	1.0000000E-015
19.943	1.0000000E-015
19.944	1.0000000E-015
19.945	1.0000000E-015
19.946	1.0000000E-015
19.947	1.0000000E-015
19.948	1.0000000E-015
19.949	1.0000000E-015
19.95	1.0000000E-015
19.951	1.0000000E-015
19.952	1.0000000E-015
19.953	1.0000000E-015
19.954	1.0000000E-015
19.955	1.0000000E-015
19.956	1.0000000E-015
19.957	1.0000000E-015
19.958	1.0000000E-015
19.959	1.0000000E-015
19.96	1.0000000E-015
19.961	1.0000000E-015
19.962	1.0000000E-015
19.963	1.0000000E-015
19.964	1.0000000E-015
19.965	1.0000000E-015
19.966	1.0000000E-015
19.967	1.0000000E-015
19.968	1.0000000E-015
19.969	1.0000000E-015
19.97	1.0000000E-015
19.971	1.0000000E-015
19.972	1.0000000E-015
19.973	1.0000000E-015
19.974	1.0000000E-015
19.975	1.0000000E-015
19.976	1.0000000E-015
19.977	1.0000000E-015
19.978	1.0000000E-015
19.979	1.0000000E-015
19.98	1.0000000E-015
19.981	1.0000000E-015
19.982	1.0000000E-015
19.983	1.0000000E-015
19.984	1.0000000E-015
19.985	1.0000000E-015
19.986	1.0000000E-015
19.987	1.0000000E-015
19.988	1.0000000E-015
19.989	1.0000000E-015
19.99	1.0000000E-015
19.991	1.0000000E-015
19.992	1.0000000E-015
19.993	1.0000000E-015
19.994	1.0000000E-015
19.995	1.0000000E-015
19.996	1.0000000E-015
19.997	1.0000000E-015
19.998	1.0000000E-015
19.999	1.0000000E-015
20	1.0000000E-015
