theta_deg	R
0.001	9.9995983E-001
0.001749958	9.9993277E-001
0.002499917	9.9991500E-001
0.003249875	9.9988830E-001
0.003999833	9.9986148E-001
0.004749792	9.9983466E-001
0.00549975	9.9980772E-001
0.006249708	9.9978077E-001
0.006999667	9.9976301E-001
0.007749625	9.9973607E-001
0.008499583	9.9970925E-001
0.009249542	9.9968243E-001
0.0099995	9.9965537E-001
0.01074946	9.9962848E-001
0.01149942	9.9961072E-001
0.01224937	9.9958402E-001
0.01299933	9.9955720E-001
0.01374929	9.9953038E-001
0.01449925	9.9190885E-001
0.01524921	9.9188250E-001
0.01599917	9.9185604E-001
0.01674912	9.9182928E-001
0.01749908	9.9180305E-001
0.01824904	9.9178511E-001
0.018999	9.9175864E-001
0.01974896	9.9173188E-001
0.02049892	9.9170578E-001
0.02124888	9.9167913E-001
0.02199883	9.9165279E-001
0.02274879	9.9163496E-001
0.02349875	9.9160862E-001
0.02424871	9.8841101E-001
0.02499867	9.8839343E-001
0.02574863	9.8836714E-001
0.02649858	9.8834068E-001
0.02724854	9.8831445E-001
0.0279985	9.8828816E-001
0.02874846	9.8827052E-001
0.02949842	9.8824430E-001
0.03024838	9.8821759E-001
0.03099833	9.8819155E-001
0.03174829	9.8572069E-001
0.03249825	9.8569429E-001
0.03324821	9.8566818E-001
0.03399817	9.8564190E-001
0.03474813	9.8562443E-001
0.03549808	9.8559839E-001
0.03624804	9.8557216E-001
0.036998	9.8554558E-001
0.03774796	9.8344237E-001
0.03849792	9.8341620E-001
0.03924787	9.8339909E-001
0.03999783	9.8337293E-001
0.04074779	9.8334628E-001
0.04149775	9.8332042E-001
0.04224771	9.8144847E-001
0.04299767	9.8142225E-001
0.04374763	9.8140490E-001
0.04449758	9.8137909E-001
0.04524754	9.8135281E-001
0.0459975	9.8132652E-001
0.04674746	9.7961766E-001
0.04749742	9.7959167E-001
0.04824737	9.7957408E-001
0.04899733	9.7954804E-001
0.04974729	9.7952217E-001
0.05049725	9.7793424E-001
0.05124721	9.7791725E-001
0.05199717	9.7789133E-001
0.05274712	9.7786522E-001
0.05349708	9.7783935E-001
0.05424704	9.7634643E-001
0.054997	9.7632921E-001
0.05574696	9.7630304E-001
0.05649691	9.7627729E-001
0.05724688	9.7625118E-001
0.05799683	9.7484410E-001
0.05874679	9.7481817E-001
0.05949675	9.7479218E-001
0.06024671	9.7476608E-001
0.06099667	9.7342187E-001
0.06174662	9.7339600E-001
0.06249658	9.7337002E-001
0.06324654	9.7335291E-001
0.0639965	9.7332686E-001
0.06474645	9.7202688E-001
0.06549641	9.7200984E-001
0.06624638	9.7198409E-001
0.06699634	9.7195792E-001
0.06774629	9.7071201E-001
0.06849625	9.7068650E-001
0.06924621	9.7066069E-001
0.06999616	9.6945339E-001
0.07074612	9.6942765E-001
0.07149608	9.6940190E-001
0.07224604	9.6938479E-001
0.072996	9.6820349E-001
0.07374596	9.6818638E-001
0.07449592	9.6816051E-001
0.07524587	9.6813476E-001
0.07599583	9.6699148E-001
0.07674579	9.6696591E-001
0.07749575	9.6694893E-001
0.07824571	9.6582365E-001
0.07899567	9.6580654E-001
0.07974563	9.6578079E-001
0.08049558	9.6468788E-001
0.08124554	9.6466213E-001
0.0819955	9.6463662E-001
0.08274546	9.6461982E-001
0.08349542	9.6353209E-001
0.08424538	9.6351546E-001
0.08499533	9.6348935E-001
0.08574529	9.6243656E-001
0.08649525	9.6241939E-001
0.08724521	9.6239376E-001
0.08799516	9.6135807E-001
0.08874512	9.6133226E-001
0.08949509	9.6131516E-001
0.09024504	9.6028703E-001
0.090995	9.6026176E-001
0.09174496	9.5925480E-001
0.09249491	9.5922887E-001
0.09324487	9.5921195E-001
0.09399483	9.5821828E-001
0.09474479	9.5819271E-001
0.09549475	9.5817590E-001
0.09624471	9.5718545E-001
0.09699467	9.5715982E-001
0.09774462	9.5714271E-001
0.09849458	9.5617110E-001
0.09924454	9.5615405E-001
0.0999945	9.5518339E-001
0.1007445	9.5515770E-001
0.1014944	9.5514113E-001
0.1022444	9.5418763E-001
0.1029943	9.5416182E-001
0.1037443	9.5321655E-001
0.1044943	9.5319080E-001
0.1052442	9.5317405E-001
0.1059942	9.5223576E-001
0.1067441	9.5221865E-001
0.1074941	9.5127821E-001
0.108244	9.5126152E-001
0.108994	9.5123577E-001
0.109744	9.5031887E-001
0.1104939	9.5029336E-001
0.1112439	9.4937295E-001
0.1119938	9.4935596E-001
0.1127438	9.4933057E-001
0.1134937	9.4841492E-001
0.1142437	9.4838923E-001
0.1149937	9.4748747E-001
0.1157436	9.4747061E-001
0.1164936	9.4656420E-001
0.1172435	9.4654733E-001
0.1179935	9.4564408E-001
0.1187435	9.4561845E-001
0.1194934	9.4560152E-001
0.1202434	9.4470114E-001
0.1209933	9.4467527E-001
0.1217433	9.4378781E-001
0.1224933	9.4377106E-001
0.1232432	9.4287586E-001
0.1239932	9.4285893E-001
0.1247431	9.4196594E-001
0.1254931	9.4194037E-001
0.126243	9.4104886E-001
0.126993	9.4103211E-001
0.127743	9.4014233E-001
0.1284929	9.4012523E-001
0.1292429	9.3923706E-001
0.1299928	9.3922025E-001
0.1307428	9.3833286E-001
0.1314927	9.3831611E-001
0.1322427	9.3742919E-001
0.1329927	9.3741250E-001
0.1337426	9.3652636E-001
0.1344926	9.3650955E-001
0.1352425	9.3562376E-001
0.1359925	9.3560684E-001
0.1367425	9.3472970E-001
0.1374924	9.3470359E-001
0.1382424	9.3382692E-001
0.1389923	9.3380988E-001
0.1397423	9.3292367E-001
0.1404922	9.3290710E-001
0.1412422	9.3201673E-001
0.1419922	9.3113810E-001
0.1427421	9.3112117E-001
0.1434921	9.3023258E-001
0.144242	9.3021542E-001
0.144992	9.2934746E-001
0.145742	9.2933059E-001
0.1464919	9.2843598E-001
0.1472419	9.2841911E-001
0.1479918	9.2753589E-001
0.1487418	9.2665124E-001
0.1494917	9.2663419E-001
0.1502417	9.2573398E-001
0.1509917	9.2571670E-001
0.1517416	9.2482853E-001
0.1524916	9.2481130E-001
0.1532415	9.2390651E-001
0.1539915	9.2302316E-001
0.1547415	9.2300600E-001
0.1554914	9.2209655E-001
0.1562414	9.2207885E-001
0.1569913	9.2119026E-001
0.1577413	9.2027533E-001
0.1584913	9.2025822E-001
0.1592412	9.1936409E-001
0.1599912	9.1934651E-001
0.1607411	9.1843498E-001
0.1614911	9.1751045E-001
0.162241	9.1749275E-001
0.162991	9.1658902E-001
0.163741	9.1566706E-001
0.1644909	9.1564965E-001
0.1652409	9.1472340E-001
0.1659908	9.1471547E-001
0.1667408	9.1380095E-001
0.1674908	9.1286707E-001
0.1682407	9.1284961E-001
0.1689907	9.1191137E-001
0.1697406	9.1097850E-001
0.1704906	9.1096121E-001
0.1712405	9.1001403E-001
0.1719905	9.0907228E-001
0.1727405	9.0905428E-001
0.1734904	9.0810800E-001
0.1742404	9.0715599E-001
0.1749903	9.0713829E-001
0.1757403	9.0619797E-001
0.1764902	9.0523642E-001
0.1772402	9.0521795E-001
0.1779902	9.0423447E-001
0.1787401	9.0326208E-001
0.1794901	9.0325367E-001
0.18024	9.0227556E-001
0.18099	9.0127409E-001
0.18174	9.0126574E-001
0.1824899	9.0027601E-001
0.1832399	8.9928955E-001
0.1839898	8.9827937E-001
0.1847398	8.9826083E-001
0.1854897	8.9726156E-001
0.1862397	8.9623815E-001
0.1869897	8.9622939E-001
0.1877396	8.9521700E-001
0.1884896	8.9417988E-001
0.1892395	8.9313453E-001
0.1899895	8.9312541E-001
0.1907395	8.9210290E-001
0.1914894	8.9106083E-001
0.1922394	8.9105183E-001
0.1929893	8.8999397E-001
0.1937393	8.8892853E-001
0.1944893	8.8785505E-001
0.1952392	8.8784611E-001
0.1959892	8.8676411E-001
0.1967391	8.8568419E-001
0.1974891	8.8459480E-001
0.198239	8.8458598E-001
0.198989	8.8350707E-001
0.1997389	8.8239998E-001
0.2004889	8.8129491E-001
0.2012389	8.8128513E-001
0.2019888	8.8017076E-001
0.2027388	8.7904620E-001
0.2034888	8.7788957E-001
0.2042387	8.7675595E-001
0.2049887	8.7674558E-001
0.2057386	8.7560111E-001
0.2064886	8.7443835E-001
0.2072385	8.7328452E-001
0.2079885	8.7213308E-001
0.2087385	8.7212098E-001
0.2094884	8.7093544E-001
0.2102384	8.6977404E-001
0.2109883	8.6859870E-001
0.2117383	8.6742365E-001
0.2124882	8.6740941E-001
0.2132382	8.6623645E-001
0.2139882	8.6508727E-001
0.2147381	8.6393917E-001
0.2154881	8.6280268E-001
0.216238	8.6278141E-001
0.216988	8.6165029E-001
0.217738	8.6019588E-001
0.2184879	8.3227229E-001
0.2192379	8.3714557E-001
0.2199878	8.4181142E-001
0.2207378	8.4321320E-001
0.2214877	8.4318525E-001
0.2222377	8.4348875E-001
0.2229877	8.4319502E-001
0.2237376	8.4260571E-001
0.2244876	8.4180737E-001
0.2252375	8.4085882E-001
0.2259875	8.3978987E-001
0.2267375	8.3976442E-001
0.2274874	8.3861911E-001
0.2282374	8.3743674E-001
0.2289873	8.3614957E-001
0.2297373	8.3480191E-001
0.2304872	8.3344001E-001
0.2312372	8.3199972E-001
0.2319872	8.3056962E-001
0.2327371	8.3055049E-001
0.2334871	8.2905948E-001
0.234237	8.2749104E-001
0.234987	8.2592928E-001
0.235737	8.2430828E-001
0.2364869	8.2269347E-001
0.2372369	8.2103604E-001
0.2379868	8.1931269E-001
0.2387368	8.1759280E-001
0.2394868	8.1580818E-001
0.2402367	8.1579673E-001
0.2409867	8.1405115E-001
0.2417366	8.1221205E-001
0.2424866	8.1032509E-001
0.2432365	8.0842859E-001
0.2439865	8.0651891E-001
0.2447365	8.0454075E-001
0.2454864	8.0254567E-001
0.2462364	8.0047512E-001
0.2469863	7.9842192E-001
0.2477363	7.9633641E-001
0.2484863	7.9419148E-001
0.2492362	7.9198110E-001
0.2499862	7.8973693E-001
0.2507361	7.8748339E-001
0.2514861	7.8514642E-001
0.252236	7.8277379E-001
0.252986	7.8039646E-001
0.253736	7.7793741E-001
0.2544859	7.7793491E-001
0.2552359	7.7545762E-001
0.2559858	7.7291900E-001
0.2567358	7.7030790E-001
0.2574857	7.6763994E-001
0.2582357	7.6497000E-001
0.2589857	7.6222855E-001
0.2597356	7.5937635E-001
0.2604856	7.5648189E-001
0.2612355	7.5356591E-001
0.2619855	7.5055134E-001
0.2627355	7.4746829E-001
0.2634854	7.4432439E-001
0.2642354	7.4114060E-001
0.2649853	7.3786920E-001
0.2657353	7.3451257E-001
0.2664852	7.3103309E-001
0.2672352	7.2755623E-001
0.2679852	7.2025853E-001
0.2687351	7.1645403E-001
0.2694851	7.1256018E-001
0.270235	7.0860213E-001
0.270985	7.0452148E-001
0.271735	7.0031840E-001
0.2724849	6.9605964E-001
0.2732349	6.9160974E-001
0.2739848	6.8708855E-001
0.2747348	6.8243378E-001
0.2754847	6.7762113E-001
0.2762347	6.7272073E-001
0.2769847	6.6763628E-001
0.2777346	6.6241342E-001
0.2784846	6.5704668E-001
0.2792345	6.5157944E-001
0.2799845	6.4589870E-001
0.2807344	6.4002126E-001
0.2814844	6.3402164E-001
0.2822344	6.2145674E-001
0.2829843	6.1488926E-001
0.2837343	6.0817266E-001
0.2844842	6.0119665E-001
0.2852342	5.9405565E-001
0.2859842	5.8676225E-001
0.2867341	5.7921368E-001
0.2874841	5.7145703E-001
0.288234	5.6355226E-001
0.288984	5.5542290E-001
0.2897339	5.3865564E-001
0.2904839	5.3002286E-001
0.2912339	5.2123564E-001
0.2919838	5.1229316E-001
0.2927338	5.0326461E-001
0.2934837	4.9410897E-001
0.2942337	4.8487100E-001
0.2949837	4.7561198E-001
0.2957336	4.6627733E-001
0.2964836	4.4761586E-001
0.2972336	4.3833944E-001
0.2979835	4.2910656E-001
0.2987334	4.1994622E-001
0.2994834	4.1086361E-001
0.3002334	4.0191573E-001
0.3009833	3.9308611E-001
0.3017333	3.7590873E-001
0.3024833	3.6757347E-001
0.3032332	3.5940659E-001
0.3039832	3.5146061E-001
0.3047331	3.4373340E-001
0.3054831	3.3622232E-001
0.306233	3.2192010E-001
0.306983	3.1512171E-001
0.307733	3.0857107E-001
0.3084829	3.0223590E-001
0.3092329	2.9613605E-001
0.3099828	2.8451428E-001
0.3107328	2.7896160E-001
0.3114828	2.7355886E-001
0.3122327	2.6828203E-001
0.3129827	2.6311499E-001
0.3137326	2.5302735E-001
0.3144826	2.4809980E-001
0.3152325	2.4323642E-001
0.3159825	2.3844188E-001
0.3167325	2.3371930E-001
0.3174824	2.2453797E-001
0.3182324	2.2010380E-001
0.3189823	2.1579739E-001
0.3197323	2.1163300E-001
0.3204823	2.0762852E-001
0.3212322	2.0014067E-001
0.3219822	1.9668366E-001
0.3227321	1.9342498E-001
0.3234821	1.9036381E-001
0.324232	1.8480183E-001
0.324982	1.8228975E-001
0.325732	1.7993641E-001
0.3264819	1.7773710E-001
0.3272319	1.7343290E-001
0.3279818	1.7128697E-001
0.3287318	1.6919757E-001
0.3294818	1.6713634E-001
0.3302317	1.6297118E-001
0.3309817	1.6084601E-001
0.3317316	1.5867451E-001
0.3324816	1.5643927E-001
0.3332315	1.5178929E-001
0.3339815	1.4937192E-001
0.3347315	1.4690965E-001
0.3354814	1.4186667E-001
0.3362314	1.3932438E-001
0.3369813	1.3678159E-001
0.3377313	1.3426331E-001
0.3384812	1.2935631E-001
0.3392312	1.2701252E-001
0.3399812	1.2475644E-001
0.3407311	1.2057526E-001
0.3414811	1.1867588E-001
0.342231	1.1691432E-001
0.342981	1.1381431E-001
0.343731	1.1248495E-001
0.3444809	1.1129174E-001
0.3452309	1.0928974E-001
0.3459808	1.0846220E-001
0.3467308	1.0773510E-001
0.3474807	1.0651132E-001
0.3482307	1.0598481E-001
0.3489807	1.0549150E-001
0.3497306	1.0453609E-001
0.3504806	1.0404275E-001
0.3512305	1.0352026E-001
0.3519805	1.0233103E-001
0.3527305	1.0164469E-001
0.3534804	1.0088207E-001
0.3542304	9.9123023E-002
0.3549803	9.8119676E-002
0.3557303	9.7031236E-002
0.3564802	9.4611272E-002
0.3572302	9.3298003E-002
0.3579802	9.1912918E-002
0.3587301	8.8996425E-002
0.3594801	8.7478928E-002
0.36023	8.4387690E-002
0.36098	8.2845010E-002
0.3617299	8.1310272E-002
0.3624799	7.8332663E-002
0.3632299	7.6915875E-002
0.3639798	7.4266925E-002
0.3647298	7.3056348E-002
0.3654797	7.1932688E-002
0.3662297	6.9956884E-002
0.3669797	6.9116503E-002
0.3677296	6.7725651E-002
0.3684796	6.7179210E-002
0.3692295	6.6727087E-002
0.3699795	6.6083364E-002
0.3707294	6.5880373E-002
0.3714794	6.5673433E-002
0.3722294	6.5652326E-002
0.3729793	6.5672711E-002
0.3737293	6.5794878E-002
0.3744792	6.5880641E-002
0.3752292	6.6043705E-002
0.3759792	6.6103503E-002
0.3767291	6.6136569E-002
0.3774791	6.6093273E-002
0.3782291	6.5861389E-002
0.378979	6.5657906E-002
0.3797289	6.5394782E-002
0.3804789	6.4675003E-002
0.3812289	6.4212978E-002
0.3819788	6.3093029E-002
0.3827288	6.2437456E-002
0.3834788	6.0950752E-002
0.3842287	6.0125194E-002
0.3849787	5.8339480E-002
0.3857286	5.7394262E-002
0.3864786	5.5416279E-002
0.3872285	5.4401450E-002
0.3879785	5.2359063E-002
0.3887285	5.1346827E-002
0.3894784	4.9366236E-002
0.3902284	4.8414465E-002
0.3909783	4.6615381E-002
0.3917283	4.5781359E-002
0.3924783	4.4270433E-002
0.3932282	4.3598488E-002
0.3939781	4.2437132E-002
0.3947281	4.1961219E-002
0.3954781	4.1186325E-002
0.396228	4.0899578E-002
0.396978	4.0520374E-002
0.397728	4.0414724E-002
0.3984779	4.0377572E-002
0.3992279	4.0433474E-002
0.3999778	4.0668841E-002
0.4007278	4.0839586E-002
0.4014778	4.1261353E-002
0.4022277	4.1499723E-002
0.4029777	4.2004611E-002
0.4037276	4.2506255E-002
0.4044776	4.2741351E-002
0.4052275	4.3158602E-002
0.4059775	4.3328796E-002
0.4067275	4.3576512E-002
0.4074774	4.3644667E-002
0.4082274	4.3657873E-002
0.4089773	4.3596644E-002
0.4097273	4.3337319E-002
0.4104773	4.2885356E-002
0.4112272	4.2586610E-002
0.4119772	4.1851558E-002
0.4127271	4.1417688E-002
0.4134771	4.0427782E-002
0.414227	3.9876387E-002
0.414977	3.8680941E-002
0.415727	3.7383191E-002
0.4164769	3.6704946E-002
0.4172269	3.5314739E-002
0.4179768	3.4612320E-002
0.4187268	3.3207752E-002
0.4194767	3.1836826E-002
0.4202267	3.1173524E-002
0.4209767	2.9917775E-002
0.4217266	2.9331949E-002
0.4224766	2.8251627E-002
0.4232265	2.7325049E-002
0.4239765	2.6918514E-002
0.4247265	2.6237998E-002
0.4254764	2.5740562E-002
0.4262264	2.5556332E-002
0.4269763	2.5327614E-002
0.4277263	2.5278358E-002
0.4284762	2.5305262E-002
0.4292262	2.5485806E-002
0.4299762	2.5625352E-002
0.4307261	2.5998596E-002
0.4314761	2.6469735E-002
0.432226	2.6732907E-002
0.432976	2.7302064E-002
0.433726	2.7899565E-002
0.4344759	2.8199438E-002
0.4352259	2.8787805E-002
0.4359758	2.9336214E-002
0.4367258	2.9586129E-002
0.4374757	3.0030455E-002
0.4382257	3.0377472E-002
0.4389757	3.0508179E-002
0.4397256	3.0681048E-002
0.4404756	3.0723708E-002
0.4412255	3.0691309E-002
0.4419755	3.0527899E-002
0.4427254	3.0223906E-002
0.4434754	2.9783564E-002
0.4442254	2.9514246E-002
0.4449753	2.8886549E-002
0.4457253	2.8148411E-002
0.4464752	2.7741700E-002
0.4472252	2.6867179E-002
0.4479752	2.5924865E-002
0.4487251	2.4935743E-002
0.4494751	2.4429014E-002
0.450225	2.3409653E-002
0.450975	2.2396337E-002
0.4517249	2.1898773E-002
0.4524749	2.0936377E-002
0.4532249	2.0030793E-002
0.4539748	1.9201640E-002
0.4547248	1.8820383E-002
0.4554747	1.8132640E-002
0.4562247	1.7554663E-002
0.4569747	1.7095610E-002
0.4577246	1.6910784E-002
0.4584746	1.6635858E-002
0.4592246	1.6489187E-002
0.4599745	1.6460754E-002
0.4607244	1.6492544E-002
0.4614744	1.6637424E-002
0.4622244	1.6886365E-002
0.4629743	1.7224995E-002
0.4637243	1.7640522E-002
0.4644742	1.7872272E-002
0.4652242	1.8372789E-002
0.4659742	1.8909158E-002
0.4667241	1.9462779E-002
0.4674741	1.9739874E-002
0.468224	2.0288007E-002
0.468974	2.0810902E-002
0.4697239	2.1293037E-002
0.4704739	2.1720074E-002
0.4712239	2.1908257E-002
0.4719738	2.2229876E-002
0.4727238	2.2469886E-002
0.4734738	2.2618312E-002
0.4742237	2.2670617E-002
0.4749736	2.2658218E-002
0.4757236	2.2563651E-002
0.4764736	2.2368660E-002
0.4772235	2.2077439E-002
0.4779735	2.1694414E-002
0.4787235	2.1224948E-002
0.4794734	2.0960821E-002
0.4802234	2.0380132E-002
0.4809733	1.9738089E-002
0.4817233	1.9045772E-002
0.4824733	1.8316785E-002
0.4832232	1.7563498E-002
0.4839732	1.6799906E-002
0.4847231	1.6417526E-002
0.4854731	1.5664287E-002
0.486223	1.4934197E-002
0.486973	1.4238793E-002
0.487723	1.3590909E-002
0.4884729	1.3001742E-002
0.4892229	1.2479029E-002
0.4899728	1.2246149E-002
0.4907228	1.1837749E-002
0.4914728	1.1513242E-002
0.4922227	1.1273451E-002
0.4929727	1.1125047E-002
0.4937226	1.1062644E-002
0.4944726	1.1087640E-002
0.4952225	1.1195060E-002
0.4959725	1.1378511E-002
0.4967225	1.1497634E-002
0.4974724	1.1783808E-002
0.4982224	1.2130576E-002
0.4989723	1.2524490E-002
0.4997223	1.2957563E-002
0.5004722	1.3419030E-002
0.5012222	1.3896797E-002
0.5019721	1.4380571E-002
0.5027221	1.4858951E-002
0.5034721	1.5321120E-002
0.504222	1.5757358E-002
0.504972	1.6158028E-002
0.5057219	1.6513847E-002
0.5064719	1.6672287E-002
0.5072219	1.6948372E-002
0.5079718	1.7162161E-002
0.5087218	1.7310372E-002
0.5094718	1.7389750E-002
0.5102217	1.7397998E-002
0.5109717	1.7333386E-002
0.5117216	1.7197981E-002
0.5124716	1.6991559E-002
0.5132216	1.6718842E-002
0.5139715	1.6382828E-002
0.5147215	1.5988810E-002
0.5154714	1.5543727E-002
0.5162213	1.5053795E-002
0.5169713	1.4526956E-002
0.5177213	1.3970992E-002
0.5184712	1.3394307E-002
0.5192212	1.2806178E-002
0.5199711	1.2215342E-002
0.5207211	1.1630294E-002
0.5214711	1.1059719E-002
0.522221	1.0512504E-002
0.522971	9.9960640E-003
0.523721	9.5175300E-003
0.5244709	9.0834638E-003
0.5252209	8.6992756E-003
0.5259708	8.3703203E-003
0.5267208	8.1008291E-003
0.5274708	7.8921868E-003
0.5282207	7.7490862E-003
0.5289707	7.6684388E-003
0.5297206	7.6521952E-003
0.5304706	7.6980786E-003
0.5312206	7.8053148E-003
0.5319705	7.9693208E-003
0.5327204	8.1848679E-003
0.5334704	8.4490981E-003
0.5342204	8.7554362E-003
0.5349703	9.0975799E-003
0.5357203	9.4687473E-003
0.5364702	9.8627275E-003
0.5372202	1.0271490E-002
0.5379702	1.0896759E-002
0.5387201	1.1310502E-002
0.5394701	1.1713525E-002
0.54022	1.2099289E-002
0.54097	1.2460948E-002
0.54172	1.2792626E-002
0.5424699	1.3089363E-002
0.5432199	1.3344957E-002
0.5439698	1.3556453E-002
0.5447198	1.3719648E-002
0.5454698	1.3832264E-002
0.5462197	1.3892450E-002
0.5469697	1.3899005E-002
0.5477196	1.3809053E-002
0.5484696	1.3681355E-002
0.5492195	1.3502939E-002
0.5499695	1.3276081E-002
0.5507194	1.3002149E-002
0.5514694	1.2685901E-002
0.5522194	1.2331449E-002
0.5529693	1.1943584E-002
0.5537193	1.1527256E-002
0.5544692	1.0861903E-002
0.5552192	1.0398849E-002
0.5559692	9.9273035E-003
0.5567191	9.4536608E-003
0.5574691	8.9834332E-003
0.558219	8.5230302E-003
0.558969	8.0774389E-003
0.559719	7.4503492E-003
0.5604689	7.0674652E-003
0.5612189	6.7159254E-003
0.5619688	6.4019272E-003
0.5627188	6.1283051E-003
0.5634688	5.8988282E-003
0.5642187	5.7139490E-003
0.5649686	5.5258973E-003
0.5657186	5.4606046E-003
0.5664686	5.4437537E-003
0.5672185	5.4756454E-003
0.5679685	5.5539971E-003
0.5687184	5.6761713E-003
0.5694684	5.9399884E-003
0.5702184	6.1625978E-003
0.5709683	6.4190561E-003
0.5717183	6.7052785E-003
0.5724682	7.0167906E-003
0.5732182	7.5216168E-003
0.5739682	7.8753075E-003
0.5747181	8.2377382E-003
0.5754681	8.6027328E-003
0.576218	8.9656990E-003
0.576968	9.4955387E-003
0.577718	9.8314863E-003
0.5784679	1.0148985E-002
0.5792179	1.0442980E-002
0.5799679	1.0833051E-002
0.5807178	1.1053725E-002
0.5814677	1.1239170E-002
0.5822177	1.1386932E-002
0.5829676	1.1495982E-002
0.5837176	1.1583828E-002
0.5844676	1.1589303E-002
0.5852175	1.1553539E-002
0.5859675	1.1476386E-002
0.5867174	1.1284677E-002
0.5874674	1.1108600E-002
0.5882174	1.0895028E-002
0.5889673	1.0648444E-002
0.5897173	1.0220947E-002
0.5904673	9.9022025E-003
0.5912172	9.5604043E-003
0.5919672	9.1993734E-003
0.5927171	8.6318702E-003
0.5934671	8.2417168E-003
0.5942171	7.8471955E-003
0.594967	7.2568734E-003
0.595717	6.8702204E-003
0.5964669	6.4940830E-003
0.5972168	6.1324323E-003
0.5979668	5.6255539E-003
0.5987168	5.3161839E-003
0.5994667	5.0337696E-003
0.6002167	4.6669617E-003
0.6009666	4.4628284E-003
0.6017166	4.2940252E-003
0.6024666	4.1614296E-003
0.6032165	4.0334826E-003
0.6039665	3.9959862E-003
0.6047165	3.9967890E-003
0.6054664	4.0691821E-003
0.6062164	4.1631977E-003
0.6069663	4.2913328E-003
0.6077163	4.5454027E-003
0.6084663	4.7522755E-003
0.6092162	4.9860175E-003
0.6099662	5.3809271E-003
0.6107161	5.6684767E-003
0.6114661	5.9716487E-003
0.6122161	6.4480919E-003
0.612966	6.7744046E-003
0.6137159	7.1034362E-003
0.6144659	7.5941375E-003
0.6152159	7.9134963E-003
0.6159658	8.3728936E-003
0.6167158	8.6605074E-003
0.6174657	8.9301420E-003
0.6182157	9.2941476E-003
0.6189657	9.5054442E-003
0.6197156	9.6893450E-003
0.6204656	9.9104121E-003
0.6212155	1.0018135E-002
0.6219655	1.0118293E-002
0.6227155	1.0142702E-002
0.6234654	1.0133224E-002
0.6242154	1.0055755E-002
0.6249653	9.9623520E-003
0.6257153	9.8366560E-003
0.6264653	9.5903184E-003
0.6272152	9.3906047E-003
0.6279652	9.0419156E-003
0.6287151	8.7791514E-003
0.6294651	8.4961075E-003
0.630215	8.0388784E-003
0.630965	7.7166199E-003
0.6317149	7.2147334E-003
0.6324649	6.8723499E-003
0.6332149	6.3556032E-003
0.6339648	6.0133906E-003
0.6347148	5.6770216E-003
0.6354647	5.1899687E-003
0.6362147	4.8811617E-003
0.6369647	4.4495575E-003
0.6377146	4.1864910E-003
0.6384646	3.8347377E-003
0.6392145	3.6318747E-003
0.6399645	3.3796364E-003
0.6407145	3.2478843E-003
0.6414644	3.1467124E-003
0.6422144	3.0540461E-003
0.6429643	3.0318683E-003
0.6437143	3.0582952E-003
0.6444643	3.1151415E-003
0.6452142	3.2580995E-003
0.6459641	3.3890251E-003
0.6467141	3.6372356E-003
0.6474641	3.8337253E-003
0.648214	4.1709114E-003
0.648964	4.4203261E-003
0.6497139	4.8254775E-003
0.6504639	5.1120939E-003
0.6512139	5.5603934E-003
0.6519638	5.8668288E-003
0.6527138	6.3313474E-003
0.6534637	6.6396021E-003
0.6542137	7.0930216E-003
0.6549637	7.3847915E-003
0.6557136	7.8009651E-003
0.6564636	8.0596553E-003
0.6572135	8.4150769E-003
0.6579635	8.6266352E-003
0.6587135	8.9008901E-003
0.6594634	9.0536783E-003
0.6602134	9.2321485E-003
0.6609634	9.3169343E-003
0.6617133	9.3898661E-003
0.6624632	9.4019622E-003
0.6632132	9.3662236E-003
0.6639631	9.3056262E-003
0.6647131	9.1619501E-003
0.6654631	8.9583695E-003
0.666213	8.7893987E-003
0.666963	8.4928330E-003
0.6677129	8.2675582E-003
0.6684629	7.8942329E-003
0.6692129	7.6236976E-003
0.6699628	7.1929162E-003
0.6707128	6.7387624E-003
0.6714627	6.4266101E-003
0.6722127	5.9515676E-003
0.6729627	5.6339083E-003
0.6737126	5.1628291E-003
0.6744626	4.8560663E-003
0.6752126	4.4132601E-003
0.6759625	3.9982237E-003
0.6767125	3.7405945E-003
0.6774624	3.3887720E-003
0.6782123	3.1793145E-003
0.6789623	2.9078645E-003
0.6797123	2.6920615E-003
0.6804622	2.5801822E-003
0.6812122	2.4640239E-003
0.6819621	2.4209961E-003
0.6827121	2.4100966E-003
0.6834621	2.4624367E-003
0.684212	2.5321029E-003
0.684962	2.6876458E-003
0.685712	2.9008640E-003
0.6864619	3.0732497E-003
0.6872119	3.3736124E-003
0.6879618	3.5989378E-003
0.6887118	3.9708442E-003
0.6894618	4.3764957E-003
0.6902117	4.6619470E-003
0.6909617	5.1075541E-003
0.6917116	5.5664731E-003
0.6924616	5.8755339E-003
0.6932116	6.3385195E-003
0.6939615	6.7928028E-003
0.6947114	7.0866211E-003
0.6954614	7.5097857E-003
0.6962114	7.9032788E-003
0.6969613	8.1457403E-003
0.6977113	8.4762005E-003
0.6984612	8.7609300E-003
0.6992112	8.9225946E-003
0.6999612	9.1212494E-003
0.7007111	9.2630582E-003
0.7014611	9.3249101E-003
0.702211	9.3680434E-003
0.702961	9.3505485E-003
0.703711	9.3045617E-003
0.7044609	9.1882357E-003
0.7052109	9.0130605E-003
0.7059608	8.7840902E-003
0.7067108	8.6026415E-003
0.7074608	8.2915211E-003
0.7082107	7.9377666E-003
0.7089607	7.6808818E-003
0.7097106	7.2694044E-003
0.7104606	6.8320129E-003
0.7112105	6.3759205E-003
0.7119605	6.0650432E-003
0.7127104	5.5945152E-003
0.7134604	5.1257615E-003
0.7142104	4.8178746E-003
0.7149603	4.3690354E-003
0.7157103	3.9420375E-003
0.7164602	3.5438924E-003
0.7172102	3.2979783E-003
0.7179602	2.9620931E-003
0.7187101	2.6720595E-003
0.7194601	2.4318094E-003
0.72021	2.3012420E-003
0.72096	2.1539093E-003
0.72171	2.0645205E-003
0.7224599	2.0357883E-003
0.7232099	2.0683866E-003
0.7239598	2.1244793E-003
0.7247098	2.2587238E-003
0.7254598	2.4511726E-003
0.7262097	2.6994697E-003
0.7269596	2.8936835E-003
0.7277096	3.2260744E-003
0.7284596	3.6023420E-003
0.7292095	4.0170401E-003
0.7299595	4.4638375E-003
0.7307094	4.7759623E-003
0.7314594	5.2609080E-003
0.7322094	5.7591223E-003
0.7329593	6.2631117E-003
0.7337093	6.7653470E-003
0.7344592	7.0953737E-003
0.7352092	7.5775953E-003
0.7359592	8.0387443E-003
0.7367091	8.4721241E-003
0.7374591	8.8703558E-003
0.738209	9.2280945E-003
0.738959	9.4408877E-003
0.739709	9.7194361E-003
0.7404589	9.9447062E-003
0.7412089	1.0114100E-002
0.7419588	1.0224527E-002
0.7427088	1.0274756E-002
0.7434587	1.0273782E-002
0.7442087	1.0221312E-002
0.7449586	1.0109241E-002
0.7457086	9.9375537E-003
0.7464586	9.7102644E-003
0.7472085	9.4297584E-003
0.7479585	9.0995431E-003
0.7487084	8.8549526E-003
0.7494584	8.4537398E-003
0.7502084	8.0175390E-003
0.7509583	7.5525683E-003
0.7517083	7.0658843E-003
0.7524582	6.5644514E-003
0.7532082	6.0547544E-003
0.7539582	5.5449097E-003
0.7547081	5.2084508E-003
0.7554581	4.7151325E-003
0.7562081	4.2416598E-003
0.756958	3.7946217E-003
0.757708	3.3815578E-003
0.7584579	3.0086052E-003
0.7592078	2.6818928E-003
0.7599578	2.4056605E-003
0.7607078	2.1860441E-003
0.7614577	2.0257924E-003
0.7622077	1.9285086E-003
0.7629576	1.8993156E-003
0.7637076	1.9105254E-003
0.7644576	1.9884377E-003
0.7652075	2.1321960E-003
0.7659575	2.3408968E-003
0.7667075	2.6122550E-003
0.7674574	2.9439689E-003
0.7682074	3.3317266E-003
0.7689573	3.7706078E-003
0.7697073	4.2557456E-003
0.7704573	4.7811349E-003
0.7712072	5.3401669E-003
0.7719572	5.9255962E-003
0.7727071	6.5304441E-003
0.7734571	7.1466826E-003
0.7742071	7.7662840E-003
0.774957	8.3818799E-003
0.7757069	8.9860018E-003
0.7764569	9.5693506E-003
0.7772068	1.0125746E-002
0.7779568	1.0648140E-002
0.7787068	1.0973586E-002
0.7794567	1.1423249E-002
0.7802067	1.1822453E-002
0.7809567	1.2165592E-002
0.7817066	1.2448082E-002
0.7824566	1.2666290E-002
0.7832065	1.2816595E-002
0.7839565	1.2898515E-002
0.7847065	1.2910970E-002
0.7854564	1.2850792E-002
0.7862064	1.2721606E-002
0.7869563	1.2443215E-002
0.7877063	1.2157695E-002
0.7884563	1.1810445E-002
0.7892062	1.1404711E-002
0.7899562	1.0947322E-002
0.7907061	1.0443147E-002
0.7914561	9.8979585E-003
0.792206	9.3198288E-003
0.792956	8.7152915E-003
0.7937059	8.0929548E-003
0.7944559	7.4604992E-003
0.7952059	6.8268864E-003
0.7959558	6.2001650E-003
0.7967058	5.5892267E-003
0.7974557	5.0025005E-003
0.7982057	4.4486141E-003
0.7989557	3.9352202E-003
0.7997056	3.4707549E-003
0.8004556	3.0620792E-003
0.8012055	2.7152454E-003
0.8019555	2.4371459E-003
0.8027055	2.2329679E-003
0.8034554	2.0824657E-003
0.8042054	2.0649037E-003
0.8049553	2.1327711E-003
0.8057053	2.2864975E-003
0.8064553	2.5261911E-003
0.8072052	2.8502885E-003
0.8079551	3.2581193E-003
0.8087051	3.7457491E-003
0.8094551	4.3096724E-003
0.810205	4.9445299E-003
0.810955	5.6444583E-003
0.8117049	6.6673360E-003
0.8124549	7.4913921E-003
0.8132049	8.3549153E-003
0.8139548	9.2496295E-003
0.8147048	1.0165070E-002
0.8154547	1.1092000E-002
0.8162047	1.2020443E-002
0.8169547	1.2941123E-002
0.8177046	1.4137699E-002
0.8184546	1.4999012E-002
0.8192045	1.5818661E-002
0.8199545	1.6588200E-002
0.8207045	1.7301194E-002
0.8214544	1.7945094E-002
0.8222044	1.8512502E-002
0.8229543	1.9146604E-002
0.8237043	1.9518171E-002
0.8244542	1.9796187E-002
0.8252042	1.9977115E-002
0.8259541	2.0059580E-002
0.8267041	2.0039950E-002
0.8274541	1.9862017E-002
0.828204	1.9610217E-002
0.828954	1.9261023E-002
0.8297039	1.8817285E-002
0.8304539	1.8283615E-002
0.8312039	1.7666029E-002
0.8319538	1.6723337E-002
0.8327038	1.5934786E-002
0.8334537	1.5088421E-002
0.8342037	1.4192893E-002
0.8349537	1.3258695E-002
0.8357036	1.1972588E-002
0.8364536	1.0992258E-002
0.8372036	1.0012661E-002
0.8379535	9.0464288E-003
0.8387035	8.1067532E-003
0.8394534	6.9182399E-003
0.8402033	6.0922396E-003
0.8409534	5.3356169E-003
0.8417033	4.6622297E-003
0.8424532	3.9141043E-003
0.8432032	3.4794076E-003
0.8439531	3.1647482E-003
0.8447031	2.9786720E-003
0.8454531	2.9304740E-003
0.846203	3.0911276E-003
0.846953	3.3877844E-003
0.847703	3.8390604E-003
0.8484529	4.4439039E-003
0.8492029	5.4944805E-003
0.8499528	6.4610103E-003
0.8507028	7.5765005E-003
0.8514528	9.2862202E-003
0.8522027	1.0723548E-002
0.8529527	1.2283851E-002
0.8537026	1.3956271E-002
0.8544526	1.6337823E-002
0.8552026	1.8219242E-002
0.8559525	2.0164022E-002
0.8567024	2.2158312E-002
0.8574524	2.4862919E-002
0.8582023	2.6899446E-002
0.8589523	2.8926052E-002
0.8597023	3.1580437E-002
0.8604522	3.3508923E-002
0.8612022	3.5365175E-002
0.8619522	3.7128374E-002
0.8627021	3.9313592E-002
0.8634521	4.0799975E-002
0.864202	4.2143311E-002
0.864952	4.3685686E-002
0.865702	4.4641912E-002
0.8664519	4.5410976E-002
0.8672019	4.6126835E-002
0.8679518	4.6420883E-002
0.8687018	4.6502363E-002
0.8694518	4.6282921E-002
0.8702017	4.5856819E-002
0.8709517	4.5217231E-002
0.8717016	4.4026721E-002
0.8724516	4.2887151E-002
0.8732015	4.1550141E-002
0.8739515	3.9470404E-002
0.8747014	3.7706617E-002
0.8754514	3.5783209E-002
0.8762014	3.3009294E-002
0.8769513	3.0794606E-002
0.8777013	2.8495325E-002
0.8784512	2.5348311E-002
0.8792012	2.2964798E-002
0.8799512	1.9824315E-002
0.8807011	1.7545030E-002
0.8814511	1.5377763E-002
0.882201	1.2737162E-002
0.882951	1.1003613E-002
0.883701	9.5362728E-003
0.8844509	8.0811763E-003
0.8852009	7.4314121E-003
0.8859508	7.2547006E-003
0.8867008	7.7076503E-003
0.8874508	8.7125404E-003
0.8882007	1.0995683E-002
0.8889506	1.3473509E-002
0.8897006	1.7872227E-002
0.8904506	2.2030681E-002
0.8912005	2.8768839E-002
0.8919505	3.4734376E-002
0.8927004	4.1490544E-002
0.8934504	5.1724304E-002
0.8942004	6.0293067E-002
0.8949503	7.2874472E-002
0.8957003	8.3121136E-002
0.8964502	9.4016463E-002
0.8972002	1.0946998E-001
0.8979502	1.2167014E-001
0.8987001	1.3860820E-001
0.8994501	1.5174040E-001
0.9002	1.6964720E-001
0.90095	1.8328984E-001
0.9017	2.0165798E-001
0.9024499	2.1541516E-001
0.9031999	2.3365887E-001
0.9039498	2.4717920E-001
0.9046998	2.6045153E-001
0.9054497	2.7774331E-001
0.9061997	2.9030907E-001
0.9069496	3.0649713E-001
0.9076996	3.1812635E-001
0.9084496	3.3295402E-001
0.9091995	3.4349731E-001
0.9099495	3.5680318E-001
0.9106994	3.6616513E-001
0.9114494	3.7786937E-001
0.9121994	3.8601166E-001
0.9129493	3.9608017E-001
0.9136993	4.0301254E-001
0.9144492	4.1148859E-001
0.9151992	4.1724303E-001
0.9159492	4.2414138E-001
0.9166991	4.2880607E-001
0.9174491	4.3424633E-001
0.9181991	4.3780771E-001
0.918949	4.4191802E-001
0.919699	4.4450110E-001
0.9204489	4.4733962E-001
0.9211988	4.4900531E-001
0.9219489	4.5063561E-001
0.9226988	4.5167154E-001
0.9234487	4.5203620E-001
0.9241987	4.5203462E-001
0.9249486	4.5163864E-001
0.9256986	4.5069388E-001
0.9264486	4.4955868E-001
0.9271985	4.4771186E-001
0.9279485	4.4603446E-001
0.9286984	4.4336465E-001
0.9294484	4.4105530E-001
0.9301984	4.3758544E-001
0.9309483	4.3371278E-001
0.9316983	4.3054399E-001
0.9324483	4.2599064E-001
0.9331982	4.2226458E-001
0.9339482	4.1705492E-001
0.9346981	4.1287777E-001
0.9354481	4.0701303E-001
0.9361981	4.0083319E-001
0.936948	3.9594665E-001
0.9376979	3.8915765E-001
0.9384479	3.8387007E-001
0.9391978	3.7655222E-001
0.9399478	3.6887830E-001
0.9406978	3.6293018E-001
0.9414477	3.5473725E-001
0.9421977	3.4843335E-001
0.9429477	3.3979377E-001
0.9436976	3.3083415E-001
0.9444476	3.2397139E-001
0.9451975	3.1458274E-001
0.9459475	3.0739346E-001
0.9466975	2.9758865E-001
0.9474474	2.8755608E-001
0.9481974	2.7986413E-001
0.9489473	2.6945955E-001
0.9496973	2.5891879E-001
0.9504473	2.5087848E-001
0.9511972	2.4002850E-001
0.9519472	2.2909671E-001
0.9526971	2.2078839E-001
0.9534471	2.0971835E-001
0.954197	1.9854890E-001
0.954947	1.9016124E-001
0.9556969	1.7898732E-001
0.9564469	1.6788623E-001
0.9571969	1.5958151E-001
0.9579468	1.4863640E-001
0.9586968	1.3784672E-001
0.9594467	1.2987183E-001
0.9601967	1.1944321E-001
0.9609467	1.0929006E-001
0.9616966	1.0189132E-001
0.9624466	9.2329487E-002
0.9631965	8.3155349E-002
0.9639465	7.6553367E-002
0.9646965	6.8171293E-002
0.9654464	6.0290288E-002
0.9661964	5.4720756E-002
0.9669463	4.7783837E-002
0.9676963	4.1422650E-002
0.9684463	3.5654444E-002
0.9691962	3.1724162E-002
0.9699461	2.7017675E-002
0.9706961	2.2917068E-002
0.9714461	2.0235877E-002
0.972196	1.7178142E-002
0.972946	1.4692299E-002
0.9736959	1.2753567E-002
0.9744459	1.1638998E-002
0.9751959	1.0580903E-002
0.9759458	9.9750301E-003
0.9766958	9.7792018E-003
0.9774457	9.8738633E-003
0.9781957	1.0286502E-002
0.9789457	1.0986603E-002
0.9796956	1.1921638E-002
0.9804456	1.2751119E-002
0.9811955	1.3991519E-002
0.9819455	1.5345960E-002
0.9826955	1.6771244E-002
0.9834454	1.7863508E-002
0.9841954	1.9322073E-002
0.9849453	2.0753387E-002
0.9856953	2.2127401E-002
0.9864452	2.3102596E-002
0.9871952	2.4313925E-002
0.9879451	2.5404260E-002
0.9886951	2.6355464E-002
0.9894451	2.7157387E-002
0.990195	2.7652347E-002
0.990945	2.8171252E-002
0.9916949	2.8519025E-002
0.9924449	2.8695326E-002
0.9931949	2.8699698E-002
0.9939448	2.8594770E-002
0.9946948	2.8310800E-002
0.9954447	2.7872818E-002
0.9961947	2.7287744E-002
0.9969447	2.6565572E-002
0.9976946	2.5716258E-002
0.9984446	2.5005618E-002
0.9991945	2.3967708E-002
0.9999445	2.2843765E-002
1.000694	2.1642551E-002
1.001444	2.0382283E-002
1.002194	1.9407948E-002
1.002944	1.8079912E-002
1.003694	1.6734991E-002
1.004444	1.5385730E-002
1.005194	1.4047889E-002
1.005944	1.2734702E-002
1.006694	1.1457699E-002
1.007444	1.0531677E-002
1.008194	9.3485862E-003
1.008944	8.2331374E-003
1.009694	7.1943458E-003
1.010444	6.2398980E-003
1.011194	5.3761960E-003
1.011944	4.6089767E-003
1.012694	3.9412044E-003
1.013444	3.5073059E-003
1.014194	3.0193154E-003
1.014944	2.6349050E-003
1.015694	2.3525064E-003
1.016444	2.1693746E-003
1.017194	2.0825858E-003
1.017944	2.0867861E-003
1.018693	2.1770669E-003
1.019443	2.3465431E-003
1.020193	2.5877818E-003
1.020943	2.8113725E-003
1.021693	3.1598071E-003
1.022443	3.5575179E-003
1.023193	3.9961897E-003
1.023943	4.4662403E-003
1.024693	4.9591120E-003
1.025443	5.4659070E-003
1.026193	5.9779352E-003
1.026943	6.4868932E-003
1.027693	6.9852145E-003
1.028443	7.4645993E-003
1.029193	7.9194363E-003
1.029943	8.3421981E-003
1.030693	8.7292651E-003
1.031443	8.9915833E-003
1.032193	9.3014045E-003
1.032943	9.5637869E-003
1.033693	9.7737443E-003
1.034443	9.9316044E-003
1.035192	1.0033485E-002
1.035942	1.0081529E-002
1.036693	1.0073164E-002
1.037442	1.0011964E-002
1.038192	9.8966174E-003
1.038942	9.7319474E-003
1.039692	9.5185442E-003
1.040442	9.2607997E-003
1.041192	8.9603923E-003
1.041942	8.6238021E-003
1.042692	8.2529178E-003
1.043442	7.8541581E-003
1.044192	7.4315774E-003
1.044942	6.9902386E-003
1.045692	6.5352470E-003
1.046442	6.0714101E-003
1.047192	5.6040953E-003
1.047942	5.1379134E-003
1.048692	4.6781455E-003
1.049442	4.2291866E-003
1.050192	3.7954140E-003
1.050942	3.3809729E-003
1.051692	2.9896514E-003
1.052442	2.6249760E-003
1.053192	2.2897997E-003
1.053941	1.9868268E-003
1.054691	1.7182034E-003
1.055441	1.4855696E-003
1.056191	1.2902836E-003
1.056941	1.0998525E-003
1.057691	9.9063665E-004
1.058441	9.1978040E-004
1.059191	8.8624470E-004
1.059941	8.8925514E-004
1.060691	9.2697929E-004
1.061441	9.9771086E-004
1.062191	1.0994064E-003
1.062941	1.2293006E-003
1.063691	1.3847655E-003
1.064441	1.5628760E-003
1.065191	1.7347181E-003
1.065941	1.9464848E-003
1.066691	2.1714822E-003
1.067441	2.4660886E-003
1.068191	2.7081829E-003
1.068941	2.9523559E-003
1.069691	3.1952925E-003
1.070441	3.4336080E-003
1.07119	3.6643585E-003
1.071941	3.8847884E-003
1.07269	4.0921830E-003
1.07344	4.2839292E-003
1.07419	4.4576414E-003
1.07494	4.6469010E-003
1.07569	4.7744513E-003
1.07644	4.8782649E-003
1.07719	4.9580033E-003
1.07794	5.0128819E-003
1.07869	5.0429781E-003
1.07944	5.0473949E-003
1.08019	5.0182603E-003
1.08094	4.9669375E-003
1.08169	4.8919469E-003
1.08244	4.7947103E-003
1.08319	4.6757916E-003
1.08394	4.5370730E-003
1.08469	4.3802089E-003
1.08544	4.1619223E-003
1.08619	3.9712405E-003
1.08694	3.7688969E-003
1.08769	3.5574236E-003
1.08844	3.3385428E-003
1.08919	3.1149259E-003
1.089939	2.8322651E-003
1.090689	2.6063048E-003
1.091439	2.3829739E-003
1.092189	2.1645669E-003
1.092939	1.9529868E-003
1.093689	1.7502964E-003
1.094439	1.5122916E-003
1.095189	1.3360978E-003
1.095939	1.1741740E-003
1.096689	1.0278659E-003
1.097439	8.9813600E-004
1.098189	7.6084549E-004
1.098939	6.7160302E-004
1.099689	6.0118758E-004
1.100439	5.4978236E-004
1.101189	5.1226781E-004
1.101939	5.0325051E-004
1.102689	5.1259948E-004
1.103439	5.3957594E-004
1.104189	5.8337819E-004
1.104939	6.6026644E-004
1.105689	7.3806796E-004
1.106439	8.2895934E-004
1.107189	9.3149598E-004
1.107939	1.0738713E-003
1.108688	1.1970816E-003
1.109438	1.3268136E-003
1.110188	1.4613533E-003
1.110938	1.6337333E-003
1.111688	1.7728953E-003
1.112438	1.9113587E-003
1.113188	2.0475732E-003
1.113938	2.2122124E-003
1.114688	2.3374937E-003
1.115438	2.4556497E-003
1.116188	2.5913124E-003
1.116938	2.6888959E-003
1.117688	2.7756016E-003
1.118438	2.8505863E-003
1.119188	2.9266188E-003
1.119938	2.9727558E-003
1.120688	3.0053386E-003
1.121438	3.0267371E-003
1.122188	3.0281250E-003
1.122938	3.0156893E-003
1.123688	2.9894977E-003
1.124438	2.9385618E-003
1.125188	2.8835626E-003
1.125937	2.8166329E-003
1.126687	2.7173234E-003
1.127437	2.6265658E-003
1.128187	2.5266157E-003
1.128937	2.3908291E-003
1.129687	2.2747498E-003
1.130437	2.1530448E-003
1.131187	1.9954145E-003
1.131937	1.8662125E-003
1.132687	1.7356081E-003
1.133437	1.5725679E-003
1.134187	1.4435499E-003
1.134937	1.3172718E-003
1.135687	1.1649567E-003
1.136437	1.0487973E-003
1.137187	9.3880127E-004
1.137937	8.1147614E-004
1.138687	7.1872090E-004
1.139437	6.1534561E-004
1.140187	5.4344052E-004
1.140937	4.8174165E-004
1.141687	4.1942130E-004
1.142437	3.8181045E-004
1.143187	3.5513987E-004
1.143937	3.3735161E-004
1.144686	3.3531617E-004
1.145436	3.4773126E-004
1.146186	3.6924478E-004
1.146936	4.0048064E-004
1.147686	4.5249789E-004
1.148436	5.0360896E-004
1.149186	5.7828700E-004
1.149936	6.4567750E-004
1.150686	7.1892003E-004
1.151436	8.1740267E-004
1.152186	9.0050930E-004
1.152936	1.0083052E-003
1.153686	1.0964356E-003
1.154436	1.1851724E-003
1.155186	1.2956412E-003
1.155936	1.3823158E-003
1.156686	1.4872943E-003
1.157436	1.5673749E-003
1.158186	1.6612482E-003
1.158936	1.7305902E-003
1.159686	1.7939048E-003
1.160436	1.8640027E-003
1.161186	1.9117576E-003
1.161935	1.9610410E-003
1.162685	1.9912459E-003
1.163435	2.0175052E-003
1.164185	2.0289228E-003
1.164935	2.0309433E-003
1.165685	2.0231130E-003
1.166435	2.0014909E-003
1.167185	1.9749340E-003
1.167935	1.9310175E-003
1.168685	1.8874097E-003
1.169435	1.8368916E-003
1.170185	1.7648485E-003
1.170935	1.7009269E-003
1.171685	1.6139990E-003
1.172435	1.5396150E-003
1.173185	1.4419192E-003
1.173935	1.3607756E-003
1.174685	1.2569954E-003
1.175435	1.1728855E-003
1.176185	1.0678247E-003
1.176935	9.8458072E-004
1.177685	8.8290463E-004
1.178435	8.0425013E-004
1.179185	7.1041036E-004
1.179935	6.2267651E-004
1.180684	5.5763318E-004
1.181434	4.8362726E-004
1.182184	4.3075517E-004
1.182934	3.7329021E-004
1.183684	3.3456416E-004
1.184434	2.9559041E-004
1.185184	2.7222422E-004
1.185934	2.5287678E-004
1.186684	2.4532853E-004
1.187434	2.4568971E-004
1.188184	2.5366942E-004
1.188934	2.7292519E-004
1.189684	3.0200320E-004
1.190434	3.3190119E-004
1.191184	3.7694097E-004
1.191934	4.1855642E-004
1.192684	4.7676178E-004
1.193434	5.2762934E-004
1.194184	5.9570069E-004
1.194934	6.6768675E-004
1.195684	7.2727626E-004
1.196434	8.0329512E-004
1.197183	8.6459133E-004
1.197933	9.4078598E-004
1.198684	1.0006786E-003
1.199433	1.0733450E-003
1.200183	1.1424840E-003
1.200933	1.1945391E-003
1.201683	1.2548664E-003
1.202433	1.2986938E-003
1.203183	1.3474262E-003
1.203933	1.3886617E-003
1.204683	1.4159409E-003
1.205433	1.4425927E-003
1.206183	1.4606069E-003
1.206933	1.4685708E-003
1.207683	1.4705723E-003
1.208433	1.4656965E-003
1.209183	1.4517874E-003
1.209933	1.4292318E-003
1.210683	1.4053008E-003
1.211433	1.3684600E-003
1.212183	1.3243826E-003
1.212933	1.2842746E-003
1.213683	1.2287698E-003
1.214433	1.1680968E-003
1.215183	1.1163292E-003
1.215932	1.0484345E-003
1.216682	9.7778533E-004
1.217432	9.1994443E-004
1.218182	8.4685971E-004
1.218932	7.7371736E-004
1.219682	7.1582920E-004
1.220432	6.4507499E-004
1.221182	5.7691208E-004
1.221932	5.2479445E-004
1.222682	4.6340152E-004
1.223432	4.0682635E-004
1.224182	3.6550200E-004
1.224932	3.1923843E-004
1.225682	2.7947899E-004
1.226432	2.5260088E-004
1.227182	2.2545671E-004
1.227932	2.0567642E-004
1.228682	1.9347454E-004
1.229432	1.8915886E-004
1.230182	1.9046586E-004
1.230932	1.9914385E-004
1.231682	2.1118281E-004
1.232432	2.3236965E-004
1.233181	2.5993708E-004
1.233932	2.9341163E-004
1.234681	3.2407555E-004
1.235431	3.6670541E-004
1.236181	4.1350009E-004
1.236931	4.5342813E-004
1.237681	5.0584541E-004
1.238431	5.6030561E-004
1.239181	6.1602163E-004
1.239931	6.6093053E-004
1.240681	7.1686861E-004
1.241431	7.7179616E-004
1.242181	8.2496140E-004
1.242931	8.6573901E-004
1.243681	9.1393420E-004
1.244431	9.5849560E-004
1.245181	9.9873182E-004
1.245931	1.0341692E-003
1.246681	1.0587617E-003
1.247431	1.0844624E-003
1.248181	1.1043495E-003
1.248931	1.1180594E-003
1.249681	1.1255716E-003
1.250431	1.1269042E-003
1.251181	1.1229663E-003
1.25193	1.1127878E-003
1.25268	1.0965230E-003
1.25343	1.0793776E-003
1.25418	1.0528499E-003
1.25493	1.0211010E-003
1.25568	9.8461972E-004
1.25643	9.4380247E-004
1.25718	8.9926715E-004
1.25793	8.6125592E-004
1.25868	8.1139529E-004
1.25943	7.5957924E-004
1.26018	7.0634630E-004
1.26093	6.5243110E-004
1.26168	6.0920254E-004
1.26243	5.5569533E-004
1.26318	5.0333363E-004
1.26393	4.5276294E-004
1.26468	4.0456181E-004
1.26543	3.5931892E-004
1.26618	3.1753271E-004
1.26693	2.8690114E-004
1.26768	2.5250425E-004
1.26843	2.2275536E-004
1.26918	1.9794911E-004
1.26993	1.7831965E-004
1.270679	1.6404512E-004
1.271429	1.5522166E-004
1.272179	1.5208872E-004
1.272929	1.5310090E-004
1.273679	1.5947112E-004
1.274429	1.7099404E-004
1.275179	1.8753555E-004
1.275929	2.0875750E-004
1.276679	2.3432568E-004
1.277429	2.6384782E-004
1.278179	2.9687700E-004
1.278929	3.2550626E-004
1.279679	3.6362818E-004
1.280429	4.0385840E-004
1.281179	4.4564152E-004
1.281929	4.8840302E-004
1.282679	5.3156551E-004
1.283429	5.7458517E-004
1.284179	6.1691517E-004
1.284929	6.5796264E-004
1.285679	6.9722516E-004
1.286429	7.3421432E-004
1.287179	7.6845643E-004
1.287928	7.9359225E-004
1.288678	8.2186505E-004
1.289428	8.4627623E-004
1.290178	8.6663110E-004
1.290928	8.8264339E-004
1.291678	8.9414517E-004
1.292428	9.0100407E-004
1.293178	9.0315560E-004
1.293928	9.0058462E-004
1.294678	8.9335191E-004
1.295428	8.8152429E-004
1.296178	8.6539122E-004
1.296928	8.4503792E-004
1.297678	8.2076626E-004
1.298428	7.9290167E-004
1.299178	7.6177070E-004
1.299928	7.2776328E-004
1.300678	6.9130643E-004
1.301428	6.5280148E-004
1.302178	6.1278220E-004
1.302928	5.7168672E-004
1.303678	5.3000287E-004
1.304428	4.8822712E-004
1.305178	4.4682447E-004
1.305928	4.0628822E-004
1.306677	3.6706420E-004
1.307427	3.2960661E-004
1.308177	2.9432622E-004
1.308927	2.6161203E-004
1.309677	2.3181408E-004
1.310427	2.0524106E-004
1.311177	1.8216642E-004
1.311927	1.6284056E-004
1.312677	1.4741012E-004
1.313427	1.3602406E-004
1.314177	1.2876785E-004
1.314927	1.2569563E-004
1.315677	1.2675203E-004
1.316427	1.3189460E-004
1.317177	1.4101379E-004
1.317927	1.5394675E-004
1.318677	1.7049856E-004
1.319427	1.9043454E-004
1.320177	2.1345235E-004
1.320927	2.3925556E-004
1.321677	2.6750259E-004
1.322427	3.0411041E-004
1.323177	3.3640070E-004
1.323926	3.6987715E-004
1.324676	4.0414275E-004
1.325426	4.3878244E-004
1.326176	4.7334514E-004
1.326926	5.0741679E-004
1.327676	5.4057495E-004
1.328426	5.7246687E-004
1.329176	6.0267223E-004
1.329926	6.3088228E-004
1.330676	6.6165172E-004
1.331426	6.8428606E-004
1.332176	7.0396200E-004
1.332926	7.2054507E-004
1.333676	7.3369744E-004
1.334426	7.4339041E-004
1.335176	7.4949744E-004
1.335926	7.5194309E-004
1.336676	7.5068534E-004
1.337426	7.4442301E-004
1.338176	7.3529081E-004
1.338926	7.2268076E-004
1.339676	7.0678955E-004
1.340426	6.8784441E-004
1.341176	6.6603854E-004
1.341926	6.4161047E-004
1.342675	6.1483029E-004
1.343425	5.8009179E-004
1.344175	5.4932106E-004
1.344925	5.1725178E-004
1.345675	4.8431093E-004
1.346425	4.5076796E-004
1.347175	4.1705600E-004
1.347925	3.7688448E-004
1.348675	3.4405949E-004
1.349425	3.1221329E-004
1.350175	2.8167557E-004
1.350925	2.5277489E-004
1.351675	2.2581356E-004
1.352425	1.9641381E-004
1.353175	1.7464579E-004
1.353925	1.5560187E-004
1.354675	1.3948236E-004
1.355425	1.2640750E-004
1.356175	1.1493004E-004
1.356925	1.0894970E-004
1.357675	1.0624888E-004
1.358425	1.0685917E-004
1.359174	1.1070645E-004
1.359924	1.1952300E-004
1.360675	1.3021573E-004
1.361424	1.4381469E-004
1.362174	1.6013012E-004
1.362924	1.7893406E-004
1.363674	2.0449390E-004
1.364424	2.2796265E-004
1.365174	2.5311075E-004
1.365924	2.7963929E-004
1.366674	3.1286472E-004
1.367424	3.4133004E-004
1.368174	3.7014906E-004
1.368924	3.9900799E-004
1.369674	4.3323354E-004
1.370424	4.6103902E-004
1.371174	4.8783253E-004
1.371924	5.1334745E-004
1.372674	5.4192060E-004
1.373424	5.6369812E-004
1.374174	5.8333401E-004
1.374924	6.0066546E-004
1.375674	6.1823044E-004
1.376424	6.2987133E-004
1.377174	6.3871033E-004
1.377923	6.4552407E-004
1.378673	6.4799079E-004
1.379423	6.4745318E-004
1.380173	6.4400246E-004
1.380923	6.3603162E-004
1.381673	6.2629208E-004
1.382423	6.1381259E-004
1.383173	5.9551880E-004
1.383923	5.7764357E-004
1.384673	5.5760471E-004
1.385423	5.3561979E-004
1.386173	5.0705159E-004
1.386923	4.8167413E-004
1.387673	4.5514310E-004
1.388423	4.2223325E-004
1.389173	3.9420786E-004
1.389923	3.6597720E-004
1.390673	3.3223024E-004
1.391423	3.0453462E-004
1.392173	2.7754740E-004
1.392923	2.4649725E-004
1.393673	2.2200188E-004
1.394423	1.9904417E-004
1.395172	1.7384134E-004
1.395923	1.5501259E-004
1.396672	1.3837498E-004
1.397422	1.2151777E-004
1.398172	1.1018084E-004
1.398922	1.0144458E-004
1.399672	9.4475239E-005
1.400422	9.1645699E-005
1.401172	9.1660630E-005
1.401922	9.4495968E-005
1.402672	9.9991899E-005
1.403422	1.0997107E-004
1.404172	1.2095590E-004
1.404922	1.3426016E-004
1.405672	1.5305108E-004
1.406422	1.7083607E-004
1.407172	1.9446814E-004
1.407922	2.1578328E-004
1.408672	2.3834250E-004
1.409422	2.6670971E-004
1.410172	2.9111459E-004
1.410922	3.2096138E-004
1.411672	3.4596241E-004
1.412422	3.7080460E-004
1.413172	4.0007936E-004
1.413921	4.2368745E-004
1.414671	4.5075404E-004
1.415421	4.7194437E-004
1.416171	4.9544696E-004
1.416921	5.1320548E-004
1.417671	5.2906852E-004
1.418421	5.4542691E-004
1.419171	5.5664603E-004
1.419921	5.6712079E-004
1.420671	5.7317788E-004
1.421421	5.7721895E-004
1.422171	5.7787326E-004
1.422921	5.7537371E-004
1.423671	5.7052309E-004
1.424421	5.6333526E-004
1.425171	5.5165059E-004
1.425921	5.3941773E-004
1.426671	5.2208710E-004
1.427421	5.0554401E-004
1.428171	4.8340290E-004
1.428921	4.6326744E-004
1.429671	4.3744792E-004
1.430421	4.1473177E-004
1.431171	3.8643085E-004
1.431921	3.6224470E-004
1.43267	3.3282634E-004
1.43342	3.0827438E-004
1.43417	2.7914613E-004
1.43492	2.5540908E-004
1.43567	2.2790959E-004
1.43642	2.0607366E-004
1.43717	1.8148847E-004
1.43792	1.6256016E-004
1.43867	1.4199999E-004
1.43942	1.2682268E-004
1.44017	1.1119527E-004
1.44092	1.0045160E-004
1.44167	9.0431218E-005
1.44242	8.4564628E-005
1.44317	8.0576399E-005
1.44392	7.9787416E-005
1.44467	8.1928192E-005
1.44542	8.6223423E-005
1.44617	9.4309486E-005
1.44692	1.0340866E-004
1.44767	1.1701354E-004
1.44842	1.3333296E-004
1.44917	1.4884125E-004
1.449919	1.6948963E-004
1.450669	1.8818966E-004
1.451419	2.1214604E-004
1.452169	2.3312491E-004
1.452919	2.5922805E-004
1.453669	2.8148227E-004
1.454419	3.0847397E-004
1.455169	3.3542799E-004
1.455919	3.5753977E-004
1.456669	3.8341866E-004
1.457419	4.0416137E-004
1.458169	4.2774377E-004
1.458919	4.4961332E-004
1.459669	4.6630824E-004
1.460419	4.8427470E-004
1.461169	4.9735047E-004
1.461919	5.1063468E-004
1.462669	5.2104896E-004
1.463419	5.2744866E-004
1.464169	5.3237128E-004
1.464919	5.3405087E-004
1.465669	5.3320045E-004
1.466419	5.2926998E-004
1.467169	5.2358425E-004
1.467919	5.1408279E-004
1.468668	5.0400966E-004
1.469418	4.8940512E-004
1.470168	4.7234891E-004
1.470918	4.5636529E-004
1.471668	4.3533291E-004
1.472418	4.1256254E-004
1.473168	3.9242237E-004
1.473918	3.6721746E-004
1.474668	3.4118813E-004
1.475418	3.1908159E-004
1.476168	2.9240260E-004
1.476918	2.6589021E-004
1.477668	2.4415232E-004
1.478418	2.1882144E-004
1.479168	1.9462347E-004
1.479918	1.7553681E-004
1.480668	1.5420927E-004
1.481418	1.3484161E-004
1.482168	1.2039398E-004
1.482918	1.0525303E-004
1.483668	9.2714297E-005
1.484418	8.4350620E-005
1.485168	7.6928634E-005
1.485917	7.2454306E-005
1.486667	7.1010872E-005
1.487417	7.2001596E-005
1.488167	7.5973599E-005
1.488917	8.2851926E-005
1.489667	9.0712376E-005
1.490417	1.0263741E-004
1.491167	1.1706675E-004
1.491917	1.3088538E-004
1.492667	1.4941160E-004
1.493417	1.6981964E-004
1.494167	1.9184034E-004
1.494917	2.1120138E-004
1.495667	2.3539897E-004
1.496417	2.6033176E-004
1.497167	2.8141533E-004
1.497917	3.0682882E-004
1.498667	3.3203946E-004
1.499417	3.5672565E-004
1.500167	3.7663704E-004
1.500917	3.9950197E-004
1.501667	4.2094776E-004
1.502417	4.4070801E-004
1.503167	4.5568642E-004
1.503917	4.7170706E-004
1.504666	4.8538062E-004
1.505416	4.9657858E-004
1.506166	5.0384406E-004
1.506916	5.1005819E-004
1.507666	5.1347370E-004
1.508416	5.1399571E-004
1.509166	5.1165861E-004
1.509916	5.0750165E-004
1.510666	5.0004805E-004
1.511416	4.8990140E-004
1.512166	4.7716402E-004
1.512916	4.6207171E-004
1.513666	4.4781022E-004
1.514416	4.2887128E-004
1.515166	4.0818346E-004
1.515916	3.8599051E-004
1.516666	3.6260215E-004
1.517416	3.4235985E-004
1.518166	3.1750608E-004
1.518916	2.9231873E-004
1.519666	2.6707319E-004
1.520416	2.4214253E-004
1.521165	2.1780994E-004
1.521915	1.9820630E-004
1.522666	1.7576684E-004
1.523415	1.5476445E-004
1.524165	1.3545180E-004
1.524915	1.1807716E-004
1.525665	1.0285771E-004
1.526415	9.1951304E-005
1.527165	8.1147569E-005
1.527915	7.2955205E-005
1.528665	6.7472654E-005
1.529415	6.4764477E-005
1.530165	6.4865439E-005
1.530915	6.7769550E-005
1.531665	7.2301154E-005
1.532415	8.0224934E-005
1.533165	9.0758243E-005
1.533915	1.0376989E-004
1.534665	1.1909619E-004
1.535415	1.3654747E-004
1.536165	1.5590909E-004
1.536915	1.7693757E-004
1.537665	1.9554590E-004
1.538415	2.1894833E-004
1.539165	2.4324765E-004
1.539914	2.6813292E-004
1.540664	2.9332511E-004
1.541414	3.1849038E-004
1.542164	3.4330849E-004
1.542914	3.6753234E-004
1.543664	3.9080117E-004
1.544414	4.1290102E-004
1.545164	4.3350316E-004
1.545914	4.4933386E-004
1.546664	4.6662314E-004
1.547414	4.8173557E-004
1.548164	4.9460150E-004
1.548914	5.0493836E-004
1.549664	5.1271939E-004
1.550414	5.1785441E-004
1.551164	5.2018615E-004
1.551914	5.1981054E-004
1.552664	5.1660894E-004
1.553414	5.1072106E-004
1.554164	5.0216872E-004
1.554914	4.9107778E-004
1.555664	4.7756400E-004
1.556414	4.6179572E-004
1.557163	4.4396974E-004
1.557914	4.2429450E-004
1.558663	4.0300033E-004
1.559413	3.8036311E-004
1.560163	3.5662387E-004
1.560913	3.3210265E-004
1.561663	3.0707289E-004
1.562413	2.8603870E-004
1.563163	2.6086296E-004
1.563913	2.3604652E-004
1.564663	2.1186779E-004
1.565413	1.8863009E-004
1.566163	1.6661928E-004
1.566913	1.4609452E-004
1.567663	1.2729259E-004
1.568413	1.0786431E-004
1.569163	9.3577080E-005
1.569913	8.1662874E-005
1.570663	7.2271374E-005
1.571413	6.5533692E-005
1.572163	6.1511360E-005
1.572913	6.0272669E-005
1.573663	6.1840561E-005
1.574413	6.6208238E-005
1.575163	7.3344374E-005
1.575912	8.3137733E-005
1.576662	9.5517404E-005
1.577412	1.1034221E-004
1.578162	1.2744400E-004
1.578912	1.4663534E-004
1.579662	1.6769899E-004
1.580412	1.9039841E-004
1.581162	2.1448094E-004
1.581912	2.3967464E-004
1.582662	2.6569195E-004
1.583412	2.9223185E-004
1.584162	3.1900895E-004
1.584912	3.4570025E-004
1.585662	3.7204288E-004
1.586412	4.0189445E-004
1.587162	4.2638954E-004
1.587912	4.4959300E-004
1.588662	4.7121086E-004
1.589412	4.9105170E-004
1.590162	5.0882751E-004
1.590912	5.2443112E-004
1.591662	5.3755444E-004
1.592412	5.4739381E-004
1.593162	5.5549323E-004
1.593912	5.6147738E-004
1.594661	5.6352885E-004
1.595411	5.6266610E-004
1.596161	5.5899075E-004
1.596911	5.5247440E-004
1.597661	5.4321467E-004
1.598411	5.3127098E-004
1.599161	5.1687198E-004
1.599911	5.0005846E-004
1.600661	4.7778635E-004
1.601411	4.5654766E-004
1.602161	4.3366040E-004
1.602911	4.0934540E-004
1.603661	3.8389873E-004
1.604411	3.5757624E-004
1.605161	3.3072729E-004
1.605911	2.9910746E-004
1.606661	2.7210973E-004
1.607411	2.4554422E-004
1.608161	2.1971193E-004
1.608911	1.9492293E-004
1.609661	1.7146175E-004
1.610411	1.4613142E-004
1.611161	1.2647388E-004
1.61191	1.0895186E-004
1.61266	9.3783849E-005
1.61341	8.1164588E-005
1.61416	6.9880225E-005
1.61491	6.3293846E-005
1.61566	5.9678609E-005
1.61641	5.9070710E-005
1.61716	6.1515631E-005
1.61791	6.7028341E-005
1.61866	7.7262375E-005
1.61941	8.9213696E-005
1.62016	1.0399982E-004
1.62091	1.2148463E-004
1.62166	1.4505882E-004
1.62241	1.6777251E-004
1.62316	1.9255521E-004
1.62391	2.1916014E-004
1.62466	2.4732659E-004
1.62541	2.8177118E-004
1.62616	3.1231300E-004
1.62691	3.4343213E-004
1.62766	3.7483763E-004
1.62841	4.1140083E-004
1.62916	4.4226347E-004
1.62991	4.7235965E-004
1.630659	5.0142856E-004
1.631409	5.3351885E-004
1.632159	5.5918761E-004
1.632909	5.8284035E-004
1.633659	6.0424610E-004
1.634409	6.2601996E-004
1.635159	6.4175460E-004
1.635909	6.5459294E-004
1.636659	6.6433509E-004
1.637409	6.7177514E-004
1.638159	6.7462132E-004
1.638909	6.7417324E-004
1.639659	6.7038462E-004
1.640409	6.6192402E-004
1.641159	6.5119902E-004
1.641909	6.3740596E-004
1.642659	6.1761338E-004
1.643409	5.9767673E-004
1.644159	5.7517132E-004
1.644909	5.4610142E-004
1.645659	5.1897217E-004
1.646409	4.9018027E-004
1.647159	4.5996843E-004
1.647908	4.2347089E-004
1.648658	3.9138814E-004
1.649408	3.5903513E-004
1.650158	3.2136659E-004
1.650908	2.8955916E-004
1.651658	2.5856888E-004
1.652408	2.2393939E-004
1.653158	1.9593661E-004
1.653908	1.6985051E-004
1.654658	1.4225933E-004
1.655408	1.2134955E-004
1.656158	1.0326213E-004
1.656908	8.6051659E-005
1.657658	7.4883072E-005
1.658408	6.7180998E-005
1.659158	6.2799474E-005
1.659908	6.3044063E-005
1.660658	6.8173722E-005
1.661408	7.6678953E-005
1.662158	8.8991612E-005
1.662908	1.0805633E-004
1.663658	1.2831183E-004
1.664408	1.5202416E-004
1.665158	1.8382486E-004
1.665908	2.1437355E-004
1.666657	2.5350030E-004
1.667407	2.8969449E-004
1.668157	3.2798862E-004
1.668907	3.7492759E-004
1.669657	4.1661938E-004
1.670407	4.6648827E-004
1.671157	5.0976657E-004
1.671907	5.5317127E-004
1.672657	6.0336594E-004
1.673407	6.4557086E-004
1.674157	6.9327926E-004
1.674907	7.3236309E-004
1.675657	7.6935679E-004
1.676407	8.0948864E-004
1.677157	8.4082782E-004
1.677907	8.7333593E-004
1.678657	8.9747150E-004
1.679407	9.2081656E-004
1.680157	9.3652547E-004
1.680907	9.4807573E-004
1.681657	9.5609145E-004
1.682407	9.5807406E-004
1.683156	9.5483114E-004
1.683906	9.4710517E-004
1.684657	9.3261723E-004
1.685406	9.1542199E-004
1.686156	8.9022075E-004
1.686906	8.6425466E-004
1.687656	8.3464920E-004
1.688406	7.9577556E-004
1.689156	7.5917243E-004
1.689906	7.1309728E-004
1.690656	6.7117659E-004
1.691406	6.2002736E-004
1.692156	5.7478505E-004
1.692906	5.2102195E-004
1.693656	4.7470702E-004
1.694406	4.2106770E-004
1.695156	3.7603782E-004
1.695906	3.2532052E-004
1.696656	2.8398985E-004
1.697406	2.3899197E-004
1.698156	2.0370929E-004
1.698906	1.6706527E-004
1.699656	1.4002786E-004
1.700406	1.1413778E-004
1.701156	9.7233162E-005
1.701905	8.4119005E-005
1.702655	7.8886696E-005
1.703405	8.0089143E-005
1.704155	8.7616827E-005
1.704905	1.0411731E-004
1.705655	1.2906565E-004
1.706405	1.5713478E-004
1.707155	1.9762796E-004
1.707905	2.3885301E-004
1.708655	2.9424499E-004
1.709405	3.4770890E-004
1.710155	4.1665477E-004
1.710905	4.8094979E-004
1.711655	5.6146289E-004
1.712405	6.4713409E-004
1.713155	7.2409591E-004
1.713905	8.1714429E-004
1.714655	8.9905981E-004
1.715405	9.9619362E-004
1.716155	1.0800965E-003
1.716905	1.1776862E-003
1.717655	1.2603843E-003
1.718405	1.3546282E-003
1.719154	1.4456135E-003
1.719905	1.5200669E-003
1.720654	1.6018670E-003
1.721404	1.6667704E-003
1.722154	1.7359009E-003
1.722904	1.7966946E-003
1.723654	1.8415600E-003
1.724404	1.8850642E-003
1.725154	1.9139264E-003
1.725904	1.9376908E-003
1.726654	1.9499602E-003
1.727404	1.9513074E-003
1.728154	1.9419068E-003
1.728904	1.9204310E-003
1.729654	1.8927098E-003
1.730404	1.8495256E-003
1.731154	1.8033960E-003
1.731904	1.7444980E-003
1.732654	1.6712797E-003
1.733404	1.6007046E-003
1.734154	1.5106815E-003
1.734904	1.4130273E-003
1.735654	1.3243008E-003
1.736404	1.2160874E-003
1.737154	1.1041941E-003
1.737903	1.0066450E-003
1.738653	8.9240749E-004
1.739403	7.7952596E-004
1.740153	6.8524084E-004
1.740903	5.7997525E-004
1.741653	4.8171496E-004
1.742403	4.0464377E-004
1.743153	3.2504174E-004
1.743903	2.5853390E-004
1.744653	2.1357156E-004
1.745403	1.7712245E-004
1.746153	1.5995583E-004
1.746903	1.6208316E-004
1.747653	1.8594746E-004
1.748403	2.3468703E-004
1.749153	3.1010903E-004
1.749903	3.9729860E-004
1.750653	5.2658428E-004
1.751403	6.8701559E-004
1.752153	8.5008371E-004
1.752903	1.0712213E-003
1.753653	1.3263458E-003
1.754403	1.5725680E-003
1.755153	1.8924347E-003
1.755903	2.2474607E-003
1.756652	2.6378743E-003
1.757402	3.0002946E-003
1.758152	3.4552396E-003
1.758902	3.9441562E-003
1.759652	4.4661914E-003
1.760402	4.9381964E-003
1.761152	5.5179829E-003
1.761902	6.1262622E-003
1.762652	6.7625712E-003
1.763402	7.3270504E-003
1.764152	8.0070915E-003
1.764902	8.7084733E-003
1.765652	9.4271721E-003
1.766402	1.0056091E-002
1.767152	1.0800956E-002
1.767902	1.1556050E-002
1.768652	1.2318615E-002
1.769402	1.3084600E-002
1.770152	1.3741106E-002
1.770902	1.4504304E-002
1.771652	1.5263378E-002
1.772402	1.6011940E-002
1.773152	1.6645581E-002
1.773901	1.7369067E-002
1.774651	1.8074505E-002
1.775401	1.8760605E-002
1.776151	1.9420817E-002
1.776901	1.9966183E-002
1.777651	2.0573445E-002
1.778401	2.1151088E-002
1.779151	2.1691786E-002
1.779901	2.2198042E-002
1.780651	2.2663351E-002
1.781401	2.3029083E-002
1.782151	2.3420541E-002
1.782901	2.3762306E-002
1.783651	2.4063332E-002
1.784401	2.4315385E-002
1.785151	2.4522539E-002
1.785901	2.4659809E-002
1.786651	2.4774974E-002
1.787401	2.4846368E-002
1.788151	2.4862980E-002
1.788901	2.4835434E-002
1.789651	2.4757072E-002
1.790401	2.4633994E-002
1.791151	2.4489302E-002
1.791901	2.4278468E-002
1.79265	2.4026925E-002
1.7934	2.3726719E-002
1.79415	2.3389062E-002
1.7949	2.3009039E-002
1.79565	2.2593210E-002
1.7964	2.2206550E-002
1.79715	2.1723550E-002
1.7979	2.1210862E-002
1.79865	2.0667017E-002
1.7994	2.0097168E-002
1.80015	1.9502766E-002
1.8009	1.8884793E-002
1.80165	1.8247796E-002
1.8024	1.7593056E-002
1.80315	1.6926652E-002
1.8039	1.6344219E-002
1.80465	1.5656792E-002
1.8054	1.4964243E-002
1.80615	1.4267859E-002
1.8069	1.3568776E-002
1.80765	1.2870843E-002
1.8084	1.2178214E-002
1.80915	1.1489958E-002
1.809899	1.0810335E-002
1.810649	1.0142046E-002
1.811399	9.4851591E-003
1.812149	8.8437051E-003
1.812899	8.2178293E-003
1.813649	7.6096705E-003
1.814399	7.0216437E-003
1.815149	6.5335380E-003
1.815899	5.9844726E-003
1.816649	5.4590595E-003
1.817399	4.9568499E-003
1.818149	4.4796574E-003
1.818899	4.0274407E-003
1.819649	3.6012908E-003
1.820399	3.2008751E-003
1.821149	2.8267649E-003
1.821899	2.4790529E-003
1.822649	2.1572660E-003
1.823399	1.8614503E-003
1.824149	1.5908082E-003
1.824899	1.3454490E-003
1.825649	1.1243778E-003
1.826399	9.2683593E-004
1.827149	7.5209612E-004
1.827899	5.9928506E-004
1.828648	4.6741893E-004
1.829398	3.5536609E-004
1.830148	2.6207670E-004
1.830898	1.8640576E-004
1.831648	1.2715416E-004
1.832398	8.3100618E-005
1.833148	5.3027179E-005
1.833898	3.5671372E-005
1.834648	2.9825227E-005
1.835398	3.4237808E-005
1.836148	4.7692014E-005
1.836898	6.8979389E-005
1.837648	9.6980584E-005
1.838398	1.3054386E-004
1.839148	1.7436770E-004
1.839898	2.1632298E-004
1.840648	2.6064267E-004
1.841398	3.0641965E-004
1.842148	3.5280242E-004
1.842898	3.9904806E-004
1.843648	4.4440778E-004
1.844398	4.8516004E-004
1.845147	5.2703905E-004
1.845897	5.6632143E-004
1.846647	6.0264854E-004
1.847397	6.3558068E-004
1.848147	6.6473155E-004
1.848897	6.8995234E-004
1.849647	7.1100204E-004
1.850397	7.2991999E-004
1.851147	7.4176199E-004
1.851897	7.4933539E-004
1.852647	7.5256475E-004
1.853397	7.5155846E-004
1.854147	7.4653793E-004
1.854897	7.3755934E-004
1.855647	7.2488608E-004
1.856397	7.0875220E-004
1.857147	6.8649452E-004
1.857897	6.6384498E-004
1.858647	6.3863030E-004
1.859397	6.1115512E-004
1.860147	5.8179529E-004
1.860897	5.5077107E-004
1.861647	5.1853363E-004
1.862397	4.8530710E-004
1.863147	4.4659869E-004
1.863896	4.1241877E-004
1.864646	3.7832523E-004
1.865396	3.4453356E-004
1.866146	3.1134399E-004
1.866896	2.7902072E-004
1.867646	2.4782313E-004
1.868396	2.1377980E-004
1.869146	1.8559117E-004
1.869896	1.5911480E-004
1.870646	1.3449629E-004
1.871396	1.1183953E-004
1.872146	9.1236267E-005
1.872896	7.0298047E-005
1.873646	5.4308486E-005
1.874396	4.0519877E-005
1.875146	2.8930865E-005
1.875896	1.9515230E-005
1.876646	1.1370887E-005
1.877396	6.4538340E-006
1.878146	3.5249457E-006
1.878896	2.4810117E-006
1.879646	3.2213029E-006
1.880396	6.0842899E-006
1.881145	1.0208510E-005
1.881896	1.5698963E-005
1.882645	2.2407374E-005
1.883395	3.0170704E-005
1.884145	4.0148505E-005
1.884895	4.9658174E-005
1.885645	5.9736085E-005
1.886395	7.0219990E-005
1.887145	8.0960592E-005
1.887895	9.3362287E-005
1.888645	1.0415524E-004
1.889395	1.1475264E-004
1.890145	1.2503659E-004
1.890895	1.3625961E-004
1.891645	1.4547333E-004
1.892395	1.5403227E-004
1.893145	1.6186954E-004
1.893895	1.6981259E-004
1.894645	1.7581487E-004
1.895395	1.8088738E-004
1.896145	1.8500631E-004
1.896895	1.8848253E-004
1.897645	1.9043416E-004
1.898395	1.9140675E-004
1.899145	1.9126668E-004
1.899894	1.9009077E-004
1.900644	1.8797045E-004
1.901394	1.8496627E-004
1.902144	1.8045763E-004
1.902894	1.7565118E-004
1.903644	1.7010623E-004
1.904394	1.6297649E-004
1.905144	1.5608479E-004
1.905894	1.4867896E-004
1.906644	1.4084183E-004
1.907394	1.3146912E-004
1.908144	1.2295861E-004
1.908894	1.1429159E-004
1.909644	1.0425709E-004
1.910394	9.5459080E-005
1.911144	8.6737229E-005
1.911894	7.6934120E-005
1.912644	6.8585228E-005
1.913394	6.0518436E-005
1.914144	5.1732000E-005
1.914894	4.4466313E-005
1.915644	3.7655773E-005
1.916394	3.0479490E-005
1.917144	2.4776011E-005
1.917894	1.9639278E-005
1.918643	1.4491768E-005
1.919393	1.0636905E-005
1.920143	7.3996680E-006
1.920893	4.4608546E-006
1.921643	2.5513166E-006
1.922393	1.1142836E-006
1.923143	4.9098270E-007
1.923893	4.3827967E-007
1.924643	1.0456293E-006
1.925393	2.1269411E-006
1.926143	3.6863030E-006
1.926893	6.0046959E-006
1.927643	8.4587091E-006
1.928393	1.1689573E-005
1.929143	1.4840188E-005
1.929893	1.8243842E-005
1.930643	2.2381548E-005
1.931393	2.6166026E-005
1.932143	3.0612038E-005
1.932893	3.4556288E-005
1.933643	3.8504826E-005
1.934393	4.2968393E-005
1.935143	4.6769877E-005
1.935892	5.0957275E-005
1.936642	5.4433709E-005
1.937392	5.7703845E-005
1.938142	6.1150749E-005
1.938892	6.3873231E-005
1.939642	6.6460765E-005
1.940392	6.8546273E-005
1.941142	7.0526607E-005
1.941892	7.1875671E-005
1.942642	7.2880415E-005
1.943392	7.3578922E-005
1.944142	7.3801064E-005
1.944892	7.3617433E-005
1.945642	7.3084557E-005
1.946392	7.2048802E-005
1.947142	7.0789691E-005
1.947892	6.8971698E-005
1.948642	6.7079563E-005
1.949392	6.4582258E-005
1.950142	6.2141153E-005
1.950892	5.9088576E-005
1.951642	5.6219211E-005
1.952392	5.2749878E-005
1.953142	4.9594018E-005
1.953892	4.6331505E-005
1.954641	4.2529246E-005
1.955391	3.9167957E-005
1.956141	3.5326972E-005
1.956891	3.1998061E-005
1.957641	2.8270782E-005
1.958391	2.5100440E-005
1.959141	2.1616881E-005
1.959891	1.8716877E-005
1.960641	1.5599848E-005
1.961391	1.3066107E-005
1.962141	1.0413613E-005
1.962891	8.0389673E-006
1.963641	6.2043709E-006
1.964391	4.3969499E-006
1.965141	3.0759177E-006
1.965891	1.8685496E-006
1.966641	1.0787729E-006
1.967391	4.7952994E-007
1.968141	2.1668244E-007
1.968891	2.0750612E-007
1.969641	4.4542753E-007
1.970391	9.8472731E-007
1.971141	1.6780689E-006
1.97189	2.7052820E-006
1.97264	3.9607003E-006
1.97339	5.2279320E-006
1.97414	6.8453337E-006
1.97489	8.3875466E-006
1.97564	1.0269293E-005
1.97639	1.1999973E-005
1.97714	1.4045288E-005
1.97789	1.6135758E-005
1.97864	1.7977842E-005
1.97939	2.0073858E-005
1.98014	2.1876347E-005
1.98089	2.3877585E-005
1.98164	2.5558676E-005
1.98239	2.7378355E-005
1.98314	2.9068264E-005
1.98389	3.0422423E-005
1.98464	3.1822387E-005
1.98539	3.2891010E-005
1.98614	3.3941022E-005
1.98689	3.4785007E-005
1.98764	3.5349702E-005
1.98839	3.5795241E-005
1.98914	3.6023135E-005
1.98989	3.6043562E-005
1.990639	3.5869489E-005
1.991389	3.5539131E-005
1.992139	3.4971668E-005
1.992889	3.4207696E-005
1.993639	3.3387558E-005
1.994389	3.2288932E-005
1.995139	3.1032283E-005
1.995889	2.9815212E-005
1.996639	2.8306680E-005
1.997389	2.6693997E-005
1.998139	2.5205227E-005
1.998889	2.3439567E-005
1.999639	2.1623264E-005
2.000389	2.0010475E-005
2.001139	1.8154582E-005
2.001889	1.6307020E-005
2.002639	1.4712457E-005
2.003389	1.2933539E-005
2.004139	1.1217356E-005
2.004889	9.7802376E-006
2.005639	8.2269034E-006
2.006389	6.7830379E-006
2.007138	5.6178533E-006
2.007889	4.4112303E-006
2.008638	3.3456456E-006
2.009388	2.5354711E-006
2.010138	1.7550457E-006
2.010888	1.1340056E-006
2.011638	6.7470705E-007
2.012388	4.0602268E-007
2.013138	2.5047746E-007
2.013888	2.5333492E-007
2.014638	3.8229717E-007
2.015388	6.6857558E-007
2.016138	1.0961404E-006
2.016888	1.6550358E-006
2.017638	2.2441968E-006
2.018388	3.0214685E-006
2.019138	3.8970857E-006
2.019888	4.8583429E-006
2.020638	5.7585235E-006
2.021388	6.8413678E-006
2.022138	7.8957646E-006
2.022888	8.9037740E-006
2.023638	1.0070429E-005
2.024388	1.1239458E-005
2.025137	1.2394294E-005
2.025887	1.3381743E-005
2.026638	1.4472996E-005
2.027387	1.5510999E-005
2.028137	1.6484248E-005
2.028887	1.7381817E-005
2.029637	1.8095960E-005
2.030387	1.8827155E-005
2.031137	1.9453337E-005
2.031887	1.9969741E-005
2.032637	2.0330392E-005
2.033387	2.0634063E-005
2.034137	2.0820476E-005
2.034887	2.0886162E-005
2.035637	2.0830921E-005
2.036387	2.0686171E-005
2.037137	2.0413925E-005
2.037887	2.0030026E-005
2.038637	1.9540870E-005
2.039387	1.8952664E-005
2.040137	1.8273626E-005
2.040887	1.7612530E-005
2.041637	1.6785185E-005
2.042387	1.5893220E-005
2.043137	1.4946047E-005
2.043886	1.3955951E-005
2.044636	1.3062017E-005
2.045386	1.2020095E-005
2.046136	1.0967761E-005
2.046886	9.9149756E-006
2.047636	8.8741162E-006
2.048386	7.8555304E-006
2.049136	6.8704076E-006
2.049886	6.0426041E-006
2.050636	5.1444431E-006
2.051386	4.3062828E-006
2.052136	3.5353548E-006
2.052886	2.8386339E-006
2.053636	2.2220011E-006
2.054386	1.6908524E-006
2.055136	1.2989981E-006
2.055886	9.3739516E-007
2.056636	6.6944170E-007
2.057386	4.9618757E-007
2.058136	4.1715944E-007
2.058886	4.3123748E-007
2.059636	5.3609301E-007
2.060385	7.2851668E-007
2.061136	1.0041839E-006
2.061886	1.3099886E-006
2.062635	1.7278151E-006
2.063385	2.2123309E-006
2.064135	2.7565322E-006
2.064885	3.3529789E-006
2.065635	3.9932802E-006
2.066385	4.6690243E-006
2.067135	5.3714371E-006
2.067885	6.0919515E-006
2.068635	6.8211325E-006
2.069385	7.5503940E-006
2.070135	8.2711504E-006
2.070885	8.8877223E-006
2.071635	9.5695159E-006
2.072385	1.0218888E-005
2.073135	1.0828903E-005
2.073885	1.1393072E-005
2.074635	1.1904603E-005
2.075385	1.2359154E-005
2.076135	1.2749308E-005
2.076885	1.3075346E-005
2.077635	1.3331839E-005
2.078385	1.3515301E-005
2.079134	1.3624920E-005
2.079885	1.3661042E-005
2.080634	1.3623191E-005
2.081384	1.3512660E-005
2.082134	1.3330871E-005
2.082884	1.3081157E-005
2.083634	1.2766640E-005
2.084384	1.2390822E-005
2.085134	1.1958787E-005
2.085884	1.1475474E-005
2.086634	1.0946777E-005
2.087384	1.0378756E-005
2.088134	9.7777374E-006
2.088884	9.1503398E-006
2.089634	8.5037573E-006
2.090384	7.8444937E-006
2.091134	7.1804357E-006
2.091884	6.5181098E-006
2.092634	5.8646306E-006
2.093384	5.2262035E-006
2.094134	4.6098253E-006
2.094884	4.0214113E-006
2.095634	3.5004177E-006
2.096384	2.9822791E-006
2.097134	2.5076833E-006
2.097883	2.0807199E-006
2.098634	1.7051676E-006
2.099383	1.3841526E-006
2.100133	1.1199922E-006
2.100883	9.1458264E-007
2.101633	7.6895998E-007
2.102383	6.8333594E-007
2.103133	6.5810974E-007
2.103883	6.9154748E-007
2.104633	7.8290060E-007
2.105383	9.5178740E-007
2.106133	1.1574722E-006
2.106883	1.4124558E-006
2.107633	1.7127304E-006
2.108383	2.0540322E-006
2.109133	2.4318917E-006
2.109883	2.8413222E-006
2.110633	3.2767421E-006
2.111383	3.7335960E-006
2.112133	4.2051993E-006
2.112883	4.6867481E-006
2.113633	5.1723491E-006
2.114383	5.7166872E-006
2.115133	6.1926135E-006
2.115882	6.6542930E-006
2.116632	7.0988631E-006
2.117382	7.5187550E-006
2.118132	7.9117563E-006
2.118882	8.2735087E-006
2.119632	8.5987303E-006
2.120382	8.8848028E-006
2.121132	9.1567408E-006
2.121882	9.3501785E-006
2.122632	9.4990237E-006
2.123382	9.5985242E-006
2.124132	9.6515723E-006
2.124882	9.6544309E-006
2.125632	9.6101576E-006
2.126382	9.5046789E-006
2.127132	9.3609342E-006
2.127882	9.1746597E-006
2.128632	8.9455571E-006
2.129382	8.6787395E-006
2.130132	8.3762725E-006
2.130882	8.0415721E-006
2.131632	7.6319093E-006
2.132382	7.2424014E-006
2.133132	6.8331560E-006
2.133882	6.4092951E-006
2.134631	5.9747777E-006
2.135381	5.4794882E-006
2.136131	5.0377266E-006
2.136881	4.6003406E-006
2.137631	4.1707808E-006
2.138381	3.7538218E-006
2.139131	3.3535582E-006
2.139881	2.9277533E-006
2.140631	2.5752581E-006
2.141381	2.2503853E-006
2.142131	1.9560875E-006
2.142881	1.6649832E-006
2.143631	1.4436515E-006
2.144381	1.2596024E-006
2.145131	1.1141760E-006
2.145881	1.0079591E-006
2.146631	9.3604206E-007
2.147381	9.1433685E-007
2.148131	9.3197167E-007
2.148881	9.8796340E-007
2.149631	1.0950905E-006
2.150381	1.2278708E-006
2.15113	1.3936872E-006
2.151881	1.5902372E-006
2.15263	1.8147801E-006
2.15338	2.0975344E-006
2.15413	2.3717714E-006
2.15488	2.6640787E-006
2.15563	3.0106323E-006
2.15638	3.3300528E-006
2.15713	3.6560625E-006
2.15788	3.9857800E-006
2.15863	4.3552313E-006
2.15938	4.6792820E-006
2.16013	4.9948867E-006
2.16088	5.2991704E-006
2.16163	5.6238350E-006
2.16238	5.8766800E-006
2.16313	6.1264022E-006
2.16388	6.3796524E-006
2.16463	6.5773338E-006
2.16538	6.7470573E-006
2.16613	6.8876466E-006
2.16688	7.0088681E-006
2.16763	7.0835772E-006
2.16838	7.1261375E-006
2.16913	7.1361801E-006
2.169879	7.1102031E-006
2.17063	7.0521810E-006
2.171379	6.9517773E-006
2.172129	6.8301210E-006
2.172879	6.6810157E-006
2.173629	6.4824630E-006
2.174379	6.2804452E-006
2.175129	6.0567836E-006
2.175879	5.7827779E-006
2.176629	5.5218402E-006
2.177379	5.2474284E-006
2.178129	4.9268519E-006
2.178879	4.6338937E-006
2.179629	4.3369068E-006
2.180379	4.0014706E-006
2.181129	3.7056716E-006
2.181879	3.4148238E-006
2.182629	3.0975684E-006
2.183379	2.8269112E-006
2.184129	2.5695745E-006
2.184879	2.2995198E-006
2.185629	2.0784018E-006
2.186378	1.8539041E-006
2.187129	1.6777417E-006
2.187878	1.5248289E-006
2.188628	1.3823101E-006
2.189378	1.2826215E-006
2.190128	1.2089160E-006
2.190878	1.1575628E-006
2.191628	1.1398357E-006
2.192378	1.1509543E-006
2.193128	1.1877727E-006
2.193878	1.2586837E-006
2.194628	1.3463657E-006
2.195378	1.4560072E-006
2.196128	1.6036900E-006
2.196878	1.7546262E-006
2.197628	1.9440449E-006
2.198378	2.1276403E-006
2.199128	2.3229861E-006
2.199878	2.5546785E-006
2.200628	2.7680903E-006
2.201378	3.0139001E-006
2.202128	3.2343066E-006
2.202878	3.4813718E-006
2.203628	3.6982235E-006
2.204378	3.9355450E-006
2.205127	4.1382555E-006
2.205878	4.3310779E-006
2.206627	4.5338925E-006
2.207377	4.6993332E-006
2.208127	4.8670772E-006
2.208877	4.9980877E-006
2.209627	5.1236316E-006
2.210377	5.2146715E-006
2.211127	5.2932419E-006
2.211877	5.3407712E-006
2.212627	5.3689068E-006
2.213377	5.3716030E-006
2.214127	5.3498743E-006
2.214877	5.3086478E-006
2.215627	5.2382861E-006
2.216377	5.1555780E-006
2.217127	5.0546309E-006
2.217877	4.9212272E-006
2.218627	4.7683070E-006
2.219377	4.6179566E-006
2.220127	4.4339317E-006
2.220877	4.2596589E-006
2.221627	4.0534978E-006
2.222377	3.8634112E-006
2.223126	3.6567774E-006
2.223876	3.4598265E-006
2.224627	3.2376533E-006
2.225376	3.0419403E-006
2.226126	2.8259906E-006
2.226876	2.6394960E-006
2.227626	2.4387396E-006
2.228376	2.2693639E-006
2.229126	2.0915707E-006
2.229876	1.9459890E-006
2.230626	1.7979694E-006
2.231376	1.6814495E-006
2.232126	1.5684129E-006
2.232876	1.4753136E-006
2.233626	1.4100076E-006
2.234376	1.3565577E-006
2.235126	1.3271393E-006
2.235876	1.3138462E-006
2.236626	1.3195809E-006
2.237376	1.3455399E-006
2.238126	1.3910091E-006
2.238876	1.4471051E-006
2.239626	1.5268215E-006
2.240376	1.6110731E-006
2.241126	1.7198182E-006
2.241875	1.8273053E-006
2.242625	1.9589186E-006
2.243375	2.0998525E-006
2.244125	2.2312281E-006
2.244875	2.3841792E-006
2.245625	2.5231714E-006
2.246375	2.6804573E-006
2.247125	2.8373393E-006
2.247875	2.9743398E-006
2.248625	3.1242280E-006
2.249375	3.2521218E-006
2.250125	3.3885035E-006
2.250875	3.5153143E-006
2.251625	3.6184751E-006
2.252375	3.7229936E-006
2.253125	3.8138087E-006
2.253875	3.8820285E-006
2.254625	3.9448028E-006
2.255375	3.9915876E-006
2.256125	4.0193363E-006
2.256875	4.0353389E-006
2.257625	4.0355276E-006
2.258374	4.0203481E-006
2.259125	3.9891652E-006
2.259875	3.9483321E-006
2.260624	3.8887106E-006
2.261374	3.8153303E-006
2.262124	3.7392795E-006
2.262874	3.6425829E-006
2.263624	3.5354849E-006
2.264374	3.4325801E-006
2.265124	3.3096524E-006
2.265874	3.1805521E-006
2.266624	3.0615693E-006
2.267374	2.9250009E-006
2.268124	2.7868555E-006
2.268874	2.6486732E-006
2.269624	2.5271027E-006
2.270374	2.3932855E-006
2.271124	2.2637576E-006
2.271874	2.1534322E-006
2.272624	2.0359571E-006
2.273374	1.9267259E-006
2.274124	1.8370590E-006
2.274874	1.7456512E-006
2.275624	1.6650664E-006
2.276374	1.5959441E-006
2.277123	1.5445380E-006
2.277874	1.4981965E-006
2.278623	1.4642354E-006
2.279373	1.4436556E-006
2.280123	1.4343019E-006
2.280873	1.4354556E-006
2.281623	1.4483134E-006
2.282373	1.4692303E-006
2.283123	1.5028412E-006
2.283873	1.5464219E-006
2.284623	1.5991766E-006
2.285373	1.6530722E-006
2.286123	1.7205459E-006
2.286873	1.7942949E-006
2.287623	1.8731769E-006
2.288373	1.9561151E-006
2.289123	2.0321409E-006
2.289873	2.1194060E-006
2.290623	2.2072031E-006
2.291373	2.2943968E-006
2.292123	2.3705049E-006
2.292873	2.4537715E-006
2.293622	2.5333916E-006
2.294373	2.6083394E-006
2.295123	2.6776922E-006
2.295872	2.7340159E-006
2.296623	2.7912006E-006
2.297372	2.8409636E-006
2.298122	2.8826566E-006
2.298872	2.9160078E-006
2.299622	2.9382952E-006
2.300372	2.9549171E-006
2.301122	2.9630592E-006
2.301872	2.9623641E-006
2.302622	2.9529115E-006
2.303372	2.9374166E-006
2.304122	2.9123687E-006
2.304872	2.8795898E-006
2.305622	2.8395143E-006
2.306372	2.7929573E-006
2.307122	2.7401838E-006
2.307872	2.6889600E-006
2.308622	2.6269095E-006
2.309372	2.5609186E-006
2.310122	2.4917324E-006
2.310872	2.4203794E-006
2.311622	2.3474674E-006
2.312371	2.2736967E-006
2.313122	2.2082079E-006
2.313871	2.1353187E-006
2.314621	2.0638568E-006
2.315372	1.9946190E-006
2.316121	1.9282227E-006
2.316871	1.8651914E-006
2.317621	1.8060616E-006
2.318371	1.7514843E-006
2.319121	1.7067558E-006
2.319871	1.6615605E-006
2.320621	1.6215574E-006
2.321371	1.5871785E-006
2.322121	1.5586170E-006
2.322871	1.5358007E-006
2.323621	1.5186090E-006
2.324371	1.5071151E-006
2.325121	1.5010914E-006
2.325871	1.5004472E-006
2.326621	1.5041144E-006
2.327371	1.5126660E-006
2.328121	1.5256830E-006
2.328871	1.5426577E-006
2.329621	1.5635731E-006
2.330371	1.5872846E-006
2.33112	1.6137477E-006
2.331871	1.6409497E-006
2.33262	1.6714404E-006
2.33337	1.7031668E-006
2.33412	1.7357321E-006
2.33487	1.7684978E-006
2.33562	1.8014051E-006
2.33637	1.8335836E-006
2.33712	1.8648456E-006
2.33787	1.8949610E-006
2.33862	1.9202321E-006
2.33937	1.9468621E-006
2.34012	1.9711053E-006
2.34087	1.9931101E-006
2.34162	2.0124685E-006
2.34237	2.0290272E-006
2.34312	2.0428458E-006
2.34387	2.0535722E-006
2.34462	2.0614668E-006
2.34537	2.0663811E-006
2.34612	2.0683121E-006
2.34687	2.0673654E-006
2.34762	2.0638006E-006
2.34837	2.0576113E-006
2.349119	2.0490008E-006
2.349869	2.0379703E-006
2.35062	2.0249554E-006
2.351369	2.0098755E-006
2.352119	1.9933609E-006
2.352869	1.9753168E-006
2.353619	1.9560312E-006
2.354369	1.9355934E-006
2.355119	1.9144686E-006
2.355869	1.8926744E-006
2.356619	1.8703881E-006
2.357369	1.8479763E-006
2.358119	1.8254249E-006
2.358869	1.8004705E-006
2.359619	1.7805449E-006
2.360369	1.7561651E-006
2.361119	1.7346060E-006
2.361869	1.7134902E-006
2.362619	1.6929064E-006
2.363369	1.6730585E-006
2.364119	1.6536038E-006
2.364869	1.6348635E-006
2.365619	1.6168018E-006
2.366369	1.5992848E-006
2.367119	1.5822754E-006
2.367868	1.5658737E-006
2.368618	1.5499471E-006
2.369368	1.5344474E-006
2.370118	1.5194256E-006
2.370868	1.5047690E-006
2.371618	1.4889760E-006
2.372368	1.4749185E-006
2.373118	1.4611670E-006
2.373868	1.4478952E-006
2.374618	1.4347844E-006
2.375368	1.4217997E-006
2.376118	1.4091086E-006
2.376868	1.3967767E-006
2.377618	1.3846668E-006
2.378368	1.3731515E-006
2.379118	1.3608824E-006
2.379868	1.3503223E-006
2.380618	1.3401748E-006
2.381368	1.3313587E-006
2.382118	1.3228845E-006
2.382868	1.3151390E-006
2.383618	1.3082663E-006
2.384367	1.3026875E-006
2.385118	1.2979015E-006
2.385868	1.2948672E-006
2.386617	1.2931215E-006
2.387367	1.2929861E-006
2.388117	1.2943075E-006
2.388867	1.2972987E-006
2.389617	1.3017760E-006
2.390367	1.3088785E-006
2.391117	1.3169342E-006
2.391867	1.3266821E-006
2.392617	1.3379480E-006
2.393367	1.3508594E-006
2.394117	1.3651688E-006
2.394867	1.3827045E-006
2.395617	1.3997477E-006
2.396367	1.4177908E-006
2.397117	1.4367298E-006
2.397867	1.4563720E-006
2.398617	1.4787837E-006
2.399367	1.4989945E-006
2.400117	1.5191798E-006
2.400867	1.5391101E-006
2.401617	1.5583502E-006
2.402367	1.5788086E-006
2.403116	1.5958731E-006
2.403867	1.6116691E-006
2.404616	1.6254968E-006
2.405366	1.6374031E-006
2.406116	1.6479448E-006
2.406866	1.6547668E-006
2.407616	1.6588298E-006
2.408366	1.6598592E-006
2.409116	1.6579407E-006
2.409866	1.6518057E-006
2.410616	1.6428373E-006
2.411366	1.6303051E-006
2.412116	1.6143618E-006
2.412866	1.5925933E-006
2.413616	1.5692466E-006
2.414366	1.5425114E-006
2.415116	1.5126875E-006
2.415866	1.4758151E-006
2.416616	1.4397625E-006
2.417366	1.4011031E-006
2.418116	1.3599579E-006
2.418866	1.3121246E-006
2.419616	1.2672795E-006
2.420366	1.2211694E-006
2.421116	1.1690300E-006
2.421865	1.1216604E-006
2.422616	1.0742842E-006
2.423365	1.0274802E-006
2.424115	9.7656971E-007
2.424865	9.3241118E-007
2.425615	8.8998581E-007
2.426365	8.4563408E-007
2.427115	8.1070891E-007
2.427865	7.7688821E-007
2.428615	7.4657709E-007
2.429365	7.1749673E-007
2.430115	6.9583882E-007
2.430865	6.7871832E-007
2.431615	6.6535563E-007
2.432365	6.5846274E-007
2.433115	6.5673157E-007
2.433865	6.6093315E-007
2.434615	6.7012763E-007
2.435365	6.8457547E-007
2.436115	7.0658353E-007
2.436865	7.3157338E-007
2.437615	7.6126292E-007
2.438365	7.9958744E-007
2.439115	8.3843327E-007
2.439864	8.8103116E-007
2.440614	9.3235155E-007
2.441364	9.8159592E-007
2.442114	1.0332661E-006
2.442864	1.0927412E-006
2.443614	1.1476940E-006
2.444364	1.2096777E-006
2.445114	1.2654052E-006
2.445864	1.3206646E-006
2.446614	1.3807697E-006
2.447364	1.4329862E-006
2.448114	1.4827019E-006
2.448864	1.5345540E-006
2.449614	1.5776702E-006
2.450364	1.6205968E-006
2.451114	1.6544570E-006
2.451864	1.6834151E-006
2.452614	1.7091871E-006
2.453364	1.7262004E-006
2.454114	1.7372386E-006
2.454864	1.7421837E-006
2.455614	1.7397837E-006
2.456364	1.7295296E-006
2.457114	1.7133854E-006
2.457864	1.6879320E-006
2.458613	1.6581755E-006
2.459363	1.6222640E-006
2.460113	1.5754637E-006
2.460863	1.5274784E-006
2.461613	1.4680162E-006
2.462363	1.4095297E-006
2.463113	1.3396943E-006
2.463863	1.2729951E-006
2.464613	1.2032690E-006
2.465363	1.1231176E-006
2.466113	1.0490585E-006
2.466863	9.6581664E-007
2.467613	8.9047671E-007
2.468363	8.0764653E-007
2.469113	7.3432091E-007
2.469863	6.5528872E-007
2.470613	5.8698328E-007
2.471363	5.1878175E-007
2.472113	4.5834807E-007
2.472863	4.0267975E-007
2.473613	3.4710382E-007
2.474363	3.0339561E-007
2.475112	2.6225766E-007
2.475863	2.3243199E-007
2.476612	2.0773911E-007
2.477362	1.9346258E-007
2.478112	1.8667998E-007
2.478862	1.8882973E-007
2.479612	2.0058276E-007
2.480362	2.1946748E-007
2.481112	2.4967554E-007
2.481862	2.8489765E-007
2.482612	3.3267821E-007
2.483362	3.8314934E-007
2.484112	4.4692709E-007
2.484862	5.1085544E-007
2.485612	5.8846285E-007
2.486362	6.7218610E-007
2.487112	7.5204491E-007
2.487862	8.4497151E-007
2.488612	9.3151988E-007
2.489362	1.0301504E-006
2.490112	1.1202321E-006
2.490862	1.2207875E-006
2.491612	1.3106272E-006
2.492362	1.4091687E-006
2.493112	1.4955440E-006
2.493861	1.5879833E-006
2.494612	1.6759018E-006
2.495361	1.7502298E-006
2.496111	1.8264985E-006
2.496861	1.8890196E-006
2.497611	1.9509810E-006
2.498361	1.9991044E-006
2.499111	2.0436637E-006
2.499861	2.0754239E-006
2.500611	2.1010396E-006
2.501361	2.1158235E-006
2.502111	2.1199094E-006
2.502861	2.1141834E-006
2.503611	2.0996367E-006
2.504361	2.0728939E-006
2.505111	2.0358104E-006
2.505861	1.9935248E-006
2.506611	1.9370398E-006
2.507361	1.8782176E-006
2.508111	1.8045417E-006
2.508861	1.7228192E-006
2.509611	1.6428480E-006
2.51036	1.5481045E-006
2.511111	1.4580413E-006
2.51186	1.3535449E-006
2.51261	1.2512160E-006
2.513361	1.1522453E-006
2.51411	1.0411467E-006
2.51486	9.2991559E-007
2.51561	8.3068534E-007
2.51636	7.2263407E-007
2.51711	6.1795748E-007
2.51786	5.2766472E-007
2.51861	4.3277169E-007
2.51936	3.5315097E-007
2.52011	2.7218914E-007
2.52086	2.0006550E-007
2.52161	1.4351289E-007
2.52236	9.0788383E-008
2.52311	4.9508635E-008
2.52386	2.2713131E-008
2.52461	5.0533560E-009
2.52536	6.2894473E-010
2.52611	8.3328198E-009
2.52686	3.0133940E-008
2.52761	6.6051193E-008
2.52836	1.1615152E-007
2.529109	1.7336113E-007
2.52986	2.5020742E-007
2.530609	3.4070550E-007
2.531359	4.3347347E-007
2.532109	5.4876244E-007
2.532859	6.7617640E-007
2.533609	8.0051922E-007
2.534359	9.4868733E-007
2.535109	1.1066056E-006
2.535859	1.2727880E-006
2.536609	1.4288485E-006
2.537359	1.6078537E-006
2.538109	1.7920183E-006
2.538859	1.9607232E-006
2.539609	2.1499989E-006
2.540359	2.3401672E-006
2.541109	2.5293975E-006
2.541859	2.6977600E-006
2.542609	2.8805387E-006
2.543359	3.0584229E-006
2.544109	3.2291412E-006
2.544859	3.3751805E-006
2.545609	3.5282496E-006
2.546359	3.6699419E-006
2.547108	3.7986756E-006
2.547858	3.9024371E-006
2.548609	4.0028422E-006
2.549358	4.0867594E-006
2.550108	4.1535945E-006
2.550858	4.1977605E-006
2.551608	4.2290458E-006
2.552358	4.2396514E-006
2.553108	4.2320939E-006
2.553858	4.2036945E-006
2.554608	4.1600656E-006
2.555358	4.0928389E-006
2.556108	4.0050736E-006
2.556858	3.8975163E-006
2.557608	3.7711070E-006
2.558358	3.6416141E-006
2.559108	3.4812133E-006
2.559858	3.3053395E-006
2.560608	3.1149355E-006
2.561358	2.9116363E-006
2.562108	2.7197841E-006
2.562858	2.4983899E-006
2.563608	2.2703941E-006
2.564358	2.0388500E-006
2.565108	1.8061445E-006
2.565857	1.5746645E-006
2.566607	1.3705393E-006
2.567357	1.1508178E-006
2.568107	9.4166944E-007
2.568857	7.4633761E-007
2.569607	5.6812291E-007
2.570357	4.2499332E-007
2.571107	2.8844940E-007
2.571857	1.7860354E-007
2.572607	9.8532652E-008
2.573357	5.1390177E-008
2.574107	4.0074404E-008
2.574857	6.7340835E-008
2.575607	1.3583619E-007
2.576357	2.3456690E-007
2.577107	3.8722817E-007
2.577857	5.8695537E-007
2.578607	8.3511736E-007
2.579357	1.1325529E-006
2.580107	1.4797306E-006
2.580857	1.8772292E-006
2.581607	2.3245225E-006
2.582356	2.7685062E-006
2.583107	3.3072993E-006
2.583857	3.8922954E-006
2.584606	4.5204865E-006
2.585356	5.1899251E-006
2.586106	5.8959458E-006
2.586856	6.6357288E-006
2.587606	7.4048648E-006
2.588356	8.1971339E-006
2.589106	9.0082149E-006
2.589856	9.7908423E-006
2.590606	1.0535734E-005
2.591356	1.1366031E-005
2.592106	1.2188511E-005
2.592856	1.2996877E-005
2.593606	1.3785153E-005
2.594356	1.4541130E-005
2.595106	1.5262989E-005
2.595856	1.5939078E-005
2.596606	1.6560736E-005
2.597356	1.7123992E-005
2.598106	1.7618349E-005
2.598856	1.8037383E-005
2.599606	1.8376159E-005
2.600356	1.8627718E-005
2.601105	1.8782919E-005
2.601856	1.8843715E-005
2.602605	1.8801129E-005
2.603355	1.8654831E-005
2.604105	1.8399784E-005
2.604855	1.8039584E-005
2.605605	1.7569631E-005
2.606355	1.6996764E-005
2.607105	1.6321706E-005
2.607855	1.5629932E-005
2.608605	1.4775088E-005
2.609355	1.3836211E-005
2.610105	1.2716678E-005
2.610855	1.1633887E-005
2.611605	1.0615233E-005
2.612355	9.4501602E-006
2.613105	8.1458484E-006
2.613855	6.9579110E-006
2.614605	5.7897146E-006
2.615355	4.6624491E-006
2.616105	3.5981056E-006
2.616855	2.6221901E-006
2.617604	1.7603530E-006
2.618355	1.0401570E-006
2.619105	4.8966160E-007
2.619854	1.3905898E-007
2.620605	1.8523941E-008
2.621354	1.5948841E-007
2.622104	5.9410934E-007
2.622854	1.3543694E-006
2.623604	2.4733044E-006
2.624354	3.9828283E-006
2.625104	5.9155791E-006
2.625854	8.3041805E-006
2.626604	1.1022576E-005
2.627354	1.4388629E-005
2.628104	1.8295766E-005
2.628854	2.2778913E-005
2.629604	2.8402384E-005
2.630354	3.4167890E-005
2.631104	4.0583800E-005
2.631854	4.7665915E-005
2.632604	5.5427950E-005
2.633354	6.3891326E-005
2.634104	7.3069546E-005
2.634854	8.2960636E-005
2.635604	9.3569448E-005
2.636353	1.0489483E-004
2.637104	1.1694834E-004
2.637853	1.2971966E-004
2.638603	1.4457143E-004
2.639353	1.5879679E-004
2.640103	1.7368297E-004
2.640853	1.8922443E-004
2.641603	2.0537643E-004
2.642353	2.2209839E-004
2.643103	2.3939817E-004
2.643853	2.5719713E-004
2.644603	2.7732411E-004
2.645353	2.9602842E-004
2.646103	3.1511558E-004
2.646853	3.3449358E-004
2.647603	3.5414705E-004
2.648353	3.7395154E-004
2.649103	3.9392131E-004
2.649853	4.1593530E-004
2.650603	4.3595801E-004
2.651353	4.5589657E-004
2.652103	4.7562603E-004
2.652853	4.9517973E-004
2.653603	5.1443453E-004
2.654353	5.3514144E-004
2.655102	5.5353279E-004
2.655853	5.7136605E-004
2.656602	5.8857584E-004
2.657352	6.0514803E-004
2.658102	6.2099338E-004
2.658852	6.3752121E-004
2.659602	6.5154390E-004
2.660352	6.6467375E-004
2.661102	6.7617907E-004
2.661852	6.8731199E-004
2.662602	6.9833640E-004
2.663352	7.0708018E-004
2.664102	7.1465387E-004
2.664852	7.2098238E-004
2.665602	7.2610140E-004
2.666352	7.3019700E-004
2.667102	7.3259912E-004
2.667852	7.3368929E-004
2.668602	7.3336606E-004
2.669352	7.3180592E-004
2.670102	7.2847836E-004
2.670852	7.2411395E-004
2.671602	7.1847573E-004
2.672352	7.1144314E-004
2.673101	7.0238224E-004
2.673851	6.9284561E-004
2.674601	6.8206352E-004
2.675351	6.7020260E-004
2.676101	6.5585988E-004
2.676851	6.4176507E-004
2.677601	6.2671560E-004
2.678351	6.1068794E-004
2.679101	5.9216184E-004
2.679851	5.7449716E-004
2.680601	5.5606692E-004
2.681351	5.3516257E-004
2.682101	5.1552412E-004
2.682851	4.9547566E-004
2.683601	4.7500955E-004
2.684351	4.5220848E-004
2.685101	4.3120541E-004
2.685851	4.1009614E-004
2.686601	3.8893340E-004
2.687351	3.6567502E-004
2.688101	3.4465996E-004
2.688851	3.2384373E-004
2.689601	3.0121091E-004
2.690351	2.8101684E-004
2.691101	2.6119212E-004
2.69185	2.3996331E-004
2.6926	2.2121414E-004
2.69335	2.0303101E-004
2.6941	1.8380255E-004
2.69485	1.6785366E-004
2.6956	1.5175654E-004
2.69635	1.3496488E-004
2.6971	1.2051945E-004
2.69785	1.0690730E-004
2.6986	9.2922019E-005
2.69935	8.1101527E-005
2.7001	7.0162452E-005
2.70085	5.9146027E-005
2.7016	5.0047624E-005
2.70235	4.1828771E-005
2.7031	3.3785938E-005
2.70385	2.7366152E-005
2.7046	2.1774980E-005
2.70535	1.6554368E-005
2.7061	1.2626770E-005
2.70685	9.4431707E-006
2.7076	6.7620117E-006
2.708349	5.0320755E-006
2.7091	3.8553985E-006
2.709849	3.4033581E-006
2.710599	3.4912730E-006
2.711349	4.1594471E-006
2.712099	5.2365854E-006
2.712849	6.7106253E-006
2.713599	8.7349081E-006
2.714349	1.0887912E-005
2.715099	1.3543984E-005
2.715849	1.6168191E-005
2.716599	1.8944225E-005
2.717349	2.2121107E-005
2.718099	2.5074960E-005
2.718849	2.8345818E-005
2.719599	3.1293683E-005
2.720349	3.4470042E-005
2.721099	3.7254718E-005
2.721849	3.9909963E-005
2.722599	4.2653191E-005
2.723349	4.4950808E-005
2.724099	4.7243975E-005
2.724849	4.9086986E-005
2.725599	5.0836949E-005
2.726349	5.2159765E-005
2.727098	5.3260519E-005
2.727849	5.4031625E-005
2.728598	5.4523942E-005
2.729348	5.4755012E-005
2.730098	5.4678665E-005
2.730848	5.4285083E-005
2.731598	5.3654134E-005
2.732348	5.2683150E-005
2.733098	5.1553590E-005
2.733848	5.0060709E-005
2.734598	4.8489761E-005
2.735348	4.6558005E-005
2.736098	4.4626820E-005
2.736848	4.2347685E-005
2.737598	4.0150040E-005
2.738348	3.7627055E-005
2.739098	3.5258276E-005
2.739848	3.2596745E-005
2.740598	3.0151845E-005
2.741348	2.7464081E-005
2.742098	2.5038240E-005
2.742848	2.2421271E-005
2.743598	2.0106450E-005
2.744348	1.7655915E-005
2.745097	1.5531614E-005
2.745847	1.3330203E-005
2.746598	1.1463223E-005
2.747347	9.5770947E-006
2.748097	8.0225691E-006
2.748847	6.5020286E-006
2.749597	5.2976507E-006
2.750347	4.1763374E-006
2.751097	3.3443830E-006
2.751847	2.6373762E-006
2.752597	2.1822379E-006
2.753347	1.8864814E-006
2.754097	1.7982408E-006
2.754847	1.8935614E-006
2.755597	2.1818082E-006
2.756347	2.6001424E-006
2.757097	3.2218443E-006
2.757847	3.8823464E-006
2.758597	4.7778740E-006
2.759347	5.6990698E-006
2.760097	6.8141630E-006
2.760847	8.0171449E-006
2.761597	9.1708607E-006
2.762347	1.0488781E-005
2.763097	1.1714767E-005
2.763846	1.3077103E-005
2.764596	1.4433890E-005
2.765346	1.5647911E-005
2.766096	1.6944819E-005
2.766846	1.8076218E-005
2.767596	1.9252117E-005
2.768346	2.0344603E-005
2.769096	2.1250627E-005
2.769846	2.2145659E-005
2.770596	2.2856580E-005
2.771346	2.3515557E-005
2.772096	2.4043366E-005
2.772846	2.4400373E-005
2.773596	2.4660665E-005
2.774346	2.4771589E-005
2.775096	2.4755996E-005
2.775846	2.4600989E-005
2.776596	2.4337218E-005
2.777346	2.3921884E-005
2.778096	2.3377163E-005
2.778846	2.2779150E-005
2.779596	2.2013781E-005
2.780345	2.1148833E-005
2.781096	2.0282547E-005
2.781846	1.9253186E-005
2.782595	1.8158309E-005
2.783345	1.7115895E-005
2.784095	1.5928630E-005
2.784845	1.4715720E-005
2.785595	1.3598663E-005
2.786345	1.2371113E-005
2.787095	1.1155379E-005
2.787845	1.0071805E-005
2.788595	8.9675104E-006
2.789345	7.8584435E-006
2.790095	6.9022853E-006
2.790845	5.9162735E-006
2.791595	5.0094491E-006
2.792345	4.2605834E-006
2.793095	3.5262970E-006
2.793845	2.8920795E-006
2.794595	2.3623300E-006
2.795345	1.9746828E-006
2.796095	1.6532434E-006
2.796845	1.4432283E-006
2.797595	1.3478633E-006
2.798345	1.3473182E-006
2.799094	1.4533732E-006
2.799845	1.6384912E-006
2.800594	1.9355577E-006
2.801344	2.3240550E-006
2.802094	2.7972401E-006
2.802844	3.2940443E-006
2.803594	3.9057140E-006
2.804344	4.5770789E-006
2.805094	5.2980645E-006
2.805844	5.9875711E-006
2.806594	6.7746782E-006
2.807344	7.5806615E-006
2.808094	8.3952073E-006
2.808844	9.1335969E-006
2.809594	9.9350100E-006
2.810344	1.0714032E-005
2.811094	1.1462230E-005
2.811844	1.2106929E-005
2.812594	1.2769180E-005
2.813344	1.3375855E-005
2.814094	1.3918057E-005
2.814844	1.4392119E-005
2.815593	1.4756215E-005
2.816344	1.5083431E-005
2.817094	1.5317255E-005
2.817843	1.5480926E-005
2.818594	1.5557800E-005
2.819343	1.5553660E-005
2.820093	1.5467402E-005
2.820843	1.5295765E-005
2.821593	1.5043837E-005
2.822343	1.4714495E-005
2.823093	1.4349225E-005
2.823843	1.3883472E-005
2.824593	1.3354248E-005
2.825343	1.2767918E-005
2.826093	1.2133884E-005
2.826843	1.1457776E-005
2.827593	1.0812509E-005
2.828343	1.0079308E-005
2.829093	9.3274848E-006
2.829843	8.5676966E-006
2.830593	7.8062658E-006
2.831343	7.0532506E-006
2.832093	6.3822176E-006
2.832843	5.6668059E-006
2.833593	4.9825139E-006
2.834342	4.3362402E-006
2.835093	3.7350833E-006
2.835842	3.1845441E-006
2.836592	2.6903106E-006
2.837343	2.2936752E-006
2.838092	1.9187794E-006
2.838842	1.6116257E-006
2.839592	1.3740921E-006
2.840342	1.2081352E-006
2.841092	1.1137624E-006
2.841842	1.0914500E-006
2.842592	1.1395749E-006
2.843342	1.2564331E-006
2.844092	1.4204530E-006
2.844842	1.6609882E-006
2.845592	1.9458444E-006
2.846342	2.2978604E-006
2.847092	2.6994860E-006
2.847842	3.1451968E-006
2.848592	3.6286788E-006
2.849342	4.1435251E-006
2.850092	4.6829323E-006
2.850842	5.2399801E-006
2.851592	5.8077298E-006
2.852342	6.3266871E-006
2.853091	6.8947097E-006
2.853842	7.4528189E-006
2.854591	7.9942129E-006
2.855341	8.5122065E-006
2.856091	9.0012027E-006
2.856841	9.4547258E-006
2.857591	9.8684231E-006
2.858341	1.0236559E-005
2.859091	1.0556097E-005
2.859841	1.0822326E-005
2.860591	1.1033740E-005
2.861341	1.1186485E-005
2.862091	1.1280641E-005
2.862841	1.1314071E-005
2.863591	1.1288525E-005
2.864341	1.1202874E-005
2.865091	1.1058367E-005
2.865841	1.0857671E-005
2.866591	1.0603775E-005
2.867341	1.0299651E-005
2.868091	9.9477529E-006
2.868841	9.5538335E-006
2.869591	9.1216216E-006
2.870341	8.6566579E-006
2.87109	8.2096094E-006
2.87184	7.6974711E-006
2.872591	7.1197251E-006
2.87334	6.6042066E-006
2.87409	6.0603734E-006
2.87484	5.5180740E-006
2.87559	4.9835990E-006
2.87634	4.4624903E-006
2.87709	3.9605711E-006
2.87784	3.4832453E-006
2.87859	3.0350895E-006
2.87934	2.6211615E-006
2.88009	2.2455051E-006
2.88084	1.9114564E-006
2.88159	1.6224748E-006
2.88234	1.3814122E-006
2.88309	1.1899198E-006
2.88384	1.0498262E-006
2.88459	9.6171379E-007
2.88534	9.2623804E-007
2.88609	9.4269217E-007
2.88684	1.0105269E-006
2.88759	1.1279080E-006
2.88834	1.2930551E-006
2.88909	1.5036100E-006
2.889839	1.7562099E-006
2.890589	2.0473803E-006
2.891339	2.4047110E-006
2.892089	2.7638316E-006
2.892839	3.1486056E-006
2.893589	3.5540484E-006
2.894339	3.9753222E-006
2.895089	4.4069780E-006
2.895839	4.8442180E-006
2.896589	5.2814726E-006
2.897339	5.7140815E-006
2.898089	6.1363899E-006
2.898839	6.5435065E-006
2.899589	6.9480620E-006
2.900339	7.3103852E-006
2.901089	7.6440238E-006
2.901839	7.9457832E-006
2.902589	8.2119577E-006
2.903339	8.4395515E-006
2.904089	8.6258678E-006
2.904839	8.7698099E-006
2.905589	8.8768229E-006
2.906338	8.9266423E-006
2.907089	8.9304976E-006
2.907839	8.8892630E-006
2.908588	8.8025490E-006
2.909338	8.6726841E-006
2.910088	8.5003940E-006
2.910838	8.2664092E-006
2.911588	8.0130048E-006
2.912338	7.7247696E-006
2.913088	7.4058739E-006
2.913838	7.0589904E-006
2.914588	6.6890684E-006
2.915338	6.2633189E-006
2.916088	5.8577693E-006
2.916838	5.4422044E-006
2.917588	5.0209701E-006
2.918338	4.5985394E-006
2.919088	4.1797998E-006
2.919838	3.7325447E-006
2.920588	3.3356930E-006
2.921338	2.9557366E-006
2.922088	2.5971133E-006
2.922838	2.2628499E-006
2.923588	1.9566835E-006
2.924338	1.6585053E-006
2.925087	1.4205015E-006
2.925838	1.2271424E-006
2.926587	1.0619397E-006
2.927337	9.2661401E-007
2.928087	8.4485561E-007
2.928837	8.0422012E-007
2.929587	8.0439230E-007
2.930337	8.4537197E-007
2.931087	9.3505724E-007
2.931837	1.0574098E-006
2.932587	1.2160589E-006
2.933337	1.4091928E-006
2.934087	1.6559549E-006
2.934837	1.9121924E-006
2.935587	2.1939356E-006
2.936337	2.4977519E-006
2.937087	2.8501413E-006
2.937837	3.1880281E-006
2.938587	3.5362425E-006
2.939337	3.8905096E-006
2.940087	4.2796714E-006
2.940837	4.6336968E-006
2.941586	4.9815667E-006
2.942337	5.3189760E-006
2.943087	5.6714807E-006
2.943836	5.9753957E-006
2.944587	6.2582158E-006
2.945336	6.5385902E-006
2.946086	6.7670808E-006
2.946836	6.9654830E-006
2.947586	7.1319273E-006
2.948336	7.2746493E-006
2.949086	7.3688120E-006
2.949836	7.4270247E-006
2.950586	7.4480604E-006
2.951336	7.4300829E-006
2.952086	7.3764495E-006
2.952836	7.2768826E-006
2.953586	7.1487698E-006
2.954336	6.9874400E-006
2.955086	6.7951810E-006
2.955836	6.5522745E-006
2.956586	6.3017342E-006
2.957336	6.0274347E-006
2.958086	5.7051611E-006
2.958836	5.3914614E-006
2.959586	5.0640765E-006
2.960335	4.6957407E-006
2.961086	4.3511277E-006
2.961835	4.0042241E-006
2.962585	3.6271676E-006
2.963335	3.2867604E-006
2.964085	2.9255857E-006
2.964835	2.6074179E-006
2.965585	2.3047533E-006
2.966335	1.9964750E-006
2.967085	1.7366033E-006
2.967835	1.5013310E-006
2.968585	1.2754666E-006
2.969335	1.0986513E-006
2.970085	9.5245224E-007
2.970835	8.2968216E-007
2.971585	7.5146727E-007
2.972335	7.0466024E-007
2.973085	6.9690083E-007
2.973835	7.2290578E-007
2.974585	7.8880572E-007
2.975335	8.8280513E-007
2.976085	1.0139056E-006
2.976835	1.1690659E-006
2.977585	1.3513068E-006
2.978335	1.5786200E-006
2.979084	1.8102631E-006
2.979835	2.0852845E-006
2.980584	2.3544635E-006
2.981334	2.6370240E-006
2.982084	2.9567950E-006
2.982834	3.2566631E-006
2.983584	3.5875630E-006
2.984334	3.8903981E-006
2.985084	4.2163542E-006
2.985834	4.5073516E-006
2.986584	4.8130519E-006
2.987334	5.0785370E-006
2.988084	5.3276385E-006
2.988834	5.5769769E-006
2.989584	5.7824159E-006
2.990334	5.9793333E-006
2.991084	6.1325595E-006
2.991834	6.2674817E-006
2.992584	6.3609837E-006
2.993334	6.4283367E-006
2.994084	6.4579644E-006
2.994834	6.4562332E-006
2.995584	6.4196997E-006
2.996334	6.3536563E-006
2.997083	6.2481326E-006
2.997833	6.1217074E-006
2.998583	5.9526651E-006
2.999333	5.7714074E-006
3.000083	5.5566734E-006
3.000833	5.3300269E-006
3.001583	5.0615981E-006
3.002333	4.7992198E-006
3.003083	4.4981980E-006
3.003833	4.2120400E-006
3.004583	3.8921166E-006
3.005333	3.5953190E-006
3.006083	3.2711021E-006
3.006833	2.9772004E-006
3.007583	2.6633963E-006
3.008333	2.3607236E-006
3.009083	2.0959067E-006
3.009833	1.8244384E-006
3.010583	1.5937894E-006
3.011333	1.3652086E-006
3.012083	1.1788827E-006
3.012833	1.0030053E-006
3.013583	8.6870455E-007
3.014333	7.5281736E-007
3.015083	6.7588724E-007
3.015832	6.2462726E-007
3.016582	6.0770157E-007
3.017332	6.2223319E-007
3.018082	6.7082595E-007
3.018832	7.4452265E-007
3.019582	8.5542734E-007
3.020332	9.8387261E-007
3.021082	1.1514270E-006
3.021832	1.3281249E-006
3.022582	1.5436422E-006
3.023332	1.7700729E-006
3.024082	2.0022212E-006
3.024832	2.2697745E-006
3.025582	2.5252839E-006
3.026332	2.8118570E-006
3.027082	3.1031877E-006
3.027832	3.3708372E-006
3.028582	3.6606232E-006
3.029332	3.9207284E-006
3.030082	4.1954208E-006
3.030832	4.4574517E-006
3.031582	4.6833306E-006
3.032331	4.9120308E-006
3.033082	5.1019547E-006
3.033831	5.2866553E-006
3.034581	5.4448769E-006
3.035331	5.5651317E-006
3.036081	5.6676549E-006
3.036831	5.7348952E-006
3.037581	5.7775555E-006
3.038331	5.7884067E-006
3.039081	5.7696993E-006
3.039831	5.7191655E-006
3.040581	5.6370641E-006
3.041331	5.5353157E-006
3.042081	5.3967483E-006
3.042831	5.2311384E-006
3.043581	5.0568065E-006
3.044331	4.8455545E-006
3.045081	4.6135856E-006
3.045831	4.3856971E-006
3.046581	4.1341946E-006
3.047331	3.8607282E-006
3.048081	3.6024583E-006
3.048831	3.3160500E-006
3.049581	3.0282538E-006
3.050331	2.7656499E-006
3.05108	2.4841745E-006
3.051831	2.2111267E-006
3.05258	1.9708302E-006
3.05333	1.7226162E-006
3.05408	1.4916660E-006
3.05483	1.2808471E-006
3.05558	1.1070915E-006
3.05633	9.4118599E-007
3.05708	8.0157196E-007
3.05783	6.9800205E-007
3.05858	6.1277842E-007
3.05933	5.5742396E-007
3.06008	5.3254860E-007
3.06083	5.3642532E-007
3.06158	5.6982884E-007
3.06233	6.3291276E-007
3.06308	7.1614278E-007
3.06383	8.3344065E-007
3.06458	9.7686882E-007
3.06533	1.1445005E-006
3.06608	1.3177050E-006
3.06683	1.5255740E-006
3.06758	1.7508523E-006
3.06833	1.9903405E-006
3.069079	2.2094325E-006
3.069829	2.4678875E-006
3.07058	2.7320218E-006
3.071329	2.9982755E-006
3.072079	3.2636867E-006
3.072829	3.5031242E-006
3.073579	3.7576751E-006
3.074329	4.0018449E-006
3.075079	4.2327774E-006
3.075829	4.4306216E-006
3.076579	4.6287769E-006
3.077329	4.8063480E-006
3.078079	4.9608448E-006
3.078829	5.0911653E-006
3.079579	5.1870556E-006
3.080329	5.2658625E-006
3.081079	5.3163312E-006
3.081829	5.3383746E-006
3.082579	5.3310500E-006
3.083329	5.2990658E-006
3.084079	5.2367755E-006
3.084829	5.1467432E-006
3.085579	5.0303588E-006
3.086329	4.8888382E-006
3.087079	4.7383560E-006
3.087828	4.5537749E-006
3.088578	4.3494288E-006
3.089328	4.1283429E-006
3.090078	3.8929870E-006
3.090828	3.6563938E-006
3.091578	3.4226248E-006
3.092328	3.1617687E-006
3.093078	2.8983611E-006
3.093828	2.6350353E-006
3.094578	2.3748569E-006
3.095328	2.1212495E-006
3.096078	1.8766857E-006
3.096828	1.6631913E-006
3.097578	1.4443127E-006
3.098328	1.2425426E-006
3.099078	1.0600760E-006
3.099828	8.9910964E-007
3.100578	7.6144119E-007
3.101328	6.4858062E-007
3.102078	5.6186502E-007
3.102828	5.0602529E-007
3.103578	4.7142933E-007
3.104327	4.6482467E-007
3.105078	4.8591369E-007
3.105828	5.3462793E-007
3.106577	6.1004107E-007
3.107327	7.1139567E-007
3.108077	8.3735404E-007
3.108827	9.8627117E-007
3.109577	1.1562623E-006
3.110327	1.3288737E-006
3.111077	1.5335463E-006
3.111827	1.7526542E-006
3.112577	1.9738438E-006
3.113327	2.2136801E-006
3.114077	2.4598962E-006
3.114827	2.7095928E-006
3.115577	2.9598464E-006
3.116327	3.2077066E-006
3.117077	3.4499872E-006
3.117827	3.6843142E-006
3.118577	3.9074193E-006
3.119327	4.1172652E-006
3.120077	4.3109249E-006
3.120827	4.4861295E-006
3.121577	4.6413893E-006
3.122327	4.7742592E-006
3.123076	4.8751076E-006
3.123827	4.9619352E-006
3.124576	5.0225631E-006
3.125326	5.0571207E-006
3.126076	5.0643889E-006
3.126826	5.0451490E-006
3.127576	4.9990886E-006
3.128326	4.9270620E-006
3.129076	4.8293964E-006
3.129826	4.7080762E-006
3.130576	4.5638058E-006
3.131326	4.3983628E-006
3.132076	4.2143865E-006
3.132826	4.0131126E-006
3.133576	3.8065814E-006
3.134326	3.5790854E-006
3.135076	3.3420397E-006
3.135826	3.0979866E-006
3.136576	2.8501602E-006
3.137326	2.6008292E-006
3.138076	2.3532334E-006
3.138826	2.1102198E-006
3.139575	1.8742662E-006
3.140326	1.6483202E-006
3.141076	1.4347695E-006
3.141825	1.2361577E-006
3.142576	1.0547136E-006
3.143325	8.7987223E-007
3.144075	7.4034807E-007
3.144825	6.2345322E-007
3.145575	5.3071096E-007
3.146325	4.6293948E-007
3.147075	4.2081629E-007
3.147825	4.0493788E-007
3.148575	4.1535253E-007
3.149325	4.5178811E-007
3.150075	5.1400184E-007
3.150825	6.0101462E-007
3.151575	7.1198974E-007
3.152325	8.4545792E-007
3.153075	9.9998795E-007
3.153825	1.1736475E-006
3.154575	1.3562762E-006
3.155325	1.5793385E-006
3.156075	1.7983375E-006
3.156825	2.0272935E-006
3.157575	2.2636927E-006
3.158324	2.5046425E-006
3.159075	2.7476549E-006
3.159824	2.9896237E-006
3.160574	3.2279102E-006
3.161325	3.4601717E-006
3.162074	3.6832041E-006
3.162824	3.9121051E-006
3.163574	4.1084777E-006
3.164324	4.2888510E-006
3.165074	4.4504941E-006
3.165824	4.5923211E-006
3.166574	4.7120443E-006
3.167324	4.8086349E-006
3.168074	4.8813586E-006
3.168824	4.9316668E-006
3.169574	4.9516902E-006
3.170324	4.9456826E-006
3.171074	4.9142441E-006
3.171824	4.8571874E-006
3.172574	4.7752278E-006
3.173324	4.6700129E-006
3.174074	4.5302136E-006
3.174824	4.3860246E-006
3.175574	4.2164361E-006
3.176324	4.0297664E-006
3.177073	3.8272460E-006
3.177824	3.6118461E-006
3.178573	3.3666136E-006
3.179323	3.1319109E-006
3.180073	2.8915740E-006
3.180823	2.6487780E-006
3.181573	2.4061026E-006
3.182323	2.1464296E-006
3.183073	1.9125373E-006
3.183823	1.6869366E-006
3.184573	1.4720764E-006
3.185323	1.2703788E-006
3.186073	1.0695829E-006
3.186823	9.0247670E-007
3.187573	7.5500657E-007
3.188323	6.2861795E-007
3.189073	5.2475048E-007
3.189823	4.3916054E-007
3.190573	3.8569286E-007
3.191323	3.5763327E-007
3.192073	3.5504368E-007
3.192823	3.8128306E-007
3.193573	4.3185298E-007
3.194323	5.0349291E-007
3.195072	6.0181173E-007
3.195822	7.2292727E-007
3.196573	8.7857728E-007
3.197322	1.0428350E-006
3.198072	1.2252102E-006
3.198822	1.4235792E-006
3.199572	1.6540675E-006
3.200322	1.8785823E-006
3.201072	2.1119326E-006
3.201822	2.3515599E-006
3.202572	2.6154091E-006
3.203322	2.8594834E-006
3.204072	3.1016923E-006
3.204822	3.3587357E-006
3.205572	3.5885946E-006
3.206322	3.8080902E-006
3.207072	4.0154732E-006
3.207822	4.2235311E-006
3.208572	4.3980826E-006
3.209322	4.5535185E-006
3.210072	4.6991372E-006
3.210822	4.8099423E-006
3.211572	4.8977727E-006
3.212322	4.9652340E-006
3.213072	5.0016265E-006
3.213821	5.0121434E-006
3.214571	4.9980899E-006
3.215321	4.9546793E-006
3.216071	4.8879651E-006
3.216821	4.7975168E-006
3.217571	4.6728578E-006
3.218321	4.5352767E-006
3.219071	4.3766991E-006
3.219821	4.1842095E-006
3.220571	3.9892125E-006
3.221321	3.7792884E-006
3.222071	3.5387473E-006
3.222821	3.3062629E-006
3.223571	3.0664812E-006
3.224321	2.8023685E-006
3.225071	2.5564814E-006
3.225821	2.3116579E-006
3.226571	2.0508896E-006
3.227321	1.8169817E-006
3.228071	1.5923234E-006
3.228821	1.3621143E-006
3.229571	1.1641795E-006
3.23032	9.6830138E-007
3.231071	8.0670634E-007
3.231821	6.6539866E-007
3.23257	5.3709118E-007
3.23332	4.4619935E-007
3.23407	3.7051359E-007
3.23482	3.2674100E-007
3.23557	3.0881611E-007
3.23632	3.1862734E-007
3.23707	3.5475486E-007
3.23782	4.2278458E-007
3.23857	5.1145918E-007
3.23932	6.2426869E-007
3.24007	7.7218124E-007
3.24082	9.3107559E-007
3.24157	1.1253734E-006
3.24232	1.3231927E-006
3.24307	1.5365474E-006
3.24382	1.7829084E-006
3.24457	2.0213836E-006
3.24532	2.2892675E-006
3.24607	2.5421771E-006
3.24682	2.8192267E-006
3.24757	3.0747949E-006
3.24832	3.3276997E-006
3.249069	3.5952496E-006
3.24982	3.8337007E-006
3.250569	4.0795385E-006
3.251319	4.2926945E-006
3.252069	4.4976205E-006
3.252819	4.6761861E-006
3.253569	4.8470615E-006
3.254319	4.9821033E-006
3.255069	5.1027714E-006
3.255819	5.1881943E-006
3.256569	5.2522309E-006
3.257319	5.2843193E-006
3.258069	5.2898326E-006
3.258819	5.2661985E-006
3.259569	5.2165915E-006
3.260319	5.1337665E-006
3.261069	5.0315416E-006
3.261819	4.8939046E-006
3.262569	4.7430244E-006
3.263319	4.5561537E-006
3.264069	4.3641330E-006
3.264819	4.1369562E-006
3.265568	3.9119250E-006
3.266319	3.6548636E-006
3.267069	3.4073298E-006
3.267818	3.1319412E-006
3.268569	2.8517541E-006
3.269318	2.5920810E-006
3.270068	2.3343512E-006
3.270818	2.0709272E-006
3.271568	1.8056496E-006
3.272318	1.5712757E-006
3.273068	1.3321384E-006
3.273818	1.1273775E-006
3.274568	9.2558770E-007
3.275318	7.6000174E-007
3.276068	6.0519153E-007
3.276818	4.8680408E-007
3.277568	3.8651197E-007
3.278318	3.2109750E-007
3.279068	2.8056107E-007
3.279818	2.7209614E-007
3.280568	2.9311838E-007
3.281318	3.4705718E-007
3.282068	4.2512326E-007
3.282818	5.3943626E-007
3.283568	6.7156810E-007
3.284317	8.4190054E-007
3.285068	1.0387238E-006
3.285817	1.2419601E-006
3.286567	1.4832287E-006
3.287317	1.7227703E-006
3.288067	1.9980093E-006
3.288817	2.2750230E-006
3.289567	2.5494221E-006
3.290317	2.8531560E-006
3.291067	3.1360853E-006
3.291817	3.4422492E-006
3.292567	3.7442442E-006
3.293317	4.0162417E-006
3.294067	4.3007567E-006
3.294817	4.5501588E-006
3.295567	4.8043512E-006
3.296317	5.0375975E-006
3.297067	5.2320374E-006
3.297817	5.4188140E-006
3.298567	5.5770024E-006
3.299317	5.6969416E-006
3.300067	5.7962043E-006
3.300817	5.8631031E-006
3.301567	5.8951687E-006
3.302317	5.8970709E-006
3.303066	5.8687915E-006
3.303817	5.8055848E-006
3.304566	5.7090233E-006
3.305316	5.5918827E-006
3.306066	5.4352636E-006
3.306816	5.2572050E-006
3.307566	5.0633844E-006
3.308316	4.8300321E-006
3.309066	4.5751935E-006
3.309816	4.3229870E-006
3.310566	4.0350524E-006
3.311316	3.7351008E-006
3.312066	3.4508323E-006
3.312816	3.1378474E-006
3.313566	2.8238278E-006
3.314316	2.5126051E-006
3.315066	2.2308334E-006
3.315816	1.9354609E-006
3.316566	1.6538986E-006
3.317316	1.4091785E-006
3.318066	1.1638020E-006
3.318816	9.4198168E-007
3.319566	7.4666048E-007
3.320316	5.9189836E-007
3.321065	4.5439995E-007
3.321815	3.4992095E-007
3.322565	2.8421016E-007
3.323315	2.4740038E-007
3.324065	2.4694182E-007
3.324815	2.8131069E-007
3.325565	3.4624418E-007
3.326315	4.5139498E-007
3.327065	5.9191609E-007
3.327815	7.6654254E-007
3.328565	9.5636869E-007
3.329315	1.1912553E-006
3.330065	1.4539847E-006
3.330815	1.7418901E-006
3.331565	2.0270995E-006
3.332315	2.3542834E-006
3.333065	2.6964196E-006
3.333815	3.0503627E-006
3.334565	3.3836152E-006
3.335315	3.7479776E-006
3.336065	4.1123035E-006
3.336815	4.4719004E-006
3.337565	4.7960752E-006
3.338315	5.1353072E-006
3.339065	5.4580119E-006
3.339814	5.7611260E-006
3.340564	6.0400757E-006
3.341314	6.2737863E-006
3.342064	6.4899054E-006
3.342814	6.6828297E-006
3.343564	6.8419195E-006
3.344314	6.9637717E-006
3.345064	7.0425331E-006
3.345814	7.0896276E-006
3.346564	7.0968563E-006
3.347314	7.0644951E-006
3.348064	6.9917633E-006
3.348814	6.8797490E-006
3.349564	6.7427382E-006
3.350314	6.5590471E-006
3.351064	6.3412431E-006
3.351814	6.0908128E-006
3.352564	5.8113310E-006
3.353314	5.5062296E-006
3.354064	5.2037958E-006
3.354814	4.8586598E-006
3.355564	4.4983117E-006
3.356313	4.1271669E-006
3.357064	3.7501409E-006
3.357813	3.3710880E-006
3.358563	2.9948287E-006
3.359313	2.6399982E-006
3.360063	2.3095781E-006
3.360813	1.9671895E-006
3.361563	1.6449933E-006
3.362313	1.3470919E-006
3.363063	1.0775157E-006
3.363813	8.3967558E-007
3.364563	6.3693886E-007
3.365313	4.7228176E-007
3.366063	3.5612302E-007
3.366813	2.7100631E-007
3.367563	2.2997440E-007
3.368313	2.3405477E-007
3.369063	2.8372997E-007
3.369813	3.7937130E-007
3.370563	5.2035062E-007
3.371313	7.0593484E-007
3.372063	9.3458465E-007
3.372813	1.2041676E-006
3.373563	1.5124765E-006
3.374313	1.8291244E-006
3.375062	2.2033682E-006
3.375813	2.5906249E-006
3.376562	3.0180333E-006
3.377312	3.4660375E-006
3.378062	3.9304068E-006
3.378812	4.4062554E-006
3.379562	4.8882871E-006
3.380312	5.3714325E-006
3.381062	5.8504274E-006
3.381812	6.3197258E-006
3.382562	6.7746405E-006
3.383312	7.2106122E-006
3.384062	7.6213305E-006
3.384812	8.0034788E-006
3.385562	8.3516861E-006
3.386312	8.6622904E-006
3.387062	8.9324321E-006
3.387812	9.1573156E-006
3.388562	9.3347944E-006
3.389312	9.4639890E-006
3.390062	9.5367895E-006
3.390812	9.5667092E-006
3.391562	9.5422874E-006
3.392312	9.4694269E-006
3.393061	9.3314547E-006
3.393811	9.1644297E-006
3.394562	8.9374116E-006
3.395311	8.6623349E-006
3.396061	8.3172854E-006
3.396811	7.9546380E-006
3.397561	7.5864523E-006
3.398311	7.1569348E-006
3.399061	6.6636885E-006
3.399811	6.1820601E-006
3.400561	5.6842264E-006
3.401311	5.1751795E-006
3.402061	4.6613445E-006
3.402811	4.1488702E-006
3.403561	3.6439374E-006
3.404311	3.1529926E-006
3.405061	2.6814591E-006
3.405811	2.2360905E-006
3.406561	1.8225156E-006
3.407311	1.4464111E-006
3.408061	1.1126870E-006
3.408811	8.3659182E-007
3.409561	6.0020659E-007
3.410311	4.1928368E-007
3.411061	2.9754793E-007
3.41181	2.3756864E-007
3.41256	2.4136511E-007
3.41331	3.1070016E-007
3.41406	4.5932020E-007
3.41481	6.6632504E-007
3.41556	9.3882670E-007
3.41631	1.2755770E-006
3.41706	1.6742727E-006
3.41781	2.1322710E-006
3.41856	2.6459068E-006
3.41931	3.2112048E-006
3.42006	3.8230019E-006
3.42081	4.4767658E-006
3.42156	5.1655120E-006
3.42231	5.9396939E-006
3.42306	6.6816137E-006
3.42381	7.4380396E-006
3.42456	8.2018087E-006
3.42531	8.9356809E-006
3.42606	9.6905951E-006
3.42681	1.0430229E-005
3.42756	1.1147363E-005
3.428309	1.1831852E-005
3.42906	1.2528268E-005
3.42981	1.3125692E-005
3.430559	1.3670563E-005
3.431309	1.4157654E-005
3.432059	1.4578652E-005
3.432809	1.4930077E-005
3.433559	1.5227839E-005
3.434309	1.5422127E-005
3.435059	1.5535024E-005
3.435809	1.5564861E-005
3.436559	1.5510925E-005
3.437309	1.5374433E-005
3.438059	1.5132522E-005
3.438809	1.4823739E-005
3.439559	1.4434905E-005
3.440309	1.3970284E-005
3.441059	1.3457603E-005
3.441809	1.2858432E-005
3.442559	1.2200770E-005
3.443309	1.1432754E-005
3.444059	1.0672431E-005
3.444809	9.8762875E-006
3.445559	9.0531530E-006
3.446309	8.2118731E-006
3.447058	7.2973512E-006
3.447809	6.4518795E-006
3.448558	5.6194635E-006
3.449308	4.8116754E-006
3.450058	4.0391510E-006
3.450808	3.2585028E-006
3.451558	2.5923102E-006
3.452308	1.9932988E-006
3.453058	1.4707165E-006
3.453808	1.0042510E-006
3.454558	6.6943892E-007
3.455308	4.3689789E-007
3.456058	3.1400458E-007
3.456808	3.0840994E-007
3.457558	4.2564110E-007
3.458308	6.6667928E-007
3.459058	1.0346322E-006
3.459808	1.5740285E-006
3.460558	2.2083054E-006
3.461308	2.9695395E-006
3.462058	3.8549992E-006
3.462808	4.9432133E-006
3.463557	6.0734565E-006
3.464308	7.3115111E-006
3.465058	8.6503351E-006
3.465807	1.0194778E-005
3.466558	1.1712053E-005
3.467307	1.3298268E-005
3.468057	1.5071065E-005
3.468807	1.6759797E-005
3.469557	1.8478129E-005
3.470307	2.0208459E-005
3.471057	2.2069960E-005
3.471807	2.3712562E-005
3.472557	2.5389740E-005
3.473307	2.7137781E-005
3.474057	2.8691789E-005
3.474807	3.0160430E-005
3.475557	3.1629472E-005
3.476307	3.2879085E-005
3.477057	3.3993336E-005
3.477807	3.4967186E-005
3.478557	3.5842259E-005
3.479307	3.6483794E-005
3.480057	3.6945839E-005
3.480807	3.7242025E-005
3.481557	3.7314032E-005
3.482306	3.7194295E-005
3.483057	3.6843147E-005
3.483806	3.6310503E-005
3.484556	3.5579385E-005
3.485307	3.4577773E-005
3.486056	3.3453045E-005
3.486806	3.2046479E-005
3.487556	3.0624848E-005
3.488306	2.8997430E-005
3.489056	2.7090860E-005
3.489806	2.5200292E-005
3.490556	2.3208959E-005
3.491306	2.0983287E-005
3.492056	1.8862478E-005
3.492806	1.6717986E-005
3.493556	1.4418766E-005
3.494306	1.2319808E-005
3.495056	1.0140112E-005
3.495806	8.2230927E-006
3.496556	6.4445117E-006
3.497306	4.7257117E-006
3.498056	3.3489880E-006
3.498806	2.1453911E-006
3.499556	1.3263136E-006
3.500306	8.3188399E-007
3.501055	7.0323239E-007
3.501806	9.9791146E-007
3.502555	1.7636560E-006
3.503305	2.9782398E-006
3.504055	4.6937025E-006
3.504805	7.1373797E-006
3.505555	9.9900581E-006
3.506305	1.3723676E-005
3.507055	1.7828586E-005
3.507805	2.2963217E-005
3.508555	2.8413962E-005
3.509305	3.5037217E-005
3.510055	4.1904339E-005
3.510805	4.9463320E-005
3.511555	5.8390317E-005
3.512305	6.7410198E-005
3.513055	7.7908458E-005
3.513805	8.8379151E-005
3.514555	1.0042462E-004
3.515305	1.1230949E-004
3.516055	1.2582686E-004
3.516805	1.3904354E-004
3.517555	1.5231190E-004
3.518305	1.6780743E-004
3.519054	1.8277284E-004
3.519804	1.9943625E-004
3.520555	2.1539467E-004
3.521304	2.3303747E-004
3.522054	2.4977693E-004
3.522804	2.6822154E-004
3.523554	2.8558186E-004
3.524304	3.0449621E-004
3.525054	3.2223531E-004
3.525804	3.4143392E-004
3.526554	3.5924197E-004
3.527304	3.7844709E-004
3.528054	3.9611306E-004
3.528804	4.1496239E-004
3.529554	4.3219680E-004
3.530304	4.5050640E-004
3.531054	4.6829032E-004
3.531804	4.8381058E-004
3.532554	5.0058786E-004
3.533304	5.1558978E-004
3.534054	5.3105666E-004
3.534804	5.4473185E-004
3.535554	5.5865338E-004
3.536304	5.7080947E-004
3.537054	5.8288238E-004
3.537803	5.9326191E-004
3.538553	6.0340075E-004
3.539303	6.1240623E-004
3.540053	6.1969797E-004
3.540803	6.2651071E-004
3.541553	6.3166057E-004
3.542303	6.3619419E-004
3.543053	6.3908339E-004
3.543803	6.4111233E-004
3.544553	6.4177113E-004
3.545303	6.4136880E-004
3.546053	6.3969637E-004
3.546803	6.3702930E-004
3.547553	6.3297217E-004
3.548303	6.2807335E-004
3.549053	6.2172132E-004
3.549803	6.1414106E-004
3.550553	6.0608995E-004
3.551303	5.9645012E-004
3.552053	5.8650132E-004
3.552803	5.7486759E-004
3.553553	5.6230073E-004
3.554302	5.4982095E-004
3.555053	5.3559907E-004
3.555803	5.2172976E-004
3.556552	5.0611096E-004
3.557302	4.8992061E-004
3.558052	4.7430943E-004
3.558802	4.5710284E-004
3.559552	4.3945404E-004
3.560302	4.2280537E-004
3.561052	4.0522235E-004
3.561802	3.8680318E-004
3.562552	3.6962543E-004
3.563302	3.5104324E-004
3.564052	3.3380580E-004
3.564802	3.1535747E-004
3.565552	2.9699912E-004
3.566302	2.8015283E-004
3.567052	2.6230636E-004
3.567802	2.4474147E-004
3.568552	2.2878879E-004
3.569302	2.1204137E-004
3.570052	1.9575957E-004
3.570802	1.8111085E-004
3.571552	1.6588654E-004
3.572302	1.5124638E-004
3.573051	1.3821489E-004
3.573802	1.2482380E-004
3.574551	1.1254963E-004
3.575301	1.0134778E-004
3.576051	8.9967332E-005
3.576801	7.9311823E-005
3.577551	6.9383925E-005
3.578301	6.0812021E-005
3.579051	5.2293388E-005
3.579801	4.4499076E-005
3.580551	3.7892121E-005
3.581301	3.1455951E-005
3.582051	2.5712403E-005
3.582801	2.0629242E-005
3.583551	1.6486176E-005
3.584301	1.2623975E-005
3.585051	9.3550843E-006
3.585801	6.8248305E-006
3.586551	4.6168366E-006
3.587301	2.9095277E-006
3.588051	1.6715628E-006
3.588801	9.3240283E-007
3.58955	4.8354730E-007
3.590301	3.9922799E-007
3.591051	6.4248462E-007
3.5918	1.1772563E-006
3.592551	1.9032910E-006
3.5933	2.8972347E-006
3.59405	4.0789705E-006
3.5948	5.4116563E-006
3.59555	6.7569995E-006
3.5963	8.2937686E-006
3.59705	9.8887358E-006
3.5978	1.1515117E-005
3.59855	1.3027291E-005
3.5993	1.4639269E-005
3.60005	1.6209129E-005
3.6008	1.7717197E-005
3.60155	1.9140805E-005
3.6023	2.0377956E-005
3.60305	2.1556107E-005
3.6038	2.2658396E-005
3.60455	2.3627932E-005
3.6053	2.4449719E-005
3.60605	2.5081392E-005
3.6068	2.5617837E-005
3.60755	2.5995969E-005
3.608299	2.6220261E-005
3.60905	2.6291040E-005
3.609799	2.6221067E-005
3.610549	2.6005329E-005
3.611299	2.5649522E-005
3.612049	2.5161542E-005
3.612799	2.4547937E-005
3.613549	2.3820598E-005
3.614299	2.2986023E-005
3.615049	2.2126824E-005
3.615799	2.1124364E-005
3.616549	2.0091162E-005
3.617299	1.8958730E-005
3.618049	1.7782424E-005
3.618799	1.6569784E-005
3.619549	1.5423961E-005
3.620299	1.4182176E-005
3.621049	1.2940606E-005
3.621799	1.1711072E-005
3.622549	1.0505965E-005
3.623299	9.3354038E-006
3.624049	8.2061579E-006
3.624799	7.1299664E-006
3.625549	6.1833612E-006
3.626299	5.2271071E-006
3.627048	4.3437653E-006
3.627799	3.5365765E-006
3.628548	2.8110753E-006
3.629298	2.1700935E-006
3.630048	1.6335990E-006
3.630798	1.1633481E-006
3.631548	7.8076459E-007
3.632298	4.8555648E-007
3.633048	2.8836754E-007
3.633798	1.5667688E-007
3.634548	1.0553839E-007
3.635298	1.3130268E-007
3.636048	2.2950765E-007
3.636798	3.9515618E-007
3.637548	6.2264331E-007
3.638298	9.0642550E-007
3.639048	1.2399450E-006
3.639798	1.6162065E-006
3.640548	2.0295367E-006
3.641298	2.4715014E-006
3.642048	2.9365931E-006
3.642798	3.4173754E-006
3.643548	3.8887742E-006
3.644298	4.3798796E-006
3.645047	4.8321399E-006
3.645797	5.3097997E-006
3.646547	5.7715770E-006
3.647297	6.2116483E-006
3.648047	6.6259836E-006
3.648797	7.0084002E-006
3.649547	7.3559277E-006
3.650297	7.6649712E-006
3.651047	7.9325710E-006
3.651797	8.1555772E-006
3.652547	8.3333662E-006
3.653297	8.4631147E-006
3.654047	8.5446800E-006
3.654797	8.5781758E-006
3.655547	8.5629872E-006
3.656297	8.5048068E-006
3.657047	8.3980431E-006
3.657797	8.2494644E-006
3.658547	8.0574946E-006
3.659297	7.8272960E-006
3.660047	7.5607741E-006
3.660797	7.2613948E-006
3.661547	6.9341490E-006
3.662297	6.5802792E-006
3.663047	6.2057675E-006
3.663796	5.8131377E-006
3.664546	5.4094039E-006
3.665296	4.9955743E-006
3.666046	4.5480642E-006
3.666796	4.1304761E-006
3.667546	3.7163115E-006
3.668296	3.3107913E-006
3.669046	2.9165988E-006
3.669796	2.5510756E-006
3.670546	2.1899632E-006
3.671296	1.8507747E-006
3.672046	1.5356489E-006
3.672796	1.2469699E-006
3.673546	9.8706630E-007
3.674296	7.5739388E-007
3.675046	5.5926330E-007
3.675796	3.9390258E-007
3.676546	2.6167874E-007
3.677296	1.6282870E-007
3.678046	9.3898436E-008
3.678796	6.3438847E-008
3.679546	6.4964105E-008
3.680295	9.7194409E-008
3.681046	1.5880947E-007
3.681795	2.4801980E-007
3.682545	3.5830220E-007
3.683295	4.9570031E-007
3.684045	6.5421779E-007
3.684795	8.3141180E-007
3.685545	1.0385968E-006
3.686295	1.2453751E-006
3.687045	1.4623695E-006
3.687795	1.6864429E-006
3.688545	1.9145104E-006
3.689295	2.1439657E-006
3.690045	2.3719001E-006
3.690795	2.5955856E-006
3.691545	2.8276627E-006
3.692295	3.0346532E-006
3.693045	3.2294724E-006
3.693795	3.4104339E-006
3.694545	3.5757021E-006
3.695295	3.7181542E-006
3.696045	3.8468870E-006
3.696795	3.9624506E-006
3.697545	4.0485875E-006
3.698295	4.1124863E-006
3.699044	4.1533704E-006
3.699795	4.1723051E-006
3.700544	4.1678632E-006
3.701294	4.1380540E-006
3.702044	4.0880927E-006
3.702794	4.0168406E-006
3.703544	3.9252336E-006
3.704294	3.8150006E-006
3.705044	3.6773174E-006
3.705794	3.5320145E-006
3.706544	3.3726997E-006
3.707294	3.2007754E-006
3.708044	3.0249851E-006
3.708794	2.8201907E-006
3.709544	2.6226669E-006
3.710294	2.4204542E-006
3.711044	2.2158806E-006
3.711794	2.0113596E-006
3.712544	1.7941023E-006
3.713294	1.5953622E-006
3.714044	1.4024424E-006
3.714794	1.2171364E-006
3.715544	1.0288097E-006
3.716294	8.6447864E-007
3.717043	7.1254988E-007
3.717793	5.7406538E-007
3.718544	4.5036066E-007
3.719293	3.3508198E-007
3.720043	2.4441030E-007
3.720793	1.7296450E-007
3.721543	1.1576711E-007
3.722293	7.3756652E-008
3.723043	5.2488378E-008
3.723793	4.8274156E-008
3.724543	6.0786057E-008
3.725293	9.2049511E-008
3.726043	1.3710266E-007
3.726793	1.9659736E-007
3.727543	2.7517240E-007
3.728293	3.6121202E-007
3.729043	4.5807445E-007
3.729793	5.6447180E-007
3.730543	6.8749171E-007
3.731293	8.0905812E-007
3.732043	9.3550142E-007
3.732793	1.0700807E-006
3.733543	1.2018048E-006
3.734293	1.3337284E-006
3.735043	1.4734660E-006
3.735792	1.6010935E-006
3.736542	1.7242760E-006
3.737292	1.8414496E-006
3.738042	1.9593620E-006
3.738792	2.0610057E-006
3.739542	2.1531089E-006
3.740292	2.2403635E-006
3.741042	2.3106368E-006
3.741792	2.3685254E-006
3.742542	2.4174092E-006
3.743292	2.4493688E-006
3.744042	2.4682658E-006
3.744792	2.4739516E-006
3.745542	2.4664612E-006
3.746292	2.4456931E-006
3.747042	2.4096128E-006
3.747792	2.3634111E-006
3.748542	2.3058456E-006
3.749292	2.2320830E-006
3.750042	2.1527565E-006
3.750792	2.0646787E-006
3.751542	1.9611623E-006
3.752291	1.8572515E-006
3.753042	1.7398736E-006
3.753792	1.6252004E-006
3.754541	1.5072412E-006
3.755291	1.3787494E-006
3.756041	1.2577167E-006
3.756791	1.1286897E-006
3.757541	1.0139823E-006
3.758291	8.9777149E-007
3.759041	7.7768198E-007
3.759791	6.7086728E-007
3.760541	5.6299058E-007
3.761291	4.6949586E-007
3.762041	3.8379952E-007
3.762791	3.0147874E-007
3.763541	2.3412728E-007
3.764291	1.7272350E-007
3.765041	1.2584509E-007
3.765791	8.9391335E-008
3.766541	6.2063826E-008
3.767291	4.7548198E-008
3.768041	4.3684707E-008
3.768791	5.0840530E-008
3.769541	6.8873561E-008
3.770291	9.6097452E-008
3.77104	1.3256542E-007
3.771791	1.8113353E-007
3.77254	2.3468534E-007
3.77329	2.9997159E-007
3.77404	3.6744694E-007
3.77479	4.4577996E-007
3.77554	5.2362850E-007
3.77629	6.1077276E-007
3.77704	6.9476317E-007
3.77779	7.8646860E-007
3.77854	8.7250447E-007
3.77929	9.6408633E-007
3.78004	1.0480597E-006
3.78079	1.1294519E-006
3.78154	1.2103108E-006
3.78229	1.2841168E-006
3.78304	1.3575767E-006
3.78379	1.4202128E-006
3.78454	1.4801296E-006
3.78529	1.5289442E-006
3.78604	1.5729601E-006
3.78679	1.6056920E-006
3.787539	1.6319196E-006
3.78829	1.6475548E-006
3.78904	1.6548099E-006
3.789789	1.6528791E-006
3.79054	1.6412721E-006
3.791289	1.6217535E-006
3.792039	1.5921821E-006
3.792789	1.5564626E-006
3.793539	1.5117773E-006
3.794289	1.4580613E-006
3.795039	1.4015434E-006
3.795789	1.3349264E-006
3.796539	1.2676043E-006
3.797289	1.1911391E-006
3.798039	1.1162321E-006
3.798789	1.0332199E-006
3.799539	9.5403163E-007
3.800289	8.6825906E-007
3.801039	7.8813883E-007
3.801789	7.0318441E-007
3.802539	6.2026407E-007
3.803289	5.4521371E-007
3.804039	4.6835066E-007
3.804789	4.0293952E-007
3.805539	3.3521300E-007
3.806288	2.7715018E-007
3.807039	2.2116956E-007
3.807788	1.7213944E-007
3.808538	1.3301948E-007
3.809288	9.8626707E-008
3.810038	7.3695333E-008
3.810788	5.4923028E-008
3.811538	4.4389459E-008
3.812288	4.1963080E-008
3.813038	4.7225701E-008
3.813788	5.9290223E-008
3.814538	7.9562795E-008
3.815288	1.0712340E-007
3.816038	1.3898173E-007
3.816788	1.7780282E-007
3.817538	2.2034264E-007
3.818288	2.7084087E-007
3.819038	3.2576864E-007
3.819788	3.8035267E-007
3.820538	4.4172268E-007
3.821288	5.0516849E-007
3.822038	5.6558446E-007
3.822788	6.3083974E-007
3.823538	6.9150485E-007
3.824288	7.5547285E-007
3.825037	8.1767649E-007
3.825788	8.7333285E-007
3.826537	9.2979855E-007
3.827287	9.8244016E-007
3.828037	1.0258209E-006
3.828787	1.0692831E-006
3.829537	1.1071553E-006
3.830287	1.1370840E-006
3.831037	1.1631711E-006
3.831787	1.1825734E-006
3.832537	1.1945172E-006
3.833287	1.2009219E-006
3.834037	1.2001842E-006
3.834787	1.1932979E-006
3.835537	1.1794317E-006
3.836287	1.1590124E-006
3.837037	1.1341887E-006
3.837787	1.1020486E-006
3.838537	1.0641205E-006
3.839287	1.0212882E-006
3.840037	9.7876648E-007
3.840787	9.2775122E-007
3.841537	8.7325895E-007
3.842287	8.1991686E-007
3.843036	7.6064930E-007
3.843786	7.0001869E-007
3.844536	6.3859022E-007
3.845286	5.8117183E-007
3.846036	5.2025251E-007
3.846786	4.6057804E-007
3.847536	4.0284206E-007
3.848286	3.5124512E-007
3.849036	2.9901287E-007
3.849786	2.5042181E-007
3.850536	2.0602100E-007
3.851286	1.6995061E-007
3.852036	1.3466396E-007
3.852786	1.0468688E-007
3.853536	8.0262055E-008
3.854286	6.2707045E-008
3.855036	4.9607191E-008
3.855786	4.2484430E-008
3.856536	4.1351669E-008
3.857286	4.5619903E-008
3.858036	5.5775349E-008
3.858786	7.1481679E-008
3.859536	9.2521439E-008
3.860286	1.1664105E-007
3.861036	1.4696023E-007
3.861785	1.8147948E-007
3.862535	2.1839854E-007
3.863285	2.5979193E-007
3.864035	3.0083689E-007
3.864785	3.4689489E-007
3.865535	3.9457322E-007
3.866285	4.4324878E-007
3.867035	4.9230312E-007
3.867785	5.3791712E-007
3.868535	5.8597362E-007
3.869285	6.3278787E-007
3.870035	6.7760845E-007
3.870785	7.1997181E-007
3.871535	7.5951800E-007
3.872285	7.9327151E-007
3.873035	8.2479312E-007
3.873785	8.5329316E-007
3.874535	8.7746639E-007
3.875285	8.9686125E-007
3.876035	9.1130630E-007
3.876785	9.2032440E-007
3.877535	9.2490131E-007
3.878284	9.2432373E-007
3.879035	9.1864126E-007
3.879784	9.0790297E-007
3.880534	8.9217730E-007
3.881284	8.7177040E-007
3.882034	8.4876751E-007
3.882784	8.2009831E-007
3.883534	7.8753357E-007
3.884284	7.5288705E-007
3.885034	7.1404003E-007
3.885784	6.7260095E-007
3.886534	6.2915831E-007
3.887284	5.8408267E-007
3.888034	5.4111581E-007
3.888784	4.9449613E-007
3.889534	4.4782760E-007
3.890284	4.0168069E-007
3.891034	3.5647506E-007
3.891784	3.1277810E-007
3.892534	2.7103326E-007
3.893284	2.3167415E-007
3.894034	1.9513300E-007
3.894784	1.6179769E-007
3.895534	1.3293068E-007
3.896284	1.0844941E-007
3.897033	8.6136644E-008
3.897784	6.8102430E-008
3.898533	5.4491107E-008
3.899283	4.5393307E-008
3.900033	4.0887357E-008
3.900783	4.0919975E-008
3.901533	4.5485340E-008
3.902283	5.4455437E-008
3.903033	6.7665418E-008
3.903783	8.4927692E-008
3.904533	1.0599086E-007
3.905283	1.3055745E-007
3.906033	1.5733198E-007
3.906783	1.8780584E-007
3.907533	2.2072820E-007
3.908283	2.5568218E-007
3.909033	2.8975043E-007
3.909783	3.2737111E-007
3.910533	3.6570208E-007
3.911283	4.0432968E-007
3.912033	4.4270189E-007
3.912783	4.8049782E-007
3.913532	5.1711800E-007
3.914283	5.5225115E-007
3.915032	5.8540871E-007
3.915782	6.1626275E-007
3.916533	6.4358807E-007
3.917282	6.6893614E-007
3.918032	6.9097246E-007
3.918782	7.0951751E-007
3.919532	7.2446340E-007
3.920282	7.3545738E-007
3.921032	7.4249243E-007
3.921782	7.4561109E-007
3.922532	7.4455943E-007
3.923282	7.3902561E-007
3.924032	7.3054082E-007
3.924782	7.1673441E-007
3.925532	7.0003540E-007
3.926282	6.7981892E-007
3.927032	6.5648760E-007
3.927782	6.3103607E-007
3.928532	6.0215251E-007
3.929282	5.7096537E-007
3.930032	5.3787102E-007
3.930782	5.0316459E-007
3.931532	4.6728474E-007
3.932281	4.3061959E-007
3.933032	3.9364750E-007
3.933781	3.5668401E-007
3.934531	3.2017661E-007
3.935281	2.8454701E-007
3.936031	2.5009339E-007
3.936781	2.1730970E-007
3.937531	1.8444729E-007
3.938281	1.5692265E-007
3.939031	1.3102064E-007
3.939781	1.0794039E-007
3.940531	8.7936094E-008
3.941281	7.1203971E-008
3.942031	5.7913599E-008
3.942781	4.8128943E-008
3.943531	4.1971841E-008
3.944281	3.9456360E-008
3.945031	4.0582332E-008
3.945781	4.5733550E-008
3.946531	5.4160370E-008
3.947281	6.5948456E-008
3.948031	8.0940808E-008
3.948781	9.8259946E-008
3.949531	1.1890128E-007
3.95028	1.4205190E-007
3.95103	1.6739399E-007
3.951781	1.9652960E-007
3.95253	2.2544633E-007
3.95328	2.5555838E-007
3.95403	2.8653747E-007
3.95478	3.1796688E-007
3.95553	3.4951410E-007
3.95628	3.8078153E-007
3.95703	4.1351919E-007
3.95778	4.4310156E-007
3.95853	4.7139352E-007
3.95928	4.9717846E-007
3.96003	5.2196674E-007
3.96078	5.4450942E-007
3.96153	5.6455889E-007
3.96228	5.8311326E-007
3.96303	5.9743456E-007
3.96378	6.0871889E-007
3.96453	6.1684972E-007
3.96528	6.2181749E-007
3.96603	6.2348329E-007
3.96678	6.2156755E-007
3.96753	6.1645028E-007
3.96828	6.0817723E-007
3.969029	5.9721765E-007
3.969779	5.8194786E-007
3.970529	5.6475125E-007
3.971279	5.4499503E-007
3.972029	5.2288891E-007
3.972779	4.9867072E-007
3.973529	4.7090037E-007
3.974279	4.4327470E-007
3.975029	4.1442405E-007
3.975779	3.8470063E-007
3.976529	3.5447681E-007
3.977279	3.2196976E-007
3.978029	2.9163968E-007
3.978779	2.6178088E-007
3.979529	2.3363241E-007
3.980279	2.0379277E-007
3.981029	1.7723383E-007
3.981779	1.5237744E-007
3.982529	1.2942691E-007
3.983279	1.0738850E-007
3.984029	8.9173113E-008
3.984779	7.3543973E-008
3.985528	6.0652297E-008
3.986279	5.0036792E-008
3.987029	4.3105590E-008
3.987778	3.9174861E-008
3.988528	3.8299998E-008
3.989278	4.0566942E-008
3.990028	4.5548298E-008
3.990778	5.3510504E-008
3.991528	6.5040062E-008
3.992278	7.8537262E-008
3.993028	9.4451487E-008
3.993778	1.1388753E-007
3.994528	1.3415692E-007
3.995278	1.5617923E-007
3.996028	1.7969502E-007
3.996778	2.0610004E-007
3.997528	2.3179145E-007
3.998278	2.5812705E-007
3.999028	2.8652701E-007
3.999778	3.1222669E-007
4.000528	3.3852638E-007
4.001278	3.6596060E-007
4.002028	3.9069849E-007
4.002778	4.1424613E-007
4.003528	4.3779127E-007
4.004278	4.5812484E-007
4.005027	4.7649743E-007
4.005777	4.9378457E-007
4.006527	5.0761918E-007
4.007277	5.1897962E-007
4.008028	5.2823395E-007
4.008777	5.3417062E-007
4.009527	5.3733584E-007
4.010277	5.3785726E-007
4.011027	5.3543334E-007
4.011777	5.3030737E-007
4.012527	5.2198322E-007
4.013277	5.1151966E-007
4.014027	4.9856345E-007
4.014777	4.8230282E-007
4.015527	4.6481324E-007
4.016277	4.4409003E-007
4.017027	4.2293181E-007
4.017777	4.0033822E-007
4.018527	3.7491739E-007
4.019277	3.5011070E-007
4.020027	3.2383164E-007
4.020777	2.9801214E-007
4.021527	2.7211766E-007
4.022276	2.4470492E-007
4.023026	2.1948613E-007
4.023777	1.9344407E-007
4.024527	1.7007645E-007
4.025276	1.4797263E-007
4.026026	1.2605226E-007
4.026776	1.0727933E-007
4.027526	8.9352113E-008
4.028276	7.4726067E-008
4.029026	6.2313759E-008
4.029776	5.1971558E-008
4.030526	4.4464642E-008
4.031276	3.9217408E-008
4.032026	3.6935742E-008
4.032776	3.7330736E-008
4.033526	4.0318771E-008
4.034276	4.6258094E-008
4.035026	5.4294695E-008
4.035776	6.5417844E-008
4.036526	7.8084106E-008
4.037276	9.2759876E-008
4.038026	1.1042291E-007
4.038775	1.2870115E-007
4.039526	1.4905822E-007
4.040276	1.6996803E-007
4.041026	1.9333254E-007
4.041775	2.1594174E-007
4.042525	2.4053668E-007
4.043275	2.6377589E-007
4.044025	2.8845952E-007
4.044775	3.1122153E-007
4.045525	3.3480609E-007
4.046275	3.5605186E-007
4.047025	3.7747236E-007
4.047775	3.9616179E-007
4.048525	4.1445296E-007
4.049275	4.2925583E-007
4.050025	4.4360544E-007
4.050775	4.5491598E-007
4.051525	4.6465161E-007
4.052275	4.7139230E-007
4.053025	4.7608714E-007
4.053775	4.7798142E-007
4.054525	4.7740792E-007
4.055274	4.7442234E-007
4.056025	4.6862772E-007
4.056775	4.6087493E-007
4.057525	4.5019138E-007
4.058275	4.3720442E-007
4.059024	4.2346940E-007
4.059774	4.0644164E-007
4.060524	3.8886017E-007
4.061275	3.6855656E-007
4.062024	3.4829117E-007
4.062774	3.2564864E-007
4.063524	3.0367985E-007
4.064274	2.7974085E-007
4.065024	2.5702877E-007
4.065774	2.3284686E-007
4.066524	2.0896587E-007
4.067274	1.8710811E-007
4.068024	1.6462562E-007
4.068774	1.4518889E-007
4.069524	1.2505610E-007
4.070274	1.0759945E-007
4.071024	9.0703402E-008
4.071774	7.5793025E-008
4.072524	6.3750221E-008
4.073274	5.3107581E-008
4.074024	4.5310177E-008
4.074774	3.9388681E-008
4.075523	3.5996802E-008
4.076273	3.5138086E-008
4.077024	3.6703636E-008
4.077774	4.0301465E-008
4.078524	4.6616233E-008
4.079273	5.5311389E-008
4.080023	6.5520261E-008
4.080773	7.8458001E-008
4.081523	9.3348142E-008
4.082273	1.0891753E-007
4.083023	1.2704545E-007
4.083773	1.4649669E-007
4.084523	1.6572821E-007
4.085273	1.8706118E-007
4.086023	2.0760255E-007
4.086773	2.2985321E-007
4.087523	2.5143834E-007
4.088273	2.7215589E-007
4.089023	2.9382346E-007
4.089773	3.1477262E-007
4.090523	3.3351196E-007
4.091273	3.5234007E-007
4.092023	3.6978577E-007
4.092772	3.8461928E-007
4.093523	3.9866387E-007
4.094273	4.1076672E-007
4.095023	4.2018240E-007
4.095772	4.2808193E-007
4.096522	4.3349291E-007
4.097272	4.3656388E-007
4.098022	4.3758141E-007
4.098773	4.3618587E-007
4.099522	4.3234226E-007
4.100272	4.2656552E-007
4.101022	4.1822662E-007
4.101772	4.0774822E-007
4.102522	3.9602014E-007
4.103272	3.8168884E-007
4.104022	3.6565231E-007
4.104772	3.4802059E-007
4.105522	3.3030113E-007
4.106272	3.1097272E-007
4.107022	2.9016817E-007
4.107772	2.7004850E-007
4.108522	2.4825425E-007
4.109272	2.2632452E-007
4.110022	2.0449832E-007
4.110772	1.8437294E-007
4.111522	1.6349689E-007
4.112271	1.4350206E-007
4.113021	1.2459857E-007
4.113771	1.0805288E-007
4.114522	9.1875052E-008
4.115272	7.7811642E-008
4.116021	6.5119785E-008
4.116771	5.5008520E-008
4.117521	4.6281123E-008
4.118271	3.9759520E-008
4.119021	3.5490167E-008
4.119771	3.3595757E-008
4.120521	3.3836006E-008
4.121271	3.6389931E-008
4.122021	4.1211397E-008
4.122771	4.8251795E-008
4.123521	5.6778379E-008
4.124271	6.7443416E-008
4.125021	8.0301760E-008
4.125771	9.4878082E-008
4.126521	1.1100393E-007
4.127271	1.2733506E-007
4.128021	1.4586624E-007
4.128771	1.6532269E-007
4.12952	1.8544235E-007
4.13027	2.0602580E-007
4.131021	2.2551301E-007
4.131771	2.4625703E-007
4.13252	2.6670429E-007
4.13327	2.8663459E-007
4.13402	3.0523196E-007
4.13477	3.2346040E-007
4.13552	3.3944909E-007
4.13627	3.5518093E-007
4.13702	3.6936953E-007
4.13777	3.8177183E-007
4.13852	3.9231685E-007
4.13927	4.0086047E-007
4.14002	4.0734116E-007
4.14077	4.1138443E-007
4.14152	4.1357069E-007
4.14227	4.1350873E-007
4.14302	4.1136596E-007
4.14377	4.0692345E-007
4.14452	4.0032896E-007
4.14527	3.9166818E-007
4.146019	3.8175276E-007
4.14677	3.6936041E-007
4.14752	3.5531227E-007
4.14827	3.3966668E-007
4.14902	3.2271078E-007
4.149769	3.0455212E-007
4.150519	2.8544440E-007
4.151269	2.6562259E-007
4.15202	2.4597364E-007
4.152769	2.2666538E-007
4.153519	2.0608152E-007
4.154269	1.8569324E-007
4.155019	1.6574120E-007
4.155769	1.4647709E-007
4.156519	1.2806554E-007
4.157269	1.1079541E-007
4.158019	9.4803589E-008
4.158769	8.0306961E-008
4.159519	6.7462892E-008
4.160269	5.6424007E-008
4.161019	4.7551747E-008
4.161769	4.0783451E-008
4.162519	3.5600806E-008
4.163269	3.2573418E-008
4.164019	3.1733144E-008
4.164769	3.3095279E-008
4.165519	3.6633310E-008
4.166268	4.2309249E-008
4.167018	5.0045433E-008
4.167768	5.9761085E-008
4.168519	7.1329808E-008
4.169269	8.4620638E-008
4.170018	9.8989339E-008
4.170768	1.1519332E-007
4.171518	1.3260308E-007
4.172268	1.5101773E-007
4.173018	1.7023564E-007
4.173768	1.9001713E-007
4.174518	2.1012653E-007
4.175268	2.3033775E-007
4.176018	2.5045850E-007
4.176768	2.7016199E-007
4.177518	2.8927752E-007
4.178268	3.0703413E-007
4.179018	3.2438905E-007
4.179768	3.4050879E-007
4.180518	3.5520878E-007
4.181268	3.6835735E-007
4.182018	3.7980027E-007
4.182767	3.8935872E-007
4.183517	3.9696764E-007
4.184268	4.0248997E-007
4.185018	4.0599917E-007
4.185768	4.0725149E-007
4.186517	4.0637187E-007
4.187267	4.0345824E-007
4.188017	3.9837224E-007
4.188767	3.9122548E-007
4.189517	3.8209112E-007
4.190267	3.7105099E-007
4.191017	3.5832525E-007
4.191767	3.4393688E-007
4.192517	3.2813915E-007
4.193267	3.1105841E-007
4.194017	2.9296655E-007
4.194767	2.7399480E-007
4.195517	2.5313904E-007
4.196267	2.3374804E-007
4.197017	2.1354636E-007
4.197767	1.9338955E-007
4.198517	1.7353877E-007
4.199267	1.5421227E-007
4.200016	1.3560260E-007
4.200767	1.1795716E-007
4.201517	1.0148101E-007
4.202267	8.6331454E-008
4.203016	7.2709383E-008
4.203766	6.0762964E-008
4.204516	5.0356277E-008
4.205266	4.2224585E-008
4.206017	3.6121197E-008
4.206766	3.2132629E-008
4.207516	3.0292416E-008
4.208266	3.0632979E-008
4.209016	3.3141252E-008
4.209766	3.7810821E-008
4.210516	4.4581757E-008
4.211266	5.3998171E-008
4.212016	6.4853801E-008
4.212766	7.7500758E-008
4.213516	9.1352653E-008
4.214266	1.0714584E-007
4.215016	1.2426851E-007
4.215766	1.4253867E-007
4.216516	1.6175798E-007
4.217266	1.8298003E-007
4.218016	2.0345676E-007
4.218766	2.2419772E-007
4.219516	2.4496654E-007
4.220265	2.6552414E-007
4.221015	2.8566117E-007
4.221766	3.0572662E-007
4.222516	3.2431927E-007
4.223265	3.4177725E-007
4.224015	3.5795674E-007
4.224765	3.7266662E-007
4.225515	3.8577107E-007
4.226265	3.9766658E-007
4.227015	4.0691245E-007
4.227765	4.1412238E-007
4.228515	4.1926194E-007
4.229265	4.2219884E-007
4.230015	4.2288374E-007
4.230765	4.2133797E-007
4.231515	4.1757335E-007
4.232265	4.1169409E-007
4.233015	4.0368161E-007
4.233765	3.9298399E-007
4.234515	3.8098639E-007
4.235265	3.6717341E-007
4.236015	3.5178550E-007
4.236764	3.3388372E-007
4.237514	3.1577397E-007
4.238265	2.9664469E-007
4.239015	2.7731258E-007
4.239765	2.5676670E-007
4.240514	2.3458260E-007
4.241264	2.1353253E-007
4.242014	1.9264289E-007
4.242764	1.7211460E-007
4.243514	1.5097613E-007
4.244264	1.3193922E-007
4.245014	1.1395407E-007
4.245764	9.7257114E-008
4.246514	8.1112475E-008
4.247264	6.8013208E-008
4.248014	5.6283668E-008
4.248764	4.6499050E-008
4.249514	3.8380026E-008
4.250264	3.2973464E-008
4.251014	2.9817297E-008
4.251764	2.8978821E-008
4.252514	3.0579521E-008
4.253263	3.4497923E-008
4.254014	4.1155818E-008
4.254764	4.9725241E-008
4.255514	6.0072516E-008
4.256264	7.2758532E-008
4.257013	8.8334282E-008
4.257763	1.0480093E-007
4.258513	1.2287198E-007
4.259264	1.4359603E-007
4.260013	1.6432594E-007
4.260763	1.8600987E-007
4.261513	2.0985753E-007
4.262263	2.3279752E-007
4.263013	2.5597151E-007
4.263763	2.7839411E-007
4.264513	3.0272841E-007
4.265263	3.2509072E-007
4.266013	3.4669338E-007
4.266763	3.6855818E-007
4.267513	3.8785450E-007
4.268263	4.0566920E-007
4.269013	4.2283605E-007
4.269763	4.3712561E-007
4.270513	4.4933216E-007
4.271263	4.6001588E-007
4.272013	4.6752331E-007
4.272763	4.7328729E-007
4.273512	4.7615529E-007
4.274262	4.7655496E-007
4.275012	4.7433429E-007
4.275763	4.6970160E-007
4.276513	4.6265060E-007
4.277262	4.5260808E-007
4.278012	4.4091843E-007
4.278762	4.2619172E-007
4.279512	4.1025962E-007
4.280262	3.9312525E-007
4.281012	3.7268666E-007
4.281762	3.5199602E-007
4.282512	3.2877421E-007
4.283262	3.0599475E-007
4.284012	2.8257381E-007
4.284762	2.5730117E-007
4.285512	2.3341555E-007
4.286262	2.0824120E-007
4.287012	1.8500631E-007
4.287762	1.6252991E-007
4.288512	1.4039196E-007
4.289262	1.2019088E-007
4.290012	1.0036053E-007
4.290761	8.3498961E-008
4.291512	6.7685711E-008
4.292262	5.5029364E-008
4.293012	4.4671857E-008
4.293761	3.6364050E-008
4.294511	3.1196379E-008
4.295261	2.8611261E-008
4.296011	2.9002253E-008
4.296762	3.2298043E-008
4.297511	3.8289890E-008
4.298261	4.7650165E-008
4.299011	5.9213498E-008
4.299761	7.3374089E-008
4.300511	9.1102592E-008
4.301261	1.1018268E-007
4.302011	1.3280334E-007
4.302761	1.5608627E-007
4.303511	1.8271004E-007
4.304261	2.0924496E-007
4.305011	2.3790909E-007
4.305761	2.6664574E-007
4.306511	2.9783473E-007
4.307261	3.2754977E-007
4.308011	3.5916915E-007
4.308761	3.8858434E-007
4.309511	4.1921723E-007
4.310261	4.4706812E-007
4.31101	4.7537065E-007
4.31176	5.0043832E-007
4.31251	5.2508881E-007
4.313261	5.4559945E-007
4.31401	5.6562874E-007
4.31476	5.8192654E-007
4.31551	5.9630179E-007
4.31626	6.0689871E-007
4.31701	6.1488669E-007
4.31776	6.1930984E-007
4.31851	6.2051402E-007
4.31926	6.1838779E-007
4.32001	6.1265803E-007
4.32076	6.0379477E-007
4.32151	5.9198970E-007
4.32226	5.7634469E-007
4.32301	5.5868009E-007
4.32376	5.3707794E-007
4.32451	5.1427998E-007
4.32526	4.8774439E-007
4.32601	4.6075220E-007
4.32676	4.3035612E-007
4.327509	3.9858077E-007
4.328259	3.6763817E-007
4.32901	3.3515909E-007
4.32976	3.0340684E-007
4.330509	2.6988195E-007
4.331259	2.3884644E-007
4.332009	2.0685651E-007
4.332759	1.7633904E-007
4.333509	1.4928285E-007
4.334259	1.2276908E-007
4.335009	1.0022659E-007
4.335759	7.9191132E-008
4.336509	6.1985858E-008
4.337259	4.8565234E-008
4.338009	3.8121843E-008
4.338759	3.2083207E-008
4.339509	2.9884589E-008
4.340259	3.2164454E-008
4.341009	3.8528537E-008
4.341759	4.9806324E-008
4.342509	6.5770443E-008
4.343259	8.4989118E-008
4.344008	1.0980497E-007
4.344759	1.3624513E-007
4.345509	1.6929521E-007
4.346259	2.0627145E-007
4.347009	2.4443924E-007
4.347758	2.8825275E-007
4.348508	3.3500936E-007
4.349258	3.8132882E-007
4.350008	4.3260292E-007
4.350758	4.8557945E-007
4.351508	5.3637410E-007
4.352258	5.8932477E-007
4.353008	6.4390099E-007
4.353758	6.9487635E-007
4.354508	7.4802409E-007
4.355258	7.9955743E-007
4.356008	8.4598457E-007
4.356758	8.9271578E-007
4.357508	9.3632616E-007
4.358258	9.7383293E-007
4.359008	1.0095912E-006
4.359758	1.0406163E-006
4.360508	1.0647088E-006
4.361258	1.0858016E-006
4.362008	1.1012256E-006
4.362758	1.1107537E-006
4.363508	1.1141881E-006
4.364257	1.1114970E-006
4.365007	1.1026647E-006
4.365757	1.0884359E-006
4.366508	1.0673305E-006
4.367258	1.0402683E-006
4.368007	1.0082979E-006
4.368757	9.7216673E-007
4.369507	9.2879458E-007
4.370257	8.8072431E-007
4.371007	8.3144994E-007
4.371757	7.7549521E-007
4.372507	7.1655091E-007
4.373257	6.5518032E-007
4.374007	5.9229058E-007
4.374757	5.3225978E-007
4.375507	4.7036258E-007
4.376257	4.0753162E-007
4.377007	3.4651413E-007
4.377757	2.9158798E-007
4.378507	2.3688490E-007
4.379257	1.8688758E-007
4.380007	1.4257921E-007
4.380757	1.0698848E-007
4.381506	7.6618370E-008
4.382257	5.4850020E-008
4.383007	4.2628265E-008
4.383757	4.0540829E-008
4.384506	4.9059089E-008
4.385256	6.9635966E-008
4.386006	1.0302535E-007
4.386756	1.4996407E-007
4.387506	2.0695639E-007
4.388256	2.8185497E-007
4.389006	3.7188846E-007
4.389756	4.7737939E-007
4.390506	5.9878192E-007
4.391256	7.2329328E-007
4.392006	8.7530884E-007
4.392756	1.0433016E-006
4.393506	1.2273671E-006
4.394256	1.4273292E-006
4.395006	1.6427028E-006
4.395756	1.8590549E-006
4.396506	2.1030198E-006
4.397256	2.3612772E-006
4.398005	2.6324165E-006
4.398756	2.9078492E-006
4.399506	3.2026387E-006
4.400256	3.4900017E-006
4.401005	3.8042785E-006
4.401755	4.1270332E-006
4.402505	4.4575204E-006
4.403255	4.7932954E-006
4.404006	5.1347747E-006
4.404755	5.4576790E-006
4.405505	5.8038777E-006
4.406255	6.1398787E-006
4.407005	6.4848218E-006
4.407755	6.8285626E-006
4.408505	7.1687336E-006
4.409255	7.5019066E-006
4.410005	7.8291268E-006
4.410755	8.1481876E-006
4.411505	8.4583171E-006
4.412255	8.7392154E-006
4.413005	9.0266758E-006
4.413755	9.2914524E-006
4.414505	9.5510322E-006
4.415255	9.7951615E-006
4.416005	1.0022732E-005
4.416755	1.0231238E-005
4.417505	1.0422797E-005
4.418254	1.0594637E-005
4.419004	1.0745001E-005
4.419755	1.0868342E-005
4.420505	1.0979117E-005
4.421254	1.1066023E-005
4.422004	1.1133724E-005
4.422754	1.1178735E-005
4.423504	1.1203843E-005
4.424254	1.1204645E-005
4.425004	1.1185424E-005
4.425754	1.1143287E-005
4.426504	1.1079912E-005
4.427254	1.0995584E-005
4.428004	1.0891054E-005
4.428754	1.0771615E-005
4.429504	1.0628562E-005
4.430254	1.0467168E-005
4.431004	1.0289292E-005
4.431754	1.0093866E-005
4.432504	9.8835426E-006
4.433254	9.6566055E-006
4.434004	9.4181514E-006
4.434753	9.1824386E-006
4.435503	8.9203522E-006
4.436254	8.6568853E-006
4.437004	8.3761079E-006
4.437754	8.0869295E-006
4.438503	7.7939540E-006
4.439253	7.4925720E-006
4.440003	7.1892800E-006
4.440753	6.8814379E-006
4.441503	6.5734939E-006
4.442253	6.2636532E-006
4.443003	5.9633330E-006
4.443753	5.6558183E-006
4.444503	5.3507420E-006
4.445253	5.0324329E-006
4.446003	4.7524582E-006
4.446753	4.4614408E-006
4.447503	4.1593398E-006
4.448253	3.8815747E-006
4.449003	3.6113279E-006
4.449753	3.3492286E-006
4.450503	3.1034292E-006
4.451253	2.8593720E-006
4.452003	2.6251028E-006
4.452753	2.4012134E-006
4.453503	2.1870690E-006
4.454253	1.9842228E-006
4.455002	1.7920282E-006
4.455752	1.6109049E-006
4.456502	1.4404944E-006
4.457253	1.2810819E-006
4.458003	1.1368810E-006
4.458752	9.9908323E-007
4.459502	8.7177983E-007
4.460252	7.4822509E-007
4.461002	6.4802754E-007
4.461752	5.4566453E-007
4.462502	4.5873892E-007
4.463252	3.8107140E-007
4.464002	3.1201765E-007
4.464752	2.5135148E-007
4.465502	2.0004011E-007
4.466252	1.5446450E-007
4.467002	1.1588472E-007
4.467752	8.3831466E-008
4.468502	5.7796274E-008
4.469252	3.6325559E-008
4.470002	2.1255653E-008
4.470752	1.0766620E-008
4.471501	4.4125459E-009
4.472251	1.7622984E-009
4.473001	2.2300339E-009
4.473752	5.5153464E-009
4.474502	1.1206473E-008
4.475251	1.9435234E-008
4.476001	2.8890636E-008
4.476751	3.9610661E-008
4.477501	5.1300997E-008
4.478251	6.3625841E-008
4.479001	7.6330203E-008
4.479751	8.8799524E-008
4.480501	1.0224050E-007
4.481251	1.1460990E-007
4.482001	1.2648101E-007
4.482751	1.3767929E-007
4.483501	1.4811377E-007
4.484251	1.5760571E-007
4.485001	1.6653200E-007
4.485751	1.7390875E-007
4.486501	1.7994229E-007
4.487251	1.8504434E-007
4.488001	1.8897761E-007
4.48875	1.9171949E-007
4.489501	1.9337600E-007
4.490251	1.9381331E-007
4.491001	1.9309695E-007
4.49175	1.9138196E-007
4.4925	1.8870260E-007
4.49325	1.8482727E-007
4.494	1.8051473E-007
4.49475	1.7526952E-007
4.4955	1.6936571E-007
4.49625	1.6286641E-007
4.497	1.5544272E-007
4.49775	1.4801464E-007
4.4985	1.4024566E-007
4.49925	1.3221594E-007
4.5	1.2356242E-007
