theta_deg	R
0.001	1.0000043E+000
0.00166663	1.0000043E+000
0.002333259	1.0000043E+000
0.002999889	1.0000043E+000
0.003666518	1.0000043E+000
0.004333148	1.0000043E+000
0.004999778	1.0000043E+000
0.005666407	1.0000043E+000
0.006333037	1.0000043E+000
0.006999667	1.0000043E+000
0.007666296	1.0000043E+000
0.008332926	1.0000043E+000
0.008999555	1.0000043E+000
0.009666185	1.0000043E+000
0.01033281	1.0000043E+000
0.01099944	1.0000043E+000
0.01166607	1.0000043E+000
0.0123327	1.0000043E+000
0.01299933	1.0000043E+000
0.01366596	1.0000043E+000
0.01433259	9.9481636E-001
0.01499922	9.9481636E-001
0.01566585	9.9481636E-001
0.01633248	9.9481636E-001
0.01699911	9.9481636E-001
0.01766574	9.9481636E-001
0.01833237	9.9481636E-001
0.018999	9.9481636E-001
0.01966563	9.9481636E-001
0.02033226	9.9481636E-001
0.02099889	9.9481636E-001
0.02166552	9.9481636E-001
0.02233215	9.9481636E-001
0.02299878	9.9481636E-001
0.02366541	9.9481636E-001
0.02433204	9.9265617E-001
0.02499867	9.9265617E-001
0.0256653	9.9265617E-001
0.02633193	9.9265617E-001
0.02699856	9.9265617E-001
0.02766518	9.9265617E-001
0.02833181	9.9265617E-001
0.02899844	9.9265617E-001
0.02966507	9.9265617E-001
0.0303317	9.9265617E-001
0.03099833	9.9265617E-001
0.03166496	9.9099094E-001
0.03233159	9.9099094E-001
0.03299822	9.9099094E-001
0.03366485	9.9099094E-001
0.03433148	9.9099094E-001
0.03499811	9.9099094E-001
0.03566474	9.9099094E-001
0.03633137	9.9099094E-001
0.036998	9.9099094E-001
0.03766463	9.8957843E-001
0.03833126	9.8957843E-001
0.03899789	9.8957843E-001
0.03966452	9.8957843E-001
0.04033115	9.8957843E-001
0.04099778	9.8957843E-001
0.04166441	9.8957843E-001
0.04233104	9.8832476E-001
0.04299767	9.8832476E-001
0.0436643	9.8832476E-001
0.04433092	9.8832476E-001
0.04499755	9.8832476E-001
0.04566418	9.8832476E-001
0.04633081	9.8832476E-001
0.04699744	9.8718631E-001
0.04766407	9.8718631E-001
0.0483307	9.8718631E-001
0.04899733	9.8718631E-001
0.04966396	9.8718631E-001
0.05033059	9.8718631E-001
0.05099722	9.8613101E-001
0.05166385	9.8613101E-001
0.05233048	9.8613101E-001
0.05299711	9.8613101E-001
0.05366374	9.8613101E-001
0.05433037	9.8514378E-001
0.054997	9.8514378E-001
0.05566363	9.8514378E-001
0.05633026	9.8514378E-001
0.05699689	9.8514378E-001
0.05766352	9.8514378E-001
0.05833015	9.8420846E-001
0.05899678	9.8420846E-001
0.05966341	9.8420846E-001
0.06033004	9.8420846E-001
0.06099667	9.8332036E-001
0.0616633	9.8332036E-001
0.06232993	9.8332036E-001
0.06299656	9.8332036E-001
0.06366318	9.8332036E-001
0.06432982	9.8246795E-001
0.06499644	9.8246795E-001
0.06566308	9.8246795E-001
0.0663297	9.8246795E-001
0.06699634	9.8246795E-001
0.06766296	9.8164964E-001
0.0683296	9.8164964E-001
0.06899622	9.8164964E-001
0.06966285	9.8164964E-001
0.07032948	9.8085850E-001
0.07099611	9.8085850E-001
0.07166274	9.8085850E-001
0.07232937	9.8085850E-001
0.072996	9.8009056E-001
0.07366263	9.8009056E-001
0.07432926	9.8009056E-001
0.07499589	9.8009056E-001
0.07566252	9.7934699E-001
0.07632915	9.7934699E-001
0.07699578	9.7934699E-001
0.07766241	9.7934699E-001
0.07832903	9.7862130E-001
0.07899567	9.7862130E-001
0.07966229	9.7862130E-001
0.08032893	9.7862130E-001
0.08099555	9.7791517E-001
0.08166219	9.7791517E-001
0.08232881	9.7791517E-001
0.08299544	9.7722185E-001
0.08366207	9.7722185E-001
0.0843287	9.7722185E-001
0.08499533	9.7722185E-001
0.08566196	9.7654331E-001
0.08632859	9.7654331E-001
0.08699522	9.7654331E-001
0.08766185	9.7587842E-001
0.08832848	9.7587842E-001
0.08899511	9.7587842E-001
0.08966174	9.7522551E-001
0.09032837	9.7522551E-001
0.090995	9.7522551E-001
0.09166163	9.7522551E-001
0.09232826	9.7458071E-001
0.09299489	9.7458071E-001
0.09366152	9.7458071E-001
0.09432815	9.7395164E-001
0.09499478	9.7395164E-001
0.09566141	9.7395164E-001
0.09632803	9.7332668E-001
0.09699467	9.7332668E-001
0.09766129	9.7332668E-001
0.09832793	9.7271097E-001
0.09899455	9.7271097E-001
0.09966119	9.7271097E-001
0.1003278	9.7210371E-001
0.1009944	9.7210371E-001
0.1016611	9.7210371E-001
0.1023277	9.7150683E-001
0.1029943	9.7150683E-001
0.103661	9.7150683E-001
0.1043276	9.7091264E-001
0.1049942	9.7091264E-001
0.1056608	9.7032350E-001
0.1063275	9.7032350E-001
0.1069941	9.7032350E-001
0.1076607	9.6974081E-001
0.1083274	9.6974081E-001
0.108994	9.6974081E-001
0.1096606	9.6916443E-001
0.1103273	9.6916443E-001
0.1109939	9.6916443E-001
0.1116605	9.6859169E-001
0.1123272	9.6859169E-001
0.1129938	9.6802938E-001
0.1136604	9.6802938E-001
0.114327	9.6802938E-001
0.1149937	9.6746737E-001
0.1156603	9.6746737E-001
0.1163269	9.6690828E-001
0.1169936	9.6690828E-001
0.1176602	9.6690828E-001
0.1183268	9.6635383E-001
0.1189934	9.6635383E-001
0.1196601	9.6580148E-001
0.1203267	9.6580148E-001
0.1209933	9.6580148E-001
0.12166	9.6525365E-001
0.1223266	9.6525365E-001
0.1229932	9.6470773E-001
0.1236598	9.6470773E-001
0.1243265	9.6470773E-001
0.1249931	9.6416783E-001
0.1256597	9.6416783E-001
0.1263264	9.6362692E-001
0.126993	9.6362692E-001
0.1276596	9.6308994E-001
0.1283263	9.6308994E-001
0.1289929	9.6255648E-001
0.1296595	9.6255648E-001
0.1303262	9.6255648E-001
0.1309928	9.6202153E-001
0.1316594	9.6202153E-001
0.132326	9.6149004E-001
0.1329927	9.6149004E-001
0.1336593	9.6096164E-001
0.1343259	9.6096164E-001
0.1349926	9.6043390E-001
0.1356592	9.6043390E-001
0.1363258	9.6043390E-001
0.1369924	9.5990866E-001
0.1376591	9.5990866E-001
0.1383257	9.5938420E-001
0.1389923	9.5938420E-001
0.139659	9.5886028E-001
0.1403256	9.5886028E-001
0.1409922	9.5833230E-001
0.1416589	9.5833230E-001
0.1423255	9.5781112E-001
0.1429921	9.5781112E-001
0.1436587	9.5729029E-001
0.1443254	9.5729029E-001
0.144992	9.5677209E-001
0.1456586	9.5677209E-001
0.1463253	9.5625359E-001
0.1469919	9.5625359E-001
0.1476585	9.5572889E-001
0.1483251	9.5572889E-001
0.1489918	9.5521039E-001
0.1496584	9.5521039E-001
0.150325	9.5469445E-001
0.1509917	9.5469445E-001
0.1516583	9.5416903E-001
0.1523249	9.5416903E-001
0.1529915	9.5365548E-001
0.1536582	9.5365548E-001
0.1543248	9.5313692E-001
0.1549914	9.5313692E-001
0.1556581	9.5261383E-001
0.1563247	9.5261383E-001
0.1569913	9.5209759E-001
0.157658	9.5157397E-001
0.1583246	9.5157397E-001
0.1589912	9.5105767E-001
0.1596579	9.5105767E-001
0.1603245	9.5053893E-001
0.1609911	9.5053893E-001
0.1616577	9.5001322E-001
0.1623244	9.5001322E-001
0.162991	9.4949710E-001
0.1636576	9.4949710E-001
0.1643243	9.4897074E-001
0.1649909	9.4845015E-001
0.1656575	9.4845015E-001
0.1663242	9.4792175E-001
0.1669908	9.4792175E-001
0.1676574	9.4739401E-001
0.168324	9.4739401E-001
0.1689907	9.4687384E-001
0.1696573	9.4634432E-001
0.1703239	9.4634432E-001
0.1709906	9.4582099E-001
0.1716572	9.4582099E-001
0.1723238	9.4528794E-001
0.1729904	9.4528794E-001
0.1736571	9.4475329E-001
0.1743237	9.4421935E-001
0.1749903	9.4421935E-001
0.175657	9.4369262E-001
0.1763236	9.4369262E-001
0.1769902	9.4315404E-001
0.1776568	9.4261473E-001
0.1783235	9.4261473E-001
0.1789901	9.4207448E-001
0.1796567	9.4207448E-001
0.1803234	9.4154233E-001
0.18099	9.4099939E-001
0.1816566	9.4099939E-001
0.1823233	9.4045401E-001
0.1829899	9.3990701E-001
0.1836565	9.3990701E-001
0.1843231	9.3935823E-001
0.1849898	9.3935823E-001
0.1856564	9.3880564E-001
0.186323	9.3825305E-001
0.1869897	9.3825305E-001
0.1876563	9.3770182E-001
0.1883229	9.3714404E-001
0.1889895	9.3714404E-001
0.1896562	9.3658477E-001
0.1903228	9.3602246E-001
0.1909894	9.3602246E-001
0.1916561	9.3545997E-001
0.1923227	9.3489361E-001
0.1929893	9.3489361E-001
0.193656	9.3432599E-001
0.1943226	9.3432599E-001
0.1949892	9.3375462E-001
0.1956559	9.3318206E-001
0.1963225	9.3318206E-001
0.1969891	9.3260539E-001
0.1976557	9.3202519E-001
0.1983224	9.3144441E-001
0.198989	9.3144441E-001
0.1996556	9.3085313E-001
0.2003223	9.3026578E-001
0.2009889	9.3026578E-001
0.2016555	9.2967498E-001
0.2023221	9.2907161E-001
0.2029888	9.2907161E-001
0.2036554	9.2847598E-001
0.204322	9.2788023E-001
0.2049887	9.2788023E-001
0.2056553	9.2726302E-001
0.2063219	9.2665631E-001
0.2069886	9.2665631E-001
0.2076552	9.2603844E-001
0.2083218	9.2542267E-001
0.2089884	9.2479742E-001
0.2096551	9.2479742E-001
0.2103217	9.2417663E-001
0.2109883	9.2354035E-001
0.211655	9.2354035E-001
0.2123216	9.2291236E-001
0.2129882	9.2227048E-001
0.2136548	9.2162406E-001
0.2143215	9.2162406E-001
0.2149881	9.2098039E-001
0.2156547	9.2032796E-001
0.2163214	9.1966695E-001
0.216988	9.1966695E-001
0.2176546	9.1901493E-001
0.2183213	9.1835707E-001
0.2189879	9.1768944E-001
0.2196545	9.1768944E-001
0.2203211	9.1700763E-001
0.2209878	9.1633081E-001
0.2216544	9.1563523E-001
0.222321	9.1563523E-001
0.2229877	9.1493934E-001
0.2236543	9.1424775E-001
0.2243209	9.1354156E-001
0.2249876	9.1354156E-001
0.2256542	9.1282827E-001
0.2263208	9.1211969E-001
0.2269874	9.1139591E-001
0.2276541	9.1139591E-001
0.2283207	9.1065854E-001
0.2289873	9.0992308E-001
0.229654	9.0916902E-001
0.2303206	9.0841436E-001
0.2309872	9.0841436E-001
0.2316539	9.0766126E-001
0.2323205	9.0691161E-001
0.2329871	9.0613323E-001
0.2336537	9.0534294E-001
0.2343204	9.0534294E-001
0.234987	9.0457070E-001
0.2356536	9.0377641E-001
0.2363203	9.0297192E-001
0.2369869	9.0215093E-001
0.2376535	9.0215093E-001
0.2383201	9.0135139E-001
0.2389868	9.0050721E-001
0.2396534	8.9968503E-001
0.24032	8.9883423E-001
0.2409867	8.9883423E-001
0.2416533	8.9799339E-001
0.2423199	8.9712435E-001
0.2429866	8.9623851E-001
0.2436532	8.9538062E-001
0.2443198	8.9448953E-001
0.2449864	8.9448953E-001
0.2456531	8.9356756E-001
0.2463197	8.9265710E-001
0.2469863	8.9173394E-001
0.247653	8.9079523E-001
0.2483196	8.8985103E-001
0.2489862	8.8985103E-001
0.2496528	8.8889498E-001
0.2503195	8.8792658E-001
0.2509861	8.8695168E-001
0.2516527	8.8594824E-001
0.2523194	8.8494456E-001
0.252986	8.8392925E-001
0.2536526	8.8392925E-001
0.2543193	8.8288516E-001
0.2549859	8.8183272E-001
0.2556525	8.8077074E-001
0.2563191	8.7968552E-001
0.2569858	8.7859643E-001
0.2576524	8.7749761E-001
0.2583191	8.7635875E-001
0.2589857	8.7635875E-001
0.2596523	8.7522352E-001
0.2603189	8.7405801E-001
0.2609856	8.7288135E-001
0.2616522	8.7168181E-001
0.2623188	8.7046468E-001
0.2629854	8.6926389E-001
0.2636521	8.6799669E-001
0.2643187	8.6671823E-001
0.2649853	8.6671823E-001
0.265652	8.6541766E-001
0.2663186	8.6410433E-001
0.2669852	8.6275542E-001
0.2676519	8.6139232E-001
0.2683185	8.6000228E-001
0.2689851	8.5858363E-001
0.2696517	8.5714638E-001
0.2703184	8.5568988E-001
0.270985	8.5419130E-001
0.2716516	8.5267121E-001
0.2723182	8.5267121E-001
0.2729849	8.5110807E-001
0.2736515	8.4952933E-001
0.2743182	8.4791332E-001
0.2749848	8.4625036E-001
0.2756514	8.4457821E-001
0.276318	8.4287661E-001
0.2769847	8.4110093E-001
0.2776513	8.3931202E-001
0.2783179	8.3746701E-001
0.2789845	8.3560771E-001
0.2796512	8.3367556E-001
0.2803178	8.3172405E-001
0.2809844	8.2969773E-001
0.2816511	8.2763660E-001
0.2823177	8.2551789E-001
0.2829843	8.2333738E-001
0.283651	8.2111454E-001
0.2843176	8.1880295E-001
0.2849842	8.1644517E-001
0.2856508	8.1403601E-001
0.2863175	8.1403601E-001
0.2869841	8.1152773E-001
0.2876507	8.0897456E-001
0.2883174	8.0632728E-001
0.288984	8.0361193E-001
0.2896506	8.0080497E-001
0.2903173	7.9790097E-001
0.2909839	7.9491949E-001
0.2916505	7.9182869E-001
0.2923172	7.8865123E-001
0.2929838	7.8533846E-001
0.2936504	7.8191251E-001
0.294317	7.7839059E-001
0.2949837	7.7469820E-001
0.2956503	7.7085418E-001
0.2963169	7.6687747E-001
0.2969835	7.6274180E-001
0.2976502	7.5843996E-001
0.2983168	7.5395727E-001
0.2989835	7.4924099E-001
0.2996501	7.4435651E-001
0.3003167	7.3920566E-001
0.3009833	7.3381835E-001
0.30165	7.2228533E-001
0.3023166	7.1610498E-001
0.3029832	7.0955789E-001
0.3036498	7.0269215E-001
0.3043165	6.9544101E-001
0.3049831	6.8779838E-001
0.3056497	6.7971373E-001
0.3063164	6.7121869E-001
0.306983	6.6226196E-001
0.3076496	6.5280855E-001
0.3083163	6.4282745E-001
0.3089829	6.3232392E-001
0.3096495	6.2133527E-001
0.3103161	6.0982645E-001
0.3109828	5.9782070E-001
0.3116494	5.8536547E-001
0.312316	5.7254350E-001
0.3129827	5.5935651E-001
0.3136493	5.4593688E-001
0.3143159	5.3234941E-001
0.3149826	5.0499833E-001
0.3156492	4.9140289E-001
0.3163158	4.7795632E-001
0.3169824	4.6474272E-001
0.3176491	4.5180118E-001
0.3183157	4.3924737E-001
0.3189823	4.2713726E-001
0.319649	4.1555434E-001
0.3203156	4.0454772E-001
0.3209822	3.9412096E-001
0.3216488	3.8425574E-001
0.3223155	3.7488160E-001
0.3229821	3.5718951E-001
0.3236488	3.4865338E-001
0.3243154	3.4017840E-001
0.324982	3.3172321E-001
0.3256486	3.2327563E-001
0.3263153	3.1487867E-001
0.3269819	3.0661479E-001
0.3276485	2.9860243E-001
0.3283151	2.9096195E-001
0.3289818	2.7730256E-001
0.3296484	2.7144536E-001
0.330315	2.6626688E-001
0.3309817	2.6172826E-001
0.3316483	2.5773987E-001
0.3323149	2.5417352E-001
0.3329816	2.5087190E-001
0.3336482	2.4766798E-001
0.3343148	2.4093364E-001
0.3349814	2.3716013E-001
0.3356481	2.3300849E-001
0.3363147	2.2846603E-001
0.3369813	2.2353552E-001
0.337648	2.1828143E-001
0.3383146	2.1280032E-001
0.3389812	2.0163913E-001
0.3396479	1.9624652E-001
0.3403145	1.9116610E-001
0.3409811	1.8652573E-001
0.3416477	1.8242098E-001
0.3423144	1.7893593E-001
0.342981	1.7389624E-001
0.3436476	1.7229217E-001
0.3443142	1.7120312E-001
0.3449809	1.7053185E-001
0.3456475	1.7015034E-001
0.3463141	1.6992086E-001
0.3469808	1.6938652E-001
0.3476474	1.6883609E-001
0.348314	1.6796185E-001
0.3489807	1.6669062E-001
0.3496473	1.6497126E-001
0.3503139	1.6014230E-001
0.3509806	1.5705206E-001
0.3516472	1.5358226E-001
0.3523138	1.4979306E-001
0.3529804	1.4577198E-001
0.3536471	1.3743155E-001
0.3543137	1.3332503E-001
0.3549803	1.2939841E-001
0.355647	1.2575155E-001
0.3563136	1.2247141E-001
0.3569802	1.1726730E-001
0.3576469	1.1543152E-001
0.3583135	1.1412074E-001
0.3589801	1.1332055E-001
0.3596467	1.1309235E-001
0.3603134	1.1354256E-001
0.36098	1.1425999E-001
0.3616466	1.1515999E-001
0.3623133	1.1615162E-001
0.3629799	1.1804222E-001
0.3636465	1.1877320E-001
0.3643132	1.1927050E-001
0.3649798	1.1947054E-001
0.3656464	1.1882196E-001
0.366313	1.1792089E-001
0.3669797	1.1663420E-001
0.3676463	1.1495961E-001
0.3683129	1.1056365E-001
0.3689795	1.0792454E-001
0.3696462	1.0505292E-001
0.3703128	1.0200999E-001
0.3709794	9.5675774E-002
0.3716461	9.2519157E-002
0.3723127	8.9462057E-002
0.3729793	8.6568423E-002
0.373646	8.1503607E-002
0.3743126	7.9425938E-002
0.3749792	7.7706538E-002
0.3756458	7.5391605E-002
0.3763125	7.4819662E-002
0.3769791	7.4614793E-002
0.3776457	7.4761502E-002
0.3783124	7.5949445E-002
0.378979	7.6905757E-002
0.3796456	7.8035012E-002
0.3803123	8.0579728E-002
0.3809789	8.1883095E-002
0.3816455	8.3131820E-002
0.3823121	8.4277280E-002
0.3829788	8.6079299E-002
0.3836454	8.6656526E-002
0.384312	8.6986408E-002
0.3849787	8.6806409E-002
0.3856453	8.6285532E-002
0.3863119	8.5463867E-002
0.3869786	8.3006583E-002
0.3876452	8.1396751E-002
0.3883118	7.9565383E-002
0.3889785	7.5363643E-002
0.3896451	7.3066421E-002
0.3903117	7.0693001E-002
0.3909783	6.5879352E-002
0.391645	6.3525096E-002
0.3923116	6.1259832E-002
0.3929782	5.7149991E-002
0.3936448	5.5370450E-002
0.3943115	5.3812556E-002
0.3949781	5.1444896E-002
0.3956447	5.0659467E-002
0.3963114	5.0142728E-002
0.396978	4.9914949E-002
0.3976446	5.0175127E-002
0.3983113	5.0666019E-002
0.3989779	5.2223768E-002
0.3996445	5.3235076E-002
0.4003111	5.4359153E-002
0.4009778	5.6804877E-002
0.4016444	5.8056429E-002
0.402311	6.0450774E-002
0.4029777	6.1530702E-002
0.4036443	6.2494997E-002
0.4043109	6.3989304E-002
0.4049776	6.4480245E-002
0.4056442	6.4779960E-002
0.4063108	6.4767025E-002
0.4069774	6.4450614E-002
0.4076441	6.3202970E-002
0.4083107	6.2282901E-002
0.4089773	6.1186112E-002
0.4096439	5.8514845E-002
0.4103106	5.6978162E-002
0.4109772	5.3609718E-002
0.4116439	5.1825278E-002
0.4123105	5.0011110E-002
0.4129771	4.6391718E-002
0.4136437	4.4637814E-002
0.4143104	4.1362166E-002
0.414977	3.9886151E-002
0.4156436	3.8541857E-002
0.4163103	3.6320597E-002
0.4169769	3.5468876E-002
0.4176435	3.4316182E-002
0.4183101	3.4020208E-002
0.4189768	3.3985842E-002
0.4196434	3.4231897E-002
0.42031	3.4645475E-002
0.4209767	3.5892915E-002
0.4216433	3.6699068E-002
0.4223099	3.8581830E-002
0.4229766	3.9615408E-002
0.4236432	4.1763019E-002
0.4243098	4.2834997E-002
0.4249764	4.4875156E-002
0.4256431	4.5806389E-002
0.4263097	4.6652935E-002
0.4269763	4.8043665E-002
0.427643	4.8561376E-002
0.4283096	4.9199075E-002
0.4289762	4.9303249E-002
0.4296429	4.9077868E-002
0.4303095	4.8740923E-002
0.4309761	4.7658887E-002
0.4316427	4.6909880E-002
0.4323094	4.5071088E-002
0.432976	4.3996710E-002
0.4336426	4.1591600E-002
0.4343092	4.0295091E-002
0.4349759	3.8954075E-002
0.4356425	3.6209293E-002
0.4363092	3.4836188E-002
0.4369758	3.2162569E-002
0.4376424	3.0895948E-002
0.438309	2.8570663E-002
0.4389757	2.7537433E-002
0.4396423	2.5785148E-002
0.4403089	2.5083650E-002
0.4409755	2.4056014E-002
0.4416422	2.3736279E-002
0.4423088	2.3489650E-002
0.4429754	2.3559051E-002
0.4436421	2.4062309E-002
0.4443087	2.4480969E-002
0.4449753	2.5604704E-002
0.445642	2.6291713E-002
0.4463086	2.7851302E-002
0.4469752	2.9577550E-002
0.4476418	3.0469742E-002
0.4483085	3.2244448E-002
0.4489751	3.3104200E-002
0.4496417	3.4701318E-002
0.4503084	3.5420612E-002
0.450975	3.6647160E-002
0.4516416	3.7141044E-002
0.4523083	3.7852239E-002
0.4529749	3.8060330E-002
0.4536415	3.8172875E-002
0.4543082	3.8069215E-002
0.4549748	3.7559342E-002
0.4556414	3.6654778E-002
0.456308	3.6065698E-002
0.4569747	3.4640856E-002
0.4576413	3.3819355E-002
0.4583079	3.2002464E-002
0.4589745	3.1022871E-002
0.4596412	2.8971436E-002
0.4603078	2.7920367E-002
0.4609745	2.5817232E-002
0.4616411	2.3780279E-002
0.4623077	2.2812830E-002
0.4629743	2.1019248E-002
0.463641	2.0208653E-002
0.4643076	1.8805400E-002
0.4649742	1.8220490E-002
0.4656408	1.7306766E-002
0.4663075	1.6755823E-002
0.4669741	1.6621234E-002
0.4676407	1.6621249E-002
0.4683074	1.6754575E-002
0.468974	1.7272618E-002
0.4696406	1.8089065E-002
0.4703073	1.8596474E-002
0.4709739	1.9768989E-002
0.4716405	2.0419674E-002
0.4723071	2.1809172E-002
0.4729738	2.3260357E-002
0.4736404	2.3987474E-002
0.474307	2.5404368E-002
0.4749737	2.6078323E-002
0.4756403	2.7321743E-002
0.4763069	2.8382786E-002
0.4769736	2.8828394E-002
0.4776402	2.9536478E-002
0.4783068	2.9968407E-002
0.4789734	3.0074172E-002
0.4796401	3.0065866E-002
0.4803067	2.9759256E-002
0.4809733	2.9499974E-002
0.48164	2.8767372E-002
0.4823066	2.8305901E-002
0.4829732	2.7206641E-002
0.4836398	2.5905618E-002
0.4843065	2.5194110E-002
0.4849731	2.3675838E-002
0.4856398	2.2073938E-002
0.4863064	2.1258483E-002
0.486973	1.9631853E-002
0.4876396	1.8054452E-002
0.4883063	1.7300023E-002
0.4889729	1.5889801E-002
0.4896395	1.4645509E-002
0.4903061	1.4098397E-002
0.4909728	1.3170306E-002
0.4916394	1.2487303E-002
0.492306	1.2242560E-002
0.4929727	1.1950331E-002
0.4936393	1.1924116E-002
0.4943059	1.2007309E-002
0.4949726	1.2358882E-002
0.4956392	1.2938099E-002
0.4963058	1.3304238E-002
0.4969724	1.4168469E-002
0.4976391	1.5177413E-002
0.4983057	1.6289160E-002
0.4989723	1.6870266E-002
0.499639	1.8054675E-002
0.5003056	1.9231349E-002
0.5009722	1.9803707E-002
0.5016388	2.0890810E-002
0.5023055	2.1868711E-002
0.5029721	2.2307342E-002
0.5036387	2.3062661E-002
0.5043054	2.3635004E-002
0.504972	2.4007432E-002
0.5056386	2.4116011E-002
0.5063053	2.4168113E-002
0.5069719	2.4002813E-002
0.5076385	2.3838744E-002
0.5083051	2.3356482E-002
0.5089718	2.2682657E-002
0.5096384	2.1833507E-002
0.510305	2.1349147E-002
0.5109717	2.0287594E-002
0.5116383	1.9118663E-002
0.5123049	1.7878098E-002
0.5129716	1.7241741E-002
0.5136382	1.5959330E-002
0.5143048	1.4693130E-002
0.5149714	1.3478399E-002
0.5156381	1.2900231E-002
0.5163047	1.1822697E-002
0.5169713	1.0873175E-002
0.517638	1.0074466E-002
0.5183046	9.7375633E-003
0.5189712	9.2007592E-003
0.5196378	8.8523561E-003
0.5203045	8.6983470E-003
0.5209711	8.7371226E-003
0.5216377	8.8274619E-003
0.5223044	9.1417972E-003
0.522971	9.6225878E-003
0.5236377	1.0251598E-002
0.5243043	1.0613969E-002
0.5249709	1.1419498E-002
0.5256375	1.2309751E-002
0.5263041	1.3255354E-002
0.5269708	1.4226233E-002
0.5276374	1.4711996E-002
0.528304	1.5664717E-002
0.5289707	1.6570056E-002
0.5296373	1.7401025E-002
0.5303039	1.8134946E-002
0.5309706	1.8459575E-002
0.5316372	1.9007454E-002
0.5323038	1.9414689E-002
0.5329704	1.9669959E-002
0.533637	1.9763129E-002
0.5343037	1.9749150E-002
0.5349703	1.9601967E-002
0.535637	1.9295063E-002
0.5363036	1.8838039E-002
0.5369702	1.8243603E-002
0.5376369	1.7525015E-002
0.5383035	1.7125823E-002
0.5389701	1.6256776E-002
0.5396367	1.5314655E-002
0.5403033	1.4320184E-002
0.54097	1.3299711E-002
0.5416366	1.2276877E-002
0.5423033	1.1772009E-002
0.5429699	1.0791003E-002
0.5436365	9.8669371E-003
0.5443031	9.0207784E-003
0.5449698	8.2712630E-003
0.5456364	7.6358127E-003
0.546303	7.1281120E-003
0.5469697	6.9243009E-003
0.5476363	6.6239662E-003
0.5483029	6.4667445E-003
0.5489696	6.4552287E-003
0.5496362	6.5869060E-003
0.5503028	6.8523264E-003
0.5509694	7.2444752E-003
0.5516361	7.7498863E-003
0.5523027	8.0399858E-003
0.5529693	8.6851306E-003
0.553636	9.4005670E-003
0.5543026	1.0166751E-002
0.5549692	1.0963196E-002
0.5556359	1.1768743E-002
0.5563025	1.2562847E-002
0.5569691	1.3326153E-002
0.5576357	1.4039522E-002
0.5583023	1.4683632E-002
0.558969	1.4976713E-002
0.5596356	1.5492286E-002
0.5603023	1.5906120E-002
0.5609689	1.6208822E-002
0.5616355	1.6392458E-002
0.5623022	1.6456533E-002
0.5629688	1.6396213E-002
0.5636354	1.6212212E-002
0.564302	1.5911335E-002
0.5649686	1.5500915E-002
0.5656353	1.4987910E-002
0.5663019	1.4697881E-002
0.5669686	1.4054202E-002
0.5676352	1.3340075E-002
0.5683018	1.2572041E-002
0.5689684	1.1765142E-002
0.5696351	1.0936151E-002
0.5703017	1.0102974E-002
0.5709683	9.2827929E-003
0.5716349	8.4925825E-003
0.5723016	7.7482499E-003
0.5729682	7.0646624E-003
0.5736349	6.4555611E-003
0.5743015	5.9322659E-003
0.5749681	5.5045113E-003
0.5756347	5.1792017E-003
0.5763014	4.9629221E-003
0.576968	4.8568253E-003
0.5776346	4.8616924E-003
0.5783013	4.9759517E-003
0.5789679	5.1943758E-003
0.5796345	5.5104876E-003
0.5803012	5.9151137E-003
0.5809678	6.1477330E-003
0.5816344	6.6662985E-003
0.582301	7.2446186E-003
0.5829676	7.8693777E-003
0.5836343	8.5260104E-003
0.5843009	9.1997692E-003
0.5849676	9.8755779E-003
0.5856342	1.0538853E-002
0.5863008	1.1175253E-002
0.5869675	1.1771210E-002
0.5876341	1.2315612E-002
0.5883007	1.2795382E-002
0.5889673	1.3202206E-002
0.5896339	1.3527191E-002
0.5903006	1.3764408E-002
0.5909672	1.3909954E-002
0.5916339	1.3960130E-002
0.5923005	1.3914596E-002
0.5929671	1.3773060E-002
0.5936337	1.3394019E-002
0.5943004	1.3032343E-002
0.594967	1.2594883E-002
0.5956336	1.2088481E-002
0.5963002	1.1522501E-002
0.5969669	1.0906694E-002
0.5976335	1.0255383E-002
0.5983002	9.5787942E-003
0.5989668	8.8893082E-003
0.5996334	8.2002757E-003
0.6003	7.5236387E-003
0.6009667	6.8719061E-003
0.6016333	6.2565212E-003
0.6022999	5.6881583E-003
0.6029665	5.1767365E-003
0.6036332	4.7316458E-003
0.6042998	4.3592774E-003
0.6049665	4.0654140E-003
0.6056331	3.8556668E-003
0.6062997	3.7309844E-003
0.6069663	3.6942521E-003
0.6076329	3.7444194E-003
0.6082996	3.9749043E-003
0.6089662	4.2274124E-003
0.6096328	4.5511820E-003
0.6102995	4.9405079E-003
0.6109661	5.3864531E-003
0.6116328	5.8791866E-003
0.6122994	6.4093987E-003
0.612966	6.9663115E-003
0.6136326	7.5390614E-003
0.6142992	8.1167286E-003
0.6149659	8.6883949E-003
0.6156325	9.2432387E-003
0.6162992	1.0022297E-002
0.6169658	1.0492623E-002
0.6176324	1.0912557E-002
0.618299	1.1277027E-002
0.6189657	1.1578158E-002
0.6196323	1.1811331E-002
0.6202989	1.1972548E-002
0.6209655	1.2059810E-002
0.6216322	1.2070698E-002
0.6222988	1.1944249E-002
0.6229655	1.1768281E-002
0.6236321	1.1521341E-002
0.6242987	1.1208078E-002
0.6249653	1.0834956E-002
0.625632	1.0406834E-002
0.6262986	9.9318530E-003
0.6269652	9.4174230E-003
0.6276318	8.5897632E-003
0.6282985	8.0148457E-003
0.6289651	7.4313711E-003
0.6296318	6.8498184E-003
0.6302984	6.2787803E-003
0.630965	5.7275207E-003
0.6316316	5.2048252E-003
0.6322982	4.4919900E-003
0.6329649	4.0747817E-003
0.6336315	3.7117680E-003
0.6342981	3.4077177E-003
0.6349648	3.1675466E-003
0.6356314	2.9933346E-003
0.6362981	2.8625689E-003
0.6369647	2.8625182E-003
0.6376313	2.9309220E-003
0.6382979	3.0670578E-003
0.6389645	3.2662677E-003
0.6396312	3.5256450E-003
0.6402978	4.0153079E-003
0.6409644	4.4004661E-003
0.6416311	4.8245331E-003
0.6422977	5.2798162E-003
0.6429643	5.7586832E-003
0.643631	6.5031862E-003
0.6442976	7.0052049E-003
0.6449642	7.5011873E-003
0.6456308	7.9844659E-003
0.6462975	8.4466962E-003
0.6469641	9.0846624E-003
0.6476308	9.4627887E-003
0.6482974	9.7965915E-003
0.648964	1.0081956E-002
0.6496306	1.0313106E-002
0.6502973	1.0552399E-002
0.6509639	1.0636721E-002
0.6516305	1.0659259E-002
0.6522971	1.0620258E-002
0.6529638	1.0520995E-002
0.6536304	1.0259867E-002
0.6542971	1.0016928E-002
0.6549637	9.7209355E-003
0.6556303	9.3785506E-003
0.6562969	8.7881582E-003
0.6569635	8.3513884E-003
0.6576302	7.8875776E-003
0.6582968	7.4031553E-003
0.6589634	6.6546905E-003
0.6596301	6.1513186E-003
0.6602967	5.6525711E-003
0.6609634	5.1659895E-003
0.66163	4.4735596E-003
0.6622966	4.0460341E-003
0.6629632	3.6532693E-003
0.6636298	3.3003618E-003
0.6642964	2.8560450E-003
0.6649631	2.6218339E-003
0.6656297	2.4413248E-003
0.6662964	2.3163294E-003
0.666963	2.2355947E-003
0.6676296	2.2528674E-003
0.6682963	2.3272985E-003
0.6689629	2.5403358E-003
0.6696295	2.7465669E-003
0.6702961	2.9999178E-003
0.6709628	3.2970309E-003
0.6716294	3.8130155E-003
0.672296	4.1962122E-003
0.6729627	4.6040346E-003
0.6736293	5.2485801E-003
0.6742959	5.6906771E-003
0.6749626	6.1355163E-003
0.6756292	6.5767523E-003
0.6762958	7.2169434E-003
0.6769624	7.6206895E-003
0.6776291	7.9999743E-003
0.6782957	8.5106054E-003
0.6789623	8.8053709E-003
0.679629	9.0598371E-003
0.6802956	9.3567409E-003
0.6809622	9.4945468E-003
0.6816288	9.5831566E-003
0.6822955	9.6193580E-003
0.6829621	9.5788594E-003
0.6836287	9.4876960E-003
0.6842954	9.2594661E-003
0.684962	9.0493076E-003
0.6856287	8.7944185E-003
0.6862953	8.3394982E-003
0.6869619	7.9928469E-003
0.6876285	7.6166615E-003
0.6882951	7.0081153E-003
0.6889617	6.5808734E-003
0.6896284	6.1423560E-003
0.690295	5.4770615E-003
0.6909617	5.0362828E-003
0.6916283	4.6043545E-003
0.6922949	3.9851554E-003
0.6929616	3.5990668E-003
0.6936282	3.2398906E-003
0.6942948	2.7620592E-003
0.6949614	2.4889205E-003
0.695628	2.2566200E-003
0.6962947	1.9903281E-003
0.6969613	1.8706288E-003
0.697628	1.7805822E-003
0.6982946	1.7808374E-003
0.6989612	1.8283145E-003
0.6996279	1.9881295E-003
0.7002945	2.1502047E-003
0.7009611	2.4715364E-003
0.7016277	2.7328394E-003
0.7022943	3.0282175E-003
0.702961	3.5250424E-003
0.7036276	3.8859183E-003
0.7042943	4.4596316E-003
0.7049609	4.8565227E-003
0.7056275	5.2589942E-003
0.7062941	5.8616637E-003
0.7069608	6.2546986E-003
0.7076274	6.8202242E-003
0.708294	7.1738916E-003
0.7089607	7.5045661E-003
0.7096273	7.9465853E-003
0.7102939	8.1998678E-003
0.7109606	8.5123824E-003
0.7116272	8.6723063E-003
0.7122938	8.7890467E-003
0.7129604	8.8845212E-003
0.713627	8.8933622E-003
0.7142937	8.8244090E-003
0.7149603	8.7245014E-003
0.715627	8.4962370E-003
0.7162936	8.2954131E-003
0.7169602	7.9267351E-003
0.7176269	7.6393741E-003
0.7182935	7.3242183E-003
0.7189601	6.8054730E-003
0.7196267	6.4354637E-003
0.7202933	5.8541065E-003
0.72096	5.4558702E-003
0.7216266	4.8544877E-003
0.7222933	4.4573727E-003
0.7229599	3.8789008E-003
0.7236265	3.5112447E-003
0.7242932	2.9970757E-003
0.7249598	2.6849501E-003
0.7256264	2.4013200E-003
0.726293	2.0364665E-003
0.7269596	1.8375583E-003
0.7276263	1.6104586E-003
0.7282929	1.5094221E-003
0.7289596	1.4352937E-003
0.7296262	1.4382225E-003
0.7302928	1.5202031E-003
0.7309594	1.6258461E-003
0.7316261	1.8557576E-003
0.7322927	2.0544271E-003
0.7329593	2.4148342E-003
0.7336259	2.6916391E-003
0.7342926	3.1540233E-003
0.7349592	3.4883469E-003
0.7356259	4.0190099E-003
0.7362925	4.3861559E-003
0.7369591	4.9466416E-003
0.7376257	5.3200210E-003
0.7382923	5.8703530E-003
0.738959	6.2247198E-003
0.7396256	6.7262063E-003
0.7402923	7.0359674E-003
0.7409589	7.4542831E-003
0.7416255	7.6987059E-003
0.7422922	8.0067087E-003
0.7429588	8.1687225E-003
0.7436254	8.3453543E-003
0.744292	8.4362738E-003
0.7449586	8.4490776E-003
0.7456253	8.3960267E-003
0.7462919	8.3117830E-003
0.7469586	8.1182150E-003
0.7476252	7.9441117E-003
0.7482918	7.6223542E-003
0.7489585	7.3699863E-003
0.7496251	6.9432473E-003
0.7502917	6.6294442E-003
0.7509583	6.1252648E-003
0.7516249	5.5899592E-003
0.7522916	5.2221180E-003
0.7529582	4.6641887E-003
0.7536249	4.2934194E-003
0.7542915	3.7494365E-003
0.7549581	3.3998825E-003
0.7556247	2.9048189E-003
0.7562914	2.4547274E-003
0.756958	2.1850481E-003
0.7576246	1.8327767E-003
0.7582912	1.6364229E-003
0.7589579	1.4041805E-003
0.7596245	1.2937065E-003
0.7602912	1.1957854E-003
0.7609578	1.1816464E-003
0.7616244	1.2187071E-003
0.762291	1.3433760E-003
0.7629576	1.4708056E-003
0.7636243	1.7246288E-003
0.7642909	2.0483797E-003
0.7649575	2.2990084E-003
0.7656242	2.7207590E-003
0.7662908	3.0280431E-003
0.7669575	3.5199791E-003
0.7676241	4.0389621E-003
0.7682907	4.3939757E-003
0.7689573	4.9309377E-003
0.7696239	5.4626470E-003
0.7702906	5.8078989E-003
0.7709572	6.3039484E-003
0.7716238	6.6147028E-003
0.7722905	7.0438697E-003
0.7729571	7.4196062E-003
0.7736238	7.6376745E-003
0.7742904	7.9083117E-003
0.774957	8.1074322E-003
0.7756236	8.1981588E-003
0.7762902	8.2703670E-003
0.7769569	8.2618101E-003
0.7776235	8.2129436E-003
0.7782902	8.0751488E-003
0.7789568	7.9423636E-003
0.7796234	7.6822154E-003
0.78029	7.3578814E-003
0.7809567	7.1074762E-003
0.7816233	6.6898400E-003
0.7822899	6.2274504E-003
0.7829565	5.8990689E-003
0.7836232	5.3856294E-003
0.7842898	4.8563723E-003
0.7849565	4.4998564E-003
0.7856231	3.9691417E-003
0.7862897	3.4529234E-003
0.7869563	2.9619962E-003
0.7876229	2.6541022E-003
0.7882896	2.2288414E-003
0.7889562	1.8549515E-003
0.7896228	1.6386498E-003
0.7902895	1.3680983E-003
0.7909561	1.1677471E-003
0.7916228	1.0747368E-003
0.7922894	9.9985639E-004
0.792956	1.0019977E-003
0.7936226	1.0465123E-003
0.7942892	1.1770738E-003
0.7949559	1.3808833E-003
0.7956225	1.6537794E-003
0.7962891	1.8714176E-003
0.7969558	2.2457242E-003
0.7976224	2.6706916E-003
0.7982891	2.9776194E-003
0.7989557	3.4663787E-003
0.7996223	3.9798850E-003
0.8002889	4.5077563E-003
0.8009555	4.8619634E-003
0.8016222	5.3888881E-003
0.8022888	5.9015164E-003
0.8029554	6.2294649E-003
0.8036221	6.6946088E-003
0.8042887	7.1180365E-003
0.8049553	7.4926438E-003
0.805622	7.7096308E-003
0.8062886	7.9848096E-003
0.8069552	8.1942230E-003
0.8076218	8.3322236E-003
0.8082885	8.3830701E-003
0.8089551	8.3978083E-003
0.8096218	8.3383564E-003
0.8102884	8.2054222E-003
0.810955	8.0779819E-003
0.8116216	7.8290692E-003
0.8122882	7.5185909E-003
0.8129549	7.1504056E-003
0.8136215	6.7333034E-003
0.8142881	6.4305030E-003
0.8149548	5.9493049E-003
0.8156214	5.4411339E-003
0.8162881	4.9174908E-003
0.8169547	4.5646755E-003
0.8176213	4.0369453E-003
0.8182879	3.5211032E-003
0.8189545	3.0270326E-003
0.8196212	2.5645627E-003
0.8202878	2.2783407E-003
0.8209544	1.8883932E-003
0.8216211	1.5525247E-003
0.8222877	1.2774863E-003
0.8229544	1.0690211E-003
0.823621	9.6869329E-004
0.8242876	8.7947393E-004
0.8249542	8.6441875E-004
0.8256208	9.2422002E-004
0.8262874	1.0578952E-003
0.8269541	1.1871869E-003
0.8276207	1.4377015E-003
0.8282874	1.7524711E-003
0.828954	2.1256127E-003
0.8296206	2.5498536E-003
0.8302873	3.0172986E-003
0.8309539	3.3486956E-003
0.8316205	3.8681745E-003
0.8322871	4.4062892E-003
0.8329538	4.9525350E-003
0.8336204	5.4973564E-003
0.834287	6.0298322E-003
0.8349537	6.3736159E-003
0.8356203	6.8654181E-003
0.8362869	7.3195705E-003
0.8369535	7.7293701E-003
0.8376202	8.0857305E-003
0.8382868	8.3848853E-003
0.8389534	8.6179134E-003
0.8396201	8.7348828E-003
0.8402867	8.8530313E-003
0.8409534	8.8974377E-003
0.84162	8.8694515E-003
0.8422866	8.7667918E-003
0.8429532	8.5949479E-003
0.8436198	8.3541917E-003
0.8442865	8.1585422E-003
0.8449531	7.8147808E-003
0.8456197	7.4178991E-003
0.8462864	6.9735902E-003
0.846953	6.4903456E-003
0.8476197	5.9775119E-003
0.8482863	5.4428261E-003
0.8489529	4.8980471E-003
0.8496195	4.3507889E-003
0.8502861	3.9903382E-003
0.8509527	3.4630839E-003
0.8516194	2.9605615E-003
0.852286	2.4919331E-003
0.8529527	2.0659338E-003
0.8536193	1.6904705E-003
0.8542859	1.3728202E-003
0.8549526	1.1186081E-003
0.8556192	9.3233347E-004
0.8562858	8.1911508E-004
0.8569524	7.8023359E-004
0.857619	7.9628144E-004
0.8582857	8.8354503E-004
0.8589523	1.0453053E-003
0.859619	1.2791330E-003
0.8602856	1.5812108E-003
0.8609522	1.9465326E-003
0.8616188	2.3690884E-003
0.8622855	2.8416775E-003
0.8629521	3.3562940E-003
0.8636187	3.9045708E-003
0.8642853	4.4766730E-003
0.864952	5.0639240E-003
0.8656186	5.6550801E-003
0.8662853	6.2418524E-003
0.8669519	6.8126358E-003
0.8676185	7.3584635E-003
0.8682851	7.7056326E-003
0.8689518	8.1904419E-003
0.8696184	8.6285062E-003
0.870285	9.0118265E-003
0.8709517	9.3340836E-003
0.8716183	9.5899180E-003
0.8722849	9.7738998E-003
0.8729516	9.8866178E-003
0.8736182	9.9214055E-003
0.8742848	9.8812301E-003
0.8749514	9.7654862E-003
0.875618	9.5751695E-003
0.8762847	9.3160886E-003
0.8769513	8.9876903E-003
0.877618	8.6001158E-003
0.8782846	8.1577608E-003
0.8789512	7.6677948E-003
0.8796179	7.1382644E-003
0.8802845	6.5772617E-003
0.8809511	5.9950021E-003
0.8816177	5.4014008E-003
0.8822843	4.8058019E-003
0.882951	4.2183790E-003
0.8836176	3.6488716E-003
0.8842843	3.1072651E-003
0.8849509	2.6029919E-003
0.8856175	2.1446287E-003
0.8862841	1.7404075E-003
0.8869508	1.3976690E-003
0.8876174	1.1226399E-003
0.888284	9.2020095E-004
0.8889506	7.9465174E-004
0.8896173	7.4909924E-004
0.8902839	7.8439777E-004
0.8909506	9.0133963E-004
0.8916172	1.0981356E-003
0.8922838	1.3728719E-003
0.8929504	1.7214546E-003
0.8936171	2.2921751E-003
0.8942837	2.7917076E-003
0.8949503	3.3442816E-003
0.8956169	3.9415467E-003
0.8962836	4.5743547E-003
0.8969502	5.2335979E-003
0.8976169	5.9083411E-003
0.8982835	6.5895319E-003
0.8989501	7.2659855E-003
0.8996167	7.9262033E-003
0.9002833	8.5637057E-003
0.90095	9.1639077E-003
0.9016166	9.7210938E-003
0.9022833	1.0227235E-002
0.9029499	1.0671847E-002
0.9036165	1.1049891E-002
0.9042832	1.1441468E-002
0.9049498	1.1643119E-002
0.9056164	1.1763054E-002
0.906283	1.1800489E-002
0.9069496	1.1752391E-002
0.9076163	1.1621717E-002
0.9082829	1.1407935E-002
0.9089496	1.1113892E-002
0.9096162	1.0747992E-002
0.9102828	1.0311366E-002
0.9109495	9.8131141E-003
0.9116161	9.0622921E-003
0.9122827	8.4465146E-003
0.9129493	7.7964859E-003
0.9136159	7.1211923E-003
0.9142826	6.4317239E-003
0.9149492	5.7390886E-003
0.9156159	5.0531966E-003
0.9162825	4.3854336E-003
0.9169491	3.7466625E-003
0.9176157	2.9579061E-003
0.9182824	2.4261528E-003
0.918949	1.9562759E-003
0.9196156	1.5559753E-003
0.9202822	1.2323420E-003
0.9209489	9.9209568E-004
0.9216155	8.4015954E-004
0.9222822	7.7964726E-004
0.9229488	8.4467488E-004
0.9236154	1.0038981E-003
0.924282	1.2562533E-003
0.9249486	1.5999022E-003
0.9256153	2.0307465E-003
0.9262819	2.5428836E-003
0.9269485	3.3417398E-003
0.9276152	4.0175477E-003
0.9282818	4.7487337E-003
0.9289485	5.5260784E-003
0.9296151	6.3384282E-003
0.9302817	7.1747289E-003
0.9309483	8.3063841E-003
0.9316149	9.1542080E-003
0.9322816	9.9853473E-003
0.9329482	1.0790891E-002
0.9336149	1.1559766E-002
0.9342815	1.2277592E-002
0.9349481	1.3145522E-002
0.9356148	1.3712455E-002
0.9362814	1.4200477E-002
0.936948	1.4605260E-002
0.9376146	1.4917700E-002
0.9382812	1.5182617E-002
0.9389479	1.5266522E-002
0.9396145	1.5248550E-002
0.9402812	1.5128954E-002
0.9409478	1.4909009E-002
0.9416144	1.4464486E-002
0.942281	1.4021635E-002
0.9429477	1.3495622E-002
0.9436143	1.2887134E-002
0.9442809	1.2208086E-002
0.9449475	1.1211317E-002
0.9456142	1.0404387E-002
0.9462808	9.5613860E-003
0.9469475	8.6957663E-003
0.9476141	7.5242766E-003
0.9482807	6.6497540E-003
0.9489473	5.7948353E-003
0.9496139	4.9714944E-003
0.9502806	3.9458489E-003
0.9509472	3.2464552E-003
0.9516138	2.6199210E-003
0.9522805	2.0774791E-003
0.9529471	1.6281796E-003
0.9536138	1.1891159E-003
0.9542804	9.8938670E-004
0.954947	9.0576877E-004
0.9556136	9.4244757E-004
0.9562802	1.1815698E-003
0.9569469	1.5036101E-003
0.9576135	1.9461439E-003
0.9582801	2.7158842E-003
0.9589468	3.4204628E-003
0.9596134	4.2259297E-003
0.9602801	5.1233172E-003
0.9609467	6.4441748E-003
0.9616133	7.5126733E-003
0.9622799	8.6337132E-003
0.9629465	9.7936131E-003
0.9636132	1.1374230E-002
0.9642798	1.2566198E-002
0.9649464	1.3748456E-002
0.9656131	1.5282498E-002
0.9662797	1.6380657E-002
0.9669463	1.7423032E-002
0.967613	1.8388731E-002
0.9682796	1.9540224E-002
0.9689462	2.0291798E-002
0.9696128	2.0932840E-002
0.9702795	2.1599390E-002
0.9709461	2.1949651E-002
0.9716128	2.2172989E-002
0.9722794	2.2248479E-002
0.972946	2.2144895E-002
0.9736126	2.1908237E-002
0.9742792	2.1530328E-002
0.9749459	2.0822922E-002
0.9756125	2.0148631E-002
0.9762791	1.9354958E-002
0.9769458	1.8134085E-002
0.9776124	1.7111512E-002
0.9782791	1.6008083E-002
0.9789457	1.4441003E-002
0.9796123	1.3212845E-002
0.9802789	1.1956342E-002
0.9809455	1.0269227E-002
0.9816122	9.0203425E-003
0.9822788	7.4095856E-003
0.9829454	6.2668095E-003
0.9836121	5.2004899E-003
0.9842787	3.9281086E-003
0.9849454	3.1076744E-003
0.985612	2.4191325E-003
0.9862786	1.7301200E-003
0.9869452	1.4009366E-003
0.9876118	1.2426268E-003
0.9882784	1.3115749E-003
0.9889451	1.5802322E-003
0.9896117	2.0368861E-003
0.9902784	2.9360750E-003
0.990945	3.8249227E-003
0.9916116	5.2828086E-003
0.9922783	6.5684323E-003
0.9929449	8.0060214E-003
0.9936115	1.0133588E-002
0.9942781	1.1865706E-002
0.9949448	1.3697116E-002
0.9956114	1.6250731E-002
0.996278	1.8225349E-002
0.9969447	2.0897465E-002
0.9976113	2.2897337E-002
0.9982779	2.4869265E-002
0.9989445	2.7420761E-002
0.9996112	2.9240306E-002
1.000278	3.1502917E-002
1.000944	3.3053886E-002
1.001611	3.4895495E-002
1.002278	3.6077406E-002
1.002944	3.7073702E-002
1.003611	3.8100708E-002
1.004278	3.8620692E-002
1.004944	3.8968097E-002
1.005611	3.8972929E-002
1.006277	3.8743317E-002
1.006944	3.8079176E-002
1.007611	3.7325628E-002
1.008277	3.5978921E-002
1.008944	3.4725767E-002
1.009611	3.2759115E-002
1.010277	3.1083593E-002
1.010944	2.9250408E-002
1.011611	2.6603391E-002
1.012277	2.4499467E-002
1.012944	2.1587349E-002
1.01361	1.9358855E-002
1.014277	1.6390733E-002
1.014944	1.4210118E-002
1.01561	1.1426163E-002
1.016277	9.4781546E-003
1.016944	7.1342969E-003
1.01761	5.6117242E-003
1.018277	3.9606844E-003
1.018943	3.0457531E-003
1.01961	2.4388891E-003
1.020277	2.1572891E-003
1.020943	2.3661391E-003
1.02161	3.2359404E-003
1.022277	4.3441877E-003
1.022943	6.4425822E-003
1.02361	8.4761931E-003
1.024276	1.1785976E-002
1.024943	1.4697000E-002
1.02561	1.9109877E-002
1.026276	2.2785775E-002
1.026943	2.8107127E-002
1.02761	3.2366719E-002
1.028276	3.8322326E-002
1.028943	4.2947959E-002
1.02961	4.9221091E-002
1.030276	5.3950656E-002
1.030943	6.0196169E-002
1.031609	6.4769670E-002
1.032276	7.0621535E-002
1.032943	7.4776642E-002
1.033609	7.9930224E-002
1.034276	8.3417870E-002
1.034943	8.7537669E-002
1.035609	9.0154476E-002
1.036276	9.3003914E-002
1.036942	9.4998017E-002
1.037609	9.5920771E-002
1.038276	9.6344791E-002
1.038942	9.6030496E-002
1.039609	9.4749644E-002
1.040276	9.3145728E-002
1.040942	9.0147600E-002
1.041609	8.7258823E-002
1.042275	8.2576729E-002
1.042942	7.8486167E-002
1.043609	7.2314382E-002
1.044275	6.5408848E-002
1.044942	5.9838898E-002
1.045609	5.2026555E-002
1.046275	4.5976553E-002
1.046942	3.7865940E-002
1.047608	3.1900588E-002
1.048275	2.4366630E-002
1.048942	1.7644692E-002
1.049608	1.3381941E-002
1.050275	9.0741469E-003
1.050942	7.1264915E-003
1.051608	6.5994640E-003
1.052275	8.0032488E-003
1.052942	1.2576899E-002
1.053608	2.0557709E-002
1.054275	2.8919425E-002
1.054941	4.3350186E-002
1.055608	5.6639198E-002
1.056275	7.7538960E-002
1.056941	1.0183331E-001
1.057608	1.2205962E-001
1.058275	1.5131460E-001
1.058941	1.7465477E-001
1.059608	2.0712560E-001
1.060274	2.4063015E-001
1.060941	2.6604533E-001
1.061608	2.9984066E-001
1.062274	3.2484794E-001
1.062941	3.5754955E-001
1.063608	3.8889459E-001
1.064274	4.1150519E-001
1.064941	4.3669212E-001
1.065608	4.6389410E-001
1.066274	4.8307058E-001
1.066941	5.0696594E-001
1.067607	5.2369630E-001
1.068274	5.4444253E-001
1.068941	5.6333941E-001
1.069607	5.7636797E-001
1.070274	5.9236354E-001
1.07094	6.0696161E-001
1.071607	6.1681730E-001
1.072274	6.2883246E-001
1.07294	6.3958645E-001
1.073607	6.4700001E-001
1.074274	6.5576512E-001
1.07494	6.6350883E-001
1.075607	6.6865462E-001
1.076274	6.7488295E-001
1.07694	6.8021506E-001
1.077607	6.8375695E-001
1.078273	6.8780291E-001
1.07894	6.9126040E-001
1.079607	6.9342375E-001
1.080273	6.9576156E-001
1.08094	6.9755906E-001
1.081607	6.9861054E-001
1.082273	6.9953531E-001
1.08294	7.0000964E-001
1.083606	7.0003915E-001
1.084273	6.9989008E-001
1.08494	6.9920987E-001
1.085606	6.9842041E-001
1.086273	6.9707966E-001
1.08694	6.9544971E-001
1.087606	6.9339955E-001
1.088273	6.9160384E-001
1.08894	6.8895572E-001
1.089606	6.8603724E-001
1.090273	6.8355364E-001
1.090939	6.7998827E-001
1.091606	6.7621160E-001
1.092273	6.7197776E-001
1.092939	6.6855115E-001
1.093606	6.6372043E-001
1.094273	6.5853810E-001
1.094939	6.5445119E-001
1.095606	6.4863682E-001
1.096272	6.4244556E-001
1.096939	6.3592666E-001
1.097606	6.3070011E-001
1.098272	6.2340117E-001
1.098939	6.1567807E-001
1.099606	6.0750180E-001
1.100272	6.0115647E-001
1.100939	5.9209120E-001
1.101606	5.8258134E-001
1.102272	5.7254189E-001
1.102939	5.6468266E-001
1.103605	5.5366647E-001
1.104272	5.4205298E-001
1.104939	5.2982599E-001
1.105605	5.2031243E-001
1.106272	5.0688964E-001
1.106939	4.9284029E-001
1.107605	4.7808394E-001
1.108272	4.6266446E-001
1.108938	4.5055225E-001
1.109605	4.3378672E-001
1.110272	4.1629231E-001
1.110938	3.9805135E-001
1.111605	3.8393405E-001
1.112272	3.6447027E-001
1.112938	3.4436059E-001
1.113605	3.2369035E-001
1.114272	3.0247059E-001
1.114938	2.8625107E-001
1.115605	2.6434624E-001
1.116271	2.4228311E-001
1.116938	2.2021662E-001
1.117605	1.9826546E-001
1.118271	1.8201268E-001
1.118938	1.6081351E-001
1.119604	1.4037330E-001
1.120271	1.2087091E-001
1.120938	1.0254034E-001
1.121604	8.9709431E-002
1.122271	7.3961735E-002
1.122938	5.9907924E-002
1.123604	4.7689494E-002
1.124271	3.7384722E-002
1.124938	2.9031847E-002
1.125604	2.4037482E-002
1.126271	1.9039026E-002
1.126937	1.5835840E-002
1.127604	1.4297191E-002
1.128271	1.4251372E-002
1.128937	1.5520385E-002
1.129604	1.7212026E-002
1.130271	2.0279258E-002
1.130937	2.4079014E-002
1.131604	2.8416386E-002
1.13227	3.3096135E-002
1.132937	3.7942693E-002
1.133604	4.2799972E-002
1.13427	4.7523998E-002
1.134937	5.0914742E-002
1.135604	5.5143766E-002
1.13627	5.8961414E-002
1.136937	6.2316637E-002
1.137604	6.5145478E-002
1.13827	6.7409091E-002
1.138937	6.9103904E-002
1.139603	6.9994241E-002
1.14027	7.0663318E-002
1.140937	7.0746988E-002
1.141603	7.0279367E-002
1.14227	6.9284610E-002
1.142937	6.7769222E-002
1.143603	6.5794967E-002
1.14427	6.3394830E-002
1.144936	6.0607400E-002
1.145603	5.7502985E-002
1.14627	5.4979526E-002
1.146936	5.1414970E-002
1.147603	4.7659915E-002
1.14827	4.3787662E-002
1.148936	3.9838571E-002
1.149603	3.5870787E-002
1.15027	3.1945705E-002
1.150936	2.8113017E-002
1.151603	2.4422020E-002
1.152269	2.0920139E-002
1.152936	1.7647566E-002
1.153603	1.4644624E-002
1.154269	1.2588535E-002
1.154936	1.0128429E-002
1.155602	8.0111846E-003
1.156269	6.2504052E-003
1.156936	4.8557580E-003
1.157602	3.8252939E-003
1.158269	3.1590976E-003
1.158936	2.8425131E-003
1.159602	2.8602004E-003
1.160269	3.1903752E-003
1.160936	3.8068022E-003
1.161602	4.6803397E-003
1.162269	5.7764500E-003
1.162935	7.0609441E-003
1.163602	8.4971627E-003
1.164269	1.0048405E-002
1.164935	1.1676493E-002
1.165602	1.3346243E-002
1.166269	1.5021341E-002
1.166935	1.6672036E-002
1.167602	1.8262058E-002
1.168268	1.9767610E-002
1.168935	2.1160021E-002
1.169602	2.2123173E-002
1.170268	2.3269275E-002
1.170935	2.4253679E-002
1.171602	2.5058165E-002
1.172268	2.5678653E-002
1.172935	2.6105940E-002
1.173602	2.6337013E-002
1.174268	2.6368376E-002
1.174935	2.6209852E-002
1.175601	2.5860595E-002
1.176268	2.5338555E-002
1.176935	2.4641274E-002
1.177601	2.3791365E-002
1.178268	2.2797605E-002
1.178935	2.1681981E-002
1.179601	2.0459097E-002
1.180268	1.8807549E-002
1.180934	1.7412011E-002
1.181601	1.5975229E-002
1.182268	1.4515667E-002
1.182934	1.3053624E-002
1.183601	1.1607588E-002
1.184268	1.0199562E-002
1.184934	8.8457167E-003
1.185601	7.5649857E-003
1.186267	6.3708476E-003
1.186934	5.2783010E-003
1.187601	4.2990367E-003
1.188267	3.4432716E-003
1.188934	2.7182305E-003
1.189601	2.1303189E-003
1.190267	1.6820937E-003
1.190934	1.3754645E-003
1.191601	1.2083104E-003
1.192267	1.1777648E-003
1.192934	1.2785447E-003
1.1936	1.5039241E-003
1.194267	1.8444988E-003
1.194934	2.4154130E-003
1.1956	2.9750480E-003
1.196267	3.6112322E-003
1.196934	4.3107593E-003
1.1976	5.0592460E-003
1.198267	5.8423881E-003
1.198933	6.6452189E-003
1.1996	7.4540786E-003
1.200267	8.2539879E-003
1.200933	9.0322094E-003
1.2016	9.7782770E-003
1.202267	1.0476919E-002
1.202933	1.1270892E-002
1.2036	1.1830074E-002
1.204266	1.2315122E-002
1.204933	1.2718762E-002
1.2056	1.3034108E-002
1.206266	1.3260660E-002
1.206933	1.3393207E-002
1.2076	1.3432580E-002
1.208266	1.3382543E-002
1.208933	1.3188042E-002
1.209599	1.2936515E-002
1.210266	1.2601294E-002
1.210933	1.2191070E-002
1.211599	1.1710979E-002
1.212266	1.1167004E-002
1.212933	1.0569849E-002
1.213599	9.9260835E-003
1.214266	9.0720793E-003
1.214933	8.3611477E-003
1.215599	7.6345112E-003
1.216266	6.9039534E-003
1.216932	6.1778370E-003
1.217599	5.4662065E-003
1.218266	4.7783754E-003
1.218932	3.9643552E-003
1.219599	3.3594361E-003
1.220266	2.8035727E-003
1.220932	2.3028131E-003
1.221599	1.8622188E-003
1.222265	1.4866535E-003
1.222932	1.1791880E-003
1.223599	8.9372875E-004
1.224265	7.4608868E-004
1.224932	6.6968310E-004
1.225599	6.6366623E-004
1.226265	7.2623469E-004
1.226932	8.9544652E-004
1.227599	1.0990312E-003
1.228265	1.3576021E-003
1.228932	1.6659870E-003
1.229598	2.0177632E-003
1.230265	2.4064216E-003
1.230932	2.9333294E-003
1.231598	3.3788504E-003
1.232265	3.8378793E-003
1.232931	4.3025664E-003
1.233598	4.7662831E-003
1.234265	5.3325901E-003
1.234931	5.7682791E-003
1.235598	6.1797677E-003
1.236265	6.5620281E-003
1.236931	6.9099437E-003
1.237598	7.2898837E-003
1.238265	7.5442656E-003
1.238931	7.7522951E-003
1.239598	7.9107629E-003
1.240264	8.0351308E-003
1.240931	8.0767265E-003
1.241598	8.0649145E-003
1.242264	8.0011729E-003
1.242931	7.8879232E-003
1.243598	7.6777865E-003
1.244264	7.4581108E-003
1.244931	7.1965815E-003
1.245597	6.8970891E-003
1.246264	6.4771795E-003
1.246931	6.1083836E-003
1.247597	5.7168072E-003
1.248264	5.3082430E-003
1.248931	4.7803111E-003
1.249597	4.3521966E-003
1.250264	3.9241612E-003
1.250931	3.3972797E-003
1.251597	2.9890346E-003
1.252264	2.5980349E-003
1.25293	2.2289860E-003
1.253597	1.8044723E-003
1.254264	1.4992121E-003
1.25493	1.2281238E-003
1.255597	9.9387066E-004
1.256264	7.5591292E-004
1.25693	6.1178295E-004
1.257597	5.0964317E-004
1.258263	4.4961841E-004
1.25893	4.3394661E-004
1.259597	4.6757478E-004
1.260263	5.4033846E-004
1.26093	6.8430038E-004
1.261597	8.3837984E-004
1.262263	1.0238481E-003
1.26293	1.2946072E-003
1.263597	1.5380502E-003
1.264263	1.8009790E-003
1.26493	2.0791583E-003
1.265596	2.4419704E-003
1.266263	2.7389224E-003
1.26693	3.0370790E-003
1.267596	3.4052469E-003
1.268263	3.6911191E-003
1.26893	3.9646393E-003
1.269596	4.2837481E-003
1.270263	4.5173182E-003
1.270929	4.7280169E-003
1.271596	4.9542165E-003
1.272263	5.1034484E-003
1.272929	5.2224640E-003
1.273596	5.3272210E-003
1.274263	5.3740498E-003
1.274929	5.3885258E-003
1.275596	5.3594471E-003
1.276263	5.2999761E-003
1.276929	5.2093053E-003
1.277596	5.0546844E-003
1.278262	4.9000033E-003
1.278929	4.7193109E-003
1.279596	4.4618202E-003
1.280262	4.2333296E-003
1.280929	3.9247312E-003
1.281595	3.6634556E-003
1.282262	3.3933385E-003
1.282929	3.0475655E-003
1.283595	2.7686905E-003
1.284262	2.4915654E-003
1.284929	2.1528457E-003
1.285595	1.8917918E-003
1.286262	1.5831386E-003
1.286929	1.3534029E-003
1.287595	1.1418889E-003
1.288262	9.0654439E-004
1.288928	7.4382027E-004
1.289595	6.0560164E-004
1.290262	4.6911079E-004
1.290928	3.9009136E-004
1.291595	3.2974599E-004
1.292262	3.1224336E-004
1.292928	3.2178228E-004
1.293595	3.7044784E-004
1.294261	4.3791870E-004
1.294928	5.5541366E-004
1.295595	6.7383639E-004
1.296261	8.1186864E-004
1.296928	1.0086281E-003
1.297595	1.1825613E-003
1.298261	1.4163334E-003
1.298928	1.6131684E-003
1.299595	1.8671049E-003
1.300261	2.0730009E-003
1.300928	2.2783636E-003
1.301594	2.5304481E-003
1.302261	2.7248573E-003
1.302928	2.9548702E-003
1.303594	3.1256964E-003
1.304261	3.3195463E-003
1.304928	3.4562019E-003
1.305594	3.6018316E-003
1.306261	3.6960386E-003
1.306927	3.7694704E-003
1.307594	3.8308373E-003
1.308261	3.8551637E-003
1.308927	3.8550710E-003
1.309594	3.8294347E-003
1.310261	3.7669779E-003
1.310927	3.6937012E-003
1.311594	3.5748538E-003
1.312261	3.4590068E-003
1.312927	3.2910013E-003
1.313594	3.1405557E-003
1.31426	2.9345138E-003
1.314927	2.7582450E-003
1.315594	2.5269741E-003
1.31626	2.3360760E-003
1.316927	2.1424573E-003
1.317593	1.8997135E-003
1.31826	1.7077414E-003
1.318927	1.4741533E-003
1.319593	1.2950845E-003
1.32026	1.0841225E-003
1.320927	9.2792191E-004
1.321593	7.5110531E-004
1.32226	6.2617246E-004
1.322927	4.9269450E-004
1.323593	4.0529529E-004
1.32426	3.2151633E-004
1.324926	2.7535830E-004
1.325593	2.4442680E-004
1.32626	2.4301079E-004
1.326926	2.6272616E-004
1.327593	3.1257610E-004
1.32826	3.7163156E-004
1.328926	4.6771523E-004
1.329593	5.6100043E-004
1.330259	6.9592305E-004
1.330926	8.1655307E-004
1.331593	9.8048674E-004
1.332259	1.1199740E-003
1.332926	1.3017796E-003
1.333593	1.4509191E-003
1.334259	1.6387895E-003
1.334926	1.7878705E-003
1.335593	1.9697053E-003
1.336259	2.1432657E-003
1.336926	2.2740776E-003
1.337592	2.4250776E-003
1.338259	2.5338784E-003
1.338926	2.6529473E-003
1.339592	2.7333957E-003
1.340259	2.8139313E-003
1.340926	2.8616062E-003
1.341592	2.8996738E-003
1.342259	2.9130222E-003
1.342925	2.9053069E-003
1.343592	2.8743267E-003
1.344259	2.8321461E-003
1.344925	2.7588431E-003
1.345592	2.6647309E-003
1.346259	2.5744783E-003
1.346925	2.4462985E-003
1.347592	2.3320504E-003
1.348258	2.1778354E-003
1.348925	2.0465895E-003
1.349592	1.8754491E-003
1.350258	1.6989466E-003
1.350925	1.5560347E-003
1.351592	1.3782023E-003
1.352258	1.2381440E-003
1.352925	1.0686987E-003
1.353592	9.0792705E-004
1.354258	7.8734133E-004
1.354925	6.4874213E-004
1.355591	5.2567746E-004
1.356258	4.3966994E-004
1.356925	3.4908811E-004
1.357591	2.9095149E-004
1.358258	2.3691179E-004
1.358925	2.0415800E-004
1.359591	1.9349663E-004
1.360258	1.9943366E-004
1.360924	2.2627741E-004
1.361591	2.6223258E-004
1.362258	3.2432537E-004
1.362924	3.8678254E-004
1.363591	4.7939239E-004
1.364258	5.8637897E-004
1.364924	6.8078993E-004
1.365591	8.0790487E-004
1.366257	9.4279979E-004
1.366924	1.0546290E-003
1.367591	1.1969286E-003
1.368257	1.3396227E-003
1.368924	1.4523281E-003
1.369591	1.5891767E-003
1.370257	1.7192793E-003
1.370924	1.8171951E-003
1.37159	1.9295232E-003
1.372257	2.0293759E-003
1.372924	2.0986001E-003
1.37359	2.1712843E-003
1.374257	2.2272253E-003
1.374924	2.2593851E-003
1.37559	2.2834667E-003
1.376257	2.2888803E-003
1.376924	2.2799920E-003
1.37759	2.2525073E-003
1.378257	2.2074420E-003
1.378923	2.1456801E-003
1.37959	2.0850461E-003
1.380257	1.9967339E-003
1.380923	1.8951107E-003
1.38159	1.8057477E-003
1.382257	1.6855779E-003
1.382923	1.5579765E-003
1.38359	1.4520476E-003
1.384256	1.3166886E-003
1.384923	1.1800119E-003
1.38559	1.0443999E-003
1.386256	9.3818468E-004
1.386923	8.1002031E-004
1.38759	6.8894029E-004
1.388256	5.7681231E-004
1.388923	4.9474009E-004
1.38959	4.0300249E-004
1.390256	3.2457232E-004
1.390923	2.7218205E-004
1.391589	2.2036105E-004
1.392256	1.8434008E-004
1.392923	1.6439937E-004
1.393589	1.6018725E-004
1.394256	1.6943290E-004
1.394922	1.9439701E-004
1.395589	2.3440480E-004
1.396256	2.7663753E-004
1.396922	3.4128776E-004
1.397589	4.1784861E-004
1.398256	5.0490297E-004
1.398922	5.8096380E-004
1.399589	6.8257406E-004
1.400256	7.8969589E-004
1.400922	9.0042187E-004
1.401589	1.0015408E-003
1.402255	1.0914451E-003
1.402922	1.2020842E-003
1.403589	1.3091064E-003
1.404255	1.4106893E-003
1.404922	1.4867837E-003
1.405589	1.5743999E-003
1.406255	1.6523364E-003
1.406922	1.7192219E-003
1.407588	1.7737359E-003
1.408255	1.8078554E-003
1.408922	1.8387123E-003
1.409588	1.8551626E-003
1.410255	1.8576570E-003
1.410922	1.8460008E-003
1.411588	1.8269266E-003
1.412255	1.7906195E-003
1.412922	1.7414785E-003
1.413588	1.6803484E-003
1.414255	1.6082772E-003
1.414921	1.5436129E-003
1.415588	1.4550370E-003
1.416255	1.3594594E-003
1.416921	1.2581155E-003
1.417588	1.1528407E-003
1.418255	1.0453096E-003
1.418921	9.5882925E-004
1.419588	8.5154269E-004
1.420254	7.4677274E-004
1.420921	6.4617780E-004
1.421588	5.5120955E-004
1.422254	4.6337195E-004
1.422921	3.8395755E-004
1.423588	3.2730540E-004
1.424254	2.6585776E-004
1.424921	2.1566472E-004
1.425588	1.7731194E-004
1.426254	1.5136058E-004
1.426921	1.3802604E-004
1.427587	1.3734937E-004
1.428254	1.4581891E-004
1.428921	1.6740848E-004
1.429587	2.0067961E-004
1.430254	2.4504255E-004
1.430921	2.9957495E-004
1.431587	3.6326642E-004
1.432254	4.3493984E-004
1.43292	4.9718615E-004
1.433587	5.7997840E-004
1.434254	6.6699373E-004
1.43492	7.5679936E-004
1.435587	8.4779673E-004
1.436254	9.3851518E-004
1.43692	1.0274866E-003
1.437587	1.1132306E-003
1.438254	1.1943697E-003
1.43892	1.2696469E-003
1.439587	1.3249888E-003
1.440253	1.3867584E-003
1.44092	1.4396454E-003
1.441587	1.4828495E-003
1.442253	1.5155317E-003
1.44292	1.5375847E-003
1.443586	1.5485161E-003
1.444253	1.5484064E-003
1.44492	1.5369380E-003
1.445586	1.5146915E-003
1.446253	1.4815419E-003
1.44692	1.4479698E-003
1.447586	1.3975141E-003
1.448253	1.3384541E-003
1.44892	1.2717231E-003
1.449586	1.1985116E-003
1.450253	1.1195984E-003
1.450919	1.0365910E-003
1.451586	9.5065252E-004
1.452253	8.6308195E-004
1.452919	7.7521737E-004
1.453586	6.8845291E-004
1.454253	6.0398300E-004
1.454919	5.2308396E-004
1.455586	4.4696973E-004
1.456252	3.7673721E-004
1.456919	3.1340288E-004
1.457586	2.5782018E-004
1.458252	2.1081038E-004
1.458919	1.7288362E-004
1.459586	1.4463028E-004
1.460252	1.2633040E-004
1.460919	1.1815063E-004
1.461586	1.1890240E-004
1.462252	1.2887310E-004
1.462919	1.4860023E-004
1.463585	1.7764649E-004
1.464252	2.1555879E-004
1.464919	2.6155126E-004
1.465585	3.1484195E-004
1.466252	3.7454127E-004
1.466919	4.3963877E-004
1.467585	5.0908147E-004
1.468252	5.8172230E-004
1.468918	6.5646635E-004
1.469585	7.3198270E-004
1.470252	8.0721820E-004
1.470918	8.8094448E-004
1.471585	9.5204322E-004
1.472252	1.0194178E-003
1.472918	1.0820446E-003
1.473585	1.1389799E-003
1.474252	1.1895250E-003
1.474918	1.2326489E-003
1.475585	1.2738978E-003
1.476251	1.2989822E-003
1.476918	1.3150867E-003
1.477585	1.3222808E-003
1.478251	1.3203651E-003
1.478918	1.3095508E-003
1.479584	1.2897203E-003
1.480251	1.2613641E-003
1.480918	1.2247931E-003
1.481584	1.1808617E-003
1.482251	1.1301002E-003
1.482918	1.0732935E-003
1.483584	1.0112897E-003
1.484251	9.4502454E-004
1.484918	8.7546802E-004
1.485584	8.0365740E-004
1.486251	7.3064689E-004
1.486917	6.5749232E-004
1.487584	5.8525335E-004
1.488251	5.1494723E-004
1.488917	4.3458623E-004
1.489584	3.7200915E-004
1.490251	3.1439544E-004
1.490917	2.6251900E-004
1.491584	2.1707891E-004
1.49225	1.7867358E-004
1.492917	1.4779306E-004
1.493584	1.2482380E-004
1.49425	1.1001786E-004
1.494917	1.0351026E-004
1.495584	1.0531884E-004
1.49625	1.1533622E-004
1.496917	1.3786690E-004
1.497584	1.6497511E-004
1.49825	1.9917121E-004
1.498917	2.3987096E-004
1.499583	2.8642814E-004
1.50025	3.3808878E-004
1.500917	3.9405125E-004
1.501583	4.5343360E-004
1.50225	5.1530468E-004
1.502917	5.9161062E-004
1.503583	6.5568590E-004
1.50425	7.1926945E-004
1.504916	7.8145671E-004
1.505583	8.4122596E-004
1.50625	8.9775334E-004
1.506916	9.5019734E-004
1.507583	9.9775020E-004
1.50825	1.0476121E-003
1.508916	1.0824037E-003
1.509583	1.1106587E-003
1.510249	1.1317459E-003
1.510916	1.1453636E-003
1.511583	1.1516078E-003
1.512249	1.1502927E-003
1.512916	1.1387541E-003
1.513583	1.1210898E-003
1.514249	1.0963731E-003
1.514916	1.0649770E-003
1.515583	1.0273767E-003
1.516249	9.8411692E-004
1.516916	9.2559448E-004
1.517582	8.7209255E-004
1.518249	8.1532844E-004
1.518916	7.5579790E-004
1.519582	6.9454196E-004
1.520249	6.3237641E-004
1.520916	5.5779377E-004
1.521582	4.9660465E-004
1.522249	4.3721186E-004
1.522915	3.8044422E-004
1.523582	3.2705997E-004
1.524249	2.6847294E-004
1.524915	2.2495483E-004
1.525582	1.8686012E-004
1.526249	1.5468865E-004
1.526915	1.2882351E-004
1.527582	1.0656372E-004
1.528248	9.5583338E-005
1.528915	9.1530572E-005
1.529582	9.4439536E-005
1.530248	1.0420741E-004
1.530915	1.2468506E-004
1.531582	1.4873790E-004
1.532248	1.7873981E-004
1.532915	2.1416789E-004
1.533581	2.5449818E-004
1.534248	3.0852327E-004
1.534915	3.5745130E-004
1.535581	4.0913673E-004
1.536248	4.6286135E-004
1.536915	5.2896806E-004
1.537581	5.8443862E-004
1.538248	6.3945266E-004
1.538915	6.9321413E-004
1.539581	7.5495004E-004
1.540248	8.0337375E-004
1.540914	8.4827823E-004
1.541581	8.8905334E-004
1.542248	9.3183632E-004
1.542914	9.6156879E-004
1.543581	9.8574348E-004
1.544248	1.0039540E-003
1.544914	1.0175811E-003
1.545581	1.0218408E-003
1.546247	1.0198094E-003
1.546914	1.0114175E-003
1.547581	9.9312922E-004
1.548247	9.7132393E-004
1.548914	9.4387820E-004
1.549581	9.1118092E-004
1.550247	8.6562301E-004
1.550914	8.2306360E-004
1.551581	7.7681628E-004
1.552247	7.1758032E-004
1.552914	6.6580670E-004
1.55358	6.1262178E-004
1.554247	5.5859663E-004
1.554914	4.9384095E-004
1.55558	4.4075443E-004
1.556247	3.8918725E-004
1.556913	3.3027356E-004
1.55758	2.8439870E-004
1.558247	2.4207959E-004
1.558913	1.9673389E-004
1.55958	1.6405029E-004
1.560247	1.3645276E-004
1.560913	1.1045921E-004
1.56158	9.5047486E-005
1.562247	8.5492371E-005
1.562913	8.1918392E-005
1.56358	8.5447136E-005
1.564246	9.4829637E-005
1.564913	1.0989897E-004
1.56558	1.3514551E-004
1.566246	1.6176900E-004
1.566913	1.9305923E-004
1.56758	2.3613215E-004
1.568246	2.7602553E-004
1.568913	3.2785899E-004
1.569579	3.7363119E-004
1.570246	4.2113088E-004
1.570913	4.7941523E-004
1.571579	5.2828103E-004
1.572246	5.7676114E-004
1.572913	6.3347537E-004
1.573579	6.7879457E-004
1.574246	7.2161487E-004
1.574913	7.6909992E-004
1.575579	8.0475229E-004
1.576246	8.3643215E-004
1.576912	8.6829282E-004
1.577579	8.8959991E-004
1.578246	9.0833218E-004
1.578912	9.1805338E-004
1.579579	9.2218502E-004
1.580246	9.1995159E-004
1.580912	9.1207284E-004
1.581579	8.9872425E-004
1.582245	8.7609323E-004
1.582912	8.5178815E-004
1.583579	8.1662973E-004
1.584245	7.8284030E-004
1.584912	7.4534258E-004
1.585579	6.9633045E-004
1.586245	6.5270427E-004
1.586912	5.9784530E-004
1.587579	5.5069255E-004
1.588245	5.0301116E-004
1.588912	4.4575901E-004
1.589578	3.9877734E-004
1.590245	3.4420317E-004
1.590912	3.0087060E-004
1.591578	2.5224913E-004
1.592245	2.1871160E-004
1.592912	1.8481581E-004
1.593578	1.4938090E-004
1.594245	1.2466601E-004
1.594911	1.0117091E-004
1.595578	8.6998567E-005
1.596245	7.6714961E-005
1.596911	7.3860472E-005
1.597578	7.6159828E-005
1.598245	8.5676780E-005
1.598911	9.9097597E-005
1.599578	1.2141827E-004
1.600245	1.4494164E-004
1.600911	1.7857613E-004
1.601578	2.1064999E-004
1.602244	2.5335216E-004
1.602911	2.9189102E-004
1.603578	3.3257355E-004
1.604244	3.8346308E-004
1.604911	4.2692194E-004
1.605577	4.7959710E-004
1.606244	5.2318996E-004
1.606911	5.7427050E-004
1.607577	6.1526312E-004
1.608244	6.6173635E-004
1.608911	6.9757167E-004
1.609577	7.3656335E-004
1.610244	7.6520006E-004
1.610911	7.9438166E-004
1.611577	8.1406080E-004
1.612244	8.3170325E-004
1.61291	8.4126578E-004
1.613577	8.4627420E-004
1.614244	8.4519770E-004
1.61491	8.3750550E-004
1.615577	8.2581519E-004
1.616244	8.0585404E-004
1.61691	7.8448449E-004
1.617577	7.5360161E-004
1.618243	7.2376063E-004
1.61891	6.8360032E-004
1.619577	6.4713432E-004
1.620243	6.0034578E-004
1.62091	5.5938447E-004
1.621577	5.0871581E-004
1.622243	4.6579851E-004
1.62291	4.1421244E-004
1.623577	3.7184806E-004
1.624243	3.2242763E-004
1.62491	2.8302622E-004
1.625576	2.3863273E-004
1.626243	1.9808000E-004
1.62691	1.6771689E-004
1.627576	1.3595005E-004
1.628243	1.1370628E-004
1.62891	9.2475449E-005
1.629576	7.9586593E-005
1.630243	7.0011985E-005
1.630909	6.7090303E-005
1.631576	6.9683716E-005
1.632243	7.6817458E-005
1.632909	9.1217611E-005
1.633576	1.1170442E-004
1.634243	1.3315356E-004
1.634909	1.6369449E-004
1.635576	1.9277185E-004
1.636243	2.3146049E-004
1.636909	2.6639336E-004
1.637576	3.1086092E-004
1.638242	3.5738721E-004
1.638909	3.9709290E-004
1.639576	4.4517583E-004
1.640242	4.8499287E-004
1.640909	5.3179171E-004
1.641575	5.7672826E-004
1.642242	6.1218772E-004
1.642909	6.5170688E-004
1.643575	6.8165589E-004
1.644242	7.1346655E-004
1.644909	7.4018660E-004
1.645575	7.5838022E-004
1.646242	7.7489932E-004
1.646909	7.8398664E-004
1.647575	7.8930688E-004
1.648242	7.8836811E-004
1.648908	7.8284135E-004
1.649575	7.7057973E-004
1.650242	7.5586233E-004
1.650908	7.3294214E-004
1.651575	7.0488290E-004
1.652242	6.7786692E-004
1.652908	6.4153795E-004
1.653575	6.0157559E-004
1.654241	5.6593888E-004
1.654908	5.2116544E-004
1.655575	4.8252213E-004
1.656241	4.3539764E-004
1.656908	3.8815339E-004
1.657575	3.4923319E-004
1.658241	3.0380939E-004
1.658908	2.6047282E-004
1.659575	2.2647342E-004
1.660241	1.8878937E-004
1.660908	1.5509150E-004
1.661574	1.3045776E-004
1.662241	1.0544837E-004
1.662908	8.5769025E-005
1.663574	7.3691932E-005
1.664241	6.4525484E-005
1.664908	6.1309984E-005
1.665574	6.3220490E-005
1.666241	7.0914146E-005
1.666907	8.4372055E-005
1.667574	9.9827688E-005
1.668241	1.2311623E-004
1.668907	1.5124530E-004
1.669574	1.7799831E-004
1.670241	2.1359544E-004
1.670907	2.5243458E-004
1.671574	2.9381993E-004
1.67224	3.2976834E-004
1.672907	3.7400189E-004
1.673574	4.1869792E-004
1.67424	4.5579707E-004
1.674907	4.9946801E-004
1.675574	5.4151396E-004
1.67624	5.7481928E-004
1.676907	6.1210321E-004
1.677574	6.4583385E-004
1.67824	6.7557208E-004
1.678907	6.9684547E-004
1.679573	7.1795395E-004
1.68024	7.3383632E-004
1.680907	7.4291445E-004
1.681573	7.4862823E-004
1.68224	7.4863504E-004
1.682907	7.4287411E-004
1.683573	7.3387456E-004
1.68424	7.1801635E-004
1.684906	6.9707062E-004
1.685573	6.7132432E-004
1.68624	6.4650789E-004
1.686906	6.1304972E-004
1.687573	5.7630474E-004
1.68824	5.3663220E-004
1.688906	5.0194806E-004
1.689573	4.5890009E-004
1.690239	4.1494111E-004
1.690906	3.7084345E-004
1.691573	3.3448971E-004
1.692239	2.9194087E-004
1.692906	2.5119557E-004
1.693573	2.1294357E-004
1.694239	1.8340295E-004
1.694906	1.5123906E-004
1.695572	1.2313666E-004
1.696239	9.9562058E-005
1.696906	8.3617153E-005
1.697572	6.9210495E-005
1.698239	6.0120918E-005
1.698906	5.6495206E-005
1.699572	5.8375910E-005
1.700239	6.4133943E-005
1.700906	7.5896998E-005
1.701572	9.2840448E-005
1.702239	1.1461448E-004
1.702905	1.4086977E-004
1.703572	1.6586184E-004
1.704239	1.9914671E-004
1.704905	2.3549685E-004
1.705572	2.7434065E-004
1.706239	3.1503272E-004
1.706905	3.4985694E-004
1.707572	3.9219929E-004
1.708238	4.3448480E-004
1.708905	4.7602761E-004
1.709572	5.1616109E-004
1.710238	5.5418944E-004
1.710905	5.8392965E-004
1.711572	6.1668479E-004
1.712238	6.4574217E-004
1.712905	6.7075907E-004
1.713572	6.9127657E-004
1.714238	7.0698635E-004
1.714905	7.1623136E-004
1.715571	7.2244776E-004
1.716238	7.2345638E-004
1.716905	7.1915780E-004
1.717571	7.0955814E-004
1.718238	6.9496728E-004
1.718904	6.7912182E-004
1.719571	6.5584556E-004
1.720238	6.2843406E-004
1.720904	5.9719314E-004
1.721571	5.6281273E-004
1.722238	5.2563305E-004
1.722904	4.8626968E-004
1.723571	4.5232990E-004
1.724238	4.1067821E-004
1.724904	3.6873261E-004
1.725571	3.2710479E-004
1.726237	2.8642672E-004
1.726904	2.4737485E-004
1.727571	2.1052275E-004
1.728237	1.7644805E-004
1.728904	1.4567441E-004
1.729571	1.2290014E-004
1.730237	9.9365723E-005
1.730904	8.0307713E-005
1.73157	6.6042718E-005
1.732237	5.7317262E-005
1.732904	5.2709536E-005
1.73357	5.3279568E-005
1.734237	5.8975635E-005
1.734904	6.9739886E-005
1.73557	8.5341919E-005
1.736237	1.0189777E-004
1.736904	1.2575477E-004
1.73757	1.5357927E-004
1.738237	1.8495088E-004
1.738903	2.1935836E-004
1.73957	2.5628338E-004
1.740237	2.9513024E-004
1.740903	3.3531693E-004
1.74157	3.7621532E-004
1.742237	4.1719916E-004
1.742903	4.5763268E-004
1.74357	4.9684686E-004
1.744236	5.3432619E-004
1.744903	5.6940579E-004
1.74557	5.9651077E-004
1.746236	6.2590581E-004
1.746903	6.5164093E-004
1.74757	6.7323691E-004
1.748236	6.9030240E-004
1.748903	7.0273032E-004
1.74957	7.1034732E-004
1.750236	7.1279990E-004
1.750903	7.1029039E-004
1.751569	7.0270617E-004
1.752236	6.9032668E-004
1.752903	6.7318283E-004
1.753569	6.5170007E-004
1.754236	6.2611938E-004
1.754903	5.9684081E-004
1.755569	5.6425011E-004
1.756236	5.2895496E-004
1.756902	4.9139379E-004
1.757569	4.5225932E-004
1.758236	4.1197188E-004
1.758902	3.7126863E-004
1.759569	3.3071262E-004
1.760236	2.9090510E-004
1.760902	2.5247820E-004
1.761569	2.1598037E-004
1.762236	1.8198056E-004
1.762902	1.5097711E-004
1.763569	1.2341692E-004
1.764235	9.9711135E-005
1.764902	8.0251404E-005
1.765569	6.5279630E-005
1.766235	5.5056666E-005
1.766902	4.9690978E-005
1.767568	4.9300274E-005
1.768235	5.3844233E-005
1.768902	6.3275911E-005
1.769568	7.7468452E-005
1.770235	9.6170101E-005
1.770902	1.1913171E-004
1.771568	1.4597959E-004
1.772235	1.7633944E-004
1.772902	2.0975615E-004
1.773568	2.4571622E-004
1.774235	2.8370306E-004
1.774901	3.2315042E-004
1.775568	3.6348403E-004
1.776235	4.0406451E-004
1.776901	4.4436080E-004
1.777568	4.9011287E-004
1.778235	5.2775879E-004
1.778901	5.6322193E-004
1.779568	5.9597823E-004
1.780234	6.2564923E-004
1.780901	6.5169518E-004
1.781568	6.7386025E-004
1.782234	6.9167285E-004
1.782901	7.0504064E-004
1.783568	7.1370200E-004
1.784234	7.1742875E-004
1.784901	7.1626646E-004
1.785568	7.1031344E-004
1.786234	6.9957541E-004
1.786901	6.8420410E-004
1.787567	6.6071487E-004
1.788234	6.3611078E-004
1.788901	6.0787599E-004
1.789567	5.7629909E-004
1.790234	5.4196175E-004
1.790901	5.0528976E-004
1.791567	4.6677850E-004
1.792234	4.2708780E-004
1.7929	3.8670027E-004
1.793567	3.4631538E-004
1.794234	2.9982807E-004
1.7949	2.6125411E-004
1.795567	2.2442653E-004
1.796234	1.8989049E-004
1.7969	1.5813301E-004
1.797567	1.2963935E-004
1.798234	1.0479896E-004
1.7989	8.3997846E-005
1.799567	6.5193883E-005
1.800233	5.4044365E-005
1.8009	4.7684382E-005
1.801567	4.6141075E-005
1.802233	4.9527545E-005
1.8029	5.7737700E-005
1.803566	7.0698159E-005
1.804233	9.1534916E-005
1.8049	1.1402898E-004
1.805566	1.4045791E-004
1.806233	1.7045646E-004
1.8069	2.0360177E-004
1.807566	2.3941621E-004
1.808233	2.7741530E-004
1.8089	3.2379510E-004
1.809566	3.6460551E-004
1.810233	4.0585644E-004
1.810899	4.4689392E-004
1.811566	4.8721759E-004
1.812233	5.2617263E-004
1.812899	5.6927564E-004
1.813566	6.0351158E-004
1.814233	6.3485809E-004
1.814899	6.6274073E-004
1.815566	6.8689475E-004
1.816232	7.0984929E-004
1.816899	7.2473241E-004
1.817566	7.3495717E-004
1.818232	7.4029958E-004
1.818899	7.4084837E-004
1.819566	7.3523103E-004
1.820232	7.2529196E-004
1.820899	7.1069627E-004
1.821566	6.9154002E-004
1.822232	6.6828687E-004
1.822899	6.3621410E-004
1.823565	6.0505141E-004
1.824232	5.7092594E-004
1.824899	5.3427828E-004
1.825565	4.9558643E-004
1.826232	4.4872196E-004
1.826899	4.0761693E-004
1.827565	3.6630844E-004
1.828232	3.2537771E-004
1.828898	2.8534571E-004
1.829565	2.4061382E-004
1.830232	2.0453315E-004
1.830898	1.7108307E-004
1.831565	1.4075404E-004
1.832232	1.0985218E-004
1.832898	8.7664841E-005
1.833565	6.9761641E-005
1.834231	5.6435911E-005
1.834898	4.6882200E-005
1.835565	4.3992855E-005
1.836231	4.6078650E-005
1.836898	5.3080847E-005
1.837565	6.7399131E-005
1.838231	8.4727668E-005
1.838898	1.0651531E-004
1.839565	1.3245594E-004
1.840231	1.6752463E-004
1.840898	2.0124191E-004
1.841564	2.3785804E-004
1.842231	2.8359710E-004
1.842898	3.2476807E-004
1.843564	3.6720358E-004
1.844231	4.0672044E-004
1.844898	4.5709350E-004
1.845564	4.9969985E-004
1.846231	5.4126803E-004
1.846897	5.8759318E-004
1.847564	6.2478345E-004
1.848231	6.5932836E-004
1.848897	6.9047371E-004
1.849564	7.2219793E-004
1.850231	7.4489031E-004
1.850897	7.6323230E-004
1.851564	7.7861885E-004
1.85223	7.8661711E-004
1.852897	7.8954222E-004
1.853564	7.8667095E-004
1.85423	7.7871833E-004
1.854897	7.6597225E-004
1.855564	7.4839726E-004
1.85623	7.2241510E-004
1.856897	6.9556438E-004
1.857563	6.6486228E-004
1.85823	6.2480284E-004
1.858897	5.8743666E-004
1.859563	5.4767885E-004
1.86023	4.9910828E-004
1.860897	4.5621826E-004
1.861563	4.0544398E-004
1.86223	3.6207557E-004
1.862897	3.1938503E-004
1.863563	2.7800477E-004
1.86423	2.3211335E-004
1.864896	1.9544121E-004
1.865563	1.5646683E-004
1.86623	1.2687154E-004
1.866896	1.0122185E-004
1.867563	7.6757256E-005
1.86823	6.0834482E-005
1.868896	4.9791324E-005
1.869563	4.3339183E-005
1.870229	4.3396281E-005
1.870896	4.8681035E-005
1.871563	6.1341823E-005
1.872229	7.7641875E-005
1.872896	1.0275770E-004
1.873563	1.2921462E-004
1.874229	1.5985925E-004
1.874896	2.0043933E-004
1.875563	2.3883019E-004
1.876229	2.8715827E-004
1.876896	3.3100540E-004
1.877562	3.7651043E-004
1.878229	4.3093908E-004
1.878896	4.7799721E-004
1.879562	5.3261331E-004
1.880229	5.7847437E-004
1.880895	6.2281295E-004
1.881562	6.7186297E-004
1.882229	7.1090512E-004
1.882895	7.5242080E-004
1.883562	7.8385224E-004
1.884229	8.1118557E-004
1.884895	8.3718519E-004
1.885562	8.5430831E-004
1.886229	8.6768414E-004
1.886895	8.7351503E-004
1.887562	8.7338279E-004
1.888228	8.6755754E-004
1.888895	8.5639587E-004
1.889562	8.3684124E-004
1.890228	8.1461546E-004
1.890895	7.8293146E-004
1.891562	7.5105642E-004
1.892228	7.0915208E-004
1.892895	6.6953868E-004
1.893561	6.2723371E-004
1.894228	5.7499018E-004
1.894895	5.2854355E-004
1.895561	4.7312456E-004
1.896228	4.2536974E-004
1.896895	3.7016437E-004
1.897561	3.2407837E-004
1.898228	2.7247597E-004
1.898895	2.3085218E-004
1.899561	1.8610596E-004
1.900228	1.5161373E-004
1.900894	1.1655072E-004
1.901561	9.1395748E-005
1.902228	7.1165407E-005
1.902894	5.4155880E-005
1.903561	4.4619173E-005
1.904228	4.2556938E-005
1.904894	4.6185880E-005
1.905561	5.7639307E-005
1.906227	7.3547963E-005
1.906894	9.9004224E-005
1.907561	1.2647262E-004
1.908227	1.6464174E-004
1.908894	2.0220675E-004
1.909561	2.5104647E-004
1.910227	2.9663966E-004
1.910894	3.5345927E-004
1.911561	4.0455986E-004
1.912227	4.6611874E-004
1.912894	5.1986909E-004
1.91356	5.8270356E-004
1.914227	6.4480532E-004
1.914894	6.9659814E-004
1.91556	7.5445807E-004
1.916227	8.0108445E-004
1.916894	8.5137394E-004
1.91756	8.9016452E-004
1.918227	9.2993060E-004
1.918893	9.5859333E-004
1.91956	9.8547130E-004
1.920227	1.0023263E-003
1.920893	1.0147005E-003
1.92156	1.0186664E-003
1.922227	1.0157579E-003
1.922893	1.0067235E-003
1.92356	9.8859530E-004
1.924227	9.6253050E-004
1.924893	9.3440030E-004
1.92556	8.9501089E-004
1.926226	8.5631403E-004
1.926893	8.0585189E-004
1.92756	7.5883709E-004
1.928226	7.0019293E-004
1.928893	6.4759614E-004
1.929559	5.8421487E-004
1.930226	5.1987980E-004
1.930893	4.6472126E-004
1.931559	4.0150981E-004
1.932226	3.4893281E-004
1.932893	2.9054270E-004
1.933559	2.3631002E-004
1.934226	1.9386168E-004
1.934893	1.4990452E-004
1.935559	1.1755062E-004
1.936226	8.6693188E-005
1.936892	6.3817082E-005
1.937559	5.0959876E-005
1.938226	4.4143813E-005
1.938892	4.5451328E-005
1.939559	5.4446467E-005
1.940226	7.2842478E-005
1.940892	9.5694166E-005
1.941559	1.3031770E-004
1.942225	1.6651615E-004
1.942892	2.1579881E-004
1.943559	2.7201805E-004
1.944225	3.2509377E-004
1.944892	3.9186297E-004
1.945559	4.5256037E-004
1.946225	5.2644213E-004
1.946892	6.0255203E-004
1.947559	6.6858233E-004
1.948225	7.4561522E-004
1.948892	8.2132197E-004
1.949558	8.8439992E-004
1.950225	9.5471455E-004
1.950892	1.0202728E-003
1.951558	1.0721108E-003
1.952225	1.1262927E-003
1.952892	1.1732159E-003
1.953558	1.2067866E-003
1.954225	1.2379105E-003
1.954891	1.2570152E-003
1.955558	1.2704869E-003
1.956225	1.2738649E-003
1.956891	1.2689100E-003
1.957558	1.2536827E-003
1.958225	1.2288262E-003
1.958891	1.2000493E-003
1.959558	1.1581037E-003
1.960225	1.1076567E-003
1.960891	1.0584209E-003
1.961558	9.9485146E-004
1.962224	9.2542230E-004
1.962891	8.5153530E-004
1.963558	7.8538549E-004
1.964224	7.0618396E-004
1.964891	6.2600343E-004
1.965557	5.5757962E-004
1.966224	4.7920831E-004
1.966891	4.0381955E-004
1.967557	3.4253075E-004
1.968224	2.7605449E-004
1.968891	2.1613651E-004
1.969557	1.6391545E-004
1.970224	1.2602490E-004
1.970891	9.0688729E-005
1.971557	6.5553664E-005
1.972224	5.2640840E-005
1.97289	4.7985941E-005
1.973557	5.4886474E-005
1.974224	7.3388554E-005
1.97489	9.8480356E-005
1.975557	1.3825337E-004
1.976224	1.8899361E-004
1.97689	2.4072836E-004
1.977557	3.1006223E-004
1.978223	3.8820220E-004
1.97889	4.7411429E-004
1.979557	5.5299088E-004
1.980223	6.5008330E-004
1.98089	7.5114827E-004
1.981557	8.5490634E-004
1.982223	9.4468397E-004
1.98289	1.0491960E-003
1.983557	1.1517785E-003
1.984223	1.2509197E-003
1.98489	1.3321883E-003
1.985556	1.4210389E-003
1.986223	1.5026620E-003
1.98689	1.5750797E-003
1.987556	1.6293598E-003
1.988223	1.6822770E-003
1.98889	1.7236049E-003
1.989556	1.7521739E-003
1.990223	1.7679137E-003
1.990889	1.7705385E-003
1.991556	1.7610542E-003
1.992223	1.7383402E-003
1.992889	1.7022351E-003
1.993556	1.6536342E-003
1.994223	1.6021797E-003
1.994889	1.5319040E-003
1.995556	1.4513857E-003
1.996222	1.3618680E-003
1.996889	1.2644961E-003
1.997556	1.1761397E-003
1.998222	1.0689058E-003
1.998889	9.5859775E-004
1.999556	8.4721879E-004
2.000222	7.3649985E-004
2.000889	6.4362376E-004
2.001555	5.3920026E-004
2.002222	4.4089000E-004
2.002889	3.5041728E-004
2.003555	2.6948741E-004
2.004222	2.0896127E-004
2.004889	1.4991630E-004
2.005555	1.0458283E-004
2.006222	7.4136093E-005
2.006889	5.9416659E-005
2.007555	6.1208942E-005
2.008222	7.6160715E-005
2.008888	1.0956088E-004
2.009555	1.6003719E-004
2.010222	2.2739373E-004
2.010888	3.1104230E-004
2.011555	4.1020665E-004
2.012222	5.2385632E-004
2.012888	6.3189771E-004
2.013555	7.6891854E-004
2.014221	9.1636635E-004
2.014888	1.0721101E-003
2.015555	1.2342710E-003
2.016221	1.4006785E-003
2.016888	1.5690260E-003
2.017555	1.7133994E-003
2.018221	1.8792471E-003
2.018888	2.0406840E-003
2.019555	2.1948994E-003
2.020221	2.3400639E-003
2.020888	2.4733858E-003
2.021554	2.5932544E-003
2.022221	2.6911285E-003
2.022888	2.7682087E-003
2.023554	2.8414410E-003
2.024221	2.8952081E-003
2.024888	2.9280426E-003
2.025554	2.9399653E-003
2.026221	2.9299348E-003
2.026887	2.8984761E-003
2.027554	2.8451306E-003
2.028221	2.7711736E-003
2.028887	2.6768120E-003
2.029554	2.5638808E-003
2.030221	2.4529947E-003
2.030887	2.3090155E-003
2.031554	2.1517216E-003
2.03222	1.9827471E-003
2.032887	1.8052671E-003
2.033554	1.6217889E-003
2.03422	1.4353163E-003
2.034887	1.2487484E-003
2.035554	1.0655728E-003
2.03622	8.8908279E-004
2.036887	7.2235195E-004
2.037554	5.6875462E-004
2.03822	4.3141033E-004
2.038887	3.2885640E-004
2.039553	2.2954179E-004
2.04022	1.5461459E-004
2.040887	1.0633963E-004
2.041553	8.6968714E-005
2.04222	9.8069693E-005
2.042886	1.4116359E-004
2.043553	2.1699068E-004
2.04422	3.2630793E-004
2.044886	4.6900159E-004
2.045553	6.4471259E-004
2.04622	8.5258414E-004
2.046886	1.0912162E-003
2.047553	1.3586783E-003
2.04822	1.6528477E-003
2.048886	1.9706013E-003
2.049553	2.3091559E-003
2.05022	2.6650324E-003
2.050886	3.0338976E-003
2.051553	3.4119606E-003
2.052219	3.7943898E-003
2.052886	4.1773398E-003
2.053553	4.5553492E-003
2.054219	4.9230582E-003
2.054886	5.2769878E-003
2.055552	5.6106122E-003
2.056219	5.9208521E-003
2.056886	6.2016281E-003
2.057552	6.4494130E-003
2.058219	6.6610682E-003
2.058886	6.8311379E-003
2.059552	6.9585680E-003
2.060219	7.0384238E-003
2.060885	7.0708687E-003
2.061552	7.0520788E-003
2.062219	6.9824755E-003
2.062886	6.8637463E-003
2.063552	6.6924016E-003
2.064219	6.4728749E-003
2.064885	6.2052622E-003
2.065552	5.8934852E-003
2.066219	5.5420566E-003
2.066885	5.1540323E-003
2.067552	4.7358167E-003
2.068218	4.2926734E-003
2.068885	3.8322145E-003
2.069552	3.3621404E-003
2.070218	2.8903508E-003
2.070885	2.4263030E-003
2.071552	1.9172390E-003
2.072218	1.5021041E-003
2.072885	1.1264302E-003
2.073551	8.0105278E-004
2.074218	5.3708331E-004
2.074885	3.4613177E-004
2.075552	2.3915478E-004
2.076218	2.2781403E-004
2.076885	3.2289815E-004
2.077551	5.3474435E-004
2.078218	8.7404292E-004
2.078885	1.3496793E-003
2.079551	1.9708348E-003
2.080218	2.7452502E-003
2.080884	3.8269418E-003
2.081551	4.9508042E-003
2.082218	6.2464620E-003
2.082884	7.7154655E-003
2.083551	9.3614180E-003
2.084218	1.1181207E-002
2.084884	1.3175245E-002
2.085551	1.5342607E-002
2.086217	1.7675135E-002
2.086884	2.0172238E-002
2.087551	2.3210080E-002
2.088217	2.6027139E-002
2.088884	2.8974906E-002
2.089551	3.2044455E-002
2.090217	3.5228070E-002
2.090884	3.8503964E-002
2.091551	4.1862484E-002
2.092217	4.5293603E-002
2.092884	4.8771370E-002
2.09355	5.2803766E-002
2.094217	5.6337260E-002
2.094884	5.9871886E-002
2.09555	6.3147508E-002
2.096217	6.6634566E-002
2.096884	7.0081919E-002
2.09755	7.3457249E-002
2.098217	7.7226378E-002
2.098883	8.0411829E-002
2.09955	8.3487988E-002
2.100217	8.6450249E-002
2.100883	8.9264490E-002
2.10155	9.1927804E-002
2.102216	9.4444357E-002
2.102883	9.7096056E-002
2.10355	9.9235810E-002
2.104217	1.0118654E-001
2.104883	1.0294195E-001
2.10555	1.0447951E-001
2.106216	1.0598073E-001
2.106883	1.0707920E-001
2.10755	1.0794649E-001
2.108216	1.0859466E-001
2.108883	1.0903705E-001
2.10955	1.0924100E-001
2.110216	1.0922154E-001
2.110883	1.0895191E-001
2.111549	1.0846553E-001
2.112216	1.0777847E-001
2.112883	1.0686406E-001
2.113549	1.0558590E-001
2.114216	1.0423670E-001
2.114882	1.0270576E-001
2.115549	1.0099046E-001
2.116216	9.9076457E-002
2.116882	9.6694984E-002
2.117549	9.4427250E-002
2.118216	9.2006244E-002
2.118882	8.9455463E-002
2.119549	8.6762868E-002
2.120216	8.3552860E-002
2.120882	8.0617703E-002
2.121549	7.7590339E-002
2.122216	7.4494667E-002
2.122882	7.0858687E-002
2.123549	6.7633137E-002
2.124215	6.4357109E-002
2.124882	6.1065748E-002
2.125549	5.7761326E-002
2.126215	5.3978641E-002
2.126882	5.0694615E-002
2.127548	4.7432475E-002
2.128215	4.4214200E-002
2.128882	4.0611308E-002
2.129548	3.7525963E-002
2.130215	3.4521520E-002
2.130882	3.1613220E-002
2.131548	2.8407995E-002
2.132215	2.5726125E-002
2.132882	2.3158826E-002
2.133548	2.0379929E-002
2.134215	1.8089941E-002
2.134881	1.5937533E-002
2.135548	1.3931114E-002
2.136215	1.1808986E-002
2.136881	1.0109567E-002
2.137548	8.5544689E-003
2.138215	7.1446779E-003
2.138881	5.7100840E-003
2.139548	4.6043471E-003
2.140214	3.6357692E-003
2.140881	2.6901197E-003
2.141548	1.9980967E-003
2.142214	1.4258411E-003
2.142881	9.0978725E-004
2.143548	5.7149923E-004
2.144214	3.3051166E-004
2.144881	1.7909326E-004
2.145547	1.0509956E-004
2.146214	1.1761002E-004
2.146881	1.9366879E-004
2.147547	3.4782509E-004
2.148214	5.3219247E-004
2.148881	7.5463945E-004
2.149547	1.0453671E-003
2.150214	1.3233949E-003
2.150881	1.6163908E-003
2.151547	1.9611432E-003
2.152214	2.2644694E-003
2.15288	2.5639138E-003
2.153547	2.8941950E-003
2.154214	3.1681727E-003
2.15488	3.4242282E-003
2.155547	3.6899028E-003
2.156214	3.8965568E-003
2.15688	4.0756376E-003
2.157547	4.2456822E-003
2.158213	4.3624048E-003
2.15888	4.4477032E-003
2.159547	4.5073191E-003
2.160213	4.5272098E-003
2.16088	4.5162346E-003
2.161547	4.4682603E-003
2.162213	4.4033062E-003
2.16288	4.3076058E-003
2.163547	4.1693384E-003
2.164213	4.0244330E-003
2.16488	3.8351393E-003
2.165546	3.6520597E-003
2.166213	3.4542726E-003
2.16688	3.2144333E-003
2.167546	2.9956920E-003
2.168213	2.7386723E-003
2.16888	2.5104654E-003
2.169546	2.2816558E-003
2.170213	2.0227514E-003
2.170879	1.8012514E-003
2.171546	1.5863194E-003
2.172213	1.3516425E-003
2.172879	1.1575567E-003
2.173546	9.5086137E-004
2.174213	7.8491960E-004
2.174879	6.3371577E-004
2.175546	4.8031035E-004
2.176213	3.6376383E-004
2.176879	2.5120736E-004
2.177546	1.7106091E-004
2.178212	1.0032579E-004
2.178879	5.6384470E-005
2.179546	2.8689601E-005
2.180212	1.6137428E-005
2.180879	2.0985934E-005
2.181545	4.3285865E-005
2.182212	7.6282675E-005
2.182879	1.2776058E-004
2.183545	1.8338735E-004
2.184212	2.4751740E-004
2.184879	3.2940472E-004
2.185545	4.0698203E-004
2.186212	5.0047977E-004
2.186878	5.8500335E-004
2.187545	6.8268232E-004
2.188212	7.6772645E-004
2.188879	8.6278643E-004
2.189545	9.4256538E-004
2.190212	1.0183534E-003
2.190878	1.0985549E-003
2.191545	1.1620523E-003
2.192212	1.2262252E-003
2.192878	1.2740784E-003
2.193545	1.3187279E-003
2.194211	1.3488668E-003
2.194878	1.3722881E-003
2.195545	1.3832398E-003
2.196211	1.3850379E-003
2.196878	1.3770685E-003
2.197545	1.3575774E-003
2.198211	1.3319999E-003
2.198878	1.2932358E-003
2.199544	1.2520007E-003
2.200211	1.1968059E-003
2.200878	1.1424965E-003
2.201544	1.0745836E-003
2.202211	1.0108829E-003
2.202878	9.3416061E-004
2.203544	8.6439482E-004
2.204211	7.8298693E-004
2.204878	7.1126182E-004
2.205544	6.2958285E-004
2.206211	5.5933057E-004
2.206877	4.8147104E-004
2.207544	4.1611894E-004
2.208211	3.4552059E-004
2.208877	2.8802839E-004
2.209544	2.2774702E-004
2.210211	1.8027439E-004
2.210877	1.3254758E-004
2.211544	9.6769043E-005
2.21221	6.2972969E-005
2.212877	3.9751772E-005
2.213544	2.0497817E-005
2.21421	9.9691133E-006
2.214877	5.0190001E-006
2.215544	7.3371921E-006
2.21621	1.5019305E-005
2.216877	2.9842013E-005
2.217544	4.7687863E-005
2.21821	7.3075236E-005
2.218877	9.9154022E-005
2.219543	1.3274296E-004
2.22021	1.6483043E-004
2.220877	2.0387911E-004
2.221543	2.4476543E-004
2.22221	2.8134169E-004
2.222877	3.2075759E-004
2.223543	3.5726052E-004
2.22421	3.9790009E-004
2.224876	4.3200020E-004
2.225543	4.6886987E-004
2.22621	5.0267490E-004
2.226876	5.2939844E-004
2.227543	5.5634702E-004
2.228209	5.7637162E-004
2.228876	5.9497455E-004
2.229543	6.0886395E-004
2.230209	6.1689119E-004
2.230876	6.2134006E-004
2.231543	6.2124006E-004
2.232209	6.1637867E-004
2.232876	6.0681201E-004
2.233543	5.9459300E-004
2.234209	5.7660090E-004
2.234876	5.5765372E-004
2.235543	5.3250266E-004
2.236209	5.0414086E-004
2.236876	4.7714304E-004
2.237542	4.4414541E-004
2.238209	4.1373260E-004
2.238876	3.7784496E-004
2.239542	3.4115367E-004
2.240209	3.0883926E-004
2.240875	2.7221948E-004
2.241542	2.3632357E-004
2.242209	2.0596098E-004
2.242875	1.7281021E-004
2.243542	1.4174759E-004
2.244209	1.1659932E-004
2.244875	9.0443784E-005
2.245542	7.0063143E-005
2.246209	4.9840481E-005
2.246875	3.3076027E-005
2.247542	2.1338481E-005
2.248209	1.1343894E-005
2.248875	5.0166504E-006
2.249542	2.4556634E-006
2.250208	2.8561010E-006
2.250875	6.6771554E-006
2.251542	1.2675104E-005
2.252208	2.2361410E-005
2.252875	3.4815734E-005
2.253541	4.7742320E-005
2.254208	6.4542859E-005
2.254875	8.3164130E-005
2.255541	1.0066688E-004
2.256208	1.2170735E-004
2.256875	1.4345575E-004
2.257541	1.6278058E-004
2.258208	1.8487152E-004
2.258875	2.0656011E-004
2.259541	2.2754769E-004
2.260208	2.4499683E-004
2.260875	2.6367337E-004
2.261541	2.8077737E-004
2.262208	2.9411484E-004
2.262874	3.0739207E-004
2.263541	3.1837373E-004
2.264208	3.2603883E-004
2.264874	3.3237133E-004
2.265541	3.3615864E-004
2.266207	3.3727466E-004
2.266874	3.3610172E-004
2.267541	3.3239948E-004
2.268207	3.2616837E-004
2.268874	3.1758042E-004
2.269541	3.0830552E-004
2.270207	2.9574189E-004
2.270874	2.8135366E-004
2.27154	2.6744435E-004
2.272207	2.5031477E-004
2.272874	2.3203380E-004
2.27354	2.1299771E-004
2.274207	1.9583199E-004
2.274874	1.7594144E-004
2.27554	1.5607856E-004
2.276207	1.3646914E-004
2.276874	1.1975069E-004
2.27754	1.0139326E-004
2.278207	8.4032341E-005
2.278873	6.7909052E-005
2.27954	5.5862172E-005
2.280207	4.2466301E-005
2.280873	3.0794352E-005
2.28154	2.0972640E-005
2.282207	1.3090096E-005
2.282873	7.8297180E-006
2.28354	3.7154580E-006
2.284206	1.6301425E-006
2.284873	1.5435928E-006
2.28554	3.0576728E-006
2.286206	6.5432059E-006
2.286873	1.1785183E-005
2.28754	1.8654155E-005
2.288206	2.6998301E-005
2.288873	3.5368430E-005
2.28954	4.5995286E-005
2.290206	5.7560039E-005
2.290873	6.9845846E-005
2.291539	8.2655424E-005
2.292206	9.4094961E-005
2.292873	1.0725603E-004
2.293539	1.2032047E-004
2.294206	1.3303706E-004
2.294873	1.4522499E-004
2.295539	1.5672612E-004
2.296206	1.6604004E-004
2.296872	1.7571419E-004
2.297539	1.8424929E-004
2.298206	1.9149169E-004
2.298872	1.9732756E-004
2.299539	2.0126045E-004
2.300205	2.0430706E-004
2.300872	2.0580862E-004
2.301539	2.0578687E-004
2.302206	2.0420284E-004
2.302872	2.0112257E-004
2.303539	1.9728026E-004
2.304205	1.9156728E-004
2.304872	1.8458685E-004
2.305539	1.7647931E-004
2.306205	1.6731363E-004
2.306872	1.5726357E-004
2.307539	1.4650480E-004
2.308205	1.3659462E-004
2.308872	1.2488056E-004
2.309538	1.1291789E-004
2.310205	1.0086123E-004
2.310872	8.8895082E-005
2.311538	7.7170596E-005
2.312205	6.5845416E-005
2.312871	5.5075943E-005
2.313538	4.6219531E-005
2.314205	3.6852623E-005
2.314871	2.8405781E-005
2.315538	2.0978632E-005
2.316205	1.4648433E-005
2.316871	9.4832640E-006
2.317538	5.5274472E-006
2.318205	2.8104503E-006
2.318871	1.3418353E-006
2.319538	1.0736844E-006
2.320204	1.9043446E-006
2.320871	3.9110159E-006
2.321538	7.0323085E-006
2.322204	1.1197528E-005
2.322871	1.6315658E-005
2.323538	2.2289465E-005
2.324204	2.9011708E-005
2.324871	3.6352201E-005
2.325537	4.4193090E-005
2.326204	5.2405278E-005
2.326871	5.9784936E-005
2.327537	6.8313406E-005
2.328204	7.6832832E-005
2.328871	8.5187334E-005
2.329537	9.3259558E-005
2.330204	1.0094127E-004
2.330871	1.0809521E-004
2.331537	1.1462488E-004
2.332204	1.2011703E-004
2.33287	1.2519296E-004
2.333537	1.2940275E-004
2.334204	1.3271839E-004
2.33487	1.3505966E-004
2.335537	1.3641115E-004
2.336204	1.3681233E-004
2.33687	1.3618109E-004
2.337537	1.3457143E-004
2.338203	1.3203695E-004
2.33887	1.2858183E-004
2.339537	1.2486579E-004
2.340203	1.1990385E-004
2.34087	1.1421155E-004
2.341537	1.0790404E-004
2.342203	1.0106371E-004
2.34287	9.3812261E-005
2.343537	8.6223423E-005
2.344203	7.8420118E-005
2.34487	7.0517963E-005
2.345536	6.2610146E-005
2.346203	5.4812906E-005
2.34687	4.7237128E-005
2.347536	3.9971193E-005
2.348203	3.3115106E-005
2.34887	2.6761929E-005
2.349536	2.0974039E-005
2.350203	1.5830632E-005
2.350869	1.1389652E-005
2.351536	7.6985007E-006
2.352203	4.7957128E-006
2.352869	2.7023068E-006
2.353536	1.4352064E-006
2.354203	9.9358374E-007
2.354869	1.3671815E-006
2.355536	2.5323623E-006
2.356202	4.4595395E-006
2.356869	7.1016107E-006
2.357536	1.0407631E-005
2.358202	1.4316383E-005
2.358869	1.9346942E-005
2.359536	2.3659670E-005
2.360202	2.9614803E-005
2.360869	3.5208908E-005
2.361536	4.1000381E-005
2.362202	4.6896130E-005
2.362869	5.2795753E-005
2.363535	5.8627269E-005
2.364202	6.4291184E-005
2.364869	6.9705820E-005
2.365535	7.4806572E-005
2.366202	7.9499216E-005
2.366868	8.3731022E-005
2.367535	8.7440276E-005
2.368202	9.0591617E-005
2.368868	9.3119066E-005
2.369535	9.5002186E-005
2.370202	9.6232259E-005
2.370868	9.6769123E-005
2.371535	9.6556934E-005
2.372202	9.5666350E-005
2.372868	9.4104151E-005
2.373535	9.1913702E-005
2.374202	8.9140500E-005
2.374868	8.5802953E-005
2.375535	8.1971200E-005
2.376201	7.7684927E-005
2.376868	7.3023810E-005
2.377535	6.8034205E-005
2.378201	6.2801126E-005
2.378868	5.6715340E-005
2.379534	5.1200223E-005
2.380201	4.5670538E-005
2.380868	4.0539981E-005
2.381534	3.5192381E-005
2.382201	3.0035801E-005
2.382868	2.5147598E-005
2.383534	2.0580614E-005
2.384201	1.6393262E-005
2.384867	1.2200768E-005
2.385534	8.9816303E-006
2.386201	6.2804070E-006
2.386868	4.1201902E-006
2.387534	2.5245120E-006
2.388201	1.5051689E-006
2.388867	1.0645647E-006
2.389534	1.1998743E-006
2.390201	2.0262769E-006
2.390867	3.3372949E-006
2.391534	5.1599286E-006
2.3922	7.4641462E-006
2.392867	1.0203742E-005
2.393534	1.3335280E-005
2.3942	1.6809950E-005
2.394867	2.1054193E-005
2.395534	2.5062489E-005
2.3962	2.9230758E-005
2.396867	3.3493146E-005
2.397533	3.7787118E-005
2.3982	4.2056694E-005
2.398867	4.6743065E-005
2.399534	5.0740688E-005
2.4002	5.4523356E-005
2.400867	5.8048441E-005
2.401533	6.1249244E-005
2.4022	6.4419968E-005
2.402867	6.6833280E-005
2.403533	6.8794725E-005
2.4042	7.0299822E-005
2.404866	7.1339775E-005
2.405533	7.1884286E-005
2.4062	7.1909039E-005
2.406866	7.1413000E-005
2.407533	7.0448958E-005
2.4082	6.9012058E-005
2.408866	6.7135326E-005
2.409533	6.4543914E-005
2.410199	6.1833023E-005
2.410866	5.8788868E-005
2.411533	5.5458611E-005
2.412199	5.1877782E-005
2.412866	4.7616413E-005
2.413533	4.3687407E-005
2.414199	3.9666273E-005
2.414866	3.5613892E-005
2.415533	3.1089119E-005
2.416199	2.7149621E-005
2.416866	2.3340419E-005
2.417532	1.9708874E-005
2.418199	1.6307034E-005
2.418866	1.2798189E-005
2.419532	1.0005841E-005
2.420199	7.5579583E-006
2.420866	5.4776533E-006
2.421532	3.6074475E-006
2.422199	2.3802811E-006
2.422865	1.5727832E-006
2.423532	1.1909888E-006
2.424199	1.2676722E-006
2.424865	1.7766527E-006
2.425532	2.6885059E-006
2.426198	3.9839620E-006
2.426865	5.8698670E-006
2.427532	7.7603872E-006
2.428199	1.0065331E-005
2.428865	1.2967364E-005
2.429532	1.5780099E-005
2.430198	1.8769490E-005
2.430865	2.1886202E-005
2.431532	2.5493609E-005
2.432198	2.8740867E-005
2.432865	3.1973646E-005
2.433532	3.5535959E-005
2.434198	3.8598697E-005
2.434865	4.1506100E-005
2.435531	4.4224427E-005
2.436198	4.7020680E-005
2.436865	4.9222774E-005
2.437531	5.1135281E-005
2.438198	5.2908064E-005
2.438864	5.4134700E-005
2.439531	5.5001910E-005
2.440198	5.5545261E-005
2.440864	5.5647059E-005
2.441531	5.5373563E-005
2.442198	5.4740518E-005
2.442864	5.3618038E-005
2.443531	5.2259158E-005
2.444198	5.0594179E-005
2.444864	4.8368322E-005
2.445531	4.6121782E-005
2.446198	4.3640150E-005
2.446864	4.0620409E-005
2.447531	3.7776776E-005
2.448197	3.4811594E-005
2.448864	3.1387914E-005
2.449531	2.8312255E-005
2.450197	2.5247247E-005
2.450864	2.1854441E-005
2.45153	1.8933824E-005
2.452197	1.5802718E-005
2.452864	1.3195151E-005
2.45353	1.0783810E-005
2.454197	8.3442301E-006
2.454864	6.4442088E-006
2.45553	4.8216530E-006
2.456197	3.3471765E-006
2.456864	2.3634122E-006
2.45753	1.6975479E-006
2.458197	1.3322693E-006
2.458863	1.3495412E-006
2.45953	1.6851268E-006
2.460197	2.4308388E-006
2.460863	3.4062195E-006
2.46153	4.8339834E-006
2.462197	6.3737161E-006
2.462863	8.1435346E-006
2.46353	1.0377455E-005
2.464196	1.2544243E-005
2.464863	1.5145388E-005
2.46553	1.7568127E-005
2.466196	2.0060164E-005
2.466863	2.2898816E-005
2.46753	2.5418534E-005
2.468196	2.8205439E-005
2.468863	3.0599629E-005
2.469529	3.2884513E-005
2.470196	3.5285186E-005
2.470863	3.7126956E-005
2.471529	3.9103750E-005
2.472196	4.0626866E-005
2.472863	4.1917003E-005
2.473529	4.3061555E-005
2.474196	4.3789401E-005
2.474863	4.4276119E-005
2.475529	4.4415538E-005
2.476196	4.4228000E-005
2.476862	4.3765787E-005
2.477529	4.3037806E-005
2.478196	4.1901472E-005
2.478862	4.0632021E-005
2.479529	3.8933915E-005
2.480196	3.7212329E-005
2.480862	3.5055466E-005
2.481529	3.2976681E-005
2.482195	3.0491068E-005
2.482862	2.8185917E-005
2.483529	2.5516483E-005
2.484195	2.3112714E-005
2.484862	2.0712570E-005
2.485529	1.8050278E-005
2.486195	1.5752537E-005
2.486862	1.3282473E-005
2.487529	1.1217712E-005
2.488195	9.0720268E-006
2.488862	7.3478523E-006
2.489528	5.6405993E-006
2.490195	4.3492314E-006
2.490862	3.1674413E-006
2.491528	2.3703542E-006
2.492195	1.7673565E-006
2.492862	1.4982789E-006
2.493528	1.4954959E-006
2.494195	1.7562203E-006
2.494861	2.3366540E-006
2.495528	3.0988328E-006
2.496195	4.2157662E-006
2.496861	5.4218544E-006
2.497528	6.9966118E-006
2.498195	8.5661786E-006
2.498861	1.0494633E-005
2.499528	1.2327039E-005
2.500195	1.4488093E-005
2.500861	1.6468464E-005
2.501528	1.8731740E-005
2.502194	2.0743146E-005
2.502861	2.2968772E-005
2.503528	2.4887348E-005
2.504194	2.6948366E-005
2.504861	2.8663695E-005
2.505527	3.0436011E-005
2.506194	3.1847900E-005
2.506861	3.3237193E-005
2.507527	3.4384331E-005
2.508194	3.5189976E-005
2.508861	3.5848407E-005
2.509527	3.6197544E-005
2.510194	3.6324127E-005
2.51086	3.6201247E-005
2.511527	3.5804875E-005
2.512194	3.5220004E-005
2.512861	3.4375062E-005
2.513527	3.3383545E-005
2.514194	3.2048007E-005
2.51486	3.0507625E-005
2.515527	2.8986458E-005
2.516194	2.7131870E-005
2.51686	2.5378335E-005
2.517527	2.3310595E-005
2.518193	2.1417871E-005
2.51886	1.9260402E-005
2.519527	1.7100503E-005
2.520193	1.5207417E-005
2.52086	1.3137990E-005
2.521527	1.1376733E-005
2.522193	9.5107525E-006
2.52286	7.7915147E-006
2.523526	6.4091951E-006
2.524193	5.0374124E-006
2.52486	3.9960614E-006
2.525526	3.0377410E-006
2.526193	2.3874672E-006
2.52686	1.8893152E-006
2.527526	1.6425348E-006
2.528193	1.6343258E-006
2.52886	1.8617552E-006
2.529526	2.3321181E-006
2.530193	2.9459152E-006
2.530859	3.8432186E-006
2.531526	4.8124898E-006
2.532193	6.0769280E-006
2.532859	7.5047992E-006
2.533526	8.8908437E-006
2.534193	1.0556279E-005
2.534859	1.2308653E-005
2.535526	1.3914551E-005
2.536192	1.5747501E-005
2.536859	1.7377715E-005
2.537526	1.9185019E-005
2.538192	2.0938054E-005
2.538859	2.2425424E-005
2.539526	2.3995975E-005
2.540192	2.5433364E-005
2.540859	2.6585667E-005
2.541526	2.7714023E-005
2.542192	2.8653327E-005
2.542859	2.9316996E-005
2.543525	2.9865136E-005
2.544192	3.0189041E-005
2.544859	3.0287933E-005
2.545525	3.0186657E-005
2.546192	2.9864890E-005
2.546859	2.9397623E-005
2.547525	2.8670163E-005
2.548192	2.7750260E-005
2.548858	2.6777336E-005
2.549525	2.5526931E-005
2.550192	2.4131401E-005
2.550858	2.2790769E-005
2.551525	2.1182694E-005
2.552191	1.9594323E-005
2.552858	1.8058900E-005
2.553525	1.6303828E-005
2.554191	1.4548443E-005
2.554858	1.2817946E-005
2.555525	1.1322552E-005
2.556191	9.7123366E-006
2.556858	8.1988846E-006
2.557525	6.9538223E-006
2.558191	5.6835379E-006
2.558858	4.5691086E-006
2.559525	3.6254460E-006
2.560191	2.9410041E-006
2.560858	2.3522673E-006
2.561524	1.9633562E-006
2.562191	1.7880194E-006
2.562858	1.7822664E-006
2.563524	1.9779782E-006
2.564191	2.3704886E-006
2.564857	2.8774275E-006
2.565524	3.6152574E-006
2.566191	4.5169063E-006
2.566857	5.5679902E-006
2.567524	6.6116399E-006
2.568191	7.8918602E-006
2.568857	9.2632527E-006
2.569524	1.0703271E-005
2.570191	1.2022920E-005
2.570857	1.3528900E-005
2.571524	1.5034884E-005
2.572191	1.6516022E-005
2.572857	1.7793884E-005
2.573524	1.9168978E-005
2.57419	2.0454130E-005
2.574857	2.1631336E-005
2.575524	2.2571958E-005
2.57619	2.3500375E-005
2.576857	2.4272067E-005
2.577523	2.4878085E-005
2.57819	2.5310257E-005
2.578857	2.5550267E-005
2.579523	2.5640027E-005
2.58019	2.5546673E-005
2.580857	2.5275840E-005
2.581523	2.4884390E-005
2.58219	2.4283670E-005
2.582857	2.3524248E-005
2.583523	2.2617596E-005
2.58419	2.1580092E-005
2.584857	2.0558156E-005
2.585523	1.9313631E-005
2.58619	1.7989667E-005
2.586856	1.6602524E-005
2.587523	1.5175494E-005
2.58819	1.3890420E-005
2.588856	1.2447950E-005
2.589523	1.1026156E-005
2.590189	9.7226402E-006
2.590856	8.4026578E-006
2.591523	7.1640038E-006
2.592189	6.1454934E-006
2.592856	5.1066827E-006
2.593523	4.1948720E-006
2.594189	3.4227262E-006
2.594856	2.8000268E-006
2.595522	2.3356999E-006
2.596189	2.0592731E-006
2.596856	1.9040987E-006
2.597522	1.9155452E-006
2.598189	2.0911589E-006
2.598856	2.4261356E-006
2.599522	2.9136438E-006
2.600189	3.5455143E-006
2.600856	4.2187748E-006
2.601522	5.0899112E-006
2.602189	6.0674070E-006
2.602855	7.1358145E-006
2.603522	8.2773895E-006
2.604189	9.4736988E-006
2.604855	1.0706324E-005
2.605522	1.1815751E-005
2.606189	1.3062796E-005
2.606855	1.4291677E-005
2.607522	1.5479949E-005
2.608188	1.6611477E-005
2.608855	1.7669325E-005
2.609522	1.8639568E-005
2.610188	1.9505775E-005
2.610855	2.0253214E-005
2.611522	2.0810618E-005
2.612188	2.1309448E-005
2.612855	2.1668702E-005
2.613522	2.1878026E-005
2.614188	2.1937671E-005
2.614855	2.1849939E-005
2.615521	2.1612092E-005
2.616188	2.1229798E-005
2.616855	2.0710215E-005
2.617521	2.0063893E-005
2.618188	1.9386473E-005
2.618855	1.8522962E-005
2.619521	1.7564160E-005
2.620188	1.6526190E-005
2.620854	1.5420686E-005
2.621521	1.4267685E-005
2.622188	1.3082107E-005
2.622854	1.1883703E-005
2.623521	1.0687237E-005
2.624187	9.5117402E-006
2.624854	8.3732575E-006
2.625521	7.2894568E-006
2.626188	6.3280463E-006
2.626854	5.3900249E-006
2.627521	4.5473203E-006
2.628187	3.8878111E-006
2.628854	3.2542862E-006
2.629521	2.7440490E-006
2.630187	2.3636028E-006
2.630854	2.1163560E-006
2.631521	2.0054806E-006
2.632187	2.0308660E-006
2.632854	2.1907772E-006
2.63352	2.4806709E-006
2.634187	2.8962891E-006
2.634854	3.4293157E-006
2.63552	4.0710870E-006
2.636187	4.8102097E-006
2.636853	5.6351414E-006
2.63752	6.5330519E-006
2.638187	7.4890850E-006
2.638853	8.4895928E-006
2.63952	9.5174328E-006
2.640187	1.0557859E-005
2.640853	1.1594751E-005
2.64152	1.2614073E-005
2.642187	1.3597950E-005
2.642853	1.4534616E-005
2.64352	1.5408184E-005
2.644186	1.6207965E-005
2.644853	1.6918895E-005
2.64552	1.7533304E-005
2.646186	1.8042276E-005
2.646853	1.8440547E-005
2.64752	1.8719298E-005
2.648186	1.8875931E-005
2.648853	1.8909284E-005
2.649519	1.8821471E-005
2.650186	1.8610373E-005
2.650853	1.8280965E-005
2.651519	1.7838955E-005
2.652186	1.7293274E-005
2.652853	1.6648110E-005
2.653519	1.5915177E-005
2.654186	1.5106011E-005
2.654853	1.4232939E-005
2.655519	1.3306679E-005
2.656186	1.2341421E-005
2.656852	1.1351706E-005
2.657519	1.0240571E-005
2.658186	9.2461532E-006
2.658852	8.2708357E-006
2.659519	7.3281549E-006
2.660186	6.4312339E-006
2.660852	5.6378431E-006
2.661519	4.8647998E-006
2.662185	4.1715143E-006
2.662852	3.5666135E-006
2.663519	3.0576975E-006
2.664185	2.6514322E-006
2.664852	2.3529501E-006
2.665519	2.1649030E-006
2.666185	2.0884438E-006
2.666852	2.1246317E-006
2.667519	2.2943902E-006
2.668185	2.5599275E-006
2.668852	2.9266673E-006
2.669518	3.3895476E-006
2.670185	3.9403421E-006
2.670852	4.5695324E-006
2.671518	5.2680989E-006
2.672185	6.0247994E-006
2.672852	6.8280460E-006
2.673518	7.6653278E-006
2.674185	8.5251313E-006
2.674851	9.4899642E-006
2.675518	1.0352931E-005
2.676185	1.1198210E-005
2.676851	1.2015177E-005
2.677518	1.2788446E-005
2.678185	1.3508375E-005
2.678851	1.4165053E-005
2.679518	1.4751057E-005
2.680184	1.5305224E-005
2.680851	1.5711103E-005
2.681518	1.6023174E-005
2.682184	1.6239328E-005
2.682851	1.6352729E-005
2.683518	1.6364465E-005
2.684184	1.6275271E-005
2.684851	1.6085754E-005
2.685518	1.5763604E-005
2.686184	1.5375030E-005
2.686851	1.4901359E-005
2.687517	1.4348506E-005
2.688184	1.3726064E-005
2.688851	1.3041001E-005
2.689517	1.2304199E-005
2.690184	1.1436519E-005
2.69085	1.0625684E-005
2.691517	9.7978718E-006
2.692184	8.9626119E-006
2.69285	8.1331791E-006
2.693517	7.2324578E-006
2.694184	6.4519295E-006
2.69485	5.7508491E-006
2.695517	5.0565968E-006
2.696184	4.4198891E-006
2.69685	3.8500020E-006
2.697517	3.3037586E-006
2.698184	2.8966363E-006
2.69885	2.5751651E-006
2.699517	2.3423358E-006
2.700183	2.2012462E-006
2.70085	2.1529254E-006
2.701517	2.2066786E-006
2.702183	2.3501748E-006
2.70285	2.5817424E-006
2.703516	2.8964009E-006
2.704183	3.3373256E-006
2.70485	3.8088190E-006
2.705516	4.3439650E-006
2.706183	4.9345417E-006
2.70685	5.5711589E-006
2.707516	6.3212974E-006
2.708183	7.0237897E-006
2.708849	7.7418399E-006
2.709516	8.4646472E-006
2.710183	9.2609489E-006
2.71085	9.9615081E-006
2.711516	1.0633947E-005
2.712183	1.1270234E-005
2.712849	1.1861521E-005
2.713516	1.2456673E-005
2.714183	1.2926565E-005
2.714849	1.3328901E-005
2.715516	1.3657889E-005
2.716182	1.3933589E-005
2.716849	1.4095373E-005
2.717516	1.4173651E-005
2.718182	1.4168699E-005
2.718849	1.4065917E-005
2.719516	1.3888016E-005
2.720182	1.3630078E-005
2.720849	1.3256487E-005
2.721515	1.2847032E-005
2.722182	1.2374916E-005
2.722849	1.1845063E-005
2.723515	1.1199459E-005
2.724182	1.0575453E-005
2.724849	9.9212330E-006
2.725515	9.2431710E-006
2.726182	8.4756102E-006
2.726849	7.8197072E-006
2.727515	7.1310255E-006
2.728182	6.3848247E-006
2.728848	5.7394727E-006
2.729515	5.1273983E-006
2.730182	4.5573661E-006
2.730848	3.9811534E-006
2.731515	3.5214894E-006
2.732182	3.1240295E-006
2.732848	2.7606368E-006
2.733515	2.5078050E-006
2.734181	2.3286752E-006
2.734848	2.2180695E-006
2.735515	2.1984763E-006
2.736181	2.2540771E-006
2.736848	2.4018527E-006
2.737514	2.6099615E-006
2.738181	2.8852705E-006
2.738848	3.2643793E-006
2.739515	3.6656568E-006
2.740181	4.1174521E-006
2.740848	4.6707282E-006
2.741514	5.2062837E-006
2.742181	5.7697498E-006
2.742848	6.4184055E-006
2.743514	7.0134520E-006
2.744181	7.6103593E-006
2.744848	8.2655351E-006
2.745514	8.8397319E-006
2.746181	9.3906265E-006
2.746847	9.9647541E-006
2.747514	1.0441041E-005
2.748181	1.0872806E-005
2.748847	1.1291199E-005
2.749514	1.1608527E-005
2.75018	1.1864876E-005
2.750847	1.2075635E-005
2.751514	1.2194430E-005
2.752181	1.2246355E-005
2.752847	1.2221270E-005
2.753514	1.2128545E-005
2.75418	1.1949001E-005
2.754847	1.1719206E-005
2.755514	1.1430076E-005
2.75618	1.1042869E-005
2.756847	1.0641687E-005
2.757514	1.0143298E-005
2.75818	9.6820995E-006
2.758847	9.1631400E-006
2.759513	8.5580741E-006
2.76018	7.9957344E-006
2.760847	7.3607234E-006
2.761513	6.7879073E-006
2.76218	6.2221243E-006
2.762846	5.6104168E-006
2.763513	5.0826679E-006
2.76418	4.5302590E-006
2.764846	4.0708273E-006
2.765513	3.6523938E-006
2.76618	3.2419287E-006
2.766846	2.9269497E-006
2.767513	2.6413836E-006
2.76818	2.4453498E-006
2.768846	2.2978456E-006
2.769513	2.2299162E-006
2.77018	2.2234397E-006
2.770846	2.2874879E-006
2.771513	2.4076626E-006
2.772179	2.6074922E-006
2.772846	2.8444153E-006
2.773513	3.1655354E-006
2.774179	3.5019987E-006
2.774846	3.9219158E-006
2.775512	4.3358164E-006
2.776179	4.7770832E-006
2.776846	5.2918272E-006
2.777512	5.7702373E-006
2.778179	6.3101120E-006
2.778846	6.7957044E-006
2.779512	7.3270376E-006
2.780179	7.7903205E-006
2.780846	8.2814204E-006
2.781512	8.6949740E-006
2.782179	9.1157963E-006
2.782845	9.4556181E-006
2.783512	9.7830962E-006
2.784179	1.0028184E-005
2.784845	1.0242334E-005
2.785512	1.0379556E-005
2.786179	1.0470070E-005
2.786845	1.0492522E-005
2.787512	1.0453498E-005
2.788178	1.0367852E-005
2.788845	1.0225845E-005
2.789512	1.0009307E-005
2.790178	9.7633701E-006
2.790845	9.4386387E-006
2.791512	9.1048050E-006
2.792178	8.6924811E-006
2.792845	8.2445085E-006
2.793511	7.8154426E-006
2.794178	7.3177057E-006
2.794845	6.8578356E-006
2.795511	6.3408261E-006
2.796178	5.8758001E-006
2.796845	5.3681238E-006
2.797511	4.9247174E-006
2.798178	4.4545882E-006
2.798845	4.0573500E-006
2.799511	3.6506378E-006
2.800178	3.3208798E-006
2.800844	2.9993696E-006
2.801511	2.7535220E-006
2.802178	2.5323734E-006
2.802844	2.3833763E-006
2.803511	2.2735378E-006
2.804178	2.2243446E-006
2.804844	2.2310776E-006
2.805511	2.2954880E-006
2.806177	2.4023568E-006
2.806844	2.5734225E-006
2.807511	2.7712206E-006
2.808177	3.0363758E-006
2.808844	3.3114748E-006
2.809511	3.6527413E-006
2.810177	4.0252808E-006
2.810844	4.3822361E-006
2.811511	4.7961926E-006
2.812177	5.1787811E-006
2.812844	5.6086355E-006
2.81351	5.9938916E-006
2.814177	6.4140813E-006
2.814844	6.8185282E-006
2.81551	7.1637978E-006
2.816177	7.5211069E-006
2.816844	7.8149069E-006
2.81751	8.0912951E-006
2.818177	8.3408822E-006
2.818843	8.5262373E-006
2.81951	8.6858090E-006
2.820177	8.7872149E-006
2.820843	8.8484803E-006
2.82151	8.8564557E-006
2.822176	8.8183033E-006
2.822843	8.7264889E-006
2.82351	8.6013742E-006
2.824177	8.4161202E-006
2.824843	8.1854132E-006
2.82551	7.9431920E-006
2.826176	7.6386559E-006
2.826843	7.3018937E-006
2.82751	6.9757452E-006
2.828176	6.5931085E-006
2.828843	6.2355102E-006
2.829509	5.8290070E-006
2.830176	5.4188727E-006
2.830843	5.0519279E-006
2.831509	4.6522509E-006
2.832176	4.2667161E-006
2.832843	3.9367646E-006
2.833509	3.5940056E-006
2.834176	3.2804512E-006
2.834842	3.0274825E-006
2.835509	2.7820151E-006
2.836176	2.5771278E-006
2.836843	2.4298358E-006
2.837509	2.3089260E-006
2.838176	2.2393956E-006
2.838842	2.2055835E-006
2.839509	2.2187442E-006
2.840176	2.2770944E-006
2.840842	2.3669650E-006
2.841509	2.5058275E-006
2.842175	2.6836703E-006
2.842842	2.8738225E-006
2.843509	3.1147160E-006
2.844175	3.3829740E-006
2.844842	3.6436329E-006
2.845509	3.9343154E-006
2.846175	4.2528145E-006
2.846842	4.5459310E-006
2.847508	4.8740062E-006
2.848175	5.1988877E-006
2.848842	5.4850861E-006
2.849508	5.7900847E-006
2.850175	6.0778243E-006
2.850842	6.3431266E-006
2.851508	6.5601407E-006
2.852175	6.7724950E-006
2.852842	6.9519383E-006
2.853508	7.0832725E-006
2.854175	7.1939517E-006
2.854841	7.2654307E-006
2.855508	7.2970806E-006
2.856175	7.2914431E-006
2.856841	7.2472944E-006
2.857508	7.1650747E-006
2.858175	7.0592428E-006
2.858841	6.9077000E-006
2.859508	6.7230521E-006
2.860174	6.5088152E-006
2.860841	6.2938816E-006
2.861508	6.0326811E-006
2.862174	5.7530851E-006
2.862841	5.4585767E-006
2.863508	5.1854786E-006
2.864174	4.8765478E-006
2.864841	4.5660026E-006
2.865508	4.2591150E-006
2.866174	3.9600759E-006
2.866841	3.7012665E-006
2.867507	3.4288903E-006
2.868174	3.1758707E-006
2.868841	2.9459093E-006
2.869507	2.7610231E-006
2.870174	2.5822224E-006
2.870841	2.4343660E-006
2.871507	2.3183004E-006
2.872174	2.2420231E-006
2.87284	2.1894268E-006
2.873507	2.1705614E-006
2.874174	2.1834178E-006
2.87484	2.2287420E-006
2.875507	2.2961517E-006
2.876173	2.3989257E-006
2.87684	2.5287202E-006
2.877507	2.6831417E-006
2.878173	2.8407535E-006
2.87884	3.0333774E-006
2.879507	3.2414055E-006
2.880173	3.4607267E-006
2.88084	3.6879869E-006
2.881507	3.9190099E-006
2.882173	4.1270187E-006
2.88284	4.3552113E-006
2.883507	4.5762486E-006
2.884173	4.7866433E-006
2.88484	4.9834325E-006
2.885506	5.1460538E-006
2.886173	5.3081108E-006
2.88684	5.4489633E-006
2.887506	5.5655200E-006
2.888173	5.6569970E-006
2.888839	5.7217130E-006
2.889506	5.7589923E-006
2.890173	5.7691614E-006
2.890839	5.7537331E-006
2.891506	5.7110065E-006
2.892173	5.6417948E-006
2.892839	5.5476039E-006
2.893506	5.4299389E-006
2.894173	5.3055810E-006
2.894839	5.1488610E-006
2.895506	4.9747646E-006
2.896173	4.7866902E-006
2.896839	4.5873207E-006
2.897506	4.3790828E-006
2.898172	4.1656594E-006
2.898839	3.9715142E-006
2.899506	3.7562500E-006
2.900172	3.5548703E-006
2.900839	3.3493343E-006
2.901505	3.1526258E-006
2.902172	2.9676125E-006
2.902839	2.7966826E-006
2.903505	2.6418411E-006
2.904172	2.5048050E-006
2.904839	2.3979831E-006
2.905505	2.2986260E-006
2.906172	2.2208299E-006
2.906839	2.1648480E-006
2.907505	2.1307719E-006
2.908172	2.1186274E-006
2.908839	2.1277065E-006
2.909505	2.1571768E-006
2.910172	2.2062961E-006
2.910838	2.2734498E-006
2.911505	2.3477667E-006
2.912172	2.4444703E-006
2.912838	2.5538370E-006
2.913505	2.6736000E-006
2.914171	2.8019397E-006
2.914838	2.9361090E-006
2.915505	3.0736176E-006
2.916171	3.2123728E-006
2.916838	3.3498986E-006
2.917505	3.4836742E-006
2.918171	3.6122126E-006
2.918838	3.7326629E-006
2.919504	3.8436642E-006
2.920171	3.9433103E-006
2.920838	4.0220361E-006
2.921504	4.0963473E-006
2.922171	4.1554536E-006
2.922838	4.1995972E-006
2.923504	4.2270212E-006
2.924171	4.2382439E-006
2.924838	4.2329675E-006
2.925504	4.2117085E-006
2.926171	4.1771273E-006
2.926837	4.1261956E-006
2.927504	4.0613727E-006
2.928171	3.9837419E-006
2.928837	3.8946737E-006
2.929504	3.7955292E-006
2.930171	3.6878998E-006
2.930837	3.5734772E-006
2.931504	3.4537766E-006
2.93217	3.3308229E-006
2.932837	3.2062846E-006
2.933504	3.0816814E-006
2.93417	2.9587295E-006
2.934837	2.8391876E-006
2.935504	2.7244046E-006
2.93617	2.6156536E-006
2.936837	2.5142181E-006
2.937504	2.4213616E-006
2.93817	2.3377349E-006
2.938837	2.2641605E-006
2.939503	2.2009754E-006
2.94017	2.1490036E-006
2.940837	2.1078422E-006
2.941503	2.0777184E-006
2.94217	2.0586365E-006
2.942837	2.0498367E-006
2.943503	2.0509517E-006
2.94417	2.0614348E-006
2.944836	2.0804948E-006
2.945503	2.1070257E-006
2.94617	2.1399480E-006
2.946836	2.1787121E-006
2.947503	2.2218157E-006
2.948169	2.2681954E-006
2.948836	2.3167270E-006
2.949503	2.3662208E-006
2.95017	2.4156975E-006
2.950836	2.4639344E-006
2.951503	2.5078698E-006
2.952169	2.5512575E-006
2.952836	2.5946470E-006
2.953503	2.6293774E-006
2.954169	2.6588718E-006
2.954836	2.6827208E-006
2.955503	2.7005365E-006
2.956169	2.7123851E-006
2.956836	2.7178855E-006
2.957502	2.7171916E-006
2.958169	2.7105273E-006
2.958836	2.6977946E-006
2.959502	2.6797704E-006
2.960169	2.6565178E-006
2.960835	2.6289729E-006
2.961502	2.5973609E-006
2.962169	2.5587685E-006
2.962835	2.5211102E-006
2.963502	2.4813648E-006
2.964169	2.4401818E-006
2.964835	2.3987245E-006
2.965502	2.3572416E-006
2.966169	2.3164500E-006
2.966835	2.2768713E-006
2.967502	2.2390211E-006
2.968168	2.2034014E-006
2.968835	2.1668618E-006
2.969502	2.1367346E-006
2.970168	2.1093479E-006
2.970835	2.0851758E-006
2.971502	2.0637967E-006
2.972168	2.0454254E-006
2.972835	2.0298935E-006
2.973501	2.0166431E-006
2.974168	2.0056623E-006
2.974835	1.9957306E-006
2.975501	1.9880288E-006
2.976168	1.9816644E-006
2.976835	1.9751142E-006
2.977501	1.9683398E-006
2.978168	1.9613522E-006
2.978835	1.9530742E-006
2.979501	1.9422532E-006
2.980168	1.9301674E-006
2.980834	1.9158242E-006
2.981501	1.8984462E-006
2.982168	1.8785007E-006
2.982834	1.8550925E-006
2.983501	1.8287250E-006
2.984168	1.7958250E-006
2.984834	1.7625019E-006
2.985501	1.7261605E-006
2.986167	1.6869456E-006
2.986834	1.6455033E-006
2.987501	1.6020979E-006
2.988167	1.5524147E-006
2.988834	1.5062491E-006
2.989501	1.4598388E-006
2.990167	1.4135464E-006
2.990834	1.3683471E-006
2.991501	1.3206176E-006
2.992167	1.2797344E-006
2.992834	1.2417478E-006
2.9935	1.2076644E-006
2.994167	1.1778319E-006
2.994834	1.1529536E-006
2.9955	1.1316392E-006
2.996167	1.1185119E-006
2.996834	1.1114363E-006
2.9975	1.1106475E-006
2.998167	1.1165082E-006
2.998833	1.1302502E-006
2.9995	1.1494139E-006
3.000167	1.1733124E-006
3.000833	1.2038404E-006
3.0015	1.2438827E-006
3.002167	1.2852614E-006
3.002833	1.3306294E-006
3.0035	1.3793759E-006
3.004166	1.4358247E-006
3.004833	1.4887052E-006
3.0055	1.5420956E-006
3.006166	1.5950641E-006
3.006833	1.6466839E-006
3.0075	1.7005664E-006
3.008166	1.7458577E-006
3.008833	1.7866639E-006
3.0095	1.8219251E-006
3.010166	1.8534039E-006
3.010833	1.8745412E-006
3.011499	1.8881242E-006
3.012166	1.8931596E-006
3.012833	1.8882395E-006
3.013499	1.8744095E-006
3.014166	1.8510998E-006
3.014832	1.8181961E-006
3.015499	1.7716624E-006
3.016166	1.7195681E-006
3.016832	1.6589451E-006
3.017499	1.5828765E-006
3.018166	1.5059803E-006
3.018832	1.4226613E-006
3.019499	1.3336319E-006
3.020166	1.2303653E-006
3.020832	1.1327480E-006
3.021499	1.0331003E-006
3.022166	9.2222990E-007
3.022832	8.2193236E-007
3.023499	7.2783888E-007
3.024165	6.3171001E-007
3.024832	5.3068891E-007
3.025499	4.4447353E-007
3.026165	3.6468893E-007
3.026832	2.8556482E-007
3.027498	2.2264045E-007
3.028165	1.6911362E-007
3.028832	1.2186160E-007
3.029498	9.0180556E-008
3.030165	6.9611872E-008
3.030832	6.0189606E-008
3.031498	6.3743045E-008
3.032165	7.8727012E-008
3.032831	1.0824158E-007
3.033498	1.4656919E-007
3.034165	1.9537590E-007
3.034832	2.5389960E-007
3.035498	3.2875178E-007
3.036165	4.0540846E-007
3.036831	4.8917303E-007
3.037498	5.8846314E-007
3.038165	6.8402471E-007
3.038831	7.9349576E-007
3.039498	8.9573939E-007
3.040164	9.9957538E-007
3.040831	1.1139200E-006
3.041498	1.2169539E-006
3.042164	1.3180521E-006
3.042831	1.4257947E-006
3.043498	1.5196023E-006
3.044164	1.6089032E-006
3.044831	1.7006765E-006
3.045497	1.7774520E-006
3.046164	1.8541344E-006
3.046831	1.9134125E-006
3.047497	1.9691224E-006
3.048164	2.0212342E-006
3.048831	2.0606331E-006
3.049497	2.0925274E-006
3.050164	2.1190574E-006
3.050831	2.1363294E-006
3.051497	2.1469111E-006
3.052164	2.1498995E-006
3.05283	2.1468236E-006
3.053497	2.1370656E-006
3.054164	2.1228773E-006
3.05483	2.1027513E-006
3.055497	2.0795485E-006
3.056164	2.0527561E-006
3.05683	2.0195166E-006
3.057497	1.9862805E-006
3.058163	1.9467248E-006
3.05883	1.9088334E-006
3.059497	1.8683659E-006
3.060163	1.8213391E-006
3.06083	1.7765267E-006
3.061496	1.7255039E-006
3.062163	1.6765513E-006
3.06283	1.6203159E-006
3.063497	1.5670779E-006
3.064163	1.5117345E-006
3.06483	1.4485262E-006
3.065496	1.3889742E-006
3.066163	1.3210197E-006
3.06683	1.2579017E-006
3.067496	1.1864221E-006
3.068163	1.1209240E-006
3.06883	1.0522988E-006
3.069496	9.8764679E-007
3.070163	9.2489176E-007
3.070829	8.5981128E-007
3.071496	8.0588177E-007
3.072163	7.5456870E-007
3.072829	7.1733564E-007
3.073496	6.9002567E-007
3.074162	6.7964697E-007
3.074829	6.8781651E-007
3.075496	7.1609765E-007
3.076163	7.7407628E-007
3.076829	8.5496686E-007
3.077496	9.7792861E-007
3.078162	1.1247287E-006
3.078829	1.3283009E-006
3.079496	1.5551524E-006
3.080162	1.8253537E-006
3.080829	2.1744647E-006
3.081496	2.5811541E-006
3.082162	3.0032390E-006
3.082829	3.5267219E-006
3.083495	4.0573213E-006
3.084162	4.6411365E-006
3.084829	5.3414819E-006
3.085495	6.0310622E-006
3.086162	6.8444365E-006
3.086828	7.6305887E-006
3.087495	8.5427300E-006
3.088162	9.4987545E-006
3.088828	1.0398529E-005
3.089495	1.1411048E-005
3.090162	1.2345602E-005
3.090828	1.3330433E-005
3.091495	1.4263346E-005
3.092162	1.5273936E-005
3.092828	1.6160830E-005
3.093495	1.7091215E-005
3.094162	1.7882436E-005
3.094828	1.8681705E-005
3.095495	1.9324687E-005
3.096161	1.9928259E-005
3.096828	2.0371384E-005
3.097495	2.0728734E-005
3.098161	2.0936050E-005
3.098828	2.0989615E-005
3.099494	2.0882057E-005
3.100161	2.0630625E-005
3.100828	2.0181233E-005
3.101494	1.9613595E-005
3.102161	1.8815530E-005
3.102828	1.7940583E-005
3.103494	1.6814469E-005
3.104161	1.5532760E-005
3.104828	1.4249956E-005
3.105494	1.2728997E-005
3.106161	1.1274290E-005
3.106827	9.6184231E-006
3.107494	8.0977770E-006
3.108161	6.4505152E-006
3.108827	4.8773218E-006
3.109494	3.5588746E-006
3.110161	2.2891256E-006
3.110827	1.3515215E-006
3.111494	6.2540147E-007
3.11216	2.9327396E-007
3.112827	3.8446174E-007
3.113494	1.0033672E-006
3.11416	2.1144849E-006
3.114827	4.0222731E-006
3.115494	6.7382739E-006
3.11616	9.9870931E-006
3.116827	1.4505045E-005
3.117493	1.9550871E-005
3.11816	2.6213176E-005
3.118827	3.4128792E-005
3.119493	4.2487602E-005
3.12016	5.3043230E-005
3.120827	6.5088119E-005
3.121493	7.7412333E-005
3.12216	9.2515496E-005
3.122827	1.0770194E-004
3.123493	1.2606538E-004
3.12416	1.4618649E-004
3.124826	1.6604007E-004
3.125493	1.8963309E-004
3.12616	2.1501468E-004
3.126826	2.3965794E-004
3.127493	2.6846677E-004
3.12816	2.9902090E-004
3.128826	3.2826501E-004
3.129493	3.6205538E-004
3.130159	3.9734942E-004
3.130826	4.3071609E-004
3.131493	4.6867903E-004
3.132159	5.0791982E-004
3.132826	5.4459920E-004
3.133493	5.8391760E-004
3.134159	6.2584667E-004
3.134826	6.6452142E-004
3.135493	7.0763472E-004
3.136159	7.5089018E-004
3.136826	7.9037662E-004
3.137492	8.3355815E-004
3.138159	8.7635498E-004
3.138826	9.1476366E-004
3.139492	9.5623353E-004
3.140159	9.9671411E-004
3.140826	1.0325824E-003
3.141492	1.0704462E-003
3.142159	1.1066289E-003
3.142825	1.1378617E-003
3.143492	1.1702074E-003
3.144159	1.2002934E-003
3.144825	1.2280272E-003
3.145492	1.2507882E-003
3.146158	1.2730623E-003
3.146825	1.2923810E-003
3.147492	1.3071940E-003
3.148159	1.3204630E-003
3.148825	1.3305492E-003
3.149492	1.3370379E-003
3.150158	1.3398908E-003
3.150825	1.3397280E-003
3.151492	1.3359818E-003
3.152158	1.3295274E-003
3.152825	1.3192942E-003
3.153491	1.3053889E-003
3.154158	1.2889585E-003
3.154825	1.2685332E-003
3.155491	1.2471501E-003
3.156158	1.2207271E-003
3.156825	1.1915715E-003
3.157491	1.1625038E-003
3.158158	1.1281408E-003
3.158824	1.0913301E-003
3.159491	1.0523234E-003
3.160158	1.0152335E-003
3.160825	9.7292342E-004
3.161491	9.2900667E-004
3.162158	8.8388124E-004
3.162824	8.3778606E-004
3.163491	7.9529895E-004
3.164158	7.4825378E-004
3.164824	7.0091692E-004
3.165491	6.5366644E-004
3.166157	6.1099924E-004
3.166824	5.6460116E-004
3.167491	5.1900832E-004
3.168157	4.7451956E-004
3.168824	4.3120611E-004
3.169491	3.9311778E-004
3.170157	3.5274652E-004
3.170824	3.1417189E-004
3.17149	2.7755645E-004
3.172157	2.4305205E-004
3.172824	2.1357102E-004
3.17349	1.8332203E-004
3.174157	1.5542586E-004
3.174824	1.3106626E-004
3.17549	1.0794275E-004
3.176157	8.9046123E-005
3.176824	7.0614122E-005
3.17749	5.4616314E-005
3.178157	4.1004787E-005
3.178823	2.9725017E-005
3.17949	2.0685873E-005
3.180157	1.4345937E-005
3.180823	9.3278513E-006
3.18149	6.2399940E-006
3.182157	4.9505506E-006
3.182823	5.3104341E-006
3.18349	6.9442676E-006
3.184156	1.0036751E-005
3.184823	1.4323191E-005
3.18549	1.9635554E-005
3.186156	2.5804715E-005
3.186823	3.2664135E-005
3.18749	4.0052022E-005
3.188156	4.7083769E-005
3.188823	5.5020402E-005
3.18949	6.3023850E-005
3.190156	7.0950518E-005
3.190823	7.8668767E-005
3.191489	8.6061176E-005
3.192156	9.2992290E-005
3.192823	9.9376208E-005
3.193489	1.0462860E-004
3.194156	1.0972939E-004
3.194823	1.1388252E-004
3.195489	1.1743323E-004
3.196156	1.2014683E-004
3.196822	1.2196891E-004
3.197489	1.2290434E-004
3.198156	1.2295974E-004
3.198822	1.2225921E-004
3.199489	1.2068282E-004
3.200155	1.1832162E-004
3.200822	1.1518792E-004
3.201489	1.1135472E-004
3.202155	1.0688137E-004
3.202822	1.0184873E-004
3.203489	9.6326170E-005
3.204155	9.0409114E-005
3.204822	8.4157851E-005
3.205489	7.8271849E-005
3.206155	7.1648465E-005
3.206822	6.4965971E-005
3.207489	5.8297916E-005
3.208155	5.1721043E-005
3.208822	4.5324417E-005
3.209488	3.9186132E-005
3.210155	3.3370095E-005
3.210822	2.7940183E-005
3.211488	2.2953425E-005
3.212155	1.8461238E-005
3.212821	1.4497846E-005
3.213488	1.1101532E-005
3.214155	8.4092189E-006
3.214821	6.1788660E-006
3.215488	4.6814093E-006
3.216155	3.6143961E-006
3.216821	3.1508739E-006
3.217488	3.2718046E-006
3.218155	3.9528159E-006
3.218821	5.1622383E-006
3.219488	6.8617578E-006
3.220155	9.0095764E-006
3.220821	1.1557003E-005
3.221488	1.4449963E-005
3.222154	1.7631937E-005
3.222821	2.1045598E-005
3.223488	2.4631958E-005
3.224154	2.8325696E-005
3.224821	3.2067408E-005
3.225487	3.5797351E-005
3.226154	3.9454819E-005
3.226821	4.2986205E-005
3.227487	4.6335375E-005
3.228154	4.9461909E-005
3.228821	5.2308307E-005
3.229487	5.4838009E-005
3.230154	5.7020152E-005
3.23082	5.8823160E-005
3.231487	6.0234390E-005
3.232154	6.1228857E-005
3.232821	6.1786501E-005
3.233487	6.1916035E-005
3.234154	6.1634586E-005
3.23482	6.0929848E-005
3.235487	5.9818696E-005
3.236154	5.8326597E-005
3.23682	5.6465309E-005
3.237487	5.4270335E-005
3.238153	5.1776577E-005
3.23882	4.9019844E-005
3.239487	4.6041994E-005
3.240153	4.2890060E-005
3.24082	3.9599116E-005
3.241487	3.6222253E-005
3.242153	3.2801148E-005
3.24282	2.9385148E-005
3.243486	2.6021480E-005
3.244153	2.2752552E-005
3.24482	1.9618221E-005
3.245486	1.6657221E-005
3.246153	1.3672164E-005
3.24682	1.1192801E-005
3.247486	8.9887271E-006
3.248153	7.0844158E-006
3.24882	5.4995858E-006
3.249486	4.2483211E-006
3.250153	3.3411943E-006
3.250819	2.7827627E-006
3.251486	2.5725710E-006
3.252153	2.6914968E-006
3.252819	3.1437746E-006
3.253486	3.9163974E-006
3.254153	4.9911250E-006
3.254819	6.3451976E-006
3.255486	7.9526535E-006
3.256152	9.9620129E-006
3.256819	1.2004192E-005
3.257486	1.4202138E-005
3.258152	1.6519269E-005
3.258819	1.8919991E-005
3.259486	2.1366361E-005
3.260152	2.3820676E-005
3.260819	2.6247806E-005
3.261486	2.8606793E-005
3.262152	3.0866879E-005
3.262819	3.3177726E-005
3.263485	3.5123594E-005
3.264152	3.6875947E-005
3.264819	3.8410151E-005
3.265485	3.9708859E-005
3.266152	4.0748888E-005
3.266819	4.1517807E-005
3.267485	4.2008720E-005
3.268152	4.2219868E-005
3.268818	4.2114247E-005
3.269485	4.1733070E-005
3.270152	4.1070656E-005
3.270818	4.0191986E-005
3.271485	3.9028546E-005
3.272151	3.7632715E-005
3.272818	3.6026162E-005
3.273485	3.4060322E-005
3.274152	3.2093456E-005
3.274818	2.9993986E-005
3.275485	2.7791277E-005
3.276151	2.5518824E-005
3.276818	2.3207300E-005
3.277485	2.0680694E-005
3.278151	1.8389488E-005
3.278818	1.6154998E-005
3.279485	1.4007001E-005
3.280151	1.1974458E-005
3.280818	1.0083448E-005
3.281484	8.2073893E-006
3.282151	6.6833309E-006
3.282818	5.3643193E-006
3.283484	4.2668953E-006
3.284151	3.4011507E-006
3.284817	2.7769929E-006
3.285484	2.3751927E-006
3.286151	2.2665718E-006
3.286817	2.4031019E-006
3.287484	2.7789890E-006
3.288151	3.3850547E-006
3.288817	4.2522215E-006
3.289484	5.2882001E-006
3.290151	6.5091654E-006
3.290817	7.8958128E-006
3.291484	9.4237666E-006
3.29215	1.1225519E-005
3.292817	1.2972116E-005
3.293484	1.4782000E-005
3.29415	1.6629570E-005
3.294817	1.8487042E-005
3.295484	2.0491821E-005
3.29615	2.2281341E-005
3.296817	2.3997909E-005
3.297483	2.5617843E-005
3.29815	2.7250333E-005
3.298817	2.8595881E-005
3.299483	2.9780267E-005
3.30015	3.0787120E-005
3.300817	3.1667980E-005
3.301483	3.2264114E-005
3.30215	3.2650223E-005
3.302817	3.2826414E-005
3.303483	3.2783035E-005
3.30415	3.2491429E-005
3.304816	3.2005464E-005
3.305483	3.1317879E-005
3.30615	3.0350746E-005
3.306816	2.9331781E-005
3.307483	2.8111896E-005
3.30815	2.6741409E-005
3.308816	2.5104284E-005
3.309483	2.3496335E-005
3.310149	2.1808946E-005
3.310816	2.0065378E-005
3.311483	1.8127494E-005
3.312149	1.6345039E-005
3.312816	1.4578702E-005
3.313483	1.2854458E-005
3.314149	1.1047498E-005
3.314816	9.4831739E-006
3.315483	8.0269992E-006
3.316149	6.5830286E-006
3.316816	5.4107618E-006
3.317482	4.3982063E-006
3.318149	3.4890463E-006
3.318816	2.8453717E-006
3.319482	2.3906641E-006
3.320149	2.1277995E-006
3.320816	2.0629229E-006
3.321482	2.2051659E-006
3.322149	2.5360614E-006
3.322815	3.1040163E-006
3.323482	3.8044593E-006
3.324149	4.6644072E-006
3.324815	5.7206994E-006
3.325482	6.8639374E-006
3.326149	8.1197240E-006
3.326815	9.5960004E-006
3.327482	1.1024606E-005
3.328148	1.2504632E-005
3.328815	1.4153224E-005
3.329482	1.5669928E-005
3.330148	1.7171709E-005
3.330815	1.8767385E-005
3.331482	2.0168251E-005
3.332148	2.1490705E-005
3.332815	2.2823961E-005
3.333482	2.3924897E-005
3.334148	2.4897872E-005
3.334815	2.5792451E-005
3.335481	2.6450645E-005
3.336148	2.6944772E-005
3.336815	2.7290511E-005
3.337481	2.7428348E-005
3.338148	2.7374776E-005
3.338814	2.7143513E-005
3.339481	2.6741796E-005
3.340148	2.6116759E-005
3.340814	2.5381247E-005
3.341481	2.4501738E-005
3.342148	2.3442492E-005
3.342814	2.2306962E-005
3.343481	2.1069227E-005
3.344148	1.9621217E-005
3.344814	1.8227349E-005
3.345481	1.6655214E-005
3.346148	1.5188266E-005
3.346814	1.3717204E-005
3.347481	1.2127407E-005
3.348147	1.0707409E-005
3.348814	9.2213322E-006
3.349481	7.9348265E-006
3.350147	6.7389524E-006
3.350814	5.5547553E-006
3.35148	4.5951356E-006
3.352147	3.6995480E-006
3.352814	3.0282531E-006
3.35348	2.5075917E-006
3.354147	2.1186720E-006
3.354814	1.9299375E-006
3.35548	1.9075701E-006
3.356147	2.0557202E-006
3.356813	2.3962682E-006
3.35748	2.8667703E-006
3.358147	3.5430839E-006
3.358814	4.2649144E-006
3.35948	5.1401944E-006
3.360147	6.2184063E-006
3.360813	7.3051033E-006
3.36148	8.5785578E-006
3.362147	9.8082755E-006
3.362813	1.1197316E-005
3.36348	1.2495245E-005
3.364146	1.3796875E-005
3.364813	1.5200878E-005
3.36548	1.6453136E-005
3.366146	1.7762144E-005
3.366813	1.8891700E-005
3.36748	2.0027612E-005
3.368146	2.0969059E-005
3.368813	2.1866204E-005
3.369479	2.2560489E-005
3.370146	2.3166642E-005
3.370813	2.3576262E-005
3.371479	2.3857385E-005
3.372146	2.3959765E-005
3.372813	2.3904098E-005
3.373479	2.3694953E-005
3.374146	2.3301713E-005
3.374813	2.2794977E-005
3.375479	2.2155851E-005
3.376146	2.1355991E-005
3.376812	2.0390809E-005
3.377479	1.9404117E-005
3.378146	1.8227207E-005
3.378812	1.7074659E-005
3.379479	1.5756646E-005
3.380146	1.4508531E-005
3.380812	1.3124111E-005
3.381479	1.1853866E-005
3.382145	1.0484016E-005
3.382812	9.2614100E-006
3.383479	7.9841029E-006
3.384145	6.8798472E-006
3.384812	5.7660750E-006
3.385478	4.8424845E-006
3.386145	3.9540050E-006
3.386812	3.2601074E-006
3.387479	2.6449782E-006
3.388145	2.2177717E-006
3.388812	1.9079719E-006
3.389478	1.7692761E-006
3.390145	1.7778858E-006
3.390812	1.9304075E-006
3.391478	2.2528081E-006
3.392145	2.7077604E-006
3.392812	3.2696992E-006
3.393478	4.0140317E-006
3.394145	4.8061984E-006
3.394811	5.7764396E-006
3.395478	6.7496703E-006
3.396145	7.8865369E-006
3.396811	9.0831345E-006
3.397478	1.0216409E-005
3.398144	1.1472841E-005
3.398811	1.2627041E-005
3.399478	1.3868839E-005
3.400145	1.4977466E-005
3.400811	1.6132290E-005
3.401478	1.7214483E-005
3.402144	1.8128581E-005
3.402811	1.9025321E-005
3.403478	1.9743535E-005
3.404144	2.0405485E-005
3.404811	2.0888487E-005
3.405478	2.1273894E-005
3.406144	2.1507276E-005
3.406811	2.1584106E-005
3.407477	2.1518457E-005
3.408144	2.1320624E-005
3.408811	2.0980306E-005
3.409477	2.0480022E-005
3.410144	1.9899562E-005
3.41081	1.9143208E-005
3.411477	1.8270235E-005
3.412144	1.7380080E-005
3.41281	1.6323424E-005
3.413477	1.5292657E-005
3.414144	1.4113700E-005
3.41481	1.2896790E-005
3.415477	1.1765878E-005
3.416144	1.0529673E-005
3.41681	9.3112485E-006
3.417477	8.2262404E-006
3.418144	7.0933283E-006
3.41881	6.1162000E-006
3.419477	5.1320844E-006
3.420143	4.2472989E-006
3.42081	3.5349397E-006
3.421477	2.8761899E-006
3.422143	2.3498776E-006
3.42281	1.9896470E-006
3.423476	1.7360752E-006
3.424143	1.6303393E-006
3.42481	1.6599510E-006
3.425476	1.8318115E-006
3.426143	2.1476171E-006
3.42681	2.5586269E-006
3.427476	3.1319485E-006
3.428143	3.8271537E-006
3.42881	4.5611969E-006
3.429476	5.4555794E-006
3.430143	6.4329506E-006
3.430809	7.3889046E-006
3.431476	8.4809299E-006
3.432143	9.6086924E-006
3.432809	1.0657562E-005
3.433476	1.1801756E-005
3.434143	1.2928500E-005
3.434809	1.3931202E-005
3.435476	1.4975593E-005
3.436142	1.5953266E-005
3.436809	1.6850718E-005
3.437476	1.7587790E-005
3.438142	1.8289185E-005
3.438809	1.8872594E-005
3.439476	1.9296162E-005
3.440142	1.9631030E-005
3.440809	1.9822259E-005
3.441475	1.9886975E-005
3.442142	1.9819669E-005
3.442809	1.9611967E-005
3.443475	1.9270146E-005
3.444142	1.8839117E-005
3.444809	1.8250406E-005
3.445475	1.7546290E-005
3.446142	1.6740156E-005
3.446809	1.5918580E-005
3.447475	1.4947047E-005
3.448142	1.3911882E-005
3.448808	1.2920426E-005
3.449475	1.1807647E-005
3.450142	1.0678957E-005
3.450808	9.5523419E-006
3.451475	8.4430494E-006
3.452142	7.4564032E-006
3.452808	6.4282945E-006
3.453475	5.4649031E-006
3.454141	4.5816751E-006
3.454808	3.8525236E-006
3.455475	3.1561713E-006
3.456141	2.5731326E-006
3.456808	2.1285971E-006
3.457475	1.8132811E-006
3.458141	1.5958120E-006
3.458808	1.5131213E-006
3.459475	1.5652726E-006
3.460141	1.7520043E-006
3.460808	2.0379000E-006
3.461474	2.4701333E-006
3.462141	3.0207743E-006
3.462808	3.6809674E-006
3.463474	4.3732311E-006
3.464141	5.2123596E-006
3.464808	6.1264109E-006
3.465474	7.1007626E-006
3.466141	8.1205853E-006
3.466807	9.0817466E-006
3.467474	1.0143560E-005
3.468141	1.1203634E-005
3.468807	1.2245972E-005
3.469474	1.3255361E-005
3.47014	1.4136544E-005
3.470807	1.5037425E-005
3.471474	1.5862279E-005
3.472141	1.6571217E-005
3.472807	1.7211783E-005
3.473474	1.7742732E-005
3.47414	1.8129682E-005
3.474807	1.8431407E-005
3.475474	1.8606097E-005
3.47614	1.8651517E-005
3.476807	1.8566740E-005
3.477473	1.8353665E-005
3.47814	1.8048248E-005
3.478807	1.7601891E-005
3.479473	1.7040153E-005
3.48014	1.6373238E-005
3.480807	1.5611826E-005
3.481473	1.4766892E-005
3.48214	1.3931181E-005
3.482806	1.2963659E-005
3.483473	1.1954073E-005
3.48414	1.0915294E-005
3.484807	9.8641440E-006
3.485473	8.8161660E-006
3.48614	7.7866807E-006
3.486806	6.7915298E-006
3.487473	5.9598392E-006
3.48814	5.0669232E-006
3.488806	4.2480574E-006
3.489473	3.5150979E-006
3.490139	2.8784493E-006
3.490806	2.3476480E-006
3.491473	1.9301285E-006
3.492139	1.6313166E-006
3.492806	1.4655996E-006
3.493473	1.4046136E-006
3.494139	1.4686618E-006
3.494806	1.6573642E-006
3.495472	1.9669246E-006
3.496139	2.3923392E-006
3.496806	2.9268190E-006
3.497472	3.5614712E-006
3.498139	4.2874899E-006
3.498806	5.0931453E-006
3.499472	5.9661047E-006
3.500139	6.8137256E-006
3.500806	7.7781087E-006
3.501472	8.7687704E-006
3.502139	9.7293887E-006
3.502805	1.0729510E-005
3.503472	1.1710981E-005
3.504139	1.2659772E-005
3.504805	1.3562303E-005
3.505472	1.4404096E-005
3.506139	1.5173599E-005
3.506805	1.5860731E-005
3.507472	1.6452437E-005
3.508138	1.6940923E-005
3.508805	1.7292832E-005
3.509472	1.7565879E-005
3.510138	1.7719782E-005
3.510805	1.7752556E-005
3.511472	1.7664197E-005
3.512138	1.7455319E-005
3.512805	1.7131693E-005
3.513472	1.6694426E-005
3.514138	1.6151678E-005
3.514805	1.5511587E-005
3.515471	1.4784046E-005
3.516138	1.3980225E-005
3.516805	1.3111785E-005
3.517471	1.2229783E-005
3.518138	1.1270816E-005
3.518805	1.0287159E-005
3.519471	9.2926657E-006
3.520138	8.3021732E-006
3.520804	7.3308775E-006
3.521471	6.3913499E-006
3.522138	5.4982947E-006
3.522804	4.6644163E-006
3.523471	3.9016159E-006
3.524137	3.2205949E-006
3.524804	2.6315249E-006
3.525471	2.1431504E-006
3.526137	1.7616499E-006
3.526804	1.4921646E-006
3.527471	1.3391706E-006
3.528137	1.3041185E-006
3.528804	1.3871103E-006
3.529471	1.5867837E-006
3.530137	1.8998049E-006
3.530804	2.3209993E-006
3.531471	2.8444656E-006
3.532137	3.4344921E-006
3.532804	4.1334424E-006
3.53347	4.9074179E-006
3.534137	5.7445159E-006
3.534804	6.6318185E-006
3.53547	7.5574699E-006
3.536137	8.5065185E-006
3.536803	9.4660718E-006
3.53747	1.0421427E-005
3.538137	1.1358532E-005
3.538803	1.2263334E-005
3.53947	1.3123318E-005
3.540137	1.3988984E-005
3.540803	1.4717415E-005
3.54147	1.5363095E-005
3.542137	1.5919195E-005
3.542803	1.6376274E-005
3.54347	1.6729498E-005
3.544137	1.6972148E-005
3.544803	1.7102273E-005
3.54547	1.7117036E-005
3.546136	1.7024804E-005
3.546803	1.6815489E-005
3.54747	1.6495587E-005
3.548136	1.6069300E-005
3.548803	1.5544472E-005
3.549469	1.4927397E-005
3.550136	1.4165375E-005
3.550803	1.3387520E-005
3.551469	1.2549707E-005
3.552136	1.1662570E-005
3.552803	1.0739182E-005
3.553469	9.7939574E-006
3.554136	8.8399229E-006
3.554802	7.8910134E-006
3.555469	6.9612288E-006
3.556136	6.0628809E-006
3.556803	5.1404054E-006
3.557469	4.3492223E-006
3.558136	3.6273523E-006
3.558802	2.9846831E-006
3.559469	2.4304379E-006
3.560136	1.9722731E-006
3.560802	1.6295571E-006
3.561469	1.3767539E-006
3.562135	1.2354100E-006
3.562802	1.2091116E-006
3.563469	1.3024196E-006
3.564135	1.5068907E-006
3.564802	1.8193357E-006
3.565469	2.2352110E-006
3.566135	2.7482122E-006
3.566802	3.4047875E-006
3.567468	4.0945201E-006
3.568135	4.8542706E-006
3.568802	5.6731392E-006
3.569468	6.5386275E-006
3.570135	7.4390027E-006
3.570802	8.3608566E-006
3.571468	9.3684403E-006
3.572135	1.0293058E-005
3.572802	1.1197808E-005
3.573468	1.2070012E-005
3.574135	1.2897583E-005
3.574801	1.3636773E-005
3.575468	1.4342955E-005
3.576135	1.5020099E-005
3.576801	1.5556479E-005
3.577468	1.5996835E-005
3.578135	1.6336004E-005
3.578801	1.6570933E-005
3.579468	1.6701038E-005
3.580134	1.6706910E-005
3.580801	1.6602115E-005
3.581468	1.6389728E-005
3.582134	1.6069596E-005
3.582801	1.5608581E-005
3.583468	1.5085141E-005
3.584134	1.4473334E-005
3.584801	1.3782583E-005
3.585468	1.3024805E-005
3.586134	1.2137353E-005
3.586801	1.1272537E-005
3.587467	1.0372773E-005
3.588134	9.4532215E-006
3.588801	8.5648589E-006
3.589467	7.5672087E-006
3.590134	6.6656803E-006
3.590801	5.7961470E-006
3.591467	4.9706982E-006
3.592134	4.1397889E-006
3.5928	3.4423526E-006
3.593467	2.8221850E-006
3.594134	2.2878098E-006
3.5948	1.8142572E-006
3.595467	1.4807997E-006
3.596133	1.2511001E-006
3.5968	1.1295155E-006
3.597467	1.1167845E-006
3.598134	1.2259561E-006
3.5988	1.4387444E-006
3.599467	1.7556304E-006
3.600133	2.2110414E-006
3.6008	2.7289350E-006
3.601467	3.3324150E-006
3.602133	4.0128293E-006
3.6028	4.7932554E-006
3.603467	5.6003578E-006
3.604133	6.4523915E-006
3.6048	7.3375236E-006
3.605466	8.3189425E-006
3.606133	9.2320197E-006
3.6068	1.0140399E-005
3.607466	1.1028568E-005
3.608133	1.1955893E-005
3.608799	1.2765327E-005
3.609466	1.3519229E-005
3.610133	1.4260451E-005
3.610799	1.4866028E-005
3.611466	1.5387672E-005
3.612133	1.5815376E-005
3.612799	1.6169015E-005
3.613466	1.6386499E-005
3.614133	1.6498441E-005
3.614799	1.6499031E-005
3.615466	1.6387357E-005
3.616132	1.6179936E-005
3.616799	1.5834208E-005
3.617466	1.5410767E-005
3.618132	1.4895349E-005
3.618799	1.4241304E-005
3.619466	1.3558013E-005
3.620132	1.2809080E-005
3.620799	1.1933941E-005
3.621465	1.1080505E-005
3.622132	1.0195924E-005
3.622799	9.2156042E-006
3.623465	8.3035229E-006
3.624132	7.3976430E-006
3.624799	6.4381275E-006
3.625465	5.5863102E-006
3.626132	4.7784615E-006
3.626799	3.9663764E-006
3.627465	3.2848911E-006
3.628132	2.6800224E-006
3.628798	2.1198950E-006
3.629465	1.6984631E-006
3.630132	1.3861070E-006
3.630798	1.1462289E-006
3.631465	1.0342812E-006
3.632132	1.0291473E-006
3.632798	1.1432973E-006
3.633465	1.3588315E-006
3.634131	1.7074020E-006
3.634798	2.1306828E-006
3.635465	2.6452074E-006
3.636131	3.2972587E-006
3.636798	3.9778242E-006
3.637465	4.7245944E-006
3.638131	5.5952619E-006
3.638798	6.4452088E-006
3.639464	7.4005184E-006
3.640131	8.3024743E-006
3.640798	9.2105538E-006
3.641464	1.0186790E-005
3.642131	1.1068085E-005
3.642798	1.1986070E-005
3.643464	1.2756981E-005
3.644131	1.3505663E-005
3.644798	1.4242772E-005
3.645464	1.4845839E-005
3.646131	1.5403097E-005
3.646797	1.5823798E-005
3.647464	1.6146974E-005
3.648131	1.6385113E-005
3.648797	1.6493732E-005
3.649464	1.6492442E-005
3.650131	1.6380071E-005
3.650797	1.6141252E-005
3.651464	1.5814367E-005
3.65213	1.5390855E-005
3.652797	1.4830689E-005
3.653464	1.4230054E-005
3.65413	1.3490199E-005
3.654797	1.2739833E-005
3.655464	1.1865481E-005
3.65613	1.1013706E-005
3.656797	1.0093449E-005
3.657464	9.1905422E-006
3.65813	8.2816232E-006
3.658797	7.3041701E-006
3.659463	6.4217720E-006
3.66013	5.5012661E-006
3.660797	4.6970063E-006
3.661463	3.8878102E-006
3.66213	3.2091932E-006
3.662796	2.5589684E-006
3.663463	2.0455909E-006
3.66413	1.5921069E-006
3.664796	1.2747315E-006
3.665463	1.0452987E-006
3.66613	9.4230853E-007
3.666796	9.5015929E-007
3.667463	1.0676403E-006
3.66813	1.3124666E-006
3.668796	1.6436256E-006
3.669463	2.0514194E-006
3.67013	2.6131379E-006
3.670796	3.2187709E-006
3.671463	3.9595402E-006
3.672129	4.7766885E-006
3.672796	5.5882429E-006
3.673463	6.5163340E-006
3.674129	7.4051609E-006
3.674796	8.3900868E-006
3.675462	9.3042954E-006
3.676129	1.0287297E-005
3.676796	1.1174591E-005
3.677462	1.2099575E-005
3.678129	1.2907412E-005
3.678796	1.3720597E-005
3.679462	1.4403165E-005
3.680129	1.5058376E-005
3.680795	1.5575668E-005
3.681462	1.6032420E-005
3.682129	1.6353479E-005
3.682796	1.6579725E-005
3.683462	1.6690594E-005
3.684129	1.6691707E-005
3.684795	1.6582071E-005
3.685462	1.6350035E-005
3.686129	1.5993945E-005
3.686795	1.5566266E-005
3.687462	1.4999385E-005
3.688128	1.4389708E-005
3.688795	1.3644749E-005
3.689462	1.2888717E-005
3.690128	1.2008270E-005
3.690795	1.1151654E-005
3.691462	1.0186102E-005
3.692128	9.1982138E-006
3.692795	8.2807983E-006
3.693461	7.2950347E-006
3.694128	6.4040923E-006
3.694795	5.4766469E-006
3.695461	4.6326895E-006
3.696128	3.8794087E-006
3.696795	3.1373445E-006
3.697461	2.5304862E-006
3.698128	1.9678532E-006
3.698795	1.5435907E-006
3.699461	1.1932430E-006
3.700128	9.6239648E-007
3.700794	8.5842811E-007
3.701461	8.6539524E-007
3.702128	9.8309090E-007
3.702794	1.2290614E-006
3.703461	1.5942690E-006
3.704128	2.0325442E-006
3.704794	2.6107184E-006
3.705461	3.2313321E-006
3.706127	3.9892843E-006
3.706794	4.8244156E-006
3.707461	5.6525087E-006
3.708127	6.5617146E-006
3.708794	7.5439875E-006
3.70946	8.4709782E-006
3.710127	9.4826755E-006
3.710794	1.0410296E-005
3.711461	1.1393298E-005
3.712127	1.2341298E-005
3.712794	1.3169421E-005
3.71346	1.4004044E-005
3.714127	1.4761496E-005
3.714794	1.5381831E-005
3.71546	1.5958789E-005
3.716127	1.6428277E-005
3.716794	1.6760050E-005
3.71746	1.7003393E-005
3.718127	1.7127442E-005
3.718793	1.7126049E-005
3.71946	1.7004837E-005
3.720127	1.6758431E-005
3.720793	1.6440339E-005
3.72146	1.5972711E-005
3.722126	1.5397172E-005
3.722793	1.4777225E-005
3.72346	1.4020203E-005
3.724127	1.3184415E-005
3.724793	1.2354582E-005
3.72546	1.1405132E-005
3.726126	1.0418058E-005
3.726793	9.4862125E-006
3.72746	8.4686872E-006
3.728126	7.4587706E-006
3.728793	6.5472927E-006
3.72946	5.5943606E-006
3.730126	4.6935006E-006
3.730793	3.9203460E-006
3.731459	3.1572119E-006
3.732126	2.4838387E-006
3.732793	1.9304948E-006
3.733459	1.4937614E-006
3.734126	1.1316225E-006
3.734792	8.9100826E-007
3.735459	7.8003217E-007
3.736126	7.8214003E-007
3.736792	9.1165339E-007
3.737459	1.1669017E-006
3.738126	1.5107731E-006
3.738792	1.9955687E-006
3.739459	2.5901834E-006
3.740126	3.2858588E-006
3.740792	4.0088598E-006
3.741459	4.8688821E-006
3.742126	5.7956627E-006
3.742792	6.6980833E-006
3.743459	7.7137411E-006
3.744125	8.7535218E-006
3.744792	9.8020701E-006
3.745459	1.0724626E-005
3.746125	1.1745831E-005
3.746792	1.2731016E-005
3.747458	1.3663446E-005
3.748125	1.4466400E-005
3.748792	1.5260970E-005
3.749458	1.5965798E-005
3.750125	1.6570448E-005
3.750792	1.7033553E-005
3.751458	1.7420352E-005
3.752125	1.7686241E-005
3.752792	1.7822533E-005
3.753458	1.7831053E-005
3.754125	1.7723018E-005
3.754791	1.7484010E-005
3.755458	1.7120892E-005
3.756125	1.6638642E-005
3.756791	1.6047425E-005
3.757458	1.5436606E-005
3.758125	1.4658024E-005
3.758791	1.3797633E-005
3.759458	1.2868837E-005
3.760124	1.1885083E-005
3.760791	1.0941605E-005
3.761458	9.8949076E-006
3.762124	8.8388233E-006
3.762791	7.7878403E-006
3.763458	6.7596038E-006
3.764124	5.8434402E-006
3.764791	4.9012538E-006
3.765457	4.0245691E-006
3.766124	3.2279447E-006
3.766791	2.5228360E-006
3.767457	1.9625327E-006
3.768124	1.4630483E-006
3.768791	1.0827717E-006
3.769457	8.3517972E-007
3.770124	7.0441826E-007
3.770791	7.0541790E-007
3.771457	8.2346270E-007
3.772124	1.0768465E-006
3.77279	1.4575821E-006
3.773457	1.9596000E-006
3.774124	2.5767727E-006
3.77479	3.3000561E-006
3.775457	4.1189542E-006
3.776124	4.9488385E-006
3.77679	5.9166791E-006
3.777457	6.9411417E-006
3.778123	8.0088203E-006
3.77879	9.1033980E-006
3.779457	1.0207766E-005
3.780123	1.1307096E-005
3.78079	1.2301307E-005
3.781457	1.3303880E-005
3.782123	1.4296639E-005
3.78279	1.5222355E-005
3.783457	1.6068327E-005
3.784123	1.6824177E-005
3.78479	1.7473460E-005
3.785456	1.8011660E-005
3.786123	1.8398521E-005
3.78679	1.8695122E-005
3.787456	1.8859775E-005
3.788123	1.8889634E-005
3.78879	1.8784907E-005
3.789456	1.8547462E-005
3.790123	1.8178349E-005
3.790789	1.7683726E-005
3.791456	1.7072354E-005
3.792123	1.6351532E-005
3.792789	1.5599393E-005
3.793456	1.4735944E-005
3.794122	1.3766112E-005
3.794789	1.2735648E-005
3.795456	1.1661832E-005
3.796123	1.0557913E-005
3.796789	9.4414072E-006
3.797456	8.3290097E-006
3.798122	7.2380944E-006
3.798789	6.1832884E-006
3.799456	5.1820484E-006
3.800122	4.2486145E-006
3.800789	3.3974443E-006
3.801455	2.6412858E-006
3.802122	1.9916454E-006
3.802789	1.4954824E-006
3.803455	1.0776922E-006
3.804122	7.9097134E-007
3.804789	6.4320102E-007
3.805455	6.2546229E-007
3.806122	7.4712659E-007
3.806788	1.0067500E-006
3.807455	1.4010269E-006
3.808122	1.9253901E-006
3.808789	2.5719703E-006
3.809455	3.3322146E-006
3.810122	4.1956714E-006
3.810788	5.1500133E-006
3.811455	6.1808096E-006
3.812122	7.2746961E-006
3.812788	8.4167805E-006
3.813455	9.5877876E-006
3.814121	1.0773998E-005
3.814788	1.1956380E-005
3.815455	1.3117398E-005
3.816121	1.4242991E-005
3.816788	1.5274079E-005
3.817455	1.6279544E-005
3.818121	1.7203953E-005
3.818788	1.8030716E-005
3.819454	1.8747603E-005
3.820121	1.9348457E-005
3.820788	1.9819623E-005
3.821454	2.0154304E-005
3.822121	2.0350168E-005
3.822788	2.0401885E-005
3.823454	2.0311993E-005
3.824121	2.0080131E-005
3.824788	1.9705758E-005
3.825454	1.9196379E-005
3.826121	1.8562205E-005
3.826787	1.7807733E-005
3.827454	1.6946728E-005
3.828121	1.6028600E-005
3.828787	1.4994610E-005
3.829454	1.3893971E-005
3.830121	1.2744174E-005
3.830787	1.1559093E-005
3.831454	1.0356659E-005
3.83212	9.1558995E-006
3.832787	7.9732417E-006
3.833454	6.8271524E-006
3.83412	5.7341354E-006
3.834787	4.7096855E-006
3.835454	3.7020236E-006
3.83612	2.8696825E-006
3.836787	2.1493613E-006
3.837454	1.5522353E-006
3.83812	1.0880385E-006
3.838787	7.6385629E-007
3.839453	5.8925849E-007
3.84012	5.5362801E-007
3.840787	6.6812015E-007
3.841453	9.3146599E-007
3.84212	1.3414625E-006
3.842787	1.8927080E-006
3.843453	2.5778581E-006
3.84412	3.3881900E-006
3.844786	4.3882051E-006
3.845453	5.4206130E-006
3.84612	6.5398999E-006
3.846786	7.7295526E-006
3.847453	8.9749374E-006
3.848119	1.0256143E-005
3.848786	1.1556270E-005
3.849453	1.2857945E-005
3.850119	1.4141126E-005
3.850786	1.5341844E-005
3.851453	1.6628519E-005
3.852119	1.7748671E-005
3.852786	1.8785915E-005
3.853453	1.9718149E-005
3.854119	2.0535401E-005
3.854786	2.1226260E-005
3.855453	2.1782213E-005
3.856119	2.2190814E-005
3.856786	2.2461467E-005
3.857452	2.2551514E-005
3.858119	2.2484459E-005
3.858786	2.2262153E-005
3.859452	2.1887594E-005
3.860119	2.1364074E-005
3.860785	2.0697913E-005
3.861452	1.9901634E-005
3.862119	1.8945164E-005
3.862785	1.7916485E-005
3.863452	1.6794298E-005
3.864119	1.5596323E-005
3.864785	1.4337651E-005
3.865452	1.3039514E-005
3.866119	1.1614164E-005
3.866785	1.0287929E-005
3.867452	8.9777568E-006
3.868119	7.7046871E-006
3.868785	6.4843780E-006
3.869452	5.3372992E-006
3.870118	4.2019169E-006
3.870785	3.2575720E-006
3.871452	2.4326946E-006
3.872118	1.7412134E-006
3.872785	1.1933610E-006
3.873451	8.0990372E-007
3.874118	5.5500652E-007
3.874785	4.8810108E-007
3.875451	5.8685845E-007
3.876118	8.5100942E-007
3.876785	1.2776062E-006
3.877451	1.9137221E-006
3.878118	2.6609609E-006
3.878784	3.5486269E-006
3.879451	4.5656611E-006
3.880118	5.6985359E-006
3.880785	7.0309143E-006
3.881451	8.3552741E-006
3.882118	9.7451166E-006
3.882784	1.1181625E-005
3.883451	1.2758289E-005
3.884118	1.4172016E-005
3.884784	1.5628711E-005
3.885451	1.7050465E-005
3.886117	1.8418023E-005
3.886784	1.9809233E-005
3.887451	2.1006699E-005
3.888117	2.2094328E-005
3.888784	2.3063196E-005
3.889451	2.3943610E-005
3.890117	2.4607127E-005
3.890784	2.5116069E-005
3.89145	2.5453026E-005
3.892117	2.5621954E-005
3.892784	2.5597894E-005
3.89345	2.5396941E-005
3.894117	2.5022595E-005
3.894784	2.4433728E-005
3.89545	2.3752173E-005
3.896117	2.2892635E-005
3.896784	2.1893560E-005
3.89745	2.0677173E-005
3.898117	1.9433466E-005
3.898783	1.8099267E-005
3.89945	1.6691198E-005
3.900117	1.5117462E-005
3.900783	1.3621495E-005
3.90145	1.2116186E-005
3.902117	1.0507617E-005
3.902783	9.0495460E-006
3.90345	7.6473607E-006
3.904116	6.3207272E-006
3.904783	4.9984196E-006
3.90545	3.8893777E-006
3.906116	2.9467933E-006
3.906783	2.0515029E-006
3.90745	1.3851779E-006
3.908116	8.8895064E-007
3.908783	5.5463670E-007
3.90945	4.3594704E-007
3.910116	5.0540302E-007
3.910783	7.6373442E-007
3.911449	1.2505708E-006
3.912116	1.8919924E-006
3.912783	2.7080430E-006
3.913449	3.7710865E-006
3.914116	4.9166488E-006
3.914783	6.1998935E-006
3.915449	7.7167342E-006
3.916116	9.2317541E-006
3.916782	1.0766887E-005
3.917449	1.2552097E-005
3.918116	1.4251498E-005
3.918782	1.5967775E-005
3.919449	1.7806160E-005
3.920115	1.9480314E-005
3.920782	2.1101592E-005
3.921449	2.2759936E-005
3.922116	2.4199137E-005
3.922782	2.5517962E-005
3.923449	2.6787895E-005
3.924115	2.7803999E-005
3.924782	2.8710034E-005
3.925449	2.9367931E-005
3.926115	2.9828745E-005
3.926782	3.0110226E-005
3.927449	3.0158108E-005
3.928115	3.0010333E-005
3.928782	2.9622999E-005
3.929448	2.9059402E-005
3.930115	2.8238090E-005
3.930782	2.7293630E-005
3.931448	2.6177513E-005
3.932115	2.4805242E-005
3.932781	2.3391396E-005
3.933448	2.1863623E-005
3.934115	2.0113866E-005
3.934781	1.8415862E-005
3.935448	1.6536640E-005
3.936115	1.4770442E-005
3.936781	1.3008708E-005
3.937448	1.1145445E-005
3.938115	9.5346095E-006
3.938781	7.8186895E-006
3.939448	6.3325556E-006
3.940114	4.9722980E-006
3.940781	3.6708984E-006
3.941448	2.6342491E-006
3.942114	1.7215609E-006
3.942781	1.0767612E-006
3.943448	6.1512583E-007
3.944114	4.1105415E-007
3.944781	4.2810194E-007
3.945447	6.9653652E-007
3.946114	1.1771535E-006
3.946781	1.9391337E-006
3.947447	2.8655597E-006
3.948114	4.0870891E-006
3.948781	5.3622412E-006
3.949447	6.8563681E-006
3.950114	8.6361815E-006
3.950781	1.0426143E-005
3.951447	1.2476491E-005
3.952114	1.4468138E-005
3.95278	1.6674965E-005
3.953447	1.8756951E-005
3.954114	2.1001324E-005
3.95478	2.3059210E-005
3.955447	2.5216275E-005
3.956114	2.7133718E-005
3.95678	2.8943266E-005
3.957447	3.0742456E-005
3.958113	3.2252876E-005
3.95878	3.3633631E-005
3.959447	3.4764893E-005
3.960113	3.5743855E-005
3.96078	3.6421436E-005
3.961447	3.6890939E-005
3.962113	3.7070582E-005
3.96278	3.6988484E-005
3.963446	3.6658861E-005
3.964113	3.6031081E-005
3.96478	3.5210785E-005
3.965446	3.4068704E-005
3.966113	3.2790467E-005
3.96678	3.1198266E-005
3.967446	2.9539175E-005
3.968113	2.7589389E-005
3.96878	2.5642459E-005
3.969446	2.3517247E-005
3.970113	2.1402133E-005
3.970779	1.9077446E-005
3.971446	1.6907776E-005
3.972113	1.4596004E-005
3.972779	1.2506434E-005
3.973446	1.0348656E-005
3.974113	8.3242176E-006
3.974779	6.5926520E-006
3.975446	4.9180931E-006
3.976112	3.5647288E-006
3.976779	2.3490695E-006
3.977446	1.4659770E-006
3.978112	7.9509124E-007
3.978779	4.4575862E-007
3.979446	3.7146836E-007
3.980112	5.8247974E-007
3.980779	1.1206066E-006
3.981446	1.9067980E-006
3.982112	3.0532874E-006
3.982779	4.3868799E-006
3.983445	6.0947368E-006
3.984112	8.0646987E-006
3.984779	1.0103632E-005
3.985445	1.2499606E-005
3.986112	1.4880816E-005
3.986778	1.7584849E-005
3.987445	2.0389387E-005
3.988112	2.3050992E-005
3.988778	2.5940080E-005
3.989445	2.8505458E-005
3.990112	3.1322685E-005
3.990778	3.3854729E-005
3.991445	3.6445541E-005
3.992112	3.8864629E-005
3.992778	4.0926388E-005
3.993445	4.2904223E-005
3.994112	4.4494765E-005
3.994778	4.5920478E-005
3.995445	4.7018446E-005
3.996111	4.7735008E-005
3.996778	4.8161353E-005
3.997445	4.8233767E-005
3.998111	4.7959988E-005
3.998778	4.7320638E-005
3.999444	4.6419871E-005
4.000111	4.5158446E-005
4.000778	4.3658936E-005
4.001444	4.1751064E-005
4.002111	3.9568629E-005
4.002778	3.7325826E-005
4.003444	3.4704248E-005
4.004111	3.1912859E-005
4.004777	2.9205163E-005
4.005444	2.6210275E-005
4.006111	2.3392296E-005
4.006777	2.0363461E-005
4.007444	1.7391843E-005
4.008111	1.4723419E-005
4.008777	1.1996194E-005
4.009444	9.4601528E-006
4.01011	7.3979045E-006
4.010777	5.3469053E-006
4.011444	3.6084093E-006
4.01211	2.3012933E-006
4.012777	1.2526604E-006
4.013444	5.9759066E-007
4.014111	3.5851451E-007
4.014777	5.0927844E-007
4.015444	1.0892841E-006
4.01611	2.0120897E-006
4.016777	3.4132772E-006
4.017444	5.2239056E-006
4.01811	7.2574044E-006
4.018777	9.8003293E-006
4.019444	1.2571639E-005
4.02011	1.5506703E-005
4.020777	1.8923398E-005
4.021443	2.2556806E-005
4.02211	2.6085943E-005
4.022777	3.0007443E-005
4.023443	3.3991699E-005
4.02411	3.7991846E-005
4.024776	4.1671792E-005
4.025443	4.5537472E-005
4.02611	4.9245627E-005
4.026776	5.2504191E-005
4.027443	5.5768280E-005
4.02811	5.8723886E-005
4.028776	6.1152787E-005
4.029443	6.3322739E-005
4.030109	6.5147862E-005
4.030776	6.6537570E-005
4.031443	6.7390945E-005
4.032109	6.7829504E-005
4.032776	6.7767258E-005
4.033442	6.7257999E-005
4.034109	6.6220724E-005
4.034776	6.4700333E-005
4.035442	6.2706946E-005
4.036109	6.0459155E-005
4.036776	5.7640762E-005
4.037442	5.4456308E-005
4.038109	5.0944065E-005
4.038775	4.7428890E-005
4.039442	4.3584034E-005
4.040109	3.9438226E-005
4.040775	3.5195142E-005
4.041442	3.1223579E-005
4.042109	2.6978832E-005
4.042776	2.2833712E-005
4.043442	1.8855757E-005
4.044109	1.5373715E-005
4.044775	1.1910263E-005
4.045442	8.8043307E-006
4.046109	6.1125797E-006
4.046775	3.8879652E-006
4.047442	2.2814784E-006
4.048109	1.0826734E-006
4.048775	4.6606877E-007
4.049442	4.4605738E-007
4.050108	9.7341319E-007
4.050775	2.1490273E-006
4.051442	3.9544716E-006
4.052108	6.3772372E-006
4.052775	9.4005318E-006
4.053442	1.2716402E-005
4.054108	1.6805814E-005
4.054775	2.1382524E-005
4.055441	2.6399899E-005
4.056108	3.1791944E-005
4.056775	3.7082180E-005
4.057441	4.3006839E-005
4.058108	4.9099148E-005
4.058774	5.5051452E-005
4.059441	6.1229126E-005
4.060108	6.6894907E-005
4.060774	7.2836716E-005
4.061441	7.8534998E-005
4.062108	8.3906270E-005
4.062774	8.8876470E-005
4.063441	9.3379094E-005
4.064107	9.7060889E-005
4.064774	1.0043711E-004
4.065441	1.0315348E-004
4.066107	1.0517165E-004
4.066774	1.0643850E-004
4.067441	1.0694803E-004
4.068107	1.0674516E-004
4.068774	1.0576221E-004
4.069441	1.0400663E-004
4.070107	1.0150416E-004
4.070774	9.8263648E-005
4.071441	9.4325107E-005
4.072107	8.9758301E-005
4.072774	8.4996471E-005
4.073441	7.9387406E-005
4.074107	7.3350631E-005
4.074774	6.6981476E-005
4.07544	6.0373437E-005
4.076107	5.3625739E-005
4.076774	4.6857313E-005
4.07744	4.0154191E-005
4.078107	3.4328838E-005
4.078773	2.8079628E-005
4.07944	2.2230857E-005
4.080107	1.6881273E-005
4.080773	1.2137328E-005
4.08144	8.0929085E-006
4.082107	4.8332231E-006
4.082773	2.4385402E-006
4.08344	9.7531040E-007
4.084106	5.0081707E-007
4.084773	9.8224962E-007
4.08544	2.5224163E-006
4.086106	5.1379775E-006
4.086773	8.8293600E-006
4.08744	1.3391644E-005
4.088106	1.9139918E-005
4.088773	2.5877483E-005
4.089439	3.3544209E-005
4.090106	4.2072752E-005
4.090773	5.1363117E-005
4.091439	6.1319100E-005
4.092106	7.1830153E-005
4.092772	8.1980244E-005
4.093439	9.3210539E-005
4.094106	1.0459280E-004
4.094772	1.1600503E-004
4.095439	1.2729247E-004
4.096106	1.3831077E-004
4.096772	1.4854601E-004
4.097439	1.5858277E-004
4.098106	1.6791379E-004
4.098773	1.7639113E-004
4.099439	1.8387860E-004
4.100106	1.9028816E-004
4.100772	1.9550009E-004
4.101439	1.9941358E-004
4.102106	2.0195400E-004
4.102772	2.0309706E-004
4.103439	2.0281602E-004
4.104105	2.0103436E-004
4.104772	1.9776588E-004
4.105439	1.9307673E-004
4.106105	1.8769546E-004
4.106772	1.8042896E-004
4.107439	1.7125993E-004
4.108105	1.6226506E-004
4.108772	1.5161416E-004
4.109438	1.4013189E-004
4.110105	1.2795537E-004
4.110772	1.1525901E-004
4.111438	1.0225698E-004
4.112105	8.9148853E-005
4.112772	7.6162243E-005
4.113438	6.3522632E-005
4.114105	5.1444513E-005
4.114771	4.0160168E-005
4.115438	3.0243615E-005
4.116105	2.1172194E-005
4.116771	1.3539689E-005
4.117438	7.5476278E-006
4.118104	3.3818258E-006
4.118771	1.2077332E-006
4.119438	1.1699569E-006
4.120104	3.6397787E-006
4.120771	8.3877376E-006
4.121438	1.5562418E-005
4.122104	2.5200054E-005
4.122771	3.7316106E-005
4.123437	5.1864365E-005
4.124104	6.8780668E-005
4.124771	8.7259934E-005
4.125437	1.0854074E-004
4.126104	1.3180713E-004
4.126771	1.5689127E-004
4.127438	1.8352046E-004
4.128104	2.1148598E-004
4.128771	2.4047558E-004
4.129437	2.7022147E-004
4.130104	3.0033843E-004
4.130771	3.3048002E-004
4.131437	3.6034800E-004
4.132104	3.8953061E-004
4.132771	4.1766567E-004
4.133437	4.4341493E-004
4.134104	4.7008781E-004
4.13477	4.9273862E-004
4.135437	5.1292824E-004
4.136104	5.3022447E-004
4.13677	5.4447836E-004
4.137437	5.5527803E-004
4.138103	5.6244427E-004
4.13877	5.6576519E-004
4.139437	5.6515454E-004
4.140103	5.6045840E-004
4.14077	5.5169704E-004
4.141437	5.3882872E-004
4.142103	5.2062375E-004
4.14277	5.0052872E-004
4.143436	4.7602202E-004
4.144103	4.4818327E-004
4.14477	4.1723912E-004
4.145436	3.8373767E-004
4.146103	3.4807311E-004
4.14677	3.1078301E-004
4.147436	2.7249445E-004
4.148103	2.3111519E-004
4.148769	1.9288190E-004
4.149436	1.5585631E-004
4.150103	1.2085278E-004
4.150769	8.8710214E-005
4.151436	6.0332128E-005
4.152102	3.7436053E-005
4.152769	1.9184794E-005
4.153436	6.9534317E-006
4.154103	3.3854280E-006
4.154769	8.3758432E-006
4.155436	2.2870347E-005
4.156103	4.7783924E-005
4.156769	8.4040905E-005
4.157436	1.3641363E-004
4.158103	1.9876279E-004
4.158769	2.7483326E-004
4.159436	3.6544728E-004
4.160102	4.7102908E-004
4.160769	5.8756839E-004
4.161436	7.2416116E-004
4.162102	8.8848447E-004
4.162769	1.0591230E-003
4.163435	1.2461420E-003
4.164102	1.4502493E-003
4.164769	1.6703870E-003
4.165435	1.9067405E-003
4.166102	2.1778825E-003
4.166769	2.4464617E-003
4.167435	2.7297484E-003
4.168102	3.0269918E-003
4.168768	3.3376794E-003
4.169435	3.6484390E-003
4.170102	4.0059686E-003
4.170768	4.3499400E-003
4.171435	4.7024637E-003
4.172101	5.0618374E-003
4.172768	5.4261880E-003
4.173435	5.8218683E-003
4.174101	6.1939401E-003
4.174768	6.5660113E-003
4.175435	6.9370582E-003
4.176101	7.3318859E-003
4.176768	7.6961210E-003
4.177434	8.0542946E-003
4.178101	8.4035499E-003
4.178768	8.7311147E-003
4.179434	9.0824952E-003
4.180101	9.3968483E-003
4.180768	9.6969875E-003
4.181434	9.9801244E-003
4.182101	1.0263732E-002
4.182768	1.0508160E-002
4.183434	1.0733111E-002
4.184101	1.0935916E-002
4.184768	1.1129213E-002
4.185434	1.1283712E-002
4.186101	1.1413650E-002
4.186768	1.1517675E-002
4.187434	1.1598382E-002
4.188101	1.1649976E-002
4.188767	1.1675692E-002
4.189434	1.1674240E-002
4.190101	1.1642215E-002
4.190767	1.1585923E-002
4.191434	1.1504697E-002
4.192101	1.1397195E-002
4.192767	1.1253326E-002
4.193434	1.1093700E-002
4.1941	1.0911335E-002
4.194767	1.0706807E-002
4.195434	1.0463484E-002
4.1961	1.0224790E-002
4.196767	9.9585615E-003
4.197433	9.6548311E-003
4.1981	9.3560601E-003
4.198767	9.0415059E-003
4.199433	8.7134056E-003
4.2001	8.3508957E-003
4.200767	8.0029285E-003
4.201433	7.6467893E-003
4.2021	7.2593177E-003
4.202766	6.8929722E-003
4.203433	6.5256879E-003
4.2041	6.1301305E-003
4.204766	5.7753278E-003
4.205433	5.4099537E-003
4.2061	5.0497539E-003
4.206766	4.6690316E-003
4.207433	4.3212730E-003
4.208099	3.9822618E-003
4.208766	3.6295590E-003
4.209433	3.3117358E-003
4.210099	3.0059388E-003
4.210766	2.6927937E-003
4.211433	2.4146768E-003
4.2121	2.1331334E-003
4.212766	1.8858244E-003
4.213433	1.6618053E-003
4.214099	1.4303768E-003
4.214766	1.2310833E-003
4.215433	1.0477344E-003
4.216099	8.6941675E-004
4.216766	7.1965344E-004
4.217432	5.8578810E-004
4.218099	4.5945859E-004
4.218766	3.5713811E-004
4.219432	2.6934469E-004
4.220099	1.9076903E-004
4.220766	1.3112339E-004
4.221432	8.4010186E-005
4.222099	4.7552992E-005
4.222765	2.3445085E-005
4.223432	8.7122344E-006
4.224099	4.3862474E-006
4.224765	8.2262250E-006
4.225432	2.0363916E-005
4.226099	3.8208149E-005
4.226765	6.1408326E-005
4.227432	9.1197311E-005
4.228098	1.2266777E-004
4.228765	1.5931988E-004
4.229432	1.9545433E-004
4.230098	2.3129705E-004
4.230765	2.7147518E-004
4.231431	3.0862843E-004
4.232098	3.4725535E-004
4.232765	3.8171865E-004
4.233431	4.1410569E-004
4.234098	4.4607115E-004
4.234765	4.7283599E-004
4.235431	4.9789139E-004
4.236098	5.1770417E-004
4.236764	5.3480291E-004
4.237431	5.4684898E-004
4.238098	5.5502460E-004
4.238765	5.5941322E-004
4.239431	5.5971660E-004
4.240098	5.5594475E-004
4.240765	5.4877950E-004
4.241431	5.3811935E-004
4.242098	5.2316138E-004
4.242764	5.0621218E-004
4.243431	4.8511499E-004
4.244098	4.6298624E-004
4.244764	4.3710877E-004
4.245431	4.1121678E-004
4.246098	3.8213347E-004
4.246764	3.5393718E-004
4.247431	3.2413655E-004
4.248097	2.9516889E-004
4.248764	2.6621341E-004
4.249431	2.3564306E-004
4.250097	2.0784274E-004
4.250764	1.7916827E-004
4.251431	1.5371101E-004
4.252097	1.2809248E-004
4.252764	1.0595731E-004
4.25343	8.4318133E-005
4.254097	6.6211745E-005
4.254764	4.9198075E-005
4.25543	3.6073347E-005
4.256097	2.3950448E-005
4.256763	1.5023728E-005
4.25743	7.9804950E-006
4.258097	3.7333334E-006
4.258763	1.5933975E-006
4.25943	1.7499025E-006
4.260097	4.0943419E-006
4.260763	8.1708286E-006
4.26143	1.4388118E-005
4.262096	2.1737980E-005
4.262763	3.1061223E-005
4.26343	4.0917366E-005
4.264096	5.2070311E-005
4.264763	6.3573752E-005
4.265429	7.6428725E-005
4.266096	8.8728477E-005
4.266763	1.0199863E-004
4.26743	1.1426850E-004
4.268096	1.2708821E-004
4.268763	1.3854107E-004
4.26943	1.5011699E-004
4.270096	1.6008595E-004
4.270763	1.6972248E-004
4.27143	1.7766091E-004
4.272096	1.8464765E-004
4.272763	1.9052300E-004
4.273429	1.9469150E-004
4.274096	1.9768372E-004
4.274763	1.9910050E-004
4.275429	1.9914808E-004
4.276096	1.9783794E-004
4.276762	1.9502651E-004
4.277429	1.9114360E-004
4.278096	1.8568570E-004
4.278762	1.7901334E-004
4.279429	1.7178588E-004
4.280096	1.6308259E-004
4.280762	1.5453991E-004
4.281429	1.4436065E-004
4.282095	1.3434784E-004
4.282762	1.2324010E-004
4.283429	1.1188245E-004
4.284095	1.0118048E-004
4.284762	8.9760499E-005
4.285429	7.9282050E-005
4.286095	6.8398542E-005
4.286762	5.8659170E-005
4.287428	4.8802423E-005
4.288095	3.9649414E-005
4.288762	3.2114178E-005
4.289428	2.4575798E-005
4.290095	1.8413803E-005
4.290761	1.2793903E-005
4.291428	8.2348442E-006
4.292095	4.9610007E-006
4.292761	2.5133761E-006
4.293428	1.2139135E-006
4.294095	8.5830192E-007
4.294761	1.5392237E-006
4.295428	3.0681883E-006
4.296095	5.6054232E-006
4.296762	8.8710840E-006
4.297428	1.2714655E-005
4.298095	1.7497518E-005
4.298761	2.2496068E-005
4.299428	2.8326296E-005
4.300095	3.4536431E-005
4.300761	4.0570794E-005
4.301428	4.7205685E-005
4.302094	5.3877160E-005
4.302761	6.0054303E-005
4.303428	6.6513545E-005
4.304094	7.2701041E-005
4.304761	7.7973920E-005
4.305428	8.3405663E-005
4.306094	8.8325469E-005
4.306761	9.2385962E-005
4.307427	9.6094140E-005
4.308094	9.8929122E-005
4.308761	1.0125813E-004
4.309427	1.0282631E-004
4.310094	1.0361650E-004
4.31076	1.0364386E-004
4.311427	1.0293886E-004
4.312094	1.0147155E-004
4.31276	9.9550292E-005
4.313427	9.6745185E-005
4.314094	9.3300812E-005
4.31476	8.9555790E-005
4.315427	8.5042841E-005
4.316093	8.0079124E-005
4.31676	7.5101758E-005
4.317427	6.9476584E-005
4.318093	6.3635627E-005
4.31876	5.8059235E-005
4.319427	5.2029060E-005
4.320093	4.6031455E-005
4.32076	4.0336934E-005
4.321426	3.4996705E-005
4.322093	2.9527006E-005
4.32276	2.4381063E-005
4.323427	1.9923022E-005
4.324093	1.5577842E-005
4.32476	1.1727790E-005
4.325427	8.4054846E-006
4.326093	5.8173059E-006
4.32676	3.6149497E-006
4.327426	2.0163254E-006
4.328093	1.0760564E-006
4.32876	6.6275743E-007
4.329426	8.2497905E-007
4.330093	1.5679558E-006
4.33076	2.7619085E-006
4.331426	4.5449083E-006
4.332093	6.8091513E-006
4.332759	9.5059131E-006
4.333426	1.2371261E-005
4.334093	1.5753971E-005
4.334759	1.9404066E-005
4.335426	2.3259778E-005
4.336092	2.6986607E-005
4.336759	3.0912055E-005
4.337426	3.4986268E-005
4.338092	3.9008959E-005
4.338759	4.2660802E-005
4.339426	4.6406898E-005
4.340092	4.9923474E-005
4.340759	5.3164840E-005
4.341425	5.5899738E-005
4.342092	5.8475904E-005
4.342759	6.0644517E-005
4.343425	6.2373845E-005
4.344092	6.3660133E-005
4.344759	6.4411324E-005
4.345425	6.4795371E-005
4.346092	6.4704276E-005
4.346758	6.4136315E-005
4.347425	6.3104912E-005
4.348092	6.1744431E-005
4.348758	5.9887527E-005
4.349425	5.7637375E-005
4.350091	5.5043100E-005
4.350758	5.2127980E-005
4.351425	4.9164795E-005
4.352092	4.5772755E-005
4.352758	4.2329491E-005
4.353425	3.8645376E-005
4.354092	3.4891833E-005
4.354758	3.1367912E-005
4.355425	2.7624741E-005
4.356091	2.3962702E-005
4.356758	2.0429448E-005
4.357425	1.7079532E-005
4.358091	1.3947768E-005
4.358758	1.1076270E-005
4.359425	8.6616483E-006
4.360091	6.4595415E-006
4.360758	4.5260899E-006
4.361424	2.9626958E-006
4.362091	1.7829791E-006
4.362758	9.9716965E-007
4.363424	6.2132455E-007
4.364091	5.9953584E-007
4.364758	9.6352426E-007
4.365424	1.6999077E-006
4.366091	2.7904637E-006
4.366757	4.2118459E-006
4.367424	5.9355684E-006
4.368091	7.7185141E-006
4.368757	9.9230128E-006
4.369424	1.2329791E-005
4.37009	1.4897079E-005
4.370757	1.7582843E-005
4.371424	2.0343537E-005
4.37209	2.3134113E-005
4.372757	2.5912659E-005
4.373424	2.8462380E-005
4.37409	3.1096428E-005
4.374757	3.3597735E-005
4.375423	3.5854169E-005
4.37609	3.7990674E-005
4.376757	3.9895229E-005
4.377423	4.1533895E-005
4.37809	4.2893138E-005
4.378757	4.3949571E-005
4.379424	4.4697463E-005
4.38009	4.5103359E-005
4.380757	4.5217079E-005
4.381423	4.4999881E-005
4.38209	4.4464359E-005
4.382757	4.3616503E-005
4.383423	4.2509091E-005
4.38409	4.1091225E-005
4.384757	3.9418108E-005
4.385423	3.7511127E-005
4.38609	3.5400204E-005
4.386756	3.3119493E-005
4.387423	3.0698437E-005
4.38809	2.8346647E-005
4.388756	2.5755826E-005
4.389423	2.3133494E-005
4.39009	2.0512185E-005
4.390756	1.8014836E-005
4.391423	1.5504889E-005
4.392089	1.3104051E-005
4.392756	1.0840470E-005
4.393423	8.7448270E-006
4.394089	6.8445211E-006
4.394756	5.1627521E-006
4.395422	3.7194791E-006
4.396089	2.5313830E-006
4.396756	1.6112725E-006
4.397422	9.6810800E-007
4.398089	6.0530658E-007
4.398756	5.2250067E-007
4.399422	7.1000636E-007
4.400089	1.1682968E-006
4.400755	1.8858696E-006
4.401422	2.8488755E-006
4.402089	4.0363566E-006
4.402755	5.4313869E-006
4.403422	7.0079550E-006
4.404088	8.7378430E-006
4.404755	1.0469557E-005
4.405422	1.2553370E-005
4.406088	1.4504832E-005
4.406755	1.6563272E-005
4.407422	1.8624422E-005
4.408089	2.0526766E-005
4.408755	2.2644981E-005
4.409422	2.4538043E-005
4.410089	2.6318748E-005
4.410755	2.7962635E-005
4.411422	2.9445155E-005
4.412088	3.0741845E-005
4.412755	3.1838605E-005
4.413422	3.2689521E-005
4.414088	3.3349814E-005
4.414755	3.3770786E-005
4.415421	3.3954741E-005
4.416088	3.3896151E-005
4.416755	3.3596778E-005
4.417421	3.3061933E-005
4.418088	3.2304859E-005
4.418755	3.1336833E-005
4.419421	3.0164962E-005
4.420088	2.8813689E-005
4.420754	2.7299664E-005
4.421421	2.5705654E-005
4.422088	2.3943572E-005
4.422754	2.2091113E-005
4.423421	2.0174024E-005
4.424088	1.8222519E-005
4.424754	1.6257995E-005
4.425421	1.4314819E-005
4.426087	1.2289411E-005
4.426754	1.0583800E-005
4.427421	8.7336230E-006
4.428087	7.1226659E-006
4.428754	5.6973554E-006
4.42942	4.3785603E-006
4.430087	3.2327680E-006
4.430754	2.2759748E-006
4.43142	1.5174124E-006
4.432087	9.6512315E-007
4.432754	6.2462192E-007
4.43342	4.9766265E-007
4.434087	5.8298491E-007
4.434753	8.7601927E-007
4.43542	1.4108477E-006
4.436087	2.0828736E-006
4.436754	2.9531279E-006
4.43742	3.9871998E-006
4.438087	5.1675952E-006
4.438754	6.4754445E-006
4.43942	7.8890171E-006
4.440087	9.3877643E-006
4.440753	1.0947653E-005
4.44142	1.2545305E-005
4.442087	1.4266330E-005
4.442753	1.5866910E-005
4.44342	1.7382568E-005
4.444087	1.8892342E-005
4.444753	2.0322233E-005
4.44542	2.1656055E-005
4.446086	2.2870252E-005
4.446753	2.3949704E-005
4.44742	2.4932824E-005
4.448086	2.5688243E-005
4.448753	2.6268748E-005
4.449419	2.6668968E-005
4.450086	2.6880909E-005
4.450753	2.6913496E-005
4.451419	2.6755502E-005
4.452086	2.6385229E-005
4.452753	2.5852783E-005
4.453419	2.5150814E-005
4.454086	2.4286752E-005
4.454752	2.3278681E-005
4.455419	2.2137789E-005
4.456086	2.0791727E-005
4.456752	1.9430661E-005
4.457419	1.7994389E-005
4.458086	1.6550919E-005
4.458752	1.5021433E-005
4.459419	1.3371854E-005
4.460085	1.1834035E-005
4.460752	1.0323333E-005
4.461419	8.8627849E-006
4.462085	7.4689501E-006
4.462752	6.1622168E-006
4.463418	4.8838433E-006
4.464086	3.8082351E-006
4.464752	2.8674604E-006
4.465419	2.0956236E-006
4.466085	1.4490772E-006
4.466752	9.3783302E-007
4.467419	6.3130966E-007
4.468085	4.9371005E-007
4.468752	5.2560495E-007
4.469419	7.2436728E-007
4.470085	1.1153180E-006
4.470752	1.6414978E-006
4.471418	2.3129676E-006
4.472085	3.0909775E-006
4.472752	4.0801397E-006
4.473418	5.1179782E-006
4.474085	6.2467561E-006
4.474751	7.4478385E-006
4.475418	8.7055405E-006
4.476085	1.0086708E-005
4.476751	1.1397604E-005
4.477418	1.2705972E-005
4.478085	1.3993308E-005
4.478751	1.5321804E-005
4.479418	1.6468337E-005
4.480084	1.7580065E-005
4.480751	1.8600484E-005
4.481418	1.9571913E-005
4.482084	2.0364609E-005
4.482751	2.1024942E-005
4.483418	2.1548003E-005
4.484084	2.1946214E-005
4.484751	2.2165008E-005
4.485417	2.2231414E-005
4.486084	2.2143719E-005
4.486751	2.1894935E-005
4.487417	2.1504373E-005
4.488084	2.0974039E-005
4.48875	2.0310999E-005
4.489417	1.9470061E-005
4.490084	1.8563318E-005
4.49075	1.7559238E-005
4.491417	1.6395095E-005
4.492084	1.5234987E-005
4.492751	1.4021442E-005
4.493417	1.2774992E-005
4.494084	1.1467663E-005
4.49475	1.0203431E-005
4.495417	8.9557043E-006
4.496084	7.6645292E-006
4.49675	6.5063873E-006
4.497417	5.4150942E-006
4.498084	4.3407458E-006
4.49875	3.4313059E-006
4.499417	2.6285381E-006
4.500083	1.9429337E-006
4.50075	1.3652033E-006
4.501417	9.4033851E-007
4.502083	6.5208161E-007
4.50275	4.9739270E-007
4.503417	4.9703431E-007
4.504083	6.3501716E-007
4.50475	9.3108565E-007
4.505416	1.3426920E-006
4.506083	1.9169297E-006
4.50675	2.5729066E-006
4.507416	3.3320821E-006
4.508083	4.2127435E-006
4.508749	5.1444608E-006
4.509416	6.1415235E-006
4.510083	7.1888271E-006
4.510749	8.3428386E-006
4.511416	9.4443558E-006
4.512083	1.0621165E-005
4.512749	1.1709811E-005
4.513416	1.2769403E-005
4.514082	1.3851914E-005
4.514749	1.4771238E-005
4.515416	1.5651965E-005
4.516082	1.6498701E-005
4.516749	1.7193928E-005
4.517416	1.7817983E-005
4.518082	1.8287283E-005
4.518749	1.8634637E-005
4.519415	1.8868674E-005
4.520082	1.8956865E-005
4.520749	1.8916751E-005
4.521416	1.8735815E-005
4.522082	1.8450773E-005
4.522749	1.8003841E-005
4.523416	1.7467655E-005
4.524082	1.6825137E-005
4.524749	1.6034144E-005
4.525415	1.5204459E-005
4.526082	1.4238157E-005
4.526749	1.3270407E-005
4.527415	1.2253829E-005
4.528082	1.1135003E-005
4.528749	1.0103129E-005
4.529415	8.9608611E-006
4.530082	7.9016691E-006
4.530748	6.8683621E-006
4.531415	5.8087917E-006
4.532082	4.8710922E-006
4.532748	3.9433894E-006
4.533415	3.1536949E-006
4.534081	2.4083977E-006
4.534748	1.8097824E-006
4.535415	1.3304070E-006
4.536081	9.2129301E-007
4.536748	6.5650886E-007
4.537415	5.0354100E-007
4.538081	4.8245295E-007
4.538748	5.9028343E-007
4.539414	8.1085784E-007
4.540081	1.1431218E-006
4.540748	1.6141441E-006
4.541414	2.1976057E-006
4.542081	2.8378245E-006
4.542747	3.5328101E-006
4.543414	4.3759842E-006
4.544081	5.2260857E-006
4.544747	6.1829733E-006
4.545414	7.1144791E-006
4.546081	8.1275293E-006
4.546747	9.0827416E-006
4.547414	1.0091776E-005
4.54808	1.1014381E-005
4.548748	1.1959120E-005
4.549414	1.2767602E-005
4.550081	1.3595753E-005
4.550747	1.4298250E-005
4.551414	1.4959724E-005
4.552081	1.5488027E-005
4.552747	1.5944630E-005
4.553414	1.6267184E-005
4.55408	1.6496861E-005
4.554747	1.6598980E-005
4.555414	1.6589644E-005
4.55608	1.6463735E-005
4.556747	1.6234208E-005
4.557414	1.5872189E-005
4.55808	1.5397201E-005
4.558747	1.4858379E-005
4.559413	1.4190269E-005
4.56008	1.3484995E-005
4.560747	1.2659642E-005
4.561413	1.1830702E-005
4.56208	1.0898510E-005
4.562747	1.0022817E-005
4.563413	9.0379335E-006
4.56408	8.1073586E-006
4.564746	7.1224072E-006
4.565413	6.2183340E-006
4.56608	5.2910036E-006
4.566746	4.4658022E-006
4.567413	3.6464094E-006
4.568079	2.9015039E-006
4.568746	2.2795900E-006
4.569413	1.7082319E-006
4.570079	1.2780363E-006
4.570746	9.0592846E-007
4.571413	6.5971619E-007
4.572079	5.0967049E-007
4.572746	4.7556122E-007
4.573412	5.5269902E-007
4.574079	7.4481966E-007
4.574746	1.0263361E-006
4.575412	1.4291235E-006
4.576079	1.8972806E-006
4.576746	2.4650474E-006
4.577413	3.0886326E-006
4.578079	3.8218586E-006
4.578746	4.6161472E-006
4.579412	5.4044303E-006
4.580079	6.2774980E-006
4.580746	7.1158720E-006
4.581412	8.0173340E-006
4.582079	8.8567595E-006
4.582746	9.7330321E-006
4.583412	1.0551279E-005
4.584079	1.1301317E-005
4.584745	1.2047029E-005
4.585412	1.2683372E-005
4.586079	1.3287739E-005
4.586745	1.3803144E-005
4.587412	1.4200356E-005
4.588078	1.4528940E-005
4.588745	1.4749990E-005
4.589412	1.4858380E-005
4.590078	1.4868321E-005
4.590745	1.4779190E-005
4.591412	1.4580706E-005
4.592078	1.4275826E-005
4.592745	1.3899269E-005
4.593411	1.3406332E-005
4.594078	1.2826624E-005
4.594745	1.2212208E-005
4.595411	1.1491955E-005
4.596078	1.0765920E-005
4.596745	9.9719591E-006
4.597411	9.1187967E-006
4.598078	8.2999386E-006
4.598744	7.4180925E-006
4.599411	6.5417485E-006
4.600078	5.7354091E-006
4.600744	4.9043842E-006
4.601411	4.1166350E-006
4.602077	3.4252450E-006
4.602744	2.7508513E-006
4.603411	2.1669071E-006
4.604077	1.6757539E-006
4.604744	1.2376041E-006
4.605411	8.9428534E-007
4.606078	6.6315488E-007
4.606744	5.1571197E-007
4.607411	4.7270268E-007
4.608078	5.2692872E-007
4.608744	6.8453198E-007
4.609411	9.3225594E-007
4.610077	1.2573414E-006
4.610744	1.6912392E-006
4.611411	2.2081779E-006
4.612077	2.7604008E-006
4.612744	3.4134732E-006
4.61341	4.1211765E-006
4.614077	4.8743414E-006
4.614744	5.6096615E-006
4.61541	6.4140545E-006
4.616077	7.2011217E-006
4.616744	7.9614692E-006
4.61741	8.7564404E-006
4.618077	9.5244586E-006
4.618743	1.0253612E-005
4.61941	1.0892409E-005
4.620077	1.1515670E-005
4.620743	1.2072033E-005
4.62141	1.2551119E-005
4.622077	1.2923003E-005
4.622743	1.3223213E-005
4.62341	1.3440779E-005
4.624076	1.3557283E-005
4.624743	1.3584793E-005
4.62541	1.3514406E-005
4.626076	1.3346113E-005
4.626743	1.3102346E-005
4.627409	1.2753703E-005
4.628076	1.2320153E-005
4.628743	1.1807157E-005
4.629409	1.1280874E-005
4.630076	1.0640804E-005
4.630743	9.9462241E-006
4.631409	9.2093651E-006
4.632076	8.4886351E-006
4.632742	7.7000686E-006
4.63341	6.9019184E-006
4.634076	6.1066162E-006
4.634743	5.3255703E-006
4.635409	4.6170212E-006
4.636076	3.9178431E-006
4.636743	3.2412559E-006
4.637409	2.6220328E-006
4.638076	2.0999853E-006
4.638742	1.6138659E-006
4.639409	1.2071329E-006
4.640076	8.8575928E-007
4.640742	6.5392743E-007
4.641409	5.2080696E-007
4.642076	4.7019896E-007
4.642742	5.1091303E-007
4.643409	6.4505269E-007
4.644075	8.7020618E-007
4.644742	1.1606157E-006
4.645409	1.5498566E-006
4.646075	2.0153891E-006
4.646742	2.5498293E-006
4.647408	3.1449574E-006
4.648075	3.7497098E-006
4.648742	4.4133808E-006
4.649408	5.1294483E-006
4.650075	5.8663959E-006
4.650742	6.6131861E-006
4.651408	7.3583005E-006
4.652075	8.0457839E-006
4.652741	8.7567769E-006
4.653408	9.4328634E-006
4.654075	1.0066401E-005
4.654741	1.0628792E-005
4.655408	1.1119739E-005
4.656075	1.1575063E-005
4.656741	1.1954466E-005
4.657408	1.2254093E-005
4.658074	1.2467018E-005
4.658741	1.2592885E-005
4.659408	1.2627749E-005
4.660074	1.2578384E-005
4.660741	1.2439311E-005
4.661408	1.2221072E-005
4.662075	1.1912967E-005
4.662741	1.1526115E-005
4.663408	1.1066109E-005
4.664074	1.0539926E-005
4.664741	9.9547742E-006
4.665408	9.3605213E-006
4.666074	8.6864538E-006
4.666741	7.9820175E-006
4.667408	7.2571320E-006
4.668074	6.5446825E-006
4.668741	5.8103751E-006
4.669407	5.0873909E-006
4.670074	4.3860555E-006
4.670741	3.7163372E-006
4.671407	3.1266291E-006
4.672074	2.5466748E-006
4.67274	2.0251543E-006
4.673407	1.5694826E-006
4.674074	1.1969726E-006
4.67474	8.8915317E-007
4.675407	6.6292887E-007
4.676074	5.2201040E-007
4.67674	4.6760854E-007
4.677407	5.0012784E-007
4.678073	6.1914477E-007
4.67874	8.0715182E-007
4.679407	1.0862973E-006
4.680073	1.4298428E-006
4.68074	1.8546427E-006
4.681406	2.3442599E-006
4.682073	2.8915033E-006
4.68274	3.4869668E-006
4.683406	4.1232411E-006
4.684073	4.7899866E-006
4.68474	5.4770485E-006
4.685406	6.1745168E-006
4.686073	6.8715844E-006
4.686739	7.5374187E-006
4.687406	8.2048191E-006
4.688073	8.8421330E-006
4.688739	9.4026245E-006
4.689406	9.9557046E-006
4.690073	1.0453222E-005
4.69074	1.0886453E-005
4.691406	1.1251164E-005
4.692073	1.1541603E-005
4.692739	1.1746907E-005
4.693406	1.1879227E-005
4.694073	1.1927451E-005
4.694739	1.1891840E-005
4.695406	1.1773531E-005
4.696073	1.1572766E-005
4.696739	1.1294013E-005
4.697406	1.0940538E-005
4.698072	1.0517547E-005
4.698739	1.0034025E-005
4.699406	9.5109617E-006
4.700072	8.9231226E-006
4.700739	8.2963879E-006
4.701406	7.6397591E-006
4.702072	6.9621969E-006
4.702739	6.2737827E-006
4.703405	5.5846058E-006
4.704072	4.9055143E-006
4.704739	4.2441243E-006
4.705405	3.6313863E-006
4.706072	3.0357571E-006
4.706738	2.4854191E-006
4.707405	1.9888989E-006
4.708072	1.5533143E-006
4.708738	1.1848451E-006
4.709405	8.8809657E-007
4.710072	6.6748288E-007
4.710738	5.2622977E-007
4.711405	4.6633866E-007
4.712071	4.8497003E-007
4.712738	5.8453764E-007
4.713405	7.6362221E-007
4.714071	1.0191555E-006
4.714738	1.3701024E-006
4.715405	1.7701210E-006
4.716071	2.2313682E-006
4.716738	2.7467088E-006
4.717404	3.2912701E-006
4.718071	3.8907160E-006
4.718738	4.5199572E-006
4.719405	5.1700977E-006
4.720071	5.8315973E-006
4.720738	6.4944020E-006
4.721405	7.1481713E-006
4.722071	7.7847708E-006
4.722738	8.3949717E-006
4.723404	8.9513005E-006
4.724071	9.4822190E-006
4.724738	9.9617655E-006
4.725404	1.0384681E-005
4.726071	1.0762114E-005
4.726737	1.1045820E-005
4.727404	1.1253899E-005
4.728071	1.1385696E-005
4.728737	1.1439106E-005
4.729404	1.1412573E-005
4.730071	1.1312713E-005
4.730737	1.1132257E-005
4.731404	1.0877757E-005
4.73207	1.0552190E-005
4.732737	1.0134256E-005
4.733404	9.6781532E-006
4.73407	9.1703250E-006
4.734737	8.6149876E-006
4.735404	8.0219197E-006
4.73607	7.4183476E-006
4.736737	6.7758410E-006
4.737403	6.1210358E-006
4.73807	5.4242319E-006
4.738737	4.7751605E-006
4.739403	4.1435333E-006
4.74007	3.5376061E-006
4.740736	2.9670045E-006
4.741403	2.4389483E-006
4.74207	1.9750330E-006
4.742736	1.5522598E-006
4.743403	1.1920960E-006
4.74407	8.8378061E-007
4.744736	6.6797958E-007
4.745403	5.2714279E-007
4.74607	4.6302003E-007
4.746737	4.7652821E-007
4.747403	5.6721984E-007
4.74807	7.4019567E-007
4.748736	9.8224041E-007
4.749403	1.2935895E-006
4.75007	1.6702181E-006
4.750736	2.1062010E-006
4.751403	2.5950023E-006
4.752069	3.1649986E-006
4.752736	3.7404936E-006
4.753403	4.3451491E-006
4.754069	4.9507194E-006
4.754736	5.5874393E-006
4.755403	6.2267145E-006
4.756069	6.8992140E-006
4.756736	7.5155731E-006
4.757402	8.1076723E-006
4.758069	8.6659056E-006
4.758736	9.1828560E-006
4.759402	9.6787817E-006
4.760069	1.0076933E-005
4.760736	1.0426535E-005
4.761402	1.0712348E-005
4.762069	1.0926434E-005
4.762735	1.1072883E-005
4.763402	1.1133636E-005
4.764069	1.1118112E-005
4.764735	1.1026980E-005
4.765402	1.0861344E-005
4.766068	1.0615609E-005
4.766735	1.0306735E-005
4.767402	9.9343188E-006
4.768068	9.5037958E-006
4.768735	9.0208869E-006
4.769402	8.4567455E-006
4.770068	7.8884250E-006
4.770735	7.2901166E-006
4.771401	6.6307857E-006
4.772068	6.0174129E-006
4.772735	5.3825456E-006
4.773401	4.7534209E-006
4.774068	4.1386697E-006
4.774735	3.5121980E-006
4.775402	2.9553516E-006
4.776068	2.4389487E-006
4.776735	1.9424942E-006
4.777401	1.5430985E-006
4.778068	1.1903662E-006
4.778735	9.0233874E-007
4.779401	6.8273800E-007
4.780068	5.2875890E-007
4.780735	4.6011505E-007
4.781401	4.6657590E-007
4.782068	5.5533661E-007
4.782734	7.1470657E-007
4.783401	9.3682701E-007
4.784068	1.2329923E-006
4.784734	1.6170976E-006
4.785401	2.0388563E-006
4.786067	2.5127360E-006
4.786734	3.0660776E-006
4.787401	3.6252143E-006
4.788067	4.2148135E-006
4.788734	4.8255979E-006
4.789401	5.4680609E-006
4.790067	6.0950420E-006
4.790734	6.7168230E-006
4.7914	7.3620176E-006
4.792067	7.9448027E-006
4.792734	8.4967887E-006
4.7934	9.0100393E-006
4.794067	9.5042151E-006
4.794734	9.9148137E-006
4.7954	1.0255884E-005
4.796067	1.0562044E-005
4.796733	1.0779733E-005
4.7974	1.0927072E-005
4.798067	1.1002805E-005
4.798733	1.0998410E-005
4.7994	1.0919158E-005
4.800066	1.0755493E-005
4.800733	1.0528492E-005
4.8014	1.0245200E-005
4.802066	9.8656501E-006
4.802733	9.4488951E-006
4.8034	8.9488149E-006
4.804067	8.4323592E-006
4.804733	7.8774219E-006
4.8054	7.2925400E-006
4.806067	6.6473485E-006
4.806733	6.0464358E-006
4.8074	5.3835274E-006
4.808066	4.7638855E-006
4.808733	4.1575254E-006
4.8094	3.5377566E-006
4.810066	2.9863490E-006
4.810733	2.4729925E-006
4.811399	1.9776944E-006
4.812066	1.5653145E-006
4.812733	1.2012505E-006
4.813399	9.1245687E-007
4.814066	6.9071484E-007
4.814733	5.3235186E-007
4.815399	4.5789372E-007
4.816066	4.5716658E-007
4.816732	5.3702274E-007
4.817399	6.8687115E-007
4.818066	9.2328833E-007
4.818732	1.2047568E-006
4.819399	1.5575272E-006
4.820065	1.9955341E-006
4.820732	2.4621659E-006
4.821399	3.0075482E-006
4.822065	3.5607393E-006
4.822732	4.1440685E-006
4.823399	4.7870863E-006
4.824065	5.3875224E-006
4.824732	6.0514744E-006
4.825398	6.6731068E-006
4.826065	7.3176702E-006
4.826732	7.9030551E-006
4.827398	8.4577559E-006
4.828065	9.0062949E-006
4.828732	9.4764246E-006
4.829398	9.9190320E-006
4.830065	1.0265683E-005
4.830732	1.0578696E-005
4.831398	1.0804641E-005
4.832065	1.0960262E-005
4.832732	1.1046845E-005
4.833398	1.1052083E-005
4.834065	1.0979436E-005
4.834732	1.0835485E-005
4.835398	1.0614051E-005
4.836065	1.0330053E-005
4.836731	9.9583294E-006
4.837398	9.5488704E-006
4.838065	9.0566164E-006
4.838731	8.5457568E-006
4.839398	7.9968841E-006
4.840065	7.3790729E-006
4.840731	6.7745614E-006
4.841398	6.1363089E-006
4.842064	5.5123210E-006
4.842731	4.8523375E-006
4.843398	4.2448064E-006
4.844064	3.6214506E-006
4.844731	3.0649326E-006
4.845397	2.5151035E-006
4.846064	2.0431432E-006
4.846731	1.6103551E-006
4.847397	1.2488229E-006
4.848064	9.3290527E-007
4.848731	7.0434248E-007
4.849397	5.3834475E-007
4.850064	4.5635286E-007
4.85073	4.4994903E-007
4.851397	5.1967788E-007
4.852064	6.7345292E-007
4.85273	8.8323515E-007
4.853397	1.1863985E-006
4.854064	1.5377340E-006
4.85473	1.9753620E-006
4.855397	2.4422600E-006
4.856063	2.9891200E-006
4.85673	3.5450455E-006
4.857397	4.1700100E-006
4.858063	4.7623207E-006
4.85873	5.4293801E-006
4.859397	6.0630359E-006
4.860064	6.7332039E-006
4.86073	7.3904716E-006
4.861397	7.9879856E-006
4.862063	8.5918746E-006
4.86273	9.1215052E-006
4.863397	9.6363174E-006
4.864063	1.0054619E-005
4.86473	1.0451366E-005
4.865396	1.0761629E-005
4.866063	1.1017732E-005
4.86673	1.1195027E-005
4.867396	1.1286839E-005
4.868063	1.1303335E-005
4.86873	1.1243383E-005
4.869396	1.1103009E-005
4.870063	1.0896120E-005
4.870729	1.0600186E-005
4.871396	1.0231510E-005
4.872063	9.8250111E-006
4.872729	9.3318031E-006
4.873396	8.8192064E-006
4.874063	8.2302613E-006
4.874729	7.6611423E-006
4.875396	7.0111000E-006
4.876062	6.3435741E-006
4.876729	5.7082984E-006
4.877396	5.0355179E-006
4.878062	4.4142780E-006
4.878729	3.7755119E-006
4.879395	3.1694467E-006
4.880062	2.6367311E-006
4.880729	2.1340754E-006
4.881395	1.6979218E-006
4.882062	1.2977848E-006
4.882729	9.6808162E-007
4.883395	7.2738703E-007
4.884062	5.4899795E-007
4.884728	4.5686420E-007
4.885395	4.4072556E-007
4.886062	5.0614454E-007
4.886729	6.4507105E-007
4.887395	8.7221639E-007
4.888062	1.1779902E-006
4.888729	1.5334592E-006
4.889395	1.9784777E-006
4.890062	2.4855383E-006
4.890728	3.0127942E-006
4.891395	3.6005347E-006
4.892062	4.2040770E-006
4.892728	4.8742204E-006
4.893395	5.5625101E-006
4.894062	6.2182339E-006
4.894728	6.9136281E-006
4.895395	7.5970388E-006
4.896061	8.2198794E-006
4.896728	8.8508377E-006
4.897395	9.4239194E-006
4.898061	9.9352619E-006
4.898728	1.0421818E-005
4.899395	1.0843297E-005
4.900061	1.1174223E-005
4.900728	1.1453782E-005
4.901394	1.1651445E-005
4.902061	1.1759454E-005
4.902728	1.1792466E-005
4.903394	1.1742198E-005
4.904061	1.1615313E-005
4.904727	1.1399711E-005
4.905394	1.1104320E-005
4.906061	1.0732649E-005
4.906727	1.0319682E-005
4.907394	9.8162927E-006
4.908061	9.2751079E-006
4.908727	8.7077151E-006
4.909394	8.0645514E-006
4.91006	7.3933315E-006
4.910727	6.7418900E-006
4.911394	6.0402795E-006
4.91206	5.3397675E-006
4.912727	4.6515984E-006
4.913393	4.0420887E-006
4.91406	3.4043073E-006
4.914727	2.8076545E-006
4.915394	2.2918794E-006
4.91606	1.8007777E-006
4.916727	1.3760750E-006
4.917394	1.0237588E-006
4.91806	7.6350182E-007
4.918727	5.7184621E-007
4.919394	4.5835947E-007
4.92006	4.3278268E-007
4.920727	4.8946322E-007
4.921393	6.3484015E-007
4.92206	8.6606195E-007
4.922727	1.1800573E-006
4.923393	1.5470803E-006
4.92406	1.9936231E-006
4.924726	2.5189377E-006
4.925393	3.1031889E-006
4.92606	3.7000395E-006
4.926726	4.3741352E-006
4.927393	5.0798894E-006
4.92806	5.8069295E-006
4.928726	6.5019044E-006
4.929393	7.2184744E-006
4.930059	7.9463880E-006
4.930726	8.6535010E-006
4.931393	9.3290200E-006
4.932059	9.9280878E-006
4.932726	1.0513939E-005
4.933393	1.1040375E-005
4.934059	1.1499096E-005
4.934726	1.1853641E-005
4.935392	1.2166345E-005
4.936059	1.2394563E-005
4.936726	1.2535245E-005
4.937392	1.2585344E-005
4.938059	1.2549247E-005
4.938725	1.2425377E-005
4.939392	1.2211935E-005
4.940059	1.1922410E-005
4.940725	1.1543288E-005
4.941392	1.1117975E-005
4.942059	1.0599357E-005
4.942725	1.0017658E-005
4.943392	9.3831268E-006
4.944059	8.7054732E-006
4.944726	7.9934061E-006
4.945392	7.3248584E-006
4.946059	6.5791955E-006
4.946725	5.8325368E-006
4.947392	5.0951389E-006
4.948059	4.3791683E-006
4.948725	3.7336465E-006
4.949392	3.0882952E-006
4.950058	2.4947979E-006
4.950725	1.9766637E-006
4.951392	1.5102514E-006
4.952058	1.1202110E-006
4.952725	8.1246441E-007
4.953392	5.9210282E-007
4.954058	4.6784612E-007
4.954725	4.2630836E-007
4.955391	4.7929836E-007
4.956058	6.2076134E-007
4.956725	8.5766527E-007
4.957391	1.1839935E-006
4.958058	1.5954470E-006
4.958724	2.0554530E-006
4.959391	2.6150767E-006
4.960058	3.2404550E-006
4.960724	3.9216497E-006
4.961391	4.6276200E-006
4.962058	5.3912818E-006
4.962724	6.1805658E-006
4.963391	6.9835951E-006
4.964057	7.7420045E-006
4.964724	8.5396341E-006
4.965391	9.3169683E-006
4.966057	1.0062834E-005
4.966724	1.0746690E-005
4.967391	1.1399033E-005
4.968057	1.1990997E-005
4.968724	1.2510147E-005
4.96939	1.2951363E-005
4.970057	1.3307176E-005
4.970724	1.3559461E-005
4.971391	1.3735787E-005
4.972057	1.3813891E-005
4.972724	1.3798044E-005
4.973391	1.3683137E-005
4.974057	1.3471798E-005
4.974724	1.3165621E-005
4.97539	1.2770316E-005
4.976057	1.2291306E-005
4.976724	1.1734954E-005
4.97739	1.1129778E-005
4.978057	1.0447620E-005
4.978724	9.7143320E-006
4.97939	8.9416426E-006
4.980057	8.1416210E-006
4.980723	7.3736337E-006
4.98139	6.5529921E-006
4.982057	5.7412517E-006
4.982723	4.9712162E-006
4.98339	4.2100442E-006
4.984056	3.4916686E-006
4.984723	2.8273803E-006
4.98539	2.2274558E-006
4.986056	1.7013781E-006
4.986723	1.2573987E-006
4.98739	9.0224455E-007
4.988056	6.4820159E-007
4.988723	4.8466876E-007
4.989389	4.2376303E-007
4.990056	4.6699617E-007
4.990723	6.1441773E-007
4.991389	8.6473221E-007
4.992056	1.2152191E-006
4.992723	1.6465764E-006
4.993389	2.1797021E-006
4.994056	2.7960111E-006
4.994722	3.4869790E-006
4.995389	4.2426018E-006
4.996056	5.0534368E-006
4.996722	5.9076601E-006
4.997389	6.7938627E-006
4.998055	7.6721271E-006
4.998722	8.5827032E-006
4.999389	9.4877214E-006
5.000056	1.0373848E-005
5.000722	1.1226568E-005
5.001389	1.2036403E-005
5.002056	1.2790190E-005
5.002722	1.3476741E-005
5.003389	1.4068975E-005
5.004056	1.4595470E-005
5.004722	1.5027824E-005
5.005389	1.5361100E-005
5.006055	1.5589319E-005
5.006722	1.5708141E-005
5.007389	1.5718730E-005
5.008055	1.5622909E-005
5.008722	1.5415970E-005
5.009388	1.5098786E-005
5.010055	1.4681412E-005
5.010722	1.4165515E-005
5.011388	1.3559876E-005
5.012055	1.2873756E-005
5.012722	1.2069580E-005
5.013388	1.1273547E-005
5.014055	1.0405759E-005
5.014721	9.5031401E-006
5.015388	8.5785696E-006
5.016055	7.6450560E-006
5.016721	6.7156725E-006
5.017388	5.8072555E-006
5.018054	4.9306886E-006
5.018721	4.1234803E-006
5.019388	3.3496419E-006
5.020054	2.6453993E-006
5.020721	2.0233604E-006
5.021388	1.4917532E-006
5.022054	1.0604335E-006
5.022721	7.2022988E-007
5.023387	5.1950303E-007
5.024054	4.2809626E-007
5.024721	4.5622457E-007
5.025387	6.0476702E-007
5.026054	8.7260850E-007
5.026721	1.2570947E-006
5.027387	1.7541479E-006
5.028054	2.3570567E-006
5.028721	3.0377494E-006
5.029387	3.8763660E-006
5.030054	4.7502845E-006
5.030721	5.6922117E-006
5.031387	6.6881839E-006
5.032054	7.7263330E-006
5.032721	8.7912749E-006
5.033387	9.8692044E-006
5.034054	1.0913760E-005
5.03472	1.2033603E-005
5.035387	1.3058838E-005
5.036054	1.4036653E-005
5.03672	1.4953389E-005
5.037387	1.5797050E-005
5.038054	1.6554333E-005
5.03872	1.7197939E-005
5.039387	1.7783728E-005
5.040053	1.8217932E-005
5.04072	1.8530211E-005
5.041387	1.8717294E-005
5.042053	1.8773140E-005
5.04272	1.8699622E-005
5.043386	1.8477338E-005
5.044053	1.8149249E-005
5.04472	1.7688459E-005
5.045386	1.7111453E-005
5.046053	1.6423406E-005
5.04672	1.5637002E-005
5.047386	1.4764160E-005
5.048053	1.3752442E-005
5.048719	1.2764729E-005
5.049386	1.1700042E-005
5.050053	1.0601069E-005
5.050719	9.4881379E-006
5.051386	8.3081641E-006
5.052052	7.2106900E-006
5.052719	6.1476499E-006
5.053386	5.1333777E-006
5.054052	4.2121105E-006
5.054719	3.2923442E-006
5.055386	2.5198071E-006
5.056053	1.8542548E-006
5.056719	1.3056765E-006
5.057386	8.8345104E-007
5.058053	5.8382710E-007
5.058719	4.4784991E-007
5.059386	4.5012084E-007
5.060052	5.9908638E-007
5.060719	8.9455420E-007
5.061386	1.3645622E-006
5.062052	1.9525726E-006
5.062719	2.6740104E-006
5.063385	3.5206181E-006
5.064052	4.4526087E-006
5.064719	5.5797545E-006
5.065385	6.7376259E-006
5.066052	7.9693482E-006
5.066719	9.3376975E-006
5.067385	1.0671664E-005
5.068052	1.2028633E-005
5.068718	1.3353155E-005
5.069385	1.4703964E-005
5.070052	1.6098453E-005
5.070718	1.7363556E-005
5.071385	1.8559702E-005
5.072052	1.9671035E-005
5.072718	2.0737525E-005
5.073385	2.1601414E-005
5.074051	2.2366872E-005
5.074718	2.3022509E-005
5.075385	2.3489247E-005
5.076051	2.3798491E-005
5.076718	2.3945042E-005
5.077384	2.3921893E-005
5.078051	2.3733244E-005
5.078718	2.3388629E-005
5.079384	2.2877986E-005
5.080051	2.2171245E-005
5.080718	2.1354379E-005
5.081384	2.0406160E-005
5.082051	1.9337489E-005
5.082717	1.8091279E-005
5.083384	1.6859492E-005
5.084051	1.5524394E-005
5.084718	1.4052267E-005
5.085384	1.2631996E-005
5.086051	1.1200956E-005
5.086718	9.6984222E-006
5.087384	8.3147506E-006
5.088051	6.9827634E-006
5.088717	5.6926328E-006
5.089384	4.5356505E-006
5.090051	3.4919860E-006
5.090717	2.5788670E-006
5.091384	1.7718500E-006
5.092051	1.1752787E-006
5.092717	7.3159561E-007
5.093384	5.0426786E-007
5.09405	4.5624705E-007
5.094717	6.1598411E-007
5.095384	9.6728115E-007
5.09605	1.5126390E-006
5.096717	2.2964989E-006
5.097383	3.2252779E-006
5.09805	4.2935098E-006
5.098717	5.6328445E-006
5.099383	7.0498904E-006
5.10005	8.5986012E-006
5.100717	1.0359747E-005
5.101383	1.2117812E-005
5.10205	1.3945724E-005
5.102716	1.5874990E-005
5.103383	1.7770370E-005
5.10405	1.9662601E-005
5.104716	2.1635458E-005
5.105383	2.3444438E-005
5.10605	2.5274490E-005
5.106716	2.6896127E-005
5.107383	2.8394055E-005
5.108049	2.9779590E-005
5.108716	3.0956395E-005
5.109383	3.1956977E-005
5.110049	3.2794280E-005
5.110716	3.3365657E-005
5.111382	3.3730135E-005
5.112049	3.3841352E-005
5.112716	3.3729582E-005
5.113383	3.3358723E-005
5.114049	3.2774456E-005
5.114716	3.1915941E-005
5.115383	3.0885560E-005
5.116049	2.9660261E-005
5.116716	2.8162516E-005
5.117383	2.6630833E-005
5.118049	2.4807616E-005
5.118716	2.2965243E-005
5.119382	2.1033586E-005
5.120049	1.8916073E-005
5.120716	1.6883369E-005
5.121382	1.4728652E-005
5.122049	1.2779990E-005
5.122715	1.0717338E-005
5.123382	8.8631996E-006
5.124049	7.1275276E-006
5.124715	5.4534885E-006
5.125382	4.0537625E-006
5.126049	2.7941412E-006
5.126715	1.8594985E-006
5.127382	1.1056125E-006
5.128048	6.6439100E-007
5.128715	4.9956134E-007
5.129382	6.4012670E-007
5.130048	1.0742963E-006
5.130715	1.8579967E-006
5.131382	2.9015330E-006
5.132048	4.2790334E-006
5.132715	5.9012887E-006
5.133381	7.9082083E-006
5.134048	1.0056360E-005
5.134715	1.2579262E-005
5.135381	1.5167088E-005
5.136048	1.8091287E-005
5.136714	2.0911231E-005
5.137381	2.3918861E-005
5.138048	2.7183198E-005
5.138714	3.0476029E-005
5.139381	3.3581622E-005
5.140048	3.6815713E-005
5.140715	3.9780418E-005
5.141381	4.2535383E-005
5.142048	4.5358451E-005
5.142715	4.7814836E-005
5.143381	5.0161754E-005
5.144048	5.2097574E-005
5.144714	5.3814278E-005
5.145381	5.5178771E-005
5.146048	5.6082081E-005
5.146714	5.6673216E-005
5.147381	5.6845332E-005
5.148047	5.6617548E-005
5.148714	5.6003621E-005
5.149381	5.4935583E-005
5.150047	5.3551088E-005
5.150714	5.1752631E-005
5.151381	4.9668801E-005
5.152047	4.7126181E-005
5.152714	4.4431858E-005
5.15338	4.1316060E-005
5.154047	3.8171012E-005
5.154714	3.4662979E-005
5.15538	3.1342897E-005
5.156047	2.7660200E-005
5.156713	2.4170884E-005
5.15738	2.0533333E-005
5.158047	1.7207181E-005
5.158713	1.3861668E-005
5.15938	1.0763073E-005
5.160047	8.1917069E-006
5.160713	5.7370225E-006
5.16138	3.8072042E-006
5.162046	2.2235306E-006
5.162713	1.2072551E-006
5.16338	6.7826591E-007
5.164046	7.2838486E-007
5.164713	1.3645878E-006
5.16538	2.6574744E-006
5.166046	4.4868680E-006
5.166713	7.0686024E-006
5.167379	1.0118543E-005
5.168046	1.3972838E-005
5.168713	1.8456409E-005
5.16938	2.3088436E-005
5.170046	2.8670886E-005
5.170713	3.4408604E-005
5.17138	4.0922750E-005
5.172046	4.7810096E-005
5.172713	5.4609169E-005
5.173379	6.2035273E-005
5.174046	6.8962385E-005
5.174713	7.6569348E-005
5.175379	8.4146435E-005
5.176046	9.1181741E-005
5.176713	9.8396653E-005
5.177379	1.0492571E-004
5.178046	1.1142034E-004
5.178712	1.1723495E-004
5.179379	1.2233826E-004
5.180046	1.2706102E-004
5.180712	1.3082729E-004
5.181379	1.3399283E-004
5.182045	1.3624613E-004
5.182712	1.3750274E-004
5.183379	1.3789030E-004
5.184045	1.3726564E-004
5.184712	1.3570586E-004
5.185379	1.3304708E-004
5.186045	1.2938627E-004
5.186712	1.2498951E-004
5.187378	1.1942360E-004
5.188045	1.1318182E-004
5.188712	1.0635713E-004
5.189378	9.8464654E-005
5.190045	9.0438341E-005
5.190711	8.1484344E-005
5.191378	7.2195529E-005
5.192045	6.2726482E-005
5.192711	5.4047287E-005
5.193378	4.4732886E-005
5.194045	3.6270543E-005
5.194711	2.7850559E-005
5.195378	2.0201094E-005
5.196044	1.3880075E-005
5.196711	8.3591967E-006
5.197378	4.3603254E-006
5.198045	1.8732777E-006
5.198711	1.2426674E-006
5.199378	2.6056941E-006
5.200045	6.2704930E-006
5.200711	1.2029784E-005
5.201378	2.0752246E-005
5.202044	3.1985524E-005
5.202711	4.5657293E-005
5.203378	6.3244348E-005
5.204044	8.4142011E-005
5.204711	1.0706222E-004
5.205378	1.3472885E-004
5.206044	1.6603722E-004
5.206711	1.9992240E-004
5.207377	2.3617518E-004
5.208044	2.7809950E-004
5.208711	3.2369036E-004
5.209377	3.6996885E-004
5.210044	4.2232734E-004
5.210711	4.7644356E-004
5.211377	5.3528912E-004
5.212044	5.9375213E-004
5.21271	6.5826619E-004
5.213377	7.2548381E-004
5.214044	7.9501432E-004
5.21471	8.6261064E-004
5.215377	9.3403598E-004
5.216043	1.0088566E-003
5.21671	1.0847289E-003
5.217377	1.1571792E-003
5.218043	1.2343954E-003
5.21871	1.3117327E-003
5.219377	1.3885775E-003
5.220043	1.4587656E-003
5.22071	1.5340704E-003
5.221376	1.6079879E-003
5.222043	1.6798392E-003
5.22271	1.7459652E-003
5.223376	1.8133831E-003
5.224043	1.8777647E-003
5.22471	1.9374007E-003
5.225377	1.9950648E-003
5.226043	2.0460626E-003
5.22671	2.0960309E-003
5.227376	2.1412852E-003
5.228043	2.1817980E-003
5.22871	2.2156064E-003
5.229376	2.2452115E-003
5.230043	2.2707169E-003
5.23071	2.2907672E-003
5.231376	2.3052872E-003
5.232043	2.3137780E-003
5.232709	2.3174495E-003
5.233376	2.3152763E-003
5.234043	2.3074902E-003
5.234709	2.2942694E-003
5.235376	2.2769743E-003
5.236042	2.2530353E-003
5.236709	2.2241296E-003
5.237376	2.1900274E-003
5.238042	2.1525407E-003
5.238709	2.1089616E-003
5.239376	2.0640278E-003
5.240042	2.0122305E-003
5.240709	1.9567271E-003
5.241375	1.8977437E-003
5.242042	1.8356552E-003
5.242709	1.7761227E-003
5.243375	1.7089068E-003
5.244042	1.6395849E-003
5.244709	1.5684593E-003
5.245375	1.4958344E-003
5.246042	1.4223086E-003
5.246708	1.3501171E-003
5.247375	1.2800107E-003
5.248042	1.2054604E-003
5.248708	1.1313870E-003
5.249375	1.0578826E-003
5.250041	9.8550506E-004
5.250708	9.1437710E-004
5.251375	8.4675610E-004
5.252041	7.8275683E-004
5.252708	7.1698357E-004
5.253375	6.5357436E-004
5.254042	5.9263763E-004
5.254708	5.3440925E-004
5.255375	4.7903144E-004
5.256042	4.2801377E-004
5.256708	3.7856374E-004
5.257375	3.3476637E-004
5.258041	2.9152640E-004
5.258708	2.5149746E-004
5.259375	2.1475996E-004
5.260041	1.8208979E-004
5.260708	1.5166358E-004
5.261374	1.2439098E-004
5.262041	1.0018438E-004
5.262708	7.8946992E-005
5.263374	6.0582046E-005
5.264041	4.5765886E-005
5.264708	3.2965396E-005
5.265374	2.2237387E-005
5.266041	1.3835986E-005
5.266707	7.5948114E-006
5.267374	3.3419840E-006
5.268041	9.0005807E-007
5.268707	9.3437841E-008
5.269374	7.0504996E-007
5.270041	2.5938868E-006
5.270707	5.5856367E-006
5.271374	9.5053792E-006
5.27204	1.4180975E-005
5.272707	1.9143614E-005
5.273374	2.4672352E-005
5.27404	3.0651092E-005
5.274707	3.6793746E-005
5.275373	4.2968652E-005
5.27604	4.9043192E-005
5.276707	5.4925495E-005
5.277373	6.0513783E-005
5.27804	6.5590204E-005
5.278707	7.0355520E-005
5.279373	7.4609292E-005
5.28004	7.8297737E-005
5.280706	8.1383972E-005
5.281374	8.3843857E-005
5.28204	8.5621090E-005
5.282707	8.6786546E-005
5.283373	8.7307126E-005
5.28404	8.7189532E-005
5.284707	8.6459171E-005
5.285373	8.5129213E-005
5.28604	8.3248487E-005
5.286706	8.0933380E-005
5.287373	7.8080608E-005
5.28804	7.4818978E-005
5.288706	7.1185204E-005
5.289373	6.7240864E-005
5.29004	6.3052736E-005
5.290706	5.9033664E-005
5.291373	5.4268970E-005
5.292039	4.9677394E-005
5.292706	4.5060977E-005
5.293373	4.0468087E-005
5.294039	3.5953282E-005
5.294706	3.1572457E-005
5.295372	2.7477208E-005
5.296039	2.3475286E-005
5.296706	1.9720750E-005
5.297372	1.6243846E-005
5.298039	1.3069900E-005
5.298706	1.0220855E-005
5.299372	7.7784243E-006
5.300039	5.6128911E-006
5.300705	3.8047481E-006
5.301372	2.3546113E-006
5.302039	1.2595081E-006
5.302705	5.1169638E-007
5.303372	9.9258457E-008
5.304039	4.4937631E-009
5.304705	2.0373334E-007
5.305372	6.8182368E-007
5.306038	1.4144350E-006
5.306705	2.3733787E-006
5.307372	3.5321968E-006
5.308038	4.8208694E-006
5.308705	6.2815884E-006
5.309371	7.8522326E-006
5.310039	9.5909127E-006
5.310705	1.1190086E-005
5.311372	1.2990322E-005
5.312038	1.4681535E-005
5.312705	1.6285725E-005
5.313372	1.7871764E-005
5.314038	1.9367173E-005
5.314705	2.0749099E-005
5.315372	2.1997857E-005
5.316038	2.3103308E-005
5.316705	2.4019278E-005
5.317371	2.4799279E-005
5.318038	2.5394122E-005
5.318705	2.5824416E-005
5.319371	2.6040278E-005
5.320038	2.6069414E-005
5.320704	2.5917378E-005
5.321371	2.5596990E-005
5.322038	2.5099736E-005
5.322704	2.4442923E-005
5.323371	2.3636823E-005
5.324038	2.2695711E-005
5.324704	2.1635304E-005
5.325371	2.0436240E-005
5.326037	1.9182819E-005
5.326704	1.7859331E-005
5.327371	1.6483096E-005
5.328037	1.5073931E-005
5.328704	1.3651023E-005
5.32937	1.2266759E-005
5.330037	1.0864148E-005
5.330704	9.4206316E-006
5.33137	8.1063408E-006
5.332037	6.8578815E-006
5.332704	5.6879803E-006
5.33337	4.6075020E-006
5.334037	3.6534987E-006
5.334703	2.7780143E-006
5.33537	1.9784466E-006
5.336037	1.3434935E-006
5.336703	8.3148751E-007
5.33737	4.4300492E-007
5.338037	1.8402032E-007
5.338704	3.7246139E-008
5.33937	8.6773912E-009
5.340037	1.0118532E-007
5.340703	2.9869065E-007
5.34137	5.9474263E-007
5.342037	9.8129283E-007
5.342703	1.4346948E-006
5.34337	2.0022201E-006
5.344037	2.6005262E-006
5.344703	3.2468970E-006
5.34537	3.9293532E-006
5.346036	4.6361738E-006
5.346703	5.3750769E-006
5.34737	6.0947541E-006
5.348036	6.8039076E-006
5.348703	7.4926338E-006
5.34937	8.1486660E-006
5.350036	8.7657108E-006
5.350703	9.3468980E-006
5.351369	9.8541695E-006
5.352036	1.0298473E-005
5.352703	1.0675016E-005
5.353369	1.0992660E-005
5.354036	1.1213167E-005
5.354702	1.1352315E-005
5.355369	1.1418501E-005
5.356036	1.1404095E-005
5.356702	1.1303567E-005
5.357369	1.1132009E-005
5.358036	1.0887247E-005
5.358702	1.0573958E-005
5.359369	1.0209455E-005
5.360035	9.7544280E-006
5.360702	9.2689434E-006
5.361369	8.7409044E-006
5.362035	8.1773869E-006
5.362702	7.5510598E-006
5.363369	6.9538778E-006
5.364035	6.3284374E-006
5.364702	5.6978879E-006
5.365368	5.0367739E-006
5.366035	4.4216795E-006
5.366702	3.8264152E-006
5.367369	3.2405705E-006
5.368035	2.7029298E-006
5.368702	2.2033189E-006
5.369369	1.7467546E-006
5.370035	1.3161946E-006
5.370702	9.6085432E-007
5.371368	6.5954214E-007
5.372035	4.2039898E-007
5.372702	2.2198194E-007
5.373368	9.3635542E-008
5.374035	2.2731754E-008
5.374701	8.3265110E-009
5.375368	5.2366349E-008
5.376035	1.4435911E-007
5.376701	2.8747473E-007
5.377368	4.8746233E-007
5.378035	7.1939309E-007
5.378701	9.8694852E-007
5.379368	1.2862617E-006
5.380034	1.6205604E-006
5.380701	1.9662498E-006
5.381368	2.3261684E-006
5.382034	2.7158130E-006
5.382701	3.0882934E-006
5.383368	3.4580187E-006
5.384034	3.8294011E-006
5.384701	4.1765493E-006
5.385367	4.5056449E-006
5.386034	4.8269653E-006
5.386701	5.1045363E-006
5.387367	5.3502249E-006
5.388034	5.5683649E-006
5.3887	5.7423335E-006
5.389367	5.8787227E-006
5.390034	5.9787349E-006
5.3907	6.0312891E-006
5.391367	6.0430698E-006
5.392034	6.0121097E-006
5.3927	5.9413114E-006
5.393367	5.8318360E-006
5.394033	5.6768804E-006
5.394701	5.4942075E-006
5.395367	5.2822675E-006
5.396034	5.0250328E-006
5.3967	4.7637623E-006
5.397367	4.4745343E-006
5.398034	4.1503299E-006
5.3987	3.8300059E-006
5.399367	3.5007006E-006
5.400033	3.1483007E-006
5.4007	2.8237032E-006
5.401367	2.4753335E-006
5.402033	2.1538945E-006
5.4027	1.8439679E-006
5.403367	1.5337725E-006
5.404033	1.2593061E-006
5.4047	1.0134056E-006
5.405366	7.7263905E-007
5.406033	5.7205784E-007
5.4067	3.9162785E-007
5.407366	2.5133164E-007
5.408033	1.4217152E-007
5.4087	6.2919476E-008
5.409366	1.8038136E-008
5.410033	4.7826174E-009
5.410699	2.3762425E-008
5.411366	7.2286177E-008
5.412033	1.5392337E-007
5.412699	2.5490522E-007
5.413366	3.9019287E-007
5.414032	5.4055255E-007
5.414699	7.1942196E-007
5.415366	9.0518779E-007
5.416032	1.1040025E-006
5.416699	1.3180860E-006
5.417366	1.5329556E-006
5.418032	1.7634806E-006
5.418699	1.9812035E-006
5.419365	2.1951091E-006
5.420032	2.4147118E-006
5.420699	2.6181472E-006
5.421365	2.8036588E-006
5.422032	2.9748417E-006
5.422699	3.1367135E-006
5.423366	3.2710118E-006
5.424032	3.3899462E-006
5.424699	3.4780398E-006
5.425365	3.5485675E-006
5.426032	3.5915373E-006
5.426699	3.6100894E-006
5.427365	3.6034453E-006
5.428032	3.5729158E-006
5.428699	3.5170310E-006
5.429365	3.4400573E-006
5.430032	3.3362928E-006
5.430698	3.2181026E-006
5.431365	3.0734971E-006
5.432032	2.9201733E-006
5.432698	2.7484461E-006
5.433365	2.5699467E-006
5.434031	2.3716545E-006
5.434698	2.1769449E-006
5.435365	1.9673701E-006
5.436031	1.7675557E-006
5.436698	1.5632480E-006
5.437365	1.3682221E-006
5.438031	1.1689710E-006
5.438698	9.8873386E-007
5.439364	8.0975900E-007
5.440031	6.5303487E-007
5.440698	5.0676579E-007
5.441364	3.8019391E-007
5.442031	2.6497725E-007
5.442698	1.7414513E-007
5.443364	9.8686783E-008
5.444031	4.6945893E-008
5.444697	1.4023025E-008
5.445364	1.6580107E-009
5.446031	9.3524353E-009
5.446697	3.5691283E-008
5.447364	8.2772694E-008
5.44803	1.4456027E-007
5.448697	2.2421204E-007
5.449364	3.1602912E-007
5.45003	4.2637222E-007
5.450697	5.4840626E-007
5.451364	6.7337282E-007
5.452031	8.1265324E-007
5.452697	9.4566872E-007
5.453364	1.0933318E-006
5.454031	1.2339235E-006
5.454697	1.3809008E-006
5.455364	1.5168392E-006
5.45603	1.6545512E-006
5.456697	1.7747958E-006
5.457364	1.8958332E-006
5.45803	2.0057605E-006
5.458697	2.0981561E-006
5.459363	2.1814956E-006
5.46003	2.2469501E-006
5.460697	2.2987117E-006
5.461363	2.3338198E-006
5.46203	2.3543389E-006
5.462697	2.3571772E-006
5.463363	2.3444084E-006
5.46403	2.3139760E-006
5.464696	2.2715426E-006
5.465363	2.2110394E-006
5.46603	2.1354215E-006
5.466696	2.0513842E-006
5.467363	1.9507625E-006
5.468029	1.8460181E-006
5.468696	1.7295015E-006
5.469363	1.6027888E-006
5.470029	1.4773833E-006
5.470696	1.3415953E-006
5.471363	1.2110470E-006
5.472029	1.0733843E-006
5.472696	9.4112772E-007
5.473362	8.1579651E-007
5.474029	6.8864694E-007
5.474696	5.7464371E-007
5.475362	4.6252273E-007
5.476029	3.6027186E-007
5.476696	2.7576135E-007
5.477362	1.9583521E-007
5.478029	1.2873429E-007
5.478696	7.7674940E-008
5.479362	3.7608714E-008
5.480029	1.1862856E-008
5.480696	9.5090413E-010
5.481362	2.8655225E-009
5.482029	1.8809757E-008
5.482696	4.6372730E-008
5.483362	8.7925009E-008
5.484029	1.4151706E-007
5.484695	2.0048154E-007
5.485362	2.7389603E-007
5.486029	3.5157731E-007
5.486695	4.4045566E-007
5.487362	5.3505175E-007
5.488029	6.2618290E-007
5.488695	7.2760309E-007
5.489362	8.3019245E-007
5.490028	9.2751696E-007
5.490695	1.0280861E-006
5.491362	1.1250797E-006
5.492028	1.2153019E-006
5.492695	1.2972948E-006
5.493361	1.3767407E-006
5.494028	1.4477936E-006
5.494695	1.5064273E-006
5.495361	1.5584550E-006
5.496028	1.5985930E-006
5.496695	1.6271511E-006
5.497361	1.6458249E-006
5.498028	1.6526607E-006
5.498694	1.6478889E-006
5.499361	1.6314993E-006
5.500028	1.6042720E-006
5.500694	1.5654937E-006
5.501361	1.5191441E-006
5.502028	1.4609433E-006
5.502694	1.3936076E-006
5.503361	1.3226681E-006
5.504027	1.2434090E-006
5.504694	1.1564745E-006
5.505361	1.0650899E-006
5.506027	9.7588656E-007
5.506694	8.7987070E-007
5.507361	7.8576886E-007
5.508028	6.9504102E-007
5.508694	6.0129292E-007
5.509361	5.1077723E-007
5.510027	4.2490950E-007
5.510694	3.4461081E-007
5.511361	2.7649773E-007
5.512027	2.0978540E-007
5.512694	1.5132039E-007
5.513361	1.0425115E-007
5.514027	6.3815847E-008
5.514694	3.3253308E-008
5.51536	1.3291867E-008
5.516027	3.1981000E-009
5.516694	2.5401259E-009
5.51736	1.1977434E-008
5.518027	3.1182495E-008
5.518693	5.9736166E-008
5.51936	9.3774638E-008
5.520027	1.3850199E-007
5.520693	1.9058506E-007
5.52136	2.4917964E-007
5.522027	3.0967072E-007
5.522693	3.7795314E-007
5.52336	4.4771144E-007
5.524026	5.2175756E-007
5.524693	5.9686653E-007
5.52536	6.6827022E-007
5.526026	7.4237772E-007
5.526693	8.1260572E-007
5.527359	8.8171856E-007
5.528026	9.4662397E-007
5.528693	1.0035560E-006
5.529359	1.0577700E-006
5.530026	1.1053204E-006
5.530693	1.1447192E-006
5.531359	1.1773575E-006
5.532026	1.2017605E-006
5.532692	1.2169536E-006
5.533359	1.2245739E-006
5.534026	1.2233361E-006
5.534692	1.2138302E-006
5.535359	1.1955806E-006
5.536026	1.1706823E-006
5.536693	1.1368135E-006
5.537359	1.0957941E-006
5.538026	1.0493034E-006
5.538692	9.9560066E-007
5.539359	9.3683366E-007
5.540026	8.7693036E-007
5.540692	8.1050007E-007
5.541359	7.4136852E-007
5.542026	6.7250716E-007
5.542692	6.0120391E-007
5.543359	5.3033563E-007
5.544025	4.6079987E-007
5.544692	3.9691767E-007
5.545359	3.3263086E-007
5.546025	2.7377681E-007
5.546692	2.1798952E-007
5.547359	1.6764545E-007
5.548025	1.2342242E-007
5.548692	8.5684107E-008
5.549358	5.7167227E-008
5.550025	3.3224580E-008
5.550692	1.6857463E-008
5.551358	8.1304137E-009
5.552025	7.0987500E-009
5.552691	1.3640875E-008
5.553358	2.7084639E-008
5.554025	4.7892819E-008
5.554691	7.5358059E-008
5.555358	1.0901491E-007
5.556025	1.4608752E-007
5.556691	1.9004557E-007
5.557358	2.3696758E-007
5.558024	2.8861558E-007
5.558691	3.4301419E-007
5.559358	3.9931064E-007
5.560024	4.5674810E-007
5.560691	5.1273457E-007
5.561357	5.6973005E-007
5.562024	6.2510270E-007
5.562691	6.7561461E-007
5.563358	7.2593957E-007
5.564024	7.7256573E-007
5.564691	8.1368285E-007
5.565358	8.5111583E-007
5.566024	8.8302750E-007
5.566691	9.0901665E-007
5.567358	9.2883784E-007
5.568024	9.4188164E-007
5.568691	9.4870683E-007
5.569357	9.4881773E-007
5.570024	9.4227408E-007
5.570691	9.2918543E-007
5.571357	9.0983895E-007
5.572024	8.8516794E-007
5.57269	8.5601022E-007
5.573357	8.1833883E-007
5.574024	7.7758477E-007
5.57469	7.3525649E-007
5.575357	6.8722153E-007
5.576024	6.3789957E-007
5.57669	5.8511233E-007
5.577357	5.3103986E-007
5.578023	4.7642243E-007
5.57869	4.2196496E-007
5.579357	3.6979489E-007
5.580023	3.1795241E-007
5.58069	2.6837958E-007
5.581357	2.2174432E-007
5.582023	1.7877549E-007
5.58269	1.3991584E-007
5.583356	1.0648258E-007
5.584023	7.7170661E-008
5.58469	5.3220500E-008
5.585356	3.4887933E-008
5.586023	2.2411230E-008
5.586689	1.5937845E-008
5.587356	1.5119856E-008
5.588023	2.0201311E-008
5.588689	3.1000759E-008
5.589356	4.7307324E-008
5.590023	6.8791572E-008
5.590689	9.4350796E-008
5.591356	1.2492734E-007
5.592023	1.5936288E-007
5.59269	1.9720576E-007
5.593356	2.3775962E-007
5.594023	2.7936917E-007
5.594689	3.2356189E-007
5.595356	3.6856545E-007
5.596023	4.1383385E-007
5.596689	4.5864036E-007
5.597356	5.0454258E-007
5.598022	5.4313261E-007
5.598689	5.8476195E-007
5.599356	6.2135109E-007
5.600022	6.5459665E-007
5.600689	6.8384855E-007
5.601356	7.0825911E-007
5.602022	7.2875849E-007
5.602689	7.4438140E-007
5.603355	7.5495223E-007
5.604022	7.6026805E-007
5.604689	7.6043762E-007
5.605355	7.5550793E-007
5.606022	7.4535501E-007
5.606688	7.3030657E-007
5.607355	7.1051960E-007
5.608022	6.8630476E-007
5.608688	6.5881676E-007
5.609355	6.2701815E-007
5.610022	5.9004486E-007
5.610688	5.5215168E-007
5.611355	5.1223981E-007
5.612021	4.7068286E-007
5.612688	4.2927587E-007
5.613355	3.8629537E-007
5.614021	3.4357637E-007
5.614688	3.0152040E-007
5.615355	2.6086718E-007
5.616021	2.2298623E-007
5.616688	1.8462062E-007
5.617354	1.5105317E-007
5.618021	1.2084240E-007
5.618688	9.4352288E-008
5.619354	7.1717693E-008
5.620021	5.3818329E-008
5.620688	3.9859398E-008
5.621355	3.0513601E-008
5.622021	2.5706695E-008
5.622688	2.5935881E-008
5.623354	3.0609186E-008
5.624021	3.9857770E-008
5.624688	5.3410577E-008
5.625354	7.1042798E-008
5.626021	9.2459125E-008
5.626688	1.1731353E-007
5.627354	1.4597623E-007
5.628021	1.7649970E-007
5.628687	2.0917754E-007
5.629354	2.4347437E-007
5.630021	2.7890781E-007
5.630687	3.1401876E-007
5.631354	3.5010893E-007
5.63202	3.8763750E-007
5.632687	4.2235382E-007
5.633354	4.5552179E-007
5.63402	4.8601908E-007
5.634687	5.1501229E-007
5.635354	5.4124826E-007
5.63602	5.6437835E-007
5.636687	5.8509005E-007
5.637353	6.0093396E-007
5.63802	6.1257083E-007
5.638687	6.2057239E-007
5.639353	6.2440301E-007
5.64002	6.2394605E-007
5.640687	6.1923635E-007
5.641353	6.1078788E-007
5.64202	5.9822673E-007
5.642686	5.8191449E-007
5.643353	5.6102994E-007
5.64402	5.3790802E-007
5.644686	5.1202971E-007
5.645353	4.8438295E-007
5.646019	4.5402996E-007
5.646686	4.2022884E-007
5.647353	3.8698673E-007
5.64802	3.5296179E-007
5.648686	3.1965760E-007
5.649353	2.8382794E-007
5.65002	2.5064350E-007
5.650686	2.1845160E-007
5.651353	1.8790546E-007
5.65202	1.6001290E-007
5.652686	1.3242656E-007
5.653353	1.0889037E-007
5.654019	8.8367209E-008
5.654686	7.1072982E-008
5.655353	5.7208204E-008
5.656019	4.6669157E-008
5.656686	4.0150645E-008
5.657352	3.7366309E-008
5.658019	3.8302872E-008
5.658686	4.3251877E-008
5.659352	5.1331156E-008
5.660019	6.2987453E-008
5.660686	7.7850039E-008
5.661352	9.6674569E-008
5.662019	1.1729377E-007
5.662685	1.3961456E-007
5.663352	1.6451170E-007
5.664019	1.9245664E-007
5.664685	2.2024524E-007
5.665352	2.4881854E-007
5.666018	2.7779819E-007
5.666685	3.0748447E-007
5.667352	3.3592150E-007
5.668018	3.6352429E-007
5.668685	3.9123498E-007
5.669352	4.1588248E-007
5.670018	4.3797240E-007
5.670685	4.5948306E-007
5.671351	4.7721539E-007
5.672018	4.9220108E-007
5.672685	5.0416469E-007
5.673351	5.1317238E-007
5.674018	5.1865857E-007
5.674685	5.2090428E-007
5.675351	5.1965878E-007
5.676018	5.1502900E-007
5.676685	5.0719461E-007
5.677351	4.9594877E-007
5.678018	4.8211831E-007
5.678685	4.6557358E-007
5.679351	4.4542509E-007
5.680018	4.2410863E-007
5.680685	4.0153429E-007
5.681351	3.7679908E-007
5.682018	3.4955437E-007
5.682684	3.2272882E-007
5.683351	2.9550858E-007
5.684018	2.6747855E-007
5.684684	2.4042541E-007
5.685351	2.1406123E-007
5.686018	1.8740796E-007
5.686684	1.6343536E-007
5.687351	1.4175376E-007
5.688017	1.2029815E-007
5.688684	1.0224614E-007
5.689351	8.5874568E-008
5.690017	7.3003186E-008
5.690684	6.2898486E-008
5.69135	5.5774912E-008
5.692017	5.1292368E-008
5.692684	5.0062464E-008
5.69335	5.1956061E-008
5.694017	5.6721156E-008
5.694684	6.4049438E-008
5.69535	7.4789504E-008
5.696017	8.7546105E-008
5.696683	1.0256962E-007
5.69735	1.2057112E-007
5.698017	1.3896360E-007
5.698683	1.6043523E-007
5.69935	1.8203498E-007
5.700016	2.0446123E-007
5.700683	2.2863048E-007
5.70135	2.5119758E-007
5.702016	2.7538846E-007
5.702683	2.9789695E-007
5.70335	3.1961068E-007
5.704016	3.4127106E-007
5.704683	3.5993332E-007
5.70535	3.7831208E-007
5.706017	3.9386464E-007
5.706683	4.0727994E-007
5.70735	4.1898542E-007
5.708016	4.2756170E-007
5.708683	4.3379637E-007
5.70935	4.3720857E-007
5.710016	4.3800361E-007
5.710683	4.3595037E-007
5.711349	4.3142668E-007
5.712016	4.2410633E-007
5.712683	4.1459603E-007
5.713349	4.0281850E-007
5.714016	3.8814545E-007
5.714683	3.7242441E-007
5.715349	3.5452186E-007
5.716016	3.3562708E-007
5.716682	3.1456210E-007
5.717349	2.9370275E-007
5.718016	2.7113950E-007
5.718682	2.5004169E-007
5.719349	2.2732776E-007
5.720016	2.0608975E-007
5.720682	1.8548508E-007
5.721349	1.6470355E-007
5.722015	1.4672757E-007
5.722682	1.2877121E-007
5.723349	1.1334998E-007
5.724015	9.9073333E-008
5.724682	8.7557922E-008
5.725348	7.7966099E-008
5.726015	7.0824470E-008
5.726682	6.5782984E-008
5.727348	6.3401380E-008
5.728015	6.3386338E-008
5.728682	6.5759949E-008
5.729348	7.0543919E-008
5.730015	7.7364874E-008
5.730681	8.6722579E-008
5.731348	9.7546895E-008
5.732015	1.1075477E-007
5.732682	1.2447359E-007
5.733348	1.3981544E-007
5.734015	1.5712597E-007
5.734682	1.7437080E-007
5.735348	1.9313502E-007
5.736015	2.1172676E-007
5.736681	2.2989323E-007
5.737348	2.4876718E-007
5.738015	2.6613947E-007
5.738681	2.8365500E-007
5.739348	2.9891197E-007
5.740015	3.1412358E-007
5.740681	3.2718862E-007
5.741348	3.3927066E-007
5.742014	3.4899028E-007
5.742681	3.5706006E-007
5.743348	3.6294026E-007
5.744014	3.6701738E-007
5.744681	3.6870802E-007
5.745347	3.6839739E-007
5.746014	3.6583478E-007
5.746681	3.6141327E-007
5.747347	3.5463751E-007
5.748014	3.4639919E-007
5.748681	3.3581853E-007
5.749347	3.2455767E-007
5.750014	3.1103551E-007
5.75068	2.9688019E-007
5.751347	2.8097904E-007
5.752014	2.6504989E-007
5.75268	2.4819570E-007
5.753347	2.3057882E-007
5.754014	2.1379347E-007
5.75468	1.9621719E-007
5.755347	1.7989950E-007
5.756013	1.6381672E-007
5.75668	1.4891367E-007
5.757347	1.3436348E-007
5.758013	1.2107785E-007
5.75868	1.0978695E-007
5.759346	9.9535633E-008
5.760013	9.1585825E-008
5.76068	8.4747718E-008
5.761347	8.0054932E-008
5.762013	7.7045620E-008
5.76268	7.5958148E-008
5.763347	7.6741230E-008
5.764013	7.9446103E-008
5.76468	8.3739820E-008
5.765347	8.9982727E-008
5.766013	9.7855043E-008
5.76668	1.0649948E-007
5.767346	1.1714948E-007
5.768013	1.2896304E-007
5.76868	1.4110314E-007
5.769346	1.5462960E-007
5.770013	1.6763654E-007
5.770679	1.8206605E-007
5.771346	1.9659153E-007
5.772013	2.1030016E-007
5.772679	2.2443865E-007
5.773346	2.3771456E-007
5.774013	2.4996879E-007
5.774679	2.6197270E-007
5.775346	2.7295584E-007
5.776012	2.8218730E-007
5.776679	2.9042880E-007
5.777346	2.9735878E-007
5.778012	3.0246798E-007
5.778679	3.0632759E-007
5.779346	3.0844890E-007
5.780012	3.0886778E-007
5.780679	3.0779731E-007
5.781345	3.0514227E-007
5.782012	3.0079352E-007
5.782679	2.9488569E-007
5.783345	2.8816791E-007
5.784012	2.7964487E-007
5.784678	2.6992973E-007
5.785345	2.5973998E-007
5.786012	2.4812650E-007
5.786678	2.3621082E-007
5.787345	2.2341939E-007
5.788012	2.1095039E-007
5.788679	1.9772197E-007
5.789345	1.8450380E-007
5.790012	1.7255731E-007
5.790679	1.5996824E-007
5.791345	1.4800464E-007
5.792012	1.3733229E-007
5.792678	1.2696593E-007
5.793345	1.1783263E-007
5.794012	1.0999820E-007
5.794678	1.0297607E-007
5.795345	9.7308941E-008
5.796011	9.2980017E-008
5.796678	9.0246239E-008
5.797345	8.8730019E-008
5.798011	8.8615330E-008
5.798678	8.9840519E-008
5.799345	9.2493792E-008
5.800011	9.6285937E-008
5.800678	1.0141490E-007
5.801344	1.0737813E-007
5.802011	1.1463183E-007
5.802678	1.2279574E-007
5.803344	1.3101848E-007
5.804011	1.4047662E-007
5.804677	1.5042050E-007
5.805344	1.6067109E-007
5.806011	1.7080031E-007
5.806677	1.8063805E-007
5.807344	1.9084604E-007
5.808011	2.0073072E-007
5.808677	2.0971734E-007
5.809344	2.1834902E-007
5.81001	2.2649606E-007
5.810677	2.3376559E-007
5.811344	2.3982682E-007
5.81201	2.4520054E-007
5.812677	2.4939044E-007
5.813344	2.5255667E-007
5.81401	2.5450657E-007
5.814677	2.5530682E-007
5.815343	2.5492477E-007
5.81601	2.5343562E-007
5.816677	2.5078538E-007
5.817344	2.4700100E-007
5.81801	2.4249709E-007
5.818677	2.3682166E-007
5.819344	2.3046788E-007
5.82001	2.2320685E-007
5.820677	2.1575630E-007
5.821343	2.0732497E-007
5.82201	1.9856436E-007
5.822677	1.8967019E-007
5.823343	1.8047757E-007
5.82401	1.7126237E-007
5.824677	1.6264288E-007
5.825343	1.5385530E-007
5.82601	1.4558101E-007
5.826676	1.3759578E-007
5.827343	1.3019886E-007
5.82801	1.2380444E-007
5.828676	1.1778431E-007
5.829343	1.1273608E-007
5.830009	1.0843179E-007
5.830676	1.0507723E-007
5.831343	1.0272672E-007
5.832009	1.0119960E-007
5.832676	1.0068748E-007
5.833343	1.0107716E-007
5.834009	1.0236447E-007
5.834676	1.0456277E-007
5.835342	1.0756558E-007
5.836009	1.1106237E-007
5.836676	1.1549066E-007
5.837342	1.2052455E-007
5.838009	1.2603412E-007
5.838675	1.3189515E-007
5.839342	1.3815490E-007
5.840009	1.4434956E-007
5.840675	1.5091031E-007
5.841342	1.5752791E-007
5.842009	1.6388935E-007
5.842675	1.7022987E-007
5.843342	1.7627995E-007
5.844008	1.8196435E-007
5.844675	1.8718424E-007
5.845342	1.9151915E-007
5.846009	1.9569619E-007
5.846675	1.9920685E-007
5.847342	2.0200186E-007
5.848009	2.0409368E-007
5.848675	2.0543999E-007
5.849342	2.0608509E-007
5.850008	2.0601675E-007
5.850675	2.0516192E-007
5.851342	2.0372148E-007
5.852008	2.0160969E-007
5.852675	1.9878495E-007
5.853342	1.9541619E-007
5.854008	1.9152792E-007
5.854675	1.8717876E-007
5.855341	1.8256861E-007
5.856008	1.7752950E-007
5.856675	1.7225614E-007
5.857341	1.6683163E-007
5.858008	1.6146522E-007
5.858675	1.5593945E-007
5.859341	1.5052558E-007
5.860008	1.4548598E-007
5.860674	1.4045953E-007
5.861341	1.3580112E-007
5.862008	1.3136066E-007
5.862674	1.2728732E-007
5.863341	1.2370796E-007
5.864007	1.2057609E-007
5.864674	1.1798006E-007
5.865341	1.1586165E-007
5.866007	1.1425406E-007
5.866674	1.1320900E-007
5.867341	1.1272110E-007
5.868007	1.1267339E-007
5.868674	1.1316557E-007
5.86934	1.1415246E-007
5.870007	1.1555268E-007
5.870674	1.1732531E-007
5.87134	1.1932201E-007
5.872007	1.2172723E-007
5.872674	1.2454932E-007
5.873341	1.2726619E-007
5.874007	1.3021443E-007
5.874674	1.3332726E-007
5.87534	1.3649662E-007
5.876007	1.3959789E-007
5.876674	1.4265078E-007
5.87734	1.4553343E-007
5.878007	1.4827290E-007
5.878674	1.5080523E-007
5.87934	1.5314517E-007
5.880007	1.5515444E-007
5.880673	1.5685276E-007
5.88134	1.5825017E-007
5.882007	1.5936760E-007
5.882673	1.6011747E-007
5.88334	1.6055151E-007
5.884007	1.6059323E-007
5.884673	1.6031400E-007
5.88534	1.5977392E-007
5.886006	1.5888068E-007
5.886673	1.5777680E-007
5.88734	1.5634832E-007
5.888006	1.5481477E-007
5.888673	1.5304887E-007
5.889339	1.5100177E-007
5.890006	1.4912054E-007
5.890673	1.4690748E-007
5.891339	1.4486491E-007
5.892006	1.4260415E-007
5.892673	1.4047608E-007
5.893339	1.3845836E-007
5.894006	1.3644694E-007
5.894672	1.3457520E-007
5.895339	1.3283618E-007
5.896006	1.3128592E-007
5.896672	1.2983401E-007
5.897339	1.2860966E-007
5.898005	1.2751509E-007
5.898672	1.2665610E-007
5.899339	1.2596749E-007
5.900005	1.2538518E-007
5.900672	1.2507078E-007
5.901339	1.2480993E-007
5.902006	1.2476239E-007
5.902672	1.2479003E-007
5.903339	1.2496680E-007
5.904006	1.2517323E-007
5.904672	1.2546077E-007
5.905339	1.2578283E-007
5.906005	1.2610720E-007
5.906672	1.2640513E-007
5.907339	1.2674776E-007
5.908005	1.2693937E-007
5.908672	1.2711003E-007
5.909338	1.2720497E-007
5.910005	1.2723052E-007
5.910672	1.2709610E-007
5.911338	1.2687843E-007
5.912005	1.2655752E-007
5.912672	1.2609361E-007
5.913338	1.2554781E-007
5.914005	1.2490233E-007
5.914671	1.2416719E-007
5.915338	1.2335155E-007
5.916005	1.2243795E-007
5.916671	1.2154828E-007
5.917338	1.2061507E-007
5.918005	1.1967657E-007
5.918671	1.1878669E-007
5.919338	1.1789155E-007
5.920004	1.1708858E-007
5.920671	1.1637426E-007
5.921338	1.1578403E-007
5.922004	1.1526282E-007
5.922671	1.1493870E-007
5.923337	1.1480071E-007
5.924004	1.1478699E-007
5.924671	1.1497189E-007
5.925337	1.1534601E-007
5.926004	1.1594089E-007
5.926671	1.1667066E-007
5.927337	1.1759933E-007
5.928004	1.1864402E-007
5.92867	1.1991187E-007
5.929337	1.2128696E-007
5.930004	1.2274796E-007
5.930671	1.2438396E-007
5.931337	1.2601049E-007
5.932004	1.2763714E-007
5.932671	1.2930478E-007
5.933337	1.3090680E-007
5.934004	1.3244278E-007
5.93467	1.3384981E-007
5.935337	1.3511006E-007
5.936004	1.3618973E-007
5.93667	1.3703712E-007
5.937337	1.3764327E-007
5.938004	1.3804595E-007
5.93867	1.3808072E-007
5.939337	1.3783233E-007
5.940003	1.3727957E-007
5.94067	1.3636038E-007
5.941337	1.3506323E-007
5.942003	1.3348559E-007
5.94267	1.3163424E-007
5.943336	1.2942596E-007
5.944003	1.2693273E-007
5.94467	1.2401821E-007
5.945336	1.2099736E-007
5.946003	1.1785412E-007
5.94667	1.1446851E-007
5.947336	1.1075898E-007
5.948003	1.0717064E-007
5.948669	1.0355233E-007
5.949336	1.0007627E-007
5.950003	9.6539978E-008
5.950669	9.2989296E-008
5.951336	8.9794277E-008
5.952003	8.6904514E-008
5.952669	8.4218478E-008
5.953336	8.1750635E-008
5.954002	7.9780001E-008
5.954669	7.8174935E-008
5.955336	7.7117392E-008
5.956002	7.6390933E-008
5.956669	7.6274816E-008
5.957335	7.6596912E-008
5.958003	7.7494491E-008
5.958669	7.8836585E-008
5.959336	8.0674788E-008
5.960002	8.3031019E-008
5.960669	8.5951108E-008
5.961336	8.9114081E-008
5.962002	9.2710529E-008
5.962669	9.6620447E-008
5.963336	1.0105256E-007
5.964002	1.0536360E-007
5.964669	1.0996894E-007
5.965335	1.1469067E-007
5.966002	1.1963269E-007
5.966669	1.2431491E-007
5.967335	1.2878645E-007
5.968002	1.3335787E-007
5.968668	1.3749384E-007
5.969335	1.4127723E-007
5.970002	1.4461793E-007
5.970668	1.4765241E-007
5.971335	1.5004926E-007
5.972002	1.5191947E-007
5.972668	1.5324345E-007
5.973335	1.5382696E-007
5.974001	1.5384796E-007
5.974668	1.5311345E-007
5.975335	1.5172444E-007
5.976001	1.4966697E-007
5.976668	1.4685898E-007
5.977334	1.4352810E-007
5.978001	1.3955483E-007
5.978668	1.3481423E-007
5.979334	1.2991499E-007
5.980001	1.2448416E-007
5.980668	1.1833198E-007
5.981334	1.1218832E-007
5.982001	1.0582703E-007
5.982667	9.9153958E-008
5.983334	9.2611486E-008
5.984001	8.6118376E-008
5.984667	7.9464925E-008
5.985334	7.3477565E-008
5.986001	6.7664878E-008
5.986668	6.1989979E-008
5.987334	5.7083977E-008
5.988001	5.2513151E-008
5.988667	4.8923322E-008
5.989334	4.5889482E-008
5.990001	4.3506176E-008
5.990667	4.2062794E-008
5.991334	4.1425597E-008
5.992001	4.1630845E-008
5.992667	4.2674476E-008
5.993334	4.4586670E-008
5.994	4.7485671E-008
5.994667	5.0918878E-008
5.995334	5.5476185E-008
5.996	6.0528158E-008
5.996667	6.6225212E-008
5.997334	7.2647211E-008
5.998	7.9415535E-008
5.998667	8.7003869E-008
5.999333	9.4528971E-008
6	1.0226988E-007
