theta_deg	R
0.001	9.9996090E-001
0.001749958	9.9993432E-001
0.002499917	9.9991727E-001
0.003249875	9.9989069E-001
0.003999833	9.9986470E-001
0.004749792	9.9983859E-001
0.00549975	9.9981248E-001
0.006249708	9.9978638E-001
0.006999667	9.9976861E-001
0.007749625	9.9974239E-001
0.008499583	9.9971640E-001
0.009249542	9.9969006E-001
0.0099995	9.9966407E-001
0.01074946	9.9963790E-001
0.01149942	9.9962014E-001
0.01224937	9.9959427E-001
0.01299933	9.9956793E-001
0.01374929	9.9954182E-001
0.01449925	9.9115026E-001
0.01524921	9.9112445E-001
0.01599917	9.9109870E-001
0.01674912	9.9107277E-001
0.01749908	9.9104685E-001
0.01824904	9.9102956E-001
0.018999	9.9100381E-001
0.01974896	9.9097800E-001
0.02049892	9.9095207E-001
0.02124888	9.9092644E-001
0.02199883	9.9090064E-001
0.02274879	9.9088341E-001
0.02349875	9.9085766E-001
0.02424871	9.8734552E-001
0.02499867	9.8732835E-001
0.02574863	9.8730284E-001
0.02649858	9.8727697E-001
0.02724854	9.8725116E-001
0.0279985	9.8722589E-001
0.02874846	9.8720866E-001
0.02949842	9.8718303E-001
0.03024838	9.8715711E-001
0.03099833	9.8713154E-001
0.03174829	9.8442078E-001
0.03249825	9.8439527E-001
0.03324821	9.8436993E-001
0.03399817	9.8434412E-001
0.03474813	9.8432732E-001
0.03549808	9.8430187E-001
0.03624804	9.8427606E-001
0.036998	9.8425066E-001
0.03774796	9.8194671E-001
0.03849792	9.8192090E-001
0.03924787	9.8190397E-001
0.03999783	9.8187870E-001
0.04074779	9.8185289E-001
0.04149775	9.8182768E-001
0.04224771	9.7977978E-001
0.04299767	9.7975427E-001
0.04374763	9.7973710E-001
0.04449758	9.7971201E-001
0.04524754	9.7968620E-001
0.0459975	9.7966093E-001
0.04674746	9.7779340E-001
0.04749742	9.7776788E-001
0.04824737	9.7775102E-001
0.04899733	9.7772563E-001
0.04974729	9.7770041E-001
0.05049725	9.7596729E-001
0.05124721	9.7595060E-001
0.05199717	9.7592515E-001
0.05274712	9.7590017E-001
0.05349708	9.7587460E-001
0.05424704	9.7424811E-001
0.054997	9.7423130E-001
0.05574696	9.7420609E-001
0.05649691	9.7418088E-001
0.05724688	9.7415555E-001
0.05799683	9.7262323E-001
0.05874679	9.7259778E-001
0.05949675	9.7257245E-001
0.06024671	9.7254711E-001
0.06099667	9.7108454E-001
0.06174662	9.7105920E-001
0.06249658	9.7103369E-001
0.06324654	9.7101742E-001
0.0639965	9.7099197E-001
0.06474645	9.6957982E-001
0.06549641	9.6956348E-001
0.06624638	9.6953821E-001
0.06699634	9.6951294E-001
0.06774629	9.6816009E-001
0.06849625	9.6813512E-001
0.06924621	9.6811008E-001
0.06999616	9.6680087E-001
0.07074612	9.6677560E-001
0.07149608	9.6675068E-001
0.07224604	9.6673381E-001
0.072996	9.6545517E-001
0.07374596	9.6543866E-001
0.07449592	9.6541315E-001
0.07524587	9.6538830E-001
0.07599583	9.6415049E-001
0.07674579	9.6412539E-001
0.07749575	9.6410906E-001
0.07824571	9.6289343E-001
0.07899567	9.6287686E-001
0.07974563	9.6285164E-001
0.08049558	9.6167201E-001
0.08124554	9.6164674E-001
0.0819955	9.6162158E-001
0.08274546	9.6160525E-001
0.08349542	9.6043336E-001
0.08424538	9.6041679E-001
0.08499533	9.6039158E-001
0.08574529	9.5925719E-001
0.08649525	9.5924079E-001
0.08724521	9.5921546E-001
0.08799516	9.5809966E-001
0.08874512	9.5807487E-001
0.08949509	9.5805836E-001
0.09024504	9.5695424E-001
0.090995	9.5692945E-001
0.09174496	9.5584685E-001
0.09249491	9.5582181E-001
0.09324487	9.5580536E-001
0.09399483	9.5473832E-001
0.09474479	9.5471323E-001
0.09549475	9.5469677E-001
0.09624471	9.5363790E-001
0.09699467	9.5361328E-001
0.09774462	9.5359647E-001
0.09849458	9.5255494E-001
0.09924454	9.5253867E-001
0.0999945	9.5150083E-001
0.1007445	9.5147580E-001
0.1014944	9.5145959E-001
0.1022444	9.5043975E-001
0.1029943	9.5041478E-001
0.1037443	9.4940531E-001
0.1044943	9.4938016E-001
0.1052442	9.4936377E-001
0.1059942	9.4836408E-001
0.1067441	9.4834751E-001
0.1074941	9.4734585E-001
0.108244	9.4732982E-001
0.108994	9.4730455E-001
0.109744	9.4632590E-001
0.1104939	9.4630075E-001
0.1112439	9.4532210E-001
0.1119938	9.4530600E-001
0.1127438	9.4528115E-001
0.1134937	9.4430834E-001
0.1142437	9.4428331E-001
0.1149937	9.4332397E-001
0.1157436	9.4330746E-001
0.1164936	9.4234592E-001
0.1172435	9.4232970E-001
0.1179935	9.4137168E-001
0.1187435	9.4134653E-001
0.1194934	9.4133008E-001
0.1202434	9.4037759E-001
0.1209933	9.4035244E-001
0.1217433	9.3941158E-001
0.1224933	9.3939531E-001
0.1232432	9.3845040E-001
0.1239932	9.3843395E-001
0.1247431	9.3749082E-001
0.1254931	9.3746573E-001
0.126243	9.3652493E-001
0.126993	9.3650877E-001
0.127743	9.3557078E-001
0.1284929	9.3555433E-001
0.1292429	9.3461919E-001
0.1299928	9.3460304E-001
0.1307428	9.3366933E-001
0.1314927	9.3365294E-001
0.1322427	9.3272102E-001
0.1329927	9.3270439E-001
0.1337426	9.3177450E-001
0.1344926	9.3175805E-001
0.1352425	9.3082923E-001
0.1359925	9.3081260E-001
0.1367425	9.2989343E-001
0.1374924	9.2986816E-001
0.1382424	9.2894959E-001
0.1389923	9.2893338E-001
0.1397423	9.2800480E-001
0.1404922	9.2798835E-001
0.1412422	9.2705840E-001
0.1419922	9.2614090E-001
0.1427421	9.2612463E-001
0.1434921	9.2519635E-001
0.144242	9.2517978E-001
0.144992	9.2427170E-001
0.145742	9.2425543E-001
0.1464919	9.2332423E-001
0.1472419	9.2330760E-001
0.1479918	9.2238772E-001
0.1487418	9.2146653E-001
0.1494917	9.2145008E-001
0.1502417	9.2051810E-001
0.1509917	9.2050135E-001
0.1517416	9.1957849E-001
0.1524916	9.1956145E-001
0.1532415	9.1862535E-001
0.1539915	9.1770679E-001
0.1547415	9.1768998E-001
0.1554914	9.1675043E-001
0.1562414	9.1673350E-001
0.1569913	9.1581154E-001
0.1577413	9.1486824E-001
0.1584913	9.1485143E-001
0.1592412	9.1392606E-001
0.1599912	9.1390860E-001
0.1607411	9.1296804E-001
0.1614911	9.1201586E-001
0.162241	9.1199863E-001
0.162991	9.1106588E-001
0.163741	9.1011763E-001
0.1644909	9.1010058E-001
0.1652409	9.0914911E-001
0.1659908	9.0914100E-001
0.1667408	9.0820050E-001
0.1674908	9.0724099E-001
0.1682407	9.0722358E-001
0.1689907	9.0626287E-001
0.1697406	9.0530604E-001
0.1704906	9.0528911E-001
0.1712405	9.0432101E-001
0.1719905	9.0335727E-001
0.1727405	9.0333956E-001
0.1734904	9.0237147E-001
0.1742404	9.0139931E-001
0.1749903	9.0138191E-001
0.1757403	9.0041989E-001
0.1764902	8.9943993E-001
0.1772402	8.9942169E-001
0.1779902	8.9842248E-001
0.1787401	8.9743125E-001
0.1794901	8.9742327E-001
0.18024	8.9642918E-001
0.18099	8.9541280E-001
0.18174	8.9540452E-001
0.1824899	8.9440084E-001
0.1832399	8.9339900E-001
0.1839898	8.9237761E-001
0.1847398	8.9235932E-001
0.1854897	8.9134675E-001
0.1862397	8.9031327E-001
0.1869897	8.9030457E-001
0.1877396	8.8928103E-001
0.1884896	8.8823324E-001
0.1892395	8.8718176E-001
0.1899895	8.8717282E-001
0.1907395	8.8613886E-001
0.1914894	8.8508737E-001
0.1922394	8.8507861E-001
0.1929893	8.8401461E-001
0.1937393	8.8294429E-001
0.1944893	8.8186371E-001
0.1952392	8.8185459E-001
0.1959892	8.8077235E-001
0.1967391	8.7969083E-001
0.1974891	8.7859857E-001
0.198239	8.7858975E-001
0.198989	8.7750530E-001
0.1997389	8.7639970E-001
0.2004889	8.7529498E-001
0.2012389	8.7528527E-001
0.2019888	8.7417120E-001
0.2027388	8.7304562E-001
0.2034888	8.7189114E-001
0.2042387	8.7076205E-001
0.2049887	8.7075162E-001
0.2057386	8.6960787E-001
0.2064886	8.6845011E-001
0.2072385	8.6730164E-001
0.2079885	8.6614990E-001
0.2087385	8.6613744E-001
0.2094884	8.6495870E-001
0.2102384	8.6379868E-001
0.2109883	8.6261982E-001
0.2117383	8.6143935E-001
0.2124882	8.6142433E-001
0.2132382	8.6024201E-001
0.2139882	8.5906810E-001
0.2147381	8.5787588E-001
0.2154881	8.5664147E-001
0.216238	8.5661876E-001
0.216988	8.5524845E-001
0.217738	8.5288584E-001
0.2184879	8.0595756E-001
0.2192379	8.1787956E-001
0.2199878	8.2634157E-001
0.2207378	8.2952040E-001
0.2214877	8.2945001E-001
0.2222377	8.3085275E-001
0.2229877	8.3132035E-001
0.2237376	8.3131433E-001
0.2244876	8.3096045E-001
0.2252375	8.3039737E-001
0.2259875	8.2966393E-001
0.2267375	8.2962179E-001
0.2274874	8.2877761E-001
0.2282374	8.2784963E-001
0.2289873	8.2679403E-001
0.2297373	8.2566959E-001
0.2304872	8.2450050E-001
0.2312372	8.2326043E-001
0.2319872	8.2198930E-001
0.2327371	8.2195711E-001
0.2334871	8.2064962E-001
0.234237	8.1926495E-001
0.234987	8.1786174E-001
0.235737	8.1641984E-001
0.2364869	8.1495094E-001
0.2372369	8.1345165E-001
0.2379868	8.1188607E-001
0.2387368	8.1032336E-001
0.2394868	8.0871218E-001
0.2402367	8.0868560E-001
0.2409867	8.0707920E-001
0.2417366	8.0540138E-001
0.2424866	8.0367303E-001
0.2432365	8.0193383E-001
0.2439865	8.0018979E-001
0.2447365	7.9839611E-001
0.2454864	7.9656869E-001
0.2462364	7.9467565E-001
0.2469863	7.9279953E-001
0.2477363	7.9090136E-001
0.2484863	7.8894323E-001
0.2492362	7.8692186E-001
0.2499862	7.8487301E-001
0.2507361	7.8282481E-001
0.2514861	7.8070545E-001
0.252236	7.7854538E-001
0.252986	7.7638930E-001
0.253736	7.7415258E-001
0.2544859	7.7414680E-001
0.2552359	7.7189845E-001
0.2559858	7.6960850E-001
0.2567358	7.6724964E-001
0.2574857	7.6483673E-001
0.2582357	7.6242352E-001
0.2589857	7.5996101E-001
0.2597356	7.5740749E-001
0.2604856	7.5480235E-001
0.2612355	7.5218546E-001
0.2619855	7.4949622E-001
0.2627355	7.4675322E-001
0.2634854	7.4394876E-001
0.2642354	7.4111778E-001
0.2649853	7.3820674E-001
0.2657353	7.3522770E-001
0.2664852	7.3216367E-001
0.2672352	7.2908980E-001
0.2679852	7.2267139E-001
0.2687351	7.1932793E-001
0.2694851	7.1592844E-001
0.270235	7.1246427E-001
0.270985	7.0890403E-001
0.271735	7.0525616E-001
0.2724849	7.0155275E-001
0.2732349	6.9769549E-001
0.2739848	6.9378847E-001
0.2747348	6.8978602E-001
0.2754847	6.8563771E-001
0.2762347	6.8142307E-001
0.2769847	6.7706895E-001
0.2777346	6.7260838E-001
0.2784846	6.6802484E-001
0.2792345	6.6336417E-001
0.2799845	6.5852875E-001
0.2807344	6.5354270E-001
0.2814844	6.4846355E-001
0.2822344	6.3783926E-001
0.2829843	6.3229913E-001
0.2837343	6.2662059E-001
0.2844842	6.2072510E-001
0.2852342	6.1471033E-001
0.2859842	6.0855716E-001
0.2867341	6.0216939E-001
0.2874841	5.9560740E-001
0.288234	5.8890390E-001
0.288984	5.8199638E-001
0.2897339	5.6765103E-001
0.2904839	5.6021082E-001
0.2912339	5.5258656E-001
0.2919838	5.4478300E-001
0.2927338	5.3685021E-001
0.2934837	5.2872515E-001
0.2942337	5.2047044E-001
0.2949837	5.1209319E-001
0.2957336	5.0357193E-001
0.2964836	4.8623362E-001
0.2972336	4.7748068E-001
0.2979835	4.6865022E-001
0.2987334	4.5979577E-001
0.2994834	4.5092839E-001
0.3002334	4.4208905E-001
0.3009833	4.3327114E-001
0.3017333	4.1585135E-001
0.3024833	4.0725213E-001
0.3032332	3.9874390E-001
0.3039832	3.9037853E-001
0.3047331	3.8214421E-001
0.3054831	3.7404796E-001
0.306233	3.5838196E-001
0.306983	3.5081035E-001
0.307733	3.4345147E-001
0.3084829	3.3627501E-001
0.3092329	3.2934311E-001
0.3099828	3.1610331E-001
0.3107328	3.0980471E-001
0.3114828	3.0371267E-001
0.3122327	2.9783115E-001
0.3129827	2.9212627E-001
0.3137326	2.8119215E-001
0.3144826	2.7595103E-001
0.3152325	2.7082404E-001
0.3159825	2.6579970E-001
0.3167325	2.6086593E-001
0.3174824	2.5122976E-001
0.3182324	2.4652652E-001
0.3189823	2.4189027E-001
0.3197323	2.3733327E-001
0.3204823	2.3286453E-001
0.3212322	2.2421655E-001
0.3219822	2.2007383E-001
0.3227321	2.1606769E-001
0.3234821	2.1220802E-001
0.324232	2.0497808E-001
0.324982	2.0163465E-001
0.325732	1.9847524E-001
0.3264819	1.9551548E-001
0.3272319	1.8987766E-001
0.3279818	1.8719217E-001
0.3287318	1.8466358E-001
0.3294818	1.8227072E-001
0.3302317	1.7774963E-001
0.3309817	1.7559646E-001
0.3317316	1.7347553E-001
0.3324816	1.7137076E-001
0.3332315	1.6713737E-001
0.3339815	1.6497901E-001
0.3347315	1.6278192E-001
0.3354814	1.5823215E-001
0.3362314	1.5588412E-001
0.3369813	1.5348391E-001
0.3377313	1.5103973E-001
0.3384812	1.4605340E-001
0.3392312	1.4354901E-001
0.3399812	1.4103734E-001
0.3407311	1.3608056E-001
0.3414811	1.3367744E-001
0.342231	1.3134016E-001
0.342981	1.2691537E-001
0.343731	1.2485732E-001
0.3444809	1.2291869E-001
0.3452309	1.1941232E-001
0.3459808	1.1785911E-001
0.3467308	1.1643960E-001
0.3474807	1.1397775E-001
0.3482307	1.1292420E-001
0.3489807	1.1198234E-001
0.3497306	1.1036557E-001
0.3504806	1.0967265E-001
0.3512305	1.0903261E-001
0.3519805	1.0785005E-001
0.3527305	1.0727997E-001
0.3534804	1.0670171E-001
0.3542304	1.0547414E-001
0.3549803	1.0479838E-001
0.3557303	1.0407140E-001
0.3564802	1.0241818E-001
0.3572302	1.0148960E-001
0.3579802	1.0047936E-001
0.3587301	9.8245822E-002
0.3594801	9.7016238E-002
0.36023	9.4365373E-002
0.36098	9.2964418E-002
0.3617299	9.1509715E-002
0.3624799	8.8508494E-002
0.3632299	8.6988084E-002
0.3639798	8.3943874E-002
0.3647298	8.2448602E-002
0.3654797	8.0986559E-002
0.3662297	7.8200467E-002
0.3669797	7.6897576E-002
0.3677296	7.4512124E-002
0.3684796	7.3443286E-002
0.3692295	7.2463907E-002
0.3699795	7.0781134E-002
0.3707294	7.0084020E-002
0.3714794	6.8964459E-002
0.3722294	6.8540804E-002
0.3729793	6.8197012E-002
0.3737293	6.7738168E-002
0.3744792	6.7605183E-002
0.3752292	6.7494847E-002
0.3759792	6.7498617E-002
0.3767291	6.7573220E-002
0.3774791	6.7625493E-002
0.3782291	6.7716502E-002
0.378979	6.7732640E-002
0.3797289	6.7722484E-002
0.3804789	6.7591041E-002
0.3812289	6.7455299E-002
0.3819788	6.7020707E-002
0.3827288	6.6714406E-002
0.3834788	6.5915972E-002
0.3842287	6.5419331E-002
0.3849787	6.4239994E-002
0.3857286	6.3562445E-002
0.3864786	6.2037926E-002
0.3872285	6.1199773E-002
0.3879785	5.9407935E-002
0.3887285	5.8463875E-002
0.3894784	5.6505859E-002
0.3902284	5.5507775E-002
0.3909783	5.3503763E-002
0.3917283	5.2512567E-002
0.3924783	5.0596893E-002
0.3932282	4.9678497E-002
0.3939781	4.7955893E-002
0.3947281	4.7170207E-002
0.3954781	4.5736518E-002
0.396228	4.5109592E-002
0.396978	4.4043496E-002
0.397728	4.3598771E-002
0.3984779	4.2915531E-002
0.3992279	4.2666905E-002
0.3999778	4.2350508E-002
0.4007278	4.2280536E-002
0.4014778	4.2296372E-002
0.4022277	4.2375516E-002
0.4029777	4.2647932E-002
0.4037276	4.3041337E-002
0.4044776	4.3267548E-002
0.4052275	4.3758404E-002
0.4059775	4.4008523E-002
0.4067275	4.4493537E-002
0.4074774	4.4716083E-002
0.4082274	4.5100015E-002
0.4089773	4.5250490E-002
0.4097273	4.5454439E-002
0.4104773	4.5503821E-002
0.4112272	4.5462769E-002
0.4119772	4.5244753E-002
0.4127271	4.5064151E-002
0.4134771	4.4562854E-002
0.414227	4.4241190E-002
0.414977	4.3463349E-002
0.415727	4.2518720E-002
0.4164769	4.1988116E-002
0.4172269	4.0831402E-002
0.4179768	4.0209509E-002
0.4187268	3.8901154E-002
0.4194767	3.7531037E-002
0.4202267	3.6832836E-002
0.4209767	3.5436321E-002
0.4217266	3.4746338E-002
0.4224766	3.3398893E-002
0.4232265	3.2129228E-002
0.4239765	3.1529088E-002
0.4247265	3.0422091E-002
0.4254764	2.9456474E-002
0.4262264	2.9029524E-002
0.4269763	2.8305672E-002
0.4277263	2.8008875E-002
0.4284762	2.7548512E-002
0.4292262	2.7266821E-002
0.4299762	2.7188389E-002
0.4307261	2.7163351E-002
0.4314761	2.7293628E-002
0.432226	2.7410012E-002
0.432976	2.7739836E-002
0.433726	2.8171852E-002
0.4344759	2.8418411E-002
0.4352259	2.8958231E-002
0.4359758	2.9535467E-002
0.4367258	2.9828209E-002
0.4374757	3.0408494E-002
0.4382257	3.0957151E-002
0.4389757	3.1210689E-002
0.4397256	3.1665649E-002
0.4404756	3.2031894E-002
0.4412255	3.2173142E-002
0.4419755	3.2373857E-002
0.4427254	3.2449462E-002
0.4434754	3.2388791E-002
0.4442254	3.2306489E-002
0.4449753	3.2040548E-002
0.4457253	3.1638186E-002
0.4464752	3.1387269E-002
0.4472252	3.0793928E-002
0.4479752	3.0088358E-002
0.4487251	2.9282248E-002
0.4494751	2.8846648E-002
0.450225	2.7923035E-002
0.450975	2.6946137E-002
0.4517249	2.6443431E-002
0.4524749	2.5425173E-002
0.4532249	2.4405709E-002
0.4539748	2.3406789E-002
0.4547248	2.2921093E-002
0.4554747	2.1990946E-002
0.4562247	2.1129249E-002
0.4569747	2.0353423E-002
0.4577246	2.0000745E-002
0.4584746	1.9376090E-002
0.4592246	1.8867917E-002
0.4599745	1.8478395E-002
0.4607244	1.8330997E-002
0.4614744	1.8127533E-002
0.4622244	1.8049240E-002
0.4629743	1.8087983E-002
0.4637243	1.8238593E-002
0.4644742	1.8352943E-002
0.4652242	1.8650690E-002
0.4659742	1.9030498E-002
0.4667241	1.9476810E-002
0.4674741	1.9720055E-002
0.468224	2.0236110E-002
0.468974	2.0777171E-002
0.4697239	2.1326065E-002
0.4704739	2.1865338E-002
0.4712239	2.2125192E-002
0.4719738	2.2619404E-002
0.4727238	2.3064859E-002
0.4734738	2.3448359E-002
0.4742237	2.3758138E-002
0.4749736	2.3880832E-002
0.4757236	2.4064127E-002
0.4764736	2.4152834E-002
0.4772235	2.4144225E-002
0.4779735	2.4037238E-002
0.4787235	2.3831168E-002
0.4794734	2.3691131E-002
0.4802234	2.3342166E-002
0.4809733	2.2905083E-002
0.4817233	2.2386579E-002
0.4824733	2.1797651E-002
0.4832232	2.1147462E-002
0.4839732	2.0447342E-002
0.4847231	2.0082286E-002
0.4854731	1.9332873E-002
0.486223	1.8566132E-002
0.486973	1.7795894E-002
0.487723	1.7036162E-002
0.4884729	1.6300347E-002
0.4892229	1.5600023E-002
0.4899728	1.5267347E-002
0.4907228	1.4641919E-002
0.4914728	1.4079485E-002
0.4922227	1.3587645E-002
0.4929727	1.3176423E-002
0.4937226	1.2846458E-002
0.4944726	1.2604726E-002
0.4952225	1.2450784E-002
0.4959725	1.2384129E-002
0.4967225	1.2384207E-002
0.4974724	1.2445197E-002
0.4982224	1.2589686E-002
0.4989723	1.2806156E-002
0.4997223	1.3090908E-002
0.5004722	1.3434983E-002
0.5012222	1.3827414E-002
0.5019721	1.4259529E-002
0.5027221	1.4719574E-002
0.5034721	1.5197098E-002
0.504222	1.5680503E-002
0.504972	1.6159195E-002
0.5057219	1.6621722E-002
0.5064719	1.6843423E-002
0.5072219	1.7263915E-002
0.5079718	1.7643442E-002
0.5087218	1.7975522E-002
0.5094718	1.8252378E-002
0.5102217	1.8467735E-002
0.5109717	1.8617475E-002
0.5117216	1.8698048E-002
0.5124716	1.8705821E-002
0.5132216	1.8641878E-002
0.5139715	1.8505147E-002
0.5147215	1.8297533E-002
0.5154714	1.8022545E-002
0.5162213	1.7684214E-002
0.5169713	1.7287495E-002
0.5177213	1.6838728E-002
0.5184712	1.6344069E-002
0.5192212	1.5811151E-002
0.5199711	1.5248124E-002
0.5207211	1.4664224E-002
0.5214711	1.4067574E-002
0.522221	1.3467445E-002
0.522971	1.2872593E-002
0.523721	1.2291830E-002
0.5244709	1.1733290E-002
0.5252209	1.1205147E-002
0.5259708	1.0714605E-002
0.5267208	1.0268630E-002
0.5274708	9.8721758E-003
0.5282207	9.5326696E-003
0.5289707	9.2512323E-003
0.5297206	9.0319514E-003
0.5304706	8.8761915E-003
0.5312206	8.7866206E-003
0.5319705	8.7615000E-003
0.5327204	8.7990817E-003
0.5334704	8.8987760E-003
0.5342204	9.0564629E-003
0.5349703	9.2676366E-003
0.5357203	9.5283240E-003
0.5364702	9.8325005E-003
0.5372202	1.0174073E-002
0.5379702	1.0741170E-002
0.5387201	1.1145284E-002
0.5394701	1.1561886E-002
0.54022	1.1983342E-002
0.54097	1.2402382E-002
0.54172	1.2811628E-002
0.5424699	1.3204328E-002
0.5432199	1.3573077E-002
0.5439698	1.3912459E-002
0.5447198	1.4216710E-002
0.5454698	1.4480423E-002
0.5462197	1.4700091E-002
0.5469697	1.4870820E-002
0.5477196	1.5033241E-002
0.5484696	1.5073000E-002
0.5492195	1.5059086E-002
0.5499695	1.4990171E-002
0.5507194	1.4867068E-002
0.5514694	1.4691414E-002
0.5522194	1.4465816E-002
0.5529693	1.4192349E-002
0.5537193	1.3875420E-002
0.5544692	1.3328098E-002
0.5552192	1.2921200E-002
0.5559692	1.2487123E-002
0.5567191	1.2031730E-002
0.5574691	1.1560434E-002
0.558219	1.1079574E-002
0.558969	1.0595150E-002
0.559719	9.8755965E-003
0.5604689	9.4093271E-003
0.5612189	8.9598056E-003
0.5619688	8.5335551E-003
0.5627188	8.1350869E-003
0.5634688	7.7698440E-003
0.5642187	7.4407961E-003
0.5649686	7.0245508E-003
0.5657186	6.8018869E-003
0.5664686	6.6267364E-003
0.5672185	6.5003680E-003
0.5679685	6.4236470E-003
0.5687184	6.3957833E-003
0.5694684	6.4471615E-003
0.5702184	6.5402081E-003
0.5709683	6.6778092E-003
0.5717183	6.8576159E-003
0.5724682	7.0764930E-003
0.5732182	7.4703074E-003
0.5739682	7.7694911E-003
0.5747181	8.0941543E-003
0.5754681	8.4379958E-003
0.576218	8.7964935E-003
0.576968	9.3506780E-003
0.577718	9.7228419E-003
0.5784679	1.0091592E-002
0.5792179	1.0451401E-002
0.5799679	1.0964861E-002
0.5807178	1.1282056E-002
0.5814677	1.1574443E-002
0.5822177	1.1838416E-002
0.5829676	1.2070207E-002
0.5837176	1.2352506E-002
0.5844676	1.2491826E-002
0.5852175	1.2591020E-002
0.5859675	1.2648595E-002
0.5867174	1.2654976E-002
0.5874674	1.2605323E-002
0.5882174	1.2513358E-002
0.5889673	1.2380627E-002
0.5897173	1.2106936E-002
0.5904673	1.1878197E-002
0.5912172	1.1614800E-002
0.5919672	1.1320771E-002
0.5927171	1.0828548E-002
0.5934671	1.0471305E-002
0.5942171	1.0096047E-002
0.594967	9.5079374E-003
0.595717	9.1048041E-003
0.5964669	8.6984886E-003
0.5972168	8.2931034E-003
0.5979668	7.6967706E-003
0.5987168	7.3129181E-003
0.5994667	6.9450890E-003
0.6002167	6.4317626E-003
0.6009666	6.1196648E-003
0.6017166	5.8361385E-003
0.6024666	5.5834493E-003
0.6032165	5.2677044E-003
0.6039665	5.1022726E-003
0.6047165	4.9748630E-003
0.6054664	4.8571806E-003
0.6062164	4.8275678E-003
0.6069663	4.8369667E-003
0.6077163	4.9242023E-003
0.6084663	5.0286185E-003
0.6092162	5.1687006E-003
0.6099662	5.4408675E-003
0.6107161	5.6600184E-003
0.6114661	5.9059337E-003
0.6122161	6.3191690E-003
0.612966	6.6186725E-003
0.6137159	6.9333822E-003
0.6144659	7.4262093E-003
0.6152159	7.7626058E-003
0.6159658	8.2697747E-003
0.6167158	8.6035151E-003
0.6174657	8.9297891E-003
0.6182157	9.3973652E-003
0.6189657	9.6890312E-003
0.6197156	9.9609978E-003
0.6204656	1.0326295E-002
0.6212155	1.0536794E-002
0.6219655	1.0799362E-002
0.6227155	1.0933957E-002
0.6234654	1.1036958E-002
0.6242154	1.1127496E-002
0.6249653	1.1144324E-002
0.6257153	1.1125379E-002
0.6264653	1.1032433E-002
0.6272152	1.0928275E-002
0.6279652	1.0710255E-002
0.6287151	1.0525821E-002
0.6294651	1.0312083E-002
0.630215	9.9419206E-003
0.630965	9.6653411E-003
0.6317149	9.2132138E-003
0.6324649	8.8902796E-003
0.6332149	8.3823809E-003
0.6339648	8.0324598E-003
0.6347148	7.6775141E-003
0.6354647	7.1430267E-003
0.6362147	6.7899856E-003
0.6369647	6.2740990E-003
0.6377146	5.9437049E-003
0.6384646	5.4762247E-003
0.6392145	5.1873247E-003
0.6399645	4.7952230E-003
0.6407145	4.5639081E-003
0.6414644	4.3599443E-003
0.6422144	4.1080173E-003
0.6429643	3.9780987E-003
0.6437143	3.8430500E-003
0.6444643	3.7940631E-003
0.6452142	3.7829247E-003
0.6459641	3.8157292E-003
0.6467141	3.9262683E-003
0.6474641	4.0384913E-003
0.648214	4.2617507E-003
0.648964	4.4448865E-003
0.6497139	4.7666878E-003
0.6504639	5.0088372E-003
0.6512139	5.4080309E-003
0.6519638	5.6939241E-003
0.6527138	6.1461106E-003
0.6534637	6.4584329E-003
0.6542137	6.9361720E-003
0.6549637	7.2560930E-003
0.6557136	7.7310777E-003
0.6564636	8.0396840E-003
0.6572135	8.4844772E-003
0.6579635	8.7641962E-003
0.6587135	9.1527626E-003
0.6594634	9.3879765E-003
0.6602134	9.6993903E-003
0.6609634	9.8763183E-003
0.6617133	1.0092288E-002
0.6624632	1.0201287E-002
0.6632132	1.0311252E-002
0.6639631	1.0346510E-002
0.6647131	1.0343499E-002
0.6654631	1.0273065E-002
0.666213	1.0187915E-002
0.666963	1.0007880E-002
0.6677129	9.8525900E-003
0.6684629	9.5726429E-003
0.6692129	9.3556484E-003
0.6699628	8.9900112E-003
0.6707128	8.5828146E-003
0.6714627	8.2912734E-003
0.6722127	7.8312708E-003
0.6729627	7.5122998E-003
0.6737126	7.0232279E-003
0.6744626	6.6935606E-003
0.6752126	6.2007490E-003
0.6759625	5.7180608E-003
0.6767125	5.4060128E-003
0.6774624	4.9595907E-003
0.6782123	4.6793739E-003
0.6789623	4.2918981E-003
0.6797123	3.9494820E-003
0.6804622	3.7488942E-003
0.6812122	3.4947777E-003
0.6819621	3.3579329E-003
0.6827121	3.2050319E-003
0.6834621	3.1159045E-003
0.684212	3.0930177E-003
0.684962	3.1143180E-003
0.685712	3.2008300E-003
0.6864619	3.2940982E-003
0.6872119	3.4854133E-003
0.6879618	3.6451290E-003
0.6887118	3.9308090E-003
0.6894618	4.2659212E-003
0.6902117	4.5137135E-003
0.6909617	4.9172058E-003
0.6917116	5.3522112E-003
0.6924616	5.6555560E-003
0.6932116	6.1250287E-003
0.6939615	6.6038491E-003
0.6947114	6.9241165E-003
0.6954614	7.3998375E-003
0.6962114	7.8623779E-003
0.6969613	8.1586856E-003
0.6977113	8.5816747E-003
0.6984612	8.9704469E-003
0.6992112	9.2068985E-003
0.6999612	9.5250523E-003
0.7007111	9.7920736E-003
0.7014611	9.9408934E-003
0.702211	1.0115148E-002
0.702961	1.0229987E-002
0.703711	1.0271254E-002
0.7044609	1.0283330E-002
0.7052109	1.0230870E-002
0.7059608	1.0117499E-002
0.7067108	1.0008011E-002
0.7074608	9.7964685E-003
0.7082107	9.5297666E-003
0.7089607	9.3236184E-003
0.7097106	8.9758886E-003
0.7104606	8.5877823E-003
0.7112105	8.1648538E-003
0.7119605	7.8664487E-003
0.7127104	7.4012042E-003
0.7134604	6.9208909E-003
0.7142104	6.5959543E-003
0.7149603	6.1079226E-003
0.7157103	5.6260619E-003
0.7164602	5.1580491E-003
0.7172102	4.8577716E-003
0.7179602	4.4302475E-003
0.7187101	4.0367981E-003
0.7194601	3.6835715E-003
0.72021	3.4729822E-003
0.72096	3.2004197E-003
0.72171	2.9816502E-003
0.7224599	2.8207912E-003
0.7232099	2.7208070E-003
0.7239598	2.6892787E-003
0.7247098	2.6949514E-003
0.7254598	2.7638923E-003
0.7262097	2.8954979E-003
0.7269596	3.0168693E-003
0.7277096	3.2490413E-003
0.7284596	3.5356462E-003
0.7292095	3.8740830E-003
0.7299595	4.2586089E-003
0.7307094	4.5375340E-003
0.7314594	4.9854652E-003
0.7322094	5.4624807E-003
0.7329593	5.9614778E-003
0.7337093	6.4747813E-003
0.7344592	6.8207276E-003
0.7352092	7.3404657E-003
0.7359592	7.8537334E-003
0.7367091	8.3527332E-003
0.7374591	8.8300062E-003
0.738209	9.2784399E-003
0.738959	9.5576681E-003
0.739709	9.9438615E-003
0.7404589	1.0284532E-002
0.7412089	1.0574449E-002
0.7419588	1.0809088E-002
0.7427088	1.0986877E-002
0.7434587	1.1072068E-002
0.7442087	1.1146573E-002
0.7449586	1.1158762E-002
0.7457086	1.1107916E-002
0.7464586	1.0994915E-002
0.7472085	1.0820832E-002
0.7479585	1.0587833E-002
0.7487084	1.0402717E-002
0.7494584	1.0079850E-002
0.7502084	9.7104246E-003
0.7509583	9.2983199E-003
0.7517083	8.8501032E-003
0.7524582	8.3715934E-003
0.7532082	7.8702932E-003
0.7539582	7.3534739E-003
0.7547081	7.0034601E-003
0.7554581	6.4774062E-003
0.7562081	5.9560821E-003
0.756958	5.4473365E-003
0.757708	4.9587996E-003
0.7584579	4.4978666E-003
0.7592078	4.0718256E-003
0.7599578	3.6864439E-003
0.7607078	3.3487247E-003
0.7614577	3.0640478E-003
0.7622077	2.8365443E-003
0.7629576	2.7186628E-003
0.7637076	2.5952794E-003
0.7644576	2.5381984E-003
0.7652075	2.5484492E-003
0.7659575	2.6266400E-003
0.7667075	2.7734654E-003
0.7674574	2.9866071E-003
0.7682074	3.2648018E-003
0.7689573	3.6036142E-003
0.7697073	4.0000267E-003
0.7704573	4.4491985E-003
0.7712072	4.9455515E-003
0.7719572	5.4825880E-003
0.7727071	6.0536582E-003
0.7734571	6.6517321E-003
0.7742071	7.2689056E-003
0.774957	7.8978064E-003
0.7757069	8.5300235E-003
0.7764569	9.1573214E-003
0.7772068	9.7712157E-003
0.7779568	1.0365194E-002
0.7787068	1.0745500E-002
0.7794567	1.1287306E-002
0.7802067	1.1789985E-002
0.7809567	1.2244554E-002
0.7817066	1.2648170E-002
0.7824566	1.2992563E-002
0.7832065	1.3275667E-002
0.7839565	1.3492831E-002
0.7847065	1.3641280E-002
0.7854564	1.3717676E-002
0.7862064	1.3723724E-002
0.7869563	1.3620658E-002
0.7877063	1.3459091E-002
0.7884563	1.3229388E-002
0.7892062	1.2932965E-002
0.7899562	1.2573918E-002
0.7907061	1.2157453E-002
0.7914561	1.1687553E-002
0.792206	1.1171546E-002
0.792956	1.0614337E-002
0.7937059	1.0024750E-002
0.7944559	9.4086807E-003
0.7952059	8.7759998E-003
0.7959558	8.1338584E-003
0.7967058	7.4911974E-003
0.7974557	6.8568476E-003
0.7982057	6.2396387E-003
0.7989557	5.6479415E-003
0.7997056	5.0904360E-003
0.8004556	4.5755752E-003
0.8012055	4.1105840E-003
0.8019555	3.7029525E-003
0.8027055	3.3597106E-003
0.8034554	3.0114288E-003
0.8042054	2.8388996E-003
0.8049553	2.7469085E-003
0.8057053	2.7384539E-003
0.8064553	2.8160322E-003
0.8072052	2.9794627E-003
0.8079551	3.2302008E-003
0.8087051	3.5661869E-003
0.8094551	3.9853440E-003
0.810205	4.4839536E-003
0.810955	5.0584399E-003
0.8117049	5.9327087E-003
0.8124549	6.6613238E-003
0.8132049	7.4444944E-003
0.8139548	8.2744183E-003
0.8147048	9.1421884E-003
0.8154547	1.0038698E-002
0.8162047	1.0955464E-002
0.8169547	1.1880526E-002
0.8177046	1.3112763E-002
0.8184546	1.4021260E-002
0.8192045	1.4904988E-002
0.8199545	1.5755491E-002
0.8207045	1.6562285E-002
0.8214544	1.7318608E-002
0.8222044	1.8012110E-002
0.8229543	1.8831100E-002
0.8237043	1.9354697E-002
0.8244542	1.9792682E-002
0.8252042	2.0142922E-002
0.8259541	2.0398825E-002
0.8267041	2.0558517E-002
0.8274541	2.0618815E-002
0.828204	2.0547502E-002
0.828954	2.0376001E-002
0.8297039	2.0104514E-002
0.8304539	1.9737011E-002
0.8312039	1.9278007E-002
0.8319538	1.8532291E-002
0.8327038	1.7876280E-002
0.8334537	1.7148130E-002
0.8342037	1.6355483E-002
0.8349537	1.5507516E-002
0.8357036	1.4308184E-002
0.8364536	1.3368688E-002
0.8372036	1.2409037E-002
0.8379535	1.1441807E-002
0.8387035	1.0477698E-002
0.8394534	9.2206644E-003
0.8402033	8.3159674E-003
0.8409534	7.4576051E-003
0.8417033	6.6591571E-003
0.8424532	5.7090889E-003
0.8432032	5.0979271E-003
0.8439531	4.5865308E-003
0.8447031	4.1846796E-003
0.8454531	3.9031992E-003
0.846203	3.7289578E-003
0.846953	3.7592603E-003
0.847703	3.9330092E-003
0.8484529	4.2535421E-003
0.8492029	4.9159443E-003
0.8499528	5.5894218E-003
0.8507028	6.4131361E-003
0.8514528	7.7409409E-003
0.8522027	8.9008864E-003
0.8529527	1.0195003E-002
0.8537026	1.1614391E-002
0.8544526	1.3685755E-002
0.8552026	1.5357102E-002
0.8559525	1.7114546E-002
0.8567024	1.8946078E-002
0.8574524	2.1473072E-002
0.8582023	2.3411635E-002
0.8589523	2.5368663E-002
0.8597023	2.7978070E-002
0.8604522	2.9909950E-002
0.8612022	3.1802677E-002
0.8619522	3.3639073E-002
0.8627021	3.5963975E-002
0.8634521	3.7594896E-002
0.864202	3.9111163E-002
0.864952	4.0934507E-002
0.865702	4.2134836E-002
0.8664519	4.3173209E-002
0.8672019	4.4285402E-002
0.8679518	4.4904258E-002
0.8687018	4.5331031E-002
0.8694518	4.5593645E-002
0.8702017	4.5550633E-002
0.8709517	4.5299359E-002
0.8717016	4.4644210E-002
0.8724516	4.3908753E-002
0.8732015	4.2974152E-002
0.8739515	4.1426875E-002
0.8747014	4.0044915E-002
0.8754514	3.8494788E-002
0.8762014	3.6179576E-002
0.8769513	3.4280457E-002
0.8777013	3.2264877E-002
0.8784512	2.9432403E-002
0.8792012	2.7231488E-002
0.8799512	2.4249194E-002
0.8807011	2.2015434E-002
0.8814511	1.9823965E-002
0.882201	1.7028797E-002
0.882951	1.5078848E-002
0.883701	1.3300835E-002
0.8844509	1.1271601E-002
0.8852009	1.0065138E-002
0.8859508	8.9642964E-003
0.8867008	8.5848542E-003
0.8874508	8.6310860E-003
0.8882007	9.4449725E-003
0.8889506	1.0672761E-002
0.8897006	1.3212729E-002
0.8904506	1.5837863E-002
0.8912005	2.0362837E-002
0.8919505	2.4554299E-002
0.8927004	2.9449455E-002
0.8934504	3.7091125E-002
0.8942004	4.3655071E-002
0.8949503	5.3513572E-002
0.8957003	6.1706305E-002
0.8964502	7.0561945E-002
0.8972002	8.3340868E-002
0.8979502	9.3591221E-002
0.8987001	1.0806129E-001
0.8994501	1.1943176E-001
0.9002	1.3518906E-001
0.90095	1.4736681E-001
0.9017	1.6395590E-001
0.9024499	1.7655590E-001
0.9031999	1.9348225E-001
0.9039498	2.0616600E-001
0.9046998	2.1876137E-001
0.9054497	2.3536398E-001
0.9061997	2.4759677E-001
0.9069496	2.6351431E-001
0.9076996	2.7507442E-001
0.9084496	2.8998175E-001
0.9091995	3.0069241E-001
0.9099495	3.1435344E-001
0.9106994	3.2411295E-001
0.9114494	3.3637574E-001
0.9121994	3.4504580E-001
0.9129493	3.5588464E-001
0.9136993	3.6341316E-001
0.9144492	3.7274307E-001
0.9151992	3.7915683E-001
0.9159492	3.8699132E-001
0.9166991	3.9228943E-001
0.9174491	3.9873886E-001
0.9181991	4.0294966E-001
0.918949	4.0799803E-001
0.919699	4.1126999E-001
0.9204489	4.1501212E-001
0.9211988	4.1739279E-001
0.9219489	4.1989633E-001
0.9226988	4.2179519E-001
0.9234487	4.2279583E-001
0.9241987	4.2359751E-001
0.9249486	4.2378950E-001
0.9256986	4.2361894E-001
0.9264486	4.2305720E-001
0.9271985	4.2192373E-001
0.9279485	4.2071477E-001
0.9286984	4.1875786E-001
0.9294484	4.1692182E-001
0.9301984	4.1411337E-001
0.9309483	4.1085085E-001
0.9316983	4.0812910E-001
0.9324483	4.0416405E-001
0.9331982	4.0089339E-001
0.9339482	3.9623177E-001
0.9346981	3.9245841E-001
0.9354481	3.8713479E-001
0.9361981	3.8147363E-001
0.936948	3.7696770E-001
0.9376979	3.7069628E-001
0.9384479	3.6579370E-001
0.9391978	3.5896033E-001
0.9399478	3.5179645E-001
0.9406978	3.4624827E-001
0.9414477	3.3855072E-001
0.9421977	3.3265334E-001
0.9429477	3.2451129E-001
0.9436976	3.1605914E-001
0.9444476	3.0956429E-001
0.9451975	3.0069345E-001
0.9459475	2.9390511E-001
0.9466975	2.8464031E-001
0.9474474	2.7515104E-001
0.9481974	2.6789466E-001
0.9489473	2.5806424E-001
0.9496973	2.4810125E-001
0.9504473	2.4048062E-001
0.9511972	2.3022333E-001
0.9519472	2.1989745E-001
0.9526971	2.1206267E-001
0.9534471	2.0159538E-001
0.954197	1.9104706E-001
0.954947	1.8311442E-001
0.9556969	1.7257959E-001
0.9564469	1.6210352E-001
0.9571969	1.5427630E-001
0.9579468	1.4392889E-001
0.9586968	1.3375315E-001
0.9594467	1.2621400E-001
0.9601967	1.1634335E-001
0.9609467	1.0673676E-001
0.9616966	9.9723890E-002
0.9624466	9.0638667E-002
0.9631965	8.1909657E-002
0.9639465	7.5614840E-002
0.9646965	6.7588411E-002
0.9654464	6.0021810E-002
0.9661964	5.4644983E-002
0.9669463	4.7921397E-002
0.9676963	4.1711919E-002
0.9684463	3.6037184E-002
0.9691962	3.2135513E-002
0.9699461	2.7418548E-002
0.9706961	2.3252405E-002
0.9714461	2.0485081E-002
0.972196	1.7269118E-002
0.972946	1.4577723E-002
0.9736959	1.2393965E-002
0.9744459	1.1073736E-002
0.9751959	9.7132651E-003
0.9759458	8.7829866E-003
0.9766958	8.2454784E-003
0.9774457	8.0795372E-003
0.9781957	8.1399251E-003
0.9789457	8.4880060E-003
0.9796956	9.0808794E-003
0.9804456	9.6627809E-003
0.9811955	1.0588105E-002
0.9819455	1.1647820E-002
0.9826955	1.2804876E-002
0.9834454	1.3714430E-002
0.9841954	1.4956423E-002
0.9849453	1.6203348E-002
0.9856953	1.7426722E-002
0.9864452	1.8312884E-002
0.9871952	1.9434400E-002
0.9879451	2.0470016E-002
0.9886951	2.1401752E-002
0.9894451	2.2216301E-002
0.990195	2.2741403E-002
0.990945	2.3328625E-002
0.9916949	2.3770133E-002
0.9924449	2.4068503E-002
0.9931949	2.4220586E-002
0.9939448	2.4239901E-002
0.9946948	2.4138575E-002
0.9954447	2.3900552E-002
0.9961947	2.3529511E-002
0.9969447	2.3033770E-002
0.9976946	2.2419751E-002
0.9984446	2.1890299E-002
0.9991945	2.1098357E-002
0.9999445	2.0219490E-002
1.000694	1.9263698E-002
1.001444	1.8247798E-002
1.002194	1.7450212E-002
1.002944	1.6352382E-002
1.003694	1.5228764E-002
1.004444	1.4087620E-002
1.005194	1.2945369E-002
1.005944	1.1810577E-002
1.006694	1.0695815E-002
1.007444	9.8794112E-003
1.008194	8.8269059E-003
1.008944	7.8211706E-003
1.009694	6.8724114E-003
1.010444	5.9870211E-003
1.011194	5.1720710E-003
1.011944	4.4326349E-003
1.012694	3.7731871E-003
1.013444	3.3327874E-003
1.014194	2.8198892E-003
1.014944	2.3925786E-003
1.015694	2.0512973E-003
1.016444	1.7948627E-003
1.017194	1.6209470E-003
1.017944	1.5269129E-003
1.018693	1.5093280E-003
1.019443	1.5632510E-003
1.020193	1.6829825E-003
1.020943	1.8132875E-003
1.021693	2.0349047E-003
1.022443	2.3058516E-003
1.023193	2.6188614E-003
1.023943	2.9667635E-003
1.024693	3.3422110E-003
1.025443	3.7381882E-003
1.026193	4.1470136E-003
1.026943	4.5620981E-003
1.027693	4.9766260E-003
1.028443	5.3836624E-003
1.029193	5.7776459E-003
1.029943	6.1521190E-003
1.030693	6.5033566E-003
1.031443	6.7476202E-003
1.032193	7.0454148E-003
1.032943	7.3082619E-003
1.033693	7.5321971E-003
1.034443	7.7153738E-003
1.035192	7.8556407E-003
1.035942	7.9524033E-003
1.036693	8.0051161E-003
1.037442	8.0130510E-003
1.038192	7.9769623E-003
1.038942	7.8987060E-003
1.039692	7.7778525E-003
1.040442	7.6189931E-003
1.041192	7.4219778E-003
1.041942	7.1920101E-003
1.042692	6.9303964E-003
1.043442	6.6411244E-003
1.044192	6.3273762E-003
1.044942	5.9943795E-003
1.045692	5.6442320E-003
1.046442	5.2827778E-003
1.047192	4.9121156E-003
1.047942	4.5374823E-003
1.048692	4.1623292E-003
1.049442	3.7912559E-003
1.050192	3.4270596E-003
1.050942	3.0738893E-003
1.051692	2.7349796E-003
1.052442	2.4132745E-003
1.053192	2.1116165E-003
1.053941	1.8325003E-003
1.054691	1.5781355E-003
1.055441	1.3502655E-003
1.056191	1.1503751E-003
1.056941	9.4159355E-004
1.057691	8.0804317E-004
1.058441	7.0501614E-004
1.059191	6.3207216E-004
1.059941	5.8892567E-004
1.060691	5.7495228E-004
1.061441	5.8887113E-004
1.062191	6.2956818E-004
1.062941	6.9522113E-004
1.063691	7.8406685E-004
1.064441	8.9415011E-004
1.065191	1.0059731E-003
1.065941	1.1494106E-003
1.066691	1.3072068E-003
1.067441	1.5206519E-003
1.068191	1.7011242E-003
1.068941	1.8873129E-003
1.069691	2.0765809E-003
1.070441	2.2663947E-003
1.07119	2.4539682E-003
1.071941	2.6370755E-003
1.07269	2.8134945E-003
1.07344	2.9810215E-003
1.07419	3.1372425E-003
1.07494	3.3146010E-003
1.07569	3.4406192E-003
1.07644	3.5496145E-003
1.07719	3.6420173E-003
1.07794	3.7157240E-003
1.07869	3.7706427E-003
1.07944	3.8064821E-003
1.08019	3.8239795E-003
1.08094	3.8162577E-003
1.08169	3.7890302E-003
1.08244	3.7435093E-003
1.08319	3.6797430E-003
1.08394	3.5990400E-003
1.08469	3.5022863E-003
1.08544	3.3610675E-003
1.08619	3.2330072E-003
1.08694	3.0932571E-003
1.08769	2.9437849E-003
1.08844	2.7855930E-003
1.08919	2.6210786E-003
1.089939	2.4084689E-003
1.090689	2.2353753E-003
1.091439	2.0611421E-003
1.092189	1.8878542E-003
1.092939	1.7169467E-003
1.093689	1.5501973E-003
1.094439	1.3500237E-003
1.095189	1.1981049E-003
1.095939	1.0550139E-003
1.096689	9.2194835E-004
1.097439	8.0001249E-004
1.098189	6.6461239E-004
1.098939	5.7080999E-004
1.099689	4.9060537E-004
1.100439	4.2440192E-004
1.101189	3.6179391E-004
1.101939	3.2783981E-004
1.102689	3.0827237E-004
1.103439	3.0281363E-004
1.104189	3.1108354E-004
1.104939	3.3995713E-004
1.105689	3.7704542E-004
1.106439	4.2574742E-004
1.107189	4.8512645E-004
1.107939	5.7298032E-004
1.108688	6.5273402E-004
1.109438	7.3972071E-004
1.110188	8.3269371E-004
1.110938	9.5547788E-004
1.111688	1.0574086E-003
1.112438	1.1612073E-003
1.113188	1.2657639E-003
1.113938	1.3954582E-003
1.114688	1.4968668E-003
1.115438	1.5950223E-003
1.116188	1.7116282E-003
1.116938	1.7985982E-003
1.117688	1.8789794E-003
1.118438	1.9519886E-003
1.119188	2.0318392E-003
1.119938	2.0856953E-003
1.120688	2.1301382E-003
1.121438	2.1717933E-003
1.122188	2.1937639E-003
1.122938	2.2053339E-003
1.123688	2.2066876E-003
1.124438	2.1941748E-003
1.125188	2.1725944E-003
1.125937	2.1413839E-003
1.126687	2.0893852E-003
1.127437	2.0379066E-003
1.128187	1.9780884E-003
1.128937	1.8932086E-003
1.129687	1.8178476E-003
1.130437	1.7366995E-003
1.131187	1.6285448E-003
1.131937	1.5375824E-003
1.132687	1.4436789E-003
1.133437	1.3236352E-003
1.134187	1.2265835E-003
1.134937	1.1296594E-003
1.135687	1.0099523E-003
1.136437	9.1648026E-004
1.137187	8.2593731E-004
1.137937	7.1809901E-004
1.138687	6.3694682E-004
1.139437	5.4309209E-004
1.140187	4.7476639E-004
1.140937	4.1302250E-004
1.141687	3.4577525E-004
1.142437	3.0036847E-004
1.143187	2.6269979E-004
1.143937	2.2678167E-004
1.144686	2.0713275E-004
1.145436	1.9387172E-004
1.146186	1.9220953E-004
1.146936	1.9834145E-004
1.147686	2.1661817E-004
1.148436	2.3925501E-004
1.149186	2.7698700E-004
1.149936	3.1414733E-004
1.150686	3.5694821E-004
1.151436	4.1747410E-004
1.152186	4.7076039E-004
1.152936	5.4241542E-004
1.153686	6.0293660E-004
1.154436	6.6554523E-004
1.155186	7.4571377E-004
1.155936	8.1042817E-004
1.156686	8.9106732E-004
1.157436	9.5440185E-004
1.158186	1.0311494E-003
1.158936	1.0897651E-003
1.159686	1.1452616E-003
1.160436	1.2097021E-003
1.161186	1.2563188E-003
1.161935	1.3080812E-003
1.162685	1.3437142E-003
1.163435	1.3805045E-003
1.164185	1.4034845E-003
1.164935	1.4236500E-003
1.165685	1.4329415E-003
1.166435	1.4358610E-003
1.167185	1.4311679E-003
1.167935	1.4169751E-003
1.168685	1.3988231E-003
1.169435	1.3749782E-003
1.170185	1.3376609E-003
1.170935	1.3022926E-003
1.171685	1.2512868E-003
1.172435	1.2057890E-003
1.173185	1.1439264E-003
1.173935	1.0907662E-003
1.174685	1.0207869E-003
1.175435	9.6258044E-004
1.176185	8.8789593E-004
1.176935	8.2722673E-004
1.177685	7.5123983E-004
1.178435	6.9096207E-004
1.179185	6.1705901E-004
1.179935	5.4572721E-004
1.180684	4.9111614E-004
1.181434	4.2669903E-004
1.182184	3.7871307E-004
1.182934	3.2382301E-004
1.183684	2.8435196E-004
1.184434	2.4105304E-004
1.185184	2.1153073E-004
1.185934	1.8132252E-004
1.186684	1.6264452E-004
1.187434	1.4635413E-004
1.188184	1.3900295E-004
1.188934	1.3679513E-004
1.189684	1.4223770E-004
1.190434	1.5190562E-004
1.191184	1.7040542E-004
1.191934	1.9003048E-004
1.192684	2.2017548E-004
1.193434	2.4839991E-004
1.194184	2.8827775E-004
1.194934	3.3259948E-004
1.195684	3.7073795E-004
1.196434	4.2112792E-004
1.197183	4.6306700E-004
1.197933	5.1684445E-004
1.198684	5.6038448E-004
1.199433	6.1485101E-004
1.200183	6.6851213E-004
1.200933	7.1030931E-004
1.201683	7.6061668E-004
1.202433	7.9865847E-004
1.203183	8.4312033E-004
1.203933	8.8339986E-004
1.204683	9.1238908E-004
1.205433	9.4399357E-004
1.206183	9.7012694E-004
1.206933	9.8676642E-004
1.207683	1.0023148E-003
1.208433	1.0102860E-003
1.209183	1.0145488E-003
1.209933	1.0124057E-003
1.210683	1.0063152E-003
1.211433	9.9313667E-004
1.212183	9.7415579E-004
1.212933	9.5486717E-004
1.213683	9.2608418E-004
1.214433	8.9243660E-004
1.215183	8.6227432E-004
1.215932	8.2113640E-004
1.216682	7.7666191E-004
1.217432	7.3905505E-004
1.218182	6.9009978E-004
1.218932	6.3953892E-004
1.219682	5.9842021E-004
1.220432	5.4678001E-004
1.221182	4.9547164E-004
1.221932	4.5505125E-004
1.222682	4.0594794E-004
1.223432	3.5894540E-004
1.224182	3.2323677E-004
1.224932	2.8143474E-004
1.225682	2.4324105E-004
1.226432	2.1557292E-004
1.227182	1.8491119E-004
1.227932	1.5891442E-004
1.228682	1.3784746E-004
1.229432	1.2465456E-004
1.230182	1.1287647E-004
1.230932	1.0636014E-004
1.231682	1.0489627E-004
1.232432	1.0777259E-004
1.233181	1.1568611E-004
1.233932	1.2844514E-004
1.234681	1.4198237E-004
1.235431	1.6276359E-004
1.236181	1.8750093E-004
1.236931	2.0988916E-004
1.237681	2.4069242E-004
1.238431	2.7420951E-004
1.239181	3.0992771E-004
1.239931	3.3970986E-004
1.240681	3.7803646E-004
1.241431	4.1701511E-004
1.242181	4.5612117E-004
1.242931	4.8711590E-004
1.243681	5.2503764E-004
1.244431	5.6163094E-004
1.245181	5.9630180E-004
1.245931	6.2863139E-004
1.246681	6.5253314E-004
1.247431	6.7961076E-004
1.248181	7.0333196E-004
1.248931	7.2332611E-004
1.249681	7.3938136E-004
1.250431	7.4913056E-004
1.251181	7.5755443E-004
1.25193	7.6163269E-004
1.25268	7.6137984E-004
1.25343	7.5799046E-004
1.25418	7.4998627E-004
1.25493	7.3777651E-004
1.25568	7.2163792E-004
1.25643	7.0173404E-004
1.25718	6.7839632E-004
1.25793	6.5737957E-004
1.25868	6.2851032E-004
1.25943	5.9722370E-004
1.26018	5.6389906E-004
1.26093	5.2888156E-004
1.26168	4.9994083E-004
1.26243	4.6297238E-004
1.26318	4.2571931E-004
1.26393	3.8848314E-004
1.26468	3.5178510E-004
1.26543	3.1600817E-004
1.26618	2.8163227E-004
1.26693	2.5539123E-004
1.26768	2.2449135E-004
1.26843	1.9602368E-004
1.26918	1.7030604E-004
1.26993	1.4760523E-004
1.270679	1.2816448E-004
1.271429	1.1216624E-004
1.272179	1.0192404E-004
1.272929	9.2460148E-005
1.273679	8.6748958E-005
1.274429	8.4756721E-005
1.275179	8.6486398E-005
1.275929	9.1833223E-005
1.276679	1.0071977E-004
1.277429	1.1291665E-004
1.278179	1.2825997E-004
1.278929	1.4262824E-004
1.279679	1.6297286E-004
1.280429	1.8568410E-004
1.281179	2.1044820E-004
1.281929	2.3691056E-004
1.282679	2.6468982E-004
1.283429	2.9345579E-004
1.284179	3.2280578E-004
1.284929	3.5230652E-004
1.285679	3.8163937E-004
1.286429	4.1038269E-004
1.287179	4.3816492E-004
1.287928	4.5953275E-004
1.288678	4.8477898E-004
1.289428	5.0813961E-004
1.290178	5.2934908E-004
1.290928	5.4819632E-004
1.291678	5.6437030E-004
1.292428	5.7772279E-004
1.293178	5.8812776E-004
1.293928	5.9548288E-004
1.294678	5.9962110E-004
1.295428	6.0057518E-004
1.296178	5.9840875E-004
1.296928	5.9301808E-004
1.297678	5.8463268E-004
1.298428	5.7323184E-004
1.299178	5.5904099E-004
1.299928	5.4223300E-004
1.300678	5.2303734E-004
1.301428	5.0164264E-004
1.302178	4.7833502E-004
1.302928	4.5347161E-004
1.303678	4.2725651E-004
1.304428	3.9999888E-004
1.305178	3.7208022E-004
1.305928	3.4382127E-004
1.306677	3.1551547E-004
1.307427	2.8748251E-004
1.308177	2.6008009E-004
1.308927	2.3358631E-004
1.309677	2.0831634E-004
1.310427	1.8452571E-004
1.311177	1.6247900E-004
1.311927	1.4241677E-004
1.312677	1.2453138E-004
1.313427	1.0900883E-004
1.314177	9.6017822E-005
1.314927	8.5647254E-005
1.315677	7.7998782E-005
1.316427	7.3113581E-005
1.317177	7.1034032E-005
1.317927	7.1738090E-005
1.318677	7.5183321E-005
1.319427	8.1301485E-005
1.320177	8.9955742E-005
1.320927	1.0105089E-004
1.321677	1.1440094E-004
1.322427	1.3314497E-004
1.323177	1.5078156E-004
1.323926	1.6999649E-004
1.324676	1.9055398E-004
1.325426	2.1219495E-004
1.326176	2.3462977E-004
1.326926	2.5761238E-004
1.327676	2.8080939E-004
1.328426	3.0400523E-004
1.329176	3.2686658E-004
1.329926	3.4913429E-004
1.330676	3.7477148E-004
1.331426	3.9483377E-004
1.332176	4.1352434E-004
1.332926	4.3070191E-004
1.333676	4.4604525E-004
1.334426	4.5944483E-004
1.335176	4.7068589E-004
1.335926	4.7978899E-004
1.336676	4.8646453E-004
1.337426	4.9138855E-004
1.338176	4.9281929E-004
1.338926	4.9177074E-004
1.339676	4.8834702E-004
1.340426	4.8256674E-004
1.341176	4.7445006E-004
1.341926	4.6418051E-004
1.342675	4.5181945E-004
1.343425	4.3447112E-004
1.344175	4.1811998E-004
1.344925	4.0021547E-004
1.345675	3.8099143E-004
1.346425	3.6064661E-004
1.347175	3.3942205E-004
1.347925	3.1314397E-004
1.348675	2.9082579E-004
1.349425	2.6838083E-004
1.350175	2.4606939E-004
1.350925	2.2413730E-004
1.351675	2.0281324E-004
1.352425	1.7834554E-004
1.353175	1.5912320E-004
1.353925	1.4118441E-004
1.354675	1.2470878E-004
1.355425	1.0986046E-004
1.356175	9.4419396E-005
1.356925	8.3637897E-005
1.357675	7.4876225E-005
1.358425	6.8215770E-005
1.359174	6.3680833E-005
1.359924	6.1133665E-005
1.360675	6.1382896E-005
1.361424	6.3777035E-005
1.362174	6.8278874E-005
1.362924	7.4793352E-005
1.363674	8.5170956E-005
1.364424	9.5781907E-005
1.365174	1.0805974E-004
1.365924	1.2183518E-004
1.366674	1.4011748E-004
1.367424	1.5659985E-004
1.368174	1.7399012E-004
1.368924	1.9211099E-004
1.369674	2.1451738E-004
1.370424	2.3348811E-004
1.371174	2.5249267E-004
1.371924	2.7130567E-004
1.372674	2.9340075E-004
1.373424	3.1113223E-004
1.374174	3.2802267E-004
1.374924	3.4391790E-004
1.375674	3.6146955E-004
1.376424	3.7457523E-004
1.377174	3.8617707E-004
1.377923	3.9799724E-004
1.378673	4.0593292E-004
1.379423	4.1205107E-004
1.380173	4.1625890E-004
1.380923	4.1883581E-004
1.381673	4.1880284E-004
1.382423	4.1684968E-004
1.383173	4.1204103E-004
1.383923	4.0591383E-004
1.384673	3.9807861E-004
1.385423	3.8852767E-004
1.386173	3.7503737E-004
1.386923	3.6218579E-004
1.387673	3.4803344E-004
1.388423	3.2959136E-004
1.389173	3.1314266E-004
1.389923	2.9594087E-004
1.390673	2.7453143E-004
1.391423	2.5627052E-004
1.392173	2.3783118E-004
1.392923	2.1573550E-004
1.393673	1.9755744E-004
1.394423	1.7980229E-004
1.395172	1.5931655E-004
1.395923	1.4310099E-004
1.396672	1.2784978E-004
1.397422	1.1102529E-004
1.398172	9.8393481E-005
1.398922	8.7145592E-005
1.399672	7.5635144E-005
1.400422	6.7793429E-005
1.401172	6.1088045E-005
1.401922	5.6800480E-005
1.402672	5.4250202E-005
1.403422	5.3517921E-005
1.404172	5.4836692E-005
1.404922	5.7866946E-005
1.405672	6.3724809E-005
1.406422	7.0364360E-005
1.407172	8.0320024E-005
1.407922	9.0166977E-005
1.408672	1.0129830E-004
1.409422	1.1617014E-004
1.410172	1.2966817E-004
1.410922	1.4697296E-004
1.411672	1.6211472E-004
1.412422	1.7776196E-004
1.413172	1.9696214E-004
1.413921	2.1309310E-004
1.414671	2.3240825E-004
1.415421	2.4823041E-004
1.416171	2.6667674E-004
1.416921	2.8139204E-004
1.417671	2.9537050E-004
1.418421	3.1094800E-004
1.419171	3.2279996E-004
1.419921	3.3543960E-004
1.420671	3.4459418E-004
1.421421	3.5375729E-004
1.422171	3.5975830E-004
1.422921	3.6498535E-004
1.423671	3.6758318E-004
1.424421	3.6858753E-004
1.425171	3.6771415E-004
1.425921	3.6521524E-004
1.426671	3.6019544E-004
1.427421	3.5433532E-004
1.428171	3.4543819E-004
1.428921	3.3652259E-004
1.429671	3.2419310E-004
1.430421	3.1264810E-004
1.431171	2.9747622E-004
1.431921	2.8389425E-004
1.43267	2.6663273E-004
1.43342	2.5163364E-004
1.43417	2.3312053E-004
1.43492	2.1742549E-004
1.43567	1.9851830E-004
1.43642	1.8285871E-004
1.43717	1.6444545E-004
1.43792	1.4956493E-004
1.43867	1.3248804E-004
1.43942	1.1905617E-004
1.44017	1.0409582E-004
1.44092	9.2724360E-005
1.44167	8.0544189E-005
1.44242	7.1723218E-005
1.44317	6.2864296E-005
1.44392	5.6979454E-005
1.44467	5.1791947E-005
1.44542	4.9071914E-005
1.44617	4.7757498E-005
1.44692	4.8281603E-005
1.44767	5.0862142E-005
1.44842	5.5470762E-005
1.44917	6.0838946E-005
1.449919	6.8996698E-005
1.450669	7.7153709E-005
1.451419	8.8428693E-005
1.452169	9.8946941E-005
1.452919	1.1277340E-004
1.453669	1.2514506E-004
1.454419	1.4082427E-004
1.455169	1.5722304E-004
1.455919	1.7123434E-004
1.456669	1.8831716E-004
1.457419	2.0256519E-004
1.458169	2.1949428E-004
1.458919	2.3601216E-004
1.459669	2.4929526E-004
1.460419	2.6447434E-004
1.461169	2.7635685E-004
1.461919	2.8951629E-004
1.462669	3.0129036E-004
1.463419	3.0992576E-004
1.464169	3.1880973E-004
1.464919	3.2487113E-004
1.465669	3.3042973E-004
1.466419	3.3410056E-004
1.467169	3.3562051E-004
1.467919	3.3568410E-004
1.468668	3.3421075E-004
1.469418	3.3065473E-004
1.470168	3.2521287E-004
1.470918	3.1929626E-004
1.471668	3.1060464E-004
1.472418	3.0032051E-004
1.473168	2.9059337E-004
1.473918	2.7771981E-004
1.474668	2.6369901E-004
1.475418	2.5125465E-004
1.476168	2.3560254E-004
1.476918	2.1934167E-004
1.477668	2.0549890E-004
1.478418	1.8870938E-004
1.479168	1.7196838E-004
1.479918	1.5819343E-004
1.480668	1.4206754E-004
1.481418	1.2658183E-004
1.482168	1.1430345E-004
1.482918	1.0050606E-004
1.483668	8.7880930E-005
1.484418	7.8379060E-005
1.485168	6.8312904E-005
1.485917	5.9832422E-005
1.486667	5.4045868E-005
1.487417	4.8721959E-005
1.488167	4.5205070E-005
1.488917	4.3543820E-005
1.489667	4.3590102E-005
1.490417	4.5349705E-005
1.491167	4.8938440E-005
1.491917	5.3280735E-005
1.492667	6.0057995E-005
1.493417	6.8440830E-005
1.494167	7.8326848E-005
1.494917	8.7600129E-005
1.495667	9.9856530E-005
1.496417	1.1317224E-004
1.497167	1.2493935E-004
1.497917	1.3972350E-004
1.498667	1.5504316E-004
1.499417	1.7069982E-004
1.500167	1.8384194E-004
1.500917	1.9954197E-004
1.501667	2.1498938E-004
1.502417	2.3000069E-004
1.503167	2.4198239E-004
1.503917	2.5563399E-004
1.504666	2.6828289E-004
1.505416	2.7981086E-004
1.506166	2.8841253E-004
1.506916	2.9745908E-004
1.507666	3.0499516E-004
1.508416	3.1093750E-004
1.509166	3.1513456E-004
1.509916	3.1732608E-004
1.510666	3.1834410E-004
1.511416	3.1764052E-004
1.512166	3.1509498E-004
1.512916	3.1087478E-004
1.513666	3.0604083E-004
1.514416	2.9882678E-004
1.515166	2.9004843E-004
1.515916	2.7991724E-004
1.516666	2.6851086E-004
1.517416	2.5812499E-004
1.518166	2.4478565E-004
1.518916	2.3061926E-004
1.519666	2.1581771E-004
1.520416	2.0056478E-004
1.521165	1.8505625E-004
1.521915	1.7206992E-004
1.522666	1.5659964E-004
1.523415	1.4141609E-004
1.524165	1.2671629E-004
1.524915	1.1268250E-004
1.525665	9.9485871E-005
1.526415	8.9245266E-005
1.527165	7.8006073E-005
1.527915	6.8029134E-005
1.528665	5.9450147E-005
1.529415	5.2355521E-005
1.530165	4.6852430E-005
1.530915	4.2981119E-005
1.531665	4.1054402E-005
1.532415	4.0302311E-005
1.533165	4.1275478E-005
1.533915	4.3948687E-005
1.534665	4.8293448E-005
1.535415	5.4241427E-005
1.536165	6.1734383E-005
1.536915	7.0658156E-005
1.537665	7.9115562E-005
1.538415	9.0375834E-005
1.539165	1.0272370E-004
1.539914	1.1599447E-004
1.540664	1.3002848E-004
1.541414	1.4465830E-004
1.542164	1.5968093E-004
1.542914	1.7493746E-004
1.543664	1.9022902E-004
1.544414	2.0537067E-004
1.545164	2.2018825E-004
1.545914	2.3212706E-004
1.546664	2.4587571E-004
1.547414	2.5876198E-004
1.548164	2.7069720E-004
1.548914	2.8146699E-004
1.549664	2.9101453E-004
1.550414	2.9918502E-004
1.551164	3.0586161E-004
1.551914	3.1099835E-004
1.552664	3.1452446E-004
1.553414	3.1637785E-004
1.554164	3.1659607E-004
1.554914	3.1510065E-004
1.555664	3.1198800E-004
1.556414	3.0724771E-004
1.557163	3.0091763E-004
1.557914	2.9314670E-004
1.558663	2.8397192E-004
1.559413	2.7350459E-004
1.560163	2.6188380E-004
1.560913	2.4926502E-004
1.561663	2.3579050E-004
1.562413	2.2401377E-004
1.563163	2.0938599E-004
1.563913	1.9438312E-004
1.564663	1.7917418E-004
1.565413	1.6395935E-004
1.566163	1.4889434E-004
1.566913	1.3417484E-004
1.567663	1.1998126E-004
1.568413	1.0430742E-004
1.569163	9.1811889E-005
1.569913	8.0343678E-005
1.570663	7.0041751E-005
1.571413	6.1031416E-005
1.572163	5.3420274E-005
1.572913	4.7296915E-005
1.573663	4.2742726E-005
1.574413	3.9811392E-005
1.575163	3.8540071E-005
1.575912	3.8949362E-005
1.576662	4.1037711E-005
1.577412	4.4781140E-005
1.578162	5.0147293E-005
1.578912	5.7062760E-005
1.579662	6.5462373E-005
1.580412	7.5246637E-005
1.581162	8.6311498E-005
1.581912	9.8522927E-005
1.582662	1.1175000E-004
1.583412	1.2583603E-004
1.584162	1.4062207E-004
1.584912	1.5594473E-004
1.585662	1.7162466E-004
1.586412	1.9014311E-004
1.587162	2.0600496E-004
1.587912	2.2162995E-004
1.588662	2.3687442E-004
1.589412	2.5154112E-004
1.590162	2.6548989E-004
1.590912	2.7856173E-004
1.591662	2.9056912E-004
1.592412	3.0056565E-004
1.593162	3.1020437E-004
1.593912	3.1972679E-004
1.594661	3.2619241E-004
1.595411	3.3110604E-004
1.596161	3.3438369E-004
1.596911	3.3596589E-004
1.597661	3.3586894E-004
1.598411	3.3404617E-004
1.599161	3.3059681E-004
1.599911	3.2545347E-004
1.600661	3.1750923E-004
1.601411	3.0903265E-004
1.602161	2.9916977E-004
1.602911	2.8803910E-004
1.603661	2.7574031E-004
1.604411	2.6240392E-004
1.605161	2.4821001E-004
1.605911	2.3078339E-004
1.606661	2.1527856E-004
1.607411	1.9943675E-004
1.608161	1.8344853E-004
1.608911	1.6749403E-004
1.609661	1.5175162E-004
1.610411	1.3391530E-004
1.611161	1.1926088E-004
1.61191	1.0538287E-004
1.61266	9.2448507E-005
1.61341	8.0610625E-005
1.61416	6.8362053E-005
1.61491	5.9361202E-005
1.61566	5.1840125E-005
1.61641	4.5919682E-005
1.61716	4.1657837E-005
1.61791	3.9119634E-005
1.61866	3.8402672E-005
1.61941	3.9708986E-005
1.62016	4.2816566E-005
1.62091	4.7680740E-005
1.62166	5.5538516E-005
1.62241	6.4065025E-005
1.62316	7.4163967E-005
1.62391	8.5746593E-005
1.62466	9.8677789E-005
1.62541	1.1531975E-004
1.62616	1.3073641E-004
1.62691	1.4705272E-004
1.62766	1.6410059E-004
1.62841	1.8469439E-004
1.62916	2.0269286E-004
1.62991	2.2086436E-004
1.630659	2.3901509E-004
1.631409	2.5987253E-004
1.632159	2.7725523E-004
1.632909	2.9404060E-004
1.633659	3.0996415E-004
1.634409	3.2727231E-004
1.635159	3.4090181E-004
1.635909	3.5316660E-004
1.636659	3.6395775E-004
1.637409	3.7459622E-004
1.638159	3.8184374E-004
1.638909	3.8739003E-004
1.639659	3.9100504E-004
1.640409	3.9290640E-004
1.641159	3.9248128E-004
1.641909	3.9013341E-004
1.642659	3.8503509E-004
1.643409	3.7861572E-004
1.644159	3.7046397E-004
1.644909	3.5883993E-004
1.645659	3.4716688E-004
1.646409	3.3402533E-004
1.647159	3.1958942E-004
1.647908	3.0133445E-004
1.648658	2.8461026E-004
1.649408	2.6713763E-004
1.650158	2.4603683E-004
1.650908	2.2754761E-004
1.651658	2.0889926E-004
1.652408	1.8725284E-004
1.653158	1.6899654E-004
1.653908	1.5125780E-004
1.654658	1.3148274E-004
1.655408	1.1553549E-004
1.656158	1.0071976E-004
1.656908	8.5098211E-005
1.657658	7.3327581E-005
1.658408	6.3200212E-005
1.659158	5.3647665E-005
1.659908	4.7526162E-005
1.660658	4.2934695E-005
1.661408	4.1270767E-005
1.662158	4.1741980E-005
1.662908	4.5051678E-005
1.663658	5.0236908E-005
1.664408	5.7584712E-005
1.665158	6.8838330E-005
1.665908	8.0683254E-005
1.666657	9.6970944E-005
1.667407	1.1290379E-004
1.668157	1.3052476E-004
1.668907	1.5301764E-004
1.669657	1.7376126E-004
1.670407	1.9938881E-004
1.671157	2.2236543E-004
1.671907	2.4605007E-004
1.672657	2.7425436E-004
1.673407	2.9870463E-004
1.674157	3.2716556E-004
1.674907	3.5128073E-004
1.675657	3.7487189E-004
1.676407	4.0135733E-004
1.677157	4.2299234E-004
1.677907	4.4660925E-004
1.678657	4.6531623E-004
1.679407	4.8495692E-004
1.680157	4.9983308E-004
1.680907	5.1259511E-004
1.681657	5.2472606E-004
1.682407	5.3265411E-004
1.683156	5.3883385E-004
1.683906	5.4147054E-004
1.684657	5.4136937E-004
1.685406	5.3848710E-004
1.686156	5.3200079E-004
1.686906	5.2374625E-004
1.687656	5.1305845E-004
1.688406	4.9773563E-004
1.689156	4.8220754E-004
1.689906	4.6164944E-004
1.690656	4.4197470E-004
1.691406	4.1704022E-004
1.692156	3.9415827E-004
1.692906	3.6602889E-004
1.693656	3.4101590E-004
1.694406	3.1112667E-004
1.695156	2.8519769E-004
1.695906	2.5502976E-004
1.696656	2.2954037E-004
1.697406	2.0066781E-004
1.698156	1.7697318E-004
1.698906	1.5098559E-004
1.699656	1.3042762E-004
1.700406	1.0882629E-004
1.701156	9.2654394E-005
1.701905	7.6829907E-005
1.702655	6.6136206E-005
1.703405	5.7256944E-005
1.704155	5.2924282E-005
1.704905	5.1916493E-005
1.705655	5.5379467E-005
1.706405	6.2043357E-005
1.707155	7.4144853E-005
1.707905	8.8265391E-005
1.708655	1.0906775E-004
1.709405	1.3052195E-004
1.710155	1.5967755E-004
1.710905	1.8803919E-004
1.711655	2.2481882E-004
1.712405	2.6527647E-004
1.713155	3.0263333E-004
1.713905	3.4891654E-004
1.714655	3.9060504E-004
1.715405	4.4119905E-004
1.716155	4.8577489E-004
1.716905	5.3879985E-004
1.717655	5.8462215E-004
1.718405	6.3803070E-004
1.719154	6.9089589E-004
1.719905	7.3513063E-004
1.720654	7.8520301E-004
1.721404	8.2612329E-004
1.722154	8.7111181E-004
1.722904	9.1262924E-004
1.723654	9.4493339E-004
1.724404	9.7848102E-004
1.725154	1.0033421E-003
1.725904	1.0274028E-003
1.726654	1.0457020E-003
1.727404	1.0565454E-003
1.728154	1.0634410E-003
1.728904	1.0640256E-003
1.729654	1.0592981E-003
1.730404	1.0476458E-003
1.731154	1.0324687E-003
1.731904	1.0107730E-003
1.732654	9.8142447E-004
1.733404	9.5141830E-004
1.734154	9.1133022E-004
1.734904	8.6613750E-004
1.735654	8.2364492E-004
1.736404	7.7034120E-004
1.737154	7.1370171E-004
1.737903	6.6300761E-004
1.738653	6.0216972E-004
1.739403	5.4043869E-004
1.740153	4.8741305E-004
1.740903	4.2646550E-004
1.741653	3.6745513E-004
1.742403	3.1926035E-004
1.743153	2.6682598E-004
1.743903	2.1958169E-004
1.744653	1.8410785E-004
1.745403	1.4960456E-004
1.746153	1.2367881E-004
1.746903	1.0909719E-004
1.747653	1.0210218E-004
1.748403	1.0686185E-004
1.749153	1.2444855E-004
1.749903	1.5052524E-004
1.750653	1.9456525E-004
1.751403	2.5414984E-004
1.752153	3.1817288E-004
1.752903	4.0857567E-004
1.753653	5.1649124E-004
1.754403	6.2330923E-004
1.755153	7.6503144E-004
1.755903	9.2542800E-004
1.756652	1.1047344E-003
1.757402	1.2733577E-003
1.758152	1.4875297E-003
1.758902	1.7201978E-003
1.759652	1.9714469E-003
1.760402	2.2005218E-003
1.761152	2.4840268E-003
1.761902	2.7842410E-003
1.762652	3.1001449E-003
1.763402	3.3826011E-003
1.764152	3.7247567E-003
1.764902	4.0797857E-003
1.765652	4.4465852E-003
1.766402	4.7681350E-003
1.767152	5.1518884E-003
1.767902	5.5429046E-003
1.768652	5.9390301E-003
1.769402	6.3397838E-003
1.770152	6.6842502E-003
1.770902	7.0874821E-003
1.771652	7.4897036E-003
1.772402	7.8885853E-003
1.773152	8.2265316E-003
1.773901	8.6156875E-003
1.774651	8.9961877E-003
1.775401	9.3665905E-003
1.776151	9.7265439E-003
1.776901	1.0024863E-002
1.777651	1.0358215E-002
1.778401	1.0676566E-002
1.779151	1.0976411E-002
1.779901	1.1258705E-002
1.780651	1.1518807E-002
1.781401	1.1725252E-002
1.782151	1.1946891E-002
1.782901	1.2144594E-002
1.783651	1.2317663E-002
1.784401	1.2466597E-002
1.785151	1.2589538E-002
1.785901	1.2673550E-002
1.786651	1.2748693E-002
1.787401	1.2798003E-002
1.788151	1.2819202E-002
1.788901	1.2815121E-002
1.789651	1.2783520E-002
1.790401	1.2726193E-002
1.791151	1.2657306E-002
1.791901	1.2552412E-002
1.79265	1.2424847E-002
1.7934	1.2272780E-002
1.79415	1.2097105E-002
1.7949	1.1899730E-002
1.79565	1.1680918E-002
1.7964	1.1477082E-002
1.79715	1.1223492E-002
1.7979	1.0951526E-002
1.79865	1.0662860E-002
1.7994	1.0361447E-002
1.80015	1.0044465E-002
1.8009	9.7161951E-003
1.80165	9.3777347E-003
1.8024	9.0292413E-003
1.80315	8.6738402E-003
1.8039	8.3647445E-003
1.80465	7.9994407E-003
1.8054	7.6308027E-003
1.80615	7.2617289E-003
1.8069	6.8915361E-003
1.80765	6.5221405E-003
1.8084	6.1560790E-003
1.80915	5.7932273E-003
1.809899	5.4353899E-003
1.810649	5.0842594E-003
1.811399	4.7400030E-003
1.812149	4.4047101E-003
1.812899	4.0783486E-003
1.813649	3.7622338E-003
1.814399	3.4580543E-003
1.815149	3.2055504E-003
1.815899	2.9227303E-003
1.816649	2.6530474E-003
1.817399	2.3965882E-003
1.818149	2.1534115E-003
1.818899	1.9242029E-003
1.819649	1.7091519E-003
1.820399	1.5084211E-003
1.821149	1.3214716E-003
1.821899	1.1490079E-003
1.822649	9.9029299E-004
1.823399	8.4536488E-004
1.824149	7.1396405E-004
1.824899	5.9564278E-004
1.825649	4.9008988E-004
1.826399	3.9679144E-004
1.827149	3.1526684E-004
1.827899	2.4496909E-004
1.828648	1.8532583E-004
1.829398	1.3569143E-004
1.830148	9.5456991E-005
1.830898	6.3966465E-005
1.831648	4.0539933E-005
1.832398	2.4492587E-005
1.833148	1.5155641E-005
1.833898	1.1835607E-005
1.834648	1.3875775E-005
1.835398	2.0596983E-005
1.836148	3.1368883E-005
1.836898	4.5548888E-005
1.837648	6.2537161E-005
1.838398	8.1758073E-005
1.839148	1.0576392E-004
1.839898	1.2795655E-004
1.840648	1.5076266E-004
1.841398	1.7373412E-004
1.842148	1.9647549E-004
1.842898	2.1861412E-004
1.843648	2.3979438E-004
1.844398	2.5840040E-004
1.845147	2.7699760E-004
1.845897	2.9390745E-004
1.846647	3.0897206E-004
1.847397	3.2204518E-004
1.848147	3.3296630E-004
1.848897	3.4171494E-004
1.849647	3.4823371E-004
1.850397	3.5296218E-004
1.851147	3.5472252E-004
1.851897	3.5430052E-004
1.852647	3.5177043E-004
1.853397	3.4726394E-004
1.854147	3.4083187E-004
1.854897	3.3262759E-004
1.855647	3.2284192E-004
1.856397	3.1154841E-004
1.857147	2.9706472E-004
1.857897	2.8322410E-004
1.858647	2.6840909E-004
1.859397	2.5283927E-004
1.860147	2.3670925E-004
1.860897	2.2015873E-004
1.861647	2.0337608E-004
1.862397	1.8654404E-004
1.863147	1.6744969E-004
1.863896	1.5097667E-004
1.864646	1.3493579E-004
1.865396	1.1943376E-004
1.866146	1.0456396E-004
1.866896	9.0463647E-005
1.867646	7.7227851E-005
1.868396	6.3231018E-005
1.869146	5.2050520E-005
1.869896	4.1937874E-005
1.870646	3.2912700E-005
1.871396	2.4998177E-005
1.872146	1.8210867E-005
1.872896	1.1828922E-005
1.873646	7.4312929E-006
1.874396	4.1147914E-006
1.875146	1.8447179E-006
1.875896	5.7361950E-007
1.876646	2.7510097E-007
1.877396	9.5517987E-007
1.878146	2.4419762E-006
1.878896	4.6607856E-006
1.879646	7.5366625E-006
1.880396	1.1518696E-005
1.881145	1.5518957E-005
1.881896	1.9916264E-005
1.882645	2.4619145E-005
1.883395	2.9547644E-005
1.884145	3.5355286E-005
1.884895	4.0490457E-005
1.885645	4.5600096E-005
1.886395	5.0622391E-005
1.887145	5.5476088E-005
1.887895	6.0739843E-005
1.888645	6.5045948E-005
1.889395	6.9006739E-005
1.890145	7.2581126E-005
1.890895	7.6159740E-005
1.891645	7.8801626E-005
1.892395	8.0961421E-005
1.893145	8.2629638E-005
1.893895	8.3929976E-005
1.894645	8.4516774E-005
1.895395	8.4605083E-005
1.896145	8.4201274E-005
1.896895	8.3149804E-005
1.897645	8.1735227E-005
1.898395	7.9901685E-005
1.899145	7.7303303E-005
1.899894	7.4644755E-005
1.900644	7.1649090E-005
1.901394	6.8374757E-005
1.902144	6.4323751E-005
1.902894	6.0555678E-005
1.903644	5.6636429E-005
1.904394	5.2015632E-005
1.905144	4.7898262E-005
1.905894	4.3760043E-005
1.906644	3.9635623E-005
1.907394	3.4994991E-005
1.908144	3.1037638E-005
1.908894	2.7218033E-005
1.909644	2.3054268E-005
1.910394	1.9630510E-005
1.911144	1.6429931E-005
1.911894	1.3077668E-005
1.912644	1.0431241E-005
1.913394	8.0728532E-006
1.914144	5.7422062E-006
1.914894	4.0277760E-006
1.915644	2.6244950E-006
1.916394	1.3985189E-006
1.917144	6.5429600E-007
1.917894	2.0933879E-007
1.918643	5.4618191E-008
1.919393	2.1460887E-007
1.920143	6.3435988E-007
1.920893	1.4097410E-006
1.921643	2.3243351E-006
1.922393	3.6103268E-006
1.923143	4.9215023E-006
1.923893	6.3790126E-006
1.924643	8.1938406E-006
1.925393	9.8825576E-006
1.926143	1.1639647E-005
1.926893	1.3696358E-005
1.927643	1.5512382E-005
1.928393	1.7574139E-005
1.929143	1.9339661E-005
1.929893	2.1043814E-005
1.930643	2.2898552E-005
1.931393	2.4410636E-005
1.932143	2.5994936E-005
1.932893	2.7233176E-005
1.933643	2.8328410E-005
1.934393	2.9384912E-005
1.935143	3.0127321E-005
1.935892	3.0771269E-005
1.936642	3.1136220E-005
1.937392	3.1324937E-005
1.938142	3.1322186E-005
1.938892	3.1127769E-005
1.939642	3.0730280E-005
1.940392	3.0186962E-005
1.941142	2.9379551E-005
1.941892	2.8518796E-005
1.942642	2.7520751E-005
1.943392	2.6236783E-005
1.944142	2.5001180E-005
1.944892	2.3475552E-005
1.945642	2.2065075E-005
1.946392	2.0378804E-005
1.947142	1.8862194E-005
1.947892	1.7103146E-005
1.948642	1.5558540E-005
1.949392	1.3803533E-005
1.950142	1.2298729E-005
1.950892	1.0629212E-005
1.951642	9.2280025E-006
1.952392	7.7116374E-006
1.953142	6.4721589E-006
1.953892	5.3249314E-006
1.954641	4.1366034E-006
1.955391	3.2128896E-006
1.956141	2.2981585E-006
1.956891	1.6255033E-006
1.957641	1.0077772E-006
1.958391	6.0034591E-007
1.959141	2.8714229E-007
1.959891	1.4498251E-007
1.960641	1.2932263E-007
1.961391	2.3992308E-007
1.962141	5.0087323E-007
1.962891	8.9633266E-007
1.963641	1.3442982E-006
1.964391	1.9613497E-006
1.965141	2.5828767E-006
1.965891	3.3735826E-006
1.966641	4.1249223E-006
1.967391	5.0365416E-006
1.968141	5.8683841E-006
1.968891	6.8456366E-006
1.969641	7.7077875E-006
1.970391	8.6920800E-006
1.971141	9.5388277E-006
1.97189	1.0478560E-005
1.97264	1.1371994E-005
1.97339	1.2106532E-005
1.97414	1.2881750E-005
1.97489	1.3495383E-005
1.97564	1.4114564E-005
1.97639	1.4578458E-005
1.97714	1.5015371E-005
1.97789	1.5344207E-005
1.97864	1.5542686E-005
1.97939	1.5668737E-005
1.98014	1.5684118E-005
1.98089	1.5598987E-005
1.98164	1.5437920E-005
1.98239	1.5155309E-005
1.98314	1.4772457E-005
1.98389	1.4357432E-005
1.98464	1.3805785E-005
1.98539	1.3259390E-005
1.98614	1.2568940E-005
1.98689	1.1819338E-005
1.98764	1.1122381E-005
1.98839	1.0289145E-005
1.98914	9.4272809E-006
1.98989	8.6595637E-006
1.990639	7.7762970E-006
1.991389	7.0054634E-006
1.992139	6.1405331E-006
1.992889	5.3013441E-006
1.993639	4.5959214E-006
1.994389	3.8300191E-006
1.995139	3.1183199E-006
1.995889	2.5440484E-006
1.996639	1.9514605E-006
1.997389	1.4307283E-006
1.998139	1.0397307E-006
1.998889	6.6899770E-007
1.999639	3.8226253E-007
2.000389	2.0149572E-007
2.001139	7.6018374E-008
2.001889	3.6051851E-008
2.002639	6.9937549E-008
2.003389	1.8536697E-007
2.004139	3.7850430E-007
2.004889	6.0797475E-007
2.005639	9.3427451E-007
2.006389	1.3230207E-006
2.007138	1.7087887E-006
2.007889	2.1954875E-006
2.008638	2.7235776E-006
2.009388	3.2121752E-006
2.010138	3.7939894E-006
2.010888	4.3921118E-006
2.011638	4.9978648E-006
2.012388	5.5273617E-006
2.013138	6.1235082E-006
2.013888	6.7033948E-006
2.014638	7.1907116E-006
2.015388	7.7172999E-006
2.016138	8.2045981E-006
2.016888	8.6487062E-006
2.017638	8.9954556E-006
2.018388	9.3391727E-006
2.019138	9.6241856E-006
2.019888	9.8480095E-006
2.020638	9.9892641E-006
2.021388	1.0089015E-005
2.022138	1.0122037E-005
2.022888	1.0100087E-005
2.023638	1.0012183E-005
2.024388	9.8599321E-006
2.025137	9.6452459E-006
2.025887	9.4110919E-006
2.026638	9.0894682E-006
2.027387	8.7155586E-006
2.028137	8.2973493E-006
2.028887	7.8403264E-006
2.029637	7.4105928E-006
2.030387	6.8953818E-006
2.031137	6.3574839E-006
2.031887	5.8059950E-006
2.032637	5.3164322E-006
2.033387	4.7557278E-006
2.034137	4.1997550E-006
2.034887	3.6556928E-006
2.035637	3.1314732E-006
2.036387	2.6917151E-006
2.037137	2.2185247E-006
2.037887	1.7802648E-006
2.038637	1.3823957E-006
2.039387	1.0288913E-006
2.040137	7.2394641E-007
2.040887	4.9872455E-007
2.041637	2.9136353E-007
2.042387	1.3917960E-007
2.043137	4.3199428E-008
2.043886	3.7053023E-009
2.044636	1.5104570E-008
2.045386	7.9795107E-008
2.046136	1.9800176E-007
2.046886	3.6725305E-007
2.047636	5.8474211E-007
2.048386	8.4717362E-007
2.049136	1.1501297E-006
2.049886	1.4452896E-006
2.050636	1.8123827E-006
2.051386	2.2065296E-006
2.052136	2.6223122E-006
2.052886	3.0537990E-006
2.053636	3.4956320E-006
2.054386	3.9416336E-006
2.055136	4.3307746E-006
2.055886	4.7694552E-006
2.056636	5.1971761E-006
2.057386	5.6061881E-006
2.058136	5.9932813E-006
2.058886	6.3532570E-006
2.059636	6.6831590E-006
2.060385	6.9764483E-006
2.061136	7.2305997E-006
2.061886	7.4188115E-006
2.062635	7.5939142E-006
2.063385	7.7225177E-006
2.064135	7.8044086E-006
2.064885	7.8380290E-006
2.065635	7.8246931E-006
2.066385	7.7623617E-006
2.067135	7.6545257E-006
2.067885	7.5017883E-006
2.068635	7.3068550E-006
2.069385	7.0710598E-006
2.070135	6.7980254E-006
2.070885	6.5305389E-006
2.071635	6.1983860E-006
2.072385	5.8394630E-006
2.073135	5.4592779E-006
2.073885	5.0610611E-006
2.074635	4.6513696E-006
2.075385	4.2338711E-006
2.076135	3.8145859E-006
2.076885	3.3968176E-006
2.077635	2.9869864E-006
2.078385	2.5887848E-006
2.079134	2.2077825E-006
2.079885	1.8473306E-006
2.080634	1.5111269E-006
2.081384	1.2039379E-006
2.082134	9.2855078E-007
2.082884	6.8785181E-007
2.083634	4.8449760E-007
2.084384	3.2037272E-007
2.085134	1.9707268E-007
2.085884	1.1549310E-007
2.086634	7.6310066E-008
2.087384	7.9658726E-008
2.088134	1.2509319E-007
2.088884	2.1142139E-007
2.089634	3.3755958E-007
2.090384	5.0142501E-007
2.091134	7.0083490E-007
2.091884	9.3313281E-007
2.092634	1.1952339E-006
2.093384	1.4837537E-006
2.094134	1.7952958E-006
2.094884	2.1256228E-006
2.095634	2.4490216E-006
2.096384	2.8045017E-006
2.097134	3.1669113E-006
2.097883	3.5319676E-006
2.098634	3.8944381E-006
2.099383	4.2510992E-006
2.100133	4.5973047E-006
2.100883	4.9298906E-006
2.101633	5.2434521E-006
2.102383	5.5358032E-006
2.103133	5.8025357E-006
2.103883	6.0423540E-006
2.104633	6.2510858E-006
2.105383	6.4466080E-006
2.106133	6.5835602E-006
2.106883	6.6838415E-006
2.107633	6.7465903E-006
2.108383	6.7712203E-006
2.109133	6.7593828E-006
2.109883	6.7088959E-006
2.110633	6.6214557E-006
2.111383	6.4974238E-006
2.112133	6.3405564E-006
2.112883	6.1504288E-006
2.113633	5.9306317E-006
2.114383	5.6500235E-006
2.115133	5.3751314E-006
2.115882	5.0798149E-006
2.116632	4.7661697E-006
2.117382	4.4386893E-006
2.118132	4.1008711E-006
2.118882	3.7562304E-006
2.119632	3.4093689E-006
2.120382	3.0638425E-006
2.121132	2.6810017E-006
2.121882	2.3511141E-006
2.122632	2.0329705E-006
2.123382	1.7319271E-006
2.124132	1.4495510E-006
2.124882	1.1904031E-006
2.125632	9.5586279E-007
2.126382	7.2540826E-007
2.127132	5.5250990E-007
2.127882	4.1113174E-007
2.128632	3.0294467E-007
2.129382	2.2871620E-007
2.130132	1.8927649E-007
2.130882	1.8486782E-007
2.131632	2.2121247E-007
2.132382	2.8986963E-007
2.133132	3.9163461E-007
2.133882	5.2545676E-007
2.134631	6.8925169E-007
2.135381	9.0723785E-007
2.136131	1.1283477E-006
2.136881	1.3725810E-006
2.137631	1.6369077E-006
2.138381	1.9184065E-006
2.139131	2.2140000E-006
2.139881	2.5593163E-006
2.140631	2.8735144E-006
2.141381	3.1911841E-006
2.142131	3.5085047E-006
2.142881	3.8609446E-006
2.143631	4.1665853E-006
2.144381	4.4614949E-006
2.145131	4.7420422E-006
2.145881	5.0054573E-006
2.146631	5.2792784E-006
2.147381	5.4975935E-006
2.148131	5.6908643E-006
2.148881	5.8568785E-006
2.149631	6.0109369E-006
2.150381	6.1131859E-006
2.15113	6.1860164E-006
2.151881	6.2263593E-006
2.15263	6.2343979E-006
2.15338	6.2053177E-006
2.15413	6.1445535E-006
2.15488	6.0536195E-006
2.15563	5.9145755E-006
2.15638	5.7606567E-006
2.15713	5.5799769E-006
2.15788	5.3746476E-006
2.15863	5.1176412E-006
2.15938	4.8678180E-006
2.16013	4.6014316E-006
2.16088	4.3197365E-006
2.16163	3.9902811E-006
2.16238	3.7083767E-006
2.16313	3.4034069E-006
2.16388	3.0585090E-006
2.16463	2.7544042E-006
2.16538	2.4561355E-006
2.16613	2.1665542E-006
2.16688	1.8548515E-006
2.16763	1.5927882E-006
2.16838	1.3488092E-006
2.16913	1.0978538E-006
2.169879	8.9937834E-007
2.17063	7.2522528E-007
2.171379	5.6113453E-007
2.172129	4.4467754E-007
2.172879	3.5745225E-007
2.173629	2.9510585E-007
2.174379	2.7202651E-007
2.175129	2.7942650E-007
2.175879	3.2400635E-007
2.176629	3.9542277E-007
2.177379	4.9576619E-007
2.178129	6.4197621E-007
2.178879	7.9957027E-007
2.179629	9.8174269E-007
2.180379	1.2133036E-006
2.181129	1.4405894E-006
2.181879	1.6851782E-006
2.182629	1.9783031E-006
2.183379	2.2514764E-006
2.184129	2.5334266E-006
2.184879	2.8579823E-006
2.185629	3.1490613E-006
2.186378	3.4761069E-006
2.187129	3.7626212E-006
2.187878	4.0426121E-006
2.188628	4.3459918E-006
2.189378	4.6022083E-006
2.190128	4.8425591E-006
2.190878	5.0917365E-006
2.191628	5.2909290E-006
2.192378	5.4898001E-006
2.193128	5.6403610E-006
2.193878	5.7782709E-006
2.194628	5.8717055E-006
2.195378	5.9378458E-006
2.196128	5.9772597E-006
2.196878	5.9812460E-006
2.197628	5.9511644E-006
2.198378	5.8943815E-006
2.199128	5.8086071E-006
2.199878	5.6804215E-006
2.200628	5.5388450E-006
2.201378	5.3502777E-006
2.202128	5.1599377E-006
2.202878	4.9205191E-006
2.203628	4.6892442E-006
2.204378	4.4096505E-006
2.205127	4.1480571E-006
2.205878	3.8757657E-006
2.206627	3.5622306E-006
2.207377	3.2788030E-006
2.208127	2.9582275E-006
2.208877	2.6756261E-006
2.209627	2.3639386E-006
2.210377	2.0946404E-006
2.211127	1.8046734E-006
2.211877	1.5619155E-006
2.212627	1.3079456E-006
2.213377	1.1018553E-006
2.214127	8.9433564E-007
2.214877	7.3410638E-007
2.215627	5.8272718E-007
2.216377	4.7553280E-007
2.217127	3.9483496E-007
2.217877	3.3707659E-007
2.218627	3.1468221E-007
2.219377	3.2464891E-007
2.220127	3.6945619E-007
2.220877	4.3846075E-007
2.221627	5.4799170E-007
2.222377	6.7260231E-007
2.223126	8.3187331E-007
2.223876	1.0052377E-006
2.224627	1.2250988E-006
2.225376	1.4406568E-006
2.226126	1.7029275E-006
2.226876	1.9509368E-006
2.227626	2.2436548E-006
2.228376	2.5130753E-006
2.229126	2.8231636E-006
2.229876	3.1019151E-006
2.230626	3.4153195E-006
2.231376	3.6907027E-006
2.232126	3.9939182E-006
2.232876	4.2859983E-006
2.233626	4.5332331E-006
2.234376	4.7944582E-006
2.235126	5.0096255E-006
2.235876	5.2291803E-006
2.236626	5.4020188E-006
2.237376	5.5695332E-006
2.238126	5.7072912E-006
2.238876	5.8022010E-006
2.239626	5.8773740E-006
2.240376	5.9158042E-006
2.241126	5.9261879E-006
2.241875	5.9070662E-006
2.242625	5.8518735E-006
2.243375	5.7634511E-006
2.244125	5.6579347E-006
2.244875	5.5091809E-006
2.245625	5.3520193E-006
2.246375	5.1493357E-006
2.247125	4.9218752E-006
2.247875	4.7010426E-006
2.248625	4.4351204E-006
2.249375	4.1844733E-006
2.250125	3.8903127E-006
2.250875	3.5866492E-006
2.251625	3.3120943E-006
2.252375	3.0011399E-006
2.253125	2.6922328E-006
2.253875	2.4216190E-006
2.254625	2.1256922E-006
2.255375	1.8420084E-006
2.256125	1.6027954E-006
2.256875	1.3508757E-006
2.257625	1.1455692E-006
2.258374	9.3765658E-007
2.259125	7.5638906E-007
2.259875	6.1931604E-007
2.260624	4.9430071E-007
2.261374	4.0122347E-007
2.262124	3.4634016E-007
2.262874	3.1672405E-007
2.263624	3.2137484E-007
2.264374	3.5415763E-007
2.265124	4.2308091E-007
2.265874	5.2491964E-007
2.266624	6.4203903E-007
2.267374	8.0253875E-007
2.268124	9.9156284E-007
2.268874	1.2065934E-006
2.269624	1.4175675E-006
2.270374	1.6748512E-006
2.271124	1.9499782E-006
2.271874	2.2071117E-006
2.272624	2.5069457E-006
2.273374	2.8153358E-006
2.274124	3.0926838E-006
2.274874	3.4057364E-006
2.275624	3.7161099E-006
2.276374	4.0199993E-006
2.277123	4.2818824E-006
2.277874	4.5644015E-006
2.278623	4.8302304E-006
2.279373	5.0627909E-006
2.280123	5.2638056E-006
2.280873	5.4665625E-006
2.281623	5.6419012E-006
2.282373	5.7730826E-006
2.283123	5.8923479E-006
2.283873	5.9786053E-006
2.284623	6.0325215E-006
2.285373	6.0508423E-006
2.286123	6.0395155E-006
2.286873	5.9950626E-006
2.287623	5.9171939E-006
2.288373	5.8064775E-006
2.289123	5.6818685E-006
2.289873	5.5132705E-006
2.290623	5.3173812E-006
2.291373	5.0967374E-006
2.292123	4.8802704E-006
2.292873	4.6184455E-006
2.293622	4.3390141E-006
2.294373	4.0465629E-006
2.295123	3.7433288E-006
2.295872	3.4679729E-006
2.296623	3.1548734E-006
2.297372	2.8415254E-006
2.298122	2.5328386E-006
2.298872	2.2312167E-006
2.299622	1.9720712E-006
2.300372	1.6941320E-006
2.301122	1.4334528E-006
2.301872	1.1935809E-006
2.302622	9.7691247E-007
2.303372	8.0586074E-007
2.304122	6.3994486E-007
2.304872	5.0384830E-007
2.305622	3.9931871E-007
2.306372	3.2777618E-007
2.307122	2.8984175E-007
2.307872	2.8492070E-007
2.308622	3.1181185E-007
2.309372	3.7267421E-007
2.310122	4.6717267E-007
2.310872	5.9400088E-007
2.311622	7.5199409E-007
2.312371	9.3917544E-007
2.313122	1.1284468E-006
2.313871	1.3650154E-006
2.314621	1.6239428E-006
2.315372	1.9024632E-006
2.316121	2.1973776E-006
2.316871	2.5051108E-006
2.317621	2.8224601E-006
2.318371	3.1458617E-006
2.319121	3.4347290E-006
2.319871	3.7590385E-006
2.320621	4.0791051E-006
2.321371	4.3901346E-006
2.322121	4.6896553E-006
2.322871	4.9732557E-006
2.323621	5.2387491E-006
2.324371	5.4834200E-006
2.325121	5.7026718E-006
2.325871	5.8951073E-006
2.326621	6.0419725E-006
2.327371	6.1775045E-006
2.328121	6.2821769E-006
2.328871	6.3525322E-006
2.329621	6.3884559E-006
2.330371	6.3899374E-006
2.33112	6.3565326E-006
2.331871	6.2929489E-006
2.33262	6.1930864E-006
2.33337	6.0599732E-006
2.33412	5.8960395E-006
2.33487	5.7032621E-006
2.33562	5.4835623E-006
2.33637	5.2384503E-006
2.33712	4.9719879E-006
2.33787	4.6856539E-006
2.33862	4.4179442E-006
2.33937	4.1059388E-006
2.34012	3.7843154E-006
2.34087	3.4575708E-006
2.34162	3.1288666E-006
2.34237	2.8025829E-006
2.34312	2.4810931E-006
2.34387	2.1692981E-006
2.34462	1.8705094E-006
2.34537	1.5883753E-006
2.34612	1.3254099E-006
2.34687	1.0856013E-006
2.34762	8.7095981E-007
2.34837	6.8437936E-007
2.349119	5.2789449E-007
2.349869	4.0335786E-007
2.35062	3.1262334E-007
2.351369	2.5649953E-007
2.352119	2.3602573E-007
2.352869	2.5131479E-007
2.353619	3.0235640E-007
2.354369	3.8903065E-007
2.355119	5.1028991E-007
2.355869	6.6499530E-007
2.356619	8.5151601E-007
2.357369	1.0681536E-006
2.358119	1.3124188E-006
2.358869	1.6131739E-006
2.359619	1.8735361E-006
2.360369	2.2199999E-006
2.361119	2.5483967E-006
2.361869	2.8889963E-006
2.362619	3.2375053E-006
2.363369	3.5908636E-006
2.364119	3.9447918E-006
2.364869	4.2956945E-006
2.365619	4.6405685E-006
2.366369	4.9737482E-006
2.367119	5.2934693E-006
2.367868	5.5946280E-006
2.368618	5.8757901E-006
2.369368	6.1328028E-006
2.370118	6.3621969E-006
2.370868	6.5622930E-006
2.371618	6.7479386E-006
2.372368	6.8793961E-006
2.373118	6.9762209E-006
2.373868	7.0366673E-006
2.374618	7.0587707E-006
2.375368	7.0447722E-006
2.376118	6.9929474E-006
2.376868	6.9051789E-006
2.377618	6.7819810E-006
2.378368	6.6233156E-006
2.379118	6.4097731E-006
2.379868	6.1837022E-006
2.380618	5.9308054E-006
2.381368	5.6686581E-006
2.382118	5.3683025E-006
2.382868	5.0493222E-006
2.383618	4.7141648E-006
2.384367	4.3673067E-006
2.385118	3.9717879E-006
2.385868	3.6110309E-006
2.386617	3.2503610E-006
2.387367	2.8936058E-006
2.388117	2.5442637E-006
2.388867	2.2070353E-006
2.389617	1.8851197E-006
2.390367	1.5494649E-006
2.391117	1.2715703E-006
2.391867	1.0195990E-006
2.392617	7.9650130E-007
2.393367	6.0499957E-007
2.394117	4.4710995E-007
2.394867	3.1379864E-007
2.395617	2.3324390E-007
2.396367	1.9117650E-007
2.397117	1.8839840E-007
2.397867	2.2518233E-007
2.398617	3.1233560E-007
2.399367	4.3186066E-007
2.400117	5.8925082E-007
2.400867	7.8313553E-007
2.401617	1.0116607E-006
2.402367	1.3037213E-006
2.403116	1.5979168E-006
2.403867	1.9192803E-006
2.404616	2.2642037E-006
2.405366	2.6294372E-006
2.406116	3.0548661E-006
2.406866	3.4504665E-006
2.407616	3.8547610E-006
2.408366	4.2634815E-006
2.409116	4.6720061E-006
2.409866	5.1212319E-006
2.410616	5.5162955E-006
2.411366	5.8986234E-006
2.412116	6.2642666E-006
2.412866	6.6466823E-006
2.413616	6.9642192E-006
2.414366	7.2537860E-006
2.415116	7.5125427E-006
2.415866	7.7609948E-006
2.416616	7.9466281E-006
2.417366	8.0925774E-006
2.418116	8.1993685E-006
2.418866	8.2699125E-006
2.419616	8.2878569E-006
2.420366	8.2644028E-006
2.421116	8.1889020E-006
2.421865	8.0757281E-006
2.422616	7.9239226E-006
2.423365	7.7315990E-006
2.424115	7.4760869E-006
2.424865	7.2093731E-006
2.425615	6.9095936E-006
2.426365	6.5442155E-006
2.427115	6.2086642E-006
2.427865	5.8321239E-006
2.428615	5.4390698E-006
2.429365	4.9858545E-006
2.430115	4.5687057E-006
2.430865	4.1474791E-006
2.431615	3.6799802E-006
2.432365	3.2642854E-006
2.433115	2.8582235E-006
2.433865	2.4235410E-006
2.434615	2.0519551E-006
2.435365	1.7034664E-006
2.436115	1.3480711E-006
2.436865	1.0604458E-006
2.437615	8.0716893E-007
2.438365	5.6953712E-007
2.439115	3.9790908E-007
2.439864	2.6872206E-007
2.440614	1.7699398E-007
2.441364	1.4252302E-007
2.442114	1.5474180E-007
2.442864	2.2323681E-007
2.443614	3.3440597E-007
2.444364	5.1203699E-007
2.445114	7.1946289E-007
2.445864	9.7025941E-007
2.446614	1.2974861E-006
2.447364	1.6327057E-006
2.448114	2.0035550E-006
2.448864	2.4538108E-006
2.449614	2.8892150E-006
2.450364	3.4010136E-006
2.451114	3.8823337E-006
2.451864	4.3794721E-006
2.452614	4.9430182E-006
2.453364	5.4565180E-006
2.454114	5.9694498E-006
2.454864	6.5337085E-006
2.455614	7.0303668E-006
2.456364	7.5645721E-006
2.457114	8.0249683E-006
2.457864	8.5054508E-006
2.458613	8.9069727E-006
2.459363	9.2739119E-006
2.460113	9.6386811E-006
2.460863	9.9236549E-006
2.461613	1.0185822E-005
2.462363	1.0373798E-005
2.463113	1.0523763E-005
2.463863	1.0605336E-005
2.464613	1.0634847E-005
2.465363	1.0606284E-005
2.466113	1.0525859E-005
2.466863	1.0375094E-005
2.467613	1.0186222E-005
2.468363	9.9195859E-006
2.469113	9.6289259E-006
2.469863	9.2570581E-006
2.470613	8.8784063E-006
2.471363	8.4398262E-006
2.472113	7.9910533E-006
2.472863	7.5148137E-006
2.473613	6.9584216E-006
2.474363	6.4403762E-006
2.475112	5.8493310E-006
2.475863	5.3116473E-006
2.476612	4.7132939E-006
2.477362	4.1807302E-006
2.478112	3.6031720E-006
2.478862	3.1011248E-006
2.479612	2.5709028E-006
2.480362	2.1238643E-006
2.481112	1.6675750E-006
2.481862	1.2978562E-006
2.482612	9.3861479E-007
2.483362	6.6572636E-007
2.484112	4.2347861E-007
2.484862	2.6319165E-007
2.485612	1.5291477E-007
2.486362	1.1628833E-007
2.487112	1.4790763E-007
2.487862	2.5577350E-007
2.488612	4.1854577E-007
2.489362	6.7147630E-007
2.490112	9.6293377E-007
2.490862	1.3554824E-006
2.491612	1.7677968E-006
2.492362	2.2879981E-006
2.493112	2.8080726E-006
2.493861	3.4384166E-006
2.494612	4.1185140E-006
2.495361	4.7662074E-006
2.496111	5.5200107E-006
2.496861	6.2217896E-006
2.497611	7.0205178E-006
2.498361	7.7492041E-006
2.499111	8.5618685E-006
2.499861	9.2895707E-006
2.500611	1.0083185E-005
2.501361	1.0854234E-005
2.502111	1.1520885E-005
2.502861	1.2223550E-005
2.503611	1.2816081E-005
2.504361	1.3420050E-005
2.505111	1.3963770E-005
2.505861	1.4392533E-005
2.506611	1.4798739E-005
2.507361	1.5095079E-005
2.508111	1.5347858E-005
2.508861	1.5511911E-005
2.509611	1.5581294E-005
2.51036	1.5573869E-005
2.511111	1.5486734E-005
2.51186	1.5304906E-005
2.51261	1.5048646E-005
2.513361	1.4732523E-005
2.51411	1.4301975E-005
2.51486	1.3792475E-005
2.51561	1.3269498E-005
2.51636	1.2622962E-005
2.51711	1.1918137E-005
2.51786	1.1236748E-005
2.51861	1.0438258E-005
2.51936	9.6879139E-006
2.52011	8.8304478E-006
2.52086	7.9574538E-006
2.52161	7.1690015E-006
2.52236	6.2971885E-006
2.52311	5.4420980E-006
2.52386	4.6959626E-006
2.52461	3.9044444E-006
2.52536	3.1616626E-006
2.52611	2.5438596E-006
2.52686	1.9233526E-006
2.52761	1.3813831E-006
2.52836	9.2697672E-007
2.529109	5.9945870E-007
2.52986	3.3237183E-007
2.530609	1.7369089E-007
2.531359	1.2734995E-007
2.532109	1.8705958E-007
2.532859	3.6615251E-007
2.533609	6.3076595E-007
2.534359	1.0398287E-006
2.535109	1.5690118E-006
2.535859	2.2157992E-006
2.536609	2.8952270E-006
2.537359	3.7535438E-006
2.538109	4.7149374E-006
2.538859	5.6617341E-006
2.539609	6.7965179E-006
2.540359	8.0074633E-006
2.541109	9.2852551E-006
2.541859	1.0481887E-005
2.542609	1.1851726E-005
2.543359	1.3253714E-005
2.544109	1.4668399E-005
2.544859	1.5943173E-005
2.545609	1.7347113E-005
2.546359	1.8726241E-005
2.547108	2.0060974E-005
2.547858	2.1217853E-005
2.548609	2.2434389E-005
2.549358	2.3570126E-005
2.550108	2.4606679E-005
2.550858	2.5446760E-005
2.551608	2.6266982E-005
2.552358	2.6928192E-005
2.553108	2.7488868E-005
2.553858	2.7903397E-005
2.554608	2.8143670E-005
2.555358	2.8266082E-005
2.556108	2.8230432E-005
2.556858	2.8028991E-005
2.557608	2.7669716E-005
2.558358	2.7206921E-005
2.559108	2.6549573E-005
2.559858	2.5740290E-005
2.560608	2.4791025E-005
2.561358	2.3710569E-005
2.562108	2.2633645E-005
2.562858	2.1331538E-005
2.563608	1.9937192E-005
2.564358	1.8461675E-005
2.565108	1.6928538E-005
2.565857	1.5348920E-005
2.566607	1.3905783E-005
2.567357	1.2299459E-005
2.568107	1.0708691E-005
2.568857	9.1529091E-006
2.569607	7.6569131E-006
2.570357	6.3799575E-006
2.571107	5.0554581E-006
2.571857	3.8521462E-006
2.572607	2.7906219E-006
2.573357	1.8906103E-006
2.574107	1.1710337E-006
2.574857	6.4892697E-007
2.575607	3.4004105E-007
2.576357	2.5603126E-007
2.577107	3.8986482E-007
2.577857	7.7180823E-007
2.578607	1.4105167E-006
2.579357	2.3103216E-006
2.580107	3.4754732E-006
2.580857	4.9049759E-006
2.581607	6.5976524E-006
2.582356	8.3400055E-006
2.583107	1.0512440E-005
2.583857	1.2923528E-005
2.584606	1.5562204E-005
2.585356	1.8408711E-005
2.586106	2.1445783E-005
2.586856	2.4647223E-005
2.587606	2.7998767E-005
2.588356	3.1467935E-005
2.589106	3.5019966E-005
2.589856	3.8455237E-005
2.590606	4.1727919E-005
2.591356	4.5370401E-005
2.592106	4.8975129E-005
2.592856	5.2507239E-005
2.593606	5.5949105E-005
2.594356	5.9233666E-005
2.595106	6.2351311E-005
2.595856	6.5255328E-005
2.596606	6.7924069E-005
2.597356	7.0309914E-005
2.598106	7.2414237E-005
2.598856	7.4158626E-005
2.599606	7.5558739E-005
2.600356	7.6574994E-005
2.601105	7.7201279E-005
2.601856	7.7405755E-005
2.602605	7.7194476E-005
2.603355	7.6539785E-005
2.604105	7.5460499E-005
2.604855	7.3944277E-005
2.605605	7.2007977E-005
2.606355	6.9650530E-005
2.607105	6.6905348E-005
2.607855	6.4121457E-005
2.608605	6.0697515E-005
2.609355	5.6948888E-005
2.610105	5.2525982E-005
2.610855	4.8266986E-005
2.611605	4.4285414E-005
2.612355	3.9738909E-005
2.613105	3.4669436E-005
2.613855	3.0066241E-005
2.614605	2.5541647E-005
2.615355	2.1163754E-005
2.616105	1.7016775E-005
2.616855	1.3173725E-005
2.617604	9.7252396E-006
2.618355	6.7514402E-006
2.619105	4.3437162E-006
2.619854	2.5894328E-006
2.620605	1.5762333E-006
2.621354	1.3931765E-006
2.622104	2.1336807E-006
2.622854	3.8815710E-006
2.623604	6.7247988E-006
2.624354	1.0743955E-005
2.625104	1.6022941E-005
2.625854	2.2636286E-005
2.626604	3.0219602E-005
2.627354	3.9639654E-005
2.628104	5.0589060E-005
2.628854	6.3128631E-005
2.629604	7.8814643E-005
2.630354	9.4834468E-005
2.631104	1.1259128E-004
2.631854	1.3207234E-004
2.632604	1.5331182E-004
2.633354	1.7631662E-004
2.634104	2.0109113E-004
2.634854	2.2759802E-004
2.635604	2.5587808E-004
2.636353	2.8580526E-004
2.637104	3.1742448E-004
2.637853	3.5064467E-004
2.638603	3.8896871E-004
2.639353	4.2531657E-004
2.640103	4.6311587E-004
2.640853	5.0217315E-004
2.641603	5.4247037E-004
2.642353	5.8376812E-004
2.643103	6.2614307E-004
2.643853	6.6929089E-004
2.644603	7.1757374E-004
2.645353	7.6215161E-004
2.646103	8.0711098E-004
2.646853	8.5233425E-004
2.647603	8.9767296E-004
2.648353	9.4290305E-004
2.649103	9.8799518E-004
2.649853	1.0372967E-003
2.650603	1.0814430E-003
2.651353	1.1248206E-003
2.652103	1.1673641E-003
2.652853	1.2087960E-003
2.653603	1.2491064E-003
2.654353	1.2918196E-003
2.655102	1.3292917E-003
2.655853	1.3647310E-003
2.656602	1.3985857E-003
2.657352	1.4302942E-003
2.658102	1.4600484E-003
2.658852	1.4903601E-003
2.659602	1.5154374E-003
2.660352	1.5378551E-003
2.661102	1.5570354E-003
2.661852	1.5744497E-003
2.662602	1.5907135E-003
2.663352	1.6025794E-003
2.664102	1.6116289E-003
2.664852	1.6180411E-003
2.665602	1.6214650E-003
2.666352	1.6219224E-003
2.667102	1.6193331E-003
2.667852	1.6138095E-003
2.668602	1.6057234E-003
2.669352	1.5947355E-003
2.670102	1.5795542E-003
2.670852	1.5625899E-003
2.671602	1.5432091E-003
2.672352	1.5212997E-003
2.673101	1.4945605E-003
2.673851	1.4676767E-003
2.674601	1.4388054E-003
2.675351	1.4074828E-003
2.676101	1.3709564E-003
2.676851	1.3358577E-003
2.677601	1.2991339E-003
2.678351	1.2607827E-003
2.679101	1.2173217E-003
2.679851	1.1762989E-003
2.680601	1.1342614E-003
2.681351	1.0869333E-003
2.682101	1.0431926E-003
2.682851	9.9904847E-004
2.683601	9.5440948E-004
2.684351	9.0526784E-004
2.685101	8.6034398E-004
2.685851	8.1555644E-004
2.686601	7.7097845E-004
2.687351	7.2245294E-004
2.688101	6.7891111E-004
2.688851	6.3608750E-004
2.689601	5.9001520E-004
2.690351	5.4900994E-004
2.691101	5.0912931E-004
2.69185	4.6654342E-004
2.6926	4.2924072E-004
2.69335	3.9321324E-004
2.6941	3.5531135E-004
2.69485	3.2404170E-004
2.6956	2.9262941E-004
2.69635	2.5995850E-004
2.6971	2.3199453E-004
2.69785	2.0570405E-004
2.6986	1.7878204E-004
2.69935	1.5609850E-004
2.7001	1.3513739E-004
2.70085	1.1404633E-004
2.7016	9.6651522E-005
2.70235	8.0921869E-005
2.7031	6.5494954E-005
2.70385	5.3146250E-005
2.7046	4.2339158E-005
2.70535	3.2165597E-005
2.7061	2.4408813E-005
2.70685	1.8006591E-005
2.7076	1.2444768E-005
2.708349	8.6591663E-006
2.7091	5.7925781E-006
2.709849	4.2808670E-006
2.710599	3.7288069E-006
2.711349	4.1256758E-006
2.712099	5.3112785E-006
2.712849	7.1917707E-006
2.713599	9.9662575E-006
2.714349	1.3035776E-005
2.715099	1.6916401E-005
2.715849	2.0816475E-005
2.716599	2.4985258E-005
2.717349	2.9800394E-005
2.718099	3.4305522E-005
2.718849	3.9319337E-005
2.719599	4.3862707E-005
2.720349	4.8767895E-005
2.721099	5.3080235E-005
2.721849	5.7209745E-005
2.722599	6.1488492E-005
2.723349	6.5082328E-005
2.724099	6.8686168E-005
2.724849	7.1605129E-005
2.725599	7.4392919E-005
2.726349	7.6518569E-005
2.727098	7.8323450E-005
2.727849	7.9620891E-005
2.728598	8.0496386E-005
2.729348	8.0996848E-005
2.730098	8.1018268E-005
2.730848	8.0588943E-005
2.731598	7.9782869E-005
2.732348	7.8470825E-005
2.733098	7.6903365E-005
2.733848	7.4817573E-005
2.734598	7.2590243E-005
2.735348	6.9845948E-005
2.736098	6.7080196E-005
2.736848	6.3799744E-005
2.737598	6.0623061E-005
2.738348	5.6969599E-005
2.739098	5.3520751E-005
2.739848	4.9646762E-005
2.740598	4.6067707E-005
2.741348	4.2116575E-005
2.742098	3.8547005E-005
2.742848	3.4673427E-005
2.743598	3.1234231E-005
2.744348	2.7571334E-005
2.745097	2.4378358E-005
2.745847	2.1042939E-005
2.746598	1.8191458E-005
2.747347	1.5276877E-005
2.748097	1.2843579E-005
2.748847	1.0422314E-005
2.749597	8.4634448E-006
2.750347	6.5842273E-006
2.751097	5.1319043E-006
2.751847	3.8181934E-006
2.752597	2.8821714E-006
2.753347	2.1340027E-006
2.754097	1.7035164E-006
2.754847	1.4976224E-006
2.755597	1.5591787E-006
2.756347	1.8353926E-006
2.757097	2.3670059E-006
2.757847	3.0036310E-006
2.758597	3.9285269E-006
2.759347	4.9268983E-006
2.760097	6.1765136E-006
2.760847	7.5622784E-006
2.761597	8.9188861E-006
2.762347	1.0494890E-005
2.763097	1.1982247E-005
2.763846	1.3657543E-005
2.764596	1.5347567E-005
2.765346	1.6879163E-005
2.766096	1.8535313E-005
2.766846	1.9996152E-005
2.767596	2.1535843E-005
2.768346	2.2987004E-005
2.769096	2.4211437E-005
2.769846	2.5443149E-005
2.770596	2.6447058E-005
2.771346	2.7411063E-005
2.772096	2.8223269E-005
2.772846	2.8813542E-005
2.773596	2.9305467E-005
2.774346	2.9599403E-005
2.775096	2.9760038E-005
2.775846	2.9744990E-005
2.776596	2.9579733E-005
2.777346	2.9246847E-005
2.778096	2.8746688E-005
2.778846	2.8161205E-005
2.779596	2.7377690E-005
2.780345	2.6461796E-005
2.781096	2.5522257E-005
2.781846	2.4389006E-005
2.782595	2.3156896E-005
2.783345	2.1967109E-005
2.784095	2.0596375E-005
2.784845	1.9175905E-005
2.785595	1.7853135E-005
2.786345	1.6381648E-005
2.787095	1.4906966E-005
2.787845	1.3576902E-005
2.788595	1.2204186E-005
2.789345	1.0804476E-005
2.790095	9.5798296E-006
2.790845	8.2946663E-006
2.791595	7.0878468E-006
2.792345	6.0669158E-006
2.793095	5.0372910E-006
2.793845	4.1125504E-006
2.794595	3.3004212E-006
2.795345	2.6639202E-006
2.796095	2.0801506E-006
2.796845	1.6205175E-006
2.797595	1.3106861E-006
2.798345	1.0893812E-006
2.799094	9.9127521E-007
2.799845	1.0070507E-006
2.800594	1.1351353E-006
2.801344	1.3748354E-006
2.802094	1.7185750E-006
2.802844	2.1156973E-006
2.803594	2.6374353E-006
2.804344	3.2391333E-006
2.805094	3.9112738E-006
2.805844	4.5738457E-006
2.806594	5.3498511E-006
2.807344	6.1637961E-006
2.808094	7.0044362E-006
2.808844	7.7822679E-006
2.809594	8.6421942E-006
2.810344	9.4958523E-006
2.811094	1.0332475E-005
2.811844	1.1067549E-005
2.812594	1.1843153E-005
2.813344	1.2571295E-005
2.814094	1.3245861E-005
2.814844	1.3857575E-005
2.815593	1.4352687E-005
2.816344	1.4826845E-005
2.817094	1.5203496E-005
2.817843	1.5518775E-005
2.818594	1.5746013E-005
2.819343	1.5875801E-005
2.820093	1.5934156E-005
2.820843	1.5905951E-005
2.821593	1.5786332E-005
2.822343	1.5582164E-005
2.823093	1.5325395E-005
2.823843	1.4966446E-005
2.824593	1.4534578E-005
2.825343	1.4035062E-005
2.826093	1.3474471E-005
2.826843	1.2856489E-005
2.827593	1.2252439E-005
2.828343	1.1550567E-005
2.829093	1.0815898E-005
2.829843	1.0057218E-005
2.830593	9.2826022E-006
2.831343	8.5014672E-006
2.832093	7.7918394E-006
2.832843	7.0196584E-006
2.833593	6.2650397E-006
2.834342	5.5347646E-006
2.835093	4.8369793E-006
2.835842	4.1777835E-006
2.836592	3.5641222E-006
2.837343	3.0502856E-006
2.838092	2.5381507E-006
2.838842	2.0856837E-006
2.839592	1.6969833E-006
2.840342	1.3746250E-006
2.841092	1.1203063E-006
2.841842	9.3548761E-007
2.842592	8.2059438E-007
2.843342	7.7536509E-007
2.844092	7.9338969E-007
2.844842	8.7702159E-007
2.845592	1.0162695E-006
2.846342	1.2219443E-006
2.847092	1.4844429E-006
2.847842	1.7995644E-006
2.848592	2.1623755E-006
2.849342	2.5672061E-006
2.850092	3.0084339E-006
2.850842	3.4797883E-006
2.851592	3.9748948E-006
2.852342	4.4401640E-006
2.853091	4.9622854E-006
2.853842	5.4897173E-006
2.854591	6.0148363E-006
2.855341	6.5318773E-006
2.856091	7.0336469E-006
2.856841	7.5148123E-006
2.857591	7.9702286E-006
2.858341	8.3936329E-006
2.859091	8.7805902E-006
2.859841	9.1281345E-006
2.860591	9.4302277E-006
2.861341	9.6846752E-006
2.862091	9.8893670E-006
2.862841	1.0040978E-005
2.863591	1.0140106E-005
2.864341	1.0183366E-005
2.865091	1.0172668E-005
2.865841	1.0109378E-005
2.866591	9.9915369E-006
2.867341	9.8234659E-006
2.868091	9.6057120E-006
2.868841	9.3422968E-006
2.869591	9.0354597E-006
2.870341	8.6895534E-006
2.87109	8.3454170E-006
2.87184	7.9361871E-006
2.872591	7.4609111E-006
2.87334	7.0233800E-006
2.87409	6.5501217E-006
2.87484	6.0660332E-006
2.87559	5.5762648E-006
2.87634	5.0863400E-006
2.87709	4.6014188E-006
2.87784	4.1264502E-006
2.87859	3.6665076E-006
2.87934	3.2261692E-006
2.88009	2.8098943E-006
2.88084	2.4214862E-006
2.88159	2.0649536E-006
2.88234	1.7435319E-006
2.88309	1.4600720E-006
2.88384	1.2167501E-006
2.88459	1.0158434E-006
2.88534	8.5840293E-007
2.88609	7.4572438E-007
2.88684	6.7779553E-007
2.88759	6.5473637E-007
2.88834	6.7591191E-007
2.88909	7.4047415E-007
2.889839	8.4663156E-007
2.890589	9.9230101E-007
2.891339	1.1937449E-006
2.892089	1.4139732E-006
2.892839	1.6653752E-006
2.893589	1.9442434E-006
2.894339	2.2468989E-006
2.895089	2.5694151E-006
2.895839	2.9076689E-006
2.896589	3.2573835E-006
2.897339	3.6145402E-006
2.898089	3.9743059E-006
2.898839	4.3326677E-006
2.899589	4.7018298E-006
2.900339	5.0440290E-006
2.901089	5.3731028E-006
2.901839	5.6837994E-006
2.902589	5.9734507E-006
2.903339	6.2388908E-006
2.904089	6.4774140E-006
2.904839	6.6856105E-006
2.905589	6.8775325E-006
2.906338	7.0168289E-006
2.907089	7.1212826E-006
2.907839	7.1889917E-006
2.908588	7.2193857E-006
2.909338	7.2139092E-006
2.910088	7.1706841E-006
2.910838	7.0837555E-006
2.911588	6.9668877E-006
2.912338	6.8170211E-006
2.913088	6.6351804E-006
2.913838	6.4236929E-006
2.914588	6.1859773E-006
2.915338	5.8987966E-006
2.916088	5.6134368E-006
2.916838	5.3111967E-006
2.917588	4.9938176E-006
2.918338	4.6656132E-006
2.919088	4.3298442E-006
2.919838	3.9598967E-006
2.920588	3.6204151E-006
2.921338	3.2845830E-006
2.922088	2.9562493E-006
2.922838	2.6382161E-006
2.923588	2.3340558E-006
2.924338	2.0215280E-006
2.925087	1.7555914E-006
2.925838	1.5224525E-006
2.926587	1.3023382E-006
2.927337	1.0925413E-006
2.928087	9.2969981E-007
2.928837	7.9657372E-007
2.929587	6.9379251E-007
2.930337	6.2259801E-007
2.931087	5.8070106E-007
2.931837	5.7533867E-007
2.932587	6.0101445E-007
2.933337	6.5681343E-007
2.934087	7.5109813E-007
2.934837	8.6636288E-007
2.935587	1.0076571E-006
2.936337	1.1729242E-006
2.937087	1.3780597E-006
2.937837	1.5860946E-006
2.938587	1.8107194E-006
2.939337	2.0491441E-006
2.940087	2.3213870E-006
2.940837	2.5792281E-006
2.941586	2.8414827E-006
2.942337	3.1052896E-006
2.943087	3.3915151E-006
2.943836	3.6485440E-006
2.944587	3.8984654E-006
2.945336	4.1588041E-006
2.946086	4.3836199E-006
2.946836	4.5931247E-006
2.947586	4.7842818E-006
2.948336	4.9702685E-006
2.949086	5.1173347E-006
2.949836	5.2413279E-006
2.950586	5.3475264E-006
2.951336	5.4154830E-006
2.952086	5.4611874E-006
2.952836	5.4806897E-006
2.953586	5.4699276E-006
2.954336	5.4329712E-006
2.955086	5.3695694E-006
2.955836	5.2714413E-006
2.956586	5.1567977E-006
2.957336	5.0186786E-006
2.958086	4.8444681E-006
2.958836	4.6641994E-006
2.959586	4.4670574E-006
2.960335	4.2346810E-006
2.961086	4.0082987E-006
2.961835	3.7719963E-006
2.962585	3.5053656E-006
2.963335	3.2558876E-006
2.964085	2.9814807E-006
2.964835	2.7304088E-006
2.965585	2.4826013E-006
2.966335	2.2189620E-006
2.967085	1.9858319E-006
2.967835	1.7634314E-006
2.968585	1.5357389E-006
2.969335	1.3426309E-006
2.970085	1.1664044E-006
2.970835	9.9547992E-007
2.971585	8.5962483E-007
2.972335	7.3581481E-007
2.973085	6.4557031E-007
2.973835	5.7808933E-007
2.974585	5.3129907E-007
2.975335	5.1282052E-007
2.976085	5.1866874E-007
2.976835	5.4767685E-007
2.977585	5.9909246E-007
2.978335	6.7983586E-007
2.979084	7.7527727E-007
2.979835	9.0116646E-007
2.980584	1.0348133E-006
2.981334	1.1843065E-006
2.982084	1.3633405E-006
2.982834	1.5399115E-006
2.983584	1.7436208E-006
2.984334	1.9384220E-006
2.985084	2.1565484E-006
2.985834	2.3594239E-006
2.986584	2.5814936E-006
2.987334	2.7828144E-006
2.988084	2.9799767E-006
2.988834	3.1880768E-006
2.989584	3.3696374E-006
2.990334	3.5562578E-006
2.991084	3.7137002E-006
2.991834	3.8695630E-006
2.992584	3.9963188E-006
2.993334	4.1145754E-006
2.994084	4.2040310E-006
2.994834	4.2745810E-006
2.995584	4.3288560E-006
2.996334	4.3578884E-006
2.997083	4.3653849E-006
2.997833	4.3509440E-006
2.998583	4.3123418E-006
2.999333	4.2559518E-006
3.000083	4.1765347E-006
3.000833	4.0821615E-006
3.001583	3.9595625E-006
3.002333	3.8307576E-006
3.003083	3.6739300E-006
3.003833	3.5165187E-006
3.004583	3.3324591E-006
3.005333	3.1538630E-006
3.006083	2.9509210E-006
3.006833	2.7595831E-006
3.007583	2.5471643E-006
3.008333	2.3335444E-006
3.009083	2.1389244E-006
3.009833	1.9301542E-006
3.010583	1.7439341E-006
3.011333	1.5490849E-006
3.012083	1.3795644E-006
3.012833	1.2067617E-006
3.013583	1.0610743E-006
3.014333	9.1753009E-007
3.015083	8.0137204E-007
3.015832	6.9289990E-007
3.016582	6.1090498E-007
3.017332	5.4147324E-007
3.018082	4.9330464E-007
3.018832	4.6831386E-007
3.019582	4.6194455E-007
3.020332	4.7498710E-007
3.021082	5.0955373E-007
3.021832	5.5934589E-007
3.022582	6.3240537E-007
3.023332	7.1991343E-007
3.024082	8.1843518E-007
3.024832	9.4108213E-007
3.025582	1.0659387E-006
3.026332	1.2139072E-006
3.027082	1.3723846E-006
3.027832	1.5249321E-006
3.028582	1.6973516E-006
3.029332	1.8589440E-006
3.030082	2.0371249E-006
3.030832	2.2148804E-006
3.031582	2.3755572E-006
3.032331	2.5466434E-006
3.033082	2.6971627E-006
3.033831	2.8533959E-006
3.034581	2.9990872E-006
3.035331	3.1216598E-006
3.036081	3.2419866E-006
3.036831	3.3391834E-006
3.037581	3.4291420E-006
3.038331	3.5019063E-006
3.039081	3.5521628E-006
3.039831	3.5890350E-006
3.040581	3.6071494E-006
3.041331	3.6060919E-006
3.042081	3.5866235E-006
3.042831	3.5482958E-006
3.043581	3.4964849E-006
3.044331	3.4233874E-006
3.045081	3.3331137E-006
3.045831	3.2366875E-006
3.046581	3.1228831E-006
3.047331	2.9911234E-006
3.048081	2.8600753E-006
3.048831	2.7080735E-006
3.049581	2.5479283E-006
3.050331	2.3955940E-006
3.05108	2.2256670E-006
3.051831	2.0533089E-006
3.05258	1.8951212E-006
3.05333	1.7242841E-006
3.05408	1.5569459E-006
3.05483	1.3953605E-006
3.05558	1.2535594E-006
3.05633	1.1076495E-006
3.05708	9.7246084E-007
3.05783	8.5915423E-007
3.05858	7.4843115E-007
3.05933	6.5238635E-007
3.06008	5.7184565E-007
3.06083	5.1238999E-007
3.06158	4.6385696E-007
3.06233	4.3273971E-007
3.06308	4.1951029E-007
3.06383	4.2206227E-007
3.06458	4.4184776E-007
3.06533	4.7866297E-007
3.06608	5.2671936E-007
3.06683	5.9405727E-007
3.06758	6.7613058E-007
3.06833	7.7165043E-007
3.069079	8.6525711E-007
3.069829	9.8243436E-007
3.07058	1.1091482E-006
3.071329	1.2435831E-006
3.072079	1.3840737E-006
3.072829	1.5167291E-006
3.073579	1.6639092E-006
3.074329	1.8118559E-006
3.075079	1.9587640E-006
3.075829	2.0911070E-006
3.076579	2.2309964E-006
3.077329	2.3649604E-006
3.078079	2.4909727E-006
3.078829	2.6078073E-006
3.079579	2.7057990E-006
3.080329	2.8010545E-006
3.081079	2.8835518E-006
3.081829	2.9521368E-006
3.082579	3.0058188E-006
3.083329	3.0417107E-006
3.084079	3.0661174E-006
3.084829	3.0744650E-006
3.085579	3.0672768E-006
3.086329	3.0439130E-006
3.087079	3.0087751E-006
3.087828	2.9564251E-006
3.088578	2.8892755E-006
3.089328	2.8088502E-006
3.090078	2.7160199E-006
3.090828	2.6159448E-006
3.091578	2.5114957E-006
3.092328	2.3893626E-006
3.093078	2.2594249E-006
3.093828	2.1236126E-006
3.094578	1.9832687E-006
3.095328	1.8401798E-006
3.096078	1.6960973E-006
3.096828	1.5643367E-006
3.097578	1.4226708E-006
3.098328	1.2846676E-006
3.099078	1.1519692E-006
3.099828	1.0259052E-006
3.100578	9.0796362E-007
3.101328	7.9949507E-007
3.102078	7.0155141E-007
3.102828	6.2198262E-007
3.103578	5.4716043E-007
3.104327	4.8562140E-007
3.105078	4.3781270E-007
3.105828	4.0432795E-007
3.106577	3.8537726E-007
3.107327	3.8111136E-007
3.108077	3.9146946E-007
3.108827	4.1606202E-007
3.109577	4.5463915E-007
3.110327	5.0174225E-007
3.111077	5.6527352E-007
3.111827	6.4066893E-007
3.112577	7.2305994E-007
3.113327	8.1866852E-007
3.114077	9.2292731E-007
3.114827	1.0344093E-006
3.115577	1.1518532E-006
3.116327	1.2737592E-006
3.117077	1.3986787E-006
3.117827	1.5250719E-006
3.118577	1.6514234E-006
3.119327	1.7763172E-006
3.120077	1.8981949E-006
3.120827	2.0154473E-006
3.121577	2.1270123E-006
3.122327	2.2313748E-006
3.123076	2.3195341E-006
3.123827	2.4069939E-006
3.124576	2.4839464E-006
3.125326	2.5496436E-006
3.126076	2.6037637E-006
3.126826	2.6449516E-006
3.127576	2.6731338E-006
3.128326	2.6879006E-006
3.129076	2.6893083E-006
3.129826	2.6773894E-006
3.130576	2.6518621E-006
3.131326	2.6134580E-006
3.132076	2.5628806E-006
3.132826	2.5001641E-006
3.133576	2.4296376E-006
3.134326	2.3458419E-006
3.135076	2.2529764E-006
3.135826	2.1516612E-006
3.136576	2.0434750E-006
3.137326	1.9294116E-006
3.138076	1.8107041E-006
3.138826	1.6889624E-006
3.139575	1.5654169E-006
3.140326	1.4414866E-006
3.141076	1.3185555E-006
3.141825	1.1979527E-006
3.142576	1.0810955E-006
3.143325	9.6022518E-007
3.144075	8.5519309E-007
3.144825	7.5757492E-007
3.145575	6.6855762E-007
3.146325	5.8891249E-007
3.147075	5.1959972E-007
3.147825	4.6133579E-007
3.148575	4.1468698E-007
3.149325	3.8009324E-007
3.150075	3.5780104E-007
3.150825	3.4810336E-007
3.151575	3.5089278E-007
3.152325	3.6620014E-007
3.153075	3.9366245E-007
3.153825	4.3278953E-007
3.154575	4.8096621E-007
3.155325	5.4719646E-007
3.156075	6.1851040E-007
3.156825	6.9874511E-007
3.157575	7.8691187E-007
3.158324	8.8198237E-007
3.159075	9.8279315E-007
3.159824	1.0881082E-006
3.160574	1.1967472E-006
3.161325	1.3074443E-006
3.162074	1.4188506E-006
3.162824	1.5389984E-006
3.163574	1.6477950E-006
3.164324	1.7534281E-006
3.165074	1.8547088E-006
3.165824	1.9504473E-006
3.166574	2.0394921E-006
3.167324	2.1211731E-006
3.168074	2.1939359E-006
3.168824	2.2625700E-006
3.169574	2.3151615E-006
3.170324	2.3569937E-006
3.171074	2.3879068E-006
3.171824	2.4071908E-006
3.172574	2.4148073E-006
3.173324	2.4107517E-006
3.174074	2.3934247E-006
3.174824	2.3664800E-006
3.175574	2.3278158E-006
3.176324	2.2781830E-006
3.177073	2.2185982E-006
3.177824	2.1495075E-006
3.178573	2.0652035E-006
3.179323	1.9792039E-006
3.180073	1.8864134E-006
3.180823	1.7881159E-006
3.181573	1.6851939E-006
3.182323	1.5699374E-006
3.183073	1.4611322E-006
3.183823	1.3514383E-006
3.184573	1.2420287E-006
3.185323	1.1340020E-006
3.186073	1.0200956E-006
3.186823	9.1887529E-007
3.187573	8.2264728E-007
3.188323	7.3242956E-007
3.189073	6.4910876E-007
3.189823	5.6776560E-007
3.190573	5.0171224E-007
3.191323	4.4501309E-007
3.192073	3.9828680E-007
3.192823	3.5945430E-007
3.193573	3.3479898E-007
3.194323	3.2145292E-007
3.195072	3.1848828E-007
3.195822	3.2644235E-007
3.196573	3.4749996E-007
3.197322	3.7799845E-007
3.198072	4.1869350E-007
3.198822	4.6915363E-007
3.199572	5.3408701E-007
3.200322	6.0272527E-007
3.201072	6.7891403E-007
3.201822	7.6177884E-007
3.202572	8.5794801E-007
3.203322	9.5152620E-007
3.204072	1.0486197E-006
3.204822	1.1565310E-006
3.205572	1.2574959E-006
3.206322	1.3583815E-006
3.207072	1.4584762E-006
3.207822	1.5642972E-006
3.208572	1.6584578E-006
3.209322	1.7482441E-006
3.210072	1.8396823E-006
3.210822	1.9173383E-006
3.211572	1.9877375E-006
3.212322	2.0550824E-006
3.213072	2.1080000E-006
3.213821	2.1517437E-006
3.214571	2.1842966E-006
3.215321	2.2102106E-006
3.216071	2.2231457E-006
3.216821	2.2257411E-006
3.217571	2.2165866E-006
3.218321	2.1973315E-006
3.219071	2.1677556E-006
3.219821	2.1247477E-006
3.220571	2.0752880E-006
3.221321	2.0168941E-006
3.222071	1.9445142E-006
3.222821	1.8700808E-006
3.223571	1.7889456E-006
3.224321	1.6948619E-006
3.225071	1.6030118E-006
3.225821	1.5075473E-006
3.226571	1.4012343E-006
3.227321	1.3014588E-006
3.228071	1.2013910E-006
3.228821	1.0937558E-006
3.229571	9.9622514E-007
3.23032	8.9396275E-007
3.231071	8.0360081E-007
3.231821	7.1812622E-007
3.23257	6.3215816E-007
3.23332	5.6260473E-007
3.23407	4.9228862E-007
3.23482	4.3581281E-007
3.23557	3.8811027E-007
3.23632	3.4687059E-007
3.23707	3.1884329E-007
3.23782	2.9968638E-007
3.23857	2.9238069E-007
3.23932	2.9530588E-007
3.24007	3.0982599E-007
3.24082	3.3348496E-007
3.24157	3.6988948E-007
3.24232	4.1306231E-007
3.24307	4.6484948E-007
3.24382	5.3005584E-007
3.24457	5.9790256E-007
3.24532	6.7882598E-007
3.24607	7.5939039E-007
3.24682	8.5212139E-007
3.24757	9.4165534E-007
3.24832	1.0339731E-006
3.249069	1.1360336E-006
3.24982	1.2309854E-006
3.250569	1.3334566E-006
3.251319	1.4264972E-006
3.252069	1.5206862E-006
3.252819	1.6076878E-006
3.253569	1.6970224E-006
3.254319	1.7738557E-006
3.255069	1.8501696E-006
3.255819	1.9132328E-006
3.256569	1.9729603E-006
3.257319	2.0193038E-006
3.258069	2.0570988E-006
3.258819	2.0874613E-006
3.259569	2.1056842E-006
3.260319	2.1146059E-006
3.261069	2.1126550E-006
3.261819	2.0996670E-006
3.262569	2.0773180E-006
3.263319	2.0427160E-006
3.264069	2.0013119E-006
3.264819	1.9470790E-006
3.265568	1.8885820E-006
3.266319	1.8169917E-006
3.267069	1.7440808E-006
3.267818	1.6585811E-006
3.268569	1.5673347E-006
3.269318	1.4790090E-006
3.270068	1.3876277E-006
3.270818	1.2902976E-006
3.271568	1.1880869E-006
3.272318	1.0936237E-006
3.273068	9.9256067E-007
3.273818	9.0149700E-007
3.274568	8.0629593E-007
3.275318	7.2267630E-007
3.276068	6.3771455E-007
3.276818	5.6531491E-007
3.277568	4.9435823E-007
3.278318	4.3643641E-007
3.279068	3.8263033E-007
3.279818	3.3878001E-007
3.280568	3.0757477E-007
3.281318	2.8413837E-007
3.282068	2.7240674E-007
3.282818	2.7042617E-007
3.283568	2.7859284E-007
3.284317	2.9818230E-007
3.285068	3.2864213E-007
3.285817	3.6602114E-007
3.286567	4.1620061E-007
3.287317	4.7081255E-007
3.288067	5.3835657E-007
3.288817	6.1071978E-007
3.289567	6.8623916E-007
3.290317	7.7383845E-007
3.291067	8.5913445E-007
3.291817	9.5527776E-007
3.292567	1.0541538E-006
3.293317	1.1468190E-006
3.294067	1.2474796E-006
3.294817	1.3396948E-006
3.295567	1.4375910E-006
3.296317	1.5323328E-006
3.297067	1.6158534E-006
3.297817	1.7013570E-006
3.298567	1.7804422E-006
3.299317	1.8467365E-006
3.300067	1.9109245E-006
3.300817	1.9660094E-006
3.301567	2.0081345E-006
3.302317	2.0443226E-006
3.303066	2.0681366E-006
3.303817	2.0836153E-006
3.304566	2.0877947E-006
3.305316	2.0821931E-006
3.306066	2.0652626E-006
3.306816	2.0387092E-006
3.307566	2.0040761E-006
3.308316	1.9569352E-006
3.309066	1.9001526E-006
3.309816	1.8400533E-006
3.310566	1.7670428E-006
3.311316	1.6868764E-006
3.312066	1.6072443E-006
3.312816	1.5159375E-006
3.313566	1.4204752E-006
3.314316	1.3219279E-006
3.315066	1.2291978E-006
3.315816	1.1281383E-006
3.316566	1.0276714E-006
3.317316	9.3626619E-007
3.318066	8.4009770E-007
3.318816	7.4788147E-007
3.319566	6.6079645E-007
3.320316	5.8577075E-007
3.321065	5.1137351E-007
3.321815	4.4493277E-007
3.322565	3.9138260E-007
3.323315	3.4248799E-007
3.324065	3.0357938E-007
3.324815	2.7612279E-007
3.325565	2.5923072E-007
3.326315	2.5154463E-007
3.327065	2.5509306E-007
3.327815	2.6982812E-007
3.328565	2.9320535E-007
3.329315	3.2878435E-007
3.330065	3.7481922E-007
3.330815	4.3068982E-007
3.331565	4.9035731E-007
3.332315	5.6321869E-007
3.333065	6.4364127E-007
3.333815	7.3082941E-007
3.334565	8.1634363E-007
3.335315	9.1345220E-007
3.336065	1.0141387E-006
3.336815	1.1172142E-006
3.337565	1.2133286E-006
3.338315	1.3174116E-006
3.339065	1.4204437E-006
3.339814	1.5209333E-006
3.340564	1.6177863E-006
3.341314	1.7029912E-006
3.342064	1.7865515E-006
3.342814	1.8667433E-006
3.343564	1.9393115E-006
3.344314	2.0034452E-006
3.345064	2.0540917E-006
3.345814	2.0995187E-006
3.346564	2.1345620E-006
3.347314	2.1585306E-006
3.348064	2.1713074E-006
3.348814	2.1728872E-006
3.349564	2.1640544E-006
3.350314	2.1435662E-006
3.351064	2.1122726E-006
3.351814	2.0700502E-006
3.352564	2.0177490E-006
3.353314	1.9558129E-006
3.354064	1.8904767E-006
3.354814	1.8120546E-006
3.355564	1.7264084E-006
3.356313	1.6344782E-006
3.357064	1.5374018E-006
3.357813	1.4363764E-006
3.358563	1.3326239E-006
3.359313	1.2312203E-006
3.360063	1.1336349E-006
3.360813	1.0287100E-006
3.361563	9.2576579E-007
3.362313	8.2611973E-007
3.363063	7.3094412E-007
3.363813	6.4140664E-007
3.364563	5.5857635E-007
3.365313	4.8351484E-007
3.366063	4.2181509E-007
3.366813	3.6416299E-007
3.367563	3.1661733E-007
3.368313	2.7985899E-007
3.369063	2.5440747E-007
3.369813	2.4062558E-007
3.370563	2.3872164E-007
3.371313	2.4874996E-007
3.372063	2.7078579E-007
3.372813	3.0453967E-007
3.373563	3.4970836E-007
3.374313	4.0125505E-007
3.375062	4.6711418E-007
3.375813	5.3963805E-007
3.376562	6.2391257E-007
3.377312	7.1628085E-007
3.378062	8.1582897E-007
3.378812	9.2131529E-007
3.379562	1.0316616E-006
3.380312	1.1456070E-006
3.381062	1.2619356E-006
3.381812	1.3794875E-006
3.382562	1.4966648E-006
3.383312	1.6121840E-006
3.384062	1.7250233E-006
3.384812	1.8335633E-006
3.385562	1.9367794E-006
3.386312	2.0334028E-006
3.387062	2.1222072E-006
3.387812	2.2023471E-006
3.388562	2.2727625E-006
3.389312	2.3329508E-006
3.390062	2.3783091E-006
3.390812	2.4161591E-006
3.391562	2.4421540E-006
3.392312	2.4550168E-006
3.393061	2.4556973E-006
3.393811	2.4443805E-006
3.394562	2.4200549E-006
3.395311	2.3831876E-006
3.396061	2.3302648E-006
3.396811	2.2689571E-006
3.397561	2.2027211E-006
3.398311	2.1216174E-006
3.399061	2.0238019E-006
3.399811	1.9247504E-006
3.400561	1.8186239E-006
3.401311	1.7069010E-006
3.402061	1.5906863E-006
3.402811	1.4713050E-006
3.403561	1.3505115E-006
3.404311	1.2292579E-006
3.405061	1.1092117E-006
3.405811	9.9179954E-007
3.406561	8.7838669E-007
3.407311	7.7041813E-007
3.408061	6.6912804E-007
3.408811	5.7923660E-007
3.409561	4.9479428E-007
3.410311	4.2053932E-007
3.411061	3.5749915E-007
3.41181	3.0659064E-007
3.41256	2.6851657E-007
3.41331	2.4391497E-007
3.41406	2.3295839E-007
3.41481	2.3764117E-007
3.41556	2.5669848E-007
3.41631	2.9012321E-007
3.41706	3.3774157E-007
3.41781	3.9934801E-007
3.41856	4.7432269E-007
3.41931	5.6204004E-007
3.42006	6.6175812E-007
3.42081	7.7260785E-007
3.42156	8.9340529E-007
3.42231	1.0333644E-006
3.42306	1.1710041E-006
3.42381	1.3147364E-006
3.42456	1.4630511E-006
3.42531	1.6086018E-006
3.42606	1.7615313E-006
3.42681	1.9141517E-006
3.42756	2.0652453E-006
3.428309	2.2128829E-006
3.42906	2.3665671E-006
3.42981	2.5026206E-006
3.430559	2.6303201E-006
3.431309	2.7489023E-006
3.432059	2.8565087E-006
3.432809	2.9520447E-006
3.433559	3.0402221E-006
3.434309	3.1077436E-006
3.435059	3.1597490E-006
3.435809	3.1956056E-006
3.436559	3.2157766E-006
3.437309	3.2197447E-006
3.438059	3.2050405E-006
3.438809	3.1745676E-006
3.439559	3.1275511E-006
3.440309	3.0644192E-006
3.441059	2.9895266E-006
3.441809	2.8969948E-006
3.442559	2.7912533E-006
3.443309	2.6632310E-006
3.444059	2.5325819E-006
3.444809	2.3921500E-006
3.445559	2.2438801E-006
3.446309	2.0890532E-006
3.447058	1.9170618E-006
3.447809	1.7544992E-006
3.448558	1.5910605E-006
3.449308	1.4286497E-006
3.450058	1.2695136E-006
3.450808	1.1036743E-006
3.451558	9.5716825E-007
3.452308	8.1967494E-007
3.453058	6.9305298E-007
3.453808	5.7096656E-007
3.454558	4.7259928E-007
3.455308	3.9027481E-007
3.456058	3.2524918E-007
3.456808	2.7759685E-007
3.457558	2.5183908E-007
3.458308	2.4659892E-007
3.459058	2.6272107E-007
3.459808	3.0445963E-007
3.460558	3.6599829E-007
3.461308	4.4958526E-007
3.462058	5.5499015E-007
3.462808	6.9233806E-007
3.463557	8.4126458E-007
3.464308	1.0099882E-006
3.465058	1.1971404E-006
3.465807	1.4179127E-006
3.466558	1.6390740E-006
3.467307	1.8739133E-006
3.468057	2.1400954E-006
3.468807	2.3970874E-006
3.469557	2.6613823E-006
3.470307	2.9300725E-006
3.471057	3.2225807E-006
3.471807	3.4840116E-006
3.472557	3.7526288E-006
3.473307	4.0358418E-006
3.474057	4.2908437E-006
3.474807	4.5344550E-006
3.475557	4.7811245E-006
3.476307	4.9943783E-006
3.477057	5.1898169E-006
3.477807	5.3629910E-006
3.478557	5.5260070E-006
3.479307	5.6513340E-006
3.480057	5.7507991E-006
3.480807	5.8268834E-006
3.481557	5.8687820E-006
3.482306	5.8808241E-006
3.483057	5.8590895E-006
3.483806	5.8085948E-006
3.484556	5.7259904E-006
3.485307	5.6048621E-006
3.486056	5.4618345E-006
3.486806	5.2768146E-006
3.487556	5.0859426E-006
3.488306	4.8626557E-006
3.489056	4.5975321E-006
3.489806	4.3308746E-006
3.490556	4.0477585E-006
3.491306	3.7270165E-006
3.492056	3.4178947E-006
3.492806	3.1021896E-006
3.493556	2.7586659E-006
3.494306	2.4413953E-006
3.495056	2.1065964E-006
3.495806	1.8067165E-006
3.496556	1.5214540E-006
3.497306	1.2368945E-006
3.498056	9.9835984E-007
3.498806	7.7459759E-007
3.499556	6.0282611E-007
3.500306	4.7041127E-007
3.501055	3.7727335E-007
3.501806	3.4140768E-007
3.502555	3.6050591E-007
3.503305	4.3721190E-007
3.504055	5.7538074E-007
3.504805	7.9699436E-007
3.505555	1.0735315E-006
3.506305	1.4517436E-006
3.507055	1.8798108E-006
3.507805	2.4265687E-006
3.508555	3.0156059E-006
3.509305	3.7401858E-006
3.510055	4.4971594E-006
3.510805	5.3340973E-006
3.511555	6.3274665E-006
3.512305	7.3330143E-006
3.513055	8.5057018E-006
3.513805	9.6769400E-006
3.514555	1.1020794E-005
3.515305	1.2344415E-005
3.516055	1.3850417E-005
3.516805	1.5317106E-005
3.517555	1.6787879E-005
3.518305	1.8500958E-005
3.519054	2.0144453E-005
3.519804	2.1965183E-005
3.520555	2.3707133E-005
3.521304	2.5619413E-005
3.522054	2.7423355E-005
3.522804	2.9398179E-005
3.523554	3.1249965E-005
3.524304	3.3249009E-005
3.525054	3.5106765E-005
3.525804	3.7103629E-005
3.526554	3.8939852E-005
3.527304	4.0898991E-005
3.528054	4.2696600E-005
3.528804	4.4576409E-005
3.529554	4.6275083E-005
3.530304	4.8059726E-005
3.531054	4.9776896E-005
3.531804	5.1248080E-005
3.532554	5.2823067E-005
3.533304	5.4201100E-005
3.534054	5.5589175E-005
3.534804	5.6799923E-005
3.535554	5.7992318E-005
3.536304	5.9002865E-005
3.537054	5.9969851E-005
3.537803	6.0769515E-005
3.538553	6.1511528E-005
3.539303	6.2105333E-005
3.540053	6.2546358E-005
3.540803	6.2896317E-005
3.541553	6.3099586E-005
3.542303	6.3215542E-005
3.543053	6.3170810E-005
3.543803	6.3000894E-005
3.544553	6.2728897E-005
3.545303	6.2319719E-005
3.546053	6.1798462E-005
3.546803	6.1192193E-005
3.547553	6.0435294E-005
3.548303	5.9615515E-005
3.549053	5.8627258E-005
3.549803	5.7538608E-005
3.550553	5.6437693E-005
3.551303	5.5157598E-005
3.552053	5.3899588E-005
3.552803	5.2458363E-005
3.553553	5.0944549E-005
3.554302	4.9468050E-005
3.555053	4.7831014E-005
3.555803	4.6264660E-005
3.556552	4.4533568E-005
3.557302	4.2773096E-005
3.558052	4.1106494E-005
3.558802	3.9284845E-005
3.559552	3.7453050E-005
3.560302	3.5748584E-005
3.561052	3.3974236E-005
3.561802	3.2144959E-005
3.562552	3.0460780E-005
3.563302	2.8659990E-005
3.564052	2.7006485E-005
3.564802	2.5264571E-005
3.565552	2.3554376E-005
3.566302	2.2005470E-005
3.567052	2.0389303E-005
3.567802	1.8811805E-005
3.568552	1.7399594E-005
3.569302	1.5936143E-005
3.570052	1.4535640E-005
3.570802	1.3290967E-005
3.571552	1.2013412E-005
3.572302	1.0805942E-005
3.573051	9.7450284E-006
3.573802	8.6677410E-006
3.574551	7.6961987E-006
3.575301	6.8226418E-006
3.576051	5.9487807E-006
3.576801	5.1443494E-006
3.577551	4.4087615E-006
3.578301	3.7841580E-006
3.579051	3.1739519E-006
3.579801	2.6274963E-006
3.580551	2.1745075E-006
3.581301	1.7433323E-006
3.582051	1.3682169E-006
3.582801	1.0464306E-006
3.583551	7.9239982E-007
3.584301	5.6413563E-007
3.585051	3.8016714E-007
3.585801	2.4590497E-007
3.586551	1.3773702E-007
3.587301	6.3840815E-008
3.588051	2.0990925E-008
3.588801	6.2509011E-009
3.58955	1.3122722E-008
3.590301	4.1648594E-008
3.591051	8.8654808E-008
3.5918	1.5117277E-007
3.592551	2.2062747E-007
3.5933	3.0508883E-007
3.59405	3.9708419E-007
3.5948	4.9396976E-007
3.59555	5.8673078E-007
3.5963	6.8741548E-007
3.59705	7.8688061E-007
3.5978	8.8368245E-007
3.59855	9.6974350E-007
3.5993	1.0569239E-006
3.60005	1.1373152E-006
3.6008	1.2100359E-006
3.60155	1.2744954E-006
3.6023	1.3259993E-006
3.60305	1.3707592E-006
3.6038	1.4077906E-006
3.60455	1.4344661E-006
3.6053	1.4511111E-006
3.60605	1.4573781E-006
3.6068	1.4554350E-006
3.60755	1.4438059E-006
3.608299	1.4233339E-006
3.60905	1.3944544E-006
3.609799	1.3611260E-006
3.610549	1.3181633E-006
3.611299	1.2686521E-006
3.612049	1.2139235E-006
3.612799	1.1542186E-006
3.613549	1.0903947E-006
3.614299	1.0232810E-006
3.615049	9.5933945E-007
3.615799	8.8860492E-007
3.616549	8.1999400E-007
3.617299	7.4858389E-007
3.618049	6.7793633E-007
3.618799	6.0865966E-007
3.619549	5.4595188E-007
3.620299	4.8105329E-007
3.621049	4.1925952E-007
3.621799	3.6085387E-007
3.622549	3.0648113E-007
3.623299	2.5642871E-007
3.624049	2.1090928E-007
3.624799	1.7011098E-007
3.625549	1.3662336E-007
3.626299	1.0534284E-007
3.627048	7.9085588E-008
3.627799	5.7782515E-008
3.628548	4.1354486E-008
3.629298	2.9636404E-008
3.630048	2.2683873E-008
3.630798	1.9669789E-008
3.631548	2.0710278E-008
3.632298	2.5509838E-008
3.633048	3.3011929E-008
3.633798	4.4054872E-008
3.634548	5.7787862E-008
3.635298	7.3841960E-008
3.636048	9.1822933E-008
3.636798	1.1131377E-007
3.637548	1.3194297E-007
3.638298	1.5334665E-007
3.639048	1.7503011E-007
3.639798	1.9673556E-007
3.640548	2.1813986E-007
3.641298	2.3882785E-007
3.642048	2.5850872E-007
3.642798	2.7697729E-007
3.643548	2.9327958E-007
3.644298	3.0865033E-007
3.645047	3.2111217E-007
3.645797	3.3261745E-007
3.646547	3.4205789E-007
3.647297	3.4907106E-007
3.648047	3.5390184E-007
3.648797	3.5632070E-007
3.649547	3.5659065E-007
3.650297	3.5451637E-007
3.651047	3.5021318E-007
3.651797	3.4390774E-007
3.652547	3.3555457E-007
3.653297	3.2529772E-007
3.654047	3.1341958E-007
3.654797	2.9993276E-007
3.655547	2.8516396E-007
3.656297	2.6992706E-007
3.657047	2.5311462E-007
3.657797	2.3567506E-007
3.658547	2.1774875E-007
3.659297	1.9950080E-007
3.660047	1.8117179E-007
3.660797	1.6307871E-007
3.661547	1.4526331E-007
3.662297	1.2796480E-007
3.663047	1.1139216E-007
3.663796	9.5643749E-008
3.664546	8.0990844E-008
3.665296	6.7462871E-008
3.666046	5.4405021E-008
3.666796	4.3628514E-008
3.667546	3.4308876E-008
3.668296	2.6482443E-008
3.669046	2.0194371E-008
3.669796	1.5629393E-008
3.670546	1.2405227E-008
3.671296	1.0731816E-008
3.672046	1.0559345E-008
3.672796	1.1835080E-008
3.673546	1.4463414E-008
3.674296	1.8398882E-008
3.675046	2.3519949E-008
3.675796	2.9702070E-008
3.676546	3.6859614E-008
3.677296	4.4829790E-008
3.678046	5.4142529E-008
3.678796	6.3388022E-008
3.679546	7.3030698E-008
3.680295	8.2950535E-008
3.681046	9.2954060E-008
3.681795	1.0292352E-007
3.682545	1.1238360E-007
3.683295	1.2189032E-007
3.684045	1.3094231E-007
3.684795	1.3947174E-007
3.685545	1.4791341E-007
3.686295	1.5500554E-007
3.687045	1.6126825E-007
3.687795	1.6655611E-007
3.688545	1.7092904E-007
3.689295	1.7424473E-007
3.690045	1.7654556E-007
3.690795	1.7773304E-007
3.691545	1.7781744E-007
3.692295	1.7680171E-007
3.693045	1.7469543E-007
3.693795	1.7155536E-007
3.694545	1.6754029E-007
3.695295	1.6273594E-007
3.696045	1.5691145E-007
3.696795	1.4982646E-007
3.697545	1.4255917E-007
3.698295	1.3462100E-007
3.699044	1.2619478E-007
3.699795	1.1736280E-007
3.700544	1.0827925E-007
3.701294	9.8286904E-008
3.702044	8.8905637E-008
3.702794	7.9580985E-008
3.703544	7.0379926E-008
3.704294	6.1419790E-008
3.705044	5.2221061E-008
3.705794	4.4065182E-008
3.706544	3.6432503E-008
3.707294	2.9405399E-008
3.708044	2.3271811E-008
3.708794	1.7252672E-008
3.709544	1.2449144E-008
3.710294	8.4722140E-009
3.711044	5.3609130E-009
3.711794	3.1287184E-009
3.712544	1.7320378E-009
3.713294	1.3616615E-009
3.714044	1.8756874E-009
3.714794	3.2545349E-009
3.715544	5.6610299E-009
3.716294	8.7324601E-009
3.717043	1.2547948E-008
3.717793	1.7060586E-008
3.718544	2.2193344E-008
3.719293	2.8318336E-008
3.720043	3.4520337E-008
3.720793	4.0883226E-008
3.721543	4.7782827E-008
3.722293	5.5450663E-008
3.723043	6.2742721E-008
3.723793	7.0086593E-008
3.724543	7.7378218E-008
3.725293	8.5074703E-008
3.726043	9.2022567E-008
3.726793	9.8697242E-008
3.727543	1.0541979E-007
3.728293	1.1122767E-007
3.729043	1.1651458E-007
3.729793	1.2125740E-007
3.730543	1.2563622E-007
3.731293	1.2902854E-007
3.732043	1.3171687E-007
3.732793	1.3369728E-007
3.733543	1.3490788E-007
3.734293	1.3528897E-007
3.735043	1.3489408E-007
3.735792	1.3371810E-007
3.736542	1.3186528E-007
3.737292	1.2926127E-007
3.738042	1.2570078E-007
3.738792	1.2174399E-007
3.739542	1.1716119E-007
3.740292	1.1165284E-007
3.741042	1.0606637E-007
3.741792	1.0000325E-007
3.742542	9.3167998E-008
3.743292	8.6493770E-008
3.744042	7.9631910E-008
3.744792	7.2145340E-008
3.745542	6.5372348E-008
3.746292	5.8379324E-008
3.747042	5.1021789E-008
3.747792	4.4336357E-008
3.748542	3.7925371E-008
3.749292	3.1408145E-008
3.750042	2.5741755E-008
3.750792	2.0538083E-008
3.751542	1.5511270E-008
3.752291	1.1404955E-008
3.753042	7.6630373E-009
3.753792	4.8260169E-009
3.754541	2.6551308E-009
3.755291	1.0814271E-009
3.756041	3.3014619E-010
3.756791	2.9351901E-010
3.757541	9.4088792E-010
3.758291	2.2760820E-009
3.759041	4.4389452E-009
3.759791	7.1098065E-009
3.760541	1.0639015E-008
3.761291	1.4511172E-008
3.762041	1.8893058E-008
3.762791	2.4093062E-008
3.763541	2.9364156E-008
3.764291	3.5386719E-008
3.765041	4.1304300E-008
3.765791	4.7423057E-008
3.766541	5.4141658E-008
3.767291	6.0470576E-008
3.768041	6.7254106E-008
3.768791	7.3513014E-008
3.769541	7.9846167E-008
3.770291	8.5739600E-008
3.77104	9.1352824E-008
3.771791	9.7022998E-008
3.77254	1.0189218E-007
3.77329	1.0662200E-007
3.77404	1.1052575E-007
3.77479	1.1412309E-007
3.77554	1.1688179E-007
3.77629	1.1920257E-007
3.77704	1.2070487E-007
3.77779	1.2162417E-007
3.77854	1.2181948E-007
3.77929	1.2131107E-007
3.78004	1.2018577E-007
3.78079	1.1842308E-007
3.78154	1.1598470E-007
3.78229	1.1302500E-007
3.78304	1.0926856E-007
3.78379	1.0527852E-007
3.78454	1.0043836E-007
3.78529	9.5546000E-008
3.78604	8.9929998E-008
3.78679	8.4342894E-008
3.787539	7.8121460E-008
3.78829	7.2150975E-008
3.78904	6.5639064E-008
3.789789	5.9502881E-008
3.79054	5.2992601E-008
3.791289	4.6983939E-008
3.792039	4.0752756E-008
3.792789	3.5157054E-008
3.793539	2.9665371E-008
3.794289	2.4358297E-008
3.795039	1.9813204E-008
3.795789	1.5425622E-008
3.796539	1.1835417E-008
3.797289	8.5618543E-009
3.798039	6.0668515E-009
3.798789	4.0350581E-009
3.799539	2.7477005E-009
3.800289	2.0465665E-009
3.801039	2.0171491E-009
3.801789	2.6604634E-009
3.802539	3.9887609E-009
3.803289	5.8378906E-009
3.804039	8.4361824E-009
3.804789	1.1298464E-008
3.805539	1.5028020E-008
3.806288	1.8983659E-008
3.807039	2.3691692E-008
3.807788	2.8828449E-008
3.808538	3.3931183E-008
3.809288	3.9702432E-008
3.810038	4.5293103E-008
3.810788	5.1443013E-008
3.811538	5.7681799E-008
3.812288	6.3516922E-008
3.813038	6.9725971E-008
3.813788	7.5401317E-008
3.814538	8.1304357E-008
3.815288	8.6919627E-008
3.816038	9.1892282E-008
3.816788	9.6679059E-008
3.817538	1.0089750E-007
3.818288	1.0495305E-007
3.819038	1.0846916E-007
3.819788	1.1121990E-007
3.820538	1.1356889E-007
3.821288	1.1528423E-007
3.822038	1.1630978E-007
3.822788	1.1676237E-007
3.823538	1.1658202E-007
3.824288	1.1570663E-007
3.825037	1.1423110E-007
3.825788	1.1224905E-007
3.826537	1.0954791E-007
3.827287	1.0625900E-007
3.828037	1.0282904E-007
3.828787	9.8545904E-008
3.829537	9.3836626E-008
3.830287	8.9053586E-008
3.831037	8.3630376E-008
3.831787	7.7923254E-008
3.832537	7.2404539E-008
3.833287	6.6364358E-008
3.834037	6.0254990E-008
3.834787	5.4547321E-008
3.835537	4.8503196E-008
3.836287	4.2596639E-008
3.837037	3.7252487E-008
3.837787	3.1808003E-008
3.838537	2.6681910E-008
3.839287	2.1955421E-008
3.840037	1.8061842E-008
3.840787	1.4221306E-008
3.841537	1.0895949E-008
3.842287	8.3145197E-009
3.843036	6.1254557E-009
3.843786	4.5535788E-009
3.844536	3.6277734E-009
3.845286	3.3460159E-009
3.846036	3.6714207E-009
3.846786	4.6480979E-009
3.847536	6.2553314E-009
3.848286	8.3157365E-009
3.849036	1.1088890E-008
3.849786	1.4417745E-008
3.850536	1.8269837E-008
3.851286	2.2140249E-008
3.852036	2.6844408E-008
3.852786	3.1919583E-008
3.853536	3.7311636E-008
3.854286	4.2559481E-008
3.855036	4.8379285E-008
3.855786	5.4316384E-008
3.856536	6.0308203E-008
3.857286	6.5895783E-008
3.858036	7.1796151E-008
3.858786	7.7552009E-008
3.859536	8.3094641E-008
3.860286	8.8002338E-008
3.861036	9.2948881E-008
3.861785	9.7515347E-008
3.862535	1.0150318E-007
3.863285	1.0515697E-007
3.864035	1.0807862E-007
3.864785	1.1067120E-007
3.865535	1.1267658E-007
3.866285	1.1407171E-007
3.867035	1.1484610E-007
3.867785	1.1497979E-007
3.868535	1.1449333E-007
3.869285	1.1341582E-007
3.870035	1.1168586E-007
3.870785	1.0937042E-007
3.871535	1.0649165E-007
3.872285	1.0328360E-007
3.873035	9.9539150E-008
3.873785	9.5198352E-008
3.874535	9.0450946E-008
3.875285	8.5359623E-008
3.876035	7.9966810E-008
3.876785	7.4719587E-008
3.877535	6.8952076E-008
3.878284	6.3051615E-008
3.879035	5.7112153E-008
3.879784	5.1217597E-008
3.880534	4.5395787E-008
3.881284	3.9751370E-008
3.882034	3.4670013E-008
3.882784	2.9508032E-008
3.883534	2.4684953E-008
3.884284	2.0398261E-008
3.885034	1.6395925E-008
3.885784	1.2883208E-008
3.886534	9.9033173E-009
3.887284	7.4779702E-009
3.888034	5.7502803E-009
3.888784	4.4824309E-009
3.889534	3.8335939E-009
3.890284	3.8176311E-009
3.891034	4.4290736E-009
3.891784	5.6567808E-009
3.892534	7.4976390E-009
3.893284	9.9243787E-009
3.894034	1.2903477E-008
3.894784	1.6412953E-008
3.895534	2.0258389E-008
3.896284	2.4368386E-008
3.897033	2.9147557E-008
3.897784	3.4267416E-008
3.898533	3.9676998E-008
3.899283	4.5300819E-008
3.900033	5.1089405E-008
3.900783	5.6960221E-008
3.901533	6.2859264E-008
3.902283	6.8721427E-008
3.903033	7.4477555E-008
3.903783	8.0056168E-008
3.904533	8.5418407E-008
3.905283	9.0483887E-008
3.906033	9.5041457E-008
3.906783	9.9345513E-008
3.907533	1.0322752E-007
3.908283	1.0659011E-007
3.909033	1.0928045E-007
3.909783	1.1161579E-007
3.910533	1.1334978E-007
3.911283	1.1446961E-007
3.912033	1.1500767E-007
3.912783	1.1488900E-007
3.913532	1.1416014E-007
3.914283	1.1281954E-007
3.915032	1.1087527E-007
3.915782	1.0836384E-007
3.916533	1.0539950E-007
3.917282	1.0183338E-007
3.918032	9.7798114E-008
3.918782	9.3330641E-008
3.919532	8.8479425E-008
3.920282	8.3329347E-008
3.921032	7.7869451E-008
3.921782	7.2224580E-008
3.922532	6.6424931E-008
3.923282	6.0152985E-008
3.924032	5.4650247E-008
3.924782	4.8430131E-008
3.925532	4.2716358E-008
3.926282	3.7193402E-008
3.927032	3.1920056E-008
3.927782	2.7097084E-008
3.928532	2.2459485E-008
3.929282	1.8240758E-008
3.930032	1.4469057E-008
3.930782	1.1204378E-008
3.931532	8.4661531E-009
3.932281	6.2974523E-009
3.933032	4.7223954E-009
3.933781	3.7464183E-009
3.934531	3.3899070E-009
3.935281	3.6558367E-009
3.936031	4.5409942E-009
3.936781	6.0335568E-009
3.937531	8.2824148E-009
3.938281	1.0877828E-008
3.939031	1.4095158E-008
3.939781	1.7813726E-008
3.940531	2.1995975E-008
3.941281	2.6597135E-008
3.942031	3.1571158E-008
3.942781	3.6850395E-008
3.943531	4.2391491E-008
3.944281	4.8114426E-008
3.945031	5.3978759E-008
3.945781	6.0305517E-008
3.946531	6.6233817E-008
3.947281	7.2092931E-008
3.948031	7.7803840E-008
3.948781	8.3156998E-008
3.949531	8.8444061E-008
3.95028	9.3424759E-008
3.95103	9.8028231E-008
3.951781	1.0247800E-007
3.95253	1.0617559E-007
3.95328	1.0938270E-007
3.95403	1.1202125E-007
3.95478	1.1411124E-007
3.95553	1.1558181E-007
3.95628	1.1645704E-007
3.95703	1.1672685E-007
3.95778	1.1629458E-007
3.95853	1.1528985E-007
3.95928	1.1371291E-007
3.96003	1.1151432E-007
3.96078	1.0873455E-007
3.96153	1.0544357E-007
3.96228	1.0137151E-007
3.96303	9.7085859E-008
3.96378	9.2390117E-008
3.96453	8.7347743E-008
3.96528	8.2006416E-008
3.96603	7.6030680E-008
3.96678	7.0227550E-008
3.96753	6.4333577E-008
3.96828	5.8365284E-008
3.969029	5.2619960E-008
3.969779	4.6365304E-008
3.970529	4.0645176E-008
3.971279	3.5140669E-008
3.972029	2.9898118E-008
3.972779	2.4984468E-008
3.973529	2.0157399E-008
3.974279	1.6077268E-008
3.975029	1.2468132E-008
3.975779	9.3795904E-009
3.976529	6.8395249E-009
3.977279	4.7744244E-009
3.978029	3.4511105E-009
3.978779	2.7464526E-009
3.979529	2.6574642E-009
3.980279	3.2395397E-009
3.981029	4.4255137E-009
3.981779	6.2188108E-009
3.982529	8.6047329E-009
3.983279	1.1770618E-008
3.984029	1.5286366E-008
3.984779	1.9295630E-008
3.985528	2.3759236E-008
3.986279	2.8965129E-008
3.987029	3.4209041E-008
3.987778	3.9739788E-008
3.988528	4.5907171E-008
3.989278	5.1855583E-008
3.990028	5.7694109E-008
3.990778	6.3787390E-008
3.991528	7.0260533E-008
3.992278	7.6240141E-008
3.993028	8.2065590E-008
3.993778	8.8029530E-008
3.994528	9.3327749E-008
3.995278	9.8298145E-008
3.996028	1.0286389E-007
3.996778	1.0725500E-007
3.997528	1.1087922E-007
3.998278	1.1395659E-007
3.999028	1.1663830E-007
3.999778	1.1847623E-007
4.000528	1.1978187E-007
4.001278	1.2049149E-007
4.002028	1.2049337E-007
4.002778	1.1986617E-007
4.003528	1.1852445E-007
4.004278	1.1663015E-007
4.005027	1.1412887E-007
4.005777	1.1087123E-007
4.006527	1.0723454E-007
4.007277	1.0312733E-007
4.008028	9.8245877E-008
4.008777	9.3270820E-008
4.009527	8.8126257E-008
4.010277	8.2142911E-008
4.011027	7.6281985E-008
4.011777	7.0275071E-008
4.012527	6.3751266E-008
4.013277	5.7622952E-008
4.014027	5.1503786E-008
4.014777	4.5095337E-008
4.015527	3.9267739E-008
4.016277	3.3314755E-008
4.017027	2.8032924E-008
4.017777	2.3110044E-008
4.018527	1.8307381E-008
4.019277	1.4275341E-008
4.020027	1.0639664E-008
4.020777	7.6695068E-009
4.021527	5.2767639E-009
4.022276	3.3859617E-009
4.023026	2.2577322E-009
4.023777	1.7536680E-009
4.024527	1.9472246E-009
4.025276	2.7831693E-009
4.026026	4.3742752E-009
4.026776	6.5081815E-009
4.027526	9.4422941E-009
4.028276	1.2783948E-008
4.029026	1.6664583E-008
4.029776	2.1189184E-008
4.030526	2.6031000E-008
4.031276	3.1633313E-008
4.032026	3.7252207E-008
4.032776	4.3548930E-008
4.033526	4.9676448E-008
4.034276	5.6402627E-008
4.035026	6.2783045E-008
4.035776	6.9622892E-008
4.036526	7.5972181E-008
4.037276	8.2218449E-008
4.038026	8.8684118E-008
4.038775	9.4489671E-008
4.039526	1.0015361E-007
4.040276	1.0526874E-007
4.041026	1.1026115E-007
4.041775	1.1444907E-007
4.042525	1.1837681E-007
4.043275	1.2145129E-007
4.044025	1.2408665E-007
4.044775	1.2591616E-007
4.045525	1.2717570E-007
4.046275	1.2765562E-007
4.047025	1.2747489E-007
4.047775	1.2659615E-007
4.048525	1.2499434E-007
4.049275	1.2288139E-007
4.050025	1.1990980E-007
4.050775	1.1651664E-007
4.051525	1.1231453E-007
4.052275	1.0783457E-007
4.053025	1.0258708E-007
4.053775	9.7219498E-008
4.054525	9.1142766E-008
4.055274	8.5130594E-008
4.056025	7.8495702E-008
4.056775	7.2106488E-008
4.057525	6.5196694E-008
4.058275	5.8286286E-008
4.059024	5.2069979E-008
4.059774	4.5360682E-008
4.060524	3.9267150E-008
4.061275	3.3053464E-008
4.062024	2.7561121E-008
4.062774	2.2140222E-008
4.063524	1.7500918E-008
4.064274	1.3108617E-008
4.065024	9.5406882E-009
4.065774	6.3743015E-009
4.066524	3.9057144E-009
4.067274	2.2562860E-009
4.068024	1.2243867E-009
4.068774	9.5267105E-010
4.069524	1.3911510E-009
4.070274	2.5021487E-009
4.071024	4.4249218E-009
4.071774	7.0925092E-009
4.072524	1.0243132E-008
4.073274	1.4260432E-008
4.074024	1.8604215E-008
4.074774	2.3819201E-008
4.075523	2.9558565E-008
4.076273	3.5361094E-008
4.077024	4.1939668E-008
4.077774	4.8196362E-008
4.078524	5.5344945E-008
4.079273	6.2659566E-008
4.080023	6.9607609E-008
4.080773	7.7028673E-008
4.081523	8.4381590E-008
4.082273	9.1142084E-008
4.083023	9.8121475E-008
4.083773	1.0479332E-007
4.084523	1.1067186E-007
4.085273	1.1652219E-007
4.086023	1.2153107E-007
4.086773	1.2630272E-007
4.087523	1.3030999E-007
4.088273	1.3357308E-007
4.089023	1.3638176E-007
4.089773	1.3842042E-007
4.090523	1.3959976E-007
4.091273	1.4009980E-007
4.092023	1.3979438E-007
4.092772	1.3878778E-007
4.093523	1.3693301E-007
4.094273	1.3432549E-007
4.095023	1.3119488E-007
4.095772	1.2716156E-007
4.096522	1.2263412E-007
4.097272	1.1769065E-007
4.098022	1.1191701E-007
4.098773	1.0564219E-007
4.099522	9.8937527E-008
4.100272	9.2351314E-008
4.101022	8.5075797E-008
4.101772	7.7615560E-008
4.102522	7.0538860E-008
4.103272	6.2984384E-008
4.104022	5.5516804E-008
4.104772	4.8201109E-008
4.105522	4.1570974E-008
4.106272	3.5031857E-008
4.107022	2.8687261E-008
4.107772	2.3179453E-008
4.108522	1.7840255E-008
4.109272	1.3117456E-008
4.110022	9.0695416E-009
4.110772	5.9358758E-009
4.111522	3.3339846E-009
4.112271	1.5348351E-009
4.113021	5.6115845E-010
4.113771	4.1619530E-010
4.114522	1.0852118E-009
4.115272	2.5440872E-009
4.116021	4.8744000E-009
4.116771	7.8021669E-009
4.117521	1.1688335E-008
4.118271	1.6326204E-008
4.119021	2.1663748E-008
4.119771	2.7259482E-008
4.120521	3.3800404E-008
4.121271	4.0857142E-008
4.122021	4.8362427E-008
4.122771	5.6228163E-008
4.123521	6.3861400E-008
4.124271	7.1920759E-008
4.125021	8.0354866E-008
4.125771	8.8800306E-008
4.126521	9.7177150E-008
4.127271	1.0486180E-007
4.128021	1.1280644E-007
4.128771	1.2041649E-007
4.12952	1.2758510E-007
4.13027	1.3426158E-007
4.131021	1.3997503E-007
4.131771	1.4544318E-007
4.13252	1.5018213E-007
4.13327	1.5417402E-007
4.13402	1.5724578E-007
4.13477	1.5961889E-007
4.13552	1.6100763E-007
4.13627	1.6165940E-007
4.13702	1.6136930E-007
4.13777	1.6018444E-007
4.13852	1.5811273E-007
4.13927	1.5515336E-007
4.14002	1.5134137E-007
4.14077	1.4705270E-007
4.14152	1.4175977E-007
4.14227	1.3576270E-007
4.14302	1.2935361E-007
4.14377	1.2218139E-007
4.14452	1.1454807E-007
4.14527	1.0650634E-007
4.146019	9.8696752E-008
4.14677	9.0140794E-008
4.14752	8.1505021E-008
4.14827	7.2829401E-008
4.14902	6.4242137E-008
4.149769	5.5824618E-008
4.150519	4.7693824E-008
4.151269	3.9940090E-008
4.15202	3.2864119E-008
4.152769	2.6513202E-008
4.153519	2.0355051E-008
4.154269	1.4893671E-008
4.155019	1.0210218E-008
4.155769	6.3554535E-009
4.156519	3.3867775E-009
4.157269	1.3439385E-009
4.158019	2.6038555E-010
4.158769	1.5522235E-010
4.159519	1.0417981E-009
4.160269	2.9190526E-009
4.161019	5.6740013E-009
4.161769	9.1955821E-009
4.162519	1.3857440E-008
4.163269	1.9398870E-008
4.164019	2.5785512E-008
4.164769	3.2943490E-008
4.165519	4.0800174E-008
4.166268	4.9295330E-008
4.167018	5.8329650E-008
4.167768	6.7807136E-008
4.168519	7.7642689E-008
4.169269	8.7727727E-008
4.170018	9.7628991E-008
4.170768	1.0788971E-007
4.171518	1.1807510E-007
4.172268	1.2809463E-007
4.173018	1.3783666E-007
4.173768	1.4718032E-007
4.174518	1.5603709E-007
4.175268	1.6427720E-007
4.176018	1.7189487E-007
4.176768	1.7868669E-007
4.177518	1.8466449E-007
4.178268	1.8958379E-007
4.179018	1.9371340E-007
4.179768	1.9682608E-007
4.180518	1.9893027E-007
4.181268	1.9991099E-007
4.182018	1.9980926E-007
4.182767	1.9859793E-007
4.183517	1.9633681E-007
4.184268	1.9299384E-007
4.185018	1.8864718E-007
4.185768	1.8326239E-007
4.186517	1.7697640E-007
4.187267	1.7004510E-007
4.188017	1.6212726E-007
4.188767	1.5348404E-007
4.189517	1.4424394E-007
4.190267	1.3446945E-007
4.191017	1.2432686E-007
4.191767	1.1383616E-007
4.192517	1.0321832E-007
4.193267	9.2515663E-008
4.194017	8.1889091E-008
4.194767	7.1452511E-008
4.195517	6.0710065E-008
4.196267	5.1325930E-008
4.197017	4.2177923E-008
4.197767	3.3686415E-008
4.198517	2.5951406E-008
4.199267	1.9075351E-008
4.200016	1.3148800E-008
4.200767	8.2417362E-009
4.201517	4.4254977E-009
4.202267	1.7637187E-009
4.203016	2.9612213E-010
4.203766	5.9599103E-011
4.204516	1.1263712E-009
4.205266	3.4378669E-009
4.206017	7.0028534E-009
4.206766	1.1799231E-008
4.207516	1.7793106E-008
4.208266	2.4946333E-008
4.209016	3.3183550E-008
4.209766	4.2456399E-008
4.210516	5.2653824E-008
4.211266	6.4432058E-008
4.212016	7.6274922E-008
4.212766	8.8727646E-008
4.213516	1.0126364E-007
4.214266	1.1459338E-007
4.215016	1.2818455E-007
4.215766	1.4185002E-007
4.216516	1.5550947E-007
4.217266	1.6982250E-007
4.218016	1.8296625E-007
4.218766	1.9566842E-007
4.219516	2.0780357E-007
4.220265	2.1919038E-007
4.221015	2.2974277E-007
4.221766	2.3963128E-007
4.222516	2.4815506E-007
4.223265	2.5552973E-007
4.224015	2.6164139E-007
4.224765	2.6645159E-007
4.225515	2.6987783E-007
4.226265	2.7194926E-007
4.227015	2.7243183E-007
4.227765	2.7148735E-007
4.228515	2.6902975E-007
4.229265	2.6516875E-007
4.230015	2.5954799E-007
4.230765	2.5303416E-007
4.231515	2.4509620E-007
4.232265	2.3592435E-007
4.233015	2.2562845E-007
4.233765	2.1362349E-007
4.234515	2.0139471E-007
4.235265	1.8840919E-007
4.236015	1.7478374E-007
4.236764	1.5982336E-007
4.237514	1.4540072E-007
4.238265	1.3085678E-007
4.239015	1.1679189E-007
4.239765	1.0244061E-007
4.240514	8.7552372E-008
4.241264	7.4106445E-008
4.242014	6.1334532E-008
4.242764	4.9398455E-008
4.243514	3.7815063E-008
4.244264	2.8080828E-008
4.245014	1.9618133E-008
4.245764	1.2544491E-008
4.246514	6.6679609E-009
4.247264	2.8742397E-009
4.248014	6.0025362E-010
4.248764	5.1348745E-011
4.249514	1.4065593E-009
4.250264	4.5343258E-009
4.251014	9.4593355E-009
4.251764	1.6652509E-008
4.252514	2.5224269E-008
4.253263	3.5498125E-008
4.254014	4.8199130E-008
4.254764	6.1733211E-008
4.255514	7.6218029E-008
4.256264	9.2443592E-008
4.257013	1.1096622E-007
4.257763	1.2941365E-007
4.258513	1.4874679E-007
4.259264	1.7001294E-007
4.260013	1.9052817E-007
4.260763	2.1127981E-007
4.261513	2.3342484E-007
4.262263	2.5411680E-007
4.263013	2.7445449E-007
4.263763	2.9364796E-007
4.264513	3.1389342E-007
4.265263	3.3195786E-007
4.266013	3.4887881E-007
4.266763	3.6538538E-007
4.267513	3.7944085E-007
4.268263	3.9178104E-007
4.269013	4.0295393E-007
4.269763	4.1149443E-007
4.270513	4.1792873E-007
4.271263	4.2256895E-007
4.272013	4.2459482E-007
4.272763	4.2449776E-007
4.273512	4.2203766E-007
4.274262	4.1732707E-007
4.275012	4.0996866E-007
4.275763	4.0083239E-007
4.276513	3.8955304E-007
4.277262	3.7552641E-007
4.278012	3.6048766E-007
4.278762	3.4257974E-007
4.279512	3.2420184E-007
4.280262	3.0517893E-007
4.281012	2.8314017E-007
4.281762	2.6139583E-007
4.282512	2.3768867E-007
4.283262	2.1494455E-007
4.284012	1.9208289E-007
4.284762	1.6795195E-007
4.285512	1.4567539E-007
4.286262	1.2276338E-007
4.287012	1.0219225E-007
4.287762	8.2840700E-008
4.288512	6.4469084E-008
4.289262	4.8378336E-008
4.290012	3.3456558E-008
4.290761	2.1668319E-008
4.291512	1.1764261E-008
4.292262	5.0865898E-009
4.293012	1.1319375E-009
4.293761	5.2683889E-011
4.294511	2.0843436E-009
4.295261	7.5550508E-009
4.296011	1.5869977E-008
4.296762	2.7677112E-008
4.297511	4.2204292E-008
4.298261	6.0954164E-008
4.299011	8.1584794E-008
4.299761	1.0503427E-007
4.300511	1.3281672E-007
4.301261	1.6149461E-007
4.302011	1.9442804E-007
4.302761	2.2745108E-007
4.303511	2.6453853E-007
4.304261	3.0081534E-007
4.305011	3.3940952E-007
4.305761	3.7764522E-007
4.306511	4.1874674E-007
4.307261	4.5748118E-007
4.308011	4.9840139E-007
4.308761	5.3610648E-007
4.309511	5.7512739E-007
4.310261	6.1032569E-007
4.31101	6.4575704E-007
4.31176	6.7698494E-007
4.31251	7.0736183E-007
4.313261	7.3239579E-007
4.31401	7.5639213E-007
4.31476	7.7549430E-007
4.31551	7.9179705E-007
4.31626	8.0344222E-007
4.31701	8.1127479E-007
4.31776	8.1442670E-007
4.31851	8.1325106E-007
4.31926	8.0774822E-007
4.32001	7.9728875E-007
4.32076	7.8264469E-007
4.32151	7.6418428E-007
4.32226	7.4044175E-007
4.32301	7.1406294E-007
4.32376	6.8226018E-007
4.32451	6.4906811E-007
4.32526	6.1075087E-007
4.32601	5.7192278E-007
4.32676	5.2837760E-007
4.327509	4.8304935E-007
4.328259	4.3916830E-007
4.32901	3.9330075E-007
4.32976	3.4853161E-007
4.330509	3.0154374E-007
4.331259	2.5834521E-007
4.332009	2.1414054E-007
4.332759	1.7234278E-007
4.333509	1.3583721E-007
4.334259	1.0066165E-007
4.335009	7.1514719E-008
4.335759	4.5298364E-008
4.336509	2.5137821E-008
4.337259	1.0991194E-008
4.338009	2.2706368E-009
4.338759	3.9129722E-010
4.339509	5.4859717E-009
4.340259	1.8192381E-008
4.341009	3.7336079E-008
4.341759	6.5477373E-008
4.342509	1.0178295E-007
4.343259	1.4334262E-007
4.344008	1.9533742E-007
4.344759	2.4964822E-007
4.345509	3.1661727E-007
4.346259	3.9090111E-007
4.347009	4.6712051E-007
4.347758	5.5443053E-007
4.348508	6.4751828E-007
4.349258	7.3994818E-007
4.350008	8.4248262E-007
4.350758	9.4883467E-007
4.351508	1.0512467E-006
4.352258	1.1585954E-006
4.353008	1.2700000E-006
4.353758	1.3748340E-006
4.354508	1.4851227E-006
4.355258	1.5931363E-006
4.356008	1.6914972E-006
4.356758	1.7917752E-006
4.357508	1.8866306E-006
4.358258	1.9695949E-006
4.359008	2.0504042E-006
4.359758	2.1223407E-006
4.360508	2.1798744E-006
4.361258	2.2325548E-006
4.362008	2.2745164E-006
4.362758	2.3044438E-006
4.363508	2.3209909E-006
4.364257	2.3258322E-006
4.365007	2.3174678E-006
4.365757	2.2967065E-006
4.366508	2.2616655E-006
4.367258	2.2131649E-006
4.368007	2.1532496E-006
4.368757	2.0830860E-006
4.369507	1.9966988E-006
4.370257	1.8987677E-006
4.371007	1.7965118E-006
4.371757	1.6784533E-006
4.372507	1.5522097E-006
4.373257	1.4187892E-006
4.374007	1.2802303E-006
4.374757	1.1464170E-006
4.375507	1.0070113E-006
4.376257	8.6384250E-007
4.377007	7.2341197E-007
4.377757	5.9581538E-007
4.378507	4.6765271E-007
4.379257	3.4954888E-007
4.380007	2.4441593E-007
4.380757	1.5980615E-007
4.381506	8.7862688E-008
4.382257	3.7312830E-008
4.383007	1.1093658E-008
4.383757	1.0869837E-008
4.384506	3.9390741E-008
4.385256	1.0075987E-007
4.386006	1.9785327E-007
4.386756	3.3348340E-007
4.387506	4.9854583E-007
4.388256	7.1621059E-007
4.389006	9.8004682E-007
4.389756	1.2919311E-006
4.390506	1.6540017E-006
4.391256	2.0294381E-006
4.392006	2.4925901E-006
4.392756	3.0101896E-006
4.393506	3.5837400E-006
4.394256	4.2145216E-006
4.395006	4.9023756E-006
4.395756	5.6022268E-006
4.396506	6.4018272E-006
4.397256	7.2586108E-006
4.398005	8.1707485E-006
4.398756	9.1107695E-006
4.399506	1.0131023E-005
4.400256	1.1139430E-005
4.401005	1.2258521E-005
4.401755	1.3426325E-005
4.402505	1.4640618E-005
4.403255	1.5894249E-005
4.404006	1.7189048E-005
4.404755	1.8439390E-005
4.405505	1.9798483E-005
4.406255	2.1142769E-005
4.407005	2.2548165E-005
4.407755	2.3973789E-005
4.408505	2.5415968E-005
4.409255	2.6864316E-005
4.410005	2.8314695E-005
4.410755	2.9763538E-005
4.411505	3.1203359E-005
4.412255	3.2544267E-005
4.413005	3.3956017E-005
4.413755	3.5299876E-005
4.414505	3.6652196E-005
4.415255	3.7976421E-005
4.416005	3.9260613E-005
4.416755	4.0492676E-005
4.417505	4.1676358E-005
4.418254	4.2817483E-005
4.419004	4.3881842E-005
4.419755	4.4825523E-005
4.420505	4.5758636E-005
4.421254	4.6598994E-005
4.422004	4.7391317E-005
4.422754	4.8095000E-005
4.423504	4.8725156E-005
4.424254	4.9257662E-005
4.425004	4.9705166E-005
4.425754	5.0062554E-005
4.426504	5.0325973E-005
4.427254	5.0500948E-005
4.428004	5.0570801E-005
4.428754	5.0557825E-005
4.429504	5.0446401E-005
4.430254	5.0239927E-005
4.431004	4.9944352E-005
4.431754	4.9559225E-005
4.432504	4.9080234E-005
4.433254	4.8504462E-005
4.434004	4.7851321E-005
4.434753	4.7157151E-005
4.435503	4.6348770E-005
4.436254	4.5488974E-005
4.437004	4.4530134E-005
4.437754	4.3501022E-005
4.438503	4.2416406E-005
4.439253	4.1261523E-005
4.440003	4.0063860E-005
4.440753	3.8812497E-005
4.441503	3.7517973E-005
4.442253	3.6181915E-005
4.443003	3.4854056E-005
4.443753	3.3464534E-005
4.444503	3.2048614E-005
4.445253	3.0534520E-005
4.446003	2.9175995E-005
4.446753	2.7730528E-005
4.447503	2.6197518E-005
4.448253	2.4755722E-005
4.449003	2.3325954E-005
4.449753	2.1910013E-005
4.450503	2.0554866E-005
4.451253	1.9183573E-005
4.452003	1.7841206E-005
4.452753	1.6532213E-005
4.453503	1.5258422E-005
4.454253	1.4027652E-005
4.455002	1.2838480E-005
4.455752	1.1697583E-005
4.456502	1.0604504E-005
4.457253	9.5636942E-006
4.458003	8.6035634E-006
4.458752	7.6681572E-006
4.459502	6.7888113E-006
4.460252	5.9196518E-006
4.461002	5.2008663E-006
4.461752	4.4529779E-006
4.462502	3.8049050E-006
4.463252	3.2147366E-006
4.464002	2.6799316E-006
4.464752	2.2006132E-006
4.465502	1.7873476E-006
4.466252	1.4129112E-006
4.467002	1.0894844E-006
4.467752	8.1470233E-007
4.468502	5.8647527E-007
4.469252	3.9322126E-007
4.470002	2.5372307E-007
4.470752	1.5312641E-007
4.471501	8.8969934E-008
4.472251	5.8821030E-008
4.473001	5.8040786E-008
4.473752	8.5056868E-008
4.474502	1.3699763E-007
4.475251	2.1591151E-007
4.476001	3.0993255E-007
4.476751	4.1993013E-007
4.477501	5.4312352E-007
4.478251	6.7676154E-007
4.479001	8.1816671E-007
4.479751	9.6058795E-007
4.480501	1.1187848E-006
4.481251	1.2687445E-006
4.482001	1.4170838E-006
4.482751	1.5616640E-006
4.483501	1.7009833E-006
4.484251	1.8330260E-006
4.485001	1.9632878E-006
4.485751	2.0763594E-006
4.486501	2.1751582E-006
4.487251	2.2649831E-006
4.488001	2.3428263E-006
4.48875	2.4067317E-006
4.489501	2.4595463E-006
4.490251	2.4951189E-006
4.491001	2.5162719E-006
4.49175	2.5237784E-006
4.4925	2.5175063E-006
4.49325	2.4964263E-006
4.494	2.4642848E-006
4.49475	2.4191290E-006
4.4955	2.3623973E-006
4.49625	2.2950787E-006
4.497	2.2132640E-006
4.49775	2.1269620E-006
4.4985	2.0330183E-006
4.49925	1.9322069E-006
4.5	1.8195473E-006
