theta_deg	R
0.001	9.9984878E-001
0.002	9.9978006E-001
0.003	9.9968135E-001
0.004	9.9954289E-001
0.005	9.9935448E-001
0.006	9.9910659E-001
0.007	9.9879158E-001
0.008	9.9840438E-001
0.009	9.9794590E-001
0.01	9.9742132E-001
0.011	9.9684191E-001
0.012	9.9622381E-001
0.013	9.9558544E-001
0.014	9.9494636E-001
0.015	9.9432379E-001
0.016	9.9373060E-001
0.017	9.9317461E-001
0.018	9.9265784E-001
0.019	9.9217737E-001
0.02	9.9172688E-001
0.021	9.9129808E-001
0.022	9.9088329E-001
0.023	9.9047571E-001
0.024	9.9007046E-001
0.025	9.8966509E-001
0.026	9.8925811E-001
0.027	9.8884988E-001
0.028	9.8844051E-001
0.029	9.8802996E-001
0.03	9.8761886E-001
0.031	9.8720658E-001
0.032	9.8679274E-001
0.033	9.8637670E-001
0.034	9.8595780E-001
0.035	9.8553592E-001
0.036	9.8511124E-001
0.037	9.8468447E-001
0.038	9.8425639E-001
0.039	9.8382777E-001
0.04	9.8340017E-001
0.041	9.8297459E-001
0.042	9.8255175E-001
0.043	9.8213160E-001
0.044	9.8171389E-001
0.045	9.8129797E-001
0.046	9.8088306E-001
0.047	9.8046798E-001
0.048	9.8005146E-001
0.049	9.7963262E-001
0.05	9.7921079E-001
0.051	9.7878563E-001
0.052	9.7835708E-001
0.053	9.7792554E-001
0.054	9.7749138E-001
0.055	9.7705561E-001
0.056	9.7661912E-001
0.057	9.7618276E-001
0.058	9.7574735E-001
0.059	9.7531307E-001
0.06	9.7487926E-001
0.061	9.7444606E-001
0.062	9.7401196E-001
0.063	9.7357613E-001
0.064	9.7313726E-001
0.065	9.7269469E-001
0.066	9.7224844E-001
0.067	9.7179830E-001
0.068	9.7134477E-001
0.069	9.7088885E-001
0.07	9.7043151E-001
0.071	9.6997261E-001
0.072	9.6951342E-001
0.073	9.6905416E-001
0.074	9.6859503E-001
0.075	9.6813613E-001
0.076	9.6767706E-001
0.077	9.6721733E-001
0.078	9.6675664E-001
0.079	9.6629518E-001
0.08	9.6583152E-001
0.081	9.6536559E-001
0.082	9.6489602E-001
0.083	9.6442258E-001
0.084	9.6394396E-001
0.085	9.6346051E-001
0.086	9.6297121E-001
0.087	9.6247607E-001
0.088	9.6197623E-001
0.089	9.6147168E-001
0.09	9.6096343E-001
0.091	9.6045262E-001
0.092	9.5994037E-001
0.093	9.5942700E-001
0.094	9.5891392E-001
0.095	9.5840144E-001
0.096	9.5788985E-001
0.097	9.5737994E-001
0.098	9.5687109E-001
0.099	9.5636332E-001
0.1	9.5585644E-001
0.101	9.5534974E-001
0.102	9.5484245E-001
0.103	9.5433378E-001
0.104	9.5382285E-001
0.105	9.5330840E-001
0.106	9.5278955E-001
0.107	9.5226520E-001
0.108	9.5173460E-001
0.109	9.5119774E-001
0.11	9.5065397E-001
0.111	9.5010376E-001
0.112	9.4954699E-001
0.113	9.4898456E-001
0.114	9.4841665E-001
0.115	9.4784379E-001
0.116	9.4726610E-001
0.117	9.4668359E-001
0.118	9.4609565E-001
0.119	9.4550222E-001
0.12	9.4490200E-001
0.121	9.4429398E-001
0.122	9.4367594E-001
0.123	9.4304532E-001
0.124	9.4239897E-001
0.125	9.4173217E-001
0.126	9.4103956E-001
0.127	9.4031531E-001
0.128	9.3955356E-001
0.129	9.3874973E-001
0.13	9.3790156E-001
0.131	9.3701100E-001
0.132	9.3608510E-001
0.133	9.3513608E-001
0.134	9.3418193E-001
0.135	9.3324363E-001
0.136	9.3234360E-001
0.137	9.3150282E-001
0.138	9.3073744E-001
0.139	9.3005633E-001
0.14	9.2946094E-001
0.141	9.2894435E-001
0.142	9.2849237E-001
0.143	9.2808712E-001
0.144	9.2770833E-001
0.145	9.2733556E-001
0.146	9.2695105E-001
0.147	9.2653954E-001
0.148	9.2608958E-001
0.149	9.2559266E-001
0.15	9.2504412E-001
0.151	9.2444134E-001
0.152	9.2378408E-001
0.153	9.2307442E-001
0.154	9.2231607E-001
0.155	9.2151380E-001
0.156	9.2067325E-001
0.157	9.1980094E-001
0.158	9.1890270E-001
0.159	9.1798449E-001
0.16	9.1705084E-001
0.161	9.1610599E-001
0.162	9.1515255E-001
0.163	9.1419268E-001
0.164	9.1322750E-001
0.165	9.1225696E-001
0.166	9.1128117E-001
0.167	9.1029918E-001
0.168	9.0931010E-001
0.169	9.0831262E-001
0.17	9.0730488E-001
0.171	9.0628558E-001
0.172	9.0525311E-001
0.173	9.0420622E-001
0.174	9.0314412E-001
0.175	9.0206689E-001
0.176	9.0097535E-001
0.177	8.9987069E-001
0.178	8.9875430E-001
0.179	8.9762759E-001
0.18	8.9649153E-001
0.181	8.9534551E-001
0.182	8.9418852E-001
0.183	8.9301747E-001
0.184	8.9182824E-001
0.185	8.9061552E-001
0.186	8.8937253E-001
0.187	8.8809210E-001
0.188	8.8676494E-001
0.189	8.8537908E-001
0.19	8.8392031E-001
0.191	8.8237011E-001
0.192	8.8070452E-001
0.193	8.7889534E-001
0.194	8.7691110E-001
0.195	8.7472129E-001
0.196	8.7229997E-001
0.197	8.6963481E-001
0.198	8.6673343E-001
0.199	8.6363024E-001
0.2	8.6039025E-001
0.201	8.5710710E-001
0.202	8.5389674E-001
0.203	8.5088325E-001
0.204	8.4818417E-001
0.205	8.4589201E-001
0.206	8.4406078E-001
0.207	8.4269816E-001
0.208	8.4176666E-001
0.209	8.4118909E-001
0.21	8.4086406E-001
0.211	8.4067982E-001
0.212	8.4053171E-001
0.213	8.4033132E-001
0.214	8.4001410E-001
0.215	8.3954036E-001
0.216	8.3889276E-001
0.217	8.3807200E-001
0.218	8.3708882E-001
0.219	8.3596116E-001
0.22	8.3470780E-001
0.221	8.3334666E-001
0.222	8.3189279E-001
0.223	8.3035880E-001
0.224	8.2875353E-001
0.225	8.2708359E-001
0.226	8.2535362E-001
0.227	8.2356733E-001
0.228	8.2172614E-001
0.229	8.1983227E-001
0.23	8.1788599E-001
0.231	8.1588775E-001
0.232	8.1383830E-001
0.233	8.1173742E-001
0.234	8.0958420E-001
0.235	8.0737841E-001
0.236	8.0511868E-001
0.237	8.0280322E-001
0.238	8.0043060E-001
0.239	7.9799843E-001
0.24	7.9550445E-001
0.241	7.9294622E-001
0.242	7.9032105E-001
0.243	7.8762710E-001
0.244	7.8486151E-001
0.245	7.8202260E-001
0.246	7.7910811E-001
0.247	7.7611589E-001
0.248	7.7304411E-001
0.249	7.6989037E-001
0.25	7.6665223E-001
0.251	7.6332647E-001
0.252	7.5990945E-001
0.253	7.5639653E-001
0.254	7.5278276E-001
0.255	7.4906152E-001
0.256	7.4522728E-001
0.257	7.4127269E-001
0.258	7.3719114E-001
0.259	7.3297566E-001
0.26	7.2861987E-001
0.261	7.2411805E-001
0.262	7.1946388E-001
0.263	7.1465242E-001
0.264	7.0967841E-001
0.265	7.0453602E-001
0.266	6.9921952E-001
0.267	6.9372201E-001
0.268	6.8803477E-001
0.269	6.8214840E-001
0.27	6.7605150E-001
0.271	6.6973132E-001
0.272	6.6317487E-001
0.273	6.5636760E-001
0.274	6.4929640E-001
0.275	6.4194870E-001
0.276	6.3431340E-001
0.277	6.2638170E-001
0.278	6.1814719E-001
0.279	6.0960603E-001
0.28	6.0075623E-001
0.281	5.9159797E-001
0.282	5.8213234E-001
0.283	5.7236177E-001
0.284	5.6228864E-001
0.285	5.5191690E-001
0.286	5.4125261E-001
0.287	5.3030413E-001
0.288	5.1908374E-001
0.289	5.0760835E-001
0.29	4.9590042E-001
0.291	4.8398805E-001
0.292	4.7190472E-001
0.293	4.5968860E-001
0.294	4.4738272E-001
0.295	4.3503329E-001
0.296	4.2268938E-001
0.297	4.1040096E-001
0.298	3.9821824E-001
0.299	3.8618940E-001
0.3	3.7435880E-001
0.301	3.6276561E-001
0.302	3.5144228E-001
0.303	3.4041369E-001
0.304	3.2969758E-001
0.305	3.1930497E-001
0.306	3.0924058E-001
0.307	2.9950583E-001
0.308	2.9009855E-001
0.309	2.8101516E-001
0.31	2.7225155E-001
0.311	2.6380295E-001
0.312	2.5566438E-001
0.313	2.4783073E-001
0.314	2.4029608E-001
0.315	2.3305371E-001
0.316	2.2609575E-001
0.317	2.1941276E-001
0.318	2.1299393E-001
0.319	2.0682715E-001
0.32	2.0089903E-001
0.321	1.9519597E-001
0.322	1.8970427E-001
0.323	1.8441106E-001
0.324	1.7930502E-001
0.325	1.7437676E-001
0.326	1.6961960E-001
0.327	1.6502944E-001
0.328	1.6060430E-001
0.329	1.5634446E-001
0.33	1.5225117E-001
0.331	1.4832588E-001
0.332	1.4456943E-001
0.333	1.4098093E-001
0.334	1.3755715E-001
0.335	1.3429169E-001
0.336	1.3117513E-001
0.337	1.2819484E-001
0.338	1.2533563E-001
0.339	1.2258027E-001
0.34	1.1991066E-001
0.341	1.1730890E-001
0.342	1.1475854E-001
0.343	1.1224570E-001
0.344	1.0976016E-001
0.345	1.0729592E-001
0.346	1.0485184E-001
0.347	1.0243133E-001
0.348	1.0004219E-001
0.349	9.7695641E-002
0.35	9.5405295E-002
0.351	9.3185768E-002
0.352	9.1051452E-002
0.353	8.9014858E-002
0.354	8.7085746E-002
0.355	8.5269816E-002
0.356	8.3568223E-002
0.357	8.1977263E-002
0.358	8.0488347E-002
0.359	7.9088703E-002
0.36	7.7761836E-002
0.361	7.6489188E-002
0.362	7.5250767E-002
0.363	7.4027039E-002
0.364	7.2799988E-002
0.365	7.1554527E-002
0.366	7.0279293E-002
0.367	6.8967380E-002
0.368	6.7616604E-002
0.369	6.6229448E-002
0.37	6.4812735E-002
0.371	6.3377000E-002
0.372	6.1935697E-002
0.373	6.0504332E-002
0.374	5.9099544E-002
0.375	5.7738118E-002
0.376	5.6436069E-002
0.377	5.5207647E-002
0.378	5.4064557E-002
0.379	5.3015035E-002
0.38	5.2063379E-002
0.381	5.1209457E-002
0.382	5.0448626E-002
0.383	4.9771957E-002
0.384	4.9166590E-002
0.385	4.8616659E-002
0.386	4.8104096E-002
0.387	4.7609814E-002
0.388	4.7114801E-002
0.389	4.6601284E-002
0.39	4.6053659E-002
0.391	4.5459453E-002
0.392	4.4809930E-002
0.393	4.4100437E-002
0.394	4.3330744E-002
0.395	4.2504814E-002
0.396	4.1630611E-002
0.397	4.0719565E-002
0.398	3.9785869E-002
0.399	3.8845707E-002
0.4	3.7916332E-002
0.401	3.7015188E-002
0.402	3.6158953E-002
0.403	3.5362601E-002
0.404	3.4638762E-002
0.405	3.3996958E-002
0.406	3.3443168E-002
0.407	3.2979466E-002
0.408	3.2603897E-002
0.409	3.2310665E-002
0.41	3.2090232E-002
0.411	3.1929966E-002
0.412	3.1814631E-002
0.413	3.1727236E-002
0.414	3.1649854E-002
0.415	3.1564493E-002
0.416	3.1454008E-002
0.417	3.1302948E-002
0.418	3.1098297E-002
0.419	3.0830085E-002
0.42	3.0491866E-002
0.421	3.0080982E-002
0.422	2.9598676E-002
0.423	2.9049912E-002
0.424	2.8443160E-002
0.425	2.7789906E-002
0.426	2.7104059E-002
0.427	2.6401307E-002
0.428	2.5698349E-002
0.429	2.5012130E-002
0.43	2.4359044E-002
0.431	2.3754226E-002
0.432	2.3210820E-002
0.433	2.2739366E-002
0.434	2.2347357E-002
0.435	2.2038855E-002
0.436	2.1814346E-002
0.437	2.1670735E-002
0.438	2.1601487E-002
0.439	2.1596972E-002
0.44	2.1644931E-002
0.441	2.1731077E-002
0.442	2.1839693E-002
0.443	2.1954378E-002
0.444	2.2058798E-002
0.445	2.2137310E-002
0.446	2.2175753E-002
0.447	2.2161964E-002
0.448	2.2086320E-002
0.449	2.1942088E-002
0.45	2.1725740E-002
0.451	2.1436989E-002
0.452	2.1078803E-002
0.453	2.0657241E-002
0.454	2.0181116E-002
0.455	1.9661637E-002
0.456	1.9111879E-002
0.457	1.8546220E-002
0.458	1.7979767E-002
0.459	1.7427681E-002
0.46	1.6904600E-002
0.461	1.6423997E-002
0.462	1.5997689E-002
0.463	1.5635295E-002
0.464	1.5343922E-002
0.465	1.5127810E-002
0.466	1.4988227E-002
0.467	1.4923395E-002
0.468	1.4928596E-002
0.469	1.4996380E-002
0.47	1.5116900E-002
0.471	1.5278328E-002
0.472	1.5467362E-002
0.473	1.5669793E-002
0.474	1.5871078E-002
0.475	1.6056940E-002
0.476	1.6213901E-002
0.477	1.6329844E-002
0.478	1.6394464E-002
0.479	1.6399605E-002
0.48	1.6339621E-002
0.481	1.6211528E-002
0.482	1.6015103E-002
0.483	1.5752887E-002
0.484	1.5430032E-002
0.485	1.5054087E-002
0.486	1.4634682E-002
0.487	1.4183122E-002
0.488	1.3711935E-002
0.489	1.3234377E-002
0.49	1.2763914E-002
0.491	1.2313699E-002
0.492	1.1896112E-002
0.493	1.1522257E-002
0.494	1.1201599E-002
0.495	1.0941610E-002
0.496	1.0747507E-002
0.497	1.0622090E-002
0.498	1.0565640E-002
0.499	1.0575940E-002
0.5	1.0648370E-002
0.501	1.0776116E-002
0.502	1.0950405E-002
0.503	1.1160880E-002
0.504	1.1395982E-002
0.505	1.1643361E-002
0.506	1.1890358E-002
0.507	1.2124434E-002
0.508	1.2333638E-002
0.509	1.2507001E-002
0.51	1.2634968E-002
0.511	1.2709698E-002
0.512	1.2725361E-002
0.513	1.2678324E-002
0.514	1.2567290E-002
0.515	1.2393326E-002
0.516	1.2159796E-002
0.517	1.1872244E-002
0.518	1.1538166E-002
0.519	1.1166722E-002
0.52	1.0768405E-002
0.521	1.0354636E-002
0.522	9.9373581E-003
0.523	9.5286192E-003
0.524	9.1401292E-003
0.525	8.7828664E-003
0.526	8.4666926E-003
0.527	8.2000252E-003
0.528	7.9895481E-003
0.529	7.8399964E-003
0.53	7.7539892E-003
0.531	7.7319616E-003
0.532	7.7721500E-003
0.533	7.8706602E-003
0.534	8.0216210E-003
0.535	8.2173925E-003
0.536	8.4488438E-003
0.537	8.7056663E-003
0.538	8.9767734E-003
0.539	9.2506511E-003
0.54	9.5157931E-003
0.541	9.7610541E-003
0.542	9.9760657E-003
0.543	1.0151566E-002
0.544	1.0279702E-002
0.545	1.0354289E-002
0.546	1.0371021E-002
0.547	1.0327577E-002
0.548	1.0223720E-002
0.549	1.0061270E-002
0.55	9.8440405E-003
0.551	9.5777046E-003
0.552	9.2695933E-003
0.553	8.9284312E-003
0.554	8.5640512E-003
0.555	8.1870565E-003
0.556	7.8084432E-003
0.557	7.4392580E-003
0.558	7.0902193E-003
0.559	6.7713787E-003
0.56	6.4917915E-003
0.561	6.2592356E-003
0.562	6.0799597E-003
0.563	5.9584943E-003
0.564	5.8974917E-003
0.565	5.8976472E-003
0.566	5.9576570E-003
0.567	6.0742544E-003
0.568	6.2423027E-003
0.569	6.4549660E-003
0.57	6.7039193E-003
0.571	6.9796401E-003
0.572	7.2717238E-003
0.573	7.5692511E-003
0.574	7.8611728E-003
0.575	8.1366822E-003
0.576	8.3855893E-003
0.577	8.5986583E-003
0.578	8.7678861E-003
0.579	8.8867573E-003
0.58	8.9503946E-003
0.581	8.9557134E-003
0.582	8.9014824E-003
0.583	8.7883547E-003
0.584	8.6188586E-003
0.585	8.3973296E-003
0.586	8.1298053E-003
0.587	7.8238789E-003
0.588	7.4884468E-003
0.589	7.1334383E-003
0.59	6.7694657E-003
0.591	6.4074676E-003
0.592	6.0583018E-003
0.593	5.7323826E-003
0.594	5.4393322E-003
0.595	5.1876707E-003
0.596	4.9845753E-003
0.597	4.8356820E-003
0.598	4.7449316E-003
0.599	4.7144727E-003
0.6	4.7446131E-003
0.601	4.8337863E-003
0.602	4.9786037E-003
0.603	5.1739444E-003
0.604	5.4130950E-003
0.605	5.6879646E-003
0.606	5.9893508E-003
0.607	6.3072303E-003
0.608	6.6311047E-003
0.609	6.9503332E-003
0.61	7.2544673E-003
0.611	7.5335670E-003
0.612	7.7784928E-003
0.613	7.9811569E-003
0.614	8.1347609E-003
0.615	8.2339812E-003
0.616	8.2751438E-003
0.617	8.2563320E-003
0.618	8.1774639E-003
0.619	8.0403192E-003
0.62	7.8484919E-003
0.621	7.6073012E-003
0.622	7.3236208E-003
0.623	7.0056836E-003
0.624	6.6628153E-003
0.625	6.3051526E-003
0.626	5.9433272E-003
0.627	5.5881389E-003
0.628	5.2502300E-003
0.629	4.9397573E-003
0.63	4.6660914E-003
0.631	4.4375304E-003
0.632	4.2610504E-003
0.633	4.1420865E-003
0.634	4.0843734E-003
0.635	4.0898211E-003
0.636	4.1584484E-003
0.637	4.2883875E-003
0.638	4.4759107E-003
0.639	4.7155493E-003
0.64	5.0002416E-003
0.641	5.3215413E-003
0.642	5.6698495E-003
0.643	6.0347118E-003
0.644	6.4051170E-003
0.645	6.7698364E-003
0.646	7.1177660E-003
0.647	7.4382662E-003
0.648	7.7214907E-003
0.649	7.9586906E-003
0.65	8.1424816E-003
0.651	8.2670730E-003
0.652	8.3284285E-003
0.653	8.3243996E-003
0.654	8.2547767E-003
0.655	8.1213079E-003
0.656	7.9276450E-003
0.657	7.6792599E-003
0.658	7.3832930E-003
0.659	7.0483559E-003
0.66	6.6843042E-003
0.661	6.3019567E-003
0.662	5.9127999E-003
0.663	5.5286456E-003
0.664	5.1612919E-003
0.665	4.8221773E-003
0.666	4.5220372E-003
0.667	4.2705727E-003
0.668	4.0761586E-003
0.669	3.9455779E-003
0.67	3.8837953E-003
0.671	3.8937908E-003
0.672	3.9764475E-003
0.673	4.1304948E-003
0.674	4.3525291E-003
0.675	4.6370910E-003
0.676	4.9768128E-003
0.677	5.3626243E-003
0.678	5.7840268E-003
0.679	6.2293834E-003
0.68	6.6862842E-003
0.681	7.1418961E-003
0.682	7.5833588E-003
0.683	7.9981554E-003
0.684	8.3744694E-003
0.685	8.7015452E-003
0.686	8.9699859E-003
0.687	9.1720270E-003
0.688	9.3017546E-003
0.689	9.3552945E-003
0.69	9.3309302E-003
0.691	9.2291720E-003
0.692	9.0527805E-003
0.693	8.8067111E-003
0.694	8.4980130E-003
0.695	8.1356736E-003
0.696	7.7303788E-003
0.697	7.2942399E-003
0.698	6.8404647E-003
0.699	6.3829836E-003
0.7	5.9360801E-003
0.701	5.5139656E-003
0.702	5.1303878E-003
0.703	4.7982386E-003
0.704	4.5291712E-003
0.705	4.3332572E-003
0.706	4.2186594E-003
0.707	4.1913805E-003
0.708	4.2550173E-003
0.709	4.4106282E-003
0.71	4.6566394E-003
0.711	4.9888440E-003
0.712	5.4004826E-003
0.713	5.8823968E-003
0.714	6.4232685E-003
0.715	7.0099197E-003
0.716	7.6276818E-003
0.717	8.2607968E-003
0.718	8.8928491E-003
0.719	9.5072463E-003
0.72	1.0087669E-002
0.721	1.0618533E-002
0.722	1.1085446E-002
0.723	1.1475602E-002
0.724	1.1778198E-002
0.725	1.1984739E-002
0.726	1.2089326E-002
0.727	1.2088885E-002
0.728	1.1983294E-002
0.729	1.1775482E-002
0.73	1.1471376E-002
0.731	1.1079838E-002
0.732	1.0612477E-002
0.733	1.0083390E-002
0.734	9.5088510E-003
0.735	8.9068841E-003
0.736	8.2968567E-003
0.737	7.6989504E-003
0.738	7.1336124E-003
0.739	6.6210092E-003
0.74	6.1804317E-003
0.741	5.8297096E-003
0.742	5.5846553E-003
0.743	5.4585426E-003
0.744	5.4616448E-003
0.745	5.6008594E-003
0.746	5.8794082E-003
0.747	6.2966570E-003
0.748	6.8480489E-003
0.749	7.5251409E-003
0.75	8.3157597E-003
0.751	9.2042675E-003
0.752	1.0171944E-002
0.753	1.1197416E-002
0.754	1.2257198E-002
0.755	1.3326271E-002
0.756	1.4378737E-002
0.757	1.5388467E-002
0.758	1.6329836E-002
0.759	1.7178418E-002
0.76	1.7911740E-002
0.761	1.8509978E-002
0.762	1.8956615E-002
0.763	1.9239036E-002
0.764	1.9349031E-002
0.765	1.9283218E-002
0.766	1.9043291E-002
0.767	1.8636212E-002
0.768	1.8074214E-002
0.769	1.7374711E-002
0.77	1.6560050E-002
0.771	1.5657105E-002
0.772	1.4696758E-002
0.773	1.3713231E-002
0.774	1.2743262E-002
0.775	1.1825179E-002
0.776	1.0997883E-002
0.777	1.0299763E-002
0.778	9.7675370E-003
0.779	9.4351340E-003
0.78	9.3325609E-003
0.781	9.4848536E-003
0.782	9.9111507E-003
0.783	1.0623846E-002
0.784	1.1627989E-002
0.785	1.2920788E-002
0.786	1.4491423E-002
0.787	1.6321024E-002
0.788	1.8382894E-002
0.789	2.0642988E-002
0.79	2.3060571E-002
0.791	2.5589088E-002
0.792	2.8177204E-002
0.793	3.0769970E-002
0.794	3.3310138E-002
0.795	3.5739537E-002
0.796	3.8000505E-002
0.797	4.0037557E-002
0.798	4.1798785E-002
0.799	4.3237671E-002
0.8	4.4314694E-002
0.801	4.4999059E-002
0.802	4.5270391E-002
0.803	4.5120366E-002
0.804	4.4554301E-002
0.805	4.3592542E-002
0.806	4.2271566E-002
0.807	4.0644925E-002
0.808	3.8783800E-002
0.809	3.6777101E-002
0.81	3.4731112E-002
0.811	3.2768622E-002
0.812	3.1027459E-002
0.813	2.9658170E-002
0.814	2.8821219E-002
0.815	2.8683113E-002
0.816	2.9411929E-002
0.817	3.1171994E-002
0.818	3.4118127E-002
0.819	3.8389429E-002
0.82	4.4103105E-002
0.821	5.1348582E-002
0.822	6.0182367E-002
0.823	7.0623808E-002
0.824	8.2652502E-002
0.825	9.6207149E-002
0.826	1.1118629E-001
0.827	1.2745111E-001
0.828	1.4482971E-001
0.829	1.6312329E-001
0.83	1.8211272E-001
0.831	2.0156690E-001
0.832	2.2125027E-001
0.833	2.4093021E-001
0.834	2.6038420E-001
0.835	2.7940521E-001
0.836	2.9780638E-001
0.837	3.1542388E-001
0.838	3.3211878E-001
0.839	3.4777829E-001
0.84	3.6231437E-001
0.841	3.7566349E-001
0.842	3.8778472E-001
0.843	3.9865738E-001
0.844	4.0827826E-001
0.845	4.1665941E-001
0.846	4.2382511E-001
0.847	4.2980924E-001
0.848	4.3465251E-001
0.849	4.3840024E-001
0.85	4.4110054E-001
0.851	4.4280261E-001
0.852	4.4355524E-001
0.853	4.4340563E-001
0.854	4.4239917E-001
0.855	4.4057876E-001
0.856	4.3798426E-001
0.857	4.3465266E-001
0.858	4.3061811E-001
0.859	4.2591146E-001
0.86	4.2056119E-001
0.861	4.1459319E-001
0.862	4.0803087E-001
0.863	4.0089595E-001
0.864	3.9320838E-001
0.865	3.8498732E-001
0.866	3.7625045E-001
0.867	3.6701548E-001
0.868	3.5729918E-001
0.869	3.4711954E-001
0.87	3.3649436E-001
0.871	3.2544294E-001
0.872	3.1398684E-001
0.873	3.0214989E-001
0.874	2.8995985E-001
0.875	2.7744845E-001
0.876	2.6465195E-001
0.877	2.5161245E-001
0.878	2.3837653E-001
0.879	2.2499675E-001
0.88	2.1153037E-001
0.881	1.9803998E-001
0.882	1.8459219E-001
0.883	1.7125788E-001
0.884	1.5811151E-001
0.885	1.4522989E-001
0.886	1.3269165E-001
0.887	1.2057576E-001
0.888	1.0895967E-001
0.889	9.7917862E-002
0.89	8.7519430E-002
0.891	7.7826202E-002
0.892	6.8890594E-002
0.893	6.0754016E-002
0.894	5.3445268E-002
0.895	4.6979766E-002
0.896	4.1358940E-002
0.897	3.6570270E-002
0.898	3.2587647E-002
0.899	2.9372277E-002
0.9	2.6873875E-002
0.901	2.5032220E-002
0.902	2.3778960E-002
0.903	2.3039594E-002
0.904	2.2735640E-002
0.905	2.2786736E-002
0.906	2.3112770E-002
0.907	2.3635847E-002
0.908	2.4282042E-002
0.909	2.4982965E-002
0.91	2.5676977E-002
0.911	2.6310170E-002
0.912	2.6836982E-002
0.913	2.7220599E-002
0.914	2.7432997E-002
0.915	2.7454829E-002
0.916	2.7275033E-002
0.917	2.6890315E-002
0.918	2.6304491E-002
0.919	2.5527723E-002
0.92	2.4575662E-002
0.921	2.3468588E-002
0.922	2.2230443E-002
0.923	2.0887917E-002
0.924	1.9469526E-002
0.925	1.8004682E-002
0.926	1.6522821E-002
0.927	1.5052664E-002
0.928	1.3621387E-002
0.929	1.2254050E-002
0.93	1.0973029E-002
0.931	9.7975675E-003
0.932	8.7434361E-003
0.933	7.8227250E-003
0.934	7.0436830E-003
0.935	6.4107347E-003
0.936	5.9245313E-003
0.937	5.5821263E-003
0.938	5.3772293E-003
0.939	5.3005139E-003
0.94	5.3400164E-003
0.941	5.4815584E-003
0.942	5.7092346E-003
0.943	6.0059056E-003
0.944	6.3537019E-003
0.945	6.7345444E-003
0.946	7.1306061E-003
0.947	7.5247847E-003
0.948	7.9010837E-003
0.949	8.2449801E-003
0.95	8.5437121E-003
0.951	8.7865107E-003
0.952	8.9647956E-003
0.953	9.0722619E-003
0.954	9.1049653E-003
0.955	9.0612955E-003
0.956	8.9419112E-003
0.957	8.7496275E-003
0.958	8.4892055E-003
0.959	8.1671253E-003
0.96	7.7913185E-003
0.961	7.3708599E-003
0.962	6.9156447E-003
0.963	6.4360956E-003
0.964	5.9428499E-003
0.965	5.4464964E-003
0.966	4.9573136E-003
0.967	4.4850507E-003
0.968	4.0387237E-003
0.969	3.6264278E-003
0.97	3.2551759E-003
0.971	2.9307473E-003
0.972	2.6575760E-003
0.973	2.4386626E-003
0.974	2.2755309E-003
0.975	2.1682249E-003
0.976	2.1153500E-003
0.977	2.1141618E-003
0.978	2.1606884E-003
0.979	2.2498837E-003
0.98	2.3758106E-003
0.981	2.5318356E-003
0.982	2.7108302E-003
0.983	2.9053846E-003
0.984	3.1080048E-003
0.985	3.3113109E-003
0.986	3.5082253E-003
0.987	3.6921306E-003
0.988	3.8570322E-003
0.989	3.9976826E-003
0.99	4.1096895E-003
0.991	4.1895979E-003
0.992	4.2349519E-003
0.993	4.2443182E-003
0.994	4.2172871E-003
0.995	4.1544572E-003
0.996	4.0573743E-003
0.997	3.9284676E-003
0.998	3.7709540E-003
0.999	3.5887351E-003
1	3.3862609E-003
1.001	3.1684064E-003
1.002	2.9403174E-003
1.003	2.7072716E-003
1.004	2.4745208E-003
1.005	2.2471638E-003
1.006	2.0300089E-003
1.007	1.8274577E-003
1.008	1.6434130E-003
1.009	1.4811871E-003
1.01	1.3434414E-003
1.011	1.2321363E-003
1.012	1.1485014E-003
1.013	1.0930261E-003
1.014	1.0654666E-003
1.015	1.0648730E-003
1.016	1.0896351E-003
1.017	1.1375408E-003
1.018	1.2058519E-003
1.019	1.2913912E-003
1.02	1.3906353E-003
1.021	1.4998181E-003
1.022	1.6150350E-003
1.023	1.7323518E-003
1.024	1.8479084E-003
1.025	1.9580158E-003
1.026	2.0592539E-003
1.027	2.1485493E-003
1.028	2.2232456E-003
1.029	2.2811613E-003
1.03	2.3206316E-003
1.031	2.3405338E-003
1.032	2.3402988E-003
1.033	2.3199082E-003
1.034	2.2798812E-003
1.035	2.2212360E-003
1.036	2.1454578E-003
1.037	2.0544434E-003
1.038	1.9504413E-003
1.039	1.8359887E-003
1.04	1.7138341E-003
1.041	1.5868659E-003
1.042	1.4580329E-003
1.043	1.3302662E-003
1.044	1.2064046E-003
1.045	1.0891218E-003
1.046	9.8086137E-004
1.047	8.8377693E-004
1.048	7.9968513E-004
1.049	7.3002279E-004
1.05	6.7582075E-004
1.051	6.3768460E-004
1.052	6.1579037E-004
1.053	6.0989027E-004
1.054	6.1933009E-004
1.055	6.4307777E-004
1.056	6.7976111E-004
1.057	7.2771392E-004
1.058	7.8502693E-004
1.059	8.4960670E-004
1.06	9.1923308E-004
1.061	9.9161977E-004
1.062	1.0644768E-003
1.063	1.1355651E-003
1.064	1.2027527E-003
1.065	1.2640657E-003
1.066	1.3177329E-003
1.067	1.3622253E-003
1.068	1.3962871E-003
1.069	1.4189638E-003
1.07	1.4296165E-003
1.071	1.4279333E-003
1.072	1.4139306E-003
1.073	1.3879450E-003
1.074	1.3506215E-003
1.075	1.3028915E-003
1.076	1.2459419E-003
1.077	1.1811820E-003
1.078	1.1102046E-003
1.079	1.0347358E-003
1.08	9.5658883E-004
1.081	8.7761279E-004
1.082	7.9963973E-004
1.083	7.2443549E-004
1.084	6.5365381E-004
1.085	5.8879418E-004
1.086	5.3116877E-004
1.087	4.8187166E-004
1.088	4.4175840E-004
1.089	4.1143133E-004
1.09	3.9123054E-004
1.091	3.8123195E-004
1.092	3.8125223E-004
1.093	3.9085743E-004
1.094	4.0938015E-004
1.095	4.3594107E-004
1.096	4.6947473E-004
1.097	5.0876092E-004
1.098	5.5245915E-004
1.099	5.9914537E-004
1.1	6.4734917E-004
1.101	6.9559453E-004
1.102	7.4243598E-004
1.103	7.8649650E-004
1.104	8.2650140E-004
1.105	8.6130912E-004
1.106	8.8993984E-004
1.107	9.1159518E-004
1.108	9.2567818E-004
1.109	9.3180238E-004
1.11	9.2979899E-004
1.111	9.1971603E-004
1.112	9.0181374E-004
1.113	8.7655132E-004
1.114	8.4457279E-004
1.115	8.0668536E-004
1.116	7.6383521E-004
1.117	7.1707967E-004
1.118	6.6755689E-004
1.119	6.1645446E-004
1.12	5.6497904E-004
1.121	5.1432278E-004
1.122	4.6563576E-004
1.123	4.1999627E-004
1.124	3.7838533E-004
1.125	3.4166398E-004
1.126	3.1055321E-004
1.127	2.8561812E-004
1.128	2.6725495E-004
1.129	2.5568460E-004
1.13	2.5094865E-004
1.131	2.5291202E-004
1.132	2.6126922E-004
1.133	2.7555582E-004
1.134	2.9516406E-004
1.135	3.1936134E-004
1.136	3.4731248E-004
1.137	3.7810340E-004
1.138	4.1076588E-004
1.139	4.4430423E-004
1.14	4.7771996E-004
1.141	5.1003788E-004
1.142	5.4032961E-004
1.143	5.6773715E-004
1.144	5.9149263E-004
1.145	6.1093725E-004
1.146	6.2553684E-004
1.147	6.3489465E-004
1.148	6.3875859E-004
1.149	6.3702645E-004
1.15	6.2974554E-004
1.151	6.1710761E-004
1.152	5.9944106E-004
1.153	5.7719694E-004
1.154	5.5093609E-004
1.155	5.2131055E-004
1.156	4.8904598E-004
1.157	4.5492096E-004
1.158	4.1974906E-004
1.159	3.8435808E-004
1.16	3.4957015E-004
1.161	3.1618169E-004
1.162	2.8494382E-004
1.163	2.5654354E-004
1.164	2.3158597E-004
1.165	2.1057909E-004
1.166	1.9392055E-004
1.167	1.8188903E-004
1.168	1.7463752E-004
1.169	1.7219168E-004
1.17	1.7445179E-004
1.171	1.8119749E-004
1.172	1.9209630E-004
1.173	2.0671495E-004
1.174	2.2453297E-004
1.175	2.4495769E-004
1.176	2.6734150E-004
1.177	2.9099899E-004
1.178	3.1522565E-004
1.179	3.3931623E-004
1.18	3.6258131E-004
1.181	3.8436629E-004
1.182	4.0406553E-004
1.183	4.2113778E-004
1.184	4.3511853E-004
1.185	4.4563058E-004
1.186	4.5239276E-004
1.187	4.5522494E-004
1.188	4.5405203E-004
1.189	4.4890295E-004
1.19	4.3990920E-004
1.191	4.2729868E-004
1.192	4.1138905E-004
1.193	3.9257720E-004
1.194	3.7132888E-004
1.195	3.4816560E-004
1.196	3.2365118E-004
1.197	2.9837637E-004
1.198	2.7294425E-004
1.199	2.4795361E-004
1.2	2.2398423E-004
1.201	2.0158121E-004
1.202	1.8124131E-004
1.203	1.6340110E-004
1.204	1.4842629E-004
1.205	1.3660381E-004
1.206	1.2813590E-004
1.207	1.2313631E-004
1.208	1.2162907E-004
1.209	1.2354873E-004
1.21	1.2874354E-004
1.211	1.3698016E-004
1.212	1.4795094E-004
1.213	1.6128267E-004
1.214	1.7654750E-004
1.215	1.9327489E-004
1.216	2.1096457E-004
1.217	2.2910023E-004
1.218	2.4716268E-004
1.219	2.6464358E-004
1.22	2.8105790E-004
1.221	2.9595548E-004
1.222	3.0893221E-004
1.223	3.1963887E-004
1.224	3.2778963E-004
1.225	3.3316782E-004
1.226	3.3563143E-004
1.227	3.3511422E-004
1.228	3.3162851E-004
1.229	3.2526185E-004
1.23	3.1617540E-004
1.231	3.0459856E-004
1.232	2.9082136E-004
1.233	2.7518754E-004
1.234	2.5808389E-004
1.235	2.3993022E-004
1.236	2.2116800E-004
1.237	2.0224819E-004
1.238	1.8361994E-004
1.239	1.6571877E-004
1.24	1.4895540E-004
1.241	1.3370608E-004
1.242	1.2030321E-004
1.243	1.0902750E-004
1.244	1.0010196E-004
1.245	9.3686765E-005
1.246	8.9876215E-005
1.247	8.8697481E-005
1.248	9.0110530E-005
1.249	9.4010247E-005
1.25	1.0022998E-004
1.251	1.0854661E-004
1.252	1.1868677E-004
1.253	1.3033474E-004
1.254	1.4314085E-004
1.255	1.5673079E-004
1.256	1.7071559E-004
1.257	1.8470145E-004
1.258	1.9830003E-004
1.259	2.1113816E-004
1.26	2.2286730E-004
1.261	2.3317213E-004
1.262	2.4177796E-004
1.263	2.4845751E-004
1.264	2.5303563E-004
1.265	2.5539327E-004
1.266	2.5547005E-004
1.267	2.5326380E-004
1.268	2.4883132E-004
1.269	2.4228475E-004
1.27	2.3378879E-004
1.271	2.2355600E-004
1.272	2.1184028E-004
1.273	1.9893037E-004
1.274	1.8514211E-004
1.275	1.7081032E-004
1.276	1.5627999E-004
1.277	1.4189782E-004
1.278	1.2800303E-004
1.279	1.1491948E-004
1.28	1.0294667E-004
1.281	9.2352951E-005
1.282	8.3368432E-005
1.283	7.6179553E-005
1.284	7.0924529E-005
1.285	6.7690591E-005
1.286	6.6512170E-005
1.287	6.7370944E-005
1.288	7.0196933E-005
1.289	7.4871255E-005
1.29	8.1229751E-005
1.291	8.9067828E-005
1.292	9.8146345E-005
1.293	1.0819779E-004
1.294	1.1893362E-004
1.295	1.3005157E-004
1.296	1.4124333E-004
1.297	1.5220241E-004
1.298	1.6263180E-004
1.299	1.7225134E-004
1.3	1.8080448E-004
1.301	1.8806470E-004
1.302	1.9384109E-004
1.303	1.9798265E-004
1.304	2.0038162E-004
1.305	2.0097617E-004
1.306	1.9975097E-004
1.307	1.9673747E-004
1.308	1.9201251E-004
1.309	1.8569565E-004
1.31	1.7794590E-004
1.311	1.6895702E-004
1.312	1.5895235E-004
1.313	1.4817885E-004
1.314	1.3690010E-004
1.315	1.2538974E-004
1.316	1.1392439E-004
1.317	1.0277656E-004
1.318	9.2208036E-005
1.319	8.2463390E-005
1.32	7.3764211E-005
1.321	6.6303699E-005
1.322	6.0242171E-005
1.323	5.5703258E-005
1.324	5.2771065E-005
1.325	5.1488296E-005
1.326	5.1855572E-005
1.327	5.3831645E-005
1.328	5.7334979E-005
1.329	6.2246188E-005
1.33	6.8411544E-005
1.331	7.5647265E-005
1.332	8.3744628E-005
1.333	9.2475486E-005
1.334	1.0159819E-004
1.335	1.1086381E-004
1.336	1.2002234E-004
1.337	1.2882886E-004
1.338	1.3704950E-004
1.339	1.4446728E-004
1.34	1.5088719E-004
1.341	1.5614132E-004
1.342	1.6009250E-004
1.343	1.6263820E-004
1.344	1.6371292E-004
1.345	1.6328933E-004
1.346	1.6137908E-004
1.347	1.5803208E-004
1.348	1.5333426E-004
1.349	1.4740530E-004
1.35	1.4039458E-004
1.351	1.3247710E-004
1.352	1.2384837E-004
1.353	1.1471949E-004
1.354	1.0531201E-004
1.355	9.5852243E-005
1.356	8.6566208E-005
1.357	7.7674224E-005
1.358	6.9385664E-005
1.359	6.1893930E-005
1.36	5.5371565E-005
1.361	4.9965951E-005
1.362	4.5795405E-005
1.363	4.2946216E-005
1.364	4.1470434E-005
1.365	4.1384734E-005
1.366	4.2670199E-005
1.367	4.5273144E-005
1.368	4.9106904E-005
1.369	5.4054399E-005
1.37	5.9971495E-005
1.371	6.6690962E-005
1.372	7.4026990E-005
1.373	8.1780039E-005
1.374	8.9741872E-005
1.375	9.7701020E-005
1.376	1.0544783E-004
1.377	1.1277977E-004
1.378	1.1950639E-004
1.379	1.2545379E-004
1.38	1.3046905E-004
1.381	1.3442370E-004
1.382	1.3721679E-004
1.383	1.3877737E-004
1.384	1.3906586E-004
1.385	1.3807481E-004
1.386	1.3582899E-004
1.387	1.3238422E-004
1.388	1.2782625E-004
1.389	1.2226787E-004
1.39	1.1584657E-004
1.391	1.0872065E-004
1.392	1.0106557E-004
1.393	9.3069364E-005
1.394	8.4927888E-005
1.395	7.6839737E-005
1.396	6.9001246E-005
1.397	6.1601299E-005
1.398	5.4816537E-005
1.399	4.8806909E-005
1.4	4.3711894E-005
1.401	3.9647148E-005
1.402	3.6701924E-005
1.403	3.4937231E-005
1.404	3.4384535E-005
1.405	3.5045268E-005
1.406	3.6890960E-005
1.407	3.9864048E-005
1.408	4.3879340E-005
1.409	4.8826165E-005
1.41	5.4571123E-005
1.411	6.0961422E-005
1.412	6.7828689E-005
1.413	7.4993215E-005
1.414	8.2268612E-005
1.415	8.9466426E-005
1.416	9.6401025E-005
1.417	1.0289424E-004
1.418	1.0877992E-004
1.419	1.1390794E-004
1.42	1.1814798E-004
1.421	1.2139256E-004
1.422	1.2355956E-004
1.423	1.2459427E-004
1.424	1.2447046E-004
1.425	1.2319091E-004
1.426	1.2078735E-004
1.427	1.1731951E-004
1.428	1.1287368E-004
1.429	1.0756034E-004
1.43	1.0151161E-004
1.431	9.4877701E-005
1.432	8.7823035E-005
1.433	8.0522441E-005
1.434	7.3156327E-005
1.435	6.5906468E-005
1.436	5.8951220E-005
1.437	5.2461310E-005
1.438	4.6595487E-005
1.439	4.1496714E-005
1.44	3.7288588E-005
1.441	3.4072389E-005
1.442	3.1924512E-005
1.443	3.0894600E-005
1.444	3.1004340E-005
1.445	3.2246888E-005
1.446	3.4587076E-005
1.447	3.7962287E-005
1.448	4.2284111E-005
1.449	4.7440644E-005
1.45	5.3299369E-005
1.451	5.9710495E-005
1.452	6.6510816E-005
1.453	7.3527757E-005
1.454	8.0583712E-005
1.455	8.7500324E-005
1.456	9.4102965E-005
1.457	1.0022490E-004
1.458	1.0571165E-004
1.459	1.1042456E-004
1.46	1.1424450E-004
1.461	1.1707480E-004
1.462	1.1884364E-004
1.463	1.1950587E-004
1.464	1.1904418E-004
1.465	1.1746946E-004
1.466	1.1482047E-004
1.467	1.1116298E-004
1.468	1.0658812E-004
1.469	1.0121011E-004
1.47	9.5163443E-005
1.471	8.8599554E-005
1.472	8.1683080E-005
1.473	7.4587617E-005
1.474	6.7491535E-005
1.475	6.0573428E-005
1.476	5.4007760E-005
1.477	4.7960606E-005
1.478	4.2585587E-005
1.479	3.8020167E-005
1.48	3.4382188E-005
1.481	3.1767118E-005
1.482	3.0245432E-005
1.483	2.9860908E-005
1.484	3.0629351E-005
1.485	3.2538079E-005
1.486	3.5546022E-005
1.487	3.9584706E-005
1.488	4.4559754E-005
1.489	5.0353141E-005
1.49	5.6826098E-005
1.491	6.3822408E-005
1.492	7.1172348E-005
1.493	7.8696910E-005
1.494	8.6212109E-005
1.495	9.3533788E-005
1.496	1.0048195E-004
1.497	1.0688532E-004
1.498	1.1258552E-004
1.499	1.1744090E-004
1.5	1.2133018E-004
1.501	1.2415535E-004
1.502	1.2584435E-004
1.503	1.2635294E-004
1.504	1.2566609E-004
1.505	1.2379875E-004
1.506	1.2079542E-004
1.507	1.1672962E-004
1.508	1.1170215E-004
1.509	1.0583872E-004
1.51	9.9286874E-005
1.511	9.2212751E-005
1.512	8.4796688E-005
1.513	7.7229124E-005
1.514	6.9705959E-005
1.515	6.2423875E-005
1.516	5.5575641E-005
1.517	4.9345366E-005
1.518	4.3904085E-005
1.519	3.9405360E-005
1.52	3.5981411E-005
1.521	3.3739630E-005
1.522	3.2759599E-005
1.523	3.3090797E-005
1.524	3.4751010E-005
1.525	3.7725578E-005
1.526	4.1967218E-005
1.527	4.7397043E-005
1.528	5.3905977E-005
1.529	6.1357176E-005
1.53	6.9589129E-005
1.531	7.8419274E-005
1.532	8.7648346E-005
1.533	9.7065029E-005
1.534	1.0645093E-004
1.535	1.1558575E-004
1.536	1.2425277E-004
1.537	1.3224388E-004
1.538	1.3936491E-004
1.539	1.4544057E-004
1.54	1.5031909E-004
1.541	1.5387629E-004
1.542	1.5601955E-004
1.543	1.5669024E-004
1.544	1.5586647E-004
1.545	1.5356400E-004
1.546	1.4983639E-004
1.547	1.4477439E-004
1.548	1.3850442E-004
1.549	1.3118543E-004
1.55	1.2300562E-004
1.551	1.1417818E-004
1.552	1.0493655E-004
1.553	9.5529249E-005
1.554	8.6214481E-005
1.555	7.7254590E-005
1.556	6.8910194E-005
1.557	6.1434388E-005
1.558	5.5066856E-005
1.559	5.0027847E-005
1.56	4.6512559E-005
1.561	4.4685676E-005
1.562	4.4676603E-005
1.563	4.6575300E-005
1.564	5.0429029E-005
1.565	5.6240166E-005
1.566	6.3964922E-005
1.567	7.3513198E-005
1.568	8.4749336E-005
1.569	9.7493947E-005
1.57	1.1152674E-004
1.571	1.2659009E-004
1.572	1.4239403E-004
1.573	1.5862158E-004
1.574	1.7493573E-004
1.575	1.9098725E-004
1.576	2.0642261E-004
1.577	2.2089321E-004
1.578	2.3406436E-004
1.579	2.4562408E-004
1.58	2.5529196E-004
1.581	2.6282691E-004
1.582	2.6803414E-004
1.583	2.7077142E-004
1.584	2.7095436E-004
1.585	2.6856014E-004
1.586	2.6363097E-004
1.587	2.5627570E-004
1.588	2.4667059E-004
1.589	2.3505901E-004
1.59	2.2175047E-004
1.591	2.0711774E-004
1.592	1.9159318E-004
1.593	1.7566473E-004
1.594	1.5986896E-004
1.595	1.4478505E-004
1.596	1.3102552E-004
1.597	1.1922728E-004
1.598	1.1004098E-004
1.599	1.0412015E-004
1.6	1.0210947E-004
1.601	1.0463323E-004
1.602	1.1228371E-004
1.603	1.2561008E-004
1.604	1.4510751E-004
1.605	1.7120721E-004
1.606	2.0426711E-004
1.607	2.4456377E-004
1.608	2.9228471E-004
1.609	3.4752293E-004
1.61	4.1027160E-004
1.611	4.8042170E-004
1.612	5.5775925E-004
1.613	6.4196612E-004
1.614	7.3262135E-004
1.615	8.2920335E-004
1.616	9.3109719E-004
1.617	1.0375980E-003
1.618	1.1479227E-003
1.619	1.2612167E-003
1.62	1.3765653E-003
1.621	1.4930087E-003
1.622	1.6095520E-003
1.623	1.7251776E-003
1.624	1.8388615E-003
1.625	1.9495817E-003
1.626	2.0563325E-003
1.627	2.1581354E-003
1.628	2.2540519E-003
1.629	2.3431934E-003
1.63	2.4247305E-003
1.631	2.4979087E-003
1.632	2.5620519E-003
1.633	2.6165789E-003
1.634	2.6610061E-003
1.635	2.6949535E-003
1.636	2.7181508E-003
1.637	2.7304408E-003
1.638	2.7317794E-003
1.639	2.7222293E-003
1.64	2.7019647E-003
1.641	2.6712648E-003
1.642	2.6305055E-003
1.643	2.5801568E-003
1.644	2.5207712E-003
1.645	2.4529800E-003
1.646	2.3774777E-003
1.647	2.2950175E-003
1.648	2.2064014E-003
1.649	2.1124650E-003
1.65	2.0140740E-003
1.651	1.9121089E-003
1.652	1.8074582E-003
1.653	1.7010025E-003
1.654	1.5936081E-003
1.655	1.4861113E-003
1.656	1.3793088E-003
1.657	1.2739493E-003
1.658	1.1707244E-003
1.659	1.0702636E-003
1.66	9.7313040E-004
1.661	8.7982247E-004
1.662	7.9076854E-004
1.663	7.0633250E-004
1.664	6.2681135E-004
1.665	5.5243802E-004
1.666	4.8338014E-004
1.667	4.1974243E-004
1.668	3.6156600E-004
1.669	3.0883067E-004
1.67	2.6145685E-004
1.671	2.1930957E-004
1.672	1.8220374E-004
1.673	1.4990970E-004
1.674	1.2216024E-004
1.675	9.8657998E-005
1.676	7.9082558E-005
1.677	6.3097621E-005
1.678	5.0357437E-005
1.679	4.0512787E-005
1.68	3.3216253E-005
1.681	2.8127037E-005
1.682	2.4915022E-005
1.683	2.3264531E-005
1.684	2.2877539E-005
1.685	2.3476317E-005
1.686	2.4805762E-005
1.687	2.6635029E-005
1.688	2.8758797E-005
1.689	3.0997897E-005
1.69	3.3199532E-005
1.691	3.5236917E-005
1.692	3.7008584E-005
1.693	3.8437294E-005
1.694	3.9468450E-005
1.695	4.0068498E-005
1.696	4.0222832E-005
1.697	3.9933679E-005
1.698	3.9217826E-005
1.699	3.8104321E-005
1.7	3.6632107E-005
1.701	3.4847737E-005
1.702	3.2803167E-005
1.703	3.0553692E-005
1.704	2.8155895E-005
1.705	2.5666048E-005
1.706	2.3138400E-005
1.707	2.0623962E-005
1.708	1.8169338E-005
1.709	1.5815882E-005
1.71	1.3599127E-005
1.711	1.1548325E-005
1.712	9.6862586E-006
1.713	8.0292448E-006
1.714	6.5872591E-006
1.715	5.3642307E-006
1.716	4.3584787E-006
1.717	3.5632261E-006
1.718	2.9672267E-006
1.719	2.5554457E-006
1.72	2.3098007E-006
1.721	2.2099084E-006
1.722	2.2338445E-006
1.723	2.3588709E-006
1.724	2.5621257E-006
1.725	2.8212496E-006
1.726	3.1149457E-006
1.727	3.4234492E-006
1.728	3.7289162E-006
1.729	4.0157229E-006
1.73	4.2706702E-006
1.731	4.4831104E-006
1.732	4.6449895E-006
1.733	4.7508238E-006
1.734	4.7975977E-006
1.735	4.7846197E-006
1.736	4.7133126E-006
1.737	4.5869747E-006
1.738	4.4104963E-006
1.739	4.1900607E-006
1.74	3.9328393E-006
1.741	3.6466661E-006
1.742	3.3397450E-006
1.743	3.0203614E-006
1.744	2.6966261E-006
1.745	2.3762373E-006
1.746	2.0662935E-006
1.747	1.7731220E-006
1.748	1.5021456E-006
1.749	1.2577921E-006
1.75	1.0434269E-006
1.751	8.6132985E-007
1.752	7.1270176E-007
1.753	5.9770787E-007
1.754	5.1554906E-007
1.755	4.6456026E-007
1.756	4.4233022E-007
1.757	4.4583547E-007
1.758	4.7158306E-007
1.759	5.1575734E-007
1.76	5.7436358E-007
1.761	6.4336643E-007
1.762	7.1881590E-007
1.763	7.9696133E-007
1.764	8.7434825E-007
1.765	9.4789749E-007
1.766	1.0149668E-006
1.767	1.0733920E-006
1.768	1.1215122E-006
1.769	1.1581741E-006
1.77	1.1827221E-006
1.771	1.1949763E-006
1.772	1.1951952E-006
1.773	1.1840274E-006
1.774	1.1624596E-006
1.775	1.1317543E-006
1.776	1.0933851E-006
1.777	1.0489711E-006
1.778	1.0002115E-006
1.779	9.4882154E-007
1.78	8.9647722E-007
1.781	8.4476210E-007
1.782	7.9512716E-007
1.783	7.4885759E-007
1.784	7.0704817E-007
1.785	6.7059250E-007
1.786	6.4017547E-007
1.787	6.1627691E-007
1.788	5.9918199E-007
1.789	5.8899394E-007
1.79	5.8565627E-007
1.791	5.8897427E-007
1.792	5.9863993E-007
1.793	6.1425925E-007
1.794	6.3537891E-007
1.795	6.6150966E-007
1.796	6.9215093E-007
1.797	7.2680888E-007
1.798	7.6501220E-007
1.799	8.0632367E-007
1.8	8.5034577E-007
1.801	8.9672102E-007
1.802	9.4513194E-007
1.803	9.9529132E-007
1.804	1.0469357E-006
1.805	1.0998103E-006
1.806	1.1536590E-006
1.807	1.2082085E-006
1.808	1.2631574E-006
1.809	1.3181628E-006
1.81	1.3728334E-006
1.811	1.4267230E-006
1.812	1.4793251E-006
1.813	1.5300789E-006
1.814	1.5783710E-006
1.815	1.6235488E-006
1.816	1.6649333E-006
1.817	1.7018372E-006
1.818	1.7335890E-006
1.819	1.7595561E-006
1.82	1.7791725E-006
1.821	1.7919650E-006
1.822	1.7975807E-006
1.823	1.7958139E-006
1.824	1.7866263E-006
1.825	1.7701678E-006
1.826	1.7467920E-006
1.827	1.7170635E-006
1.828	1.6817626E-006
1.829	1.6418809E-006
1.83	1.5986097E-006
1.831	1.5533203E-006
1.832	1.5075415E-006
1.833	1.4629212E-006
1.834	1.4211905E-006
1.835	1.3841188E-006
1.836	1.3534643E-006
1.837	1.3309258E-006
1.838	1.3180900E-006
1.839	1.3163831E-006
1.84	1.3270226E-006
1.841	1.3509738E-006
1.842	1.3889086E-006
1.843	1.4411738E-006
1.844	1.5077634E-006
1.845	1.5882979E-006
1.846	1.6820167E-006
1.847	1.7877727E-006
1.848	1.9040508E-006
1.849	2.0289833E-006
1.85	2.1603901E-006
1.851	2.2958202E-006
1.852	2.4326116E-006
1.853	2.5679544E-006
1.854	2.6989653E-006
1.855	2.8227594E-006
1.856	2.9365342E-006
1.857	3.0376475E-006
1.858	3.1236925E-006
1.859	3.1925722E-006
1.86	3.2425614E-006
1.861	3.2723667E-006
1.862	3.2811763E-006
1.863	3.2686937E-006
1.864	3.2351622E-006
1.865	3.1813738E-006
1.866	3.1086745E-006
1.867	3.0189358E-006
1.868	2.9145324E-006
1.869	2.7982883E-006
1.87	2.6734247E-006
1.871	2.5434772E-006
1.872	2.4122176E-006
1.873	2.2835593E-006
1.874	2.1614542E-006
1.875	2.0497889E-006
1.876	1.9522827E-006
1.877	1.8723821E-006
1.878	1.8131625E-006
1.879	1.7772437E-006
1.88	1.7667049E-006
1.881	1.7830217E-006
1.882	1.8270142E-006
1.883	1.8988073E-006
1.884	1.9978129E-006
1.885	2.1227277E-006
1.886	2.2715485E-006
1.887	2.4416140E-006
1.888	2.6296493E-006
1.889	2.8318439E-006
1.89	3.0439389E-006
1.891	3.2613277E-006
1.892	3.4791688E-006
1.893	3.6925042E-006
1.894	3.8963917E-006
1.895	4.0860259E-006
1.896	4.2568677E-006
1.897	4.4047688E-006
1.898	4.5260831E-006
1.899	4.6177702E-006
1.9	4.6774908E-006
1.901	4.7036783E-006
1.902	4.6955874E-006
1.903	4.6533464E-006
1.904	4.5779484E-006
1.905	4.4712560E-006
1.906	4.3359646E-006
1.907	4.1755479E-006
1.908	3.9941779E-006
1.909	3.7966336E-006
1.91	3.5881931E-006
1.911	3.3744952E-006
1.912	3.1614154E-006
1.913	2.9549078E-006
1.914	2.7608596E-006
1.915	2.5849347E-006
1.916	2.4324256E-006
1.917	2.3081088E-006
1.918	2.2161162E-006
1.919	2.1598114E-006
1.92	2.1417018E-006
1.921	2.1633493E-006
1.922	2.2253291E-006
1.923	2.3271912E-006
1.924	2.4674616E-006
1.925	2.6436708E-006
1.926	2.8523953E-006
1.927	3.0893380E-006
1.928	3.3494216E-006
1.929	3.6269096E-006
1.93	3.9155366E-006
1.931	4.2086658E-006
1.932	4.4994549E-006
1.933	4.7810258E-006
1.934	5.0466469E-006
1.935	5.2899018E-006
1.936	5.5048613E-006
1.937	5.6862468E-006
1.938	5.8295509E-006
1.939	5.9311715E-006
1.94	5.9885083E-006
1.941	6.0000320E-006
1.942	5.9653439E-006
1.943	5.8852024E-006
1.944	5.7615171E-006
1.945	5.5973378E-006
1.946	5.3967678E-006
1.947	5.1649090E-006
1.948	4.9077162E-006
1.949	4.6318742E-006
1.95	4.3446244E-006
1.951	4.0535856E-006
1.952	3.7665593E-006
1.953	3.4913314E-006
1.954	3.2354665E-006
1.955	3.0061167E-006
1.956	2.8098345E-006
1.957	2.6523951E-006
1.958	2.5386475E-006
1.959	2.4723854E-006
1.96	2.4562362E-006
1.961	2.4915951E-006
1.962	2.5785705E-006
1.963	2.7159786E-006
1.964	2.9013624E-006
1.965	3.1310394E-006
1.966	3.4001894E-006
1.967	3.7029567E-006
1.968	4.0325917E-006
1.969	4.3815985E-006
1.97	4.7419198E-006
1.971	5.1051184E-006
1.972	5.4625798E-006
1.973	5.8057262E-006
1.974	6.1262299E-006
1.975	6.4162318E-006
1.976	6.6685393E-006
1.977	6.8768391E-006
1.978	7.0358628E-006
1.979	7.1415488E-006
1.98	7.1911504E-006
1.981	7.1833256E-006
1.982	7.1181830E-006
1.983	6.9972816E-006
1.984	6.8236036E-006
1.985	6.6014873E-006
1.986	6.3365192E-006
1.987	6.0354078E-006
1.988	5.7058342E-006
1.989	5.3562562E-006
1.99	4.9957252E-006
1.991	4.6336481E-006
1.992	4.2795718E-006
1.993	3.9429283E-006
1.994	3.6328076E-006
1.995	3.3577171E-006
1.996	3.1253580E-006
1.997	2.9424252E-006
1.998	2.8144225E-006
1.999	2.7455201E-006
2	2.7384369E-006
2.001	2.7943545E-006
2.002	2.9128801E-006
2.003	3.0920398E-006
2.004	3.3283163E-006
2.005	3.6167228E-006
2.006	3.9509114E-006
2.007	4.3233231E-006
2.008	4.7253748E-006
2.009	5.1476545E-006
2.01	5.5801688E-006
2.011	6.0125822E-006
2.012	6.4344849E-006
2.013	6.8356558E-006
2.014	7.2063212E-006
2.015	7.5373978E-006
2.016	7.8207313E-006
2.017	8.0493000E-006
2.018	8.2173865E-006
2.019	8.3207451E-006
2.02	8.3567002E-006
2.021	8.3242230E-006
2.022	8.2240003E-006
2.023	8.0583977E-006
2.024	7.8314433E-006
2.025	7.5487333E-006
2.026	7.2173202E-006
2.027	6.8455397E-006
2.028	6.4428136E-006
2.029	6.0194247E-006
2.03	5.5862611E-006
2.031	5.1545380E-006
2.032	4.7355279E-006
2.033	4.3402720E-006
2.034	3.9793022E-006
2.035	3.6623815E-006
2.036	3.3982506E-006
2.037	3.1944085E-006
2.038	3.0569092E-006
2.039	2.9902071E-006
2.04	2.9970201E-006
2.041	3.0782462E-006
2.042	3.2329224E-006
2.043	3.4582251E-006
2.044	3.7495295E-006
2.045	4.1005001E-006
2.046	4.5032493E-006
2.047	4.9485097E-006
2.048	5.4258740E-006
2.049	5.9240510E-006
2.05	6.4311321E-006
2.051	6.9349076E-006
2.052	7.4231648E-006
2.053	7.8840012E-006
2.054	8.3061195E-006
2.055	8.6791197E-006
2.056	8.9937539E-006
2.057	9.2421860E-006
2.058	9.4181523E-006
2.059	9.5171836E-006
2.06	9.5366731E-006
2.061	9.4759916E-006
2.062	9.3365106E-006
2.063	9.1215752E-006
2.064	8.8364486E-006
2.065	8.4881949E-006
2.066	8.0855134E-006
2.067	7.6385413E-006
2.068	7.1585905E-006
2.069	6.6578914E-006
2.07	6.1492797E-006
2.071	5.6458880E-006
2.072	5.1608117E-006
2.073	4.7067933E-006
2.074	4.2958986E-006
2.075	3.9392121E-006
2.076	3.6465576E-006
2.077	3.4262398E-006
2.078	3.2848222E-006
2.079	3.2269479E-006
2.08	3.2552064E-006
2.081	3.3700467E-006
2.082	3.5697547E-006
2.083	3.8504700E-006
2.084	4.2062752E-006
2.085	4.6293285E-006
2.086	5.1100446E-006
2.087	5.6373337E-006
2.088	6.1988644E-006
2.089	6.7813717E-006
2.09	7.3709839E-006
2.091	7.9535603E-006
2.092	8.5150514E-006
2.093	9.0418334E-006
2.094	9.5210507E-006
2.095	9.9409453E-006
2.096	1.0291135E-005
2.097	1.0562879E-005
2.098	1.0749318E-005
2.099	1.0845644E-005
2.1	1.0849249E-005
2.101	1.0759807E-005
2.102	1.0579309E-005
2.103	1.0312038E-005
2.104	9.9644931E-006
2.105	9.5452388E-006
2.106	9.0647018E-006
2.107	8.5349375E-006
2.108	7.9693245E-006
2.109	7.3822453E-006
2.11	6.7887245E-006
2.111	6.2040663E-006
2.112	5.6434728E-006
2.113	5.1216748E-006
2.114	4.6525502E-006
2.115	4.2487904E-006
2.116	3.9215670E-006
2.117	3.6802387E-006
2.118	3.5321016E-006
2.119	3.4821944E-006
2.12	3.5331464E-006
2.121	3.6850922E-006
2.122	3.9356546E-006
2.123	4.2799752E-006
2.124	4.7108169E-006
2.125	5.2187202E-006
2.126	5.7922266E-006
2.127	6.4181381E-006
2.128	7.0818405E-006
2.129	7.7676659E-006
2.13	8.4592684E-006
2.131	9.1400352E-006
2.132	9.7935199E-006
2.133	1.0403826E-005
2.134	1.0955998E-005
2.135	1.1436426E-005
2.136	1.1833152E-005
2.137	1.2136193E-005
2.138	1.2337802E-005
2.139	1.2432684E-005
2.14	1.2418178E-005
2.141	1.2294313E-005
2.142	1.2063885E-005
2.143	1.1732401E-005
2.144	1.1307949E-005
2.145	1.0801044E-005
2.146	1.0224364E-005
2.147	9.5924415E-006
2.148	8.9213099E-006
2.149	8.2281067E-006
2.15	7.5306530E-006
2.151	6.8469876E-006
2.152	6.1949463E-006
2.153	5.5916903E-006
2.154	5.0532926E-006
2.155	4.5943302E-006
2.156	4.2275196E-006
2.157	3.9634019E-006
2.158	3.8100775E-006
2.159	3.7729999E-006
2.16	3.8548324E-006
2.161	4.0553682E-006
2.162	4.3715172E-006
2.163	4.7973513E-006
2.164	5.3242220E-006
2.165	5.9409299E-006
2.166	6.6339571E-006
2.167	7.3877636E-006
2.168	8.1851185E-006
2.169	9.0075191E-006
2.17	9.8356049E-006
2.171	1.0649647E-005
2.172	1.1430052E-005
2.173	1.2157861E-005
2.174	1.2815240E-005
2.175	1.3385959E-005
2.176	1.3855829E-005
2.177	1.4213048E-005
2.178	1.4448541E-005
2.179	1.4556183E-005
2.18	1.4532981E-005
2.181	1.4379176E-005
2.182	1.4098240E-005
2.183	1.3696857E-005
2.184	1.3184760E-005
2.185	1.2574559E-005
2.186	1.1881428E-005
2.187	1.1122755E-005
2.188	1.0317757E-005
2.189	9.4870038E-006
2.19	8.6519121E-006
2.191	7.8342309E-006
2.192	7.0554893E-006
2.193	6.3364887E-006
2.194	5.6967556E-006
2.195	5.1540619E-006
2.196	4.7239710E-006
2.197	4.4194262E-006
2.198	4.2504103E-006
2.199	4.2236602E-006
2.2	4.3424739E-006
2.201	4.6065907E-006
2.202	5.0121475E-006
2.203	5.5517535E-006
2.204	6.2146237E-006
2.205	6.9868070E-006
2.206	7.8515068E-006
2.207	8.7894723E-006
2.208	9.7794391E-006
2.209	1.0798640E-005
2.21	1.1823366E-005
2.211	1.2829540E-005
2.212	1.3793308E-005
2.213	1.4691628E-005
2.214	1.5502850E-005
2.215	1.6207252E-005
2.216	1.6787526E-005
2.217	1.7229277E-005
2.218	1.7521324E-005
2.219	1.7656055E-005
2.22	1.7629654E-005
2.221	1.7442215E-005
2.222	1.7097807E-005
2.223	1.6604408E-005
2.224	1.5973783E-005
2.225	1.5221228E-005
2.226	1.4365263E-005
2.227	1.3427209E-005
2.228	1.2430717E-005
2.229	1.1401216E-005
2.23	1.0365305E-005
2.231	9.3501249E-006
2.232	8.3826881E-006
2.233	7.4892137E-006
2.234	6.6944713E-006
2.235	6.0211432E-006
2.236	5.4892480E-006
2.237	5.1156021E-006
2.238	4.9133696E-006
2.239	4.8916745E-006
2.24	5.0553285E-006
2.241	5.4046445E-006
2.242	5.9353752E-006
2.243	6.6387397E-006
2.244	7.5015951E-006
2.245	8.5066940E-006
2.246	9.6330568E-006
2.247	1.0856439E-005
2.248	1.2149902E-005
2.249	1.3484429E-005
2.25	1.4829616E-005
2.251	1.6154396E-005
2.252	1.7427807E-005
2.253	1.8619747E-005
2.254	1.9701709E-005
2.255	2.0647509E-005
2.256	2.1433983E-005
2.257	2.2041539E-005
2.258	2.2454742E-005
2.259	2.2662720E-005
2.26	2.2659515E-005
2.261	2.2444308E-005
2.262	2.2021472E-005
2.263	2.1400629E-005
2.264	2.0596419E-005
2.265	1.9628274E-005
2.266	1.8520017E-005
2.267	1.7299346E-005
2.268	1.5997179E-005
2.269	1.4647034E-005
2.27	1.3284183E-005
2.271	1.1944830E-005
2.272	1.0665269E-005
2.273	9.4809593E-006
2.274	8.4256844E-006
2.275	7.5306821E-006
2.276	6.8238637E-006
2.277	6.3290818E-006
2.278	6.0654966E-006
2.279	6.0470297E-006
2.28	6.2819422E-006
2.281	6.7725346E-006
2.282	7.5149655E-006
2.283	8.4992353E-006
2.284	9.7092852E-006
2.285	1.1123277E-005
2.286	1.2713991E-005
2.287	1.4449401E-005
2.288	1.6293348E-005
2.289	1.8206363E-005
2.29	2.0146579E-005
2.291	2.2070699E-005
2.292	2.3935052E-005
2.293	2.5696612E-005
2.294	2.7314114E-005
2.295	2.8749006E-005
2.296	2.9966513E-005
2.297	3.0936531E-005
2.298	3.1634452E-005
2.299	3.2041895E-005
2.3	3.2147262E-005
2.301	3.1946187E-005
2.302	3.1441832E-005
2.303	3.0644944E-005
2.304	2.9573761E-005
2.305	2.8253773E-005
2.306	2.6717260E-005
2.307	2.5002637E-005
2.308	2.3153676E-005
2.309	2.1218602E-005
2.31	1.9248970E-005
2.311	1.7298558E-005
2.312	1.5422082E-005
2.313	1.3673936E-005
2.314	1.2106877E-005
2.315	1.0770736E-005
2.316	9.7111506E-006
2.317	8.9683672E-006
2.318	8.5761430E-006
2.319	8.5607517E-006
2.32	8.9401174E-006
2.321	9.7231550E-006
2.322	1.0909264E-005
2.323	1.2488080E-005
2.324	1.4439492E-005
2.325	1.6733882E-005
2.326	1.9332652E-005
2.327	2.2189053E-005
2.328	2.5249085E-005
2.329	2.8452745E-005
2.33	3.1735282E-005
2.331	3.5028559E-005
2.332	3.8262569E-005
2.333	4.1366802E-005
2.334	4.4271961E-005
2.335	4.6911442E-005
2.336	4.9222970E-005
2.337	5.1150244E-005
2.338	5.2644566E-005
2.339	5.3666296E-005
2.34	5.4186236E-005
2.341	5.4186807E-005
2.342	5.3662836E-005
2.343	5.2622334E-005
2.344	5.1086605E-005
2.345	4.9090260E-005
2.346	4.6680878E-005
2.347	4.3918255E-005
2.348	4.0873365E-005
2.349	3.7627240E-005
2.35	3.4269229E-005
2.351	3.0895353E-005
2.352	2.7606311E-005
2.353	2.4505287E-005
2.354	2.1695734E-005
2.355	1.9279034E-005
2.356	1.7352013E-005
2.357	1.6004631E-005
2.358	1.5317522E-005
2.359	1.5359785E-005
2.36	1.6186808E-005
2.361	1.7838427E-005
2.362	2.0337297E-005
2.363	2.3687628E-005
2.364	2.7874372E-005
2.365	3.2862736E-005
2.366	3.8598297E-005
2.367	4.5007302E-005
2.368	5.1997686E-005
2.369	5.9460184E-005
2.37	6.7270150E-005
2.371	7.5289514E-005
2.372	8.3369370E-005
2.373	9.1352842E-005
2.374	9.9078381E-005
2.375	1.0638327E-004
2.376	1.1310758E-004
2.377	1.1909792E-004
2.378	1.2421161E-004
2.379	1.2832039E-004
2.38	1.3131450E-004
2.381	1.3310621E-004
2.382	1.3363305E-004
2.383	1.3286146E-004
2.384	1.3078921E-004
2.385	1.2744800E-004
2.386	1.2290558E-004
2.387	1.1726687E-004
2.388	1.1067512E-004
2.389	1.0331180E-004
2.39	9.5396303E-005
2.391	8.7184570E-005
2.392	7.8967190E-005
2.393	7.1066890E-005
2.394	6.3835119E-005
2.395	5.7648100E-005
2.396	5.2902440E-005
2.397	5.0009825E-005
2.398	4.9391485E-005
2.399	5.1472132E-005
2.4	5.6673594E-005
2.401	6.5408218E-005
2.402	7.8072007E-005
2.403	9.5037947E-005
2.404	1.1664913E-004
2.405	1.4321216E-004
2.406	1.7499091E-004
2.407	2.1220044E-004
2.408	2.5500197E-004
2.409	3.0349765E-004
2.41	3.5772700E-004
2.411	4.1766313E-004
2.412	4.8321055E-004
2.413	5.5420358E-004
2.414	6.3040468E-004
2.415	7.1150518E-004
2.416	7.9712598E-004
2.417	8.8682031E-004
2.418	9.8007638E-004
2.419	1.0763245E-003
2.42	1.1749410E-003
2.421	1.2752565E-003
2.422	1.3765657E-003
2.423	1.4781314E-003
2.424	1.5791972E-003
2.425	1.6789925E-003
2.426	1.7767407E-003
2.427	1.8716658E-003
2.428	1.9630000E-003
2.429	2.0499940E-003
2.43	2.1319187E-003
2.431	2.2080790E-003
2.432	2.2778197E-003
2.433	2.3405340E-003
2.434	2.3956720E-003
2.435	2.4427460E-003
2.436	2.4813414E-003
2.437	2.5111141E-003
2.438	2.5318030E-003
2.439	2.5432270E-003
2.44	2.5452920E-003
2.441	2.5379853E-003
2.442	2.5213871E-003
2.443	2.4956544E-003
2.444	2.4610322E-003
2.445	2.4178450E-003
2.446	2.3664907E-003
2.447	2.3074390E-003
2.448	2.2412234E-003
2.449	2.1684365E-003
2.45	2.0897177E-003
2.451	2.0057485E-003
2.452	1.9172463E-003
2.453	1.8249487E-003
2.454	1.7296112E-003
2.455	1.6319955E-003
2.456	1.5328631E-003
2.457	1.4329657E-003
2.458	1.3330401E-003
2.459	1.2337987E-003
2.46	1.1359254E-003
2.461	1.0400665E-003
2.462	9.4682392E-004
2.463	8.5675053E-004
2.464	7.7034393E-004
2.465	6.8804203E-004
2.466	6.1021780E-004
2.467	5.3717993E-004
2.468	4.6916836E-004
2.469	4.0635729E-004
2.47	3.4885542E-004
2.471	2.9670892E-004
2.472	2.4990455E-004
2.473	2.0837360E-004
2.474	1.7199614E-004
2.475	1.4060525E-004
2.476	1.1399140E-004
2.477	9.1907161E-005
2.478	7.4071693E-005
2.479	6.0175753E-005
2.48	4.9886665E-005
2.481	4.2853877E-005
2.482	3.8714257E-005
2.483	3.7097925E-005
2.484	3.7633756E-005
2.485	3.9954783E-005
2.486	4.3703320E-005
2.487	4.8535621E-005
2.488	5.4126180E-005
2.489	6.0171220E-005
2.49	6.6391876E-005
2.491	7.2536706E-005
2.492	7.8383418E-005
2.493	8.3740473E-005
2.494	8.8447647E-005
2.495	9.2376424E-005
2.496	9.5429619E-005
2.497	9.7540607E-005
2.498	9.8672128E-005
2.499	9.8814548E-005
2.5	9.7983808E-005
2.501	9.6219039E-005
2.502	9.3579918E-005
2.503	9.0143738E-005
2.504	8.6002496E-005
2.505	8.1259612E-005
2.506	7.6026976E-005
2.507	7.0421775E-005
2.508	6.4563479E-005
2.509	5.8571033E-005
2.51	5.2560354E-005
2.511	4.6641781E-005
2.512	4.0918159E-005
2.513	3.5482986E-005
2.514	3.0419016E-005
2.515	2.5797128E-005
2.516	2.1675407E-005
2.517	1.8098641E-005
2.518	1.5098013E-005
2.519	1.2691064E-005
2.52	1.0881936E-005
2.521	9.6618569E-006
2.522	9.0098865E-006
2.523	8.8938887E-006
2.524	9.2717491E-006
2.525	1.0092746E-005
2.526	1.1299088E-005
2.527	1.2827558E-005
2.528	1.4611207E-005
2.529	1.6581063E-005
2.53	1.8667797E-005
2.531	2.0803278E-005
2.532	2.2922004E-005
2.533	2.4962474E-005
2.534	2.6868238E-005
2.535	2.8588895E-005
2.536	3.0080908E-005
2.537	3.1308155E-005
2.538	3.2242508E-005
2.539	3.2863962E-005
2.54	3.3160897E-005
2.541	3.3129905E-005
2.542	3.2775573E-005
2.543	3.2110071E-005
2.544	3.1152540E-005
2.545	2.9928326E-005
2.546	2.8468176E-005
2.547	2.6807274E-005
2.548	2.4984209E-005
2.549	2.3040024E-005
2.55	2.1017133E-005
2.551	1.8958388E-005
2.552	1.6906135E-005
2.553	1.4901249E-005
2.554	1.2982377E-005
2.555	1.1185058E-005
2.556	9.5410514E-006
2.557	8.0777008E-006
2.558	6.8174054E-006
2.559	5.7772181E-006
2.56	4.9686055E-006
2.561	4.3973432E-006
2.562	4.0635532E-006
2.563	3.9618990E-006
2.564	4.0819027E-006
2.565	4.4083631E-006
2.566	4.9218843E-006
2.567	5.5994674E-006
2.568	6.4151586E-006
2.569	7.3407446E-006
2.57	8.3464693E-006
2.571	9.4017469E-006
2.572	1.0475910E-005
2.573	1.1538877E-005
2.574	1.2561849E-005
2.575	1.3517920E-005
2.576	1.4382655E-005
2.577	1.5134568E-005
2.578	1.5755559E-005
2.579	1.6231223E-005
2.58	1.6551077E-005
2.581	1.6708671E-005
2.582	1.6701630E-005
2.583	1.6531585E-005
2.584	1.6203980E-005
2.585	1.5727841E-005
2.586	1.5115466E-005
2.587	1.4382037E-005
2.588	1.3545186E-005
2.589	1.2624523E-005
2.59	1.1641155E-005
2.591	1.0617170E-005
2.592	9.5750984E-006
2.593	8.5374022E-006
2.594	7.5259459E-006
2.595	6.5615172E-006
2.596	5.6633503E-006
2.597	4.8487113E-006
2.598	4.1325384E-006
2.599	3.5271332E-006
2.6	3.0419378E-006
2.601	2.6833666E-006
2.602	2.4547312E-006
2.603	2.3562322E-006
2.604	2.3850255E-006
2.605	2.5353650E-006
2.606	2.7987985E-006
2.607	3.1644361E-006
2.608	3.6192562E-006
2.609	4.1484586E-006
2.61	4.7358526E-006
2.611	5.3642693E-006
2.612	6.0159846E-006
2.613	6.6731423E-006
2.614	7.3181900E-006
2.615	7.9342826E-006
2.616	8.5056708E-006
2.617	9.0180411E-006
2.618	9.4588440E-006
2.619	9.8175196E-006
2.62	1.0085723E-005
2.621	1.0257444E-005
2.622	1.0329121E-005
2.623	1.0299636E-005
2.624	1.0170311E-005
2.625	9.9448189E-006
2.626	9.6290596E-006
2.627	9.2309729E-006
2.628	8.7603403E-006
2.629	8.2284978E-006
2.63	7.6480619E-006
2.631	7.0325877E-006
2.632	6.3962248E-006
2.633	5.7533675E-006
2.634	5.1183029E-006
2.635	4.5048628E-006
2.636	3.9261063E-006
2.637	3.3940328E-006
2.638	2.9193141E-006
2.639	2.5110801E-006
2.64	2.1767335E-006
2.641	1.9218066E-006
2.642	1.7498696E-006
2.643	1.6624705E-006
2.644	1.6591298E-006
2.645	1.7373841E-006
2.646	1.8928698E-006
2.647	2.1194621E-006
2.648	2.4094475E-006
2.649	2.7537392E-006
2.65	3.1421253E-006
2.651	3.5635319E-006
2.652	4.0063082E-006
2.653	4.4585154E-006
2.654	4.9082191E-006
2.655	5.3437711E-006
2.656	5.7540769E-006
2.657	6.1288488E-006
2.658	6.4588367E-006
2.659	6.7360261E-006
2.66	6.9538019E-006
2.661	7.1070872E-006
2.662	7.1924374E-006
2.663	7.2080834E-006
2.664	7.1539680E-006
2.665	7.0317028E-006
2.666	6.8445261E-006
2.667	6.5971826E-006
2.668	6.2958065E-006
2.669	5.9477534E-006
2.67	5.5613973E-006
2.671	5.1459292E-006
2.672	4.7111052E-006
2.673	4.2670199E-006
2.674	3.8238459E-006
2.675	3.3915883E-006
2.676	2.9798437E-006
2.677	2.5975821E-006
2.678	2.2529325E-006
2.679	1.9530037E-006
2.68	1.7037307E-006
2.681	1.5097474E-006
2.682	1.3742949E-006
2.683	1.2991634E-006
2.684	1.2846698E-006
2.685	1.3296731E-006
2.686	1.4316197E-006
2.687	1.5866291E-006
2.688	1.7896066E-006
2.689	2.0343864E-006
2.69	2.3138957E-006
2.691	2.6203434E-006
2.692	2.9454104E-006
2.693	3.2804642E-006
2.694	3.6167587E-006
2.695	3.9456440E-006
2.696	4.2587685E-006
2.697	4.5482680E-006
2.698	4.8069487E-006
2.699	5.0284475E-006
2.7	5.2073769E-006
2.701	5.3394469E-006
2.702	5.4215598E-006
2.703	5.4518659E-006
2.704	5.4298080E-006
2.705	5.3561084E-006
2.706	5.2327387E-006
2.707	5.0628655E-006
2.708	4.8507372E-006
2.709	4.6015903E-006
2.71	4.3214845E-006
2.711	4.0171644E-006
2.712	3.6958754E-006
2.713	3.3651961E-006
2.714	3.0328413E-006
2.715	2.7064802E-006
2.716	2.3935543E-006
2.717	2.1010983E-006
2.718	1.8355687E-006
2.719	1.6027009E-006
2.72	1.4073690E-006
2.721	1.2534807E-006
2.722	1.1438927E-006
2.723	1.0803551E-006
2.724	1.0634850E-006
2.725	1.0927660E-006
2.726	1.1665720E-006
2.727	1.2822260E-006
2.728	1.4360681E-006
2.729	1.6235580E-006
2.73	1.8393901E-006
2.731	2.0776304E-006
2.732	2.3318662E-006
2.733	2.5953675E-006
2.734	2.8612546E-006
2.735	3.1226680E-006
2.736	3.3729393E-006
2.737	3.6057511E-006
2.738	3.8152880E-006
2.739	3.9963729E-006
2.74	4.1445910E-006
2.741	4.2563775E-006
2.742	4.3291043E-006
2.743	4.3611276E-006
2.744	4.3518135E-006
2.745	4.3015480E-006
2.746	4.2117017E-006
2.747	4.0846007E-006
2.748	3.9234465E-006
2.749	3.7322297E-006
2.75	3.5156252E-006
2.751	3.2788753E-006
2.752	3.0276519E-006
2.753	2.7679228E-006
2.754	2.5058034E-006
2.755	2.2474098E-006
2.756	1.9987133E-006
2.757	1.7653991E-006
2.758	1.5527310E-006
2.759	1.3654252E-006
2.76	1.2075413E-006
2.761	1.0823861E-006
2.762	9.9243903E-007
2.763	9.3929674E-007
2.764	9.2364536E-007
2.765	9.4524893E-007
2.766	1.0029668E-006
2.767	1.0947909E-006
2.768	1.2179024E-006
2.769	1.3687469E-006
2.77	1.5431287E-006
2.771	1.7363187E-006
2.772	1.9431702E-006
2.773	2.1582512E-006
2.774	2.3759792E-006
2.775	2.5907584E-006
2.776	2.7971248E-006
2.777	2.9898702E-006
2.778	3.1641764E-006
2.779	3.3157257E-006
2.78	3.4408049E-006
2.781	3.5363844E-006
2.782	3.6001879E-006
2.783	3.6307320E-006
2.784	3.6273618E-006
2.785	3.5902488E-006
2.786	3.5203843E-006
2.787	3.4195457E-006
2.788	3.2902515E-006
2.789	3.1356929E-006
2.79	2.9596540E-006
2.791	2.7664184E-006
2.792	2.5606573E-006
2.793	2.3473187E-006
2.794	2.1314945E-006
2.795	1.9183021E-006
2.796	1.7127520E-006
2.797	1.5196287E-006
2.798	1.3433697E-006
2.799	1.1879652E-006
2.8	1.0568610E-006
2.801	9.5288044E-007
2.802	8.7816119E-007
2.803	8.3410652E-007
2.804	8.2135836E-007
2.805	8.3978563E-007
2.806	8.8849276E-007
2.807	9.6584768E-007
2.808	1.0695272E-006
2.809	1.1965795E-006
2.81	1.3435036E-006
2.811	1.5063415E-006
2.812	1.6807809E-006
2.813	1.8622678E-006
2.814	2.0461191E-006
2.815	2.2276406E-006
2.816	2.4022406E-006
2.817	2.5655368E-006
2.818	2.7134593E-006
2.819	2.8423478E-006
2.82	2.9490309E-006
2.821	3.0308972E-006
2.822	3.0859617E-006
2.823	3.1129073E-006
2.824	3.1111133E-006
2.825	3.0806716E-006
2.826	3.0223796E-006
2.827	2.9377170E-006
2.828	2.8288016E-006
2.829	2.6983357E-006
2.83	2.5495303E-006
2.831	2.3860223E-006
2.832	2.2117806E-006
2.833	2.0310085E-006
2.834	1.8480373E-006
2.835	1.6672229E-006
2.836	1.4928393E-006
2.837	1.3289774E-006
2.838	1.1794444E-006
2.839	1.0476734E-006
2.84	9.3664016E-007
2.841	8.4879224E-007
2.842	7.8599106E-007
2.843	7.4946979E-007
2.844	7.3980755E-007
2.845	7.5692026E-007
2.846	8.0006834E-007
2.847	8.6787941E-007
2.848	9.5838641E-007
2.849	1.0690792E-006
2.85	1.1969693E-006
2.851	1.3386649E-006
2.852	1.4904567E-006
2.853	1.6484095E-006
2.854	1.8084620E-006
2.855	1.9665258E-006
2.856	2.1185901E-006
2.857	2.2608169E-006
2.858	2.3896391E-006
2.859	2.5018435E-006
2.86	2.5946504E-006
2.861	2.6657801E-006
2.862	2.7135047E-006
2.863	2.7366862E-006
2.864	2.7348008E-006
2.865	2.7079484E-006
2.866	2.6568434E-006
2.867	2.5827903E-006
2.868	2.4876501E-006
2.869	2.3737855E-006
2.87	2.2440026E-006
2.871	2.1014737E-006
2.872	1.9496629E-006
2.873	1.7922409E-006
2.874	1.6329909E-006
2.875	1.4757235E-006
2.876	1.3241794E-006
2.877	1.1819435E-006
2.878	1.0523564E-006
2.879	9.3843414E-007
2.88	8.4279361E-007
2.881	7.6759039E-007
2.882	7.1446459E-007
2.883	6.8450453E-007
2.884	6.7821935E-007
2.885	6.9552999E-007
2.886	7.3577456E-007
2.887	7.9772741E-007
2.888	8.7963372E-007
2.889	9.7925715E-007
2.89	1.0939362E-006
2.891	1.2206575E-006
2.892	1.3561279E-006
2.893	1.4968600E-006
2.894	1.6392598E-006
2.895	1.7797147E-006
2.896	1.9146821E-006
2.897	2.0407761E-006
2.898	2.1548497E-006
2.899	2.2540680E-006
2.9	2.3359755E-006
2.901	2.3985547E-006
2.902	2.4402716E-006
2.903	2.4601134E-006
2.904	2.4576043E-006
2.905	2.4328233E-006
2.906	2.3863993E-006
2.907	2.3194893E-006
2.908	2.2337520E-006
2.909	2.1313047E-006
2.91	2.0146683E-006
2.911	1.8866998E-006
2.912	1.7505230E-006
2.913	1.6094477E-006
2.914	1.4668890E-006
2.915	1.3262797E-006
2.916	1.1909898E-006
2.917	1.0642437E-006
2.918	9.4904118E-007
2.919	8.4808414E-007
2.92	7.6371367E-007
2.921	6.9785085E-007
2.922	6.5195383E-007
2.923	6.2698354E-007
2.924	6.2338233E-007
2.925	6.4106808E-007
2.926	6.7943745E-007
2.927	7.3738420E-007
2.928	8.1332763E-007
2.929	9.0525305E-007
2.93	1.0107600E-006
2.931	1.1271230E-006
2.932	1.2513583E-006
2.933	1.3802968E-006
2.934	1.5106638E-006
2.935	1.6391599E-006
2.936	1.7625433E-006
2.937	1.8777108E-006
2.938	1.9817751E-006
2.939	2.0721366E-006
2.94	2.1465457E-006
2.941	2.2031609E-006
2.942	2.2405923E-006
2.943	2.2579309E-006
2.944	2.2547699E-006
2.945	2.2312145E-006
2.946	2.1878689E-006
2.947	2.1258211E-006
2.948	2.0466127E-006
2.949	1.9521974E-006
2.95	1.8448881E-006
2.951	1.7273071E-006
2.952	1.6023201E-006
2.953	1.4729654E-006
2.954	1.3423862E-006
2.955	1.2137498E-006
2.956	1.0901734E-006
2.957	9.7464385E-007
2.958	8.6994436E-007
2.959	7.7858232E-007
2.96	7.0272620E-007
2.961	6.4415184E-007
2.962	6.0419882E-007
2.963	5.8373905E-007
2.964	5.8315914E-007
2.965	6.0235215E-007
2.966	6.4072509E-007
2.967	6.9721574E-007
2.968	7.7032018E-007
2.969	8.5813360E-007
2.97	9.5839641E-007
2.971	1.0685528E-006
2.972	1.1858126E-006
2.973	1.3072212E-006
2.974	1.4297310E-006
2.975	1.5502760E-006
2.976	1.6658465E-006
2.977	1.7735626E-006
2.978	1.8707401E-006
2.979	1.9549607E-006
2.98	2.0241278E-006
2.981	2.0765187E-006
2.982	2.1108274E-006
2.983	2.1261981E-006
2.984	2.1222450E-006
2.985	2.0990592E-006
2.986	2.0572115E-006
2.987	1.9977331E-006
2.988	1.9220893E-006
2.989	1.8321421E-006
2.99	1.7301063E-006
2.991	1.6184894E-006
2.992	1.5000323E-006
2.993	1.3776416E-006
2.994	1.2543131E-006
2.995	1.1330620E-006
2.996	1.0168447E-006
2.997	9.0848789E-007
2.998	8.1061910E-007
2.999	7.2560186E-007
3	6.5547977E-007
3.001	6.0192832E-007
3.002	5.6621428E-007
3.003	5.4916643E-007
3.004	5.5115669E-007
3.005	5.7209019E-007
3.006	6.1140923E-007
3.007	6.6810509E-007
3.008	7.4074353E-007
3.009	8.2749841E-007
3.01	9.2619689E-007
3.011	1.0343726E-006
3.012	1.1493264E-006
3.013	1.2681933E-006
3.014	1.3880125E-006
3.015	1.5058024E-006
3.016	1.6186331E-006
3.017	1.7237007E-006
3.018	1.8183937E-006
3.019	1.9003610E-006
3.02	1.9675660E-006
3.021	2.0183393E-006
3.022	2.0514190E-006
3.023	2.0659779E-006
3.024	2.0616490E-006
3.025	2.0385287E-006
3.026	1.9971762E-006
3.027	1.9386021E-006
3.028	1.8642399E-006
3.029	1.7759138E-006
3.03	1.6757937E-006
3.031	1.5663405E-006
3.032	1.4502484E-006
3.033	1.3303754E-006
3.034	1.2096755E-006
3.035	1.0911235E-006
3.036	9.7764303E-007
3.037	8.7203370E-007
3.038	7.7690237E-007
3.039	6.9460026E-007
3.04	6.2716435E-007
3.041	5.7626886E-007
3.042	5.4318394E-007
3.043	5.2874623E-007
3.044	5.3333730E-007
3.045	5.5687548E-007
3.046	5.9881700E-007
3.047	6.5816812E-007
3.048	7.3350901E-007
3.049	8.2302557E-007
3.05	9.2455412E-007
3.051	1.0356317E-006
3.052	1.1535557E-006
3.053	1.2754489E-006
3.054	1.3983298E-006
3.055	1.5191872E-006
3.056	1.6350521E-006
3.057	1.7430739E-006
3.058	1.8405882E-006
3.059	1.9251861E-006
3.06	1.9947731E-006
3.061	2.0476211E-006
3.062	2.0824123E-006
3.063	2.0982700E-006
3.064	2.0947846E-006
3.065	2.0720181E-006
3.066	2.0305101E-006
3.067	1.9712579E-006
3.068	1.8956968E-006
3.069	1.8056686E-006
3.07	1.7033742E-006
3.071	1.5913261E-006
3.072	1.4722864E-006
3.073	1.3492041E-006
3.074	1.2251401E-006
3.075	1.1031959E-006
3.076	9.8643807E-007
3.077	8.7781899E-007
3.078	7.8010544E-007
3.079	6.9580909E-007
3.08	6.2712360E-007
3.081	5.7586840E-007
3.082	5.4344383E-007
3.083	5.3079583E-007
3.084	5.3839159E-007
3.085	5.6620632E-007
3.086	6.1372373E-007
3.087	6.7994591E-007
3.088	7.6341701E-007
3.089	8.6225504E-007
3.09	9.7419615E-007
3.091	1.0966461E-006
3.092	1.2267407E-006
3.093	1.3614147E-006
3.094	1.4974714E-006
3.095	1.6316615E-006
3.096	1.7607613E-006
3.097	1.8816517E-006
3.098	1.9913946E-006
3.099	2.0873065E-006
3.1	2.1670271E-006
3.101	2.2285765E-006
3.102	2.2704085E-006
3.103	2.2914503E-006
3.104	2.2911340E-006
3.105	2.2694096E-006
3.106	2.2267557E-006
3.107	2.1641697E-006
3.108	2.0831465E-006
3.109	1.9856507E-006
3.11	1.8740647E-006
3.111	1.7511444E-006
3.112	1.6199458E-006
3.113	1.4837573E-006
3.114	1.3460206E-006
3.115	1.2102500E-006
3.116	1.0799482E-006
3.117	9.5852329E-007
3.118	8.4920771E-007
3.119	7.5497820E-007
3.12	6.7848453E-007
3.121	6.2197978E-007
3.122	5.8726431E-007
3.123	5.7563267E-007
3.124	5.8783678E-007
3.125	6.2406178E-007
3.126	6.8391182E-007
3.127	7.6641618E-007
3.128	8.7004560E-007
3.129	9.9274450E-007
3.13	1.1319769E-006
3.131	1.2847809E-006
3.132	1.4478379E-006
3.133	1.6175446E-006
3.134	1.7900966E-006
3.135	1.9615720E-006
3.136	2.1280255E-006
3.137	2.2855793E-006
3.138	2.4305130E-006
3.139	2.5593615E-006
3.14	2.6689995E-006
3.141	2.7567230E-006
3.142	2.8203233E-006
3.143	2.8581492E-006
3.144	2.8691582E-006
3.145	2.8529500E-006
3.146	2.8097854E-006
3.147	2.7405940E-006
3.148	2.6469547E-006
3.149	2.5310769E-006
3.15	2.3957546E-006
3.151	2.2443121E-006
3.152	2.0805351E-006
3.153	1.9086006E-006
3.154	1.7329795E-006
3.155	1.5583469E-006
3.156	1.3894756E-006
3.157	1.2311284E-006
3.158	1.0879450E-006
3.159	9.6433018E-007
3.16	8.6434608E-007
3.161	7.9160623E-007
3.162	7.4918199E-007
3.163	7.3951622E-007
3.164	7.6435435E-007
3.165	8.2468341E-007
3.166	9.2069541E-007
3.167	1.0517626E-006
3.168	1.2164327E-006
3.169	1.4124454E-006
3.17	1.6367629E-006
3.171	1.8856223E-006
3.172	2.1545995E-006
3.173	2.4386957E-006
3.174	2.7324272E-006
3.175	3.0299384E-006
3.176	3.3251206E-006
3.177	3.6117424E-006
3.178	3.8835883E-006
3.179	4.1346007E-006
3.18	4.3590230E-006
3.181	4.5515567E-006
3.182	4.7074891E-006
3.183	4.8228358E-006
3.184	4.8944553E-006
3.185	4.9201635E-006
3.186	4.8988168E-006
3.187	4.8303868E-006
3.188	4.7160124E-006
3.189	4.5580209E-006
3.19	4.3599443E-006
3.191	4.1265057E-006
3.192	3.8635799E-006
3.193	3.5781447E-006
3.194	3.2782004E-006
3.195	2.9726782E-006
3.196	2.6713199E-006
3.197	2.3845525E-006
3.198	2.1233268E-006
3.199	1.8989557E-006
3.2	1.7229274E-006
3.201	1.6067205E-006
3.202	1.5616073E-006
3.203	1.5984540E-006
3.204	1.7275319E-006
3.205	1.9583310E-006
3.206	2.2993881E-006
3.207	2.7581259E-006
3.208	3.3407166E-006
3.209	4.0519467E-006
3.21	4.8951160E-006
3.211	5.8719315E-006
3.212	6.9824450E-006
3.213	8.2249780E-006
3.214	9.5960904E-006
3.215	1.1090578E-005
3.216	1.2701477E-005
3.217	1.4420121E-005
3.218	1.6236238E-005
3.219	1.8138049E-005
3.22	2.0112442E-005
3.221	2.2145075E-005
3.222	2.4220610E-005
3.223	2.6322845E-005
3.224	2.8434932E-005
3.225	3.0539581E-005
3.226	3.2619202E-005
3.227	3.4656201E-005
3.228	3.6633137E-005
3.229	3.8533010E-005
3.23	4.0339382E-005
3.231	4.2036685E-005
3.232	4.3610311E-005
3.233	4.5046854E-005
3.234	4.6334204E-005
3.235	4.7461675E-005
3.236	4.8420090E-005
3.237	4.9201888E-005
3.238	4.9801212E-005
3.239	5.0213908E-005
3.24	5.0437655E-005
3.241	5.0471877E-005
3.242	5.0317842E-005
3.243	4.9978575E-005
3.244	4.9458795E-005
3.245	4.8764836E-005
3.246	4.7904508E-005
3.247	4.6886969E-005
3.248	4.5722591E-005
3.249	4.4422784E-005
3.25	4.2999800E-005
3.251	4.1466668E-005
3.252	3.9836967E-005
3.253	3.8124661E-005
3.254	3.6344096E-005
3.255	3.4509649E-005
3.256	3.2635777E-005
3.257	3.0736719E-005
3.258	2.8826420E-005
3.259	2.6918367E-005
3.26	2.5025442E-005
3.261	2.3159773E-005
3.262	2.1332640E-005
3.263	1.9554365E-005
3.264	1.7834231E-005
3.265	1.6180422E-005
3.266	1.4599998E-005
3.267	1.3098838E-005
3.268	1.1681688E-005
3.269	1.0352176E-005
3.27	9.1128313E-006
3.271	7.9651636E-006
3.272	6.9097018E-006
3.273	5.9460849E-006
3.274	5.0731137E-006
3.275	4.2888291E-006
3.276	3.5905773E-006
3.277	2.9750813E-006
3.278	2.4385117E-006
3.279	1.9765662E-006
3.28	1.5845395E-006
3.281	1.2574145E-006
3.282	9.8993792E-007
3.283	7.7670768E-007
3.284	6.1225302E-007
3.285	4.9111156E-007
3.286	4.0789931E-007
3.287	3.5737537E-007
3.288	3.3449737E-007
3.289	3.3446935E-007
3.29	3.5278140E-007
3.291	3.8524234E-007
3.292	4.2800383E-007
3.293	4.7757788E-007
3.294	5.3084898E-007
3.295	5.8507794E-007
3.296	6.3790316E-007
3.297	6.8733385E-007
3.298	7.3174050E-007
3.299	7.6984088E-007
3.3	8.0068054E-007
3.301	8.2361254E-007
3.302	8.3827098E-007
3.303	8.4454592E-007
3.304	8.4255231E-007
3.305	8.3260284E-007
3.306	8.1517544E-007
3.307	7.9088619E-007
3.308	7.6045950E-007
3.309	7.2470124E-007
3.31	6.8447412E-007
3.311	6.4067410E-007
3.312	5.9420898E-007
3.313	5.4597979E-007
3.314	4.9686105E-007
3.315	4.4768800E-007
3.316	3.9924018E-007
3.317	3.5223096E-007
3.318	3.0729808E-007
3.319	2.6499555E-007
3.32	2.2578938E-007
3.321	1.9005428E-007
3.322	1.5807395E-007
3.323	1.3004166E-007
3.324	1.0606426E-007
3.325	8.6166686E-008
3.326	7.0297865E-008
3.327	5.8337626E-008
3.328	5.0104070E-008
3.329	4.5361627E-008
3.33	4.3829125E-008
3.331	4.5188180E-008
3.332	4.9091522E-008
3.333	5.5171245E-008
3.334	6.3046933E-008
3.335	7.2333378E-008
3.336	8.2647951E-008
3.337	9.3617395E-008
3.338	1.0488410E-007
3.339	1.1611129E-007
3.34	1.2698797E-007
3.341	1.3723273E-007
3.342	1.4659672E-007
3.343	1.5486617E-007
3.344	1.6186412E-007
3.345	1.6745122E-007
3.346	1.7152631E-007
3.347	1.7402628E-007
3.348	1.7492505E-007
3.349	1.7423235E-007
3.35	1.7199162E-007
3.351	1.6827738E-007
3.352	1.6319217E-007
3.353	1.5686302E-007
3.354	1.4943743E-007
3.355	1.4107955E-007
3.356	1.3196583E-007
3.357	1.2228098E-007
3.358	1.1221398E-007
3.359	1.0195431E-007
3.36	9.1688221E-008
3.361	8.1595395E-008
3.362	7.1845655E-008
3.363	6.2596079E-008
3.364	5.3988220E-008
3.365	4.6145882E-008
3.366	3.9173081E-008
3.367	3.3152666E-008
3.368	2.8145255E-008
3.369	2.4188765E-008
3.37	2.1298471E-008
3.371	1.9467498E-008
3.372	1.8667757E-008
3.373	1.8851297E-008
3.374	1.9952010E-008
3.375	2.1887629E-008
3.376	2.4561977E-008
3.377	2.7867413E-008
3.378	3.1687446E-008
3.379	3.5899440E-008
3.38	4.0377390E-008
3.381	4.4994657E-008
3.382	4.9626721E-008
3.383	5.4153684E-008
3.384	5.8462746E-008
3.385	6.2450432E-008
3.386	6.6024405E-008
3.387	6.9105191E-008
3.388	7.1627447E-008
3.389	7.3540974E-008
3.39	7.4811219E-008
3.391	7.5419706E-008
3.392	7.5363786E-008
3.393	7.4656278E-008
3.394	7.3324735E-008
3.395	7.1410390E-008
3.396	6.8966671E-008
3.397	6.6057915E-008
3.398	6.2757252E-008
3.399	5.9144870E-008
3.4	5.5305744E-008
3.401	5.1327646E-008
3.402	4.7298904E-008
3.403	4.3306294E-008
3.404	3.9433097E-008
3.405	3.5757214E-008
3.406	3.2349529E-008
3.407	2.9272540E-008
3.408	2.6579068E-008
3.409	2.4311436E-008
3.41	2.2500743E-008
3.411	2.1166461E-008
3.412	2.0316326E-008
3.413	1.9946500E-008
3.414	2.0041911E-008
3.415	2.0576989E-008
3.416	2.1516543E-008
3.417	2.2816899E-008
3.418	2.4427210E-008
3.419	2.6290964E-008
3.42	2.8347497E-008
3.421	3.0533652E-008
3.422	3.2785458E-008
3.423	3.5039630E-008
3.424	3.7235189E-008
3.425	3.9314838E-008
3.426	4.1226258E-008
3.427	4.2923201E-008
3.428	4.4366420E-008
3.429	4.5524466E-008
3.43	4.6374147E-008
3.431	4.6900897E-008
3.432	4.7098908E-008
3.433	4.6970886E-008
3.434	4.6527848E-008
3.435	4.5788482E-008
3.436	4.4778432E-008
3.437	4.3529443E-008
3.438	4.2078312E-008
3.439	4.0465757E-008
3.44	3.8735283E-008
3.441	3.6931890E-008
3.442	3.5101003E-008
3.443	3.3287172E-008
3.444	3.1532977E-008
3.445	2.9878034E-008
3.446	2.8358043E-008
3.447	2.7003875E-008
3.448	2.5841011E-008
3.449	2.4888973E-008
3.45	2.4160970E-008
3.451	2.3663759E-008
3.452	2.3397684E-008
3.453	2.3356847E-008
3.454	2.3529514E-008
3.455	2.3898597E-008
3.456	2.4442325E-008
3.457	2.5134986E-008
3.458	2.5947742E-008
3.459	2.6849527E-008
3.46	2.7807982E-008
3.461	2.8790366E-008
3.462	2.9764475E-008
3.463	3.0699550E-008
3.464	3.1567051E-008
3.465	3.2341404E-008
3.466	3.3000632E-008
3.467	3.3526867E-008
3.468	3.3906691E-008
3.469	3.4131421E-008
3.47	3.4197210E-008
3.471	3.4104986E-008
3.472	3.3860296E-008
3.473	3.3472993E-008
3.474	3.2956855E-008
3.475	3.2329122E-008
3.476	3.1609737E-008
3.477	3.0820843E-008
3.478	2.9985994E-008
3.479	2.9129456E-008
3.48	2.8275402E-008
3.481	2.7447230E-008
3.482	2.6666898E-008
3.483	2.5954252E-008
3.484	2.5326502E-008
3.485	2.4797757E-008
3.486	2.4378677E-008
3.487	2.4076236E-008
3.488	2.3893564E-008
3.489	2.3829953E-008
3.49	2.3880967E-008
3.491	2.4038620E-008
3.492	2.4291719E-008
3.493	2.4626230E-008
3.494	2.5025800E-008
3.495	2.5472263E-008
3.496	2.5946230E-008
3.497	2.6427740E-008
3.498	2.6896839E-008
3.499	2.7334245E-008
3.5	2.7721869E-008
3.501	2.8043427E-008
3.502	2.8284900E-008
3.503	2.8434926E-008
3.504	2.8485179E-008
3.505	2.8430557E-008
3.506	2.8269373E-008
3.507	2.8003360E-008
3.508	2.7637629E-008
3.509	2.7180459E-008
3.51	2.6643077E-008
3.511	2.6039249E-008
3.512	2.5384887E-008
3.513	2.4697492E-008
3.514	2.3995666E-008
3.515	2.3298488E-008
3.516	2.2624951E-008
3.517	2.1993426E-008
3.518	2.1421057E-008
3.519	2.0923331E-008
3.52	2.0513536E-008
3.521	2.0202423E-008
3.522	1.9997861E-008
3.523	1.9904578E-008
3.524	1.9923961E-008
3.525	2.0054030E-008
3.526	2.0289445E-008
3.527	2.0621645E-008
3.528	2.1039062E-008
3.529	2.1527462E-008
3.53	2.2070354E-008
3.531	2.2649482E-008
3.532	2.3245294E-008
3.533	2.3837584E-008
3.534	2.4406015E-008
3.535	2.4930742E-008
3.536	2.5392955E-008
3.537	2.5775440E-008
3.538	2.6063072E-008
3.539	2.6243271E-008
3.54	2.6306358E-008
3.541	2.6245889E-008
3.542	2.6058824E-008
3.543	2.5745649E-008
3.544	2.5310394E-008
3.545	2.4760562E-008
3.546	2.4106946E-008
3.547	2.3363313E-008
3.548	2.2546160E-008
3.549	2.1674181E-008
3.55	2.0767830E-008
3.551	1.9848761E-008
3.552	1.8939195E-008
3.553	1.8061391E-008
3.554	1.7236937E-008
3.555	1.6486201E-008
3.556	1.5827736E-008
3.557	1.5277747E-008
3.558	1.4849677E-008
3.559	1.4553776E-008
3.56	1.4396829E-008
3.561	1.4381946E-008
3.562	1.4508447E-008
3.563	1.4771854E-008
3.564	1.5163991E-008
3.565	1.5673130E-008
3.566	1.6284362E-008
3.567	1.6979875E-008
3.568	1.7739474E-008
3.569	1.8541087E-008
3.57	1.9361341E-008
3.571	2.0176181E-008
3.572	2.0961537E-008
3.573	2.1693898E-008
3.574	2.2351026E-008
3.575	2.2912511E-008
3.576	2.3360318E-008
3.577	2.3679299E-008
3.578	2.3857607E-008
3.579	2.3887010E-008
3.58	2.3763143E-008
3.581	2.3485612E-008
3.582	2.3058050E-008
3.583	2.2488001E-008
3.584	2.1786757E-008
3.585	2.0969068E-008
3.586	2.0052786E-008
3.587	1.9058399E-008
3.588	1.8008542E-008
3.589	1.6927430E-008
3.59	1.5840204E-008
3.591	1.4772360E-008
3.592	1.3749045E-008
3.593	1.2794404E-008
3.594	1.1930958E-008
3.595	1.1178983E-008
3.596	1.0555972E-008
3.597	1.0076173E-008
3.598	9.7501687E-009
3.599	9.5846282E-009
3.6	9.5820951E-009
3.601	9.7409254E-009
3.602	1.0055326E-008
3.603	1.0515501E-008
3.604	1.1107883E-008
3.605	1.1815495E-008
3.606	1.2618378E-008
3.607	1.3494081E-008
3.608	1.4418278E-008
3.609	1.5365330E-008
3.61	1.6308991E-008
3.611	1.7223060E-008
3.612	1.8082027E-008
3.613	1.8861764E-008
3.614	1.9540122E-008
3.615	2.0097481E-008
3.616	2.0517286E-008
3.617	2.0786445E-008
3.618	2.0895676E-008
3.619	2.0839769E-008
3.62	2.0617694E-008
3.621	2.0232640E-008
3.622	1.9691941E-008
3.623	1.9006894E-008
3.624	1.8192429E-008
3.625	1.7266778E-008
3.626	1.6250970E-008
3.627	1.5168323E-008
3.628	1.4043846E-008
3.629	1.2903620E-008
3.63	1.1774127E-008
3.631	1.0681611E-008
3.632	9.6513935E-009
3.633	8.7072536E-009
3.634	7.8707956E-009
3.635	7.1609345E-009
3.636	6.5933832E-009
3.637	6.1802723E-009
3.638	5.9298486E-009
3.639	5.8462617E-009
3.64	5.9294809E-009
3.641	6.1752981E-009
3.642	6.5754517E-009
3.643	7.1178290E-009
3.644	7.7867837E-009
3.645	8.5635294E-009
3.646	9.4266195E-009
3.647	1.0352471E-008
3.648	1.1315983E-008
3.649	1.2291157E-008
3.65	1.3251754E-008
3.651	1.4171962E-008
3.652	1.5027057E-008
3.653	1.5793999E-008
3.654	1.6452065E-008
3.655	1.6983307E-008
3.656	1.7373019E-008
3.657	1.7610120E-008
3.658	1.7687354E-008
3.659	1.7601536E-008
3.66	1.7353535E-008
3.661	1.6948286E-008
3.662	1.6394630E-008
3.663	1.5705057E-008
3.664	1.4895406E-008
3.665	1.3984417E-008
3.666	1.2993278E-008
3.667	1.1945076E-008
3.668	1.0864202E-008
3.669	9.7757722E-009
3.67	8.7049745E-009
3.671	7.6764755E-009
3.672	6.7137913E-009
3.673	5.8387335E-009
3.674	5.0708571E-009
3.675	4.4270032E-009
3.676	3.9208854E-009
3.677	3.5627614E-009
3.678	3.3592025E-009
3.679	3.3129466E-009
3.68	3.4228469E-009
3.681	3.6839309E-009
3.682	4.0875352E-009
3.683	4.6215449E-009
3.684	5.2707128E-009
3.685	6.0170433E-009
3.686	6.8402692E-009
3.687	7.7183548E-009
3.688	8.6280592E-009
3.689	9.5455199E-009
3.69	1.0446844E-008
3.691	1.1308714E-008
3.692	1.2108949E-008
3.693	1.2827059E-008
3.694	1.3444743E-008
3.695	1.3946323E-008
3.696	1.4319117E-008
3.697	1.4553742E-008
3.698	1.4644284E-008
3.699	1.4588451E-008
3.7	1.4387556E-008
3.701	1.4046456E-008
3.702	1.3573379E-008
3.703	1.2979677E-008
3.704	1.2279521E-008
3.705	1.1489494E-008
3.706	1.0628203E-008
3.707	9.7157917E-009
3.708	8.7734602E-009
3.709	7.8229752E-009
3.71	6.8861237E-009
3.711	5.9842251E-009
3.712	5.1376094E-009
3.713	4.3651318E-009
3.714	3.6837129E-009
3.715	3.1079497E-009
3.716	2.6497520E-009
3.717	2.3180886E-009
3.718	2.1187876E-009
3.719	2.0544335E-009
3.72	2.1243440E-009
3.721	2.3246309E-009
3.722	2.6483362E-009
3.723	3.0856444E-009
3.724	3.6241514E-009
3.725	4.2491997E-009
3.726	4.9442535E-009
3.727	5.6913185E-009
3.728	6.4713919E-009
3.729	7.2649242E-009
3.73	8.0523028E-009
3.731	8.8143137E-009
3.732	9.5326147E-009
3.733	1.0190159E-008
3.734	1.0771587E-008
3.735	1.1263577E-008
3.736	1.1655128E-008
3.737	1.1937793E-008
3.738	1.2105819E-008
3.739	1.2156257E-008
3.74	1.2088961E-008
3.741	1.1906551E-008
3.742	1.1614294E-008
3.743	1.1219943E-008
3.744	1.0733510E-008
3.745	1.0166987E-008
3.746	9.5340580E-009
3.747	8.8497298E-009
3.748	8.1299891E-009
3.749	7.3913911E-009
3.75	6.6506836E-009
3.751	5.9244036E-009
3.752	5.2284927E-009
3.753	4.5779420E-009
3.754	3.9864640E-009
3.755	3.4662127E-009
3.756	3.0275291E-009
3.757	2.6787565E-009
3.758	2.4260962E-009
3.759	2.2735183E-009
3.76	2.2227182E-009
3.761	2.2731359E-009
3.762	2.4220128E-009
3.763	2.6645086E-009
3.764	2.9938547E-009
3.765	3.4015519E-009
3.766	3.8776027E-009
3.767	4.4107598E-009
3.768	4.9888134E-009
3.769	5.5988680E-009
3.77	6.2276317E-009
3.771	6.8617174E-009
3.772	7.4879072E-009
3.773	8.0934450E-009
3.774	8.6662739E-009
3.775	9.1952730E-009
3.776	9.6704706E-009
3.777	1.0083225E-008
3.778	1.0426352E-008
3.779	1.0694255E-008
3.78	1.0882976E-008
3.781	1.0990250E-008
3.782	1.1015490E-008
3.783	1.0959737E-008
3.784	1.0825626E-008
3.785	1.0617281E-008
3.786	1.0340172E-008
3.787	1.0001003E-008
3.788	9.6075317E-009
3.789	9.1684029E-009
3.79	8.6929610E-009
3.791	8.1910665E-009
3.792	7.6729183E-009
3.793	7.1488655E-009
3.794	6.6292403E-009
3.795	6.1241887E-009
3.796	5.6435292E-009
3.797	5.1966103E-009
3.798	4.7921556E-009
3.799	4.4381601E-009
3.8	4.1417638E-009
3.801	3.9091539E-009
3.802	3.7454755E-009
3.803	3.6547445E-009
3.804	3.6398056E-009
3.805	3.7022791E-009
3.806	3.8425427E-009
3.807	4.0597166E-009
3.808	4.3516803E-009
3.809	4.7150954E-009
3.81	5.1454503E-009
3.811	5.6371117E-009
3.812	6.1834031E-009
3.813	6.7766708E-009
3.814	7.4083770E-009
3.815	8.0691969E-009
3.816	8.7491232E-009
3.817	9.4375778E-009
3.818	1.0123563E-008
3.819	1.0795785E-008
3.82	1.1442838E-008
3.821	1.2053397E-008
3.822	1.2616401E-008
3.823	1.3121285E-008
3.824	1.3558201E-008
3.825	1.3918211E-008
3.826	1.4193532E-008
3.827	1.4377723E-008
3.828	1.4465876E-008
3.829	1.4454797E-008
3.83	1.4343105E-008
3.831	1.4131417E-008
3.832	1.3822378E-008
3.833	1.3420743E-008
3.834	1.2933388E-008
3.835	1.2369269E-008
3.836	1.1739361E-008
3.837	1.1056526E-008
3.838	1.0335373E-008
3.839	9.5920152E-009
3.84	8.8438394E-009
3.841	8.1091995E-009
3.842	7.4070767E-009
3.843	6.7567014E-009
3.844	6.1771495E-009
3.845	5.6869136E-009
3.846	5.3034541E-009
3.847	5.0427498E-009
3.848	4.9188587E-009
3.849	4.9434954E-009
3.85	5.1256439E-009
3.851	5.4712097E-009
3.852	5.9827321E-009
3.853	6.6591581E-009
3.854	7.4956921E-009
3.855	8.4837284E-009
3.856	9.6108872E-009
3.857	1.0861106E-008
3.858	1.2214861E-008
3.859	1.3649474E-008
3.86	1.5139468E-008
3.861	1.6657065E-008
3.862	1.8172701E-008
3.863	1.9655639E-008
3.864	2.1074637E-008
3.865	2.2398654E-008
3.866	2.3597606E-008
3.867	2.4643127E-008
3.868	2.5509351E-008
3.869	2.6173664E-008
3.87	2.6617391E-008
3.871	2.6826459E-008
3.872	2.6791986E-008
3.873	2.6510666E-008
3.874	2.5985150E-008
3.875	2.5224253E-008
3.876	2.4242976E-008
3.877	2.3062396E-008
3.878	2.1709443E-008
3.879	2.0216440E-008
3.88	1.8620611E-008
3.881	1.6963330E-008
3.882	1.5289343E-008
3.883	1.3645803E-008
3.884	1.2081260E-008
3.885	1.0644557E-008
3.886	9.3836352E-009
3.887	8.3443181E-009
3.888	7.5691196E-009
3.889	7.0960211E-009
3.89	6.9573596E-009
3.891	7.1787807E-009
3.892	7.7783442E-009
3.893	8.7657597E-009
3.894	1.0141831E-008
3.895	1.1898051E-008
3.896	1.4016437E-008
3.897	1.6469574E-008
3.898	1.9220867E-008
3.899	2.2225079E-008
3.9	2.5429008E-008
3.901	2.8772527E-008
3.902	3.2189753E-008
3.903	3.5610476E-008
3.904	3.8961669E-008
3.905	4.2169336E-008
3.906	4.5160192E-008
3.907	4.7863644E-008
3.908	5.0213611E-008
3.909	5.2150412E-008
3.91	5.3622493E-008
3.911	5.4588078E-008
3.912	5.5016631E-008
3.913	5.4890116E-008
3.914	5.4203937E-008
3.915	5.2967689E-008
3.916	5.1205433E-008
3.917	4.8955833E-008
3.918	4.6271701E-008
3.919	4.3219401E-008
3.92	3.9877609E-008
3.921	3.6336104E-008
3.922	3.2693769E-008
3.923	2.9056665E-008
3.924	2.5535664E-008
3.925	2.2243901E-008
3.926	1.9294090E-008
3.927	1.6795715E-008
3.928	1.4852225E-008
3.929	1.3558234E-008
3.93	1.2996821E-008
3.931	1.3237021E-008
3.932	1.4331576E-008
3.933	1.6314905E-008
3.934	1.9201529E-008
3.935	2.2984812E-008
3.936	2.7636180E-008
3.937	3.3104815E-008
3.938	3.9317825E-008
3.939	4.6180990E-008
3.94	5.3580070E-008
3.941	6.1382771E-008
3.942	6.9441121E-008
3.943	7.7594684E-008
3.944	8.5673882E-008
3.945	9.3504120E-008
3.946	1.0090992E-007
3.947	1.0771934E-007
3.948	1.1376846E-007
3.949	1.1890598E-007
3.95	1.2299741E-007
3.951	1.2592935E-007
3.952	1.2761322E-007
3.953	1.2798886E-007
3.954	1.2702714E-007
3.955	1.2473275E-007
3.956	1.2114535E-007
3.957	1.1634097E-007
3.958	1.1043149E-007
3.959	1.0356446E-007
3.96	9.5920889E-008
3.961	8.7713111E-008
3.962	7.9181056E-008
3.963	7.0587873E-008
3.964	6.2214937E-008
3.965	5.4355738E-008
3.966	4.7309562E-008
3.967	4.1374303E-008
3.968	3.6839253E-008
3.969	3.3977532E-008
3.97	3.3038702E-008
3.971	3.4241413E-008
3.972	3.7766522E-008
3.973	4.3750703E-008
3.974	5.2280704E-008
3.975	6.3388555E-008
3.976	7.7047645E-008
3.977	9.3170051E-008
3.978	1.1160489E-007
3.979	1.3213850E-007
3.98	1.5449532E-007
3.981	1.7834134E-007
3.982	2.0328812E-007
3.983	2.2889934E-007
3.984	2.5469811E-007
3.985	2.8017689E-007
3.986	3.0480723E-007
3.987	3.2805264E-007
3.988	3.4938088E-007
3.989	3.6827774E-007
3.99	3.8426134E-007
3.991	3.9689641E-007
3.992	4.0580852E-007
3.993	4.1069873E-007
3.994	4.1135675E-007
3.995	4.0767375E-007
3.996	3.9965431E-007
3.997	3.8742689E-007
3.998	3.7125182E-007
3.999	3.5152945E-007
4	3.2880342E-007
4.001	3.0376427E-007
4.002	2.7724809E-007
4.003	2.5023454E-007
4.004	2.2383922E-007
4.005	1.9930650E-007
4.006	1.7799682E-007
4.007	1.6137257E-007
4.008	1.5098092E-007
4.009	1.4843501E-007
4.01	1.5539175E-007
4.011	1.7352886E-007
4.012	2.0451978E-007
4.013	2.5000742E-007
4.014	3.1157683E-007
4.015	3.9072759E-007
4.016	4.8884607E-007
4.017	6.0717701E-007
4.018	7.4679798E-007
4.019	9.0859265E-007
4.02	1.0932273E-006
4.021	1.3011314E-006
4.022	1.5324755E-006
4.023	1.7871595E-006
4.024	2.0647990E-006
4.025	2.3647174E-006
4.026	2.6859416E-006
4.027	3.0272020E-006
4.028	3.3869319E-006
4.029	3.7632778E-006
4.03	4.1541107E-006
4.031	4.5570396E-006
4.032	4.9694363E-006
4.033	5.3884578E-006
4.034	5.8110804E-006
4.035	6.2341292E-006
4.036	6.6543266E-006
4.037	7.0683141E-006
4.038	7.4727018E-006
4.039	7.8641042E-006
4.04	8.2391753E-006
4.041	8.5946504E-006
4.042	8.9273790E-006
4.043	9.2343507E-006
4.044	9.5127607E-006
4.045	9.7600168E-006
4.046	9.9737899E-006
4.047	1.0152045E-005
4.048	1.0293063E-005
4.049	1.0395481E-005
4.05	1.0458292E-005
4.051	1.0480890E-005
4.052	1.0463035E-005
4.053	1.0404886E-005
4.054	1.0306992E-005
4.055	1.0170280E-005
4.056	9.9960316E-006
4.057	9.7858911E-006
4.058	9.5418154E-006
4.059	9.2660730E-006
4.06	8.9612013E-006
4.061	8.6299733E-006
4.062	8.2753822E-006
4.063	7.9005886E-006
4.064	7.5088828E-006
4.065	7.1036520E-006
4.066	6.6883285E-006
4.067	6.2663607E-006
4.068	5.8411583E-006
4.069	5.4160619E-006
4.07	4.9943064E-006
4.071	4.5789793E-006
4.072	4.1729868E-006
4.073	3.7790317E-006
4.074	3.3995773E-006
4.075	3.0368258E-006
4.076	2.6927034E-006
4.077	2.3688440E-006
4.078	2.0665809E-006
4.079	1.7869435E-006
4.08	1.5306565E-006
4.081	1.2981459E-006
4.082	1.0895460E-006
4.083	9.0471121E-007
4.084	7.4322935E-007
4.085	6.0443978E-007
4.086	4.8745443E-007
4.087	3.9117919E-007
4.088	3.1434058E-007
4.089	2.5551188E-007
4.09	2.1314268E-007
4.091	1.8558717E-007
4.092	1.7113445E-007
4.093	1.6803745E-007
4.094	1.7454150E-007
4.095	1.8891133E-007
4.096	2.0945681E-007
4.097	2.3455601E-007
4.098	2.6267648E-007
4.099	2.9239305E-007
4.1	3.2240393E-007
4.101	3.5154250E-007
4.102	3.7878672E-007
4.103	4.0326600E-007
4.104	4.2426413E-007
4.105	4.4121990E-007
4.106	4.5372602E-007
4.107	4.6152297E-007
4.108	4.6449421E-007
4.109	4.6265603E-007
4.11	4.5614678E-007
4.111	4.4521545E-007
4.112	4.3020680E-007
4.113	4.1154723E-007
4.114	3.8972917E-007
4.115	3.6529514E-007
4.116	3.3882270E-007
4.117	3.1090821E-007
4.118	2.8215294E-007
4.119	2.5314850E-007
4.12	2.2446409E-007
4.121	1.9663445E-007
4.122	1.7014966E-007
4.123	1.4544617E-007
4.124	1.2289900E-007
4.125	1.0281672E-007
4.126	8.5437044E-008
4.127	7.0925253E-008
4.128	5.9373811E-008
4.129	5.0803944E-008
4.13	4.5168779E-008
4.131	4.2357783E-008
4.132	4.2202512E-008
4.133	4.4483400E-008
4.134	4.8937245E-008
4.135	5.5265382E-008
4.136	6.3142238E-008
4.137	7.2224083E-008
4.138	8.2157804E-008
4.139	9.2589367E-008
4.14	1.0317210E-007
4.141	1.1357413E-007
4.142	1.2348555E-007
4.143	1.3262434E-007
4.144	1.4074169E-007
4.145	1.4762612E-007
4.146	1.5310688E-007
4.147	1.5705584E-007
4.148	1.5938899E-007
4.149	1.6006604E-007
4.15	1.5908974E-007
4.151	1.5650396E-007
4.152	1.5239084E-007
4.153	1.4686727E-007
4.154	1.4008060E-007
4.155	1.3220389E-007
4.156	1.2343074E-007
4.157	1.1396974E-007
4.158	1.0403906E-007
4.159	9.3860713E-008
4.16	8.3655216E-008
4.161	7.3636436E-008
4.162	6.4006628E-008
4.163	5.4952142E-008
4.164	4.6639460E-008
4.165	3.9211937E-008
4.166	3.2787074E-008
4.167	2.7454655E-008
4.168	2.3275524E-008
4.169	2.0281092E-008
4.17	1.8473671E-008
4.171	1.7827436E-008
4.172	1.8290063E-008
4.173	1.9784965E-008
4.174	2.2213902E-008
4.175	2.5460180E-008
4.176	2.9391998E-008
4.177	3.3866097E-008
4.178	3.8731571E-008
4.179	4.3833655E-008
4.18	4.9017501E-008
4.181	5.4131931E-008
4.182	5.9032800E-008
4.183	6.3586292E-008
4.184	6.7671742E-008
4.185	7.1184182E-008
4.186	7.4036237E-008
4.187	7.6159765E-008
4.188	7.7506932E-008
4.189	7.8050547E-008
4.19	7.7784158E-008
4.191	7.6721584E-008
4.192	7.4895894E-008
4.193	7.2358027E-008
4.194	6.9175051E-008
4.195	6.5428104E-008
4.196	6.1209938E-008
4.197	5.6622380E-008
4.198	5.1773590E-008
4.199	4.6775174E-008
4.2	4.1739376E-008
4.201	3.6776264E-008
4.202	3.1991142E-008
4.203	2.7482111E-008
4.204	2.3337938E-008
4.205	1.9636207E-008
4.206	1.6441806E-008
4.207	1.3805776E-008
4.208	1.1764467E-008
4.209	1.0339073E-008
4.21	9.5355146E-009
4.211	9.3446841E-009
4.212	9.7430419E-009
4.213	1.0693506E-008
4.214	1.2146735E-008
4.215	1.4042627E-008
4.216	1.6312068E-008
4.217	1.8878916E-008
4.218	2.1662048E-008
4.219	2.4577465E-008
4.22	2.7540453E-008
4.221	3.0467632E-008
4.222	3.3278930E-008
4.223	3.5899394E-008
4.224	3.8260819E-008
4.225	4.0303242E-008
4.226	4.1976136E-008
4.227	4.3239389E-008
4.228	4.4063992E-008
4.229	4.4432532E-008
4.23	4.4339256E-008
4.231	4.3789967E-008
4.232	4.2801588E-008
4.233	4.1401449E-008
4.234	3.9626364E-008
4.235	3.7521456E-008
4.236	3.5138918E-008
4.237	3.2536452E-008
4.238	2.9775846E-008
4.239	2.6921246E-008
4.24	2.4037625E-008
4.241	2.1189177E-008
4.242	1.8437726E-008
4.243	1.5841332E-008
4.244	1.3452978E-008
4.245	1.1319379E-008
4.246	9.4800550E-009
4.247	7.9665190E-009
4.248	6.8017258E-009
4.249	5.9997287E-009
4.25	5.5655289E-009
4.251	5.4951790E-009
4.252	5.7760765E-009
4.253	6.3874603E-009
4.254	7.3010962E-009
4.255	8.4821368E-009
4.256	9.8901118E-009
4.257	1.1480043E-008
4.258	1.3203650E-008
4.259	1.5010603E-008
4.26	1.6849789E-008
4.261	1.8670598E-008
4.262	2.0424105E-008
4.263	2.2064254E-008
4.264	2.3548866E-008
4.265	2.4840569E-008
4.266	2.5907600E-008
4.267	2.6724427E-008
4.268	2.7272211E-008
4.269	2.7539146E-008
4.27	2.7520544E-008
4.271	2.7218844E-008
4.272	2.6643376E-008
4.273	2.5809987E-008
4.274	2.4740519E-008
4.275	2.3462151E-008
4.276	2.2006594E-008
4.277	2.0409209E-008
4.278	1.8708077E-008
4.279	1.6942995E-008
4.28	1.5154447E-008
4.281	1.3382658E-008
4.282	1.1666587E-008
4.283	1.0043059E-008
4.284	8.5458955E-009
4.285	7.2051982E-009
4.286	6.0466663E-009
4.287	5.0910915E-009
4.288	4.3539323E-009
4.289	3.8450674E-009
4.29	3.5686527E-009
4.291	3.5231587E-009
4.292	3.7015204E-009
4.293	4.0914290E-009
4.294	4.6757465E-009
4.295	5.4330207E-009
4.296	6.3380994E-009
4.297	7.3628135E-009
4.298	8.4767366E-009
4.299	9.6479607E-009
4.3	1.0843933E-008
4.301	1.2032233E-008
4.302	1.3181387E-008
4.303	1.4261586E-008
4.304	1.5245378E-008
4.305	1.6108272E-008
4.306	1.6829246E-008
4.307	1.7391187E-008
4.308	1.7781193E-008
4.309	1.7990830E-008
4.31	1.8016216E-008
4.311	1.7858033E-008
4.312	1.7521433E-008
4.313	1.7015811E-008
4.314	1.6354489E-008
4.315	1.5554294E-008
4.316	1.4635104E-008
4.317	1.3619264E-008
4.318	1.2530996E-008
4.319	1.1395758E-008
4.32	1.0239640E-008
4.321	9.0886898E-009
4.322	7.9683247E-009
4.323	6.9027246E-009
4.324	5.9142931E-009
4.325	5.0231703E-009
4.326	4.2467780E-009
4.327	3.5994785E-009
4.328	3.0922698E-009
4.329	2.7325979E-009
4.33	2.5242390E-009
4.331	2.4672748E-009
4.332	2.5581632E-009
4.333	2.7898939E-009
4.334	3.1522203E-009
4.335	3.6319734E-009
4.336	4.2134363E-009
4.337	4.8787721E-009
4.338	5.6085083E-009
4.339	6.3820238E-009
4.34	7.1780919E-009
4.341	7.9753875E-009
4.342	8.7530205E-009
4.343	9.4910053E-009
4.344	1.0170751E-008
4.345	1.0775460E-008
4.346	1.1290489E-008
4.347	1.1703667E-008
4.348	1.2005531E-008
4.349	1.2189482E-008
4.35	1.2251910E-008
4.351	1.2192205E-008
4.352	1.2012707E-008
4.353	1.1718596E-008
4.354	1.1317713E-008
4.355	1.0820308E-008
4.356	1.0238751E-008
4.357	9.5871906E-009
4.358	8.8811802E-009
4.359	8.1372837E-009
4.36	7.3726549E-009
4.361	6.6046284E-009
4.362	5.8502878E-009
4.363	5.1260738E-009
4.364	4.4473896E-009
4.365	3.8282679E-009
4.366	3.2810430E-009
4.367	2.8160998E-009
4.368	2.4416655E-009
4.369	2.1636557E-009
4.37	1.9855892E-009
4.371	1.9085513E-009
4.372	1.9312214E-009
4.373	2.0499531E-009
4.374	2.2589086E-009
4.375	2.5502400E-009
4.376	2.9143161E-009
4.377	3.3399825E-009
4.378	3.8148555E-009
4.379	4.3256465E-009
4.38	4.8584887E-009
4.381	5.3992784E-009
4.382	5.9340115E-009
4.383	6.4491212E-009
4.384	6.9317814E-009
4.385	7.3701907E-009
4.386	7.7538411E-009
4.387	8.0737301E-009
4.388	8.3225462E-009
4.389	8.4948102E-009
4.39	8.5869649E-009
4.391	8.5974277E-009
4.392	8.5265794E-009
4.393	8.3767260E-009
4.394	8.1520133E-009
4.395	7.8582705E-009
4.396	7.5028597E-009
4.397	7.0944650E-009
4.398	6.6428538E-009
4.399	6.1586332E-009
4.4	5.6529723E-009
4.401	5.1373337E-009
4.402	4.6231912E-009
4.403	4.1217598E-009
4.404	3.6437418E-009
4.405	3.1990790E-009
4.406	2.7967484E-009
4.407	2.4445681E-009
4.408	2.1490463E-009
4.409	1.9152551E-009
4.41	1.7467444E-009
4.411	1.6454877E-009
4.412	1.6118675E-009
4.413	1.6446957E-009
4.414	1.7412713E-009
4.415	1.8974702E-009
4.416	2.1078692E-009
4.417	2.3658993E-009
4.418	2.6640163E-009
4.419	2.9939045E-009
4.42	3.3466765E-009
4.421	3.7130967E-009
4.422	4.0837973E-009
4.423	4.4495003E-009
4.424	4.8012279E-009
4.425	5.1304991E-009
4.426	5.4295253E-009
4.427	5.6913589E-009
4.428	5.9100556E-009
4.429	6.0807772E-009
4.43	6.1998904E-009
4.431	6.2650223E-009
4.432	6.2750902E-009
4.433	6.2303025E-009
4.434	6.1321277E-009
4.435	5.9832383E-009
4.436	5.7874163E-009
4.437	5.5494542E-009
4.438	5.2750186E-009
4.439	4.9705124E-009
4.44	4.6428994E-009
4.441	4.2995532E-009
4.442	3.9480752E-009
4.443	3.5961161E-009
4.444	3.2512111E-009
4.445	2.9206055E-009
4.446	2.6111000E-009
4.447	2.3289033E-009
4.448	2.0795015E-009
4.449	1.8675457E-009
4.45	1.6967630E-009
4.451	1.5698869E-009
4.452	1.4886200E-009
4.453	1.4536101E-009
4.454	1.4644622E-009
4.455	1.5197635E-009
4.456	1.6171374E-009
4.457	1.7533123E-009
4.458	1.9242099E-009
4.459	2.1250519E-009
4.46	2.3504743E-009
4.461	2.5946623E-009
4.462	2.8514797E-009
4.463	3.1146188E-009
4.464	3.3777350E-009
4.465	3.6345953E-009
4.466	3.8792072E-009
4.467	4.1059551E-009
4.468	4.3097104E-009
4.469	4.4859378E-009
4.47	4.6307869E-009
4.471	4.7411635E-009
4.472	4.8147850E-009
4.473	4.8502216E-009
4.474	4.8469055E-009
4.475	4.8051354E-009
4.476	4.7260587E-009
4.477	4.6116284E-009
4.478	4.4645527E-009
4.479	4.2882204E-009
4.48	4.0866226E-009
4.481	3.8642440E-009
4.482	3.6259731E-009
4.483	3.3769720E-009
4.484	3.1225733E-009
4.485	2.8681573E-009
4.486	2.6190405E-009
4.487	2.3803608E-009
4.488	2.1569750E-009
4.489	1.9533590E-009
4.49	1.7735156E-009
4.491	1.6208924E-009
4.492	1.4983165E-009
4.493	1.4079350E-009
4.494	1.3511772E-009
4.495	1.3287264E-009
4.496	1.3405179E-009
4.497	1.3857439E-009
4.498	1.4628820E-009
4.499	1.5697343E-009
4.5	1.7034840E-009
4.501	1.8607629E-009
4.502	2.0377271E-009
4.503	2.2301505E-009
4.504	2.4335116E-009
4.505	2.6431008E-009
4.506	2.8541172E-009
4.507	3.0617755E-009
4.508	3.2614025E-009
4.509	3.4485388E-009
4.51	3.6190295E-009
4.511	3.7691086E-009
4.512	3.8954773E-009
4.513	3.9953618E-009
4.514	4.0665817E-009
4.515	4.1075818E-009
4.516	4.1174628E-009
4.517	4.0960044E-009
4.518	4.0436556E-009
4.519	3.9615338E-009
4.52	3.8513979E-009
4.521	3.7156069E-009
4.522	3.5570726E-009
4.523	3.3791920E-009
4.524	3.1857750E-009
4.525	2.9809624E-009
4.526	2.7691280E-009
4.527	2.5547953E-009
4.528	2.3425279E-009
4.529	2.1368427E-009
4.53	1.9421047E-009
4.531	1.7624452E-009
4.532	1.6016641E-009
4.533	1.4631557E-009
4.534	1.3498312E-009
4.535	1.2640601E-009
4.536	1.2076132E-009
4.537	1.1816286E-009
4.538	1.1865822E-009
4.539	1.2222792E-009
4.54	1.2878566E-009
4.541	1.3818021E-009
4.542	1.5019834E-009
4.543	1.6456950E-009
4.544	1.8097132E-009
4.545	1.9903661E-009
4.546	2.1836120E-009
4.547	2.3851243E-009
4.548	2.5903846E-009
4.549	2.7947844E-009
4.55	2.9937184E-009
4.551	3.1826892E-009
4.552	3.3574070E-009
4.553	3.5138821E-009
4.554	3.6485159E-009
4.555	3.7581787E-009
4.556	3.8402850E-009
4.557	3.8928540E-009
4.558	3.9145522E-009
4.559	3.9047285E-009
4.56	3.8634385E-009
4.561	3.7914374E-009
4.562	3.6901784E-009
4.563	3.5617791E-009
4.564	3.4089791E-009
4.565	3.2350862E-009
4.566	3.0439029E-009
4.567	2.8396483E-009
4.568	2.6268616E-009
4.569	2.4103046E-009
4.57	2.1948581E-009
4.571	1.9854096E-009
4.572	1.7867458E-009
4.573	1.6034416E-009
4.574	1.4397593E-009
4.575	1.2995465E-009
4.576	1.1861484E-009
4.577	1.1023279E-009
4.578	1.0501976E-009
4.579	1.0311685E-009
4.58	1.0459094E-009
4.581	1.0943264E-009
4.582	1.1755585E-009
4.583	1.2879877E-009
4.584	1.4292714E-009
4.585	1.5963894E-009
4.586	1.7857056E-009
4.587	1.9930479E-009
4.588	2.2137991E-009
4.589	2.4429976E-009
4.59	2.6754479E-009
4.591	2.9058433E-009
4.592	3.1288738E-009
4.593	3.3393621E-009
4.594	3.5323768E-009
4.595	3.7033494E-009
4.596	3.8481862E-009
4.597	3.9633687E-009
4.598	4.0460368E-009
4.599	4.0940678E-009
4.6	4.1061279E-009
4.601	4.0817141E-009
4.602	4.0211732E-009
4.603	3.9256980E-009
4.604	3.7973189E-009
4.605	3.6388508E-009
4.606	3.4538483E-009
4.607	3.2465193E-009
4.608	3.0216349E-009
4.609	2.7844256E-009
4.61	2.5404585E-009
4.611	2.2955131E-009
4.612	2.0554478E-009
4.613	1.8260601E-009
4.614	1.6129599E-009
4.615	1.4214280E-009
4.616	1.2562964E-009
4.617	1.1218255E-009
4.618	1.0216010E-009
4.619	9.5843944E-010
4.62	9.3431474E-010
4.621	9.5030117E-010
4.622	1.0065364E-009
4.623	1.1022093E-009
4.624	1.2355664E-009
4.625	1.4039454E-009
4.626	1.6038253E-009
4.627	1.8309013E-009
4.628	2.0801789E-009
4.629	2.3460842E-009
4.63	2.6225913E-009
4.631	2.9033589E-009
4.632	3.1818836E-009
4.633	3.4516499E-009
4.634	3.7062886E-009
4.635	3.9397312E-009
4.636	4.1463561E-009
4.637	4.3211283E-009
4.638	4.4597321E-009
4.639	4.5586677E-009
4.64	4.6153543E-009
4.641	4.6282067E-009
4.642	4.5966688E-009
4.643	4.5212487E-009
4.644	4.4035233E-009
4.645	4.2461026E-009
4.646	4.0525885E-009
4.647	3.8274894E-009
4.648	3.5761276E-009
4.649	3.3045278E-009
4.65	3.0192659E-009
4.651	2.7273241E-009
4.652	2.4359330E-009
4.653	2.1523903E-009
4.654	1.8838928E-009
4.655	1.6373602E-009
4.656	1.4192675E-009
4.657	1.2354793E-009
4.658	1.0911044E-009
4.659	9.9036124E-010
4.66	9.3646557E-010
4.661	9.3153996E-010
4.662	9.7655073E-010
4.663	1.0712697E-009
4.664	1.2142679E-009
4.665	1.4029359E-009
4.666	1.6335349E-009
4.667	1.9012723E-009
4.668	2.2004050E-009
4.669	2.5243660E-009
4.67	2.8659100E-009
4.671	3.2172753E-009
4.672	3.5703664E-009
4.673	3.9169414E-009
4.674	4.2488120E-009
4.675	4.5580388E-009
4.676	4.8371391E-009
4.677	5.0792699E-009
4.678	5.2784102E-009
4.679	5.4295271E-009
4.68	5.5287028E-009
4.681	5.5732592E-009
4.682	5.5618323E-009
4.683	5.4944227E-009
4.684	5.3724145E-009
4.685	5.1985589E-009
4.686	4.9769153E-009
4.687	4.7127755E-009
4.688	4.4125423E-009
4.689	4.0835881E-009
4.69	3.7340828E-009
4.691	3.3728045E-009
4.692	3.0089431E-009
4.693	2.6518778E-009
4.694	2.3109639E-009
4.695	1.9953035E-009
4.696	1.7135345E-009
4.697	1.4736142E-009
4.698	1.2826156E-009
4.699	1.1465430E-009
4.7	1.0701637E-009
4.701	1.0568669E-009
4.702	1.1085504E-009
4.703	1.2255464E-009
4.704	1.4065781E-009
4.705	1.6487659E-009
4.706	1.9476678E-009
4.707	2.2973703E-009
4.708	2.6906122E-009
4.709	3.1189535E-009
4.71	3.5729706E-009
4.711	4.0424770E-009
4.712	4.5167758E-009
4.713	4.9849009E-009
4.714	5.4358975E-009
4.715	5.8590710E-009
4.716	6.2442607E-009
4.717	6.5820860E-009
4.718	6.8641857E-009
4.719	7.0834369E-009
4.72	7.2341475E-009
4.721	7.3122299E-009
4.722	7.3153172E-009
4.723	7.2428645E-009
4.724	7.0962023E-009
4.725	6.8785364E-009
4.726	6.5949046E-009
4.727	6.2521033E-009
4.728	5.8585377E-009
4.729	5.4240599E-009
4.73	4.9597473E-009
4.731	4.4776560E-009
4.732	3.9905426E-009
4.733	3.5115570E-009
4.734	3.0539393E-009
4.735	2.6306857E-009
4.736	2.2542272E-009
4.737	1.9361177E-009
4.738	1.6867266E-009
4.739	1.5149686E-009
4.74	1.4280476E-009
4.741	1.4312462E-009
4.742	1.5277557E-009
4.743	1.7185512E-009
4.744	2.0023208E-009
4.745	2.3754467E-009
4.746	2.8320422E-009
4.747	3.3640468E-009
4.748	3.9613748E-009
4.749	4.6121134E-009
4.75	5.3027809E-009
4.751	6.0186065E-009
4.752	6.7438828E-009
4.753	7.4623099E-009
4.754	8.1573983E-009
4.755	8.8128580E-009
4.756	9.4130268E-009
4.757	9.9432445E-009
4.758	1.0390271E-008
4.759	1.0742641E-008
4.76	1.0990983E-008
4.761	1.1128324E-008
4.762	1.1150325E-008
4.763	1.1055452E-008
4.764	1.0845097E-008
4.765	1.0523640E-008
4.766	1.0098418E-008
4.767	9.5796526E-009
4.768	8.9802654E-009
4.769	8.3156859E-009
4.77	7.6035240E-009
4.771	6.8632304E-009
4.772	6.1156902E-009
4.773	5.3827396E-009
4.774	4.6866955E-009
4.775	4.0498045E-009
4.776	3.4937169E-009
4.777	3.0389351E-009
4.778	2.7042808E-009
4.779	2.5063842E-009
4.78	2.4592122E-009
4.781	2.5736369E-009
4.782	2.8570739E-009
4.783	3.3131742E-009
4.784	3.9416110E-009
4.785	4.7379309E-009
4.786	5.6935123E-009
4.787	6.7956027E-009
4.788	8.0274685E-009
4.789	9.3686268E-009
4.79	1.0795198E-008
4.791	1.2280325E-008
4.792	1.3794700E-008
4.793	1.5307185E-008
4.794	1.6785474E-008
4.795	1.8196811E-008
4.796	1.9508812E-008
4.797	2.0690232E-008
4.798	2.1711820E-008
4.799	2.2547079E-008
4.8	2.3173131E-008
4.801	2.3571420E-008
4.802	2.3728409E-008
4.803	2.3636247E-008
4.804	2.3293261E-008
4.805	2.2704466E-008
4.806	2.1881830E-008
4.807	2.0844535E-008
4.808	1.9619046E-008
4.809	1.8239032E-008
4.81	1.6745160E-008
4.811	1.5184757E-008
4.812	1.3611325E-008
4.813	1.2083864E-008
4.814	1.0666162E-008
4.815	9.4259134E-009
4.816	8.4337248E-009
4.817	7.7620550E-009
4.818	7.4840596E-009
4.819	7.6723907E-009
4.82	8.3979375E-009
4.821	9.7285735E-009
4.822	1.1727877E-008
4.823	1.4453932E-008
4.824	1.7958127E-008
4.825	2.2284071E-008
4.826	2.7466553E-008
4.827	3.3530629E-008
4.828	4.0490836E-008
4.829	4.8350500E-008
4.83	5.7101175E-008
4.831	6.6722301E-008
4.832	7.7181049E-008
4.833	8.8432245E-008
4.834	1.0041860E-007
4.835	1.1307125E-007
4.836	1.2631014E-007
4.837	1.4004510E-007
4.838	1.5417670E-007
4.839	1.6859755E-007
4.84	1.8319325E-007
4.841	1.9784416E-007
4.842	2.1242647E-007
4.843	2.2681398E-007
4.844	2.4087944E-007
4.845	2.5449626E-007
4.846	2.6754009E-007
4.847	2.7989017E-007
4.848	2.9143121E-007
4.849	3.0205496E-007
4.85	3.1166110E-007
4.851	3.2015916E-007
4.852	3.2746928E-007
4.853	3.3352350E-007
4.854	3.3826646E-007
4.855	3.4165603E-007
4.856	3.4366346E-007
4.857	3.4427472E-007
4.858	3.4348918E-007
4.859	3.4132046E-007
4.86	3.3779580E-007
4.861	3.3295569E-007
4.862	3.2685330E-007
4.863	3.1955341E-007
4.864	3.1113206E-007
4.865	3.0167473E-007
4.866	2.9127580E-007
4.867	2.8003683E-007
4.868	2.6806526E-007
4.869	2.5547288E-007
4.87	2.4237457E-007
4.871	2.2888672E-007
4.872	2.1512608E-007
4.873	2.0120815E-007
4.874	1.8724585E-007
4.875	1.7334831E-007
4.876	1.5961973E-007
4.877	1.4615800E-007
4.878	1.3305353E-007
4.879	1.2038851E-007
4.88	1.0823589E-007
4.881	9.6659242E-008
4.882	8.5712088E-008
4.883	7.5438074E-008
4.884	6.5870751E-008
4.885	5.7034118E-008
4.886	4.8942560E-008
4.887	4.1601403E-008
4.888	3.5007222E-008
4.889	2.9148378E-008
4.89	2.4005542E-008
4.891	1.9552358E-008
4.892	1.5756225E-008
4.893	1.2579076E-008
4.894	9.9782813E-009
4.895	7.9075910E-009
4.896	6.3180474E-009
4.897	5.1589457E-009
4.898	4.3787103E-009
4.899	3.9257686E-009
4.9	3.7493382E-009
4.901	3.8001566E-009
4.902	4.0311297E-009
4.903	4.3978896E-009
4.904	4.8592894E-009
4.905	5.3777836E-009
4.906	5.9197247E-009
4.907	6.4555890E-009
4.908	6.9600881E-009
4.909	7.4122162E-009
4.91	7.7952089E-009
4.911	8.0964409E-009
4.912	8.3072429E-009
4.913	8.4226555E-009
4.914	8.4411562E-009
4.915	8.3643217E-009
4.916	8.1964560E-009
4.917	7.9442177E-009
4.918	7.6161868E-009
4.919	7.2224968E-009
4.92	6.7744006E-009
4.921	6.2838770E-009
4.922	5.7632716E-009
4.923	5.2249285E-009
4.924	4.6808726E-009
4.925	4.1425126E-009
4.926	3.6203933E-009
4.927	3.1239740E-009
4.928	2.6614662E-009
4.929	2.2397069E-009
4.93	1.8640696E-009
4.931	1.5384408E-009
4.932	1.2652137E-009
4.933	1.0453317E-009
4.934	8.7836549E-010
4.935	7.6261492E-010
4.936	6.9524153E-010
4.937	6.7241573E-010
4.938	6.8948253E-010
4.939	7.4113438E-010
4.94	8.2159035E-010
4.941	9.2477553E-010
4.942	1.0444945E-009
4.943	1.1745991E-009
4.944	1.3091407E-009
4.945	1.4425122E-009
4.946	1.5695707E-009
4.947	1.6857401E-009
4.948	1.7870957E-009
4.949	1.8704243E-009
4.95	1.9332651E-009
4.951	1.9739248E-009
4.952	1.9914765E-009
4.953	1.9857345E-009
4.954	1.9572124E-009
4.955	1.9070645E-009
4.956	1.8370169E-009
4.957	1.7492831E-009
4.958	1.6464755E-009
4.959	1.5315074E-009
4.96	1.4074982E-009
4.961	1.2776721E-009
4.962	1.1452657E-009
4.963	1.0134351E-009
4.964	8.8517560E-010
4.965	7.6324402E-010
4.966	6.5009720E-010
4.967	5.4783822E-010
4.968	4.5817711E-010
4.969	3.8240161E-010
4.97	3.2136402E-010
4.971	2.7547811E-010
4.972	2.4472824E-010
4.973	2.2869158E-010
4.974	2.2656843E-010
4.975	2.3722221E-010
4.976	2.5922692E-010
4.977	2.9092087E-010
4.978	3.3046332E-010
4.979	3.7589437E-010
4.98	4.2519505E-010
4.981	4.7634680E-010
4.982	5.2738713E-010
4.983	5.7646149E-010
4.984	6.2187056E-010
4.985	6.6211020E-010
4.986	6.9590345E-010
4.987	7.2222678E-010
4.988	7.4032758E-010
4.989	7.4973144E-010
4.99	7.5024514E-010
4.991	7.4194823E-010
4.992	7.2518053E-010
4.993	7.0052097E-010
4.994	6.6876099E-010
4.995	6.3087341E-010
4.996	5.8797750E-010
4.997	5.4130117E-010
4.998	4.9214022E-010
4.999	4.4182014E-010
5	3.9165571E-010
5.001	3.4291367E-010
5.002	2.9677863E-010
5.003	2.5432087E-010
5.004	2.1647092E-010
5.005	1.8399755E-010
5.006	1.5749090E-010
5.007	1.3735245E-010
5.008	1.2378973E-010
5.009	1.1681688E-010
5.01	1.1626129E-010
5.011	1.2177427E-010
5.012	1.3284729E-010
5.013	1.4883186E-010
5.014	1.6896236E-010
5.015	1.9238218E-010
5.016	2.1817062E-010
5.017	2.4537156E-010
5.018	2.7302191E-010
5.019	3.0017924E-010
5.02	3.2594788E-010
5.021	3.4950323E-010
5.022	3.7011325E-010
5.023	3.8715647E-010
5.024	4.0013656E-010
5.025	4.0869289E-010
5.026	4.1260687E-010
5.027	4.1180431E-010
5.028	4.0635356E-010
5.029	3.9645914E-010
5.03	3.8245251E-010
5.031	3.6477854E-010
5.032	3.4398032E-010
5.033	3.2068068E-010
5.034	2.9556185E-010
5.035	2.6934463E-010
5.036	2.4276658E-010
5.037	2.1656028E-010
5.038	1.9143222E-010
5.039	1.6804312E-010
5.04	1.4698968E-010
5.041	1.2878897E-010
5.042	1.1386510E-010
5.043	1.0253919E-010
5.044	9.5022511E-011
5.045	9.1412801E-011
5.046	9.1693889E-011
5.047	9.5738868E-011
5.048	1.0331592E-010
5.049	1.1409733E-010
5.05	1.2767079E-010
5.051	1.4355293E-010
5.052	1.6120451E-010
5.053	1.8004694E-010
5.054	1.9947938E-010
5.055	2.1889650E-010
5.056	2.3770558E-010
5.057	2.5534341E-010
5.058	2.7129188E-010
5.059	2.8509134E-010
5.06	2.9635372E-010
5.061	3.0477154E-010
5.062	3.1012568E-010
5.063	3.1228989E-010
5.064	3.1123285E-010
5.065	3.0701741E-010
5.066	2.9979691E-010
5.067	2.8980884E-010
5.068	2.7736768E-010
5.069	2.6285349E-010
5.07	2.4670102E-010
5.071	2.2938626E-010
5.072	2.1141197E-010
5.073	1.9329337E-010
5.074	1.7554314E-010
5.075	1.5865695E-010
5.076	1.4309962E-010
5.077	1.2929227E-010
5.078	1.1760116E-010
5.079	1.0832801E-010
5.08	1.0170254E-010
5.081	9.7876880E-011
5.082	9.6922338E-011
5.083	9.8828418E-011
5.084	1.0350413E-010
5.085	1.1078150E-010
5.086	1.2042128E-010
5.087	1.3212052E-010
5.088	1.4552182E-010
5.089	1.6022432E-010
5.09	1.7579513E-010
5.091	1.9178230E-010
5.092	2.0772738E-010
5.093	2.2317860E-010
5.094	2.3770341E-010
5.095	2.5090005E-010
5.096	2.6240887E-010
5.097	2.7192146E-010
5.098	2.7918873E-010
5.099	2.8402738E-010
5.1	2.8632427E-010
5.101	2.8603872E-010
5.102	2.8320304E-010
5.103	2.7792096E-010
5.104	2.7036426E-010
5.105	2.6076694E-010
5.106	2.4941882E-010
5.107	2.3665628E-010
5.108	2.2285265E-010
5.109	2.0840764E-010
5.11	1.9373539E-010
5.111	1.7925308E-010
5.112	1.6536898E-010
5.113	1.5247122E-010
5.114	1.4091735E-010
5.115	1.3102462E-010
5.116	1.2306167E-010
5.117	1.1724180E-010
5.118	1.1371738E-010
5.119	1.1257636E-010
5.12	1.1384039E-010
5.121	1.1746468E-010
5.122	1.2333960E-010
5.123	1.3129448E-010
5.124	1.4110221E-010
5.125	1.5248638E-010
5.126	1.6512909E-010
5.127	1.7867972E-010
5.128	1.9276539E-010
5.129	2.0700064E-010
5.13	2.2099868E-010
5.131	2.3438179E-010
5.132	2.4679145E-010
5.133	2.5789806E-010
5.134	2.6741034E-010
5.135	2.7508210E-010
5.136	2.8071936E-010
5.137	2.8418537E-010
5.138	2.8540331E-010
5.139	2.8435895E-010
5.14	2.8109984E-010
5.141	2.7573394E-010
5.142	2.6842609E-010
5.143	2.5939317E-010
5.144	2.4889815E-010
5.145	2.3724203E-010
5.146	2.2475626E-010
5.147	2.1179292E-010
5.148	1.9871547E-010
5.149	1.8588857E-010
5.15	1.7366840E-010
5.151	1.6239282E-010
5.152	1.5237239E-010
5.153	1.4388188E-010
5.154	1.3715323E-010
5.155	1.3236917E-010
5.156	1.2965881E-010
5.157	1.2909426E-010
5.158	1.3068907E-010
5.159	1.3439821E-010
5.16	1.4011968E-010
5.161	1.4769752E-010
5.162	1.5692636E-010
5.163	1.6755726E-010
5.164	1.7930439E-010
5.165	1.9185331E-010
5.166	2.0486918E-010
5.167	2.1800593E-010
5.168	2.3091587E-010
5.169	2.4325858E-010
5.17	2.5471061E-010
5.171	2.6497343E-010
5.172	2.7378211E-010
5.173	2.8091163E-010
5.174	2.8618322E-010
5.175	2.8946870E-010
5.176	2.9069377E-010
5.177	2.8983960E-010
5.178	2.8694339E-010
5.179	2.8209676E-010
5.18	2.7544328E-010
5.181	2.6717381E-010
5.182	2.5752181E-010
5.183	2.4675675E-010
5.184	2.3517646E-010
5.185	2.2309904E-010
5.186	2.1085506E-010
5.187	1.9877795E-010
5.188	1.8719554E-010
5.189	1.7642138E-010
5.19	1.6674627E-010
5.191	1.5843089E-010
5.192	1.5169874E-010
5.193	1.4673011E-010
5.194	1.4365804E-010
5.195	1.4256424E-010
5.196	1.4347734E-010
5.197	1.4637253E-010
5.198	1.5117198E-010
5.199	1.5774755E-010
5.2	1.6592401E-010
5.201	1.7548434E-010
5.202	1.8617538E-010
5.203	1.9771490E-010
5.204	2.0979928E-010
5.205	2.2211151E-010
5.206	2.3432972E-010
5.207	2.4613589E-010
5.208	2.5722388E-010
5.209	2.6730734E-010
5.21	2.7612748E-010
5.211	2.8345981E-010
5.212	2.8911931E-010
5.213	2.9296593E-010
5.214	2.9490771E-010
5.215	2.9490305E-010
5.216	2.9296199E-010
5.217	2.8914554E-010
5.218	2.8356387E-010
5.219	2.7637320E-010
5.22	2.6777222E-010
5.221	2.5799571E-010
5.222	2.4730915E-010
5.223	2.3600066E-010
5.224	2.2437423E-010
5.225	2.1274098E-010
5.226	2.0141119E-010
5.227	1.9068587E-010
5.228	1.8084891E-010
5.229	1.7215976E-010
5.23	1.6484657E-010
5.231	1.5910037E-010
5.232	1.5507030E-010
5.233	1.5285989E-010
5.234	1.5252453E-010
5.235	1.5407023E-010
5.236	1.5745373E-010
5.237	1.6258384E-010
5.238	1.6932372E-010
5.239	1.7749492E-010
5.24	1.8688191E-010
5.241	1.9723782E-010
5.242	2.0829102E-010
5.243	2.1975234E-010
5.244	2.3132277E-010
5.245	2.4270091E-010
5.246	2.5359184E-010
5.247	2.6371363E-010
5.248	2.7280594E-010
5.249	2.8063593E-010
5.25	2.8700436E-010
5.251	2.9175123E-010
5.252	2.9475922E-010
5.253	2.9595684E-010
5.254	2.9531985E-010
5.255	2.9287239E-010
5.256	2.8868533E-010
5.257	2.8287483E-010
5.258	2.7559890E-010
5.259	2.6705305E-010
5.26	2.5746538E-010
5.261	2.4709038E-010
5.262	2.3620192E-010
5.263	2.2508650E-010
5.264	2.1403587E-010
5.265	2.0333903E-010
5.266	1.9327470E-010
5.267	1.8410445E-010
5.268	1.7606566E-010
5.269	1.6936520E-010
5.27	1.6417456E-010
5.271	1.6062503E-010
5.272	1.5880468E-010
5.273	1.5875599E-010
5.274	1.6047506E-010
5.275	1.6391172E-010
5.276	1.6897093E-010
5.277	1.7551570E-010
5.278	1.8337050E-010
5.279	1.9232645E-010
5.28	2.0214642E-010
5.281	2.1257184E-010
5.282	2.2332930E-010
5.283	2.3413763E-010
5.284	2.4471558E-010
5.285	2.5478883E-010
5.286	2.6409686E-010
5.287	2.7240010E-010
5.288	2.7948527E-010
5.289	2.8517178E-010
5.29	2.8931552E-010
5.291	2.9181269E-010
5.292	2.9260289E-010
5.293	2.9167033E-010
5.294	2.8904379E-010
5.295	2.8479624E-010
5.296	2.7904248E-010
5.297	2.7193592E-010
5.298	2.6366453E-010
5.299	2.5444558E-010
5.3	2.4452013E-010
5.301	2.3414651E-010
5.302	2.2359313E-010
5.303	2.1313259E-010
5.304	2.0303396E-010
5.305	1.9355609E-010
5.306	1.8494091E-010
5.307	1.7740741E-010
5.308	1.7114600E-010
5.309	1.6631344E-010
5.31	1.6302916E-010
5.311	1.6137178E-010
5.312	1.6137763E-010
5.313	1.6303958E-010
5.314	1.6630725E-010
5.315	1.7108884E-010
5.316	1.7725325E-010
5.317	1.8463395E-010
5.318	1.9303319E-010
5.319	2.0222740E-010
5.32	2.1197330E-010
5.321	2.2201374E-010
5.322	2.3208509E-010
5.323	2.4192345E-010
5.324	2.5127200E-010
5.325	2.5988725E-010
5.326	2.6754540E-010
5.327	2.7404817E-010
5.328	2.7922795E-010
5.329	2.8295141E-010
5.33	2.8512395E-010
5.331	2.8569092E-010
5.332	2.8463970E-010
5.333	2.8199976E-010
5.334	2.7784133E-010
5.335	2.7227426E-010
5.336	2.6544422E-010
5.337	2.5752941E-010
5.338	2.4873578E-010
5.339	2.3929139E-010
5.34	2.2944031E-010
5.341	2.1943677E-010
5.342	2.0953762E-010
5.343	1.9999641E-010
5.344	1.9105628E-010
5.345	1.8294388E-010
5.346	1.7586356E-010
5.347	1.6999212E-010
5.348	1.6547441E-010
5.349	1.6241967E-010
5.35	1.6089886E-010
5.351	1.6094304E-010
5.352	1.6254247E-010
5.353	1.6564729E-010
5.354	1.7016841E-010
5.355	1.7598049E-010
5.356	1.8292483E-010
5.357	1.9081352E-010
5.358	1.9943464E-010
5.359	2.0855759E-010
5.36	2.1793931E-010
5.361	2.2733085E-010
5.362	2.3648336E-010
5.363	2.4515540E-010
5.364	2.5311853E-010
5.365	2.6016356E-010
5.366	2.6610594E-010
5.367	2.7079031E-010
5.368	2.7409433E-010
5.369	2.7593208E-010
5.37	2.7625560E-010
5.371	2.7505664E-010
5.372	2.7236624E-010
5.373	2.6825392E-010
5.374	2.6282632E-010
5.375	2.5622318E-010
5.376	2.4861502E-010
5.377	2.4019767E-010
5.378	2.3118764E-010
5.379	2.2181634E-010
5.38	2.1232421E-010
5.381	2.0295401E-010
5.382	1.9394499E-010
5.383	1.8552639E-010
5.384	1.7791155E-010
5.385	1.7129223E-010
5.386	1.6583382E-010
5.387	1.6167086E-010
5.388	1.5890393E-010
5.389	1.5759688E-010
5.39	1.5777536E-010
5.391	1.5942644E-010
5.392	1.6249867E-010
5.393	1.6690399E-010
5.394	1.7251976E-010
5.395	1.7919193E-010
5.396	1.8673935E-010
5.397	1.9495824E-010
5.398	2.0362763E-010
5.399	2.1251507E-010
5.4	2.2138277E-010
5.401	2.2999359E-010
5.402	2.3811769E-010
5.403	2.4553806E-010
5.404	2.5205674E-010
5.405	2.5749944E-010
5.406	2.6172031E-010
5.407	2.6460564E-010
5.408	2.6607716E-010
5.409	2.6609304E-010
5.41	2.6465000E-010
5.411	2.6178273E-010
5.412	2.5756317E-010
5.413	2.5209826E-010
5.414	2.4552727E-010
5.415	2.3801858E-010
5.416	2.2976430E-010
5.417	2.2097638E-010
5.418	2.1188004E-010
5.419	2.0270863E-010
5.42	1.9369713E-010
5.421	1.8507641E-010
5.422	1.7706683E-010
5.423	1.6987287E-010
5.424	1.6367745E-010
5.425	1.5863748E-010
5.426	1.5487962E-010
5.427	1.5249683E-010
5.428	1.5154629E-010
5.429	1.5204776E-010
5.43	1.5398273E-010
5.431	1.5729536E-010
5.432	1.6189353E-010
5.433	1.6765130E-010
5.434	1.7441246E-010
5.435	1.8199400E-010
5.436	1.9019140E-010
5.437	1.9878366E-010
5.438	2.0753962E-010
5.439	2.1622351E-010
5.44	2.2460138E-010
5.441	2.3244748E-010
5.442	2.3954974E-010
5.443	2.4571548E-010
5.444	2.5077673E-010
5.445	2.5459387E-010
5.446	2.5706029E-010
5.447	2.5810395E-010
5.448	2.5769051E-010
5.449	2.5582367E-010
5.45	2.5254496E-010
5.451	2.4793359E-010
5.452	2.4210337E-010
5.453	2.3520089E-010
5.454	2.2740085E-010
5.455	2.1890224E-010
5.456	2.0992283E-010
5.457	2.0069339E-010
5.458	1.9145197E-010
5.459	1.8243738E-010
5.46	1.7388312E-010
5.461	1.6601120E-010
5.462	1.5902632E-010
5.463	1.5311068E-010
5.464	1.4841893E-010
5.465	1.4507434E-010
5.466	1.4316526E-010
5.467	1.4274285E-010
5.468	1.4381968E-010
5.469	1.4636900E-010
5.47	1.5032553E-010
5.471	1.5558668E-010
5.472	1.6201537E-010
5.473	1.6944310E-010
5.474	1.7767446E-010
5.475	1.8649188E-010
5.476	1.9566151E-010
5.477	2.0493902E-010
5.478	2.1407637E-010
5.479	2.2282781E-010
5.48	2.3095686E-010
5.481	2.3824237E-010
5.482	2.4448440E-010
5.483	2.4950955E-010
5.484	2.5317556E-010
5.485	2.5537533E-010
5.486	2.5603961E-010
5.487	2.5513880E-010
5.488	2.5268440E-010
5.489	2.4872870E-010
5.49	2.4336336E-010
5.491	2.3671759E-010
5.492	2.2895495E-010
5.493	2.2026934E-010
5.494	2.1087995E-010
5.495	2.0102607E-010
5.496	1.9096066E-010
5.497	1.8094433E-010
5.498	1.7123809E-010
5.499	1.6209732E-010
5.5	1.5376468E-010
5.501	1.4646395E-010
5.502	1.4039425E-010
5.503	1.3572451E-010
5.504	1.3258893E-010
5.505	1.3108324E-010
5.506	1.3126177E-010
5.507	1.3313566E-010
5.508	1.3667212E-010
5.509	1.4179462E-010
5.51	1.4838508E-010
5.511	1.5628596E-010
5.512	1.6530448E-010
5.513	1.7521712E-010
5.514	1.8577526E-010
5.515	1.9671176E-010
5.516	2.0774707E-010
5.517	2.1859677E-010
5.518	2.2897834E-010
5.519	2.3861865E-010
5.52	2.4726063E-010
5.521	2.5467009E-010
5.522	2.6064226E-010
5.523	2.6500668E-010
5.524	2.6763292E-010
5.525	2.6843366E-010
5.526	2.6736791E-010
5.527	2.6444297E-010
5.528	2.5971389E-010
5.529	2.5328356E-010
5.53	2.4529997E-010
5.531	2.3595326E-010
5.532	2.2547111E-010
5.533	2.1411381E-010
5.534	2.0216769E-010
5.535	1.8993852E-010
5.536	1.7774399E-010
5.537	1.6590603E-010
5.538	1.5474254E-010
5.539	1.4455957E-010
5.54	1.3564350E-010
5.541	1.2825317E-010
5.542	1.2261353E-010
5.543	1.1890887E-010
5.544	1.1727821E-010
5.545	1.1781064E-010
5.546	1.2054248E-010
5.547	1.2545588E-010
5.548	1.3247815E-010
5.549	1.4148288E-010
5.55	1.5229236E-010
5.551	1.6468099E-010
5.552	1.7838039E-010
5.553	1.9308508E-010
5.554	2.0845974E-010
5.555	2.2414665E-010
5.556	2.3977431E-010
5.557	2.5496633E-010
5.558	2.6935049E-010
5.559	2.8256825E-010
5.56	2.9428354E-010
5.561	3.0419187E-010
5.562	3.1202813E-010
5.563	3.1757388E-010
5.564	3.2066366E-010
5.565	3.2119030E-010
5.566	3.1910813E-010
5.567	3.1443553E-010
5.568	3.0725655E-010
5.569	2.9771868E-010
5.57	2.8603214E-010
5.571	2.7246588E-010
5.572	2.5734215E-010
5.573	2.4103061E-010
5.574	2.2394053E-010
5.575	2.0651210E-010
5.576	1.8920647E-010
5.577	1.7249603E-010
5.578	1.5685304E-010
5.579	1.4273882E-010
5.58	1.3059287E-010
5.581	1.2082205E-010
5.582	1.1379041E-010
5.583	1.0980997E-010
5.584	1.0913230E-010
5.585	1.1194120E-010
5.586	1.1834694E-010
5.587	1.2838185E-010
5.588	1.4199755E-010
5.589	1.5906410E-010
5.59	1.7937063E-010
5.591	2.0262797E-010
5.592	2.2847269E-010
5.593	2.5647320E-010
5.594	2.8613717E-010
5.595	3.1692046E-010
5.596	3.4823772E-010
5.597	3.7947331E-010
5.598	4.0999473E-010
5.599	4.3916520E-010
5.6	4.6635817E-010
5.601	4.9097099E-010
5.602	5.1243904E-010
5.603	5.3024996E-010
5.604	5.4395599E-010
5.605	5.5318683E-010
5.606	5.5766142E-010
5.607	5.5719612E-010
5.608	5.5171567E-010
5.609	5.4125793E-010
5.61	5.2598137E-010
5.611	5.0616639E-010
5.612	4.8221793E-010
5.613	4.5466475E-010
5.614	4.2415618E-010
5.615	3.9145850E-010
5.616	3.5744735E-010
5.617	3.2310002E-010
5.618	2.8948485E-010
5.619	2.5774960E-010
5.62	2.2910900E-010
5.621	2.0482946E-010
5.622	1.8621463E-010
5.623	1.7458891E-010
5.624	1.7128138E-010
5.625	1.7760851E-010
5.626	1.9485739E-010
5.627	2.2426914E-010
5.628	2.6702257E-010
5.629	3.2421849E-010
5.63	3.9686437E-010
5.631	4.8586052E-010
5.632	5.9198690E-010
5.633	7.1589046E-010
5.634	8.5807444E-010
5.635	1.0188881E-009
5.636	1.1985184E-009
5.637	1.3969835E-009
5.638	1.6141279E-009
5.639	1.8496183E-009
5.64	2.1029443E-009
5.641	2.3734195E-009
5.642	2.6601812E-009
5.643	2.9622000E-009
5.644	3.2782848E-009
5.645	3.6070891E-009
5.646	3.9471209E-009
5.647	4.2967505E-009
5.648	4.6542294E-009
5.649	5.0176907E-009
5.65	5.3851639E-009
5.651	5.7545884E-009
5.652	6.1238241E-009
5.653	6.4906649E-009
5.654	6.8528552E-009
5.655	7.2081128E-009
5.656	7.5541342E-009
5.657	7.8886355E-009
5.658	8.2093612E-009
5.659	8.5141032E-009
5.66	8.8007424E-009
5.661	9.0672438E-009
5.662	9.3116732E-009
5.663	9.5322452E-009
5.664	9.7272856E-009
5.665	9.8953006E-009
5.666	1.0034942E-008
5.667	1.0145061E-008
5.668	1.0224695E-008
5.669	1.0273085E-008
5.67	1.0289704E-008
5.671	1.0274231E-008
5.672	1.0226603E-008
5.673	1.0146974E-008
5.674	1.0035744E-008
5.675	9.8935624E-009
5.676	9.7212967E-009
5.677	9.5200692E-009
5.678	9.2912043E-009
5.679	9.0362606E-009
5.68	8.7569942E-009
5.681	8.4553431E-009
5.682	8.1334219E-009
5.683	7.7934974E-009
5.684	7.4379711E-009
5.685	7.0693456E-009
5.686	6.6902137E-009
5.687	6.3032322E-009
5.688	5.9110934E-009
5.689	5.5165050E-009
5.69	5.1221645E-009
5.691	4.7307265E-009
5.692	4.3447828E-009
5.693	3.9668313E-009
5.694	3.5992502E-009
5.695	3.2442611E-009
5.696	2.9039124E-009
5.697	2.5800531E-009
5.698	2.2743067E-009
5.699	1.9880675E-009
5.7	1.7224777E-009
5.701	1.4784302E-009
5.702	1.2565627E-009
5.703	1.0572583E-009
5.704	8.8064933E-010
5.705	7.2662193E-010
5.706	5.9482530E-010
5.707	4.8467880E-010
5.708	3.9538581E-010
5.709	3.2594694E-010
5.71	2.7517844E-010
5.711	2.4173238E-010
5.712	2.2411910E-010
5.713	2.2073250E-010
5.714	2.2987631E-010
5.715	2.4979160E-010
5.716	2.7868458E-010
5.717	3.1475386E-010
5.718	3.5621733E-010
5.719	4.0133855E-010
5.72	4.4845017E-010
5.721	4.9597715E-010
5.722	5.4245736E-010
5.723	5.8655947E-010
5.724	6.2709893E-010
5.725	6.6304967E-010
5.726	6.9355538E-010
5.727	7.1793410E-010
5.728	7.3568329E-010
5.729	7.4647871E-010
5.73	7.5017126E-010
5.731	7.4678164E-010
5.732	7.3649070E-010
5.733	7.1962902E-010
5.734	6.9666228E-010
5.735	6.6817490E-010
5.736	6.3485456E-010
5.737	5.9747102E-010
5.738	5.5685817E-010
5.739	5.1389343E-010
5.74	4.6947618E-010
5.741	4.2450957E-010
5.742	3.7987966E-010
5.743	3.3643779E-010
5.744	2.9498295E-010
5.745	2.5624641E-010
5.746	2.2087783E-010
5.747	1.8943386E-010
5.748	1.6236856E-010
5.749	1.4002689E-010
5.75	1.2264009E-010
5.751	1.1032412E-010
5.752	1.0308068E-010
5.753	1.0080034E-010
5.754	1.0326845E-010
5.755	1.1017276E-010
5.756	1.2111338E-010
5.757	1.3561402E-010
5.758	1.5313469E-010
5.759	1.7308560E-010
5.76	1.9484135E-010
5.761	2.1775610E-010
5.762	2.4117822E-010
5.763	2.6446517E-010
5.764	2.8699765E-010
5.765	3.0819250E-010
5.766	3.2751563E-010
5.767	3.4449202E-010
5.768	3.5871553E-010
5.769	3.6985612E-010
5.77	3.7766562E-010
5.771	3.8198106E-010
5.772	3.8272641E-010
5.773	3.7991241E-010
5.774	3.7363376E-010
5.775	3.6406508E-010
5.776	3.5145512E-010
5.777	3.3611924E-010
5.778	3.1843012E-010
5.779	2.9880839E-010
5.78	2.7771141E-010
5.781	2.5562194E-010
5.782	2.3303642E-010
5.783	2.1045297E-010
5.784	1.8835981E-010
5.785	1.6722386E-010
5.786	1.4748064E-010
5.787	1.2952434E-010
5.788	1.1369965E-010
5.789	1.0029468E-010
5.79	8.9535268E-011
5.791	8.1581068E-011
5.792	7.6522885E-011
5.793	7.4381952E-011
5.794	7.5110786E-011
5.795	7.8595568E-011
5.796	8.4659953E-011
5.797	9.3070565E-011
5.798	1.0354340E-010
5.799	1.1575164E-010
5.8	1.2933397E-010
5.801	1.4390397E-010
5.802	1.5905958E-010
5.803	1.7439285E-010
5.804	1.8949967E-010
5.805	2.0398928E-010
5.806	2.1749337E-010
5.807	2.2967407E-010
5.808	2.4023145E-010
5.809	2.4891053E-010
5.81	2.5550562E-010
5.811	2.5986516E-010
5.812	2.6189390E-010
5.813	2.6155475E-010
5.814	2.5886832E-010
5.815	2.5391136E-010
5.816	2.4681432E-010
5.817	2.3775726E-010
5.818	2.2696463E-010
5.819	2.1469915E-010
5.82	2.0125514E-010
5.821	1.8695065E-010
5.822	1.7211982E-010
5.823	1.5710447E-010
5.824	1.4224581E-010
5.825	1.2787628E-010
5.826	1.1431194E-010
5.827	1.0184466E-010
5.828	9.0735863E-011
5.829	8.1210545E-011
5.83	7.3452293E-011
5.831	6.7599724E-011
5.832	6.3743587E-011
5.833	6.1925340E-011
5.834	6.2136921E-011
5.835	6.4321673E-011
5.836	6.8376312E-011
5.837	7.4154204E-011
5.838	8.1469470E-011
5.839	9.0102044E-011
5.84	9.9803422E-011
5.841	1.1030318E-010
5.842	1.2131565E-010
5.843	1.3254731E-010
5.844	1.4370347E-010
5.845	1.5449583E-010
5.846	1.6464941E-010
5.847	1.7390830E-010
5.848	1.8204228E-010
5.849	1.8885155E-010
5.85	1.9417119E-010
5.851	1.9787480E-010
5.852	1.9987655E-010
5.853	2.0013340E-010
5.854	1.9864504E-010
5.855	1.9545388E-010
5.856	1.9064315E-010
5.857	1.8433449E-010
5.858	1.7668485E-010
5.859	1.6788176E-010
5.86	1.5813885E-010
5.861	1.4768993E-010
5.862	1.3678306E-010
5.863	1.2567433E-010
5.864	1.1462134E-010
5.865	1.0387691E-010
5.866	9.3683068E-011
5.867	8.4265449E-011
5.868	7.5827886E-011
5.869	6.8548139E-011
5.87	6.2573779E-011
5.871	5.8019277E-011
5.872	5.4963433E-011
5.873	5.3448048E-011
5.874	5.3477195E-011
5.875	5.5017591E-011
5.876	5.7999688E-011
5.877	6.2319795E-011
5.878	6.7842933E-011
5.879	7.4406571E-011
5.88	8.1824797E-011
5.881	8.9893246E-011
5.882	9.8394196E-011
5.883	1.0710226E-010
5.884	1.1578971E-010
5.885	1.2423208E-010
5.886	1.3221370E-010
5.887	1.3953266E-010
5.888	1.4600567E-010
5.889	1.5147203E-010
5.89	1.5579769E-010
5.891	1.5887770E-010
5.892	1.6063886E-010
5.893	1.6104108E-010
5.894	1.6007780E-010
5.895	1.5777593E-010
5.896	1.5419491E-010
5.897	1.4942474E-010
5.898	1.4358345E-010
5.899	1.3681407E-010
5.9	1.2928079E-010
5.901	1.2116470E-010
5.902	1.1265931E-010
5.903	1.0396556E-010
5.904	9.5286883E-011
5.905	8.6824228E-011
5.906	7.8771094E-011
5.907	7.1308938E-011
5.908	6.4602823E-011
5.909	5.8797633E-011
5.91	5.4014765E-011
5.911	5.0349409E-011
5.912	4.7868633E-011
5.913	4.6609917E-011
5.914	4.6580729E-011
5.915	4.7758453E-011
5.916	5.0091382E-011
5.917	5.3500204E-011
5.918	5.7880194E-011
5.919	6.3104015E-011
5.92	6.9025015E-011
5.921	7.5481135E-011
5.922	8.2298869E-011
5.923	8.9297673E-011
5.924	9.6294486E-011
5.925	1.0310825E-010
5.926	1.0956434E-010
5.927	1.1549878E-010
5.928	1.2076207E-010
5.929	1.2522280E-010
5.93	1.2877077E-010
5.931	1.3131909E-010
5.932	1.3280646E-010
5.933	1.3319819E-010
5.934	1.3248663E-010
5.935	1.3069140E-010
5.936	1.2785829E-010
5.937	1.2405800E-010
5.938	1.1938432E-010
5.939	1.1395124E-010
5.94	1.0789043E-010
5.941	1.0134754E-010
5.942	9.4478571E-011
5.943	8.7446148E-011
5.944	8.0415286E-011
5.945	7.3549437E-011
5.946	6.7006491E-011
5.947	6.0934945E-011
5.948	5.5470406E-011
5.949	5.0732338E-011
5.95	4.6821352E-011
5.951	4.3816895E-011
5.952	4.1775493E-011
5.953	4.0729670E-011
5.954	4.0687301E-011
5.955	4.1631684E-011
5.956	4.3522200E-011
5.957	4.6295506E-011
5.958	4.9867280E-011
5.959	5.4134502E-011
5.96	5.8978163E-011
5.961	6.4266259E-011
5.962	6.9857231E-011
5.963	7.5603364E-011
5.964	8.1354555E-011
5.965	8.6962097E-011
5.966	9.2282057E-011
5.967	9.7179022E-011
5.968	1.0152925E-010
5.969	1.0522349E-010
5.97	1.0816977E-010
5.971	1.1029525E-010
5.972	1.1154799E-010
5.973	1.1189798E-010
5.974	1.1133763E-010
5.975	1.0988174E-010
5.976	1.0756698E-010
5.977	1.0445072E-010
5.978	1.0060942E-010
5.979	9.6136654E-011
5.98	9.1140595E-011
5.981	8.5741289E-011
5.982	8.0067501E-011
5.983	7.4253770E-011
5.984	6.8436722E-011
5.985	6.2751998E-011
5.986	5.7330852E-011
5.987	5.2296910E-011
5.988	4.7763342E-011
5.989	4.3830058E-011
5.99	4.0581413E-011
5.991	3.8084199E-011
5.992	3.6386238E-011
5.993	3.5515337E-011
5.994	3.5478755E-011
5.995	3.6263288E-011
5.996	3.7835714E-011
5.997	4.0143864E-011
5.998	4.3118013E-011
5.999	4.6672818E-011
6	5.0709475E-011
6.001	5.5118288E-011
6.002	5.9781444E-011
6.003	6.4575942E-011
6.004	6.9376678E-011
6.005	7.4059425E-011
6.006	7.8504030E-011
6.007	8.2597186E-011
6.008	8.6235234E-011
6.009	8.9326546E-011
6.01	9.1793781E-011
6.011	9.3575564E-011
6.012	9.4627840E-011
6.013	9.4924867E-011
6.014	9.4459704E-011
6.015	9.3244239E-011
6.016	9.1308551E-011
6.017	8.8700290E-011
6.018	8.5483183E-011
6.019	8.1735341E-011
6.02	7.7547288E-011
6.021	7.3019528E-011
6.022	6.8260141E-011
6.023	6.3381890E-011
6.024	5.8499587E-011
6.025	5.3727165E-011
6.026	4.9175004E-011
6.027	4.4947150E-011
6.028	4.1138936E-011
6.029	3.7834583E-011
6.03	3.5105332E-011
6.031	3.3007739E-011
6.032	3.1582410E-011
6.033	3.0853139E-011
6.034	3.0826463E-011
6.035	3.1491618E-011
6.036	3.2820968E-011
6.037	3.4770856E-011
6.038	3.7282729E-011
6.039	4.0284821E-011
6.04	4.3693875E-011
6.041	4.7417424E-011
6.042	5.1356037E-011
6.043	5.5405874E-011
6.044	5.9461241E-011
6.045	6.3417153E-011
6.046	6.7172060E-011
6.047	7.0630078E-011
6.048	7.3703404E-011
6.049	7.6314483E-011
6.05	7.8397677E-011
6.051	7.9900767E-011
6.052	8.0786253E-011
6.053	8.1032035E-011
6.054	8.0631994E-011
6.055	7.9595809E-011
6.056	7.7948870E-011
6.057	7.5731338E-011
6.058	7.2997199E-011
6.059	6.9812732E-011
6.06	6.6254870E-011
6.061	6.2409106E-011
6.062	5.8367332E-011
6.063	5.4225537E-011
6.064	5.0081380E-011
6.065	4.6031661E-011
6.066	4.2170083E-011
6.067	3.8584899E-011
6.068	3.5356877E-011
6.069	3.2557325E-011
6.07	3.0246569E-011
6.071	2.8472499E-011
6.072	2.7269544E-011
6.073	2.6657976E-011
6.074	2.6643479E-011
6.075	2.7217159E-011
6.076	2.8355816E-011
6.077	3.0022648E-011
6.078	3.2168181E-011
6.079	3.4731620E-011
6.08	3.7642337E-011
6.081	4.0821662E-011
6.082	4.4184909E-011
6.083	4.7643414E-011
6.084	5.1106754E-011
6.085	5.4485031E-011
6.086	5.7691109E-011
6.087	6.0642762E-011
6.088	6.3264623E-011
6.089	6.5490217E-011
6.09	6.7263313E-011
6.091	6.8539403E-011
6.092	6.9286576E-011
6.093	6.9486319E-011
6.094	6.9133706E-011
6.095	6.8237381E-011
6.096	6.6819356E-011
6.097	6.4914192E-011
6.098	6.2568145E-011
6.099	5.9837878E-011
6.1	5.6789028E-011
6.101	5.3494521E-011
6.102	5.0032797E-011
6.103	4.6485798E-011
6.104	4.2937001E-011
6.105	3.9469365E-011
6.106	3.6163284E-011
6.107	3.3094642E-011
6.108	3.0332955E-011
6.109	2.7939723E-011
6.11	2.5966951E-011
6.111	2.4455922E-011
6.112	2.3436291E-011
6.113	2.2925422E-011
6.114	2.2928067E-011
6.115	2.3436343E-011
6.116	2.4430007E-011
6.117	2.5877125E-011
6.118	2.7734809E-011
6.119	2.9950466E-011
6.12	3.2463060E-011
6.121	3.5204766E-011
6.122	3.8102632E-011
6.123	4.1080372E-011
6.124	4.4060342E-011
6.125	4.6965397E-011
6.126	4.9720828E-011
6.127	5.2256133E-011
6.128	5.4506760E-011
6.129	5.6415622E-011
6.13	5.7934459E-011
6.131	5.9024938E-011
6.132	5.9659534E-011
6.133	5.9822140E-011
6.134	5.9508357E-011
6.135	5.8725594E-011
6.136	5.7492709E-011
6.137	5.5839472E-011
6.138	5.3805852E-011
6.139	5.1440845E-011
6.14	4.8801293E-011
6.141	4.5950362E-011
6.142	4.2955951E-011
6.143	3.9889068E-011
6.144	3.6821962E-011
6.145	3.3826438E-011
6.146	3.0972041E-011
6.147	2.8324374E-011
6.148	2.5943551E-011
6.149	2.3882720E-011
6.15	2.2186844E-011
6.151	2.0891592E-011
6.152	2.0022583E-011
6.153	1.9594798E-011
6.154	1.9612242E-011
6.155	2.0068003E-011
6.156	2.0944432E-011
6.157	2.2213700E-011
6.158	2.3838501E-011
6.159	2.5773109E-011
6.16	2.7964504E-011
6.161	3.0353740E-011
6.162	3.2877437E-011
6.163	3.5469370E-011
6.164	3.8062067E-011
6.165	4.0588505E-011
6.166	4.2983679E-011
6.167	4.5186310E-011
6.168	4.7140184E-011
6.169	4.8795624E-011
6.17	5.0110596E-011
6.171	5.1051743E-011
6.172	5.1595180E-011
6.173	5.1726921E-011
6.174	5.1443336E-011
6.175	5.0750949E-011
6.176	4.9666399E-011
6.177	4.8215827E-011
6.178	4.6434207E-011
6.179	4.4364408E-011
6.18	4.2056081E-011
6.181	3.9564418E-011
6.182	3.6948729E-011
6.183	3.4270971E-011
6.184	3.1594241E-011
6.185	2.8981199E-011
6.186	2.6492589E-011
6.187	2.4185714E-011
6.188	2.2113103E-011
6.189	2.0321241E-011
6.19	1.8849438E-011
6.191	1.7728929E-011
6.192	1.6982138E-011
6.193	1.6622185E-011
6.194	1.6652598E-011
6.195	1.7067318E-011
6.196	1.7850863E-011
6.197	1.8978839E-011
6.198	2.0418498E-011
6.199	2.2129675E-011
6.2	2.4065768E-011
6.201	2.6174948E-011
6.202	2.8401439E-011
6.203	3.0686929E-011
6.204	3.2972035E-011
6.205	3.5197713E-011
6.206	3.7306800E-011
6.207	3.9245326E-011
6.208	4.0963889E-011
6.209	4.2418770E-011
6.21	4.3573058E-011
6.211	4.4397437E-011
6.212	4.4870874E-011
6.213	4.4981113E-011
6.214	4.4724887E-011
6.215	4.4107967E-011
6.216	4.3144949E-011
6.217	4.1858884E-011
6.218	4.0280619E-011
6.219	3.8448002E-011
6.22	3.6404924E-011
6.221	3.4200257E-011
6.222	3.1886483E-011
6.223	2.9518558E-011
6.224	2.7152398E-011
6.225	2.4843629E-011
6.226	2.2646111E-011
6.227	2.0610702E-011
6.228	1.8784002E-011
6.229	1.7207232E-011
6.23	1.5915262E-011
6.231	1.4935794E-011
6.232	1.4288713E-011
6.233	1.3985636E-011
6.234	1.4029678E-011
6.235	1.4415413E-011
6.236	1.5129047E-011
6.237	1.6148811E-011
6.238	1.7445531E-011
6.239	1.8983422E-011
6.24	2.0720961E-011
6.241	2.2612009E-011
6.242	2.4606919E-011
6.243	2.6653808E-011
6.244	2.8699832E-011
6.245	3.0692466E-011
6.246	3.2580792E-011
6.247	3.4316744E-011
6.248	3.5856176E-011
6.249	3.7160025E-011
6.25	3.8195187E-011
6.251	3.8935230E-011
6.252	3.9361146E-011
6.253	3.9461691E-011
6.254	3.9233655E-011
6.255	3.8681933E-011
6.256	3.7819321E-011
6.257	3.6666253E-011
6.258	3.5250192E-011
6.259	3.3604973E-011
6.26	3.1769965E-011
6.261	2.9789005E-011
6.262	2.7709373E-011
6.263	2.5580567E-011
6.264	2.3453101E-011
6.265	2.1377185E-011
6.266	1.9401590E-011
6.267	1.7572360E-011
6.268	1.5931759E-011
6.269	1.4517207E-011
6.27	1.3360404E-011
6.271	1.2486599E-011
6.272	1.1913965E-011
6.273	1.1653225E-011
6.274	1.1707408E-011
6.275	1.2071818E-011
6.276	1.2734190E-011
6.277	1.3675027E-011
6.278	1.4868126E-011
6.279	1.6281228E-011
6.28	1.7876863E-011
6.281	1.9613266E-011
6.282	2.1445434E-011
6.283	2.3326228E-011
6.284	2.5207503E-011
6.285	2.7041355E-011
6.286	2.8781196E-011
6.287	3.0382911E-011
6.288	3.1805971E-011
6.289	3.3014303E-011
6.29	3.3977245E-011
6.291	3.4670208E-011
6.292	3.5075338E-011
6.293	3.5181871E-011
6.294	3.4986371E-011
6.295	3.4492853E-011
6.296	3.3712623E-011
6.297	3.2663962E-011
6.298	3.1371728E-011
6.299	2.9866665E-011
6.3	2.8184639E-011
6.301	2.6365765E-011
6.302	2.4453424E-011
6.303	2.2493165E-011
6.304	2.0531592E-011
6.305	1.8615196E-011
6.306	1.6789247E-011
6.307	1.5096691E-011
6.308	1.3577066E-011
6.309	1.2265605E-011
6.31	1.1192353E-011
6.311	1.0381476E-011
6.312	9.8506880E-012
6.313	9.6108451E-012
6.314	9.6657023E-012
6.315	1.0011839E-011
6.316	1.0638759E-011
6.317	1.1529170E-011
6.318	1.2659407E-011
6.319	1.4000026E-011
6.32	1.5516533E-011
6.321	1.7170234E-011
6.322	1.8919182E-011
6.323	2.0719216E-011
6.324	2.2525020E-011
6.325	2.4291241E-011
6.326	2.5973579E-011
6.327	2.7529883E-011
6.328	2.8921107E-011
6.329	3.0112336E-011
6.33	3.1073571E-011
6.331	3.1780446E-011
6.332	3.2214814E-011
6.333	3.2365229E-011
6.334	3.2227110E-011
6.335	3.1802914E-011
6.336	3.1102079E-011
6.337	3.0140702E-011
6.338	2.8941202E-011
6.339	2.7531796E-011
6.34	2.5945749E-011
6.341	2.4220638E-011
6.342	2.2397428E-011
6.343	2.0519472E-011
6.344	1.8631522E-011
6.345	1.6778603E-011
6.346	1.5004961E-011
6.347	1.3352952E-011
6.348	1.1862076E-011
6.349	1.0567957E-011
6.35	9.5015107E-012
6.351	8.6882038E-012
6.352	8.1474220E-012
6.353	7.8920134E-012
6.354	7.9279933E-012
6.355	8.2543928E-012
6.356	8.8632981E-012
6.357	9.7400317E-012
6.358	1.0863513E-011
6.359	1.2206752E-011
6.36	1.3737478E-011
6.361	1.5418918E-011
6.362	1.7210650E-011
6.363	1.9069531E-011
6.364	2.0950769E-011
6.365	2.2808927E-011
6.366	2.4599035E-011
6.367	2.6277662E-011
6.368	2.7803952E-011
6.369	2.9140593E-011
6.37	3.0254750E-011
6.371	3.1118785E-011
6.372	3.1710998E-011
6.373	3.2016081E-011
6.374	3.2025556E-011
6.375	3.1737921E-011
6.376	3.1158718E-011
6.377	3.0300491E-011
6.378	2.9182420E-011
6.379	2.7830000E-011
6.38	2.6274394E-011
6.381	2.4551809E-011
6.382	2.2702652E-011
6.383	2.0770635E-011
6.384	1.8801750E-011
6.385	1.6843235E-011
6.386	1.4942511E-011
6.387	1.3146061E-011
6.388	1.1498344E-011
6.389	1.0040808E-011
6.39	8.8109077E-012
6.391	7.8412216E-012
6.392	7.1587090E-012
6.393	6.7840521E-012
6.394	6.7311478E-012
6.395	7.0067572E-012
6.396	7.6102969E-012
6.397	8.5337987E-012
6.398	9.7620297E-012
6.399	1.1272792E-011
6.4	1.3037352E-011
6.401	1.5021056E-011
6.402	1.7184004E-011
6.403	1.9481991E-011
6.404	2.1867348E-011
6.405	2.4290020E-011
6.406	2.6698621E-011
6.407	2.9041578E-011
6.408	3.1268179E-011
6.409	3.3329738E-011
6.41	3.5180657E-011
6.411	3.6779378E-011
6.412	3.8089389E-011
6.413	3.9080052E-011
6.414	3.9727312E-011
6.415	4.0014315E-011
6.416	3.9931961E-011
6.417	3.9479090E-011
6.418	3.8662823E-011
6.419	3.7498497E-011
6.42	3.6009515E-011
6.421	3.4227152E-011
6.422	3.2190049E-011
6.423	2.9943676E-011
6.424	2.7539578E-011
6.425	2.5034644E-011
6.426	2.2490084E-011
6.427	1.9970461E-011
6.428	1.7542624E-011
6.429	1.5274604E-011
6.43	1.3234530E-011
6.431	1.1489600E-011
6.432	1.0105101E-011
6.433	9.1435253E-012
6.434	8.6637754E-012
6.435	8.7204419E-012
6.436	9.3631570E-012
6.437	1.0635953E-011
6.438	1.2576704E-011
6.439	1.5216566E-011
6.44	1.8579509E-011
6.441	2.2681931E-011
6.442	2.7532414E-011
6.443	3.3131612E-011
6.444	3.9472342E-011
6.445	4.6539776E-011
6.446	5.4311798E-011
6.447	6.2759450E-011
6.448	7.1847368E-011
6.449	8.1534342E-011
6.45	9.1773839E-011
6.451	1.0251454E-010
6.452	1.1370091E-010
6.453	1.2527387E-010
6.454	1.3717132E-010
6.455	1.4932870E-010
6.456	1.6167996E-010
6.457	1.7415774E-010
6.458	1.8669417E-010
6.459	1.9922142E-010
6.46	2.1167208E-010
6.461	2.2397952E-010
6.462	2.3607813E-010
6.463	2.4790398E-010
6.464	2.5939456E-010
6.465	2.7048930E-010
6.466	2.8112995E-010
6.467	2.9125999E-010
6.468	3.0082595E-010
6.469	3.0977629E-010
6.47	3.1806294E-010
6.471	3.2564001E-010
6.472	3.3246547E-010
6.473	3.3850026E-010
6.474	3.4370884E-010
6.475	3.4805958E-010
6.476	3.5152470E-010
6.477	3.5408071E-010
6.478	3.5570857E-010
6.479	3.5639366E-010
6.48	3.5612657E-010
6.481	3.5490264E-010
6.482	3.5272263E-010
6.483	3.4959288E-010
6.484	3.4552533E-010
6.485	3.4053746E-010
6.486	3.3465311E-010
6.487	3.2790157E-010
6.488	3.2031852E-010
6.489	3.1194544E-010
6.49	3.0282929E-010
6.491	2.9302274E-010
6.492	2.8258365E-010
6.493	2.7157451E-010
6.494	2.6006231E-010
6.495	2.4811769E-010
6.496	2.3581490E-010
6.497	2.2323070E-010
6.498	2.1044413E-010
6.499	1.9753571E-010
6.5	1.8458644E-010
6.501	1.7167744E-010
6.502	1.5888869E-010
6.503	1.4629845E-010
6.504	1.3398213E-010
6.505	1.2201187E-010
6.506	1.1045528E-010
6.507	9.9374897E-011
6.508	8.8827487E-011
6.509	7.8863416E-011
6.51	6.9526093E-011
6.511	6.0851442E-011
6.512	5.2867724E-011
6.513	4.5595160E-011
6.514	3.9045846E-011
6.515	3.3223750E-011
6.516	2.8124848E-011
6.517	2.3737297E-011
6.518	2.0041831E-011
6.519	1.7012163E-011
6.52	1.4615522E-011
6.521	1.2813305E-011
6.522	1.1561745E-011
6.523	1.0812708E-011
6.524	1.0514503E-011
6.525	1.0612762E-011
6.526	1.1051343E-011
6.527	1.1773207E-011
6.528	1.2721349E-011
6.529	1.3839633E-011
6.53	1.5073654E-011
6.531	1.6371487E-011
6.532	1.7684442E-011
6.533	1.8967659E-011
6.534	2.0180701E-011
6.535	2.1287975E-011
6.536	2.2259132E-011
6.537	2.3069291E-011
6.538	2.3699202E-011
6.539	2.4135260E-011
6.54	2.4369477E-011
6.541	2.4399293E-011
6.542	2.4227287E-011
6.543	2.3860870E-011
6.544	2.3311828E-011
6.545	2.2595826E-011
6.546	2.1731866E-011
6.547	2.0741672E-011
6.548	1.9649065E-011
6.549	1.8479326E-011
6.55	1.7258535E-011
6.551	1.6012927E-011
6.552	1.4768312E-011
6.553	1.3549446E-011
6.554	1.2379561E-011
6.555	1.1279841E-011
6.556	1.0269056E-011
6.557	9.3631960E-012
6.558	8.5752239E-012
6.559	7.9148953E-012
6.56	7.3886444E-012
6.561	6.9995572E-012
6.562	6.7474424E-012
6.563	6.6289374E-012
6.564	6.6377112E-012
6.565	6.7647203E-012
6.566	6.9985120E-012
6.567	7.3255924E-012
6.568	7.7307969E-012
6.569	8.1977437E-012
6.57	8.7092234E-012
6.571	9.2476738E-012
6.572	9.7955775E-012
6.573	1.0335912E-011
6.574	1.0852517E-011
6.575	1.1330467E-011
6.576	1.1756387E-011
6.577	1.2118711E-011
6.578	1.2407926E-011
6.579	1.2616711E-011
6.58	1.2740058E-011
6.581	1.2775300E-011
6.582	1.2722105E-011
6.583	1.2582416E-011
6.584	1.2360314E-011
6.585	1.2061861E-011
6.586	1.1694881E-011
6.587	1.1268719E-011
6.588	1.0793966E-011
6.589	1.0282149E-011
6.59	9.7454432E-012
6.591	9.1963217E-012
6.592	8.6472600E-012
6.593	8.1104082E-012
6.594	7.5973047E-012
6.595	7.1185835E-012
6.596	6.6837621E-012
6.597	6.3010001E-012
6.598	5.9769485E-012
6.599	5.7166160E-012
6.6	5.5232897E-012
6.601	5.3984972E-012
6.602	5.3420129E-012
6.603	5.3519047E-012
6.604	5.4246425E-012
6.605	5.5552069E-012
6.606	5.7372670E-012
6.607	5.9633635E-012
6.608	6.2251315E-012
6.609	6.5135306E-012
6.61	6.8190857E-012
6.611	7.1321391E-012
6.612	7.4431026E-012
6.613	7.7426893E-012
6.614	8.0221428E-012
6.615	8.2734462E-012
6.616	8.4895051E-012
6.617	8.6643097E-012
6.618	8.7930531E-012
6.619	8.8722293E-012
6.62	8.8996996E-012
6.621	8.8747065E-012
6.622	8.7978730E-012
6.623	8.6711506E-012
6.624	8.4977338E-012
6.625	8.2819706E-012
6.626	8.0292118E-012
6.627	7.7456548E-012
6.628	7.4381751E-012
6.629	7.1141201E-012
6.63	6.7811334E-012
6.631	6.4469320E-012
6.632	6.1191308E-012
6.633	5.8050344E-012
6.634	5.5114628E-012
6.635	5.2445925E-012
6.636	5.0098055E-012
6.637	4.8115743E-012
6.638	4.6533619E-012
6.639	4.5375444E-012
6.64	4.4653834E-012
6.641	4.4370041E-012
6.642	4.4514132E-012
6.643	4.5065488E-012
6.644	4.5993409E-012
6.645	4.7258165E-012
6.646	4.8812135E-012
6.647	5.0601207E-012
6.648	5.2566241E-012
6.649	5.4644735E-012
6.65	5.6772451E-012
6.651	5.8885093E-012
6.652	6.0920067E-012
6.653	6.2817872E-012
6.654	6.4523695E-012
6.655	6.5988603E-012
6.656	6.7170822E-012
6.657	6.8036466E-012
6.658	6.8560504E-012
6.659	6.8727081E-012
6.66	6.8529852E-012
6.661	6.7971987E-012
6.662	6.7065949E-012
6.663	6.5833042E-012
6.664	6.4302669E-012
6.665	6.2511493E-012
6.666	6.0502402E-012
6.667	5.8323181E-012
6.668	5.6025380E-012
6.669	5.3662808E-012
6.67	5.1290205E-012
6.671	4.8961781E-012
6.672	4.6729890E-012
6.673	4.4643664E-012
6.674	4.2747897E-012
6.675	4.1081890E-012
6.676	3.9678525E-012
6.677	3.8563566E-012
6.678	3.7755020E-012
6.679	3.7262832E-012
6.68	3.7088752E-012
6.681	3.7226329E-012
6.682	3.7661350E-012
6.683	3.8372144E-012
6.684	3.9330358E-012
6.685	4.0501717E-012
6.686	4.1847107E-012
6.687	4.3323444E-012
6.688	4.4884981E-012
6.689	4.6484418E-012
6.69	4.8074171E-012
6.691	4.9607540E-012
6.692	5.1039962E-012
6.693	5.2330041E-012
6.694	5.3440598E-012
6.695	5.4339575E-012
6.696	5.5000796E-012
6.697	5.5404518E-012
6.698	5.5537892E-012
6.699	5.5395202E-012
6.7	5.4977893E-012
6.701	5.4294429E-012
6.702	5.3360107E-012
6.703	5.2196385E-012
6.704	5.0830460E-012
6.705	4.9294401E-012
6.706	4.7624240E-012
6.707	4.5859080E-012
6.708	4.4039919E-012
6.709	4.2208732E-012
6.71	4.0407304E-012
6.711	3.8676137E-012
6.712	3.7053485E-012
6.713	3.5574367E-012
6.714	3.4269809E-012
6.715	3.3166009E-012
6.716	3.2283800E-012
6.717	3.1638169E-012
6.718	3.1237948E-012
6.719	3.1085651E-012
6.72	3.1177513E-012
6.721	3.1503613E-012
6.722	3.2048229E-012
6.723	3.2790283E-012
6.724	3.3703938E-012
6.725	3.4759290E-012
6.726	3.5923185E-012
6.727	3.7160097E-012
6.728	3.8433050E-012
6.729	3.9704563E-012
6.73	4.0937648E-012
6.731	4.2096699E-012
6.732	4.3148454E-012
6.733	4.4062735E-012
6.734	4.4813276E-012
6.735	4.5378258E-012
6.736	4.5740855E-012
6.737	4.5889607E-012
6.738	4.5818657E-012
6.739	4.5527787E-012
6.74	4.5022432E-012
6.741	4.4313381E-012
6.742	4.3416611E-012
6.743	4.2352614E-012
6.744	4.1145945E-012
6.745	3.9824593E-012
6.746	3.8419129E-012
6.747	3.6961966E-012
6.748	3.5486546E-012
6.749	3.4026432E-012
6.75	3.2614473E-012
6.751	3.1282017E-012
6.752	3.0058091E-012
6.753	2.8968700E-012
6.754	2.8036200E-012
6.755	2.7278757E-012
6.756	2.6709930E-012
6.757	2.6338367E-012
6.758	2.6167644E-012
6.759	2.6196237E-012
6.76	2.6417579E-012
6.761	2.6820323E-012
6.762	2.7388690E-012
6.763	2.8102854E-012
6.764	2.8939555E-012
6.765	2.9872658E-012
6.766	3.0873906E-012
6.767	3.1913599E-012
6.768	3.2961355E-012
6.769	3.3986906E-012
6.77	3.4960856E-012
6.771	3.5855418E-012
6.772	3.6645075E-012
6.773	3.7307280E-012
6.774	3.7822909E-012
6.775	3.8176788E-012
6.776	3.8358036E-012
6.777	3.8360235E-012
6.778	3.8181624E-012
6.779	3.7825069E-012
6.78	3.7297856E-012
6.781	3.6611573E-012
6.782	3.5781740E-012
6.783	3.4827330E-012
6.784	3.3770313E-012
6.785	3.2635038E-012
6.786	3.1447624E-012
6.787	3.0235261E-012
6.788	2.9025528E-012
6.789	2.7845681E-012
6.79	2.6721969E-012
6.791	2.5679003E-012
6.792	2.4739093E-012
6.793	2.3921778E-012
6.794	2.3243334E-012
6.795	2.2716412E-012
6.796	2.2349722E-012
6.797	2.2147924E-012
6.798	2.2111449E-012
6.799	2.2236646E-012
6.8	2.2515785E-012
6.801	2.2937390E-012
6.802	2.3486475E-012
6.803	2.4145009E-012
6.804	2.4892332E-012
6.805	2.5705800E-012
6.806	2.6561268E-012
6.807	2.7433795E-012
6.808	2.8298251E-012
6.809	2.9130010E-012
6.81	2.9905492E-012
6.811	3.0602788E-012
6.812	3.1202194E-012
6.813	3.1686678E-012
6.814	3.2042246E-012
6.815	3.2258293E-012
6.816	3.2327817E-012
6.817	3.2247566E-012
6.818	3.2018086E-012
6.819	3.1643718E-012
6.82	3.1132414E-012
6.821	3.0495515E-012
6.822	2.9747474E-012
6.823	2.8905409E-012
6.824	2.7988683E-012
6.825	2.7018362E-012
6.826	2.6016687E-012
6.827	2.5006470E-012
6.828	2.4010570E-012
6.829	2.3051242E-012
6.83	2.2149637E-012
6.831	2.1325285E-012
6.832	2.0595578E-012
6.833	1.9975421E-012
6.834	1.9476812E-012
6.835	1.9108614E-012
6.836	1.8876341E-012
6.837	1.8782059E-012
6.838	1.8824337E-012
6.839	1.8998375E-012
6.84	1.9296056E-012
6.841	1.9706294E-012
6.842	2.0215262E-012
6.843	2.0806815E-012
6.844	2.1462894E-012
6.845	2.2163996E-012
6.846	2.2889674E-012
6.847	2.3619069E-012
6.848	2.4331407E-012
6.849	2.5006559E-012
6.85	2.5625478E-012
6.851	2.6170743E-012
6.852	2.6626934E-012
6.853	2.6981022E-012
6.854	2.7222690E-012
6.855	2.7344546E-012
6.856	2.7342302E-012
6.857	2.7214856E-012
6.858	2.6964258E-012
6.859	2.6595635E-012
6.86	2.6117058E-012
6.861	2.5539276E-012
6.862	2.4875440E-012
6.863	2.4140757E-012
6.864	2.3352054E-012
6.865	2.2527397E-012
6.866	2.1685579E-012
6.867	2.0845684E-012
6.868	2.0026567E-012
6.869	1.9246423E-012
6.87	1.8522321E-012
6.871	1.7869759E-012
6.872	1.7302341E-012
6.873	1.6831436E-012
6.874	1.6465881E-012
6.875	1.6211820E-012
6.876	1.6072555E-012
6.877	1.6048466E-012
6.878	1.6137069E-012
6.879	1.6333048E-012
6.88	1.6628468E-012
6.881	1.7012960E-012
6.882	1.7474009E-012
6.883	1.7997332E-012
6.884	1.8567205E-012
6.885	1.9166890E-012
6.886	1.9779092E-012
6.887	2.0386384E-012
6.888	2.0971621E-012
6.889	2.1518393E-012
6.89	2.2011433E-012
6.891	2.2436946E-012
6.892	2.2782978E-012
6.893	2.3039658E-012
6.894	2.3199463E-012
6.895	2.3257342E-012
6.896	2.3210847E-012
6.897	2.3060156E-012
6.898	2.2808066E-012
6.899	2.2459877E-012
6.9	2.2023266E-012
6.901	2.1508075E-012
6.902	2.0926024E-012
6.903	2.0290438E-012
6.904	1.9615895E-012
6.905	1.8917849E-012
6.906	1.8212207E-012
6.907	1.7514959E-012
6.908	1.6841735E-012
6.909	1.6207444E-012
6.91	1.5625866E-012
6.911	1.5109345E-012
6.912	1.4668463E-012
6.913	1.4311820E-012
6.914	1.4045824E-012
6.915	1.3874550E-012
6.916	1.3799675E-012
6.917	1.3820456E-012
6.918	1.3933771E-012
6.919	1.4134222E-012
6.92	1.4414290E-012
6.921	1.4764551E-012
6.922	1.5173917E-012
6.923	1.5629933E-012
6.924	1.6119104E-012
6.925	1.6627225E-012
6.926	1.7139774E-012
6.927	1.7642240E-012
6.928	1.8120503E-012
6.929	1.8561196E-012
6.93	1.8952010E-012
6.931	1.9282000E-012
6.932	1.9541859E-012
6.933	1.9724099E-012
6.934	1.9823277E-012
6.935	1.9836062E-012
6.936	1.9761328E-012
6.937	1.9600161E-012
6.938	1.9355813E-012
6.939	1.9033583E-012
6.94	1.8640714E-012
6.941	1.8186151E-012
6.942	1.7680311E-012
6.943	1.7134830E-012
6.944	1.6562237E-012
6.945	1.5975628E-012
6.946	1.5388339E-012
6.947	1.4813620E-012
6.948	1.4264272E-012
6.949	1.3752355E-012
6.95	1.3288875E-012
6.951	1.2883534E-012
6.952	1.2544475E-012
6.953	1.2278116E-012
6.954	1.2088995E-012
6.955	1.1979678E-012
6.956	1.1950717E-012
6.957	1.2000642E-012
6.958	1.2126047E-012
6.959	1.2321665E-012
6.96	1.2580546E-012
6.961	1.2894216E-012
6.962	1.3252922E-012
6.963	1.3645894E-012
6.964	1.4061592E-012
6.965	1.4488031E-012
6.966	1.4913053E-012
6.967	1.5324678E-012
6.968	1.5711350E-012
6.969	1.6062256E-012
6.97	1.6367584E-012
6.971	1.6618761E-012
6.972	1.6808668E-012
6.973	1.6931780E-012
6.974	1.6984326E-012
6.975	1.6964347E-012
6.976	1.6871754E-012
6.977	1.6708317E-012
6.978	1.6477608E-012
6.979	1.6184938E-012
6.98	1.5837205E-012
6.981	1.5442722E-012
6.982	1.5011040E-012
6.983	1.4552651E-012
6.984	1.4078710E-012
6.985	1.3600691E-012
6.986	1.3130018E-012
6.987	1.2677663E-012
6.988	1.2253766E-012
6.989	1.1867303E-012
6.99	1.1525835E-012
6.991	1.1235332E-012
6.992	1.1000182E-012
6.993	1.0823228E-012
6.994	1.0705946E-012
6.995	1.0648633E-012
6.996	1.0650552E-012
6.997	1.0710040E-012
6.998	1.0824541E-012
6.999	1.0990524E-012
7	1.1203398E-012
7.001	1.1457450E-012
7.002	1.1745755E-012
7.003	1.2060289E-012
7.004	1.2392052E-012
7.005	1.2731347E-012
7.006	1.3068085E-012
7.007	1.3392145E-012
7.008	1.3693750E-012
7.009	1.3963786E-012
7.01	1.4194104E-012
7.011	1.4377746E-012
7.012	1.4509145E-012
7.013	1.4584245E-012
7.014	1.4600629E-012
7.015	1.4557554E-012
7.016	1.4456017E-012
7.017	1.4298734E-012
7.018	1.4090136E-012
7.019	1.3836272E-012
7.02	1.3544658E-012
7.021	1.3224093E-012
7.022	1.2884304E-012
7.023	1.2535557E-012
7.024	1.2188165E-012
7.025	1.1851913E-012
7.026	1.1535554E-012
7.027	1.1246313E-012
7.028	1.0989542E-012
7.029	1.0768576E-012
7.03	1.0584812E-012
7.031	1.0437975E-012
7.032	1.0326567E-012
7.033	1.0248422E-012
7.034	1.0201242E-012
7.035	1.0183054E-012
7.036	1.0192507E-012
7.037	1.0228944E-012
7.038	1.0292278E-012
7.039	1.0382675E-012
7.04	1.0500097E-012
7.041	1.0643860E-012
7.042	1.0812162E-012
7.043	1.1001828E-012
7.044	1.1208146E-012
7.045	1.1424985E-012
7.046	1.1645034E-012
7.047	1.1860216E-012
7.048	1.2062176E-012
7.049	1.2242782E-012
7.05	1.2394604E-012
7.051	1.2511317E-012
7.052	1.2588014E-012
7.053	1.2621441E-012
7.054	1.2610133E-012
7.055	1.2554495E-012
7.056	1.2456789E-012
7.057	1.2321045E-012
7.058	1.2152912E-012
7.059	1.1959367E-012
7.06	1.1748345E-012
7.061	1.1528271E-012
7.062	1.1307527E-012
7.063	1.1093898E-012
7.064	1.0894068E-012
7.065	1.0713224E-012
7.066	1.0554825E-012
7.067	1.0420529E-012
7.068	1.0310366E-012
7.069	1.0222994E-012
7.07	1.0156121E-012
7.071	1.0106930E-012
7.072	1.0072504E-012
7.073	1.0050174E-012
7.074	1.0037791E-012
7.075	1.0033894E-012
7.076	1.0037756E-012
7.077	1.0049371E-012
7.078	1.0069328E-012
7.079	1.0098623E-012
7.08	1.0138417E-012
7.081	1.0189700E-012
7.082	1.0253025E-012
7.083	1.0328163E-012
7.084	1.0413892E-012
7.085	1.0507842E-012
7.086	1.0606511E-012
7.087	1.0705440E-012
7.088	1.0799484E-012
7.089	1.0883263E-012
7.09	1.0951645E-012
7.091	1.1000222E-012
7.092	1.1025765E-012
7.093	1.1026532E-012
7.094	1.1002464E-012
7.095	1.0955182E-012
7.096	1.0887823E-012
7.097	1.0804734E-012
7.098	1.0711028E-012
7.099	1.0612105E-012
7.1	1.0513144E-012
7.101	1.0418680E-012
7.102	1.0332274E-012
7.103	1.0256343E-012
7.104	1.0192131E-012
7.105	1.0139820E-012
7.106	1.0098738E-012
7.107	1.0067626E-012
7.108	1.0044898E-012
7.109	1.0028882E-012
7.11	1.0017991E-012
7.111	1.0010853E-012
7.112	1.0006343E-012
7.113	1.0003598E-012
7.114	1.0002002E-012
7.115	1.0001130E-012
7.116	1.0000709E-012
7.117	1.0000582E-012
7.118	1.0000668E-012
7.119	1.0000942E-012
7.12	1.0001408E-012
7.121	1.0002090E-012
7.122	1.0003019E-012
7.123	1.0004208E-012
7.124	1.0005652E-012
7.125	1.0007315E-012
7.126	1.0009119E-012
7.127	1.0010953E-012
7.128	1.0012671E-012
7.129	1.0014122E-012
7.13	1.0015161E-012
7.131	1.0015680E-012
7.132	1.0015622E-012
7.133	1.0014993E-012
7.134	1.0013863E-012
7.135	1.0012348E-012
7.136	1.0010594E-012
7.137	1.0008756E-012
7.138	1.0006972E-012
7.139	1.0005347E-012
7.14	1.0003951E-012
7.141	1.0002812E-012
7.142	1.0001928E-012
7.143	1.0001273E-012
7.144	1.0000809E-012
7.145	1.0000495E-012
7.146	1.0000292E-012
7.147	1.0000165E-012
7.148	1.0000090E-012
7.149	1.0000047E-012
7.15	1.0000023E-012
7.151	1.0000010E-012
7.152	1.0000003E-012
7.153	1.0000001E-012
7.154	9.9999989E-013
7.155	9.9999989E-013
7.156	9.9999978E-013
7.157	9.9999978E-013
7.158	9.9999978E-013
7.159	9.9999978E-013
7.16	9.9999978E-013
7.161	9.9999978E-013
7.162	9.9999978E-013
7.163	9.9999978E-013
7.164	9.9999978E-013
7.165	9.9999978E-013
7.166	9.9999978E-013
7.167	9.9999978E-013
7.168	9.9999978E-013
7.169	9.9999978E-013
7.17	9.9999978E-013
7.171	9.9999978E-013
7.172	9.9999978E-013
7.173	9.9999978E-013
7.174	9.9999978E-013
7.175	9.9999978E-013
7.176	9.9999978E-013
7.177	9.9999978E-013
7.178	9.9999978E-013
7.179	9.9999978E-013
7.18	9.9999978E-013
7.181	9.9999978E-013
7.182	9.9999978E-013
7.183	9.9999978E-013
7.184	9.9999978E-013
7.185	9.9999978E-013
7.186	9.9999978E-013
7.187	9.9999978E-013
7.188	9.9999978E-013
7.189	9.9999978E-013
7.19	9.9999978E-013
7.191	9.9999978E-013
7.192	9.9999978E-013
7.193	9.9999978E-013
7.194	9.9999978E-013
7.195	9.9999978E-013
7.196	9.9999978E-013
7.197	9.9999978E-013
7.198	9.9999978E-013
7.199	9.9999978E-013
7.2	9.9999978E-013
7.201	9.9999978E-013
7.202	9.9999978E-013
7.203	9.9999978E-013
7.204	9.9999978E-013
7.205	9.9999978E-013
7.206	9.9999978E-013
7.207	9.9999978E-013
7.208	9.9999978E-013
7.209	9.9999978E-013
7.21	9.9999978E-013
7.211	9.9999978E-013
7.212	9.9999978E-013
7.213	9.9999978E-013
7.214	9.9999978E-013
7.215	9.9999978E-013
7.216	9.9999978E-013
7.217	9.9999978E-013
7.218	9.9999978E-013
7.219	9.9999978E-013
7.22	9.9999978E-013
7.221	9.9999989E-013
7.222	9.9999989E-013
7.223	1.0000001E-012
7.224	1.0000003E-012
7.225	1.0000008E-012
7.226	1.0000015E-012
7.227	1.0000028E-012
7.228	1.0000049E-012
7.229	1.0000083E-012
7.23	1.0000137E-012
7.231	1.0000212E-012
7.232	1.0000317E-012
7.233	1.0000454E-012
7.234	1.0000629E-012
7.235	1.0000833E-012
7.236	1.0001062E-012
7.237	1.0001305E-012
7.238	1.0001542E-012
7.239	1.0001753E-012
7.24	1.0001919E-012
7.241	1.0002022E-012
7.242	1.0002050E-012
7.243	1.0002008E-012
7.244	1.0001897E-012
7.245	1.0001749E-012
7.246	1.0001601E-012
7.247	1.0001525E-012
7.248	1.0001637E-012
7.249	1.0002136E-012
7.25	1.0003381E-012
7.251	1.0005986E-012
7.252	1.0010992E-012
7.253	1.0020096E-012
7.254	1.0035971E-012
7.255	1.0062610E-012
7.256	1.0105794E-012
7.257	1.0173493E-012
7.258	1.0276221E-012
7.259	1.0427224E-012
7.26	1.0642410E-012
7.261	1.0939927E-012
7.262	1.1339398E-012
7.263	1.1860777E-012
7.264	1.2522944E-012
7.265	1.3342235E-012
7.266	1.4331020E-012
7.267	1.5496566E-012
7.268	1.6840339E-012
7.269	1.8357711E-012
7.27	2.0038248E-012
7.271	2.1866270E-012
7.272	2.3821739E-012
7.273	2.5881231E-012
7.274	2.8018876E-012
7.275	3.0207184E-012
7.276	3.2417790E-012
7.277	3.4621930E-012
7.278	3.6790913E-012
7.279	3.8896460E-012
7.28	4.0911007E-012
7.281	4.2808001E-012
7.282	4.4562201E-012
7.283	4.6150015E-012
7.284	4.7549742E-012
7.285	4.8741935E-012
7.286	4.9709694E-012
7.287	5.0438907E-012
7.288	5.0918501E-012
7.289	5.1140607E-012
7.29	5.1100704E-012
7.291	5.0797743E-012
7.292	5.0234127E-012
7.293	4.9415710E-012
7.294	4.8351748E-012
7.295	4.7054799E-012
7.296	4.5540594E-012
7.297	4.3827953E-012
7.298	4.1938618E-012
7.299	3.9897178E-012
7.3	3.7730925E-012
7.301	3.5469804E-012
7.302	4.7224460E-012
7.303	4.5338763E-012
7.304	4.3254124E-012
7.305	4.0995879E-012
7.306	3.8600689E-012
7.307	3.6084183E-012
7.308	3.3479892E-012
7.309	3.0826600E-012
7.31	2.8145873E-012
7.311	2.5483819E-012
7.312	2.2852211E-012
7.313	2.0441348E-012
7.314	1.8280744E-012
7.315	1.6379067E-012
7.316	1.4737065E-012
7.317	1.3347215E-012
7.318	1.2210903E-012
7.319	1.1324170E-012
7.32	1.0671138E-012
7.321	1.0242782E-012
7.322	1.0022144E-012
7.323	1.0000001E-012
7.324	1.0000001E-012
7.325	1.0000001E-012
7.326	1.0000001E-012
7.327	1.0000001E-012
7.328	1.0000001E-012
7.329	1.0000001E-012
7.33	1.0000001E-012
7.331	1.0000001E-012
7.332	1.0000001E-012
7.333	1.0000001E-012
7.334	1.0000001E-012
7.335	1.0000001E-012
7.336	1.0000001E-012
7.337	1.0000001E-012
7.338	1.0000001E-012
7.339	1.0000001E-012
7.34	1.0000001E-012
7.341	1.0000001E-012
7.342	1.0000001E-012
7.343	1.0000001E-012
7.344	1.0000001E-012
7.345	1.0000001E-012
7.346	1.0000001E-012
7.347	1.0000001E-012
7.348	1.0000001E-012
7.349	1.0000001E-012
7.35	1.0000001E-012
7.351	1.0000001E-012
7.352	1.0000001E-012
7.353	1.0000001E-012
7.354	1.0000001E-012
7.355	1.0000001E-012
7.356	1.0000001E-012
7.357	1.0000001E-012
7.358	1.0000001E-012
7.359	1.0000001E-012
7.36	1.0000001E-012
7.361	1.0000001E-012
7.362	1.0000001E-012
7.363	1.0000001E-012
7.364	1.0000001E-012
7.365	1.0000001E-012
7.366	1.0000001E-012
7.367	1.0000001E-012
7.368	1.0000001E-012
7.369	1.0000001E-012
7.37	1.0000001E-012
7.371	1.0000001E-012
7.372	1.0000001E-012
7.373	1.0000001E-012
7.374	1.0000001E-012
7.375	1.0000001E-012
7.376	1.0000001E-012
7.377	1.0000001E-012
7.378	1.0000001E-012
7.379	1.0000001E-012
7.38	1.0000001E-012
7.381	1.0000001E-012
7.382	1.0000001E-012
7.383	1.0000001E-012
7.384	1.0000001E-012
7.385	1.0000001E-012
7.386	1.0000001E-012
7.387	1.0000001E-012
7.388	1.0000001E-012
7.389	1.0000001E-012
7.39	1.0000001E-012
7.391	1.0000001E-012
7.392	1.0000001E-012
7.393	1.0000001E-012
7.394	1.0000001E-012
7.395	1.0000001E-012
7.396	1.0000001E-012
7.397	1.0000001E-012
7.398	1.0000001E-012
7.399	1.0000001E-012
7.4	1.0000001E-012
