theta_deg	R
0.001	9.9985254E-001
0.002	9.9978685E-001
0.003	9.9969244E-001
0.004	9.9956006E-001
0.005	9.9938029E-001
0.006	9.9914443E-001
0.007	9.9884427E-001
0.008	9.9847603E-001
0.009	9.9803978E-001
0.01	9.9754071E-001
0.011	9.9698991E-001
0.012	9.9640208E-001
0.013	9.9579525E-001
0.014	9.9518758E-001
0.015	9.9459559E-001
0.016	9.9403143E-001
0.017	9.9350268E-001
0.018	9.9301100E-001
0.019	9.9255365E-001
0.02	9.9212480E-001
0.021	9.9171656E-001
0.022	9.9132150E-001
0.023	9.9093312E-001
0.024	9.9054706E-001
0.025	9.9016082E-001
0.026	9.8977309E-001
0.027	9.8938382E-001
0.028	9.8899364E-001
0.029	9.8860234E-001
0.03	9.8821044E-001
0.031	9.8781717E-001
0.032	9.8742259E-001
0.033	9.8702580E-001
0.034	9.8662615E-001
0.035	9.8622370E-001
0.036	9.8581856E-001
0.037	9.8541117E-001
0.038	9.8500240E-001
0.039	9.8459339E-001
0.04	9.8418528E-001
0.041	9.8377889E-001
0.042	9.8337471E-001
0.043	9.8297334E-001
0.044	9.8257422E-001
0.045	9.8217690E-001
0.046	9.8178005E-001
0.047	9.8138314E-001
0.048	9.8098493E-001
0.049	9.8058426E-001
0.05	9.8018056E-001
0.051	9.7977382E-001
0.052	9.7936368E-001
0.053	9.7895056E-001
0.054	9.7853470E-001
0.055	9.7811747E-001
0.056	9.7769952E-001
0.057	9.7728151E-001
0.058	9.7686404E-001
0.059	9.7644764E-001
0.06	9.7603196E-001
0.061	9.7561634E-001
0.062	9.7519988E-001
0.063	9.7478163E-001
0.064	9.7436041E-001
0.065	9.7393560E-001
0.066	9.7350687E-001
0.067	9.7307444E-001
0.068	9.7263879E-001
0.069	9.7220075E-001
0.07	9.7176093E-001
0.071	9.7131979E-001
0.072	9.7087806E-001
0.073	9.7043628E-001
0.074	9.6999454E-001
0.075	9.6955264E-001
0.076	9.6911013E-001
0.077	9.6866751E-001
0.078	9.6822393E-001
0.079	9.6777892E-001
0.08	9.6733183E-001
0.081	9.6688211E-001
0.082	9.6642941E-001
0.083	9.6597230E-001
0.084	9.6551037E-001
0.085	9.6504325E-001
0.086	9.6457034E-001
0.087	9.6409214E-001
0.088	9.6360862E-001
0.089	9.6312070E-001
0.09	9.6262896E-001
0.091	9.6213460E-001
0.092	9.6163857E-001
0.093	9.6114141E-001
0.094	9.6064413E-001
0.095	9.6014756E-001
0.096	9.5965171E-001
0.097	9.5915681E-001
0.098	9.5866293E-001
0.099	9.5817006E-001
0.1	9.5767772E-001
0.101	9.5718545E-001
0.102	9.5669228E-001
0.103	9.5619786E-001
0.104	9.5570076E-001
0.105	9.5520008E-001
0.106	9.5469469E-001
0.107	9.5418411E-001
0.108	9.5366716E-001
0.109	9.5314360E-001
0.11	9.5261341E-001
0.111	9.5207638E-001
0.112	9.5153308E-001
0.113	9.5098388E-001
0.114	9.5042908E-001
0.115	9.4986910E-001
0.116	9.4930398E-001
0.117	9.4873405E-001
0.118	9.4815880E-001
0.119	9.4757742E-001
0.12	9.4698936E-001
0.121	9.4639301E-001
0.122	9.4578660E-001
0.123	9.4516742E-001
0.124	9.4453174E-001
0.125	9.4387543E-001
0.126	9.4319266E-001
0.127	9.4247782E-001
0.128	9.4172454E-001
0.129	9.4092840E-001
0.13	9.4008726E-001
0.131	9.3920273E-001
0.132	9.3828171E-001
0.133	9.3733722E-001
0.134	9.3638682E-001
0.135	9.3545175E-001
0.136	9.3455547E-001
0.137	9.3371850E-001
0.138	9.3295771E-001
0.139	9.3228173E-001
0.14	9.3169230E-001
0.141	9.3118221E-001
0.142	9.3073773E-001
0.143	9.3033999E-001
0.144	9.2996901E-001
0.145	9.2960382E-001
0.146	9.2922682E-001
0.147	9.2882222E-001
0.148	9.2837834E-001
0.149	9.2788702E-001
0.15	9.2734289E-001
0.151	9.2674345E-001
0.152	9.2608881E-001
0.153	9.2538089E-001
0.154	9.2462319E-001
0.155	9.2382091E-001
0.156	9.2297947E-001
0.157	9.2210531E-001
0.158	9.2120433E-001
0.159	9.2028278E-001
0.16	9.1934526E-001
0.161	9.1839570E-001
0.162	9.1743755E-001
0.163	9.1647202E-001
0.164	9.1550022E-001
0.165	9.1452283E-001
0.166	9.1353929E-001
0.167	9.1254914E-001
0.168	9.1155088E-001
0.169	9.1054368E-001
0.17	9.0952545E-001
0.171	9.0849471E-001
0.172	9.0744984E-001
0.173	9.0638977E-001
0.174	9.0531361E-001
0.175	9.0422165E-001
0.176	9.0311414E-001
0.177	9.0199244E-001
0.178	9.0085858E-001
0.179	8.9971328E-001
0.18	8.9855760E-001
0.181	8.9739126E-001
0.182	8.9621294E-001
0.183	8.9501935E-001
0.184	8.9380682E-001
0.185	8.9256960E-001
0.186	8.9130145E-001
0.187	8.8999450E-001
0.188	8.8863981E-001
0.189	8.8722658E-001
0.19	8.8574058E-001
0.191	8.8416409E-001
0.192	8.8247448E-001
0.193	8.8064581E-001
0.194	8.7864882E-001
0.195	8.7645465E-001
0.196	8.7404013E-001
0.197	8.7139475E-001
0.198	8.6852753E-001
0.199	8.6547261E-001
0.2	8.6229295E-001
0.201	8.5907805E-001
0.202	8.5593808E-001
0.203	8.5299051E-001
0.204	8.5034478E-001
0.205	8.4808636E-001
0.206	8.4626353E-001
0.207	8.4488070E-001
0.208	8.4389865E-001
0.209	8.4324199E-001
0.21	8.4281218E-001
0.211	8.4250343E-001
0.212	8.4221464E-001
0.213	8.4186321E-001
0.214	8.4138823E-001
0.215	8.4075373E-001
0.216	8.3994424E-001
0.217	8.3896065E-001
0.218	8.3781493E-001
0.219	8.3652419E-001
0.22	8.3510679E-001
0.221	8.3357984E-001
0.222	8.3195794E-001
0.223	8.3025229E-001
0.224	8.2847118E-001
0.225	8.2662076E-001
0.226	8.2470459E-001
0.227	8.2272595E-001
0.228	8.2068574E-001
0.229	8.1858534E-001
0.23	8.1642461E-001
0.231	8.1420386E-001
0.232	8.1192243E-001
0.233	8.0958021E-001
0.234	8.0717564E-001
0.235	8.0470753E-001
0.236	8.0217409E-001
0.237	7.9957289E-001
0.238	7.9690111E-001
0.239	7.9415607E-001
0.24	7.9133457E-001
0.241	7.8843272E-001
0.242	7.8544730E-001
0.243	7.8237480E-001
0.244	7.7921152E-001
0.245	7.7595484E-001
0.246	7.7260095E-001
0.247	7.6914680E-001
0.248	7.6558888E-001
0.249	7.6192367E-001
0.25	7.5814646E-001
0.251	7.5425315E-001
0.252	7.5023752E-001
0.253	7.4609339E-001
0.254	7.4181235E-001
0.255	7.3738647E-001
0.256	7.3280597E-001
0.257	7.2806144E-001
0.258	7.2314209E-001
0.259	7.1803838E-001
0.26	7.1274024E-001
0.261	7.0723850E-001
0.262	7.0152384E-001
0.263	6.9558728E-001
0.264	6.8942094E-001
0.265	6.8301553E-001
0.266	6.7636198E-001
0.267	6.6945004E-001
0.268	6.6226780E-001
0.269	6.5480280E-001
0.27	6.4704037E-001
0.271	6.3896573E-001
0.272	6.3056350E-001
0.273	6.2181979E-001
0.274	6.1272198E-001
0.275	6.0326087E-001
0.276	5.9343165E-001
0.277	5.8323419E-001
0.278	5.7267433E-001
0.279	5.6176364E-001
0.28	5.5051941E-001
0.281	5.3896403E-001
0.282	5.2712333E-001
0.283	5.1502639E-001
0.284	5.0270492E-001
0.285	4.9019206E-001
0.286	4.7752318E-001
0.287	4.6473575E-001
0.288	4.5186910E-001
0.289	4.3896538E-001
0.29	4.2606872E-001
0.291	4.1322431E-001
0.292	4.0047854E-001
0.293	3.8787663E-001
0.294	3.7546286E-001
0.295	3.6327830E-001
0.296	3.5136127E-001
0.297	3.3974606E-001
0.298	3.2846230E-001
0.299	3.1753469E-001
0.3	3.0698189E-001
0.301	2.9681674E-001
0.302	2.8704548E-001
0.303	2.7766818E-001
0.304	2.6867914E-001
0.305	2.6006800E-001
0.306	2.5182077E-001
0.307	2.4392116E-001
0.308	2.3635185E-001
0.309	2.2909512E-001
0.31	2.2213390E-001
0.311	2.1545199E-001
0.312	2.0903423E-001
0.313	2.0286663E-001
0.314	1.9693658E-001
0.315	1.9123252E-001
0.316	1.8574440E-001
0.317	1.8046314E-001
0.318	1.7538072E-001
0.319	1.7049006E-001
0.32	1.6578472E-001
0.321	1.6125865E-001
0.322	1.5690620E-001
0.323	1.5272148E-001
0.324	1.4869860E-001
0.325	1.4483142E-001
0.326	1.4111331E-001
0.327	1.3753749E-001
0.328	1.3409688E-001
0.329	1.3078412E-001
0.33	1.2759191E-001
0.331	1.2451310E-001
0.332	1.2154081E-001
0.333	1.1866865E-001
0.334	1.1589098E-001
0.335	1.1320275E-001
0.336	1.1059969E-001
0.337	1.0807806E-001
0.338	1.0563479E-001
0.339	1.0326693E-001
0.34	1.0097185E-001
0.341	9.8746791E-002
0.342	9.6588999E-002
0.343	9.4495714E-002
0.344	9.2464015E-002
0.345	9.0491213E-002
0.346	8.8574655E-002
0.347	8.6711966E-002
0.348	8.4900916E-002
0.349	8.3139643E-002
0.35	8.1426278E-002
0.351	7.9759106E-002
0.352	7.8136474E-002
0.353	7.6556727E-002
0.354	7.5018264E-002
0.355	7.3519580E-002
0.356	7.2059259E-002
0.357	7.0636064E-002
0.358	6.9248959E-002
0.359	6.7896985E-002
0.36	6.6579200E-002
0.361	6.5294638E-002
0.362	6.4042218E-002
0.363	6.2820636E-002
0.364	6.1628584E-002
0.365	6.0464557E-002
0.366	5.9327181E-002
0.367	5.8215261E-002
0.368	5.7127859E-002
0.369	5.6064393E-002
0.37	5.5024572E-002
0.371	5.4008298E-002
0.372	5.3015549E-002
0.373	5.2046258E-002
0.374	5.1100157E-002
0.375	5.0176706E-002
0.376	4.9275063E-002
0.377	4.8394199E-002
0.378	4.7532875E-002
0.379	4.6689909E-002
0.38	4.5864291E-002
0.381	4.5055307E-002
0.382	4.4262756E-002
0.383	4.3486882E-002
0.384	4.2728402E-002
0.385	4.1988339E-002
0.386	4.1267835E-002
0.387	4.0567856E-002
0.388	3.9888971E-002
0.389	3.9231114E-002
0.39	3.8593568E-002
0.391	3.7974909E-002
0.392	3.7373252E-002
0.393	3.6786471E-002
0.394	3.6212508E-002
0.395	3.5649717E-002
0.396	3.5097074E-002
0.397	3.4554265E-002
0.398	3.4021731E-002
0.399	3.3500396E-002
0.4	3.2991447E-002
0.401	3.2495968E-002
0.402	3.2014616E-002
0.403	3.1547416E-002
0.404	3.1093597E-002
0.405	3.0651700E-002
0.406	3.0219734E-002
0.407	2.9795514E-002
0.408	2.9377017E-002
0.409	2.8962718E-002
0.41	2.8551873E-002
0.411	2.8144613E-002
0.412	2.7741933E-002
0.413	2.7345471E-002
0.414	2.6957236E-002
0.415	2.6579183E-002
0.416	2.6212800E-002
0.417	2.5858875E-002
0.418	2.5517218E-002
0.419	2.5186611E-002
0.42	2.4865076E-002
0.421	2.4550047E-002
0.422	2.4238879E-002
0.423	2.3929212E-002
0.424	2.3619467E-002
0.425	2.3309052E-002
0.426	2.2998527E-002
0.427	2.2689484E-002
0.428	2.2384269E-002
0.429	2.2085620E-002
0.43	2.1796081E-002
0.431	2.1517601E-002
0.432	2.1251107E-002
0.433	2.0996308E-002
0.434	2.0751685E-002
0.435	2.0514729E-002
0.436	2.0282274E-002
0.437	2.0051084E-002
0.438	1.9818349E-002
0.439	1.9582173E-002
0.44	1.9341920E-002
0.441	1.9098304E-002
0.442	1.8853309E-002
0.443	1.8609844E-002
0.444	1.8371264E-002
0.445	1.8140785E-002
0.446	1.7920939E-002
0.447	1.7713128E-002
0.448	1.7517341E-002
0.449	1.7332148E-002
0.45	1.7154900E-002
0.451	1.6982134E-002
0.452	1.6810128E-002
0.453	1.6635491E-002
0.454	1.6455743E-002
0.455	1.6269671E-002
0.456	1.6077565E-002
0.457	1.5881184E-002
0.458	1.5683454E-002
0.459	1.5488001E-002
0.46	1.5298609E-002
0.461	1.5118549E-002
0.462	1.4950086E-002
0.463	1.4794067E-002
0.464	1.4649776E-002
0.465	1.4515020E-002
0.466	1.4386456E-002
0.467	1.4260079E-002
0.468	1.4131866E-002
0.469	1.3998392E-002
0.47	1.3857357E-002
0.471	1.3707964E-002
0.472	1.3551050E-002
0.473	1.3388965E-002
0.474	1.3225206E-002
0.475	1.3063902E-002
0.476	1.2909148E-002
0.477	1.2764406E-002
0.478	1.2631921E-002
0.479	1.2512404E-002
0.48	1.2404867E-002
0.481	1.2306775E-002
0.482	1.2214398E-002
0.483	1.2123366E-002
0.484	1.2029324E-002
0.485	1.1928579E-002
0.486	1.1818649E-002
0.487	1.1698672E-002
0.488	1.1569522E-002
0.489	1.1433707E-002
0.49	1.1294999E-002
0.491	1.1157893E-002
0.492	1.1026934E-002
0.493	1.0906076E-002
0.494	1.0798057E-002
0.495	1.0704013E-002
0.496	1.0623277E-002
0.497	1.0553486E-002
0.498	1.0490851E-002
0.499	1.0430753E-002
0.5	1.0368337E-002
0.501	1.0299244E-002
0.502	1.0220207E-002
0.503	1.0129538E-002
0.504	1.0027371E-002
0.505	9.9156592E-003
0.506	9.7979084E-003
0.507	9.6786739E-003
0.508	9.5629366E-003
0.509	9.4553791E-003
0.51	9.3597313E-003
0.511	9.2782089E-003
0.512	9.2112180E-003
0.513	9.1572423E-003
0.514	9.1130706E-003
0.515	9.0742409E-003
0.516	9.0356283E-003
0.517	8.9921914E-003
0.518	8.9396676E-003
0.519	8.8751698E-003
0.52	8.7976092E-003
0.521	8.7078419E-003
0.522	8.6085778E-003
0.523	8.5039986E-003
0.524	8.3991941E-003
0.525	8.2994597E-003
0.526	8.2095657E-003
0.527	8.1330966E-003
0.528	8.0719450E-003
0.529	8.0260448E-003
0.53	7.9933610E-003
0.531	7.9701478E-003
0.532	7.9514664E-003
0.533	7.9318322E-003
0.534	7.9059592E-003
0.535	7.8694839E-003
0.536	7.8195650E-003
0.537	7.7552623E-003
0.538	7.6776911E-003
0.539	7.5898697E-003
0.54	7.4963276E-003
0.541	7.4025001E-003
0.542	7.3140091E-003
0.543	7.2358907E-003
0.544	7.1719303E-003
0.545	7.1241367E-003
0.546	7.0924712E-003
0.547	7.0748283E-003
0.548	7.0673018E-003
0.549	7.0647150E-003
0.55	7.0612794E-003
0.551	7.0513738E-003
0.552	7.0302924E-003
0.553	6.9948654E-003
0.554	6.9438880E-003
0.555	6.8782875E-003
0.556	6.8010129E-003
0.557	6.7166453E-003
0.558	6.6308035E-003
0.559	6.5494133E-003
0.56	6.4779301E-003
0.561	6.4206165E-003
0.562	6.3799759E-003
0.563	6.3564181E-003
0.564	6.3481852E-003
0.565	6.3515692E-003
0.566	6.3613844E-003
0.567	6.3716252E-003
0.568	6.3762511E-003
0.569	6.3699712E-003
0.57	6.3489373E-003
0.571	6.3112653E-003
0.572	6.2572886E-003
0.573	6.1895354E-003
0.574	6.1124186E-003
0.575	6.0316720E-003
0.576	5.9536160E-003
0.577	5.8843321E-003
0.578	5.8288886E-003
0.579	5.7906643E-003
0.58	5.7709101E-003
0.581	5.7685748E-003
0.582	5.7804245E-003
0.583	5.8014449E-003
0.584	5.8254865E-003
0.585	5.8460073E-003
0.586	5.8569373E-003
0.587	5.8534215E-003
0.588	5.8324607E-003
0.589	5.7932902E-003
0.59	5.7375040E-003
0.591	5.6688581E-003
0.592	5.5928328E-003
0.593	5.5159400E-003
0.594	5.4449318E-003
0.595	5.3859530E-003
0.596	5.3437627E-003
0.597	5.3211409E-003
0.598	5.3185252E-003
0.599	5.3339358E-003
0.6	5.3632054E-003
0.601	5.4004746E-003
0.602	5.4389066E-003
0.603	5.4715187E-003
0.604	5.4920488E-003
0.605	5.4957238E-003
0.606	5.4798676E-003
0.607	5.4442314E-003
0.608	5.3910678E-003
0.609	5.3248471E-003
0.61	5.2517410E-003
0.611	5.1788795E-003
0.612	5.1134704E-003
0.613	5.0619324E-003
0.614	5.0290870E-003
0.615	5.0175521E-003
0.616	5.0274050E-003
0.617	5.0561288E-003
0.618	5.0989077E-003
0.619	5.1491847E-003
0.62	5.1994482E-003
0.621	5.2421479E-003
0.622	5.2706222E-003
0.623	5.2799196E-003
0.624	5.2674445E-003
0.625	5.2332808E-003
0.626	5.1802211E-003
0.627	5.1134452E-003
0.628	5.0399206E-003
0.629	4.9675615E-003
0.63	4.9042818E-003
0.631	4.8570279E-003
0.632	4.8309248E-003
0.633	4.8286384E-003
0.634	4.8500253E-003
0.635	4.8921169E-003
0.636	4.9494491E-003
0.637	5.0146966E-003
0.638	5.0795334E-003
0.639	5.1356358E-003
0.64	5.1756767E-003
0.641	5.1942286E-003
0.642	5.1884428E-003
0.643	5.1584207E-003
0.644	5.1072384E-003
0.645	5.0406056E-003
0.646	4.9662213E-003
0.647	4.8928661E-003
0.648	4.8293532E-003
0.649	4.7834828E-003
0.65	4.7610919E-003
0.651	4.7653127E-003
0.652	4.7962032E-003
0.653	4.8506665E-003
0.654	4.9228077E-003
0.655	5.0045904E-003
0.656	5.0867838E-003
0.657	5.1600332E-003
0.658	5.2159834E-003
0.659	5.2482826E-003
0.66	5.2533597E-003
0.661	5.2308887E-003
0.662	5.1838732E-003
0.663	5.1183286E-003
0.664	5.0426116E-003
0.665	4.9664727E-003
0.666	4.8999046E-003
0.667	4.8519745E-003
0.668	4.8297313E-003
0.669	4.8373467E-003
0.67	4.8755603E-003
0.671	4.9415599E-003
0.672	5.0292443E-003
0.673	5.1298989E-003
0.674	5.2331951E-003
0.675	5.3283758E-003
0.676	5.4055466E-003
0.677	5.4568462E-003
0.678	5.4774242E-003
0.679	5.4660691E-003
0.68	5.4253992E-003
0.681	5.3616269E-003
0.682	5.2838773E-003
0.683	5.2031614E-003
0.684	5.1311092E-003
0.685	5.0786133E-003
0.686	5.0545363E-003
0.687	5.0646425E-003
0.688	5.1108743E-003
0.689	5.1910547E-003
0.69	5.2990895E-003
0.691	5.4255975E-003
0.692	5.5589550E-003
0.693	5.6866063E-003
0.694	5.7965131E-003
0.695	5.8785565E-003
0.696	5.9257476E-003
0.697	5.9351046E-003
0.698	5.9080743E-003
0.699	5.8504501E-003
0.7	5.7717958E-003
0.701	5.6844153E-003
0.702	5.6019910E-003
0.703	5.5380277E-003
0.704	5.5042910E-003
0.705	5.5094012E-003
0.706	5.5577718E-003
0.707	5.6489948E-003
0.708	5.7777921E-003
0.709	5.9345071E-003
0.71	6.1061350E-003
0.711	6.2777698E-003
0.712	6.4342851E-003
0.713	6.5621021E-003
0.714	6.6508125E-003
0.715	6.6944598E-003
0.716	6.6923462E-003
0.717	6.6492292E-003
0.718	6.5749139E-003
0.719	6.4832177E-003
0.72	6.3904859E-003
0.721	6.3137393E-003
0.722	6.2687350E-003
0.723	6.2681078E-003
0.724	6.3198400E-003
0.725	6.4262212E-003
0.726	6.5834471E-003
0.727	6.7819054E-003
0.728	7.0071360E-003
0.729	7.2413860E-003
0.73	7.4655609E-003
0.731	7.6614092E-003
0.732	7.8136595E-003
0.733	7.9118721E-003
0.734	7.9518072E-003
0.735	7.9360977E-003
0.736	7.8741796E-003
0.737	7.7814013E-003
0.738	7.6774484E-003
0.739	7.5842040E-003
0.74	7.5232773E-003
0.741	7.5135021E-003
0.742	7.5686532E-003
0.743	7.6956959E-003
0.744	7.8937709E-003
0.745	8.1540458E-003
0.746	8.4604966E-003
0.747	8.7915696E-003
0.748	9.1224862E-003
0.749	9.4280411E-003
0.75	9.6855108E-003
0.751	9.8773614E-003
0.752	9.9934749E-003
0.753	1.0032584E-002
0.754	1.0002738E-002
0.755	9.9207480E-003
0.756	9.8105697E-003
0.757	9.7008441E-003
0.758	9.6217766E-003
0.759	9.6017178E-003
0.76	9.6638463E-003
0.761	9.8232580E-003
0.762	1.0084934E-002
0.763	1.0442743E-002
0.764	1.0879713E-002
0.765	1.1369589E-002
0.766	1.1879522E-002
0.767	1.2373688E-002
0.768	1.2817402E-002
0.769	1.3181310E-002
0.77	1.3445159E-002
0.771	1.3600677E-002
0.772	1.3653176E-002
0.773	1.3621642E-002
0.774	1.3537178E-002
0.775	1.3439953E-002
0.776	1.3374953E-002
0.777	1.3386889E-002
0.778	1.3514942E-002
0.779	1.3787854E-002
0.78	1.4220065E-002
0.781	1.4809284E-002
0.782	1.5535981E-002
0.783	1.6364826E-002
0.784	1.7248165E-002
0.785	1.8131040E-002
0.786	1.8957466E-002
0.787	1.9677121E-002
0.788	2.0251852E-002
0.789	2.0661075E-002
0.79	2.0905532E-002
0.791	2.1008737E-002
0.792	2.1015843E-002
0.793	2.0989871E-002
0.794	2.1005532E-002
0.795	2.1141212E-002
0.796	2.1469926E-002
0.797	2.2050263E-002
0.798	2.2918411E-002
0.799	2.4082357E-002
0.8	2.5519151E-002
0.801	2.7175788E-002
0.802	2.8974006E-002
0.803	3.0818624E-002
0.804	3.2608815E-002
0.805	3.4251098E-002
0.806	3.5672590E-002
0.807	3.6833111E-002
0.808	3.7734199E-002
0.809	3.8423911E-002
0.81	3.8996164E-002
0.811	3.9584301E-002
0.812	4.0348828E-002
0.813	4.1460458E-002
0.814	4.3080065E-002
0.815	4.5337826E-002
0.816	4.8314802E-002
0.817	5.2029274E-002
0.818	5.6431413E-002
0.819	6.1407905E-002
0.82	6.6797674E-002
0.821	7.2418571E-002
0.822	7.8102678E-002
0.823	8.3736472E-002
0.824	8.9300357E-002
0.825	9.4901621E-002
0.826	1.0079377E-001
0.827	1.0737683E-001
0.828	1.1517520E-001
0.829	1.2479207E-001
0.83	1.3684464E-001
0.831	1.5188660E-001
0.832	1.7032854E-001
0.833	1.9236824E-001
0.834	2.1794248E-001
0.835	2.4670799E-001
0.836	2.7805668E-001
0.837	3.1116298E-001
0.838	3.4505650E-001
0.839	3.7870917E-001
0.84	4.1112399E-001
0.841	4.4141433E-001
0.842	4.6886256E-001
0.843	4.9295422E-001
0.844	5.1338720E-001
0.845	5.3005719E-001
0.846	5.4302871E-001
0.847	5.5249381E-001
0.848	5.5873066E-001
0.849	5.6206346E-001
0.85	5.6282896E-001
0.851	5.6135225E-001
0.852	5.5792886E-001
0.853	5.5281633E-001
0.854	5.4623032E-001
0.855	5.3834575E-001
0.856	5.2930003E-001
0.857	5.1919782E-001
0.858	5.0811642E-001
0.859	4.9611193E-001
0.86	4.8322296E-001
0.861	4.6947733E-001
0.862	4.5489666E-001
0.863	4.3950021E-001
0.864	4.2331141E-001
0.865	4.0636131E-001
0.866	3.8869375E-001
0.867	3.7037015E-001
0.868	3.5147291E-001
0.869	3.3210859E-001
0.87	3.1240985E-001
0.871	2.9253516E-001
0.872	2.7266732E-001
0.873	2.5300851E-001
0.874	2.3377360E-001
0.875	2.1517988E-001
0.876	1.9743609E-001
0.877	1.8072963E-001
0.878	1.6521390E-001
0.879	1.5099771E-001
0.88	1.3813758E-001
0.881	1.2663409E-001
0.882	1.1643361E-001
0.883	1.0743437E-001
0.884	9.9497534E-002
0.885	9.2461057E-002
0.886	8.6155303E-002
0.887	8.0418281E-002
0.888	7.5108863E-002
0.889	7.0116773E-002
0.89	6.5367959E-002
0.891	6.0825437E-002
0.892	5.6485794E-002
0.893	5.2371975E-002
0.894	4.8523817E-002
0.895	4.4987451E-002
0.896	4.1805018E-002
0.897	3.9006069E-002
0.898	3.6601380E-002
0.899	3.4579653E-002
0.9	3.2907657E-002
0.901	3.1533077E-002
0.902	3.0389706E-002
0.903	2.9404320E-002
0.904	2.8503958E-002
0.905	2.7622970E-002
0.906	2.6708936E-002
0.907	2.5726732E-002
0.908	2.4660571E-002
0.909	2.3513718E-002
0.91	2.2306230E-002
0.911	2.1070993E-002
0.912	1.9848645E-002
0.913	1.8682059E-002
0.914	1.7610885E-002
0.915	1.6666958E-002
0.916	1.5870767E-002
0.917	1.5229535E-002
0.918	1.4736846E-002
0.919	1.4373846E-002
0.92	1.4111779E-002
0.921	1.3915454E-002
0.922	1.3747278E-002
0.923	1.3571321E-002
0.924	1.3356984E-002
0.925	1.3081894E-002
0.926	1.2733776E-002
0.927	1.2311113E-002
0.928	1.1822601E-002
0.929	1.1285573E-002
0.93	1.0723555E-002
0.931	1.0163276E-002
0.932	9.6315388E-003
0.933	9.1522215E-003
0.934	8.7437537E-003
0.935	8.4173204E-003
0.936	8.1759421E-003
0.937	8.0144666E-003
0.938	7.9204496E-003
0.939	7.8757908E-003
0.94	7.8588538E-003
0.941	7.8469254E-003
0.942	7.8186346E-003
0.943	7.7561238E-003
0.944	7.6467758E-003
0.945	7.4842749E-003
0.946	7.2689876E-003
0.947	7.0075970E-003
0.948	6.7121005E-003
0.949	6.3982857E-003
0.95	6.0838610E-003
0.951	5.7864706E-003
0.952	5.5217855E-003
0.953	5.3018942E-003
0.954	5.1341262E-003
0.955	5.0204429E-003
0.956	4.9574249E-003
0.957	4.9368297E-003
0.958	4.9466351E-003
0.959	4.9724542E-003
0.96	4.9991310E-003
0.961	5.0123627E-003
0.962	5.0001564E-003
0.963	4.9539944E-003
0.964	4.8695775E-003
0.965	4.7471183E-003
0.966	4.5911185E-003
0.967	4.4097449E-003
0.968	4.2138174E-003
0.969	4.0155658E-003
0.97	3.8272834E-003
0.971	3.6600260E-003
0.972	3.5224771E-003
0.973	3.4201061E-003
0.974	3.3547024E-003
0.975	3.3242994E-003
0.976	3.3235094E-003
0.977	3.3441992E-003
0.978	3.3764413E-003
0.979	3.4096050E-003
0.98	3.4335011E-003
0.981	3.4394229E-003
0.982	3.4210142E-003
0.983	3.3748408E-003
0.984	3.3006594E-003
0.985	3.2013257E-003
0.986	3.0823918E-003
0.987	2.9514381E-003
0.988	2.8172035E-003
0.989	2.6886289E-003
0.99	2.5739116E-003
0.991	2.4796596E-003
0.992	2.4102412E-003
0.993	2.3673931E-003
0.994	2.3501157E-003
0.995	2.3548552E-003
0.996	2.3759573E-003
0.997	2.4063208E-003
0.998	2.4381806E-003
0.999	2.4639473E-003
1	2.4769835E-003
1.001	2.4722768E-003
1.002	2.4469022E-003
1.003	2.4002728E-003
1.004	2.3341272E-003
1.005	2.2522814E-003
1.006	2.1601727E-003
1.007	2.0642404E-003
1.008	1.9712308E-003
1.009	1.8874789E-003
1.01	1.8182538E-003
1.011	1.7672377E-003
1.012	1.7361743E-003
1.013	1.7247389E-003
1.014	1.7306238E-003
1.015	1.7498304E-003
1.016	1.7771316E-003
1.017	1.8066466E-003
1.018	1.8324760E-003
1.019	1.8493142E-003
1.02	1.8529848E-003
1.021	1.8408501E-003
1.022	1.8120400E-003
1.023	1.7674973E-003
1.024	1.7098322E-003
1.025	1.6430046E-003
1.026	1.5718788E-003
1.027	1.5016879E-003
1.028	1.4374832E-003
1.029	1.3836088E-003
1.03	1.3432668E-003
1.031	1.3182118E-003
1.032	1.3086032E-003
1.033	1.3130272E-003
1.034	1.3286833E-003
1.035	1.3517078E-003
1.036	1.3776000E-003
1.037	1.4017045E-003
1.038	1.4196954E-003
1.039	1.4280168E-003
1.04	1.4242294E-003
1.041	1.4072385E-003
1.042	1.3773728E-003
1.043	1.3363163E-003
1.044	1.2869056E-003
1.045	1.2328034E-003
1.046	1.1781075E-003
1.047	1.1269114E-003
1.048	1.0828828E-003
1.049	1.0488916E-003
1.05	1.0267338E-003
1.051	1.0169647E-003
1.052	1.0188720E-003
1.053	1.0305761E-003
1.054	1.0492494E-003
1.055	1.0714285E-003
1.056	1.0933863E-003
1.057	1.1115203E-003
1.058	1.1227217E-003
1.059	1.1246824E-003
1.06	1.1161151E-003
1.061	1.0968626E-003
1.062	1.0678881E-003
1.063	1.0311521E-003
1.064	9.8938972E-004
1.065	9.4581180E-004
1.066	9.0376829E-004
1.067	8.6640008E-004
1.068	8.3632086E-004
1.069	8.1536075E-004
1.07	8.0439390E-004
1.071	8.0326654E-004
1.072	8.1083277E-004
1.073	8.2509284E-004
1.074	8.4341294E-004
1.075	8.6281152E-004
1.076	8.8027027E-004
1.077	8.9304772E-004
1.078	8.9895591E-004
1.079	8.9657592E-004
1.08	8.8538771E-004
1.081	8.6580607E-004
1.082	8.3911902E-004
1.083	8.0733642E-004
1.084	7.7296805E-004
1.085	7.3875388E-004
1.086	7.0737844E-004
1.087	6.8119273E-004
1.088	6.6198071E-004
1.089	6.5078534E-004
1.09	6.4781622E-004
1.091	6.5244309E-004
1.092	6.6327653E-004
1.093	6.7832519E-004
1.094	6.9520978E-004
1.095	7.1141642E-004
1.096	7.2455511E-004
1.097	7.3260488E-004
1.098	7.3411322E-004
1.099	7.2833564E-004
1.1	7.1530003E-004
1.101	6.9578865E-004
1.102	6.7124568E-004
1.103	6.4361532E-004
1.104	6.1513367E-004
1.105	5.8809278E-004
1.106	5.6460389E-004
1.107	5.4638350E-004
1.108	5.3458411E-004
1.109	5.2968611E-004
1.11	5.3146027E-004
1.111	5.3900440E-004
1.112	5.5084768E-004
1.113	5.6511239E-004
1.114	5.7971291E-004
1.115	5.9257378E-004
1.116	6.0184166E-004
1.117	6.0607167E-004
1.118	6.0436846E-004
1.119	5.9646775E-004
1.12	5.8275316E-004
1.121	5.6420633E-004
1.122	5.4229487E-004
1.123	5.1881414E-004
1.124	4.9569848E-004
1.125	4.7481823E-004
1.126	4.5779004E-004
1.127	4.4581390E-004
1.128	4.3955719E-004
1.129	4.3909447E-004
1.13	4.4390900E-004
1.131	4.5295610E-004
1.132	4.6477863E-004
1.133	4.7766327E-004
1.134	4.8982049E-004
1.135	4.9956946E-004
1.136	5.0550769E-004
1.137	5.0665101E-004
1.138	5.0252711E-004
1.139	4.9321546E-004
1.14	4.7933063E-004
1.141	4.6195125E-004
1.142	4.4250308E-004
1.143	4.2260750E-004
1.144	4.0391338E-004
1.145	3.8792775E-004
1.146	3.7586366E-004
1.147	3.6852009E-004
1.148	3.6620587E-004
1.149	3.6871459E-004
1.15	3.7535367E-004
1.151	3.8502199E-004
1.152	3.9632892E-004
1.153	4.0774068E-004
1.154	4.1774020E-004
1.155	4.2498167E-004
1.156	4.2842573E-004
1.157	4.2744115E-004
1.158	4.2186299E-004
1.159	4.1200232E-004
1.16	3.9860758E-004
1.161	3.8278050E-004
1.162	3.6585916E-004
1.163	3.4927641E-004
1.164	3.3441276E-004
1.165	3.2245516E-004
1.166	3.1427841E-004
1.167	3.1036025E-004
1.168	3.1073822E-004
1.169	3.1501285E-004
1.17	3.2239460E-004
1.171	3.3179083E-004
1.172	3.4192234E-004
1.173	3.5145669E-004
1.174	3.5914511E-004
1.175	3.6394875E-004
1.176	3.6514163E-004
1.177	3.6237948E-004
1.178	3.5572963E-004
1.179	3.4565805E-004
1.18	3.3297623E-004
1.181	3.1875403E-004
1.182	3.0420712E-004
1.183	2.9057160E-004
1.184	2.7897742E-004
1.185	2.7033468E-004
1.186	2.6524387E-004
1.187	2.6393784E-004
1.188	2.6626259E-004
1.189	2.7169814E-004
1.19	2.7941546E-004
1.191	2.8836608E-004
1.192	2.9739132E-004
1.193	3.0534255E-004
1.194	3.1119818E-004
1.195	3.1416662E-004
1.196	3.1376348E-004
1.197	3.0985652E-004
1.198	3.0267407E-004
1.199	2.9277682E-004
1.2	2.8099588E-004
1.201	2.6834465E-004
1.202	2.5591359E-004
1.203	2.4475835E-004
1.204	2.3579414E-004
1.205	2.2970421E-004
1.206	2.2687454E-004
1.207	2.2735822E-004
1.208	2.3087405E-004
1.209	2.3683939E-004
1.21	2.4443219E-004
1.211	2.5267722E-004
1.212	2.6054657E-004
1.213	2.6706446E-004
1.214	2.7140600E-004
1.215	2.7297894E-004
1.216	2.7148097E-004
1.217	2.6692779E-004
1.218	2.5964735E-004
1.219	2.5024294E-004
1.22	2.3952858E-004
1.221	2.2844353E-004
1.222	2.1795578E-004
1.223	2.0896258E-004
1.224	2.0220049E-004
1.225	1.9817200E-004
1.226	1.9709743E-004
1.227	1.9889549E-004
1.228	2.0319533E-004
1.229	2.0937731E-004
1.23	2.1663889E-004
1.231	2.2407826E-004
1.232	2.3078687E-004
1.233	2.3594189E-004
1.234	2.3888875E-004
1.235	2.3920574E-004
1.236	2.3674444E-004
1.237	2.3164175E-004
1.238	2.2430299E-004
1.239	2.1535752E-004
1.24	2.0559323E-004
1.241	1.9587405E-004
1.242	1.8705201E-004
1.243	1.7988059E-004
1.244	1.7493955E-004
1.245	1.7257784E-004
1.246	1.7288049E-004
1.247	1.7566296E-004
1.248	1.8049248E-004
1.249	1.8673441E-004
1.25	1.9361862E-004
1.251	2.0031884E-004
1.252	2.0603681E-004
1.253	2.1008277E-004
1.254	2.1194428E-004
1.255	2.1133636E-004
1.256	2.0822765E-004
1.257	2.0284168E-004
1.258	1.9563132E-004
1.259	1.8723056E-004
1.26	1.7838896E-004
1.261	1.6989425E-004
1.262	1.6249268E-004
1.263	1.5681397E-004
1.264	1.5330888E-004
1.265	1.5220531E-004
1.266	1.5348788E-004
1.267	1.5690150E-004
1.268	1.6197942E-004
1.269	1.6809229E-004
1.27	1.7451298E-004
1.271	1.8049096E-004
1.272	1.8532800E-004
1.273	1.8844832E-004
1.274	1.8945550E-004
1.275	1.8817118E-004
1.276	1.8465114E-004
1.277	1.7917801E-004
1.278	1.7223017E-004
1.279	1.6443273E-004
1.28	1.5649207E-004
1.281	1.4912419E-004
1.282	1.4298169E-004
1.283	1.3858863E-004
1.284	1.3628796E-004
1.285	1.3620895E-004
1.286	1.3825536E-004
1.287	1.4211792E-004
1.288	1.4730704E-004
1.289	1.5320384E-004
1.29	1.5912457E-004
1.291	1.6438906E-004
1.292	1.6839019E-004
1.293	1.7065434E-004
1.294	1.7088772E-004
1.295	1.6900469E-004
1.296	1.6513477E-004
1.297	1.5960771E-004
1.298	1.5291886E-004
1.299	1.4567752E-004
1.3	1.3854500E-004
1.301	1.3216728E-004
1.302	1.2710973E-004
1.303	1.2380144E-004
1.304	1.2249220E-004
1.305	1.2322940E-004
1.306	1.2585442E-004
1.307	1.3002056E-004
1.308	1.3522923E-004
1.309	1.4088131E-004
1.31	1.4633822E-004
1.311	1.5098648E-004
1.312	1.5429928E-004
1.313	1.5588863E-004
1.314	1.5554362E-004
1.315	1.5325022E-004
1.316	1.4919159E-004
1.317	1.4372822E-004
1.318	1.3736030E-004
1.319	1.3067696E-004
1.32	1.2429588E-004
1.321	1.1880097E-004
1.322	1.1468392E-004
1.323	1.1229506E-004
1.324	1.1180880E-004
1.325	1.1320735E-004
1.326	1.1628347E-004
1.327	1.2066268E-004
1.328	1.2584188E-004
1.329	1.3124107E-004
1.33	1.3626178E-004
1.331	1.4034794E-004
1.332	1.4304108E-004
1.333	1.4402620E-004
1.334	1.4316232E-004
1.335	1.4049571E-004
1.336	1.3625428E-004
1.337	1.3082380E-004
1.338	1.2470836E-004
1.339	1.1847920E-004
1.34	1.1271719E-004
1.341	1.0795434E-004
1.342	1.0462060E-004
1.343	1.0300085E-004
1.344	1.0320703E-004
1.345	1.0516745E-004
1.346	1.0863473E-004
1.347	1.1321162E-004
1.348	1.1839157E-004
1.349	1.2361021E-004
1.35	1.2830266E-004
1.351	1.3195997E-004
1.352	1.3418040E-004
1.353	1.3470910E-004
1.354	1.3346292E-004
1.355	1.3053819E-004
1.356	1.2619997E-004
1.357	1.2085473E-004
1.358	1.1500882E-004
1.359	1.0921718E-004
1.36	1.0402733E-004
1.361	9.9924328E-005
1.362	9.7282085E-005
1.363	9.6326556E-005
1.364	9.7113312E-005
1.365	9.9522833E-005
1.366	1.0327328E-004
1.367	1.0794961E-004
1.368	1.1304588E-004
1.369	1.1801643E-004
1.37	1.2233104E-004
1.371	1.2552788E-004
1.372	1.2725987E-004
1.373	1.2732869E-004
1.374	1.2570452E-004
1.375	1.2252807E-004
1.376	1.1809609E-004
1.377	1.1283106E-004
1.378	1.0723859E-004
1.379	1.0185615E-004
1.38	9.7199460E-005
1.381	9.3710383E-005
1.382	9.1712878E-005
1.383	9.1380716E-005
1.384	9.2720227E-005
1.385	9.5570162E-005
1.386	9.9618177E-005
1.387	1.0443275E-004
1.388	1.0950655E-004
1.389	1.1430773E-004
1.39	1.1833310E-004
1.391	1.2115850E-004
1.392	1.2248101E-004
1.393	1.2214902E-004
1.394	1.2017681E-004
1.395	1.1674286E-004
1.396	1.1217186E-004
1.397	1.0690194E-004
1.398	1.0144105E-004
1.399	9.6316267E-005
1.4	9.2021517E-005
1.401	8.8968423E-005
1.402	8.7445587E-005
1.403	8.7589782E-005
1.404	8.9372414E-005
1.405	9.2602342E-005
1.406	9.6944808E-005
1.407	1.0195474E-004
1.408	1.0712101E-004
1.409	1.1191740E-004
1.41	1.1585516E-004
1.411	1.1853166E-004
1.412	1.1967087E-004
1.413	1.1915069E-004
1.414	1.1701557E-004
1.415	1.1347180E-004
1.416	1.0886716E-004
1.417	1.0365619E-004
1.418	9.8354678E-005
1.419	9.3488386E-005
1.42	8.9540234E-005
1.421	8.6902262E-005
1.422	8.5836291E-005
1.423	8.6447697E-005
1.424	8.8674722E-005
1.425	9.2294445E-005
1.426	9.6944917E-005
1.427	1.0216096E-004
1.428	1.0742061E-004
1.429	1.1219715E-004
1.43	1.1601175E-004
1.431	1.1848150E-004
1.432	1.1935795E-004
1.433	1.1855225E-004
1.434	1.1614457E-004
1.435	1.1237628E-004
1.436	1.0762637E-004
1.437	1.0237375E-004
1.438	9.7149641E-005
1.439	9.2484355E-005
1.44	8.8854467E-005
1.441	8.6634704E-005
1.442	8.6060252E-005
1.443	8.7202730E-005
1.444	8.9962457E-005
1.445	9.4077732E-005
1.446	9.9150660E-005
1.447	1.0468616E-004
1.448	1.1014150E-004
1.449	1.1498010E-004
1.45	1.1872582E-004
1.451	1.2101066E-004
1.452	1.2161249E-004
1.453	1.2047796E-004
1.454	1.1772878E-004
1.455	1.1365041E-004
1.456	1.0866403E-004
1.457	1.0328514E-004
1.458	9.8071934E-005
1.459	9.3569615E-005
1.46	9.0255380E-005
1.461	8.8490167E-005
1.462	8.8481851E-005
1.463	9.0263777E-005
1.464	9.3690527E-005
1.465	9.8451535E-005
1.466	1.0410159E-004
1.467	1.1010462E-004
1.468	1.1588672E-004
1.469	1.2089335E-004
1.47	1.2464501E-004
1.471	1.2678529E-004
1.472	1.2711757E-004
1.473	1.2562585E-004
1.474	1.2247730E-004
1.475	1.1800738E-004
1.476	1.1268765E-004
1.477	1.0707953E-004
1.478	1.0177926E-004
1.479	9.7358308E-005
1.48	9.4306168E-005
1.481	9.2980554E-005
1.482	9.3570314E-005
1.483	9.6075011E-005
1.484	1.0030314E-004
1.485	1.0588958E-004
1.486	1.1233050E-004
1.487	1.1903268E-004
1.488	1.2537211E-004
1.489	1.3075629E-004
1.49	1.3468409E-004
1.491	1.3679685E-004
1.492	1.3691562E-004
1.493	1.3506119E-004
1.494	1.3145384E-004
1.495	1.2649372E-004
1.496	1.2072236E-004
1.497	1.1477065E-004
1.498	1.0929636E-004
1.499	1.0491874E-004
1.5	1.0215621E-004
1.501	1.0137324E-004
1.502	1.0274185E-004
1.503	1.0622203E-004
1.504	1.1156309E-004
1.505	1.1832581E-004
1.506	1.2592405E-004
1.507	1.3368165E-004
1.508	1.4089876E-004
1.509	1.4692171E-004
1.51	1.5120943E-004
1.511	1.5338921E-004
1.512	1.5329661E-004
1.513	1.5099542E-004
1.514	1.4677423E-004
1.515	1.4112204E-004
1.516	1.3468173E-004
1.517	1.2818843E-004
1.518	1.2239724E-004
1.519	1.1800799E-004
1.52	1.1559411E-004
1.521	1.1554270E-004
1.522	1.1801272E-004
1.523	1.2291480E-004
1.524	1.2991604E-004
1.525	1.3846891E-004
1.526	1.4786267E-004
1.527	1.5729156E-004
1.528	1.6593417E-004
1.529	1.7303582E-004
1.53	1.7798538E-004
1.531	1.8038019E-004
1.532	1.8007010E-004
1.533	1.7717853E-004
1.534	1.7209552E-004
1.535	1.6544529E-004
1.536	1.5802847E-004
1.537	1.5074646E-004
1.538	1.4451329E-004
1.539	1.4016419E-004
1.54	1.3837022E-004
1.541	1.3956647E-004
1.542	1.4390265E-004
1.543	1.5122107E-004
1.544	1.6106464E-004
1.545	1.7271555E-004
1.546	1.8526106E-004
1.547	1.9768084E-004
1.548	2.0894688E-004
1.549	2.1812737E-004
1.55	2.2448324E-004
1.551	2.2754817E-004
1.552	2.2718344E-004
1.553	2.2360166E-004
1.554	2.1735599E-004
1.555	2.0929525E-004
1.556	2.0048808E-004
1.557	1.9212287E-004
1.558	1.8539254E-004
1.559	1.8137485E-004
1.56	1.8092041E-004
1.561	1.8455948E-004
1.562	1.9243766E-004
1.563	2.0428763E-004
1.564	2.1944204E-004
1.565	2.3688622E-004
1.566	2.5534909E-004
1.567	2.7342208E-004
1.568	2.8969807E-004
1.569	3.0291520E-004
1.57	3.1209207E-004
1.571	3.1664062E-004
1.572	3.1644487E-004
1.573	3.1189463E-004
1.574	3.0386998E-004
1.575	2.9367532E-004
1.576	2.8292855E-004
1.577	2.7341166E-004
1.578	2.6690014E-004
1.579	2.6498313E-004
1.58	2.6889486E-004
1.581	2.7937352E-004
1.582	2.9656256E-004
1.583	3.1996676E-004
1.584	3.4847044E-004
1.585	3.8041826E-004
1.586	4.1375682E-004
1.587	4.4622266E-004
1.588	4.7556538E-004
1.589	4.9978244E-004
1.59	5.1734684E-004
1.591	5.2739924E-004
1.592	5.2989001E-004
1.593	5.2564958E-004
1.594	5.1637425E-004
1.595	5.0452718E-004
1.596	4.9315440E-004
1.597	4.8563012E-004
1.598	4.8534953E-004
1.599	4.9539411E-004
1.6	5.1820377E-004
1.601	5.5528333E-004
1.602	6.0698023E-004
1.603	6.7235914E-004
1.604	7.4919796E-004
1.605	8.3411793E-004
1.606	9.2285068E-004
1.607	1.0106363E-003
1.608	1.0927275E-003
1.609	1.1649698E-003
1.61	1.2244201E-003
1.611	1.2699459E-003
1.612	1.3027650E-003
1.613	1.3268651E-003
1.614	1.3492600E-003
1.615	1.3800457E-003
1.616	1.4322241E-003
1.617	1.5212874E-003
1.618	1.6645648E-003
1.619	1.8803575E-003
1.62	2.1868965E-003
1.621	2.6011823E-003
1.622	3.1377755E-003
1.623	3.8076020E-003
1.624	4.6168845E-003
1.625	5.5662245E-003
1.626	6.6499673E-003
1.627	7.8558633E-003
1.628	9.1650719E-003
1.629	1.0552549E-002
1.63	1.1987799E-002
1.631	1.3435925E-002
1.632	1.4858991E-002
1.633	1.6217588E-002
1.634	1.7472489E-002
1.635	1.8586352E-002
1.636	1.9525349E-002
1.637	2.0260638E-002
1.638	2.0769570E-002
1.639	2.1036692E-002
1.64	2.1054287E-002
1.641	2.0822706E-002
1.642	2.0350212E-002
1.643	1.9652551E-002
1.644	1.8752193E-002
1.645	1.7677261E-002
1.646	1.6460320E-002
1.647	1.5136877E-002
1.648	1.3743966E-002
1.649	1.2318601E-002
1.65	1.0896344E-002
1.651	9.5099928E-003
1.652	8.1884731E-003
1.653	6.9559510E-003
1.654	5.8311978E-003
1.655	4.8272791E-003
1.656	3.9515137E-003
1.657	3.2057178E-003
1.658	2.5867037E-003
1.659	2.0869856E-003
1.66	1.6956434E-003
1.661	1.3992770E-003
1.662	1.1829893E-003
1.663	1.0313399E-003
1.664	9.2920841E-004
1.665	8.6253567E-004
1.666	8.1889692E-004
1.667	7.8790600E-004
1.668	7.6143257E-004
1.669	7.3365046E-004
1.67	7.0093281E-004
1.671	6.6161714E-004
1.672	6.1567919E-004
1.673	5.6434679E-004
1.674	5.0968921E-004
1.675	4.5421606E-004
1.676	4.0051315E-004
1.677	3.5093681E-004
1.678	3.0738296E-004
1.679	2.7113617E-004
1.68	2.4280214E-004
1.681	2.2231405E-004
1.682	2.0900457E-004
1.683	2.0172649E-004
1.684	1.9900530E-004
1.685	1.9920588E-004
1.686	2.0069636E-004
1.687	2.0199394E-004
1.688	2.0188167E-004
1.689	1.9948854E-004
1.69	1.9432866E-004
1.691	1.8630181E-004
1.692	1.7565742E-004
1.693	1.6293013E-004
1.694	1.4885566E-004
1.695	1.3427626E-004
1.696	1.2004552E-004
1.697	1.0694235E-004
1.698	9.5599447E-005
1.699	8.6453489E-005
1.7	7.9718484E-005
1.701	7.5382668E-005
1.702	7.3227849E-005
1.703	7.2866482E-005
1.704	7.3792165E-005
1.705	7.5436998E-005
1.706	7.7230208E-005
1.707	7.8652134E-005
1.708	7.9279089E-005
1.709	7.8815239E-005
1.71	7.7109842E-005
1.711	7.4159303E-005
1.712	7.0094946E-005
1.713	6.5158973E-005
1.714	5.9671565E-005
1.715	5.3993386E-005
1.716	4.8486665E-005
1.717	4.3479544E-005
1.718	3.9236184E-005
1.719	3.5935420E-005
1.72	3.3659326E-005
1.721	3.2391818E-005
1.722	3.2027117E-005
1.723	3.2386066E-005
1.724	3.3238506E-005
1.725	3.4328797E-005
1.726	3.5402209E-005
1.727	3.6229125E-005
1.728	3.6625253E-005
1.729	3.6465997E-005
1.73	3.5694051E-005
1.731	3.4320066E-005
1.732	3.2416701E-005
1.733	3.0107076E-005
1.734	2.7549344E-005
1.735	2.4918771E-005
1.736	2.2389515E-005
1.737	2.0117710E-005
1.738	1.8227416E-005
1.739	1.6800606E-005
1.74	1.5871816E-005
1.741	1.5427737E-005
1.742	1.5411493E-005
1.743	1.5730751E-005
1.744	1.6268872E-005
1.745	1.6897662E-005
1.746	1.7490480E-005
1.747	1.7934384E-005
1.748	1.8140257E-005
1.749	1.8049908E-005
1.75	1.7639846E-005
1.751	1.6921267E-005
1.752	1.5936803E-005
1.753	1.4754278E-005
1.754	1.3458411E-005
1.755	1.2141389E-005
1.756	1.0893236E-005
1.757	9.7930661E-006
1.758	8.9018940E-006
1.759	8.2577262E-006
1.76	7.8732010E-006
1.761	7.7358700E-006
1.762	7.8109397E-006
1.763	8.0460286E-006
1.764	8.3773712E-006
1.765	8.7367134E-006
1.766	9.0582671E-006
1.767	9.2849568E-006
1.768	9.3734407E-006
1.769	9.2974797E-006
1.77	9.0494368E-006
1.771	8.6398250E-006
1.772	8.0951786E-006
1.773	7.4544218E-006
1.774	6.7642841E-006
1.775	6.0742063E-006
1.776	5.4313041E-006
1.777	4.8758493E-006
1.778	4.4376930E-006
1.779	4.1339422E-006
1.78	3.9680126E-006
1.781	3.9301008E-006
1.782	3.9989368E-006
1.783	4.1445501E-006
1.784	4.3317573E-006
1.785	4.5239267E-006
1.786	4.6866908E-006
1.787	4.7911922E-006
1.788	4.8166035E-006
1.789	4.7516878E-006
1.79	4.5953234E-006
1.791	4.3559808E-006
1.792	4.0502905E-006
1.793	3.7008604E-006
1.794	3.3336507E-006
1.795	2.9751527E-006
1.796	2.6496966E-006
1.797	2.3771361E-006
1.798	2.1711276E-006
1.799	2.0381353E-006
1.8	1.9772176E-006
1.801	1.9805834E-006
1.802	2.0347875E-006
1.803	2.1224357E-006
1.804	2.2241700E-006
1.805	2.3207374E-006
1.806	2.3949151E-006
1.807	2.4331123E-006
1.808	2.4265066E-006
1.809	2.3716198E-006
1.81	2.2703275E-006
1.811	2.1293120E-006
1.812	1.9590718E-006
1.813	1.7726003E-006
1.814	1.5838940E-006
1.815	1.4064556E-006
1.816	1.2519421E-006
1.817	1.1290871E-006
1.818	1.0429915E-006
1.819	9.9483270E-007
1.82	9.8199087E-007
1.821	9.9856550E-007
1.822	1.0361891E-006
1.823	1.0850496E-006
1.824	1.1349955E-006
1.825	1.1766092E-006
1.826	1.2021319E-006
1.827	1.2061648E-006
1.828	1.1860734E-006
1.829	1.1420792E-006
1.83	1.0770489E-006
1.831	9.9601255E-007
1.832	9.0548554E-007
1.833	8.1267757E-007
1.834	7.2467338E-007
1.835	6.4768085E-007
1.836	5.8641831E-007
1.837	5.4370099E-007
1.838	5.2025729E-007
1.839	5.1478065E-007
1.84	5.2419904E-007
1.841	5.4411794E-007
1.842	5.6937995E-007
1.843	5.9467317E-007
1.844	6.1512134E-007
1.845	6.2679101E-007
1.846	6.2706766E-007
1.847	6.1486480E-007
1.848	5.9065604E-007
1.849	5.5633149E-007
1.85	5.1490582E-007
1.851	4.7011798E-007
1.852	4.2596844E-007
1.853	3.8625217E-007
1.854	3.5413626E-007
1.855	3.3182747E-007
1.856	3.2036422E-007
1.857	3.1954849E-007
1.858	3.2802103E-007
1.859	3.4346374E-007
1.86	3.6290299E-007
1.861	3.8307434E-007
1.862	4.0080582E-007
1.863	4.1337782E-007
1.864	4.1881796E-007
1.865	4.1610159E-007
1.866	4.0523938E-007
1.867	3.8724545E-007
1.868	3.6399351E-007
1.869	3.3797988E-007
1.87	3.1202373E-007
1.871	2.8893859E-007
1.872	2.7121291E-007
1.873	2.6073337E-007
1.874	2.5858304E-007
1.875	2.6493242E-007
1.876	2.7903457E-007
1.877	2.9932170E-007
1.878	3.2359026E-007
1.879	3.4925284E-007
1.88	3.7362688E-007
1.881	3.9422869E-007
1.882	4.0904109E-007
1.883	4.1672561E-007
1.884	4.1675767E-007
1.885	4.0947307E-007
1.886	3.9602148E-007
1.887	3.7823270E-007
1.888	3.5841495E-007
1.889	3.3910405E-007
1.89	3.2279286E-007
1.891	3.1166991E-007
1.892	3.0739304E-007
1.893	3.1092262E-007
1.894	3.2242917E-007
1.895	3.4128510E-007
1.896	3.6613739E-007
1.897	3.9505545E-007
1.898	4.2573373E-007
1.899	4.5573128E-007
1.9	4.8271943E-007
1.901	5.0471533E-007
1.902	5.2027343E-007
1.903	5.2862458E-007
1.904	5.2973945E-007
1.905	5.2432102E-007
1.906	5.1372115E-007
1.907	4.9979832E-007
1.908	4.8472538E-007
1.909	4.7077231E-007
1.91	4.6008287E-007
1.911	4.5447007E-007
1.912	4.5524644E-007
1.913	4.6310734E-007
1.914	4.7807623E-007
1.915	4.9951461E-007
1.916	5.2619600E-007
1.917	5.5643153E-007
1.918	5.8823935E-007
1.919	6.1953489E-007
1.92	6.4832722E-007
1.921	6.7290068E-007
1.922	6.9196801E-007
1.923	7.0477824E-007
1.924	7.1117353E-007
1.925	7.1158803E-007
1.926	7.0699650E-007
1.927	6.9881219E-007
1.928	6.8875090E-007
1.929	6.7867018E-007
1.93	6.7040276E-007
1.931	6.6559653E-007
1.932	6.6557527E-007
1.933	6.7123159E-007
1.934	6.8295958E-007
1.935	7.0063237E-007
1.936	7.2362167E-007
1.937	7.5086052E-007
1.938	7.8094041E-007
1.939	8.1223226E-007
1.94	8.4302695E-007
1.941	8.7167552E-007
1.942	8.9672596E-007
1.943	9.1704106E-007
1.944	9.3188913E-007
1.945	9.4100153E-007
1.946	9.4459392E-007
1.947	9.4334638E-007
1.948	9.3834672E-007
1.949	9.3100232E-007
1.95	9.2292549E-007
1.951	9.1580307E-007
1.952	9.1125861E-007
1.953	9.1071973E-007
1.954	9.1529995E-007
1.955	9.2570400E-007
1.956	9.4216398E-007
1.957	9.6441352E-007
1.958	9.9170097E-007
1.959	1.0228400E-006
1.96	1.0562991E-006
1.961	1.0903202E-006
1.962	1.1230577E-006
1.963	1.1527313E-006
1.964	1.1777761E-006
1.965	1.1969801E-006
1.966	1.2095996E-006
1.967	1.2154360E-006
1.968	1.2148719E-006
1.969	1.2088587E-006
1.97	1.1988548E-006
1.971	1.1867176E-006
1.972	1.1745567E-006
1.973	1.1645569E-006
1.974	1.1587910E-006
1.975	1.1590290E-006
1.976	1.1665692E-006
1.977	1.1821015E-006
1.978	1.2056217E-006
1.979	1.2364023E-006
1.98	1.2730303E-006
1.981	1.3135058E-006
1.982	1.3554053E-006
1.983	1.3960829E-006
1.984	1.4329108E-006
1.985	1.4635198E-006
1.986	1.4860329E-006
1.987	1.4992594E-006
1.988	1.5028318E-006
1.989	1.4972726E-006
1.99	1.4839818E-006
1.991	1.4651323E-006
1.992	1.4434992E-006
1.993	1.4222169E-006
1.994	1.4044958E-006
1.995	1.3933206E-006
1.996	1.3911592E-006
1.997	1.3997069E-006
1.998	1.4197001E-006
1.999	1.4508081E-006
2	1.4916299E-006
2.001	1.5397890E-006
2.002	1.5921300E-006
2.003	1.6449936E-006
2.004	1.6945512E-006
2.005	1.7371709E-006
2.006	1.7697716E-006
2.007	1.7901400E-006
2.008	1.7971734E-006
2.009	1.7910174E-006
2.01	1.7730962E-006
2.011	1.7460089E-006
2.012	1.7133153E-006
2.013	1.6792214E-006
2.014	1.6481906E-006
2.015	1.6245157E-006
2.016	1.6119037E-006
2.017	1.6130973E-006
2.018	1.6295812E-006
2.019	1.6614044E-006
2.02	1.7071316E-006
2.021	1.7639435E-006
2.022	1.8278686E-006
2.023	1.8941396E-006
2.024	1.9576321E-006
2.025	2.0133552E-006
2.026	2.0569394E-006
2.027	2.0850832E-006
2.028	2.0959005E-006
2.029	2.0891471E-006
2.03	2.0662842E-006
2.031	2.0303814E-006
2.032	1.9858587E-006
2.033	1.9380882E-006
2.034	1.8928932E-006
2.035	1.8559850E-006
2.036	1.8324043E-006
2.037	1.8260083E-006
2.038	1.8390622E-006
2.039	1.8719802E-006
2.04	1.9232359E-006
2.041	1.9894694E-006
2.042	2.0657676E-006
2.043	2.1461174E-006
2.044	2.2239660E-006
2.045	2.2928580E-006
2.046	2.3470702E-006
2.047	2.3821951E-006
2.048	2.3956068E-006
2.049	2.3867588E-006
2.05	2.3572838E-006
2.051	2.3108807E-006
2.052	2.2529932E-006
2.053	2.1903127E-006
2.054	2.1301435E-006
2.055	2.0796942E-006
2.056	2.0453654E-006
2.057	2.0321065E-006
2.058	2.0428984E-006
2.059	2.0784159E-006
2.06	2.1369206E-006
2.061	2.2143818E-006
2.062	2.3048260E-006
2.063	2.4008903E-006
2.064	2.4945116E-006
2.065	2.5777106E-006
2.066	2.6433770E-006
2.067	2.6859859E-006
2.068	2.7021717E-006
2.069	2.6911043E-006
2.07	2.6546161E-006
2.071	2.5970796E-006
2.072	2.5250222E-006
2.073	2.4465244E-006
2.074	2.3704565E-006
2.075	2.3056139E-006
2.076	2.2598529E-006
2.077	2.2392924E-006
2.078	2.2476841E-006
2.079	2.2859908E-006
2.08	2.3522505E-006
2.081	2.4417061E-006
2.082	2.5472364E-006
2.083	2.6600053E-006
2.084	2.7703152E-006
2.085	2.8685404E-006
2.086	2.9460796E-006
2.087	2.9962207E-006
2.088	3.0148346E-006
2.089	3.0008223E-006
2.09	2.9562734E-006
2.091	2.8863171E-006
2.092	2.7986628E-006
2.093	2.7028868E-006
2.094	2.6095258E-006
2.095	2.5290576E-006
2.096	2.4708675E-006
2.097	2.4423139E-006
2.098	2.4479737E-006
2.099	2.4891417E-006
2.1	2.5636509E-006
2.101	2.6660300E-006
2.102	2.7879832E-006
2.103	2.9191597E-006
2.104	3.0481392E-006
2.105	3.1635341E-006
2.106	3.2551179E-006
2.107	3.3148488E-006
2.108	3.3376959E-006
2.109	3.3221841E-006
2.11	3.2706002E-006
2.111	3.1888217E-006
2.112	3.0858030E-006
2.113	2.9727344E-006
2.114	2.8619711E-006
2.115	2.7658409E-006
2.116	2.6954172E-006
2.117	2.6594128E-006
2.118	2.6632774E-006
2.119	2.7086110E-006
2.12	2.7929491E-006
2.121	2.9099426E-006
2.122	3.0499327E-006
2.123	3.2008552E-006
2.124	3.3493968E-006
2.125	3.4822908E-006
2.126	3.5876276E-006
2.127	3.6560477E-006
2.128	3.6816994E-006
2.129	3.6628626E-006
2.13	3.6021800E-006
2.131	3.5064645E-006
2.132	3.3860813E-006
2.133	3.2539913E-006
2.134	3.1245061E-006
2.135	3.0119065E-006
2.136	2.9290236E-006
2.137	2.8859613E-006
2.138	2.8890463E-006
2.139	2.9401401E-006
2.14	3.0363933E-006
2.141	3.1704490E-006
2.142	3.3311007E-006
2.143	3.5043449E-006
2.144	3.6747276E-006
2.145	3.8268563E-006
2.146	3.9469155E-006
2.147	4.0240657E-006
2.148	4.0515547E-006
2.149	4.0274399E-006
2.15	3.9548445E-006
2.151	3.8417229E-006
2.152	3.7001314E-006
2.153	3.5451117E-006
2.154	3.3932386E-006
2.155	3.2610249E-006
2.156	3.1632931E-006
2.157	3.1117099E-006
2.158	3.1136033E-006
2.159	3.1711820E-006
2.16	3.2812572E-006
2.161	3.4354721E-006
2.162	3.6210520E-006
2.163	3.8219764E-006
2.164	4.0205045E-006
2.165	4.1988819E-006
2.166	4.3410732E-006
2.167	4.4343656E-006
2.168	4.4706621E-006
2.169	4.4473495E-006
2.17	4.3676455E-006
2.171	4.2403640E-006
2.172	4.0791365E-006
2.173	3.9011406E-006
2.174	3.7254633E-006
2.175	3.5712444E-006
2.176	3.4557970E-006
2.177	3.3928750E-006
2.178	3.3912704E-006
2.179	3.4538793E-006
2.18	3.5773362E-006
2.181	3.7522516E-006
2.182	3.9640545E-006
2.183	4.1943472E-006
2.184	4.4226590E-006
2.185	4.6284331E-006
2.186	4.7930407E-006
2.187	4.9016539E-006
2.188	4.9447481E-006
2.189	4.9191312E-006
2.19	4.8283437E-006
2.191	4.6824171E-006
2.192	4.4969729E-006
2.193	4.2917804E-006
2.194	4.0888663E-006
2.195	3.9103797E-006
2.196	3.7764221E-006
2.197	3.7030300E-006
2.198	3.7005448E-006
2.199	3.7725017E-006
2.2	3.9151801E-006
2.201	4.1178691E-006
2.202	4.3638079E-006
2.203	4.6317505E-006
2.204	4.8979905E-006
2.205	5.1386569E-006
2.206	5.3320632E-006
2.207	5.4608686E-006
2.208	5.5138412E-006
2.209	5.4870598E-006
2.21	5.3843933E-006
2.211	5.2172422E-006
2.212	5.0035328E-006
2.213	4.7660460E-006
2.214	4.5302768E-006
2.215	4.3219652E-006
2.216	4.1645849E-006
2.217	4.0770133E-006
2.218	4.0716131E-006
2.219	4.1529238E-006
2.22	4.3170908E-006
2.221	4.5521215E-006
2.222	4.8389202E-006
2.223	5.1530474E-006
2.224	5.4670322E-006
2.225	5.7530087E-006
2.226	5.9854292E-006
2.227	6.1436185E-006
2.228	6.2138688E-006
2.229	6.1908895E-006
2.23	6.0784873E-006
2.231	5.8893334E-006
2.232	5.6438657E-006
2.233	5.3684362E-006
2.234	5.0928211E-006
2.235	4.8473576E-006
2.236	4.6599844E-006
2.237	4.5534580E-006
2.238	4.5430274E-006
2.239	4.6348141E-006
2.24	4.8250413E-006
2.241	5.1002394E-006
2.242	5.4384077E-006
2.243	5.8110136E-006
2.244	6.1857004E-006
2.245	6.5293907E-006
2.246	6.8115319E-006
2.247	7.0071351E-006
2.248	7.0993451E-006
2.249	7.0812252E-006
2.25	6.9566240E-006
2.251	6.7399847E-006
2.252	6.4551191E-006
2.253	6.1330379E-006
2.254	5.8090327E-006
2.255	5.5192963E-006
2.256	5.2973915E-006
2.257	5.1708948E-006
2.258	5.1585907E-006
2.259	5.2684686E-006
2.26	5.4967368E-006
2.261	5.8279666E-006
2.262	6.2364002E-006
2.263	6.6882762E-006
2.264	7.1449904E-006
2.265	7.5667817E-006
2.266	7.9166066E-006
2.267	8.1638200E-006
2.268	8.2872930E-006
2.269	8.2776787E-006
2.27	8.1385588E-006
2.271	7.8863386E-006
2.272	7.5489320E-006
2.273	7.1632444E-006
2.274	6.7717692E-006
2.275	6.4185529E-006
2.276	6.1449227E-006
2.277	5.9854096E-006
2.278	5.9642271E-006
2.279	6.0927096E-006
2.28	6.3679222E-006
2.281	6.7726528E-006
2.282	7.2767803E-006
2.283	7.8399398E-006
2.284	8.4152362E-006
2.285	8.9536952E-006
2.286	9.4089801E-006
2.287	9.7420125E-006
2.288	9.9249592E-006
2.289	9.9442013E-006
2.29	9.8020391E-006
2.291	9.5168061E-006
2.292	9.1214742E-006
2.293	8.6607661E-006
2.294	8.1870567E-006
2.295	7.7554150E-006
2.296	7.4182740E-006
2.297	7.2202306E-006
2.298	7.1934815E-006
2.299	7.3543706E-006
2.3	7.7013974E-006
2.301	8.2149409E-006
2.302	8.8587112E-006
2.303	9.5829264E-006
2.304	1.0328825E-005
2.305	1.1034234E-005
2.306	1.1639548E-005
2.307	1.2093661E-005
2.308	1.2359217E-005
2.309	1.2416634E-005
2.31	1.2266513E-005
2.311	1.1930149E-005
2.312	1.1447971E-005
2.313	1.0876187E-005
2.314	1.0281661E-005
2.315	9.7357133E-006
2.316	9.3072631E-006
2.317	9.0560216E-006
2.318	9.0264066E-006
2.319	9.2427508E-006
2.32	9.7063694E-006
2.321	1.0394710E-005
2.322	1.1262897E-005
2.323	1.2247428E-005
2.324	1.3271825E-005
2.325	1.4253736E-005
2.326	1.5112806E-005
2.327	1.5778636E-005
2.328	1.6197975E-005
2.329	1.6340513E-005
2.33	1.6202643E-005
2.331	1.5808686E-005
2.332	1.5209479E-005
2.333	1.4478373E-005
2.334	1.3704812E-005
2.335	1.2986197E-005
2.336	1.2418609E-005
2.337	1.2087387E-005
2.338	1.2058354E-005
2.339	1.2370661E-005
2.34	1.3031957E-005
2.341	1.4016489E-005
2.342	1.5266391E-005
2.343	1.6696193E-005
2.344	1.8200208E-005
2.345	1.9662188E-005
2.346	2.0966392E-005
2.347	2.2009044E-005
2.348	2.2709059E-005
2.349	2.3016968E-005
2.35	2.2921178E-005
2.351	2.2450688E-005
2.352	2.1674048E-005
2.353	2.0694377E-005
2.354	1.9640825E-005
2.355	1.8657114E-005
2.356	1.7888135E-005
2.357	1.7465876E-005
2.358	1.7495904E-005
2.359	1.8045796E-005
2.36	1.9136709E-005
2.361	2.0739149E-005
2.362	2.2773393E-005
2.363	2.5114916E-005
2.364	2.7604510E-005
2.365	3.0062340E-005
2.366	3.2304768E-005
2.367	3.4162462E-005
2.368	3.5498088E-005
2.369	3.6221780E-005
2.37	3.6302808E-005
2.371	3.5776218E-005
2.372	3.4743163E-005
2.373	3.3365031E-005
2.374	3.1851177E-005
2.375	3.0441450E-005
2.376	2.9384575E-005
2.377	2.8914446E-005
2.378	2.9226425E-005
2.379	3.0455967E-005
2.38	3.2661606E-005
2.381	3.5814479E-005
2.382	3.9795570E-005
2.383	4.4401695E-005
2.384	4.9360082E-005
2.385	5.4351010E-005
2.386	5.9036629E-005
2.387	6.3093998E-005
2.388	6.6249137E-005
2.389	6.8309404E-005
2.39	6.9190333E-005
2.391	6.8934336E-005
2.392	6.7718764E-005
2.393	6.5851535E-005
2.394	6.3753665E-005
2.395	6.1929204E-005
2.396	6.0924507E-005
2.397	6.1279330E-005
2.398	6.3474152E-005
2.399	6.7877911E-005
2.4	7.4701682E-005
2.401	8.3963278E-005
2.402	9.5467047E-005
2.403	1.0880347E-004
2.404	1.2337024E-004
2.405	1.3841651E-004
2.406	1.5310869E-004
2.407	1.6661569E-004
2.408	1.7820841E-004
2.409	1.8736746E-004
2.41	1.9389136E-004
2.411	1.9799608E-004
2.412	2.0039783E-004
2.413	2.0237002E-004
2.414	2.0576775E-004
2.415	2.1301270E-004
2.416	2.2703648E-004
2.417	2.5118102E-004
2.418	2.8905823E-004
2.419	3.4437410E-004
2.42	4.2072445E-004
2.421	5.2137382E-004
2.422	6.4902776E-004
2.423	8.0561254E-004
2.424	9.9207612E-004
2.425	1.2082222E-003
2.426	1.4525926E-003
2.427	1.7224044E-003
2.428	2.0135534E-003
2.429	2.3206833E-003
2.43	2.6373288E-003
2.431	2.9561140E-003
2.432	3.2690165E-003
2.433	3.5676707E-003
2.434	3.8437000E-003
2.435	4.0890616E-003
2.436	4.2963922E-003
2.437	4.4593201E-003
2.438	4.5727538E-003
2.439	4.6331035E-003
2.44	4.6384376E-003
2.441	4.5885793E-003
2.442	4.4851112E-003
2.443	4.3313028E-003
2.444	4.1319691E-003
2.445	3.8932483E-003
2.446	3.6223419E-003
2.447	3.3271937E-003
2.448	3.0161485E-003
2.449	2.6976075E-003
2.45	2.3796917E-003
2.451	2.0699261E-003
2.452	1.7749730E-003
2.453	1.5004209E-003
2.454	1.2506249E-003
2.455	1.0286302E-003
2.456	8.3614775E-004
2.457	6.7361200E-004
2.458	5.4028357E-004
2.459	4.3441102E-004
2.46	3.5342196E-004
2.461	2.9414400E-004
2.462	2.5303153E-004
2.463	2.2639020E-004
2.464	2.1058439E-004
2.465	2.0221806E-004
2.466	1.9828076E-004
2.467	1.9625342E-004
2.468	1.9417187E-004
2.469	1.9064815E-004
2.47	1.8485346E-004
2.471	1.7646718E-004
2.472	1.6560002E-004
2.473	1.5269847E-004
2.474	1.3844011E-004
2.475	1.2362699E-004
2.476	1.0908581E-004
2.477	9.5580937E-005
2.478	8.3744613E-005
2.479	7.4028780E-005
2.48	6.6678585E-005
2.481	6.1728068E-005
2.482	5.9015190E-005
2.483	5.8213387E-005
2.484	5.8874888E-005
2.485	6.0480819E-005
2.486	6.2493236E-005
2.487	6.4404427E-005
2.488	6.5778891E-005
2.489	6.6285684E-005
2.49	6.5718392E-005
2.491	6.4002685E-005
2.492	6.1191102E-005
2.493	5.7447174E-005
2.494	5.3020693E-005
2.495	4.8217225E-005
2.496	4.3364860E-005
2.497	3.8781574E-005
2.498	3.4745728E-005
2.499	3.1472486E-005
2.5	2.9097682E-005
2.501	2.7670021E-005
2.502	2.7151886E-005
2.503	2.7428037E-005
2.504	2.8320934E-005
2.505	2.9610821E-005
2.506	3.1058455E-005
2.507	3.2428314E-005
2.508	3.3509987E-005
2.509	3.4136072E-005
2.51	3.4195014E-005
2.511	3.3638160E-005
2.512	3.2480504E-005
2.513	3.0795731E-005
2.514	2.8705979E-005
2.515	2.6367779E-005
2.516	2.3955585E-005
2.517	2.1644406E-005
2.518	1.9593361E-005
2.519	1.7931412E-005
2.52	1.6746677E-005
2.521	1.6079968E-005
2.522	1.5923100E-005
2.523	1.6221862E-005
2.524	1.6883110E-005
2.525	1.7785249E-005
2.526	1.8790852E-005
2.527	1.9760266E-005
2.528	2.0564745E-005
2.529	2.1098060E-005
2.53	2.1285454E-005
2.531	2.1089258E-005
2.532	2.0510819E-005
2.533	1.9588711E-005
2.534	1.8393512E-005
2.535	1.7019816E-005
2.536	1.5576368E-005
2.537	1.4175173E-005
2.538	1.2920804E-005
2.539	1.1900774E-005
2.54	1.1177902E-005
2.541	1.0785249E-005
2.542	1.0724081E-005
2.543	1.0964848E-005
2.544	1.1451087E-005
2.545	1.2105665E-005
2.546	1.2838806E-005
2.547	1.3556949E-005
2.548	1.4171729E-005
2.549	1.4608143E-005
2.55	1.4811140E-005
2.551	1.4750183E-005
2.552	1.4421325E-005
2.553	1.3846696E-005
2.554	1.3071567E-005
2.555	1.2159331E-005
2.556	1.1184870E-005
2.557	1.0227112E-005
2.558	9.3613562E-006
2.559	8.6522450E-006
2.56	8.1478865E-006
2.561	7.8758067E-006
2.562	7.8409084E-006
2.563	8.0256696E-006
2.564	8.3924606E-006
2.565	8.8877123E-006
2.566	9.4474326E-006
2.567	1.0003638E-005
2.568	1.0490895E-005
2.569	1.0852507E-005
2.57	1.1045651E-005
2.571	1.1045090E-005
2.572	1.0845067E-005
2.573	1.0459326E-005
2.574	9.9192566E-006
2.575	9.2704140E-006
2.576	8.5677630E-006
2.577	7.8702060E-006
2.578	7.2348398E-006
2.579	6.7115466E-006
2.58	6.3384336E-006
2.581	6.1384844E-006
2.582	6.1177570E-006
2.583	6.2652180E-006
2.584	6.5542104E-006
2.585	6.9453886E-006
2.586	7.3907572E-006
2.587	7.8384555E-006
2.588	8.2377783E-006
2.589	8.5439724E-006
2.59	8.7223643E-006
2.591	8.7514127E-006
2.592	8.6244490E-006
2.593	8.3499872E-006
2.594	7.9505708E-006
2.595	7.4603113E-006
2.596	6.9213806E-006
2.597	6.3798220E-006
2.598	5.8810651E-006
2.599	5.4655925E-006
2.6	5.1651868E-006
2.601	5.0000426E-006
2.602	4.9770897E-006
2.603	5.0895806E-006
2.604	5.3180215E-006
2.605	5.6322824E-006
2.606	5.9947065E-006
2.607	6.3638636E-006
2.608	6.6986031E-006
2.609	6.9619964E-006
2.61	7.1247937E-006
2.611	7.1680925E-006
2.612	7.0849378E-006
2.613	6.8807649E-006
2.614	6.5726226E-006
2.615	6.1873179E-006
2.616	5.7586431E-006
2.617	5.3239869E-006
2.618	4.9206842E-006
2.619	4.5824268E-006
2.62	4.3361069E-006
2.621	4.1993571E-006
2.622	4.1790486E-006
2.623	4.2708248E-006
2.624	4.4597250E-006
2.625	4.7218059E-006
2.626	5.0265912E-006
2.627	5.3401031E-006
2.628	5.6281810E-006
2.629	5.8597516E-006
2.63	6.0097550E-006
2.631	6.0614593E-006
2.632	6.0079224E-006
2.633	5.8524902E-006
2.634	5.6083177E-006
2.635	5.2969353E-006
2.636	4.9460432E-006
2.637	4.5867432E-006
2.638	4.2504994E-006
2.639	3.9660954E-006
2.64	3.7569159E-006
2.641	3.6387687E-006
2.642	3.6184849E-006
2.643	3.6933941E-006
2.644	3.8517210E-006
2.645	4.0738601E-006
2.646	4.3343753E-006
2.647	4.6045457E-006
2.648	4.8551829E-006
2.649	5.0594540E-006
2.65	5.1954403E-006
2.651	5.2481801E-006
2.652	5.2110108E-006
2.653	5.0860885E-006
2.654	4.8840466E-006
2.655	4.6228420E-006
2.656	4.3259188E-006
2.657	4.0198565E-006
2.658	3.7317704E-006
2.659	3.4866839E-006
2.66	3.3051447E-006
2.661	3.2013227E-006
2.662	3.1817228E-006
2.663	3.2446735E-006
2.664	3.3805989E-006
2.665	3.5730491E-006
2.666	3.8003757E-006
2.667	4.0378850E-006
2.668	4.2602642E-006
2.669	4.4440217E-006
2.67	4.5697384E-006
2.671	4.6238879E-006
2.672	4.6000650E-006
2.673	4.4995195E-006
2.674	4.3309315E-006
2.675	4.1094763E-006
2.676	3.8552830E-006
2.677	3.5914088E-006
2.678	3.3415781E-006
2.679	3.1278789E-006
2.68	2.9686423E-006
2.681	2.8767240E-006
2.682	2.8583217E-006
2.683	2.9124733E-006
2.684	3.0312249E-006
2.685	3.2005021E-006
2.686	3.4015386E-006
2.687	3.6127451E-006
2.688	3.8118296E-006
2.689	3.9779543E-006
2.69	4.0937252E-006
2.691	4.1468443E-006
2.692	4.1312023E-006
2.693	4.0474333E-006
2.694	3.9027550E-006
2.695	3.7102025E-006
2.696	3.4873133E-006
2.697	3.2543742E-006
2.698	3.0324395E-006
2.699	2.8412790E-006
2.7	2.6974842E-006
2.701	2.6128898E-006
2.702	2.5934837E-006
2.703	2.6388841E-006
2.704	2.7424469E-006
2.705	2.8919762E-006
2.706	3.0709693E-006
2.707	3.2602543E-006
2.708	3.4398804E-006
2.709	3.5910562E-006
2.71	3.6979591E-006
2.711	3.7492332E-006
2.712	3.7390489E-006
2.713	3.6676076E-006
2.714	3.5410683E-006
2.715	3.3708802E-006
2.716	3.1726302E-006
2.717	2.9644818E-006
2.718	2.7653919E-006
2.719	2.5932584E-006
2.72	2.4632004E-006
2.721	2.3861139E-006
2.722	2.3676664E-006
2.723	2.4077956E-006
2.724	2.5007741E-006
2.725	2.6358239E-006
2.726	2.7982082E-006
2.727	2.9706987E-006
2.728	3.1352640E-006
2.729	3.2748330E-006
2.73	3.3749359E-006
2.731	3.4250829E-006
2.732	3.4197496E-006
2.733	3.3588681E-006
2.734	3.2477801E-006
2.735	3.0966723E-006
2.736	2.9195396E-006
2.737	2.7327858E-006
2.738	2.5536108E-006
2.739	2.3983293E-006
2.74	2.2807924E-006
2.741	2.2110657E-006
2.742	2.1944866E-006
2.743	2.2311929E-006
2.744	2.3161542E-006
2.745	2.4397134E-006
2.746	2.5885624E-006
2.747	2.7470662E-006
2.748	2.8987970E-006
2.749	3.0281342E-006
2.75	3.1217664E-006
2.751	3.1699592E-006
2.752	3.1674676E-006
2.753	3.1140057E-006
2.754	3.0142335E-006
2.755	2.8772663E-006
2.756	2.7157557E-006
2.757	2.5446407E-006
2.758	2.3796820E-006
2.759	2.2359241E-006
2.76	2.1262426E-006
2.761	2.0601092E-006
2.762	2.0426951E-006
2.763	2.0744026E-006
2.764	2.1508597E-006
2.765	2.2633828E-006
2.766	2.3998564E-006
2.767	2.5459383E-006
2.768	2.6864759E-006
2.769	2.8069812E-006
2.77	2.8950456E-006
2.771	2.9415160E-006
2.772	2.9413679E-006
2.773	2.8941590E-006
2.774	2.8040301E-006
2.775	2.6792709E-006
2.776	2.5314794E-006
2.777	2.3744074E-006
2.778	2.2226093E-006
2.779	2.0900204E-006
2.78	1.9886108E-006
2.781	1.9272368E-006
2.782	1.9108061E-006
2.783	1.9398346E-006
2.784	2.0104324E-006
2.785	2.1147086E-006
2.786	2.2415745E-006
2.787	2.3778327E-006
2.788	2.5094780E-006
2.789	2.6230568E-006
2.79	2.7069636E-006
2.791	2.7525621E-006
2.792	2.7549972E-006
2.793	2.7136443E-006
2.794	2.6321429E-006
2.795	2.5180168E-006
2.796	2.3819173E-006
2.797	2.2365723E-006
2.798	2.0955263E-006
2.799	1.9718259E-006
2.8	1.8767478E-006
2.801	1.8187137E-006
2.802	1.8024880E-006
2.803	1.8287353E-006
2.804	1.8939849E-006
2.805	1.9909940E-006
2.806	2.1094763E-006
2.807	2.2371287E-006
2.808	2.3608388E-006
2.809	2.4679689E-006
2.81	2.5475827E-006
2.811	2.5914956E-006
2.812	2.5950546E-006
2.813	2.5575621E-006
2.814	2.4823223E-006
2.815	2.3762893E-006
2.816	2.2493662E-006
2.817	2.1134376E-006
2.818	1.9811907E-006
2.819	1.8648913E-006
2.82	1.7751871E-006
2.821	1.7200909E-006
2.822	1.7042112E-006
2.823	1.7283246E-006
2.824	1.7893185E-006
2.825	1.8805129E-006
2.826	1.9923275E-006
2.827	2.1132273E-006
2.828	2.2308593E-006
2.829	2.3332534E-006
2.83	2.4099891E-006
2.831	2.4532039E-006
2.832	2.4583433E-006
2.833	2.4245892E-006
2.834	2.3549158E-006
2.835	2.2557858E-006
2.836	2.1364970E-006
2.837	2.0082657E-006
2.838	1.8831201E-006
2.839	1.7727264E-006
2.84	1.6872538E-006
2.841	1.6343936E-006
2.842	1.6186242E-006
2.843	1.6407911E-006
2.844	1.6980495E-006
2.845	1.7841577E-006
2.846	1.8901029E-006
2.847	2.0049938E-006
2.848	2.1171279E-006
2.849	2.2151337E-006
2.85	2.2890740E-006
2.851	2.3314085E-006
2.852	2.3377117E-006
2.853	2.3070968E-006
2.854	2.2422832E-006
2.855	2.1493152E-006
2.856	2.0369616E-006
2.857	1.9158476E-006
2.858	1.7974107E-006
2.859	1.6927817E-006
2.86	1.6116991E-006
2.861	1.5615659E-006
2.862	1.5467372E-006
2.863	1.5681088E-006
2.864	1.6230464E-006
2.865	1.7056578E-006
2.866	1.8073814E-006
2.867	1.9178347E-006
2.868	2.0258326E-006
2.869	2.1204803E-006
2.87	2.1922301E-006
2.871	2.2338058E-006
2.872	2.2409045E-006
2.873	2.2125903E-006
2.874	2.1513824E-006
2.875	2.0629896E-006
2.876	1.9557453E-006
2.877	1.8397874E-006
2.878	1.7260610E-006
2.879	1.6252583E-006
2.88	1.5467729E-006
2.881	1.4977937E-006
2.882	1.4826103E-006
2.883	1.5022066E-006
2.884	1.5541755E-006
2.885	1.6329670E-006
2.886	1.7304387E-006
2.887	1.8366613E-006
2.888	1.9408919E-006
2.889	2.0326240E-006
2.89	2.1026108E-006
2.891	2.1437631E-006
2.892	2.1518326E-006
2.893	2.1258086E-006
2.894	2.0680104E-006
2.895	1.9838465E-006
2.896	1.8812782E-006
2.897	1.7700322E-006
2.898	1.6606506E-006
2.899	1.5634599E-006
2.9	1.4875707E-006
2.901	1.4399934E-006
2.902	1.4249657E-006
2.903	1.4435474E-006
2.904	1.4935308E-006
2.905	1.5696620E-006
2.906	1.6641623E-006
2.907	1.7674897E-006
2.908	1.8692718E-006
2.909	1.9593174E-006
2.91	2.0286034E-006
2.911	2.0701546E-006
2.912	2.0797170E-006
2.913	2.0561613E-006
2.914	2.0015939E-006
2.915	1.9211373E-006
2.916	1.8224299E-006
2.917	1.7148690E-006
2.918	1.6086919E-006
2.919	1.5139783E-006
2.92	1.4396638E-006
2.921	1.3926782E-006
2.922	1.3772723E-006
2.923	1.3946177E-006
2.924	1.4427009E-006
2.925	1.5165299E-006
2.926	1.6086276E-006
2.927	1.7097633E-006
2.928	1.8098535E-006
2.929	1.8989402E-006
2.93	1.9681586E-006
2.931	2.0105949E-006
2.932	2.0219582E-006
2.933	2.0009929E-006
2.934	1.9495997E-006
2.935	1.8726483E-006
2.936	1.7775033E-006
2.937	1.6732993E-006
2.938	1.5700494E-006
2.939	1.4776650E-006
2.94	1.4049862E-006
2.941	1.3589172E-006
2.942	1.3437530E-006
2.943	1.3607606E-006
2.944	1.4080611E-006
2.945	1.4808173E-006
2.946	1.5717119E-006
2.947	1.6716673E-006
2.948	1.7707342E-006
2.949	1.8590653E-006
2.95	1.9278732E-006
2.951	1.9702841E-006
2.952	1.9820086E-006
2.953	1.9617519E-006
2.954	1.9113372E-006
2.955	1.8355298E-006
2.956	1.7415670E-006
2.957	1.6384538E-006
2.958	1.5360835E-006
2.959	1.4442746E-006
2.96	1.3718123E-006
2.961	1.3255939E-006
2.962	1.3099592E-006
2.963	1.3262691E-006
2.964	1.3727768E-006
2.965	1.4448042E-006
2.966	1.5351984E-006
2.967	1.6350313E-006
2.968	1.7344685E-006
2.969	1.8237263E-006
2.97	1.8940178E-006
2.971	1.9384099E-006
2.972	1.9524903E-006
2.973	1.9347979E-006
2.974	1.8869608E-006
2.975	1.8135455E-006
2.976	1.7216082E-006
2.977	1.6200144E-006
2.978	1.5185755E-006
2.979	1.4270954E-006
2.98	1.3544159E-006
2.981	1.3075526E-006
2.982	1.2910110E-006
2.983	1.3063446E-006
2.984	1.3520000E-006
2.985	1.4234676E-006
2.986	1.5137192E-006
2.987	1.6138930E-006
2.988	1.7141577E-006
2.989	1.8046692E-006
2.99	1.8765332E-006
2.991	1.9226709E-006
2.992	1.9385127E-006
2.993	1.9224426E-006
2.994	1.8759578E-006
2.995	1.8035254E-006
2.996	1.7121497E-006
2.997	1.6106909E-006
2.998	1.5090045E-006
2.999	1.4169854E-006
3	1.3436048E-006
3.001	1.2960368E-006
3.002	1.2789601E-006
3.003	1.2940965E-006
3.004	1.3400427E-006
3.005	1.4123965E-006
3.006	1.5041818E-006
3.007	1.6065201E-006
3.008	1.7094901E-006
3.009	1.8030895E-006
3.01	1.8782097E-006
3.011	1.9275246E-006
3.012	1.9462088E-006
3.013	1.9324136E-006
3.014	1.8874573E-006
3.015	1.8157040E-006
3.016	1.7241470E-006
3.017	1.6217343E-006
3.018	1.5185032E-006
3.019	1.4246034E-006
3.02	1.3493084E-006
3.021	1.3001115E-006
3.022	1.2819885E-006
3.023	1.2969080E-006
3.024	1.3436285E-006
3.025	1.4178127E-006
3.026	1.5124382E-006
3.027	1.6184742E-006
3.028	1.7257535E-006
3.029	1.8239604E-006
3.03	1.9036331E-006
3.031	1.9570916E-006
3.032	1.9791901E-006
3.033	1.9678266E-006
3.034	1.9241588E-006
3.035	1.8525062E-006
3.036	1.7599369E-006
3.037	1.6555906E-006
3.038	1.5497949E-006
3.039	1.4530685E-006
3.04	1.3750935E-006
3.041	1.3237728E-006
3.042	1.3044553E-006
3.043	1.3194043E-006
3.044	1.3675647E-006
3.045	1.4446529E-006
3.046	1.5435568E-006
3.047	1.6550151E-006
3.048	1.7685041E-006
3.049	1.8732567E-006
3.05	1.9593056E-006
3.051	2.0184541E-006
3.052	2.0450907E-006
3.053	2.0367395E-006
3.054	1.9943311E-006
3.055	1.9221277E-006
3.056	1.8273280E-006
3.057	1.7193906E-006
3.058	1.6091226E-006
3.059	1.5076364E-006
3.06	1.4252696E-006
3.061	1.3705705E-006
3.062	1.3494538E-006
3.063	1.3646094E-006
3.064	1.4152155E-006
3.065	1.4970001E-006
3.066	1.6026324E-006
3.067	1.7224176E-006
3.068	1.8452230E-006
3.069	1.9595518E-006
3.07	2.0546606E-006
3.071	2.1216078E-006
3.072	2.1541368E-006
3.073	2.1493095E-006
3.074	2.1078126E-006
3.075	2.0339260E-006
3.076	1.9351342E-006
3.077	1.8214238E-006
3.078	1.7043363E-006
3.079	1.5958574E-006
3.08	1.5072533E-006
3.081	1.4479697E-006
3.082	1.4246951E-006
3.083	1.4406867E-006
3.084	1.4954201E-006
3.085	1.5846075E-006
3.086	1.7005782E-006
3.087	1.8329949E-006
3.088	1.9698321E-006
3.089	2.0985299E-006
3.09	2.2072104E-006
3.091	2.2858394E-006
3.092	2.3272198E-006
3.093	2.3277216E-006
3.094	2.2876759E-006
3.095	2.2113827E-006
3.096	2.1067410E-006
3.097	1.9845204E-006
3.098	1.8573496E-006
3.099	1.7385088E-006
3.1	1.6406492E-006
3.101	1.5745539E-006
3.102	1.5480679E-006
3.103	1.5653007E-006
3.104	1.6261806E-006
3.105	1.7264094E-006
3.106	1.8578265E-006
3.107	2.0091531E-006
3.108	2.1670467E-006
3.109	2.3173711E-006
3.11	2.4465558E-006
3.111	2.5429281E-006
3.112	2.5978695E-006
3.113	2.6067032E-006
3.114	2.5692036E-006
3.115	2.4896860E-006
3.116	2.3766645E-006
3.117	2.2420857E-006
3.118	2.1002297E-006
3.119	1.9663603E-006
3.12	1.8552571E-006
3.121	1.7797688E-006
3.122	1.7495340E-006
3.123	1.7699831E-006
3.124	1.8417355E-006
3.125	1.9604547E-006
3.126	2.1171802E-006
3.127	2.2991185E-006
3.128	2.4908211E-006
3.129	2.6756429E-006
3.13	2.8373395E-006
3.131	2.9616658E-006
3.132	3.0378005E-006
3.133	3.0594690E-006
3.134	3.0256545E-006
3.135	2.9407972E-006
3.136	2.8144898E-006
3.137	2.6606488E-006
3.138	2.4962603E-006
3.139	2.3397909E-006
3.14	2.2094280E-006
3.141	2.1213002E-006
3.142	2.0878554E-006
3.143	2.1165683E-006
3.144	2.2090883E-006
3.145	2.3609418E-006
3.146	2.5618253E-006
3.147	2.7964629E-006
3.148	3.0459776E-006
3.149	3.2896428E-006
3.15	3.5068556E-006
3.151	3.6791507E-006
3.152	3.7920640E-006
3.153	3.8366511E-006
3.154	3.8105229E-006
3.155	3.7182663E-006
3.156	3.5712146E-006
3.157	3.3865524E-006
3.158	3.1858256E-006
3.159	2.9929965E-006
3.16	2.8321838E-006
3.161	2.7253411E-006
3.162	2.6900448E-006
3.163	2.7376489E-006
3.164	2.8719637E-006
3.165	3.0886376E-006
3.166	3.3752858E-006
3.167	3.7124234E-006
3.168	4.0751088E-006
3.169	4.4351877E-006
3.17	4.7639282E-006
3.171	5.0348253E-006
3.172	5.2262935E-006
3.173	5.3239978E-006
3.174	5.3225731E-006
3.175	5.2265655E-006
3.176	5.0504268E-006
3.177	4.8175752E-006
3.178	4.5585361E-006
3.179	4.3083101E-006
3.18	4.1031840E-006
3.181	3.9772694E-006
3.182	3.9590759E-006
3.183	4.0684681E-006
3.184	4.3142959E-006
3.185	4.6929795E-006
3.186	5.1882275E-006
3.187	5.7719722E-006
3.188	6.4065134E-006
3.189	7.0477149E-006
3.19	7.6490151E-006
3.191	8.1659364E-006
3.192	8.5606653E-006
3.193	8.8062970E-006
3.194	8.8903162E-006
3.195	8.8169309E-006
3.196	8.6079781E-006
3.197	8.3021969E-006
3.198	7.9528318E-006
3.199	7.6236679E-006
3.2	7.3837559E-006
3.201	7.3012061E-006
3.202	7.4365685E-006
3.203	7.8364119E-006
3.204	8.5276670E-006
3.205	9.5134174E-006
3.206	1.0770608E-005
3.207	1.2250131E-005
3.208	1.3879468E-005
3.209	1.5568054E-005
3.21	1.7215063E-005
3.211	1.8719313E-005
3.212	1.9990694E-005
3.213	2.0962254E-005
3.214	2.1602187E-005
3.215	2.1924690E-005
3.216	2.1998687E-005
3.217	2.1953556E-005
3.218	2.1981190E-005
3.219	2.2333657E-005
3.22	2.3316363E-005
3.221	2.5276629E-005
3.222	2.8588081E-005
3.223	3.3631430E-005
3.224	4.0772702E-005
3.225	5.0339964E-005
3.226	6.2600076E-005
3.227	7.7736673E-005
3.228	9.5830823E-005
3.229	1.1684588E-004
3.23	1.4061724E-004
3.231	1.6684820E-004
3.232	1.9511201E-004
3.233	2.2486104E-004
3.234	2.5544205E-004
3.235	2.8611798E-004
3.236	3.1609475E-004
3.237	3.4455158E-004
3.238	3.7067596E-004
3.239	3.9369598E-004
3.24	4.1291572E-004
3.241	4.2774458E-004
3.242	4.3772379E-004
3.243	4.4254694E-004
3.244	4.4207225E-004
3.245	4.3632870E-004
3.246	4.2551276E-004
3.247	4.0997873E-004
3.248	3.9022122E-004
3.249	3.6685242E-004
3.25	3.4057430E-004
3.251	3.1214851E-004
3.252	2.8236402E-004
3.253	2.5200532E-004
3.254	2.2182264E-004
3.255	1.9250436E-004
3.256	1.6465396E-004
3.257	1.3877251E-004
3.258	1.1524608E-004
3.259	9.4339775E-005
3.26	7.6197604E-005
3.261	6.0848157E-005
3.262	4.8215363E-005
3.263	3.8133323E-005
3.264	3.0364281E-005
3.265	2.4618415E-005
3.266	2.0574174E-005
3.267	1.7898030E-005
3.268	1.6262544E-005
3.269	1.5361944E-005
3.27	1.4924463E-005
3.271	1.4721241E-005
3.272	1.4571493E-005
3.273	1.4344164E-005
3.274	1.3956360E-005
3.275	1.3369010E-005
3.276	1.2580436E-005
3.277	1.1618411E-005
3.278	1.0531501E-005
3.279	9.3803574E-006
3.28	8.2294591E-006
3.281	7.1399877E-006
3.282	6.1640808E-006
3.283	5.3407434E-006
3.284	4.6935334E-006
3.285	4.2299262E-006
3.286	3.9422230E-006
3.287	3.8097096E-006
3.288	3.8017411E-006
3.289	3.8813837E-006
3.29	4.0092345E-006
3.291	4.1470648E-006
3.292	4.2610250E-006
3.293	4.3241262E-006
3.294	4.3179107E-006
3.295	4.2332081E-006
3.296	4.0699965E-006
3.297	3.8364988E-006
3.298	3.5475855E-006
3.299	3.2227908E-006
3.3	2.8840468E-006
3.301	2.5534223E-006
3.302	2.2510515E-006
3.303	1.9934005E-006
3.304	1.7920261E-006
3.305	1.6528699E-006
3.306	1.5761219E-006
3.307	1.5566129E-006
3.308	1.5846631E-006
3.309	1.6472723E-006
3.31	1.7295290E-006
3.311	1.8160863E-006
3.312	1.8925762E-006
3.313	1.9468400E-006
3.314	1.9698743E-006
3.315	1.9564270E-006
3.316	1.9052201E-006
3.317	1.8187899E-006
3.318	1.7029965E-006
3.319	1.5662597E-006
3.32	1.4186077E-006
3.321	1.2706471E-006
3.322	1.1325325E-006
3.323	1.0130517E-006
3.324	9.1888842E-007
3.325	8.5412086E-007
3.326	8.1999406E-007
3.327	8.1496142E-007
3.328	8.3498321E-007
3.329	8.7403407E-007
3.33	9.2476523E-007
3.331	9.7925135E-007
3.332	1.0297483E-006
3.333	1.0693905E-006
3.334	1.0927763E-006
3.335	1.0963819E-006
3.336	1.0787826E-006
3.337	1.0406734E-006
3.338	9.8469059E-007
3.339	9.1506433E-007
3.34	8.3714957E-007
3.341	7.5686881E-007
3.342	6.8013640E-007
3.343	6.1230986E-007
3.344	5.5771903E-007
3.345	5.1931210E-007
3.346	4.9844476E-007
3.347	4.9482668E-007
3.348	5.0662044E-007
3.349	5.3068106E-007
3.35	5.6290258E-007
3.351	5.9864163E-007
3.352	6.3316924E-007
3.353	6.6211265E-007
3.354	6.8184585E-007
3.355	6.8979182E-007
3.356	6.8461782E-007
3.357	6.6630639E-007
3.358	6.3610031E-007
3.359	5.9633510E-007
3.36	5.5017483E-007
3.361	5.0128301E-007
3.362	4.5345988E-007
3.363	4.1027999E-007
3.364	3.7476789E-007
3.365	3.4913435E-007
3.366	3.3460131E-007
3.367	3.3132474E-007
3.368	3.3841988E-007
3.369	3.5408323E-007
3.37	3.7579491E-007
3.371	4.0058140E-007
3.372	4.2530954E-007
3.373	4.4698507E-007
3.374	4.6302770E-007
3.375	4.7149661E-007
3.376	4.7124888E-007
3.377	4.6201632E-007
3.378	4.4440003E-007
3.379	4.1978203E-007
3.38	3.9016837E-007
3.381	3.5797865E-007
3.382	3.2580468E-007
3.383	2.9616132E-007
3.384	2.7125262E-007
3.385	2.5277541E-007
3.386	2.4177641E-007
3.387	2.3857541E-007
3.388	2.4275909E-007
3.389	2.5324292E-007
3.39	2.6839538E-007
3.391	2.8620752E-007
3.392	3.0449434E-007
3.393	3.2110466E-007
3.394	3.3412255E-007
3.395	3.4203953E-007
3.396	3.4388393E-007
3.397	3.3929524E-007
3.398	3.2853958E-007
3.399	3.1246554E-007
3.4	2.9240590E-007
3.401	2.7003756E-007
3.402	2.4721291E-007
3.403	2.2577923E-007
3.404	2.0740463E-007
3.405	1.9342549E-007
3.406	1.8472971E-007
3.407	1.8168610E-007
3.408	1.8412402E-007
3.409	1.9136493E-007
3.41	2.0230094E-007
3.411	2.1551143E-007
3.412	2.2940593E-007
3.413	2.4237926E-007
3.414	2.5296342E-007
3.415	2.5996323E-007
3.416	2.6256120E-007
3.417	2.6038512E-007
3.418	2.5353091E-007
3.419	2.4254089E-007
3.42	2.2833999E-007
3.421	2.1213769E-007
3.422	1.9530545E-007
3.423	1.7924221E-007
3.424	1.6524085E-007
3.425	1.5436819E-007
3.426	1.4736955E-007
3.427	1.4460655E-007
3.428	1.4603278E-007
3.429	1.5120834E-007
3.43	1.5935203E-007
3.431	1.6942374E-007
3.432	1.8023020E-007
3.433	1.9054144E-007
3.434	1.9920874E-007
3.435	2.0527180E-007
3.436	2.0804465E-007
3.437	2.0717445E-007
3.438	2.0266629E-007
3.439	1.9487406E-007
3.44	1.8445826E-007
3.441	1.7231567E-007
3.442	1.5948832E-007
3.443	1.4706102E-007
3.444	1.3605685E-007
3.445	1.2734137E-007
3.446	1.2154379E-007
3.447	1.1900230E-007
3.448	1.1973860E-007
3.449	1.2346318E-007
3.45	1.2960989E-007
3.451	1.3739641E-007
3.452	1.4590370E-007
3.453	1.5416713E-007
3.454	1.6126930E-007
3.455	1.6642667E-007
3.456	1.6906134E-007
3.457	1.6885146E-007
3.458	1.6575632E-007
3.459	1.6001357E-007
3.46	1.5211049E-007
3.461	1.4273191E-007
3.462	1.3268993E-007
3.463	1.2284389E-007
3.464	1.1401673E-007
3.465	1.0691748E-007
3.466	1.0207570E-007
3.467	9.9794768E-008
3.468	1.0012789E-007
3.469	1.0287825E-007
3.47	1.0762329E-007
3.471	1.1375993E-007
3.472	1.2056617E-007
3.473	1.2727246E-007
3.474	1.3313671E-007
3.475	1.3751443E-007
3.476	1.3991882E-007
3.477	1.4006385E-007
3.478	1.3788764E-007
3.479	1.3355370E-007
3.48	1.2743068E-007
3.481	1.2005255E-007
3.482	1.1206401E-007
3.483	1.0415614E-007
3.484	9.6999223E-008
3.485	9.1178642E-008
3.486	8.7140471E-008
3.487	8.5151477E-008
3.488	8.5277009E-008
3.489	8.7378986E-008
3.49	9.1133096E-008
3.491	9.6063765E-008
3.492	1.0159288E-007
3.493	1.0709758E-007
3.494	1.1197091E-007
3.495	1.1567996E-007
3.496	1.1781568E-007
3.497	1.1812948E-007
3.498	1.1655417E-007
3.499	1.1320635E-007
3.5	1.0837164E-007
3.501	1.0247378E-007
3.502	9.6030973E-008
3.503	8.9604484E-008
3.504	8.3743664E-008
3.505	7.8933418E-008
3.506	7.5548876E-008
3.507	7.3821404E-008
3.508	7.3818981E-008
3.509	7.5442870E-008
3.51	7.8440003E-008
3.511	8.2430695E-008
3.512	8.6947161E-008
3.513	9.1480622E-008
3.514	9.5530986E-008
3.515	9.8654780E-008
3.516	1.0050692E-007
3.517	1.0087187E-007
3.518	9.9682218E-008
3.519	9.7022046E-008
3.52	9.3116128E-008
3.521	8.8305612E-008
3.522	8.3012942E-008
3.523	7.7699674E-008
3.524	7.2821038E-008
3.525	6.8782342E-008
3.526	6.5900466E-008
3.527	6.4375108E-008
3.528	6.4271433E-008
3.529	6.5516488E-008
3.53	6.7908630E-008
3.531	7.1139667E-008
3.532	7.4826453E-008
3.533	7.8549455E-008
3.534	8.1893958E-008
3.535	8.4490047E-008
3.536	8.6047422E-008
3.537	8.6382137E-008
3.538	8.5432191E-008
3.539	8.3261547E-008
3.54	8.0051500E-008
3.541	7.6081065E-008
3.542	7.1698381E-008
3.543	6.7285626E-008
3.544	6.3221592E-008
3.545	5.9844979E-008
3.546	5.7422387E-008
3.547	5.6123689E-008
3.548	5.6007369E-008
3.549	5.7016827E-008
3.55	5.8987929E-008
3.551	6.1666846E-008
3.552	6.4736305E-008
3.553	6.7847388E-008
3.554	7.0653932E-008
3.555	7.2845999E-008
3.556	7.4179141E-008
3.557	7.4496917E-008
3.558	7.3744232E-008
3.559	7.1970931E-008
3.56	6.9325111E-008
3.561	6.6036840E-008
3.562	6.2394555E-008
3.563	5.8716072E-008
3.564	5.5317329E-008
3.565	5.2481749E-008
3.566	5.0433449E-008
3.567	4.9316451E-008
3.568	4.9182201E-008
3.569	4.9986170E-008
3.57	5.1593883E-008
3.571	5.3795528E-008
3.572	5.6327636E-008
3.573	5.8899658E-008
3.574	6.1222536E-008
3.575	6.3036808E-008
3.576	6.4137318E-008
3.577	6.4391962E-008
3.578	6.3753518E-008
3.579	6.2262465E-008
3.58	6.0041685E-008
3.581	5.7283010E-008
3.582	5.4227364E-008
3.583	5.1140553E-008
3.584	4.8286957E-008
3.585	4.5903949E-008
3.586	4.4179320E-008
3.587	4.3233879E-008
3.588	4.3111012E-008
3.589	4.3773696E-008
3.59	4.5109608E-008
3.591	4.6943253E-008
3.592	4.9054162E-008
3.593	5.1198999E-008
3.594	5.3135704E-008
3.595	5.4646883E-008
3.596	5.5560616E-008
3.597	5.5766240E-008
3.598	5.5224138E-008
3.599	5.3968328E-008
3.6	5.2101772E-008
3.601	4.9785246E-008
3.602	4.7220631E-008
3.603	4.4630525E-008
3.604	4.2236277E-008
3.605	4.0236415E-008
3.606	3.8787800E-008
3.607	3.7991075E-008
3.608	3.7881868E-008
3.609	3.8428503E-008
3.61	3.9536250E-008
3.611	4.1057657E-008
3.612	4.2807798E-008
3.613	4.4582961E-008
3.614	4.6180737E-008
3.615	4.7419693E-008
3.616	4.8156689E-008
3.617	4.8300045E-008
3.618	4.7817668E-008
3.619	4.6739039E-008
3.62	4.5151346E-008
3.621	4.3189932E-008
3.622	4.1024325E-008
3.623	3.8841108E-008
3.624	3.6825508E-008
3.625	3.5143270E-008
3.626	3.3924987E-008
3.627	3.3253883E-008
3.628	3.3158617E-008
3.629	3.3611386E-008
3.63	3.4531624E-008
3.631	3.5794891E-008
3.632	3.7245641E-008
3.633	3.8713036E-008
3.634	4.0027871E-008
3.635	4.1039005E-008
3.636	4.1627818E-008
3.637	4.1719154E-008
3.638	4.1287922E-008
3.639	4.0360504E-008
3.64	3.9011351E-008
3.641	3.7354834E-008
3.642	3.5533361E-008
3.643	3.3702975E-008
3.644	3.2017962E-008
3.645	3.0615762E-008
3.646	2.9603939E-008
3.647	2.9050167E-008
3.648	2.8976350E-008
3.649	2.9357286E-008
3.65	3.0123989E-008
3.651	3.1171130E-008
3.652	3.2368053E-008
3.653	3.3571929E-008
3.654	3.4641928E-008
3.655	3.5452970E-008
3.656	3.5907686E-008
3.657	3.5945359E-008
3.658	3.5547227E-008
3.659	3.4737560E-008
3.66	3.3580505E-008
3.661	3.2173062E-008
3.662	3.0635046E-008
3.663	2.9096883E-008
3.664	2.7686736E-008
3.665	2.6518027E-008
3.666	2.5678609E-008
3.667	2.5222667E-008
3.668	2.5166086E-008
3.669	2.5485583E-008
3.67	2.6121732E-008
3.671	2.6985454E-008
3.672	2.7967223E-008
3.673	2.8948230E-008
3.674	2.9812082E-008
3.675	3.0456192E-008
3.676	3.0801484E-008
3.677	3.0799725E-008
3.678	3.0437626E-008
3.679	2.9737469E-008
3.68	2.8754254E-008
3.681	2.7569710E-008
3.682	2.6283745E-008
3.683	2.5004416E-008
3.684	2.3837131E-008
3.685	2.2874460E-008
3.686	2.2187280E-008
3.687	2.1818263E-008
3.688	2.1778240E-008
3.689	2.2045690E-008
3.69	2.2569516E-008
3.691	2.3274543E-008
3.692	2.4069379E-008
3.693	2.4855680E-008
3.694	2.5537917E-008
3.695	2.6032712E-008
3.696	2.6276755E-008
3.697	2.6232678E-008
3.698	2.5892156E-008
3.699	2.5276163E-008
3.7	2.4432390E-008
3.701	2.3429928E-008
3.702	2.2352163E-008
3.703	2.1288246E-008
3.704	2.0324288E-008
3.705	1.9534943E-008
3.706	1.8976346E-008
3.707	1.8680991E-008
3.708	1.8655069E-008
3.709	1.8878346E-008
3.71	1.9306736E-008
3.711	1.9877115E-008
3.712	2.0513887E-008
3.713	2.1136664E-008
3.714	2.1668230E-008
3.715	2.2042046E-008
3.716	2.2208587E-008
3.717	2.2139771E-008
3.718	2.1831301E-008
3.719	2.1302581E-008
3.72	2.0594275E-008
3.721	1.9763904E-008
3.722	1.8879787E-008
3.723	1.8014140E-008
3.724	1.7235848E-008
3.725	1.6603813E-008
3.726	1.6161332E-008
3.727	1.5932180E-008
3.728	1.5918701E-008
3.729	1.6102039E-008
3.73	1.6444428E-008
3.731	1.6893404E-008
3.732	1.7387199E-008
3.733	1.7861161E-008
3.734	1.8254100E-008
3.735	1.8514298E-008
3.736	1.8604391E-008
3.737	1.8504702E-008
3.738	1.8214832E-008
3.739	1.7753191E-008
3.74	1.7154791E-008
3.741	1.6467393E-008
3.742	1.5746496E-008
3.743	1.5049636E-008
3.744	1.4430737E-008
3.745	1.3934778E-008
3.746	1.3593627E-008
3.747	1.3423164E-008
3.748	1.3422122E-008
3.749	1.3572627E-008
3.75	1.3842366E-008
3.751	1.4188139E-008
3.752	1.4560417E-008
3.753	1.4908368E-008
3.754	1.5184952E-008
3.755	1.5351420E-008
3.756	1.5381003E-008
3.757	1.5261168E-008
3.758	1.4994576E-008
3.759	1.4598375E-008
3.76	1.4102158E-008
3.761	1.3544703E-008
3.762	1.2969889E-008
3.763	1.2422229E-008
3.764	1.1942413E-008
3.765	1.1563395E-008
3.766	1.1307303E-008
3.767	1.1183540E-008
3.768	1.1188197E-008
3.769	1.1304795E-008
3.77	1.1506287E-008
3.771	1.1758032E-008
3.772	1.2021447E-008
3.773	1.2258006E-008
3.774	1.2433026E-008
3.775	1.2519061E-008
3.776	1.2498408E-008
3.777	1.2364604E-008
3.778	1.2122729E-008
3.779	1.1788583E-008
3.78	1.1386767E-008
3.781	1.0947980E-008
3.782	1.0505738E-008
3.783	1.0092947E-008
3.784	9.7386188E-009
3.785	9.4650554E-009
3.786	9.2858308E-009
3.787	9.2046992E-009
3.788	9.2154915E-009
3.789	9.3030836E-009
3.79	9.4451806E-009
3.791	9.6148085E-009
3.792	9.7831903E-009
3.793	9.9227027E-009
3.794	1.0009644E-008
3.795	1.0026502E-008
3.796	9.9635145E-009
3.797	9.8194040E-009
3.798	9.6012300E-009
3.799	9.3233714E-009
3.8	9.0058272E-009
3.801	8.6719831E-009
3.802	8.3460963E-009
3.803	8.0507956E-009
3.804	7.8048323E-009
3.805	7.6212929E-009
3.806	7.5064746E-009
3.807	7.4594695E-009
3.808	7.4725541E-009
3.809	7.5322175E-009
3.81	7.6207796E-009
3.811	7.7183753E-009
3.812	7.8050890E-009
3.813	7.8630178E-009
3.814	7.8780422E-009
3.815	7.8411562E-009
3.816	7.7491817E-009
3.817	7.6048838E-009
3.818	7.4164248E-009
3.819	7.1963027E-009
3.82	6.9598429E-009
3.821	6.7234822E-009
3.822	6.5029755E-009
3.823	6.3117573E-009
3.824	6.1596164E-009
3.825	6.0518035E-009
3.826	5.9886678E-009
3.827	5.9658469E-009
3.828	5.9749250E-009
3.829	6.0045418E-009
3.83	6.0417538E-009
3.831	6.0735106E-009
3.832	6.0880940E-009
3.833	6.0763554E-009
3.834	6.0325913E-009
3.835	5.9550391E-009
3.836	5.8458833E-009
3.837	5.7108349E-009
3.838	5.5583320E-009
3.839	5.3984590E-009
3.84	5.2417284E-009
3.841	5.0978497E-009
3.842	4.9746554E-009
3.843	4.8772661E-009
3.844	4.8076094E-009
3.845	4.7643276E-009
3.846	4.7430668E-009
3.847	4.7371116E-009
3.848	4.7382880E-009
3.849	4.7379860E-009
3.85	4.7282347E-009
3.851	4.7026436E-009
3.852	4.6571498E-009
3.853	4.5904471E-009
3.854	4.5040762E-009
3.855	4.4021715E-009
3.856	4.2908819E-009
3.857	4.1775605E-009
3.858	4.0698200E-009
3.859	3.9745536E-009
3.86	3.8970738E-009
3.861	3.8404417E-009
3.862	3.8050834E-009
3.863	3.7887391E-009
3.864	3.7867554E-009
3.865	3.7926626E-009
3.866	3.7990020E-009
3.867	3.7982693E-009
3.868	3.7838754E-009
3.869	3.7510168E-009
3.87	3.6973034E-009
3.871	3.6231358E-009
3.872	3.5317049E-009
3.873	3.4286642E-009
3.874	3.3214769E-009
3.875	3.2185352E-009
3.876	3.1281333E-009
3.877	3.0574312E-009
3.878	3.0115299E-009
3.879	2.9927747E-009
3.88	3.0003757E-009
3.881	3.0304004E-009
3.882	3.0761416E-009
3.883	3.1288487E-009
3.884	3.1787151E-009
3.885	3.2160308E-009
3.886	3.2323633E-009
3.887	3.2216243E-009
3.888	3.1808938E-009
3.889	3.1108975E-009
3.89	3.0160598E-009
3.891	2.9041305E-009
3.892	2.7853895E-009
3.893	2.6715361E-009
3.894	2.5743592E-009
3.895	2.5043472E-009
3.896	2.4694047E-009
3.897	2.4738152E-009
3.898	2.5176008E-009
3.899	2.5963434E-009
3.9	2.7015323E-009
3.901	2.8213978E-009
3.902	2.9421667E-009
3.903	3.0495915E-009
3.904	3.1306091E-009
3.905	3.1749248E-009
3.906	3.1763376E-009
3.907	3.1336416E-009
3.908	3.0509872E-009
3.909	2.9376341E-009
3.91	2.8070988E-009
3.911	2.6757714E-009
3.912	2.5611393E-009
3.913	2.4798119E-009
3.914	2.4455578E-009
3.915	2.4675844E-009
3.916	2.5492684E-009
3.917	2.6875062E-009
3.918	2.8727802E-009
3.919	3.0899676E-009
3.92	3.3198320E-009
3.921	3.5410592E-009
3.922	3.7326293E-009
3.923	3.8762669E-009
3.924	3.9586978E-009
3.925	3.9734456E-009
3.926	3.9219334E-009
3.927	3.8137524E-009
3.928	3.6659871E-009
3.929	3.5016741E-009
3.93	3.3474801E-009
3.931	3.2308518E-009
3.932	3.1769269E-009
3.933	3.2055285E-009
3.934	3.3286116E-009
3.935	3.5484584E-009
3.936	3.8568815E-009
3.937	4.2355555E-009
3.938	4.6575450E-009
3.939	5.0898765E-009
3.94	5.4969616E-009
3.941	5.8445195E-009
3.942	6.1035932E-009
3.943	6.2541998E-009
3.944	6.2882086E-009
3.945	6.2110419E-009
3.946	6.0419696E-009
3.947	5.8128640E-009
3.948	5.5654339E-009
3.949	5.3471894E-009
3.95	5.2065086E-009
3.951	5.1872551E-009
3.952	5.3235665E-009
3.953	5.6354028E-009
3.954	6.1253469E-009
3.955	6.7771837E-009
3.956	7.5564319E-009
3.957	8.4129930E-009
3.958	9.2856851E-009
3.959	1.0108359E-008
3.96	1.0816965E-008
3.961	1.1356923E-008
3.962	1.1689936E-008
3.963	1.1799538E-008
3.964	1.1694607E-008
3.965	1.1410352E-008
3.966	1.1006497E-008
3.967	1.0562603E-008
3.968	1.0170921E-008
3.969	9.9272670E-009
3.97	9.9208641E-009
3.971	1.0224096E-008
3.972	1.0883356E-008
3.973	1.1912007E-008
3.974	1.3286381E-008
3.975	1.4945567E-008
3.976	1.6795196E-008
3.977	1.8715209E-008
3.978	2.0571052E-008
3.979	2.2227381E-008
3.98	2.3563036E-008
3.981	2.4485683E-008
3.982	2.4944670E-008
3.983	2.4940434E-008
3.984	2.4529234E-008
3.985	2.3822327E-008
3.986	2.2979052E-008
3.987	2.2194291E-008
3.988	2.1680824E-008
3.989	2.1648290E-008
3.99	2.2280574E-008
3.991	2.3713792E-008
3.992	2.6017496E-008
3.993	2.9181285E-008
3.994	3.3108652E-008
3.995	3.7619721E-008
3.996	4.2463135E-008
3.997	4.7337029E-008
3.998	5.1917546E-008
3.999	5.5892858E-008
4	5.8999611E-008
4.001	6.1058138E-008
4.002	6.2003039E-008
4.003	6.1904530E-008
4.004	6.0978742E-008
4.005	5.9583122E-008
4.006	5.8197035E-008
4.007	5.7386814E-008
4.008	5.7757916E-008
4.009	5.9896976E-008
4.01	6.4308850E-008
4.011	7.1354485E-008
4.012	8.1196447E-008
4.013	9.3758608E-008
4.014	1.0870659E-007
4.015	1.2545435E-007
4.016	1.4319998E-007
4.017	1.6099281E-007
4.018	1.7782965E-007
4.019	1.9277712E-007
4.02	2.0511295E-007
4.021	2.1447639E-007
4.022	2.2101790E-007
4.023	2.2553348E-007
4.024	2.2957298E-007
4.025	2.3550707E-007
4.026	2.4654420E-007
4.027	2.6668758E-007
4.028	3.0062824E-007
4.029	3.5357240E-007
4.03	4.3100809E-007
4.031	5.3841961E-007
4.032	6.8096176E-007
4.033	8.6311275E-007
4.034	1.0883239E-006
4.035	1.3586872E-006
4.036	1.6746443E-006
4.037	2.0347591E-006
4.038	2.4355625E-006
4.039	2.8715033E-006
4.04	3.3349957E-006
4.041	3.8165813E-006
4.042	4.3052000E-006
4.043	4.7885619E-006
4.044	5.2536093E-006
4.045	5.6870349E-006
4.046	6.0758612E-006
4.047	6.4079968E-006
4.048	6.6727985E-006
4.049	6.8615691E-006
4.05	6.9679654E-006
4.051	6.9883135E-006
4.052	6.9217922E-006
4.053	6.7704746E-006
4.054	6.5392414E-006
4.055	6.2355562E-006
4.056	5.8691239E-006
4.057	5.4514430E-006
4.058	4.9952837E-006
4.059	4.5141196E-006
4.06	4.0215477E-006
4.061	3.5307141E-006
4.062	3.0537856E-006
4.063	2.6014964E-006
4.064	2.1827786E-006
4.065	1.8045079E-006
4.066	1.4713547E-006
4.067	1.1857686E-006
4.068	9.4806506E-007
4.069	7.5662246E-007
4.07	6.0816137E-007
4.071	4.9809063E-007
4.072	4.2089033E-007
4.073	3.7051120E-007
4.074	3.4076140E-007
4.075	3.2566177E-007
4.076	3.1974744E-007
4.077	3.1830481E-007
4.078	3.1753376E-007
4.079	3.1463165E-007
4.08	3.0780285E-007
4.081	2.9619977E-007
4.082	2.7980738E-007
4.083	2.5928435E-007
4.084	2.3577812E-007
4.085	2.1072793E-007
4.086	1.8567461E-007
4.087	1.6208747E-007
4.088	1.4122229E-007
4.089	1.2401627E-007
4.09	1.1102569E-007
4.091	1.0240562E-007
4.092	9.7929203E-008
4.093	9.7040633E-008
4.094	9.8933626E-008
4.095	1.0264608E-007
4.096	1.0716047E-007
4.097	1.1150124E-007
4.098	1.1481976E-007
4.099	1.1646136E-007
4.1	1.1600874E-007
4.101	1.1330059E-007
4.102	1.0842518E-007
4.103	1.0169179E-007
4.104	9.3583672E-008
4.105	8.4698669E-008
4.106	7.5683552E-008
4.107	6.7168230E-008
4.108	5.9706380E-008
4.109	5.3727003E-008
4.11	4.9501029E-008
4.111	4.7124786E-008
4.112	4.6520949E-008
4.113	4.7455845E-008
4.114	4.9570399E-008
4.115	5.2421118E-008
4.116	5.5526566E-008
4.117	5.8414930E-008
4.118	6.0667979E-008
4.119	6.1957550E-008
4.12	6.2071628E-008
4.121	6.0927967E-008
4.122	5.8575026E-008
4.123	5.5180063E-008
4.124	5.1007053E-008
4.125	4.6386226E-008
4.126	4.1679144E-008
4.127	3.7242227E-008
4.128	3.3392947E-008
4.129	3.0380939E-008
4.13	2.8367390E-008
4.131	2.7413378E-008
4.132	2.7478610E-008
4.133	2.8429625E-008
4.134	3.0056597E-008
4.135	3.2096597E-008
4.136	3.4260964E-008
4.137	3.6263760E-008
4.138	3.7849055E-008
4.139	3.8813820E-008
4.14	3.9025171E-008
4.141	3.8429967E-008
4.142	3.7056655E-008
4.143	3.5008995E-008
4.144	3.2453229E-008
4.145	2.9599535E-008
4.146	2.6680166E-008
4.147	2.3926381E-008
4.148	2.1546287E-008
4.149	1.9705723E-008
4.15	1.8514010E-008
4.151	1.8015474E-008
4.152	1.8187572E-008
4.153	1.8945441E-008
4.154	2.0152196E-008
4.155	2.1633884E-008
4.156	2.3197401E-008
4.157	2.4649585E-008
4.158	2.5815718E-008
4.159	2.6555508E-008
4.16	2.6775377E-008
4.161	2.6435732E-008
4.162	2.5552932E-008
4.163	2.4195788E-008
4.164	2.2477202E-008
4.165	2.0541831E-008
4.166	1.8551233E-008
4.167	1.6667723E-008
4.168	1.5038912E-008
4.169	1.3783946E-008
4.17	1.2983049E-008
4.171	1.2671090E-008
4.172	1.2835650E-008
4.173	1.3419683E-008
4.174	1.4328355E-008
4.175	1.5439245E-008
4.176	1.6614896E-008
4.177	1.7716358E-008
4.178	1.8616522E-008
4.179	1.9211864E-008
4.18	1.9431603E-008
4.181	1.9243490E-008
4.182	1.8655722E-008
4.183	1.7714930E-008
4.184	1.6500630E-008
4.185	1.5116608E-008
4.186	1.3680323E-008
4.187	1.2311283E-008
4.188	1.1119552E-008
4.189	1.0195497E-008
4.19	9.6017105E-009
4.191	9.3678194E-009
4.192	9.4885504E-009
4.193	9.9252153E-009
4.194	1.0610309E-008
4.195	1.1454760E-008
4.196	1.2357003E-008
4.197	1.3213004E-008
4.198	1.3926281E-008
4.199	1.4416869E-008
4.2	1.4628507E-008
4.201	1.4533406E-008
4.202	1.4134078E-008
4.203	1.3462328E-008
4.204	1.2575427E-008
4.205	1.1549977E-008
4.206	1.0474083E-008
4.207	9.4386516E-009
4.208	8.5286302E-009
4.209	7.8150491E-009
4.21	7.3485835E-009
4.211	7.1552417E-009
4.212	7.2344855E-009
4.213	7.5599509E-009
4.214	8.0826164E-009
4.215	8.7360386E-009
4.216	9.4431343E-009
4.217	1.0123808E-008
4.218	1.0702672E-008
4.219	1.1116119E-008
4.22	1.1318103E-008
4.221	1.1284094E-008
4.222	1.1012863E-008
4.223	1.0526039E-008
4.224	9.8654516E-009
4.225	9.0886401E-009
4.226	8.2629752E-009
4.227	7.4589952E-009
4.228	6.7436052E-009
4.229	6.1737797E-009
4.23	5.7913985E-009
4.231	5.6196194E-009
4.232	5.6611369E-009
4.233	5.8984262E-009
4.234	6.2958940E-009
4.235	6.8037136E-009
4.236	7.3628850E-009
4.237	7.9110736E-009
4.238	8.3885938E-009
4.239	8.7440180E-009
4.24	8.9388461E-009
4.241	8.9508516E-009
4.242	8.7757916E-009
4.243	8.4273903E-009
4.244	7.9356113E-009
4.245	7.3434192E-009
4.246	6.7024231E-009
4.247	6.0677743E-009
4.248	5.4928568E-009
4.249	5.0242610E-009
4.25	4.6975339E-009
4.251	4.5340567E-009
4.252	4.5393307E-009
4.253	4.7028421E-009
4.254	4.9994000E-009
4.255	5.3918732E-009
4.256	5.8349663E-009
4.257	6.2797008E-009
4.258	6.6781296E-009
4.259	6.9878516E-009
4.26	7.1758932E-009
4.261	7.2216149E-009
4.262	7.1183899E-009
4.263	6.8739019E-009
4.264	6.5091066E-009
4.265	6.0559526E-009
4.266	5.5541061E-009
4.267	5.0470375E-009
4.268	4.5778248E-009
4.269	4.1850905E-009
4.27	3.8994568E-009
4.271	3.7408281E-009
4.272	3.7167489E-009
4.273	3.8219694E-009
4.274	4.0392205E-009
4.275	4.3411004E-009
4.276	4.6928941E-009
4.277	5.0559956E-009
4.278	5.3916378E-009
4.279	5.6645537E-009
4.28	5.8462151E-009
4.281	5.9173755E-009
4.282	5.8696736E-009
4.283	5.7061729E-009
4.284	5.4408202E-009
4.285	5.0968865E-009
4.286	4.7045705E-009
4.287	4.2980028E-009
4.288	3.9119681E-009
4.289	3.5786114E-009
4.29	3.3245060E-009
4.291	3.1682732E-009
4.292	3.1190293E-009
4.293	3.1757295E-009
4.294	3.3274945E-009
4.295	3.5548318E-009
4.296	3.8316457E-009
4.297	4.1278150E-009
4.298	4.4120831E-009
4.299	4.6550093E-009
4.3	4.8316626E-009
4.301	4.9238680E-009
4.302	4.9217443E-009
4.303	4.8244537E-009
4.304	4.6400910E-009
4.305	4.3847459E-009
4.306	4.0808272E-009
4.307	3.7548533E-009
4.308	3.4348908E-009
4.309	3.1479150E-009
4.31	2.9173191E-009
4.311	2.7608094E-009
4.312	2.6888827E-009
4.313	2.7039866E-009
4.314	2.8004743E-009
4.315	2.9652831E-009
4.316	3.1793099E-009
4.317	3.4193024E-009
4.318	3.6601009E-009
4.319	3.8770080E-009
4.32	4.0480530E-009
4.321	4.1559800E-009
4.322	4.1897321E-009
4.323	4.1453490E-009
4.324	4.0261932E-009
4.325	3.8424894E-009
4.326	3.6102596E-009
4.327	3.3497169E-009
4.328	3.0833454E-009
4.329	2.8337739E-009
4.33	2.6216940E-009
4.331	2.4639919E-009
4.332	2.3722675E-009
4.333	2.3518640E-009
4.334	2.4014926E-009
4.335	2.5134741E-009
4.336	2.6745639E-009
4.337	2.8672686E-009
4.338	3.0715326E-009
4.339	3.2666196E-009
4.34	3.4330332E-009
4.341	3.5542729E-009
4.342	3.6182981E-009
4.343	3.6185417E-009
4.344	3.5544245E-009
4.345	3.4312924E-009
4.346	3.2598335E-009
4.347	3.0549978E-009
4.348	2.8345724E-009
4.349	2.6174967E-009
4.35	2.4221221E-009
4.351	2.2645446E-009
4.352	2.1571764E-009
4.353	2.1076738E-009
4.354	2.1183226E-009
4.355	2.1859117E-009
4.356	2.3021138E-009
4.357	2.4543239E-009
4.358	2.6268685E-009
4.359	2.8024727E-009
4.36	2.9638514E-009
4.361	3.0952734E-009
4.362	3.1839680E-009
4.363	3.2212362E-009
4.364	3.2031826E-009
4.365	3.1310037E-009
4.366	3.0108143E-009
4.367	2.8530256E-009
4.368	2.6713545E-009
4.369	2.4815370E-009
4.37	2.2998843E-009
4.371	2.1417936E-009
4.372	2.0203708E-009
4.373	1.9452686E-009
4.374	1.9218533E-009
4.375	1.9507591E-009
4.376	2.0278930E-009
4.377	2.1448452E-009
4.378	2.2896991E-009
4.379	2.4481417E-009
4.38	2.6047806E-009
4.381	2.7445484E-009
4.382	2.8540579E-009
4.383	2.9227938E-009
4.384	2.9440452E-009
4.385	2.9154685E-009
4.386	2.8392713E-009
4.387	2.7219729E-009
4.388	2.5737834E-009
4.389	2.4076530E-009
4.39	2.2380877E-009
4.391	2.0798261E-009
4.392	1.9465054E-009
4.393	1.8494370E-009
4.394	1.7965983E-009
4.395	1.7919253E-009
4.396	1.8349787E-009
4.397	1.9210007E-009
4.398	2.0413664E-009
4.399	2.1843780E-009
4.4	2.3363340E-009
4.401	2.4827835E-009
4.402	2.6098348E-009
4.403	2.7054141E-009
4.404	2.7603613E-009
4.405	2.7692530E-009
4.406	2.7308833E-009
4.407	2.6483726E-009
4.408	2.5288673E-009
4.409	2.3828892E-009
4.41	2.2233673E-009
4.411	2.0644628E-009
4.412	1.9202762E-009
4.413	1.8035612E-009
4.414	1.7245685E-009
4.415	1.6901093E-009
4.416	1.7029367E-009
4.417	1.7614956E-009
4.418	1.8600607E-009
4.419	1.9892552E-009
4.42	2.1369080E-009
4.421	2.2891555E-009
4.422	2.4317106E-009
4.423	2.5511673E-009
4.424	2.6362301E-009
4.425	2.6787510E-009
4.426	2.6744893E-009
4.427	2.6235050E-009
4.428	2.5301667E-009
4.429	2.4027678E-009
4.43	2.2527678E-009
4.431	2.0937523E-009
4.432	1.9401905E-009
4.433	1.8061015E-009
4.434	1.7037601E-009
4.435	1.6425605E-009
4.436	1.6281348E-009
4.437	1.6618211E-009
4.438	1.7405195E-009
4.439	1.8569626E-009
4.44	2.0003674E-009
4.441	2.1574189E-009
4.442	2.3134921E-009
4.443	2.4539977E-009
4.444	2.5657356E-009
4.445	2.6381275E-009
4.446	2.6642080E-009
4.447	2.6412947E-009
4.448	2.5712583E-009
4.449	2.4603728E-009
4.45	2.3187614E-009
4.451	2.1594759E-009
4.452	1.9972983E-009
4.453	1.8473747E-009
4.454	1.7238021E-009
4.455	1.6383093E-009
4.456	1.5991412E-009
4.457	1.6102676E-009
4.458	1.6709829E-009
4.459	1.7759408E-009
4.46	1.9156268E-009
4.461	2.0772195E-009
4.462	2.2457725E-009
4.463	2.4056068E-009
4.464	2.5417699E-009
4.465	2.6414484E-009
4.466	2.6951870E-009
4.467	2.6977944E-009
4.468	2.6488638E-009
4.469	2.5528442E-009
4.47	2.4186575E-009
4.471	2.2588864E-009
4.472	2.0886248E-009
4.473	1.9240691E-009
4.474	1.7809965E-009
4.475	1.6732737E-009
4.476	1.6115331E-009
4.477	1.6021383E-009
4.478	1.6465532E-009
4.479	1.7411627E-009
4.48	1.8775810E-009
4.481	2.0434117E-009
4.482	2.2233899E-009
4.483	2.4008164E-009
4.484	2.5591287E-009
4.485	2.6834706E-009
4.486	2.7621208E-009
4.487	2.7876186E-009
4.488	2.7575147E-009
4.489	2.6746254E-009
4.49	2.5468141E-009
4.491	2.3862794E-009
4.492	2.2084246E-009
4.493	2.0304196E-009
4.494	1.8695805E-009
4.495	1.7417210E-009
4.496	1.6596370E-009
4.497	1.6318609E-009
4.498	1.6618203E-009
4.499	1.7474677E-009
4.5	1.8814350E-009
4.501	2.0516984E-009
4.502	2.2426885E-009
4.503	2.4367495E-009
4.504	2.6158109E-009
4.505	2.7631133E-009
4.506	2.8648117E-009
4.507	2.9113225E-009
4.508	2.8982712E-009
4.509	2.8269433E-009
4.51	2.7042046E-009
4.511	2.5418865E-009
4.512	2.3556908E-009
4.513	2.1637243E-009
4.514	1.9847843E-009
4.515	1.8365731E-009
4.516	1.7340027E-009
4.517	1.6877451E-009
4.518	1.7031830E-009
4.519	1.7798509E-009
4.52	1.9114319E-009
4.521	2.0863098E-009
4.522	2.2886408E-009
4.523	2.4998343E-009
4.524	2.7003102E-009
4.525	2.8713751E-009
4.526	2.9970240E-009
4.527	3.0654994E-009
4.528	3.0704579E-009
4.529	3.0116256E-009
4.53	2.8948619E-009
4.531	2.7316536E-009
4.532	2.5380393E-009
4.533	2.3331039E-009
4.534	2.1371680E-009
4.535	1.9698356E-009
4.536	1.8481114E-009
4.537	1.7847424E-009
4.538	1.7869681E-009
4.539	1.8557804E-009
4.54	1.9857842E-009
4.541	2.1656650E-009
4.542	2.3792350E-009
4.543	2.6069475E-009
4.544	2.8277571E-009
4.545	3.0211265E-009
4.546	3.1690159E-009
4.547	3.2576379E-009
4.548	3.2788199E-009
4.549	3.2308425E-009
4.55	3.1186469E-009
4.551	2.9534191E-009
4.552	2.7515503E-009
4.553	2.5331037E-009
4.554	2.3198976E-009
4.555	2.1334197E-009
4.556	1.9927489E-009
4.557	1.9126933E-009
4.558	1.9023330E-009
4.559	1.9640951E-009
4.56	2.0934707E-009
4.561	2.2793909E-009
4.562	2.5052505E-009
4.563	2.7504605E-009
4.564	2.9924074E-009
4.565	3.2086274E-009
4.566	3.3789684E-009
4.567	3.4875725E-009
4.568	3.5244367E-009
4.569	3.4864318E-009
4.57	3.3776608E-009
4.571	3.2091210E-009
4.572	2.9976939E-009
4.573	2.7645537E-009
4.574	2.5331570E-009
4.575	2.3269848E-009
4.576	2.1672721E-009
4.577	2.0709328E-009
4.578	2.0488908E-009
4.579	2.1049738E-009
4.58	2.2354845E-009
4.581	2.4294977E-009
4.582	2.6698561E-009
4.583	2.9347833E-009
4.584	3.1999496E-009
4.585	3.4408123E-009
4.586	3.6349945E-009
4.587	3.7644696E-009
4.588	3.8173562E-009
4.589	3.7891263E-009
4.59	3.6830925E-009
4.591	3.5101757E-009
4.592	3.2878946E-009
4.593	3.0387164E-009
4.594	2.7879192E-009
4.595	2.5611584E-009
4.596	2.3819724E-009
4.597	2.2694842E-009
4.598	2.2365072E-009
4.599	2.2882469E-009
4.6	2.4217430E-009
4.601	2.6260827E-009
4.602	2.8833982E-009
4.603	3.1705385E-009
4.604	3.4612768E-009
4.605	3.7288252E-009
4.606	3.9484349E-009
4.607	4.0998094E-009
4.608	4.1691224E-009
4.609	4.1504133E-009
4.61	4.0462398E-009
4.611	3.8675037E-009
4.612	3.6324674E-009
4.613	3.3650454E-009
4.614	3.0925307E-009
4.615	2.8429732E-009
4.616	2.6424551E-009
4.617	2.5125431E-009
4.618	2.4681408E-009
4.619	2.5159852E-009
4.62	2.6539060E-009
4.621	2.8709597E-009
4.622	3.1484042E-009
4.623	3.4614589E-009
4.624	3.7816514E-009
4.625	4.0795656E-009
4.626	4.3276898E-009
4.627	4.5031290E-009
4.628	4.5898725E-009
4.629	4.5804236E-009
4.63	4.4766120E-009
4.631	4.2895141E-009
4.632	4.0384487E-009
4.633	3.7491845E-009
4.634	3.4514864E-009
4.635	3.1762575E-009
4.636	2.9525322E-009
4.637	2.8046376E-009
4.638	2.7497700E-009
4.639	2.7962510E-009
4.64	2.9426215E-009
4.641	3.1776903E-009
4.642	3.4815144E-009
4.643	3.8272647E-009
4.644	4.1837591E-009
4.645	4.5184709E-009
4.646	4.8006812E-009
4.647	5.0045017E-009
4.648	5.1114628E-009
4.649	5.1123799E-009
4.65	5.0083684E-009
4.651	4.8108331E-009
4.652	4.5404689E-009
4.653	4.2253423E-009
4.654	3.8982271E-009
4.655	3.5934566E-009
4.656	3.3435925E-009
4.657	3.1762166E-009
4.658	3.1111929E-009
4.659	3.1586309E-009
4.66	3.3177918E-009
4.661	3.5770327E-009
4.662	3.9148205E-009
4.663	4.3017234E-009
4.664	4.7031885E-009
4.665	5.0828688E-009
4.666	5.4061449E-009
4.667	5.6435310E-009
4.668	5.7736269E-009
4.669	5.7852954E-009
4.67	5.6788796E-009
4.671	5.4663238E-009
4.672	5.1701390E-009
4.673	4.8213553E-009
4.674	4.4565813E-009
4.675	4.1145056E-009
4.676	3.8321391E-009
4.677	3.6411671E-009
4.678	3.5647731E-009
4.679	3.6152592E-009
4.68	3.7926955E-009
4.681	4.0847454E-009
4.682	4.4677222E-009
4.683	4.9087538E-009
4.684	5.3688942E-009
4.685	5.8068537E-009
4.686	6.1830177E-009
4.687	6.4633565E-009
4.688	6.6228223E-009
4.689	6.6479284E-009
4.69	6.5382286E-009
4.691	6.3065331E-009
4.692	5.9778467E-009
4.693	5.5870912E-009
4.694	5.1758389E-009
4.695	4.7883466E-009
4.696	4.4672555E-009
4.697	4.2493999E-009
4.698	4.1621138E-009
4.699	4.2203965E-009
4.7	4.4252491E-009
4.701	4.7633608E-009
4.702	5.2081797E-009
4.703	5.7223062E-009
4.704	6.2609975E-009
4.705	6.7764430E-009
4.706	7.2224182E-009
4.707	7.5588629E-009
4.708	7.7559301E-009
4.709	7.7971016E-009
4.71	7.6810416E-009
4.711	7.4219839E-009
4.712	7.0486204E-009
4.713	6.6015051E-009
4.714	6.1292944E-009
4.715	5.6840750E-009
4.716	5.3163287E-009
4.717	5.0699227E-009
4.718	4.9776729E-009
4.719	5.0579265E-009
4.72	5.3124798E-009
4.721	5.7260992E-009
4.722	6.2677019E-009
4.723	6.8931092E-009
4.724	7.5491480E-009
4.725	8.1787253E-009
4.726	8.7263690E-009
4.727	9.1437133E-009
4.728	9.3944363E-009
4.729	9.4580601E-009
4.73	9.3323127E-009
4.731	9.0337204E-009
4.732	8.5963823E-009
4.733	8.0689917E-009
4.734	7.5103550E-009
4.735	6.9838229E-009
4.736	6.5511530E-009
4.737	6.2663954E-009
4.738	6.1703838E-009
4.739	6.2864332E-009
4.74	6.6176322E-009
4.741	7.1460660E-009
4.742	7.8341058E-009
4.743	8.6276639E-009
4.744	9.4611341E-009
4.745	1.0263602E-008
4.746	1.0965730E-008
4.747	1.1506635E-008
4.748	1.1840164E-008
4.749	1.1939787E-008
4.75	1.1801789E-008
4.751	1.1446220E-008
4.752	1.0915562E-008
4.753	1.0271163E-008
4.754	9.5876738E-009
4.755	8.9460546E-009
4.756	8.4257588E-009
4.757	8.0968219E-009
4.758	8.0126679E-009
4.759	8.2043687E-009
4.76	8.6768974E-009
4.761	9.4078896E-009
4.762	1.0349041E-008
4.763	1.1430128E-008
4.764	1.2565307E-008
4.765	1.3661158E-008
4.766	1.4625720E-008
4.767	1.5377704E-008
4.768	1.5854910E-008
4.769	1.6021069E-008
4.77	1.5870386E-008
4.771	1.5429144E-008
4.772	1.4754278E-008
4.773	1.3928820E-008
4.774	1.3054620E-008
4.775	1.2242937E-008
4.776	1.1603742E-008
4.777	1.1234783E-008
4.778	1.1211428E-008
4.779	1.1578330E-008
4.78	1.2343843E-008
4.781	1.3477758E-008
4.782	1.4912818E-008
4.783	1.6549928E-008
4.784	1.8266752E-008
4.785	1.9928967E-008
4.786	2.1403228E-008
4.787	2.2570569E-008
4.788	2.3339052E-008
4.789	2.3654247E-008
4.79	2.3506578E-008
4.791	2.2934508E-008
4.792	2.2023196E-008
4.793	2.0898383E-008
4.794	1.9716031E-008
4.795	1.8648363E-008
4.796	1.7867658E-008
4.797	1.7529072E-008
4.798	1.7754328E-008
4.799	1.8617781E-008
4.8	2.0136397E-008
4.801	2.2264938E-008
4.802	2.4896957E-008
4.803	2.7872057E-008
4.804	3.0988932E-008
4.805	3.4023383E-008
4.806	3.6749700E-008
4.807	3.8963829E-008
4.808	4.0505913E-008
4.809	4.1280096E-008
4.81	4.1269413E-008
4.811	4.0544194E-008
4.812	3.9262233E-008
4.813	3.7660566E-008
4.814	3.6038745E-008
4.815	3.4734473E-008
4.816	3.4093638E-008
4.817	3.4436866E-008
4.818	3.6025607E-008
4.819	3.9031285E-008
4.82	4.3510273E-008
4.821	4.9388326E-008
4.822	5.6456521E-008
4.823	6.4380586E-008
4.824	7.2724490E-008
4.825	8.0987377E-008
4.826	8.8652634E-008
4.827	9.5246065E-008
4.828	1.0039923E-007
4.829	1.0391344E-007
4.83	1.0581909E-007
4.831	1.0642506E-007
4.832	1.0635356E-007
4.833	1.0655526E-007
4.834	1.0830228E-007
4.835	1.1315651E-007
4.836	1.2291305E-007
4.837	1.3952024E-007
4.838	1.6497958E-007
4.839	2.0122960E-007
4.84	2.5002100E-007
4.841	3.1278964E-007
4.842	3.9053475E-007
4.843	4.8371260E-007
4.844	5.9214932E-007
4.845	7.1498420E-007
4.846	8.5064437E-007
4.847	9.9685758E-007
4.848	1.1507020E-006
4.849	1.3086934E-006
4.85	1.4669047E-006
4.851	1.6211161E-006
4.852	1.7669846E-006
4.853	1.9002241E-006
4.854	2.0167931E-006
4.855	2.1130709E-006
4.856	2.1860174E-006
4.857	2.2333154E-006
4.858	2.2534684E-006
4.859	2.2458689E-006
4.86	2.2108197E-006
4.861	2.1495221E-006
4.862	2.0640100E-006
4.863	1.9570543E-006
4.864	1.8320355E-006
4.865	1.6927859E-006
4.866	1.5434207E-006
4.867	1.3881571E-006
4.868	1.2311409E-006
4.869	1.0762805E-006
4.87	9.2710218E-007
4.871	7.8663226E-007
4.872	6.5730922E-007
4.873	5.4093312E-007
4.874	4.3864401E-007
4.875	3.5094087E-007
4.876	2.7772430E-007
4.877	2.1836796E-007
4.878	1.7180808E-007
4.879	1.3664658E-007
4.88	1.1126041E-007
4.881	9.3910202E-008
4.882	8.2843300E-008
4.883	7.6384715E-008
4.884	7.3012323E-008
4.885	7.1413950E-008
4.886	7.0523960E-008
4.887	6.9540320E-008
4.888	6.7922841E-008
4.889	6.5374962E-008
4.89	6.1812713E-008
4.891	5.7324097E-008
4.892	5.2123088E-008
4.893	4.6502318E-008
4.894	4.0787736E-008
4.895	3.5298310E-008
4.896	3.0313313E-008
4.897	2.6048351E-008
4.898	2.2640970E-008
4.899	2.0145649E-008
4.9	1.8537182E-008
4.901	1.7721193E-008
4.902	1.7549810E-008
4.903	1.7840543E-008
4.904	1.8396225E-008
4.905	1.9024277E-008
4.906	1.9553388E-008
4.907	1.9846656E-008
4.908	1.9810237E-008
4.909	1.9397175E-008
4.91	1.8606656E-008
4.911	1.7479087E-008
4.912	1.6087940E-008
4.913	1.4529280E-008
4.914	1.2910318E-008
4.915	1.1337937E-008
4.916	9.9083612E-009
4.917	8.6987733E-009
4.918	7.7614466E-009
4.919	7.1207404E-009
4.92	6.7730150E-009
4.921	6.6891328E-009
4.922	6.8191941E-009
4.923	7.0988153E-009
4.924	7.4562809E-009
4.925	7.8197946E-009
4.926	8.1241875E-009
4.927	8.3164746E-009
4.928	8.3598408E-009
4.929	8.2358209E-009
4.93	7.9445632E-009
4.931	7.5033579E-009
4.932	6.9436421E-009
4.933	6.3069319E-009
4.934	5.6400657E-009
4.935	4.9903344E-009
4.936	4.4008996E-009
4.937	3.9069445E-009
4.938	3.5328351E-009
4.939	3.2905190E-009
4.94	3.1792076E-009
4.941	3.1862721E-009
4.942	3.2892236E-009
4.943	3.4584728E-009
4.944	3.6605956E-009
4.945	3.8617398E-009
4.946	4.0308481E-009
4.947	4.1424149E-009
4.948	4.1785242E-009
4.949	4.1300598E-009
4.95	3.9969823E-009
4.951	3.7877359E-009
4.952	3.5178922E-009
4.953	3.2081973E-009
4.954	2.8822591E-009
4.955	2.5640938E-009
4.956	2.2758082E-009
4.957	2.0355850E-009
4.958	1.8561871E-009
4.959	1.7440580E-009
4.96	1.6990810E-009
4.961	1.7149784E-009
4.962	1.7802709E-009
4.963	1.8796731E-009
4.964	1.9957680E-009
4.965	2.1107847E-009
4.966	2.2083027E-009
4.967	2.2747255E-009
4.968	2.3004030E-009
4.969	2.2803082E-009
4.97	2.2142368E-009
4.971	2.1065421E-009
4.972	1.9654429E-009
4.973	1.8020129E-009
4.974	1.6289571E-009
4.975	1.4592991E-009
4.976	1.3051236E-009
4.977	1.1764719E-009
4.978	1.0805028E-009
4.979	1.0209714E-009
4.98	9.9806330E-010
4.981	1.0085786E-009
4.982	1.0464227E-009
4.983	1.1033523E-009
4.984	1.1698734E-009
4.985	1.2362135E-009
4.986	1.2932629E-009
4.987	1.3333995E-009
4.988	1.3511203E-009
4.989	1.3434449E-009
4.99	1.3100475E-009
4.991	1.2531343E-009
4.992	1.1770858E-009
4.993	1.0879153E-009
4.994	9.9260178E-010
4.995	8.9837088E-010
4.996	8.1199591E-010
4.997	7.3917927E-010
4.998	6.8407208E-010
4.999	6.4897082E-010
5	6.3420530E-010
5.001	6.3821981E-010
5.002	6.5782924E-010
5.003	6.8861339E-010
5.004	7.2540601E-010
5.005	7.6282486E-010
5.006	7.9579032E-010
5.007	8.1998663E-010
5.008	8.3221913E-010
5.009	8.3064777E-010
5.01	8.1487606E-010
5.011	7.8590018E-010
5.012	7.4592738E-010
5.013	6.9809586E-010
5.014	6.4612010E-010
5.015	5.9390665E-010
5.016	5.4517757E-010
5.017	5.0312993E-010
5.018	4.7017285E-010
5.019	4.4775064E-010
5.02	4.3626905E-010
5.021	4.3512466E-010
5.022	4.4282464E-010
5.023	4.5718412E-010
5.024	4.7557264E-010
5.025	4.9518711E-010
5.026	5.1332111E-010
5.027	5.2760751E-010
5.028	5.3621207E-010
5.029	5.3796467E-010
5.03	5.3241833E-010
5.031	5.1983851E-010
5.032	5.0112786E-010
5.033	4.7769577E-010
5.034	4.5129425E-010
5.035	4.2383180E-010
5.036	3.9719006E-010
5.037	3.7305586E-010
5.038	3.5278480E-010
5.039	3.3730563E-010
5.04	3.2707168E-010
5.041	3.2205943E-010
5.042	3.2180808E-010
5.043	3.2549743E-010
5.044	3.3204886E-010
5.045	3.4024067E-010
5.046	3.4882505E-010
5.047	3.5663636E-010
5.048	3.6268152E-010
5.049	3.6620684E-010
5.05	3.6673747E-010
5.051	3.6408926E-010
5.052	3.5835496E-010
5.053	3.4986997E-010
5.054	3.3916117E-010
5.055	3.2688743E-010
5.056	3.1377653E-010
5.057	3.0056407E-010
5.058	2.8794009E-010
5.059	2.7650474E-010
5.06	2.6673713E-010
5.061	2.5897520E-010
5.062	2.5340718E-010
5.063	2.5007388E-010
5.064	2.4887797E-010
5.065	2.4960040E-010
5.066	2.5191996E-010
5.067	2.5543628E-010
5.068	2.5969388E-010
5.069	2.6420727E-010
5.07	2.6848651E-010
5.071	2.7206273E-010
5.072	2.7451369E-010
5.073	2.7548805E-010
5.074	2.7472827E-010
5.075	2.7209010E-010
5.076	2.6755764E-010
5.077	2.6125116E-010
5.078	2.5342742E-010
5.079	2.4446972E-010
5.08	2.3486812E-010
5.081	2.2518863E-010
5.082	2.1603487E-010
5.083	2.0800167E-010
5.084	2.0162604E-010
5.085	1.9733928E-010
5.086	1.9542350E-010
5.087	1.9597912E-010
5.088	1.9890488E-010
5.089	2.0389551E-010
5.09	2.1045742E-010
5.091	2.1794219E-010
5.092	2.2559694E-010
5.093	2.3262703E-010
5.094	2.3826560E-010
5.095	2.4184510E-010
5.096	2.4286290E-010
5.097	2.4103422E-010
5.098	2.3632740E-010
5.099	2.2897724E-010
5.1	2.1947323E-010
5.101	2.0852287E-010
5.102	1.9699375E-010
5.103	1.8583747E-010
5.104	1.7600238E-010
5.105	1.6834423E-010
5.106	1.6354201E-010
5.107	1.6202849E-010
5.108	1.6394103E-010
5.109	1.6910098E-010
5.11	1.7702102E-010
5.111	1.8694404E-010
5.112	1.9790806E-010
5.113	2.0883303E-010
5.114	2.1862122E-010
5.115	2.2626159E-010
5.116	2.3092885E-010
5.117	2.3206602E-010
5.118	2.2944391E-010
5.119	2.2318966E-010
5.12	2.1378135E-010
5.121	2.0200963E-010
5.122	1.8890697E-010
5.123	1.7565312E-010
5.124	1.6346426E-010
5.125	1.5347638E-010
5.126	1.4663470E-010
5.127	1.4359881E-010
5.128	1.4467470E-010
5.129	1.4977947E-010
5.13	1.5844316E-010
5.131	1.6984865E-010
5.132	1.8290536E-010
5.133	1.9635089E-010
5.134	2.0887107E-010
5.135	2.1922615E-010
5.136	2.2637210E-010
5.137	2.2956369E-010
5.138	2.2843052E-010
5.139	2.2301727E-010
5.14	2.1378316E-010
5.141	2.0156299E-010
5.142	1.8748932E-010
5.143	1.7288621E-010
5.144	1.5914230E-010
5.145	1.4757726E-010
5.146	1.3931253E-010
5.147	1.3516138E-010
5.148	1.3554674E-010
5.149	1.4045676E-010
5.15	1.4944251E-010
5.151	1.6165785E-010
5.152	1.7593835E-010
5.153	1.9091172E-010
5.154	2.0512998E-010
5.155	2.1720910E-010
5.156	2.2596407E-010
5.157	2.3052518E-010
5.158	2.3042479E-010
5.159	2.2564486E-010
5.16	2.1662179E-010
5.161	2.0420654E-010
5.162	1.8958433E-010
5.163	1.7416144E-010
5.164	1.5942976E-010
5.165	1.4682236E-010
5.166	1.3757406E-010
5.167	1.3260047E-010
5.168	1.3240725E-010
5.169	1.3703944E-010
5.17	1.4607433E-010
5.171	1.5866111E-010
5.172	1.7360108E-010
5.173	1.8946296E-010
5.174	2.0472095E-010
5.175	2.1790277E-010
5.176	2.2773272E-010
5.177	2.3325650E-010
5.178	2.3393501E-010
5.179	2.2969807E-010
5.18	2.2095259E-010
5.181	2.0854453E-010
5.182	1.9367805E-010
5.183	1.7779932E-010
5.184	1.6245705E-010
5.185	1.4915222E-010
5.186	1.3919199E-010
5.187	1.3356254E-010
5.188	1.3283243E-010
5.189	1.3709625E-010
5.19	1.4596453E-010
5.191	1.5860024E-010
5.192	1.7379928E-010
5.193	1.9010649E-010
5.194	2.0595667E-010
5.195	2.1982645E-010
5.196	2.3038205E-010
5.197	2.3660962E-010
5.198	2.3791399E-010
5.199	2.3417771E-010
5.2	2.2577247E-010
5.201	2.1352423E-010
5.202	1.9863347E-010
5.203	1.8255869E-010
5.204	1.6687496E-010
5.205	1.5312102E-010
5.206	1.4264932E-010
5.207	1.3649477E-010
5.208	1.3527367E-010
5.209	1.3912387E-010
5.21	1.4769067E-010
5.211	1.6016163E-010
5.212	1.7534491E-010
5.213	1.9178510E-010
5.214	2.0790442E-010
5.215	2.2215615E-010
5.216	2.3317437E-010
5.217	2.3990712E-010
5.218	2.4171842E-010
5.219	2.3845023E-010
5.22	2.3043759E-010
5.221	2.1847625E-010
5.222	2.0374534E-010
5.223	1.8769239E-010
5.224	1.7189315E-010
5.225	1.5789782E-010
5.226	1.4708078E-010
5.227	1.4050693E-010
5.228	1.3882850E-010
5.229	1.4222161E-010
5.23	1.5036970E-010
5.231	1.6249482E-010
5.232	1.7743298E-010
5.233	1.9374810E-010
5.234	2.0987141E-010
5.235	2.2425406E-010
5.236	2.3551727E-010
5.237	2.4258640E-010
5.238	2.4479471E-010
5.239	2.4194810E-010
5.24	2.3434302E-010
5.241	2.2273776E-010
5.242	2.0827806E-010
5.243	1.9238543E-010
5.244	1.7661868E-010
5.245	1.6252273E-010
5.246	1.5147809E-010
5.247	1.4456730E-010
5.248	1.4246988E-010
5.249	1.4539725E-010
5.25	1.5307230E-010
5.251	1.6475765E-010
5.252	1.7932748E-010
5.253	1.9537776E-010
5.254	2.1136295E-010
5.255	2.2574639E-010
5.256	2.3714919E-010
5.257	2.4448402E-010
5.258	2.4706004E-010
5.259	2.4464888E-010
5.26	2.3750635E-010
5.261	2.2634618E-010
5.262	2.1227035E-010
5.263	1.9666141E-010
5.264	1.8104784E-010
5.265	1.6695567E-010
5.266	1.5576015E-010
5.267	1.4855314E-010
5.268	1.4603704E-010
5.269	1.4845770E-010
5.27	1.5558095E-010
5.271	1.6671664E-010
5.272	1.8078598E-010
5.273	1.9642761E-010
5.274	2.1212983E-010
5.275	2.2637829E-010
5.276	2.3780278E-010
5.277	2.4531058E-010
5.278	2.4819163E-010
5.279	2.4618674E-010
5.28	2.3951188E-010
5.281	2.2883589E-010
5.282	2.1521449E-010
5.283	1.9998658E-010
5.284	1.8464386E-010
5.285	1.7068504E-010
5.286	1.5947109E-010
5.287	1.5209299E-010
5.288	1.4926671E-010
5.289	1.5126463E-010
5.29	1.5789019E-010
5.291	1.6849815E-010
5.292	1.8205823E-010
5.293	1.9725631E-010
5.294	2.1262250E-010
5.295	2.2667453E-010
5.296	2.3806129E-010
5.297	2.4569391E-010
5.298	2.4885050E-010
5.299	2.4724500E-010
5.3	2.4105345E-010
5.301	2.3089598E-010
5.302	2.1777476E-010
5.303	2.0297611E-010
5.304	1.8794476E-010
5.305	1.7414345E-010
5.306	1.6291109E-010
5.307	1.5533351E-010
5.308	1.5213880E-010
5.309	1.5362796E-010
5.31	1.5964693E-010
5.311	1.6960304E-010
5.312	1.8252361E-010
5.313	1.9715143E-010
5.314	2.1206750E-010
5.315	2.2582893E-010
5.316	2.3710853E-010
5.317	2.4482344E-010
5.318	2.4823896E-010
5.319	2.4703878E-010
5.32	2.4135452E-010
5.321	2.3175183E-010
5.322	2.1917414E-010
5.323	2.0485025E-010
5.324	1.9017450E-010
5.325	1.7657088E-010
5.326	1.6535508E-010
5.327	1.5760707E-010
5.328	1.5406706E-010
5.329	1.5506496E-010
5.33	1.6048923E-010
5.331	1.6979960E-010
5.332	1.8208043E-010
5.333	1.9613093E-010
5.334	2.1058241E-010
5.335	2.2403167E-010
5.336	2.3517707E-010
5.337	2.4294433E-010
5.338	2.4659039E-010
5.339	2.4577404E-010
5.34	2.4058763E-010
5.341	2.3154706E-010
5.342	2.1953993E-010
5.343	2.0573798E-010
5.344	1.9148311E-010
5.345	1.7815632E-010
5.346	1.6704349E-010
5.347	1.5921173E-010
5.348	1.5540617E-010
5.349	1.5597913E-010
5.35	1.6085733E-010
5.351	1.6955039E-010
5.352	1.8119982E-010
5.353	1.9466335E-010
5.354	2.0862678E-010
5.355	2.2173172E-010
5.356	2.3270741E-010
5.357	2.4049387E-010
5.358	2.4434349E-010
5.359	2.4389302E-010
5.36	2.3919661E-010
5.361	2.3071990E-010
5.362	2.1929289E-010
5.363	2.0602846E-010
5.364	1.9221320E-010
5.365	1.7918265E-010
5.366	1.6819136E-010
5.367	1.6029172E-010
5.368	1.5623292E-010
5.369	1.5638910E-010
5.37	1.6072481E-010
5.371	1.6879960E-010
5.372	1.7981222E-010
5.373	1.9267941E-010
5.374	2.0614208E-010
5.375	2.1888752E-010
5.376	2.2967724E-010
5.377	2.3746646E-010
5.378	2.4150468E-010
5.379	2.4140717E-010
5.38	2.3719121E-010
5.381	2.2927245E-010
5.382	2.1842368E-010
5.383	2.0569817E-010
5.384	1.9232679E-010
5.385	1.7959825E-010
5.386	1.6873380E-010
5.387	1.6076961E-010
5.388	1.5645671E-010
5.389	1.5618978E-010
5.39	1.5997016E-010
5.391	1.6740720E-010
5.392	1.7775767E-010
5.393	1.8999909E-010
5.394	2.0292963E-010
5.395	2.1528540E-010
5.396	2.2586265E-010
5.397	2.3363428E-010
5.398	2.3784857E-010
5.399	2.3810093E-010
5.4	2.3437158E-010
5.401	2.2702597E-010
5.402	2.1677844E-010
5.403	2.0462119E-010
5.404	1.9172752E-010
5.405	1.7933745E-010
5.406	1.6863742E-010
5.407	1.6064565E-010
5.408	1.5611447E-010
5.409	1.5545792E-010
5.41	1.5871347E-010
5.411	1.6553943E-010
5.412	1.7524975E-010
5.413	1.8688168E-010
5.414	1.9928993E-010
5.415	2.1125837E-010
5.416	2.2161807E-010
5.417	2.2936021E-010
5.418	2.3373284E-010
5.419	2.3431324E-010
5.42	2.3104652E-010
5.421	2.2425042E-010
5.422	2.1458249E-010
5.423	2.0297539E-010
5.424	1.9054551E-010
5.425	1.7848442E-010
5.426	1.6794316E-010
5.427	1.5992128E-010
5.428	1.5517065E-010
5.429	1.5412367E-010
5.43	1.5685271E-010
5.431	1.6306442E-010
5.432	1.7212932E-010
5.433	1.8314428E-010
5.434	1.9502078E-010
5.435	2.0659090E-010
5.436	2.1672066E-010
5.437	2.2442008E-010
5.438	2.2893784E-010
5.439	2.2983390E-010
5.44	2.2702033E-010
5.441	2.2076899E-010
5.442	2.1168325E-010
5.443	2.0063871E-010
5.444	1.8869707E-010
5.445	1.7700268E-010
5.446	1.6667136E-010
5.447	1.5868255E-010
5.448	1.5378501E-010
5.449	1.5242532E-010
5.45	1.5470589E-010
5.451	1.6037635E-010
5.452	1.6885922E-010
5.453	1.7930700E-010
5.454	1.9068526E-010
5.455	2.0187313E-010
5.456	2.1177238E-010
5.457	2.1941349E-010
5.458	2.2404892E-010
5.459	2.2522496E-010
5.46	2.2282416E-010
5.461	2.1707602E-010
5.462	2.0853290E-010
5.463	1.9801583E-010
5.464	1.8653359E-010
5.465	1.7518445E-010
5.466	1.6504946E-010
5.467	1.5708777E-010
5.468	1.5204445E-010
5.469	1.5037892E-010
5.47	1.5222208E-010
5.471	1.5736434E-010
5.472	1.6527760E-010
5.473	1.7516762E-010
5.474	1.8605174E-010
5.475	1.9685482E-010
5.476	2.0651379E-010
5.477	2.1408036E-010
5.478	2.1881263E-010
5.479	2.2024596E-010
5.48	2.1823708E-010
5.481	2.1297664E-010
5.482	2.0496921E-010
5.483	1.9498360E-010
5.484	1.8397683E-010
5.485	1.7300113E-010
5.486	1.6310182E-010
5.487	1.5521570E-010
5.488	1.5008143E-010
5.489	1.4816870E-010
5.49	1.4963406E-010
5.491	1.5430673E-010
5.492	1.6170691E-010
5.493	1.7109279E-010
5.494	1.8153350E-010
5.495	1.9199965E-010
5.496	2.0146308E-010
5.497	2.0899606E-010
5.498	2.1386060E-010
5.499	2.1557901E-010
5.5	2.1397928E-010
5.501	2.0921070E-010
5.502	2.0172833E-010
5.503	1.9224818E-010
5.504	1.8167727E-010
5.505	1.7102492E-010
5.506	1.6130514E-010
5.507	1.5343803E-010
5.508	1.4816123E-010
5.509	1.4595891E-010
5.51	1.4701557E-010
5.511	1.5119950E-010
5.512	1.5807633E-010
5.513	1.6695265E-010
5.514	1.7694385E-010
5.515	1.8706060E-010
5.516	1.9630522E-010
5.517	2.0376786E-010
5.518	2.0871438E-010
5.519	2.1065692E-010
5.52	2.0939976E-010
5.521	2.0505761E-010
5.522	1.9804323E-010
5.523	1.8902654E-010
5.524	1.7886906E-010
5.525	1.6854000E-010
5.526	1.5902211E-010
5.527	1.5121662E-010
5.528	1.4585624E-010
5.529	1.4343511E-010
5.53	1.4416161E-010
5.531	1.4793892E-010
5.532	1.5437585E-010
5.533	1.6282513E-010
5.534	1.7244702E-010
5.535	1.8229096E-010
5.536	1.9138799E-010
5.537	1.9884432E-010
5.538	2.0392744E-010
5.539	2.0613698E-010
5.54	2.0525190E-010
5.541	2.0135162E-010
5.542	1.9480717E-010
5.543	1.8624469E-010
5.544	1.7648437E-010
5.545	1.6646025E-010
5.546	1.5712975E-010
5.547	1.4938095E-010
5.548	1.4394663E-010
5.549	1.4133382E-010
5.55	1.4177524E-010
5.551	1.4520746E-010
5.552	1.5127757E-010
5.553	1.5937834E-010
5.554	1.6870712E-010
5.555	1.7834451E-010
5.556	1.8734332E-010
5.557	1.9482034E-010
5.558	2.0004180E-010
5.559	2.0249405E-010
5.56	2.0193304E-010
5.561	1.9840721E-010
5.562	1.9225251E-010
5.563	1.8405946E-010
5.564	1.7461538E-010
5.565	1.6482796E-010
5.566	1.5563746E-010
5.567	1.4792512E-010
5.568	1.4242843E-010
5.569	1.3966951E-010
5.57	1.3990496E-010
5.571	1.4310117E-010
5.572	1.4893801E-010
5.573	1.5684000E-010
5.574	1.6603231E-010
5.575	1.7561602E-010
5.576	1.8465526E-010
5.577	1.9226781E-010
5.578	1.9771096E-010
5.579	2.0045286E-010
5.58	2.0022456E-010
5.581	1.9704564E-010
5.582	1.9122258E-010
5.583	1.8331904E-010
5.584	1.7410130E-010
5.585	1.6446400E-010
5.586	1.5534347E-010
5.587	1.4762702E-010
5.588	1.4206690E-010
5.589	1.3920695E-010
5.59	1.3933024E-010
5.591	1.4243093E-010
5.592	1.4821480E-010
5.593	1.5612742E-010
5.594	1.6540785E-010
5.595	1.7516191E-010
5.596	1.8444885E-010
5.597	1.9237251E-010
5.598	1.9816850E-010
5.599	2.0127855E-010
5.6	2.0140556E-010
5.601	1.9854307E-010
5.602	1.9297708E-010
5.603	1.8525939E-010
5.604	1.7615513E-010
5.605	1.6656931E-010
5.606	1.5745986E-010
5.607	1.4974437E-010
5.608	1.4421114E-010
5.609	1.4144162E-010
5.61	1.4175265E-010
5.611	1.4516409E-010
5.612	1.5139535E-010
5.613	1.5989046E-010
5.614	1.6987066E-010
5.615	1.8040854E-010
5.616	1.9051773E-010
5.617	1.9924842E-010
5.618	2.0578080E-010
5.619	2.0950632E-010
5.62	2.1008975E-010
5.621	2.0750490E-010
5.622	2.0204134E-010
5.623	1.9428040E-010
5.624	1.8504262E-010
5.625	1.7531149E-010
5.626	1.6614028E-010
5.627	1.5855051E-010
5.628	1.5343246E-010
5.629	1.5145588E-010
5.63	1.5300101E-010
5.631	1.5811649E-010
5.632	1.6650757E-010
5.633	1.7755877E-010
5.634	1.9038716E-010
5.635	2.0392382E-010
5.636	2.1701510E-010
5.637	2.2853675E-010
5.638	2.3750829E-010
5.639	2.4319916E-010
5.64	2.4521574E-010
5.641	2.4356114E-010
5.642	2.3866137E-010
5.643	2.3135485E-010
5.644	2.2284422E-010
5.645	2.1461492E-010
5.646	2.0832477E-010
5.647	2.0567435E-010
5.648	2.0826781E-010
5.649	2.1747537E-010
5.65	2.3430877E-010
5.651	2.5931993E-010
5.652	2.9253144E-010
5.653	3.3340505E-010
5.654	3.8085010E-010
5.655	4.3327433E-010
5.656	4.8867016E-010
5.657	5.4473270E-010
5.658	5.9900040E-010
5.659	6.4900513E-010
5.66	6.9242478E-010
5.661	7.2722389E-010
5.662	7.5177298E-010
5.663	7.6494100E-010
5.664	7.6615014E-010
5.665	7.5539680E-010
5.666	7.3323186E-010
5.667	7.0070932E-010
5.668	6.5930233E-010
5.669	6.1080080E-010
5.67	5.5719201E-010
5.671	5.0053905E-010
5.672	4.4286211E-010
5.673	3.8603234E-010
5.674	3.3168510E-010
5.675	2.8115527E-010
5.676	2.3543975E-010
5.677	1.9518484E-010
5.678	1.6069847E-010
5.679	1.3198294E-010
5.68	1.0878400E-010
5.681	9.0650064E-011
5.682	7.6995604E-011
5.683	6.7164184E-011
5.684	6.0484596E-011
5.685	5.6317759E-011
5.686	5.4090829E-011
5.687	5.3318239E-011
5.688	5.3609568E-011
5.689	5.4666098E-011
5.69	5.6268476E-011
5.691	5.8258696E-011
5.692	6.0519888E-011
5.693	6.2956668E-011
5.694	6.5479157E-011
5.695	6.7992161E-011
5.696	7.0390728E-011
5.697	7.2561956E-011
5.698	7.4392263E-011
5.699	7.5778425E-011
5.7	7.6640493E-011
5.701	7.6934348E-011
5.702	7.6661413E-011
5.703	7.5874453E-011
5.704	7.4677237E-011
5.705	7.3218778E-011
5.706	7.1681272E-011
5.707	7.0263774E-011
5.708	6.9162433E-011
5.709	6.8550277E-011
5.71	6.8557986E-011
5.711	6.9258294E-011
5.712	7.0655953E-011
5.713	7.2684206E-011
5.714	7.5209020E-011
5.715	7.8039950E-011
5.716	8.0947679E-011
5.717	8.3685892E-011
5.718	8.6015570E-011
5.719	8.7729296E-011
5.72	8.8672972E-011
5.721	8.8762539E-011
5.722	8.7994112E-011
5.723	8.6446204E-011
5.724	8.4273609E-011
5.725	8.1693846E-011
5.726	7.8966507E-011
5.727	7.6368606E-011
5.728	7.4167526E-011
5.729	7.2594479E-011
5.73	7.1821535E-011
5.731	7.1943645E-011
5.732	7.2968624E-011
5.733	7.4815321E-011
5.734	7.7320685E-011
5.735	8.0254865E-011
5.736	8.3343138E-011
5.737	8.6292570E-011
5.738	8.8820368E-011
5.739	9.0681823E-011
5.74	9.1694513E-011
5.741	9.1756595E-011
5.742	9.0857426E-011
5.743	8.9079126E-011
5.744	8.6589139E-011
5.745	8.3624420E-011
5.746	8.0468729E-011
5.747	7.7425115E-011
5.748	7.4786455E-011
5.749	7.2806948E-011
5.75	7.1677136E-011
5.751	7.1505225E-011
5.752	7.2306126E-011
5.753	7.3999876E-011
5.754	7.6419204E-011
5.755	7.9325553E-011
5.756	8.2432221E-011
5.757	8.5432175E-011
5.758	8.8027856E-011
5.759	8.9960192E-011
5.76	9.1033771E-011
5.761	9.1135939E-011
5.762	9.0247761E-011
5.763	8.8446070E-011
5.764	8.5895846E-011
5.765	8.2834364E-011
5.766	7.9548229E-011
5.767	7.6345555E-011
5.768	7.3525970E-011
5.769	7.1351765E-011
5.77	7.0022335E-011
5.771	6.9654935E-011
5.772	7.0273391E-011
5.773	7.1805846E-011
5.774	7.4091851E-011
5.775	7.6897926E-011
5.776	7.9940395E-011
5.777	8.2912836E-011
5.778	8.5515879E-011
5.779	8.7486192E-011
5.78	8.8621901E-011
5.781	8.8802056E-011
5.782	8.7998289E-011
5.783	8.6277312E-011
5.784	8.3794222E-011
5.785	8.0777475E-011
5.786	7.7506418E-011
5.787	7.4284252E-011
5.788	7.1408608E-011
5.789	6.9142629E-011
5.79	6.7689861E-011
5.791	6.7174426E-011
5.792	6.7629374E-011
5.793	6.8993762E-011
5.794	7.1118667E-011
5.795	7.3781960E-011
5.796	7.6710069E-011
5.797	7.9604358E-011
5.798	8.2170347E-011
5.799	8.4146072E-011
5.8	8.5327335E-011
5.801	8.5587260E-011
5.802	8.4888423E-011
5.803	8.3286031E-011
5.804	8.0922331E-011
5.805	7.8012721E-011
5.806	7.4824397E-011
5.807	7.1650526E-011
5.808	6.8781814E-011
5.809	6.6478302E-011
5.81	6.4944432E-011
5.811	6.4309433E-011
5.812	6.4615091E-011
5.813	6.5812154E-011
5.814	6.7765273E-011
5.815	7.0266522E-011
5.816	7.3055770E-011
5.817	7.5846052E-011
5.818	7.8351367E-011
5.819	8.0314394E-011
5.82	8.1531157E-011
5.821	8.1870601E-011
5.822	8.1286949E-011
5.823	7.9823703E-011
5.824	7.7609204E-011
5.825	7.4843666E-011
5.826	7.1779714E-011
5.827	6.8697638E-011
5.828	6.5878213E-011
5.829	6.3575638E-011
5.83	6.1992980E-011
5.831	6.1262849E-011
5.832	6.1434816E-011
5.833	6.2471112E-011
5.834	6.4250570E-011
5.835	6.6580727E-011
5.836	6.9216806E-011
5.837	7.1885622E-011
5.838	7.4312077E-011
5.839	7.6245836E-011
5.84	7.7485379E-011
5.841	7.7897196E-011
5.842	7.7428480E-011
5.843	7.6111568E-011
5.844	7.4060584E-011
5.845	7.1459914E-011
5.846	6.8546044E-011
5.847	6.5584392E-011
5.848	6.2843682E-011
5.849	6.0569799E-011
5.85	5.8962404E-011
5.851	5.8155699E-011
5.852	5.8205950E-011
5.853	5.9086416E-011
5.854	6.0690439E-011
5.855	6.2841989E-011
5.856	6.5313213E-011
5.857	6.7846555E-011
5.858	7.0179799E-011
5.859	7.2071453E-011
5.86	7.3323951E-011
5.861	7.3802443E-011
5.862	7.3447540E-011
5.863	7.2280640E-011
5.864	7.0401372E-011
5.865	6.7977603E-011
5.866	6.5228878E-011
5.867	6.2404845E-011
5.868	5.9761189E-011
5.869	5.7534789E-011
5.87	5.5921011E-011
5.871	5.5055113E-011
5.872	5.4999533E-011
5.873	5.5738133E-011
5.874	5.7178262E-011
5.875	5.9160073E-011
5.876	6.1472251E-011
5.877	6.3872789E-011
5.878	6.6112393E-011
5.879	6.7958701E-011
5.88	6.9218582E-011
5.881	6.9756631E-011
5.882	6.9507886E-011
5.883	6.8483670E-011
5.884	6.6770235E-011
5.885	6.4519758E-011
5.886	6.1935540E-011
5.887	5.9251895E-011
5.888	5.6711354E-011
5.889	5.4541326E-011
5.89	5.2932075E-011
5.891	5.2018556E-011
5.892	5.1867819E-011
5.893	5.2472787E-011
5.894	5.3753443E-011
5.895	5.5564959E-011
5.896	5.7712106E-011
5.897	5.9968343E-011
5.898	6.2097986E-011
5.899	6.3878909E-011
5.9	6.5124031E-011
5.901	6.5699113E-011
5.902	6.5535348E-011
5.903	6.4635707E-011
5.904	6.3074115E-011
5.905	6.0987999E-011
5.906	5.8564556E-011
5.907	5.6022430E-011
5.908	5.3590445E-011
5.909	5.1485521E-011
5.91	4.9891761E-011
5.911	4.8942905E-011
5.912	4.8709762E-011
5.913	4.9193680E-011
5.914	5.0326857E-011
5.915	5.1979223E-011
5.916	5.3971438E-011
5.917	5.6092367E-011
5.918	5.8119780E-011
5.919	5.9841805E-011
5.92	6.1077338E-011
5.921	6.1693414E-011
5.922	6.1617711E-011
5.923	6.0845218E-011
5.924	5.9438211E-011
5.925	5.7519944E-011
5.926	5.5262354E-011
5.927	5.2869039E-011
5.928	5.0555549E-011
5.929	4.8528393E-011
5.93	4.6965192E-011
5.931	4.5997695E-011
5.932	4.5699344E-011
5.933	4.6078537E-011
5.934	4.7078265E-011
5.935	4.8581961E-011
5.936	5.0425157E-011
5.937	5.2411714E-011
5.938	5.4332861E-011
5.939	5.5987524E-011
5.94	5.7201598E-011
5.941	5.7844597E-011
5.942	5.7842023E-011
5.943	5.7182117E-011
5.944	5.5916608E-011
5.945	5.4155454E-011
5.946	5.2055672E-011
5.947	4.9806024E-011
5.948	4.7608584E-011
5.949	4.5659136E-011
5.95	4.4128329E-011
5.951	4.3145348E-011
5.952	4.2785765E-011
5.953	4.3064503E-011
5.954	4.3934811E-011
5.955	4.5293165E-011
5.956	4.6989610E-011
5.957	4.8842538E-011
5.958	5.0656368E-011
5.959	5.2240611E-011
5.96	5.3428161E-011
5.961	5.4091294E-011
5.962	5.4153789E-011
5.963	5.3597952E-011
5.964	5.2465910E-011
5.965	5.0855251E-011
5.966	4.8909127E-011
5.967	4.6802239E-011
5.968	4.4723662E-011
5.969	4.2858595E-011
5.97	4.1370438E-011
5.971	4.0385150E-011
5.972	3.9979416E-011
5.973	4.0173448E-011
5.974	4.0929479E-011
5.975	4.2155775E-011
5.976	4.3715788E-011
5.977	4.5441678E-011
5.978	4.7150703E-011
5.979	4.8662942E-011
5.98	4.9818656E-011
5.981	5.0493575E-011
5.982	5.0610714E-011
5.983	5.0147417E-011
5.984	4.9137305E-011
5.985	4.7666537E-011
5.986	4.5865343E-011
5.987	4.3894950E-011
5.988	4.1931968E-011
5.989	4.0151146E-011
5.99	3.8708547E-011
5.991	3.7726534E-011
5.992	3.7282212E-011
5.993	3.7400291E-011
5.994	3.8050989E-011
5.995	3.9153323E-011
5.996	4.0583269E-011
5.997	4.2185960E-011
5.998	4.3790995E-011
5.999	4.5228842E-011
6	4.6347332E-011
6.001	4.7026150E-011
6.002	4.7188291E-011
6.003	4.6807187E-011
6.004	4.5908926E-011
6.005	4.4569362E-011
6.006	4.2906546E-011
6.007	4.1068884E-011
6.008	3.9220748E-011
6.009	3.7526465E-011
6.01	3.6134415E-011
6.011	3.5162883E-011
6.012	3.4688797E-011
6.013	3.4740613E-011
6.014	3.5295870E-011
6.015	3.6283691E-011
6.016	3.7591940E-011
6.017	3.9078348E-011
6.018	4.0584369E-011
6.019	4.1950707E-011
6.02	4.3032578E-011
6.021	4.3713720E-011
6.022	4.3917373E-011
6.023	4.3613401E-011
6.024	4.2821000E-011
6.025	4.1606430E-011
6.026	4.0076300E-011
6.027	3.8367049E-011
6.028	3.6631545E-011
6.029	3.5024161E-011
6.03	3.3685894E-011
6.031	3.2730825E-011
6.032	3.2235242E-011
6.033	3.2230569E-011
6.034	3.2700582E-011
6.035	3.3583306E-011
6.036	3.4777348E-011
6.037	3.6151911E-011
6.038	3.7559691E-011
6.039	3.8851224E-011
6.04	3.9889307E-011
6.041	4.0562196E-011
6.042	4.0794240E-011
6.043	4.0552943E-011
6.044	3.9851768E-011
6.045	3.8748522E-011
6.046	3.7339527E-011
6.047	3.5749945E-011
6.048	3.4121581E-011
6.049	3.2599066E-011
6.05	3.1315828E-011
6.051	3.0381340E-011
6.052	2.9870686E-011
6.053	2.9817527E-011
6.054	3.0211150E-011
6.055	3.0997767E-011
6.056	3.2085997E-011
6.057	3.3355981E-011
6.058	3.4671099E-011
6.059	3.5891349E-011
6.06	3.6886865E-011
6.061	3.7550452E-011
6.062	3.7807760E-011
6.063	3.7624272E-011
6.064	3.7008323E-011
6.065	3.6010087E-011
6.066	3.4716272E-011
6.067	3.3241663E-011
6.068	3.1717677E-011
6.069	3.0279692E-011
6.07	2.9053796E-011
6.071	2.8144813E-011
6.072	2.7626236E-011
6.073	2.7533373E-011
6.074	2.7860173E-011
6.075	2.8560111E-011
6.076	2.9550900E-011
6.077	3.0722730E-011
6.078	3.1949023E-011
6.079	3.3098777E-011
6.08	3.4049336E-011
6.081	3.4698116E-011
6.082	3.4972487E-011
6.083	3.4836554E-011
6.084	3.4294453E-011
6.085	3.3389579E-011
6.086	3.2200263E-011
6.087	3.0831841E-011
6.088	2.9406276E-011
6.089	2.8050326E-011
6.09	2.6883124E-011
6.091	2.6004770E-011
6.092	2.5486793E-011
6.093	2.5365361E-011
6.094	2.5638104E-011
6.095	2.6264546E-011
6.096	2.7170320E-011
6.097	2.8254571E-011
6.098	2.9399875E-011
6.099	3.0483761E-011
6.1	3.1390536E-011
6.101	3.2022451E-011
6.102	3.2309089E-011
6.103	3.2213936E-011
6.104	3.1737682E-011
6.105	3.0917904E-011
6.106	2.9825233E-011
6.107	2.8556152E-011
6.108	2.7223614E-011
6.109	2.5945931E-011
6.11	2.4835268E-011
6.111	2.3986925E-011
6.112	2.3470169E-011
6.113	2.3321723E-011
6.114	2.3542486E-011
6.115	2.4097625E-011
6.116	2.4920264E-011
6.117	2.5918118E-011
6.118	2.6982637E-011
6.119	2.7999571E-011
6.12	2.8860117E-011
6.121	2.9471377E-011
6.122	2.9765256E-011
6.123	2.9704871E-011
6.124	2.9287902E-011
6.125	2.8546575E-011
6.126	2.7544349E-011
6.127	2.6369500E-011
6.128	2.5126463E-011
6.129	2.3925566E-011
6.13	2.2872374E-011
6.131	2.2057432E-011
6.132	2.1547673E-011
6.133	2.1380031E-011
6.134	2.1558127E-011
6.135	2.2052082E-011
6.136	2.2801675E-011
6.137	2.3722357E-011
6.138	2.4713615E-011
6.139	2.5668811E-011
6.14	2.6485539E-011
6.141	2.7075543E-011
6.142	2.7373156E-011
6.143	2.7341482E-011
6.144	2.6975824E-011
6.145	2.6303905E-011
6.146	2.5382895E-011
6.147	2.4293791E-011
6.148	2.3133327E-011
6.149	2.2004504E-011
6.15	2.1006603E-011
6.151	2.0225576E-011
6.152	1.9725792E-011
6.153	1.9543969E-011
6.154	1.9685777E-011
6.155	2.0125530E-011
6.156	2.0808853E-011
6.157	2.1658168E-011
6.158	2.2580353E-011
6.159	2.3475876E-011
6.16	2.4248499E-011
6.161	2.4814558E-011
6.162	2.5111007E-011
6.163	2.5101378E-011
6.164	2.4779121E-011
6.165	2.4168093E-011
6.166	2.3319985E-011
6.167	2.2309132E-011
6.168	2.1225195E-011
6.169	2.0164337E-011
6.17	1.9219857E-011
6.171	1.8473200E-011
6.172	1.7986088E-011
6.173	1.7794736E-011
6.174	1.7906463E-011
6.175	1.8299169E-011
6.176	1.8923748E-011
6.177	1.9708924E-011
6.178	2.0568379E-011
6.179	2.1409204E-011
6.18	2.2140930E-011
6.181	2.2684290E-011
6.182	2.2978834E-011
6.183	2.2988637E-011
6.184	2.2705669E-011
6.185	2.2150344E-011
6.186	2.1369378E-011
6.187	2.0431106E-011
6.188	1.9418682E-011
6.189	1.8421920E-011
6.19	1.7528578E-011
6.191	1.6815792E-011
6.192	1.6342715E-011
6.193	1.6144870E-011
6.194	1.6230843E-011
6.195	1.6581667E-011
6.196	1.7152817E-011
6.197	1.7878699E-011
6.198	1.8679178E-011
6.199	1.9467433E-011
6.2	2.0158443E-011
6.201	2.0677193E-011
6.202	2.0965910E-011
6.203	2.0989563E-011
6.204	2.0739084E-011
6.205	2.0232097E-011
6.206	1.9511030E-011
6.207	1.8638846E-011
6.208	1.7692790E-011
6.209	1.6756820E-011
6.21	1.5913406E-011
6.211	1.5235544E-011
6.212	1.4779707E-011
6.213	1.4580498E-011
6.214	1.4647400E-011
6.215	1.4964007E-011
6.216	1.5489785E-011
6.217	1.6164171E-011
6.218	1.6912546E-011
6.219	1.7653609E-011
6.22	1.8307285E-011
6.221	1.8802512E-011
6.222	1.9084083E-011
6.223	1.9117942E-011
6.224	1.8894296E-011
6.225	1.8428474E-011
6.226	1.7759265E-011
6.227	1.6944978E-011
6.228	1.6057707E-011
6.229	1.5176211E-011
6.23	1.4378246E-011
6.231	1.3732998E-011
6.232	1.3294438E-011
6.233	1.3096152E-011
6.234	1.3148195E-011
6.235	1.3436278E-011
6.236	1.3923277E-011
6.237	1.4552970E-011
6.238	1.5255644E-011
6.239	1.5954932E-011
6.24	1.6575264E-011
6.241	1.7049221E-011
6.242	1.7324028E-011
6.243	1.7366601E-011
6.244	1.7166617E-011
6.245	1.6737414E-011
6.246	1.6114535E-011
6.247	1.5352148E-011
6.248	1.4517687E-011
6.249	1.3685217E-011
6.25	1.2928187E-011
6.251	1.2312316E-011
6.252	1.1889230E-011
6.253	1.1691535E-011
6.254	1.1729735E-011
6.255	1.1991367E-011
6.256	1.2442312E-011
6.257	1.3030257E-011
6.258	1.3689883E-011
6.259	1.4349286E-011
6.26	1.4937031E-011
6.261	1.5389065E-011
6.262	1.5654958E-011
6.263	1.5702684E-011
6.264	1.5521681E-011
6.265	1.5123734E-011
6.266	1.4541713E-011
6.267	1.3826250E-011
6.268	1.3040727E-011
6.269	1.2255027E-011
6.27	1.1538685E-011
6.271	1.0954151E-011
6.272	1.0550714E-011
6.273	1.0359811E-011
6.274	1.0392050E-011
6.275	1.0636301E-011
6.276	1.1060896E-011
6.277	1.1616820E-011
6.278	1.2242582E-011
6.279	1.2870225E-011
6.28	1.3432025E-011
6.281	1.3866998E-011
6.282	1.4126828E-011
6.283	1.4180479E-011
6.284	1.4017121E-011
6.285	1.3647090E-011
6.286	1.3100752E-011
6.287	1.2425480E-011
6.288	1.1680960E-011
6.289	1.0933337E-011
6.29	1.0248744E-011
6.291	9.6869075E-012
6.292	9.2953284E-012
6.293	9.1047630E-012
6.294	9.1262865E-012
6.295	9.3503122E-012
6.296	9.7476350E-012
6.297	1.0272352E-011
6.298	1.0866404E-011
6.299	1.1465291E-011
6.3	1.2004352E-011
6.301	1.2425090E-011
6.302	1.2680816E-011
6.303	1.2741122E-011
6.304	1.2594797E-011
6.305	1.2250800E-011
6.306	1.1737319E-011
6.307	1.1098920E-011
6.308	1.0392152E-011
6.309	9.6799929E-012
6.31	9.0256934E-012
6.311	8.4866350E-012
6.312	8.1087871E-012
6.313	7.9222852E-012
6.314	7.9385847E-012
6.315	8.1494074E-012
6.316	8.5276491E-012
6.317	9.0300779E-012
6.318	9.6016025E-012
6.319	1.0180660E-011
6.32	1.0705230E-011
6.321	1.1118844E-011
6.322	1.1376046E-011
6.323	1.1446773E-011
6.324	1.1319181E-011
6.325	1.1000753E-011
6.326	1.0517471E-011
6.327	9.9112515E-012
6.328	9.2357996E-012
6.329	8.5513705E-012
6.33	7.9189199E-012
6.331	7.3941712E-012
6.332	7.0222686E-012
6.333	6.8334297E-012
6.334	6.8400880E-012
6.335	7.0357496E-012
6.336	7.3956900E-012
6.337	7.8794089E-012
6.338	8.4346089E-012
6.339	9.0022816E-012
6.34	9.5224384E-012
6.341	9.9399169E-012
6.342	1.0209681E-011
6.343	1.0301157E-011
6.344	1.0201143E-011
6.345	9.9149959E-012
6.346	9.4660920E-012
6.347	8.8934884E-012
6.348	8.2481201E-012
6.349	7.5878401E-012
6.35	6.9718285E-012
6.351	6.4548982E-012
6.352	6.0822324E-012
6.353	5.8850776E-012
6.354	5.8777848E-012
6.355	6.0565021E-012
6.356	6.3995896E-012
6.357	6.8697773E-012
6.358	7.4177851E-012
6.359	7.9871032E-012
6.36	8.5194430E-012
6.361	8.9603420E-012
6.362	9.2643835E-012
6.363	9.3995081E-012
6.364	9.3500372E-012
6.365	9.1181004E-012
6.366	8.7233189E-012
6.367	8.2008393E-012
6.368	7.5978876E-012
6.369	6.9691987E-012
6.37	6.3717937E-012
6.371	5.8595923E-012
6.372	5.4783630E-012
6.373	5.2615160E-012
6.374	5.2270354E-012
6.375	5.3758929E-012
6.376	5.6920059E-012
6.377	6.1437730E-012
6.378	6.6870398E-012
6.379	7.2692056E-012
6.38	7.8341500E-012
6.381	8.3274845E-012
6.382	8.7016592E-012
6.383	8.9204503E-012
6.384	8.9623543E-012
6.385	8.8226024E-012
6.386	8.5135735E-012
6.387	8.0635863E-012
6.388	7.5141898E-012
6.389	6.9162787E-012
6.39	6.3253552E-012
6.391	5.7964748E-012
6.392	5.3792804E-012
6.393	5.1136001E-012
6.394	5.0259553E-012
6.395	5.1272532E-012
6.396	5.4118320E-012
6.397	5.8579326E-012
6.398	6.4295375E-012
6.399	7.0794494E-012
6.4	7.7533579E-012
6.401	8.3945515E-012
6.402	8.9489362E-012
6.403	9.3698322E-012
6.404	9.6222049E-012
6.405	9.6859179E-012
6.406	9.5576966E-012
6.407	9.2516377E-012
6.408	8.7982234E-012
6.409	8.2419557E-012
6.41	7.6377602E-012
6.411	7.0465305E-012
6.412	6.5301761E-012
6.413	6.1465503E-012
6.414	5.9446775E-012
6.415	5.9606387E-012
6.416	6.2144148E-012
6.417	6.7079211E-012
6.418	7.4243901E-012
6.419	8.3291672E-012
6.42	9.3718722E-012
6.421	1.0489855E-011
6.422	1.1612711E-011
6.423	1.2667587E-011
6.424	1.3584971E-011
6.425	1.4304535E-011
6.426	1.4780651E-011
6.427	1.4987150E-011
6.428	1.4921037E-011
6.429	1.4604672E-011
6.43	1.4086281E-011
6.431	1.3438617E-011
6.432	1.2755610E-011
6.433	1.2147130E-011
6.434	1.1732038E-011
6.435	1.1629772E-011
6.436	1.1950991E-011
6.437	1.2787767E-011
6.438	1.4204125E-011
6.439	1.6227589E-011
6.44	1.8842716E-011
6.441	2.1987308E-011
6.442	2.5552218E-011
6.443	2.9385386E-011
6.444	3.3300449E-011
6.445	3.7090418E-011
6.446	4.0545865E-011
6.447	4.3477614E-011
6.448	4.5742660E-011
6.449	4.7272131E-011
6.45	4.8099698E-011
6.451	4.8388411E-011
6.452	4.8453967E-011
6.453	4.8781746E-011
6.454	5.0036097E-011
6.455	5.3059418E-011
6.456	5.8859709E-011
6.457	6.8585693E-011
6.458	8.3488903E-011
6.459	1.0487369E-010
6.46	1.3403584E-010
6.461	1.7219282E-010
6.462	2.2040764E-010
6.463	2.7951139E-010
6.464	3.5002745E-010
6.465	4.3210291E-010
6.466	5.2545157E-010
6.467	6.2931282E-010
6.468	7.4243123E-010
6.469	8.6305785E-010
6.47	9.8897723E-010
6.471	1.1175600E-009
6.472	1.2458394E-009
6.473	1.3706087E-009
6.474	1.4885403E-009
6.475	1.5963145E-009
6.476	1.6907566E-009
6.477	1.7689729E-009
6.478	1.8284818E-009
6.479	1.8673296E-009
6.48	1.8841826E-009
6.481	1.8783965E-009
6.482	1.8500546E-009
6.483	1.7999693E-009
6.484	1.7296544E-009
6.485	1.6412630E-009
6.486	1.5374935E-009
6.487	1.4214744E-009
6.488	1.2966266E-009
6.489	1.1665204E-009
6.49	1.0347179E-009
6.491	9.0462798E-010
6.492	7.7937246E-010
6.493	6.6166567E-010
6.494	5.5372379E-010
6.495	4.5720219E-010
6.496	3.7316261E-010
6.497	3.0207362E-010
6.498	2.4384181E-010
6.499	1.9786790E-010
6.5	1.6312719E-010
6.501	1.3826468E-010
6.502	1.2170071E-010
6.503	1.1173901E-010
6.504	1.0667162E-010
6.505	1.0487385E-010
6.506	1.0488476E-010
6.507	1.0546955E-010
6.508	1.0566047E-010
6.509	1.0477682E-010
6.51	1.0242344E-010
6.511	9.8470433E-011
6.512	9.3016782E-011
6.513	8.6342440E-011
6.514	7.8853014E-011
6.515	7.1022077E-011
6.516	6.3335455E-011
6.517	5.6241491E-011
6.518	5.0110690E-011
6.519	4.5206779E-011
6.52	4.1670625E-011
6.521	3.9516692E-011
6.522	3.8641566E-011
6.523	3.8842398E-011
6.524	3.9842869E-011
6.525	4.1323805E-011
6.526	4.2955254E-011
6.527	4.4427208E-011
6.528	4.5476178E-011
6.529	4.5905651E-011
6.53	4.5598976E-011
6.531	4.4524159E-011
6.532	4.2730541E-011
6.533	4.0338247E-011
6.534	3.7521965E-011
6.535	3.4490667E-011
6.536	3.1465455E-011
6.537	2.8657724E-011
6.538	2.6249582E-011
6.539	2.4378074E-011
6.54	2.3124610E-011
6.541	2.2510176E-011
6.542	2.2496434E-011
6.543	2.2992346E-011
6.544	2.3865446E-011
6.545	2.4956315E-011
6.546	2.6094972E-011
6.547	2.7117366E-011
6.548	2.7880557E-011
6.549	2.8275141E-011
6.55	2.8233986E-011
6.551	2.7736528E-011
6.552	2.6808510E-011
6.553	2.5517356E-011
6.554	2.3963831E-011
6.555	2.2270897E-011
6.556	2.0570960E-011
6.557	1.8992809E-011
6.558	1.7649356E-011
6.559	1.6627517E-011
6.56	1.5980869E-011
6.561	1.5725816E-011
6.562	1.5841465E-011
6.563	1.6272993E-011
6.564	1.6938157E-011
6.565	1.7736163E-011
6.566	1.8557969E-011
6.567	1.9296979E-011
6.568	1.9859132E-011
6.569	2.0171453E-011
6.57	2.0188259E-011
6.571	1.9894536E-011
6.572	1.9306327E-011
6.573	1.8468112E-011
6.574	1.7447528E-011
6.575	1.6328107E-011
6.576	1.5200737E-011
6.577	1.4154635E-011
6.578	1.3268859E-011
6.579	1.2604999E-011
6.58	1.2201805E-011
6.581	1.2072154E-011
6.582	1.2202587E-011
6.583	1.2555382E-011
6.584	1.3072906E-011
6.585	1.3683704E-011
6.586	1.4309772E-011
6.587	1.4874239E-011
6.588	1.5308713E-011
6.589	1.5559614E-011
6.59	1.5592899E-011
6.591	1.5396811E-011
6.592	1.4982357E-011
6.593	1.4381644E-011
6.594	1.3644184E-011
6.595	1.2831669E-011
6.596	1.2011650E-011
6.597	1.1250919E-011
6.598	1.0609035E-011
6.599	1.0132790E-011
6.6	9.8520081E-012
6.601	9.7771184E-012
6.602	9.8986010E-012
6.603	1.0188419E-011
6.604	1.0603162E-011
6.605	1.1088604E-011
6.606	1.1585193E-011
6.607	1.2033906E-011
6.608	1.2381949E-011
6.609	1.2587664E-011
6.61	1.2624305E-011
6.611	1.2482263E-011
6.612	1.2169596E-011
6.613	1.1710834E-011
6.614	1.1144229E-011
6.615	1.0517756E-011
6.616	9.8842627E-012
6.617	9.2962365E-012
6.618	8.8007631E-012
6.619	8.4350860E-012
6.62	8.2232242E-012
6.621	8.1739580E-012
6.622	8.2802879E-012
6.623	8.5204448E-012
6.624	8.8603205E-012
6.625	9.2569988E-012
6.626	9.6630759E-012
6.627	1.0031344E-011
6.628	1.0319322E-011
6.629	1.0493260E-011
6.63	1.0531230E-011
6.631	1.0424979E-011
6.632	1.0180473E-011
6.633	9.8170118E-012
6.634	9.3651189E-012
6.635	8.8633614E-012
6.636	8.3544604E-012
6.637	7.8811098E-012
6.638	7.4818207E-012
6.639	7.1873102E-012
6.64	7.0176543E-012
6.641	6.9805754E-012
6.642	7.0709085E-012
6.643	7.2713424E-012
6.644	7.5543200E-012
6.645	7.8848915E-012
6.646	8.2242104E-012
6.647	8.5333815E-012
6.648	8.7771977E-012
6.649	8.9274933E-012
6.65	8.9657249E-012
6.651	8.8845892E-012
6.652	8.6885455E-012
6.653	8.3931438E-012
6.654	8.0233476E-012
6.655	7.6109405E-012
6.656	7.1913408E-012
6.657	6.8001156E-012
6.658	6.4695250E-012
6.659	6.2254789E-012
6.66	6.0851268E-012
6.661	6.0553459E-012
6.662	6.1322518E-012
6.663	6.3017564E-012
6.664	6.5410923E-012
6.665	6.8211630E-012
6.666	7.1094567E-012
6.667	7.3732522E-012
6.668	7.5827790E-012
6.669	7.7140560E-012
6.67	7.7511018E-012
6.671	7.6873698E-012
6.672	7.5262045E-012
6.673	7.2803777E-012
6.674	6.9706953E-012
6.675	6.6238581E-012
6.676	6.2697872E-012
6.677	5.9386732E-012
6.678	5.6580548E-012
6.679	5.4502032E-012
6.68	5.3300394E-012
6.681	5.3038064E-012
6.682	5.3686053E-012
6.683	5.5128046E-012
6.684	5.7173081E-012
6.685	5.9575157E-012
6.686	6.2057811E-012
6.687	6.4341336E-012
6.688	6.6169865E-012
6.689	6.7335755E-012
6.69	6.7698950E-012
6.691	6.7199458E-012
6.692	6.5861943E-012
6.693	6.3792153E-012
6.694	6.1165426E-012
6.695	5.8208785E-012
6.696	5.5178132E-012
6.697	5.2333311E-012
6.698	4.9912748E-012
6.699	4.8110747E-012
6.7	4.7059344E-012
6.701	4.6816448E-012
6.702	4.7361173E-012
6.703	4.8597081E-012
6.704	5.0362427E-012
6.705	5.2446853E-012
6.706	5.4612209E-012
6.707	5.6616148E-012
6.708	5.8235539E-012
6.709	5.9287666E-012
6.71	5.9647530E-012
6.711	5.9258956E-012
6.712	5.8139188E-012
6.713	5.6376141E-012
6.714	5.4119036E-012
6.715	5.1563081E-012
6.716	4.8929992E-012
6.717	4.6446241E-012
6.718	4.4321049E-012
6.719	4.2726456E-012
6.72	4.1781118E-012
6.721	4.1539615E-012
6.722	4.1988023E-012
6.723	4.3046122E-012
6.724	4.4576101E-012
6.725	4.6396476E-012
6.726	4.8300374E-012
6.727	5.0075673E-012
6.728	5.1525754E-012
6.729	5.2488131E-012
6.73	5.2849804E-012
6.731	5.2557537E-012
6.732	5.1622248E-012
6.733	5.0117081E-012
6.734	4.8169563E-012
6.735	4.5948618E-012
6.736	4.3647620E-012
6.737	4.1465451E-012
6.738	3.9587192E-012
6.739	3.8166345E-012
6.74	3.7310511E-012
6.741	3.7071457E-012
6.742	3.7440836E-012
6.743	3.8351800E-012
6.744	3.9686080E-012
6.745	4.1286115E-012
6.746	4.2970727E-012
6.747	4.4552929E-012
6.748	4.5858135E-012
6.749	4.6740749E-012
6.75	4.7098033E-012
6.751	4.6879466E-012
6.752	4.6090948E-012
6.753	4.4793657E-012
6.754	4.3097349E-012
6.755	4.1149189E-012
6.756	3.9119068E-012
6.757	3.7182926E-012
6.758	3.5505622E-012
6.759	3.4225207E-012
6.76	3.3439844E-012
6.761	3.3198852E-012
6.762	3.3498525E-012
6.763	3.4283084E-012
6.764	3.5450727E-012
6.765	3.6863980E-012
6.766	3.8363379E-012
6.767	3.9783142E-012
6.768	4.0967251E-012
6.769	4.1784380E-012
6.77	4.2140380E-012
6.771	4.1986822E-012
6.772	4.1325281E-012
6.773	4.0206510E-012
6.774	3.8725013E-012
6.775	3.7009432E-012
6.776	3.5209648E-012
6.777	3.3482162E-012
6.778	3.1974770E-012
6.779	3.0812481E-012
6.78	3.0085650E-012
6.781	2.9841581E-012
6.782	3.0080515E-012
6.783	3.0756127E-012
6.784	3.1780453E-012
6.785	3.3032973E-012
6.786	3.4372531E-012
6.787	3.5651261E-012
6.788	3.6728953E-012
6.789	3.7486511E-012
6.79	3.7837220E-012
6.791	3.7734759E-012
6.792	3.7177223E-012
6.793	3.6206840E-012
6.794	3.4905347E-012
6.795	3.3385673E-012
6.796	3.1780704E-012
6.797	3.0230198E-012
6.798	2.8867236E-012
6.799	2.7805412E-012
6.8	2.7128126E-012
6.801	2.6880807E-012
6.802	2.7066942E-012
6.803	2.7648253E-012
6.804	2.8548765E-012
6.805	2.9662601E-012
6.806	3.0864512E-012
6.807	3.2022206E-012
6.808	3.3009166E-012
6.809	3.3716864E-012
6.81	3.4064990E-012
6.811	3.4008957E-012
6.812	3.3543786E-012
6.813	3.2704187E-012
6.814	3.1560726E-012
6.815	3.0212686E-012
6.816	2.8778115E-012
6.817	2.7382270E-012
6.818	2.6145362E-012
6.819	2.5171098E-012
6.82	2.4536764E-012
6.821	2.4286066E-012
6.822	2.4425251E-012
6.823	2.4922907E-012
6.824	2.5713377E-012
6.825	2.6703483E-012
6.826	2.7781789E-012
6.827	2.8829601E-012
6.828	2.9732477E-012
6.829	3.0391256E-012
6.83	3.0731474E-012
6.831	3.0710343E-012
6.832	3.0320490E-012
6.833	2.9590336E-012
6.834	2.8580968E-012
6.835	2.7379878E-012
6.836	2.6092258E-012
6.837	2.4830639E-012
6.838	2.3703947E-012
6.839	2.2807041E-012
6.84	2.2211664E-012
6.841	2.1959810E-012
6.842	2.2059949E-012
6.843	2.2486529E-012
6.844	2.3182834E-012
6.845	2.4066727E-012
6.846	2.5038830E-012
6.847	2.5992325E-012
6.848	2.6823318E-012
6.849	2.7440834E-012
6.85	2.7775544E-012
6.851	2.7786170E-012
6.852	2.7463296E-012
6.853	2.6829918E-012
6.854	2.5938891E-012
6.855	2.4867573E-012
6.856	2.3710060E-012
6.857	2.2567928E-012
6.858	2.1540315E-012
6.859	2.0714376E-012
6.86	2.0156964E-012
6.861	1.9908370E-012
6.862	1.9978656E-012
6.863	2.0347068E-012
6.864	2.0964283E-012
6.865	2.1757485E-012
6.866	2.2637638E-012
6.867	2.3508255E-012
6.868	2.4274762E-012
6.869	2.4853648E-012
6.87	2.5180392E-012
6.871	2.5215489E-012
6.872	2.4948062E-012
6.873	2.4396565E-012
6.874	2.3606776E-012
6.875	2.2647051E-012
6.876	2.1601577E-012
6.877	2.0561994E-012
6.878	1.9618597E-012
6.879	1.8851561E-012
6.88	1.8323296E-012
6.881	1.8072648E-012
6.882	1.8111337E-012
6.883	1.8423104E-012
6.884	1.8965552E-012
6.885	1.9674507E-012
6.886	2.0470405E-012
6.887	2.1266138E-012
6.888	2.1975544E-012
6.889	2.2521715E-012
6.89	2.2844328E-012
6.891	2.2905308E-012
6.892	2.2692273E-012
6.893	2.2219475E-012
6.894	2.1526142E-012
6.895	2.0672429E-012
6.896	1.9733392E-012
6.897	1.8791600E-012
6.898	1.7929053E-012
6.899	1.7219347E-012
6.9	1.6720623E-012
6.901	1.6470163E-012
6.902	1.6480994E-012
6.903	1.6740924E-012
6.904	1.7213931E-012
6.905	1.7843886E-012
6.906	1.8560197E-012
6.907	1.9284732E-012
6.908	1.9939510E-012
6.909	2.0454242E-012
6.91	2.0773073E-012
6.911	2.0859874E-012
6.912	2.0701490E-012
6.913	2.0308739E-012
6.914	1.9715026E-012
6.915	1.8972742E-012
6.916	1.8147919E-012
6.917	1.7313621E-012
6.918	1.6542810E-012
6.919	1.5901381E-012
6.92	1.5441980E-012
6.921	1.5199209E-012
6.922	1.5186581E-012
6.923	1.5395516E-012
6.924	1.5796355E-012
6.925	1.6341402E-012
6.926	1.6969602E-012
6.927	1.7612501E-012
6.928	1.8200968E-012
6.929	1.8671893E-012
6.93	1.8974382E-012
6.931	1.9074616E-012
6.932	1.8959042E-012
6.933	1.8635395E-012
6.934	1.8131662E-012
6.935	1.7492866E-012
6.936	1.6776370E-012
6.937	1.6045984E-012
6.938	1.5365663E-012
6.939	1.4793427E-012
6.94	1.4375984E-012
6.941	1.4144628E-012
6.942	1.4112606E-012
6.943	1.4274189E-012
6.944	1.4605413E-012
6.945	1.5066484E-012
6.946	1.5605614E-012
6.947	1.6163986E-012
6.948	1.6681460E-012
6.949	1.7102438E-012
6.95	1.7381371E-012
6.951	1.7487265E-012
6.952	1.7406627E-012
6.953	1.7144644E-012
6.954	1.6724300E-012
6.955	1.6183677E-012
6.956	1.5571765E-012
6.957	1.4943350E-012
6.958	1.4353488E-012
6.959	1.3852275E-012
6.96	1.3480323E-012
6.961	1.3265296E-012
6.962	1.3219737E-012
6.963	1.3340204E-012
6.964	1.3607828E-012
6.965	1.3990114E-012
6.966	1.4443970E-012
6.967	1.4919733E-012
6.968	1.5365909E-012
6.969	1.5734237E-012
6.97	1.5984536E-012
6.971	1.6088777E-012
6.972	1.6033932E-012
6.973	1.5823116E-012
6.974	1.5474995E-012
6.975	1.5021430E-012
6.976	1.4503858E-012
6.977	1.3968765E-012
6.978	1.3462936E-012
6.979	1.3028992E-012
6.98	1.2701610E-012
6.981	1.2504717E-012
6.982	1.2449769E-012
6.983	1.2535053E-012
6.984	1.2746080E-012
6.985	1.3056936E-012
6.986	1.3432586E-012
6.987	1.3832023E-012
6.988	1.4212109E-012
6.989	1.4531776E-012
6.99	1.4756218E-012
6.991	1.4860531E-012
6.992	1.4832283E-012
6.993	1.4672750E-012
6.994	1.4396478E-012
6.995	1.4029368E-012
6.996	1.3605533E-012
6.997	1.3163462E-012
6.998	1.2741948E-012
6.999	1.2376366E-012
7	1.2095585E-012
7.001	1.1919758E-012
7.002	1.1858969E-012
7.003	1.1912760E-012
7.004	1.2070386E-012
7.005	1.2311827E-012
7.006	1.2609454E-012
7.007	1.2930446E-012
7.008	1.3239775E-012
7.009	1.3503592E-012
7.01	1.3692733E-012
7.011	1.3785844E-012
7.012	1.3771715E-012
7.013	1.3650400E-012
7.014	1.3433012E-012
7.015	1.3140134E-012
7.016	1.2799213E-012
7.017	1.2441304E-012
7.018	1.2097699E-012
7.019	1.1796887E-012
7.02	1.1562105E-012
7.021	1.1409670E-012
7.022	1.1348013E-012
7.023	1.1377390E-012
7.024	1.1490084E-012
7.025	1.1671119E-012
7.026	1.1899440E-012
7.027	1.2149634E-012
7.028	1.2394166E-012
7.029	1.2606008E-012
7.03	1.2761465E-012
7.031	1.2842782E-012
7.032	1.2840169E-012
7.033	1.2752839E-012
7.034	1.2588932E-012
7.035	1.2364282E-012
7.036	1.2100262E-012
7.037	1.1821146E-012
7.038	1.1551338E-012
7.039	1.1312968E-012
7.04	1.1124008E-012
7.041	1.0997076E-012
7.042	1.0938817E-012
7.043	1.0949790E-012
7.044	1.1024665E-012
7.045	1.1152741E-012
7.046	1.1318730E-012
7.047	1.1503933E-012
7.048	1.1687783E-012
7.049	1.1849777E-012
7.05	1.1971614E-012
7.051	1.2039236E-012
7.052	1.2044504E-012
7.053	1.1986089E-012
7.054	1.1869527E-012
7.055	1.1706295E-012
7.056	1.1512153E-012
7.057	1.1305097E-012
7.058	1.1103214E-012
7.059	1.0922815E-012
7.06	1.0777091E-012
7.061	1.0675254E-012
7.062	1.0622207E-012
7.063	1.0618547E-012
7.064	1.0660773E-012
7.065	1.0741670E-012
7.066	1.0850822E-012
7.067	1.0975360E-012
7.068	1.1100970E-012
7.069	1.1213214E-012
7.07	1.1299012E-012
7.071	1.1348159E-012
7.072	1.1354530E-012
7.073	1.1316824E-012
7.074	1.1238614E-012
7.075	1.1127708E-012
7.076	1.0994952E-012
7.077	1.0852705E-012
7.078	1.0713314E-012
7.079	1.0587777E-012
7.08	1.0484840E-012
7.081	1.0410494E-012
7.082	1.0367847E-012
7.083	1.0357235E-012
7.084	1.0376458E-012
7.085	1.0421052E-012
7.086	1.0484613E-012
7.087	1.0559220E-012
7.088	1.0636001E-012
7.089	1.0705899E-012
7.09	1.0760594E-012
7.091	1.0793446E-012
7.092	1.0800309E-012
7.093	1.0780031E-012
7.094	1.0734538E-012
7.095	1.0668438E-012
7.096	1.0588258E-012
7.097	1.0501475E-012
7.098	1.0415515E-012
7.099	1.0336910E-012
7.1	1.0270755E-012
7.101	1.0220427E-012
7.102	1.0187595E-012
7.103	1.0172364E-012
7.104	1.0173498E-012
7.105	1.0188645E-012
7.106	1.0214530E-012
7.107	1.0247176E-012
7.108	1.0282167E-012
7.109	1.0314982E-012
7.11	1.0341430E-012
7.111	1.0358101E-012
7.112	1.0362766E-012
7.113	1.0354649E-012
7.114	1.0334480E-012
7.115	1.0304306E-012
7.116	1.0267128E-012
7.117	1.0226397E-012
7.118	1.0185515E-012
7.119	1.0147410E-012
7.12	1.0114280E-012
7.121	1.0087458E-012
7.122	1.0067487E-012
7.123	1.0054227E-012
7.124	1.0047043E-012
7.125	1.0044963E-012
7.126	1.0046813E-012
7.127	1.0051323E-012
7.128	1.0057211E-012
7.129	1.0063251E-012
7.13	1.0068359E-012
7.131	1.0071672E-012
7.132	1.0072624E-012
7.133	1.0070986E-012
7.134	1.0066872E-012
7.135	1.0060688E-012
7.136	1.0053047E-012
7.137	1.0044654E-012
7.138	1.0036198E-012
7.139	1.0028258E-012
7.14	1.0021243E-012
7.141	1.0015377E-012
7.142	1.0010718E-012
7.143	1.0007194E-012
7.144	1.0004649E-012
7.145	1.0002894E-012
7.146	1.0001734E-012
7.147	1.0001000E-012
7.148	1.0000555E-012
7.149	1.0000296E-012
7.15	1.0000152E-012
7.151	1.0000074E-012
7.152	1.0000035E-012
7.153	1.0000015E-012
7.154	1.0000005E-012
7.155	1.0000001E-012
7.156	9.9999989E-013
7.157	9.9999989E-013
7.158	9.9999978E-013
7.159	9.9999978E-013
7.16	9.9999978E-013
7.161	9.9999978E-013
7.162	9.9999978E-013
7.163	9.9999978E-013
7.164	9.9999978E-013
7.165	9.9999978E-013
7.166	9.9999978E-013
7.167	9.9999978E-013
7.168	9.9999978E-013
7.169	9.9999978E-013
7.17	9.9999978E-013
7.171	9.9999978E-013
7.172	9.9999978E-013
7.173	9.9999978E-013
7.174	9.9999978E-013
7.175	9.9999978E-013
7.176	9.9999978E-013
7.177	9.9999978E-013
7.178	9.9999978E-013
7.179	9.9999978E-013
7.18	9.9999978E-013
7.181	9.9999978E-013
7.182	9.9999978E-013
7.183	9.9999978E-013
7.184	9.9999978E-013
7.185	9.9999978E-013
7.186	9.9999978E-013
7.187	9.9999978E-013
7.188	9.9999978E-013
7.189	9.9999978E-013
7.19	9.9999978E-013
7.191	9.9999978E-013
7.192	9.9999978E-013
7.193	9.9999978E-013
7.194	9.9999978E-013
7.195	9.9999978E-013
7.196	9.9999978E-013
7.197	9.9999978E-013
7.198	9.9999978E-013
7.199	9.9999978E-013
7.2	9.9999978E-013
7.201	9.9999978E-013
7.202	9.9999978E-013
7.203	9.9999978E-013
7.204	9.9999978E-013
7.205	9.9999978E-013
7.206	9.9999978E-013
7.207	9.9999978E-013
7.208	9.9999978E-013
7.209	9.9999978E-013
7.21	9.9999978E-013
7.211	9.9999978E-013
7.212	9.9999978E-013
7.213	9.9999978E-013
7.214	9.9999978E-013
7.215	9.9999978E-013
7.216	9.9999978E-013
7.217	9.9999978E-013
7.218	9.9999978E-013
7.219	9.9999978E-013
7.22	9.9999978E-013
7.221	9.9999978E-013
7.222	9.9999978E-013
7.223	9.9999978E-013
7.224	9.9999978E-013
7.225	9.9999978E-013
7.226	9.9999978E-013
7.227	9.9999978E-013
7.228	9.9999978E-013
7.229	9.9999978E-013
7.23	9.9999978E-013
7.231	9.9999978E-013
7.232	9.9999978E-013
7.233	9.9999978E-013
7.234	9.9999978E-013
7.235	9.9999978E-013
7.236	9.9999978E-013
7.237	9.9999978E-013
7.238	9.9999978E-013
7.239	9.9999978E-013
7.24	9.9999978E-013
7.241	9.9999978E-013
7.242	9.9999978E-013
7.243	9.9999978E-013
7.244	9.9999978E-013
7.245	9.9999978E-013
7.246	9.9999978E-013
7.247	9.9999978E-013
7.248	9.9999978E-013
7.249	9.9999978E-013
7.25	9.9999978E-013
7.251	9.9999978E-013
7.252	9.9999978E-013
7.253	9.9999978E-013
7.254	9.9999989E-013
7.255	1.0000003E-012
7.256	1.0000011E-012
7.257	1.0000036E-012
7.258	1.0000093E-012
7.259	1.0000231E-012
7.26	1.0000541E-012
7.261	1.0001231E-012
7.262	1.0002707E-012
7.263	1.0005752E-012
7.264	1.0011815E-012
7.265	1.0023466E-012
7.266	1.0045109E-012
7.267	1.0083952E-012
7.268	1.0151340E-012
7.269	1.0264404E-012
7.27	1.0447934E-012
7.271	1.0736300E-012
7.272	1.1175101E-012
7.273	1.1822101E-012
7.274	1.2747041E-012
7.275	1.4029859E-012
7.276	1.5757006E-012
7.277	1.8015882E-012
7.278	2.0887552E-012
7.279	2.4438388E-012
7.28	2.8711363E-012
7.281	3.3718067E-012
7.282	3.9432355E-012
7.283	4.5786304E-012
7.284	5.2669240E-012
7.285	5.9929839E-012
7.286	6.7381226E-012
7.287	7.4808805E-012
7.288	8.1980195E-012
7.289	8.8656469E-012
7.29	9.4604246E-012
7.291	9.9607761E-012
7.292	1.0348007E-011
7.293	1.0607317E-011
7.294	1.0728582E-011
7.295	1.0706935E-011
7.296	1.0543045E-011
7.297	1.0243095E-011
7.298	9.8184880E-012
7.299	9.2852375E-012
7.3	8.6631388E-012
7.301	7.9747094E-012
7.302	1.1783399E-011
7.303	1.1378828E-011
7.304	1.0804785E-011
7.305	1.0084182E-011
7.306	9.2504884E-012
7.307	8.3344547E-012
7.308	7.3715261E-012
7.309	6.3996100E-012
7.31	5.4501846E-012
7.311	4.5655081E-012
7.312	3.7746906E-012
7.313	3.0874461E-012
7.314	2.5070217E-012
7.315	2.0353892E-012
7.316	1.6676052E-012
7.317	1.4078981E-012
7.318	1.2465247E-012
7.319	1.1689681E-012
7.32	1.1553329E-012
7.321	1.1870178E-012
7.322	1.2381582E-012
7.323	1.2838949E-012
7.324	1.3210739E-012
7.325	1.3464017E-012
7.326	1.3592148E-012
7.327	1.3586947E-012
7.328	1.3435291E-012
7.329	1.3142587E-012
7.33	1.2732415E-012
7.331	1.2243322E-012
7.332	1.1721971E-012
7.333	1.1210567E-012
7.334	1.0753200E-012
7.335	1.0381410E-012
7.336	1.0128131E-012
7.337	1.0000001E-012
7.338	1.0000001E-012
7.339	1.0000001E-012
7.34	1.0000001E-012
7.341	1.0000001E-012
7.342	1.0000001E-012
7.343	1.0000001E-012
7.344	1.0000001E-012
7.345	1.0000001E-012
7.346	1.0000001E-012
7.347	1.0000001E-012
7.348	1.0000001E-012
7.349	1.0000001E-012
7.35	1.0000001E-012
7.351	1.0000001E-012
7.352	1.0000001E-012
7.353	1.0000001E-012
7.354	1.0000001E-012
7.355	1.0000001E-012
7.356	1.0000001E-012
7.357	1.0000001E-012
7.358	1.0000001E-012
7.359	1.0000001E-012
7.36	1.0000001E-012
7.361	1.0000001E-012
7.362	1.0000001E-012
7.363	1.0000001E-012
7.364	1.0000001E-012
7.365	1.0000001E-012
7.366	1.0000001E-012
7.367	1.0000001E-012
7.368	1.0000001E-012
7.369	1.0000001E-012
7.37	1.0000001E-012
7.371	1.0000001E-012
7.372	1.0000001E-012
7.373	1.0000001E-012
7.374	1.0000001E-012
7.375	1.0000001E-012
7.376	1.0000001E-012
7.377	1.0000001E-012
7.378	1.0000001E-012
7.379	1.0000001E-012
7.38	1.0000001E-012
7.381	1.0000001E-012
7.382	1.0000001E-012
7.383	1.0000001E-012
7.384	1.0000001E-012
7.385	1.0000001E-012
7.386	1.0000001E-012
7.387	1.0000001E-012
7.388	1.0000001E-012
7.389	1.0000001E-012
7.39	1.0000001E-012
7.391	1.0000001E-012
7.392	1.0000001E-012
7.393	1.0000001E-012
7.394	1.0000001E-012
7.395	1.0000001E-012
7.396	1.0000001E-012
7.397	1.0000001E-012
7.398	1.0000001E-012
7.399	1.0000001E-012
7.4	1.0000001E-012
