theta_deg	R
0.001	9.9985254E-001
0.002	9.9978685E-001
0.003	9.9969244E-001
0.004	9.9956006E-001
0.005	9.9938029E-001
0.006	9.9914443E-001
0.007	9.9884427E-001
0.008	9.9847603E-001
0.009	9.9803978E-001
0.01	9.9754071E-001
0.011	9.9698991E-001
0.012	9.9640208E-001
0.013	9.9579525E-001
0.014	9.9518758E-001
0.015	9.9459559E-001
0.016	9.9403143E-001
0.017	9.9350268E-001
0.018	9.9301100E-001
0.019	9.9255365E-001
0.02	9.9212480E-001
0.021	9.9171656E-001
0.022	9.9132150E-001
0.023	9.9093312E-001
0.024	9.9054706E-001
0.025	9.9016082E-001
0.026	9.8977309E-001
0.027	9.8938382E-001
0.028	9.8899364E-001
0.029	9.8860234E-001
0.03	9.8821044E-001
0.031	9.8781717E-001
0.032	9.8742259E-001
0.033	9.8702580E-001
0.034	9.8662615E-001
0.035	9.8622370E-001
0.036	9.8581856E-001
0.037	9.8541117E-001
0.038	9.8500240E-001
0.039	9.8459339E-001
0.04	9.8418528E-001
0.041	9.8377889E-001
0.042	9.8337471E-001
0.043	9.8297334E-001
0.044	9.8257422E-001
0.045	9.8217690E-001
0.046	9.8178005E-001
0.047	9.8138314E-001
0.048	9.8098493E-001
0.049	9.8058426E-001
0.05	9.8018056E-001
0.051	9.7977382E-001
0.052	9.7936368E-001
0.053	9.7895056E-001
0.054	9.7853470E-001
0.055	9.7811747E-001
0.056	9.7769952E-001
0.057	9.7728151E-001
0.058	9.7686404E-001
0.059	9.7644764E-001
0.06	9.7603196E-001
0.061	9.7561634E-001
0.062	9.7519988E-001
0.063	9.7478163E-001
0.064	9.7436041E-001
0.065	9.7393560E-001
0.066	9.7350687E-001
0.067	9.7307444E-001
0.068	9.7263879E-001
0.069	9.7220075E-001
0.07	9.7176093E-001
0.071	9.7131979E-001
0.072	9.7087806E-001
0.073	9.7043628E-001
0.074	9.6999454E-001
0.075	9.6955264E-001
0.076	9.6911013E-001
0.077	9.6866751E-001
0.078	9.6822393E-001
0.079	9.6777892E-001
0.08	9.6733183E-001
0.081	9.6688211E-001
0.082	9.6642941E-001
0.083	9.6597230E-001
0.084	9.6551037E-001
0.085	9.6504325E-001
0.086	9.6457034E-001
0.087	9.6409214E-001
0.088	9.6360862E-001
0.089	9.6312070E-001
0.09	9.6262896E-001
0.091	9.6213460E-001
0.092	9.6163857E-001
0.093	9.6114141E-001
0.094	9.6064413E-001
0.095	9.6014756E-001
0.096	9.5965171E-001
0.097	9.5915681E-001
0.098	9.5866293E-001
0.099	9.5817006E-001
0.1	9.5767772E-001
0.101	9.5718545E-001
0.102	9.5669228E-001
0.103	9.5619786E-001
0.104	9.5570076E-001
0.105	9.5520008E-001
0.106	9.5469469E-001
0.107	9.5418411E-001
0.108	9.5366716E-001
0.109	9.5314360E-001
0.11	9.5261341E-001
0.111	9.5207638E-001
0.112	9.5153308E-001
0.113	9.5098388E-001
0.114	9.5042908E-001
0.115	9.4986910E-001
0.116	9.4930398E-001
0.117	9.4873405E-001
0.118	9.4815880E-001
0.119	9.4757742E-001
0.12	9.4698936E-001
0.121	9.4639301E-001
0.122	9.4578660E-001
0.123	9.4516742E-001
0.124	9.4453174E-001
0.125	9.4387543E-001
0.126	9.4319266E-001
0.127	9.4247782E-001
0.128	9.4172454E-001
0.129	9.4092840E-001
0.13	9.4008726E-001
0.131	9.3920273E-001
0.132	9.3828171E-001
0.133	9.3733722E-001
0.134	9.3638682E-001
0.135	9.3545175E-001
0.136	9.3455547E-001
0.137	9.3371850E-001
0.138	9.3295771E-001
0.139	9.3228173E-001
0.14	9.3169230E-001
0.141	9.3118221E-001
0.142	9.3073773E-001
0.143	9.3033999E-001
0.144	9.2996901E-001
0.145	9.2960382E-001
0.146	9.2922682E-001
0.147	9.2882222E-001
0.148	9.2837834E-001
0.149	9.2788702E-001
0.15	9.2734289E-001
0.151	9.2674345E-001
0.152	9.2608881E-001
0.153	9.2538089E-001
0.154	9.2462319E-001
0.155	9.2382091E-001
0.156	9.2297947E-001
0.157	9.2210531E-001
0.158	9.2120433E-001
0.159	9.2028278E-001
0.16	9.1934526E-001
0.161	9.1839570E-001
0.162	9.1743755E-001
0.163	9.1647202E-001
0.164	9.1550022E-001
0.165	9.1452283E-001
0.166	9.1353929E-001
0.167	9.1254914E-001
0.168	9.1155088E-001
0.169	9.1054368E-001
0.17	9.0952545E-001
0.171	9.0849471E-001
0.172	9.0744984E-001
0.173	9.0638977E-001
0.174	9.0531361E-001
0.175	9.0422165E-001
0.176	9.0311414E-001
0.177	9.0199244E-001
0.178	9.0085858E-001
0.179	8.9971328E-001
0.18	8.9855760E-001
0.181	8.9739126E-001
0.182	8.9621294E-001
0.183	8.9501935E-001
0.184	8.9380682E-001
0.185	8.9256960E-001
0.186	8.9130145E-001
0.187	8.8999450E-001
0.188	8.8863981E-001
0.189	8.8722658E-001
0.19	8.8574058E-001
0.191	8.8416409E-001
0.192	8.8247448E-001
0.193	8.8064581E-001
0.194	8.7864882E-001
0.195	8.7645465E-001
0.196	8.7404013E-001
0.197	8.7139475E-001
0.198	8.6852753E-001
0.199	8.6547261E-001
0.2	8.6229295E-001
0.201	8.5907805E-001
0.202	8.5593808E-001
0.203	8.5299051E-001
0.204	8.5034478E-001
0.205	8.4808636E-001
0.206	8.4626353E-001
0.207	8.4488070E-001
0.208	8.4389865E-001
0.209	8.4324199E-001
0.21	8.4281218E-001
0.211	8.4250343E-001
0.212	8.4221464E-001
0.213	8.4186321E-001
0.214	8.4138823E-001
0.215	8.4075373E-001
0.216	8.3994424E-001
0.217	8.3896065E-001
0.218	8.3781493E-001
0.219	8.3652419E-001
0.22	8.3510679E-001
0.221	8.3357984E-001
0.222	8.3195794E-001
0.223	8.3025229E-001
0.224	8.2847118E-001
0.225	8.2662076E-001
0.226	8.2470459E-001
0.227	8.2272595E-001
0.228	8.2068574E-001
0.229	8.1858534E-001
0.23	8.1642461E-001
0.231	8.1420386E-001
0.232	8.1192243E-001
0.233	8.0958021E-001
0.234	8.0717564E-001
0.235	8.0470753E-001
0.236	8.0217409E-001
0.237	7.9957289E-001
0.238	7.9690111E-001
0.239	7.9415607E-001
0.24	7.9133457E-001
0.241	7.8843272E-001
0.242	7.8544730E-001
0.243	7.8237480E-001
0.244	7.7921152E-001
0.245	7.7595484E-001
0.246	7.7260095E-001
0.247	7.6914680E-001
0.248	7.6558888E-001
0.249	7.6192367E-001
0.25	7.5814646E-001
0.251	7.5425315E-001
0.252	7.5023752E-001
0.253	7.4609339E-001
0.254	7.4181235E-001
0.255	7.3738647E-001
0.256	7.3280597E-001
0.257	7.2806144E-001
0.258	7.2314209E-001
0.259	7.1803838E-001
0.26	7.1274024E-001
0.261	7.0723850E-001
0.262	7.0152384E-001
0.263	6.9558728E-001
0.264	6.8942094E-001
0.265	6.8301553E-001
0.266	6.7636198E-001
0.267	6.6945004E-001
0.268	6.6226780E-001
0.269	6.5480280E-001
0.27	6.4704037E-001
0.271	6.3896573E-001
0.272	6.3056350E-001
0.273	6.2181979E-001
0.274	6.1272198E-001
0.275	6.0326087E-001
0.276	5.9343165E-001
0.277	5.8323419E-001
0.278	5.7267433E-001
0.279	5.6176370E-001
0.28	5.5051941E-001
0.281	5.3896403E-001
0.282	5.2712333E-001
0.283	5.1502633E-001
0.284	5.0270492E-001
0.285	4.9019203E-001
0.286	4.7752324E-001
0.287	4.6473569E-001
0.288	4.5186901E-001
0.289	4.3896535E-001
0.29	4.2606863E-001
0.291	4.1322443E-001
0.292	4.0047848E-001
0.293	3.8787672E-001
0.294	3.7546271E-001
0.295	3.6327821E-001
0.296	3.5136116E-001
0.297	3.3974582E-001
0.298	3.2846186E-001
0.299	3.1753412E-001
0.3	3.0698124E-001
0.301	2.9681629E-001
0.302	2.8704512E-001
0.303	2.7766812E-001
0.304	2.6867950E-001
0.305	2.6006883E-001
0.306	2.5182179E-001
0.307	2.4392217E-001
0.308	2.3635241E-001
0.309	2.2909491E-001
0.31	2.2213249E-001
0.311	2.1544933E-001
0.312	2.0903046E-001
0.313	2.0286237E-001
0.314	1.9693245E-001
0.315	1.9122960E-001
0.316	1.8574341E-001
0.317	1.8046460E-001
0.318	1.7538470E-001
0.319	1.7049582E-001
0.32	1.6579108E-001
0.321	1.6126394E-001
0.322	1.5690860E-001
0.323	1.5271956E-001
0.324	1.4869156E-001
0.325	1.4481938E-001
0.326	1.4109762E-001
0.327	1.3752048E-001
0.328	1.3408162E-001
0.329	1.3077371E-001
0.33	1.2758903E-001
0.331	1.2451933E-001
0.332	1.2155605E-001
0.333	1.1869109E-001
0.334	1.1591706E-001
0.335	1.1322772E-001
0.336	1.1061832E-001
0.337	1.0808578E-001
0.338	1.0562838E-001
0.339	1.0324553E-001
0.34	1.0093720E-001
0.341	9.8703369E-002
0.342	9.6543372E-002
0.343	9.4455503E-002
0.344	9.2436709E-002
0.345	9.0482742E-002
0.346	8.8588178E-002
0.347	8.6747058E-002
0.348	8.4953457E-002
0.349	8.3201982E-002
0.35	8.1488647E-002
0.351	7.9810895E-002
0.352	7.8168146E-002
0.353	7.6561429E-002
0.354	7.4993134E-002
0.355	7.3466420E-002
0.356	7.1984507E-002
0.357	7.0549987E-002
0.358	6.9164015E-002
0.359	6.7826040E-002
0.36	6.6533558E-002
0.361	6.5282270E-002
0.362	6.4066477E-002
0.363	6.2879674E-002
0.364	6.1715472E-002
0.365	6.0568292E-002
0.366	5.9434082E-002
0.367	5.8310874E-002
0.368	5.7198860E-002
0.369	5.6100305E-002
0.37	5.5019211E-002
0.371	5.3960562E-002
0.372	5.2929640E-002
0.373	5.1931217E-002
0.374	5.0968863E-002
0.375	5.0044429E-002
0.376	4.9157720E-002
0.377	4.8306495E-002
0.378	4.7486532E-002
0.379	4.6692219E-002
0.38	4.5917030E-002
0.381	4.5154300E-002
0.382	4.4398032E-002
0.383	4.3643564E-002
0.384	4.2888194E-002
0.385	4.2131491E-002
0.386	4.1375492E-002
0.387	4.0624373E-002
0.388	3.9884072E-002
0.389	3.9161522E-002
0.39	3.8463794E-002
0.391	3.7797298E-002
0.392	3.7166856E-002
0.393	3.6575094E-002
0.394	3.6022034E-002
0.395	3.5505008E-002
0.396	3.5018802E-002
0.397	3.4556173E-002
0.398	3.4108572E-002
0.399	3.3666994E-002
0.4	3.3222951E-002
0.401	3.2769319E-002
0.402	3.2301161E-002
0.403	3.1816181E-002
0.404	3.1315114E-002
0.405	3.0801507E-002
0.406	3.0281475E-002
0.407	2.9762978E-002
0.408	2.9254945E-002
0.409	2.8766269E-002
0.41	2.8304800E-002
0.411	2.7876418E-002
0.412	2.7484337E-002
0.413	2.7128717E-002
0.414	2.6806582E-002
0.415	2.6512135E-002
0.416	2.6237357E-002
0.417	2.5972828E-002
0.418	2.5708750E-002
0.419	2.5435926E-002
0.42	2.5146777E-002
0.421	2.4836048E-002
0.422	2.4501374E-002
0.423	2.4143498E-002
0.424	2.3766197E-002
0.425	2.3375839E-002
0.426	2.2980766E-002
0.427	2.2590416E-002
0.428	2.2214364E-002
0.429	2.1861371E-002
0.43	2.1538490E-002
0.431	2.1250354E-002
0.432	2.0998659E-002
0.433	2.0782014E-002
0.434	2.0596039E-002
0.435	2.0433724E-002
0.436	2.0286145E-002
0.437	2.0143285E-002
0.438	1.9994993E-002
0.439	1.9832002E-002
0.44	1.9646790E-002
0.441	1.9434318E-002
0.442	1.9192522E-002
0.443	1.8922532E-002
0.444	1.8628504E-002
0.445	1.8317288E-002
0.446	1.7997706E-002
0.447	1.7679775E-002
0.448	1.7373700E-002
0.449	1.7088940E-002
0.45	1.6833326E-002
0.451	1.6612291E-002
0.452	1.6428415E-002
0.453	1.6281128E-002
0.454	1.6166780E-002
0.455	1.6078979E-002
0.456	1.6009118E-002
0.457	1.5947217E-002
0.458	1.5882790E-002
0.459	1.5805824E-002
0.46	1.5707633E-002
0.461	1.5581704E-002
0.462	1.5424215E-002
0.463	1.5234413E-002
0.464	1.5014646E-002
0.465	1.4770152E-002
0.466	1.4508588E-002
0.467	1.4239344E-002
0.468	1.3972722E-002
0.469	1.3719006E-002
0.47	1.3487606E-002
0.471	1.3286186E-002
0.472	1.3120013E-002
0.473	1.2991491E-002
0.474	1.2899905E-002
0.475	1.2841532E-002
0.476	1.2809882E-002
0.477	1.2796312E-002
0.478	1.2790729E-002
0.479	1.2782492E-002
0.48	1.2761310E-002
0.481	1.2718154E-002
0.482	1.2646024E-002
0.483	1.2540543E-002
0.484	1.2400356E-002
0.485	1.2227202E-002
0.486	1.2025780E-002
0.487	1.1803343E-002
0.488	1.1569053E-002
0.489	1.1333228E-002
0.49	1.1106455E-002
0.491	1.0898714E-002
0.492	1.0718547E-002
0.493	1.0572347E-002
0.494	1.0463857E-002
0.495	1.0393843E-002
0.496	1.0360049E-002
0.497	1.0357379E-002
0.498	1.0378304E-002
0.499	1.0413485E-002
0.5	1.0452512E-002
0.501	1.0484764E-002
0.502	1.0500262E-002
0.503	1.0490452E-002
0.504	1.0448945E-002
0.505	1.0371968E-002
0.506	1.0258721E-002
0.507	1.0111406E-002
0.508	9.9350438E-003
0.509	9.7370911E-003
0.51	9.5268153E-003
0.511	9.3145613E-003
0.512	9.1109313E-003
0.513	8.9259436E-003
0.514	8.7682242E-003
0.515	8.6443350E-003
0.516	8.5582454E-003
0.517	8.5110310E-003
0.518	8.5007800E-003
0.519	8.5227257E-003
0.52	8.5696625E-003
0.521	8.6324690E-003
0.522	8.7008672E-003
0.523	8.7641859E-003
0.524	8.8122208E-003
0.525	8.8360133E-003
0.526	8.8285590E-003
0.527	8.7853223E-003
0.528	8.7046186E-003
0.529	8.5877199E-003
0.53	8.4387679E-003
0.531	8.2644476E-003
0.532	8.0734873E-003
0.533	7.8759678E-003
0.534	7.6825614E-003
0.535	7.5037014E-003
0.536	7.3487889E-003
0.537	7.2254688E-003
0.538	7.1390420E-003
0.539	7.0920619E-003
0.54	7.0841415E-003
0.541	7.1119801E-003
0.542	7.1696215E-003
0.543	7.2488924E-003
0.544	7.3400396E-003
0.545	7.4324561E-003
0.546	7.5154854E-003
0.547	7.5792191E-003
0.548	7.6152491E-003
0.549	7.6172869E-003
0.55	7.5816382E-003
0.551	7.5074830E-003
0.552	7.3969248E-003
0.553	7.2548394E-003
0.554	7.0885094E-003
0.555	6.9070724E-003
0.556	6.7208442E-003
0.557	6.5405476E-003
0.558	6.3765100E-003
0.559	6.2379041E-003
0.56	6.1320695E-003
0.561	6.0639749E-003
0.562	6.0358560E-003
0.563	6.0470565E-003
0.564	6.0940757E-003
0.565	6.1708246E-003
0.566	6.2690573E-003
0.567	6.3789766E-003
0.568	6.4899274E-003
0.569	6.5911724E-003
0.57	6.6726669E-003
0.571	6.7258044E-003
0.572	6.7440434E-003
0.573	6.7234058E-003
0.574	6.6627814E-003
0.575	6.5640253E-003
0.576	6.4318376E-003
0.577	6.2734238E-003
0.578	6.0979868E-003
0.579	5.9160455E-003
0.58	5.7386798E-003
0.581	5.5767288E-003
0.582	5.4399967E-003
0.583	5.3365552E-003
0.584	5.2721458E-003
0.585	5.2497680E-003
0.586	5.2694529E-003
0.587	5.3282618E-003
0.588	5.4204795E-003
0.589	5.5380259E-003
0.59	5.6710383E-003
0.591	5.8085700E-003
0.592	5.9393747E-003
0.593	6.0527045E-003
0.594	6.1390516E-003
0.595	6.1908257E-003
0.596	6.2028589E-003
0.597	6.1727623E-003
0.598	6.1010774E-003
0.599	5.9912470E-003
0.6	5.8493726E-003
0.601	5.6838142E-003
0.602	5.5046319E-003
0.603	5.3229081E-003
0.604	5.1499973E-003
0.605	4.9967486E-003
0.606	4.8727547E-003
0.607	4.7856751E-003
0.608	4.7406894E-003
0.609	4.7401111E-003
0.61	4.7831996E-003
0.611	4.8661954E-003
0.612	4.9825530E-003
0.613	5.1233894E-003
0.614	5.2780886E-003
0.615	5.4350342E-003
0.616	5.5824225E-003
0.617	5.7090861E-003
0.618	5.8052661E-003
0.619	5.8633056E-003
0.62	5.8781793E-003
0.621	5.8478457E-003
0.622	5.7734060E-003
0.623	5.6590261E-003
0.624	5.5116746E-003
0.625	5.3406488E-003
0.626	5.1569548E-003
0.627	4.9725547E-003
0.628	4.7995741E-003
0.629	4.6494482E-003
0.63	4.5321672E-003
0.631	4.4555715E-003
0.632	4.4248099E-003
0.633	4.4419775E-003
0.634	4.5059440E-003
0.635	4.6124160E-003
0.636	4.7542132E-003
0.637	4.9217190E-003
0.638	5.1035294E-003
0.639	5.2872002E-003
0.64	5.4600877E-003
0.641	5.6101996E-003
0.642	5.7270033E-003
0.643	5.8021620E-003
0.644	5.8301003E-003
0.645	5.8084130E-003
0.646	5.7380539E-003
0.647	5.6232978E-003
0.648	5.4714843E-003
0.649	5.2925516E-003
0.65	5.0983895E-003
0.651	4.9020587E-003
0.652	4.7169277E-003
0.653	4.5557762E-003
0.654	4.4299322E-003
0.655	4.3485104E-003
0.656	4.3177670E-003
0.657	4.3406691E-003
0.658	4.4166567E-003
0.659	4.5416406E-003
0.66	4.7082496E-003
0.661	4.9062795E-003
0.662	5.1233508E-003
0.663	5.3457068E-003
0.664	5.5591245E-003
0.665	5.7498459E-003
0.666	5.9054992E-003
0.667	6.0159406E-003
0.668	6.0739461E-003
0.669	6.0757212E-003
0.67	6.0212058E-003
0.671	5.9141126E-003
0.672	5.7617431E-003
0.673	5.5745523E-003
0.674	5.3654970E-003
0.675	5.1492047E-003
0.676	4.9410346E-003
0.677	4.7560581E-003
0.678	4.6080495E-003
0.679	4.5085484E-003
0.68	4.4660666E-003
0.681	4.4854814E-003
0.682	4.5676613E-003
0.683	4.7093770E-003
0.684	4.9034492E-003
0.685	5.1391996E-003
0.686	5.4030879E-003
0.687	5.6795883E-003
0.688	5.9521701E-003
0.689	6.2043676E-003
0.69	6.4208559E-003
0.691	6.5884590E-003
0.692	6.6970442E-003
0.693	6.7402259E-003
0.694	6.7158313E-003
0.695	6.6261142E-003
0.696	6.4776773E-003
0.697	6.2811156E-003
0.698	6.0503879E-003
0.699	5.8019785E-003
0.7	5.5538635E-003
0.701	5.3243884E-003
0.702	5.1310840E-003
0.703	4.9895206E-003
0.704	4.9122768E-003
0.705	4.9080593E-003
0.706	4.9810717E-003
0.707	5.1306388E-003
0.708	5.3511616E-003
0.709	5.6323670E-003
0.71	5.9598759E-003
0.711	6.3160700E-003
0.712	6.6811587E-003
0.713	7.0344382E-003
0.714	7.3556229E-003
0.715	7.6261680E-003
0.716	7.8305202E-003
0.717	7.9572024E-003
0.718	7.9996092E-003
0.719	7.9565877E-003
0.72	7.8325868E-003
0.721	7.6375306E-003
0.722	7.3862858E-003
0.723	7.0978194E-003
0.724	6.7940699E-003
0.725	6.4986032E-003
0.726	6.2351129E-003
0.727	6.0259043E-003
0.728	5.8904057E-003
0.729	5.8438536E-003
0.73	5.8961995E-003
0.731	6.0513499E-003
0.732	6.3067623E-003
0.733	6.6534597E-003
0.734	7.0764376E-003
0.735	7.5554862E-003
0.736	8.0663553E-003
0.737	8.5822064E-003
0.738	9.0752859E-003
0.739	9.5186839E-003
0.74	9.8881051E-003
0.741	1.0163538E-002
0.742	1.0330657E-002
0.743	1.0381956E-002
0.744	1.0317422E-002
0.745	1.0144790E-002
0.746	9.8792696E-003
0.747	9.5428256E-003
0.748	9.1629717E-003
0.749	8.7711755E-003
0.75	8.4010083E-003
0.751	8.0860034E-003
0.752	7.8575388E-003
0.753	7.7426862E-003
0.754	7.7623082E-003
0.755	7.9294574E-003
0.756	8.2482444E-003
0.757	8.7132528E-003
0.758	9.3095507E-003
0.759	1.0013375E-002
0.76	1.0793385E-002
0.761	1.1612478E-002
0.762	1.2430026E-002
0.763	1.3204407E-002
0.764	1.3895663E-002
0.765	1.4468122E-002
0.766	1.4892910E-002
0.767	1.5150047E-002
0.768	1.5230155E-002
0.769	1.5135537E-002
0.77	1.4880621E-002
0.771	1.4491600E-002
0.772	1.4005366E-002
0.773	1.3467614E-002
0.774	1.2930339E-002
0.775	1.2448722E-002
0.776	1.2077683E-002
0.777	1.1868245E-002
0.778	1.1863980E-002
0.779	1.2097781E-002
0.78	1.2589178E-002
0.781	1.3342431E-002
0.782	1.4345511E-002
0.783	1.5570170E-002
0.784	1.6973019E-002
0.785	1.8497661E-002
0.786	2.0077819E-002
0.787	2.1641184E-002
0.788	2.3113873E-002
0.789	2.4425242E-002
0.79	2.5512733E-002
0.791	2.6326515E-002
0.792	2.6833622E-002
0.793	2.7021393E-002
0.794	2.6899790E-002
0.795	2.6502628E-002
0.796	2.5887275E-002
0.797	2.5132895E-002
0.798	2.4337117E-002
0.799	2.3611093E-002
0.8	2.3073241E-002
0.801	2.2841794E-002
0.802	2.3026746E-002
0.803	2.3721524E-002
0.804	2.4995161E-002
0.805	2.6885446E-002
0.806	2.9393887E-002
0.807	3.2482766E-002
0.808	3.6074858E-002
0.809	4.0056095E-002
0.81	4.4280972E-002
0.811	4.8580978E-002
0.812	5.2775398E-002
0.813	5.6684408E-002
0.814	6.0143761E-002
0.815	6.3020580E-002
0.816	6.5229379E-002
0.817	6.6747226E-002
0.818	6.7627236E-002
0.819	6.8008594E-002
0.82	6.8121679E-002
0.821	6.8287373E-002
0.822	6.8908215E-002
0.823	7.0451811E-002
0.824	7.3425479E-002
0.825	7.8343697E-002
0.826	8.5690133E-002
0.827	9.5877267E-002
0.828	1.0920788E-001
0.829	1.2584214E-001
0.83	1.4577489E-001
0.831	1.6882585E-001
0.832	1.9464460E-001
0.833	2.2273034E-001
0.834	2.5246409E-001
0.835	2.8315029E-001
0.836	3.1406280E-001
0.837	3.4449100E-001
0.838	3.7378004E-001
0.839	4.0136331E-001
0.84	4.2678472E-001
0.841	4.4970894E-001
0.842	4.6992168E-001
0.843	4.8732084E-001
0.844	5.0190127E-001
0.845	5.1373702E-001
0.846	5.2295923E-001
0.847	5.2973926E-001
0.848	5.3426862E-001
0.849	5.3674603E-001
0.85	5.3736669E-001
0.851	5.3631306E-001
0.852	5.3375119E-001
0.853	5.2982801E-001
0.854	5.2467024E-001
0.855	5.1838458E-001
0.856	5.1106024E-001
0.857	5.0276983E-001
0.858	4.9357140E-001
0.859	4.8351121E-001
0.86	4.7262499E-001
0.861	4.6094084E-001
0.862	4.4848117E-001
0.863	4.3526497E-001
0.864	4.2131013E-001
0.865	4.0663609E-001
0.866	3.9126614E-001
0.867	3.7522957E-001
0.868	3.5856485E-001
0.869	3.4132180E-001
0.87	3.2356408E-001
0.871	3.0537176E-001
0.872	2.8684309E-001
0.873	2.6809549E-001
0.874	2.4926683E-001
0.875	2.3051314E-001
0.876	2.1200700E-001
0.877	1.9393268E-001
0.878	1.7648011E-001
0.879	1.5983757E-001
0.88	1.4418316E-001
0.881	1.2967560E-001
0.882	1.1644609E-001
0.883	1.0459008E-001
0.884	9.4161928E-002
0.885	8.5170925E-002
0.886	7.7580512E-002
0.887	7.1310200E-002
0.888	6.6240415E-002
0.889	6.2219545E-002
0.89	5.9073247E-002
0.891	5.6614608E-002
0.892	5.4654770E-002
0.893	5.3013213E-002
0.894	5.1526744E-002
0.895	5.0056826E-002
0.896	4.8494663E-002
0.897	4.6764124E-002
0.898	4.4822250E-002
0.899	4.2657722E-002
0.9	4.0287465E-002
0.901	3.7751954E-002
0.902	3.5109468E-002
0.903	3.2429881E-002
0.904	2.9788440E-002
0.905	2.7259732E-002
0.906	2.4912329E-002
0.907	2.2804307E-002
0.908	2.0979814E-002
0.909	1.9466855E-002
0.91	1.8276146E-002
0.911	1.7401339E-002
0.912	1.6820230E-002
0.913	1.6496880E-002
0.914	1.6384577E-002
0.915	1.6429199E-002
0.916	1.6572915E-002
0.917	1.6757818E-002
0.918	1.6929360E-002
0.919	1.7039400E-002
0.92	1.7048556E-002
0.921	1.6928012E-002
0.922	1.6660426E-002
0.923	1.6240209E-002
0.924	1.5673026E-002
0.925	1.4974629E-002
0.926	1.4169267E-002
0.927	1.3287572E-002
0.928	1.2364277E-002
0.929	1.1435818E-002
0.93	1.0537964E-002
0.931	9.7036213E-003
0.932	8.9609753E-003
0.933	8.3319880E-003
0.934	7.8313537E-003
0.935	7.4659758E-003
0.936	7.2348830E-003
0.937	7.1296887E-003
0.938	7.1354117E-003
0.939	7.2316932E-003
0.94	7.3942496E-003
0.941	7.5964914E-003
0.942	7.8112097E-003
0.943	8.0122268E-003
0.944	8.1758741E-003
0.945	8.2822964E-003
0.946	8.3164284E-003
0.947	8.2686637E-003
0.948	8.1351530E-003
0.949	7.9177488E-003
0.95	7.6235929E-003
0.951	7.2644451E-003
0.952	6.8557309E-003
0.953	6.4154500E-003
0.954	5.9629828E-003
0.955	5.5178665E-003
0.956	5.0986260E-003
0.957	4.7217207E-003
0.958	4.4006491E-003
0.959	4.1452688E-003
0.96	3.9613470E-003
0.961	3.8503830E-003
0.962	3.8096735E-003
0.963	3.8326378E-003
0.964	3.9093462E-003
0.965	4.0272404E-003
0.966	4.1719568E-003
0.967	4.3282565E-003
0.968	4.4809314E-003
0.969	4.6157101E-003
0.97	4.7200583E-003
0.971	4.7838502E-003
0.972	4.7998778E-003
0.973	4.7641746E-003
0.974	4.6761194E-003
0.975	4.5383628E-003
0.976	4.3565384E-003
0.977	4.1388199E-003
0.978	3.8953472E-003
0.979	3.6375378E-003
0.98	3.3773768E-003
0.981	3.1266813E-003
0.982	2.8964051E-003
0.983	2.6960173E-003
0.984	2.5329948E-003
0.985	2.4124358E-003
0.986	2.3368374E-003
0.987	2.3060201E-003
0.988	2.3172207E-003
0.989	2.3653384E-003
0.99	2.4433015E-003
0.991	2.5425614E-003
0.992	2.6536393E-003
0.993	2.7667282E-003
0.994	2.8722871E-003
0.995	2.9615962E-003
0.996	3.0272477E-003
0.997	3.0635390E-003
0.998	3.0667456E-003
0.999	3.0352699E-003
1	2.9696692E-003
1.001	2.8725404E-003
1.002	2.7483008E-003
1.003	2.6028738E-003
1.004	2.4432905E-003
1.005	2.2772443E-003
1.006	2.1126228E-003
1.007	1.9570452E-003
1.008	1.8174200E-003
1.009	1.6995696E-003
1.01	1.6079131E-003
1.011	1.5452511E-003
1.012	1.5126406E-003
1.013	1.5093797E-003
1.014	1.5330971E-003
1.015	1.5799339E-003
1.016	1.6448097E-003
1.017	1.7217575E-003
1.018	1.8042949E-003
1.019	1.8858204E-003
1.02	1.9600033E-003
1.021	2.0211467E-003
1.022	2.0645042E-003
1.023	2.0865328E-003
1.024	2.0850634E-003
1.025	2.0593964E-003
1.026	2.0102989E-003
1.027	1.9399176E-003
1.028	1.8516196E-003
1.029	1.7497613E-003
1.03	1.6394062E-003
1.031	1.5260105E-003
1.032	1.4150926E-003
1.033	1.3119077E-003
1.034	1.2211474E-003
1.035	1.1466766E-003
1.036	1.0913295E-003
1.037	1.0567665E-003
1.038	1.0434088E-003
1.039	1.0504425E-003
1.04	1.0758961E-003
1.041	1.1167894E-003
1.042	1.1693278E-003
1.043	1.2291464E-003
1.044	1.2915789E-003
1.045	1.3519384E-003
1.046	1.4057875E-003
1.047	1.4491954E-003
1.048	1.4789491E-003
1.049	1.4927262E-003
1.05	1.4892083E-003
1.051	1.4681299E-003
1.052	1.4302726E-003
1.053	1.3773921E-003
1.054	1.3120925E-003
1.055	1.2376552E-003
1.056	1.1578321E-003
1.057	1.0766134E-003
1.058	9.9799270E-004
1.059	9.2573161E-004
1.06	8.6314871E-004
1.061	8.1293500E-004
1.062	7.7701354E-004
1.063	7.5644586E-004
1.064	7.5138942E-004
1.065	7.6111074E-004
1.066	7.8404759E-004
1.067	8.1791775E-004
1.068	8.5986673E-004
1.069	9.0664439E-004
1.07	9.5480063E-004
1.071	1.0008871E-003
1.072	1.0416550E-003
1.073	1.0742383E-003
1.074	1.0963120E-003
1.075	1.1062142E-003
1.076	1.1030337E-003
1.077	1.0866469E-003
1.078	1.0577107E-003
1.079	1.0176110E-003
1.08	9.6836727E-004
1.081	9.1249961E-004
1.082	8.5287285E-004
1.083	7.9251837E-004
1.084	7.3445571E-004
1.085	6.8151316E-004
1.086	6.3616905E-004
1.087	6.0041534E-004
1.088	5.7565112E-004
1.089	5.6261639E-004
1.09	5.6136225E-004
1.091	5.7126209E-004
1.092	5.9106160E-004
1.093	6.1896455E-004
1.094	6.5274531E-004
1.095	6.8988628E-004
1.096	7.2773040E-004
1.097	7.6363602E-004
1.098	7.9513015E-004
1.099	8.2004978E-004
1.1	8.3665905E-004
1.101	8.4374414E-004
1.102	8.4067287E-004
1.103	8.2742027E-004
1.104	8.0455793E-004
1.105	7.7321118E-004
1.106	7.3498138E-004
1.107	6.9184491E-004
1.108	6.4603088E-004
1.109	5.9988711E-004
1.11	5.5574160E-004
1.111	5.1576726E-004
1.112	4.8185920E-004
1.113	4.5552992E-004
1.114	4.3782854E-004
1.115	4.2928936E-004
1.116	4.2990985E-004
1.117	4.3916158E-004
1.118	4.5602999E-004
1.119	4.7908191E-004
1.12	5.0655653E-004
1.121	5.3647137E-004
1.122	5.6674168E-004
1.123	5.9530255E-004
1.124	6.2022649E-004
1.125	6.3983392E-004
1.126	6.5278495E-004
1.127	6.5815257E-004
1.128	6.5546820E-004
1.129	6.4474304E-004
1.13	6.2645739E-004
1.131	6.0152635E-004
1.132	5.7123881E-004
1.133	5.3717592E-004
1.134	5.0111423E-004
1.135	4.6491958E-004
1.136	4.3043721E-004
1.137	3.9938488E-004
1.138	3.7325549E-004
1.139	3.5323511E-004
1.14	3.4013827E-004
1.141	3.3436841E-004
1.142	3.3590049E-004
1.143	3.4429078E-004
1.144	3.5870931E-004
1.145	3.7799508E-004
1.146	4.0072919E-004
1.147	4.2532140E-004
1.148	4.5010430E-004
1.149	4.7343026E-004
1.15	4.9376598E-004
1.151	5.0977711E-004
1.152	5.2040140E-004
1.153	5.2490499E-004
1.154	5.2291813E-004
1.155	5.1445188E-004
1.156	4.9989088E-004
1.157	4.7996826E-004
1.158	4.5571630E-004
1.159	4.2840576E-004
1.16	3.9946882E-004
1.161	3.7041426E-004
1.162	3.4273928E-004
1.163	3.1784273E-004
1.164	2.9694455E-004
1.165	2.8101698E-004
1.166	2.7073114E-004
1.167	2.6642228E-004
1.168	2.6807535E-004
1.169	2.7533103E-004
1.17	2.8751252E-004
1.171	3.0367039E-004
1.172	3.2264192E-004
1.173	3.4312234E-004
1.174	3.6374276E-004
1.175	3.8314977E-004
1.176	4.0008355E-004
1.177	4.1344785E-004
1.178	4.2237047E-004
1.179	4.2624865E-004
1.18	4.2477934E-004
1.181	4.1797158E-004
1.182	4.0614110E-004
1.183	3.8988775E-004
1.184	3.7005800E-004
1.185	3.4769264E-004
1.186	3.2396609E-004
1.187	3.0011783E-004
1.188	2.7738037E-004
1.189	2.5690871E-004
1.19	2.3971552E-004
1.191	2.2661335E-004
1.192	2.1817019E-004
1.193	2.1467905E-004
1.194	2.1614427E-004
1.195	2.2228446E-004
1.196	2.3255285E-004
1.197	2.4617233E-004
1.198	2.6218416E-004
1.199	2.7950620E-004
1.2	2.9699760E-004
1.201	3.1352561E-004
1.202	3.2803076E-004
1.203	3.3958684E-004
1.204	3.4745139E-004
1.205	3.5110503E-004
1.206	3.5027831E-004
1.207	3.4496241E-004
1.208	3.3540718E-004
1.209	3.2210239E-004
1.21	3.0574814E-004
1.211	2.8721159E-004
1.212	2.6747576E-004
1.213	2.4758218E-004
1.214	2.2856994E-004
1.215	2.1141622E-004
1.216	1.9698068E-004
1.217	1.8595734E-004
1.218	1.7883646E-004
1.219	1.7587905E-004
1.22	1.7710468E-004
1.221	1.8229340E-004
1.222	1.9100132E-004
1.223	2.0258890E-004
1.224	2.1625981E-004
1.225	2.3110898E-004
1.226	2.4617548E-004
1.227	2.6049820E-004
1.228	2.7317170E-004
1.229	2.8339701E-004
1.23	2.9052625E-004
1.231	2.9409840E-004
1.232	2.9386277E-004
1.233	2.8979126E-004
1.234	2.8207703E-004
1.235	2.7112052E-004
1.236	2.5750388E-004
1.237	2.4195558E-004
1.238	2.2530733E-004
1.239	2.0844438E-004
1.24	1.9225506E-004
1.241	1.7757976E-004
1.242	1.6516329E-004
1.243	1.5561373E-004
1.244	1.4936896E-004
1.245	1.4667373E-004
1.246	1.4756777E-004
1.247	1.5188588E-004
1.248	1.5926971E-004
1.249	1.6919017E-004
1.25	1.8097997E-004
1.251	1.9387300E-004
1.252	2.0704941E-004
1.253	2.1968306E-004
1.254	2.3098882E-004
1.255	2.4026660E-004
1.256	2.4694079E-004
1.257	2.5059079E-004
1.258	2.5097380E-004
1.259	2.4803643E-004
1.26	2.4191490E-004
1.261	2.3292599E-004
1.262	2.2154671E-004
1.263	2.0838594E-004
1.264	1.9414836E-004
1.265	1.7959380E-004
1.266	1.6549362E-004
1.267	1.5258671E-004
1.268	1.4153770E-004
1.269	1.3289978E-004
1.27	1.2708416E-004
1.271	1.2433772E-004
1.272	1.2473061E-004
1.273	1.2815361E-004
1.274	1.3432624E-004
1.275	1.4281392E-004
1.276	1.5305447E-004
1.277	1.6439104E-004
1.278	1.7611044E-004
1.279	1.8748463E-004
1.28	1.9781198E-004
1.281	2.0645779E-004
1.282	2.1288960E-004
1.283	2.1670722E-004
1.284	2.1766426E-004
1.285	2.1568096E-004
1.286	2.1084714E-004
1.287	2.0341530E-004
1.288	1.9378460E-004
1.289	1.8247672E-004
1.29	1.7010451E-004
1.291	1.5733654E-004
1.292	1.4485829E-004
1.293	1.3333288E-004
1.294	1.2336385E-004
1.295	1.1546113E-004
1.296	1.1001306E-004
1.297	1.0726528E-004
1.298	1.0730812E-004
1.299	1.1007268E-004
1.3	1.1533614E-004
1.301	1.2273566E-004
1.302	1.3179045E-004
1.303	1.4192976E-004
1.304	1.5252615E-004
1.305	1.6293186E-004
1.306	1.7251568E-004
1.307	1.8069863E-004
1.308	1.8698655E-004
1.309	1.9099764E-004
1.31	1.9248264E-004
1.311	1.9133865E-004
1.312	1.8761297E-004
1.313	1.8149978E-004
1.314	1.7332744E-004
1.315	1.6353921E-004
1.316	1.5266691E-004
1.317	1.4130058E-004
1.318	1.3005441E-004
1.319	1.1953210E-004
1.32	1.1029240E-004
1.321	1.0281817E-004
1.322	9.7489130E-005
1.323	9.4561066E-005
1.324	9.4152092E-005
1.325	9.6236581E-005
1.326	1.0064761E-004
1.327	1.0708725E-004
1.328	1.1514456E-004
1.329	1.2431950E-004
1.33	1.3405198E-004
1.331	1.4375444E-004
1.332	1.5284494E-004
1.333	1.6078056E-004
1.334	1.6708791E-004
1.335	1.7138929E-004
1.336	1.7342402E-004
1.337	1.7306201E-004
1.338	1.7031044E-004
1.339	1.6531243E-004
1.34	1.5833805E-004
1.341	1.4976783E-004
1.342	1.4007058E-004
1.343	1.2977624E-004
1.344	1.1944534E-004
1.345	1.0963729E-004
1.346	1.0087898E-004
1.347	9.3635121E-005
1.348	8.8282759E-005
1.349	8.5090447E-005
1.35	8.4203806E-005
1.351	8.5637948E-005
1.352	8.9277215E-005
1.353	9.4882344E-005
1.354	1.0210418E-004
1.355	1.1050390E-004
1.356	1.1957791E-004
1.357	1.2878644E-004
1.358	1.3758431E-004
1.359	1.4545162E-004
1.36	1.5192346E-004
1.361	1.5661630E-004
1.362	1.5924948E-004
1.363	1.5966114E-004
1.364	1.5781677E-004
1.365	1.5381075E-004
1.366	1.4786037E-004
1.367	1.4029285E-004
1.368	1.3152593E-004
1.369	1.2204399E-004
1.37	1.1236979E-004
1.371	1.0303505E-004
1.372	9.4550160E-005
1.373	8.7375767E-005
1.374	8.1897029E-005
1.375	7.8402438E-005
1.376	7.7068078E-005
1.377	7.7948207E-005
1.378	8.0972495E-005
1.379	8.5950342E-005
1.38	9.2581751E-005
1.381	1.0047424E-004
1.382	1.0916487E-004
1.383	1.1814663E-004
1.384	1.2689696E-004
1.385	1.3490733E-004
1.386	1.4171236E-004
1.387	1.4691612E-004
1.388	1.5021462E-004
1.389	1.5141285E-004
1.39	1.5043594E-004
1.391	1.4733266E-004
1.392	1.4227250E-004
1.393	1.3553551E-004
1.394	1.2749610E-004
1.395	1.1860111E-004
1.396	1.0934479E-004
1.397	1.0024024E-004
1.398	9.1790964E-005
1.399	8.4462263E-005
1.4	7.8655758E-005
1.401	7.4686955E-005
1.402	7.2768045E-005
1.403	7.2996358E-005
1.404	7.5349060E-005
1.405	7.9684592E-005
1.406	8.5750704E-005
1.407	9.3198432E-005
1.408	1.0160169E-004
1.409	1.1048105E-004
1.41	1.1933067E-004
1.411	1.2764661E-004
1.412	1.3495523E-004
1.413	1.4083988E-004
1.414	1.4496433E-004
1.415	1.4709194E-004
1.416	1.4709891E-004
1.417	1.4498142E-004
1.418	1.4085576E-004
1.419	1.3495186E-004
1.42	1.2760026E-004
1.421	1.1921368E-004
1.422	1.1026352E-004
1.423	1.0125352E-004
1.424	9.2691414E-005
1.425	8.5060390E-005
1.426	7.8791963E-005
1.427	7.4241667E-005
1.428	7.1669027E-005
1.429	7.1222785E-005
1.43	7.2932424E-005
1.431	7.6706216E-005
1.432	8.2336213E-005
1.433	8.9509740E-005
1.434	9.7826669E-005
1.435	1.0682186E-004
1.436	1.1599127E-004
1.437	1.2482012E-004
1.438	1.3281184E-004
1.439	1.3951627E-004
1.44	1.4455487E-004
1.441	1.4764233E-004
1.442	1.4860299E-004
1.443	1.4738087E-004
1.444	1.4404353E-004
1.445	1.3877869E-004
1.446	1.3188407E-004
1.447	1.2375123E-004
1.448	1.1484381E-004
1.449	1.0567174E-004
1.45	9.6762487E-005
1.451	8.8631437E-005
1.452	8.1752471E-005
1.453	7.6530960E-005
1.454	7.3280586E-005
1.455	7.2205090E-005
1.456	7.3386364E-005
1.457	7.6779215E-005
1.458	8.2213526E-005
1.459	8.9403227E-005
1.46	9.7962060E-005
1.461	1.0742476E-004
1.462	1.1727331E-004
1.463	1.2696578E-004
1.464	1.3596666E-004
1.465	1.4377743E-004
1.466	1.4996473E-004
1.467	1.5418499E-004
1.468	1.5620443E-004
1.469	1.5591236E-004
1.47	1.5332855E-004
1.471	1.4860219E-004
1.472	1.4200481E-004
1.473	1.3391522E-004
1.474	1.2479923E-004
1.475	1.1518406E-004
1.476	1.0562943E-004
1.477	9.6696269E-005
1.478	8.8915673E-005
1.479	8.2758845E-005
1.48	7.8610028E-005
1.481	7.6744618E-005
1.482	7.7312383E-005
1.483	8.0328078E-005
1.484	8.5669279E-005
1.485	9.3082068E-005
1.486	1.0219410E-004
1.487	1.1253438E-004
1.488	1.2355902E-004
1.489	1.3468100E-004
1.49	1.4530288E-004
1.491	1.5485019E-004
1.492	1.6280379E-004
1.493	1.6872968E-004
1.494	1.7230432E-004
1.495	1.7333376E-004
1.496	1.7176627E-004
1.497	1.6769681E-004
1.498	1.6136376E-004
1.499	1.5313709E-004
1.5	1.4349958E-004
1.501	1.3302073E-004
1.502	1.2232598E-004
1.503	1.1206182E-004
1.504	1.0285971E-004
1.505	9.5299998E-005
1.506	8.9878384E-005
1.507	8.6977096E-005
1.508	8.6841806E-005
1.509	8.9566209E-005
1.51	9.5085088E-005
1.511	1.0317589E-004
1.512	1.1346932E-004
1.513	1.2546808E-004
1.514	1.3857298E-004
1.515	1.5211484E-004
1.516	1.6539094E-004
1.517	1.7770396E-004
1.518	1.8840110E-004
1.519	1.9691145E-004
1.52	2.0277954E-004
1.521	2.0569320E-004
1.522	2.0550327E-004
1.523	2.0223561E-004
1.524	1.9609249E-004
1.525	1.8744437E-004
1.526	1.7681252E-004
1.527	1.6484244E-004
1.528	1.5226968E-004
1.529	1.3988077E-004
1.53	1.2846943E-004
1.531	1.1879237E-004
1.532	1.1152598E-004
1.533	1.0722638E-004
1.534	1.0629577E-004
1.535	1.0895650E-004
1.536	1.1523457E-004
1.537	1.2495460E-004
1.538	1.3774510E-004
1.539	1.5305556E-004
1.54	1.7018370E-004
1.541	1.8831143E-004
1.542	2.0654852E-004
1.543	2.2398055E-004
1.544	2.3972018E-004
1.545	2.5295699E-004
1.546	2.6300590E-004
1.547	2.6934803E-004
1.548	2.7166490E-004
1.549	2.6986163E-004
1.55	2.6407826E-004
1.551	2.5468835E-004
1.552	2.4228512E-004
1.553	2.2765432E-004
1.554	2.1173643E-004
1.555	1.9557937E-004
1.556	1.8028352E-004
1.557	1.6694264E-004
1.558	1.5658287E-004
1.559	1.5010290E-004
1.56	1.4821986E-004
1.561	1.5142253E-004
1.562	1.5993579E-004
1.563	1.7369851E-004
1.564	1.9235685E-004
1.565	2.1527341E-004
1.566	2.4155295E-004
1.567	2.7008337E-004
1.568	2.9959073E-004
1.569	3.2870480E-004
1.57	3.5603400E-004
1.571	3.8024242E-004
1.572	4.0012971E-004
1.573	4.1470511E-004
1.574	4.2325279E-004
1.575	4.2538607E-004
1.576	4.2108490E-004
1.577	4.1071465E-004
1.578	3.9502457E-004
1.579	3.7512492E-004
1.58	3.5244355E-004
1.581	3.2866353E-004
1.582	3.0564348E-004
1.583	2.8532569E-004
1.584	2.6963442E-004
1.585	2.6037087E-004
1.586	2.5910980E-004
1.587	2.6710096E-004
1.588	2.8518389E-004
1.589	3.1371857E-004
1.59	3.5253688E-004
1.591	4.0091947E-004
1.592	4.5760057E-004
1.593	5.2080228E-004
1.594	5.8830000E-004
1.595	6.5751566E-004
1.596	7.2564028E-004
1.597	7.8977790E-004
1.598	8.4710767E-004
1.599	8.9505559E-004
1.6	9.3147077E-004
1.601	9.5479452E-004
1.602	9.6422073E-004
1.603	9.5982896E-004
1.604	9.4269391E-004
1.605	9.1495906E-004
1.606	8.7986654E-004
1.607	8.4174587E-004
1.608	8.0595404E-004
1.609	7.7876751E-004
1.61	7.6722825E-004
1.611	7.7894423E-004
1.612	8.2185422E-004
1.613	9.0395747E-004
1.614	1.0330222E-003
1.615	1.2162831E-003
1.616	1.4601346E-003
1.617	1.7698400E-003
1.618	2.1492641E-003
1.619	2.6006403E-003
1.62	3.1243854E-003
1.621	3.7189648E-003
1.622	4.3808147E-003
1.623	5.1043406E-003
1.624	5.8819549E-003
1.625	6.7041968E-003
1.626	7.5599053E-003
1.627	8.4364498E-003
1.628	9.3200300E-003
1.629	1.0195988E-002
1.63	1.1049188E-002
1.631	1.1864406E-002
1.632	1.2626750E-002
1.633	1.3322026E-002
1.634	1.3937152E-002
1.635	1.4460491E-002
1.636	1.4882150E-002
1.637	1.5194245E-002
1.638	1.5391072E-002
1.639	1.5469254E-002
1.64	1.5427787E-002
1.641	1.5268039E-002
1.642	1.4993693E-002
1.643	1.4610616E-002
1.644	1.4126675E-002
1.645	1.3551522E-002
1.646	1.2896324E-002
1.647	1.2173450E-002
1.648	1.1396161E-002
1.649	1.0578285E-002
1.65	9.7338557E-003
1.651	8.8767903E-003
1.652	8.0205537E-003
1.653	7.1778689E-003
1.654	6.3604163E-003
1.655	5.5786031E-003
1.656	4.8413612E-003
1.657	4.1559921E-003
1.658	3.5280914E-003
1.659	2.9615066E-003
1.66	2.4583691E-003
1.661	2.0191749E-003
1.662	1.6429103E-003
1.663	1.3272061E-003
1.664	1.0685328E-003
1.665	8.6240534E-004
1.666	7.0359831E-004
1.667	5.8636972E-004
1.668	5.0467870E-004
1.669	4.5239521E-004
1.67	4.2349566E-004
1.671	4.1223806E-004
1.672	4.1331208E-004
1.673	4.2196069E-004
1.674	4.3407088E-004
1.675	4.4623035E-004
1.676	4.5575507E-004
1.677	4.6068421E-004
1.678	4.5974995E-004
1.679	4.5232277E-004
1.68	4.3833847E-004
1.681	4.1821192E-004
1.682	3.9273957E-004
1.683	3.6300087E-004
1.684	3.3025697E-004
1.685	2.9585569E-004
1.686	2.6114404E-004
1.687	2.2739253E-004
1.688	1.9573016E-004
1.689	1.6709772E-004
1.69	1.4221357E-004
1.691	1.2155555E-004
1.692	1.0535750E-004
1.693	9.3618502E-005
1.694	8.6123851E-005
1.695	8.2475148E-005
1.696	8.2127008E-005
1.697	8.4428502E-005
1.698	8.8665998E-005
1.699	9.4105686E-005
1.7	1.0003326E-004
1.701	1.0578916E-004
1.702	1.1079774E-004
1.703	1.1458973E-004
1.704	1.1681703E-004
1.705	1.1726013E-004
1.706	1.1582807E-004
1.707	1.1255164E-004
1.708	1.0757112E-004
1.709	1.0111889E-004
1.71	9.3498864E-005
1.711	8.5063650E-005
1.712	7.6191187E-005
1.713	6.7261702E-005
1.714	5.8636226E-005
1.715	5.0638137E-005
1.716	4.3537882E-005
1.717	3.7541835E-005
1.718	3.2785440E-005
1.719	2.9330824E-005
1.72	2.7168511E-005
1.721	2.6223039E-005
1.722	2.6361698E-005
1.723	2.7405787E-005
1.724	2.9143619E-005
1.725	3.1344272E-005
1.726	3.3771459E-005
1.727	3.6196685E-005
1.728	3.8410930E-005
1.729	4.0234572E-005
1.73	4.1524858E-005
1.731	4.2181022E-005
1.732	4.2146698E-005
1.733	4.1409876E-005
1.734	4.0000381E-005
1.735	3.7985472E-005
1.736	3.5463545E-005
1.737	3.2556614E-005
1.738	2.9402085E-005
1.739	2.6144049E-005
1.74	2.2924829E-005
1.741	1.9877094E-005
1.742	1.7117114E-005
1.743	1.4739236E-005
1.744	1.2812024E-005
1.745	1.1376024E-005
1.746	1.0443267E-005
1.747	9.9983554E-006
1.748	1.0000995E-005
1.749	1.0389742E-005
1.75	1.1086675E-005
1.751	1.2002697E-005
1.752	1.3043140E-005
1.753	1.4113336E-005
1.754	1.5123845E-005
1.755	1.5995125E-005
1.756	1.6661319E-005
1.757	1.7073062E-005
1.758	1.7199192E-005
1.759	1.7027340E-005
1.76	1.6563436E-005
1.761	1.5830168E-005
1.762	1.4864660E-005
1.763	1.3715465E-005
1.764	1.2439104E-005
1.765	1.1096393E-005
1.766	9.7487291E-006
1.767	8.4546373E-006
1.768	7.2666303E-006
1.769	6.2286367E-006
1.77	5.3740473E-006
1.771	4.7244630E-006
1.772	4.2891647E-006
1.773	4.0653258E-006
1.774	4.0388418E-006
1.775	4.1857811E-006
1.776	4.4742874E-006
1.777	4.8668257E-006
1.778	5.3226386E-006
1.779	5.8002256E-006
1.78	6.2597537E-006
1.781	6.6652010E-006
1.782	6.9861840E-006
1.783	7.1993290E-006
1.784	7.2891721E-006
1.785	7.2485304E-006
1.786	7.0783976E-006
1.787	6.7873639E-006
1.788	6.3906541E-006
1.789	5.9088384E-006
1.79	5.3663266E-006
1.791	4.7897561E-006
1.792	4.2063198E-006
1.793	3.6421859E-006
1.794	3.1210607E-006
1.795	2.6629712E-006
1.796	2.2833324E-006
1.797	1.9923257E-006
1.798	1.7946195E-006
1.799	1.6894199E-006
1.8	1.6708398E-006
1.801	1.7285406E-006
1.802	1.8485922E-006
1.803	2.0144987E-006
1.804	2.2083073E-006
1.805	2.4117392E-006
1.806	2.6072698E-006
1.807	2.7791036E-006
1.808	2.9139883E-006
1.809	3.0018266E-006
1.81	3.0360732E-006
1.811	3.0138965E-006
1.812	2.9361106E-006
1.813	2.8068966E-006
1.814	2.6333419E-006
1.815	2.4248402E-006
1.816	2.1923856E-006
1.817	1.9478116E-006
1.818	1.7030363E-006
1.819	1.4693341E-006
1.82	1.2567024E-006
1.821	1.0733356E-006
1.822	9.2524317E-007
1.823	8.1602110E-007
1.824	7.4678189E-007
1.825	7.1624112E-007
1.826	7.2093991E-007
1.827	7.5558785E-007
1.828	8.1349600E-007
1.829	8.8706850E-007
1.83	9.6832150E-007
1.831	1.0493957E-006
1.832	1.1230323E-006
1.833	1.1829860E-006
1.834	1.2243482E-006
1.835	1.2437731E-006
1.836	1.2395916E-006
1.837	1.2118103E-006
1.838	1.1620115E-006
1.839	1.0931534E-006
1.84	1.0092989E-006
1.841	9.1528869E-007
1.842	8.1638609E-007
1.843	7.1791447E-007
1.844	6.2491262E-007
1.845	5.4182721E-007
1.846	4.7225930E-007
1.847	4.1877800E-007
1.848	3.8280857E-007
1.849	3.6459812E-007
1.85	3.6325790E-007
1.851	3.7687605E-007
1.852	4.0269001E-007
1.853	4.3730699E-007
1.854	4.7695488E-007
1.855	5.1774668E-007
1.856	5.5594228E-007
1.857	5.8818819E-007
1.858	6.1172267E-007
1.859	6.2453427E-007
1.86	6.2546178E-007
1.861	6.1423879E-007
1.862	5.9147374E-007
1.863	5.5857811E-007
1.864	5.1764005E-007
1.865	4.7126386E-007
1.866	4.2237812E-007
1.867	3.7403183E-007
1.868	3.2918911E-007
1.869	2.9053606E-007
1.87	2.6031083E-007
1.871	2.4016998E-007
1.872	2.3109347E-007
1.873	2.3333826E-007
1.874	2.4643805E-007
1.875	2.6925082E-007
1.876	3.0004733E-007
1.877	3.3663588E-007
1.878	3.7651211E-007
1.879	4.1702640E-007
1.88	4.5555430E-007
1.881	4.8966217E-007
1.882	5.1725681E-007
1.883	5.3670806E-007
1.884	5.4694283E-007
1.885	5.4749853E-007
1.886	5.3854137E-007
1.887	5.2084238E-007
1.888	4.9571770E-007
1.889	4.6493867E-007
1.89	4.3061357E-007
1.891	3.9505360E-007
1.892	3.6062886E-007
1.893	3.2962456E-007
1.894	3.0410516E-007
1.895	2.8579524E-007
1.896	2.7598429E-007
1.897	2.7545829E-007
1.898	2.8446388E-007
1.899	3.0270436E-007
1.9	3.2936850E-007
1.901	3.6318752E-007
1.902	4.0251766E-007
1.903	4.4544203E-007
1.904	4.8988505E-007
1.905	5.3373304E-007
1.906	5.7495458E-007
1.907	6.1171153E-007
1.908	6.4245694E-007
1.909	6.6601405E-007
1.91	6.8163229E-007
1.911	6.8901767E-007
1.912	6.8833742E-007
1.913	6.8019909E-007
1.914	6.6560483E-007
1.915	6.4588772E-007
1.916	6.2263024E-007
1.917	5.9757400E-007
1.918	5.7252151E-007
1.919	5.4924033E-007
1.92	5.2937082E-007
1.921	5.1434620E-007
1.922	5.0532219E-007
1.923	5.0312906E-007
1.924	5.0823849E-007
1.925	5.2075154E-007
1.926	5.4040532E-007
1.927	5.6659832E-007
1.928	5.9842978E-007
1.929	6.3475466E-007
1.93	6.7424446E-007
1.931	7.1545696E-007
1.932	7.5690724E-007
1.933	7.9713885E-007
1.934	8.3478932E-007
1.935	8.6864947E-007
1.936	8.9771379E-007
1.937	9.2121826E-007
1.938	9.3866697E-007
1.939	9.4984597E-007
1.94	9.5482369E-007
1.941	9.5394125E-007
1.942	9.4779250E-007
1.943	9.3719206E-007
1.944	9.2314002E-007
1.945	9.0677662E-007
1.946	8.8933564E-007
1.947	8.7209349E-007
1.948	8.5631729E-007
1.949	8.4321471E-007
1.95	8.3388625E-007
1.951	8.2928022E-007
1.952	8.3015561E-007
1.953	8.3704998E-007
1.954	8.5025573E-007
1.955	8.6980515E-007
1.956	8.9546518E-007
1.957	9.2674122E-007
1.958	9.6289114E-007
1.959	1.0029495E-006
1.96	1.0457612E-006
1.961	1.0900227E-006
1.962	1.1343323E-006
1.963	1.1772448E-006
1.964	1.2173351E-006
1.965	1.2532546E-006
1.966	1.2837994E-006
1.967	1.3079645E-006
1.968	1.3250021E-006
1.969	1.3344664E-006
1.97	1.3362454E-006
1.971	1.3305873E-006
1.972	1.3181038E-006
1.973	1.2997589E-006
1.974	1.2768417E-006
1.975	1.2509183E-006
1.976	1.2237687E-006
1.977	1.1973068E-006
1.978	1.1734952E-006
1.979	1.1542452E-006
1.98	1.1413183E-006
1.981	1.1362320E-006
1.982	1.1401705E-006
1.983	1.1539107E-006
1.984	1.1777631E-006
1.985	1.2115362E-006
1.986	1.2545227E-006
1.987	1.3055143E-006
1.988	1.3628418E-006
1.989	1.4244401E-006
1.99	1.4879408E-006
1.991	1.5507824E-006
1.992	1.6103377E-006
1.993	1.6640523E-006
1.994	1.7095820E-006
1.995	1.7449291E-006
1.996	1.7685605E-006
1.997	1.7795131E-006
1.998	1.7774638E-006
1.999	1.7627748E-006
2	1.7364990E-006
2.001	1.7003479E-006
2.002	1.6566238E-006
2.003	1.6081192E-006
2.004	1.5579770E-006
2.005	1.5095361E-006
2.006	1.4661554E-006
2.007	1.4310282E-006
2.008	1.4070063E-006
2.009	1.3964304E-006
2.01	1.4009840E-006
2.011	1.4215836E-006
2.012	1.4582993E-006
2.013	1.5103260E-006
2.014	1.5760010E-006
2.015	1.6528685E-006
2.016	1.7377881E-006
2.017	1.8270894E-006
2.018	1.9167562E-006
2.019	2.0026364E-006
2.02	2.0806681E-006
2.021	2.1471030E-006
2.022	2.1987205E-006
2.023	2.2330216E-006
2.024	2.2483866E-006
2.025	2.2441868E-006
2.026	2.2208503E-006
2.027	2.1798703E-006
2.028	2.1237472E-006
2.029	2.0558812E-006
2.03	1.9804113E-006
2.031	1.9020003E-006
2.032	1.8255957E-006
2.033	1.7561606E-006
2.034	1.6983995E-006
2.035	1.6564895E-006
2.036	1.6338396E-006
2.037	1.6328788E-006
2.038	1.6548973E-006
2.039	1.6999483E-006
2.04	1.7668124E-006
2.041	1.8530317E-006
2.042	1.9550178E-006
2.043	2.0682219E-006
2.044	2.1873639E-006
2.045	2.3067112E-006
2.046	2.4203866E-006
2.047	2.5226927E-006
2.048	2.6084388E-006
2.049	2.6732405E-006
2.05	2.7137835E-006
2.051	2.7280323E-006
2.052	2.7153753E-006
2.053	2.6766829E-006
2.054	2.6142961E-006
2.055	2.5319191E-006
2.056	2.4344461E-006
2.057	2.3277112E-006
2.058	2.2181789E-006
2.059	2.1126025E-006
2.06	2.0176483E-006
2.061	1.9395272E-006
2.062	1.8836388E-006
2.063	1.8542523E-006
2.064	1.8542506E-006
2.065	1.8849397E-006
2.066	1.9459465E-006
2.067	2.0352077E-006
2.068	2.1490509E-006
2.069	2.2823713E-006
2.07	2.4288827E-006
2.071	2.5814506E-006
2.072	2.7324670E-006
2.073	2.8742706E-006
2.074	2.9995624E-006
2.075	3.1018310E-006
2.076	3.1757193E-006
2.077	3.2173521E-006
2.078	3.2245798E-006
2.079	3.1971279E-006
2.08	3.1366519E-006
2.081	3.0466763E-006
2.082	2.9324328E-006
2.083	2.8005959E-006
2.084	2.6589378E-006
2.085	2.5159081E-006
2.086	2.3801776E-006
2.087	2.2601573E-006
2.088	2.1635210E-006
2.089	2.0967723E-006
2.09	2.0648615E-006
2.091	2.0708881E-006
2.092	2.1158983E-006
2.093	2.1987969E-006
2.094	2.3163743E-006
2.095	2.4634471E-006
2.096	2.6331168E-006
2.097	2.8171191E-006
2.098	3.0062617E-006
2.099	3.1909158E-006
2.1	3.3615402E-006
2.101	3.5092185E-006
2.102	3.6261606E-006
2.103	3.7061609E-006
2.104	3.7449659E-006
2.105	3.7405516E-006
2.106	3.6932688E-006
2.107	3.6058655E-006
2.108	3.4833670E-006
2.109	3.3328388E-006
2.11	3.1630170E-006
2.111	2.9838545E-006
2.112	2.8059785E-006
2.113	2.6401162E-006
2.114	2.4964936E-006
2.115	2.3842595E-006
2.116	2.3109581E-006
2.117	2.2820864E-006
2.118	2.3007490E-006
2.119	2.3674527E-006
2.12	2.4800356E-006
2.121	2.6337564E-006
2.122	2.8215109E-006
2.123	3.0342032E-006
2.124	3.2612170E-006
2.125	3.4909876E-006
2.126	3.7116286E-006
2.127	3.9115857E-006
2.128	4.0802811E-006
2.129	4.2087204E-006
2.13	4.2900097E-006
2.131	4.3197724E-006
2.132	4.2964407E-006
2.133	4.2213865E-006
2.134	4.0988880E-006
2.135	3.9359488E-006
2.136	3.7419420E-006
2.137	3.5281275E-006
2.138	3.3070528E-006
2.139	3.0918618E-006
2.14	2.8955722E-006
2.141	2.7303383E-006
2.142	2.6067555E-006
2.143	2.5332447E-006
2.144	2.5155489E-006
2.145	2.5563711E-006
2.146	2.6551879E-006
2.147	2.8082350E-006
2.148	3.0086762E-006
2.149	3.2469472E-006
2.15	3.5112591E-006
2.151	3.7882294E-006
2.152	4.0636005E-006
2.153	4.3230302E-006
2.154	4.5528832E-006
2.155	4.7409912E-006
2.156	4.8773491E-006
2.157	4.9546807E-006
2.158	4.9688761E-006
2.159	4.9192668E-006
2.16	4.8086854E-006
2.161	4.6433747E-006
2.162	4.4326762E-006
2.163	4.1885751E-006
2.164	3.9250699E-006
2.165	3.6574372E-006
2.166	3.4014167E-006
2.167	3.1723434E-006
2.168	2.9842972E-006
2.169	2.8493116E-006
2.17	2.7766691E-006
2.171	2.7723490E-006
2.172	2.8386441E-006
2.173	2.9739751E-006
2.174	3.1729182E-006
2.175	3.4264463E-006
2.176	3.7223724E-006
2.177	4.0459777E-006
2.178	4.3807886E-006
2.179	4.7094677E-006
2.18	5.0147669E-006
2.181	5.2804980E-006
2.182	5.4924335E-006
2.183	5.6391618E-006
2.184	5.7127363E-006
2.185	5.7091875E-006
2.186	5.6287950E-006
2.187	5.4761267E-006
2.188	5.2598493E-006
2.189	4.9923005E-006
2.19	4.6888536E-006
2.191	4.3671025E-006
2.192	4.0459272E-006
2.193	3.7444543E-006
2.194	3.4810087E-006
2.195	3.2720798E-006
2.196	3.1313891E-006
2.197	3.0690812E-006
2.198	3.0911142E-006
2.199	3.1988654E-006
2.2	3.3889837E-006
2.201	3.6535116E-006
2.202	3.9802553E-006
2.203	4.3534014E-006
2.204	4.7543444E-006
2.205	5.1626780E-006
2.206	5.5573046E-006
2.207	5.9175859E-006
2.208	6.2245026E-006
2.209	6.4617270E-006
2.21	6.6165544E-006
2.211	6.6806738E-006
2.212	6.6506786E-006
2.213	6.5283361E-006
2.214	6.3205616E-006
2.215	6.0391117E-006
2.216	5.7000116E-006
2.217	5.3227327E-006
2.218	4.9291680E-006
2.219	4.5424654E-006
2.22	4.1857602E-006
2.221	3.8809130E-006
2.222	3.6472775E-006
2.223	3.5006069E-006
2.224	3.4521197E-006
2.225	3.5078199E-006
2.226	3.6680806E-006
2.227	3.9275292E-006
2.228	4.2752558E-006
2.229	4.6953219E-006
2.23	5.1675515E-006
2.231	5.6685808E-006
2.232	6.1730921E-006
2.233	6.6551738E-006
2.234	7.0897531E-006
2.235	7.4539757E-006
2.236	7.7285222E-006
2.237	7.8987377E-006
2.238	7.9554993E-006
2.239	7.8958492E-006
2.24	7.7232453E-006
2.241	7.4474851E-006
2.242	7.0842748E-006
2.243	6.6544712E-006
2.244	6.1830065E-006
2.245	5.6975764E-006
2.246	5.2271653E-006
2.247	4.8004549E-006
2.248	4.4442349E-006
2.249	4.1818957E-006
2.25	4.0320770E-006
2.251	4.0075583E-006
2.252	4.1144531E-006
2.253	4.3517675E-006
2.254	4.7113208E-006
2.255	5.1780762E-006
2.256	5.7308398E-006
2.257	6.3433181E-006
2.258	6.9854723E-006
2.259	7.6250967E-006
2.26	8.2295610E-006
2.261	8.7675926E-006
2.262	9.2110540E-006
2.263	9.5365222E-006
2.264	9.7267020E-006
2.265	9.7715028E-006
2.266	9.6686999E-006
2.267	9.4242432E-006
2.268	9.0520580E-006
2.269	8.5734355E-006
2.27	8.0159962E-006
2.271	7.4122968E-006
2.272	6.7981337E-006
2.273	6.2106346E-006
2.274	5.6862700E-006
2.275	5.2588312E-006
2.276	4.9575351E-006
2.277	4.8053439E-006
2.278	4.8175725E-006
2.279	5.0009030E-006
2.28	5.3528361E-006
2.281	5.8616297E-006
2.282	6.5067384E-006
2.283	7.2597381E-006
2.284	8.0857199E-006
2.285	8.9450268E-006
2.286	9.7953580E-006
2.287	1.0594013E-005
2.288	1.1300250E-005
2.289	1.1877555E-005
2.29	1.2295799E-005
2.291	1.2533024E-005
2.292	1.2576850E-005
2.293	1.2425407E-005
2.294	1.2087643E-005
2.295	1.1583142E-005
2.296	1.0941240E-005
2.297	1.0199687E-005
2.298	9.4027337E-006
2.299	8.5988841E-006
2.3	7.8383255E-006
2.301	7.1702116E-006
2.302	6.6399525E-006
2.303	6.2866161E-006
2.304	6.1406449E-006
2.305	6.2219656E-006
2.306	6.5386312E-006
2.307	7.0860801E-006
2.308	7.8470648E-006
2.309	8.7922799E-006
2.31	9.8816345E-006
2.311	1.1066188E-005
2.312	1.2290592E-005
2.313	1.3495945E-005
2.314	1.4622931E-005
2.315	1.5615058E-005
2.316	1.6421822E-005
2.317	1.7001646E-005
2.318	1.7324433E-005
2.319	1.7373522E-005
2.32	1.7147029E-005
2.321	1.6658412E-005
2.322	1.5936188E-005
2.323	1.5022901E-005
2.324	1.3973165E-005
2.325	1.2851126E-005
2.326	1.1727221E-005
2.327	1.0674515E-005
2.328	9.7647962E-006
2.329	9.0646190E-006
2.33	8.6314858E-006
2.331	8.5104421E-006
2.332	8.7312064E-006
2.333	9.3060553E-006
2.334	1.0228576E-005
2.335	1.1473390E-005
2.336	1.2996868E-005
2.337	1.4738891E-005
2.338	1.6625543E-005
2.339	1.8572668E-005
2.34	2.0490124E-005
2.341	2.2286500E-005
2.342	2.3874141E-005
2.343	2.5174078E-005
2.344	2.6120731E-005
2.345	2.6666048E-005
2.346	2.6782827E-005
2.347	2.6467051E-005
2.348	2.5739046E-005
2.349	2.4643348E-005
2.35	2.3247316E-005
2.351	2.1638394E-005
2.352	1.9920248E-005
2.353	1.8207849E-005
2.354	1.6621743E-005
2.355	1.5281779E-005
2.356	1.4300623E-005
2.357	1.3777342E-005
2.358	1.3791406E-005
2.359	1.4397436E-005
2.36	1.5621084E-005
2.361	1.7456214E-005
2.362	1.9863728E-005
2.363	2.2772087E-005
2.364	2.6079690E-005
2.365	2.9659011E-005
2.366	3.3362387E-005
2.367	3.7029127E-005
2.368	4.0493793E-005
2.369	4.3595086E-005
2.37	4.6184916E-005
2.371	4.8137284E-005
2.372	4.9356371E-005
2.373	4.9783634E-005
2.374	4.9403152E-005
2.375	4.8245132E-005
2.376	4.6387315E-005
2.377	4.3953853E-005
2.378	4.1111860E-005
2.379	3.8065391E-005
2.38	3.5047116E-005
2.381	3.2308097E-005
2.382	3.0105690E-005
2.383	2.8690392E-005
2.384	2.8292096E-005
2.385	2.9106466E-005
2.386	3.1282096E-005
2.387	3.4909244E-005
2.388	4.0010756E-005
2.389	4.6535941E-005
2.39	5.4357733E-005
2.391	6.3273801E-005
2.392	7.3011564E-005
2.393	8.3237515E-005
2.394	9.3570394E-005
2.395	1.0359844E-004
2.396	1.1289971E-004
2.397	1.2106516E-004
2.398	1.2772369E-004
2.399	1.3256770E-004
2.4	1.3537913E-004
2.401	1.3605322E-004
2.402	1.3462061E-004
2.403	1.3126538E-004
2.404	1.2633827E-004
2.405	1.2036500E-004
2.406	1.1404722E-004
2.407	1.0825774E-004
2.408	1.0402740E-004
2.409	1.0252553E-004
2.41	1.0503268E-004
2.411	1.1290684E-004
2.412	1.2754384E-004
2.413	1.5033295E-004
2.414	1.8260880E-004
2.415	2.2560170E-004
2.416	2.8038796E-004
2.417	3.4784220E-004
2.418	4.2859346E-004
2.419	5.2298699E-004
2.42	6.3105352E-004
2.421	7.5248606E-004
2.422	8.8662631E-004
2.423	1.0324599E-003
2.424	1.1886231E-003
2.425	1.3534159E-003
2.426	1.5248267E-003
2.427	1.7005674E-003
2.428	1.8781172E-003
2.429	2.0547721E-003
2.43	2.2277073E-003
2.431	2.3940424E-003
2.432	2.5509102E-003
2.433	2.6955288E-003
2.434	2.8252746E-003
2.435	2.9377448E-003
2.436	3.0308263E-003
2.437	3.1027470E-003
2.438	3.1521237E-003
2.439	3.1779986E-003
2.44	3.1798643E-003
2.441	3.1576804E-003
2.442	3.1118712E-003
2.443	3.0433179E-003
2.444	2.9533310E-003
2.445	2.8436258E-003
2.446	2.7162659E-003
2.447	2.5736133E-003
2.448	2.4182703E-003
2.449	2.2530053E-003
2.45	2.0806871E-003
2.451	1.9042089E-003
2.452	1.7264202E-003
2.453	1.5500570E-003
2.454	1.3776836E-003
2.455	1.2116336E-003
2.456	1.0539660E-003
2.457	9.0642693E-004
2.458	7.7042618E-004
2.459	6.4701843E-004
2.46	5.3689996E-004
2.461	4.4041302E-004
2.462	3.5756099E-004
2.463	2.8803153E-004
2.464	2.3122795E-004
2.465	1.8630772E-004
2.466	1.5222513E-004
2.467	1.2777907E-004
2.468	1.1166075E-004
2.469	1.0250272E-004
2.47	9.8925659E-005
2.471	9.9581826E-005
2.472	1.0319410E-004
2.473	1.0858944E-004
2.474	1.1472600E-004
2.475	1.2071356E-004
2.476	1.2582701E-004
2.477	1.2951289E-004
2.478	1.3138911E-004
2.479	1.3123904E-004
2.48	1.2899896E-004
2.481	1.2474200E-004
2.482	1.1865702E-004
2.483	1.1102582E-004
2.484	1.0219794E-004
2.485	9.2565584E-005
2.486	8.2538842E-005
2.487	7.2522802E-005
2.488	6.2896826E-005
2.489	5.3997355E-005
2.49	4.6104058E-005
2.491	3.9429971E-005
2.492	3.4115765E-005
2.493	3.0227855E-005
2.494	2.7760254E-005
2.495	2.6639906E-005
2.496	2.6734820E-005
2.497	2.7864562E-005
2.498	2.9812427E-005
2.499	3.2338634E-005
2.5	3.5193665E-005
2.501	3.8131500E-005
2.502	4.0921524E-005
2.503	4.3359185E-005
2.504	4.5274493E-005
2.505	4.6538356E-005
2.506	4.7066482E-005
2.507	4.6820685E-005
2.508	4.5807959E-005
2.509	4.4077187E-005
2.51	4.1714058E-005
2.511	3.8834467E-005
2.512	3.5576653E-005
2.513	3.2092892E-005
2.514	2.8540826E-005
2.515	2.5074989E-005
2.516	2.1839038E-005
2.517	1.8958795E-005
2.518	1.6536660E-005
2.519	1.4647294E-005
2.52	1.3335058E-005
2.521	1.2613008E-005
2.522	1.2463601E-005
2.523	1.2840899E-005
2.524	1.3674230E-005
2.525	1.4872900E-005
2.526	1.6331838E-005
2.527	1.7937673E-005
2.528	1.9575040E-005
2.529	2.1132708E-005
2.53	2.2509201E-005
2.531	2.3617669E-005
2.532	2.4389816E-005
2.533	2.4778647E-005
2.534	2.4760009E-005
2.535	2.4332907E-005
2.536	2.3518574E-005
2.537	2.2358434E-005
2.538	2.0911133E-005
2.539	1.9248773E-005
2.54	1.7452589E-005
2.541	1.5608312E-005
2.542	1.3801509E-005
2.543	1.2113035E-005
2.544	1.0614970E-005
2.545	9.3671124E-006
2.546	8.4142775E-006
2.547	7.7844552E-006
2.548	7.4879144E-006
2.549	7.5172493E-006
2.55	7.8483699E-006
2.551	8.4422763E-006
2.552	9.2475793E-006
2.553	1.0203588E-005
2.554	1.1243772E-005
2.555	1.2299460E-005
2.556	1.3303523E-005
2.557	1.4193900E-005
2.558	1.4916738E-005
2.559	1.5429021E-005
2.56	1.5700558E-005
2.561	1.5715170E-005
2.562	1.5471176E-005
2.563	1.4981030E-005
2.564	1.4270230E-005
2.565	1.3375577E-005
2.566	1.2342855E-005
2.567	1.1224141E-005
2.568	1.0074803E-005
2.569	8.9504510E-006
2.57	7.9039655E-006
2.571	6.9827238E-006
2.572	6.2262297E-006
2.573	5.6642343E-006
2.574	5.3153954E-006
2.575	5.1865877E-006
2.576	5.2728456E-006
2.577	5.5579403E-006
2.578	6.0155198E-006
2.579	6.6107873E-006
2.58	7.3025590E-006
2.581	8.0456339E-006
2.582	8.7933049E-006
2.583	9.4998968E-006
2.584	1.0123167E-005
2.585	1.0626491E-005
2.586	1.0980654E-005
2.587	1.1165271E-005
2.588	1.1169603E-005
2.589	1.0992933E-005
2.59	1.0644366E-005
2.591	1.0142106E-005
2.592	9.5122787E-006
2.593	8.7873586E-006
2.594	8.0042910E-006
2.595	7.2024254E-006
2.596	6.4213377E-006
2.597	5.6987142E-006
2.598	5.0683739E-006
2.599	4.5585134E-006
2.6	4.1903240E-006
2.601	3.9769816E-006
2.602	3.9231045E-006
2.603	4.0246714E-006
2.604	4.2694160E-006
2.605	4.6376449E-006
2.606	5.1034508E-006
2.607	5.6362351E-006
2.608	6.2024446E-006
2.609	6.7674446E-006
2.61	7.2974176E-006
2.611	7.7611594E-006
2.612	8.1317230E-006
2.613	8.3877858E-006
2.614	8.5146930E-006
2.615	8.5051215E-006
2.616	8.3593250E-006
2.617	8.0849713E-006
2.618	7.6966016E-006
2.619	7.2146859E-006
2.62	6.6644307E-006
2.621	6.0743041E-006
2.622	5.4744551E-006
2.623	4.8950465E-006
2.624	4.3646296E-006
2.625	3.9086335E-006
2.626	3.5480491E-006
2.627	3.2983733E-006
2.628	3.1688721E-006
2.629	3.1621810E-006
2.63	3.2742796E-006
2.631	3.4948164E-006
2.632	3.8077753E-006
2.633	4.1924322E-006
2.634	4.6245532E-006
2.635	5.0777653E-006
2.636	5.5250111E-006
2.637	5.9400245E-006
2.638	6.2987333E-006
2.639	6.5805289E-006
2.64	6.7693154E-006
2.641	6.8543213E-006
2.642	6.8305999E-006
2.643	6.6992116E-006
2.644	6.4670830E-006
2.645	6.1465475E-006
2.646	5.7545949E-006
2.647	5.3118792E-006
2.648	4.8415445E-006
2.649	4.3679097E-006
2.65	3.9151300E-006
2.651	3.5058811E-006
2.652	3.1601314E-006
2.653	2.8941083E-006
2.654	2.7194671E-006
2.655	2.6427381E-006
2.656	2.6650494E-006
2.657	2.7821566E-006
2.658	2.9847563E-006
2.659	3.2590626E-006
2.66	3.5876201E-006
2.661	3.9503002E-006
2.662	4.3254204E-006
2.663	4.6909345E-006
2.664	5.0256372E-006
2.665	5.3102922E-006
2.666	5.5286587E-006
2.667	5.6683361E-006
2.668	5.7213842E-006
2.669	5.6847098E-006
2.67	5.5601704E-006
2.671	5.3544063E-006
2.672	5.0784388E-006
2.673	4.7469839E-006
2.674	4.3776240E-006
2.675	3.9898027E-006
2.676	3.6037320E-006
2.677	3.2392904E-006
2.678	2.9149298E-006
2.679	2.6466951E-006
2.68	2.4473713E-006
2.681	2.3258337E-006
2.682	2.2866097E-006
2.683	2.3296900E-006
2.684	2.4505864E-006
2.685	2.6406308E-006
2.686	2.8875022E-006
2.687	3.1759432E-006
2.688	3.4886239E-006
2.689	3.8071159E-006
2.69	4.1129056E-006
2.691	4.3884052E-006
2.692	4.6178911E-006
2.693	4.7883514E-006
2.694	4.8901525E-006
2.695	4.9175201E-006
2.696	4.8688225E-006
2.697	4.7466006E-006
2.698	4.5573902E-006
2.699	4.3113237E-006
2.7	4.0215386E-006
2.701	3.7034285E-006
2.702	3.3737799E-006
2.703	3.0498447E-006
2.704	2.7483866E-006
2.705	2.4847700E-006
2.706	2.2721308E-006
2.707	2.1206854E-006
2.708	2.0371956E-006
2.709	2.0246437E-006
2.71	2.0821074E-006
2.711	2.2048509E-006
2.712	2.3846276E-006
2.713	2.6101661E-006
2.714	2.8678160E-006
2.715	3.1423206E-006
2.716	3.4176608E-006
2.717	3.6779452E-006
2.718	3.9082743E-006
2.719	4.0955497E-006
2.72	4.2291695E-006
2.721	4.3015893E-006
2.722	4.3086980E-006
2.723	4.2500074E-006
2.724	4.1286507E-006
2.725	3.9511642E-006
2.726	3.7271022E-006
2.727	3.4684901E-006
2.728	3.1891354E-006
2.729	2.9038645E-006
2.73	2.6276980E-006
2.731	2.3750249E-006
2.732	2.1588207E-006
2.733	1.9899435E-006
2.734	1.8765530E-006
2.735	1.8236908E-006
2.736	1.8330269E-006
2.737	1.9028012E-006
2.738	2.0279529E-006
2.739	2.2004322E-006
2.74	2.4096714E-006
2.741	2.6431912E-006
2.742	2.8873069E-006
2.743	3.1278882E-006
2.744	3.3511419E-006
2.745	3.5443618E-006
2.746	3.6966121E-006
2.747	3.7993129E-006
2.748	3.8466783E-006
2.749	3.8360099E-006
2.75	3.7678085E-006
2.751	3.6457297E-006
2.752	3.4763400E-006
2.753	3.2687433E-006
2.754	3.0340661E-006
2.755	2.7848248E-006
2.756	2.5342431E-006
2.757	2.2955182E-006
2.758	2.0811037E-006
2.759	1.9020285E-006
2.76	1.7673018E-006
2.761	1.6834339E-006
2.762	1.6540926E-006
2.763	1.6799227E-006
2.764	1.7585330E-006
2.765	1.8846497E-006
2.766	2.0504331E-006
2.767	2.2459262E-006
2.768	2.4596252E-006
2.769	2.6791201E-006
2.77	2.8917855E-006
2.771	3.0854765E-006
2.772	3.2491864E-006
2.773	3.3736508E-006
2.774	3.4518314E-006
2.775	3.4792979E-006
2.776	3.4544435E-006
2.777	3.3785564E-006
2.778	3.2557243E-006
2.779	3.0925928E-006
2.78	2.8979739E-006
2.781	2.6823470E-006
2.782	2.4572707E-006
2.783	2.2347351E-006
2.784	2.0265029E-006
2.785	1.8434679E-006
2.786	1.6950621E-006
2.787	1.5887538E-006
2.788	1.5296516E-006
2.789	1.5202430E-006
2.79	1.5602755E-006
2.791	1.6467900E-006
2.792	1.7742994E-006
2.793	1.9351048E-006
2.794	2.1197334E-006
2.795	2.3174664E-006
2.796	2.5169397E-006
2.797	2.7067674E-006
2.798	2.8761747E-006
2.799	3.0155784E-006
2.8	3.1171130E-006
2.801	3.1750458E-006
2.802	3.1860884E-006
2.803	3.1495513E-006
2.804	3.0673723E-006
2.805	2.9439907E-006
2.806	2.7860872E-006
2.807	2.6022042E-006
2.808	2.4022577E-006
2.809	2.1969913E-006
2.81	1.9973725E-006
2.811	1.8139945E-006
2.812	1.6564879E-006
2.813	1.5330074E-006
2.814	1.4497849E-006
2.815	1.4108035E-006
2.816	1.4175906E-006
2.817	1.4691499E-006
2.818	1.5620294E-006
2.819	1.6905274E-006
2.82	1.8470191E-006
2.821	2.0223863E-006
2.822	2.2065303E-006
2.823	2.3889322E-006
2.824	2.5592358E-006
2.825	2.7078133E-006
2.826	2.8262968E-006
2.827	2.9080243E-006
2.828	2.9483981E-006
2.829	2.9451226E-006
2.83	2.8983184E-006
2.831	2.8104992E-006
2.832	2.6864184E-006
2.833	2.5328020E-006
2.834	2.3579605E-006
2.835	2.1713336E-006
2.836	1.9829554E-006
2.837	1.8029100E-006
2.838	1.6407718E-006
2.839	1.5050791E-006
2.84	1.4028737E-006
2.841	1.3393156E-006
2.842	1.3174134E-006
2.843	1.3378668E-006
2.844	1.3990445E-006
2.845	1.4970856E-006
2.846	1.6261220E-006
2.847	1.7786134E-006
2.848	1.9457689E-006
2.849	2.1180338E-006
2.85	2.2856207E-006
2.851	2.4390424E-006
2.852	2.5696393E-006
2.853	2.6700500E-006
2.854	2.7346080E-006
2.855	2.7596559E-006
2.856	2.7437313E-006
2.857	2.6876428E-006
2.858	2.5944130E-006
2.859	2.4691042E-006
2.86	2.3185264E-006
2.861	2.1508540E-006
2.862	1.9751692E-006
2.863	1.8009547E-006
2.864	1.6375678E-006
2.865	1.4937269E-006
2.866	1.3770323E-006
2.867	1.2935523E-006
2.868	1.2475002E-006
2.869	1.2410081E-006
2.87	1.2740252E-006
2.871	1.3443272E-006
2.872	1.4476527E-006
2.873	1.5779426E-006
2.874	1.7276840E-006
2.875	1.8883242E-006
2.876	2.0507471E-006
2.877	2.2057750E-006
2.878	2.3446696E-006
2.879	2.4596177E-006
2.88	2.5441529E-006
2.881	2.5935105E-006
2.882	2.6048842E-006
2.883	2.5775769E-006
2.884	2.5130282E-006
2.885	2.4147312E-006
2.886	2.2880276E-006
2.887	2.1398098E-006
2.888	1.9781298E-006
2.889	1.8117522E-006
2.89	1.6496681E-006
2.891	1.5005965E-006
2.892	1.3725066E-006
2.893	1.2721860E-006
2.894	1.2048683E-006
2.895	1.1739569E-006
2.896	1.1808451E-006
2.897	1.2248448E-006
2.898	1.3032339E-006
2.899	1.4114100E-006
2.9	1.5431466E-006
2.901	1.6909381E-006
2.902	1.8464170E-006
2.903	2.0008144E-006
2.904	2.1454455E-006
2.905	2.2721892E-006
2.906	2.3739378E-006
2.907	2.4449844E-006
2.908	2.4813387E-006
2.909	2.4809365E-006
2.91	2.4437491E-006
2.911	2.3717782E-006
2.912	2.2689371E-006
2.913	2.1408230E-006
2.914	1.9944141E-006
2.915	1.8376718E-006
2.916	1.6791048E-006
2.917	1.5273000E-006
2.918	1.3904469E-006
2.919	1.2758904E-006
2.92	1.1897274E-006
2.921	1.1364767E-006
2.922	1.1188351E-006
2.923	1.1375363E-006
2.924	1.1913185E-006
2.925	1.2770000E-006
2.926	1.3896594E-006
2.927	1.5229087E-006
2.928	1.6692461E-006
2.929	1.8204667E-006
2.93	1.9681113E-006
2.931	2.1039291E-006
2.932	2.2203305E-006
2.933	2.3108030E-006
2.934	2.3702703E-006
2.935	2.3953705E-006
2.936	2.3846412E-006
2.937	2.3386001E-006
2.938	2.2597160E-006
2.939	2.1522696E-006
2.94	2.0221189E-006
2.941	1.8763679E-006
2.942	1.7229816E-006
2.943	1.5703345E-006
2.944	1.4267553E-006
2.945	1.3000588E-006
2.946	1.1971185E-006
2.947	1.1234865E-006
2.948	1.0830893E-006
2.949	1.0780137E-006
2.95	1.1083977E-006
2.951	1.1724229E-006
2.952	1.2664220E-006
2.953	1.3850803E-006
2.954	1.5217283E-006
2.955	1.6687148E-006
2.956	1.8178253E-006
2.957	1.9607364E-006
2.958	2.0894772E-006
2.959	2.1968688E-006
2.96	2.2769216E-006
2.961	2.3251646E-006
2.962	2.3388923E-006
2.963	2.3173081E-006
2.964	2.2615661E-006
2.965	2.1747030E-006
2.966	2.0614643E-006
2.967	1.9280465E-006
2.968	1.7817475E-006
2.969	1.6305710E-006
2.97	1.4827835E-006
2.971	1.3464655E-006
2.972	1.2290648E-006
2.973	1.1369923E-006
2.974	1.0752668E-006
2.975	1.0472420E-006
2.976	1.0544185E-006
2.977	1.0963622E-006
2.978	1.1707263E-006
2.979	1.2733785E-006
2.98	1.3986291E-006
2.981	1.5395414E-006
2.982	1.6883147E-006
2.983	1.8367137E-006
2.984	1.9765216E-006
2.985	2.0999933E-006
2.986	2.2002816E-006
2.987	2.2718168E-006
2.988	2.3106127E-006
2.989	2.3144858E-006
2.99	2.2831825E-006
2.991	2.2183881E-006
2.992	2.1236349E-006
2.993	2.0041134E-006
2.994	1.8663825E-006
2.995	1.7180101E-006
2.996	1.5671582E-006
2.997	1.4221315E-006
2.998	1.2909238E-006
2.999	1.1807766E-006
3	1.0977843E-006
3.001	1.0465576E-006
3.002	1.0299694E-006
3.003	1.0489975E-006
3.004	1.1026669E-006
3.005	1.1881001E-006
3.006	1.3006711E-006
3.007	1.4342548E-006
3.008	1.5815604E-006
3.009	1.7345272E-006
3.01	1.8847687E-006
3.011	2.0240313E-006
3.012	2.1446517E-006
3.013	2.2399793E-006
3.014	2.3047489E-006
3.015	2.3353716E-006
3.016	2.3301343E-006
3.017	2.2893032E-006
3.018	2.2151034E-006
3.019	2.1116070E-006
3.02	1.9845054E-006
3.021	1.8408049E-006
3.022	1.6884427E-006
3.023	1.5358578E-006
3.024	1.3915268E-006
3.025	1.2635052E-006
3.026	1.1589823E-006
3.027	1.0838853E-006
3.028	1.0425474E-006
3.029	1.0374647E-006
3.03	1.0691488E-006
3.031	1.1360919E-006
3.032	1.2348402E-006
3.033	1.3601771E-006
3.034	1.5054043E-006
3.035	1.6627057E-006
3.036	1.8235750E-006
3.037	1.9792817E-006
3.038	2.1213489E-006
3.039	2.2420265E-006
3.04	2.3347111E-006
3.041	2.3943176E-006
3.042	2.4175620E-006
3.043	2.4031465E-006
3.044	2.3518421E-006
3.045	2.2664469E-006
3.046	2.1516510E-006
3.047	2.0137823E-006
3.048	1.8604719E-006
3.049	1.7002440E-006
3.05	1.5420542E-006
3.051	1.3948007E-006
3.052	1.2668397E-006
3.053	1.1655200E-006
3.054	1.0967744E-006
3.055	1.0647838E-006
3.056	1.0717370E-006
3.057	1.1176984E-006
3.058	1.2005906E-006
3.059	1.3162970E-006
3.06	1.4588755E-006
3.061	1.6208766E-006
3.062	1.7937404E-006
3.063	1.9682639E-006
3.064	2.1350954E-006
3.065	2.2852553E-006
3.066	2.4106184E-006
3.067	2.5043764E-006
3.068	2.5614102E-006
3.069	2.5785889E-006
3.07	2.5549539E-006
3.071	2.4917865E-006
3.072	2.3925604E-006
3.073	2.2627632E-006
3.074	2.1096153E-006
3.075	1.9416855E-006
3.076	1.7684356E-006
3.077	1.5997045E-006
3.078	1.4451728E-006
3.079	1.3138293E-006
3.08	1.2134740E-006
3.081	1.1502782E-006
3.082	1.1284335E-006
3.083	1.1499063E-006
3.084	1.2143103E-006
3.085	1.3189086E-006
3.086	1.4587450E-006
3.087	1.6268938E-006
3.088	1.8148231E-006
3.089	2.0128450E-006
3.09	2.2106324E-006
3.091	2.3977782E-006
3.092	2.5643596E-006
3.093	2.7014844E-006
3.094	2.8017841E-006
3.095	2.8598386E-006
3.096	2.8724883E-006
3.097	2.8390400E-006
3.098	2.7613289E-006
3.099	2.6436589E-006
3.1	2.4925901E-006
3.101	2.3166153E-006
3.102	2.1257165E-006
3.103	1.9308379E-006
3.104	1.7432950E-006
3.105	1.5741606E-006
3.106	1.4336536E-006
3.107	1.3305674E-006
3.108	1.2717702E-006
3.109	1.2618076E-006
3.11	1.3026237E-006
3.111	1.3934248E-006
3.112	1.5306879E-006
3.113	1.7083159E-006
3.114	1.9179374E-006
3.115	2.1493263E-006
3.116	2.3909356E-006
3.117	2.6304974E-006
3.118	2.8556831E-006
3.119	3.0547703E-006
3.12	3.2172888E-006
3.121	3.3346178E-006
3.122	3.4004840E-006
3.123	3.4113543E-006
3.124	3.3666722E-006
3.125	3.2689527E-006
3.126	3.1236905E-006
3.127	2.9391267E-006
3.128	2.7258377E-006
3.129	2.4962042E-006
3.13	2.2637691E-006
3.131	2.0425193E-006
3.132	1.8461345E-006
3.133	1.6872411E-006
3.134	1.5767051E-006
3.135	1.5230139E-006
3.136	1.5317668E-006
3.137	1.6053123E-006
3.138	1.7425484E-006
3.139	1.9389067E-006
3.14	2.1865199E-006
3.141	2.4745684E-006
3.142	2.7898006E-006
3.143	3.1172031E-006
3.144	3.4407660E-006
3.145	3.7443519E-006
3.146	4.0125674E-006
3.147	4.2316265E-006
3.148	4.3901587E-006
3.149	4.4798685E-006
3.15	4.4960962E-006
3.151	4.4381418E-006
3.152	4.3094255E-006
3.153	4.1174067E-006
3.154	3.8732983E-006
3.155	3.5915698E-006
3.156	3.2892538E-006
3.157	2.9851124E-006
3.158	2.6986731E-006
3.159	2.4491985E-006
3.16	2.2546412E-006
3.161	2.1306312E-006
3.162	2.0895625E-006
3.163	2.1398166E-006
3.164	2.2851773E-006
3.165	2.5244715E-006
3.166	2.8514658E-006
3.167	3.2550265E-006
3.168	3.7195525E-006
3.169	4.2256597E-006
3.17	4.7510971E-006
3.171	5.2718487E-006
3.172	5.7633583E-006
3.173	6.2018648E-006
3.174	6.5656986E-006
3.175	6.8365671E-006
3.176	7.0006809E-006
3.177	7.0497181E-006
3.178	6.9815255E-006
3.179	6.8005447E-006
3.18	6.5178924E-006
3.181	6.1511187E-006
3.182	5.7235952E-006
3.183	5.2635769E-006
3.184	4.8029615E-006
3.185	4.3757973E-006
3.186	4.0165951E-006
3.187	3.7585417E-006
3.188	3.6316753E-006
3.189	3.6611395E-006
3.19	3.8655817E-006
3.191	4.2558090E-006
3.192	4.8337602E-006
3.193	5.5918772E-006
3.194	6.5129179E-006
3.195	7.5702733E-006
3.196	8.7287563E-006
3.197	9.9459330E-006
3.198	1.1173885E-005
3.199	1.2361440E-005
3.2	1.3456703E-005
3.201	1.4409891E-005
3.202	1.5176289E-005
3.203	1.5719230E-005
3.204	1.6012938E-005
3.205	1.6045233E-005
3.206	1.5819647E-005
3.207	1.5357269E-005
3.208	1.4697883E-005
3.209	1.3900364E-005
3.21	1.3042483E-005
3.211	1.2219804E-005
3.212	1.1543883E-005
3.213	1.1139691E-005
3.214	1.1142348E-005
3.215	1.1693251E-005
3.216	1.2935679E-005
3.217	1.5010034E-005
3.218	1.8048848E-005
3.219	2.2171682E-005
3.22	2.7480191E-005
3.221	3.4053424E-005
3.222	4.1943549E-005
3.223	5.1172359E-005
3.224	6.1728409E-005
3.225	7.3565170E-005
3.226	8.6600354E-005
3.227	1.0071610E-004
3.228	1.1576053E-004
3.229	1.3155024E-004
3.23	1.4787386E-004
3.231	1.6449620E-004
3.232	1.8116373E-004
3.233	1.9761012E-004
3.234	2.1356199E-004
3.235	2.2874601E-004
3.236	2.4289492E-004
3.237	2.5575451E-004
3.238	2.6708990E-004
3.239	2.7669183E-004
3.24	2.8438211E-004
3.241	2.9001830E-004
3.242	2.9349755E-004
3.243	2.9475908E-004
3.244	2.9378606E-004
3.245	2.9060486E-004
3.246	2.8528456E-004
3.247	2.7793436E-004
3.248	2.6870042E-004
3.249	2.5776148E-004
3.25	2.4532381E-004
3.251	2.3161627E-004
3.252	2.1688380E-004
3.253	2.0138195E-004
3.254	1.8537047E-004
3.255	1.6910714E-004
3.256	1.5284227E-004
3.257	1.3681279E-004
3.258	1.2123752E-004
3.259	1.0631253E-004
3.26	9.2207687E-005
3.261	7.9063931E-005
3.262	6.6991357E-005
3.263	5.6068595E-005
3.264	4.6342819E-005
3.265	3.7830887E-005
3.266	3.0521223E-005
3.267	2.4376375E-005
3.268	1.9336241E-005
3.269	1.5321632E-005
3.27	1.2238146E-005
3.271	9.9802228E-006
3.272	8.4351641E-006
3.273	7.4870568E-006
3.274	7.0204187E-006
3.275	6.9235812E-006
3.276	7.0915962E-006
3.277	7.4286945E-006
3.278	7.8502180E-006
3.279	8.2840179E-006
3.28	8.6712880E-006
3.281	8.9668602E-006
3.282	9.1390320E-006
3.283	9.1688562E-006
3.284	9.0491430E-006
3.285	8.7830367E-006
3.286	8.3824152E-006
3.287	7.8661078E-006
3.288	7.2580347E-006
3.289	6.5853665E-006
3.29	5.8767378E-006
3.291	5.1606175E-006
3.292	4.4638477E-006
3.293	3.8104370E-006
3.294	3.2205924E-006
3.295	2.7100355E-006
3.296	2.2895972E-006
3.297	1.9650824E-006
3.298	1.7373894E-006
3.299	1.6028648E-006
3.3	1.5538320E-006
3.301	1.5792875E-006
3.302	1.6656943E-006
3.303	1.7978382E-006
3.304	1.9596937E-006
3.305	2.1352716E-006
3.306	2.3093914E-006
3.307	2.4683611E-006
3.308	2.6005350E-006
3.309	2.6967289E-006
3.31	2.7504830E-006
3.311	2.7581825E-006
3.312	2.7190233E-006
3.313	2.6348425E-006
3.314	2.5098375E-006
3.315	2.3501823E-006
3.316	2.1635744E-006
3.317	1.9587360E-006
3.318	1.7448973E-006
3.319	1.5312824E-006
3.32	1.3266384E-006
3.321	1.1388071E-006
3.322	9.7437965E-007
3.323	8.3842775E-007
3.324	7.3433563E-007
3.325	6.6372201E-007
3.326	6.2646023E-007
3.327	6.2078232E-007
3.328	6.4346227E-007
3.329	6.9005944E-007
3.33	7.5521200E-007
3.331	8.3295794E-007
3.332	9.1706971E-007
3.333	1.0013845E-006
3.334	1.0801098E-006
3.335	1.1481003E-006
3.336	1.2010817E-006
3.337	1.2358196E-006
3.338	1.2502320E-006
3.339	1.2434338E-006
3.34	1.2157208E-006
3.341	1.1684984E-006
3.342	1.1041504E-006
3.343	1.0258722E-006
3.344	9.3746962E-007
3.345	8.4312842E-007
3.346	7.4718372E-007
3.347	6.5388389E-007
3.348	5.6717528E-007
3.349	4.9050595E-007
3.35	4.2666940E-007
3.351	3.7768785E-007
3.352	3.4474002E-007
3.353	3.2813793E-007
3.354	3.2734840E-007
3.355	3.4105813E-007
3.356	3.6727465E-007
3.357	4.0345827E-007
3.358	4.4667507E-007
3.359	4.9376433E-007
3.36	5.4150962E-007
3.361	5.8680774E-007
3.362	6.2682273E-007
3.363	6.5912320E-007
3.364	6.8179264E-007
3.365	6.9350790E-007
3.366	6.9358771E-007
3.367	6.8200097E-007
3.368	6.5934449E-007
3.369	6.2678811E-007
3.37	5.8598988E-007
3.371	5.3899180E-007
3.372	4.8809676E-007
3.373	4.3573894E-007
3.374	3.8434965E-007
3.375	3.3623127E-007
3.376	2.9344059E-007
3.377	2.5768989E-007
3.378	2.3026985E-007
3.379	2.1199675E-007
3.38	2.0318599E-007
3.381	2.0365252E-007
3.382	2.1273728E-007
3.383	2.2935755E-007
3.384	2.5207737E-007
3.385	2.7919387E-007
3.386	3.0883598E-007
3.387	3.3906690E-007
3.388	3.6798858E-007
3.389	3.9383957E-007
3.39	4.1508352E-007
3.391	4.3048271E-007
3.392	4.3915318E-007
3.393	4.4060087E-007
3.394	4.3473483E-007
3.395	4.2185988E-007
3.396	4.0264791E-007
3.397	3.7809178E-007
3.398	3.4944208E-007
3.399	3.1813420E-007
3.4	2.8570565E-007
3.401	2.5371224E-007
3.402	2.2364416E-007
3.403	1.9684950E-007
3.404	1.7446605E-007
3.405	1.5736785E-007
3.406	1.4612635E-007
3.407	1.4098853E-007
3.408	1.4187395E-007
3.409	1.4838763E-007
3.41	1.5985036E-007
3.411	1.7534227E-007
3.412	1.9375830E-007
3.413	2.1387166E-007
3.414	2.3440231E-007
3.415	2.5408610E-007
3.416	2.7174178E-007
3.417	2.8633107E-007
3.418	2.9701067E-007
3.419	3.0317142E-007
3.42	3.0446512E-007
3.421	3.0081520E-007
3.422	2.9241463E-007
3.423	2.7970702E-007
3.424	2.6335783E-007
3.425	2.4421146E-007
3.426	2.2324298E-007
3.427	2.0150146E-007
3.428	1.8005274E-007
3.429	1.5992171E-007
3.43	1.4203874E-007
3.431	1.2719221E-007
3.432	1.1598955E-007
3.433	1.0882962E-007
3.434	1.0588615E-007
3.435	1.0710411E-007
3.436	1.1220848E-007
3.437	1.2072422E-007
3.438	1.3200679E-007
3.439	1.4528074E-007
3.44	1.5968445E-007
3.441	1.7431819E-007
3.442	1.8829336E-007
3.443	2.0077927E-007
3.444	2.1104672E-007
3.445	2.1850435E-007
3.446	2.2272718E-007
3.447	2.2347550E-007
3.448	2.2070360E-007
3.449	2.1455800E-007
3.45	2.0536461E-007
3.451	1.9360756E-007
3.452	1.7989932E-007
3.453	1.6494462E-007
3.454	1.4950047E-007
3.455	1.3433409E-007
3.456	1.2018165E-007
3.457	1.0770879E-007
3.458	9.7476921E-008
3.459	8.9915076E-008
3.46	8.5299838E-008
3.461	8.3743679E-008
3.462	8.5192518E-008
3.463	8.9432184E-008
3.464	9.6103406E-008
3.465	1.0472420E-007
3.466	1.1471850E-007
3.467	1.2544939E-007
3.468	1.3625456E-007
3.469	1.4648296E-007
3.47	1.5552934E-007
3.471	1.6286636E-007
3.472	1.6807124E-007
3.473	1.7084638E-007
3.474	1.7103311E-007
3.475	1.6861681E-007
3.476	1.6372530E-007
3.477	1.5661851E-007
3.478	1.4767203E-007
3.479	1.3735408E-007
3.48	1.2619846E-007
3.481	1.1477419E-007
3.482	1.0365369E-007
3.483	9.3381779E-008
3.484	8.4446746E-008
3.485	7.7254768E-008
3.486	7.2109614E-008
3.487	6.9198272E-008
3.488	6.8583105E-008
3.489	7.0201054E-008
3.49	7.3869451E-008
3.491	7.9298466E-008
3.492	8.6108976E-008
3.493	9.3854972E-008
3.494	1.0204923E-007
3.495	1.1019056E-007
3.496	1.1779136E-007
3.497	1.2440370E-007
3.498	1.2964296E-007
3.499	1.3320707E-007
3.5	1.3489149E-007
3.501	1.3459837E-007
3.502	1.3233944E-007
3.503	1.2823371E-007
3.504	1.2249883E-007
3.505	1.1543740E-007
3.506	1.0741911E-007
3.507	9.8859054E-008
3.508	9.0194504E-008
3.509	8.1860399E-008
3.51	7.4265536E-008
3.511	6.7770799E-008
3.512	6.2670225E-008
3.513	5.9176461E-008
3.514	5.7410627E-008
3.515	5.7397660E-008
3.516	5.9066878E-008
3.517	6.2257669E-008
3.518	6.6730038E-008
3.519	7.2179041E-008
3.52	7.8252583E-008
3.521	8.4571369E-008
3.522	9.0750099E-008
3.523	9.6418518E-008
3.524	1.0124138E-007
3.525	1.0493633E-007
3.526	1.0728832E-007
3.527	1.0816033E-007
3.528	1.0749940E-007
3.529	1.0533820E-007
3.53	1.0179122E-007
3.531	9.7047398E-008
3.532	9.1358011E-008
3.533	8.5021668E-008
3.534	7.8367243E-008
3.535	7.1735109E-008
3.536	6.5458316E-008
3.537	5.9844417E-008
3.538	5.5159244E-008
3.539	5.1612922E-008
3.54	4.9349559E-008
3.541	4.8440477E-008
3.542	4.8881656E-008
3.543	5.0595428E-008
3.544	5.3436054E-008
3.545	5.7198989E-008
3.546	6.1633166E-008
3.547	6.6455648E-008
3.548	7.1367545E-008
3.549	7.6070741E-008
3.55	8.0284089E-008
3.551	8.3758565E-008
3.552	8.6290235E-008
3.553	8.7730776E-008
3.554	8.7994366E-008
3.555	8.7061736E-008
3.556	8.4979781E-008
3.557	8.1857799E-008
3.558	7.7860591E-008
3.559	7.3198308E-008
3.56	6.8114097E-008
3.561	6.2870178E-008
3.562	5.7733121E-008
3.563	5.2959088E-008
3.564	4.8779942E-008
3.565	4.5390959E-008
3.566	4.2940666E-008
3.567	4.1523482E-008
3.568	4.1175475E-008
3.569	4.1873392E-008
3.57	4.3536918E-008
3.571	4.6034199E-008
3.572	4.9189882E-008
3.573	5.2795663E-008
3.574	5.6622330E-008
3.575	6.0432718E-008
3.576	6.3994953E-008
3.577	6.7095172E-008
3.578	6.9548939E-008
3.579	7.1210906E-008
3.58	7.1982136E-008
3.581	7.1814753E-008
3.582	7.0713604E-008
3.583	6.8734941E-008
3.584	6.5982682E-008
3.585	6.2601451E-008
3.586	5.8768233E-008
3.587	5.4681827E-008
3.588	5.0551662E-008
3.589	4.6585996E-008
3.59	4.2980584E-008
3.591	3.9908052E-008
3.592	3.7508805E-008
3.593	3.5883833E-008
3.594	3.5089716E-008
3.595	3.5136402E-008
3.596	3.5987316E-008
3.597	3.7562199E-008
3.598	3.9742361E-008
3.599	4.2377842E-008
3.6	4.5296261E-008
3.601	4.8312764E-008
3.602	5.1240402E-008
3.603	5.3900592E-008
3.604	5.6132759E-008
3.605	5.7802911E-008
3.606	5.8810635E-008
3.607	5.9094003E-008
3.608	5.8632359E-008
3.609	5.7446666E-008
3.61	5.5597699E-008
3.611	5.3181935E-008
3.612	5.0325557E-008
3.613	4.7177032E-008
3.614	4.3898442E-008
3.615	4.0656296E-008
3.616	3.7612274E-008
3.617	3.4914397E-008
3.618	3.2689009E-008
3.619	3.1034222E-008
3.62	3.0014981E-008
3.621	2.9659997E-008
3.622	2.9960827E-008
3.623	3.0872989E-008
3.624	3.2319019E-008
3.625	3.4193402E-008
3.626	3.6368824E-008
3.627	3.8703696E-008
3.628	4.1050200E-008
3.629	4.3262524E-008
3.63	4.5205024E-008
3.631	4.6759421E-008
3.632	4.7831115E-008
3.633	4.8354064E-008
3.634	4.8293856E-008
3.635	4.7649173E-008
3.636	4.6451241E-008
3.637	4.4761514E-008
3.638	4.2667764E-008
3.639	4.0278682E-008
3.64	3.7717495E-008
3.641	3.5114841E-008
3.642	3.2601399E-008
3.643	3.0300640E-008
3.644	2.8322072E-008
3.645	2.6755453E-008
3.646	2.5666180E-008
3.647	2.5092069E-008
3.648	2.5041723E-008
3.649	2.5494616E-008
3.65	2.6402688E-008
3.651	2.7693538E-008
3.652	2.9274883E-008
3.653	3.1040049E-008
3.654	3.2874134E-008
3.655	3.4660609E-008
3.656	3.6287783E-008
3.657	3.7654942E-008
3.658	3.8677761E-008
3.659	3.9292662E-008
3.66	3.9459945E-008
3.661	3.9165684E-008
3.662	3.8421877E-008
3.663	3.7265380E-008
3.664	3.5755420E-008
3.665	3.3969826E-008
3.666	3.2000361E-008
3.667	2.9947472E-008
3.668	2.7914359E-008
3.669	2.6001292E-008
3.67	2.4300082E-008
3.671	2.2889100E-008
3.672	2.1829182E-008
3.673	2.1160568E-008
3.674	2.0901050E-008
3.675	2.1045373E-008
3.676	2.1565977E-008
3.677	2.2414930E-008
3.678	2.3526994E-008
3.679	2.4823555E-008
3.68	2.6217291E-008
3.681	2.7617169E-008
3.682	2.8933623E-008
3.683	3.0083473E-008
3.684	3.0994446E-008
3.685	3.1609080E-008
3.686	3.1887527E-008
3.687	3.1809535E-008
3.688	3.1375205E-008
3.689	3.0604635E-008
3.69	2.9536334E-008
3.691	2.8224836E-008
3.692	2.6737260E-008
3.693	2.5149312E-008
3.694	2.3540894E-008
3.695	2.1991488E-008
3.696	2.0575744E-008
3.697	1.9359375E-008
3.698	1.8395653E-008
3.699	1.7722716E-008
3.7	1.7361703E-008
3.701	1.7315982E-008
3.702	1.7571303E-008
3.703	1.8096962E-008
3.704	1.8847881E-008
3.705	1.9767409E-008
3.706	2.0790711E-008
3.707	2.1848544E-008
3.708	2.2871236E-008
3.709	2.3792509E-008
3.71	2.4553172E-008
3.711	2.5104235E-008
3.712	2.5409468E-008
3.713	2.5447189E-008
3.714	2.5211172E-008
3.715	2.4710719E-008
3.716	2.3969820E-008
3.717	2.3025486E-008
3.718	2.1925457E-008
3.719	2.0725246E-008
3.72	1.9484885E-008
3.721	1.8265423E-008
3.722	1.7125545E-008
3.723	1.6118245E-008
3.724	1.5288022E-008
3.725	1.4668513E-008
3.726	1.4280867E-008
3.727	1.4132763E-008
3.728	1.4218296E-008
3.729	1.4518559E-008
3.73	1.5003010E-008
3.731	1.5631423E-008
3.732	1.6356406E-008
3.733	1.7126197E-008
3.734	1.7887739E-008
3.735	1.8589692E-008
3.736	1.9185300E-008
3.737	1.9634943E-008
3.738	1.9908207E-008
3.739	1.9985389E-008
3.74	1.9858364E-008
3.741	1.9530759E-008
3.742	1.9017481E-008
3.743	1.8343602E-008
3.744	1.7542703E-008
3.745	1.6654779E-008
3.746	1.5723824E-008
3.747	1.4795257E-008
3.748	1.3913322E-008
3.749	1.3118612E-008
3.75	1.2445851E-008
3.751	1.1922074E-008
3.752	1.1565275E-008
3.753	1.1383588E-008
3.754	1.1375067E-008
3.755	1.1528041E-008
3.756	1.1822013E-008
3.757	1.2229045E-008
3.758	1.2715521E-008
3.759	1.3244227E-008
3.76	1.3776524E-008
3.761	1.4274621E-008
3.762	1.4703690E-008
3.763	1.5033786E-008
3.764	1.5241433E-008
3.765	1.5310802E-008
3.766	1.5234409E-008
3.767	1.5013340E-008
3.768	1.4656977E-008
3.769	1.4182189E-008
3.77	1.3612235E-008
3.771	1.2975216E-008
3.772	1.2302348E-008
3.773	1.1626080E-008
3.774	1.0978199E-008
3.775	1.0388018E-008
3.776	9.8807442E-009
3.777	9.4761416E-009
3.778	9.1875494E-009
3.779	9.0212708E-009
3.78	8.9764187E-009
3.781	9.0451717E-009
3.782	9.2134149E-009
3.783	9.4617496E-009
3.784	9.7667598E-009
3.785	1.0102502E-008
3.786	1.0442081E-008
3.787	1.0759249E-008
3.788	1.1029923E-008
3.789	1.1233518E-008
3.79	1.1354044E-008
3.791	1.1380906E-008
3.792	1.1309369E-008
3.793	1.1140630E-008
3.794	1.0881581E-008
3.795	1.0544231E-008
3.796	1.0144818E-008
3.797	9.7027435E-009
3.798	9.2393053E-009
3.799	8.7763956E-009
3.8	8.3351672E-009
3.801	7.9348164E-009
3.802	7.5914812E-009
3.803	7.3174014E-009
3.804	7.1202946E-009
3.805	7.0030564E-009
3.806	6.9637518E-009
3.807	6.9958888E-009
3.808	7.0889734E-009
3.809	7.2292869E-009
3.81	7.4008204E-009
3.811	7.5863316E-009
3.812	7.7684366E-009
3.813	7.9306712E-009
3.814	8.0584588E-009
3.815	8.1399332E-009
3.816	8.1665723E-009
3.817	8.1336013E-009
3.818	8.0401348E-009
3.819	7.8891098E-009
3.82	7.6869577E-009
3.821	7.4430653E-009
3.822	7.1690942E-009
3.823	6.8781549E-009
3.824	6.5839245E-009
3.825	6.2997656E-009
3.826	6.0378835E-009
3.827	5.8085963E-009
3.828	5.6197478E-009
3.829	5.4762919E-009
3.83	5.3800986E-009
3.831	5.3299387E-009
3.832	5.3216853E-009
3.833	5.3486953E-009
3.834	5.4023426E-009
3.835	5.4726481E-009
3.836	5.5490141E-009
3.837	5.6209255E-009
3.838	5.6786762E-009
3.839	5.7139831E-009
3.84	5.7205010E-009
3.841	5.6941882E-009
3.842	5.6335070E-009
3.843	5.5394480E-009
3.844	5.4153806E-009
3.845	5.2667359E-009
3.846	5.1005635E-009
3.847	4.9249964E-009
3.848	4.7486233E-009
3.849	4.5798711E-009
3.85	4.4264064E-009
3.851	4.2945998E-009
3.852	4.1890922E-009
3.853	4.1124917E-009
3.854	4.0652282E-009
3.855	4.0455586E-009
3.856	4.0497370E-009
3.857	4.0723083E-009
3.858	4.1065507E-009
3.859	4.1449755E-009
3.86	4.1799146E-009
3.861	4.2040766E-009
3.862	4.2111146E-009
3.863	4.1960875E-009
3.864	4.1558481E-009
3.865	4.0892774E-009
3.866	3.9973882E-009
3.867	3.8832537E-009
3.868	3.7518011E-009
3.869	3.6094632E-009
3.87	3.4637091E-009
3.871	3.3224998E-009
3.872	3.1937037E-009
3.873	3.0845013E-009
3.874	3.0008436E-009
3.875	2.9469778E-009
3.876	2.9251044E-009
3.877	2.9351583E-009
3.878	2.9747684E-009
3.879	3.0393692E-009
3.88	3.1224832E-009
3.881	3.2161407E-009
3.882	3.3114220E-009
3.883	3.3990777E-009
3.884	3.4701899E-009
3.885	3.5168328E-009
3.886	3.5326686E-009
3.887	3.5134613E-009
3.888	3.4574492E-009
3.889	3.3655552E-009
3.89	3.2414180E-009
3.891	3.0912239E-009
3.892	2.9233687E-009
3.893	2.7479337E-009
3.894	2.5760427E-009
3.895	2.4191162E-009
3.896	2.2880793E-009
3.897	2.1925792E-009
3.898	2.1402653E-009
3.899	2.1361792E-009
3.9	2.1823077E-009
3.901	2.2773303E-009
3.902	2.4165847E-009
3.903	2.5922660E-009
3.904	2.7938425E-009
3.905	3.0086855E-009
3.906	3.2228584E-009
3.907	3.4220367E-009
3.908	3.5924799E-009
3.909	3.7220149E-009
3.91	3.8009382E-009
3.911	3.8228030E-009
3.912	3.7849941E-009
3.913	3.6890788E-009
3.914	3.5408905E-009
3.915	3.3503136E-009
3.916	3.1307894E-009
3.917	2.8985665E-009
3.918	2.6717197E-009
3.919	2.4690090E-009
3.92	2.3086424E-009
3.921	2.2070155E-009
3.922	2.1775233E-009
3.923	2.2295106E-009
3.924	2.3674529E-009
3.925	2.5904183E-009
3.926	2.8918627E-009
3.927	3.2598009E-009
3.928	3.6773320E-009
3.929	4.1235411E-009
3.93	4.5746913E-009
3.931	5.0056936E-009
3.932	5.3917275E-009
3.933	5.7099427E-009
3.934	5.9411089E-009
3.935	6.0711316E-009
3.936	6.0922942E-009
3.937	6.0041572E-009
3.938	5.8140124E-009
3.939	5.5368510E-009
3.94	5.1948326E-009
3.941	4.8162363E-009
3.942	4.4339514E-009
3.943	4.0835864E-009
3.944	3.8012842E-009
3.945	3.6213670E-009
3.946	3.5739831E-009
3.947	3.6828685E-009
3.948	3.9634096E-009
3.949	4.4211261E-009
3.95	5.0507003E-009
3.951	5.8356595E-009
3.952	6.7487500E-009
3.953	7.7530480E-009
3.954	8.8037462E-009
3.955	9.8505941E-009
3.956	1.0840821E-008
3.957	1.1722434E-008
3.958	1.2447680E-008
3.959	1.2976473E-008
3.96	1.3279561E-008
3.961	1.3341197E-008
3.962	1.3161150E-008
3.963	1.2755885E-008
3.964	1.2158702E-008
3.965	1.1418886E-008
3.966	1.0599752E-008
3.967	9.7756674E-009
3.968	9.0281880E-009
3.969	8.4414653E-009
3.97	8.0971487E-009
3.971	8.0690965E-009
3.972	8.4181657E-009
3.973	9.1874570E-009
3.974	1.0398298E-008
3.975	1.2047275E-008
3.976	1.4104587E-008
3.977	1.6513926E-008
3.978	1.9193987E-008
3.979	2.2041620E-008
3.98	2.4936668E-008
3.981	2.7748181E-008
3.982	3.0341859E-008
3.983	3.2588314E-008
3.984	3.4371787E-008
3.985	3.5598710E-008
3.986	3.6205662E-008
3.987	3.6166345E-008
3.988	3.5496640E-008
3.989	3.4257880E-008
3.99	3.2557445E-008
3.991	3.0546730E-008
3.992	2.8416382E-008
3.993	2.6388596E-008
3.994	2.4706914E-008
3.995	2.3623764E-008
3.996	2.3386255E-008
3.997	2.4220977E-008
3.998	2.6318538E-008
3.999	2.9818679E-008
4	3.4796983E-008
4.001	4.1254200E-008
4.002	4.9108756E-008
4.003	5.8193624E-008
4.004	6.8257854E-008
4.005	7.8973464E-008
4.006	8.9947441E-008
4.007	1.0073956E-007
4.008	1.1088473E-007
4.009	1.1992024E-007
4.01	1.2741631E-007
4.011	1.3300941E-007
4.012	1.3643653E-007
4.013	1.3756956E-007
4.014	1.3644718E-007
4.015	1.3330386E-007
4.016	1.2859287E-007
4.017	1.2300264E-007
4.018	1.1746461E-007
4.019	1.1315198E-007
4.02	1.1146750E-007
4.021	1.1402060E-007
4.022	1.2259389E-007
4.023	1.3909867E-007
4.024	1.6552090E-007
4.025	2.0385899E-007
4.026	2.5605434E-007
4.027	3.2391782E-007
4.028	4.0905348E-007
4.029	5.1278357E-007
4.03	6.3607706E-007
4.031	7.7948420E-007
4.032	9.4308183E-007
4.033	1.1264306E-006
4.034	1.3285453E-006
4.035	1.5478831E-006
4.036	1.7823476E-006
4.037	2.0293094E-006
4.038	2.2856423E-006
4.039	2.5477816E-006
4.04	2.8117936E-006
4.041	3.0734532E-006
4.042	3.3283452E-006
4.043	3.5719720E-006
4.044	3.7998634E-006
4.045	4.0077002E-006
4.046	4.1914282E-006
4.047	4.3473788E-006
4.048	4.4723602E-006
4.049	4.5637689E-006
4.05	4.6196606E-006
4.051	4.6388072E-006
4.052	4.6207256E-006
4.053	4.5657193E-006
4.054	4.4748376E-006
4.055	4.3498753E-006
4.056	4.1933085E-006
4.057	4.0082259E-006
4.058	3.7982516E-006
4.059	3.5674373E-006
4.06	3.3201643E-006
4.061	3.0610120E-006
4.062	2.7946476E-006
4.063	2.5257048E-006
4.064	2.2586562E-006
4.065	1.9977131E-006
4.066	1.7467197E-006
4.067	1.5090700E-006
4.068	1.2876346E-006
4.069	1.0847149E-006
4.07	9.0200763E-007
4.071	7.4059653E-007
4.072	6.0095925E-007
4.073	4.8299461E-007
4.074	3.8606464E-007
4.075	3.0905392E-007
4.076	2.5043701E-007
4.077	2.0835871E-007
4.078	1.8071752E-007
4.079	1.6525320E-007
4.08	1.5963325E-007
4.081	1.6153622E-007
4.082	1.6872799E-007
4.083	1.7912959E-007
4.084	1.9087392E-007
4.085	2.0235048E-007
4.086	2.1223646E-007
4.087	2.1951485E-007
4.088	2.2347906E-007
4.089	2.2372518E-007
4.09	2.2013265E-007
4.091	2.1283546E-007
4.092	2.0218519E-007
4.093	1.8870814E-007
4.094	1.7305881E-007
4.095	1.5597256E-007
4.096	1.3821791E-007
4.097	1.2055270E-007
4.098	1.0368445E-007
4.099	8.8236504E-008
4.1	7.4721392E-008
4.101	6.3522322E-008
4.102	5.4881994E-008
4.103	4.8899977E-008
4.104	4.5537092E-008
4.105	4.4626713E-008
4.106	4.5891671E-008
4.107	4.8965532E-008
4.108	5.3417143E-008
4.109	5.8776823E-008
4.11	6.4562983E-008
4.111	7.0307586E-008
4.112	7.5579642E-008
4.113	8.0005137E-008
4.114	8.3283034E-008
4.115	8.5196667E-008
4.116	8.5619845E-008
4.117	8.4518149E-008
4.118	8.1945451E-008
4.119	7.8035860E-008
4.12	7.2992130E-008
4.121	6.7070943E-008
4.122	6.0566229E-008
4.123	5.3791432E-008
4.124	4.7061562E-008
4.125	4.0676166E-008
4.126	3.4903927E-008
4.127	2.9969534E-008
4.128	2.6043844E-008
4.129	2.3237092E-008
4.13	2.1595771E-008
4.131	2.1103052E-008
4.132	2.1682542E-008
4.133	2.3204983E-008
4.134	2.5497512E-008
4.135	2.8354799E-008
4.136	3.1551426E-008
4.137	3.4854764E-008
4.138	3.8037804E-008
4.139	4.0890914E-008
4.14	4.3232451E-008
4.141	4.4917194E-008
4.142	4.5842675E-008
4.143	4.5952831E-008
4.144	4.5239119E-008
4.145	4.3739043E-008
4.146	4.1532239E-008
4.147	3.8734544E-008
4.148	3.5490253E-008
4.149	3.1963253E-008
4.15	2.8327428E-008
4.151	2.4756829E-008
4.152	2.1416348E-008
4.153	1.8453097E-008
4.154	1.5989176E-008
4.155	1.4115962E-008
4.156	1.2890251E-008
4.157	1.2332452E-008
4.158	1.2426690E-008
4.159	1.3122907E-008
4.16	1.4340704E-008
4.161	1.5974683E-008
4.162	1.7900938E-008
4.163	1.9984379E-008
4.164	2.2086363E-008
4.165	2.4072310E-008
4.166	2.5818808E-008
4.167	2.7219953E-008
4.168	2.8192447E-008
4.169	2.8679368E-008
4.17	2.8652382E-008
4.171	2.8112307E-008
4.172	2.7088136E-008
4.173	2.5634550E-008
4.174	2.3828116E-008
4.175	2.1762490E-008
4.176	1.9542778E-008
4.177	1.7279541E-008
4.178	1.5082614E-008
4.179	1.3055257E-008
4.18	1.1288747E-008
4.181	9.8578150E-009
4.182	8.8171497E-009
4.183	8.1989828E-009
4.184	8.0120328E-009
4.185	8.2417015E-009
4.186	8.8515080E-009
4.187	9.7856807E-009
4.188	1.0972709E-008
4.189	1.2329640E-008
4.19	1.3766881E-008
4.191	1.5193226E-008
4.192	1.6520849E-008
4.193	1.7669910E-008
4.194	1.8572729E-008
4.195	1.9177014E-008
4.196	1.9448333E-008
4.197	1.9371363E-008
4.198	1.8950292E-008
4.199	1.8207933E-008
4.2	1.7184007E-008
4.201	1.5932535E-008
4.202	1.4518502E-008
4.203	1.3014067E-008
4.204	1.1494499E-008
4.205	1.0034046E-008
4.206	8.7019645E-009
4.207	7.5589561E-009
4.208	6.6540999E-009
4.209	6.0225180E-009
4.21	5.6838343E-009
4.211	5.6414948E-009
4.212	5.8829794E-009
4.213	6.3808758E-009
4.214	7.0947110E-009
4.215	7.9734797E-009
4.216	8.9586516E-009
4.217	9.9875388E-009
4.218	1.0996791E-008
4.219	1.1925839E-008
4.22	1.2720086E-008
4.221	1.3333731E-008
4.222	1.3731968E-008
4.223	1.3892601E-008
4.224	1.3806893E-008
4.225	1.3479691E-008
4.226	1.2928813E-008
4.227	1.2183738E-008
4.228	1.1283761E-008
4.229	1.0275601E-008
4.23	9.2107291E-009
4.231	8.1425000E-009
4.232	7.1232211E-009
4.233	6.2013945E-009
4.234	5.4191966E-009
4.235	4.8103801E-009
4.236	4.3986494E-009
4.237	4.1966448E-009
4.238	4.2055190E-009
4.239	4.4151580E-009
4.24	4.8049893E-009
4.241	5.3453411E-009
4.242	5.9992478E-009
4.243	6.7246031E-009
4.244	7.4765447E-009
4.245	8.2099083E-009
4.246	8.8816554E-009
4.247	9.4531103E-009
4.248	9.8919317E-009
4.249	1.0173681E-008
4.25	1.0282942E-008
4.251	1.0213955E-008
4.252	9.9706536E-009
4.253	9.5662758E-009
4.254	9.0224139E-009
4.255	8.3676772E-009
4.256	7.6360056E-009
4.257	6.8647190E-009
4.258	6.0924559E-009
4.259	5.3570739E-009
4.26	4.6936428E-009
4.261	4.1326409E-009
4.262	3.6984202E-009
4.263	3.4080629E-009
4.264	3.2706311E-009
4.265	3.2868752E-009
4.266	3.4493859E-009
4.267	3.7431840E-009
4.268	4.1466977E-009
4.269	4.6330513E-009
4.27	5.1716333E-009
4.271	5.7297909E-009
4.272	6.2746173E-009
4.273	6.7746875E-009
4.274	7.2017015E-009
4.275	7.5318942E-009
4.276	7.7472038E-009
4.277	7.8360829E-009
4.278	7.7939717E-009
4.279	7.6233881E-009
4.28	7.3336319E-009
4.281	6.9401471E-009
4.282	6.4635710E-009
4.283	5.9285177E-009
4.284	5.3622076E-009
4.285	4.7929394E-009
4.286	4.2485828E-009
4.287	3.7551060E-009
4.288	3.3352441E-009
4.289	3.0073739E-009
4.29	2.7846410E-009
4.291	2.6743905E-009
4.292	2.6779134E-009
4.293	2.7905158E-009
4.294	3.0019023E-009
4.295	3.2968412E-009
4.296	3.6560714E-009
4.297	4.0573997E-009
4.298	4.4769322E-009
4.299	4.8903561E-009
4.3	5.2742348E-009
4.301	5.6071947E-009
4.302	5.8710254E-009
4.303	6.0515379E-009
4.304	6.1392336E-009
4.305	6.1296892E-009
4.306	6.0236740E-009
4.307	5.8270069E-009
4.308	5.5501297E-009
4.309	5.2074745E-009
4.31	4.8166200E-009
4.311	4.3972999E-009
4.312	3.9703472E-009
4.313	3.5565699E-009
4.314	3.1756722E-009
4.315	2.8452589E-009
4.316	2.5799636E-009
4.317	2.3907563E-009
4.318	2.2844560E-009
4.319	2.2634690E-009
4.32	2.3257649E-009
4.321	2.4650773E-009
4.322	2.6713134E-009
4.323	2.9311602E-009
4.324	3.2288336E-009
4.325	3.5469350E-009
4.326	3.8673855E-009
4.327	4.1723576E-009
4.328	4.4451807E-009
4.329	4.6711888E-009
4.33	4.8384066E-009
4.331	4.9381343E-009
4.332	4.9653135E-009
4.333	4.9187237E-009
4.334	4.8009654E-009
4.335	4.6182516E-009
4.336	4.3800301E-009
4.337	4.0984252E-009
4.338	3.7875667E-009
4.339	3.4628400E-009
4.34	3.1400622E-009
4.341	2.8346772E-009
4.342	2.5609770E-009
4.343	2.3313840E-009
4.344	2.1558728E-009
4.345	2.0414970E-009
4.346	1.9920958E-009
4.347	2.0081541E-009
4.348	2.0868449E-009
4.349	2.2222273E-009
4.35	2.4056093E-009
4.351	2.6260278E-009
4.352	2.8708438E-009
4.353	3.1264036E-009
4.354	3.3787424E-009
4.355	3.6142920E-009
4.356	3.8205576E-009
4.357	3.9867203E-009
4.358	4.1041703E-009
4.359	4.1668873E-009
4.36	4.1717119E-009
4.361	4.1184554E-009
4.362	4.0098671E-009
4.363	3.8514525E-009
4.364	3.6511427E-009
4.365	3.4188758E-009
4.366	3.1660679E-009
4.367	2.9050189E-009
4.368	2.6482927E-009
4.369	2.4080902E-009
4.37	2.1956419E-009
4.371	2.0206692E-009
4.372	1.8909097E-009
4.373	1.8117680E-009
4.374	1.7860621E-009
4.375	1.8139201E-009
4.376	1.8928008E-009
4.377	2.0176500E-009
4.378	2.1811788E-009
4.379	2.3742497E-009
4.38	2.5863522E-009
4.381	2.8061331E-009
4.382	3.0219738E-009
4.383	3.2225642E-009
4.384	3.3974612E-009
4.385	3.5375984E-009
4.386	3.6357222E-009
4.387	3.6867367E-009
4.388	3.6879424E-009
4.389	3.6391492E-009
4.39	3.5426735E-009
4.391	3.4032064E-009
4.392	3.2275669E-009
4.393	3.0243528E-009
4.394	2.8035045E-009
4.395	2.5758011E-009
4.396	2.3523208E-009
4.397	2.1438862E-009
4.398	1.9605284E-009
4.399	1.8109881E-009
4.4	1.7022863E-009
4.401	1.6393814E-009
4.402	1.6249283E-009
4.403	1.6591545E-009
4.404	1.7398538E-009
4.405	1.8625003E-009
4.406	2.0204798E-009
4.407	2.2054205E-009
4.408	2.4076141E-009
4.409	2.6165035E-009
4.41	2.8212122E-009
4.411	3.0110896E-009
4.412	3.1762490E-009
4.413	3.3080618E-009
4.414	3.3995913E-009
4.415	3.4459438E-009
4.416	3.4445129E-009
4.417	3.3951113E-009
4.418	3.2999867E-009
4.419	3.1637080E-009
4.42	2.9929381E-009
4.421	2.7961098E-009
4.422	2.5829954E-009
4.423	2.3642199E-009
4.424	2.1507329E-009
4.425	1.9532427E-009
4.426	1.7816817E-009
4.427	1.6446944E-009
4.428	1.5491964E-009
4.429	1.5000129E-009
4.43	1.4996262E-009
4.431	1.5480387E-009
4.432	1.6427607E-009
4.433	1.7789291E-009
4.434	1.9495405E-009
4.435	2.1457995E-009
4.436	2.3575637E-009
4.437	2.5738467E-009
4.438	2.7833897E-009
4.439	2.9752290E-009
4.44	3.1392675E-009
4.441	3.2667997E-009
4.442	3.3509691E-009
4.443	3.3871326E-009
4.444	3.3731140E-009
4.445	3.3093295E-009
4.446	3.1987835E-009
4.447	3.0469238E-009
4.448	2.8613774E-009
4.449	2.6515641E-009
4.45	2.4282256E-009
4.451	2.2028741E-009
4.452	1.9872022E-009
4.453	1.7924764E-009
4.454	1.6289499E-009
4.455	1.5053228E-009
4.456	1.4282737E-009
4.457	1.4020993E-009
4.458	1.4284688E-009
4.459	1.5063196E-009
4.46	1.6318895E-009
4.461	1.7988940E-009
4.462	1.9988373E-009
4.463	2.2214419E-009
4.464	2.4551727E-009
4.465	2.6878337E-009
4.466	2.9072038E-009
4.467	3.1016827E-009
4.468	3.2608993E-009
4.469	3.3762770E-009
4.47	3.4414938E-009
4.471	3.4528365E-009
4.472	3.4094181E-009
4.473	3.3132426E-009
4.474	3.1691254E-009
4.475	2.9844553E-009
4.476	2.7688258E-009
4.477	2.5335440E-009
4.478	2.2910456E-009
4.479	2.0542492E-009
4.48	1.8358735E-009
4.481	1.6477640E-009
4.482	1.5002589E-009
4.483	1.4016223E-009
4.484	1.3575912E-009
4.485	1.3710436E-009
4.486	1.4418212E-009
4.487	1.5667083E-009
4.488	1.7395795E-009
4.489	1.9516997E-009
4.49	2.1921720E-009
4.491	2.4485005E-009
4.492	2.7072504E-009
4.493	2.9547567E-009
4.494	3.1778566E-009
4.495	3.3646022E-009
4.496	3.5049061E-009
4.497	3.5911032E-009
4.498	3.6183769E-009
4.499	3.5850447E-009
4.5	3.4926697E-009
4.501	3.3460046E-009
4.502	3.1527534E-009
4.503	2.9231890E-009
4.504	2.6696130E-009
4.505	2.4057079E-009
4.506	2.1458164E-009
4.507	1.9041719E-009
4.508	1.6941361E-009
4.509	1.5274731E-009
4.51	1.4137084E-009
4.511	1.3596018E-009
4.512	1.3687601E-009
4.513	1.4414238E-009
4.514	1.5744238E-009
4.515	1.7613282E-009
4.516	1.9927593E-009
4.517	2.2568736E-009
4.518	2.5399807E-009
4.519	2.8272640E-009
4.52	3.1035678E-009
4.521	3.3542116E-009
4.522	3.5657823E-009
4.523	3.7268748E-009
4.524	3.8287169E-009
4.525	3.8656758E-009
4.526	3.8355874E-009
4.527	3.7399053E-009
4.528	3.5836569E-009
4.529	3.3752001E-009
4.53	3.1258012E-009
4.531	2.8490434E-009
4.532	2.5601092E-009
4.533	2.2749631E-009
4.534	2.0094910E-009
4.535	1.7786356E-009
4.536	1.5955748E-009
4.537	1.4709955E-009
4.538	1.4124965E-009
4.539	1.4241475E-009
4.54	1.5062480E-009
4.541	1.6552766E-009
4.542	1.8640527E-009
4.543	2.1220992E-009
4.544	2.4161784E-009
4.545	2.7309945E-009
4.546	3.0500109E-009
4.547	3.3563321E-009
4.548	3.6336283E-009
4.549	3.8670258E-009
4.55	4.0439270E-009
4.551	4.1547197E-009
4.552	4.1933248E-009
4.553	4.1575512E-009
4.554	4.0492547E-009
4.555	3.8742702E-009
4.556	3.6421228E-009
4.557	3.3655423E-009
4.558	3.0597915E-009
4.559	2.7418545E-009
4.56	2.4295179E-009
4.561	2.1404083E-009
4.562	1.8910253E-009
4.563	1.6958317E-009
4.564	1.5664469E-009
4.565	1.5109916E-009
4.566	1.5336167E-009
4.567	1.6342443E-009
4.568	1.8085374E-009
4.569	2.0481037E-009
4.57	2.3409168E-009
4.571	2.6719489E-009
4.572	3.0239640E-009
4.573	3.3784444E-009
4.574	3.7165950E-009
4.575	4.0203685E-009
4.576	4.2734594E-009
4.577	4.4622124E-009
4.578	4.5763846E-009
4.579	4.6097468E-009
4.58	4.5604489E-009
4.581	4.4311657E-009
4.582	4.2289843E-009
4.583	3.9650634E-009
4.584	3.6540493E-009
4.585	3.3133054E-009
4.586	2.9619833E-009
4.587	2.6199809E-009
4.588	2.3068600E-009
4.589	2.0407616E-009
4.59	1.8374006E-009
4.591	1.7091814E-009
4.592	1.6644879E-009
4.593	1.7071908E-009
4.594	1.8363975E-009
4.595	2.0464590E-009
4.596	2.3272437E-009
4.597	2.6646518E-009
4.598	3.0413592E-009
4.599	3.4377434E-009
4.6	3.8329455E-009
4.601	4.2060000E-009
4.602	4.5369957E-009
4.603	4.8081739E-009
4.604	5.0049254E-009
4.605	5.1166142E-009
4.606	5.1371987E-009
4.607	5.0656004E-009
4.608	4.9058047E-009
4.609	4.6666893E-009
4.61	4.3615800E-009
4.611	4.0075534E-009
4.612	3.6245413E-009
4.613	3.2342584E-009
4.614	2.8590272E-009
4.615	2.5205562E-009
4.616	2.2387425E-009
4.617	2.0305593E-009
4.618	1.9090927E-009
4.619	1.8827846E-009
4.62	1.9549222E-009
4.621	2.1234068E-009
4.622	2.3808153E-009
4.623	2.7147604E-009
4.624	3.1085214E-009
4.625	3.5419299E-009
4.626	3.9924459E-009
4.627	4.4363770E-009
4.628	4.8501767E-009
4.629	5.2117501E-009
4.63	5.5016760E-009
4.631	5.7043192E-009
4.632	5.8087202E-009
4.633	5.8092593E-009
4.634	5.7060090E-009
4.635	5.5047908E-009
4.636	5.2169198E-009
4.637	4.8586157E-009
4.638	4.4501722E-009
4.639	4.0148698E-009
4.64	3.5777223E-009
4.641	3.1641114E-009
4.642	2.7983948E-009
4.643	2.5025459E-009
4.644	2.2949211E-009
4.645	2.1892057E-009
4.646	2.1936055E-009
4.647	2.3103408E-009
4.648	2.5354516E-009
4.649	2.8589526E-009
4.65	3.2653185E-009
4.651	3.7342849E-009
4.652	4.2419153E-009
4.653	4.7618842E-009
4.654	5.2669153E-009
4.655	5.7302705E-009
4.656	6.1272343E-009
4.657	6.4365175E-009
4.658	6.6414589E-009
4.659	6.7310038E-009
4.66	6.7003967E-009
4.661	6.5514909E-009
4.662	6.2927512E-009
4.663	5.9388401E-009
4.664	5.5098943E-009
4.665	5.0304694E-009
4.666	4.5282307E-009
4.667	4.0324659E-009
4.668	3.5724776E-009
4.669	3.1759630E-009
4.67	2.8674652E-009
4.671	2.6669607E-009
4.672	2.5887072E-009
4.673	2.6403713E-009
4.674	2.8225262E-009
4.675	3.1285290E-009
4.676	3.5448022E-009
4.677	4.0515000E-009
4.678	4.6235282E-009
4.679	5.2318789E-009
4.68	5.8451803E-009
4.681	6.4313990E-009
4.682	6.9596142E-009
4.683	7.4017410E-009
4.684	7.7341262E-009
4.685	7.9389197E-009
4.686	8.0051459E-009
4.687	7.9294038E-009
4.688	7.7161637E-009
4.689	7.3776194E-009
4.69	6.9331234E-009
4.691	6.4082220E-009
4.692	5.8333076E-009
4.693	5.2420259E-009
4.694	4.6694701E-009
4.695	4.1502526E-009
4.696	3.7166064E-009
4.697	3.3965555E-009
4.698	3.2123089E-009
4.699	3.1789307E-009
4.7	3.3033889E-009
4.701	3.5840269E-009
4.702	4.0105061E-009
4.703	4.5642268E-009
4.704	5.2192242E-009
4.705	5.9434768E-009
4.706	6.7006023E-009
4.707	7.4518054E-009
4.708	8.1580200E-009
4.709	8.7820995E-009
4.71	9.2909058E-009
4.711	9.6572563E-009
4.712	9.8615285E-009
4.713	9.8928803E-009
4.714	9.7499884E-009
4.715	9.4412922E-009
4.716	8.9846717E-009
4.717	8.4066354E-009
4.718	7.7409936E-009
4.719	7.0271349E-009
4.72	6.3079328E-009
4.721	5.6274478E-009
4.722	5.0285012E-009
4.723	4.5502717E-009
4.724	4.2260484E-009
4.725	4.0812491E-009
4.726	4.1318513E-009
4.727	4.3833133E-009
4.728	4.8300470E-009
4.729	5.4555214E-009
4.73	6.2329515E-009
4.731	7.1265962E-009
4.732	8.0935560E-009
4.733	9.0860279E-009
4.734	1.0053864E-008
4.735	1.0947309E-008
4.736	1.1719794E-008
4.737	1.2330585E-008
4.738	1.2747213E-008
4.739	1.2947434E-008
4.74	1.2920752E-008
4.741	1.2669232E-008
4.742	1.2207740E-008
4.743	1.1563378E-008
4.744	1.0774304E-008
4.745	9.8878692E-009
4.746	8.9582013E-009
4.747	8.0433944E-009
4.748	7.2023343E-009
4.749	6.4914651E-009
4.75	5.9615748E-009
4.751	5.6548224E-009
4.752	5.6021507E-009
4.753	5.8212812E-009
4.754	6.3153598E-009
4.755	7.0724009E-009
4.756	8.0655420E-009
4.757	9.2541335E-009
4.758	1.0585619E-008
4.759	1.1998138E-008
4.76	1.3423693E-008
4.761	1.4791784E-008
4.762	1.6033255E-008
4.763	1.7084206E-008
4.764	1.7889752E-008
4.765	1.8407345E-008
4.766	1.8609603E-008
4.767	1.8486315E-008
4.768	1.8045611E-008
4.769	1.7314150E-008
4.77	1.6336257E-008
4.771	1.5172095E-008
4.772	1.3894874E-008
4.773	1.2587230E-008
4.774	1.1336978E-008
4.775	1.0232409E-008
4.776	9.3573940E-009
4.777	8.7865519E-009
4.778	8.5807565E-009
4.779	8.7832284E-009
4.78	9.4164756E-009
4.781	1.0480223E-008
4.782	1.1950545E-008
4.783	1.3780254E-008
4.784	1.5900591E-008
4.785	1.8224185E-008
4.786	2.0649097E-008
4.787	2.3063961E-008
4.788	2.5353781E-008
4.789	2.7406205E-008
4.79	2.9118029E-008
4.791	3.0401377E-008
4.792	3.1189508E-008
4.793	3.1441605E-008
4.794	3.1146527E-008
4.795	3.0324969E-008
4.796	2.9030197E-008
4.797	2.7346870E-008
4.798	2.5388191E-008
4.799	2.3291300E-008
4.8	2.1211155E-008
4.801	1.9313097E-008
4.802	1.7764409E-008
4.803	1.6725265E-008
4.804	1.6339591E-008
4.805	1.6726137E-008
4.806	1.7970459E-008
4.807	2.0118121E-008
4.808	2.3169633E-008
4.809	2.7077533E-008
4.81	3.1745770E-008
4.811	3.7031803E-008
4.812	4.2751179E-008
4.813	4.8684949E-008
4.814	5.4589339E-008
4.815	6.0207576E-008
4.816	6.5283658E-008
4.817	6.9577041E-008
4.818	7.2878322E-008
4.819	7.5024523E-008
4.82	7.5913889E-008
4.821	7.5519189E-008
4.822	7.3898846E-008
4.823	7.1205235E-008
4.824	6.7689605E-008
4.825	6.3703290E-008
4.826	5.9694798E-008
4.827	5.6202460E-008
4.828	5.3843078E-008
4.829	5.3296244E-008
4.83	5.5285135E-008
4.831	6.0554044E-008
4.832	6.9843232E-008
4.833	8.3862474E-008
4.834	1.0326334E-007
4.835	1.2861207E-007
4.836	1.6036346E-007
4.837	1.9883709E-007
4.838	2.4419683E-007
4.839	2.9643408E-007
4.84	3.5535584E-007
4.841	4.2057900E-007
4.842	4.9152794E-007
4.843	5.6744159E-007
4.844	6.4738344E-007
4.845	7.3025939E-007
4.846	8.1484018E-007
4.847	8.9978920E-007
4.848	9.8369435E-007
4.849	1.0651022E-006
4.85	1.1425572E-006
4.851	1.2146360E-006
4.852	1.2799885E-006
4.853	1.3373698E-006
4.854	1.3856771E-006
4.855	1.4239774E-006
4.856	1.4515322E-006
4.857	1.4678161E-006
4.858	1.4725319E-006
4.859	1.4656168E-006
4.86	1.4472434E-006
4.861	1.4178122E-006
4.862	1.3779417E-006
4.863	1.3284483E-006
4.864	1.2703239E-006
4.865	1.2047069E-006
4.866	1.1328530E-006
4.867	1.0560964E-006
4.868	9.7581835E-007
4.869	8.9340961E-007
4.87	8.1023614E-007
4.871	7.2760554E-007
4.872	6.4673873E-007
4.873	5.6874416E-007
4.874	4.9459572E-007
4.875	4.2511695E-007
4.876	3.6096861E-007
4.877	3.0264226E-007
4.878	2.5045901E-007
4.879	2.0457225E-007
4.88	1.6497677E-007
4.881	1.3152084E-007
4.882	1.0392291E-007
4.883	8.1790915E-008
4.884	6.4643658E-008
4.885	5.1933423E-008
4.886	4.3068663E-008
4.887	3.7436209E-008
4.888	3.4422150E-008
4.889	3.3430773E-008
4.89	3.3901230E-008
4.891	3.5321396E-008
4.892	3.7238841E-008
4.893	3.9268581E-008
4.894	4.1097699E-008
4.895	4.2487073E-008
4.896	4.3269917E-008
4.897	4.3348045E-008
4.898	4.2685723E-008
4.899	4.1301860E-008
4.9	3.9260893E-008
4.901	3.6662808E-008
4.902	3.3632915E-008
4.903	3.0311682E-008
4.904	2.6845189E-008
4.905	2.3376478E-008
4.906	2.0037959E-008
4.907	1.6945355E-008
4.908	1.4193088E-008
4.909	1.1851218E-008
4.91	9.9639852E-009
4.911	8.5497707E-009
4.912	7.6024174E-009
4.913	7.0936594E-009
4.914	6.9764843E-009
4.915	7.1891559E-009
4.916	7.6596312E-009
4.917	8.3101392E-009
4.918	9.0616430E-009
4.919	9.8380140E-009
4.92	1.0569674E-008
4.921	1.1196642E-008
4.922	1.1670787E-008
4.923	1.1957336E-008
4.924	1.2035540E-008
4.925	1.1898604E-008
4.926	1.1552846E-008
4.927	1.1016318E-008
4.928	1.0316849E-008
4.929	9.4897867E-009
4.93	8.5754701E-009
4.931	7.6166735E-009
4.932	6.6560752E-009
4.933	5.7339640E-009
4.934	4.8861883E-009
4.935	4.1425450E-009
4.936	3.5255734E-009
4.937	3.0498388E-009
4.938	2.7216804E-009
4.939	2.5394205E-009
4.94	2.4939835E-009
4.941	2.5698692E-009
4.942	2.7463927E-009
4.943	2.9991383E-009
4.944	3.3014942E-009
4.945	3.6262202E-009
4.946	3.9469419E-009
4.947	4.2395012E-009
4.948	4.4831117E-009
4.949	4.6612372E-009
4.95	4.7622151E-009
4.951	4.7795585E-009
4.952	4.7119642E-009
4.953	4.5630468E-009
4.954	4.3408259E-009
4.955	4.0569992E-009
4.956	3.7260723E-009
4.957	3.3643988E-009
4.958	2.9891658E-009
4.959	2.6174083E-009
4.96	2.2650908E-009
4.961	1.9463016E-009
4.962	1.6725984E-009
4.963	1.4525287E-009
4.964	1.2913405E-009
4.965	1.1908914E-009
4.966	1.1497425E-009
4.967	1.1634285E-009
4.968	1.2248738E-009
4.969	1.3249256E-009
4.97	1.4529711E-009
4.971	1.5975919E-009
4.972	1.7472298E-009
4.973	1.8908186E-009
4.974	2.0183497E-009
4.975	2.1213500E-009
4.976	2.1932511E-009
4.977	2.2296298E-009
4.978	2.2283198E-009
4.979	2.1893942E-009
4.98	2.1150357E-009
4.981	2.0092847E-009
4.982	1.8777211E-009
4.983	1.7270610E-009
4.984	1.5647310E-009
4.985	1.3984209E-009
4.986	1.2356471E-009
4.987	1.0833570E-009
4.988	9.4757913E-010
4.989	8.3315194E-010
4.99	7.4352569E-010
4.991	6.8065509E-010
4.992	6.4497935E-010
4.993	6.3548389E-010
4.994	6.4983735E-010
4.995	6.8459338E-010
4.996	7.3544065E-010
4.997	7.9748474E-010
4.998	8.6554619E-010
4.999	9.3445696E-010
5	9.9933939E-010
5.001	1.0558505E-009
5.002	1.1003864E-009
5.003	1.1302314E-009
5.004	1.1436514E-009
5.005	1.1399273E-009
5.006	1.1193322E-009
5.007	1.0830563E-009
5.008	1.0330854E-009
5.009	9.7204433E-010
5.01	9.0301683E-010
5.011	8.2934859E-010
5.012	7.5445145E-010
5.013	6.8161371E-010
5.014	6.1383093E-010
5.015	5.5366095E-010
5.016	5.0311483E-010
5.017	4.6358234E-010
5.018	4.3579651E-010
5.019	4.1983669E-010
5.02	4.1516671E-010
5.021	4.2070356E-010
5.022	4.3491138E-010
5.023	4.5591403E-010
5.024	4.8161780E-010
5.025	5.0983828E-010
5.026	5.3842253E-010
5.027	5.6536159E-010
5.028	5.8888694E-010
5.029	6.0754618E-010
5.03	6.2025857E-010
5.031	6.2634270E-010
5.032	6.2552352E-010
5.033	6.1791539E-010
5.034	6.0398542E-010
5.035	5.8450184E-010
5.036	5.6046778E-010
5.037	5.3305088E-010
5.038	5.0350707E-010
5.039	4.7310766E-010
5.04	4.4307155E-010
5.041	4.1450568E-010
5.042	3.8835798E-010
5.043	3.6538264E-010
5.044	3.4611913E-010
5.045	3.3088501E-010
5.046	3.1978192E-010
5.047	3.1271147E-010
5.048	3.0940106E-010
5.049	3.0943623E-010
5.05	3.1229594E-010
5.051	3.1739072E-010
5.052	3.2409833E-010
5.053	3.3179751E-010
5.054	3.3989694E-010
5.055	3.4785844E-010
5.056	3.5521378E-010
5.057	3.6157527E-010
5.058	3.6664063E-010
5.059	3.7019224E-010
5.06	3.7209152E-010
5.061	3.7227205E-010
5.062	3.7072867E-010
5.063	3.6750716E-010
5.064	3.6269454E-010
5.065	3.5640915E-010
5.066	3.4879444E-010
5.067	3.4001349E-010
5.068	3.3024561E-010
5.069	3.1968589E-010
5.07	3.0854447E-010
5.071	2.9704750E-010
5.072	2.8543667E-010
5.073	2.7396910E-010
5.074	2.6291444E-010
5.075	2.5255087E-010
5.076	2.4315777E-010
5.077	2.3500676E-010
5.078	2.2835028E-010
5.079	2.2340840E-010
5.08	2.2035557E-010
5.081	2.1930670E-010
5.082	2.2030471E-010
5.083	2.2331019E-010
5.084	2.2819487E-010
5.085	2.3473859E-010
5.086	2.4263222E-010
5.087	2.5148497E-010
5.088	2.6083818E-010
5.089	2.7018307E-010
5.09	2.7898428E-010
5.091	2.8670558E-010
5.092	2.9283825E-010
5.093	2.9693004E-010
5.094	2.9861200E-010
5.095	2.9762334E-010
5.096	2.9383110E-010
5.097	2.8724387E-010
5.098	2.7801819E-010
5.099	2.6645727E-010
5.1	2.5300101E-010
5.101	2.3820815E-010
5.102	2.2273108E-010
5.103	2.0728391E-010
5.104	1.9260592E-010
5.105	1.7942227E-010
5.106	1.6840372E-010
5.107	1.6012806E-010
5.108	1.5504542E-010
5.109	1.5344916E-010
5.11	1.5545547E-010
5.111	1.6099104E-010
5.112	1.6979199E-010
5.113	1.8141290E-010
5.114	1.9524632E-010
5.115	2.1055199E-010
5.116	2.2649398E-010
5.117	2.4218472E-010
5.118	2.5673211E-010
5.119	2.6928876E-010
5.12	2.7910016E-010
5.121	2.8554761E-010
5.122	2.8818520E-010
5.123	2.8676830E-010
5.124	2.8127026E-010
5.125	2.7188868E-010
5.126	2.5903737E-010
5.127	2.4332791E-010
5.128	2.2553910E-010
5.129	2.0657644E-010
5.13	1.8742441E-010
5.131	1.6909321E-010
5.132	1.5256342E-010
5.133	1.3873175E-010
5.134	1.2835970E-010
5.135	1.2203012E-010
5.136	1.2011235E-010
5.137	1.2273914E-010
5.138	1.2979592E-010
5.139	1.4092433E-010
5.14	1.5553897E-010
5.141	1.7285737E-010
5.142	1.9194049E-010
5.143	2.1174366E-010
5.144	2.3117268E-010
5.145	2.4914407E-010
5.146	2.6464508E-010
5.147	2.7679048E-010
5.148	2.8487243E-010
5.149	2.8840164E-010
5.15	2.8713609E-010
5.151	2.8109670E-010
5.152	2.7056793E-010
5.153	2.5608440E-010
5.154	2.3840352E-010
5.155	2.1846482E-010
5.156	1.9733915E-010
5.157	1.7617093E-010
5.158	1.5611475E-010
5.159	1.3827212E-010
5.16	1.2362973E-010
5.161	1.1300445E-010
5.162	1.0699686E-010
5.163	1.0595688E-010
5.164	1.0996288E-010
5.165	1.1881567E-010
5.166	1.3204825E-010
5.167	1.4894989E-010
5.168	1.6860469E-010
5.169	1.8994063E-010
5.17	2.1178878E-010
5.171	2.3294708E-010
5.172	2.5224695E-010
5.173	2.6861771E-010
5.174	2.8114655E-010
5.175	2.8912928E-010
5.176	2.9211042E-010
5.177	2.8990907E-010
5.178	2.8262934E-010
5.179	2.7065664E-010
5.18	2.5463631E-010
5.181	2.3543884E-010
5.182	2.1411285E-010
5.183	1.9182737E-010
5.184	1.6980752E-010
5.185	1.4926727E-010
5.186	1.3134234E-010
5.187	1.1702747E-010
5.188	1.0712071E-010
5.189	1.0217942E-010
5.19	1.0248852E-010
5.191	1.0804428E-010
5.192	1.1855382E-010
5.193	1.3345065E-010
5.194	1.5192531E-010
5.195	1.7296979E-010
5.196	1.9543274E-010
5.197	2.1808277E-010
5.198	2.3967664E-010
5.199	2.5902730E-010
5.2	2.7507019E-010
5.201	2.8692229E-010
5.202	2.9393027E-010
5.203	2.9570812E-010
5.204	2.9215760E-010
5.205	2.8347469E-010
5.206	2.7013916E-010
5.207	2.5288743E-010
5.208	2.3267335E-010
5.209	2.1061429E-010
5.21	1.8793056E-010
5.211	1.6587730E-010
5.212	1.4567555E-010
5.213	1.2844469E-010
5.214	1.1514045E-010
5.215	1.0650229E-010
5.216	1.0301246E-010
5.217	1.0486930E-010
5.218	1.1197643E-010
5.219	1.2394781E-010
5.22	1.4012930E-010
5.221	1.5963438E-010
5.222	1.8139322E-010
5.223	2.0421180E-010
5.224	2.2683791E-010
5.225	2.4803012E-010
5.226	2.6662644E-010
5.227	2.8160863E-010
5.228	2.9215849E-010
5.229	2.9770308E-010
5.23	2.9794589E-010
5.231	2.9288325E-010
5.232	2.8280442E-010
5.233	2.6827504E-010
5.234	2.5010610E-010
5.235	2.2930793E-010
5.236	2.0703547E-010
5.237	1.8452320E-010
5.238	1.6301774E-010
5.239	1.4370849E-010
5.24	1.2766253E-010
5.241	1.1576561E-010
5.242	1.0867376E-010
5.243	1.0677734E-010
5.244	1.1017992E-010
5.245	1.1869281E-010
5.246	1.3184616E-010
5.247	1.4891463E-010
5.248	1.6895831E-010
5.249	1.9087440E-010
5.25	2.1345814E-010
5.251	2.3546995E-010
5.252	2.5570307E-010
5.253	2.7305075E-010
5.254	2.8656688E-010
5.255	2.9551789E-010
5.256	2.9942346E-010
5.257	2.9808186E-010
5.258	2.9158057E-010
5.259	2.8029182E-010
5.26	2.6485042E-010
5.261	2.4611907E-010
5.262	2.2513959E-010
5.263	2.0307639E-010
5.264	1.8115102E-010
5.265	1.6057544E-010
5.266	1.4248511E-010
5.267	1.2787638E-010
5.268	1.1755180E-010
5.269	1.1207650E-010
5.27	1.1174690E-010
5.271	1.1657507E-010
5.272	1.2628852E-010
5.273	1.4034572E-010
5.274	1.5796667E-010
5.275	1.7817628E-010
5.276	1.9985892E-010
5.277	2.2182013E-010
5.278	2.4285296E-010
5.279	2.6180463E-010
5.28	2.7763974E-010
5.281	2.8949754E-010
5.282	2.9673827E-010
5.283	2.9897809E-010
5.284	2.9610958E-010
5.285	2.8830641E-010
5.286	2.7601341E-010
5.287	2.5992136E-010
5.288	2.4092839E-010
5.289	2.2008977E-010
5.29	1.9856004E-010
5.291	1.7752869E-010
5.292	1.5815479E-010
5.293	1.4150302E-010
5.294	1.2848504E-010
5.295	1.1980958E-010
5.296	1.1594388E-010
5.297	1.1708860E-010
5.298	1.2316767E-010
5.299	1.3383328E-010
5.3	1.4848611E-010
5.301	1.6630913E-010
5.302	1.8631348E-010
5.303	2.0739330E-010
5.304	2.2838689E-010
5.305	2.4814090E-010
5.306	2.6557331E-010
5.307	2.7973296E-010
5.308	2.8985109E-010
5.309	2.9538316E-010
5.31	2.9603850E-010
5.311	2.9179517E-010
5.312	2.8290031E-010
5.313	2.6985680E-010
5.314	2.5339408E-010
5.315	2.3442792E-010
5.316	2.1400923E-010
5.317	1.9326613E-010
5.318	1.7334123E-010
5.319	1.5532871E-010
5.32	1.4021401E-010
5.321	1.2881991E-010
5.322	1.2176159E-010
5.323	1.1941331E-010
5.324	1.2188874E-010
5.325	1.2903571E-010
5.326	1.4044511E-010
5.327	1.5547462E-010
5.328	1.7328475E-010
5.329	1.9288550E-010
5.33	2.1319155E-010
5.331	2.3308214E-010
5.332	2.5146277E-010
5.333	2.6732547E-010
5.334	2.7980382E-010
5.335	2.8822039E-010
5.336	2.9212338E-010
5.337	2.9131081E-010
5.338	2.8584096E-010
5.339	2.7602789E-010
5.34	2.6242397E-010
5.341	2.4578800E-010
5.342	2.2704304E-010
5.343	2.0722497E-010
5.344	1.8742478E-010
5.345	1.6872860E-010
5.346	1.5215794E-010
5.347	1.3861357E-010
5.348	1.2882691E-010
5.349	1.2331995E-010
5.35	1.2237768E-010
5.351	1.2603314E-010
5.352	1.3406652E-010
5.353	1.4601799E-010
5.354	1.6121385E-010
5.355	1.7880430E-010
5.356	1.9781043E-010
5.357	2.1717884E-010
5.358	2.3583960E-010
5.359	2.5276514E-010
5.36	2.6702662E-010
5.361	2.7784530E-010
5.362	2.8463415E-010
5.363	2.8703009E-010
5.364	2.8491309E-010
5.365	2.7841141E-010
5.366	2.6789451E-010
5.367	2.5395086E-010
5.368	2.3735505E-010
5.369	2.1902459E-010
5.37	1.9996876E-010
5.371	1.8123257E-010
5.372	1.6383979E-010
5.373	1.4873594E-010
5.374	1.3673770E-010
5.375	1.2848769E-010
5.376	1.2442025E-010
5.377	1.2473839E-010
5.378	1.2940300E-010
5.379	1.3813628E-010
5.38	1.5043790E-010
5.381	1.6561284E-010
5.382	1.8281084E-010
5.383	2.0107337E-010
5.384	2.1938701E-010
5.385	2.3673910E-010
5.386	2.5217378E-010
5.387	2.6484417E-010
5.388	2.7405853E-010
5.389	2.7931771E-010
5.39	2.8034161E-010
5.391	2.7708422E-010
5.392	2.6973465E-010
5.393	2.5870589E-010
5.394	2.4461108E-010
5.395	2.2822960E-010
5.396	2.1046297E-010
5.397	1.9228506E-010
5.398	1.7468867E-010
5.399	1.5863076E-010
5.4	1.4498032E-010
5.401	1.3447078E-010
5.402	1.2766060E-010
5.403	1.2490310E-010
5.404	1.2632753E-010
5.405	1.3183303E-010
5.406	1.4109486E-010
5.407	1.5358295E-010
5.408	1.6859161E-010
5.409	1.8527935E-010
5.41	2.0271534E-010
5.411	2.1993102E-010
5.412	2.3597374E-010
5.413	2.4995875E-010
5.414	2.6111821E-010
5.415	2.6884220E-010
5.416	2.7271221E-010
5.417	2.7252312E-010
5.418	2.6829330E-010
5.419	2.6026309E-010
5.42	2.4888014E-010
5.421	2.3477464E-010
5.422	2.1872333E-010
5.423	2.0160670E-010
5.424	1.8435999E-010
5.425	1.6792202E-010
5.426	1.5318356E-010
5.427	1.4093857E-010
5.428	1.3184109E-010
5.429	1.2636983E-010
5.43	1.2480257E-010
5.431	1.2720178E-010
5.432	1.3341137E-010
5.433	1.4306664E-010
5.434	1.5561487E-010
5.435	1.7034606E-010
5.436	1.8643306E-010
5.437	2.0297723E-010
5.438	2.1905844E-010
5.439	2.3378557E-010
5.44	2.4634542E-010
5.441	2.5604749E-010
5.442	2.6236099E-010
5.443	2.6494337E-010
5.444	2.6365890E-010
5.445	2.5858413E-010
5.446	2.5000363E-010
5.447	2.3839311E-010
5.448	2.2439262E-010
5.449	2.0877076E-010
5.45	1.9238190E-010
5.451	1.7611899E-010
5.452	1.6086443E-010
5.453	1.4744200E-010
5.454	1.3657150E-010
5.455	1.2882999E-010
5.456	1.2462043E-010
5.457	1.2415076E-010
5.458	1.2742264E-010
5.459	1.3423229E-010
5.46	1.4418265E-010
5.461	1.5670534E-010
5.462	1.7109296E-010
5.463	1.8653792E-010
5.464	2.0217776E-010
5.465	2.1714221E-010
5.466	2.3060157E-010
5.467	2.4181207E-010
5.468	2.5015592E-010
5.469	2.5517585E-010
5.47	2.5659852E-010
5.471	2.5434946E-010
5.472	2.4855620E-010
5.473	2.3954050E-010
5.474	2.2779943E-010
5.475	2.1397849E-010
5.476	1.9883449E-010
5.477	1.8319402E-010
5.478	1.6790787E-010
5.479	1.5380387E-010
5.48	1.4164175E-010
5.481	1.3207162E-010
5.482	1.2559848E-010
5.483	1.2255534E-010
5.484	1.2308564E-010
5.485	1.2713594E-010
5.486	1.3445992E-010
5.487	1.4463258E-010
5.488	1.5707434E-010
5.489	1.7108361E-010
5.49	1.8587559E-010
5.491	2.0062584E-010
5.492	2.1451541E-010
5.493	2.2677581E-010
5.494	2.3673069E-010
5.495	2.4383270E-010
5.496	2.4769262E-010
5.497	2.4810010E-010
5.498	2.4503485E-010
5.499	2.3866656E-010
5.5	2.2934532E-010
5.501	2.1758198E-010
5.502	2.0401969E-010
5.503	1.8939826E-010
5.504	1.7451320E-010
5.505	1.6017219E-010
5.506	1.4715044E-010
5.507	1.3614788E-010
5.508	1.2775132E-010
5.509	1.2240192E-010
5.51	1.2037177E-010
5.511	1.2174950E-010
5.512	1.2643614E-010
5.513	1.3415161E-010
5.514	1.4445035E-010
5.515	1.5674731E-010
5.516	1.7034993E-010
5.517	1.8449670E-010
5.518	1.9839914E-010
5.519	2.1128482E-010
5.52	2.2243966E-010
5.521	2.3124670E-010
5.522	2.3721972E-010
5.523	2.4002941E-010
5.524	2.3952126E-010
5.525	2.3572333E-010
5.526	2.2884440E-010
5.527	2.1926183E-010
5.528	2.0750072E-010
5.529	1.9420399E-010
5.53	1.8009694E-010
5.531	1.6594752E-010
5.532	1.5252333E-010
5.533	1.4055007E-010
5.534	1.3067165E-010
5.535	1.2341503E-010
5.536	1.1916194E-010
5.537	1.1812802E-010
5.538	1.2035183E-010
5.539	1.2569304E-010
5.54	1.3384079E-010
5.541	1.4433094E-010
5.542	1.5657230E-010
5.543	1.6987915E-010
5.544	1.8350928E-010
5.545	1.9670483E-010
5.546	2.0873370E-010
5.547	2.1893000E-010
5.548	2.2672988E-010
5.549	2.3170284E-010
5.55	2.3357419E-010
5.551	2.3224049E-010
5.552	2.2777444E-010
5.553	2.2042063E-010
5.554	2.1058186E-010
5.555	1.9879670E-010
5.556	1.8570960E-010
5.557	1.7203551E-010
5.558	1.5852050E-010
5.559	1.4590056E-010
5.56	1.3486146E-010
5.561	1.2600102E-010
5.562	1.1979633E-010
5.563	1.1657800E-010
5.564	1.1651188E-010
5.565	1.1959074E-010
5.566	1.2563456E-010
5.567	1.3430096E-010
5.568	1.4510440E-010
5.569	1.5744274E-010
5.57	1.7063086E-010
5.571	1.8393798E-010
5.572	1.9662807E-010
5.573	2.0800010E-010
5.574	2.1742616E-010
5.575	2.2438597E-010
5.576	2.2849525E-010
5.577	2.2952656E-010
5.578	2.2742180E-010
5.579	2.2229520E-010
5.58	2.1442710E-010
5.581	2.0424898E-010
5.582	1.9231934E-010
5.583	1.7929375E-010
5.584	1.6588857E-010
5.585	1.5284198E-010
5.586	1.4087340E-010
5.587	1.3064382E-010
5.588	1.2271981E-010
5.589	1.1754175E-010
5.59	1.1540010E-010
5.591	1.1641896E-010
5.592	1.2054915E-010
5.593	1.2757086E-010
5.594	1.3710535E-010
5.595	1.4863559E-010
5.596	1.6153436E-010
5.597	1.7509812E-010
5.598	1.8858595E-010
5.599	2.0125963E-010
5.6	2.1242413E-010
5.601	2.2146618E-010
5.602	2.2788782E-010
5.603	2.3133469E-010
5.604	2.3161548E-010
5.605	2.2871362E-010
5.606	2.2278880E-010
5.607	2.1416915E-010
5.608	2.0333425E-010
5.609	1.9088954E-010
5.61	1.7753443E-010
5.611	1.6402375E-010
5.612	1.5112793E-010
5.613	1.3959001E-010
5.614	1.3008558E-010
5.615	1.2318514E-010
5.616	1.1932218E-010
5.617	1.1876845E-010
5.618	1.2161797E-010
5.619	1.2778019E-010
5.62	1.3698324E-010
5.621	1.4878714E-010
5.622	1.6260587E-010
5.623	1.7773774E-010
5.624	1.9340224E-010
5.625	2.0878158E-010
5.626	2.2306480E-010
5.627	2.3549226E-010
5.628	2.4539770E-010
5.629	2.5224692E-010
5.63	2.5566863E-010
5.631	2.5547980E-010
5.632	2.5169922E-010
5.633	2.4455243E-010
5.634	2.3446609E-010
5.635	2.2205139E-010
5.636	2.0807878E-010
5.637	1.9344326E-010
5.638	1.7912397E-010
5.639	1.6613796E-010
5.64	1.5549212E-010
5.641	1.4813403E-010
5.642	1.4490553E-010
5.643	1.4650012E-010
5.644	1.5342697E-010
5.645	1.6598325E-010
5.646	1.8423528E-010
5.647	2.0801079E-010
5.648	2.3690064E-010
5.649	2.7027253E-010
5.65	3.0729277E-010
5.651	3.4695852E-010
5.652	3.8813597E-010
5.653	4.2960527E-010
5.654	4.7010862E-010
5.655	5.0839877E-010
5.656	5.4328980E-010
5.657	5.7370081E-010
5.658	5.9869826E-010
5.659	6.1752969E-010
5.66	6.2965022E-010
5.661	6.3473843E-010
5.662	6.3270367E-010
5.663	6.2368344E-010
5.664	6.0803090E-010
5.665	5.8629407E-010
5.666	5.5918775E-010
5.667	5.2755939E-010
5.668	4.9235255E-010
5.669	4.5456530E-010
5.67	4.1521192E-010
5.671	3.7528336E-010
5.672	3.3571282E-010
5.673	2.9734512E-010
5.674	2.6091179E-010
5.675	2.2701306E-010
5.676	1.9610640E-010
5.677	1.6850221E-010
5.678	1.4436621E-010
5.679	1.2372790E-010
5.68	1.0649447E-010
5.681	9.2469039E-011
5.682	8.1372069E-011
5.683	7.2864860E-011
5.684	6.6573191E-011
5.685	6.2110678E-011
5.686	5.9099878E-011
5.687	5.7190721E-011
5.688	5.6075217E-011
5.689	5.5497756E-011
5.69	5.5261257E-011
5.691	5.5228672E-011
5.692	5.5320439E-011
5.693	5.5508289E-011
5.694	5.5806068E-011
5.695	5.6258654E-011
5.696	5.6929406E-011
5.697	5.7887625E-011
5.698	5.9196467E-011
5.699	6.0902450E-011
5.7	6.3026910E-011
5.701	6.5560314E-011
5.702	6.8459266E-011
5.703	7.1646786E-011
5.704	7.5015300E-011
5.705	7.8432490E-011
5.706	8.1749323E-011
5.707	8.4809437E-011
5.708	8.7459644E-011
5.709	8.9560567E-011
5.71	9.0996530E-011
5.711	9.1684341E-011
5.712	9.1579959E-011
5.713	9.0682864E-011
5.714	8.9037937E-011
5.715	8.6733953E-011
5.716	8.3900088E-011
5.717	8.0698823E-011
5.718	7.7317611E-011
5.719	7.3958110E-011
5.72	7.0824797E-011
5.721	6.8112876E-011
5.722	6.5996840E-011
5.723	6.4619796E-011
5.724	6.4084647E-011
5.725	6.4447406E-011
5.726	6.5713344E-011
5.727	6.7835772E-011
5.728	7.0718195E-011
5.729	7.4219020E-011
5.73	7.8159264E-011
5.731	8.2332294E-011
5.732	8.6515295E-011
5.733	9.0481816E-011
5.734	9.4014595E-011
5.735	9.6917967E-011
5.736	9.9029174E-011
5.737	1.0022768E-010
5.738	1.0044255E-010
5.739	9.9656602E-011
5.74	9.7907960E-011
5.741	9.5288180E-011
5.742	9.1937423E-011
5.743	8.8037196E-011
5.744	8.3800064E-011
5.745	7.9458183E-011
5.746	7.5250410E-011
5.747	7.1408705E-011
5.748	6.8145579E-011
5.749	6.5641832E-011
5.75	6.4036450E-011
5.751	6.3418777E-011
5.752	6.3823356E-011
5.753	6.5227879E-011
5.754	6.7554330E-011
5.755	7.0673314E-011
5.756	7.4410964E-011
5.757	7.8558847E-011
5.758	8.2885157E-011
5.759	8.7147921E-011
5.76	9.1108093E-011
5.761	9.4542971E-011
5.762	9.7258541E-011
5.763	9.9100082E-011
5.764	9.9961095E-011
5.765	9.9788726E-011
5.766	9.8587152E-011
5.767	9.6417041E-011
5.768	9.3392342E-011
5.769	8.9673956E-011
5.77	8.5460722E-011
5.771	8.0978516E-011
5.772	7.6467693E-011
5.773	7.2169791E-011
5.774	6.8314285E-011
5.775	6.5105921E-011
5.776	6.2713418E-011
5.777	6.1260344E-011
5.778	6.0818232E-011
5.779	6.1402779E-011
5.78	6.2973148E-011
5.781	6.5434172E-011
5.782	6.8641773E-011
5.783	7.2411001E-011
5.784	7.6526292E-011
5.785	8.0753348E-011
5.786	8.4852188E-011
5.787	8.8590371E-011
5.788	9.1755707E-011
5.789	9.4167923E-011
5.79	9.5688568E-011
5.791	9.6228511E-011
5.792	9.5752531E-011
5.793	9.4281451E-011
5.794	9.1890537E-011
5.795	8.8705293E-011
5.796	8.4894487E-011
5.797	8.0660589E-011
5.798	7.6228759E-011
5.799	7.1834094E-011
5.8	6.7708922E-011
5.801	6.4069999E-011
5.802	6.1106550E-011
5.803	5.8970058E-011
5.804	5.7766094E-011
5.805	5.7548567E-011
5.806	5.8317053E-011
5.807	6.0016991E-011
5.808	6.2542804E-011
5.809	6.5743973E-011
5.81	6.9433355E-011
5.811	7.3397753E-011
5.812	7.7409607E-011
5.813	8.1239557E-011
5.814	8.4669126E-011
5.815	8.7502582E-011
5.816	8.9577679E-011
5.817	9.0774381E-011
5.818	9.1021309E-011
5.819	9.0299324E-011
5.82	8.8642628E-011
5.821	8.6136459E-011
5.822	8.2912295E-011
5.823	7.9140410E-011
5.824	7.5020407E-011
5.825	7.0770036E-011
5.826	6.6613375E-011
5.827	6.2768221E-011
5.828	5.9434471E-011
5.829	5.6782960E-011
5.83	5.4946346E-011
5.831	5.4011958E-011
5.832	5.4017221E-011
5.833	5.4947831E-011
5.834	5.6738711E-011
5.835	5.9277881E-011
5.836	6.2412867E-011
5.837	6.5959162E-011
5.838	6.9710619E-011
5.839	7.3450815E-011
5.84	7.6965122E-011
5.841	8.0052270E-011
5.842	8.2535492E-011
5.843	8.4271957E-011
5.844	8.5160511E-011
5.845	8.5146910E-011
5.846	8.4226619E-011
5.847	8.2444725E-011
5.848	7.9893273E-011
5.849	7.6706003E-011
5.85	7.3050732E-011
5.851	6.9120168E-011
5.852	6.5121047E-011
5.853	6.1262974E-011
5.854	5.7746721E-011
5.855	5.4753330E-011
5.856	5.2434224E-011
5.857	5.0903125E-011
5.858	5.0229890E-011
5.859	5.0436953E-011
5.86	5.1498319E-011
5.861	5.3341258E-011
5.862	5.5850623E-011
5.863	5.8875349E-011
5.864	6.2236966E-011
5.865	6.5739601E-011
5.866	6.9180765E-011
5.867	7.2362380E-011
5.868	7.5101807E-011
5.869	7.7241491E-011
5.87	7.8657553E-011
5.871	7.9266517E-011
5.872	7.9029318E-011
5.873	7.7953616E-011
5.874	7.6092931E-011
5.875	7.3543477E-011
5.876	7.0438634E-011
5.877	6.6941654E-011
5.878	6.3236236E-011
5.879	5.9516531E-011
5.88	5.5976453E-011
5.881	5.2798970E-011
5.882	5.0146155E-011
5.883	4.8150567E-011
5.884	4.6907988E-011
5.885	4.6472506E-011
5.886	4.6853708E-011
5.887	4.8016379E-011
5.888	4.9882685E-011
5.889	5.2336621E-011
5.89	5.5230581E-011
5.891	5.8393658E-011
5.892	6.1641067E-011
5.893	6.4784518E-011
5.894	6.7642461E-011
5.895	7.0050125E-011
5.896	7.1868358E-011
5.897	7.2991266E-011
5.898	7.3351748E-011
5.899	7.2924805E-011
5.9	7.1728873E-011
5.901	6.9824334E-011
5.902	6.7310095E-011
5.903	6.4317850E-011
5.904	6.1004653E-011
5.905	5.7544129E-011
5.906	5.4116989E-011
5.907	5.0900912E-011
5.908	4.8061024E-011
5.909	4.5740765E-011
5.91	4.4054371E-011
5.911	4.3080654E-011
5.912	4.2859008E-011
5.913	4.3387398E-011
5.914	4.4622792E-011
5.915	4.6483702E-011
5.916	4.8854885E-011
5.917	5.1593813E-011
5.918	5.4538672E-011
5.919	5.7517366E-011
5.92	6.0356942E-011
5.921	6.2893114E-011
5.922	6.4979279E-011
5.923	6.6494359E-011
5.924	6.7349314E-011
5.925	6.7491915E-011
5.926	6.6909270E-011
5.927	6.5628329E-011
5.928	6.3714180E-011
5.929	6.1266221E-011
5.93	5.8412511E-011
5.931	5.5302561E-011
5.932	5.2099009E-011
5.933	4.8968607E-011
5.934	4.6073055E-011
5.935	4.3560249E-011
5.936	4.1556168E-011
5.937	4.0158144E-011
5.938	3.9429734E-011
5.939	3.9397423E-011
5.94	4.0049408E-011
5.941	4.1336483E-011
5.942	4.3174984E-011
5.943	4.5451577E-011
5.944	4.8029612E-011
5.945	5.0756864E-011
5.946	5.3473868E-011
5.947	5.6022745E-011
5.948	5.8255789E-011
5.949	6.0043651E-011
5.95	6.1282049E-011
5.951	6.1897584E-011
5.952	6.1851496E-011
5.953	6.1141425E-011
5.954	5.9801553E-011
5.955	5.7900334E-011
5.956	5.5536548E-011
5.957	5.2833741E-011
5.958	4.9933249E-011
5.959	4.6986342E-011
5.96	4.4145895E-011
5.961	4.1557938E-011
5.962	3.9353760E-011
5.963	3.7642799E-011
5.964	3.6506780E-011
5.965	3.5995398E-011
5.966	3.6123847E-011
5.967	3.6872162E-011
5.968	3.8186568E-011
5.969	3.9982621E-011
5.97	4.2150044E-011
5.971	4.4558923E-011
5.972	4.7066975E-011
5.973	4.9527389E-011
5.974	5.1796966E-011
5.975	5.3743891E-011
5.976	5.5254898E-011
5.977	5.6241390E-011
5.978	5.6644085E-011
5.979	5.6436130E-011
5.98	5.5624311E-011
5.981	5.4248495E-011
5.982	5.2379184E-011
5.983	5.0113535E-011
5.984	4.7569792E-011
5.985	4.4880724E-011
5.986	4.2186213E-011
5.987	3.9625570E-011
5.988	3.7329879E-011
5.989	3.5414897E-011
5.99	3.3974691E-011
5.991	3.3076736E-011
5.992	3.2758303E-011
5.993	3.3024659E-011
5.994	3.3848951E-011
5.995	3.5173933E-011
5.996	3.6915280E-011
5.997	3.8966452E-011
5.998	4.1204647E-011
5.999	4.3497667E-011
6	4.5711237E-011
6.001	4.7716373E-011
6.002	4.9396411E-011
6.003	5.0653304E-011
6.004	5.1412860E-011
6.005	5.1628694E-011
6.006	5.1284491E-011
6.007	5.0394737E-011
6.008	4.9003728E-011
6.009	4.7182938E-011
6.01	4.5026906E-011
6.011	4.2647944E-011
6.012	4.0169878E-011
6.013	3.7721146E-011
6.014	3.5427775E-011
6.015	3.3406514E-011
6.016	3.1758408E-011
6.017	3.0563444E-011
6.018	2.9876230E-011
6.019	2.9723210E-011
6.02	3.0101345E-011
6.021	3.0978487E-011
6.022	3.2295330E-011
6.023	3.3968842E-011
6.024	3.5896966E-011
6.025	3.7964402E-011
6.026	4.0048961E-011
6.027	4.2028360E-011
6.028	4.3786950E-011
6.029	4.5222000E-011
6.03	4.6249237E-011
6.031	4.6807395E-011
6.032	4.6861359E-011
6.033	4.6403947E-011
6.034	4.5456063E-011
6.035	4.4065473E-011
6.036	4.2303893E-011
6.037	4.0262883E-011
6.038	3.8048804E-011
6.039	3.5776805E-011
6.04	3.3564443E-011
6.041	3.1525251E-011
6.042	2.9762543E-011
6.043	2.8363770E-011
6.044	2.7395843E-011
6.045	2.6901589E-011
6.046	2.6897543E-011
6.047	2.7373236E-011
6.048	2.8291905E-011
6.049	2.9592714E-011
6.05	3.1194259E-011
6.051	3.2999187E-011
6.052	3.4899632E-011
6.053	3.6783330E-011
6.054	3.8539637E-011
6.055	4.0065794E-011
6.056	4.1272340E-011
6.057	4.2088062E-011
6.058	4.2463658E-011
6.059	4.2374368E-011
6.06	4.1821133E-011
6.061	4.0830332E-011
6.062	3.9452257E-011
6.063	3.7758054E-011
6.064	3.5835744E-011
6.065	3.3785277E-011
6.066	3.1712945E-011
6.067	2.9725500E-011
6.068	2.7924330E-011
6.069	2.6399893E-011
6.07	2.5226890E-011
6.071	2.4460253E-011
6.072	2.4132293E-011
6.073	2.4251077E-011
6.074	2.4800131E-011
6.075	2.5739489E-011
6.076	2.7008078E-011
6.077	2.8527158E-011
6.078	3.0204780E-011
6.079	3.1940901E-011
6.08	3.3632971E-011
6.081	3.5181497E-011
6.082	3.6495629E-011
6.083	3.7497953E-011
6.084	3.8128806E-011
6.085	3.8349310E-011
6.086	3.8143485E-011
6.087	3.7518901E-011
6.088	3.6506128E-011
6.089	3.5156874E-011
6.09	3.3541028E-011
6.091	3.1742661E-011
6.092	2.9855271E-011
6.093	2.7976664E-011
6.094	2.6203460E-011
6.095	2.4625874E-011
6.096	2.3322760E-011
6.097	2.2357357E-011
6.098	2.1773970E-011
6.099	2.1595628E-011
6.1	2.1822941E-011
6.101	2.2434254E-011
6.102	2.3386959E-011
6.103	2.4619971E-011
6.104	2.6057212E-011
6.105	2.7611899E-011
6.106	2.9191378E-011
6.107	3.0702291E-011
6.108	3.2055705E-011
6.109	3.3171937E-011
6.11	3.3984981E-011
6.111	3.4445904E-011
6.112	3.4525535E-011
6.113	3.4215891E-011
6.114	3.3530453E-011
6.115	3.2503264E-011
6.116	3.1186987E-011
6.117	2.9649797E-011
6.118	2.7971556E-011
6.119	2.6239377E-011
6.12	2.4542724E-011
6.121	2.2968525E-011
6.122	2.1596391E-011
6.123	2.0494285E-011
6.124	1.9714898E-011
6.125	1.9292828E-011
6.126	1.9242786E-011
6.127	1.9558986E-011
6.128	2.0215529E-011
6.129	2.1168010E-011
6.13	2.2356049E-011
6.131	2.3706741E-011
6.132	2.5138761E-011
6.133	2.6566830E-011
6.134	2.7906517E-011
6.135	2.9078824E-011
6.136	3.0014512E-011
6.137	3.0657841E-011
6.138	3.0969557E-011
6.139	3.0928968E-011
6.14	3.0534894E-011
6.141	2.9805679E-011
6.142	2.8777959E-011
6.143	2.7504660E-011
6.144	2.6051805E-011
6.145	2.4494908E-011
6.146	2.2914733E-011
6.147	2.1392761E-011
6.148	2.0006777E-011
6.149	1.8826536E-011
6.15	1.7910021E-011
6.151	1.7300310E-011
6.152	1.7023305E-011
6.153	1.7086402E-011
6.154	1.7478239E-011
6.155	1.8169433E-011
6.156	1.9114293E-011
6.157	2.0253504E-011
6.158	2.1517449E-011
6.159	2.2830120E-011
6.16	2.4113373E-011
6.161	2.5291210E-011
6.162	2.6293990E-011
6.163	2.7062188E-011
6.164	2.7549614E-011
6.165	2.7725865E-011
6.166	2.7577900E-011
6.167	2.7110652E-011
6.168	2.6346619E-011
6.169	2.5324517E-011
6.17	2.4097054E-011
6.171	2.2727931E-011
6.172	2.1288230E-011
6.173	1.9852479E-011
6.174	1.8494518E-011
6.175	1.7283397E-011
6.176	1.6279632E-011
6.177	1.5531928E-011
6.178	1.5074553E-011
6.179	1.4925552E-011
6.18	1.5085903E-011
6.181	1.5539511E-011
6.182	1.6254264E-011
6.183	1.7183897E-011
6.184	1.8270588E-011
6.185	1.9448280E-011
6.186	2.0646327E-011
6.187	2.1793425E-011
6.188	2.2821562E-011
6.189	2.3669752E-011
6.19	2.4287326E-011
6.191	2.4636687E-011
6.192	2.4695305E-011
6.193	2.4456860E-011
6.194	2.3931470E-011
6.195	2.3145050E-011
6.196	2.2137764E-011
6.197	2.0961703E-011
6.198	1.9677961E-011
6.199	1.8353177E-011
6.2	1.7055839E-011
6.201	1.5852507E-011
6.202	1.4804115E-011
6.203	1.3962702E-011
6.204	1.3368537E-011
6.205	1.3048023E-011
6.206	1.3012293E-011
6.207	1.3256701E-011
6.208	1.3761174E-011
6.209	1.4491413E-011
6.21	1.5400885E-011
6.211	1.6433457E-011
6.212	1.7526562E-011
6.213	1.8614707E-011
6.214	1.9633090E-011
6.215	2.0521196E-011
6.216	2.1226106E-011
6.217	2.1705368E-011
6.218	2.1929271E-011
6.219	2.1882435E-011
6.22	2.1564519E-011
6.221	2.0990187E-011
6.222	2.0188216E-011
6.223	1.9199736E-011
6.224	1.8075990E-011
6.225	1.6875364E-011
6.226	1.5660140E-011
6.227	1.4493057E-011
6.228	1.3433807E-011
6.229	1.2535779E-011
6.23	1.1843144E-011
6.231	1.1388477E-011
6.232	1.1191013E-011
6.233	1.1255679E-011
6.234	1.1572875E-011
6.235	1.2119134E-011
6.236	1.2858447E-011
6.237	1.3744362E-011
6.238	1.4722610E-011
6.239	1.5734134E-011
6.24	1.6718418E-011
6.241	1.7616811E-011
6.242	1.8375780E-011
6.243	1.8949840E-011
6.244	1.9304005E-011
6.245	1.9415683E-011
6.246	1.9275831E-011
6.247	1.8889397E-011
6.248	1.8274980E-011
6.249	1.7463690E-011
6.25	1.6497345E-011
6.251	1.5426152E-011
6.252	1.4305820E-011
6.253	1.3194455E-011
6.254	1.2149337E-011
6.255	1.1223746E-011
6.256	1.0464054E-011
6.257	9.9071992E-012
6.258	9.5786972E-012
6.259	9.4913018E-012
6.26	9.6443773E-012
6.261	1.0024007E-011
6.262	1.0603829E-011
6.263	1.1346566E-011
6.264	1.2206135E-011
6.265	1.3130253E-011
6.266	1.4063369E-011
6.267	1.4949743E-011
6.268	1.5736553E-011
6.269	1.6376780E-011
6.27	1.6831826E-011
6.271	1.7073535E-011
6.272	1.7085767E-011
6.273	1.6865167E-011
6.274	1.6421297E-011
6.275	1.5776028E-011
6.276	1.4962264E-011
6.277	1.4022066E-011
6.278	1.3004263E-011
6.279	1.1961733E-011
6.28	1.0948463E-011
6.281	1.0016547E-011
6.282	9.2133419E-012
6.283	8.5788694E-012
6.284	8.1436212E-012
6.285	7.9269603E-012
6.286	7.9360572E-012
6.287	8.1655793E-012
6.288	8.5980294E-012
6.289	9.2047646E-012
6.29	9.9476529E-012
6.291	1.0781203E-011
6.292	1.1655157E-011
6.293	1.2517275E-011
6.294	1.3316247E-011
6.295	1.4004528E-011
6.296	1.4540941E-011
6.297	1.4892945E-011
6.298	1.5038337E-011
6.299	1.4966495E-011
6.3	1.4678835E-011
6.301	1.4188732E-011
6.302	1.3520698E-011
6.303	1.2708988E-011
6.304	1.1795650E-011
6.305	1.0828178E-011
6.306	9.8568549E-012
6.307	8.9319611E-012
6.308	8.1010068E-012
6.309	7.4061018E-012
6.31	6.8816649E-012
6.311	6.5525666E-012
6.312	6.4327892E-012
6.313	6.5247118E-012
6.314	6.8190367E-012
6.315	7.2953544E-012
6.316	7.9233096E-012
6.317	8.6643297E-012
6.318	9.4737829E-012
6.319	1.0303461E-011
6.32	1.1104252E-011
6.321	1.1828861E-011
6.322	1.2434408E-011
6.323	1.2884754E-011
6.324	1.3152486E-011
6.325	1.3220383E-011
6.326	1.3082329E-011
6.327	1.2743586E-011
6.328	1.2220475E-011
6.329	1.1539433E-011
6.33	1.0735504E-011
6.331	9.8503792E-012
6.332	8.9300876E-012
6.333	8.0224299E-012
6.334	7.1743618E-012
6.335	6.4294017E-012
6.336	5.8252665E-012
6.337	5.3918272E-012
6.338	5.1495032E-012
6.339	5.1081856E-012
6.34	5.2667350E-012
6.341	5.6130968E-012
6.342	6.1249911E-012
6.343	6.7711873E-012
6.344	7.5132296E-012
6.345	8.3075864E-012
6.346	9.1080355E-012
6.347	9.8682191E-012
6.348	1.0544188E-011
6.349	1.1096795E-011
6.35	1.1493851E-011
6.351	1.1711839E-011
6.352	1.1737230E-011
6.353	1.1567148E-011
6.354	1.1209515E-011
6.355	1.0682547E-011
6.356	1.0013678E-011
6.357	9.2379914E-012
6.358	8.3961935E-012
6.359	7.5323150E-012
6.36	6.6912621E-012
6.361	5.9163633E-012
6.362	5.2470632E-012
6.363	4.7168987E-012
6.364	4.3518258E-012
6.365	4.1689902E-012
6.366	4.1759486E-012
6.367	4.3703600E-012
6.368	4.7401453E-012
6.369	5.2641199E-012
6.37	5.9130509E-012
6.371	6.6511349E-012
6.372	7.4378455E-012
6.373	8.2300390E-012
6.374	8.9842682E-012
6.375	9.6591268E-012
6.376	1.0217511E-011
6.377	1.0628661E-011
6.378	1.0869853E-011
6.379	1.0927644E-011
6.38	1.0798575E-011
6.381	1.0489355E-011
6.382	1.0016397E-011
6.383	9.4048849E-012
6.384	8.6872783E-012
6.385	7.9014711E-012
6.386	7.0886656E-012
6.387	6.2911148E-012
6.388	5.5499082E-012
6.389	4.9029205E-012
6.39	4.3830365E-012
6.391	4.0167314E-012
6.392	3.8230127E-012
6.393	3.8127262E-012
6.394	3.9881965E-012
6.395	4.3431886E-012
6.396	4.8631637E-012
6.397	5.5258597E-012
6.398	6.3021962E-012
6.399	7.1575254E-012
6.4	8.0531805E-012
6.401	8.9483143E-012
6.402	9.8018650E-012
6.403	1.0574605E-011
6.404	1.1231100E-011
6.405	1.1741451E-011
6.406	1.2082771E-011
6.407	1.2240273E-011
6.408	1.2207962E-011
6.409	1.1988899E-011
6.41	1.1595087E-011
6.411	1.1046938E-011
6.412	1.0372444E-011
6.413	9.6060581E-012
6.414	8.7873112E-012
6.415	7.9593233E-012
6.416	7.1671345E-012
6.417	6.4560462E-012
6.418	5.8699239E-012
6.419	5.4495826E-012
6.42	5.2312538E-012
6.421	5.2451949E-012
6.422	5.5144682E-012
6.423	6.0539104E-012
6.424	6.8693163E-012
6.425	7.9568600E-012
6.426	9.3027756E-012
6.427	1.0883253E-011
6.428	1.2664690E-011
6.429	1.4604181E-011
6.43	1.6650369E-011
6.431	1.8744627E-011
6.432	2.0822585E-011
6.433	2.2816114E-011
6.434	2.4655613E-011
6.435	2.6272798E-011
6.436	2.7603838E-011
6.437	2.8592850E-011
6.438	2.9195750E-011
6.439	2.9384353E-011
6.44	2.9150602E-011
6.441	2.8510787E-011
6.442	2.7509705E-011
6.443	2.6224424E-011
6.444	2.4767612E-011
6.445	2.3290047E-011
6.446	2.1982308E-011
6.447	2.1075273E-011
6.448	2.0839297E-011
6.449	2.1581920E-011
6.45	2.3643986E-011
6.451	2.7394082E-011
6.452	3.3221197E-011
6.453	4.1525880E-011
6.454	5.2709680E-011
6.455	6.7163379E-011
6.456	8.5254095E-011
6.457	1.0731163E-010
6.458	1.3361447E-010
6.459	1.6437585E-010
6.46	1.9973050E-010
6.461	2.3972241E-010
6.462	2.8429389E-010
6.463	3.3327704E-010
6.464	3.8638795E-010
6.465	4.4322268E-010
6.466	5.0325832E-010
6.467	5.6585597E-010
6.468	6.3026834E-010
6.469	6.9565148E-010
6.47	7.6107876E-010
6.471	8.2555945E-010
6.472	8.8806018E-010
6.473	9.4752794E-010
6.474	1.0029156E-009
6.475	1.0532087E-009
6.476	1.0974525E-009
6.477	1.1347757E-009
6.478	1.1644188E-009
6.479	1.1857532E-009
6.48	1.1983013E-009
6.481	1.2017544E-009
6.482	1.1959781E-009
6.483	1.1810246E-009
6.484	1.1571299E-009
6.485	1.1247115E-009
6.486	1.0843576E-009
6.487	1.0368140E-009
6.488	9.8296504E-010
6.489	9.2381081E-010
6.49	8.6043972E-010
6.491	7.9400098E-010
6.492	7.2567374E-010
6.493	6.5663530E-010
6.494	5.8803146E-010
6.495	5.2094801E-010
6.496	4.5638346E-010
6.497	3.9522693E-010
6.498	3.3823891E-010
6.499	2.8603642E-010
6.5	2.3908334E-010
6.501	1.9768526E-010
6.502	1.6198902E-010
6.503	1.3198792E-010
6.504	1.0753091E-010
6.505	8.8335915E-011
6.506	7.4007273E-011
6.507	6.4055670E-011
6.508	5.7920266E-011
6.509	5.4992160E-011
6.51	5.4637909E-011
6.511	5.6222606E-011
6.512	5.9131575E-011
6.513	6.2789808E-011
6.514	6.6678683E-011
6.515	7.0349518E-011
6.516	7.3433370E-011
6.517	7.5647308E-011
6.518	7.6796680E-011
6.519	7.6773782E-011
6.52	7.5553258E-011
6.521	7.3184236E-011
6.522	6.9780300E-011
6.523	6.5507141E-011
6.524	6.0569279E-011
6.525	5.5195834E-011
6.526	4.9626601E-011
6.527	4.4098541E-011
6.528	3.8833582E-011
6.529	3.4028100E-011
6.53	2.9844318E-011
6.531	2.6404171E-011
6.532	2.3785422E-011
6.533	2.2020398E-011
6.534	2.1096966E-011
6.535	2.0961788E-011
6.536	2.1525367E-011
6.537	2.2668711E-011
6.538	2.4251106E-011
6.539	2.6118543E-011
6.54	2.8112384E-011
6.541	3.0077819E-011
6.542	3.1871665E-011
6.543	3.3369162E-011
6.544	3.4469507E-011
6.545	3.5099826E-011
6.546	3.5217537E-011
6.547	3.4811074E-011
6.548	3.3898807E-011
6.549	3.2526669E-011
6.55	3.0764290E-011
6.551	2.8700172E-011
6.552	2.6436030E-011
6.553	2.4080756E-011
6.554	2.1744224E-011
6.555	1.9531338E-011
6.556	1.7536616E-011
6.557	1.5839495E-011
6.558	1.4500679E-011
6.559	1.3559626E-011
6.56	1.3033236E-011
6.561	1.2915824E-011
6.562	1.3180273E-011
6.563	1.3780295E-011
6.564	1.4653641E-011
6.565	1.5726006E-011
6.566	1.6915488E-011
6.567	1.8137261E-011
6.568	1.9308210E-011
6.569	2.0351368E-011
6.57	2.1199828E-011
6.571	2.1800013E-011
6.572	2.2114074E-011
6.573	2.2121405E-011
6.574	2.1819147E-011
6.575	2.1221795E-011
6.576	2.0359752E-011
6.577	1.9277234E-011
6.578	1.8029366E-011
6.579	1.6678858E-011
6.58	1.5292358E-011
6.581	1.3936665E-011
6.582	1.2675127E-011
6.583	1.1564267E-011
6.584	1.0650900E-011
6.585	9.9698904E-012
6.586	9.5425742E-012
6.587	9.3759913E-012
6.588	9.4629148E-012
6.589	9.7826140E-012
6.59	1.0302399E-011
6.591	1.0979693E-011
6.592	1.1764637E-011
6.593	1.2603005E-011
6.594	1.3439265E-011
6.595	1.4219658E-011
6.596	1.4895057E-011
6.597	1.5423555E-011
6.598	1.5772514E-011
6.599	1.5920138E-011
6.6	1.5856365E-011
6.601	1.5583123E-011
6.602	1.5113905E-011
6.603	1.4472752E-011
6.604	1.3692681E-011
6.605	1.2813641E-011
6.606	1.1880168E-011
6.607	1.0938836E-011
6.608	1.0035639E-011
6.609	9.2134989E-012
6.61	8.5099601E-012
6.611	7.9552857E-012
6.612	7.5709196E-012
6.613	7.3685840E-012
6.614	7.3497953E-012
6.615	7.5060600E-012
6.616	7.8195488E-012
6.617	8.2642938E-012
6.618	8.8077766E-012
6.619	9.4128559E-012
6.62	1.0039909E-011
6.621	1.0649027E-011
6.622	1.1202224E-011
6.623	1.1665469E-011
6.624	1.2010459E-011
6.625	1.2216046E-011
6.626	1.2269265E-011
6.627	1.2165848E-011
6.628	1.1910288E-011
6.629	1.1515421E-011
6.63	1.1001537E-011
6.631	1.0395115E-011
6.632	9.7272537E-012
6.633	9.0318655E-012
6.634	8.3437693E-012
6.635	7.6967512E-012
6.636	7.1217424E-012
6.637	6.6451645E-012
6.638	6.2875837E-012
6.639	6.0626820E-012
6.64	5.9766385E-012
6.641	6.0279312E-012
6.642	6.2075605E-012
6.643	6.4996832E-012
6.644	6.8825943E-012
6.645	7.3300402E-012
6.646	7.8127383E-012
6.647	8.3000265E-012
6.648	8.7615921E-012
6.649	9.1691316E-012
6.65	9.4978504E-012
6.651	9.7277906E-012
6.652	9.8448255E-012
6.653	9.8413205E-012
6.654	9.7164646E-012
6.655	9.4761681E-012
6.656	9.1326252E-012
6.657	8.7035466E-012
6.658	8.2110716E-012
6.659	7.6804830E-012
6.66	7.1387748E-012
6.661	6.6131172E-012
6.662	6.1293774E-012
6.663	5.7107075E-012
6.664	5.3763218E-012
6.665	5.1405022E-012
6.666	5.0118958E-012
6.667	4.9931361E-012
6.668	5.0807908E-012
6.669	5.2656590E-012
6.67	5.5333615E-012
6.671	5.8652254E-012
6.672	6.2393736E-012
6.673	6.6319784E-012
6.674	7.0186075E-012
6.675	7.3755654E-012
6.676	7.6811968E-012
6.677	7.9170333E-012
6.678	8.0687679E-012
6.679	8.1269678E-012
6.68	8.0875168E-012
6.681	7.9517773E-012
6.682	7.7263890E-012
6.683	7.4228705E-012
6.684	7.0568703E-012
6.685	6.6472617E-012
6.686	6.2150450E-012
6.687	5.7821673E-012
6.688	5.3703001E-012
6.689	4.9996548E-012
6.69	4.6878994E-012
6.691	4.4492231E-012
6.692	4.2936115E-012
6.693	4.2263627E-012
6.694	4.2478620E-012
6.695	4.3536260E-012
6.696	4.5346218E-012
6.697	4.7778222E-012
6.698	5.0669742E-012
6.699	5.3835426E-012
6.7	5.7077594E-012
6.701	6.0197246E-012
6.702	6.3005222E-012
6.703	6.5332232E-012
6.704	6.7038168E-012
6.705	6.8019223E-012
6.706	6.8213174E-012
6.707	6.7602187E-012
6.708	6.6213111E-012
6.709	6.4115367E-012
6.71	6.1416549E-012
6.711	5.8255987E-012
6.712	5.4796541E-012
6.713	5.1215377E-012
6.714	4.7694149E-012
6.715	4.4408743E-012
6.716	4.1519965E-012
6.717	3.9164687E-012
6.718	3.7448755E-012
6.719	3.6441627E-012
6.72	3.6172922E-012
6.721	3.6631475E-012
6.722	3.7766361E-012
6.723	3.9490338E-012
6.724	4.1685019E-012
6.725	4.4207832E-012
6.726	4.6900162E-012
6.727	4.9596226E-012
6.728	5.2132296E-012
6.729	5.4355717E-012
6.73	5.6133058E-012
6.731	5.7357326E-012
6.732	5.7953373E-012
6.733	5.7881764E-012
6.734	5.7140351E-012
6.735	5.5763996E-012
6.736	5.3822172E-012
6.737	5.1414632E-012
6.738	4.8665681E-012
6.739	4.5716820E-012
6.74	4.2718984E-012
6.741	3.9823934E-012
6.742	3.7176078E-012
6.743	3.4904464E-012
6.744	3.3116034E-012
6.745	3.1889890E-012
6.746	3.1273371E-012
6.747	3.1279816E-012
6.748	3.1888233E-012
6.749	3.3044867E-012
6.75	3.4666551E-012
6.751	3.6645643E-012
6.752	3.8856223E-012
6.753	4.1161219E-012
6.754	4.3420142E-012
6.755	4.5496783E-012
6.756	4.7266735E-012
6.757	4.8624047E-012
6.758	4.9486856E-012
6.759	4.9801547E-012
6.76	4.9545459E-012
6.761	4.8727602E-012
6.762	4.7387862E-012
6.763	4.5594401E-012
6.764	4.3439610E-012
6.765	4.1034719E-012
6.766	3.8503424E-012
6.767	3.5975029E-012
6.768	3.3577212E-012
6.769	3.1429076E-012
6.77	2.9634702E-012
6.771	2.8277543E-012
6.772	2.7416186E-012
6.773	2.7081297E-012
6.774	2.7274322E-012
6.775	2.7967724E-012
6.776	2.9106832E-012
6.777	3.0613147E-012
6.778	3.2388948E-012
6.779	3.4322877E-012
6.78	3.6296244E-012
6.781	3.8189616E-012
6.782	3.9889442E-012
6.783	4.1294095E-012
6.784	4.2319499E-012
6.785	4.2903450E-012
6.786	4.3008735E-012
6.787	4.2624966E-012
6.788	4.1768841E-012
6.789	4.0482843E-012
6.79	3.8832687E-012
6.791	3.6903427E-012
6.792	3.4794563E-012
6.793	3.2614386E-012
6.794	3.0474028E-012
6.795	2.8481215E-012
6.796	2.6734491E-012
6.797	2.5317849E-012
6.798	2.4296318E-012
6.799	2.3712542E-012
6.8	2.3584754E-012
6.801	2.3905962E-012
6.802	2.4644648E-012
6.803	2.5746729E-012
6.804	2.7138803E-012
6.805	2.8732346E-012
6.806	3.0428795E-012
6.807	3.2125032E-012
6.808	3.3719128E-012
6.809	3.5115927E-012
6.81	3.6232196E-012
6.811	3.7001088E-012
6.812	3.7375593E-012
6.813	3.7330967E-012
6.814	3.6865749E-012
6.815	3.6001653E-012
6.816	3.4782123E-012
6.817	3.3269752E-012
6.818	3.1542531E-012
6.819	2.9689539E-012
6.82	2.7805891E-012
6.821	2.5987413E-012
6.822	2.4325424E-012
6.823	2.2901735E-012
6.824	2.1784241E-012
6.825	2.1023359E-012
6.826	2.0649411E-012
6.827	2.0671195E-012
6.828	2.1075680E-012
6.829	2.1829001E-012
6.83	2.2878511E-012
6.831	2.4155860E-012
6.832	2.5580944E-012
6.833	2.7066403E-012
6.834	2.8522525E-012
6.835	2.9862187E-012
6.836	3.1005662E-012
6.837	3.1884862E-012
6.838	3.2446990E-012
6.839	3.2657286E-012
6.84	3.2500701E-012
6.841	3.1982557E-012
6.842	3.1127963E-012
6.843	2.9980309E-012
6.844	2.8598636E-012
6.845	2.7054281E-012
6.846	2.5426820E-012
6.847	2.3799673E-012
6.848	2.2255424E-012
6.849	2.0871365E-012
6.85	1.9715273E-012
6.851	1.8841773E-012
6.852	1.8289452E-012
6.853	1.8078913E-012
6.854	1.8211762E-012
6.855	1.8670759E-012
6.856	1.9420915E-012
6.857	2.0411585E-012
6.858	2.1579444E-012
6.859	2.2852072E-012
6.86	2.4152054E-012
6.861	2.5401270E-012
6.862	2.6525221E-012
6.863	2.7457082E-012
6.864	2.8141291E-012
6.865	2.8536509E-012
6.866	2.8617709E-012
6.867	2.8377418E-012
6.868	2.7825916E-012
6.869	2.6990517E-012
6.87	2.5913896E-012
6.871	2.4651557E-012
6.872	2.3268716E-012
6.873	2.1836558E-012
6.874	2.0428351E-012
6.875	1.9115341E-012
6.876	1.7962911E-012
6.877	1.7027002E-012
6.878	1.6351165E-012
6.879	1.5964277E-012
6.88	1.5879119E-012
6.881	1.6091793E-012
6.882	1.6582118E-012
6.883	1.7314904E-012
6.884	1.8242027E-012
6.885	1.9305191E-012
6.886	2.0439258E-012
6.887	2.1575873E-012
6.888	2.2647266E-012
6.889	2.3589962E-012
6.89	2.4348271E-012
6.891	2.4877249E-012
6.892	2.5145125E-012
6.893	2.5134918E-012
6.894	2.4845293E-012
6.895	2.4290426E-012
6.896	2.3499106E-012
6.897	2.2512914E-012
6.898	2.1383728E-012
6.899	2.0170640E-012
6.9	1.8936519E-012
6.901	1.7744424E-012
6.902	1.6654109E-012
6.903	1.5718839E-012
6.904	1.4982647E-012
6.905	1.4478243E-012
6.906	1.4225508E-012
6.907	1.4230698E-012
6.908	1.4486315E-012
6.909	1.4971625E-012
6.91	1.5653783E-012
6.911	1.6489555E-012
6.912	1.7427613E-012
6.913	1.8411227E-012
6.914	1.9381411E-012
6.915	2.0280158E-012
6.916	2.1053784E-012
6.917	2.1655971E-012
6.918	2.2050493E-012
6.919	2.2213275E-012
6.92	2.2133803E-012
6.921	2.1815607E-012
6.922	2.1275937E-012
6.923	2.0544530E-012
6.924	1.9661586E-012
6.925	1.8675127E-012
6.926	1.7637891E-012
6.927	1.6604000E-012
6.928	1.5625839E-012
6.929	1.4751143E-012
6.93	1.4020669E-012
6.931	1.3466459E-012
6.932	1.3110734E-012
6.933	1.2965293E-012
6.934	1.3031347E-012
6.935	1.3299680E-012
6.936	1.3751103E-012
6.937	1.4357169E-012
6.938	1.5081310E-012
6.939	1.5880400E-012
6.94	1.6706799E-012
6.941	1.7510870E-012
6.942	1.8243833E-012
6.943	1.8860748E-012
6.944	1.9323410E-012
6.945	1.9602883E-012
6.946	1.9681418E-012
6.947	1.9553645E-012
6.948	1.9226838E-012
6.949	1.8720255E-012
6.95	1.8063658E-012
6.951	1.7294985E-012
6.952	1.6457566E-012
6.953	1.5597034E-012
6.954	1.4758307E-012
6.955	1.3982884E-012
6.956	1.3306739E-012
6.957	1.2758876E-012
6.958	1.2360598E-012
6.959	1.2125267E-012
6.96	1.2058449E-012
6.961	1.2158140E-012
6.962	1.2415056E-012
6.963	1.2812802E-012
6.964	1.3328201E-012
6.965	1.3931751E-012
6.966	1.4588557E-012
6.967	1.5259767E-012
6.968	1.5904588E-012
6.969	1.6482773E-012
6.97	1.6957377E-012
6.971	1.7297449E-012
6.972	1.7480446E-012
6.973	1.7494005E-012
6.974	1.7336895E-012
6.975	1.7019047E-012
6.976	1.6560607E-012
6.977	1.5990144E-012
6.978	1.5342168E-012
6.979	1.4654291E-012
6.98	1.3964323E-012
6.981	1.3307662E-012
6.982	1.2715251E-012
6.983	1.2212257E-012
6.984	1.1817543E-012
6.985	1.1543687E-012
6.986	1.1397474E-012
6.987	1.1380417E-012
6.988	1.1489187E-012
6.989	1.1715773E-012
6.99	1.2047361E-012
6.991	1.2466196E-012
6.992	1.2949532E-012
6.993	1.3470057E-012
6.994	1.3996862E-012
6.995	1.4497094E-012
6.996	1.4938158E-012
6.997	1.5290227E-012
6.998	1.5528813E-012
6.999	1.5636939E-012
7	1.5606760E-012
7.001	1.5440238E-012
7.002	1.5148906E-012
7.003	1.4752653E-012
7.004	1.4277710E-012
7.005	1.3754131E-012
7.006	1.3213073E-012
7.007	1.2684212E-012
7.008	1.2193741E-012
7.009	1.1762968E-012
7.01	1.1407808E-012
7.011	1.1138897E-012
7.012	1.0962254E-012
7.013	1.0880110E-012
7.014	1.0891617E-012
7.015	1.0993272E-012
7.016	1.1178875E-012
7.017	1.1439198E-012
7.018	1.1761478E-012
7.019	1.2129051E-012
7.02	1.2521400E-012
7.021	1.2914834E-012
7.022	1.3283811E-012
7.023	1.3602861E-012
7.024	1.3848859E-012
7.025	1.4003298E-012
7.026	1.4054257E-012
7.027	1.3997680E-012
7.028	1.3837808E-012
7.029	1.3586658E-012
7.03	1.3262593E-012
7.031	1.2888294E-012
7.032	1.2488321E-012
7.033	1.2086745E-012
7.034	1.1705102E-012
7.035	1.1361003E-012
7.036	1.1067463E-012
7.037	1.0832972E-012
7.038	1.0662134E-012
7.039	1.0556551E-012
7.04	1.0515799E-012
7.041	1.0538073E-012
7.042	1.0620472E-012
7.043	1.0758794E-012
7.044	1.0947041E-012
7.045	1.1176750E-012
7.046	1.1436474E-012
7.047	1.1711671E-012
7.048	1.1985143E-012
7.049	1.2238102E-012
7.05	1.2451804E-012
7.051	1.2609448E-012
7.052	1.2698095E-012
7.053	1.2710254E-012
7.054	1.2644803E-012
7.055	1.2507137E-012
7.056	1.2308429E-012
7.057	1.2064191E-012
7.058	1.1792359E-012
7.059	1.1511236E-012
7.06	1.1237621E-012
7.061	1.0985430E-012
7.062	1.0764920E-012
7.063	1.0582585E-012
7.064	1.0441624E-012
7.065	1.0342731E-012
7.066	1.0285056E-012
7.067	1.0266983E-012
7.068	1.0286651E-012
7.069	1.0342071E-012
7.07	1.0430851E-012
7.071	1.0549658E-012
7.072	1.0693588E-012
7.073	1.0855654E-012
7.074	1.1026617E-012
7.075	1.1195252E-012
7.076	1.1349169E-012
7.077	1.1476018E-012
7.078	1.1564932E-012
7.079	1.1607961E-012
7.08	1.1601156E-012
7.081	1.1545131E-012
7.082	1.1444958E-012
7.083	1.1309423E-012
7.084	1.1149756E-012
7.085	1.0978152E-012
7.086	1.0806306E-012
7.087	1.0644175E-012
7.088	1.0499265E-012
7.089	1.0376348E-012
7.09	1.0277677E-012
7.091	1.0203514E-012
7.092	1.0152824E-012
7.093	1.0123962E-012
7.094	1.0115216E-012
7.095	1.0125080E-012
7.096	1.0152289E-012
7.097	1.0195611E-012
7.098	1.0253448E-012
7.099	1.0323428E-012
7.1	1.0402058E-012
7.101	1.0484598E-012
7.102	1.0565221E-012
7.103	1.0637476E-012
7.104	1.0695019E-012
7.105	1.0732439E-012
7.106	1.0746065E-012
7.107	1.0734531E-012
7.108	1.0698981E-012
7.109	1.0642885E-012
7.11	1.0571482E-012
7.111	1.0490973E-012
7.112	1.0407651E-012
7.113	1.0327117E-012
7.114	1.0253727E-012
7.115	1.0190331E-012
7.116	1.0138288E-012
7.117	1.0097704E-012
7.118	1.0067805E-012
7.119	1.0047329E-012
7.12	1.0034877E-012
7.121	1.0029157E-012
7.122	1.0029115E-012
7.123	1.0033945E-012
7.124	1.0043011E-012
7.125	1.0055707E-012
7.126	1.0071330E-012
7.127	1.0088935E-012
7.128	1.0107308E-012
7.129	1.0124992E-012
7.13	1.0140413E-012
7.131	1.0152069E-012
7.132	1.0158753E-012
7.133	1.0159746E-012
7.134	1.0154938E-012
7.135	1.0144844E-012
7.136	1.0130514E-012
7.137	1.0113351E-012
7.138	1.0094886E-012
7.139	1.0076558E-012
7.14	1.0059536E-012
7.141	1.0044622E-012
7.142	1.0032235E-012
7.143	1.0022443E-012
7.144	1.0015060E-012
7.145	1.0009738E-012
7.146	1.0006069E-012
7.147	1.0003645E-012
7.148	1.0002109E-012
7.149	1.0001175E-012
7.15	1.0000631E-012
7.151	1.0000326E-012
7.152	1.0000162E-012
7.153	1.0000077E-012
7.154	1.0000035E-012
7.155	1.0000014E-012
7.156	1.0000005E-012
7.157	1.0000001E-012
7.158	9.9999989E-013
7.159	9.9999989E-013
7.16	9.9999978E-013
7.161	9.9999978E-013
7.162	9.9999978E-013
7.163	9.9999978E-013
7.164	9.9999978E-013
7.165	9.9999978E-013
7.166	9.9999978E-013
7.167	9.9999978E-013
7.168	9.9999978E-013
7.169	9.9999978E-013
7.17	9.9999978E-013
7.171	9.9999978E-013
7.172	9.9999978E-013
7.173	9.9999978E-013
7.174	9.9999978E-013
7.175	9.9999978E-013
7.176	9.9999978E-013
7.177	9.9999978E-013
7.178	9.9999978E-013
7.179	9.9999978E-013
7.18	9.9999978E-013
7.181	9.9999978E-013
7.182	9.9999978E-013
7.183	9.9999978E-013
7.184	9.9999978E-013
7.185	9.9999978E-013
7.186	9.9999978E-013
7.187	9.9999978E-013
7.188	9.9999978E-013
7.189	9.9999978E-013
7.19	9.9999978E-013
7.191	9.9999978E-013
7.192	9.9999978E-013
7.193	9.9999978E-013
7.194	9.9999978E-013
7.195	9.9999978E-013
7.196	9.9999978E-013
7.197	9.9999978E-013
7.198	9.9999978E-013
7.199	9.9999978E-013
7.2	9.9999978E-013
7.201	9.9999978E-013
7.202	9.9999978E-013
7.203	9.9999978E-013
7.204	9.9999978E-013
7.205	9.9999978E-013
7.206	9.9999978E-013
7.207	9.9999978E-013
7.208	9.9999978E-013
7.209	9.9999978E-013
7.21	9.9999978E-013
7.211	9.9999978E-013
7.212	9.9999978E-013
7.213	9.9999978E-013
7.214	9.9999978E-013
7.215	9.9999978E-013
7.216	9.9999978E-013
7.217	9.9999978E-013
7.218	9.9999978E-013
7.219	9.9999978E-013
7.22	9.9999978E-013
7.221	9.9999978E-013
7.222	9.9999978E-013
7.223	9.9999978E-013
7.224	9.9999978E-013
7.225	9.9999978E-013
7.226	9.9999978E-013
7.227	9.9999978E-013
7.228	9.9999978E-013
7.229	9.9999978E-013
7.23	9.9999978E-013
7.231	9.9999978E-013
7.232	9.9999978E-013
7.233	9.9999978E-013
7.234	9.9999978E-013
7.235	9.9999978E-013
7.236	9.9999978E-013
7.237	9.9999978E-013
7.238	9.9999978E-013
7.239	9.9999978E-013
7.24	9.9999978E-013
7.241	9.9999978E-013
7.242	9.9999978E-013
7.243	9.9999978E-013
7.244	9.9999978E-013
7.245	9.9999978E-013
7.246	9.9999978E-013
7.247	9.9999978E-013
7.248	9.9999978E-013
7.249	9.9999978E-013
7.25	9.9999978E-013
7.251	9.9999978E-013
7.252	9.9999978E-013
7.253	9.9999989E-013
7.254	1.0000003E-012
7.255	1.0000011E-012
7.256	1.0000032E-012
7.257	1.0000082E-012
7.258	1.0000201E-012
7.259	1.0000467E-012
7.26	1.0001045E-012
7.261	1.0002257E-012
7.262	1.0004706E-012
7.263	1.0009483E-012
7.264	1.0018486E-012
7.265	1.0034875E-012
7.266	1.0063707E-012
7.267	1.0112744E-012
7.268	1.0193383E-012
7.269	1.0321684E-012
7.27	1.0519283E-012
7.271	1.0814028E-012
7.272	1.1240107E-012
7.273	1.1837416E-012
7.274	1.2650071E-012
7.275	1.3723915E-012
7.276	1.5103263E-012
7.277	1.6827071E-012
7.278	1.8924970E-012
7.279	2.1413648E-012
7.28	2.4293937E-012
7.281	2.7549085E-012
7.282	3.1144223E-012
7.283	3.5027131E-012
7.284	3.9130097E-012
7.285	4.3372575E-012
7.286	4.7664407E-012
7.287	5.1909367E-012
7.288	5.6008596E-012
7.289	5.9864158E-012
7.29	6.3382121E-012
7.291	6.6475683E-012
7.292	6.9067777E-012
7.293	7.1093400E-012
7.294	7.2501749E-012
7.295	7.3257633E-012
7.296	7.3342539E-012
7.297	7.2755439E-012
7.298	7.1512401E-012
7.299	6.9646381E-012
7.3	6.7205928E-012
7.301	6.4253676E-012
7.302	7.9198514E-012
7.303	7.8480946E-012
7.304	7.6958483E-012
7.305	7.4661484E-012
7.306	7.1678388E-012
7.307	6.8072384E-012
7.308	6.3934938E-012
7.309	5.9393154E-012
7.31	5.4547339E-012
7.311	4.9536061E-012
7.312	4.4453959E-012
7.313	3.9423586E-012
7.314	3.4555906E-012
7.315	2.9949264E-012
7.316	2.5824102E-012
7.317	2.2206763E-012
7.318	1.9111856E-012
7.319	1.6537574E-012
7.32	1.4449803E-012
7.321	1.2820657E-012
7.322	1.1607629E-012
7.323	1.0774510E-012
7.324	1.0266076E-012
7.325	1.0024708E-012
7.326	1.0024546E-012
7.327	1.0101984E-012
7.328	1.0221059E-012
7.329	1.0365159E-012
7.33	1.0517154E-012
7.331	1.0659483E-012
7.332	1.0776050E-012
7.333	1.0854172E-012
7.334	1.0881807E-012
7.335	1.0881807E-012
7.336	1.0881807E-012
7.337	1.0857260E-012
7.338	1.0779822E-012
7.339	1.0660747E-012
7.34	1.0516647E-012
7.341	1.0364654E-012
7.342	1.0222323E-012
7.343	1.0105756E-012
7.344	1.0027635E-012
7.345	1.0000001E-012
7.346	1.0000001E-012
7.347	1.0000001E-012
7.348	1.0000001E-012
7.349	1.0000001E-012
7.35	1.0000001E-012
7.351	1.0000001E-012
7.352	1.0000001E-012
7.353	1.0000001E-012
7.354	1.0000001E-012
7.355	1.0000001E-012
7.356	1.0000001E-012
7.357	1.0000001E-012
7.358	1.0000001E-012
7.359	1.0000001E-012
7.36	1.0000001E-012
7.361	1.0000001E-012
7.362	1.0000001E-012
7.363	1.0000001E-012
7.364	1.0000001E-012
7.365	1.0000001E-012
7.366	1.0000001E-012
7.367	1.0000001E-012
7.368	1.0000001E-012
7.369	1.0000001E-012
7.37	1.0000001E-012
7.371	1.0000001E-012
7.372	1.0000001E-012
7.373	1.0000001E-012
7.374	1.0000001E-012
7.375	1.0000001E-012
7.376	1.0000001E-012
7.377	1.0000001E-012
7.378	1.0000001E-012
7.379	1.0000001E-012
7.38	1.0000001E-012
7.381	1.0000001E-012
7.382	1.0000001E-012
7.383	1.0000001E-012
7.384	1.0000001E-012
7.385	1.0000001E-012
7.386	1.0000001E-012
7.387	1.0000001E-012
7.388	1.0000001E-012
7.389	1.0000001E-012
7.39	1.0000001E-012
7.391	1.0000001E-012
7.392	1.0000001E-012
7.393	1.0000001E-012
7.394	1.0000001E-012
7.395	1.0000001E-012
7.396	1.0000001E-012
7.397	1.0000001E-012
7.398	1.0000001E-012
7.399	1.0000001E-012
7.4	1.0000001E-012
