theta_deg	R
0.001	9.9985182E-001
0.002	9.9978572E-001
0.003	9.9969101E-001
0.004	9.9955839E-001
0.005	9.9937826E-001
0.006	9.9914157E-001
0.007	9.9884081E-001
0.008	9.9847156E-001
0.009	9.9803412E-001
0.01	9.9753392E-001
0.011	9.9698180E-001
0.012	9.9639267E-001
0.013	9.9578428E-001
0.014	9.9517518E-001
0.015	9.9458188E-001
0.016	9.9401635E-001
0.017	9.9348611E-001
0.018	9.9299324E-001
0.019	9.9253482E-001
0.02	9.9210477E-001
0.021	9.9169546E-001
0.022	9.9129915E-001
0.023	9.9090993E-001
0.024	9.9052262E-001
0.025	9.9013501E-001
0.026	9.8974627E-001
0.027	9.8935574E-001
0.028	9.8896408E-001
0.029	9.8857164E-001
0.03	9.8817819E-001
0.031	9.8778355E-001
0.032	9.8738730E-001
0.033	9.8698872E-001
0.034	9.8658758E-001
0.035	9.8618340E-001
0.036	9.8577654E-001
0.037	9.8536754E-001
0.038	9.8495704E-001
0.039	9.8454612E-001
0.04	9.8413604E-001
0.041	9.8372775E-001
0.042	9.8332167E-001
0.043	9.8291838E-001
0.044	9.8251736E-001
0.045	9.8211765E-001
0.046	9.8171866E-001
0.047	9.8131955E-001
0.048	9.8091865E-001
0.049	9.8051548E-001
0.05	9.8010939E-001
0.051	9.7969961E-001
0.052	9.7928643E-001
0.053	9.7887015E-001
0.054	9.7845107E-001
0.055	9.7803038E-001
0.056	9.7760874E-001
0.057	9.7718710E-001
0.058	9.7676593E-001
0.059	9.7634578E-001
0.06	9.7592616E-001
0.061	9.7550637E-001
0.062	9.7508574E-001
0.063	9.7466326E-001
0.064	9.7423780E-001
0.065	9.7380883E-001
0.066	9.7337586E-001
0.067	9.7293890E-001
0.068	9.7249883E-001
0.069	9.7205621E-001
0.07	9.7161204E-001
0.071	9.7116631E-001
0.072	9.7072041E-001
0.073	9.7027403E-001
0.074	9.6982771E-001
0.075	9.6938103E-001
0.076	9.6893400E-001
0.077	9.6848613E-001
0.078	9.6803719E-001
0.079	9.6758664E-001
0.08	9.6713400E-001
0.081	9.6667844E-001
0.082	9.6621901E-001
0.083	9.6575552E-001
0.084	9.6528661E-001
0.085	9.6481240E-001
0.086	9.6433210E-001
0.087	9.6384627E-001
0.088	9.6335477E-001
0.089	9.6285856E-001
0.09	9.6235842E-001
0.091	9.6185541E-001
0.092	9.6135026E-001
0.093	9.6084428E-001
0.094	9.6033823E-001
0.095	9.5983225E-001
0.096	9.5932680E-001
0.097	9.5882249E-001
0.098	9.5831913E-001
0.099	9.5781654E-001
0.1	9.5731413E-001
0.101	9.5681185E-001
0.102	9.5630872E-001
0.103	9.5580339E-001
0.104	9.5529556E-001
0.105	9.5478398E-001
0.106	9.5426732E-001
0.107	9.5374501E-001
0.108	9.5321637E-001
0.109	9.5268053E-001
0.11	9.5213783E-001
0.111	9.5158815E-001
0.112	9.5103186E-001
0.113	9.5046937E-001
0.114	9.4990104E-001
0.115	9.4932741E-001
0.116	9.4874859E-001
0.117	9.4816411E-001
0.118	9.4757402E-001
0.119	9.4697756E-001
0.12	9.4637376E-001
0.121	9.4576091E-001
0.122	9.4513750E-001
0.123	9.4450063E-001
0.124	9.4384682E-001
0.125	9.4317162E-001
0.126	9.4246936E-001
0.127	9.4173431E-001
0.128	9.4096005E-001
0.129	9.4014239E-001
0.13	9.3927896E-001
0.131	9.3837136E-001
0.132	9.3742675E-001
0.133	9.3645781E-001
0.134	9.3548238E-001
0.135	9.3452179E-001
0.136	9.3359941E-001
0.137	9.3273604E-001
0.138	9.3194878E-001
0.139	9.3124640E-001
0.14	9.3063045E-001
0.141	9.3009359E-001
0.142	9.2962211E-001
0.143	9.2919755E-001
0.144	9.2879933E-001
0.145	9.2840654E-001
0.146	9.2800087E-001
0.147	9.2756712E-001
0.148	9.2709321E-001
0.149	9.2657048E-001
0.15	9.2599410E-001
0.151	9.2536157E-001
0.152	9.2467260E-001
0.153	9.2392933E-001
0.154	9.2313528E-001
0.155	9.2229527E-001
0.156	9.2141503E-001
0.157	9.2050070E-001
0.158	9.1955894E-001
0.159	9.1859508E-001
0.16	9.1761428E-001
0.161	9.1662008E-001
0.162	9.1561562E-001
0.163	9.1460294E-001
0.164	9.1358298E-001
0.165	9.1255569E-001
0.166	9.1152132E-001
0.167	9.1047901E-001
0.168	9.0942758E-001
0.169	9.0836543E-001
0.17	9.0729129E-001
0.171	9.0620309E-001
0.172	9.0509957E-001
0.173	9.0397912E-001
0.174	9.0284127E-001
0.175	9.0168589E-001
0.176	9.0051389E-001
0.177	8.9932621E-001
0.178	8.9812458E-001
0.179	8.9691067E-001
0.18	8.9568496E-001
0.181	8.9444739E-001
0.182	8.9319628E-001
0.183	8.9192873E-001
0.184	8.9064014E-001
0.185	8.8932478E-001
0.186	8.8797683E-001
0.187	8.8658834E-001
0.188	8.8515109E-001
0.189	8.8365507E-001
0.19	8.8208848E-001
0.191	8.8043612E-001
0.192	8.7868023E-001
0.193	8.7679952E-001
0.194	8.7477207E-001
0.195	8.7257636E-001
0.196	8.7019747E-001
0.197	8.6763144E-001
0.198	8.6489153E-001
0.199	8.6201245E-001
0.2	8.5905218E-001
0.201	8.5608965E-001
0.202	8.5321820E-001
0.203	8.5053426E-001
0.204	8.4812403E-001
0.205	8.4605134E-001
0.206	8.4434581E-001
0.207	8.4299999E-001
0.208	8.4196955E-001
0.209	8.4118217E-001
0.21	8.4054852E-001
0.211	8.3997577E-001
0.212	8.3937877E-001
0.213	8.3868909E-001
0.214	8.3785951E-001
0.215	8.3686316E-001
0.216	8.3569169E-001
0.217	8.3434993E-001
0.218	8.3285087E-001
0.219	8.3121139E-001
0.22	8.2944876E-001
0.221	8.2757854E-001
0.222	8.2561296E-001
0.223	8.2356125E-001
0.224	8.2143015E-001
0.225	8.1922376E-001
0.226	8.1694472E-001
0.227	8.1459355E-001
0.228	8.1217122E-001
0.229	8.0967683E-001
0.23	8.0710936E-001
0.231	8.0446804E-001
0.232	8.0175102E-001
0.233	7.9895627E-001
0.234	7.9608196E-001
0.235	7.9312468E-001
0.236	7.9008180E-001
0.237	7.8694916E-001
0.238	7.8372240E-001
0.239	7.8039664E-001
0.24	7.7696669E-001
0.241	7.7342689E-001
0.242	7.6977170E-001
0.243	7.6599544E-001
0.244	7.6209205E-001
0.245	7.5805604E-001
0.246	7.5388145E-001
0.247	7.4956220E-001
0.248	7.4509209E-001
0.249	7.4046469E-001
0.25	7.3567224E-001
0.251	7.3070616E-001
0.252	7.2555685E-001
0.253	7.2021323E-001
0.254	7.1466261E-001
0.255	7.0889074E-001
0.256	7.0288289E-001
0.257	6.9662374E-001
0.258	6.9009686E-001
0.259	6.8328643E-001
0.26	6.7617738E-001
0.261	6.6875541E-001
0.262	6.6100740E-001
0.263	6.5292180E-001
0.264	6.4448851E-001
0.265	6.3569832E-001
0.266	6.2654364E-001
0.267	6.1701757E-001
0.268	6.0711461E-001
0.269	5.9682989E-001
0.27	5.8616120E-001
0.271	5.7510817E-001
0.272	5.6367517E-001
0.273	5.5187058E-001
0.274	5.3970999E-001
0.275	5.2721649E-001
0.276	5.1442099E-001
0.277	5.0136244E-001
0.278	4.8808908E-001
0.279	4.7465539E-001
0.28	4.6112150E-001
0.281	4.4755045E-001
0.282	4.3400505E-001
0.283	4.2054668E-001
0.284	4.0723127E-001
0.285	3.9410880E-001
0.286	3.8122234E-001
0.287	3.6860654E-001
0.288	3.5628951E-001
0.289	3.4429225E-001
0.29	3.3262977E-001
0.291	3.2131183E-001
0.292	3.1034428E-001
0.293	2.9972929E-001
0.294	2.8946754E-001
0.295	2.7955875E-001
0.296	2.7000308E-001
0.297	2.6080197E-001
0.298	2.5195807E-001
0.299	2.4347490E-001
0.3	2.3535582E-001
0.301	2.2760250E-001
0.302	2.2021331E-001
0.303	2.1318226E-001
0.304	2.0649768E-001
0.305	2.0014267E-001
0.306	1.9409539E-001
0.307	1.8833046E-001
0.308	1.8282036E-001
0.309	1.7753746E-001
0.31	1.7245544E-001
0.311	1.6755126E-001
0.312	1.6280614E-001
0.313	1.5820678E-001
0.314	1.5374534E-001
0.315	1.4941964E-001
0.316	1.4523256E-001
0.317	1.4119087E-001
0.318	1.3730411E-001
0.319	1.3358244E-001
0.32	1.3003521E-001
0.321	1.2666886E-001
0.322	1.2348583E-001
0.323	1.2048303E-001
0.324	1.1765166E-001
0.325	1.1497699E-001
0.326	1.1243930E-001
0.327	1.1001495E-001
0.328	1.0767803E-001
0.329	1.0540240E-001
0.33	1.0316350E-001
0.331	1.0094024E-001
0.332	9.8716527E-002
0.333	9.6482523E-002
0.334	9.4235107E-002
0.335	9.1978066E-002
0.336	8.9721486E-002
0.337	8.7480761E-002
0.338	8.5275076E-002
0.339	8.3125725E-002
0.34	8.1054181E-002
0.341	7.9080187E-002
0.342	7.7220142E-002
0.343	7.5485662E-002
0.344	7.3882647E-002
0.345	7.2410710E-002
0.346	7.1063273E-002
0.347	6.9827899E-002
0.348	6.8687133E-002
0.349	6.7619734E-002
0.35	6.6602200E-002
0.351	6.5610059E-002
0.352	6.4619608E-002
0.353	6.3609466E-002
0.354	6.2561631E-002
0.355	6.1462805E-002
0.356	6.0304906E-002
0.357	5.9085574E-002
0.358	5.7808094E-002
0.359	5.6481156E-002
0.36	5.5118140E-002
0.361	5.3736228E-002
0.362	5.2355323E-002
0.363	5.0996706E-002
0.364	4.9681861E-002
0.365	4.8431151E-002
0.366	4.7262654E-002
0.367	4.6191037E-002
0.368	4.5226812E-002
0.369	4.4375598E-002
0.37	4.3637782E-002
0.371	4.3008462E-002
0.372	4.2477623E-002
0.373	4.2030770E-002
0.374	4.1649617E-002
0.375	4.1313220E-002
0.376	4.0999129E-002
0.377	4.0684719E-002
0.378	4.0348370E-002
0.379	3.9970759E-002
0.38	3.9535817E-002
0.381	3.9031651E-002
0.382	3.8451005E-002
0.383	3.7791755E-002
0.384	3.7056711E-002
0.385	3.6253601E-002
0.386	3.5394385E-002
0.387	3.4494624E-002
0.388	3.3572577E-002
0.389	3.2648135E-002
0.39	3.1741794E-002
0.391	3.0873531E-002
0.392	3.0061796E-002
0.393	2.9322587E-002
0.394	2.8668651E-002
0.395	2.8108921E-002
0.396	2.7648084E-002
0.397	2.7286476E-002
0.398	2.7020071E-002
0.399	2.6840735E-002
0.4	2.6736701E-002
0.401	2.6693145E-002
0.402	2.6692923E-002
0.403	2.6717413E-002
0.404	2.6747378E-002
0.405	2.6763836E-002
0.406	2.6748963E-002
0.407	2.6686858E-002
0.408	2.6564227E-002
0.409	2.6370926E-002
0.41	2.6100403E-002
0.411	2.5749918E-002
0.412	2.5320642E-002
0.413	2.4817569E-002
0.414	2.4249282E-002
0.415	2.3627529E-002
0.416	2.2966728E-002
0.417	2.2283249E-002
0.418	2.1594664E-002
0.419	2.0918921E-002
0.42	2.0273531E-002
0.421	1.9674681E-002
0.422	1.9136591E-002
0.423	1.8670850E-002
0.424	1.8285932E-002
0.425	1.7986868E-002
0.426	1.7775053E-002
0.427	1.7648283E-002
0.428	1.7600840E-002
0.429	1.7623810E-002
0.43	1.7705515E-002
0.431	1.7832037E-002
0.432	1.7987851E-002
0.433	1.8156536E-002
0.434	1.8321464E-002
0.435	1.8466495E-002
0.436	1.8576672E-002
0.437	1.8638834E-002
0.438	1.8642079E-002
0.439	1.8578248E-002
0.44	1.8442143E-002
0.441	1.8231744E-002
0.442	1.7948236E-002
0.443	1.7595882E-002
0.444	1.7181844E-002
0.445	1.6715813E-002
0.446	1.6209614E-002
0.447	1.5676646E-002
0.448	1.5131401E-002
0.449	1.4588804E-002
0.45	1.4063671E-002
0.451	1.3570116E-002
0.452	1.3121002E-002
0.453	1.2727452E-002
0.454	1.2398423E-002
0.455	1.2140352E-002
0.456	1.1956917E-002
0.457	1.1848928E-002
0.458	1.1814274E-002
0.459	1.1848065E-002
0.46	1.1942834E-002
0.461	1.2088862E-002
0.462	1.2274604E-002
0.463	1.2487157E-002
0.464	1.2712801E-002
0.465	1.2937545E-002
0.466	1.3147675E-002
0.467	1.3330271E-002
0.468	1.3473686E-002
0.469	1.3567954E-002
0.47	1.3605126E-002
0.471	1.3579528E-002
0.472	1.3487927E-002
0.473	1.3329643E-002
0.474	1.3106519E-002
0.475	1.2822861E-002
0.476	1.2485263E-002
0.477	1.2102329E-002
0.478	1.1684411E-002
0.479	1.1243167E-002
0.48	1.0791129E-002
0.481	1.0341228E-002
0.482	9.9062966E-003
0.483	9.4985738E-003
0.484	9.1292271E-003
0.485	8.8079516E-003
0.486	8.5426234E-003
0.487	8.3390037E-003
0.488	8.2005896E-003
0.489	8.1284950E-003
0.49	8.1214728E-003
0.491	8.1759803E-003
0.492	8.2863690E-003
0.493	8.4451130E-003
0.494	8.6430898E-003
0.495	8.8699423E-003
0.496	9.1144415E-003
0.497	9.3648788E-003
0.498	9.6094869E-003
0.499	9.8368200E-003
0.5	1.0036165E-002
0.501	1.0197897E-002
0.502	1.0313795E-002
0.503	1.0377337E-002
0.504	1.0383910E-002
0.505	1.0330942E-002
0.506	1.0217994E-002
0.507	1.0046736E-002
0.508	9.8208906E-003
0.509	9.5460787E-003
0.51	9.2295930E-003
0.511	8.8801719E-003
0.512	8.5076615E-003
0.513	8.1226937E-003
0.514	7.7363010E-003
0.515	7.3595610E-003
0.516	7.0031881E-003
0.517	6.6771731E-003
0.518	6.3904268E-003
0.519	6.1504943E-003
0.52	5.9632813E-003
0.521	5.8328789E-003
0.522	5.7614339E-003
0.523	5.7491073E-003
0.524	5.7940814E-003
0.525	5.8926507E-003
0.526	6.0393605E-003
0.527	6.2272106E-003
0.528	6.4478917E-003
0.529	6.6920719E-003
0.53	6.9497018E-003
0.531	7.2103636E-003
0.532	7.4636065E-003
0.533	7.6993024E-003
0.534	7.9079792E-003
0.535	8.0811381E-003
0.536	8.2115317E-003
0.537	8.2933949E-003
0.538	8.3226422E-003
0.539	8.2969628E-003
0.54	8.2159145E-003
0.541	8.0809053E-003
0.542	7.8951335E-003
0.543	7.6634795E-003
0.544	7.3923096E-003
0.545	7.0892759E-003
0.546	6.7630438E-003
0.547	6.4229970E-003
0.548	6.0789427E-003
0.549	5.7407748E-003
0.55	5.4181782E-003
0.551	5.1203063E-003
0.552	4.8555112E-003
0.553	4.6310695E-003
0.554	4.4529727E-003
0.555	4.3257298E-003
0.556	4.2522182E-003
0.557	4.2335885E-003
0.558	4.2692171E-003
0.559	4.3567275E-003
0.56	4.4920589E-003
0.561	4.6696109E-003
0.562	4.8824414E-003
0.563	5.1225172E-003
0.564	5.3809946E-003
0.565	5.6485166E-003
0.566	5.9155296E-003
0.567	6.1725741E-003
0.568	6.4105792E-003
0.569	6.6211196E-003
0.57	6.7966739E-003
0.571	6.9308402E-003
0.572	7.0185438E-003
0.573	7.0561930E-003
0.574	7.0418157E-003
0.575	6.9751255E-003
0.576	6.8575349E-003
0.577	6.6921022E-003
0.578	6.4834170E-003
0.579	6.2374217E-003
0.58	5.9611914E-003
0.581	5.6626783E-003
0.582	5.3504538E-003
0.583	5.0334306E-003
0.584	4.7206129E-003
0.585	4.4208434E-003
0.586	4.1425754E-003
0.587	3.8936422E-003
0.588	3.6810427E-003
0.589	3.5107296E-003
0.59	3.3874158E-003
0.591	3.3144113E-003
0.592	3.2934905E-003
0.593	3.3248225E-003
0.594	3.4069556E-003
0.595	3.5368684E-003
0.596	3.7100734E-003
0.597	3.9207777E-003
0.598	4.1620736E-003
0.599	4.4261594E-003
0.6	4.7045760E-003
0.601	4.9884552E-003
0.602	5.2687689E-003
0.603	5.5365921E-003
0.604	5.7833516E-003
0.605	6.0010799E-003
0.606	6.1826617E-003
0.607	6.3220593E-003
0.608	6.4144977E-003
0.609	6.4566345E-003
0.61	6.4466726E-003
0.611	6.3844104E-003
0.612	6.2712571E-003
0.613	6.1101825E-003
0.614	5.9056273E-003
0.615	5.6633465E-003
0.616	5.3902497E-003
0.617	5.0941682E-003
0.618	4.7836523E-003
0.619	4.4676880E-003
0.62	4.1554621E-003
0.621	3.8560820E-003
0.622	3.5783018E-003
0.623	3.3302822E-003
0.624	3.1193295E-003
0.625	2.9516818E-003
0.626	2.8323228E-003
0.627	2.7648150E-003
0.628	2.7512037E-003
0.629	2.7919419E-003
0.63	2.8858760E-003
0.631	3.0302792E-003
0.632	3.2209263E-003
0.633	3.4522265E-003
0.634	3.7173780E-003
0.635	4.0085795E-003
0.636	4.3172585E-003
0.637	4.6343128E-003
0.638	4.9503925E-003
0.639	5.2561518E-003
0.64	5.5425302E-003
0.641	5.8010099E-003
0.642	6.0238573E-003
0.643	6.2043527E-003
0.644	6.3369791E-003
0.645	6.4176032E-003
0.646	6.4435857E-003
0.647	6.4138789E-003
0.648	6.3290675E-003
0.649	6.1913505E-003
0.65	6.0044918E-003
0.651	5.7737180E-003
0.652	5.5055670E-003
0.653	5.2076965E-003
0.654	4.8886947E-003
0.655	4.5578033E-003
0.656	4.2246920E-003
0.657	3.8991703E-003
0.658	3.5909258E-003
0.659	3.3092415E-003
0.66	3.0627386E-003
0.661	2.8591200E-003
0.662	2.7049396E-003
0.663	2.6053963E-003
0.664	2.5641662E-003
0.665	2.5832839E-003
0.666	2.6630603E-003
0.667	2.8020700E-003
0.668	2.9971721E-003
0.669	3.2436016E-003
0.67	3.5350884E-003
0.671	3.8640280E-003
0.672	4.2216890E-003
0.673	4.5984406E-003
0.674	4.9840189E-003
0.675	5.3678141E-003
0.676	5.7391617E-003
0.677	6.0876603E-003
0.678	6.4034713E-003
0.679	6.6776210E-003
0.68	6.9022644E-003
0.681	7.0709302E-003
0.682	7.1787173E-003
0.683	7.2224401E-003
0.684	7.2007263E-003
0.685	7.1140630E-003
0.686	6.9647925E-003
0.687	6.7570438E-003
0.688	6.4966348E-003
0.689	6.1909277E-003
0.69	5.8486434E-003
0.691	5.4796310E-003
0.692	5.0946428E-003
0.693	4.7050393E-003
0.694	4.3225079E-003
0.695	3.9587505E-003
0.696	3.6251657E-003
0.697	3.3325169E-003
0.698	3.0906275E-003
0.699	2.9080824E-003
0.7	2.7919514E-003
0.701	2.7475725E-003
0.702	2.7783636E-003
0.703	2.8857021E-003
0.704	3.0688490E-003
0.705	3.3249422E-003
0.706	3.6490441E-003
0.707	4.0342370E-003
0.708	4.4717914E-003
0.709	4.9513644E-003
0.71	5.4612751E-003
0.711	5.9887967E-003
0.712	6.5205046E-003
0.713	7.0426469E-003
0.714	7.5415354E-003
0.715	8.0039250E-003
0.716	8.4174182E-003
0.717	8.7707900E-003
0.718	9.0543674E-003
0.719	9.2602735E-003
0.72	9.3827136E-003
0.721	9.4181402E-003
0.722	9.3654040E-003
0.723	9.2257960E-003
0.724	9.0030935E-003
0.725	8.7034833E-003
0.726	8.3354218E-003
0.727	7.9095010E-003
0.728	7.4381717E-003
0.729	6.9354833E-003
0.73	6.4167441E-003
0.731	5.8981469E-003
0.732	5.3963652E-003
0.733	4.9281162E-003
0.734	4.5097037E-003
0.735	4.1565644E-003
0.736	3.8828056E-003
0.737	3.7007779E-003
0.738	3.6206706E-003
0.739	3.6501626E-003
0.74	3.7941190E-003
0.741	4.0543750E-003
0.742	4.4295895E-003
0.743	4.9151853E-003
0.744	5.5034021E-003
0.745	6.1834296E-003
0.746	6.9416394E-003
0.747	7.7619147E-003
0.748	8.6260447E-003
0.749	9.5141912E-003
0.75	1.0405398E-002
0.751	1.1278155E-002
0.752	1.2110986E-002
0.753	1.2883007E-002
0.754	1.3574528E-002
0.755	1.4167620E-002
0.756	1.4646610E-002
0.757	1.4998581E-002
0.758	1.5213758E-002
0.759	1.5285864E-002
0.76	1.5212386E-002
0.761	1.4994771E-002
0.762	1.4638565E-002
0.763	1.4153443E-002
0.764	1.3553191E-002
0.765	1.2855553E-002
0.766	1.2082016E-002
0.767	1.1257435E-002
0.768	1.0409560E-002
0.769	9.5684212E-003
0.77	8.7656071E-003
0.771	8.0334181E-003
0.772	7.4039819E-003
0.773	6.9082822E-003
0.774	6.5751993E-003
0.775	6.4305644E-003
0.776	6.4962674E-003
0.777	6.7894589E-003
0.778	7.3218448E-003
0.779	8.0991266E-003
0.78	9.1205975E-003
0.781	1.0378908E-002
0.782	1.1860014E-002
0.783	1.3543309E-002
0.784	1.5401940E-002
0.785	1.7403327E-002
0.786	1.9509811E-002
0.787	2.1679481E-002
0.788	2.3867119E-002
0.789	2.6025243E-002
0.79	2.8105266E-002
0.791	3.0058660E-002
0.792	3.1838238E-002
0.793	3.3399418E-002
0.794	3.4701575E-002
0.795	3.5709295E-002
0.796	3.6393747E-002
0.797	3.6733918E-002
0.798	3.6717925E-002
0.799	3.6344126E-002
0.8	3.5622224E-002
0.801	3.4574177E-002
0.802	3.3235062E-002
0.803	3.1653680E-002
0.804	2.9892983E-002
0.805	2.8030211E-002
0.806	2.6156709E-002
0.807	2.4377242E-002
0.808	2.2808872E-002
0.809	2.1579159E-002
0.81	2.0823773E-002
0.811	2.0683473E-002
0.812	2.1300431E-002
0.813	2.2814099E-002
0.814	2.5356710E-002
0.815	2.9048454E-002
0.816	3.3992764E-002
0.817	4.0271770E-002
0.818	4.7942158E-002
0.819	5.7031777E-002
0.82	6.7537218E-002
0.821	7.9422422E-002
0.822	9.2618488E-002
0.823	1.0702489E-001
0.824	1.2251186E-001
0.825	1.3892408E-001
0.826	1.5608530E-001
0.827	1.7380384E-001
0.828	1.9187871E-001
0.829	2.1010554E-001
0.83	2.2828288E-001
0.831	2.4621768E-001
0.832	2.6372975E-001
0.833	2.8065598E-001
0.834	2.9685271E-001
0.835	3.1219706E-001
0.836	3.2658824E-001
0.837	3.3994609E-001
0.838	3.5221082E-001
0.839	3.6334157E-001
0.84	3.7331396E-001
0.841	3.8211849E-001
0.842	3.8975862E-001
0.843	3.9624786E-001
0.844	4.0160924E-001
0.845	4.0587190E-001
0.846	4.0907016E-001
0.847	4.1124165E-001
0.848	4.1242605E-001
0.849	4.1266346E-001
0.85	4.1199392E-001
0.851	4.1045645E-001
0.852	4.0808877E-001
0.853	4.0492675E-001
0.854	4.0100437E-001
0.855	3.9635357E-001
0.856	3.9100495E-001
0.857	3.8498715E-001
0.858	3.7832722E-001
0.859	3.7105095E-001
0.86	3.6318353E-001
0.861	3.5474885E-001
0.862	3.4577101E-001
0.863	3.3627442E-001
0.864	3.2628372E-001
0.865	3.1582525E-001
0.866	3.0492643E-001
0.867	2.9361761E-001
0.868	2.8193074E-001
0.869	2.6990110E-001
0.87	2.5756687E-001
0.871	2.4497044E-001
0.872	2.3215765E-001
0.873	2.1917944E-001
0.874	2.0609134E-001
0.875	1.9295396E-001
0.876	1.7983270E-001
0.877	1.6679737E-001
0.878	1.5392146E-001
0.879	1.4128076E-001
0.88	1.2895226E-001
0.881	1.1701278E-001
0.882	1.0553704E-001
0.883	9.4596423E-002
0.884	8.4257230E-002
0.885	7.4579187E-002
0.886	6.5614082E-002
0.887	5.7404224E-002
0.888	4.9981508E-002
0.889	4.3366175E-002
0.89	3.7566103E-002
0.891	3.2576442E-002
0.892	2.8379511E-002
0.893	2.4945259E-002
0.894	2.2232037E-002
0.895	2.0187875E-002
0.896	1.8752109E-002
0.897	1.7857119E-002
0.898	1.7430419E-002
0.899	1.7396642E-002
0.9	1.7679570E-002
0.901	1.8204009E-002
0.902	1.8897522E-002
0.903	1.9691903E-002
0.904	2.0524472E-002
0.905	2.1339033E-002
0.906	2.2086686E-002
0.907	2.2726247E-002
0.908	2.3224508E-002
0.909	2.3556307E-002
0.91	2.3704289E-002
0.911	2.3658628E-002
0.912	2.3416486E-002
0.913	2.2981422E-002
0.914	2.2362730E-002
0.915	2.1574603E-002
0.916	2.0635433E-002
0.917	1.9566933E-002
0.918	1.8393338E-002
0.919	1.7140642E-002
0.92	1.5835779E-002
0.921	1.4505898E-002
0.922	1.3177644E-002
0.923	1.1876503E-002
0.924	1.0626208E-002
0.925	9.4481818E-003
0.926	8.3611207E-003
0.927	7.3806220E-003
0.928	6.5189381E-003
0.929	5.7848245E-003
0.93	5.1834956E-003
0.931	4.7166659E-003
0.932	4.3826979E-003
0.933	4.1768090E-003
0.934	4.0913648E-003
0.935	4.1162088E-003
0.936	4.2390628E-003
0.937	4.4459384E-003
0.938	4.7215759E-003
0.939	5.0499085E-003
0.94	5.4144929E-003
0.941	5.7989606E-003
0.942	6.1874255E-003
0.943	6.5648658E-003
0.944	6.9174618E-003
0.945	7.2328905E-003
0.946	7.5005647E-003
0.947	7.7117998E-003
0.948	7.8599453E-003
0.949	7.9404302E-003
0.95	7.9507679E-003
0.951	7.8905066E-003
0.952	7.7611301E-003
0.953	7.5659500E-003
0.954	7.3099253E-003
0.955	6.9994796E-003
0.956	6.6422946E-003
0.957	6.2470534E-003
0.958	5.8231801E-003
0.959	5.3805639E-003
0.96	4.9292524E-003
0.961	4.4791689E-003
0.962	4.0398370E-003
0.963	3.6201295E-003
0.964	3.2280691E-003
0.965	2.8706512E-003
0.966	2.5537231E-003
0.967	2.2819003E-003
0.968	2.0585135E-003
0.969	1.8855860E-003
0.97	1.7638392E-003
0.971	1.6927181E-003
0.972	1.6704460E-003
0.973	1.6940988E-003
0.974	1.7597134E-003
0.975	1.8624158E-003
0.976	1.9965742E-003
0.977	2.1559710E-003
0.978	2.3339863E-003
0.979	2.5237829E-003
0.98	2.7184994E-003
0.981	2.9114266E-003
0.982	3.0961796E-003
0.983	3.2668472E-003
0.984	3.4181308E-003
0.985	3.5454573E-003
0.986	3.6450741E-003
0.987	3.7141151E-003
0.988	3.7506442E-003
0.989	3.7536731E-003
0.99	3.7231506E-003
0.991	3.6599280E-003
0.992	3.5656956E-003
0.993	3.4429103E-003
0.994	3.2946973E-003
0.995	3.1247425E-003
0.996	2.9371853E-003
0.997	2.7364995E-003
0.998	2.5273734E-003
0.999	2.3145974E-003
1	2.1029334E-003
1.001	1.8970045E-003
1.002	1.7011766E-003
1.003	1.5194487E-003
1.004	1.3553529E-003
1.005	1.2118731E-003
1.006	1.0913779E-003
1.007	9.9557429E-004
1.008	9.2548528E-004
1.009	8.8144472E-004
1.01	8.6311193E-004
1.011	8.6950272E-004
1.012	8.9903537E-004
1.013	9.4958907E-004
1.014	1.0185742E-003
1.015	1.1030110E-003
1.016	1.1996173E-003
1.017	1.3049007E-003
1.018	1.4152547E-003
1.019	1.5270531E-003
1.02	1.6367456E-003
1.021	1.7409472E-003
1.022	1.8365203E-003
1.023	1.9206499E-003
1.024	1.9909076E-003
1.025	2.0453050E-003
1.026	2.0823313E-003
1.027	2.1009811E-003
1.028	2.1007645E-003
1.029	2.0817083E-003
1.03	2.0443357E-003
1.031	1.9896422E-003
1.032	1.9190521E-003
1.033	1.8343716E-003
1.034	1.7377274E-003
1.035	1.6315059E-003
1.036	1.5182793E-003
1.037	1.4007405E-003
1.038	1.2816284E-003
1.039	1.1636585E-003
1.04	1.0494565E-003
1.041	9.4149215E-004
1.042	8.4202283E-004
1.043	7.5303740E-004
1.044	6.7621353E-004
1.045	6.1287952E-004
1.046	5.6398782E-004
1.047	5.3009798E-004
1.048	5.1137304E-004
1.049	5.0758320E-004
1.05	5.1812280E-004
1.051	5.4203474E-004
1.052	5.7804503E-004
1.053	6.2460324E-004
1.054	6.7992939E-004
1.055	7.4206654E-004
1.056	8.0893445E-004
1.057	8.7838742E-004
1.058	9.4827171E-004
1.059	1.0164811E-003
1.06	1.0810095E-003
1.061	1.1400010E-003
1.062	1.1917928E-003
1.063	1.2349515E-003
1.064	1.2683040E-003
1.065	1.2909578E-003
1.066	1.3023181E-003
1.067	1.3020926E-003
1.068	1.2902925E-003
1.069	1.2672221E-003
1.07	1.2334685E-003
1.071	1.1898801E-003
1.072	1.1375410E-003
1.073	1.0777386E-003
1.074	1.0119313E-003
1.075	9.4170781E-004
1.076	8.6874526E-004
1.077	7.9476467E-004
1.078	7.2148669E-004
1.079	6.5058452E-004
1.08	5.8364088E-004
1.081	5.2210683E-004
1.082	4.6726482E-004
1.083	4.2019715E-004
1.084	3.8176155E-004
1.085	3.5257326E-004
1.086	3.3299488E-004
1.087	3.2313354E-004
1.088	3.2284443E-004
1.089	3.3174144E-004
1.09	3.4921270E-004
1.091	3.7444200E-004
1.092	4.0643400E-004
1.093	4.4404410E-004
1.094	4.8600973E-004
1.095	5.3098635E-004
1.096	5.7758263E-004
1.097	6.2439643E-004
1.098	6.7005173E-004
1.099	7.1323308E-004
1.1	7.5271656E-004
1.101	7.8740006E-004
1.102	8.1632903E-004
1.103	8.3871774E-004
1.104	8.5396523E-004
1.105	8.6166826E-004
1.106	8.6162711E-004
1.107	8.5384730E-004
1.108	8.3853462E-004
1.109	8.1608718E-004
1.11	7.8708038E-004
1.111	7.5224874E-004
1.112	7.1246515E-004
1.113	6.6871510E-004
1.114	6.2207039E-004
1.115	5.7365827E-004
1.116	5.2463351E-004
1.117	4.7614615E-004
1.118	4.2931302E-004
1.119	3.8518844E-004
1.12	3.4473860E-004
1.121	3.0881795E-004
1.122	2.7815014E-004
1.123	2.5331115E-004
1.124	2.3471855E-004
1.125	2.2262288E-004
1.126	2.1710490E-004
1.127	2.1807619E-004
1.128	2.2528425E-004
1.129	2.3832178E-004
1.13	2.5663967E-004
1.131	2.7956386E-004
1.132	3.0631435E-004
1.133	3.3602840E-004
1.134	3.6778391E-004
1.135	4.0062430E-004
1.136	4.3358430E-004
1.137	4.6571487E-004
1.138	4.9610715E-004
1.139	5.2391423E-004
1.14	5.4837257E-004
1.141	5.6881836E-004
1.142	5.8470300E-004
1.143	5.9560459E-004
1.144	6.0123560E-004
1.145	6.0144963E-004
1.146	5.9624115E-004
1.147	5.8574579E-004
1.148	5.7023379E-004
1.149	5.5010262E-004
1.15	5.2586372E-004
1.151	4.9812900E-004
1.152	4.6759070E-004
1.153	4.3500288E-004
1.154	4.0115885E-004
1.155	3.6686991E-004
1.156	3.3294369E-004
1.157	3.0016393E-004
1.158	2.6927138E-004
1.159	2.4094792E-004
1.16	2.1580010E-004
1.161	1.9434678E-004
1.162	1.7700705E-004
1.163	1.6409100E-004
1.164	1.5579267E-004
1.165	1.5218592E-004
1.166	1.5322342E-004
1.167	1.5873883E-004
1.168	1.6845274E-004
1.169	1.8198155E-004
1.17	1.9884920E-004
1.171	2.1850171E-004
1.172	2.4032270E-004
1.173	2.6365128E-004
1.174	2.8779992E-004
1.175	3.1207208E-004
1.176	3.3578146E-004
1.177	3.5826783E-004
1.178	3.7891368E-004
1.179	3.9715899E-004
1.18	4.1251382E-004
1.181	4.2456924E-004
1.182	4.3300688E-004
1.183	4.3760464E-004
1.184	4.3824257E-004
1.185	4.3490378E-004
1.186	4.2767444E-004
1.187	4.1674066E-004
1.188	4.0238188E-004
1.189	3.8496294E-004
1.19	3.6492263E-004
1.191	3.4276073E-004
1.192	3.1902373E-004
1.193	2.9428973E-004
1.194	2.6915307E-004
1.195	2.4420911E-004
1.196	2.2003967E-004
1.197	1.9719935E-004
1.198	1.7620165E-004
1.199	1.5750765E-004
1.2	1.4151441E-004
1.201	1.2854567E-004
1.202	1.1884447E-004
1.203	1.1256745E-004
1.204	1.0978230E-004
1.205	1.1046696E-004
1.206	1.1451164E-004
1.207	1.2172297E-004
1.208	1.3183011E-004
1.209	1.4449260E-004
1.21	1.5930977E-004
1.211	1.7583159E-004
1.212	1.9357052E-004
1.213	2.1201448E-004
1.214	2.3064025E-004
1.215	2.4892722E-004
1.216	2.6637086E-004
1.217	2.8249592E-004
1.218	2.9686771E-004
1.219	3.0910320E-004
1.22	3.1887958E-004
1.221	3.2594189E-004
1.222	3.3010810E-004
1.223	3.3127228E-004
1.224	3.2940711E-004
1.225	3.2456219E-004
1.226	3.1686289E-004
1.227	3.0650542E-004
1.228	2.9375104E-004
1.229	2.7891903E-004
1.23	2.6237773E-004
1.231	2.4453437E-004
1.232	2.2582494E-004
1.233	2.0670261E-004
1.234	1.8762606E-004
1.235	1.6904765E-004
1.236	1.5140233E-004
1.237	1.3509623E-004
1.238	1.2049682E-004
1.239	1.0792394E-004
1.24	9.7642202E-005
1.241	8.9854846E-005
1.242	8.4699401E-005
1.243	8.2245089E-005
1.244	8.2491795E-005
1.245	8.5370964E-005
1.246	9.0748312E-005
1.247	9.8427910E-005
1.248	1.0815795E-004
1.249	1.1963795E-004
1.25	1.3252684E-004
1.251	1.4645242E-004
1.252	1.6102097E-004
1.253	1.7582756E-004
1.254	1.9046648E-004
1.255	2.0454137E-004
1.256	2.1767507E-004
1.257	2.2951876E-004
1.258	2.3976045E-004
1.259	2.4813222E-004
1.26	2.5441643E-004
1.261	2.5845118E-004
1.262	2.6013277E-004
1.263	2.5941923E-004
1.264	2.5632905E-004
1.265	2.5094175E-004
1.266	2.4339418E-004
1.267	2.3387682E-004
1.268	2.2262844E-004
1.269	2.0992919E-004
1.27	1.9609324E-004
1.271	1.8146042E-004
1.272	1.6638718E-004
1.273	1.5123740E-004
1.274	1.3637343E-004
1.275	1.2214671E-004
1.276	1.0888956E-004
1.277	9.6906479E-005
1.278	8.6467458E-005
1.279	7.7800985E-005
1.28	7.1089009E-005
1.281	6.6462570E-005
1.282	6.3998727E-005
1.283	6.3719177E-005
1.284	6.5590000E-005
1.285	6.9523019E-005
1.286	7.5378557E-005
1.287	8.2969549E-005
1.288	9.2066883E-005
1.289	1.0240563E-004
1.29	1.1369243E-004
1.291	1.2561318E-004
1.292	1.3784104E-004
1.293	1.5004528E-004
1.294	1.6189915E-004
1.295	1.7308822E-004
1.296	1.8331817E-004
1.297	1.9232149E-004
1.298	1.9986453E-004
1.299	2.0575254E-004
1.3	2.0983431E-004
1.301	2.1200569E-004
1.302	2.1221171E-004
1.303	2.1044770E-004
1.304	2.0675873E-004
1.305	2.0123814E-004
1.306	1.9402502E-004
1.307	1.8529978E-004
1.308	1.7527996E-004
1.309	1.6421404E-004
1.31	1.5237500E-004
1.311	1.4005351E-004
1.312	1.2755016E-004
1.313	1.1516804E-004
1.314	1.0320470E-004
1.315	9.1944945E-005
1.316	8.1653547E-005
1.317	7.2568793E-005
1.318	6.4896798E-005
1.319	5.8806578E-005
1.32	5.4426229E-005
1.321	5.1839947E-005
1.322	5.1086376E-005
1.323	5.2157826E-005
1.324	5.5000866E-005
1.325	5.9517883E-005
1.326	6.5569882E-005
1.327	7.2980256E-005
1.328	8.1539591E-005
1.329	9.1011134E-005
1.33	1.0113724E-004
1.331	1.1164586E-004
1.332	1.2225767E-004
1.333	1.3269315E-004
1.334	1.4267943E-004
1.335	1.5195730E-004
1.336	1.6028689E-004
1.337	1.6745427E-004
1.338	1.7327558E-004
1.339	1.7760198E-004
1.34	1.8032265E-004
1.341	1.8136777E-004
1.342	1.8070977E-004
1.343	1.7836424E-004
1.344	1.7438950E-004
1.345	1.6888521E-004
1.346	1.6198959E-004
1.347	1.5387608E-004
1.348	1.4474806E-004
1.349	1.3483384E-004
1.35	1.2438004E-004
1.351	1.1364487E-004
1.352	1.0289151E-004
1.353	9.2381248E-005
1.354	8.2367143E-005
1.355	7.3088078E-005
1.356	6.4763291E-005
1.357	5.7587426E-005
1.358	5.1726034E-005
1.359	4.7311682E-005
1.36	4.4440814E-005
1.361	4.3171232E-005
1.362	4.3520580E-005
1.363	4.5465797E-005
1.364	4.8943704E-005
1.365	5.3852691E-005
1.366	6.0055412E-005
1.367	6.7382498E-005
1.368	7.5637166E-005
1.369	8.4600288E-005
1.37	9.4036332E-005
1.371	1.0369916E-004
1.372	1.1333846E-004
1.373	1.2270582E-004
1.374	1.3156104E-004
1.375	1.3967780E-004
1.376	1.4684918E-004
1.377	1.5289284E-004
1.378	1.5765522E-004
1.379	1.6101540E-004
1.38	1.6288827E-004
1.381	1.6322630E-004
1.382	1.6202102E-004
1.383	1.5930292E-004
1.384	1.5514044E-004
1.385	1.4963828E-004
1.386	1.4293408E-004
1.387	1.3519490E-004
1.388	1.2661266E-004
1.389	1.1739928E-004
1.39	1.0778154E-004
1.391	9.7995435E-005
1.392	8.8280642E-005
1.393	7.8874793E-005
1.394	7.0007663E-005
1.395	6.1895567E-005
1.396	5.4735927E-005
1.397	4.8702314E-005
1.398	4.3940025E-005
1.399	4.0562449E-005
1.4	3.8648304E-005
1.401	3.8239839E-005
1.402	3.9341881E-005
1.403	4.1921950E-005
1.404	4.5911074E-005
1.405	5.1205669E-005
1.406	5.7670037E-005
1.407	6.5139728E-005
1.408	7.3425494E-005
1.409	8.2318038E-005
1.41	9.1592970E-005
1.411	1.0101656E-004
1.412	1.1035134E-004
1.413	1.1936226E-004
1.414	1.2782241E-004
1.415	1.3551877E-004
1.416	1.4225773E-004
1.417	1.4786972E-004
1.418	1.5221353E-004
1.419	1.5517982E-004
1.42	1.5669386E-004
1.421	1.5671707E-004
1.422	1.5524797E-004
1.423	1.5232245E-004
1.424	1.4801238E-004
1.425	1.4242422E-004
1.426	1.3569643E-004
1.427	1.2799594E-004
1.428	1.1951441E-004
1.429	1.1046329E-004
1.43	1.0106895E-004
1.431	9.1566741E-005
1.432	8.2195344E-005
1.433	7.3190778E-005
1.434	6.4780354E-005
1.435	5.7176956E-005
1.436	5.0573843E-005
1.437	4.5139681E-005
1.438	4.1014402E-005
1.439	3.8305752E-005
1.44	3.7086556E-005
1.441	3.7393005E-005
1.442	3.9223607E-005
1.443	4.2539228E-005
1.444	4.7263788E-005
1.445	5.3286123E-005
1.446	6.0462411E-005
1.447	6.8619644E-005
1.448	7.7559736E-005
1.449	8.7064444E-005
1.45	9.6900709E-005
1.451	1.0682647E-004
1.452	1.1659676E-004
1.453	1.2597002E-004
1.454	1.3471382E-004
1.455	1.4261089E-004
1.456	1.4946439E-004
1.457	1.5510304E-004
1.458	1.5938513E-004
1.459	1.6220247E-004
1.46	1.6348295E-004
1.461	1.6319270E-004
1.462	1.6133675E-004
1.463	1.5795958E-004
1.464	1.5314344E-004
1.465	1.4700707E-004
1.466	1.3970264E-004
1.467	1.3141248E-004
1.468	1.2234428E-004
1.469	1.1272694E-004
1.47	1.0280458E-004
1.471	9.2830749E-005
1.472	8.3062412E-005
1.473	7.3753465E-005
1.474	6.5148248E-005
1.475	5.7475598E-005
1.476	5.0942865E-005
1.477	4.5730787E-005
1.478	4.1988817E-005
1.479	3.9831306E-005
1.48	3.9334423E-005
1.481	4.0534058E-005
1.482	4.3424654E-005
1.483	4.7958994E-005
1.484	5.4048971E-005
1.485	6.1567407E-005
1.486	7.0350834E-005
1.487	8.0203143E-005
1.488	9.0900176E-005
1.489	1.0219481E-004
1.49	1.1382302E-004
1.491	1.2551012E-004
1.492	1.3697741E-004
1.493	1.4794919E-004
1.494	1.5815950E-004
1.495	1.6735880E-004
1.496	1.7532060E-004
1.497	1.8184687E-004
1.498	1.8677356E-004
1.499	1.8997476E-004
1.5	1.9136624E-004
1.501	1.9090813E-004
1.502	1.8860630E-004
1.503	1.8451265E-004
1.504	1.7872466E-004
1.505	1.7138371E-004
1.506	1.6267183E-004
1.507	1.5280809E-004
1.508	1.4204366E-004
1.509	1.3065597E-004
1.51	1.1894210E-004
1.511	1.0721193E-004
1.512	9.5780546E-005
1.513	8.4960688E-005
1.514	7.5055053E-005
1.515	6.6348883E-005
1.516	5.9102869E-005
1.517	5.3546421E-005
1.518	4.9871716E-005
1.519	4.8228361E-005
1.52	4.8719128E-005
1.521	5.1396466E-005
1.522	5.6260400E-005
1.523	6.3257627E-005
1.524	7.2281771E-005
1.525	8.3175066E-005
1.526	9.5731280E-005
1.527	1.0969988E-004
1.528	1.2479145E-004
1.529	1.4068390E-004
1.53	1.5702979E-004
1.531	1.7346456E-004
1.532	1.8961498E-004
1.533	2.0510823E-004
1.534	2.1958073E-004
1.535	2.3268773E-004
1.536	2.4411133E-004
1.537	2.5356910E-004
1.538	2.6082169E-004
1.539	2.6567921E-004
1.54	2.6800728E-004
1.541	2.6773231E-004
1.542	2.6484425E-004
1.543	2.5939976E-004
1.544	2.5152223E-004
1.545	2.4140091E-004
1.546	2.2928817E-004
1.547	2.1549486E-004
1.548	2.0038358E-004
1.549	1.8436126E-004
1.55	1.6786954E-004
1.551	1.5137513E-004
1.552	1.3535876E-004
1.553	1.2030456E-004
1.554	1.0668897E-004
1.555	9.4969844E-005
1.556	8.5575855E-005
1.557	7.8895901E-005
1.558	7.5269338E-005
1.559	7.4976328E-005
1.56	7.8229372E-005
1.561	8.5165717E-005
1.562	9.5841388E-005
1.563	1.1022687E-004
1.564	1.2820473E-004
1.565	1.4956924E-004
1.566	1.7402841E-004
1.567	2.0120754E-004
1.568	2.3065493E-004
1.569	2.6184978E-004
1.57	2.9421109E-004
1.571	3.2710860E-004
1.572	3.5987579E-004
1.573	3.9182356E-004
1.574	4.2225592E-004
1.575	4.5048684E-004
1.576	4.7585787E-004
1.577	4.9775623E-004
1.578	5.1563157E-004
1.579	5.2901474E-004
1.58	5.3753180E-004
1.581	5.4091908E-004
1.582	5.3903490E-004
1.583	5.3186982E-004
1.584	5.1955349E-004
1.585	5.0236104E-004
1.586	4.8071356E-004
1.587	4.5517919E-004
1.588	4.2647051E-004
1.589	3.9543776E-004
1.59	3.6306234E-004
1.591	3.3044608E-004
1.592	2.9880030E-004
1.593	2.6943063E-004
1.594	2.4372133E-004
1.595	2.2311597E-004
1.596	2.0909692E-004
1.597	2.0316227E-004
1.598	2.0680059E-004
1.599	2.2146563E-004
1.6	2.4854980E-004
1.601	2.8935805E-004
1.602	3.4508327E-004
1.603	4.1678164E-004
1.604	5.0535129E-004
1.605	6.1151135E-004
1.606	7.3578436E-004
1.607	8.7848050E-004
1.608	1.0396844E-003
1.609	1.2192454E-003
1.61	1.4167691E-003
1.611	1.6316159E-003
1.612	1.8629001E-003
1.613	2.1094941E-003
1.614	2.3700350E-003
1.615	2.6429384E-003
1.616	2.9264118E-003
1.617	3.2184746E-003
1.618	3.5169795E-003
1.619	3.8196414E-003
1.62	4.1240607E-003
1.621	4.4277571E-003
1.622	4.7282027E-003
1.623	5.0228522E-003
1.624	5.3091701E-003
1.625	5.5846660E-003
1.626	5.8469223E-003
1.627	6.0936152E-003
1.628	6.3225464E-003
1.629	6.5316698E-003
1.63	6.7191096E-003
1.631	6.8831830E-003
1.632	7.0224372E-003
1.633	7.1356427E-003
1.634	7.2218338E-003
1.635	7.2803008E-003
1.636	7.3106140E-003
1.637	7.3126093E-003
1.638	7.2864029E-003
1.639	7.2323782E-003
1.64	7.1511734E-003
1.641	7.0436895E-003
1.642	6.9110529E-003
1.643	6.7546135E-003
1.644	6.5759229E-003
1.645	6.3767126E-003
1.646	6.1588702E-003
1.647	5.9244111E-003
1.648	5.6754686E-003
1.649	5.4142443E-003
1.65	5.1430156E-003
1.651	4.8640762E-003
1.652	4.5797341E-003
1.653	4.2922716E-003
1.654	4.0039178E-003
1.655	3.7168250E-003
1.656	3.4330336E-003
1.657	3.1544555E-003
1.658	2.8828476E-003
1.659	2.6198030E-003
1.66	2.3667417E-003
1.661	2.1249051E-003
1.662	1.8953541E-003
1.663	1.6789774E-003
1.664	1.4764863E-003
1.665	1.2884201E-003
1.666	1.1151460E-003
1.667	9.5686142E-004
1.668	8.1359473E-004
1.669	6.8521046E-004
1.67	5.7141489E-004
1.671	4.7176768E-004
1.672	3.8569293E-004
1.673	3.1249755E-004
1.674	2.5138812E-004
1.675	2.0149096E-004
1.676	1.6187156E-004
1.677	1.3155353E-004
1.678	1.0953678E-004
1.679	9.4813775E-005
1.68	8.6384731E-005
1.681	8.3271108E-005
1.682	8.4527674E-005
1.683	8.9253444E-005
1.684	9.6601034E-005
1.685	1.0578483E-004
1.686	1.1608748E-004
1.687	1.2686533E-004
1.688	1.3755166E-004
1.689	1.4765938E-004
1.69	1.5678129E-004
1.691	1.6458929E-004
1.692	1.7083289E-004
1.693	1.7533543E-004
1.694	1.7799005E-004
1.695	1.7875458E-004
1.696	1.7764533E-004
1.697	1.7473071E-004
1.698	1.7012429E-004
1.699	1.6397721E-004
1.7	1.5647114E-004
1.701	1.4781092E-004
1.702	1.3821703E-004
1.703	1.2791897E-004
1.704	1.1714879E-004
1.705	1.0613469E-004
1.706	9.5096198E-005
1.707	8.4238833E-005
1.708	7.3750620E-005
1.709	6.3798754E-005
1.71	5.4527060E-005
1.711	4.6054451E-005
1.712	3.8473918E-005
1.713	3.1852182E-005
1.714	2.6229929E-005
1.715	2.1622685E-005
1.716	1.8022116E-005
1.717	1.5397824E-005
1.718	1.3699516E-005
1.719	1.2859582E-005
1.72	1.2795845E-005
1.721	1.3414555E-005
1.722	1.4613441E-005
1.723	1.6284781E-005
1.724	1.8318371E-005
1.725	2.0604382E-005
1.726	2.3035933E-005
1.727	2.5511450E-005
1.728	2.7936716E-005
1.729	3.0226536E-005
1.73	3.2306150E-005
1.731	3.4112210E-005
1.732	3.5593526E-005
1.733	3.6711404E-005
1.734	3.7439673E-005
1.735	3.7764512E-005
1.736	3.7683938E-005
1.737	3.7207006E-005
1.738	3.6352762E-005
1.739	3.5149271E-005
1.74	3.3632019E-005
1.741	3.1842719E-005
1.742	2.9827788E-005
1.743	2.7636886E-005
1.744	2.5321515E-005
1.745	2.2933638E-005
1.746	2.0524389E-005
1.747	1.8142888E-005
1.748	1.5835090E-005
1.749	1.3642798E-005
1.75	1.1602849E-005
1.751	9.7463690E-006
1.752	8.0983027E-006
1.753	6.6770649E-006
1.754	5.4944553E-006
1.755	4.5557194E-006
1.756	3.8597927E-006
1.757	3.3997210E-006
1.758	3.1631980E-006
1.759	3.1332199E-006
1.76	3.2888115E-006
1.761	3.6058109E-006
1.762	4.0576856E-006
1.763	4.6163541E-006
1.764	5.2529963E-006
1.765	5.9388226E-006
1.766	6.6458028E-006
1.767	7.3473170E-006
1.768	8.0187483E-006
1.769	8.6379787E-006
1.77	9.1857792E-006
1.771	9.6461490E-006
1.772	1.0006511E-005
1.773	1.0257833E-005
1.774	1.0394655E-005
1.775	1.0415017E-005
1.776	1.0320289E-005
1.777	1.0114965E-005
1.778	9.8063119E-006
1.779	9.4040415E-006
1.78	8.9198766E-006
1.781	8.3671439E-006
1.782	7.7602917E-006
1.783	7.1144868E-006
1.784	6.4451438E-006
1.785	5.7675243E-006
1.786	5.0963363E-006
1.787	4.4453795E-006
1.788	3.8272192E-006
1.789	3.2529176E-006
1.79	2.7318117E-006
1.791	2.2713582E-006
1.792	1.8770322E-006
1.793	1.5522960E-006
1.794	1.2986192E-006
1.795	1.1155577E-006
1.796	1.0008736E-006
1.797	9.5069902E-007
1.798	9.5973269E-007
1.799	1.0214612E-006
1.8	1.1284038E-006
1.801	1.2723661E-006
1.802	1.4447022E-006
1.803	1.6365734E-006
1.804	1.8392009E-006
1.805	2.0441012E-006
1.806	2.2433012E-006
1.807	2.4295312E-006
1.808	2.5963823E-006
1.809	2.7384358E-006
1.81	2.8513587E-006
1.811	2.9319597E-006
1.812	2.9782134E-006
1.813	2.9892476E-006
1.814	2.9653033E-006
1.815	2.9076618E-006
1.816	2.8185414E-006
1.817	2.7009867E-006
1.818	2.5587267E-006
1.819	2.3960313E-006
1.82	2.2175552E-006
1.821	2.0281830E-006
1.822	1.8328747E-006
1.823	1.6365211E-006
1.824	1.4438059E-006
1.825	1.2590801E-006
1.826	1.0862558E-006
1.827	9.2871159E-007
1.828	7.8922415E-007
1.829	6.6991407E-007
1.83	5.7221609E-007
1.831	4.9687162E-007
1.832	4.4393889E-007
1.833	4.1282610E-007
1.834	4.0234042E-007
1.835	4.1075319E-007
1.836	4.3587858E-007
1.837	4.7516173E-007
1.838	5.2577468E-007
1.839	5.8471500E-007
1.84	6.4890509E-007
1.841	7.1528933E-007
1.842	7.8092410E-007
1.843	8.4306038E-007
1.844	8.9921525E-007
1.845	9.4723453E-007
1.846	9.8533906E-007
1.847	1.0121611E-006
1.848	1.0267682E-006
1.849	1.0286706E-006
1.85	1.0178194E-006
1.851	9.9458964E-007
1.852	9.5975520E-007
1.853	9.1444741E-007
1.854	8.6010840E-007
1.855	7.9843539E-007
1.856	7.3131849E-007
1.857	6.6077399E-007
1.858	5.8887878E-007
1.859	5.1770240E-007
1.86	4.4924329E-007
1.861	3.8537129E-007
1.862	3.2777311E-007
1.863	2.7790810E-007
1.864	2.3697119E-007
1.865	2.0586481E-007
1.866	1.8518112E-007
1.867	1.7519277E-007
1.868	1.7585420E-007
1.869	1.8681126E-007
1.87	2.0742021E-007
1.871	2.3677426E-007
1.872	2.7373704E-007
1.873	3.1698212E-007
1.874	3.6503724E-007
1.875	4.1633066E-007
1.876	4.6924006E-007
1.877	5.2214097E-007
1.878	5.7345386E-007
1.879	6.2168846E-007
1.88	6.6548392E-007
1.881	7.0364337E-007
1.882	7.3516560E-007
1.883	7.5926511E-007
1.884	7.7539056E-007
1.885	7.8323336E-007
1.886	7.8272950E-007
1.887	7.7405565E-007
1.888	7.5761653E-007
1.889	7.3402992E-007
1.89	7.0410232E-007
1.891	6.6880233E-007
1.892	6.2923107E-007
1.893	5.8658725E-007
1.894	5.4213405E-007
1.895	4.9716272E-007
1.896	4.5295650E-007
1.897	4.1075847E-007
1.898	3.7173805E-007
1.899	3.3696281E-007
1.9	3.0737223E-007
1.901	2.8375749E-007
1.902	2.6674348E-007
1.903	2.5677855E-007
1.904	2.5412751E-007
1.905	2.5887027E-007
1.906	2.7090556E-007
1.907	2.8995919E-007
1.908	3.1559645E-007
1.909	3.4723703E-007
1.91	3.8417494E-007
1.911	4.2559881E-007
1.912	4.7061550E-007
1.913	5.1827334E-007
1.914	5.6758785E-007
1.915	6.1756560E-007
1.916	6.6722788E-007
1.917	7.1563414E-007
1.918	7.6190184E-007
1.919	8.0522511E-007
1.92	8.4489062E-007
1.921	8.8029054E-007
1.922	9.1093182E-007
1.923	9.3644309E-007
1.924	9.5657742E-007
1.925	9.7121313E-007
1.926	9.8035002E-007
1.927	9.8410533E-007
1.928	9.8270527E-007
1.929	9.7647592E-007
1.93	9.6583153E-007
1.931	9.5126330E-007
1.932	9.3332301E-007
1.933	9.1261222E-007
1.934	8.8976566E-007
1.935	8.6543912E-007
1.936	8.4029523E-007
1.937	8.1499235E-007
1.938	7.9017468E-007
1.939	7.6646234E-007
1.94	7.4444324E-007
1.941	7.2466702E-007
1.942	7.0763707E-007
1.943	6.9380491E-007
1.944	6.8356570E-007
1.945	6.7725205E-007
1.946	6.7513173E-007
1.947	6.7740399E-007
1.948	6.8419769E-007
1.949	6.9557092E-007
1.95	7.1151067E-007
1.951	7.3193360E-007
1.952	7.5668879E-007
1.953	7.8555820E-007
1.954	8.1826101E-007
1.955	8.5445600E-007
1.956	8.9374453E-007
1.957	9.3567587E-007
1.958	9.7975135E-007
1.959	1.0254294E-006
1.96	1.0721326E-006
1.961	1.1192523E-006
1.962	1.1661583E-006
1.963	1.2122071E-006
1.964	1.2567482E-006
1.965	1.2991380E-006
1.966	1.3387460E-006
1.967	1.3749697E-006
1.968	1.4072435E-006
1.969	1.4350522E-006
1.97	1.4579405E-006
1.971	1.4755287E-006
1.972	1.4875202E-006
1.973	1.4937143E-006
1.974	1.4940148E-006
1.975	1.4884373E-006
1.976	1.4771173E-006
1.977	1.4603103E-006
1.978	1.4383978E-006
1.979	1.4118823E-006
1.98	1.3813861E-006
1.981	1.3476414E-006
1.982	1.3114836E-006
1.983	1.2738360E-006
1.984	1.2356927E-006
1.985	1.1981016E-006
1.986	1.1621419E-006
1.987	1.1289011E-006
1.988	1.0994504E-006
1.989	1.0748200E-006
1.99	1.0559736E-006
1.991	1.0437839E-006
1.992	1.0390074E-006
1.993	1.0422625E-006
1.994	1.0540092E-006
1.995	1.0745317E-006
1.996	1.1039239E-006
1.997	1.1420765E-006
1.998	1.1886763E-006
1.999	1.2432004E-006
2	1.3049222E-006
2.001	1.3729205E-006
2.002	1.4460948E-006
2.003	1.5231825E-006
2.004	1.6027861E-006
2.005	1.6834016E-006
2.006	1.7634489E-006
2.007	1.8413099E-006
2.008	1.9153656E-006
2.009	1.9840368E-006
2.01	2.0458231E-006
2.011	2.0993427E-006
2.012	2.1433705E-006
2.013	2.1768733E-006
2.014	2.1990404E-006
2.015	2.2093111E-006
2.016	2.2073914E-006
2.017	2.1932760E-006
2.018	2.1672449E-006
2.019	2.1298758E-006
2.02	2.0820303E-006
2.021	2.0248474E-006
2.022	1.9597207E-006
2.023	1.8882754E-006
2.024	1.8123363E-006
2.025	1.7338895E-006
2.026	1.6550385E-006
2.027	1.5779582E-006
2.028	1.5048398E-006
2.029	1.4378386E-006
2.03	1.3790188E-006
2.031	1.3302956E-006
2.032	1.2933876E-006
2.033	1.2697626E-006
2.034	1.2606008E-006
2.035	1.2667552E-006
2.036	1.2887216E-006
2.037	1.3266229E-006
2.038	1.3801919E-006
2.039	1.4487727E-006
2.04	1.5313261E-006
2.041	1.6264463E-006
2.042	1.7323846E-006
2.043	1.8470854E-006
2.044	1.9682261E-006
2.045	2.0932760E-006
2.046	2.2195402E-006
2.047	2.3442392E-006
2.048	2.4645665E-006
2.049	2.5777640E-006
2.05	2.6811913E-006
2.051	2.7723968E-006
2.052	2.8491804E-006
2.053	2.9096586E-006
2.054	2.9523114E-006
2.055	2.9760329E-006
2.056	2.9801608E-006
2.057	2.9645043E-006
2.058	2.9293562E-006
2.059	2.8754946E-006
2.06	2.8041729E-006
2.061	2.7170993E-006
2.062	2.6164025E-006
2.063	2.5045931E-006
2.064	2.3845005E-006
2.065	2.2592187E-006
2.066	2.1320336E-006
2.067	2.0063389E-006
2.068	1.8855577E-006
2.069	1.7730572E-006
2.07	1.6720621E-006
2.071	1.5855700E-006
2.072	1.5162758E-006
2.073	1.4664982E-006
2.074	1.4381127E-006
2.075	1.4325029E-006
2.076	1.4505121E-006
2.077	1.4924155E-006
2.078	1.5579008E-006
2.079	1.6460639E-006
2.08	1.7554236E-006
2.081	1.8839443E-006
2.082	2.0290781E-006
2.083	2.1878193E-006
2.084	2.3567775E-006
2.085	2.5322497E-006
2.086	2.7103104E-006
2.087	2.8869119E-006
2.088	3.0579768E-006
2.089	3.2195039E-006
2.09	3.3676679E-006
2.091	3.4989127E-006
2.092	3.6100469E-006
2.093	3.6983256E-006
2.094	3.7615225E-006
2.095	3.7979939E-006
2.096	3.8067240E-006
2.097	3.7873633E-006
2.098	3.7402483E-006
2.099	3.6664044E-006
2.1	3.5675339E-006
2.101	3.4459865E-006
2.102	3.3047172E-006
2.103	3.1472189E-006
2.104	2.9774492E-006
2.105	2.7997373E-006
2.106	2.6186831E-006
2.107	2.4390392E-006
2.108	2.2656027E-006
2.109	2.1030828E-006
2.11	1.9559927E-006
2.111	1.8285240E-006
2.112	1.7244449E-006
2.113	1.6469987E-006
2.114	1.5988167E-006
2.115	1.5818442E-006
2.116	1.5972862E-006
2.117	1.6455609E-006
2.118	1.7262860E-006
2.119	1.8382684E-006
2.12	1.9795275E-006
2.121	2.1473309E-006
2.122	2.3382502E-006
2.123	2.5482379E-006
2.124	2.7727135E-006
2.125	3.0066753E-006
2.126	3.2448074E-006
2.127	3.4816153E-006
2.128	3.7115494E-006
2.129	3.9291513E-006
2.13	4.1291905E-006
2.131	4.3067907E-006
2.132	4.4575718E-006
2.133	4.5777510E-006
2.134	4.6642604E-006
2.135	4.7148264E-006
2.136	4.7280314E-006
2.137	4.7033727E-006
2.138	4.6412747E-006
2.139	4.5431111E-006
2.14	4.4111639E-006
2.141	4.2485949E-006
2.142	4.0593804E-006
2.143	3.8482181E-006
2.144	3.6204171E-006
2.145	3.3817792E-006
2.146	3.1384554E-006
2.147	2.8967931E-006
2.148	2.6631799E-006
2.149	2.4438843E-006
2.15	2.2448946E-006
2.151	2.0717689E-006
2.152	1.9294853E-006
2.153	1.8223224E-006
2.154	1.7537409E-006
2.155	1.7262948E-006
2.156	1.7415604E-006
2.157	1.8000923E-006
2.158	1.9014002E-006
2.159	2.0439552E-006
2.16	2.2252125E-006
2.161	2.4416627E-006
2.162	2.6889034E-006
2.163	2.9617304E-006
2.164	3.2542453E-006
2.165	3.5599894E-006
2.166	3.8720827E-006
2.167	4.1833773E-006
2.168	4.4866374E-006
2.169	4.7746989E-006
2.17	5.0406588E-006
2.171	5.2780456E-006
2.172	5.4809939E-006
2.173	5.6444028E-006
2.174	5.7640900E-006
2.175	5.8368969E-006
2.176	5.8608007E-006
2.177	5.8349715E-006
2.178	5.7598104E-006
2.179	5.6369640E-006
2.18	5.4692782E-006
2.181	5.2607575E-006
2.182	5.0164699E-006
2.183	4.7424392E-006
2.184	4.4455132E-006
2.185	4.1331932E-006
2.186	3.8134733E-006
2.187	3.4946447E-006
2.188	3.1850909E-006
2.189	2.8930888E-006
2.19	2.6265968E-006
2.191	2.3930613E-006
2.192	2.1992187E-006
2.193	2.0509246E-006
2.194	1.9530028E-006
2.195	1.9091040E-006
2.196	1.9216129E-006
2.197	1.9915606E-006
2.198	2.1185845E-006
2.199	2.3009159E-006
2.2	2.5354004E-006
2.201	2.8175580E-006
2.202	3.1416712E-006
2.203	3.5009105E-006
2.204	3.8874887E-006
2.205	4.2928423E-006
2.206	4.7078288E-006
2.207	5.1229504E-006
2.208	5.5285800E-006
2.209	5.9151976E-006
2.21	6.2736308E-006
2.211	6.5952777E-006
2.212	6.8723289E-006
2.213	7.0979709E-006
2.214	7.2665621E-006
2.215	7.3737901E-006
2.216	7.4167888E-006
2.217	7.3942265E-006
2.218	7.3063597E-006
2.219	7.1550435E-006
2.22	6.9437160E-006
2.221	6.6773277E-006
2.222	6.3622488E-006
2.223	6.0061398E-006
2.224	5.6177864E-006
2.225	5.2069058E-006
2.226	4.7839280E-006
2.227	4.3597538E-006
2.228	3.9455044E-006
2.229	3.5522473E-006
2.23	3.1907302E-006
2.231	2.8711072E-006
2.232	2.6026789E-006
2.233	2.3936577E-006
2.234	2.2509380E-006
2.235	2.1799183E-006
2.236	2.1843357E-006
2.237	2.2661568E-006
2.238	2.4254975E-006
2.239	2.6605876E-006
2.24	2.9677851E-006
2.241	3.3416318E-006
2.242	3.7749542E-006
2.243	4.2590059E-006
2.244	4.7836597E-006
2.245	5.3376339E-006
2.246	5.9087492E-006
2.247	6.4842111E-006
2.248	7.0509241E-006
2.249	7.5958005E-006
2.25	8.1060907E-006
2.251	8.5696847E-006
2.252	8.9754330E-006
2.253	9.3134249E-006
2.254	9.5752475E-006
2.255	9.7542179E-006
2.256	9.8455766E-006
2.257	9.8466298E-006
2.258	9.7568591E-006
2.259	9.5779678E-006
2.26	9.3138815E-006
2.261	8.9706837E-006
2.262	8.5565198E-006
2.263	8.0814234E-006
2.264	7.5571056E-006
2.265	6.9967064E-006
2.266	6.4145056E-006
2.267	5.8255864E-006
2.268	5.2454966E-006
2.269	4.6898776E-006
2.27	4.1740873E-006
2.271	3.7128200E-006
2.272	3.3197521E-006
2.273	3.0071892E-006
2.274	2.7857507E-006
2.275	2.6640901E-006
2.276	2.6486575E-006
2.277	2.7435044E-006
2.278	2.9501498E-006
2.279	3.2674836E-006
2.28	3.6917420E-006
2.281	4.2165361E-006
2.282	4.8329293E-006
2.283	5.5296055E-006
2.284	6.2930685E-006
2.285	7.1079185E-006
2.286	7.9571873E-006
2.287	8.8227134E-006
2.288	9.6855629E-006
2.289	1.0526477E-005
2.29	1.1326348E-005
2.291	1.2066684E-005
2.292	1.2730064E-005
2.293	1.3300599E-005
2.294	1.3764337E-005
2.295	1.4109639E-005
2.296	1.4327507E-005
2.297	1.4411861E-005
2.298	1.4359740E-005
2.299	1.4171461E-005
2.3	1.3850678E-005
2.301	1.3404381E-005
2.302	1.2842809E-005
2.303	1.2179297E-005
2.304	1.1430022E-005
2.305	1.0613692E-005
2.306	9.7511802E-006
2.307	8.8650640E-006
2.308	7.9791362E-006
2.309	7.1178711E-006
2.31	6.3058496E-006
2.311	5.5671831E-006
2.312	4.9249252E-006
2.313	4.4004983E-006
2.314	4.0131449E-006
2.315	3.7794150E-006
2.316	3.7127156E-006
2.317	3.8228995E-006
2.318	4.1159460E-006
2.319	4.5937022E-006
2.32	5.2537189E-006
2.321	6.0891748E-006
2.322	7.0888946E-006
2.323	8.2374827E-006
2.324	9.5155656E-006
2.325	1.0900140E-005
2.326	1.2365051E-005
2.327	1.3881542E-005
2.328	1.5418911E-005
2.329	1.6945191E-005
2.33	1.8427872E-005
2.331	1.9834684E-005
2.332	2.1134267E-005
2.333	2.2296950E-005
2.334	2.3295410E-005
2.335	2.4105384E-005
2.336	2.4706307E-005
2.337	2.5081954E-005
2.338	2.5220972E-005
2.339	2.5117388E-005
2.34	2.4770987E-005
2.341	2.4187557E-005
2.342	2.3379009E-005
2.343	2.2363358E-005
2.344	2.1164522E-005
2.345	1.9811980E-005
2.346	1.8340306E-005
2.347	1.6788530E-005
2.348	1.5199409E-005
2.349	1.3618561E-005
2.35	1.2093579E-005
2.351	1.0672978E-005
2.352	9.4051529E-006
2.353	8.3373016E-006
2.354	7.5143089E-006
2.355	6.9776552E-006
2.356	6.7643327E-006
2.357	6.9058242E-006
2.358	7.4271188E-006
2.359	8.3458453E-006
2.36	9.6715075E-006
2.361	1.1404844E-005
2.362	1.3537437E-005
2.363	1.6051436E-005
2.364	1.8919596E-005
2.365	2.2105469E-005
2.366	2.5563881E-005
2.367	2.9241572E-005
2.368	3.3078071E-005
2.369	3.7006677E-005
2.37	4.0955692E-005
2.371	4.4849690E-005
2.372	4.8611088E-005
2.373	5.2161675E-005
2.374	5.5424429E-005
2.375	5.8325400E-005
2.376	6.0795504E-005
2.377	6.2772553E-005
2.378	6.4203166E-005
2.379	6.5044413E-005
2.38	6.5265805E-005
2.381	6.4850654E-005
2.382	6.3797495E-005
2.383	6.2121442E-005
2.384	5.9855047E-005
2.385	5.7049132E-005
2.386	5.3773234E-005
2.387	5.0115850E-005
2.388	4.6184159E-005
2.389	4.2103675E-005
2.39	3.8017341E-005
2.391	3.4084384E-005
2.392	3.0478826E-005
2.393	2.7387670E-005
2.394	2.5008747E-005
2.395	2.3548368E-005
2.396	2.3218665E-005
2.397	2.4234725E-005
2.398	2.6811576E-005
2.399	3.1161017E-005
2.4	3.7488342E-005
2.401	4.5989000E-005
2.402	5.6845289E-005
2.403	7.0222974E-005
2.404	8.6268119E-005
2.405	1.0510394E-004
2.406	1.2682786E-004
2.407	1.5150898E-004
2.408	1.7918553E-004
2.409	2.0986337E-004
2.41	2.4351396E-004
2.411	2.8007361E-004
2.412	3.1944260E-004
2.413	3.6148514E-004
2.414	4.0602894E-004
2.415	4.5286625E-004
2.416	5.0175522E-004
2.417	5.5242109E-004
2.418	6.0455833E-004
2.419	6.5783528E-004
2.42	7.1189558E-004
2.421	7.6636398E-004
2.422	8.2085020E-004
2.423	8.7495358E-004
2.424	9.2826679E-004
2.425	9.8038139E-004
2.426	1.0308906E-003
2.427	1.0793913E-003
2.428	1.1254930E-003
2.429	1.1688157E-003
2.43	1.2089973E-003
2.431	1.2456968E-003
2.432	1.2785974E-003
2.433	1.3074134E-003
2.434	1.3318907E-003
2.435	1.3518117E-003
2.436	1.3669988E-003
2.437	1.3773142E-003
2.438	1.3826641E-003
2.439	1.3829991E-003
2.44	1.3783141E-003
2.441	1.3686495E-003
2.442	1.3540891E-003
2.443	1.3347628E-003
2.444	1.3108409E-003
2.445	1.2825347E-003
2.446	1.2500947E-003
2.447	1.2138053E-003
2.448	1.1739826E-003
2.449	1.1309703E-003
2.45	1.0851348E-003
2.451	1.0368621E-003
2.452	9.8655059E-004
2.453	9.3460758E-004
2.454	8.8144589E-004
2.455	8.2747691E-004
2.456	7.7310810E-004
2.457	7.1873784E-004
2.458	6.6475343E-004
2.459	6.1152485E-004
2.46	5.5940356E-004
2.461	5.0871813E-004
2.462	4.5977088E-004
2.463	4.1283481E-004
2.464	3.6815190E-004
2.465	3.2592934E-004
2.466	2.8633932E-004
2.467	2.4951753E-004
2.468	2.1556258E-004
2.469	1.8453746E-004
2.47	1.5646969E-004
2.471	1.3135387E-004
2.472	1.0915290E-004
2.473	8.9800851E-005
2.474	7.3205054E-005
2.475	5.9248996E-005
2.476	4.7794583E-005
2.477	3.8684950E-005
2.478	3.1747109E-005
2.479	2.6794831E-005
2.48	2.3631495E-005
2.481	2.2053202E-005
2.482	2.1851816E-005
2.483	2.2818111E-005
2.484	2.4744799E-005
2.485	2.7429474E-005
2.486	3.0677318E-005
2.487	3.4303517E-005
2.488	3.8135506E-005
2.489	4.2014672E-005
2.49	4.5797995E-005
2.491	4.9359111E-005
2.492	5.2589188E-005
2.493	5.5397479E-005
2.494	5.7711517E-005
2.495	5.9477024E-005
2.496	6.0657567E-005
2.497	6.1233841E-005
2.498	6.1202896E-005
2.499	6.0576818E-005
2.5	5.9381466E-005
2.501	5.7654936E-005
2.502	5.5445893E-005
2.503	5.2811789E-005
2.504	4.9816997E-005
2.505	4.6530979E-005
2.506	4.3026430E-005
2.507	3.9377443E-005
2.508	3.5657813E-005
2.509	3.1939406E-005
2.51	2.8290695E-005
2.511	2.4775434E-005
2.512	2.1451593E-005
2.513	1.8370365E-005
2.514	1.5575504E-005
2.515	1.3102719E-005
2.516	1.0979365E-005
2.517	9.2242253E-006
2.518	7.8475241E-006
2.519	6.8510449E-006
2.52	6.2284262E-006
2.521	5.9656250E-006
2.522	6.0414850E-006
2.523	6.4284673E-006
2.524	7.0934984E-006
2.525	7.9989186E-006
2.526	9.1035163E-006
2.527	1.0363598E-005
2.528	1.1734106E-005
2.529	1.3169695E-005
2.53	1.4625788E-005
2.531	1.6059535E-005
2.532	1.7430710E-005
2.533	1.8702467E-005
2.534	1.9841993E-005
2.535	2.0821028E-005
2.536	2.1616323E-005
2.537	2.2209873E-005
2.538	2.2589194E-005
2.539	2.2747288E-005
2.54	2.2682711E-005
2.541	2.2399343E-005
2.542	2.1906128E-005
2.543	2.1216752E-005
2.544	2.0349062E-005
2.545	1.9324580E-005
2.546	1.8167804E-005
2.547	1.6905571E-005
2.548	1.5566351E-005
2.549	1.4179501E-005
2.55	1.2774605E-005
2.551	1.1380830E-005
2.552	1.0026255E-005
2.553	8.7373237E-006
2.554	7.5383009E-006
2.555	6.4507735E-006
2.556	5.4932525E-006
2.557	4.6807918E-006
2.558	4.0247337E-006
2.559	3.5325186E-006
2.56	3.2076018E-006
2.561	3.0494693E-006
2.562	3.0537560E-006
2.563	3.2124581E-006
2.564	3.5142209E-006
2.565	3.9447127E-006
2.566	4.4870399E-006
2.567	5.1222296E-006
2.568	5.8297246E-006
2.569	6.5879099E-006
2.57	7.3746446E-006
2.571	8.1677881E-006
2.572	8.9457017E-006
2.573	9.6877448E-006
2.574	1.0374719E-005
2.575	1.0989283E-005
2.576	1.1516298E-005
2.577	1.1943145E-005
2.578	1.2259939E-005
2.579	1.2459706E-005
2.58	1.2538470E-005
2.581	1.2495265E-005
2.582	1.2332072E-005
2.583	1.2053702E-005
2.584	1.1667588E-005
2.585	1.1183563E-005
2.586	1.0613538E-005
2.587	9.9711933E-006
2.588	9.2716045E-006
2.589	8.5308848E-006
2.59	7.7657623E-006
2.591	6.9932230E-006
2.592	6.2300960E-006
2.593	5.4926682E-006
2.594	4.7963285E-006
2.595	4.1552112E-006
2.596	3.5818921E-006
2.597	3.0871136E-006
2.598	2.6795640E-006
2.599	2.3657101E-006
2.6	2.1496753E-006
2.601	2.0332011E-006
2.602	2.0156363E-006
2.603	2.0940090E-006
2.604	2.2631393E-006
2.605	2.5158076E-006
2.606	2.8429620E-006
2.607	3.2339728E-006
2.608	3.6769134E-006
2.609	4.1588664E-006
2.61	4.6662540E-006
2.611	5.1851644E-006
2.612	5.7016955E-006
2.613	6.2022882E-006
2.614	6.6740358E-006
2.615	7.1049944E-006
2.616	7.4844397E-006
2.617	7.8031062E-006
2.618	8.0533828E-006
2.619	8.2294564E-006
2.62	8.3274153E-006
2.621	8.3452987E-006
2.622	8.2831039E-006
2.623	8.1427424E-006
2.624	7.9279762E-006
2.625	7.6442757E-006
2.626	7.2986863E-006
2.627	6.8996274E-006
2.628	6.4566916E-006
2.629	5.9803874E-006
2.63	5.4818761E-006
2.631	4.9727028E-006
2.632	4.4644930E-006
2.633	3.9686752E-006
2.634	3.4962004E-006
2.635	3.0572849E-006
2.636	2.6611735E-006
2.637	2.3159357E-006
2.638	2.0282976E-006
2.639	1.8035046E-006
2.64	1.6452249E-006
2.641	1.5554859E-006
2.642	1.5346504E-006
2.643	1.5814304E-006
2.644	1.6929368E-006
2.645	1.8647701E-006
2.646	2.0911411E-006
2.647	2.3650302E-006
2.648	2.6783807E-006
2.649	3.0223034E-006
2.65	3.3873130E-006
2.651	3.7635655E-006
2.652	4.1411113E-006
2.653	4.5101310E-006
2.654	4.8611723E-006
2.655	5.1853704E-006
2.656	5.4746474E-006
2.657	5.7218972E-006
2.658	5.9211266E-006
2.659	6.0675989E-006
2.66	6.1579117E-006
2.661	6.1900732E-006
2.662	6.1635178E-006
2.663	6.0791103E-006
2.664	5.9391095E-006
2.665	5.7470861E-006
2.666	5.5078413E-006
2.667	5.2272526E-006
2.668	4.9121495E-006
2.669	4.5701099E-006
2.67	4.2092861E-006
2.671	3.8381913E-006
2.672	3.4654906E-006
2.673	3.0997849E-006
2.674	2.7493998E-006
2.675	2.4221904E-006
2.676	2.1253509E-006
2.677	1.8652484E-006
2.678	1.6472815E-006
2.679	1.4757580E-006
2.68	1.3538086E-006
2.681	1.2833204E-006
2.682	1.2649120E-006
2.683	1.2979324E-006
2.684	1.3804917E-006
2.685	1.5095234E-006
2.686	1.6808729E-006
2.687	1.8894146E-006
2.688	2.1291869E-006
2.689	2.3935490E-006
2.69	2.6753530E-006
2.691	2.9671210E-006
2.692	3.2612334E-006
2.693	3.5501128E-006
2.694	3.8264002E-006
2.695	4.0831305E-006
2.696	4.3138934E-006
2.697	4.5129791E-006
2.698	4.6755026E-006
2.699	4.7975177E-006
2.7	4.8761108E-006
2.701	4.9094497E-006
2.702	4.8968323E-006
2.703	4.8386887E-006
2.704	4.7365661E-006
2.705	4.5930701E-006
2.706	4.4118037E-006
2.707	4.1972548E-006
2.708	3.9546881E-006
2.709	3.6899919E-006
2.71	3.4095410E-006
2.711	3.1200261E-006
2.712	2.8282923E-006
2.713	2.5411682E-006
2.714	2.2653051E-006
2.715	2.0070136E-006
2.716	1.7721161E-006
2.717	1.5658117E-006
2.718	1.3925538E-006
2.719	1.2559484E-006
2.72	1.1586750E-006
2.721	1.1024288E-006
2.722	1.0878883E-006
2.723	1.1147109E-006
2.724	1.1815503E-006
2.725	1.2860979E-006
2.726	1.4251500E-006
2.727	1.5946891E-006
2.728	1.7899918E-006
2.729	2.0057464E-006
2.73	2.2361883E-006
2.731	2.4752435E-006
2.732	2.7166836E-006
2.733	2.9542766E-006
2.734	3.1819461E-006
2.735	3.3939182E-006
2.736	3.5848618E-006
2.737	3.7500204E-006
2.738	3.8853182E-006
2.739	3.9874594E-006
2.74	4.0539953E-006
2.741	4.0833829E-006
2.742	4.0750042E-006
2.743	4.0291770E-006
2.744	3.9471402E-006
2.745	3.8310000E-006
2.746	3.6836857E-006
2.747	3.5088565E-006
2.748	3.3108140E-006
2.749	3.0943816E-006
2.75	2.8647910E-006
2.751	2.6275452E-006
2.752	2.3882878E-006
2.753	2.1526635E-006
2.754	1.9261818E-006
2.755	1.7140885E-006
2.756	1.5212416E-006
2.757	1.3519950E-006
2.758	1.2100991E-006
2.759	1.0986085E-006
2.76	1.0198153E-006
2.761	9.7519273E-007
2.762	9.6536644E-007
2.763	9.9010060E-007
2.764	1.0483129E-006
2.765	1.1381043E-006
2.766	1.2568156E-006
2.767	1.4010991E-006
2.768	1.5670063E-006
2.769	1.7500912E-006
2.77	1.9455204E-006
2.771	2.1481965E-006
2.772	2.3528837E-006
2.773	2.5543350E-006
2.774	2.7474277E-006
2.775	2.9272792E-006
2.776	3.0893768E-006
2.777	3.2296800E-006
2.778	3.3447213E-006
2.779	3.4316870E-006
2.78	3.4884770E-006
2.781	3.5137523E-006
2.782	3.5069595E-006
2.783	3.4683333E-006
2.784	3.3988836E-006
2.785	3.3003641E-006
2.786	3.1752249E-006
2.787	3.0265464E-006
2.788	2.8579666E-006
2.789	2.6735854E-006
2.79	2.4778690E-006
2.791	2.2755407E-006
2.792	2.0714592E-006
2.793	1.8705023E-006
2.794	1.6774451E-006
2.795	1.4968386E-006
2.796	1.3329010E-006
2.797	1.1894103E-006
2.798	1.0696156E-006
2.799	9.7615919E-007
2.8	9.1101731E-007
2.801	8.7545396E-007
2.802	8.6999796E-007
2.803	8.9443267E-007
2.804	9.4780734E-007
2.805	1.0284648E-006
2.806	1.1340867E-006
2.807	1.2617517E-006
2.808	1.4080154E-006
2.809	1.5689943E-006
2.81	1.7404689E-006
2.811	1.9179881E-006
2.812	2.0969846E-006
2.813	2.2728902E-006
2.814	2.4412457E-006
2.815	2.5978156E-006
2.816	2.7386841E-006
2.817	2.8603520E-006
2.818	2.9598152E-006
2.819	3.0346312E-006
2.82	3.0829749E-006
2.821	3.1036802E-006
2.822	3.0962622E-006
2.823	3.0609283E-006
2.824	2.9985736E-006
2.825	2.9107509E-006
2.826	2.7996405E-006
2.827	2.6679825E-006
2.828	2.5190166E-006
2.829	2.3563914E-006
2.83	2.1840729E-006
2.831	2.0062446E-006
2.832	1.8271967E-006
2.833	1.6512271E-006
2.834	1.4825297E-006
2.835	1.3250964E-006
2.836	1.1826198E-006
2.837	1.0584054E-006
2.838	9.5529379E-007
2.839	8.7559368E-007
2.84	8.2102702E-007
2.841	7.9269074E-007
2.842	7.9103165E-007
2.843	8.1583994E-007
2.844	8.6625812E-007
2.845	9.4080514E-007
2.846	1.0374154E-006
2.847	1.1534919E-006
2.848	1.2859723E-006
2.849	1.4314031E-006
2.85	1.5860281E-006
2.851	1.7458782E-006
2.852	1.9068719E-006
2.853	2.0649147E-006
2.854	2.2160050E-006
2.855	2.3563277E-006
2.856	2.4823528E-006
2.857	2.5909228E-006
2.858	2.6793280E-006
2.859	2.7453725E-006
2.86	2.7874271E-006
2.861	2.8044674E-006
2.862	2.7960950E-006
2.863	2.7625456E-006
2.864	2.7046774E-006
2.865	2.6239486E-006
2.866	2.5223742E-006
2.867	2.4024753E-006
2.868	2.2672061E-006
2.869	2.1198882E-006
2.87	1.9641145E-006
2.871	1.8036698E-006
2.872	1.6424318E-006
2.873	1.4842793E-006
2.874	1.3330001E-006
2.875	1.1921984E-006
2.876	1.0652118E-006
2.877	9.5502912E-007
2.878	8.6421846E-007
2.879	7.9486608E-007
2.88	7.4852358E-007
2.881	7.2617138E-007
2.882	7.2819421E-007
2.883	7.5437242E-007
2.884	8.0388918E-007
2.885	8.7535244E-007
2.886	9.6683220E-007
2.887	1.0759094E-006
2.888	1.1997394E-006
2.889	1.3351251E-006
2.89	1.4785983E-006
2.891	1.6265030E-006
2.892	1.7750932E-006
2.893	1.9206193E-006
2.894	2.0594257E-006
2.895	2.1880330E-006
2.896	2.3032328E-006
2.897	2.4021533E-006
2.898	2.4823387E-006
2.899	2.5418005E-006
2.9	2.5790696E-006
2.901	2.5932263E-006
2.902	2.5839238E-006
2.903	2.5513923E-006
2.904	2.4964347E-006
2.905	2.4204048E-006
2.906	2.3251716E-006
2.907	2.2130741E-006
2.908	2.0868638E-006
2.909	1.9496306E-006
2.91	1.8047323E-006
2.911	1.6557045E-006
2.912	1.5061755E-006
2.913	1.3597743E-006
2.914	1.2200395E-006
2.915	1.0903349E-006
2.916	9.7376540E-007
2.917	8.7310150E-007
2.918	7.9071452E-007
2.919	7.2851776E-007
2.92	6.8792212E-007
2.921	6.6980476E-007
2.922	6.7448929E-007
2.923	7.0174093E-007
2.924	7.5077583E-007
2.925	8.2028163E-007
2.926	9.0845140E-007
2.927	1.0130282E-006
2.928	1.1313567E-006
2.929	1.2604518E-006
2.93	1.3970653E-006
2.931	1.5377649E-006
2.932	1.6790192E-006
2.933	1.8172834E-006
2.934	1.9490881E-006
2.935	2.0711257E-006
2.936	2.1803341E-006
2.937	2.2739739E-006
2.938	2.3496971E-006
2.939	2.4056055E-006
2.94	2.4403030E-006
2.941	2.4529247E-006
2.942	2.4431599E-006
2.943	2.4112576E-006
2.944	2.3580201E-006
2.945	2.2847746E-006
2.946	2.1933395E-006
2.947	2.0859736E-006
2.948	1.9653173E-006
2.949	1.8343256E-006
2.95	1.6961981E-006
2.951	1.5542973E-006
2.952	1.4120742E-006
2.953	1.2729854E-006
2.954	1.1404117E-006
2.955	1.0175791E-006
2.956	9.0747602E-007
2.957	8.1278540E-007
2.958	7.3581003E-007
2.959	6.7841637E-007
2.96	6.4198525E-007
2.961	6.2737558E-007
2.962	6.3490330E-007
2.963	6.6433415E-007
2.964	7.1489023E-007
2.965	7.8527285E-007
2.966	8.7369665E-007
2.967	9.7793418E-007
2.968	1.0953740E-006
2.969	1.2230847E-006
2.97	1.3578875E-006
2.971	1.4964347E-006
2.972	1.6352894E-006
2.973	1.7710111E-006
2.974	1.9002398E-006
2.975	2.0197758E-006
2.976	2.1266555E-006
2.977	2.2182303E-006
2.978	2.2922225E-006
2.979	2.3467876E-006
2.98	2.3805555E-006
2.981	2.3926709E-006
2.982	2.3828059E-006
2.983	2.3511786E-006
2.984	2.2985460E-006
2.985	2.2261816E-006
2.986	2.1358469E-006
2.987	2.0297509E-006
2.988	1.9104914E-006
2.989	1.7809936E-006
2.99	1.6444366E-006
2.991	1.5041753E-006
2.992	1.3636602E-006
2.993	1.2263505E-006
2.994	1.0956288E-006
2.995	9.7472002E-007
2.996	8.6660935E-007
2.997	7.7397033E-007
2.998	6.9909828E-007
2.999	6.4385472E-007
3	6.0962117E-007
3.001	5.9726693E-007
3.002	6.0712711E-007
3.003	6.3899438E-007
3.004	6.9212410E-007
3.005	7.6525123E-007
3.006	8.5662072E-007
3.007	9.6402698E-007
3.008	1.0848690E-006
3.009	1.2162102E-006
3.01	1.3548513E-006
3.011	1.4974050E-006
3.012	1.6403836E-006
3.013	1.7802796E-006
3.014	1.9136562E-006
3.015	2.0372308E-006
3.016	2.1479548E-006
3.017	2.2430918E-006
3.018	2.3202815E-006
3.019	2.3776015E-006
3.02	2.4136136E-006
3.021	2.4273993E-006
3.022	2.4185836E-006
3.023	2.3873486E-006
3.024	2.3344244E-006
3.025	2.2610782E-006
3.026	2.1690855E-006
3.027	2.0606853E-006
3.028	1.9385272E-006
3.029	1.8056130E-006
3.03	1.6652174E-006
3.031	1.5208110E-006
3.032	1.3759767E-006
3.033	1.2343186E-006
3.034	1.0993773E-006
3.035	9.7453790E-007
3.036	8.6295051E-007
3.037	7.6745090E-007
3.038	6.9049042E-007
3.039	6.3407526E-007
3.04	5.9971779E-007
3.041	5.8839782E-007
3.042	6.0053827E-007
3.043	6.3599458E-007
3.044	6.9405462E-007
3.045	7.7345663E-007
3.046	8.7241659E-007
3.047	9.8866792E-007
3.048	1.1195139E-006
3.049	1.2618914E-006
3.05	1.4124390E-006
3.051	1.5675804E-006
3.052	1.7236063E-006
3.053	1.8767649E-006
3.054	2.0233556E-006
3.055	2.1598173E-006
3.056	2.2828183E-006
3.057	2.3893397E-006
3.058	2.4767517E-006
3.059	2.5428781E-006
3.06	2.5860597E-006
3.061	2.6051873E-006
3.062	2.5997399E-006
3.063	2.5697959E-006
3.064	2.5160364E-006
3.065	2.4397298E-006
3.066	2.3427006E-006
3.067	2.2272936E-006
3.068	2.0963166E-006
3.069	1.9529778E-006
3.07	1.8008072E-006
3.071	1.6435806E-006
3.072	1.4852275E-006
3.073	1.3297404E-006
3.074	1.1810774E-006
3.075	1.0430676E-006
3.076	9.1931651E-007
3.077	8.1311254E-007
3.078	7.2734821E-007
3.079	6.6444193E-007
3.08	6.2627635E-007
3.081	6.1414761E-007
3.082	6.2872891E-007
3.083	6.7005072E-007
3.084	7.3749533E-007
3.085	8.2980756E-007
3.086	9.4512234E-007
3.087	1.0810047E-006
3.088	1.2345048E-006
3.089	1.4022241E-006
3.09	1.5803944E-006
3.091	1.7649602E-006
3.092	1.9516760E-006
3.093	2.1362030E-006
3.094	2.3142127E-006
3.095	2.4814881E-006
3.096	2.6340310E-006
3.097	2.7681585E-006
3.098	2.8805957E-006
3.099	2.9685614E-006
3.1	3.0298436E-006
3.101	3.0628580E-006
3.102	3.0666911E-006
3.103	3.0411341E-006
3.104	2.9866937E-006
3.105	2.9045880E-006
3.106	2.7967246E-006
3.107	2.6656671E-006
3.108	2.5145789E-006
3.109	2.3471578E-006
3.11	2.1675510E-006
3.111	1.9802671E-006
3.112	1.7900674E-006
3.113	1.6018574E-006
3.114	1.4205732E-006
3.115	1.2510601E-006
3.116	1.0979611E-006
3.117	9.6559984E-007
3.118	8.5787786E-007
3.119	7.7817435E-007
3.12	7.2925752E-007
3.121	7.1321176E-007
3.122	7.3137210E-007
3.123	7.8428133E-007
3.124	8.7166256E-007
3.125	9.9240970E-007
3.126	1.1446023E-006
3.127	1.3255371E-006
3.128	1.5317841E-006
3.129	1.7592549E-006
3.13	2.0032935E-006
3.131	2.2587762E-006
3.132	2.5202273E-006
3.133	2.7819376E-006
3.134	3.0380961E-006
3.135	3.2829169E-006
3.136	3.5107810E-006
3.137	3.7163625E-006
3.138	3.8947687E-006
3.139	4.0416553E-006
3.14	4.1533590E-006
3.141	4.2269867E-006
3.142	4.2605179E-006
3.143	4.2528645E-006
3.144	4.2039255E-006
3.145	4.1146168E-006
3.146	3.9868542E-006
3.147	3.8235439E-006
3.148	3.6285358E-006
3.149	3.4065406E-006
3.15	3.1630582E-006
3.151	2.9042599E-006
3.152	2.6368687E-006
3.153	2.3680309E-006
3.154	2.1051551E-006
3.155	1.8557664E-006
3.156	1.6273294E-006
3.157	1.4270827E-006
3.158	1.2618622E-006
3.159	1.1379291E-006
3.16	1.0608104E-006
3.161	1.0351449E-006
3.162	1.0645498E-006
3.163	1.1515035E-006
3.164	1.2972559E-006
3.165	1.5017606E-006
3.166	1.7636359E-006
3.167	2.0801551E-006
3.168	2.4472708E-006
3.169	2.8596571E-006
3.17	3.3108010E-006
3.171	3.7930988E-006
3.172	4.2979982E-006
3.173	4.8161460E-006
3.174	5.3375757E-006
3.175	5.8518963E-006
3.176	6.3485081E-006
3.177	6.8168329E-006
3.178	7.2465491E-006
3.179	7.6278434E-006
3.18	7.9516594E-006
3.181	8.2099459E-006
3.182	8.3958839E-006
3.183	8.5041229E-006
3.184	8.5309730E-006
3.185	8.4745789E-006
3.186	8.3350769E-006
3.187	8.1146818E-006
3.188	7.8177854E-006
3.189	7.4509767E-006
3.19	7.0230531E-006
3.191	6.5449844E-006
3.192	6.0298330E-006
3.193	5.4926559E-006
3.194	4.9503474E-006
3.195	4.4214767E-006
3.196	3.9260517E-006
3.197	3.4852774E-006
3.198	3.1212692E-006
3.199	2.8567340E-006
3.2	2.7146384E-006
3.201	2.7178398E-006
3.202	2.8887303E-006
3.203	3.2488572E-006
3.204	3.8185681E-006
3.205	4.6166492E-006
3.206	5.6600152E-006
3.207	6.9633793E-006
3.208	8.5389893E-006
3.209	1.0396377E-005
3.21	1.2542108E-005
3.211	1.4979604E-005
3.212	1.7708950E-005
3.213	2.0726746E-005
3.214	2.4025994E-005
3.215	2.7596063E-005
3.216	3.1422649E-005
3.217	3.5487894E-005
3.218	3.9770501E-005
3.219	4.4245935E-005
3.22	4.8886664E-005
3.221	5.3662512E-005
3.222	5.8540911E-005
3.223	6.3487263E-005
3.224	6.8465291E-005
3.225	7.3437477E-005
3.226	7.8365360E-005
3.227	8.3210049E-005
3.228	8.7932669E-005
3.229	9.2494804E-005
3.23	9.6858945E-005
3.231	1.0098901E-004
3.232	1.0485067E-004
3.233	1.0841181E-004
3.234	1.1164272E-004
3.235	1.1451657E-004
3.236	1.1700948E-004
3.237	1.1910096E-004
3.238	1.2077393E-004
3.239	1.2201511E-004
3.24	1.2281506E-004
3.241	1.2316834E-004
3.242	1.2307368E-004
3.243	1.2253381E-004
3.244	1.2155552E-004
3.245	1.2014952E-004
3.246	1.1833015E-004
3.247	1.1611532E-004
3.248	1.1352596E-004
3.249	1.1058598E-004
3.25	1.0732176E-004
3.251	1.0376200E-004
3.252	9.9937235E-005
3.253	9.5879637E-005
3.254	9.1622736E-005
3.255	8.7200890E-005
3.256	8.2649123E-005
3.257	7.8002668E-005
3.258	7.3296593E-005
3.259	6.8565409E-005
3.26	6.3842643E-005
3.261	5.9160546E-005
3.262	5.4549724E-005
3.263	5.0038710E-005
3.264	4.5653876E-005
3.265	4.1419076E-005
3.266	3.7355498E-005
3.267	3.3481570E-005
3.268	2.9812867E-005
3.269	2.6362091E-005
3.27	2.3139128E-005
3.271	2.0151067E-005
3.272	1.7402337E-005
3.273	1.4894808E-005
3.274	1.2627896E-005
3.275	1.0598728E-005
3.276	8.8022607E-006
3.277	7.2314424E-006
3.278	5.8773794E-006
3.279	4.7295180E-006
3.28	3.7758491E-006
3.281	3.0031358E-006
3.282	2.3971375E-006
3.283	1.9428685E-006
3.284	1.6248333E-006
3.285	1.4272745E-006
3.286	1.3344015E-006
3.287	1.3306075E-006
3.288	1.4006681E-006
3.289	1.5299198E-006
3.29	1.7044193E-006
3.291	1.9110760E-006
3.292	2.1377734E-006
3.293	2.3734588E-006
3.294	2.6082198E-006
3.295	2.8333368E-006
3.296	3.0413185E-006
3.297	3.2259156E-006
3.298	3.3821163E-006
3.299	3.5061219E-006
3.3	3.5953071E-006
3.301	3.6481611E-006
3.302	3.6642148E-006
3.303	3.6439558E-006
3.304	3.5887274E-006
3.305	3.5006258E-006
3.306	3.3823897E-006
3.307	3.2372836E-006
3.308	3.0689885E-006
3.309	2.8814927E-006
3.31	2.6789805E-006
3.311	2.4657365E-006
3.312	2.2460445E-006
3.313	2.0241030E-006
3.314	1.8039409E-006
3.315	1.5893409E-006
3.316	1.3837731E-006
3.317	1.1903378E-006
3.318	1.0117183E-006
3.319	8.5014369E-007
3.32	7.0736797E-007
3.321	5.8465486E-007
3.322	4.8278173E-007
3.323	4.0204762E-007
3.324	3.4229666E-007
3.325	3.0294677E-007
3.326	2.8302631E-007
3.327	2.8121738E-007
3.328	2.9590265E-007
3.329	3.2521572E-007
3.33	3.6709380E-007
3.331	4.1933177E-007
3.332	4.7963522E-007
3.333	5.4567414E-007
3.334	6.1513379E-007
3.335	6.8576264E-007
3.336	7.5541681E-007
3.337	8.2210090E-007
3.338	8.8400174E-007
3.339	9.3951877E-007
3.34	9.8728674E-007
3.341	1.0261932E-006
3.342	1.0553895E-006
3.343	1.0742961E-006
3.344	1.0826011E-006
3.345	1.0802576E-006
3.346	1.0674679E-006
3.347	1.0446720E-006
3.348	1.0125234E-006
3.349	9.7187137E-007
3.35	9.2372727E-007
3.351	8.6924001E-007
3.352	8.0966123E-007
3.353	7.4631396E-007
3.354	6.8055897E-007
3.355	6.1376079E-007
3.356	5.4725848E-007
3.357	4.8233471E-007
3.358	4.2018988E-007
3.359	3.6191926E-007
3.36	3.0849321E-007
3.361	2.6074096E-007
3.362	2.1933762E-007
3.363	1.8479554E-007
3.364	1.5745790E-007
3.365	1.3749727E-007
3.366	1.2491688E-007
3.367	1.1955620E-007
3.368	1.2110009E-007
3.369	1.2909103E-007
3.37	1.4294459E-007
3.371	1.6196736E-007
3.372	1.8537639E-007
3.373	2.1232056E-007
3.374	2.4190209E-007
3.375	2.7319820E-007
3.376	3.0528307E-007
3.377	3.3724814E-007
3.378	3.6822226E-007
3.379	3.9738919E-007
3.38	4.2400487E-007
3.381	4.4741131E-007
3.382	4.6704918E-007
3.383	4.8246676E-007
3.384	4.9332749E-007
3.385	4.9941360E-007
3.386	5.0062744E-007
3.387	4.9698963E-007
3.388	4.8863444E-007
3.389	4.7580357E-007
3.39	4.5883635E-007
3.391	4.3815970E-007
3.392	4.1427549E-007
3.393	3.8774598E-007
3.394	3.5918089E-007
3.395	3.2922082E-007
3.396	2.9852276E-007
3.397	2.6774393E-007
3.398	2.3752685E-007
3.399	2.0848452E-007
3.4	1.8118702E-007
3.401	1.5614910E-007
3.402	1.3381934E-007
3.403	1.1457168E-007
3.404	9.8698372E-008
3.405	8.6405798E-008
3.406	7.7811940E-008
3.407	7.2946236E-008
3.408	7.1751543E-008
3.409	7.4087907E-008
3.41	7.9737895E-008
3.411	8.8413863E-008
3.412	9.9766204E-008
3.413	1.1339296E-007
3.414	1.2885032E-007
3.415	1.4566390E-007
3.416	1.6334072E-007
3.417	1.8138093E-007
3.418	1.9928987E-007
3.419	2.1659000E-007
3.42	2.3283138E-007
3.421	2.4760197E-007
3.422	2.6053627E-007
3.423	2.7132307E-007
3.424	2.7971063E-007
3.425	2.8551170E-007
3.426	2.8860615E-007
3.427	2.8894127E-007
3.428	2.8653190E-007
3.429	2.8145828E-007
3.43	2.7386227E-007
3.431	2.6394301E-007
3.432	2.5195030E-007
3.433	2.3817815E-007
3.434	2.2295627E-007
3.435	2.0664196E-007
3.436	1.8961053E-007
3.437	1.7224615E-007
3.438	1.5493242E-007
3.439	1.3804323E-007
3.44	1.2193422E-007
3.441	1.0693459E-007
3.442	9.3340134E-008
3.443	8.1407009E-008
3.444	7.1346513E-008
3.445	6.3321252E-008
3.446	5.7442236E-008
3.447	5.3767383E-008
3.448	5.2301150E-008
3.449	5.2995624E-008
3.45	5.5752697E-008
3.451	6.0427460E-008
3.452	6.6832783E-008
3.453	7.4744605E-008
3.454	8.3908283E-008
3.455	9.4045170E-008
3.456	1.0485989E-007
3.457	1.1604781E-007
3.458	1.2730226E-007
3.459	1.3832201E-007
3.46	1.4881822E-007
3.461	1.5852119E-007
3.462	1.6718626E-007
3.463	1.7459934E-007
3.464	1.8058138E-007
3.465	1.8499182E-007
3.466	1.8773130E-007
3.467	1.8874337E-007
3.468	1.8801438E-007
3.469	1.8557357E-007
3.47	1.8149095E-007
3.471	1.7587513E-007
3.472	1.6886968E-007
3.473	1.6064918E-007
3.474	1.5141433E-007
3.475	1.4138678E-007
3.476	1.3080307E-007
3.477	1.1990905E-007
3.478	1.0895338E-007
3.479	9.8181687E-008
3.48	8.7830408E-008
3.481	7.8121381E-008
3.482	6.9256657E-008
3.483	6.1413878E-008
3.484	5.4742511E-008
3.485	4.9360771E-008
3.486	4.5353346E-008
3.487	4.2770072E-008
3.488	4.1625324E-008
3.489	4.1898474E-008
3.49	4.3534989E-008
3.491	4.6448456E-008
3.492	5.0523301E-008
3.493	5.5618120E-008
3.494	6.1569729E-008
3.495	6.8197458E-008
3.496	7.5308037E-008
3.497	8.2700410E-008
3.498	9.0170886E-008
3.499	9.7518189E-008
3.5	1.0454811E-007
3.501	1.1107814E-007
3.502	1.1694181E-007
3.503	1.2199209E-007
3.504	1.2610474E-007
3.505	1.2918093E-007
3.506	1.3114918E-007
3.507	1.3196660E-007
3.508	1.3161939E-007
3.509	1.3012291E-007
3.51	1.2752056E-007
3.511	1.2388227E-007
3.512	1.1930214E-007
3.513	1.1389561E-007
3.514	1.0779607E-007
3.515	1.0115114E-007
3.516	9.4118853E-008
3.517	8.6863579E-008
3.518	7.9551960E-008
3.519	7.2349117E-008
3.52	6.5414675E-008
3.521	5.8899243E-008
3.522	5.2940891E-008
3.523	4.7662052E-008
3.524	4.3166722E-008
3.525	3.9538104E-008
3.526	3.6836823E-008
3.527	3.5099632E-008
3.528	3.4338910E-008
3.529	3.4542705E-008
3.53	3.5675455E-008
3.531	3.7679293E-008
3.532	4.0476067E-008
3.533	4.3969536E-008
3.534	4.8048239E-008
3.535	5.2588486E-008
3.536	5.7457694E-008
3.537	6.2517763E-008
3.538	6.7628513E-008
3.539	7.2651225E-008
3.54	7.7451837E-008
3.541	8.1904282E-008
3.542	8.5893319E-008
3.543	8.9317162E-008
3.544	9.2089927E-008
3.545	9.4143317E-008
3.546	9.5428121E-008
3.547	9.5915219E-008
3.548	9.5595773E-008
3.549	9.4481301E-008
3.55	9.2602932E-008
3.551	9.0010225E-008
3.552	8.6769560E-008
3.553	8.2962373E-008
3.554	7.8682497E-008
3.555	7.4033800E-008
3.556	6.9127481E-008
3.557	6.4079025E-008
3.558	5.9005437E-008
3.559	5.4022276E-008
3.56	4.9240942E-008
3.561	4.4765979E-008
3.562	4.0692619E-008
3.563	3.7104677E-008
3.564	3.4072620E-008
3.565	3.1652036E-008
3.566	2.9882553E-008
3.567	2.8787035E-008
3.568	2.8371339E-008
3.569	2.8624441E-008
3.57	2.9518961E-008
3.571	3.1012174E-008
3.572	3.3047275E-008
3.573	3.5555111E-008
3.574	3.8456047E-008
3.575	4.1662169E-008
3.576	4.5079553E-008
3.577	4.8610747E-008
3.578	5.2157205E-008
3.579	5.5621769E-008
3.58	5.8911024E-008
3.581	6.1937619E-008
3.582	6.4622334E-008
3.583	6.6895829E-008
3.584	6.8700267E-008
3.585	6.9990627E-008
3.586	7.0735425E-008
3.587	7.0917373E-008
3.588	7.0533595E-008
3.589	6.9595345E-008
3.59	6.8127633E-008
3.591	6.6168219E-008
3.592	6.3766521E-008
3.593	6.0982323E-008
3.594	5.7883870E-008
3.595	5.4546138E-008
3.596	5.1048815E-008
3.597	4.7474138E-008
3.598	4.3904915E-008
3.599	4.0422268E-008
3.6	3.7103810E-008
3.601	3.4021653E-008
3.602	3.1240837E-008
3.603	2.8817741E-008
3.604	2.6798945E-008
3.605	2.5220166E-008
3.606	2.4105598E-008
3.607	2.3467484E-008
3.608	2.3306056E-008
3.609	2.3609694E-008
3.61	2.4355442E-008
3.611	2.5509774E-008
3.612	2.7029616E-008
3.613	2.8863610E-008
3.614	3.0953490E-008
3.615	3.3235690E-008
3.616	3.5643001E-008
3.617	3.8106275E-008
3.618	4.0556216E-008
3.619	4.2925073E-008
3.62	4.5148315E-008
3.621	4.7166218E-008
3.622	4.8925241E-008
3.623	5.0379285E-008
3.624	5.1490769E-008
3.625	5.2231339E-008
3.626	5.2582539E-008
3.627	5.2536013E-008
3.628	5.2093537E-008
3.629	5.1266909E-008
3.63	5.0077361E-008
3.631	4.8554870E-008
3.632	4.6737327E-008
3.633	4.4669378E-008
3.634	4.2401254E-008
3.635	3.9987302E-008
3.636	3.7484629E-008
3.637	3.4951544E-008
3.638	3.2446177E-008
3.639	3.0024861E-008
3.64	2.7740853E-008
3.641	2.5643006E-008
3.642	2.3774609E-008
3.643	2.2172486E-008
3.644	2.0866079E-008
3.645	1.9876950E-008
3.646	1.9218328E-008
3.647	1.8894937E-008
3.648	1.8903055E-008
3.649	1.9230697E-008
3.65	1.9858135E-008
3.651	2.0758460E-008
3.652	2.1898462E-008
3.653	2.3239521E-008
3.654	2.4738707E-008
3.655	2.6349957E-008
3.656	2.8025246E-008
3.657	2.9715856E-008
3.658	3.1373588E-008
3.659	3.2951963E-008
3.66	3.4407357E-008
3.661	3.5700058E-008
3.662	3.6795214E-008
3.663	3.7663586E-008
3.664	3.8282259E-008
3.665	3.8635079E-008
3.666	3.8712930E-008
3.667	3.8513864E-008
3.668	3.8042995E-008
3.669	3.7312198E-008
3.67	3.6339795E-008
3.671	3.5149842E-008
3.672	3.3771475E-008
3.673	3.2238098E-008
3.674	3.0586438E-008
3.675	2.8855565E-008
3.676	2.7085802E-008
3.677	2.5317771E-008
3.678	2.3591275E-008
3.679	2.1944325E-008
3.68	2.0412212E-008
3.681	1.9026649E-008
3.682	1.7815051E-008
3.683	1.6799921E-008
3.684	1.5998383E-008
3.685	1.5421847E-008
3.686	1.5075827E-008
3.687	1.4959912E-008
3.688	1.5067897E-008
3.689	1.5388025E-008
3.69	1.5903396E-008
3.691	1.6592505E-008
3.692	1.7429866E-008
3.693	1.8386780E-008
3.694	1.9432115E-008
3.695	2.0533149E-008
3.696	2.1656465E-008
3.697	2.2768775E-008
3.698	2.3837769E-008
3.699	2.4832930E-008
3.7	2.5726212E-008
3.701	2.6492737E-008
3.702	2.7111348E-008
3.703	2.7565065E-008
3.704	2.7841471E-008
3.705	2.7932908E-008
3.706	2.7836613E-008
3.707	2.7554684E-008
3.708	2.7093948E-008
3.709	2.6465713E-008
3.71	2.5685356E-008
3.711	2.4771889E-008
3.712	2.3747379E-008
3.713	2.2636318E-008
3.714	2.1464947E-008
3.715	2.0260497E-008
3.716	1.9050526E-008
3.717	1.7862131E-008
3.718	1.6721266E-008
3.719	1.5652127E-008
3.72	1.4676558E-008
3.721	1.3813526E-008
3.722	1.3078736E-008
3.723	1.2484276E-008
3.724	1.2038421E-008
3.725	1.1745466E-008
3.726	1.1605731E-008
3.727	1.1615604E-008
3.728	1.1767718E-008
3.729	1.2051216E-008
3.73	1.2452093E-008
3.731	1.2953654E-008
3.732	1.3536971E-008
3.733	1.4181447E-008
3.734	1.4865415E-008
3.735	1.5566691E-008
3.736	1.6263188E-008
3.737	1.6933495E-008
3.738	1.7557396E-008
3.739	1.8116372E-008
3.74	1.8594044E-008
3.741	1.8976522E-008
3.742	1.9252756E-008
3.743	1.9414689E-008
3.744	1.9457463E-008
3.745	1.9379458E-008
3.746	1.9182249E-008
3.747	1.8870507E-008
3.748	1.8451821E-008
3.749	1.7936387E-008
3.75	1.7336721E-008
3.751	1.6667231E-008
3.752	1.5943799E-008
3.753	1.5183337E-008
3.754	1.4403294E-008
3.755	1.3621189E-008
3.756	1.2854170E-008
3.757	1.2118565E-008
3.758	1.1429481E-008
3.759	1.0800446E-008
3.76	1.0243093E-008
3.761	9.7668904E-009
3.762	9.3789660E-009
3.763	9.0839514E-009
3.764	8.8839318E-009
3.765	8.7784446E-009
3.766	8.7645597E-009
3.767	8.8370093E-009
3.768	8.9883985E-009
3.769	9.2094510E-009
3.77	9.4893000E-009
3.771	9.8158282E-009
3.772	1.0176020E-008
3.773	1.0556334E-008
3.774	1.0943082E-008
3.775	1.1322802E-008
3.776	1.1682626E-008
3.777	1.2010599E-008
3.778	1.2295993E-008
3.779	1.2529562E-008
3.78	1.2703751E-008
3.781	1.2812863E-008
3.782	1.2853153E-008
3.783	1.2822878E-008
3.784	1.2722301E-008
3.785	1.2553596E-008
3.786	1.2320766E-008
3.787	1.2029459E-008
3.788	1.1686771E-008
3.789	1.1300991E-008
3.79	1.0881344E-008
3.791	1.0437708E-008
3.792	9.9802984E-009
3.793	9.5194075E-009
3.794	9.0650794E-009
3.795	8.6268752E-009
3.796	8.2136120E-009
3.797	7.8331412E-009
3.798	7.4921687E-009
3.799	7.1960899E-009
3.8	6.9488877E-009
3.801	6.7530510E-009
3.802	6.6095485E-009
3.803	6.5178432E-009
3.804	6.4759513E-009
3.805	6.4805401E-009
3.806	6.5270682E-009
3.807	6.6099548E-009
3.808	6.7227752E-009
3.809	6.8584813E-009
3.81	7.0096351E-009
3.811	7.1686386E-009
3.812	7.3279618E-009
3.813	7.4803745E-009
3.814	7.6191489E-009
3.815	7.7382438E-009
3.816	7.8324556E-009
3.817	7.8975528E-009
3.818	7.9303701E-009
3.819	7.9288656E-009
3.82	7.8921518E-009
3.821	7.8204749E-009
3.822	7.7151761E-009
3.823	7.5786204E-009
3.824	7.4140791E-009
3.825	7.2256028E-009
3.826	7.0178645E-009
3.827	6.7960015E-009
3.828	6.5654295E-009
3.829	6.3316650E-009
3.83	6.1001511E-009
3.831	5.8760801E-009
3.832	5.6642313E-009
3.833	5.4688321E-009
3.834	5.2934315E-009
3.835	5.1407896E-009
3.836	5.0128217E-009
3.837	4.9105426E-009
3.838	4.8340576E-009
3.839	4.7825788E-009
3.84	4.7544817E-009
3.841	4.7473709E-009
3.842	4.7581894E-009
3.843	4.7833382E-009
3.844	4.8188076E-009
3.845	4.8603370E-009
3.846	4.9035669E-009
3.847	4.9441904E-009
3.848	4.9781144E-009
3.849	5.0015938E-009
3.85	5.0113762E-009
3.851	5.0048028E-009
3.852	4.9799009E-009
3.853	4.9354512E-009
3.854	4.8710356E-009
3.855	4.7870352E-009
3.856	4.6846247E-009
3.857	4.5657247E-009
3.858	4.4329340E-009
3.859	4.2894284E-009
3.86	4.1388555E-009
3.861	3.9852037E-009
3.862	3.8326520E-009
3.863	3.6854308E-009
3.864	3.5476608E-009
3.865	3.4232062E-009
3.866	3.3155314E-009
3.867	3.2275704E-009
3.868	3.1616076E-009
3.869	3.1191902E-009
3.87	3.1010521E-009
3.871	3.1070804E-009
3.872	3.1362937E-009
3.873	3.1868654E-009
3.874	3.2561718E-009
3.875	3.3408611E-009
3.876	3.4369638E-009
3.877	3.5400161E-009
3.878	3.6452064E-009
3.879	3.7475321E-009
3.88	3.8419752E-009
3.881	3.9236769E-009
3.882	3.9881090E-009
3.883	4.0312429E-009
3.884	4.0496979E-009
3.885	4.0408814E-009
3.886	4.0031010E-009
3.887	3.9356425E-009
3.888	3.8388293E-009
3.889	3.7140460E-009
3.89	3.5637198E-009
3.891	3.3912744E-009
3.892	3.2010519E-009
3.893	2.9981926E-009
3.894	2.7884894E-009
3.895	2.5782243E-009
3.896	2.3739692E-009
3.897	2.1823863E-009
3.898	2.0100082E-009
3.899	1.8630242E-009
3.9	1.7470644E-009
3.901	1.6669955E-009
3.902	1.6267387E-009
3.903	1.6291025E-009
3.904	1.6756526E-009
3.905	1.7666147E-009
3.906	1.9008128E-009
3.907	2.0756614E-009
3.908	2.2871920E-009
3.909	2.5301379E-009
3.91	2.7980571E-009
3.911	3.0835037E-009
3.912	3.3782330E-009
3.913	3.6734418E-009
3.914	3.9600416E-009
3.915	4.2289332E-009
3.916	4.4713104E-009
3.917	4.6789492E-009
3.918	4.8445012E-009
3.919	4.9617577E-009
3.92	5.0259041E-009
3.921	5.0337232E-009
3.922	4.9837694E-009
3.923	4.8764921E-009
3.924	4.7143027E-009
3.925	4.5015933E-009
3.926	4.2446842E-009
3.927	3.9517252E-009
3.928	3.6325258E-009
3.929	3.2983323E-009
3.93	2.9615406E-009
3.931	2.6353744E-009
3.932	2.3335016E-009
3.933	2.0696254E-009
3.934	1.8570588E-009
3.935	1.7082781E-009
3.936	1.6344917E-009
3.937	1.6452217E-009
3.938	1.7479274E-009
3.939	1.9476667E-009
3.94	2.2468274E-009
3.941	2.6449194E-009
3.942	3.1384482E-009
3.943	3.7208843E-009
3.944	4.3827035E-009
3.945	5.1115427E-009
3.946	5.8924194E-009
3.947	6.7080683E-009
3.948	7.5393434E-009
3.949	8.3657055E-009
3.95	9.1657792E-009
3.951	9.9179553E-009
3.952	1.0601052E-008
3.953	1.1194998E-008
3.954	1.1681507E-008
3.955	1.2044768E-008
3.956	1.2272095E-008
3.957	1.2354508E-008
3.958	1.2287271E-008
3.959	1.2070308E-008
3.96	1.1708545E-008
3.961	1.1212064E-008
3.962	1.0596195E-008
3.963	9.8813882E-009
3.964	9.0929673E-009
3.965	8.2607183E-009
3.966	7.4183086E-009
3.967	6.6025851E-009
3.968	5.8527174E-009
3.969	5.2092273E-009
3.97	4.7129438E-009
3.971	4.4038502E-009
3.972	4.3198991E-009
3.973	4.4958099E-009
3.974	4.9618625E-009
3.975	5.7427370E-009
3.976	6.8564159E-009
3.977	8.3132097E-009
3.978	1.0114896E-008
3.979	1.2254065E-008
3.98	1.4713649E-008
3.981	1.7466666E-008
3.982	2.0476293E-008
3.983	2.3696142E-008
3.984	2.7070902E-008
3.985	3.0537237E-008
3.986	3.4025000E-008
3.987	3.7458744E-008
3.988	4.0759481E-008
3.989	4.3846672E-008
3.99	4.6640498E-008
3.991	4.9064123E-008
3.992	5.1046360E-008
3.993	5.2524118E-008
3.994	5.3445177E-008
3.995	5.3770691E-008
3.996	5.3477844E-008
3.997	5.2562196E-008
3.998	5.1040093E-008
3.999	4.8950447E-008
4	4.6356607E-008
4.001	4.3347534E-008
4.002	4.0038724E-008
4.003	3.6572583E-008
4.004	3.3118226E-008
4.005	2.9870861E-008
4.006	2.7050435E-008
4.007	2.4899897E-008
4.008	2.3682786E-008
4.009	2.3680311E-008
4.01	2.5187905E-008
4.011	2.8511350E-008
4.012	3.3962337E-008
4.013	4.1853777E-008
4.014	5.2494652E-008
4.015	6.6184718E-008
4.016	8.3208924E-008
4.017	1.0383175E-007
4.018	1.2829166E-007
4.019	1.5679561E-007
4.02	1.8951344E-007
4.021	2.2657360E-007
4.022	2.6805807E-007
4.023	3.1399838E-007
4.024	3.6437285E-007
4.025	4.1910357E-007
4.026	4.7805406E-007
4.027	5.4102878E-007
4.028	6.0777177E-007
4.029	6.7796748E-007
4.03	7.5124211E-007
4.031	8.2716576E-007
4.032	9.0525617E-007
4.033	9.8498231E-007
4.034	1.0657712E-006
4.035	1.1470142E-006
4.036	1.2280732E-006
4.037	1.3082886E-006
4.038	1.3869875E-006
4.039	1.4634909E-006
4.04	1.5371223E-006
4.041	1.6072133E-006
4.042	1.6731149E-006
4.043	1.7342016E-006
4.044	1.7898825E-006
4.045	1.8396075E-006
4.046	1.8828779E-006
4.047	1.9192485E-006
4.048	1.9483423E-006
4.049	1.9698473E-006
4.05	1.9835325E-006
4.051	1.9892391E-006
4.052	1.9868926E-006
4.053	1.9764998E-006
4.054	1.9581482E-006
4.055	1.9320055E-006
4.056	1.8983176E-006
4.057	1.8574058E-006
4.058	1.8096594E-006
4.059	1.7555363E-006
4.06	1.6955513E-006
4.061	1.6302751E-006
4.062	1.5603213E-006
4.063	1.4863439E-006
4.064	1.4090251E-006
4.065	1.3290692E-006
4.066	1.2471895E-006
4.067	1.1641046E-006
4.068	1.0805244E-006
4.069	9.9714373E-007
4.07	9.1463482E-007
4.071	8.3363722E-007
4.072	7.5475151E-007
4.073	6.7853233E-007
4.074	6.0548297E-007
4.075	5.3604896E-007
4.076	4.7061528E-007
4.077	4.0950277E-007
4.078	3.5296645E-007
4.079	3.0119472E-007
4.08	2.5431009E-007
4.081	2.1236953E-007
4.082	1.7536701E-007
4.083	1.4323618E-007
4.084	1.1585399E-007
4.085	9.3044790E-008
4.086	7.4585138E-008
4.087	6.0209516E-008
4.088	4.9616034E-008
4.089	4.2472930E-008
4.09	3.8424986E-008
4.091	3.7100367E-008
4.092	3.8117239E-008
4.093	4.1090409E-008
4.094	4.5637609E-008
4.095	5.1385694E-008
4.096	5.7976035E-008
4.097	6.5069713E-008
4.098	7.2351959E-008
4.099	7.9535987E-008
4.1	8.6365972E-008
4.101	9.2619523E-008
4.102	9.8109219E-008
4.103	1.0268355E-007
4.104	1.0622708E-007
4.105	1.0866010E-007
4.106	1.0993747E-007
4.107	1.1004707E-007
4.108	1.0900767E-007
4.109	1.0686628E-007
4.11	1.0369519E-007
4.111	9.9588718E-008
4.112	9.4659278E-008
4.113	8.9034096E-008
4.114	8.2850917E-008
4.115	7.6254452E-008
4.116	6.9392570E-008
4.117	6.2412617E-008
4.118	5.5458106E-008
4.119	4.8665651E-008
4.12	4.2162064E-008
4.121	3.6061984E-008
4.122	3.0465696E-008
4.123	2.5457533E-008
4.124	2.1104567E-008
4.125	1.7455836E-008
4.126	1.4542057E-008
4.127	1.2375660E-008
4.128	1.0951354E-008
4.129	1.0247081E-008
4.13	1.0225269E-008
4.131	1.0834402E-008
4.132	1.2010859E-008
4.133	1.3680937E-008
4.134	1.5762984E-008
4.135	1.8169681E-008
4.136	2.0810310E-008
4.137	2.3593024E-008
4.138	2.6427063E-008
4.139	2.9224838E-008
4.14	3.1903831E-008
4.141	3.4388339E-008
4.142	3.6610967E-008
4.143	3.8513821E-008
4.144	4.0049507E-008
4.145	4.1181803E-008
4.146	4.1886057E-008
4.147	4.2149264E-008
4.148	4.1969951E-008
4.149	4.1357737E-008
4.15	4.0332690E-008
4.151	3.8924384E-008
4.152	3.7170945E-008
4.153	3.5117672E-008
4.154	3.2815812E-008
4.155	3.0321015E-008
4.156	2.7691893E-008
4.157	2.4988440E-008
4.158	2.2270553E-008
4.159	1.9596630E-008
4.16	1.7022160E-008
4.161	1.4598529E-008
4.162	1.2371904E-008
4.163	1.0382327E-008
4.164	8.6629122E-009
4.165	7.2393078E-009
4.166	6.1293028E-009
4.167	5.3426379E-009
4.168	4.8810391E-009
4.169	4.7384168E-009
4.17	4.9012718E-009
4.171	5.3492553E-009
4.172	6.0558856E-009
4.173	6.9893802E-009
4.174	8.1136058E-009
4.175	9.3890700E-009
4.176	1.0774004E-008
4.177	1.2225425E-008
4.178	1.3700191E-008
4.179	1.5156065E-008
4.18	1.6552676E-008
4.181	1.7852425E-008
4.182	1.9021305E-008
4.183	2.0029624E-008
4.184	2.0852566E-008
4.185	2.1470642E-008
4.186	2.1870044E-008
4.187	2.2042761E-008
4.188	2.1986629E-008
4.189	2.1705214E-008
4.19	2.1207510E-008
4.191	2.0507628E-008
4.192	1.9624233E-008
4.193	1.8580025E-008
4.194	1.7401003E-008
4.195	1.6115838E-008
4.196	1.4755030E-008
4.197	1.3350148E-008
4.198	1.1933036E-008
4.199	1.0535018E-008
4.2	9.1861487E-009
4.201	7.9144939E-009
4.202	6.7455144E-009
4.203	5.7015193E-009
4.204	4.8012092E-009
4.205	4.0593293E-009
4.206	3.4864489E-009
4.207	3.0888092E-009
4.208	2.8683131E-009
4.209	2.8225933E-009
4.21	2.9451759E-009
4.211	3.2257412E-009
4.212	3.6504610E-009
4.213	4.2024171E-009
4.214	4.8620823E-009
4.215	5.6078626E-009
4.216	6.4166752E-009
4.217	7.2645556E-009
4.218	8.1272660E-009
4.219	8.9809138E-009
4.22	9.8025001E-009
4.221	1.0570478E-008
4.222	1.1265215E-008
4.223	1.1869412E-008
4.224	1.2368454E-008
4.225	1.2750690E-008
4.226	1.3007612E-008
4.227	1.3133977E-008
4.228	1.3127879E-008
4.229	1.2990679E-008
4.23	1.2726895E-008
4.231	1.2344027E-008
4.232	1.1852300E-008
4.233	1.1264327E-008
4.234	1.0594773E-008
4.235	9.8599191E-009
4.236	9.0772465E-009
4.237	8.2649727E-009
4.238	7.4415909E-009
4.239	6.6254278E-009
4.24	5.8341869E-009
4.241	5.0845603E-009
4.242	4.3918327E-009
4.243	3.7695624E-009
4.244	3.2292946E-009
4.245	2.7803355E-009
4.246	2.4295941E-009
4.247	2.1814679E-009
4.248	2.0378124E-009
4.249	1.9979540E-009
4.25	2.0587725E-009
4.251	2.2148354E-009
4.252	2.4585882E-009
4.253	2.7805838E-009
4.254	3.1697538E-009
4.255	3.6137175E-009
4.256	4.0991055E-009
4.257	4.6119091E-009
4.258	5.1378288E-009
4.259	5.6626277E-009
4.26	6.1724714E-009
4.261	6.6542487E-009
4.262	7.0958692E-009
4.263	7.4865234E-009
4.264	7.8169053E-009
4.265	8.0793994E-009
4.266	8.2682021E-009
4.267	8.3794411E-009
4.268	8.4111775E-009
4.269	8.3634371E-009
4.27	8.2381328E-009
4.271	8.0390077E-009
4.272	7.7714670E-009
4.273	7.4424276E-009
4.274	7.0601254E-009
4.275	6.6338592E-009
4.276	6.1737762E-009
4.277	5.6905702E-009
4.278	5.1952349E-009
4.279	4.6987876E-009
4.28	4.2120023E-009
4.281	3.7451642E-009
4.282	3.3078438E-009
4.283	2.9086824E-009
4.284	2.5552283E-009
4.285	2.2537794E-009
4.286	2.0092714E-009
4.287	1.8251957E-009
4.288	1.7035486E-009
4.289	1.6448254E-009
4.29	1.6480427E-009
4.291	1.7107983E-009
4.292	1.8293643E-009
4.293	1.9988078E-009
4.294	2.2131361E-009
4.295	2.4654698E-009
4.296	2.7482217E-009
4.297	3.0532958E-009
4.298	3.3722920E-009
4.299	3.6967083E-009
4.3	4.0181485E-009
4.301	4.3285073E-009
4.302	4.6201638E-009
4.303	4.8861346E-009
4.304	5.1202225E-009
4.305	5.3171356E-009
4.306	5.4725828E-009
4.307	5.5833485E-009
4.308	5.6473284E-009
4.309	5.6635612E-009
4.31	5.6322076E-009
4.311	5.5545355E-009
4.312	5.4328404E-009
4.313	5.2703841E-009
4.314	5.0712852E-009
4.315	4.8404027E-009
4.316	4.5831992E-009
4.317	4.3056008E-009
4.318	4.0138457E-009
4.319	3.7143346E-009
4.32	3.4134828E-009
4.321	3.1175740E-009
4.322	2.8326279E-009
4.323	2.5642690E-009
4.324	2.3176177E-009
4.325	2.0971904E-009
4.326	1.9068156E-009
4.327	1.7495622E-009
4.328	1.6276971E-009
4.329	1.5426509E-009
4.33	1.4950066E-009
4.331	1.4845106E-009
4.332	1.5100963E-009
4.333	1.5699306E-009
4.334	1.6614726E-009
4.335	1.7815489E-009
4.336	1.9264392E-009
4.337	2.0919759E-009
4.338	2.2736424E-009
4.339	2.4666866E-009
4.34	2.6662308E-009
4.341	2.8673792E-009
4.342	3.0653291E-009
4.343	3.2554668E-009
4.344	3.4334673E-009
4.345	3.5953784E-009
4.346	3.7376924E-009
4.347	3.8574144E-009
4.348	3.9521049E-009
4.349	4.0199253E-009
4.35	4.0596584E-009
4.351	4.0707171E-009
4.352	4.0531418E-009
4.353	4.0075832E-009
4.354	3.9352699E-009
4.355	3.8379726E-009
4.356	3.7179533E-009
4.357	3.5779006E-009
4.358	3.4208691E-009
4.359	3.2502083E-009
4.36	3.0694824E-009
4.361	2.8824005E-009
4.362	2.6927325E-009
4.363	2.5042317E-009
4.364	2.3205575E-009
4.365	2.1452045E-009
4.366	1.9814330E-009
4.367	1.8322098E-009
4.368	1.7001514E-009
4.369	1.5874830E-009
4.37	1.4960012E-009
4.371	1.4270453E-009
4.372	1.3814825E-009
4.373	1.3596969E-009
4.374	1.3615924E-009
4.375	1.3866007E-009
4.376	1.4337005E-009
4.377	1.5014457E-009
4.378	1.5879990E-009
4.379	1.6911733E-009
4.38	1.8084813E-009
4.381	1.9371860E-009
4.382	2.0743554E-009
4.383	2.2169275E-009
4.384	2.3617626E-009
4.385	2.5057112E-009
4.386	2.6456710E-009
4.387	2.7786478E-009
4.388	2.9018132E-009
4.389	3.0125560E-009
4.39	3.1085328E-009
4.391	3.1877123E-009
4.392	3.2484098E-009
4.393	3.2893217E-009
4.394	3.3095477E-009
4.395	3.3086067E-009
4.396	3.2864464E-009
4.397	3.2434453E-009
4.398	3.1803986E-009
4.399	3.0985092E-009
4.4	2.9993619E-009
4.401	2.8848874E-009
4.402	2.7573304E-009
4.403	2.6191995E-009
4.404	2.4732243E-009
4.405	2.3222981E-009
4.406	2.1694198E-009
4.407	2.0176423E-009
4.408	1.8700068E-009
4.409	1.7294857E-009
4.41	1.5989204E-009
4.411	1.4809635E-009
4.412	1.3780223E-009
4.413	1.2922101E-009
4.414	1.2252980E-009
4.415	1.1786766E-009
4.416	1.1533260E-009
4.417	1.1497916E-009
4.418	1.1681688E-009
4.419	1.2080985E-009
4.42	1.2687692E-009
4.421	1.3489285E-009
4.422	1.4469049E-009
4.423	1.5606371E-009
4.424	1.6877129E-009
4.425	1.8254149E-009
4.426	1.9707760E-009
4.427	2.1206390E-009
4.428	2.2717210E-009
4.429	2.4206865E-009
4.43	2.5642128E-009
4.431	2.6990659E-009
4.432	2.8221741E-009
4.433	2.9306892E-009
4.434	3.0220562E-009
4.435	3.0940699E-009
4.436	3.1449254E-009
4.437	3.1732650E-009
4.438	3.1782126E-009
4.439	3.1593974E-009
4.44	3.1169725E-009
4.441	3.0516194E-009
4.442	2.9645362E-009
4.443	2.8574250E-009
4.444	2.7324578E-009
4.445	2.5922358E-009
4.446	2.4397342E-009
4.447	2.2782416E-009
4.448	2.1112898E-009
4.449	1.9425708E-009
4.45	1.7758641E-009
4.451	1.6149458E-009
4.452	1.4635073E-009
4.453	1.3250678E-009
4.454	1.2028967E-009
4.455	1.0999334E-009
4.456	1.0187166E-009
4.457	9.6132158E-010
4.458	9.2930474E-010
4.459	9.2366303E-010
4.46	9.4480113E-010
4.461	9.9251318E-010
4.462	1.0659849E-009
4.463	1.1637973E-009
4.464	1.2839566E-009
4.465	1.4239314E-009
4.466	1.5807036E-009
4.467	1.7508334E-009
4.468	1.9305328E-009
4.469	2.1157474E-009
4.47	2.3022482E-009
4.471	2.4857287E-009
4.472	2.6619029E-009
4.473	2.8266054E-009
4.474	2.9758931E-009
4.475	3.1061411E-009
4.476	3.2141334E-009
4.477	3.2971450E-009
4.478	3.3530108E-009
4.479	3.3801839E-009
4.48	3.3777812E-009
4.481	3.3456027E-009
4.482	3.2841541E-009
4.483	3.1946337E-009
4.484	3.0789140E-009
4.485	2.9395095E-009
4.486	2.7795244E-009
4.487	2.6025879E-009
4.488	2.4127766E-009
4.489	2.2145259E-009
4.49	2.0125248E-009
4.491	1.8116115E-009
4.492	1.6166536E-009
4.493	1.4324330E-009
4.494	1.2635287E-009
4.495	1.1142021E-009
4.496	9.8829211E-010
4.497	8.8911456E-010
4.498	8.1937895E-010
4.499	7.8111650E-010
4.5	7.7562240E-010
4.501	8.0341989E-010
4.502	8.6423796E-010
4.503	9.5701291E-010
4.504	1.0799038E-009
4.505	1.2303325E-009
4.506	1.4050369E-009
4.507	1.6001408E-009
4.508	1.8112449E-009
4.509	2.0335253E-009
4.51	2.2618438E-009
4.511	2.4908697E-009
4.512	2.7152061E-009
4.513	2.9295177E-009
4.514	3.1286600E-009
4.515	3.3078054E-009
4.516	3.4625633E-009
4.517	3.5890864E-009
4.518	3.6841736E-009
4.519	3.7453525E-009
4.52	3.7709471E-009
4.521	3.7601287E-009
4.522	3.7129433E-009
4.523	3.6303220E-009
4.524	3.5140626E-009
4.525	3.3667995E-009
4.526	3.1919465E-009
4.527	2.9936198E-009
4.528	2.7765474E-009
4.529	2.5459628E-009
4.53	2.3074809E-009
4.531	2.0669639E-009
4.532	1.8303854E-009
4.533	1.6036815E-009
4.534	1.3926049E-009
4.535	1.2025821E-009
4.536	1.0385799E-009
4.537	9.0497448E-010
4.538	8.0544582E-010
4.539	7.4287754E-010
4.54	7.1928097E-010
4.541	7.3573819E-010
4.542	7.9236612E-010
4.543	8.8830437E-010
4.544	1.0217264E-009
4.545	1.1898755E-009
4.546	1.3891219E-009
4.547	1.6150450E-009
4.548	1.8625321E-009
4.549	2.1258997E-009
4.55	2.3990232E-009
4.551	2.6754854E-009
4.552	2.9487330E-009
4.553	3.2122289E-009
4.554	3.4596206E-009
4.555	3.6848908E-009
4.556	3.8825125E-009
4.557	4.0475898E-009
4.558	4.1759782E-009
4.559	4.2644026E-009
4.56	4.3105390E-009
4.561	4.3130828E-009
4.562	4.2717936E-009
4.563	4.1875112E-009
4.564	4.0621386E-009
4.565	3.8986170E-009
4.566	3.7008501E-009
4.567	3.4736225E-009
4.568	3.2224912E-009
4.569	2.9536520E-009
4.57	2.6737916E-009
4.571	2.3899329E-009
4.572	2.1092579E-009
4.573	1.8389394E-009
4.574	1.5859586E-009
4.575	1.3569352E-009
4.576	1.1579601E-009
4.577	9.9444175E-010
4.578	8.7096674E-010
4.579	7.9118062E-010
4.58	7.5768719E-010
4.581	7.7197515E-010
4.582	8.3437091E-010
4.583	9.4401853E-010
4.584	1.0988898E-009
4.585	1.2958228E-009
4.586	1.5305923E-009
4.587	1.7980019E-009
4.588	2.0920055E-009
4.589	2.4058491E-009
4.59	2.7322271E-009
4.591	3.0634630E-009
4.592	3.3916865E-009
4.593	3.7090340E-009
4.594	4.0078398E-009
4.595	4.2808259E-009
4.596	4.5212931E-009
4.597	4.7232831E-009
4.598	4.8817452E-009
4.599	4.9926654E-009
4.6	5.0531668E-009
4.601	5.0616080E-009
4.602	5.0176188E-009
4.603	4.9221343E-009
4.604	4.7773714E-009
4.605	4.5867941E-009
4.606	4.3550390E-009
4.607	4.0878012E-009
4.608	3.7917154E-009
4.609	3.4741907E-009
4.61	3.1432392E-009
4.611	2.8072782E-009
4.612	2.4749349E-009
4.613	2.1548292E-009
4.614	1.8553662E-009
4.615	1.5845253E-009
4.616	1.3496610E-009
4.617	1.1573152E-009
4.618	1.0130458E-009
4.619	9.2128161E-010
4.62	8.8519692E-010
4.621	9.0662089E-010
4.622	9.8597797E-010
4.623	1.1222616E-009
4.624	1.3130449E-009
4.625	1.5545236E-009
4.626	1.8415999E-009
4.627	2.1679916E-009
4.628	2.5263753E-009
4.629	2.9085616E-009
4.63	3.3056862E-009
4.631	3.7084249E-009
4.632	4.1072235E-009
4.633	4.4925330E-009
4.634	4.8550470E-009
4.635	5.1859401E-009
4.636	5.4770877E-009
4.637	5.7212795E-009
4.638	5.9123986E-009
4.639	6.0455960E-009
4.64	6.1174115E-009
4.641	6.1258842E-009
4.642	6.0706093E-009
4.643	5.9527738E-009
4.644	5.7751381E-009
4.645	5.5419855E-009
4.646	5.2590390E-009
4.647	4.9333289E-009
4.648	4.5730362E-009
4.649	4.1872985E-009
4.65	3.7859933E-009
4.651	3.3795065E-009
4.652	2.9784715E-009
4.653	2.5935103E-009
4.654	2.2349764E-009
4.655	1.9126829E-009
4.656	1.6356655E-009
4.657	1.4119391E-009
4.658	1.2482915E-009
4.659	1.1500985E-009
4.66	1.1211753E-009
4.661	1.1636601E-009
4.662	1.2779431E-009
4.663	1.4626382E-009
4.664	1.7145964E-009
4.665	2.0289646E-009
4.666	2.3992894E-009
4.667	2.8176541E-009
4.668	3.2748608E-009
4.669	3.7606402E-009
4.67	4.2638839E-009
4.671	4.7729225E-009
4.672	5.2757807E-009
4.673	5.7604903E-009
4.674	6.2153753E-009
4.675	6.6293508E-009
4.676	6.9922135E-009
4.677	7.2948994E-009
4.678	7.5297528E-009
4.679	7.6907147E-009
4.68	7.7735214E-009
4.681	7.7758262E-009
4.682	7.6972873E-009
4.683	7.5396001E-009
4.684	7.3064892E-009
4.685	7.0036328E-009
4.686	6.6385422E-009
4.687	6.2204033E-009
4.688	5.7598588E-009
4.689	5.2687641E-009
4.69	4.7599000E-009
4.691	4.2466763E-009
4.692	3.7428070E-009
4.693	3.2619756E-009
4.694	2.8175109E-009
4.695	2.4220568E-009
4.696	2.0872615E-009
4.697	1.8234708E-009
4.698	1.6394617E-009
4.699	1.5421949E-009
4.7	1.5366071E-009
4.701	1.6254462E-009
4.702	1.8091576E-009
4.703	2.0858222E-009
4.704	2.4511577E-009
4.705	2.8985798E-009
4.706	3.4193279E-009
4.707	4.0026489E-009
4.708	4.6360453E-009
4.709	5.3055698E-009
4.71	5.9961560E-009
4.711	6.6919963E-009
4.712	7.3769195E-009
4.713	8.0347942E-009
4.714	8.6499288E-009
4.715	9.2074623E-009
4.716	9.6937383E-009
4.717	1.0096659E-008
4.718	1.0406003E-008
4.719	1.0613726E-008
4.72	1.0714176E-008
4.721	1.0704296E-008
4.722	1.0583749E-008
4.723	1.0354985E-008
4.724	1.0023232E-008
4.725	9.5964365E-009
4.726	9.0851238E-009
4.727	8.5021750E-009
4.728	7.8625817E-009
4.729	7.1831106E-009
4.73	6.4819132E-009
4.731	5.7781135E-009
4.732	5.0913518E-009
4.733	4.4413007E-009
4.734	3.8471870E-009
4.735	3.3272969E-009
4.736	2.8985081E-009
4.737	2.5758400E-009
4.738	2.3720450E-009
4.739	2.2972408E-009
4.74	2.3585993E-009
4.741	2.5601059E-009
4.742	2.9023850E-009
4.743	3.3826073E-009
4.744	3.9944736E-009
4.745	4.7282955E-009
4.746	5.5711435E-009
4.747	6.5070966E-009
4.748	7.5175528E-009
4.749	8.5816305E-009
4.75	9.6766257E-009
4.751	1.0778525E-008
4.752	1.1862566E-008
4.753	1.2903839E-008
4.754	1.3877884E-008
4.755	1.4761335E-008
4.756	1.5532517E-008
4.757	1.6172038E-008
4.758	1.6663323E-008
4.759	1.6993146E-008
4.76	1.7151994E-008
4.761	1.7134504E-008
4.762	1.6939630E-008
4.763	1.6570871E-008
4.764	1.6036266E-008
4.765	1.5348400E-008
4.766	1.4524228E-008
4.767	1.3584780E-008
4.768	1.2554811E-008
4.769	1.1462332E-008
4.77	1.0338024E-008
4.771	9.2146086E-009
4.772	8.1261140E-009
4.773	7.1071007E-009
4.774	6.1918382E-009
4.775	5.4134666E-009
4.776	4.8031574E-009
4.777	4.3892898E-009
4.778	4.1966453E-009
4.779	4.2457042E-009
4.78	4.5519806E-009
4.781	5.1254747E-009
4.782	5.9702194E-009
4.783	7.0839636E-009
4.784	8.4579757E-009
4.785	1.0076993E-008
4.786	1.1919314E-008
4.787	1.3957066E-008
4.788	1.6156594E-008
4.789	1.8479009E-008
4.79	2.0880909E-008
4.791	2.3315218E-008
4.792	2.5732151E-008
4.793	2.8080274E-008
4.794	3.0307717E-008
4.795	3.2363388E-008
4.796	3.4198283E-008
4.797	3.5766710E-008
4.798	3.7027725E-008
4.799	3.7946268E-008
4.8	3.8494413E-008
4.801	3.8652459E-008
4.802	3.8409997E-008
4.803	3.7766650E-008
4.804	3.6732892E-008
4.805	3.5330547E-008
4.806	3.3593075E-008
4.807	3.1565794E-008
4.808	2.9305728E-008
4.809	2.6881258E-008
4.81	2.4371605E-008
4.811	2.1866017E-008
4.812	1.9462785E-008
4.813	1.7267984E-008
4.814	1.5394088E-008
4.815	1.3958384E-008
4.816	1.3081252E-008
4.817	1.2884279E-008
4.818	1.3488316E-008
4.819	1.5011441E-008
4.82	1.7566910E-008
4.821	2.1261075E-008
4.822	2.6191389E-008
4.823	3.2444468E-008
4.824	4.0094307E-008
4.825	4.9200530E-008
4.826	5.9806958E-008
4.827	7.1940242E-008
4.828	8.5608633E-008
4.829	1.0080127E-007
4.83	1.1748723E-007
4.831	1.3561537E-007
4.832	1.5511397E-007
4.833	1.7589113E-007
4.834	1.9783531E-007
4.835	2.2081602E-007
4.836	2.4468525E-007
4.837	2.6927916E-007
4.838	2.9441961E-007
4.839	3.1991613E-007
4.84	3.4556882E-007
4.841	3.7116993E-007
4.842	3.9650652E-007
4.843	4.2136315E-007
4.844	4.4552465E-007
4.845	4.6877773E-007
4.846	4.9091483E-007
4.847	5.1173618E-007
4.848	5.3105174E-007
4.849	5.4868485E-007
4.85	5.6447294E-007
4.851	5.7827145E-007
4.852	5.8995465E-007
4.853	5.9941590E-007
4.854	6.0657169E-007
4.855	6.1136069E-007
4.856	6.1374442E-007
4.857	6.1370866E-007
4.858	6.1126224E-007
4.859	6.0643748E-007
4.86	5.9928931E-007
4.861	5.8989457E-007
4.862	5.7835121E-007
4.863	5.6477666E-007
4.864	5.4930564E-007
4.865	5.3208947E-007
4.866	5.1329295E-007
4.867	4.9309295E-007
4.868	4.7167524E-007
4.869	4.4923266E-007
4.87	4.2596258E-007
4.871	4.0206413E-007
4.872	3.7773680E-007
4.873	3.5317743E-007
4.874	3.2857827E-007
4.875	3.0412477E-007
4.876	2.7999408E-007
4.877	2.5635222E-007
4.878	2.3335272E-007
4.879	2.1113492E-007
4.88	1.8982284E-007
4.881	1.6952420E-007
4.882	1.5033011E-007
4.883	1.3231458E-007
4.884	1.1553499E-007
4.885	1.0003213E-007
4.886	8.5830905E-008
4.887	7.2940715E-008
4.888	6.1356175E-008
4.889	5.1057931E-008
4.89	4.2013504E-008
4.891	3.4178413E-008
4.892	2.7497425E-008
4.893	2.1905823E-008
4.894	1.7330967E-008
4.895	1.3693764E-008
4.896	1.0910274E-008
4.897	8.8932541E-009
4.898	7.5536741E-009
4.899	6.8021668E-009
4.9	6.5503802E-009
4.901	6.7122086E-009
4.902	7.2049184E-009
4.903	7.9501357E-009
4.904	8.8746859E-009
4.905	9.9113109E-009
4.906	1.0999208E-008
4.907	1.2084457E-008
4.908	1.3120282E-008
4.909	1.4067183E-008
4.91	1.4892943E-008
4.911	1.5572482E-008
4.912	1.6087633E-008
4.913	1.6426808E-008
4.914	1.6584542E-008
4.915	1.6560993E-008
4.916	1.6361367E-008
4.917	1.5995305E-008
4.918	1.5476203E-008
4.919	1.4820556E-008
4.92	1.4047275E-008
4.921	1.3177016E-008
4.922	1.2231528E-008
4.923	1.1233035E-008
4.924	1.0203653E-008
4.925	9.1648502E-009
4.926	8.1369746E-009
4.927	7.1388242E-009
4.928	6.1873178E-009
4.929	5.2972062E-009
4.93	4.4808695E-009
4.931	3.7481844E-009
4.932	3.1064689E-009
4.933	2.5604778E-009
4.934	2.1124715E-009
4.935	1.7623326E-009
4.936	1.5077315E-009
4.937	1.3443332E-009
4.938	1.2660346E-009
4.939	1.2652264E-009
4.94	1.3330744E-009
4.941	1.4598096E-009
4.942	1.6350175E-009
4.943	1.8479275E-009
4.944	2.0876918E-009
4.945	2.3436457E-009
4.946	2.6055500E-009
4.947	2.8638070E-009
4.948	3.1096494E-009
4.949	3.3352938E-009
4.95	3.5340681E-009
4.951	3.7004961E-009
4.952	3.8303494E-009
4.953	3.9206709E-009
4.954	3.9697570E-009
4.955	3.9771217E-009
4.956	3.9434207E-009
4.957	3.8703591E-009
4.958	3.7605856E-009
4.959	3.6175611E-009
4.96	3.4454151E-009
4.961	3.2488063E-009
4.962	3.0327687E-009
4.963	2.8025606E-009
4.964	2.5635196E-009
4.965	2.3209237E-009
4.966	2.0798581E-009
4.967	1.8451050E-009
4.968	1.6210301E-009
4.969	1.4115095E-009
4.97	1.2198478E-009
4.971	1.0487364E-009
4.972	9.0021646E-010
4.973	7.7566753E-010
4.974	6.7581180E-010
4.975	6.0073174E-010
4.976	5.4990951E-010
4.977	5.2227261E-010
4.978	5.1625537E-010
4.979	5.2986665E-010
4.98	5.6076521E-010
4.981	6.0633948E-010
4.982	6.6378897E-010
4.983	7.3020628E-010
4.984	8.0265589E-010
4.985	8.7825158E-010
4.986	9.5422448E-010
4.987	1.0279871E-009
4.988	1.0971871E-009
4.989	1.1597526E-009
4.99	1.2139277E-009
4.991	1.2582966E-009
4.992	1.2917989E-009
4.993	1.3137342E-009
4.994	1.3237588E-009
4.995	1.3218692E-009
4.996	1.3083838E-009
4.997	1.2839131E-009
4.998	1.2493264E-009
4.999	1.2057114E-009
5	1.1543336E-009
5.001	1.0965902E-009
5.002	1.0339652E-009
5.003	9.6798514E-010
5.004	9.0017455E-010
5.005	8.3201557E-010
5.006	7.6491147E-010
5.007	7.0015366E-010
5.008	6.3889444E-010
5.009	5.8212557E-010
5.01	5.3066201E-010
5.011	4.8513216E-010
5.012	4.4597309E-010
5.013	4.1343187E-010
5.014	3.8757145E-010
5.015	3.6828163E-010
5.016	3.5529349E-010
5.017	3.4819789E-010
5.018	3.4646613E-010
5.019	3.4947265E-010
5.02	3.5651967E-010
5.021	3.6686090E-010
5.022	3.7972617E-010
5.023	3.9434475E-010
5.024	4.0996675E-010
5.025	4.2588288E-010
5.026	4.4144147E-010
5.027	4.5606277E-010
5.028	4.6924958E-010
5.029	4.8059579E-010
5.03	4.8979060E-010
5.031	4.9661869E-010
5.032	5.0096099E-010
5.033	5.0278748E-010
5.034	5.0215204E-010
5.035	4.9918220E-010
5.036	4.9406895E-010
5.037	4.8705417E-010
5.038	4.7841853E-010
5.039	4.6846743E-010
5.04	4.5751855E-010
5.041	4.4588933E-010
5.042	4.3388540E-010
5.043	4.2179041E-010
5.044	4.0985748E-010
5.045	3.9830222E-010
5.046	3.8729753E-010
5.047	3.7697109E-010
5.048	3.6740361E-010
5.049	3.5863051E-010
5.05	3.5064382E-010
5.051	3.4339656E-010
5.052	3.3680841E-010
5.053	3.3077260E-010
5.054	3.2516248E-010
5.055	3.1984013E-010
5.056	3.1466416E-010
5.057	3.0949729E-010
5.058	3.0421451E-010
5.059	2.9870900E-010
5.06	2.9289854E-010
5.061	2.8673008E-010
5.062	2.8018265E-010
5.063	2.7326977E-010
5.064	2.6603933E-010
5.065	2.5857327E-010
5.066	2.5098348E-010
5.067	2.4340960E-010
5.068	2.3601265E-010
5.069	2.2896944E-010
5.07	2.2246584E-010
5.071	2.1668919E-010
5.072	2.1182120E-010
5.073	2.0802988E-010
5.074	2.0546287E-010
5.075	2.0424010E-010
5.076	2.0444822E-010
5.077	2.0613551E-010
5.078	2.0930796E-010
5.079	2.1392672E-010
5.08	2.1990709E-010
5.081	2.2711899E-010
5.082	2.3538879E-010
5.083	2.4450328E-010
5.084	2.5421384E-010
5.085	2.6424354E-010
5.086	2.7429370E-010
5.087	2.8405281E-010
5.088	2.9320515E-010
5.089	3.0144007E-010
5.09	3.0846126E-010
5.091	3.1399625E-010
5.092	3.1780473E-010
5.093	3.1968661E-010
5.094	3.1948866E-010
5.095	3.1711045E-010
5.096	3.1250874E-010
5.097	3.0569974E-010
5.098	2.9676051E-010
5.099	2.8582828E-010
5.1	2.7309827E-010
5.101	2.5881977E-010
5.102	2.4329058E-010
5.103	2.2685001E-010
5.104	2.0987076E-010
5.105	1.9274959E-010
5.106	1.7589696E-010
5.107	1.5972629E-010
5.108	1.4464288E-010
5.109	1.3103234E-010
5.11	1.1925029E-010
5.111	1.0961142E-010
5.112	1.0238102E-010
5.113	9.7766316E-011
5.114	9.5910370E-011
5.115	9.6887241E-011
5.116	1.0069901E-010
5.117	1.0727494E-010
5.118	1.1647217E-010
5.119	1.2807887E-010
5.12	1.4181865E-010
5.121	1.5735703E-010
5.122	1.7430944E-010
5.123	1.9225055E-010
5.124	2.1072470E-010
5.125	2.2925732E-010
5.126	2.4736749E-010
5.127	2.6457972E-010
5.128	2.8043695E-010
5.129	2.9451208E-010
5.13	3.0642000E-010
5.131	3.1582759E-010
5.132	3.2246286E-010
5.133	3.2612257E-010
5.134	3.2667810E-010
5.135	3.2407929E-010
5.136	3.1835620E-010
5.137	3.0961933E-010
5.138	2.9805730E-010
5.139	2.8393224E-010
5.14	2.6757407E-010
5.141	2.4937233E-010
5.142	2.2976648E-010
5.143	2.0923530E-010
5.144	1.8828440E-010
5.145	1.6743376E-010
5.146	1.4720442E-010
5.147	1.2810512E-010
5.148	1.1061914E-010
5.149	9.5191958E-011
5.15	8.2219481E-011
5.151	7.2037737E-011
5.152	6.4913866E-011
5.153	6.1038938E-011
5.154	6.0522747E-011
5.155	6.3390640E-011
5.156	6.9582375E-011
5.157	7.8953469E-011
5.158	9.1278492E-011
5.159	1.0625661E-010
5.16	1.2351883E-010
5.161	1.4263739E-010
5.162	1.6313614E-010
5.163	1.8450282E-010
5.164	2.0620143E-010
5.165	2.2768634E-010
5.166	2.4841559E-010
5.167	2.6786492E-010
5.168	2.8554076E-010
5.169	3.0099345E-010
5.17	3.1382805E-010
5.171	3.2371533E-010
5.172	3.3039951E-010
5.173	3.3370520E-010
5.174	3.3354236E-010
5.175	3.2990830E-010
5.176	3.2288797E-010
5.177	3.1265215E-010
5.178	2.9945288E-010
5.179	2.8361749E-010
5.18	2.6554015E-010
5.181	2.4567171E-010
5.182	2.2450886E-010
5.183	2.0258123E-010
5.184	1.8043822E-010
5.185	1.5863501E-010
5.186	1.3771909E-010
5.187	1.1821598E-010
5.188	1.0061635E-010
5.189	8.5363439E-011
5.19	7.2842066E-011
5.191	6.3368789E-011
5.192	5.7183952E-011
5.193	5.4445639E-011
5.194	5.5225696E-011
5.195	5.9507788E-011
5.196	6.7187825E-011
5.197	7.8076406E-011
5.198	9.1903478E-011
5.199	1.0832510E-010
5.2	1.2693187E-010
5.201	1.4725940E-010
5.202	1.6879988E-010
5.203	1.9101525E-010
5.204	2.1335048E-010
5.205	2.3524804E-010
5.206	2.5616176E-010
5.207	2.7557054E-010
5.208	2.9299166E-010
5.209	3.0799271E-010
5.21	3.2020214E-010
5.211	3.2931871E-010
5.212	3.3511874E-010
5.213	3.3746178E-010
5.214	3.3629427E-010
5.215	3.3165024E-010
5.216	3.2365041E-010
5.217	3.1250003E-010
5.218	2.9848241E-010
5.219	2.8195268E-010
5.22	2.6332847E-010
5.221	2.4307958E-010
5.222	2.2171615E-010
5.223	1.9977572E-010
5.224	1.7781000E-010
5.225	1.5637051E-010
5.226	1.3599515E-010
5.227	1.1719414E-010
5.228	1.0043755E-010
5.229	8.6143384E-011
5.23	7.4666946E-011
5.231	6.6292437E-011
5.232	6.1225712E-011
5.233	5.9589514E-011
5.234	6.1420563E-011
5.235	6.6668955E-011
5.236	7.5199562E-011
5.237	8.6795578E-011
5.238	1.0116414E-010
5.239	1.1794374E-010
5.24	1.3671315E-010
5.241	1.5700240E-010
5.242	1.7830405E-010
5.243	2.0008646E-010
5.244	2.2180685E-010
5.245	2.4292501E-010
5.246	2.6291694E-010
5.247	2.8128788E-010
5.248	2.9758487E-010
5.249	3.1140723E-010
5.25	3.2241779E-010
5.251	3.3034972E-010
5.252	3.3501424E-010
5.253	3.3630385E-010
5.254	3.3419614E-010
5.255	3.2875308E-010
5.256	3.2011974E-010
5.257	3.0852049E-010
5.258	2.9425298E-010
5.259	2.7768068E-010
5.26	2.5922364E-010
5.261	2.3934804E-010
5.262	2.1855391E-010
5.263	1.9736338E-010
5.264	1.7630727E-010
5.265	1.5591139E-010
5.266	1.3668428E-010
5.267	1.1910373E-010
5.268	1.0360532E-010
5.269	9.0571523E-011
5.27	8.0322131E-011
5.271	7.3106458E-011
5.272	6.9097381E-011
5.273	6.8387081E-011
5.274	7.0985127E-011
5.275	7.6818288E-011
5.276	8.5732796E-011
5.277	9.7498079E-011
5.278	1.1181318E-010
5.279	1.2831429E-010
5.28	1.4658404E-010
5.281	1.6616247E-010
5.282	1.8655849E-010
5.283	2.0726226E-010
5.284	2.2775820E-010
5.285	2.4753755E-010
5.286	2.6611111E-010
5.287	2.8302116E-010
5.288	2.9785280E-010
5.289	3.1024372E-010
5.29	3.1989369E-010
5.291	3.2657146E-010
5.292	3.3012004E-010
5.293	3.3046166E-010
5.294	3.2759795E-010
5.295	3.2161118E-010
5.296	3.1266081E-010
5.297	3.0097966E-010
5.298	2.8686767E-010
5.299	2.7068370E-010
5.3	2.5283717E-010
5.301	2.3377664E-010
5.302	2.1397903E-010
5.303	1.9393807E-010
5.304	1.7415154E-010
5.305	1.5510938E-010
5.306	1.3728178E-010
5.307	1.2110743E-010
5.308	1.0698267E-010
5.309	9.5252167E-011
5.31	8.6199874E-011
5.311	8.0042382E-011
5.312	7.6923405E-011
5.313	7.6910457E-011
5.314	7.9993200E-011
5.315	8.6084022E-011
5.316	9.5020519E-011
5.317	1.0656994E-010
5.318	1.2043519E-010
5.319	1.3626258E-010
5.32	1.5365109E-010
5.321	1.7216235E-010
5.322	1.9133163E-010
5.323	2.1067953E-010
5.324	2.2972402E-010
5.325	2.4799202E-010
5.326	2.6503161E-010
5.327	2.8042263E-010
5.328	2.9378724E-010
5.329	3.0479946E-010
5.33	3.1319264E-010
5.331	3.1876615E-010
5.332	3.2138994E-010
5.333	3.2100805E-010
5.334	3.1763908E-010
5.335	3.1137615E-010
5.336	3.0238381E-010
5.337	2.9089420E-010
5.338	2.7720057E-010
5.339	2.6165020E-010
5.34	2.4463484E-010
5.341	2.2658191E-010
5.342	2.0794215E-010
5.343	1.8917957E-010
5.344	1.7075896E-010
5.345	1.5313473E-010
5.346	1.3673951E-010
5.347	1.2197376E-010
5.348	1.0919571E-010
5.349	9.8712899E-011
5.35	9.0774735E-011
5.351	8.5566561E-011
5.352	8.3205311E-011
5.353	8.3736899E-011
5.354	8.7135209E-011
5.355	9.3303067E-011
5.356	1.0207478E-010
5.357	1.1322045E-010
5.358	1.2645196E-010
5.359	1.4143040E-010
5.36	1.5777447E-010
5.361	1.7507071E-010
5.362	1.9288335E-010
5.363	2.1076597E-010
5.364	2.2827197E-010
5.365	2.4496630E-010
5.366	2.6043592E-010
5.367	2.7429950E-010
5.368	2.8621774E-010
5.369	2.9590033E-010
5.37	3.0311378E-010
5.371	3.0768660E-010
5.372	3.0951325E-010
5.373	3.0855682E-010
5.374	3.0484892E-010
5.375	2.9848976E-010
5.376	2.8964431E-010
5.377	2.7853869E-010
5.378	2.6545391E-010
5.379	2.5071928E-010
5.38	2.3470331E-010
5.381	2.1780530E-010
5.382	2.0044484E-010
5.383	1.8305120E-010
5.384	1.6605281E-010
5.385	1.4986649E-010
5.386	1.3488730E-010
5.387	1.2147842E-010
5.388	1.0996273E-010
5.389	1.0061462E-010
5.39	9.3653564E-011
5.391	8.9238929E-011
5.392	8.7466402E-011
5.393	8.8365745E-011
5.394	9.1900439E-011
5.395	9.7968869E-011
5.396	1.0640699E-010
5.397	1.1699271E-010
5.398	1.2945157E-010
5.399	1.4346364E-010
5.4	1.5867196E-010
5.401	1.7469108E-010
5.402	1.9111721E-010
5.403	2.0753808E-010
5.404	2.2354336E-010
5.405	2.3873462E-010
5.406	2.5273550E-010
5.407	2.6520056E-010
5.408	2.7582372E-010
5.409	2.8434610E-010
5.41	2.9056116E-010
5.411	2.9432112E-010
5.412	2.9553884E-010
5.413	2.9419098E-010
5.414	2.9031746E-010
5.415	2.8402092E-010
5.416	2.7546310E-010
5.417	2.6486127E-010
5.418	2.5248262E-010
5.419	2.3863669E-010
5.42	2.2366833E-010
5.421	2.0794884E-010
5.422	1.9186634E-010
5.423	1.7581642E-010
5.424	1.6019222E-010
5.425	1.4537481E-010
5.426	1.3172374E-010
5.427	1.1956820E-010
5.428	1.0919921E-010
5.429	1.0086224E-010
5.43	9.4751554E-011
5.431	9.1005321E-011
5.432	8.9702648E-011
5.433	9.0861464E-011
5.434	9.4438658E-011
5.435	1.0033113E-010
5.436	1.0837881E-010
5.437	1.1836886E-010
5.438	1.3004109E-010
5.439	1.4309491E-010
5.44	1.5719681E-010
5.441	1.7198883E-010
5.442	1.8709742E-010
5.443	2.0214297E-010
5.444	2.1674867E-010
5.445	2.3055054E-010
5.446	2.4320571E-010
5.447	2.5440100E-010
5.448	2.6386099E-010
5.449	2.7135375E-010
5.45	2.7669761E-010
5.451	2.7976430E-010
5.452	2.8048294E-010
5.453	2.7884062E-010
5.454	2.7488339E-010
5.455	2.6871419E-010
5.456	2.6049024E-010
5.457	2.5041888E-010
5.458	2.3875218E-010
5.459	2.2578081E-010
5.46	2.1182636E-010
5.461	1.9723333E-010
5.462	1.8236078E-010
5.463	1.6757327E-010
5.464	1.5323159E-010
5.465	1.3968435E-010
5.466	1.2725873E-010
5.467	1.1625304E-010
5.468	1.0692907E-010
5.469	9.9506091E-011
5.47	9.4155343E-011
5.471	9.0996280E-011
5.472	9.0093627E-011
5.473	9.1456114E-011
5.474	9.5036333E-011
5.475	1.0073210E-010
5.476	1.0838924E-010
5.477	1.1780540E-010
5.478	1.2873537E-010
5.479	1.4089735E-010
5.48	1.5398022E-010
5.481	1.6765116E-010
5.482	1.8156442E-010
5.483	1.9536976E-010
5.484	2.0872100E-010
5.485	2.2128506E-010
5.486	2.3274971E-010
5.487	2.4283123E-010
5.488	2.5128141E-010
5.489	2.5789340E-010
5.49	2.6250654E-010
5.491	2.6501043E-010
5.492	2.6534697E-010
5.493	2.6351180E-010
5.494	2.5955402E-010
5.495	2.5357474E-010
5.496	2.4572472E-010
5.497	2.3619950E-010
5.498	2.2523554E-010
5.499	2.1310342E-010
5.5	2.0010174E-010
5.501	1.8654950E-010
5.502	1.7277833E-010
5.503	1.5912430E-010
5.504	1.4591969E-010
5.505	1.3348488E-010
5.506	1.2212011E-010
5.507	1.1209809E-010
5.508	1.0365735E-010
5.509	9.6996300E-011
5.51	9.2268283E-011
5.511	8.9578192E-011
5.512	8.8979969E-011
5.513	9.0475807E-011
5.514	9.4016128E-011
5.515	9.9501261E-011
5.516	1.0678410E-010
5.517	1.1567385E-010
5.518	1.2594066E-010
5.519	1.3732145E-010
5.52	1.4952649E-010
5.521	1.6224629E-010
5.522	1.7515964E-010
5.523	1.8794132E-010
5.524	2.0027054E-010
5.525	2.1183870E-010
5.526	2.2235734E-010
5.527	2.3156498E-010
5.528	2.3923361E-010
5.529	2.4517449E-010
5.53	2.4924190E-010
5.531	2.5133715E-010
5.532	2.5141064E-010
5.533	2.4946251E-010
5.534	2.4554311E-010
5.535	2.3975091E-010
5.536	2.3223055E-010
5.537	2.2316880E-010
5.538	2.1278990E-010
5.539	2.0135008E-010
5.54	1.8913095E-010
5.541	1.7643265E-010
5.542	1.6356629E-010
5.543	1.5084620E-010
5.544	1.3858237E-010
5.545	1.2707263E-010
5.546	1.1659557E-010
5.547	1.0740350E-010
5.548	9.9716478E-011
5.549	9.3716909E-011
5.55	8.9545239E-011
5.551	8.7296399E-011
5.552	8.7017719E-011
5.553	8.8707722E-011
5.554	9.2316384E-011
5.555	9.7746422E-011
5.556	1.0485574E-010
5.557	1.1346110E-010
5.558	1.2334286E-010
5.559	1.3425019E-010
5.56	1.4590791E-010
5.561	1.5802261E-010
5.562	1.7029063E-010
5.563	1.8240516E-010
5.564	1.9406381E-010
5.565	2.0497617E-010
5.566	2.1487072E-010
5.567	2.2350151E-010
5.568	2.3065426E-010
5.569	2.3615146E-010
5.57	2.3985677E-010
5.571	2.4167848E-010
5.572	2.4157157E-010
5.573	2.3953847E-010
5.574	2.3562968E-010
5.575	2.2994186E-010
5.576	2.2261522E-010
5.577	2.1383038E-010
5.578	2.0380374E-010
5.579	1.9278197E-010
5.58	1.8103608E-010
5.581	1.6885493E-010
5.582	1.5653839E-010
5.583	1.4438953E-010
5.584	1.3270794E-010
5.585	1.2178206E-010
5.586	1.1188230E-010
5.587	1.0325415E-010
5.588	9.6112208E-011
5.589	9.0634937E-011
5.59	8.6959967E-011
5.591	8.5180904E-011
5.592	8.5344808E-011
5.593	8.7451206E-011
5.594	9.1452027E-011
5.595	9.7252678E-011
5.596	1.0471461E-010
5.597	1.1365832E-010
5.598	1.2386797E-010
5.599	1.3509653E-010
5.6	1.4707177E-010
5.601	1.5950262E-010
5.602	1.7208661E-010
5.603	1.8451654E-010
5.604	1.9648858E-010
5.605	2.0770885E-010
5.606	2.1790104E-010
5.607	2.2681293E-010
5.608	2.3422261E-010
5.609	2.3994395E-010
5.61	2.4383190E-010
5.611	2.4578539E-010
5.612	2.4575089E-010
5.613	2.4372365E-010
5.614	2.3974817E-010
5.615	2.3391772E-010
5.616	2.2637187E-010
5.617	2.1729421E-010
5.618	2.0690769E-010
5.619	1.9547004E-010
5.62	1.8326772E-010
5.621	1.7060980E-010
5.622	1.5782090E-010
5.623	1.4523403E-010
5.624	1.3318324E-010
5.625	1.2199596E-010
5.626	1.1198587E-010
5.627	1.0344575E-010
5.628	9.6640952E-011
5.629	9.1803176E-011
5.63	8.9125367E-011
5.631	8.8757009E-011
5.632	9.0800832E-011
5.633	9.5310121E-011
5.634	1.0228732E-010
5.635	1.1168375E-010
5.636	1.2340035E-010
5.637	1.3728964E-010
5.638	1.5315856E-010
5.639	1.7077230E-010
5.64	1.8985943E-010
5.641	2.1011701E-010
5.642	2.3121711E-010
5.643	2.5281349E-010
5.644	2.7454822E-010
5.645	2.9605990E-010
5.646	3.1698943E-010
5.647	3.3698827E-010
5.648	3.5572467E-010
5.649	3.7289019E-010
5.65	3.8820500E-010
5.651	4.0142392E-010
5.652	4.1234000E-010
5.653	4.2078796E-010
5.654	4.2664741E-010
5.655	4.2984380E-010
5.656	4.3034923E-010
5.657	4.2818243E-010
5.658	4.2340703E-010
5.659	4.1612980E-010
5.66	4.0649734E-010
5.661	3.9469275E-010
5.662	3.8093098E-010
5.663	3.6545381E-010
5.664	3.4852449E-010
5.665	3.3042194E-010
5.666	3.1143446E-010
5.667	2.9185385E-010
5.668	2.7196961E-010
5.669	2.5206229E-010
5.67	2.3239924E-010
5.671	2.1322942E-010
5.672	1.9477883E-010
5.673	1.7724776E-010
5.674	1.6080762E-010
5.675	1.4559910E-010
5.676	1.3173081E-010
5.677	1.1927868E-010
5.678	1.0828637E-010
5.679	9.8765454E-011
5.68	9.0697651E-011
5.681	8.4036243E-011
5.682	7.8709213E-011
5.683	7.4622114E-011
5.684	7.1661767E-011
5.685	6.9700218E-011
5.686	6.8598655E-011
5.687	6.8211721E-011
5.688	6.8391563E-011
5.689	6.8991798E-011
5.69	6.9871421E-011
5.691	7.0898017E-011
5.692	7.1951070E-011
5.693	7.2924368E-011
5.694	7.3728211E-011
5.695	7.4290900E-011
5.696	7.4559726E-011
5.697	7.4501419E-011
5.698	7.4101926E-011
5.699	7.3365695E-011
5.7	7.2314460E-011
5.701	7.0985655E-011
5.702	6.9430274E-011
5.703	6.7710559E-011
5.704	6.5897288E-011
5.705	6.4067036E-011
5.706	6.2299312E-011
5.707	6.0673411E-011
5.708	5.9265932E-011
5.709	5.8147702E-011
5.71	5.7381624E-011
5.711	5.7020288E-011
5.712	5.7104342E-011
5.713	5.7660963E-011
5.714	5.8702952E-011
5.715	6.0228253E-011
5.716	6.2219709E-011
5.717	6.4645608E-011
5.718	6.7460405E-011
5.719	7.0605959E-011
5.72	7.4013046E-011
5.721	7.7603472E-011
5.722	8.1291980E-011
5.723	8.4988794E-011
5.724	8.8602112E-011
5.725	9.2040674E-011
5.726	9.5216252E-011
5.727	9.8046231E-011
5.728	1.0045582E-010
5.729	1.0238029E-010
5.73	1.0376671E-010
5.731	1.0457549E-010
5.732	1.0478151E-010
5.733	1.0437506E-010
5.734	1.0336205E-010
5.735	1.0176393E-010
5.736	9.9617335E-011
5.737	9.6973124E-011
5.738	9.3895190E-011
5.739	9.0458745E-011
5.74	8.6748553E-011
5.741	8.2856652E-011
5.742	7.8880201E-011
5.743	7.4918738E-011
5.744	7.1071878E-011
5.745	6.7436522E-011
5.746	6.4104534E-011
5.747	6.1160167E-011
5.748	5.8678069E-011
5.749	5.6721128E-011
5.75	5.5339008E-011
5.751	5.4566660E-011
5.752	5.4423646E-011
5.753	5.4913393E-011
5.754	5.6023276E-011
5.755	5.7724867E-011
5.756	5.9974671E-011
5.757	6.2715222E-011
5.758	6.5876644E-011
5.759	6.9378260E-011
5.76	7.3130807E-011
5.761	7.7038598E-011
5.762	8.1001886E-011
5.763	8.4919544E-011
5.764	8.8691388E-011
5.765	9.2220946E-011
5.766	9.5417625E-011
5.767	9.8199199E-011
5.768	1.0049385E-010
5.769	1.0224183E-010
5.77	1.0339717E-010
5.771	1.0392862E-010
5.772	1.0382059E-010
5.773	1.0307347E-010
5.774	1.0170356E-010
5.775	9.9742617E-011
5.776	9.7237128E-011
5.777	9.4247013E-011
5.778	9.0844159E-011
5.779	8.7110485E-011
5.78	8.3136067E-011
5.781	7.9016634E-011
5.782	7.4851333E-011
5.783	7.0740233E-011
5.784	6.6781684E-011
5.785	6.3070077E-011
5.786	5.9693320E-011
5.787	5.6730742E-011
5.788	5.4251170E-011
5.789	5.2311169E-011
5.79	5.0953759E-011
5.791	5.0207290E-011
5.792	5.0084836E-011
5.793	5.0583957E-011
5.794	5.1686665E-011
5.795	5.3360056E-011
5.796	5.5557101E-011
5.797	5.8217903E-011
5.798	6.1271141E-011
5.799	6.4636067E-011
5.8	6.8224384E-011
5.801	7.1942501E-011
5.802	7.5694014E-011
5.803	7.9381987E-011
5.804	8.2911365E-011
5.805	8.6191401E-011
5.806	8.9137829E-011
5.807	9.1674952E-011
5.808	9.3737428E-011
5.809	9.5271950E-011
5.81	9.6238489E-011
5.811	9.6611164E-011
5.812	9.6378933E-011
5.813	9.5545759E-011
5.814	9.4130509E-011
5.815	9.2166323E-011
5.816	8.9699900E-011
5.817	8.6790138E-011
5.818	8.3506632E-011
5.819	7.9927974E-011
5.82	7.6139692E-011
5.821	7.2232130E-011
5.822	6.8298200E-011
5.823	6.4431113E-011
5.824	6.0721969E-011
5.825	5.7257588E-011
5.826	5.4118324E-011
5.827	5.1376143E-011
5.828	4.9092893E-011
5.829	4.7318711E-011
5.83	4.6090933E-011
5.831	4.5433157E-011
5.832	4.5354765E-011
5.833	4.5850712E-011
5.834	4.6901712E-011
5.835	4.8474835E-011
5.836	5.0524359E-011
5.837	5.2992926E-011
5.838	5.5813118E-011
5.839	5.8909128E-011
5.84	6.2198718E-011
5.841	6.5595314E-011
5.842	6.9010082E-011
5.843	7.2354289E-011
5.844	7.5541372E-011
5.845	7.8489069E-011
5.846	8.1121519E-011
5.847	8.3370963E-011
5.848	8.5179426E-011
5.849	8.6500127E-011
5.85	8.7298495E-011
5.851	8.7553111E-011
5.852	8.7255904E-011
5.853	8.6412606E-011
5.854	8.5042418E-011
5.855	8.3177486E-011
5.856	8.0861970E-011
5.857	7.8151111E-011
5.858	7.5109696E-011
5.859	7.1810335E-011
5.86	6.8331694E-011
5.861	6.4756506E-011
5.862	6.1169396E-011
5.863	5.7654805E-011
5.864	5.4294815E-011
5.865	5.1167185E-011
5.866	4.8343472E-011
5.867	4.5887183E-011
5.868	4.3852484E-011
5.869	4.2282761E-011
5.87	4.1209730E-011
5.871	4.0652735E-011
5.872	4.0618352E-011
5.873	4.1100227E-011
5.874	4.2079378E-011
5.875	4.3524670E-011
5.876	4.5393564E-011
5.877	4.7633304E-011
5.878	5.0182226E-011
5.879	5.2971346E-011
5.88	5.5926097E-011
5.881	5.8968261E-011
5.882	6.2017877E-011
5.883	6.4995231E-011
5.884	6.7822942E-011
5.885	7.0427747E-011
5.886	7.2742305E-011
5.887	7.4706824E-011
5.888	7.6270552E-011
5.889	7.7392912E-011
5.89	7.8044404E-011
5.891	7.8207406E-011
5.892	7.7876407E-011
5.893	7.7058207E-011
5.894	7.5771549E-011
5.895	7.4046623E-011
5.896	7.1924279E-011
5.897	6.9455018E-011
5.898	6.6697474E-011
5.899	6.3717198E-011
5.9	6.0584808E-011
5.901	5.7374331E-011
5.902	5.4161266E-011
5.903	5.1020799E-011
5.904	4.8025878E-011
5.905	4.5245457E-011
5.906	4.2742764E-011
5.907	4.0573801E-011
5.908	3.8785933E-011
5.909	3.7416875E-011
5.91	3.6493711E-011
5.911	3.6032417E-011
5.912	3.6037447E-011
5.913	3.6501739E-011
5.914	3.7406949E-011
5.915	3.8723951E-011
5.916	4.0413641E-011
5.917	4.2427933E-011
5.918	4.4711002E-011
5.919	4.7200698E-011
5.92	4.9830105E-011
5.921	5.2529283E-011
5.922	5.5226934E-011
5.923	5.7852251E-011
5.924	6.0336618E-011
5.925	6.2615392E-011
5.926	6.4629288E-011
5.927	6.6326104E-011
5.928	6.7661758E-011
5.929	6.8601375E-011
5.93	6.9120154E-011
5.931	6.9203865E-011
5.932	6.8849149E-011
5.933	6.8063485E-011
5.934	6.6864965E-011
5.935	6.5281849E-011
5.936	6.3351567E-011
5.937	6.1120019E-011
5.938	5.8640176E-011
5.939	5.5970784E-011
5.94	5.3174961E-011
5.941	5.0318510E-011
5.942	4.7468345E-011
5.943	4.4690834E-011
5.944	4.2050138E-011
5.945	3.9606648E-011
5.946	3.7415536E-011
5.947	3.5525402E-011
5.948	3.3977089E-011
5.949	3.2802778E-011
5.95	3.2025209E-011
5.951	3.1657146E-011
5.952	3.1701201E-011
5.953	3.2149762E-011
5.954	3.2985302E-011
5.955	3.4180835E-011
5.956	3.5700679E-011
5.957	3.7501356E-011
5.958	3.9532728E-011
5.959	4.1739300E-011
5.96	4.4061563E-011
5.961	4.6437583E-011
5.962	4.8804443E-011
5.963	5.1099864E-011
5.964	5.3263723E-011
5.965	5.5239525E-011
5.966	5.6975764E-011
5.967	5.8427201E-011
5.968	5.9555930E-011
5.969	6.0332267E-011
5.97	6.0735479E-011
5.971	6.0754193E-011
5.972	6.0386661E-011
5.973	5.9640730E-011
5.974	5.8533574E-011
5.975	5.7091162E-011
5.976	5.5347629E-011
5.977	5.3344343E-011
5.978	5.1128789E-011
5.979	4.8753425E-011
5.98	4.6274234E-011
5.981	4.3749487E-011
5.982	4.1238183E-011
5.983	3.8798589E-011
5.984	3.6486876E-011
5.985	3.4355664E-011
5.986	3.2452867E-011
5.987	3.0820388E-011
5.988	2.9493241E-011
5.989	2.8498634E-011
5.99	2.7855405E-011
5.991	2.7573570E-011
5.992	2.7654134E-011
5.993	2.8089116E-011
5.994	2.8861824E-011
5.995	2.9947309E-011
5.996	3.1313049E-011
5.997	3.2919861E-011
5.998	3.4722777E-011
5.999	3.6672412E-011
6	3.8716010E-011
6.001	4.0798882E-011
6.002	4.2865753E-011
6.003	4.4862097E-011
6.004	4.6735466E-011
6.005	4.8436855E-011
6.006	4.9921779E-011
6.007	5.1151403E-011
6.008	5.2093500E-011
6.009	5.2723079E-011
6.01	5.3023131E-011
6.011	5.2984870E-011
6.012	5.2607963E-011
6.013	5.1900470E-011
6.014	5.0878603E-011
6.015	4.9566299E-011
6.016	4.7994504E-011
6.017	4.6200467E-011
6.018	4.4226661E-011
6.019	4.2119763E-011
6.02	3.9929428E-011
6.021	3.7707032E-011
6.022	3.5504443E-011
6.023	3.3372600E-011
6.024	3.1360470E-011
6.025	2.9513621E-011
6.026	2.7873339E-011
6.027	2.6475504E-011
6.028	2.5349785E-011
6.029	2.4518920E-011
6.03	2.3998236E-011
6.031	2.3795257E-011
6.032	2.3909614E-011
6.033	2.4333062E-011
6.034	2.5049756E-011
6.035	2.6036690E-011
6.036	2.7264307E-011
6.037	2.8697307E-011
6.038	3.0295513E-011
6.039	3.2014988E-011
6.04	3.3809042E-011
6.041	3.5629527E-011
6.042	3.7427925E-011
6.043	3.9156626E-011
6.044	4.0770071E-011
6.045	4.2225869E-011
6.046	4.3485819E-011
6.047	4.4516838E-011
6.048	4.5291756E-011
6.049	4.5789882E-011
6.05	4.5997567E-011
6.051	4.5908409E-011
6.052	4.5523415E-011
6.053	4.4850883E-011
6.054	4.3906219E-011
6.055	4.2711418E-011
6.056	4.1294617E-011
6.057	3.9689262E-011
6.058	3.7933292E-011
6.059	3.6068180E-011
6.06	3.4137852E-011
6.061	3.2187610E-011
6.062	3.0262921E-011
6.063	2.8408328E-011
6.064	2.6666308E-011
6.065	2.5076236E-011
6.066	2.3673431E-011
6.067	2.2488296E-011
6.068	2.1545628E-011
6.069	2.0864050E-011
6.07	2.0455620E-011
6.071	2.0325552E-011
6.072	2.0472167E-011
6.073	2.0886983E-011
6.074	2.1554949E-011
6.075	2.2454873E-011
6.076	2.3559975E-011
6.077	2.4838581E-011
6.078	2.6254924E-011
6.079	2.7770061E-011
6.08	2.9342855E-011
6.081	3.0930973E-011
6.082	3.2491992E-011
6.083	3.3984388E-011
6.084	3.5368604E-011
6.085	3.6608005E-011
6.086	3.7669805E-011
6.087	3.8525839E-011
6.088	3.9153267E-011
6.089	3.9535129E-011
6.09	3.9660719E-011
6.091	3.9525761E-011
6.092	3.9132590E-011
6.093	3.8489923E-011
6.094	3.7612642E-011
6.095	3.6521369E-011
6.096	3.5241903E-011
6.097	3.3804536E-011
6.098	3.2243253E-011
6.099	3.0594905E-011
6.1	2.8898191E-011
6.101	2.7192776E-011
6.102	2.5518254E-011
6.103	2.3913203E-011
6.104	2.2414213E-011
6.105	2.1055031E-011
6.106	1.9865731E-011
6.107	1.8871968E-011
6.108	1.8094427E-011
6.109	1.7548244E-011
6.11	1.7242763E-011
6.111	1.7181236E-011
6.112	1.7360884E-011
6.113	1.7772915E-011
6.114	1.8402852E-011
6.115	1.9230889E-011
6.116	2.0232456E-011
6.117	2.1378826E-011
6.118	2.2637886E-011
6.119	2.3974926E-011
6.12	2.5353527E-011
6.121	2.6736512E-011
6.122	2.8086809E-011
6.123	2.9368421E-011
6.124	3.0547297E-011
6.125	3.1592166E-011
6.126	3.2475321E-011
6.127	3.3173256E-011
6.128	3.3667201E-011
6.129	3.3943653E-011
6.13	3.3994540E-011
6.131	3.3817539E-011
6.132	3.3415964E-011
6.133	3.2798746E-011
6.134	3.1980123E-011
6.135	3.0979268E-011
6.136	2.9819789E-011
6.137	2.8529089E-011
6.138	2.7137664E-011
6.139	2.5678341E-011
6.14	2.4185390E-011
6.141	2.2693710E-011
6.142	2.1237949E-011
6.143	1.9851620E-011
6.144	1.8566277E-011
6.145	1.7410793E-011
6.146	1.6410618E-011
6.147	1.5587183E-011
6.148	1.4957383E-011
6.149	1.4533208E-011
6.15	1.4321442E-011
6.151	1.4323544E-011
6.152	1.4535631E-011
6.153	1.4948607E-011
6.154	1.5548434E-011
6.155	1.6316500E-011
6.156	1.7230125E-011
6.157	1.8263162E-011
6.158	1.9386666E-011
6.159	2.0569643E-011
6.16	2.1779838E-011
6.161	2.2984547E-011
6.162	2.4151417E-011
6.163	2.5249266E-011
6.164	2.6248821E-011
6.165	2.7123465E-011
6.166	2.7849846E-011
6.167	2.8408458E-011
6.168	2.8784084E-011
6.169	2.8966196E-011
6.17	2.8949161E-011
6.171	2.8732345E-011
6.172	2.8320131E-011
6.173	2.7721783E-011
6.174	2.6951157E-011
6.175	2.6026329E-011
6.176	2.4969133E-011
6.177	2.3804562E-011
6.178	2.2560143E-011
6.179	2.1265215E-011
6.18	1.9950187E-011
6.181	1.8645772E-011
6.182	1.7382228E-011
6.183	1.6188597E-011
6.184	1.5091983E-011
6.185	1.4116924E-011
6.186	1.3284759E-011
6.187	1.2613149E-011
6.188	1.2115651E-011
6.189	1.1801392E-011
6.19	1.1674883E-011
6.191	1.1735933E-011
6.192	1.1979666E-011
6.193	1.2396685E-011
6.194	1.2973334E-011
6.195	1.3692061E-011
6.196	1.4531868E-011
6.197	1.5468887E-011
6.198	1.6476971E-011
6.199	1.7528359E-011
6.2	1.8594376E-011
6.201	1.9646167E-011
6.202	2.0655404E-011
6.203	2.1594964E-011
6.204	2.2439665E-011
6.205	2.3166816E-011
6.206	2.3756828E-011
6.207	2.4193649E-011
6.208	2.4465171E-011
6.209	2.4563525E-011
6.21	2.4485206E-011
6.211	2.4231181E-011
6.212	2.3806828E-011
6.213	2.3221751E-011
6.214	2.2489535E-011
6.215	2.1627389E-011
6.216	2.0655642E-011
6.217	1.9597279E-011
6.218	1.8477308E-011
6.219	1.7322125E-011
6.22	1.6158864E-011
6.221	1.5014710E-011
6.222	1.3916195E-011
6.223	1.2888576E-011
6.224	1.1955183E-011
6.225	1.1136864E-011
6.226	1.0451462E-011
6.227	9.9134112E-012
6.228	9.5333698E-012
6.229	9.3179960E-012
6.23	9.2697950E-012
6.231	9.3870736E-012
6.232	9.6640048E-012
6.233	1.0090809E-011
6.234	1.0653992E-011
6.235	1.1336715E-011
6.236	1.2119234E-011
6.237	1.2979404E-011
6.238	1.3893266E-011
6.239	1.4835634E-011
6.24	1.5780785E-011
6.241	1.6703057E-011
6.242	1.7577538E-011
6.243	1.8380682E-011
6.244	1.9090864E-011
6.245	1.9688938E-011
6.246	2.0158691E-011
6.247	2.0487221E-011
6.248	2.0665246E-011
6.249	2.0687316E-011
6.25	2.0551911E-011
6.251	2.0261459E-011
6.252	1.9822258E-011
6.253	1.9244297E-011
6.254	1.8540953E-011
6.255	1.7728709E-011
6.256	1.6826660E-011
6.257	1.5856070E-011
6.258	1.4839834E-011
6.259	1.3801901E-011
6.26	1.2766653E-011
6.261	1.1758321E-011
6.262	1.0800346E-011
6.263	9.9148112E-012
6.264	9.1218751E-012
6.265	8.4392623E-012
6.266	7.8818549E-012
6.267	7.4612842E-012
6.268	7.1856982E-012
6.269	7.0595465E-012
6.27	7.0835048E-012
6.271	7.2544700E-012
6.272	7.5656686E-012
6.273	8.0068417E-012
6.274	8.5645241E-012
6.275	9.2223998E-012
6.276	9.9617250E-012
6.277	1.0761819E-011
6.278	1.1600576E-011
6.279	1.2455050E-011
6.28	1.3302007E-011
6.281	1.4118530E-011
6.282	1.4882576E-011
6.283	1.5573546E-011
6.284	1.6172752E-011
6.285	1.6663920E-011
6.286	1.7033559E-011
6.287	1.7271306E-011
6.288	1.7370150E-011
6.289	1.7326604E-011
6.29	1.7140784E-011
6.291	1.6816363E-011
6.292	1.6360484E-011
6.293	1.5783560E-011
6.294	1.5098981E-011
6.295	1.4322799E-011
6.296	1.3473284E-011
6.297	1.2570480E-011
6.298	1.1635683E-011
6.299	1.0690920E-011
6.3	9.7583920E-012
6.301	8.8599102E-012
6.302	8.0163610E-012
6.303	7.2471755E-012
6.304	6.5698454E-012
6.305	5.9994960E-012
6.306	5.5485065E-012
6.307	5.2262105E-012
6.308	5.0386808E-012
6.309	4.9885816E-012
6.31	5.0751226E-012
6.311	5.2940994E-012
6.312	5.6380044E-012
6.313	6.0962403E-012
6.314	6.6553937E-012
6.315	7.2995845E-012
6.316	8.0108741E-012
6.317	8.7697202E-012
6.318	9.5554693E-012
6.319	1.0346890E-011
6.32	1.1122689E-011
6.321	1.1862043E-011
6.322	1.2545138E-011
6.323	1.3153634E-011
6.324	1.3671147E-011
6.325	1.4083621E-011
6.326	1.4379699E-011
6.327	1.4550974E-011
6.328	1.4592201E-011
6.329	1.4501413E-011
6.33	1.4279959E-011
6.331	1.3932458E-011
6.332	1.3466656E-011
6.333	1.2893241E-011
6.334	1.2225543E-011
6.335	1.1479201E-011
6.336	1.0671753E-011
6.337	9.8222047E-012
6.338	8.9505365E-012
6.339	8.0772273E-012
6.34	7.2227276E-012
6.341	6.4069635E-012
6.342	5.6488538E-012
6.343	4.9658411E-012
6.344	4.3734608E-012
6.345	3.8849735E-012
6.346	3.5110361E-012
6.347	3.2594444E-012
6.348	3.1349541E-012
6.349	3.1391673E-012
6.35	3.2705043E-012
6.351	3.5242592E-012
6.352	3.8927286E-012
6.353	4.3654130E-012
6.354	4.9292918E-012
6.355	5.5691645E-012
6.356	6.2680239E-012
6.357	7.0075005E-012
6.358	7.7683129E-012
6.359	8.5307534E-012
6.36	9.2751666E-012
6.361	9.9824272E-012
6.362	1.0634417E-011
6.363	1.1214450E-011
6.364	1.1707666E-011
6.365	1.2101422E-011
6.366	1.2385532E-011
6.367	1.2552551E-011
6.368	1.2597943E-011
6.369	1.2520165E-011
6.37	1.2320738E-011
6.371	1.2004169E-011
6.372	1.1577897E-011
6.373	1.1052083E-011
6.374	1.0439417E-011
6.375	9.7547907E-012
6.376	9.0149528E-012
6.377	8.2380734E-012
6.378	7.4432110E-012
6.379	6.6497684E-012
6.38	5.8768489E-012
6.381	5.1426372E-012
6.382	4.4638043E-012
6.383	3.8550196E-012
6.384	3.3286117E-012
6.385	2.8944199E-012
6.386	2.5598391E-012
6.387	2.3300114E-012
6.388	2.2081076E-012
6.389	2.1955922E-012
6.39	2.2924195E-012
6.391	2.4970785E-012
6.392	2.8065081E-012
6.393	3.2159078E-012
6.394	3.7185133E-012
6.395	4.3054440E-012
6.396	4.9656585E-012
6.397	5.6860970E-012
6.398	6.4519748E-012
6.399	7.2472349E-012
6.4	8.0550696E-012
6.401	8.8584799E-012
6.402	9.6408064E-012
6.403	1.0386203E-011
6.404	1.1080041E-011
6.405	1.1709199E-011
6.406	1.2262306E-011
6.407	1.2729913E-011
6.408	1.3104564E-011
6.409	1.3380882E-011
6.41	1.3555540E-011
6.411	1.3627253E-011
6.412	1.3596694E-011
6.413	1.3466395E-011
6.414	1.3240620E-011
6.415	1.2925219E-011
6.416	1.2527457E-011
6.417	1.2055850E-011
6.418	1.1519992E-011
6.419	1.0930395E-011
6.42	1.0298335E-011
6.421	9.6357072E-012
6.422	8.9549522E-012
6.423	8.2689628E-012
6.424	7.5910493E-012
6.425	6.9349379E-012
6.426	6.3148159E-012
6.427	5.7454141E-012
6.428	5.2421015E-012
6.429	4.8210611E-012
6.43	4.4994394E-012
6.431	4.2955518E-012
6.432	4.2290759E-012
6.433	4.3212539E-012
6.434	4.5950899E-012
6.435	5.0755064E-012
6.436	5.7894921E-012
6.437	6.7661762E-012
6.438	8.0368715E-012
6.439	9.6350480E-012
6.44	1.1596214E-011
6.441	1.3957761E-011
6.442	1.6758678E-011
6.443	2.0039201E-011
6.444	2.3840433E-011
6.445	2.8203754E-011
6.446	3.3170269E-011
6.447	3.8780035E-011
6.448	4.5071388E-011
6.449	5.2079945E-011
6.45	5.9837781E-011
6.451	6.8372391E-011
6.452	7.7705828E-011
6.453	8.7853676E-011
6.454	9.8824247E-011
6.455	1.1061767E-010
6.456	1.2322522E-010
6.457	1.3662872E-010
6.458	1.5079969E-010
6.459	1.6569945E-010
6.46	1.8127813E-010
6.461	1.9747499E-010
6.462	2.1421812E-010
6.463	2.3142462E-010
6.464	2.4900082E-010
6.465	2.6684285E-010
6.466	2.8483732E-010
6.467	3.0286221E-010
6.468	3.2078767E-010
6.469	3.3847786E-010
6.47	3.5579159E-010
6.471	3.7258480E-010
6.472	3.8871154E-010
6.473	4.0402634E-010
6.474	4.1838555E-010
6.475	4.3164960E-010
6.476	4.4368517E-010
6.477	4.5436624E-010
6.478	4.6357712E-010
6.479	4.7121312E-010
6.48	4.7718340E-010
6.481	4.8141158E-010
6.482	4.8383741E-010
6.483	4.8441839E-010
6.484	4.8312970E-010
6.485	4.7996568E-010
6.486	4.7494003E-010
6.487	4.6808557E-010
6.488	4.5945414E-010
6.489	4.4911616E-010
6.49	4.3716011E-010
6.491	4.2369080E-010
6.492	4.0882864E-010
6.493	3.9270773E-010
6.494	3.7547415E-010
6.495	3.5728459E-010
6.496	3.3830347E-010
6.497	3.1870170E-010
6.498	2.9865430E-010
6.499	2.7833802E-010
6.5	2.5792929E-010
6.501	2.3760188E-010
6.502	2.1752453E-010
6.503	1.9785902E-010
6.504	1.7875774E-010
6.505	1.6036221E-010
6.506	1.4280081E-010
6.507	1.2618784E-010
6.508	1.1062198E-010
6.509	9.6185331E-011
6.51	8.2942854E-011
6.511	7.0941905E-011
6.512	6.0212009E-011
6.513	5.0765156E-011
6.514	4.2596076E-011
6.515	3.5683081E-011
6.516	2.9988848E-011
6.517	2.5461713E-011
6.518	2.2036912E-011
6.519	1.9638152E-011
6.52	1.8179281E-011
6.521	1.7566028E-011
6.522	1.7697916E-011
6.523	1.8470095E-011
6.524	1.9775329E-011
6.525	2.1505830E-011
6.526	2.3555104E-011
6.527	2.5819707E-011
6.528	2.8200836E-011
6.529	3.0605792E-011
6.53	3.2949331E-011
6.531	3.5154702E-011
6.532	3.7154613E-011
6.533	3.8891917E-011
6.534	4.0320126E-011
6.535	4.1403610E-011
6.536	4.2117806E-011
6.537	4.2448836E-011
6.538	4.2393398E-011
6.539	4.1957986E-011
6.54	4.1158348E-011
6.541	4.0018499E-011
6.542	3.8569793E-011
6.543	3.6849773E-011
6.544	3.4901037E-011
6.545	3.2769940E-011
6.546	3.0505411E-011
6.547	2.8157645E-011
6.548	2.5776893E-011
6.549	2.3412257E-011
6.55	2.1110639E-011
6.551	1.8915683E-011
6.552	1.6866937E-011
6.553	1.4999066E-011
6.554	1.3341247E-011
6.555	1.1916722E-011
6.556	1.0742455E-011
6.557	9.8290213E-012
6.558	9.1805513E-012
6.559	8.7949084E-012
6.56	8.6639532E-012
6.561	8.7739468E-012
6.562	9.1060831E-012
6.563	9.6371106E-012
6.564	1.0340021E-011
6.565	1.1184833E-011
6.566	1.2139396E-011
6.567	1.3170212E-011
6.568	1.4243285E-011
6.569	1.5324936E-011
6.57	1.6382571E-011
6.571	1.7385452E-011
6.572	1.8305340E-011
6.573	1.9117074E-011
6.574	1.9799105E-011
6.575	2.0333865E-011
6.576	2.0708071E-011
6.577	2.0912905E-011
6.578	2.0944085E-011
6.579	2.0801820E-011
6.58	2.0490653E-011
6.581	2.0019245E-011
6.582	1.9400011E-011
6.583	1.8648699E-011
6.584	1.7783917E-011
6.585	1.6826615E-011
6.586	1.5799483E-011
6.587	1.4726382E-011
6.588	1.3631690E-011
6.589	1.2539742E-011
6.59	1.1474215E-011
6.591	1.0457564E-011
6.592	9.5105087E-012
6.593	8.6515742E-012
6.594	7.8966824E-012
6.595	7.2588337E-012
6.596	6.7478566E-012
6.597	6.3702498E-012
6.598	6.1291063E-012
6.599	6.0241161E-012
6.6	6.0516713E-012
6.601	6.2050269E-012
6.602	6.4745444E-012
6.603	6.8479996E-012
6.604	7.3109400E-012
6.605	7.8471023E-012
6.606	8.4388330E-012
6.607	9.0675739E-012
6.608	9.7143352E-012
6.609	1.0360154E-011
6.61	1.0986598E-011
6.611	1.1576171E-011
6.612	1.2112737E-011
6.613	1.2581875E-011
6.614	1.2971207E-011
6.615	1.3270631E-011
6.616	1.3472543E-011
6.617	1.3571935E-011
6.618	1.3566490E-011
6.619	1.3456560E-011
6.62	1.3245110E-011
6.621	1.2937594E-011
6.622	1.2541755E-011
6.623	1.2067405E-011
6.624	1.1526128E-011
6.625	1.0930958E-011
6.626	1.0296027E-011
6.627	9.6361972E-012
6.628	8.9666625E-012
6.629	8.3025756E-012
6.63	7.6586749E-012
6.631	7.0489144E-012
6.632	6.4861506E-012
6.633	5.9818357E-012
6.634	5.5457691E-012
6.635	5.1858921E-012
6.636	4.9081264E-012
6.637	4.7162630E-012
6.638	4.6119111E-012
6.639	4.5945071E-012
6.64	4.6613585E-012
6.641	4.8077493E-012
6.642	5.0270942E-012
6.643	5.3111313E-012
6.644	5.6501544E-012
6.645	6.0332767E-012
6.646	6.4487192E-012
6.647	6.8841235E-012
6.648	7.3268744E-012
6.649	7.7644072E-012
6.65	8.1845390E-012
6.651	8.5757504E-012
6.652	8.9274699E-012
6.653	9.2303222E-012
6.654	9.4763199E-012
6.655	9.6590479E-012
6.656	9.7738033E-012
6.657	9.8176484E-012
6.658	9.7894869E-012
6.659	9.6900274E-012
6.66	9.5217688E-012
6.661	9.2888787E-012
6.662	8.9970878E-012
6.663	8.6535024E-012
6.664	8.2664171E-012
6.665	7.8450753E-012
6.666	7.3994465E-012
6.667	6.9399430E-012
6.668	6.4771617E-012
6.669	6.0216233E-012
6.67	5.5835050E-012
6.671	5.1724081E-012
6.672	4.7971119E-012
6.673	4.4653873E-012
6.674	4.1838026E-012
6.675	3.9575955E-012
6.676	3.7905477E-012
6.677	3.6849230E-012
6.678	3.6414296E-012
6.679	3.6592188E-012
6.68	3.7359412E-012
6.681	3.8678206E-012
6.682	4.0497679E-012
6.683	4.2755400E-012
6.684	4.5379035E-012
6.685	4.8288361E-012
6.686	5.1397393E-012
6.687	5.4616567E-012
6.688	5.7855006E-012
6.689	6.1022827E-012
6.69	6.4033254E-012
6.691	6.6804795E-012
6.692	6.9263133E-012
6.693	7.1342867E-012
6.694	7.2989019E-012
6.695	7.4158327E-012
6.696	7.4819968E-012
6.697	7.4956456E-012
6.698	7.4563541E-012
6.699	7.3650400E-012
6.7	7.2239172E-012
6.701	7.0364057E-012
6.702	6.8070532E-012
6.703	6.5413820E-012
6.704	6.2457635E-012
6.705	5.9272210E-012
6.706	5.5932624E-012
6.707	5.2516819E-012
6.708	4.9103564E-012
6.709	4.5770523E-012
6.71	4.2592345E-012
6.711	3.9638848E-012
6.712	3.6973319E-012
6.713	3.4651056E-012
6.714	3.2718162E-012
6.715	3.1210444E-012
6.716	3.0152734E-012
6.717	2.9558372E-012
6.718	2.9429124E-012
6.719	2.9755172E-012
6.72	3.0515623E-012
6.721	3.1679102E-012
6.722	3.3204706E-012
6.723	3.5043132E-012
6.724	3.7137997E-012
6.725	3.9427320E-012
6.726	4.1845121E-012
6.727	4.4323096E-012
6.728	4.6792340E-012
6.729	4.9185070E-012
6.73	5.1436338E-012
6.731	5.3485510E-012
6.732	5.5277905E-012
6.733	5.6765894E-012
6.734	5.7910100E-012
6.735	5.8680300E-012
6.736	5.9056007E-012
6.737	5.9026807E-012
6.738	5.8592640E-012
6.739	5.7763508E-012
6.74	5.6559197E-012
6.741	5.5008606E-012
6.742	5.3148939E-012
6.743	5.1024645E-012
6.744	4.8686289E-012
6.745	4.6189116E-012
6.746	4.3591675E-012
6.747	4.0954375E-012
6.748	3.8337870E-012
6.749	3.5801607E-012
6.75	3.3402391E-012
6.751	3.1192956E-012
6.752	2.9220734E-012
6.753	2.7526733E-012
6.754	2.6144612E-012
6.755	2.5099853E-012
6.756	2.4409324E-012
6.757	2.4080861E-012
6.758	2.4113250E-012
6.759	2.4496334E-012
6.76	2.5211376E-012
6.761	2.6231641E-012
6.762	2.7523153E-012
6.763	2.9045635E-012
6.764	3.0753572E-012
6.765	3.2597414E-012
6.766	3.4524833E-012
6.767	3.6482063E-012
6.768	3.8415248E-012
6.769	4.0271762E-012
6.77	4.2001489E-012
6.771	4.3558091E-012
6.772	4.4900099E-012
6.773	4.5991865E-012
6.774	4.6804405E-012
6.775	4.7316131E-012
6.776	4.7513161E-012
6.777	4.7389657E-012
6.778	4.6947923E-012
6.779	4.6198158E-012
6.78	4.5158092E-012
6.781	4.3852582E-012
6.782	4.2312785E-012
6.783	4.0575321E-012
6.784	3.8681376E-012
6.785	3.6675589E-012
6.786	3.4604910E-012
6.787	3.2517415E-012
6.788	3.0461066E-012
6.789	2.8482551E-012
6.79	2.6626117E-012
6.791	2.4932484E-012
6.792	2.3437910E-012
6.793	2.2173292E-012
6.794	2.1163498E-012
6.795	2.0426857E-012
6.796	1.9974682E-012
6.797	1.9811180E-012
6.798	1.9933356E-012
6.799	2.0331213E-012
6.8	2.0988025E-012
6.801	2.1880841E-012
6.802	2.2981101E-012
6.803	2.4255426E-012
6.804	2.5666463E-012
6.805	2.7173860E-012
6.806	2.8735315E-012
6.807	3.0307679E-012
6.808	3.1847996E-012
6.809	3.3314608E-012
6.81	3.4668197E-012
6.811	3.5872676E-012
6.812	3.6896094E-012
6.813	3.7711375E-012
6.814	3.8296857E-012
6.815	3.8636898E-012
6.816	3.8722068E-012
6.817	3.8549389E-012
6.818	3.8122361E-012
6.819	3.7450763E-012
6.82	3.6550407E-012
6.821	3.5442645E-012
6.822	3.4153808E-012
6.823	3.2714489E-012
6.824	3.1158711E-012
6.825	2.9523090E-012
6.826	2.7845827E-012
6.827	2.6165782E-012
6.828	2.4521500E-012
6.829	2.2950238E-012
6.83	2.1487068E-012
6.831	2.0164035E-012
6.832	1.9009399E-012
6.833	1.8046959E-012
6.834	1.7295516E-012
6.835	1.6768468E-012
6.836	1.6473508E-012
6.837	1.6412499E-012
6.838	1.6581478E-012
6.839	1.6970829E-012
6.84	1.7565568E-012
6.841	1.8345781E-012
6.842	1.9287159E-012
6.843	2.0361677E-012
6.844	2.1538331E-012
6.845	2.2783880E-012
6.846	2.4063748E-012
6.847	2.5342846E-012
6.848	2.6586476E-012
6.849	2.7761151E-012
6.85	2.8835434E-012
6.851	2.9780698E-012
6.852	3.0571817E-012
6.853	3.1187765E-012
6.854	3.1612091E-012
6.855	3.1833334E-012
6.856	3.1845195E-012
6.857	3.1646686E-012
6.858	3.1242086E-012
6.859	3.0640766E-012
6.86	2.9856898E-012
6.861	2.8909095E-012
6.862	2.7819832E-012
6.863	2.6614902E-012
6.864	2.5322717E-012
6.865	2.3973605E-012
6.866	2.2598995E-012
6.867	2.1230669E-012
6.868	1.9899965E-012
6.869	1.8636960E-012
6.87	1.7469819E-012
6.871	1.6424032E-012
6.872	1.5521875E-012
6.873	1.4781853E-012
6.874	1.4218292E-012
6.875	1.3841019E-012
6.876	1.3655157E-012
6.877	1.3661040E-012
6.878	1.3854232E-012
6.879	1.4225710E-012
6.88	1.4762093E-012
6.881	1.5446040E-012
6.882	1.6256703E-012
6.883	1.7170310E-012
6.884	1.8160759E-012
6.885	1.9200323E-012
6.886	2.0260336E-012
6.887	2.1311939E-012
6.888	2.2326782E-012
6.889	2.3277712E-012
6.89	2.4139447E-012
6.891	2.4889181E-012
6.892	2.5507099E-012
6.893	2.5976838E-012
6.894	2.6285888E-012
6.895	2.6425845E-012
6.896	2.6392573E-012
6.897	2.6186332E-012
6.898	2.5811684E-012
6.899	2.5277423E-012
6.9	2.4596336E-012
6.901	2.3784882E-012
6.902	2.2862788E-012
6.903	2.1852587E-012
6.904	2.0778977E-012
6.905	1.9668210E-012
6.906	1.8547243E-012
6.907	1.7442999E-012
6.908	1.6381448E-012
6.909	1.5386810E-012
6.91	1.4480787E-012
6.911	1.3682005E-012
6.912	1.3005618E-012
6.913	1.2463154E-012
6.914	1.2062598E-012
6.915	1.1808570E-012
6.916	1.1702618E-012
6.917	1.1743473E-012
6.918	1.1927165E-012
6.919	1.2247101E-012
6.92	1.2693982E-012
6.921	1.3255719E-012
6.922	1.3917390E-012
6.923	1.4661327E-012
6.924	1.5467405E-012
6.925	1.6313471E-012
6.926	1.7176015E-012
6.927	1.8030883E-012
6.928	1.8854057E-012
6.929	1.9622437E-012
6.93	2.0314544E-012
6.931	2.0911120E-012
6.932	2.1395639E-012
6.933	2.1754714E-012
6.934	2.1978393E-012
6.935	2.2060374E-012
6.936	2.1998135E-012
6.937	2.1793023E-012
6.938	2.1450233E-012
6.939	2.0978714E-012
6.94	2.0391054E-012
6.941	1.9703154E-012
6.942	1.8933897E-012
6.943	1.8104566E-012
6.944	1.7238184E-012
6.945	1.6358597E-012
6.946	1.5489502E-012
6.947	1.4653340E-012
6.948	1.3870250E-012
6.949	1.3157160E-012
6.95	1.2527195E-012
6.951	1.1989424E-012
6.952	1.1549089E-012
6.953	1.1208194E-012
6.954	1.0966397E-012
6.955	1.0821964E-012
6.956	1.0772663E-012
6.957	1.0816341E-012
6.958	1.0951107E-012
6.959	1.1175078E-012
6.96	1.1485761E-012
6.961	1.1879245E-012
6.962	1.2349373E-012
6.963	1.2887105E-012
6.964	1.3480211E-012
6.965	1.4113337E-012
6.966	1.4768480E-012
6.967	1.5425790E-012
6.968	1.6064493E-012
6.969	1.6663942E-012
6.97	1.7204567E-012
6.971	1.7668699E-012
6.972	1.8041244E-012
6.973	1.8310154E-012
6.974	1.8466743E-012
6.975	1.8505915E-012
6.976	1.8426280E-012
6.977	1.8230203E-012
6.978	1.7923730E-012
6.979	1.7516565E-012
6.98	1.7021763E-012
6.981	1.6455417E-012
6.982	1.5836067E-012
6.983	1.5183955E-012
6.984	1.4520037E-012
6.985	1.3864887E-012
6.986	1.3237514E-012
6.987	1.2654281E-012
6.988	1.2128006E-012
6.989	1.1667450E-012
6.99	1.1277217E-012
6.991	1.0958126E-012
6.992	1.0707976E-012
6.993	1.0522605E-012
6.994	1.0397059E-012
6.995	1.0326710E-012
6.996	1.0308091E-012
6.997	1.0339407E-012
6.998	1.0420599E-012
6.999	1.0552937E-012
7	1.0738317E-012
7.001	1.0978255E-012
7.002	1.1272842E-012
7.003	1.1619786E-012
7.004	1.2013737E-012
7.005	1.2445946E-012
7.006	1.2904391E-012
7.007	1.3374286E-012
7.008	1.3838902E-012
7.009	1.4280616E-012
7.01	1.4681988E-012
7.011	1.5026816E-012
7.012	1.5301011E-012
7.013	1.5493334E-012
7.014	1.5595859E-012
7.015	1.5604357E-012
7.016	1.5518412E-012
7.017	1.5341474E-012
7.018	1.5080735E-012
7.019	1.4746846E-012
7.02	1.4353453E-012
7.021	1.3916512E-012
7.022	1.3453409E-012
7.023	1.2981920E-012
7.024	1.2519061E-012
7.025	1.2079992E-012
7.026	1.1677072E-012
7.027	1.1319200E-012
7.028	1.1011536E-012
7.029	1.0755626E-012
7.03	1.0549902E-012
7.031	1.0390439E-012
7.032	1.0271909E-012
7.033	1.0188511E-012
7.034	1.0134850E-012
7.035	1.0106611E-012
7.036	1.0101003E-012
7.037	1.0116990E-012
7.038	1.0155225E-012
7.039	1.0217774E-012
7.04	1.0307633E-012
7.041	1.0428054E-012
7.042	1.0581782E-012
7.043	1.0770225E-012
7.044	1.0992737E-012
7.045	1.1246051E-012
7.046	1.1524001E-012
7.047	1.1817601E-012
7.048	1.2115417E-012
7.049	1.2404344E-012
7.05	1.2670502E-012
7.051	1.2900337E-012
7.052	1.3081655E-012
7.053	1.3204574E-012
7.054	1.3262273E-012
7.055	1.3251521E-012
7.056	1.3172900E-012
7.057	1.3030773E-012
7.058	1.2832976E-012
7.059	1.2590202E-012
7.06	1.2315204E-012
7.061	1.2021782E-012
7.062	1.1723712E-012
7.063	1.1433698E-012
7.064	1.1162458E-012
7.065	1.0918089E-012
7.066	1.0705743E-012
7.067	1.0527643E-012
7.068	1.0383414E-012
7.069	1.0270637E-012
7.07	1.0185532E-012
7.071	1.0123621E-012
7.072	1.0080361E-012
7.073	1.0051600E-012
7.074	1.0033919E-012
7.075	1.0024802E-012
7.076	1.0022717E-012
7.077	1.0027127E-012
7.078	1.0038413E-012
7.079	1.0057760E-012
7.08	1.0087014E-012
7.081	1.0128416E-012
7.082	1.0184302E-012
7.083	1.0256667E-012
7.084	1.0346729E-012
7.085	1.0454430E-012
7.086	1.0578056E-012
7.087	1.0713986E-012
7.088	1.0856678E-012
7.089	1.0998923E-012
7.09	1.1132399E-012
7.091	1.1248429E-012
7.092	1.1338884E-012
7.093	1.1397088E-012
7.094	1.1418599E-012
7.095	1.1401749E-012
7.096	1.1347833E-012
7.097	1.1260969E-012
7.098	1.1147594E-012
7.099	1.1015711E-012
7.1	1.0873988E-012
7.101	1.0730853E-012
7.102	1.0593691E-012
7.103	1.0468278E-012
7.104	1.0358473E-012
7.105	1.0266205E-012
7.106	1.0191680E-012
7.107	1.0133764E-012
7.108	1.0090432E-012
7.109	1.0059201E-012
7.11	1.0037518E-012
7.111	1.0023012E-012
7.112	1.0013675E-012
7.113	1.0007901E-012
7.114	1.0004508E-012
7.115	1.0002669E-012
7.116	1.0001868E-012
7.117	1.0001838E-012
7.118	1.0002498E-012
7.119	1.0003930E-012
7.12	1.0006351E-012
7.121	1.0010090E-012
7.122	1.0015541E-012
7.123	1.0023127E-012
7.124	1.0033222E-012
7.125	1.0046060E-012
7.126	1.0061629E-012
7.127	1.0079585E-012
7.128	1.0099195E-012
7.129	1.0119339E-012
7.13	1.0138581E-012
7.131	1.0155346E-012
7.132	1.0168099E-012
7.133	1.0175597E-012
7.134	1.0177072E-012
7.135	1.0172374E-012
7.136	1.0161984E-012
7.137	1.0146944E-012
7.138	1.0128675E-012
7.139	1.0108764E-012
7.14	1.0088739E-012
7.141	1.0069880E-012
7.142	1.0053112E-012
7.143	1.0038958E-012
7.144	1.0027576E-012
7.145	1.0018835E-012
7.146	1.0012413E-012
7.147	1.0007893E-012
7.148	1.0004842E-012
7.149	1.0002864E-012
7.15	1.0001635E-012
7.151	1.0000899E-012
7.152	1.0000477E-012
7.153	1.0000243E-012
7.154	1.0000119E-012
7.155	1.0000055E-012
7.156	1.0000025E-012
7.157	1.0000010E-012
7.158	1.0000003E-012
7.159	1.0000000E-012
7.16	9.9999989E-013
7.161	9.9999978E-013
7.162	9.9999978E-013
7.163	9.9999978E-013
7.164	9.9999978E-013
7.165	9.9999978E-013
7.166	9.9999978E-013
7.167	9.9999978E-013
7.168	9.9999978E-013
7.169	9.9999978E-013
7.17	9.9999978E-013
7.171	9.9999978E-013
7.172	9.9999978E-013
7.173	9.9999978E-013
7.174	9.9999978E-013
7.175	9.9999978E-013
7.176	9.9999978E-013
7.177	9.9999978E-013
7.178	9.9999978E-013
7.179	9.9999978E-013
7.18	9.9999978E-013
7.181	9.9999978E-013
7.182	9.9999978E-013
7.183	9.9999978E-013
7.184	9.9999978E-013
7.185	9.9999978E-013
7.186	9.9999978E-013
7.187	9.9999978E-013
7.188	9.9999978E-013
7.189	9.9999978E-013
7.19	9.9999978E-013
7.191	9.9999978E-013
7.192	9.9999978E-013
7.193	9.9999978E-013
7.194	9.9999978E-013
7.195	9.9999978E-013
7.196	9.9999978E-013
7.197	9.9999978E-013
7.198	9.9999978E-013
7.199	9.9999978E-013
7.2	9.9999978E-013
7.201	9.9999978E-013
7.202	9.9999978E-013
7.203	9.9999978E-013
7.204	9.9999978E-013
7.205	9.9999978E-013
7.206	9.9999978E-013
7.207	9.9999978E-013
7.208	9.9999978E-013
7.209	9.9999978E-013
7.21	9.9999978E-013
7.211	9.9999978E-013
7.212	9.9999978E-013
7.213	9.9999978E-013
7.214	9.9999978E-013
7.215	9.9999978E-013
7.216	9.9999978E-013
7.217	9.9999978E-013
7.218	9.9999978E-013
7.219	9.9999978E-013
7.22	9.9999978E-013
7.221	9.9999978E-013
7.222	9.9999978E-013
7.223	9.9999978E-013
7.224	9.9999978E-013
7.225	9.9999978E-013
7.226	9.9999978E-013
7.227	9.9999978E-013
7.228	9.9999978E-013
7.229	9.9999978E-013
7.23	9.9999978E-013
7.231	9.9999978E-013
7.232	9.9999978E-013
7.233	9.9999978E-013
7.234	9.9999978E-013
7.235	9.9999978E-013
7.236	9.9999978E-013
7.237	9.9999978E-013
7.238	9.9999978E-013
7.239	9.9999978E-013
7.24	9.9999978E-013
7.241	9.9999978E-013
7.242	9.9999978E-013
7.243	9.9999978E-013
7.244	9.9999978E-013
7.245	9.9999978E-013
7.246	9.9999978E-013
7.247	9.9999978E-013
7.248	9.9999978E-013
7.249	9.9999978E-013
7.25	9.9999978E-013
7.251	9.9999978E-013
7.252	9.9999978E-013
7.253	9.9999978E-013
7.254	9.9999978E-013
7.255	1.0000000E-012
7.256	1.0000005E-012
7.257	1.0000016E-012
7.258	1.0000044E-012
7.259	1.0000112E-012
7.26	1.0000254E-012
7.261	1.0000566E-012
7.262	1.0001215E-012
7.263	1.0002514E-012
7.264	1.0005031E-012
7.265	1.0009735E-012
7.266	1.0018230E-012
7.267	1.0033038E-012
7.268	1.0057962E-012
7.269	1.0098526E-012
7.27	1.0162333E-012
7.271	1.0259419E-012
7.272	1.0402369E-012
7.273	1.0606159E-012
7.274	1.0887643E-012
7.275	1.1264603E-012
7.276	1.1754434E-012
7.277	1.2372574E-012
7.278	1.3130856E-012
7.279	1.4036010E-012
7.28	1.5088571E-012
7.281	1.6282314E-012
7.282	1.7604337E-012
7.283	1.9035724E-012
7.284	2.0552728E-012
7.285	2.2128204E-012
7.286	2.3733097E-012
7.287	2.5337881E-012
7.288	2.6913701E-012
7.289	2.8433274E-012
7.29	2.9871485E-012
7.291	3.1205685E-012
7.292	3.2415895E-012
7.293	3.3484866E-012
7.294	3.4398088E-012
7.295	3.5143756E-012
7.296	3.5712815E-012
7.297	3.6098869E-012
7.298	3.6298297E-012
7.299	3.6310109E-012
7.3	3.6135971E-012
7.301	3.5780096E-012
7.302	3.7239617E-012
7.303	3.7657663E-012
7.304	3.7869278E-012
7.305	3.7865704E-012
7.306	3.7659858E-012
7.307	3.7249492E-012
7.308	3.6640838E-012
7.309	3.5852274E-012
7.31	3.4891660E-012
7.311	3.3777861E-012
7.312	3.2523014E-012
7.313	3.1143913E-012
7.314	2.9666913E-012
7.315	2.8109600E-012
7.316	2.6493382E-012
7.317	2.4835357E-012
7.318	2.3159801E-012
7.319	2.1489041E-012
7.32	1.9841574E-012
7.321	1.8232709E-012
7.322	1.6715012E-012
7.323	1.5358791E-012
7.324	1.4166173E-012
7.325	1.3132885E-012
7.326	1.2258152E-012
7.327	1.1539217E-012
7.328	1.0968241E-012
7.329	1.0537949E-012
7.33	1.0240853E-012
7.331	1.0064859E-012
7.332	1.0000001E-012
7.333	1.0000001E-012
7.334	1.0000001E-012
7.335	1.0000001E-012
7.336	1.0000001E-012
7.337	1.0000001E-012
7.338	1.0000001E-012
7.339	1.0000001E-012
7.34	1.0000001E-012
7.341	1.0000001E-012
7.342	1.0000001E-012
7.343	1.0000001E-012
7.344	1.0000001E-012
7.345	1.0000001E-012
7.346	1.0000001E-012
7.347	1.0000001E-012
7.348	1.0000001E-012
7.349	1.0000001E-012
7.35	1.0000001E-012
7.351	1.0000001E-012
7.352	1.0000001E-012
7.353	1.0000001E-012
7.354	1.0000001E-012
7.355	1.0000001E-012
7.356	1.0000001E-012
7.357	1.0000001E-012
7.358	1.0000001E-012
7.359	1.0000001E-012
7.36	1.0000001E-012
7.361	1.0000001E-012
7.362	1.0000001E-012
7.363	1.0000001E-012
7.364	1.0000001E-012
7.365	1.0000001E-012
7.366	1.0000001E-012
7.367	1.0000001E-012
7.368	1.0000001E-012
7.369	1.0000001E-012
7.37	1.0000001E-012
7.371	1.0000001E-012
7.372	1.0000001E-012
7.373	1.0000001E-012
7.374	1.0000001E-012
7.375	1.0000001E-012
7.376	1.0000001E-012
7.377	1.0000001E-012
7.378	1.0000001E-012
7.379	1.0000001E-012
7.38	1.0000001E-012
7.381	1.0000001E-012
7.382	1.0000001E-012
7.383	1.0000001E-012
7.384	1.0000001E-012
7.385	1.0000001E-012
7.386	1.0000001E-012
7.387	1.0000001E-012
7.388	1.0000001E-012
7.389	1.0000001E-012
7.39	1.0000001E-012
7.391	1.0000001E-012
7.392	1.0000001E-012
7.393	1.0000001E-012
7.394	1.0000001E-012
7.395	1.0000001E-012
7.396	1.0000001E-012
7.397	1.0000001E-012
7.398	1.0000001E-012
7.399	1.0000001E-012
7.4	1.0000001E-012
