theta_deg	R
0.001	9.9985278E-001
0.002	9.9978703E-001
0.003	9.9969286E-001
0.004	9.9956065E-001
0.005	9.9938130E-001
0.006	9.9914569E-001
0.007	9.9884629E-001
0.008	9.9847883E-001
0.009	9.9804324E-001
0.01	9.9754524E-001
0.011	9.9699575E-001
0.012	9.9640918E-001
0.013	9.9580365E-001
0.014	9.9519759E-001
0.015	9.9460721E-001
0.016	9.9404472E-001
0.017	9.9351758E-001
0.018	9.9302751E-001
0.019	9.9257207E-001
0.02	9.9214506E-001
0.021	9.9173868E-001
0.022	9.9134558E-001
0.023	9.9095929E-001
0.024	9.9057537E-001
0.025	9.9019116E-001
0.026	9.8980588E-001
0.027	9.8941904E-001
0.028	9.8903108E-001
0.029	9.8864269E-001
0.03	9.8825318E-001
0.031	9.8786306E-001
0.032	9.8747122E-001
0.033	9.8707718E-001
0.034	9.8668081E-001
0.035	9.8628128E-001
0.036	9.8587936E-001
0.037	9.8547542E-001
0.038	9.8507011E-001
0.039	9.8466444E-001
0.04	9.8425990E-001
0.041	9.8385727E-001
0.042	9.8345709E-001
0.043	9.8305953E-001
0.044	9.8266441E-001
0.045	9.8227084E-001
0.046	9.8187804E-001
0.047	9.8148531E-001
0.048	9.8109120E-001
0.049	9.8069501E-001
0.05	9.8029578E-001
0.051	9.7989357E-001
0.052	9.7948796E-001
0.053	9.7907960E-001
0.054	9.7866875E-001
0.055	9.7825629E-001
0.056	9.7784317E-001
0.057	9.7743028E-001
0.058	9.7701818E-001
0.059	9.7660702E-001
0.06	9.7619653E-001
0.061	9.7578633E-001
0.062	9.7537529E-001
0.063	9.7496265E-001
0.064	9.7454697E-001
0.065	9.7412795E-001
0.066	9.7370523E-001
0.067	9.7327882E-001
0.068	9.7284931E-001
0.069	9.7241729E-001
0.07	9.7198367E-001
0.071	9.7154886E-001
0.072	9.7111380E-001
0.073	9.7067875E-001
0.074	9.7024351E-001
0.075	9.6980810E-001
0.076	9.6937245E-001
0.077	9.6893668E-001
0.078	9.6849996E-001
0.079	9.6806210E-001
0.08	9.6762204E-001
0.081	9.6717983E-001
0.082	9.6673429E-001
0.083	9.6628457E-001
0.084	9.6583009E-001
0.085	9.6537048E-001
0.086	9.6490568E-001
0.087	9.6443528E-001
0.088	9.6395975E-001
0.089	9.6347994E-001
0.09	9.6299660E-001
0.091	9.6251059E-001
0.092	9.6202290E-001
0.093	9.6153420E-001
0.094	9.6104562E-001
0.095	9.6055770E-001
0.096	9.6007055E-001
0.097	9.5958441E-001
0.098	9.5909971E-001
0.099	9.5861548E-001
0.1	9.5813221E-001
0.101	9.5764911E-001
0.102	9.5716524E-001
0.103	9.5668000E-001
0.104	9.5619208E-001
0.105	9.5570087E-001
0.106	9.5520520E-001
0.107	9.5470423E-001
0.108	9.5419711E-001
0.109	9.5368361E-001
0.11	9.5316344E-001
0.111	9.5263666E-001
0.112	9.5210356E-001
0.113	9.5156485E-001
0.114	9.5102054E-001
0.115	9.5047128E-001
0.116	9.4991720E-001
0.117	9.4935828E-001
0.118	9.4879407E-001
0.119	9.4822401E-001
0.12	9.4764704E-001
0.121	9.4706202E-001
0.122	9.4646710E-001
0.123	9.4585943E-001
0.124	9.4523543E-001
0.125	9.4459087E-001
0.126	9.4392008E-001
0.127	9.4321668E-001
0.128	9.4247502E-001
0.129	9.4169021E-001
0.13	9.4086057E-001
0.131	9.3998718E-001
0.132	9.3907738E-001
0.133	9.3814409E-001
0.134	9.3720460E-001
0.135	9.3628085E-001
0.136	9.3539596E-001
0.137	9.3457097E-001
0.138	9.3382210E-001
0.139	9.3315899E-001
0.14	9.3258297E-001
0.141	9.3208677E-001
0.142	9.3165648E-001
0.143	9.3127358E-001
0.144	9.3091750E-001
0.145	9.3056798E-001
0.146	9.3020636E-001
0.147	9.2981732E-001
0.148	9.2938936E-001
0.149	9.2891365E-001
0.15	9.2838556E-001
0.151	9.2780209E-001
0.152	9.2716330E-001
0.153	9.2647123E-001
0.154	9.2572927E-001
0.155	9.2494267E-001
0.156	9.2411709E-001
0.157	9.2325872E-001
0.158	9.2237419E-001
0.159	9.2146873E-001
0.16	9.2054772E-001
0.161	9.1961491E-001
0.162	9.1867334E-001
0.163	9.1772503E-001
0.164	9.1677076E-001
0.165	9.1581082E-001
0.166	9.1484541E-001
0.167	9.1387337E-001
0.168	9.1289383E-001
0.169	9.1190511E-001
0.17	9.1090637E-001
0.171	9.0989506E-001
0.172	9.0887052E-001
0.173	9.0783107E-001
0.174	9.0677589E-001
0.175	9.0570539E-001
0.176	9.0461999E-001
0.177	9.0352100E-001
0.178	9.0240949E-001
0.179	9.0128779E-001
0.18	9.0015578E-001
0.181	8.9901364E-001
0.182	8.9785922E-001
0.183	8.9668918E-001
0.184	8.9549875E-001
0.185	8.9428031E-001
0.186	8.9302266E-001
0.187	8.9171153E-001
0.188	8.9032388E-001
0.189	8.8882720E-001
0.19	8.8717127E-001
0.191	8.8528484E-001
0.192	8.8306803E-001
0.193	8.8039029E-001
0.194	8.7708884E-001
0.195	8.7297881E-001
0.196	8.6786884E-001
0.197	8.6158913E-001
0.198	8.5402536E-001
0.199	8.4515631E-001
0.2	8.3508700E-001
0.201	8.2406694E-001
0.202	8.1248617E-001
0.203	8.0084610E-001
0.204	7.8970683E-001
0.205	7.7961546E-001
0.206	7.7103651E-001
0.207	7.6428986E-001
0.208	7.5951588E-001
0.209	7.5666958E-001
0.21	7.5554442E-001
0.211	7.5581986E-001
0.212	7.5711638E-001
0.213	7.5905204E-001
0.214	7.6128471E-001
0.215	7.6354003E-001
0.216	7.6562124E-001
0.217	7.6740688E-001
0.218	7.6883531E-001
0.219	7.6989090E-001
0.22	7.7058786E-001
0.221	7.7095485E-001
0.222	7.7102757E-001
0.223	7.7084160E-001
0.224	7.7042961E-001
0.225	7.6981854E-001
0.226	7.6903176E-001
0.227	7.6808780E-001
0.228	7.6700157E-001
0.229	7.6578462E-001
0.23	7.6444691E-001
0.231	7.6299596E-001
0.232	7.6143765E-001
0.233	7.5977641E-001
0.234	7.5801617E-001
0.235	7.5615966E-001
0.236	7.5420815E-001
0.237	7.5216258E-001
0.238	7.5002331E-001
0.239	7.4778956E-001
0.24	7.4546093E-001
0.241	7.4303579E-001
0.242	7.4051249E-001
0.243	7.3788965E-001
0.244	7.3516518E-001
0.245	7.3233712E-001
0.246	7.2940338E-001
0.247	7.2636157E-001
0.248	7.2320968E-001
0.249	7.1994483E-001
0.25	7.1656358E-001
0.251	7.1306199E-001
0.252	7.0943558E-001
0.253	7.0567876E-001
0.254	7.0178437E-001
0.255	6.9774550E-001
0.256	6.9355398E-001
0.257	6.8920076E-001
0.258	6.8467724E-001
0.259	6.7997450E-001
0.26	6.7508382E-001
0.261	6.6999674E-001
0.262	6.6470516E-001
0.263	6.5920138E-001
0.264	6.5347803E-001
0.265	6.4752674E-001
0.266	6.4134026E-001
0.267	6.3490838E-001
0.268	6.2822181E-001
0.269	6.2126827E-001
0.27	6.1403584E-001
0.271	6.0651076E-001
0.272	5.9868020E-001
0.273	5.9053105E-001
0.274	5.8205301E-001
0.275	5.7323802E-001
0.276	5.6408238E-001
0.277	5.5458695E-001
0.278	5.4475713E-001
0.279	5.3460473E-001
0.28	5.2414548E-001
0.281	5.1340044E-001
0.282	5.0239348E-001
0.283	4.9115139E-001
0.284	4.7970304E-001
0.285	4.6807894E-001
0.286	4.5631111E-001
0.287	4.4443351E-001
0.288	4.3248239E-001
0.289	4.2049584E-001
0.29	4.0851468E-001
0.291	3.9658055E-001
0.292	3.8473579E-001
0.293	3.7302253E-001
0.294	3.6148107E-001
0.295	3.5014936E-001
0.296	3.3906227E-001
0.297	3.2825094E-001
0.298	3.1774220E-001
0.299	3.0755797E-001
0.3	2.9771566E-001
0.301	2.8822678E-001
0.302	2.7909759E-001
0.303	2.7032900E-001
0.304	2.6191694E-001
0.305	2.5385249E-001
0.306	2.4612291E-001
0.307	2.3871221E-001
0.308	2.3160166E-001
0.309	2.2477056E-001
0.31	2.1819699E-001
0.311	2.1185829E-001
0.312	2.0573223E-001
0.313	1.9979772E-001
0.314	1.9403608E-001
0.315	1.8843168E-001
0.316	1.8297261E-001
0.317	1.7765097E-001
0.318	1.7246313E-001
0.319	1.6740929E-001
0.32	1.6249323E-001
0.321	1.5772133E-001
0.322	1.5310217E-001
0.323	1.4864519E-001
0.324	1.4436013E-001
0.325	1.4025545E-001
0.326	1.3633759E-001
0.327	1.3260992E-001
0.328	1.2907197E-001
0.329	1.2571882E-001
0.33	1.2254103E-001
0.331	1.1952487E-001
0.332	1.1665303E-001
0.333	1.1390538E-001
0.334	1.1126050E-001
0.335	1.0869703E-001
0.336	1.0619502E-001
0.337	1.0373730E-001
0.338	1.0131054E-001
0.339	9.8906040E-002
0.34	9.6519999E-002
0.341	9.4153523E-002
0.342	9.1812298E-002
0.343	8.9505710E-002
0.344	8.7245971E-002
0.345	8.5046887E-002
0.346	8.2922600E-002
0.347	8.0886349E-002
0.348	7.8949258E-002
0.349	7.7119380E-002
0.35	7.5401090E-002
0.351	7.3794320E-002
0.352	7.2294734E-002
0.353	7.0893861E-002
0.354	6.9579534E-002
0.355	6.8336807E-002
0.356	6.7148782E-002
0.357	6.5997683E-002
0.358	6.4866133E-002
0.359	6.3737988E-002
0.36	6.2599532E-002
0.361	6.1440077E-002
0.362	6.0252655E-002
0.363	5.9034396E-002
0.364	5.7786599E-002
0.365	5.6514625E-002
0.366	5.5227503E-002
0.367	5.3937241E-002
0.368	5.2657988E-002
0.369	5.1405072E-002
0.37	5.0193861E-002
0.371	4.9038798E-002
0.372	4.7952380E-002
0.373	4.6944555E-002
0.374	4.6022002E-002
0.375	4.5188002E-002
0.376	4.4442106E-002
0.377	4.3780442E-002
0.378	4.3195773E-002
0.379	4.2677902E-002
0.38	4.2214233E-002
0.381	4.1790247E-002
0.382	4.1390337E-002
0.383	4.0998485E-002
0.384	4.0599164E-002
0.385	4.0178023E-002
0.386	3.9722767E-002
0.387	3.9223734E-002
0.388	3.8674448E-002
0.389	3.8071860E-002
0.39	3.7416603E-002
0.391	3.6712825E-002
0.392	3.5967994E-002
0.393	3.5192419E-002
0.394	3.4398735E-002
0.395	3.3601169E-002
0.396	3.2814778E-002
0.397	3.2054666E-002
0.398	3.1335257E-002
0.399	3.0669436E-002
0.4	3.0067973E-002
0.401	2.9538963E-002
0.402	2.9087363E-002
0.403	2.8714757E-002
0.404	2.8419266E-002
0.405	2.8195551E-002
0.406	2.8035089E-002
0.407	2.7926585E-002
0.408	2.7856462E-002
0.409	2.7809568E-002
0.41	2.7769888E-002
0.411	2.7721351E-002
0.412	2.7648624E-002
0.413	2.7537856E-002
0.414	2.7377352E-002
0.415	2.7158111E-002
0.416	2.6874280E-002
0.417	2.6523333E-002
0.418	2.6106218E-002
0.419	2.5627261E-002
0.42	2.5093928E-002
0.421	2.4516432E-002
0.422	2.3907252E-002
0.423	2.3280527E-002
0.424	2.2651384E-002
0.425	2.2035198E-002
0.426	2.1446915E-002
0.427	2.0900326E-002
0.428	2.0407502E-002
0.429	1.9978208E-002
0.43	1.9619530E-002
0.431	1.9335555E-002
0.432	1.9127226E-002
0.433	1.8992333E-002
0.434	1.8925603E-002
0.435	1.8919002E-002
0.436	1.8962041E-002
0.437	1.9042313E-002
0.438	1.9145999E-002
0.439	1.9258501E-002
0.44	1.9365082E-002
0.441	1.9451495E-002
0.442	1.9504601E-002
0.443	1.9512899E-002
0.444	1.9467017E-002
0.445	1.9360088E-002
0.446	1.9187998E-002
0.447	1.8949557E-002
0.448	1.8646507E-002
0.449	1.8283445E-002
0.45	1.7867595E-002
0.451	1.7408457E-002
0.452	1.6917441E-002
0.453	1.6407333E-002
0.454	1.5891761E-002
0.455	1.5384586E-002
0.456	1.4899348E-002
0.457	1.4448690E-002
0.458	1.4043854E-002
0.459	1.3694216E-002
0.46	1.3406939E-002
0.461	1.3186706E-002
0.462	1.3035561E-002
0.463	1.2952857E-002
0.464	1.2935317E-002
0.465	1.2977181E-002
0.466	1.3070469E-002
0.467	1.3205304E-002
0.468	1.3370308E-002
0.469	1.3553059E-002
0.47	1.3740597E-002
0.471	1.3919910E-002
0.472	1.4078453E-002
0.473	1.4204656E-002
0.474	1.4288361E-002
0.475	1.4321205E-002
0.476	1.4296968E-002
0.477	1.4211765E-002
0.478	1.4064201E-002
0.479	1.3855400E-002
0.48	1.3588914E-002
0.481	1.3270576E-002
0.482	1.2908253E-002
0.483	1.2511487E-002
0.484	1.2091140E-002
0.485	1.1658934E-002
0.486	1.1226996E-002
0.487	1.0807406E-002
0.488	1.0411721E-002
0.489	1.0050553E-002
0.49	9.7331917E-003
0.491	9.4672749E-003
0.492	9.2585217E-003
0.493	9.1105634E-003
0.494	9.0248231E-003
0.495	9.0004941E-003
0.496	9.0345666E-003
0.497	9.1219880E-003
0.498	9.2558302E-003
0.499	9.4275679E-003
0.5	9.6274000E-003
0.501	9.8446002E-003
0.502	1.0067954E-002
0.503	1.0286136E-002
0.504	1.0488137E-002
0.505	1.0663661E-002
0.506	1.0803478E-002
0.507	1.0899741E-002
0.508	1.0946238E-002
0.509	1.0938602E-002
0.51	1.0874451E-002
0.511	1.0753441E-002
0.512	1.0577290E-002
0.513	1.0349704E-002
0.514	1.0076224E-002
0.515	9.7640427E-003
0.516	9.4217230E-003
0.517	9.0588899E-003
0.518	8.6858682E-003
0.519	8.3133318E-003
0.52	7.9518855E-003
0.521	7.6117157E-003
0.522	7.3022293E-003
0.523	7.0317304E-003
0.524	6.8071466E-003
0.525	6.6338037E-003
0.526	6.5152557E-003
0.527	6.4531732E-003
0.528	6.4473073E-003
0.529	6.4955028E-003
0.53	6.5937801E-003
0.531	6.7364867E-003
0.532	6.9164974E-003
0.533	7.1254619E-003
0.534	7.3541175E-003
0.535	7.5925915E-003
0.536	7.8307688E-003
0.537	8.0586281E-003
0.538	8.2665877E-003
0.539	8.4458366E-003
0.54	8.5886111E-003
0.541	8.6884554E-003
0.542	8.7404335E-003
0.543	8.7412633E-003
0.544	8.6894222E-003
0.545	8.5851699E-003
0.546	8.4305517E-003
0.547	8.2292752E-003
0.548	7.9866098E-003
0.549	7.7091916E-003
0.55	7.4048019E-003
0.551	7.0821061E-003
0.552	6.7503680E-003
0.553	6.4191418E-003
0.554	6.0979561E-003
0.555	5.7960036E-003
0.556	5.5218227E-003
0.557	5.2830153E-003
0.558	5.0860033E-003
0.559	4.9358085E-003
0.56	4.8358967E-003
0.561	4.7880947E-003
0.562	4.7925264E-003
0.563	4.8476444E-003
0.564	4.9502938E-003
0.565	5.0958269E-003
0.566	5.2782558E-003
0.567	5.4904395E-003
0.568	5.7243104E-003
0.569	5.9711151E-003
0.57	6.2216921E-003
0.571	6.4667640E-003
0.572	6.6972529E-003
0.573	6.9045778E-003
0.574	7.0809564E-003
0.575	7.2196806E-003
0.576	7.3153269E-003
0.577	7.3639406E-003
0.578	7.3631378E-003
0.579	7.3121455E-003
0.58	7.2117895E-003
0.581	7.0644384E-003
0.582	6.8738838E-003
0.583	6.6452371E-003
0.584	6.3847550E-003
0.585	6.0996930E-003
0.586	5.7981033E-003
0.587	5.4886159E-003
0.588	5.1801899E-003
0.589	4.8818337E-003
0.59	4.6023019E-003
0.591	4.3497849E-003
0.592	4.1316170E-003
0.593	3.9540199E-003
0.594	3.8218864E-003
0.595	3.7386359E-003
0.596	3.7061295E-003
0.597	3.7246379E-003
0.598	3.7928580E-003
0.599	3.9079809E-003
0.6	4.0657860E-003
0.601	4.2607593E-003
0.602	4.4862628E-003
0.603	4.7347136E-003
0.604	4.9978197E-003
0.605	5.2668159E-003
0.606	5.5327555E-003
0.607	5.7867970E-003
0.608	6.0204910E-003
0.609	6.2260549E-003
0.61	6.3966252E-003
0.611	6.5264516E-003
0.612	6.6110743E-003
0.613	6.6474313E-003
0.614	6.6339360E-003
0.615	6.5705189E-003
0.616	6.4586024E-003
0.617	6.3010873E-003
0.618	6.1022462E-003
0.619	5.8676195E-003
0.62	5.6038555E-003
0.621	5.3185127E-003
0.622	5.0198464E-003
0.623	4.7165505E-003
0.624	4.4174911E-003
0.625	4.1314433E-003
0.626	3.8668131E-003
0.627	3.6313795E-003
0.628	3.4320627E-003
0.629	3.2747111E-003
0.63	3.1639249E-003
0.631	3.1029198E-003
0.632	3.0934331E-003
0.633	3.1356686E-003
0.634	3.2282930E-003
0.635	3.3684766E-003
0.636	3.5519758E-003
0.637	3.7732602E-003
0.638	4.0256702E-003
0.639	4.3016151E-003
0.64	4.5927884E-003
0.641	4.8904163E-003
0.642	5.1855044E-003
0.643	5.4691019E-003
0.644	5.7325754E-003
0.645	5.9678499E-003
0.646	6.1676740E-003
0.647	6.3258247E-003
0.648	6.4373105E-003
0.649	6.4985170E-003
0.65	6.5073259E-003
0.651	6.4631682E-003
0.652	6.3670590E-003
0.653	6.2215468E-003
0.654	6.0306494E-003
0.655	5.7997433E-003
0.656	5.5354079E-003
0.657	5.2452469E-003
0.658	4.9376711E-003
0.659	4.6216752E-003
0.66	4.3065832E-003
0.661	4.0017767E-003
0.662	3.7164302E-003
0.663	3.4592366E-003
0.664	3.2381492E-003
0.665	3.0601409E-003
0.666	2.9309958E-003
0.667	2.8551193E-003
0.668	2.8354120E-003
0.669	2.8731672E-003
0.67	2.9680196E-003
0.671	3.1179406E-003
0.672	3.3192835E-003
0.673	3.5668665E-003
0.674	3.8541122E-003
0.675	4.1732271E-003
0.676	4.5154179E-003
0.677	4.8711486E-003
0.678	5.2304259E-003
0.679	5.5830856E-003
0.68	5.9191077E-003
0.681	6.2289014E-003
0.682	6.5036034E-003
0.683	6.7353221E-003
0.684	6.9173798E-003
0.685	7.0444890E-003
0.686	7.1129110E-003
0.687	7.1205623E-003
0.688	7.0670727E-003
0.689	6.9538094E-003
0.69	6.7838463E-003
0.691	6.5619019E-003
0.692	6.2942295E-003
0.693	5.9884731E-003
0.694	5.6534680E-003
0.695	5.2990341E-003
0.696	4.9356986E-003
0.697	4.5744209E-003
0.698	4.2262822E-003
0.699	3.9021652E-003
0.7	3.6124398E-003
0.701	3.3666627E-003
0.702	3.1732961E-003
0.703	3.0394506E-003
0.704	2.9706729E-003
0.705	2.9707714E-003
0.706	3.0416786E-003
0.707	3.1833649E-003
0.708	3.3938063E-003
0.709	3.6690037E-003
0.71	4.0030601E-003
0.711	4.3883198E-003
0.712	4.8155580E-003
0.713	5.2742236E-003
0.714	5.7527334E-003
0.715	6.2387856E-003
0.716	6.7197159E-003
0.717	7.1828421E-003
0.718	7.6158326E-003
0.719	8.0070561E-003
0.72	8.3459113E-003
0.721	8.6231288E-003
0.722	8.8310512E-003
0.723	8.9638568E-003
0.724	9.0177488E-003
0.725	8.9910878E-003
0.726	8.8844849E-003
0.727	8.7008104E-003
0.728	8.4451875E-003
0.729	8.1248768E-003
0.73	7.7491621E-003
0.731	7.3291082E-003
0.732	6.8773371E-003
0.733	6.4077037E-003
0.734	5.9349504E-003
0.735	5.4743346E-003
0.736	5.0411997E-003
0.737	4.6505770E-003
0.738	4.3167411E-003
0.739	4.0527950E-003
0.74	3.8702651E-003
0.741	3.7787298E-003
0.742	3.7854845E-003
0.743	3.8952800E-003
0.744	4.1101077E-003
0.745	4.4290842E-003
0.746	4.8484039E-003
0.747	5.3613763E-003
0.748	5.9585702E-003
0.749	6.6280109E-003
0.75	7.3554679E-003
0.751	8.1248125E-003
0.752	8.9184185E-003
0.753	9.7176190E-003
0.754	1.0503183E-002
0.755	1.1255827E-002
0.756	1.1956709E-002
0.757	1.2587945E-002
0.758	1.3133105E-002
0.759	1.3577674E-002
0.76	1.3909534E-002
0.761	1.4119332E-002
0.762	1.4200895E-002
0.763	1.4151477E-002
0.764	1.3972037E-002
0.765	1.3667341E-002
0.766	1.3246038E-002
0.767	1.2720572E-002
0.768	1.2107059E-002
0.769	1.1424971E-002
0.77	1.0696763E-002
0.771	9.9473847E-003
0.772	9.2036938E-003
0.773	8.4937615E-003
0.774	7.8461561E-003
0.775	7.2891396E-003
0.776	6.8498570E-003
0.777	6.5535232E-003
0.778	6.4226193E-003
0.779	6.4761522E-003
0.78	6.7289718E-003
0.781	7.1911779E-003
0.782	7.8676585E-003
0.783	8.7577486E-003
0.784	9.8550124E-003
0.785	1.1147249E-002
0.786	1.2616554E-002
0.787	1.4239652E-002
0.788	1.5988288E-002
0.789	1.7829847E-002
0.79	1.9728007E-002
0.791	2.1643583E-002
0.792	2.3535434E-002
0.793	2.5361435E-002
0.794	2.7079521E-002
0.795	2.8648756E-002
0.796	3.0030480E-002
0.797	3.1189425E-002
0.798	3.2094866E-002
0.799	3.2721747E-002
0.8	3.3051860E-002
0.801	3.3074878E-002
0.802	3.2789446E-002
0.803	3.2204155E-002
0.804	3.1338349E-002
0.805	3.0222898E-002
0.806	2.8900651E-002
0.807	2.7426682E-002
0.808	2.5868243E-002
0.809	2.4304364E-002
0.81	2.2825066E-002
0.811	2.1530202E-002
0.812	2.0527828E-002
0.813	1.9932240E-002
0.814	1.9861393E-002
0.815	2.0434154E-002
0.816	2.1766955E-002
0.817	2.3970261E-002
0.818	2.7144831E-002
0.819	3.1377945E-002
0.82	3.6739711E-002
0.821	4.3279752E-002
0.822	5.1024418E-002
0.823	5.9974570E-002
0.824	7.0104472E-002
0.825	8.1361420E-002
0.826	9.3666621E-002
0.827	1.0691698E-001
0.828	1.2098818E-001
0.829	1.3573821E-001
0.83	1.5101171E-001
0.831	1.6664499E-001
0.832	1.8247035E-001
0.833	1.9832119E-001
0.834	2.1403582E-001
0.835	2.2946130E-001
0.836	2.4445620E-001
0.837	2.5889271E-001
0.838	2.7265838E-001
0.839	2.8565666E-001
0.84	2.9780757E-001
0.841	3.0904698E-001
0.842	3.1932658E-001
0.843	3.2861254E-001
0.844	3.3688444E-001
0.845	3.4413373E-001
0.846	3.5036230E-001
0.847	3.5558033E-001
0.848	3.5980543E-001
0.849	3.6305985E-001
0.85	3.6537054E-001
0.851	3.6676618E-001
0.852	3.6727768E-001
0.853	3.6693636E-001
0.854	3.6577377E-001
0.855	3.6382097E-001
0.856	3.6110869E-001
0.857	3.5766628E-001
0.858	3.5352236E-001
0.859	3.4870484E-001
0.86	3.4324044E-001
0.861	3.3715516E-001
0.862	3.3047432E-001
0.863	3.2322326E-001
0.864	3.1542730E-001
0.865	3.0711198E-001
0.866	2.9830363E-001
0.867	2.8902972E-001
0.868	2.7931884E-001
0.869	2.6920155E-001
0.87	2.5870997E-001
0.871	2.4787883E-001
0.872	2.3674604E-001
0.873	2.2535279E-001
0.874	2.1374416E-001
0.875	2.0196950E-001
0.876	1.9008245E-001
0.877	1.7814088E-001
0.878	1.6620642E-001
0.879	1.5434395E-001
0.88	1.4262056E-001
0.881	1.3110477E-001
0.882	1.1986554E-001
0.883	1.0897095E-001
0.884	9.8487206E-002
0.885	8.8477507E-002
0.886	7.9000704E-002
0.887	7.0110053E-002
0.888	6.1852030E-002
0.889	5.4264937E-002
0.89	4.7377829E-002
0.891	4.1209478E-002
0.892	3.5767764E-002
0.893	3.1049237E-002
0.894	2.7039215E-002
0.895	2.3712220E-002
0.896	2.1032786E-002
0.897	1.8956615E-002
0.898	1.7431904E-002
0.899	1.6400924E-002
0.9	1.5801629E-002
0.901	1.5569334E-002
0.902	1.5638342E-002
0.903	1.5943503E-002
0.904	1.6421648E-002
0.905	1.7012885E-002
0.906	1.7661707E-002
0.907	1.8317847E-002
0.908	1.8937061E-002
0.909	1.9481530E-002
0.91	1.9920172E-002
0.911	2.0228771E-002
0.912	2.0389827E-002
0.913	2.0392340E-002
0.914	2.0231456E-002
0.915	1.9907953E-002
0.916	1.9427715E-002
0.917	1.8801069E-002
0.918	1.8042155E-002
0.919	1.7168241E-002
0.92	1.6199006E-002
0.921	1.5155855E-002
0.922	1.4061264E-002
0.923	1.2938063E-002
0.924	1.1808854E-002
0.925	1.0695385E-002
0.926	9.6180551E-003
0.927	8.5954247E-003
0.928	7.6438477E-003
0.929	6.7771468E-003
0.93	6.0064099E-003
0.931	5.3398442E-003
0.932	4.7827237E-003
0.933	4.3374146E-003
0.934	4.0034670E-003
0.935	3.7777813E-003
0.936	3.6548146E-003
0.937	3.6268560E-003
0.938	3.6843284E-003
0.939	3.8161229E-003
0.94	4.0099635E-003
0.941	4.2527709E-003
0.942	4.5310343E-003
0.943	4.8311893E-003
0.944	5.1399535E-003
0.945	5.4446631E-003
0.946	5.7335594E-003
0.947	5.9960405E-003
0.948	6.2228618E-003
0.949	6.4062988E-003
0.95	6.5402607E-003
0.951	6.6203480E-003
0.952	6.6438816E-003
0.953	6.6098892E-003
0.954	6.5190489E-003
0.955	6.3736034E-003
0.956	6.1772321E-003
0.957	5.9348987E-003
0.958	5.6526526E-003
0.959	5.3374087E-003
0.96	4.9967235E-003
0.961	4.6385322E-003
0.962	4.2709219E-003
0.963	3.9018895E-003
0.964	3.5391406E-003
0.965	3.1899083E-003
0.966	2.8608027E-003
0.967	2.5576835E-003
0.968	2.2855650E-003
0.969	2.0485250E-003
0.97	1.8496516E-003
0.971	1.6909972E-003
0.972	1.5735547E-003
0.973	1.4972612E-003
0.974	1.4610249E-003
0.975	1.4627828E-003
0.976	1.4995830E-003
0.977	1.5676933E-003
0.978	1.6627288E-003
0.979	1.7797927E-003
0.98	1.9136288E-003
0.981	2.0587745E-003
0.982	2.2097102E-003
0.983	2.3610122E-003
0.984	2.5074817E-003
0.985	2.6442737E-003
0.986	2.7670064E-003
0.987	2.8718582E-003
0.988	2.9556376E-003
0.989	3.0158490E-003
0.99	3.0507261E-003
0.991	3.0592489E-003
0.992	3.0411431E-003
0.993	2.9968536E-003
0.994	2.9275129E-003
0.995	2.8348807E-003
0.996	2.7212820E-003
0.997	2.5895236E-003
0.998	2.4428170E-003
0.999	2.2846789E-003
1	2.1188334E-003
1.001	1.9491120E-003
1.002	1.7793453E-003
1.003	1.6132620E-003
1.004	1.4543895E-003
1.005	1.3059678E-003
1.006	1.1708658E-003
1.007	1.0515255E-003
1.008	9.4990898E-004
1.009	8.6746301E-004
1.01	8.0510421E-004
1.011	7.6320907E-004
1.012	7.4162520E-004
1.013	7.3968875E-004
1.014	7.5625803E-004
1.015	7.8975578E-004
1.016	8.3822332E-004
1.017	8.9938176E-004
1.018	9.7070017E-004
1.019	1.0494668E-003
1.02	1.1328679E-003
1.021	1.2180593E-003
1.022	1.3022453E-003
1.023	1.3827482E-003
1.024	1.4570752E-003
1.025	1.5229796E-003
1.026	1.5785105E-003
1.027	1.6220562E-003
1.028	1.6523781E-003
1.029	1.6686273E-003
1.03	1.6703570E-003
1.031	1.6575210E-003
1.032	1.6304601E-003
1.033	1.5898837E-003
1.034	1.5368368E-003
1.035	1.4726634E-003
1.036	1.3989632E-003
1.037	1.3175424E-003
1.038	1.2303640E-003
1.039	1.1394917E-003
1.04	1.0470365E-003
1.041	9.5510087E-004
1.042	8.6572545E-004
1.043	7.8083790E-004
1.044	7.0220564E-004
1.045	6.3139305E-004
1.046	5.6972657E-004
1.047	5.1826547E-004
1.048	4.7777980E-004
1.049	4.4873942E-004
1.05	4.3130780E-004
1.051	4.2534625E-004
1.052	4.3042525E-004
1.053	4.4584309E-004
1.054	4.7065160E-004
1.055	5.0368707E-004
1.056	5.4360781E-004
1.057	5.8893277E-004
1.058	6.3808472E-004
1.059	6.8943517E-004
1.06	7.4134616E-004
1.061	7.9221412E-004
1.062	8.4050919E-004
1.063	8.8481215E-004
1.064	9.2384632E-004
1.065	9.5650618E-004
1.066	9.8187919E-004
1.067	9.9926477E-004
1.068	1.0081842E-003
1.069	1.0083892E-003
1.07	9.9986268E-004
1.071	9.8281156E-004
1.072	9.5766160E-004
1.073	9.2503871E-004
1.074	8.8575209E-004
1.075	8.4076985E-004
1.076	7.9119200E-004
1.077	7.3821924E-004
1.078	6.8312068E-004
1.079	6.2719802E-004
1.08	5.7174946E-004
1.081	5.1803660E-004
1.082	4.6724753E-004
1.083	4.2046810E-004
1.084	3.7865463E-004
1.085	3.4261137E-004
1.086	3.1297337E-004
1.087	2.9019566E-004
1.088	2.7454522E-004
1.089	2.6610153E-004
1.09	2.6475789E-004
1.091	2.7023046E-004
1.092	2.8206871E-004
1.093	2.9967166E-004
1.094	3.2230571E-004
1.095	3.4912638E-004
1.096	3.7920228E-004
1.097	4.1154108E-004
1.098	4.4511509E-004
1.099	4.7888927E-004
1.1	5.1184732E-004
1.101	5.4301799E-004
1.102	5.7149789E-004
1.103	5.9647410E-004
1.104	6.1724312E-004
1.105	6.3322706E-004
1.106	6.4398540E-004
1.107	6.4922438E-004
1.108	6.4880057E-004
1.109	6.4272253E-004
1.11	6.3114660E-004
1.111	6.1437022E-004
1.112	5.9282174E-004
1.113	5.6704489E-004
1.114	5.3768448E-004
1.115	5.0546671E-004
1.116	4.7117748E-004
1.117	4.3564243E-004
1.118	3.9970293E-004
1.119	3.6419492E-004
1.12	3.2992638E-004
1.121	2.9765762E-004
1.122	2.6808321E-004
1.123	2.4181484E-004
1.124	2.1936817E-004
1.125	2.0115166E-004
1.126	1.8745793E-004
1.127	1.7845862E-004
1.128	1.7420185E-004
1.129	1.7461307E-004
1.13	1.7949949E-004
1.131	1.8855670E-004
1.132	2.0137921E-004
1.133	2.1747267E-004
1.134	2.3626898E-004
1.135	2.5714253E-004
1.136	2.7942768E-004
1.137	3.0243694E-004
1.138	3.2547934E-004
1.139	3.4787759E-004
1.14	3.6898561E-004
1.141	3.8820380E-004
1.142	4.0499310E-004
1.143	4.1888771E-004
1.144	4.2950554E-004
1.145	4.3655650E-004
1.146	4.3984875E-004
1.147	4.3929223E-004
1.148	4.3489973E-004
1.149	4.2678529E-004
1.15	4.1515849E-004
1.151	4.0031812E-004
1.152	3.8264150E-004
1.153	3.6257238E-004
1.154	3.4060780E-004
1.155	3.1728312E-004
1.156	2.9315785E-004
1.157	2.6880132E-004
1.158	2.4477780E-004
1.159	2.2163436E-004
1.16	1.9988690E-004
1.161	1.8000916E-004
1.162	1.6242100E-004
1.163	1.4747845E-004
1.164	1.3546515E-004
1.165	1.2658520E-004
1.166	1.2095885E-004
1.167	1.1861983E-004
1.168	1.1951581E-004
1.169	1.2351107E-004
1.17	1.3039193E-004
1.171	1.3987347E-004
1.172	1.5160923E-004
1.173	1.6520105E-004
1.174	1.8021115E-004
1.175	1.9617392E-004
1.176	2.1260872E-004
1.177	2.2903245E-004
1.178	2.4497157E-004
1.179	2.5997433E-004
1.18	2.7362109E-004
1.181	2.8553503E-004
1.182	2.9538976E-004
1.183	3.0291814E-004
1.184	3.0791690E-004
1.185	3.1025216E-004
1.186	3.0986077E-004
1.187	3.0675196E-004
1.188	3.0100529E-004
1.189	2.9276818E-004
1.19	2.8224941E-004
1.191	2.6971396E-004
1.192	2.5547406E-004
1.193	2.3988044E-004
1.194	2.2331269E-004
1.195	2.0616947E-004
1.196	1.8885807E-004
1.197	1.7178443E-004
1.198	1.5534302E-004
1.199	1.3990654E-004
1.2	1.2581734E-004
1.201	1.1337832E-004
1.202	1.0284572E-004
1.203	9.4423165E-005
1.204	8.8257184E-005
1.205	8.4434309E-005
1.206	8.2980070E-005
1.207	8.3859348E-005
1.208	8.6978194E-005
1.209	9.2187125E-005
1.21	9.9285688E-005
1.211	1.0802811E-004
1.212	1.1813035E-004
1.213	1.2927770E-004
1.214	1.4113363E-004
1.215	1.5334875E-004
1.216	1.6557025E-004
1.217	1.7745116E-004
1.218	1.8865916E-004
1.219	1.9888504E-004
1.22	2.0784992E-004
1.221	2.1531190E-004
1.222	2.2107152E-004
1.223	2.2497606E-004
1.224	2.2692262E-004
1.225	2.2685989E-004
1.226	2.2478879E-004
1.227	2.2076185E-004
1.228	2.1488084E-004
1.229	2.0729366E-004
1.23	1.9819036E-004
1.231	1.8779721E-004
1.232	1.7637092E-004
1.233	1.6419135E-004
1.234	1.5155440E-004
1.235	1.3876399E-004
1.236	1.2612421E-004
1.237	1.1393119E-004
1.238	1.0246584E-004
1.239	9.1986760E-005
1.24	8.2723745E-005
1.241	7.4872551E-005
1.242	6.8590271E-005
1.243	6.3991836E-005
1.244	6.1147832E-005
1.245	6.0083312E-005
1.246	6.0777802E-005
1.247	6.3166459E-005
1.248	6.7142362E-005
1.249	7.2559829E-005
1.25	7.9238620E-005
1.251	8.6969172E-005
1.252	9.5518102E-005
1.253	1.0463463E-004
1.254	1.1405718E-004
1.255	1.2352000E-004
1.256	1.3276002E-004
1.257	1.4152350E-004
1.258	1.4957215E-004
1.259	1.5668914E-004
1.26	1.6268432E-004
1.261	1.6739850E-004
1.262	1.7070743E-004
1.263	1.7252444E-004
1.264	1.7280199E-004
1.265	1.7153277E-004
1.266	1.6874901E-004
1.267	1.6452129E-004
1.268	1.5895633E-004
1.269	1.5219362E-004
1.27	1.4440149E-004
1.271	1.3577259E-004
1.272	1.2651857E-004
1.273	1.1686459E-004
1.274	1.0704350E-004
1.275	9.7289834E-005
1.276	8.7834102E-005
1.277	7.8896905E-005
1.278	7.0683556E-005
1.279	6.3379019E-005
1.28	5.7143541E-005
1.281	5.2108539E-005
1.282	4.8373629E-005
1.283	4.6004308E-005
1.284	4.5030469E-005
1.285	4.5446144E-005
1.286	4.7209945E-005
1.287	5.0246636E-005
1.288	5.4449549E-005
1.289	5.9683636E-005
1.29	6.5789412E-005
1.291	7.2587398E-005
1.292	7.9882746E-005
1.293	8.7470529E-005
1.294	9.5140866E-005
1.295	1.0268430E-004
1.296	1.0989702E-004
1.297	1.1658588E-004
1.298	1.2257302E-004
1.299	1.2770035E-004
1.3	1.3183312E-004
1.301	1.3486331E-004
1.302	1.3671194E-004
1.303	1.3733099E-004
1.304	1.3670411E-004
1.305	1.3484688E-004
1.306	1.3180607E-004
1.307	1.2765802E-004
1.308	1.2250681E-004
1.309	1.1648081E-004
1.31	1.0972982E-004
1.311	1.0242068E-004
1.312	9.4732844E-005
1.313	8.6853986E-005
1.314	7.8974852E-005
1.315	7.1284499E-005
1.316	6.3965534E-005
1.317	5.7189503E-005
1.318	5.1112780E-005
1.319	4.5872843E-005
1.32	4.1584964E-005
1.321	3.8339604E-005
1.322	3.6200265E-005
1.323	3.5202218E-005
1.324	3.5351681E-005
1.325	3.6625966E-005
1.326	3.8974184E-005
1.327	4.2318752E-005
1.328	4.6557609E-005
1.329	5.1567040E-005
1.33	5.7204983E-005
1.331	6.3314896E-005
1.332	6.9729773E-005
1.333	7.6276527E-005
1.334	8.2780331E-005
1.335	8.9069013E-005
1.336	9.4977244E-005
1.337	1.0035049E-004
1.338	1.0504886E-004
1.339	1.0895027E-004
1.34	1.1195341E-004
1.341	1.1398029E-004
1.342	1.1497799E-004
1.343	1.1492011E-004
1.344	1.1380725E-004
1.345	1.1166720E-004
1.346	1.0855392E-004
1.347	1.0454604E-004
1.348	9.9744808E-005
1.349	9.4270756E-005
1.35	8.8260706E-005
1.351	8.1863742E-005
1.352	7.5237258E-005
1.353	6.8542991E-005
1.354	6.1942985E-005
1.355	5.5595872E-005
1.356	4.9653001E-005
1.357	4.4255128E-005
1.358	3.9529063E-005
1.359	3.5584617E-005
1.36	3.2512002E-005
1.361	3.0379388E-005
1.362	2.9231220E-005
1.363	2.9086981E-005
1.364	2.9940689E-005
1.365	3.1761130E-005
1.366	3.4492725E-005
1.367	3.8057118E-005
1.368	4.2355314E-005
1.369	4.7270416E-005
1.37	5.2670712E-005
1.371	5.8413119E-005
1.372	6.4346867E-005
1.373	7.0317270E-005
1.374	7.6169694E-005
1.375	8.1753191E-005
1.376	8.6924345E-005
1.377	9.1550763E-005
1.378	9.5514173E-005
1.379	9.8713514E-005
1.38	1.0106721E-004
1.381	1.0251539E-004
1.382	1.0302106E-004
1.383	1.0257123E-004
1.384	1.0117698E-004
1.385	9.8872973E-005
1.386	9.5716641E-005
1.387	9.1786278E-005
1.388	8.7179287E-005
1.389	8.2009523E-005
1.39	7.6404540E-005
1.391	7.0502450E-005
1.392	6.4448657E-005
1.393	5.8392288E-005
1.394	5.2482577E-005
1.395	4.6865069E-005
1.396	4.1677991E-005
1.397	3.7048696E-005
1.398	3.3090473E-005
1.399	2.9899596E-005
1.4	2.7553107E-005
1.401	2.6106891E-005
1.402	2.5594405E-005
1.403	2.6026049E-005
1.404	2.7388904E-005
1.405	2.9647174E-005
1.406	3.2743017E-005
1.407	3.6598034E-005
1.408	4.1115032E-005
1.409	4.6180445E-005
1.41	5.1667077E-005
1.411	5.7437152E-005
1.412	6.3345811E-005
1.413	6.9244597E-005
1.414	7.4985292E-005
1.415	8.0423510E-005
1.416	8.5422500E-005
1.417	8.9856498E-005
1.418	9.3613897E-005
1.419	9.6599993E-005
1.42	9.8739467E-005
1.421	9.9978046E-005
1.422	1.0028388E-004
1.423	9.9648438E-005
1.424	9.8086559E-005
1.425	9.5636206E-005
1.426	9.2357630E-005
1.427	8.8331828E-005
1.428	8.3658822E-005
1.429	7.8455123E-005
1.43	7.2850933E-005
1.431	6.6987028E-005
1.432	6.1011120E-005
1.433	5.5074346E-005
1.434	4.9327387E-005
1.435	4.3916723E-005
1.436	3.8981034E-005
1.437	3.4647644E-005
1.438	3.1029442E-005
1.439	2.8222012E-005
1.44	2.6301297E-005
1.441	2.5321569E-005
1.442	2.5314117E-005
1.443	2.6286307E-005
1.444	2.8221235E-005
1.445	3.1078049E-005
1.446	3.4792782E-005
1.447	3.9279770E-005
1.448	4.4433658E-005
1.449	5.0132010E-005
1.45	5.6238219E-005
1.451	6.2604944E-005
1.452	6.9077716E-005
1.453	7.5498778E-005
1.454	8.1710983E-005
1.455	8.7561661E-005
1.456	9.2906426E-005
1.457	9.7612668E-005
1.458	1.0156298E-004
1.459	1.0465823E-004
1.46	1.0681996E-004
1.461	1.0799270E-004
1.462	1.0814532E-004
1.463	1.0727206E-004
1.464	1.0539277E-004
1.465	1.0255268E-004
1.466	9.8821336E-005
1.467	9.4291201E-005
1.468	8.9075496E-005
1.469	8.3305669E-005
1.47	7.7128323E-005
1.471	7.0701622E-005
1.472	6.4191707E-005
1.473	5.7768364E-005
1.474	5.1600935E-005
1.475	4.5854165E-005
1.476	4.0683997E-005
1.477	3.6233716E-005
1.478	3.2630320E-005
1.479	2.9981340E-005
1.48	2.8371991E-005
1.481	2.7862894E-005
1.482	2.8488324E-005
1.483	3.0255063E-005
1.484	3.3141885E-005
1.485	3.7099748E-005
1.486	4.2052627E-005
1.487	4.7899048E-005
1.488	5.4514287E-005
1.489	6.1753148E-005
1.49	6.9453243E-005
1.491	7.7438926E-005
1.492	8.5525382E-005
1.493	9.3523158E-005
1.494	1.0124283E-004
1.495	1.0849981E-004
1.496	1.1511866E-004
1.497	1.2093796E-004
1.498	1.2581411E-004
1.499	1.2962510E-004
1.5	1.3227407E-004
1.501	1.3369154E-004
1.502	1.3383797E-004
1.503	1.3270500E-004
1.504	1.3031627E-004
1.505	1.2672735E-004
1.506	1.2202503E-004
1.507	1.1632577E-004
1.508	1.0977318E-004
1.509	1.0253498E-004
1.51	9.4799288E-005
1.511	8.6770146E-005
1.512	7.8662888E-005
1.513	7.0699076E-005
1.514	6.3101084E-005
1.515	5.6086865E-005
1.516	4.9864619E-005
1.517	4.4627606E-005
1.518	4.0549163E-005
1.519	3.7778143E-005
1.52	3.6434722E-005
1.521	3.6606943E-005
1.522	3.8347716E-005
1.523	4.1672858E-005
1.524	4.6559828E-005
1.525	5.2947431E-005
1.526	6.0736515E-005
1.527	6.9791531E-005
1.528	7.9943064E-005
1.529	9.0991300E-005
1.53	1.0271020E-004
1.531	1.1485256E-004
1.532	1.2715546E-004
1.533	1.3934658E-004
1.534	1.5115051E-004
1.535	1.6229517E-004
1.536	1.7251892E-004
1.537	1.8157657E-004
1.538	1.8924630E-004
1.539	1.9533533E-004
1.54	1.9968553E-004
1.541	2.0217868E-004
1.542	2.0274047E-004
1.543	2.0134408E-004
1.544	1.9801216E-004
1.545	1.9281830E-004
1.546	1.8588647E-004
1.547	1.7738942E-004
1.548	1.6754576E-004
1.549	1.5661560E-004
1.55	1.4489552E-004
1.551	1.3271155E-004
1.552	1.2041315E-004
1.553	1.0836500E-004
1.554	9.6939482E-005
1.555	8.6508626E-005
1.556	7.7435689E-005
1.557	7.0066781E-005
1.558	6.4722524E-005
1.559	6.1689556E-005
1.56	6.1212348E-005
1.561	6.3485815E-005
1.562	6.8648646E-005
1.563	7.6777484E-005
1.564	8.7882836E-005
1.565	1.0190612E-004
1.566	1.1871845E-004
1.567	1.3812071E-004
1.568	1.5984541E-004
1.569	1.8355998E-004
1.57	2.0887138E-004
1.571	2.3533239E-004
1.572	2.6244961E-004
1.573	2.8969251E-004
1.574	3.1650506E-004
1.575	3.4231789E-004
1.576	3.6656205E-004
1.577	3.8868419E-004
1.578	4.0816085E-004
1.579	4.2451394E-004
1.58	4.3732490E-004
1.581	4.4624845E-004
1.582	4.5102445E-004
1.583	4.5148924E-004
1.584	4.4758432E-004
1.585	4.3936438E-004
1.586	4.2700299E-004
1.587	4.1079658E-004
1.588	3.9116590E-004
1.589	3.6865682E-004
1.59	3.4393772E-004
1.591	3.1779657E-004
1.592	2.9113490E-004
1.593	2.6495958E-004
1.594	2.4037377E-004
1.595	2.1856335E-004
1.596	2.0078255E-004
1.597	1.8833694E-004
1.598	1.8256354E-004
1.599	1.8481079E-004
1.6	1.9641597E-004
1.601	2.1868273E-004
1.602	2.5285853E-004
1.603	3.0011201E-004
1.604	3.6151084E-004
1.605	4.3800118E-004
1.606	5.3038710E-004
1.607	6.3931267E-004
1.608	7.6524378E-004
1.609	9.0845500E-004
1.61	1.0690151E-003
1.611	1.2467784E-003
1.612	1.4413773E-003
1.613	1.6522176E-003
1.614	1.8784787E-003
1.615	2.1191165E-003
1.616	2.3728700E-003
1.617	2.6382697E-003
1.618	2.9136539E-003
1.619	3.1971871E-003
1.62	3.4868761E-003
1.621	3.7805985E-003
1.622	4.0761298E-003
1.623	4.3711578E-003
1.624	4.6633258E-003
1.625	4.9502449E-003
1.626	5.2295257E-003
1.627	5.4988014E-003
1.628	5.7557579E-003
1.629	5.9981523E-003
1.63	6.2238439E-003
1.631	6.4308243E-003
1.632	6.6172411E-003
1.633	6.7814174E-003
1.634	6.9218841E-003
1.635	7.0373928E-003
1.636	7.1269348E-003
1.637	7.1897483E-003
1.638	7.2253300E-003
1.639	7.2334362E-003
1.64	7.2140847E-003
1.641	7.1675461E-003
1.642	7.0943525E-003
1.643	6.9952672E-003
1.644	6.8712868E-003
1.645	6.7236274E-003
1.646	6.5537025E-003
1.647	6.3631060E-003
1.648	6.1536049E-003
1.649	5.9271045E-003
1.65	5.6856358E-003
1.651	5.4313238E-003
1.652	5.1663718E-003
1.653	4.8930324E-003
1.654	4.6135643E-003
1.655	4.3302150E-003
1.656	4.0451828E-003
1.657	3.7605951E-003
1.658	3.4784770E-003
1.659	3.2007361E-003
1.66	2.9291501E-003
1.661	2.6653518E-003
1.662	2.4108319E-003
1.663	2.1669220E-003
1.664	1.9348005E-003
1.665	1.7154807E-003
1.666	1.5098050E-003
1.667	1.3184428E-003
1.668	1.1418806E-003
1.669	9.8042039E-004
1.67	8.3417888E-004
1.671	7.0309208E-004
1.672	5.8692420E-004
1.673	4.8527913E-004
1.674	3.9761746E-004
1.675	3.2327350E-004
1.676	2.6147530E-004
1.677	2.1136289E-004
1.678	1.7200744E-004
1.679	1.4242908E-004
1.68	1.2161376E-004
1.681	1.0852922E-004
1.682	1.0213975E-004
1.683	1.0142072E-004
1.684	1.0537180E-004
1.685	1.1302947E-004
1.686	1.2347824E-004
1.687	1.3586062E-004
1.688	1.4938589E-004
1.689	1.6333678E-004
1.69	1.7707521E-004
1.691	1.9004598E-004
1.692	2.0177879E-004
1.693	2.1188933E-004
1.694	2.2007793E-004
1.695	2.2612767E-004
1.696	2.2990044E-004
1.697	2.3133270E-004
1.698	2.3042942E-004
1.699	2.2725777E-004
1.7	2.2193966E-004
1.701	2.1464429E-004
1.702	2.0558032E-004
1.703	1.9498718E-004
1.704	1.8312733E-004
1.705	1.7027800E-004
1.706	1.5672382E-004
1.707	1.4274933E-004
1.708	1.2863256E-004
1.709	1.1463924E-004
1.71	1.0101731E-004
1.711	8.7992928E-005
1.712	7.5766402E-005
1.713	6.4509557E-005
1.714	5.4363543E-005
1.715	4.5437391E-005
1.716	3.7807371E-005
1.717	3.1517142E-005
1.718	2.6578549E-005
1.719	2.2973218E-005
1.72	2.0654652E-005
1.721	1.9550953E-005
1.722	1.9567997E-005
1.723	2.0592895E-005
1.724	2.2497701E-005
1.725	2.5143245E-005
1.726	2.8382934E-005
1.727	3.2066560E-005
1.728	3.6043824E-005
1.729	4.0167688E-005
1.73	4.4297441E-005
1.731	4.8301456E-005
1.732	5.2059542E-005
1.733	5.5464963E-005
1.734	5.8426089E-005
1.735	6.0867482E-005
1.736	6.2730833E-005
1.737	6.3975167E-005
1.738	6.4576889E-005
1.739	6.4529304E-005
1.74	6.3841959E-005
1.741	6.2539417E-005
1.742	6.0660142E-005
1.743	5.8254827E-005
1.744	5.5384731E-005
1.745	5.2119860E-005
1.746	4.8536971E-005
1.747	4.4717486E-005
1.748	4.0745399E-005
1.749	3.6705234E-005
1.75	3.2679862E-005
1.751	2.8748671E-005
1.752	2.4985729E-005
1.753	2.1458216E-005
1.754	1.8225144E-005
1.755	1.5336240E-005
1.756	1.2831239E-005
1.757	1.0739366E-005
1.758	9.0791391E-006
1.759	7.8584344E-006
1.76	7.0747828E-006
1.761	6.7159049E-006
1.762	6.7604296E-006
1.763	7.1788099E-006
1.764	7.9343563E-006
1.765	8.9844052E-006
1.766	1.0281537E-005
1.767	1.1774889E-005
1.768	1.3411440E-005
1.769	1.5137309E-005
1.77	1.6899003E-005
1.771	1.8644610E-005
1.772	2.0324871E-005
1.773	2.1894211E-005
1.774	2.3311573E-005
1.775	2.4541188E-005
1.776	2.5553167E-005
1.777	2.6323971E-005
1.778	2.6836691E-005
1.779	2.7081243E-005
1.78	2.7054337E-005
1.781	2.6759328E-005
1.782	2.6205900E-005
1.783	2.5409690E-005
1.784	2.4391604E-005
1.785	2.3177245E-005
1.786	2.1796057E-005
1.787	2.0280537E-005
1.788	1.8665298E-005
1.789	1.6986218E-005
1.79	1.5279542E-005
1.791	1.3581008E-005
1.792	1.1925091E-005
1.793	1.0344243E-005
1.794	8.8682400E-006
1.795	7.5235876E-006
1.796	6.3330181E-006
1.797	5.3150970E-006
1.798	4.4839139E-006
1.799	3.8488752E-006
1.8	3.4146431E-006
1.801	3.1811501E-006
1.802	3.1437507E-006
1.803	3.2934636E-006
1.804	3.6173094E-006
1.805	4.0987420E-006
1.806	4.7181288E-006
1.807	5.4533075E-006
1.808	6.2801682E-006
1.809	7.1732716E-006
1.81	8.1064682E-006
1.811	9.0535232E-006
1.812	9.9887093E-006
1.813	1.0887384E-005
1.814	1.1726504E-005
1.815	1.2485133E-005
1.816	1.3144811E-005
1.817	1.3689945E-005
1.818	1.4108052E-005
1.819	1.4389982E-005
1.82	1.4530024E-005
1.821	1.4525956E-005
1.822	1.4378989E-005
1.823	1.4093666E-005
1.824	1.3677664E-005
1.825	1.3141530E-005
1.826	1.2498392E-005
1.827	1.1763581E-005
1.828	1.0954222E-005
1.829	1.0088823E-005
1.83	9.1868096E-006
1.831	8.2680508E-006
1.832	7.3524102E-006
1.833	6.4592618E-006
1.834	5.6070676E-006
1.835	4.8129546E-006
1.836	4.0923442E-006
1.837	3.4586403E-006
1.838	2.9229550E-006
1.839	2.4939243E-006
1.84	2.1775572E-006
1.841	1.9771769E-006
1.842	1.8934101E-006
1.843	1.9242320E-006
1.844	2.0650718E-006
1.845	2.3089672E-006
1.846	2.6467560E-006
1.847	3.0673207E-006
1.848	3.5578641E-006
1.849	4.1042226E-006
1.85	4.6912160E-006
1.851	5.3029980E-006
1.852	5.9234530E-006
1.853	6.5365616E-006
1.854	7.1267946E-006
1.855	7.6794531E-006
1.856	8.1810140E-006
1.857	8.6194095E-006
1.858	8.9842997E-006
1.859	9.2672726E-006
1.86	9.4619836E-006
1.861	9.5642899E-006
1.862	9.5722880E-006
1.863	9.4863035E-006
1.864	9.3088747E-006
1.865	9.0446383E-006
1.866	8.7001927E-006
1.867	8.2839351E-006
1.868	7.8058310E-006
1.869	7.2771750E-006
1.87	6.7103169E-006
1.871	6.1183478E-006
1.872	5.5147984E-006
1.873	4.9133055E-006
1.874	4.3272898E-006
1.875	3.7696427E-006
1.876	3.2524206E-006
1.877	2.7865733E-006
1.878	2.3817065E-006
1.879	2.0458690E-006
1.88	1.7853936E-006
1.881	1.6047635E-006
1.882	1.5065433E-006
1.883	1.4913371E-006
1.884	1.5578026E-006
1.885	1.7027032E-006
1.886	1.9210052E-006
1.887	2.2060142E-006
1.888	2.5495524E-006
1.889	2.9421612E-006
1.89	3.3733427E-006
1.891	3.8318135E-006
1.892	4.3057812E-006
1.893	4.7832241E-006
1.894	5.2521818E-006
1.895	5.7010275E-006
1.896	6.1187407E-006
1.897	6.4951660E-006
1.898	6.8212394E-006
1.899	7.0891911E-006
1.9	7.2927219E-006
1.901	7.4271388E-006
1.902	7.4894592E-006
1.903	7.4784584E-006
1.904	7.3946871E-006
1.905	7.2404409E-006
1.906	7.0196934E-006
1.907	6.7379829E-006
1.908	6.4022665E-006
1.909	6.0207467E-006
1.91	5.6026629E-006
1.911	5.1580655E-006
1.912	4.6975770E-006
1.913	4.2321258E-006
1.914	3.7726861E-006
1.915	3.3300205E-006
1.916	2.9144130E-006
1.917	2.5354275E-006
1.918	2.2016850E-006
1.919	1.9206509E-006
1.92	1.6984737E-006
1.921	1.5398351E-006
1.922	1.4478505E-006
1.923	1.4240040E-006
1.924	1.4681249E-006
1.925	1.5784019E-006
1.926	1.7514392E-006
1.927	1.9823483E-006
1.928	2.2648740E-006
1.929	2.5915515E-006
1.93	2.9538967E-006
1.931	3.3426161E-006
1.932	3.7478421E-006
1.933	4.1593794E-006
1.934	4.5669590E-006
1.935	4.9604932E-006
1.936	5.3303147E-006
1.937	5.6674153E-006
1.938	5.9636354E-006
1.939	6.2118565E-006
1.94	6.4061619E-006
1.941	6.5419549E-006
1.942	6.6160701E-006
1.943	6.6268476E-006
1.944	6.5741697E-006
1.945	6.4594751E-006
1.946	6.2857243E-006
1.947	6.0573298E-006
1.948	5.7800457E-006
1.949	5.4608222E-006
1.95	5.1076331E-006
1.951	4.7292656E-006
1.952	4.3350951E-006
1.953	3.9348488E-006
1.954	3.5383596E-006
1.955	3.1553207E-006
1.956	2.7950452E-006
1.957	2.4662388E-006
1.958	2.1767892E-006
1.959	1.9335766E-006
1.96	1.7423125E-006
1.961	1.6074075E-006
1.962	1.5318727E-006
1.963	1.5172545E-006
1.964	1.5636082E-006
1.965	1.6695046E-006
1.966	1.8320750E-006
1.967	2.0470832E-006
1.968	2.3090356E-006
1.969	2.6113134E-006
1.97	2.9463265E-006
1.971	3.3057004E-006
1.972	3.6804718E-006
1.973	4.0613049E-006
1.974	4.4387198E-006
1.975	4.8033276E-006
1.976	5.1460656E-006
1.977	5.4584402E-006
1.978	5.7327316E-006
1.979	5.9622075E-006
1.98	6.1412757E-006
1.981	6.2656345E-006
1.982	6.3323655E-006
1.983	6.3400030E-006
1.984	6.2885524E-006
1.985	6.1794876E-006
1.986	6.0157040E-006
1.987	5.8014507E-006
1.988	5.5422124E-006
1.989	5.2445876E-006
1.99	4.9161222E-006
1.991	4.5651200E-006
1.992	4.2004390E-006
1.993	3.8312692E-006
1.994	3.4669044E-006
1.995	3.1165048E-006
1.996	2.7888645E-006
1.997	2.4921974E-006
1.998	2.2339302E-006
1.999	2.0205155E-006
2	1.8572783E-006
2.001	1.7482816E-006
2.002	1.6962299E-006
2.003	1.7024026E-006
2.004	1.7666216E-006
2.005	1.8872579E-006
2.006	2.0612702E-006
2.007	2.2842823E-006
2.008	2.5506956E-006
2.009	2.8538252E-006
2.01	3.1860789E-006
2.011	3.5391433E-006
2.012	3.9042038E-006
2.013	4.2721590E-006
2.014	4.6338614E-006
2.015	4.9803366E-006
2.016	5.3030117E-006
2.017	5.5939217E-006
2.018	5.8459127E-006
2.019	6.0528073E-006
2.02	6.2095601E-006
2.021	6.3123816E-006
2.022	6.3588291E-006
2.023	6.3478747E-006
2.024	6.2799209E-006
2.025	6.1567980E-006
2.026	5.9817226E-006
2.027	5.7592165E-006
2.028	5.4949905E-006
2.029	5.1958059E-006
2.03	4.8693032E-006
2.031	4.5238044E-006
2.032	4.1681124E-006
2.033	3.8112853E-006
2.034	3.4624143E-006
2.035	3.1303957E-006
2.036	2.8237146E-006
2.037	2.5502286E-006
2.038	2.3169714E-006
2.039	2.1299759E-006
2.04	1.9941133E-006
2.041	1.9129718E-006
2.042	1.8887572E-006
2.043	1.9222380E-006
2.044	2.0127191E-006
2.045	2.1580574E-006
2.046	2.3547198E-006
2.047	2.5978709E-006
2.048	2.8814909E-006
2.049	3.1985394E-006
2.05	3.5411254E-006
2.051	3.9007136E-006
2.052	4.2683423E-006
2.053	4.6348455E-006
2.054	4.9910900E-006
2.055	5.3282029E-006
2.056	5.6377971E-006
2.057	5.9121785E-006
2.058	6.1445398E-006
2.059	6.3291332E-006
2.06	6.4614101E-006
2.061	6.5381364E-006
2.062	6.5574841E-006
2.063	6.5190634E-006
2.064	6.4239507E-006
2.065	6.2746512E-006
2.066	6.0750458E-006
2.067	5.8302844E-006
2.068	5.5466744E-006
2.069	5.2314977E-006
2.07	4.8928496E-006
2.071	4.5394245E-006
2.072	4.1803014E-006
2.073	3.8247176E-006
2.074	3.4818352E-006
2.075	3.1605191E-006
2.076	2.8691034E-006
2.077	2.6151856E-006
2.078	2.4054332E-006
2.079	2.2454074E-006
2.08	2.1394239E-006
2.081	2.0904365E-006
2.082	2.0999576E-006
2.083	2.1680185E-006
2.084	2.2931633E-006
2.085	2.4724854E-006
2.086	2.7016981E-006
2.087	2.9752473E-006
2.088	3.2864464E-006
2.089	3.6276513E-006
2.09	3.9904567E-006
2.091	4.3659024E-006
2.092	4.7447043E-006
2.093	5.1174902E-006
2.094	5.4750203E-006
2.095	5.8084320E-006
2.096	6.1094506E-006
2.097	6.3705925E-006
2.098	6.5853651E-006
2.099	6.7484107E-006
2.1	6.8556647E-006
2.101	6.9044486E-006
2.102	6.8935587E-006
2.103	6.8232930E-006
2.104	6.6954572E-006
2.105	6.5133227E-006
2.106	6.2815529E-006
2.107	6.0060888E-006
2.108	5.6939903E-006
2.109	5.3532690E-006
2.11	4.9926848E-006
2.111	4.6215323E-006
2.112	4.2493880E-006
2.113	3.8858993E-006
2.114	3.5405226E-006
2.115	3.2222929E-006
2.116	2.9395903E-006
2.117	2.6999244E-006
2.118	2.5097436E-006
2.119	2.3742605E-006
2.12	2.2973193E-006
2.121	2.2812912E-006
2.122	2.3270097E-006
2.123	2.4337453E-006
2.124	2.5992153E-006
2.125	2.8196382E-006
2.126	3.0898213E-006
2.127	3.4032919E-006
2.128	3.7524558E-006
2.129	4.1287913E-006
2.13	4.5230663E-006
2.131	4.9255705E-006
2.132	5.3263584E-006
2.133	5.7155062E-006
2.134	6.0833449E-006
2.135	6.4207075E-006
2.136	6.7191577E-006
2.137	6.9711950E-006
2.138	7.1704580E-006
2.139	7.3118822E-006
2.14	7.3918500E-006
2.141	7.4082959E-006
2.142	7.3607644E-006
2.143	7.2504386E-006
2.144	7.0801211E-006
2.145	6.8541663E-006
2.146	6.5783693E-006
2.147	6.2598269E-006
2.148	5.9067502E-006
2.149	5.5282603E-006
2.15	5.1341490E-006
2.151	4.7346389E-006
2.152	4.3401105E-006
2.153	3.9608508E-006
2.154	3.6067822E-006
2.155	3.2872231E-006
2.156	3.0106464E-006
2.157	2.7844715E-006
2.158	2.6148800E-006
2.159	2.5066629E-006
2.16	2.4631008E-006
2.161	2.4858846E-006
2.162	2.5750694E-006
2.163	2.7290628E-006
2.164	2.9446605E-006
2.165	3.2171097E-006
2.166	3.5402045E-006
2.167	3.9064316E-006
2.168	4.3071359E-006
2.169	4.7327212E-006
2.17	5.1728834E-006
2.171	5.6168706E-006
2.172	6.0537550E-006
2.173	6.4727196E-006
2.174	6.8633408E-006
2.175	7.2158582E-006
2.176	7.5214389E-006
2.177	7.7724053E-006
2.178	7.9624233E-006
2.179	8.0866812E-006
2.18	8.1419957E-006
2.181	8.1269209E-006
2.182	8.0417767E-006
2.183	7.8886578E-006
2.184	7.6713995E-006
2.185	7.3954861E-006
2.186	7.0679207E-006
2.187	6.6970738E-006
2.188	6.2924564E-006
2.189	5.8645110E-006
2.19	5.4243260E-006
2.191	4.9833779E-006
2.192	4.5532270E-006
2.193	4.1452381E-006
2.194	3.7702921E-006
2.195	3.4385007E-006
2.196	3.1589566E-006
2.197	2.9394969E-006
2.198	2.7864980E-006
2.199	2.7047065E-006
2.2	2.6971065E-006
2.201	2.7648332E-006
2.202	2.9071330E-006
2.203	3.1213663E-006
2.204	3.4030604E-006
2.205	3.7460106E-006
2.206	4.1424264E-006
2.207	4.5831102E-006
2.208	5.0576923E-006
2.209	5.5548771E-006
2.21	6.0627272E-006
2.211	6.5689628E-006
2.212	7.0612655E-006
2.213	7.5275916E-006
2.214	7.9564770E-006
2.215	8.3373161E-006
2.216	8.6606415E-006
2.217	8.9183641E-006
2.218	9.1039810E-006
2.219	9.2127302E-006
2.22	9.2417695E-006
2.221	9.1902084E-006
2.222	9.0591793E-006
2.223	8.8518127E-006
2.224	8.5731963E-006
2.225	8.2302504E-006
2.226	7.8315643E-006
2.227	7.3872388E-006
2.228	6.9086068E-006
2.229	6.4079854E-006
2.23	5.8983701E-006
2.231	5.3931199E-006
2.232	4.9056152E-006
2.233	4.4489307E-006
2.234	4.0355058E-006
2.235	3.6768104E-006
2.236	3.3830679E-006
2.237	3.1629688E-006
2.238	3.0234432E-006
2.239	2.9694691E-006
2.24	3.0039271E-006
2.241	3.1275003E-006
2.242	3.3386425E-006
2.243	3.6335923E-006
2.244	4.0064447E-006
2.245	4.4492754E-006
2.246	4.9523351E-006
2.247	5.5042597E-006
2.248	6.0923553E-006
2.249	6.7028986E-006
2.25	7.3214719E-006
2.251	7.9333158E-006
2.252	8.5237043E-006
2.253	9.0783051E-006
2.254	9.5835348E-006
2.255	1.0026928E-005
2.256	1.0397437E-005
2.257	1.0685722E-005
2.258	1.0884419E-005
2.259	1.0988328E-005
2.26	1.0994580E-005
2.261	1.0902721E-005
2.262	1.0714758E-005
2.263	1.0435147E-005
2.264	1.0070691E-005
2.265	9.6304248E-006
2.266	9.1253978E-006
2.267	8.5684369E-006
2.268	7.9738429E-006
2.269	7.3570459E-006
2.27	6.7342489E-006
2.271	6.1220217E-006
2.272	5.5368960E-006
2.273	4.9949526E-006
2.274	4.5114152E-006
2.275	4.1002731E-006
2.276	3.7739101E-006
2.277	3.5427875E-006
2.278	3.4151647E-006
2.279	3.3968652E-006
2.28	3.4911036E-006
2.281	3.6983695E-006
2.282	4.0163732E-006
2.283	4.4400590E-006
2.284	4.9616797E-006
2.285	5.5709479E-006
2.286	6.2552444E-006
2.287	6.9999055E-006
2.288	7.7885361E-006
2.289	8.6034188E-006
2.29	9.4259149E-006
2.291	1.0236944E-005
2.292	1.1017419E-005
2.293	1.1748754E-005
2.294	1.2413303E-005
2.295	1.2994836E-005
2.296	1.3478931E-005
2.297	1.3853390E-005
2.298	1.4108560E-005
2.299	1.4237618E-005
2.3	1.4236794E-005
2.301	1.4105513E-005
2.302	1.3846461E-005
2.303	1.3465595E-005
2.304	1.2972044E-005
2.305	1.2377945E-005
2.306	1.1698187E-005
2.307	1.0950120E-005
2.308	1.0153149E-005
2.309	9.3282997E-006
2.31	8.4977410E-006
2.311	7.6842489E-006
2.312	6.9106668E-006
2.313	6.1993578E-006
2.314	5.5716373E-006
2.315	5.0472472E-006
2.316	4.6438468E-006
2.317	4.3765322E-006
2.318	4.2574252E-006
2.319	4.2953038E-006
2.32	4.4953053E-006
2.321	4.8587121E-006
2.322	5.3828244E-006
2.323	6.0609318E-006
2.324	6.8823883E-006
2.325	7.8328003E-006
2.326	8.8943343E-006
2.327	1.0046081E-005
2.328	1.1264572E-005
2.329	1.2524278E-005
2.33	1.3798217E-005
2.331	1.5058549E-005
2.332	1.6277210E-005
2.333	1.7426537E-005
2.334	1.8479877E-005
2.335	1.9412259E-005
2.336	2.0200994E-005
2.337	2.0826314E-005
2.338	2.1271899E-005
2.339	2.1525459E-005
2.34	2.1579170E-005
2.341	2.1430005E-005
2.342	2.1079997E-005
2.343	2.0536341E-005
2.344	1.9811394E-005
2.345	1.8922505E-005
2.346	1.7891740E-005
2.347	1.6745500E-005
2.348	1.5513997E-005
2.349	1.4230641E-005
2.35	1.2931371E-005
2.351	1.1653859E-005
2.352	1.0436692E-005
2.353	9.3185208E-006
2.354	8.3371451E-006
2.355	7.5286393E-006
2.356	6.9264247E-006
2.357	6.5604395E-006
2.358	6.4562873E-006
2.359	6.6344755E-006
2.36	7.1097425E-006
2.361	7.8904768E-006
2.362	8.9782898E-006
2.363	1.0367711E-005
2.364	1.2046078E-005
2.365	1.3993580E-005
2.366	1.6183472E-005
2.367	1.8582470E-005
2.368	2.1151263E-005
2.369	2.3845190E-005
2.37	2.6615031E-005
2.371	2.9407945E-005
2.372	3.2168500E-005
2.373	3.4839864E-005
2.374	3.7365022E-005
2.375	3.9688144E-005
2.376	4.1755964E-005
2.377	4.3519132E-005
2.378	4.4933640E-005
2.379	4.5962031E-005
2.38	4.6574780E-005
2.381	4.6751233E-005
2.382	4.6480698E-005
2.383	4.5763376E-005
2.384	4.4610977E-005
2.385	4.3047272E-005
2.386	4.1108480E-005
2.387	3.8843413E-005
2.388	3.6313322E-005
2.389	3.3591579E-005
2.39	3.0763218E-005
2.391	2.7924028E-005
2.392	2.5179579E-005
2.393	2.2644010E-005
2.394	2.0438596E-005
2.395	1.8690162E-005
2.396	1.7529295E-005
2.397	1.7088518E-005
2.398	1.7500204E-005
2.399	1.8894581E-005
2.4	2.1397569E-005
2.401	2.5128686E-005
2.402	3.0198917E-005
2.403	3.6708661E-005
2.404	4.4745739E-005
2.405	5.4383596E-005
2.406	6.5679487E-005
2.407	7.8673111E-005
2.408	9.3385184E-005
2.409	1.0981654E-004
2.41	1.2794723E-004
2.411	1.4773627E-004
2.412	1.6912115E-004
2.413	1.9201796E-004
2.414	2.1632199E-004
2.415	2.4190779E-004
2.416	2.6863071E-004
2.417	2.9632740E-004
2.418	3.2481836E-004
2.419	3.5390913E-004
2.42	3.8339320E-004
2.421	4.1305416E-004
2.422	4.4266888E-004
2.423	4.7200968E-004
2.424	5.0084729E-004
2.425	5.2895304E-004
2.426	5.5610127E-004
2.427	5.8207172E-004
2.428	6.0665101E-004
2.429	6.2963564E-004
2.43	6.5083266E-004
2.431	6.7006378E-004
2.432	6.8716524E-004
2.433	7.0199231E-004
2.434	7.1441889E-004
2.435	7.2434073E-004
2.436	7.3167583E-004
2.437	7.3636539E-004
2.438	7.3837535E-004
2.439	7.3769421E-004
2.44	7.3433662E-004
2.441	7.2834012E-004
2.442	7.1976561E-004
2.443	7.0869655E-004
2.444	6.9523870E-004
2.445	6.7951781E-004
2.446	6.6167727E-004
2.447	6.4187945E-004
2.448	6.2029954E-004
2.449	5.9712643E-004
2.45	5.7255791E-004
2.451	5.4680032E-004
2.452	5.2006391E-004
2.453	4.9256271E-004
2.454	4.6450939E-004
2.455	4.3611528E-004
2.456	4.0758742E-004
2.457	3.7912637E-004
2.458	3.5092555E-004
2.459	3.2316800E-004
2.46	2.9602624E-004
2.461	2.6965994E-004
2.462	2.4421499E-004
2.463	2.1982194E-004
2.464	1.9659495E-004
2.465	1.7463088E-004
2.466	1.5400912E-004
2.467	1.3479075E-004
2.468	1.1701910E-004
2.469	1.0071998E-004
2.47	8.5902502E-005
2.471	7.2560033E-005
2.472	6.0671333E-005
2.473	5.0201757E-005
2.474	4.1104566E-005
2.475	3.3322194E-005
2.476	2.6787560E-005
2.477	2.1425283E-005
2.478	1.7152965E-005
2.479	1.3882480E-005
2.48	1.1521269E-005
2.481	9.9736990E-006
2.482	9.1424135E-006
2.483	8.9296918E-006
2.484	9.2387818E-006
2.485	9.9751524E-006
2.486	1.1047664E-005
2.487	1.2369630E-005
2.488	1.3859724E-005
2.489	1.5442765E-005
2.49	1.7050344E-005
2.491	1.8621329E-005
2.492	2.0102199E-005
2.493	2.1447278E-005
2.494	2.2618809E-005
2.495	2.3586948E-005
2.496	2.4329571E-005
2.497	2.4832054E-005
2.498	2.5086867E-005
2.499	2.5093153E-005
2.5	2.4856170E-005
2.501	2.4386685E-005
2.502	2.3700290E-005
2.503	2.2816745E-005
2.504	2.1759197E-005
2.505	2.0553447E-005
2.506	1.9227235E-005
2.507	1.7809434E-005
2.508	1.6329441E-005
2.509	1.4816440E-005
2.51	1.3298819E-005
2.511	1.1803614E-005
2.512	1.0356049E-005
2.513	8.9790856E-006
2.514	7.6931283E-006
2.515	6.5157315E-006
2.516	5.4614156E-006
2.517	4.5415200E-006
2.518	3.7641310E-006
2.519	3.1340687E-006
2.52	2.6529315E-006
2.521	2.3191942E-006
2.522	2.1283724E-006
2.523	2.0732421E-006
2.524	2.1441042E-006
2.525	2.3291061E-006
2.526	2.6145858E-006
2.527	2.9854605E-006
2.528	3.4256152E-006
2.529	3.9183051E-006
2.53	4.4465505E-006
2.531	4.9935097E-006
2.532	5.5428300E-006
2.533	6.0789675E-006
2.534	6.5874633E-006
2.535	7.0551991E-006
2.536	7.4705972E-006
2.537	7.8238008E-006
2.538	8.1067938E-006
2.539	8.3135155E-006
2.54	8.4399098E-006
2.541	8.4839367E-006
2.542	8.4455396E-006
2.543	8.3265923E-006
2.544	8.1307435E-006
2.545	7.8633129E-006
2.546	7.5310691E-006
2.547	7.1420368E-006
2.548	6.7052601E-006
2.549	6.2305762E-006
2.55	5.7283728E-006
2.551	5.2093410E-006
2.552	4.6842561E-006
2.553	4.1637327E-006
2.554	3.6580141E-006
2.555	3.1767547E-006
2.556	2.7288168E-006
2.557	2.3220928E-006
2.558	1.9633464E-006
2.559	1.6580760E-006
2.56	1.4104247E-006
2.561	1.2231180E-006
2.562	1.0974429E-006
2.563	1.0332604E-006
2.564	1.0290549E-006
2.565	1.0820116E-006
2.566	1.1881217E-006
2.567	1.3423088E-006
2.568	1.5385723E-006
2.569	1.7701485E-006
2.57	2.0296807E-006
2.571	2.3093978E-006
2.572	2.6012999E-006
2.573	2.8973407E-006
2.574	3.1896072E-006
2.575	3.4705033E-006
2.576	3.7329091E-006
2.577	3.9703323E-006
2.578	4.1770481E-006
2.579	4.3481996E-006
2.58	4.4799012E-006
2.581	4.5692950E-006
2.582	4.6145879E-006
2.583	4.6150703E-006
2.584	4.5710990E-006
2.585	4.4840654E-006
2.586	4.3563296E-006
2.587	4.1911517E-006
2.588	3.9925958E-006
2.589	3.7654124E-006
2.59	3.5149314E-006
2.591	3.2469202E-006
2.592	2.9674445E-006
2.593	2.6827347E-006
2.594	2.3990306E-006
2.595	2.1224423E-006
2.596	1.8588063E-006
2.597	1.6135583E-006
2.598	1.3916066E-006
2.599	1.1972311E-006
2.6	1.0339894E-006
2.601	9.0464914E-007
2.602	8.1113313E-007
2.603	7.5449242E-007
2.604	7.3489639E-007
2.605	7.5164485E-007
2.606	8.0320137E-007
2.607	8.8724335E-007
2.608	1.0007308E-006
2.609	1.1399898E-006
2.61	1.3008103E-006
2.611	1.4785528E-006
2.612	1.6682635E-006
2.613	1.8647996E-006
2.614	2.0629518E-006
2.615	2.2575721E-006
2.616	2.4436908E-006
2.617	2.6166401E-006
2.618	2.7721508E-006
2.619	2.9064536E-006
2.62	3.0163560E-006
2.621	3.0993053E-006
2.622	3.1534355E-006
2.623	3.1776051E-006
2.624	3.1714019E-006
2.625	3.1351533E-006
2.626	3.0698964E-006
2.627	2.9773551E-006
2.628	2.8598840E-006
2.629	2.7204071E-006
2.63	2.5623390E-006
2.631	2.3894981E-006
2.632	2.2060026E-006
2.633	2.0161717E-006
2.634	1.8244145E-006
2.635	1.6351210E-006
2.636	1.4525581E-006
2.637	1.2807716E-006
2.638	1.1234916E-006
2.639	9.8405235E-007
2.64	8.6531639E-007
2.641	7.6961635E-007
2.642	6.9870333E-007
2.643	6.5371273E-007
2.644	6.3514267E-007
2.645	6.4284893E-007
2.646	6.7605447E-007
2.647	7.3337577E-007
2.648	8.1286453E-007
2.649	9.1206175E-007
2.65	1.0280669E-006
2.651	1.1576129E-006
2.652	1.2971537E-006
2.653	1.4429520E-006
2.654	1.5911735E-006
2.655	1.7379811E-006
2.656	1.8796263E-006
2.657	2.0125390E-006
2.658	2.1334085E-006
2.659	2.2392630E-006
2.66	2.3275325E-006
2.661	2.3961079E-006
2.662	2.4433837E-006
2.663	2.4682929E-006
2.664	2.4703245E-006
2.665	2.4495291E-006
2.666	2.4065175E-006
2.667	2.3424325E-006
2.668	2.2589218E-006
2.669	2.1580927E-006
2.67	2.0424534E-006
2.671	1.9148501E-006
2.672	1.7783909E-006
2.673	1.6363704E-006
2.674	1.4921819E-006
2.675	1.3492353E-006
2.676	1.2108734E-006
2.677	1.0802893E-006
2.678	9.6044994E-007
2.679	8.5402769E-007
2.68	7.6333612E-007
2.681	6.9028005E-007
2.682	6.3630995E-007
2.683	6.0239489E-007
2.684	5.8900110E-007
2.685	5.9608755E-007
2.686	6.2311142E-007
2.687	6.6904806E-007
2.688	7.3242256E-007
2.689	8.1134942E-007
2.69	9.0358725E-007
2.691	1.0065955E-006
2.692	1.1176015E-006
2.693	1.2336700E-006
2.694	1.3517750E-006
2.695	1.4688733E-006
2.696	1.5819763E-006
2.697	1.6882233E-006
2.698	1.7849476E-006
2.699	1.8697399E-006
2.7	1.9405054E-006
2.701	1.9955139E-006
2.702	2.0334417E-006
2.703	2.0534003E-006
2.704	2.0549530E-006
2.705	2.0381260E-006
2.706	2.0034031E-006
2.707	1.9517038E-006
2.708	1.8843643E-006
2.709	1.8030933E-006
2.71	1.7099284E-006
2.711	1.6071833E-006
2.712	1.4973858E-006
2.713	1.3832163E-006
2.714	1.2674403E-006
2.715	1.1528388E-006
2.716	1.0421409E-006
2.717	9.3795603E-007
2.718	8.4271051E-007
2.719	7.5858810E-007
2.72	6.8747721E-007
2.721	6.3092608E-007
2.722	5.9010881E-007
2.723	5.6579887E-007
2.724	5.5835454E-007
2.725	5.6771478E-007
2.726	5.9340459E-007
2.727	6.3455082E-007
2.728	6.8990499E-007
2.729	7.5787892E-007
2.73	8.3658398E-007
2.731	9.2388115E-007
2.732	1.0174351E-006
2.733	1.1147739E-006
2.734	1.2133527E-006
2.735	1.3106162E-006
2.736	1.4040664E-006
2.737	1.4913207E-006
2.738	1.5701756E-006
2.739	1.6386545E-006
2.74	1.6950596E-006
2.741	1.7380103E-006
2.742	1.7664727E-006
2.743	1.7797839E-006
2.744	1.7776641E-006
2.745	1.7602207E-006
2.746	1.7279381E-006
2.747	1.6816671E-006
2.748	1.6225954E-006
2.749	1.5522182E-006
2.75	1.4722974E-006
2.751	1.3848160E-006
2.752	1.2919273E-006
2.753	1.1959015E-006
2.754	1.0990693E-006
2.755	1.0037661E-006
2.756	9.1227213E-007
2.757	8.2675950E-007
2.758	7.4923832E-007
2.759	6.8150740E-007
2.76	6.2511020E-007
2.761	5.8129802E-007
2.762	5.5099974E-007
2.763	5.3480062E-007
2.764	5.3292968E-007
2.765	5.4525731E-007
2.766	5.7130075E-007
2.767	6.1023877E-007
2.768	6.6093588E-007
2.769	7.2197111E-007
2.77	7.9167665E-007
2.771	8.6817954E-007
2.772	9.4945034E-007
2.773	1.0333545E-006
2.774	1.1177057E-006
2.775	1.2003236E-006
2.776	1.2790854E-006
2.777	1.3519823E-006
2.778	1.4171676E-006
2.779	1.4730026E-006
2.78	1.5180952E-006
2.781	1.5513333E-006
2.782	1.5719075E-006
2.783	1.5793315E-006
2.784	1.5734473E-006
2.785	1.5544294E-006
2.786	1.5227752E-006
2.787	1.4792934E-006
2.788	1.4250803E-006
2.789	1.3614940E-006
2.79	1.2901187E-006
2.791	1.2127231E-006
2.792	1.1312192E-006
2.793	1.0476106E-006
2.794	9.6394297E-007
2.795	8.8225170E-007
2.796	8.0450997E-007
2.797	7.3257991E-007
2.798	6.6816693E-007
2.799	6.1277666E-007
2.8	5.6767959E-007
2.801	5.3388101E-007
2.802	5.1209719E-007
2.803	5.0273928E-007
2.804	5.0590518E-007
2.805	5.2137779E-007
2.806	5.4863318E-007
2.807	5.8685424E-007
2.808	6.3495315E-007
2.809	6.9160103E-007
2.81	7.5526242E-007
2.811	8.2423600E-007
2.812	8.9669896E-007
2.813	9.7075588E-007
2.814	1.0444846E-006
2.815	1.1159863E-006
2.816	1.1834325E-006
2.817	1.2451073E-006
2.818	1.2994515E-006
2.819	1.3450964E-006
2.82	1.3808962E-006
2.821	1.4059568E-006
2.822	1.4196550E-006
2.823	1.4216540E-006
2.824	1.4119111E-006
2.825	1.3906781E-006
2.826	1.3584942E-006
2.827	1.3161718E-006
2.828	1.2647751E-006
2.829	1.2055890E-006
2.83	1.1400878E-006
2.831	1.0698951E-006
2.832	9.9674264E-007
2.833	9.2242499E-007
2.834	8.4875632E-007
2.835	7.7752441E-007
2.836	7.1044701E-007
2.837	6.4913007E-007
2.838	5.9502776E-007
2.839	5.4940756E-007
2.84	5.1331887E-007
2.841	4.8756721E-007
2.842	4.7269589E-007
2.843	4.6897253E-007
2.844	4.7638480E-007
2.845	4.9464165E-007
2.846	5.2318290E-007
2.847	5.6119359E-007
2.848	6.0762613E-007
2.849	6.6122658E-007
2.85	7.2056758E-007
2.851	7.8408368E-007
2.852	8.5011084E-007
2.853	9.1692954E-007
2.854	9.8280668E-007
2.855	1.0460420E-006
2.856	1.1050084E-006
2.857	1.1581941E-006
2.858	1.2042409E-006
2.859	1.2419762E-006
2.86	1.2704448E-006
2.861	1.2889287E-006
2.862	1.2969654E-006
2.863	1.2943591E-006
2.864	1.2811829E-006
2.865	1.2577759E-006
2.866	1.2247312E-006
2.867	1.1828826E-006
2.868	1.1332776E-006
2.869	1.0771524E-006
2.87	1.0158999E-006
2.871	9.5103127E-007
2.872	8.8414146E-007
2.873	8.1686716E-007
2.874	7.5084819E-007
2.875	6.8768628E-007
2.876	6.2890717E-007
2.877	5.7592223E-007
2.878	5.2999485E-007
2.879	4.9220733E-007
2.88	4.6343627E-007
2.881	4.4432829E-007
2.882	4.3528590E-007
2.883	4.3645687E-007
2.884	4.4773088E-007
2.885	4.6874356E-007
2.886	4.9888649E-007
2.887	5.3732384E-007
2.888	5.8301436E-007
2.889	6.3473829E-007
2.89	6.9113008E-007
2.891	7.5071313E-007
2.892	8.1193690E-007
2.893	8.7321666E-007
2.894	9.3297325E-007
2.895	9.8967291E-007
2.896	1.0418644E-006
2.897	1.0882153E-006
2.898	1.1275456E-006
2.899	1.1588545E-006
2.9	1.1813455E-006
2.901	1.1944454E-006
2.902	1.1978191E-006
2.903	1.1913734E-006
2.904	1.1752622E-006
2.905	1.1498819E-006
2.906	1.1158579E-006
2.907	1.0740330E-006
2.908	1.0254423E-006
2.909	9.7128884E-007
2.91	9.1291099E-007
2.911	8.5175014E-007
2.912	7.8931174E-007
2.913	7.2712794E-007
2.914	6.6671976E-007
2.915	6.0955773E-007
2.916	5.5702554E-007
2.917	5.1038694E-007
2.918	4.7075304E-007
2.919	4.3905686E-007
2.92	4.1602971E-007
2.921	4.0218367E-007
2.922	3.9780090E-007
2.923	4.0292650E-007
2.924	4.1736965E-007
2.925	4.4070882E-007
2.926	4.7230304E-007
2.927	5.1130866E-007
2.928	5.5669932E-007
2.929	6.0729178E-007
2.93	6.6177495E-007
2.931	7.1874138E-007
2.932	7.7672291E-007
2.933	8.3422651E-007
2.934	8.8977367E-007
2.935	9.4193535E-007
2.936	9.8937107E-007
2.937	1.0308610E-006
2.938	1.0653390E-006
2.939	1.0919175E-006
2.94	1.1099129E-006
2.941	1.1188598E-006
2.942	1.1185248E-006
2.943	1.1089098E-006
2.944	1.0902514E-006
2.945	1.0630132E-006
2.946	1.0278734E-006
2.947	9.8570285E-007
2.948	9.3754528E-007
2.949	8.8458813E-007
2.95	8.2813352E-007
2.951	7.6956650E-007
2.952	7.1032122E-007
2.953	6.5184770E-007
2.954	5.9557601E-007
2.955	5.4288250E-007
2.956	4.9505428E-007
2.957	4.5325899E-007
2.958	4.1851186E-007
2.959	3.9165141E-007
2.96	3.7331665E-007
2.961	3.6393044E-007
2.962	3.6368908E-007
2.963	3.7255776E-007
2.964	3.9027196E-007
2.965	4.1634581E-007
2.966	4.5008514E-007
2.967	4.9060543E-007
2.968	5.3685500E-007
2.969	5.8764232E-007
2.97	6.4166437E-007
2.971	6.9754083E-007
2.972	7.5384702E-007
2.973	8.0915106E-007
2.974	8.6204631E-007
2.975	9.1118937E-007
2.976	9.5533062E-007
2.977	9.9334511E-007
2.978	1.0242627E-006
2.979	1.0472889E-006
2.98	1.0618278E-006
2.981	1.0674930E-006
2.982	1.0641227E-006
2.983	1.0517800E-006
2.984	1.0307529E-006
2.985	1.0015472E-006
2.986	9.6487395E-007
2.987	9.2163111E-007
2.988	8.7288078E-007
2.989	8.1982296E-007
2.99	7.6376506E-007
2.991	7.0609019E-007
2.992	6.4822041E-007
2.993	5.9158390E-007
2.994	5.3757793E-007
2.995	4.8753299E-007
2.996	4.4268182E-007
2.997	4.0412695E-007
2.998	3.7281379E-007
2.999	3.4950767E-007
3	3.3477434E-007
3.001	3.2896699E-007
3.002	3.3221752E-007
3.003	3.4443323E-007
3.004	3.6529929E-007
3.005	3.9428667E-007
3.006	4.3066481E-007
3.007	4.7351864E-007
3.008	5.2177177E-007
3.009	5.7421255E-007
3.01	6.2952358E-007
3.011	6.8631419E-007
3.012	7.4315591E-007
3.013	7.9861667E-007
3.014	8.5129852E-007
3.015	8.9987032E-007
3.016	9.4310337E-007
3.017	9.7990016E-007
3.018	1.0093229E-006
3.019	1.0306159E-006
3.02	1.0432258E-006
3.021	1.0468145E-006
3.022	1.0412667E-006
3.023	1.0266955E-006
3.024	1.0034386E-006
3.025	9.7205043E-007
3.026	9.3328975E-007
3.027	8.8810020E-007
3.028	8.3758869E-007
3.029	7.8299701E-007
3.03	7.2567184E-007
3.031	6.6703137E-007
3.032	6.0852977E-007
3.033	5.5162030E-007
3.034	4.9772081E-007
3.035	4.4817705E-007
3.036	4.0422933E-007
3.037	3.6698179E-007
3.038	3.3737498E-007
3.039	3.1616273E-007
3.04	3.0389310E-007
3.041	3.0089453E-007
3.042	3.0726869E-007
3.043	3.2288656E-007
3.044	3.4739244E-007
3.045	3.8021133E-007
3.046	4.2056311E-007
3.047	4.6748028E-007
3.048	5.1983142E-007
3.049	5.7634713E-007
3.05	6.3565136E-007
3.051	6.9629306E-007
3.052	7.5678241E-007
3.053	8.1562700E-007
3.054	8.7136891E-007
3.055	9.2262070E-007
3.056	9.6810049E-007
3.057	1.0066650E-006
3.058	1.0373365E-006
3.059	1.0593304E-006
3.06	1.0720738E-006
3.061	1.0752218E-006
3.062	1.0686653E-006
3.063	1.0525345E-006
3.064	1.0271990E-006
3.065	9.9325541E-007
3.066	9.5151609E-007
3.067	9.0298914E-007
3.068	8.4885465E-007
3.069	7.9043650E-007
3.07	7.2917220E-007
3.071	6.6657793E-007
3.072	6.0421274E-007
3.073	5.4364216E-007
3.074	4.8639868E-007
3.075	4.3394556E-007
3.076	3.8763943E-007
3.077	3.4869657E-007
3.078	3.1816165E-007
3.079	2.9688073E-007
3.08	2.8547868E-007
3.081	2.8434263E-007
3.082	2.9361101E-007
3.083	3.1316918E-007
3.084	3.4265028E-007
3.085	3.8144375E-007
3.086	4.2870894E-007
3.087	4.8339439E-007
3.088	5.4426198E-007
3.089	6.0991630E-007
3.09	6.7883616E-007
3.091	7.4941073E-007
3.092	8.1997695E-007
3.093	8.8885838E-007
3.094	9.5440578E-007
3.095	1.0150355E-006
3.096	1.0692717E-006
3.097	1.1157790E-006
3.098	1.1533992E-006
3.099	1.1811817E-006
3.1	1.1984058E-006
3.101	1.2046041E-006
3.102	1.1995739E-006
3.103	1.1833857E-006
3.104	1.1563841E-006
3.105	1.1191794E-006
3.106	1.0726397E-006
3.107	1.0178703E-006
3.108	9.5619043E-007
3.109	8.8910360E-007
3.11	8.1826477E-007
3.111	7.4544158E-007
3.112	6.7247436E-007
3.113	6.0123176E-007
3.114	5.3356786E-007
3.115	4.7127656E-007
3.116	4.1604949E-007
3.117	3.6943433E-007
3.118	3.3279667E-007
3.119	3.0728560E-007
3.12	2.9380377E-007
3.121	2.9298224E-007
3.122	3.0516142E-007
3.123	3.3037867E-007
3.124	3.6836181E-007
3.125	4.1853215E-007
3.126	4.8001237E-007
3.127	5.5164395E-007
3.128	6.3201207E-007
3.129	7.1947483E-007
3.13	8.1220014E-007
3.131	9.0820583E-007
3.132	1.0054046E-006
3.133	1.1016492E-006
3.134	1.1947819E-006
3.135	1.2826836E-006
3.136	1.3633221E-006
3.137	1.4348010E-006
3.138	1.4954070E-006
3.139	1.5436526E-006
3.14	1.5783180E-006
3.141	1.5984856E-006
3.142	1.6035689E-006
3.143	1.5933358E-006
3.144	1.5679195E-006
3.145	1.5278237E-006
3.146	1.4739201E-006
3.147	1.4074319E-006
3.148	1.3299142E-006
3.149	1.2432256E-006
3.15	1.1494899E-006
3.151	1.0510577E-006
3.152	9.5045891E-007
3.153	8.5035060E-007
3.154	7.5346463E-007
3.155	6.6254887E-007
3.156	5.8030622E-007
3.157	5.0933414E-007
3.158	4.5206241E-007
3.159	4.1069407E-007
3.16	3.8714759E-007
3.161	3.8300567E-007
3.162	3.9946897E-007
3.163	4.3731814E-007
3.164	4.9688322E-007
3.165	5.7802362E-007
3.166	6.8011724E-007
3.167	8.0205956E-007
3.168	9.4227397E-007
3.169	1.0987328E-006
3.17	1.2689871E-006
3.171	1.4502072E-006
3.172	1.6392322E-006
3.173	1.8326239E-006
3.174	2.0267332E-006
3.175	2.2177694E-006
3.176	2.4018736E-006
3.177	2.5752031E-006
3.178	2.7340122E-006
3.179	2.8747434E-006
3.18	2.9941116E-006
3.181	3.0891943E-006
3.182	3.1575128E-006
3.183	3.1971142E-006
3.184	3.2066416E-006
3.185	3.1853961E-006
3.186	3.1333911E-006
3.187	3.0513938E-006
3.188	2.9409514E-006
3.189	2.8044133E-006
3.19	2.6449300E-006
3.191	2.4664500E-006
3.192	2.2736974E-006
3.193	2.0721434E-006
3.194	1.8679572E-006
3.195	1.6679547E-006
3.196	1.4795232E-006
3.197	1.3105442E-006
3.198	1.1692962E-006
3.199	1.0643495E-006
3.2	1.0044522E-006
3.201	9.9840531E-007
3.202	1.0549361E-006
3.203	1.1825680E-006
3.204	1.3894914E-006
3.205	1.6834355E-006
3.206	2.0715484E-006
3.207	2.5602801E-006
3.208	3.1552747E-006
3.209	3.8612707E-006
3.21	4.6820051E-006
3.211	5.6201179E-006
3.212	6.6770754E-006
3.213	7.8530957E-006
3.214	9.1470756E-006
3.215	1.0556560E-005
3.216	1.2077699E-005
3.217	1.3705258E-005
3.218	1.5432634E-005
3.219	1.7251905E-005
3.22	1.9153886E-005
3.221	2.1128224E-005
3.222	2.3163489E-005
3.223	2.5247233E-005
3.224	2.7366137E-005
3.225	2.9506109E-005
3.226	3.1652435E-005
3.227	3.3789889E-005
3.228	3.5902973E-005
3.229	3.7975962E-005
3.23	3.9993203E-005
3.231	4.1939235E-005
3.232	4.3798937E-005
3.233	4.5557706E-005
3.234	4.7201589E-005
3.235	4.8717353E-005
3.236	5.0092778E-005
3.237	5.1316558E-005
3.238	5.2378575E-005
3.239	5.3269996E-005
3.24	5.3983305E-005
3.241	5.4512569E-005
3.242	5.4853332E-005
3.243	5.5002820E-005
3.244	5.4959917E-005
3.245	5.4725191E-005
3.246	5.4300810E-005
3.247	5.3690608E-005
3.248	5.2899893E-005
3.249	5.1935494E-005
3.25	5.0805582E-005
3.251	4.9519644E-005
3.252	4.8088332E-005
3.253	4.6523404E-005
3.254	4.4837641E-005
3.255	4.3044583E-005
3.256	4.1158608E-005
3.257	3.9194576E-005
3.258	3.7167825E-005
3.259	3.5093894E-005
3.26	3.2988384E-005
3.261	3.0866784E-005
3.262	2.8744276E-005
3.263	2.6635555E-005
3.264	2.4554714E-005
3.265	2.2515027E-005
3.266	2.0528852E-005
3.267	1.8607559E-005
3.268	1.6761396E-005
3.269	1.4999428E-005
3.27	1.3329523E-005
3.271	1.1758308E-005
3.272	1.0291177E-005
3.273	8.9322630E-006
3.274	7.6844799E-006
3.275	6.5495128E-006
3.276	5.5278360E-006
3.277	4.6187606E-006
3.278	3.8204648E-006
3.279	3.1300422E-006
3.28	2.5435868E-006
3.281	2.0562727E-006
3.282	1.6624562E-006
3.283	1.3557877E-006
3.284	1.1293349E-006
3.285	9.7570648E-007
3.286	8.8717508E-007
3.287	8.5580712E-007
3.288	8.7357876E-007
3.289	9.3249344E-007
3.29	1.0246889E-006
3.291	1.1425394E-006
3.292	1.2787459E-006
3.293	1.4264222E-006
3.294	1.5791669E-006
3.295	1.7311295E-006
3.296	1.8770641E-006
3.297	2.0123700E-006
3.298	2.1331243E-006
3.299	2.2361028E-006
3.3	2.3187829E-006
3.301	2.3793400E-006
3.302	2.4166316E-006
3.303	2.4301644E-006
3.304	2.4200558E-006
3.305	2.3869875E-006
3.306	2.3321477E-006
3.307	2.2571701E-006
3.308	2.1640722E-006
3.309	2.0551863E-006
3.31	1.9330919E-006
3.311	1.8005471E-006
3.312	1.6604234E-006
3.313	1.5156364E-006
3.314	1.3690827E-006
3.315	1.2235768E-006
3.316	1.0817948E-006
3.317	9.4621822E-007
3.318	8.1908962E-007
3.319	7.0237070E-007
3.32	5.9771128E-007
3.321	5.0642649E-007
3.322	4.2948139E-007
3.323	3.6748656E-007
3.324	3.2070056E-007
3.325	2.8904014E-007
3.326	2.7209776E-007
3.327	2.6916544E-007
3.328	2.7926276E-007
3.329	3.0117025E-007
3.33	3.3346620E-007
3.331	3.7456627E-007
3.332	4.2276409E-007
3.333	4.7627492E-007
3.334	5.3327699E-007
3.335	5.9195480E-007
3.336	6.5053752E-007
3.337	7.0733830E-007
3.338	7.6078754E-007
3.339	8.0946393E-007
3.34	8.5211963E-007
3.341	8.8770219E-007
3.342	9.1537026E-007
3.343	9.3450365E-007
3.344	9.4471062E-007
3.345	9.4582794E-007
3.346	9.3791647E-007
3.347	9.2125202E-007
3.348	8.9631391E-007
3.349	8.6376537E-007
3.35	8.2443353E-007
3.351	7.7928433E-007
3.352	7.2939565E-007
3.353	6.7592782E-007
3.354	6.2009332E-007
3.355	5.6312587E-007
3.356	5.0625005E-007
3.357	4.5065397E-007
3.358	3.9746072E-007
3.359	3.4770605E-007
3.36	3.0231669E-007
3.361	2.6209301E-007
3.362	2.2769304E-007
3.363	1.9962263E-007
3.364	1.7822660E-007
3.365	1.6368506E-007
3.366	1.5601302E-007
3.367	1.5506409E-007
3.368	1.6053797E-007
3.369	1.7199137E-007
3.37	1.8885298E-007
3.371	2.1043995E-007
3.372	2.3597782E-007
3.373	2.6462129E-007
3.374	2.9547644E-007
3.375	3.2762301E-007
3.376	3.6013665E-007
3.377	3.9211088E-007
3.378	4.2267794E-007
3.379	4.5102814E-007
3.38	4.7642743E-007
3.381	4.9823279E-007
3.382	5.1590632E-007
3.383	5.2902402E-007
3.384	5.3728462E-007
3.385	5.4051304E-007
3.386	5.3866239E-007
3.387	5.3181049E-007
3.388	5.2015645E-007
3.389	5.0401161E-007
3.39	4.8379030E-007
3.391	4.5999587E-007
3.392	4.3320887E-007
3.393	4.0406957E-007
3.394	3.7326259E-007
3.395	3.4149889E-007
3.396	3.0949928E-007
3.397	2.7797577E-007
3.398	2.4761559E-007
3.399	2.1906398E-007
3.4	1.9291028E-007
3.401	1.6967363E-007
3.402	1.4979214E-007
3.403	1.3361365E-007
3.404	1.2138902E-007
3.405	1.1326843E-007
3.406	1.0929953E-007
3.407	1.0942893E-007
3.408	1.1350550E-007
3.409	1.2128622E-007
3.41	1.3244390E-007
3.411	1.4657661E-007
3.412	1.6321901E-007
3.413	1.8185440E-007
3.414	2.0192834E-007
3.415	2.2286261E-007
3.416	2.4406953E-007
3.417	2.6496707E-007
3.418	2.8499204E-007
3.419	3.0361483E-007
3.42	3.2035109E-007
3.421	3.3477292E-007
3.422	3.4651848E-007
3.423	3.5529970E-007
3.424	3.6090751E-007
3.425	3.6321575E-007
3.426	3.6218179E-007
3.427	3.5784694E-007
3.428	3.5033275E-007
3.429	3.3983747E-007
3.43	3.2662896E-007
3.431	3.1103733E-007
3.432	2.9344602E-007
3.433	2.7428132E-007
3.434	2.5400075E-007
3.435	2.3308223E-007
3.436	2.1201130E-007
3.437	1.9126946E-007
3.438	1.7132204E-007
3.439	1.5260734E-007
3.44	1.3552598E-007
3.441	1.2043220E-007
3.442	1.0762557E-007
3.443	9.7344774E-008
3.444	8.9762914E-008
3.445	8.4984158E-008
3.446	8.3042501E-008
3.447	8.3901909E-008
3.448	8.7458389E-008
3.449	9.3543605E-008
3.45	1.0192998E-007
3.451	1.1233737E-007
3.452	1.2444079E-007
3.453	1.3787904E-007
3.454	1.5226458E-007
3.455	1.6719289E-007
3.456	1.8225327E-007
3.457	1.9703842E-007
3.458	2.1115467E-007
3.459	2.2423129E-007
3.46	2.3592911E-007
3.461	2.4594857E-007
3.462	2.5403614E-007
3.463	2.5999046E-007
3.464	2.6366610E-007
3.465	2.6497659E-007
3.466	2.6389540E-007
3.467	2.6045603E-007
3.468	2.5474992E-007
3.469	2.4692346E-007
3.47	2.3717347E-007
3.471	2.2574176E-007
3.472	2.1290829E-007
3.473	1.9898395E-007
3.474	1.8430252E-007
3.475	1.6921193E-007
3.476	1.5406577E-007
3.477	1.3921431E-007
3.478	1.2499591E-007
3.479	1.1172861E-007
3.48	9.9702881E-008
3.481	8.9174279E-008
3.482	8.0358042E-008
3.483	7.3423976E-008
3.484	6.8493023E-008
3.485	6.5634978E-008
3.486	6.4867429E-008
3.487	6.6156048E-008
3.488	6.9416046E-008
3.489	7.4515093E-008
3.49	8.1277079E-008
3.491	8.9487131E-008
3.492	9.8897516E-008
3.493	1.0923421E-007
3.494	1.2020418E-007
3.495	1.3150299E-007
3.496	1.4282246E-007
3.497	1.5385849E-007
3.498	1.6431855E-007
3.499	1.7392844E-007
3.5	1.8243904E-007
3.501	1.8963213E-007
3.502	1.9532499E-007
3.503	1.9937468E-007
3.504	2.0168122E-007
3.505	2.0218909E-007
3.506	2.0088866E-007
3.507	1.9781561E-007
3.508	1.9304969E-007
3.509	1.8671204E-007
3.51	1.7896170E-007
3.511	1.6999121E-007
3.512	1.6002079E-007
3.513	1.4929283E-007
3.514	1.3806483E-007
3.515	1.2660313E-007
3.516	1.1517604E-007
3.517	1.0404720E-007
3.518	9.3469588E-008
3.519	8.3679403E-008
3.52	7.4890842E-008
3.521	6.7291261E-008
3.522	6.1036815E-008
3.523	5.6249014E-008
3.524	5.3011927E-008
3.525	5.1370321E-008
3.526	5.1328875E-008
3.527	5.2852265E-008
3.528	5.5866529E-008
3.529	6.0261385E-008
3.53	6.5893396E-008
3.531	7.2590119E-008
3.532	8.0154855E-008
3.533	8.8371820E-008
3.534	9.7011949E-008
3.535	1.0583867E-007
3.536	1.1461384E-007
3.537	1.2310367E-007
3.538	1.3108429E-007
3.539	1.3834740E-007
3.54	1.4470493E-007
3.541	1.4999350E-007
3.542	1.5407818E-007
3.543	1.5685558E-007
3.544	1.5825590E-007
3.545	1.5824453E-007
3.546	1.5682241E-007
3.547	1.5402571E-007
3.548	1.4992465E-007
3.549	1.4462142E-007
3.55	1.3824713E-007
3.551	1.3095843E-007
3.552	1.2293317E-007
3.553	1.1436545E-007
3.554	1.0546074E-007
3.555	9.6430576E-008
3.556	8.7487003E-008
3.557	7.8837601E-008
3.558	7.0680009E-008
3.559	6.3197554E-008
3.56	5.6554782E-008
3.561	5.0893632E-008
3.562	4.6330246E-008
3.563	4.2952365E-008
3.564	4.0817543E-008
3.565	3.9951846E-008
3.566	4.0349700E-008
3.567	4.1974175E-008
3.568	4.4758377E-008
3.569	4.8607276E-008
3.57	5.3400441E-008
3.571	5.8995347E-008
3.572	6.5231120E-008
3.573	7.1932803E-008
3.574	7.8915846E-008
3.575	8.5990798E-008
3.576	9.2968101E-008
3.577	9.9662785E-008
3.578	1.0589888E-007
3.579	1.1151393E-007
3.58	1.1636270E-007
3.581	1.2032059E-007
3.582	1.2328661E-007
3.583	1.2518552E-007
3.584	1.2596946E-007
3.585	1.2561880E-007
3.586	1.2414246E-007
3.587	1.2157719E-007
3.588	1.1798645E-007
3.589	1.1345884E-007
3.59	1.0810536E-007
3.591	1.0205662E-007
3.592	9.5459413E-008
3.593	8.8472831E-008
3.594	8.1264226E-008
3.595	7.4004738E-008
3.596	6.6865084E-008
3.597	6.0011281E-008
3.598	5.3600292E-008
3.599	4.7776378E-008
3.6	4.2667580E-008
3.601	3.8382765E-008
3.602	3.5009212E-008
3.603	3.2610590E-008
3.604	3.1225770E-008
3.605	3.0868112E-008
3.606	3.1525385E-008
3.607	3.3160362E-008
3.608	3.5711992E-008
3.609	3.9097205E-008
3.61	4.3213124E-008
3.611	4.7939924E-008
3.612	5.3143889E-008
3.613	5.8680964E-008
3.614	6.4400382E-008
3.615	7.0148374E-008
3.616	7.5772164E-008
3.617	8.1123588E-008
3.618	8.6062762E-008
3.619	9.0461462E-008
3.62	9.4206150E-008
3.621	9.7200669E-008
3.622	9.9368542E-008
3.623	1.0065461E-007
3.624	1.0102615E-007
3.625	1.0047357E-007
3.626	9.9010421E-008
3.627	9.6672828E-008
3.628	9.3518267E-008
3.629	8.9624137E-008
3.63	8.5085546E-008
3.631	8.0012803E-008
3.632	7.4528550E-008
3.633	6.8764514E-008
3.634	6.2858305E-008
3.635	5.6949666E-008
3.636	5.1177139E-008
3.637	4.5674515E-008
3.638	4.0567610E-008
3.639	3.5971091E-008
3.64	3.1985870E-008
3.641	2.8696610E-008
3.642	2.6169932E-008
3.643	2.4452861E-008
3.644	2.3571863E-008
3.645	2.3532467E-008
3.646	2.4319268E-008
3.647	2.5896529E-008
3.648	2.8209268E-008
3.649	3.1184765E-008
3.65	3.4734626E-008
3.651	3.8757047E-008
3.652	4.3139590E-008
3.653	4.7762022E-008
3.654	5.2499434E-008
3.655	5.7225410E-008
3.656	6.1815101E-008
3.657	6.6148317E-008
3.658	7.0112449E-008
3.659	7.3605108E-008
3.66	7.6536601E-008
3.661	7.8831974E-008
3.662	8.0432834E-008
3.663	8.1298587E-008
3.664	8.1407180E-008
3.665	8.0755761E-008
3.666	7.9360326E-008
3.667	7.7255237E-008
3.668	7.4492171E-008
3.669	7.1138722E-008
3.67	6.7276432E-008
3.671	6.2998872E-008
3.672	5.8408968E-008
3.673	5.3616617E-008
3.674	4.8735675E-008
3.675	4.3881268E-008
3.676	3.9166803E-008
3.677	3.4701227E-008
3.678	3.0586307E-008
3.679	2.6914208E-008
3.68	2.3765251E-008
3.681	2.1206070E-008
3.682	1.9288066E-008
3.683	1.8046304E-008
3.684	1.7498801E-008
3.685	1.7646212E-008
3.686	1.8472022E-008
3.687	1.9943046E-008
3.688	2.2010456E-008
3.689	2.4611078E-008
3.69	2.7669122E-008
3.691	3.1098182E-008
3.692	3.4803545E-008
3.693	3.8684536E-008
3.694	4.2637279E-008
3.695	4.6557162E-008
3.696	5.0341548E-008
3.697	5.3892190E-008
3.698	5.7117678E-008
3.699	5.9935495E-008
3.7	6.2274012E-008
3.701	6.4073994E-008
3.702	6.5290109E-008
3.703	6.5891683E-008
3.704	6.5863496E-008
3.705	6.5205896E-008
3.706	6.3934827E-008
3.707	6.2081234E-008
3.708	5.9690173E-008
3.709	5.6819708E-008
3.71	5.3539345E-008
3.711	4.9928239E-008
3.712	4.6073186E-008
3.713	4.2066333E-008
3.714	3.8002892E-008
3.715	3.3978647E-008
3.716	3.0087595E-008
3.717	2.6419524E-008
3.718	2.3057870E-008
3.719	2.0077714E-008
3.72	1.7543970E-008
3.721	1.5509965E-008
3.722	1.4016210E-008
3.723	1.3089606E-008
3.724	1.2742865E-008
3.725	1.2974358E-008
3.726	1.3768271E-008
3.727	1.5095084E-008
3.728	1.6912407E-008
3.729	1.9166105E-008
3.73	2.1791733E-008
3.731	2.4716236E-008
3.732	2.7859842E-008
3.733	3.1138093E-008
3.734	3.4464076E-008
3.735	3.7750517E-008
3.736	4.0912060E-008
3.737	4.3867225E-008
3.738	4.6540485E-008
3.739	4.8863964E-008
3.74	5.0779029E-008
3.741	5.2237631E-008
3.742	5.3203376E-008
3.743	5.3652290E-008
3.744	5.3573327E-008
3.745	5.2968549E-008
3.746	5.1852986E-008
3.747	5.0254187E-008
3.748	4.8211348E-008
3.749	4.5774382E-008
3.75	4.3002416E-008
3.751	3.9962362E-008
3.752	3.6727080E-008
3.753	3.3373546E-008
3.754	2.9980910E-008
3.755	2.6628536E-008
3.756	2.3394096E-008
3.757	2.0351711E-008
3.758	1.7570157E-008
3.759	1.5111310E-008
3.76	1.3028679E-008
3.761	1.1366168E-008
3.762	1.0157089E-008
3.763	9.4234354E-009
3.764	9.1754231E-009
3.765	9.4113339E-009
3.766	1.0117671E-008
3.767	1.1269567E-008
3.768	1.2831498E-008
3.769	1.4758236E-008
3.77	1.6996026E-008
3.771	1.9483977E-008
3.772	2.2155557E-008
3.773	2.4940338E-008
3.774	2.7765665E-008
3.775	3.0558539E-008
3.776	3.3247396E-008
3.777	3.5763836E-008
3.778	3.8044334E-008
3.779	4.0031729E-008
3.78	4.1676554E-008
3.781	4.2938229E-008
3.782	4.3785899E-008
3.783	4.4199094E-008
3.784	4.4168239E-008
3.785	4.3694612E-008
3.786	4.2790354E-008
3.787	4.1477961E-008
3.788	3.9789708E-008
3.789	3.7766689E-008
3.79	3.5457777E-008
3.791	3.2918337E-008
3.792	3.0208771E-008
3.793	2.7393119E-008
3.794	2.4537433E-008
3.795	2.1708226E-008
3.796	1.8970892E-008
3.797	1.6388141E-008
3.798	1.4018585E-008
3.799	1.1915271E-008
3.8	1.0124498E-008
3.801	8.6846734E-009
3.802	7.6254532E-009
3.803	6.9670523E-009
3.804	6.7198007E-009
3.805	6.8839849E-009
3.806	7.4498967E-009
3.807	8.3981888E-009
3.808	9.7004236E-009
3.809	1.1319892E-008
3.81	1.3212581E-008
3.811	1.5328352E-008
3.812	1.7612223E-008
3.813	2.0005746E-008
3.814	2.2448438E-008
3.815	2.4879229E-008
3.816	2.7237894E-008
3.817	2.9466458E-008
3.818	3.1510481E-008
3.819	3.3320394E-008
3.82	3.4852455E-008
3.821	3.6069938E-008
3.822	3.6943817E-008
3.823	3.7453489E-008
3.824	3.7587174E-008
3.825	3.7342186E-008
3.826	3.6724909E-008
3.827	3.5750602E-008
3.828	3.4442984E-008
3.829	3.2833590E-008
3.83	3.0960980E-008
3.831	2.8869765E-008
3.832	2.6609509E-008
3.833	2.4233506E-008
3.834	2.1797440E-008
3.835	1.9358069E-008
3.836	1.6971825E-008
3.837	1.4693516E-008
3.838	1.2574967E-008
3.839	1.0663910E-008
3.84	9.0028500E-009
3.841	7.6281443E-009
3.842	6.5692123E-009
3.843	5.8479230E-009
3.844	5.4781424E-009
3.845	5.4654792E-009
3.846	5.8072227E-009
3.847	6.4924572E-009
3.848	7.5023792E-009
3.849	8.8107770E-009
3.85	1.0384682E-008
3.851	1.2185166E-008
3.852	1.4168286E-008
3.853	1.6286103E-008
3.854	1.8487839E-008
3.855	2.0721060E-008
3.856	2.2932889E-008
3.857	2.5071268E-008
3.858	2.7086127E-008
3.859	2.8930577E-008
3.86	3.0561939E-008
3.861	3.1942740E-008
3.862	3.3041470E-008
3.863	3.3833363E-008
3.864	3.4300797E-008
3.865	3.4433729E-008
3.866	3.4229842E-008
3.867	3.3694576E-008
3.868	3.2840930E-008
3.869	3.1689130E-008
3.87	3.0266214E-008
3.871	2.8605292E-008
3.872	2.6744894E-008
3.873	2.4728005E-008
3.874	2.2601100E-008
3.875	2.0413163E-008
3.876	1.8214495E-008
3.877	1.6055623E-008
3.878	1.3986171E-008
3.879	1.2053712E-008
3.88	1.0302740E-008
3.881	8.7736725E-009
3.882	7.5019555E-009
3.883	6.5173080E-009
3.884	5.8430909E-009
3.885	5.4958029E-009
3.886	5.4847487E-009
3.887	5.8118506E-009
3.888	6.4716215E-009
3.889	7.4512849E-009
3.89	8.7310612E-009
3.891	1.0284594E-008
3.892	1.2079517E-008
3.893	1.4078163E-008
3.894	1.6238355E-008
3.895	1.8514347E-008
3.896	2.0857739E-008
3.897	2.3218584E-008
3.898	2.5546370E-008
3.899	2.7791129E-008
3.9	2.9904484E-008
3.901	3.1840699E-008
3.902	3.3557608E-008
3.903	3.5017642E-008
3.904	3.6188599E-008
3.905	3.7044423E-008
3.906	3.7565805E-008
3.907	3.7740648E-008
3.908	3.7564455E-008
3.909	3.7040412E-008
3.91	3.6179397E-008
3.911	3.4999854E-008
3.912	3.3527414E-008
3.913	3.1794432E-008
3.914	2.9839384E-008
3.915	2.7706111E-008
3.916	2.5442978E-008
3.917	2.3101927E-008
3.918	2.0737444E-008
3.919	1.8405501E-008
3.92	1.6162367E-008
3.921	1.4063518E-008
3.922	1.2162418E-008
3.923	1.0509397E-008
3.924	9.1505354E-009
3.925	8.1266371E-009
3.926	7.4722504E-009
3.927	7.2148256E-009
3.928	7.3739881E-009
3.929	7.9609546E-009
3.93	8.9781409E-009
3.931	1.0418910E-008
3.932	1.2267562E-008
3.933	1.4499472E-008
3.934	1.7081451E-008
3.935	1.9972251E-008
3.936	2.3123228E-008
3.937	2.6479167E-008
3.938	2.9979226E-008
3.939	3.3558006E-008
3.94	3.7146688E-008
3.941	4.0674479E-008
3.942	4.4069889E-008
3.943	4.7262315E-008
3.944	5.0183598E-008
3.945	5.2769636E-008
3.946	5.4961873E-008
3.947	5.6708846E-008
3.948	5.7967547E-008
3.949	5.8704689E-008
3.95	5.8897736E-008
3.951	5.8535779E-008
3.952	5.7620252E-008
3.953	5.6165376E-008
3.954	5.4198310E-008
3.955	5.1759130E-008
3.956	4.8900503E-008
3.957	4.5687084E-008
3.958	4.2194721E-008
3.959	3.8509203E-008
3.96	3.4725051E-008
3.961	3.0943774E-008
3.962	2.7272060E-008
3.963	2.3819789E-008
3.964	2.0697721E-008
3.965	1.8015225E-008
3.966	1.5877760E-008
3.967	1.4384416E-008
3.968	1.3625440E-008
3.969	1.3679803E-008
3.97	1.4612950E-008
3.971	1.6474690E-008
3.972	1.9297342E-008
3.973	2.3094154E-008
3.974	2.7858057E-008
3.975	3.3560774E-008
3.976	4.0152312E-008
3.977	4.7560917E-008
3.978	5.5693402E-008
3.979	6.4436065E-008
3.98	7.3655897E-008
3.981	8.3202593E-008
3.982	9.2910660E-008
3.983	1.0260239E-007
3.984	1.1209117E-007
3.985	1.2118521E-007
3.986	1.2969153E-007
3.987	1.3742064E-007
3.988	1.4419105E-007
3.989	1.4983418E-007
3.99	1.5419914E-007
3.991	1.5715761E-007
3.992	1.5860880E-007
3.993	1.5848353E-007
3.994	1.5674880E-007
3.995	1.5341151E-007
3.996	1.4852181E-007
3.997	1.4217608E-007
3.998	1.3451921E-007
3.999	1.2574569E-007
4	1.1610099E-007
4.001	1.0588111E-007
4.002	9.5431751E-008
4.003	8.5146297E-008
4.004	7.5463063E-008
4.005	6.6861233E-008
4.006	5.9856184E-008
4.007	5.4993766E-008
4.008	5.2843657E-008
4.009	5.3992132E-008
4.01	5.9034093E-008
4.011	6.8564468E-008
4.012	8.3169454E-008
4.013	1.0341688E-007
4.014	1.2984694E-007
4.015	1.6296265E-007
4.016	2.0322014E-007
4.017	2.5101932E-007
4.018	3.0669497E-007
4.019	3.7050825E-007
4.02	4.4263894E-007
4.021	5.2317830E-007
4.022	6.1212364E-007
4.023	7.0937358E-007
4.024	8.1472416E-007
4.025	9.2786780E-007
4.026	1.0483910E-006
4.027	1.1757764E-006
4.028	1.3094038E-006
4.029	1.4485528E-006
4.03	1.5924082E-006
4.031	1.7400672E-006
4.032	1.8905451E-006
4.033	2.0427881E-006
4.034	2.1956816E-006
4.035	2.3480663E-006
4.036	2.4987498E-006
4.037	2.6465189E-006
4.038	2.7901569E-006
4.039	2.9284558E-006
4.04	3.0602284E-006
4.041	3.1843219E-006
4.042	3.2996352E-006
4.043	3.4051220E-006
4.044	3.4998150E-006
4.045	3.5828280E-006
4.046	3.6533772E-006
4.047	3.7107850E-006
4.048	3.7544958E-006
4.049	3.7840796E-006
4.05	3.7992411E-006
4.051	3.7998234E-006
4.052	3.7858092E-006
4.053	3.7573241E-006
4.054	3.7146276E-006
4.055	3.6581189E-006
4.056	3.5883188E-006
4.057	3.5058765E-006
4.058	3.4115521E-006
4.059	3.3062092E-006
4.06	3.1908094E-006
4.061	3.0663919E-006
4.062	2.9340679E-006
4.063	2.7950066E-006
4.064	2.6504176E-006
4.065	2.5015374E-006
4.066	2.3496154E-006
4.067	2.1958949E-006
4.068	2.0416062E-006
4.069	1.8879421E-006
4.07	1.7360520E-006
4.071	1.5870284E-006
4.072	1.4418913E-006
4.073	1.3015816E-006
4.074	1.1669497E-006
4.075	1.0387489E-006
4.076	9.1762718E-007
4.077	8.0412531E-007
4.078	6.9867372E-007
4.079	6.0159107E-007
4.08	5.1308547E-007
4.081	4.3325667E-007
4.082	3.6210037E-007
4.083	2.9951184E-007
4.084	2.4529265E-007
4.085	1.9915726E-007
4.086	1.6074078E-007
4.087	1.2960835E-007
4.088	1.0526428E-007
4.089	8.7162583E-008
4.09	7.4717356E-008
4.091	6.7313692E-008
4.092	6.4318471E-008
4.093	6.5090980E-008
4.094	6.8993216E-008
4.095	7.5399484E-008
4.096	8.3705537E-008
4.097	9.3336688E-008
4.098	1.0375502E-007
4.099	1.1446577E-007
4.1	1.2502213E-007
4.101	1.3502951E-007
4.102	1.4414822E-007
4.103	1.5209518E-007
4.104	1.5864450E-007
4.105	1.6362735E-007
4.106	1.6693032E-007
4.107	1.6849332E-007
4.108	1.6830678E-007
4.109	1.6640742E-007
4.11	1.6287430E-007
4.111	1.5782351E-007
4.112	1.5140286E-007
4.113	1.4378647E-007
4.114	1.3516855E-007
4.115	1.2575771E-007
4.116	1.1577111E-007
4.117	1.0542902E-007
4.118	9.4949250E-008
4.119	8.4542499E-008
4.12	7.4407701E-008
4.121	6.4728063E-008
4.122	5.5667574E-008
4.123	4.7368214E-008
4.124	3.9947615E-008
4.125	3.3497571E-008
4.126	2.8083086E-008
4.127	2.3742269E-008
4.128	2.0486681E-008
4.129	1.8302405E-008
4.13	1.7151676E-008
4.131	1.6974905E-008
4.132	1.7693173E-008
4.133	1.9211038E-008
4.134	2.1419545E-008
4.135	2.4199444E-008
4.136	2.7424459E-008
4.137	3.0964628E-008
4.138	3.4689457E-008
4.139	3.8471114E-008
4.14	4.2187231E-008
4.141	4.5723578E-008
4.142	4.8976354E-008
4.143	5.1854183E-008
4.144	5.4279635E-008
4.145	5.6190554E-008
4.146	5.7540710E-008
4.147	5.8300287E-008
4.148	5.8455839E-008
4.149	5.8009839E-008
4.15	5.6980085E-008
4.151	5.5398470E-008
4.152	5.3309684E-008
4.153	5.0769611E-008
4.154	4.7843464E-008
4.155	4.4603823E-008
4.156	4.1128558E-008
4.157	3.7498751E-008
4.158	3.3796486E-008
4.159	3.0102928E-008
4.16	2.6496245E-008
4.161	2.3049941E-008
4.162	1.9831104E-008
4.163	1.6899103E-008
4.164	1.4304347E-008
4.165	1.2087379E-008
4.166	1.0278216E-008
4.167	8.8959684E-009
4.168	7.9487483E-009
4.169	7.4338362E-009
4.17	7.3381372E-009
4.171	7.6388487E-009
4.172	8.3043785E-009
4.173	9.2954151E-009
4.174	1.0566175E-008
4.175	1.2065735E-008
4.176	1.3739475E-008
4.177	1.5530519E-008
4.178	1.7381220E-008
4.179	1.9234566E-008
4.18	2.1035573E-008
4.181	2.2732520E-008
4.182	2.4278146E-008
4.183	2.5630650E-008
4.184	2.6754551E-008
4.185	2.7621322E-008
4.186	2.8209941E-008
4.187	2.8507126E-008
4.188	2.8507436E-008
4.189	2.8213167E-008
4.19	2.7634021E-008
4.191	2.6786655E-008
4.192	2.5694044E-008
4.193	2.4384729E-008
4.194	2.2891918E-008
4.195	2.1252532E-008
4.196	1.9506205E-008
4.197	1.7694203E-008
4.198	1.5858332E-008
4.199	1.4039885E-008
4.2	1.2278612E-008
4.201	1.0611765E-008
4.202	9.0732239E-009
4.203	7.6927629E-009
4.204	6.4954051E-009
4.205	5.5009766E-009
4.206	4.7237583E-009
4.207	4.1723021E-009
4.208	3.8493888E-009
4.209	3.7521213E-009
4.21	3.8721404E-009
4.211	4.1959800E-009
4.212	4.7055173E-009
4.213	5.3785403E-009
4.214	6.1894032E-009
4.215	7.1097537E-009
4.216	8.1093185E-009
4.217	9.1567260E-009
4.218	1.0220321E-008
4.219	1.1268985E-008
4.22	1.2272898E-008
4.221	1.3204264E-008
4.222	1.4037925E-008
4.223	1.4751926E-008
4.224	1.5327958E-008
4.225	1.5751704E-008
4.226	1.6013107E-008
4.227	1.6106473E-008
4.228	1.6030510E-008
4.229	1.5788272E-008
4.23	1.5386933E-008
4.231	1.4837559E-008
4.232	1.4154676E-008
4.233	1.3355855E-008
4.234	1.2461183E-008
4.235	1.1492704E-008
4.236	1.0473789E-008
4.237	9.4285424E-009
4.238	8.3811544E-009
4.239	7.3553146E-009
4.24	6.3736034E-009
4.241	5.4569753E-009
4.242	4.6242592E-009
4.243	3.8917465E-009
4.244	3.2728491E-009
4.245	2.7778273E-009
4.246	2.4136158E-009
4.247	2.1837332E-009
4.248	2.0882771E-009
4.249	2.1240047E-009
4.25	2.2844953E-009
4.251	2.5603908E-009
4.252	2.9396945E-009
4.253	3.4081358E-009
4.254	3.9495869E-009
4.255	4.5464943E-009
4.256	5.1803744E-009
4.257	5.8322813E-009
4.258	6.4832992E-009
4.259	7.1150219E-009
4.26	7.7099989E-009
4.261	8.2521625E-009
4.262	8.7271816E-009
4.263	9.1227932E-009
4.264	9.4290629E-009
4.265	9.6385566E-009
4.266	9.7464969E-009
4.267	9.7507815E-009
4.268	9.6519832E-009
4.269	9.4532826E-009
4.27	9.1603267E-009
4.271	8.7810035E-009
4.272	8.3252338E-009
4.273	7.8046556E-009
4.274	7.2322983E-009
4.275	6.6222197E-009
4.276	5.9891292E-009
4.277	5.3479963E-009
4.278	4.7136561E-009
4.279	4.1004462E-009
4.28	3.5218475E-009
4.281	2.9901570E-009
4.282	2.5162186E-009
4.283	2.1091884E-009
4.284	1.7763409E-009
4.285	1.5229400E-009
4.286	1.3521513E-009
4.287	1.2650146E-009
4.288	1.2604596E-009
4.289	1.3353806E-009
4.29	1.4847583E-009
4.291	1.7018237E-009
4.292	1.9782689E-009
4.293	2.3044924E-009
4.294	2.6698659E-009
4.295	3.0630334E-009
4.296	3.4722145E-009
4.297	3.8855124E-009
4.298	4.2912225E-009
4.299	4.6781188E-009
4.3	5.0357367E-009
4.301	5.3546136E-009
4.302	5.6265081E-009
4.303	5.8445737E-009
4.304	6.0035044E-009
4.305	6.0996257E-009
4.306	6.1309446E-009
4.307	6.0971734E-009
4.308	5.9996785E-009
4.309	5.8414251E-009
4.31	5.6268532E-009
4.311	5.3617453E-009
4.312	5.0530380E-009
4.313	4.7086206E-009
4.314	4.3371196E-009
4.315	3.9476467E-009
4.316	3.5495626E-009
4.317	3.1522285E-009
4.318	2.7647704E-009
4.319	2.3958462E-009
4.32	2.0534492E-009
4.321	1.7447173E-009
4.322	1.4757788E-009
4.323	1.2516234E-009
4.324	1.0760065E-009
4.325	9.5138186E-010
4.326	8.7887014E-010
4.327	8.5826352E-010
4.328	8.8805779E-010
4.329	9.6552122E-010
4.33	1.0867917E-009
4.331	1.2470005E-009
4.332	1.4404192E-009
4.333	1.6606257E-009
4.334	1.9006816E-009
4.335	2.1533224E-009
4.336	2.4111444E-009
4.337	2.6668021E-009
4.338	2.9131872E-009
4.339	3.1436109E-009
4.34	3.3519580E-009
4.341	3.5328360E-009
4.342	3.6816923E-009
4.343	3.7949133E-009
4.344	3.8698893E-009
4.345	3.9050629E-009
4.346	3.8999386E-009
4.347	3.8550616E-009
4.348	3.7719929E-009
4.349	3.6532262E-009
4.35	3.5021088E-009
4.351	3.3227363E-009
4.352	3.1198240E-009
4.353	2.8985727E-009
4.354	2.6645288E-009
4.355	2.4234248E-009
4.356	2.1810356E-009
4.357	1.9430251E-009
4.358	1.7148032E-009
4.359	1.5013988E-009
4.36	1.3073348E-009
4.361	1.1365293E-009
4.362	9.9220754E-010
4.363	8.7684199E-010
4.364	7.9210305E-010
4.365	7.3883966E-010
4.366	7.1707723E-010
4.367	7.2603812E-010
4.368	7.6418227E-010
4.369	8.2926666E-010
4.37	9.1842317E-010
4.371	1.0282492E-009
4.372	1.1549117E-009
4.373	1.2942567E-009
4.374	1.4419300E-009
4.375	1.5934902E-009
4.376	1.7445300E-009
4.377	1.8907864E-009
4.378	2.0282487E-009
4.379	2.1532531E-009
4.38	2.2625712E-009
4.381	2.3534725E-009
4.382	2.4237954E-009
4.383	2.4719728E-009
4.384	2.4970650E-009
4.385	2.4987630E-009
4.386	2.4773774E-009
4.387	2.4338140E-009
4.388	2.3695319E-009
4.389	2.2864886E-009
4.39	2.1870736E-009
4.391	2.0740376E-009
4.392	1.9504058E-009
4.393	1.8193925E-009
4.394	1.6843122E-009
4.395	1.5484867E-009
4.396	1.4151582E-009
4.397	1.2874053E-009
4.398	1.1680650E-009
4.399	1.0596656E-009
4.4	9.6436792E-010
4.401	8.8391761E-010
4.402	8.1961410E-010
4.403	7.7228890E-010
4.404	7.4229750E-010
4.405	7.2952666E-010
4.406	7.3341111E-010
4.407	7.5296541E-010
4.408	7.8682311E-010
4.409	8.3328794E-010
4.41	8.9039015E-010
4.411	9.5595021E-010
4.412	1.0276451E-009
4.413	1.1030759E-009
4.414	1.1798363E-009
4.415	1.2555788E-009
4.416	1.3280729E-009
4.417	1.3952659E-009
4.418	1.4553307E-009
4.419	1.5067083E-009
4.42	1.5481413E-009
4.421	1.5786997E-009
4.422	1.5977939E-009
4.423	1.6051794E-009
4.424	1.6009524E-009
4.425	1.5855343E-009
4.426	1.5596457E-009
4.427	1.5242796E-009
4.428	1.4806572E-009
4.429	1.4301871E-009
4.43	1.3744191E-009
4.431	1.3149901E-009
4.432	1.2535767E-009
4.433	1.1918435E-009
4.434	1.1313942E-009
4.435	1.0737284E-009
4.436	1.0202013E-009
4.437	9.7198583E-010
4.438	9.3005059E-010
4.439	8.9513330E-010
4.44	8.6772922E-010
4.441	8.4808582E-010
4.442	8.3620366E-010
4.443	8.3184604E-010
4.444	8.3455520E-010
4.445	8.4367502E-010
4.446	8.5837881E-010
4.447	8.7770241E-010
4.448	9.0057933E-010
4.449	9.2587943E-010
4.45	9.5244634E-010
4.451	9.7913810E-010
4.452	1.0048611E-009
4.453	1.0286059E-009
4.454	1.0494791E-009
4.455	1.0667263E-009
4.456	1.0797567E-009
4.457	1.0881549E-009
4.458	1.0916935E-009
4.459	1.0903325E-009
4.46	1.0842178E-009
4.461	1.0736708E-009
4.462	1.0591724E-009
4.463	1.0413437E-009
4.464	1.0209199E-009
4.465	9.9872344E-010
4.466	9.7563169E-010
4.467	9.5254571E-010
4.468	9.3035762E-010
4.469	9.0991825E-010
4.47	8.9200625E-010
4.471	8.7729995E-010
4.472	8.6635499E-010
4.473	8.5958302E-010
4.474	8.5723662E-010
4.475	8.5940188E-010
4.476	8.6599133E-010
4.477	8.7674989E-010
4.478	8.9125834E-010
4.479	9.0895058E-010
4.48	9.2912933E-010
4.481	9.5099006E-010
4.482	9.7364938E-010
4.483	9.9617170E-010
4.484	1.0176039E-009
4.485	1.0370068E-009
4.486	1.0534881E-009
4.487	1.0662322E-009
4.488	1.0745315E-009
4.489	1.0778118E-009
4.49	1.0756539E-009
4.491	1.0678131E-009
4.492	1.0542296E-009
4.493	1.0350379E-009
4.494	1.0105666E-009
4.495	9.8133202E-010
4.496	9.4802688E-010
4.497	9.1150310E-010
4.498	8.7274810E-010
4.499	8.3285540E-010
4.5	7.9299484E-010
4.501	7.5437617E-010
4.502	7.1821371E-010
4.503	6.8568834E-010
4.504	6.5791050E-010
4.505	6.3588479E-010
4.506	6.2047634E-010
4.507	6.1238253E-010
4.508	6.1210609E-010
4.509	6.1993560E-010
4.51	6.3593281E-010
4.511	6.5992334E-010
4.512	6.9149680E-010
4.513	7.3001366E-010
4.514	7.7461587E-010
4.515	8.2424856E-010
4.516	8.7768365E-010
4.517	9.3355168E-010
4.518	9.9037589E-010
4.519	1.0466139E-009
4.52	1.1006959E-009
4.521	1.1510713E-009
4.522	1.1962520E-009
4.523	1.2348558E-009
4.524	1.2656485E-009
4.525	1.2875833E-009
4.526	1.2998334E-009
4.527	1.3018229E-009
4.528	1.2932477E-009
4.529	1.2740904E-009
4.53	1.2446277E-009
4.531	1.2054275E-009
4.532	1.1573386E-009
4.533	1.1014746E-009
4.534	1.0391868E-009
4.535	9.7203290E-010
4.536	9.0173846E-010
4.537	8.3015317E-010
4.538	7.5920331E-010
4.539	6.9084266E-010
4.54	6.2699756E-010
4.541	5.6951616E-010
4.542	5.2011567E-010
4.543	4.8033283E-010
4.544	4.5147974E-010
4.545	4.3460360E-010
4.546	4.3045320E-010
4.547	4.3945364E-010
4.548	4.6168913E-010
4.549	4.9689391E-010
4.55	5.4445409E-010
4.551	6.0341676E-010
4.552	6.7251016E-010
4.553	7.5017115E-010
4.554	8.3458274E-010
4.555	9.2371694E-010
4.556	1.0153854E-009
4.557	1.1072956E-009
4.558	1.1971091E-009
4.559	1.2825039E-009
4.56	1.3612366E-009
4.561	1.4312033E-009
4.562	1.4904975E-009
4.563	1.5374636E-009
4.564	1.5707463E-009
4.565	1.5893271E-009
4.566	1.5925594E-009
4.567	1.5801914E-009
4.568	1.5523749E-009
4.569	1.5096715E-009
4.57	1.4530418E-009
4.571	1.3838264E-009
4.572	1.3037166E-009
4.573	1.2147136E-009
4.574	1.1190819E-009
4.575	1.0192934E-009
4.576	9.1796543E-010
4.577	8.1779505E-010
4.578	7.2149059E-010
4.579	6.3170086E-010
4.58	5.5094507E-010
4.581	4.8154603E-010
4.582	4.2556661E-010
4.583	3.8475204E-010
4.584	3.6048020E-010
4.585	3.5372028E-010
4.586	3.6500175E-010
4.587	3.9439493E-010
4.588	4.4150197E-010
4.589	5.0546101E-010
4.59	5.8496236E-010
4.591	6.7827549E-010
4.592	7.8328960E-010
4.593	8.9756230E-010
4.594	1.0183805E-009
4.595	1.1428269E-009
4.596	1.2678544E-009
4.597	1.3903632E-009
4.598	1.5072820E-009
4.599	1.6156481E-009
4.6	1.7126847E-009
4.601	1.7958760E-009
4.602	1.8630359E-009
4.603	1.9123667E-009
4.604	1.9425106E-009
4.605	1.9525879E-009
4.606	1.9422286E-009
4.607	1.9115847E-009
4.608	1.8613332E-009
4.609	1.7926624E-009
4.61	1.7072511E-009
4.611	1.6072301E-009
4.612	1.4951327E-009
4.613	1.3738349E-009
4.614	1.2464869E-009
4.615	1.1164362E-009
4.616	9.8714192E-010
4.617	8.6208962E-010
4.618	7.4470013E-010
4.619	6.3824152E-010
4.62	5.4574051E-010
4.621	4.6990228E-010
4.622	4.1303716E-010
4.623	3.7699463E-010
4.624	3.6311154E-010
4.625	3.7217140E-010
4.626	4.0437670E-010
4.627	4.5933829E-010
4.628	5.3607779E-010
4.629	6.3304606E-010
4.63	7.4815693E-010
4.631	8.7883428E-010
4.632	1.0220743E-009
4.633	1.1745166E-009
4.634	1.3325298E-009
4.635	1.4922992E-009
4.636	1.6499250E-009
4.637	1.8015204E-009
4.638	1.9433122E-009
4.639	2.0717381E-009
4.64	2.1835396E-009
4.641	2.2758511E-009
4.642	2.3462752E-009
4.643	2.3929481E-009
4.644	2.4146023E-009
4.645	2.4105948E-009
4.646	2.3809354E-009
4.647	2.3263003E-009
4.648	2.2480116E-009
4.649	2.1480191E-009
4.65	2.0288549E-009
4.651	1.8935749E-009
4.652	1.7456880E-009
4.653	1.5890678E-009
4.654	1.4278618E-009
4.655	1.2663870E-009
4.656	1.1090212E-009
4.657	9.6009023E-010
4.658	8.2375728E-010
4.659	7.0391398E-010
4.66	6.0407684E-010
4.661	5.2729154E-010
4.662	4.7605070E-010
4.663	4.5222290E-010
4.664	4.5699858E-010
4.665	4.9085241E-010
4.666	5.5352345E-010
4.667	6.4401356E-010
4.668	7.6060314E-010
4.669	9.0088731E-010
4.67	1.0618265E-009
4.671	1.2398136E-009
4.672	1.4307612E-009
4.673	1.6301956E-009
4.674	1.8333678E-009
4.675	2.0353741E-009
4.676	2.2312772E-009
4.677	2.4162412E-009
4.678	2.5856539E-009
4.679	2.7352520E-009
4.68	2.8612375E-009
4.681	2.9603782E-009
4.682	3.0301013E-009
4.683	3.0685625E-009
4.684	3.0747047E-009
4.685	3.0482927E-009
4.686	2.9899279E-009
4.687	2.9010432E-009
4.688	2.7838756E-009
4.689	2.6414180E-009
4.69	2.4773517E-009
4.691	2.2959601E-009
4.692	2.1020303E-009
4.693	1.9007362E-009
4.694	1.6975178E-009
4.695	1.4979487E-009
4.696	1.3075971E-009
4.697	1.1318866E-009
4.698	9.7595887E-010
4.699	8.4453433E-010
4.7	7.4178602E-010
4.701	6.7122041E-010
4.702	6.3557398E-010
4.703	6.3672834E-010
4.704	6.7564532E-010
4.705	7.5232587E-010
4.706	8.6579555E-010
4.707	1.0141149E-009
4.708	1.1944181E-009
4.709	1.4029760E-009
4.71	1.6352811E-009
4.711	1.8861579E-009
4.712	2.1498860E-009
4.713	2.4203410E-009
4.714	2.6911429E-009
4.715	2.9558165E-009
4.716	3.2079512E-009
4.717	3.4413610E-009
4.718	3.6502481E-009
4.719	3.8293519E-009
4.72	3.9740908E-009
4.721	4.0806936E-009
4.722	4.1463073E-009
4.723	4.1690886E-009
4.724	4.1482746E-009
4.725	4.0842218E-009
4.726	3.9784154E-009
4.727	3.8334598E-009
4.728	3.6530359E-009
4.729	3.4418157E-009
4.73	3.2053722E-009
4.731	2.9500504E-009
4.732	2.6828155E-009
4.733	2.4110896E-009
4.734	2.1425721E-009
4.735	1.8850432E-009
4.736	1.6461733E-009
4.737	1.4333236E-009
4.738	1.2533500E-009
4.739	1.1124219E-009
4.74	1.0158481E-009
4.741	9.6792430E-010
4.742	9.7180330E-010
4.743	1.0293899E-009
4.744	1.1412649E-009
4.745	1.3066426E-009
4.746	1.5233620E-009
4.747	1.7879095E-009
4.748	2.0954793E-009
4.749	2.4400657E-009
4.75	2.8145912E-009
4.751	3.2110556E-009
4.752	3.6207279E-009
4.753	4.0343395E-009
4.754	4.4423212E-009
4.755	4.8350253E-009
4.756	5.2029883E-009
4.757	5.5371645E-009
4.758	5.8291780E-009
4.759	6.0715433E-009
4.76	6.2578982E-009
4.761	6.3831780E-009
4.762	6.4437882E-009
4.763	6.4377401E-009
4.764	6.3647390E-009
4.765	6.2262475E-009
4.766	6.0254992E-009
4.767	5.7674727E-009
4.768	5.4588196E-009
4.769	5.1077524E-009
4.77	4.7238853E-009
4.771	4.3180424E-009
4.772	3.9020258E-009
4.773	3.4883447E-009
4.774	3.0899334E-009
4.775	2.7198390E-009
4.776	2.3908917E-009
4.777	2.1153836E-009
4.778	1.9047419E-009
4.779	1.7692160E-009
4.78	1.7175802E-009
4.781	1.7568682E-009
4.782	1.8921389E-009
4.783	2.1262794E-009
4.784	2.4598572E-009
4.785	2.8910168E-009
4.786	3.4154362E-009
4.787	4.0263384E-009
4.788	4.7145585E-009
4.789	5.4686740E-009
4.79	6.2751937E-009
4.791	7.1188153E-009
4.792	7.9827114E-009
4.793	8.8489038E-009
4.794	9.6986446E-009
4.795	1.0512863E-008
4.796	1.1272627E-008
4.797	1.1959621E-008
4.798	1.2556652E-008
4.799	1.3048108E-008
4.8	1.3420468E-008
4.801	1.3662745E-008
4.802	1.3766885E-008
4.803	1.3728179E-008
4.804	1.3545576E-008
4.805	1.3221945E-008
4.806	1.2764287E-008
4.807	1.2183859E-008
4.808	1.1496216E-008
4.809	1.0721169E-008
4.81	9.8826698E-009
4.811	9.0085850E-009
4.812	8.1303915E-009
4.813	7.2828081E-009
4.814	6.5033321E-009
4.815	5.8317009E-009
4.816	5.3093157E-009
4.817	4.9785864E-009
4.818	4.8822373E-009
4.819	5.0625899E-009
4.82	5.5608060E-009
4.821	6.4161356E-009
4.822	7.6651734E-009
4.823	9.3411181E-009
4.824	1.1473102E-008
4.825	1.4085510E-008
4.826	1.7197429E-008
4.827	2.0822087E-008
4.828	2.4966399E-008
4.829	2.9630607E-008
4.83	3.4807961E-008
4.831	4.0484551E-008
4.832	4.6639240E-008
4.833	5.3243614E-008
4.834	6.0262259E-008
4.835	6.7652955E-008
4.836	7.5367161E-008
4.837	8.3350457E-008
4.838	9.1543264E-008
4.839	9.9881476E-008
4.84	1.0829725E-007
4.841	1.1671992E-007
4.842	1.2507681E-007
4.843	1.3329404E-007
4.844	1.4129762E-007
4.845	1.4901428E-007
4.846	1.5637241E-007
4.847	1.6330306E-007
4.848	1.6974076E-007
4.849	1.7562439E-007
4.85	1.8089817E-007
4.851	1.8551196E-007
4.852	1.8942245E-007
4.853	1.9259336E-007
4.854	1.9499595E-007
4.855	1.9660931E-007
4.856	1.9742076E-007
4.857	1.9742566E-007
4.858	1.9662767E-007
4.859	1.9503855E-007
4.86	1.9267779E-007
4.861	1.8957246E-007
4.862	1.8575679E-007
4.863	1.8127159E-007
4.864	1.7616367E-007
4.865	1.7048519E-007
4.866	1.6429290E-007
4.867	1.5764712E-007
4.868	1.5061138E-007
4.869	1.4325114E-007
4.87	1.3563310E-007
4.871	1.2782428E-007
4.872	1.1989148E-007
4.873	1.1190020E-007
4.874	1.0391418E-007
4.875	9.5994473E-008
4.876	8.8198874E-008
4.877	8.0581223E-008
4.878	7.3190868E-008
4.879	6.6072118E-008
4.88	5.9263890E-008
4.881	5.2799447E-008
4.882	4.6706340E-008
4.883	4.1006345E-008
4.884	3.5715590E-008
4.885	3.0844692E-008
4.886	2.6398974E-008
4.887	2.2378744E-008
4.888	1.8779534E-008
4.889	1.5592448E-008
4.89	1.2804489E-008
4.891	1.0398978E-008
4.892	8.3560012E-009
4.893	6.6528814E-009
4.894	5.2646927E-009
4.895	4.1647827E-009
4.896	3.3252900E-009
4.897	2.7176581E-009
4.898	2.3131330E-009
4.899	2.0832041E-009
4.9	2.0000317E-009
4.901	2.0368232E-009
4.902	2.1681579E-009
4.903	2.3702704E-009
4.904	2.6212759E-009
4.905	2.9013569E-009
4.906	3.1928880E-009
4.907	3.4805225E-009
4.908	3.7512229E-009
4.909	3.9942596E-009
4.91	4.2011559E-009
4.911	4.3656070E-009
4.912	4.4833657E-009
4.913	4.5520876E-009
4.914	4.5711732E-009
4.915	4.5415720E-009
4.916	4.4655835E-009
4.917	4.3466510E-009
4.918	4.1891455E-009
4.919	3.9981516E-009
4.92	3.7792662E-009
4.921	3.5383998E-009
4.922	3.2815886E-009
4.923	3.0148273E-009
4.924	2.7439149E-009
4.925	2.4743225E-009
4.926	2.2110720E-009
4.927	1.9586517E-009
4.928	1.7209421E-009
4.929	1.5011653E-009
4.93	1.3018605E-009
4.931	1.1248754E-009
4.932	9.7137798E-010
4.933	8.4188784E-010
4.934	7.3631407E-010
4.935	6.5401362E-010
4.936	5.9385485E-010
4.937	5.5428795E-010
4.938	5.3342275E-010
4.939	5.2910470E-010
4.94	5.3899429E-010
4.941	5.6064259E-010
4.942	5.9156363E-010
4.943	6.2930222E-010
4.944	6.7149236E-010
4.945	7.1591227E-010
4.946	7.6052786E-010
4.947	8.0352808E-010
4.948	8.4335311E-010
4.949	8.7871022E-010
4.95	9.0858321E-010
4.951	9.3223185E-010
4.952	9.4918506E-010
4.953	9.5922492E-010
4.954	9.6236796E-010
4.955	9.5883690E-010
4.956	9.4903452E-010
4.957	9.3350971E-010
4.958	9.1292557E-010
4.959	8.8802704E-010
4.96	8.5960683E-010
4.961	8.2847812E-010
4.962	7.9544282E-010
4.963	7.6126988E-010
4.964	7.2667261E-010
4.965	6.9229195E-010
4.966	6.5868327E-010
4.967	6.2630845E-010
4.968	5.9553024E-010
4.969	5.6661253E-010
4.97	5.3972316E-010
4.971	5.1494070E-010
4.972	4.9226362E-010
4.973	4.7162180E-010
4.974	4.5288995E-010
4.975	4.3590132E-010
4.976	4.2046305E-010
4.977	4.0636972E-010
4.978	3.9341752E-010
4.979	3.8141559E-010
4.98	3.7019790E-010
4.981	3.5963038E-010
4.982	3.4961833E-010
4.983	3.4010997E-010
4.984	3.3109790E-010
4.985	3.2261821E-010
4.986	3.1474720E-010
4.987	3.0759631E-010
4.988	3.0130490E-010
4.989	2.9603128E-010
4.99	2.9194344E-010
4.991	2.8920832E-010
4.992	2.8798128E-010
4.993	2.8839572E-010
4.994	2.9055322E-010
4.995	2.9451480E-010
4.996	3.0029365E-010
4.997	3.0784919E-010
4.998	3.1708372E-010
4.999	3.2784117E-010
5	3.3990710E-010
5.001	3.5301229E-010
5.002	3.6683750E-010
5.003	3.8102085E-010
5.004	3.9516662E-010
5.005	4.0885625E-010
5.006	4.2165907E-010
5.007	4.3314632E-010
5.008	4.4290330E-010
5.009	4.5054285E-010
5.01	4.5571852E-010
5.011	4.5813578E-010
5.012	4.5756371E-010
5.013	4.5384377E-010
5.014	4.4689741E-010
5.015	4.3673107E-010
5.016	4.2343934E-010
5.017	4.0720510E-010
5.018	3.8829759E-010
5.019	3.6706702E-010
5.02	3.4393796E-010
5.021	3.1940001E-010
5.022	2.9399491E-010
5.023	2.6830435E-010
5.024	2.4293476E-010
5.025	2.1850087E-010
5.026	1.9560979E-010
5.027	1.7484413E-010
5.028	1.5674580E-010
5.029	1.4180077E-010
5.03	1.3042466E-010
5.031	1.2295034E-010
5.032	1.1961752E-010
5.033	1.2056479E-010
5.034	1.2582364E-010
5.035	1.3531620E-010
5.036	1.4885511E-010
5.037	1.6614678E-010
5.038	1.8679729E-010
5.039	2.1032136E-010
5.04	2.3615365E-010
5.041	2.6366243E-010
5.042	2.9216549E-010
5.043	3.2094699E-010
5.044	3.4927577E-010
5.045	3.7642450E-010
5.046	4.0168810E-010
5.047	4.2440262E-010
5.048	4.4396287E-010
5.049	4.5983825E-010
5.05	4.7158760E-010
5.051	4.7887161E-010
5.052	4.8146154E-010
5.053	4.7924725E-010
5.054	4.7224064E-010
5.055	4.6057586E-010
5.056	4.4450799E-010
5.057	4.2440612E-010
5.058	4.0074588E-010
5.059	3.7409736E-010
5.06	3.4511116E-010
5.061	3.1450281E-010
5.062	2.8303385E-010
5.063	2.5149377E-010
5.064	2.2067903E-010
5.065	1.9137307E-010
5.066	1.6432591E-010
5.067	1.4023446E-010
5.068	1.1972469E-010
5.069	1.0333479E-010
5.07	9.1501334E-011
5.071	8.4547647E-011
5.072	8.2675304E-011
5.073	8.5958629E-011
5.074	9.4342346E-011
5.075	1.0764270E-010
5.076	1.2555140E-010
5.077	1.4764281E-010
5.078	1.7338420E-010
5.079	2.0214816E-010
5.08	2.3322841E-010
5.081	2.6585703E-010
5.082	2.9922370E-010
5.083	3.3249625E-010
5.084	3.6484202E-010
5.085	3.9544923E-010
5.086	4.2354797E-010
5.087	4.4842988E-010
5.088	4.6946685E-010
5.089	4.8612731E-010
5.09	4.9798926E-010
5.091	5.0475174E-010
5.092	5.0624277E-010
5.093	5.0242327E-010
5.094	4.9338805E-010
5.095	4.7936433E-010
5.096	4.6070517E-010
5.097	4.3788034E-010
5.098	4.1146614E-010
5.099	3.8212911E-010
5.1	3.5061040E-010
5.101	3.1770686E-010
5.102	2.8425148E-010
5.103	2.5109168E-010
5.104	2.1906929E-010
5.105	1.8899843E-010
5.106	1.6164532E-010
5.107	1.3770908E-010
5.108	1.1780357E-010
5.109	1.0244196E-010
5.11	9.2023486E-011
5.111	8.6822924E-011
5.112	8.6983719E-011
5.113	9.2514017E-011
5.114	1.0328631E-010
5.115	1.1904078E-010
5.116	1.3939172E-010
5.117	1.6383747E-010
5.118	1.9177318E-010
5.119	2.2250600E-010
5.12	2.5527294E-010
5.121	2.8926000E-010
5.122	3.2362257E-010
5.123	3.5750719E-010
5.124	3.9007206E-010
5.125	4.2050882E-010
5.126	4.4806284E-010
5.127	4.7205206E-010
5.128	4.9188381E-010
5.129	5.0707072E-010
5.13	5.1724192E-010
5.131	5.2215288E-010
5.132	5.2169219E-010
5.133	5.1588273E-010
5.134	5.0488208E-010
5.135	4.8897786E-010
5.136	4.6858023E-010
5.137	4.4421228E-010
5.138	4.1649528E-010
5.139	3.8613479E-010
5.14	3.5390138E-010
5.141	3.2061243E-010
5.142	2.8711089E-010
5.143	2.5424463E-010
5.144	2.2284484E-010
5.145	1.9370514E-010
5.146	1.6756191E-010
5.147	1.4507533E-010
5.148	1.2681334E-010
5.149	1.1323699E-010
5.15	1.0468908E-010
5.151	1.0138578E-010
5.152	1.0341108E-010
5.153	1.1071495E-010
5.154	1.2311499E-010
5.155	1.4030088E-010
5.156	1.6184264E-010
5.157	1.8720160E-010
5.158	2.1574408E-010
5.159	2.4675739E-010
5.16	2.7946831E-010
5.161	3.1306197E-010
5.162	3.4670261E-010
5.163	3.7955494E-010
5.164	4.1080436E-010
5.165	4.3967788E-010
5.166	4.6546297E-010
5.167	4.8752563E-010
5.168	5.0532611E-010
5.169	5.1843196E-010
5.17	5.2652915E-010
5.171	5.2942933E-010
5.172	5.2707483E-010
5.173	5.1953991E-010
5.174	5.0702736E-010
5.175	4.8986609E-010
5.176	4.6849957E-010
5.177	4.4347648E-010
5.178	4.1543530E-010
5.179	3.8508916E-010
5.18	3.5320713E-010
5.181	3.2059527E-010
5.182	2.8807495E-010
5.183	2.5646407E-010
5.184	2.2655548E-010
5.185	1.9909731E-010
5.186	1.7477503E-010
5.187	1.5419446E-010
5.188	1.3786636E-010
5.189	1.2619457E-010
5.19	1.1946585E-010
5.191	1.1784287E-010
5.192	1.2136048E-010
5.193	1.2992507E-010
5.194	1.4331702E-010
5.195	1.6119650E-010
5.196	1.8311200E-010
5.197	2.0851190E-010
5.198	2.3675828E-010
5.199	2.6714311E-010
5.2	2.9890618E-010
5.201	3.3125402E-010
5.202	3.6338027E-010
5.203	3.9448583E-010
5.204	4.2379908E-010
5.205	4.5059512E-010
5.206	4.7421378E-010
5.207	4.9407684E-010
5.208	5.0970045E-010
5.209	5.2070881E-010
5.21	5.2684185E-010
5.211	5.2796212E-010
5.212	5.2405730E-010
5.213	5.1524057E-010
5.214	5.0174709E-010
5.215	4.8392829E-010
5.216	4.6224202E-010
5.217	4.3724183E-010
5.218	4.0956205E-010
5.219	3.7990266E-010
5.22	3.4901068E-010
5.221	3.1766256E-010
5.222	2.8664401E-010
5.223	2.5673075E-010
5.224	2.2866907E-010
5.225	2.0315709E-010
5.226	1.8082759E-010
5.227	1.6223206E-010
5.228	1.4782700E-010
5.229	1.3796282E-010
5.23	1.3287525E-010
5.231	1.3267983E-010
5.232	1.3736952E-010
5.233	1.4681510E-010
5.234	1.6076918E-010
5.235	1.7887261E-010
5.236	2.0066368E-010
5.237	2.2559025E-010
5.238	2.5302346E-010
5.239	2.8227387E-010
5.24	3.1260836E-010
5.241	3.4326858E-010
5.242	3.7349038E-010
5.243	4.0252160E-010
5.244	4.2964227E-010
5.245	4.5418169E-010
5.246	4.7553517E-010
5.247	4.9317939E-010
5.248	5.0668464E-010
5.249	5.1572663E-010
5.25	5.2009286E-010
5.251	5.1968785E-010
5.252	5.1453619E-010
5.253	5.0478016E-010
5.254	4.9067644E-010
5.255	4.7258963E-010
5.256	4.5098186E-010
5.257	4.2640197E-010
5.258	3.9947093E-010
5.259	3.7086642E-010
5.26	3.4130587E-010
5.261	3.1152819E-010
5.262	2.8227568E-010
5.263	2.5427546E-010
5.264	2.2822130E-010
5.265	2.0475688E-010
5.266	1.8445956E-010
5.267	1.6782610E-010
5.268	1.5526080E-010
5.269	1.4706523E-010
5.27	1.4343106E-010
5.271	1.4443557E-010
5.272	1.5003969E-010
5.273	1.6008951E-010
5.274	1.7432016E-010
5.275	1.9236310E-010
5.276	2.1375512E-010
5.277	2.3795071E-010
5.278	2.6433594E-010
5.279	2.9224381E-010
5.28	3.2097178E-010
5.281	3.4979891E-010
5.282	3.7800452E-010
5.283	4.0488574E-010
5.284	4.2977522E-010
5.285	4.5205750E-010
5.286	4.7118409E-010
5.287	4.8668602E-010
5.288	4.9818688E-010
5.289	5.0541032E-010
5.29	5.0818716E-010
5.291	5.0645999E-010
5.292	5.0028359E-010
5.293	4.8982418E-010
5.294	4.7535326E-010
5.295	4.5724310E-010
5.296	4.3595466E-010
5.297	4.1202655E-010
5.298	3.8606132E-010
5.299	3.5870965E-010
5.3	3.3065445E-010
5.301	3.0259334E-010
5.302	2.7522140E-010
5.303	2.4921445E-010
5.304	2.2521218E-010
5.305	2.0380239E-010
5.306	1.8550736E-010
5.307	1.7077013E-010
5.308	1.5994465E-010
5.309	1.5328666E-010
5.31	1.5094737E-010
5.311	1.5297036E-010
5.312	1.5929021E-010
5.313	1.6973468E-010
5.314	1.8402894E-010
5.315	2.0180277E-010
5.316	2.2259994E-010
5.317	2.4589022E-010
5.318	2.7108268E-010
5.319	2.9754033E-010
5.32	3.2459721E-010
5.321	3.5157399E-010
5.322	3.7779585E-010
5.323	4.0260847E-010
5.324	4.2539491E-010
5.325	4.4559045E-010
5.326	4.6269624E-010
5.327	4.7629206E-010
5.328	4.8604598E-010
5.329	4.9172288E-010
5.33	4.9318916E-010
5.331	4.9041704E-010
5.332	4.8348375E-010
5.333	4.7257054E-010
5.334	4.5795759E-010
5.335	4.4001558E-010
5.336	4.1919795E-010
5.337	3.9602896E-010
5.338	3.7108969E-010
5.339	3.4500436E-010
5.34	3.1842340E-010
5.341	2.9200803E-010
5.342	2.6641350E-010
5.343	2.4227151E-010
5.344	2.2017603E-010
5.345	2.0066773E-010
5.346	1.8422079E-010
5.347	1.7123157E-010
5.348	1.6200920E-010
5.349	1.5676808E-010
5.35	1.5562281E-010
5.351	1.5858591E-010
5.352	1.6556781E-010
5.353	1.7637908E-010
5.354	1.9073559E-010
5.355	2.0826538E-010
5.356	2.2851840E-010
5.357	2.5097757E-010
5.358	2.7507208E-010
5.359	3.0019187E-010
5.36	3.2570208E-010
5.361	3.5096076E-010
5.362	3.7533382E-010
5.363	3.9821119E-010
5.364	4.1902234E-010
5.365	4.3725024E-010
5.366	4.5244375E-010
5.367	4.6422921E-010
5.368	4.7231857E-010
5.369	4.7651727E-010
5.37	4.7672777E-010
5.371	4.7295251E-010
5.372	4.6529228E-010
5.373	4.5394519E-010
5.374	4.3919976E-010
5.375	4.2142867E-010
5.376	4.0107864E-010
5.377	3.7865958E-010
5.378	3.5473111E-010
5.379	3.2988962E-010
5.38	3.0475256E-010
5.381	2.7994315E-010
5.382	2.5607533E-010
5.383	2.3373778E-010
5.384	2.1347973E-010
5.385	1.9579686E-010
5.386	1.8111954E-010
5.387	1.6980160E-010
5.388	1.6211224E-010
5.389	1.5822911E-010
5.39	1.5823470E-010
5.391	1.6211414E-010
5.392	1.6975604E-010
5.393	1.8095589E-010
5.394	1.9542094E-010
5.395	2.1277785E-010
5.396	2.3258223E-010
5.397	2.5432964E-010
5.398	2.7746844E-010
5.399	3.0141323E-010
5.4	3.2555991E-010
5.401	3.4930070E-010
5.402	3.7203884E-010
5.403	3.9320466E-010
5.404	4.1226855E-010
5.405	4.2875489E-010
5.406	4.4225396E-010
5.407	4.5243120E-010
5.408	4.5903623E-010
5.409	4.6190818E-010
5.41	4.6098023E-010
5.411	4.5628037E-010
5.412	4.4793033E-010
5.413	4.3614329E-010
5.414	4.2121709E-010
5.415	4.0352738E-010
5.416	3.8351805E-010
5.417	3.6168971E-010
5.418	3.3858713E-010
5.419	3.1478595E-010
5.42	2.9087788E-010
5.421	2.6745675E-010
5.422	2.4510269E-010
5.423	2.2436832E-010
5.424	2.0576499E-010
5.425	1.8974998E-010
5.426	1.7671539E-010
5.427	1.6697811E-010
5.428	1.6077240E-010
5.429	1.5824379E-010
5.43	1.5944598E-010
5.431	1.6433914E-010
5.432	1.7279135E-010
5.433	1.8458160E-010
5.434	1.9940571E-010
5.435	2.1688393E-010
5.436	2.3657054E-010
5.437	2.5796520E-010
5.438	2.8052577E-010
5.439	3.0368205E-010
5.44	3.2684969E-010
5.441	3.4944544E-010
5.442	3.7090148E-010
5.443	3.9067927E-010
5.444	4.0828360E-010
5.445	4.2327364E-010
5.446	4.3527490E-010
5.447	4.4398812E-010
5.448	4.4919629E-010
5.449	4.5077028E-010
5.45	4.4867249E-010
5.451	4.4295667E-010
5.452	4.3376744E-010
5.453	4.2133641E-010
5.454	4.0597606E-010
5.455	3.8807224E-010
5.456	3.6807404E-010
5.457	3.4648237E-010
5.458	3.2383793E-010
5.459	3.0070707E-010
5.46	2.7766786E-010
5.461	2.5529556E-010
5.462	2.3414853E-010
5.463	2.1475428E-010
5.464	1.9759638E-010
5.465	1.8310228E-010
5.466	1.7163287E-010
5.467	1.6347346E-010
5.468	1.5882629E-010
5.469	1.5780605E-010
5.47	1.6043639E-010
5.471	1.6664958E-010
5.472	1.7628832E-010
5.473	1.8910923E-010
5.474	2.0478919E-010
5.475	2.2293321E-010
5.476	2.4308447E-010
5.477	2.6473573E-010
5.478	2.8734204E-010
5.479	3.1033459E-010
5.48	3.3313508E-010
5.481	3.5517012E-010
5.482	3.7588557E-010
5.483	3.9476106E-010
5.484	4.1132245E-010
5.485	4.2515386E-010
5.486	4.3590759E-010
5.487	4.4331364E-010
5.488	4.4718562E-010
5.489	4.4742590E-010
5.49	4.4402751E-010
5.491	4.3707485E-010
5.492	4.2674170E-010
5.493	4.1328610E-010
5.494	3.9704504E-010
5.495	3.7842515E-010
5.496	3.5789316E-010
5.497	3.3596434E-010
5.498	3.1318953E-010
5.499	2.9014158E-010
5.5	2.6740138E-010
5.501	2.4554364E-010
5.502	2.2512252E-010
5.503	2.0665765E-010
5.504	1.9062138E-010
5.505	1.7742671E-010
5.506	1.6741661E-010
5.507	1.6085511E-010
5.508	1.5792026E-010
5.509	1.5869937E-010
5.51	1.6318664E-010
5.511	1.7128304E-010
5.512	1.8279879E-010
5.513	1.9745816E-010
5.514	2.1490612E-010
5.515	2.3471738E-010
5.516	2.5640712E-010
5.517	2.7944194E-010
5.518	3.0325398E-010
5.519	3.2725361E-010
5.52	3.5084463E-010
5.521	3.7343884E-010
5.522	3.9447040E-010
5.523	4.1341067E-010
5.524	4.2978149E-010
5.525	4.4316731E-010
5.526	4.5322687E-010
5.527	4.5970100E-010
5.528	4.6242049E-010
5.529	4.6130996E-010
5.53	4.5639040E-010
5.531	4.4777904E-010
5.532	4.3568615E-010
5.533	4.2041079E-010
5.534	4.0233397E-010
5.535	3.8190909E-010
5.536	3.5965128E-010
5.537	3.3612546E-010
5.538	3.1193231E-010
5.539	2.8769315E-010
5.54	2.6403560E-010
5.541	2.4157676E-010
5.542	2.2090876E-010
5.543	2.0258320E-010
5.544	1.8709710E-010
5.545	1.7488054E-010
5.546	1.6628518E-010
5.547	1.6157518E-010
5.548	1.6092001E-010
5.549	1.6438952E-010
5.55	1.7195159E-010
5.551	1.8347203E-010
5.552	1.9871725E-010
5.553	2.1735903E-010
5.554	2.3898197E-010
5.555	2.6309258E-010
5.556	2.8913175E-010
5.557	3.1648673E-010
5.558	3.4450687E-010
5.559	3.7251907E-010
5.56	3.9984416E-010
5.561	4.2581455E-010
5.562	4.4978973E-010
5.563	4.7117343E-010
5.564	4.8942889E-010
5.565	5.0409188E-010
5.566	5.1478344E-010
5.567	5.2122018E-010
5.568	5.2322291E-010
5.569	5.2072102E-010
5.57	5.1375715E-010
5.571	5.0248661E-010
5.572	4.8717597E-010
5.573	4.6819770E-010
5.574	4.4602250E-010
5.575	4.2120929E-010
5.576	3.9439266E-010
5.577	3.6626865E-010
5.578	3.3757799E-010
5.579	3.0908953E-010
5.58	2.8158145E-010
5.581	2.5582314E-010
5.582	2.3255617E-010
5.583	2.1247629E-010
5.584	1.9621613E-010
5.585	1.8432900E-010
5.586	1.7727360E-010
5.587	1.7540214E-010
5.588	1.7894916E-010
5.589	1.8802389E-010
5.59	2.0260539E-010
5.591	2.2254006E-010
5.592	2.4754324E-010
5.593	2.7720276E-010
5.594	3.1098663E-010
5.595	3.4825243E-010
5.596	3.8826098E-010
5.597	4.3019122E-010
5.598	4.7315812E-010
5.599	5.1623206E-010
5.6	5.5845972E-010
5.601	5.9888683E-010
5.602	6.3657996E-010
5.603	6.7064976E-010
5.604	7.0027234E-010
5.605	7.2471057E-010
5.606	7.4333500E-010
5.607	7.5564049E-010
5.608	7.6126255E-010
5.609	7.5999146E-010
5.61	7.5178219E-010
5.611	7.3676215E-010
5.612	7.1523532E-010
5.613	6.8768241E-010
5.614	6.5475786E-010
5.615	6.1728372E-010
5.616	5.7623778E-010
5.617	5.3274185E-010
5.618	4.8804388E-010
5.619	4.4349832E-010
5.62	4.0054482E-010
5.621	3.6068418E-010
5.622	3.2545258E-010
5.623	2.9639602E-010
5.624	2.7504179E-010
5.625	2.6287261E-010
5.626	2.6129909E-010
5.627	2.7163449E-010
5.628	2.9506947E-010
5.629	3.3265007E-010
5.63	3.8525655E-010
5.631	4.5358586E-010
5.632	5.3813654E-010
5.633	6.3919647E-010
5.634	7.5683365E-010
5.635	8.9089103E-010
5.636	1.0409849E-009
5.637	1.2065066E-009
5.638	1.3866274E-009
5.639	1.5803089E-009
5.64	1.7863157E-009
5.641	2.0032314E-009
5.642	2.2294764E-009
5.643	2.4633338E-009
5.644	2.7029667E-009
5.645	2.9464493E-009
5.646	3.1917886E-009
5.647	3.4369543E-009
5.648	3.6799026E-009
5.649	3.9186041E-009
5.65	4.1510662E-009
5.651	4.3753596E-009
5.652	4.5896353E-009
5.653	4.7921547E-009
5.654	4.9812963E-009
5.655	5.1555862E-009
5.656	5.3137050E-009
5.657	5.4545057E-009
5.658	5.5770206E-009
5.659	5.6804770E-009
5.66	5.7642975E-009
5.661	5.8281029E-009
5.662	5.8717040E-009
5.663	5.8951071E-009
5.664	5.8985039E-009
5.665	5.8822525E-009
5.666	5.8468719E-009
5.667	5.7930327E-009
5.668	5.7215290E-009
5.669	5.6332805E-009
5.67	5.5292970E-009
5.671	5.4106861E-009
5.672	5.2786109E-009
5.673	5.1342952E-009
5.674	4.9790030E-009
5.675	4.8140172E-009
5.676	4.6406385E-009
5.677	4.4601620E-009
5.678	4.2738693E-009
5.679	4.0830188E-009
5.68	3.8888284E-009
5.681	3.6924748E-009
5.682	3.4950804E-009
5.683	3.2977070E-009
5.684	3.1013525E-009
5.685	2.9069473E-009
5.686	2.7153506E-009
5.687	2.5273554E-009
5.688	2.3436817E-009
5.689	2.1649840E-009
5.69	1.9918509E-009
5.691	1.8248086E-009
5.692	1.6643203E-009
5.693	1.5107919E-009
5.694	1.3645695E-009
5.695	1.2259430E-009
5.696	1.0951456E-009
5.697	9.7235608E-010
5.698	8.5769880E-010
5.699	7.5124812E-010
5.7	6.5302808E-010
5.701	5.6301758E-010
5.702	4.8115156E-010
5.703	4.0732476E-010
5.704	3.4139278E-010
5.705	2.8317393E-010
5.706	2.3245059E-010
5.707	1.8896952E-010
5.708	1.5244264E-010
5.709	1.2254771E-010
5.71	9.8929913E-011
5.711	8.1203183E-011
5.712	6.8952649E-011
5.713	6.1737636E-011
5.714	5.9094868E-011
5.715	6.0542432E-011
5.716	6.5583858E-011
5.717	7.3712668E-011
5.718	8.4417077E-011
5.719	9.7185135E-011
5.72	1.1150984E-010
5.721	1.2689468E-010
5.722	1.4285895E-010
5.723	1.5894365E-010
5.724	1.7471637E-010
5.725	1.8977664E-010
5.726	2.0376098E-010
5.727	2.1634630E-010
5.728	2.2725455E-010
5.729	2.3625502E-010
5.73	2.4316685E-010
5.731	2.4786076E-010
5.732	2.5025920E-010
5.733	2.5033642E-010
5.734	2.4811764E-010
5.735	2.4367655E-010
5.736	2.3713290E-010
5.737	2.2864875E-010
5.738	2.1842426E-010
5.739	2.0669255E-010
5.74	1.9371413E-010
5.741	1.7977095E-010
5.742	1.6516014E-010
5.743	1.5018727E-010
5.744	1.3515966E-010
5.745	1.2037994E-010
5.746	1.0613956E-010
5.747	9.2712428E-011
5.748	8.0349477E-011
5.749	6.9273420E-011
5.75	5.9674390E-011
5.751	5.1706268E-011
5.752	4.5483905E-011
5.753	4.1081253E-011
5.754	3.8530516E-011
5.755	3.7821989E-011
5.756	3.8905185E-011
5.757	4.1690547E-011
5.758	4.6052152E-011
5.759	5.1831196E-011
5.76	5.8840065E-011
5.761	6.6867158E-011
5.762	7.5681940E-011
5.763	8.5040676E-011
5.764	9.4692178E-011
5.765	1.0438363E-010
5.766	1.1386649E-010
5.767	1.2290219E-010
5.768	1.3126751E-010
5.769	1.3875953E-010
5.77	1.4520010E-010
5.771	1.5043937E-010
5.772	1.5435944E-010
5.773	1.5687583E-010
5.774	1.5793963E-010
5.775	1.5753757E-010
5.776	1.5569206E-010
5.777	1.5245995E-010
5.778	1.4793063E-010
5.779	1.4222352E-010
5.78	1.3548458E-010
5.781	1.2788251E-010
5.782	1.1960452E-010
5.783	1.1085131E-010
5.784	1.0183231E-010
5.785	9.2760383E-011
5.786	8.3846687E-011
5.787	7.5295610E-011
5.788	6.7299971E-011
5.789	6.0036504E-011
5.79	5.3661860E-011
5.791	4.8309058E-011
5.792	4.4084573E-011
5.793	4.1066081E-011
5.794	3.9301010E-011
5.795	3.8805677E-011
5.796	3.9565354E-011
5.797	4.1534956E-011
5.798	4.4640645E-011
5.799	4.8781944E-011
5.8	5.3834485E-011
5.801	5.9653463E-011
5.802	6.6077414E-011
5.803	7.2932216E-011
5.804	8.0035763E-011
5.805	8.7202134E-011
5.806	9.4246472E-011
5.807	1.0098932E-010
5.808	1.0726101E-010
5.809	1.1290550E-010
5.81	1.1778430E-010
5.811	1.2177952E-010
5.812	1.2479633E-010
5.813	1.2676557E-010
5.814	1.2764438E-010
5.815	1.2741756E-010
5.816	1.2609742E-010
5.817	1.2372298E-010
5.818	1.2035899E-010
5.819	1.1609370E-010
5.82	1.1103681E-010
5.821	1.0531617E-010
5.822	9.9074644E-011
5.823	9.2466403E-011
5.824	8.5652867E-011
5.825	7.8798926E-011
5.826	7.2068511E-011
5.827	6.5620814E-011
5.828	5.9606216E-011
5.829	5.4162785E-011
5.83	4.9412932E-011
5.831	4.5460559E-011
5.832	4.2388787E-011
5.833	4.0257991E-011
5.834	3.9104688E-011
5.835	3.8940799E-011
5.836	3.9753676E-011
5.837	4.1506666E-011
5.838	4.4140303E-011
5.839	4.7573893E-011
5.84	5.1707930E-011
5.841	5.6426596E-011
5.842	6.1600870E-011
5.843	6.7091922E-011
5.844	7.2754455E-011
5.845	7.8440671E-011
5.846	8.4003637E-011
5.847	8.9301046E-011
5.848	9.4198704E-011
5.849	9.8573642E-011
5.85	1.0231705E-010
5.851	1.0533695E-010
5.852	1.0756002E-010
5.853	1.0893353E-010
5.854	1.0942627E-010
5.855	1.0902926E-010
5.856	1.0775569E-010
5.857	1.0564051E-010
5.858	1.0273928E-010
5.859	9.9126596E-011
5.86	9.4894204E-011
5.861	9.0148153E-011
5.862	8.5006363E-011
5.863	7.9595316E-011
5.864	7.4046852E-011
5.865	6.8494842E-011
5.866	6.3071777E-011
5.867	5.7905628E-011
5.868	5.3116726E-011
5.869	4.8814928E-011
5.87	4.5097055E-011
5.871	4.2044666E-011
5.872	3.9722149E-011
5.873	3.8175393E-011
5.874	3.7430663E-011
5.875	3.7494164E-011
5.876	3.8352002E-011
5.877	3.9970638E-011
5.878	4.2297985E-011
5.879	4.5264771E-011
5.88	4.8786506E-011
5.881	5.2765618E-011
5.882	5.7094156E-011
5.883	6.1656534E-011
5.884	6.6332391E-011
5.885	7.0999713E-011
5.886	7.5537861E-011
5.887	7.9830434E-011
5.888	8.3768152E-011
5.889	8.7251491E-011
5.89	9.0193138E-011
5.891	9.2519797E-011
5.892	9.4174238E-011
5.893	9.5116311E-011
5.894	9.5323943E-011
5.895	9.4793534E-011
5.896	9.3539829E-011
5.897	9.1595433E-011
5.898	8.9009952E-011
5.899	8.5848335E-011
5.9	8.2189443E-011
5.901	7.8123799E-011
5.902	7.3751200E-011
5.903	6.9178330E-011
5.904	6.4515816E-011
5.905	5.9875577E-011
5.906	5.5367981E-011
5.907	5.1099187E-011
5.908	4.7168415E-011
5.909	4.3665665E-011
5.91	4.0669544E-011
5.911	3.8245438E-011
5.912	3.6444028E-011
5.913	3.5300179E-011
5.914	3.4832127E-011
5.915	3.5041262E-011
5.916	3.5912131E-011
5.917	3.7413062E-011
5.918	3.9496951E-011
5.919	4.2102648E-011
5.92	4.5156542E-011
5.921	4.8574485E-011
5.922	5.2263971E-011
5.923	5.6126534E-011
5.924	6.0060207E-011
5.925	6.3962141E-011
5.926	6.7731126E-011
5.927	7.1270122E-011
5.928	7.4488665E-011
5.929	7.7305058E-011
5.93	7.9648274E-011
5.931	8.1459672E-011
5.932	8.2694261E-011
5.933	8.3321863E-011
5.934	8.3327484E-011
5.935	8.2711768E-011
5.936	8.1490710E-011
5.937	7.9695153E-011
5.938	7.7369958E-011
5.939	7.4572702E-011
5.94	7.1372144E-011
5.941	6.7846666E-011
5.942	6.4081816E-011
5.943	6.0168620E-011
5.944	5.6200919E-011
5.945	5.2273193E-011
5.946	4.8478228E-011
5.947	4.4904691E-011
5.948	4.1635102E-011
5.949	3.8743789E-011
5.95	3.6295099E-011
5.951	3.4341901E-011
5.952	3.2924365E-011
5.953	3.2069077E-011
5.954	3.1788509E-011
5.955	3.2080796E-011
5.956	3.2929895E-011
5.957	3.4306086E-011
5.958	3.6166872E-011
5.959	3.8458053E-011
5.96	4.1115229E-011
5.961	4.4065387E-011
5.962	4.7228884E-011
5.963	5.0521361E-011
5.964	5.3855937E-011
5.965	5.7145410E-011
5.966	6.0304317E-011
5.967	6.3251168E-011
5.968	6.5910388E-011
5.969	6.8214080E-011
5.97	7.0103860E-011
5.971	7.1531947E-011
5.972	7.2462522E-011
5.973	7.2872368E-011
5.974	7.2751395E-011
5.975	7.2102713E-011
5.976	7.0942523E-011
5.977	6.9299580E-011
5.978	6.7214359E-011
5.979	6.4737944E-011
5.98	6.1930711E-011
5.981	5.8860770E-011
5.982	5.5602144E-011
5.983	5.2233058E-011
5.984	4.8833833E-011
5.985	4.5484939E-011
5.986	4.2265004E-011
5.987	3.9248885E-011
5.988	3.6505823E-011
5.989	3.4097742E-011
5.99	3.2077851E-011
5.991	3.0489247E-011
5.992	2.9364018E-011
5.993	2.8722516E-011
5.994	2.8572913E-011
5.995	2.8911150E-011
5.996	2.9721101E-011
5.997	3.0975101E-011
5.998	3.2634749E-011
5.999	3.4651872E-011
6	3.6969868E-011
6.001	3.9525137E-011
6.002	4.2248687E-011
6.003	4.5067939E-011
6.004	4.7908458E-011
6.005	5.0695892E-011
6.006	5.3357766E-011
6.007	5.5825261E-011
6.008	5.8034948E-011
6.009	5.9930234E-011
6.01	6.1462835E-011
6.011	6.2593722E-011
6.012	6.3294224E-011
6.013	6.3546508E-011
6.014	6.3344024E-011
6.015	6.2691526E-011
6.016	6.1604929E-011
6.017	6.0110784E-011
6.018	5.8245520E-011
6.019	5.6054491E-011
6.02	5.3590795E-011
6.021	5.0913822E-011
6.022	4.8087825E-011
6.023	4.5180231E-011
6.024	4.2259970E-011
6.025	3.9395789E-011
6.026	3.6654516E-011
6.027	3.4099477E-011
6.028	3.1788898E-011
6.029	2.9774530E-011
6.03	2.8100454E-011
6.031	2.6801943E-011
6.032	2.5904716E-011
6.033	2.5424357E-011
6.034	2.5366011E-011
6.035	2.5724310E-011
6.036	2.6483619E-011
6.037	2.7618487E-011
6.038	2.9094357E-011
6.039	3.0868516E-011
6.04	3.2891176E-011
6.041	3.5106827E-011
6.042	3.7455605E-011
6.043	3.9874805E-011
6.044	4.2300479E-011
6.045	4.4669046E-011
6.046	4.6918774E-011
6.047	4.8991408E-011
6.048	5.0833480E-011
6.049	5.2397670E-011
6.05	5.3643836E-011
6.051	5.4540070E-011
6.052	5.5063343E-011
6.053	5.5199997E-011
6.054	5.4946107E-011
6.055	5.4307416E-011
6.056	5.3299247E-011
6.057	5.1945934E-011
6.058	5.0280273E-011
6.059	4.8342556E-011
6.06	4.6179584E-011
6.061	4.3843377E-011
6.062	4.1389860E-011
6.063	3.8877460E-011
6.064	3.6365536E-011
6.065	3.3912959E-011
6.066	3.1576644E-011
6.067	2.9410162E-011
6.068	2.7462413E-011
6.069	2.5776523E-011
6.07	2.4388836E-011
6.071	2.3328057E-011
6.072	2.2614657E-011
6.073	2.2260379E-011
6.074	2.2268068E-011
6.075	2.2631640E-011
6.076	2.3336277E-011
6.077	2.4358857E-011
6.078	2.5668587E-011
6.079	2.7227789E-011
6.08	2.8992872E-011
6.081	3.0915440E-011
6.082	3.2943537E-011
6.083	3.5022873E-011
6.084	3.7098307E-011
6.085	3.9115124E-011
6.086	4.1020510E-011
6.087	4.2764733E-011
6.088	4.4302527E-011
6.089	4.5594115E-011
6.09	4.6606174E-011
6.091	4.7312675E-011
6.092	4.7695358E-011
6.093	4.7744211E-011
6.094	4.7457607E-011
6.095	4.6842238E-011
6.096	4.5912867E-011
6.097	4.4691917E-011
6.098	4.3208798E-011
6.099	4.1499196E-011
6.1	3.9604098E-011
6.101	3.7568736E-011
6.102	3.5441514E-011
6.103	3.3272701E-011
6.104	3.1113265E-011
6.105	2.9013628E-011
6.106	2.7022331E-011
6.107	2.5184924E-011
6.108	2.3542831E-011
6.109	2.2132319E-011
6.11	2.0983661E-011
6.111	2.0120414E-011
6.112	1.9558884E-011
6.113	1.9307781E-011
6.114	1.9368045E-011
6.115	1.9732929E-011
6.116	2.0388179E-011
6.117	2.1312478E-011
6.118	2.2478000E-011
6.119	2.3851152E-011
6.12	2.5393484E-011
6.121	2.7062609E-011
6.122	2.8813330E-011
6.123	3.0598777E-011
6.124	3.2371578E-011
6.125	3.4085013E-011
6.126	3.5694194E-011
6.127	3.7157218E-011
6.128	3.8436039E-011
6.129	3.9497541E-011
6.13	4.0314200E-011
6.131	4.0864815E-011
6.132	4.1134901E-011
6.133	4.1117099E-011
6.134	4.0811219E-011
6.135	4.0224227E-011
6.136	3.9370028E-011
6.137	3.8269086E-011
6.138	3.6947771E-011
6.139	3.5437767E-011
6.14	3.3775215E-011
6.141	3.1999754E-011
6.142	3.0153519E-011
6.143	2.8280097E-011
6.144	2.6423429E-011
6.145	2.4626726E-011
6.146	2.2931391E-011
6.147	2.1376017E-011
6.148	1.9995484E-011
6.149	1.8820043E-011
6.15	1.7874681E-011
6.151	1.7178490E-011
6.152	1.6744233E-011
6.153	1.6578103E-011
6.154	1.6679580E-011
6.155	1.7041514E-011
6.156	1.7650357E-011
6.157	1.8486527E-011
6.158	1.9524982E-011
6.159	2.0735857E-011
6.16	2.2085247E-011
6.161	2.3536078E-011
6.162	2.5049025E-011
6.163	2.6583588E-011
6.164	2.8098949E-011
6.165	2.9555129E-011
6.166	3.0913855E-011
6.167	3.2139565E-011
6.168	3.3200269E-011
6.169	3.4068273E-011
6.17	3.4720907E-011
6.171	3.5141012E-011
6.172	3.5317364E-011
6.173	3.5244880E-011
6.174	3.4924754E-011
6.175	3.4364286E-011
6.176	3.3576759E-011
6.177	3.2580969E-011
6.178	3.1400760E-011
6.179	3.0064392E-011
6.18	2.8603741E-011
6.181	2.7053550E-011
6.182	2.5450511E-011
6.183	2.3832361E-011
6.184	2.2236921E-011
6.185	2.0701177E-011
6.186	1.9260399E-011
6.187	1.7947218E-011
6.188	1.6790916E-011
6.189	1.5816662E-011
6.19	1.5044957E-011
6.191	1.4491129E-011
6.192	1.4164984E-011
6.193	1.4070635E-011
6.194	1.4206390E-011
6.195	1.4564863E-011
6.196	1.5133193E-011
6.197	1.5893419E-011
6.198	1.6822922E-011
6.199	1.7895071E-011
6.2	1.9079852E-011
6.201	2.0344696E-011
6.202	2.1655266E-011
6.203	2.2976326E-011
6.204	2.4272653E-011
6.205	2.5509865E-011
6.206	2.6655334E-011
6.207	2.7678942E-011
6.208	2.8553838E-011
6.209	2.9257072E-011
6.21	2.9770148E-011
6.211	3.0079435E-011
6.212	3.0176476E-011
6.213	3.0058189E-011
6.214	2.9726846E-011
6.215	2.9190018E-011
6.216	2.8460350E-011
6.217	2.7555186E-011
6.218	2.6496118E-011
6.219	2.5308420E-011
6.22	2.4020388E-011
6.221	2.2662637E-011
6.222	2.1267273E-011
6.223	1.9867127E-011
6.224	1.8494930E-011
6.225	1.7182490E-011
6.226	1.5959890E-011
6.227	1.4854788E-011
6.228	1.3891719E-011
6.229	1.3091526E-011
6.23	1.2470843E-011
6.231	1.2041743E-011
6.232	1.1811446E-011
6.233	1.1782165E-011
6.234	1.1951099E-011
6.235	1.2310528E-011
6.236	1.2848032E-011
6.237	1.3546839E-011
6.238	1.4386275E-011
6.239	1.5342321E-011
6.24	1.6388214E-011
6.241	1.7495179E-011
6.242	1.8633128E-011
6.243	1.9771436E-011
6.244	2.0879723E-011
6.245	2.1928560E-011
6.246	2.2890235E-011
6.247	2.3739403E-011
6.248	2.4453699E-011
6.249	2.5014261E-011
6.25	2.5406179E-011
6.251	2.5618851E-011
6.252	2.5646173E-011
6.253	2.5486708E-011
6.254	2.5143684E-011
6.255	2.4624885E-011
6.256	2.3942423E-011
6.257	2.3112423E-011
6.258	2.2154615E-011
6.259	2.1091807E-011
6.26	1.9949289E-011
6.261	1.8754222E-011
6.262	1.7534890E-011
6.263	1.6320036E-011
6.264	1.5138101E-011
6.265	1.4016510E-011
6.266	1.2981003E-011
6.267	1.2054985E-011
6.268	1.1258979E-011
6.269	1.0610096E-011
6.27	1.0121660E-011
6.271	9.8029050E-012
6.272	9.6587417E-012
6.273	9.6896970E-012
6.274	9.8919154E-012
6.275	1.0257295E-011
6.276	1.0773714E-011
6.277	1.1425360E-011
6.278	1.2193161E-011
6.279	1.3055290E-011
6.28	1.3987701E-011
6.281	1.4964776E-011
6.282	1.5959957E-011
6.283	1.6946415E-011
6.284	1.7897720E-011
6.285	1.8788505E-011
6.286	1.9595060E-011
6.287	2.0295963E-011
6.288	2.0872543E-011
6.289	2.1309354E-011
6.29	2.1594547E-011
6.291	2.1720122E-011
6.292	2.1682142E-011
6.293	2.1480760E-011
6.294	2.1120243E-011
6.295	2.0608791E-011
6.296	1.9958372E-011
6.297	1.9184361E-011
6.298	1.8305132E-011
6.299	1.7341599E-011
6.3	1.6316695E-011
6.301	1.5254754E-011
6.302	1.4180900E-011
6.303	1.3120438E-011
6.304	1.2098177E-011
6.305	1.1137828E-011
6.306	1.0261418E-011
6.307	9.4887388E-012
6.308	8.8368540E-012
6.309	8.3197008E-012
6.31	7.9477579E-012
6.311	7.7277984E-012
6.312	7.6627593E-012
6.313	7.7516708E-012
6.314	7.9897191E-012
6.315	8.3683910E-012
6.316	8.8756962E-012
6.317	9.4964869E-012
6.318	1.0212868E-011
6.319	1.1004636E-011
6.32	1.1849821E-011
6.321	1.2725230E-011
6.322	1.3607042E-011
6.323	1.4471403E-011
6.324	1.5295029E-011
6.325	1.6055809E-011
6.326	1.6733297E-011
6.327	1.7309274E-011
6.328	1.7768164E-011
6.329	1.8097423E-011
6.33	1.8287830E-011
6.331	1.8333703E-011
6.332	1.8233037E-011
6.333	1.7987500E-011
6.334	1.7602414E-011
6.335	1.7086589E-011
6.336	1.6452048E-011
6.337	1.5713732E-011
6.338	1.4889142E-011
6.339	1.3997841E-011
6.34	1.3060986E-011
6.341	1.2100783E-011
6.342	1.1139934E-011
6.343	1.0201080E-011
6.344	9.3062155E-012
6.345	8.4761555E-012
6.346	7.7300197E-012
6.347	7.0847399E-012
6.348	6.5546492E-012
6.349	6.1511308E-012
6.35	5.8823367E-012
6.351	5.7529957E-012
6.352	5.7643079E-012
6.353	5.9139312E-012
6.354	6.1960610E-012
6.355	6.6015821E-012
6.356	7.1183242E-012
6.357	7.7313789E-012
6.358	8.4234885E-012
6.359	9.1754729E-012
6.36	9.9667462E-012
6.361	1.0775800E-011
6.362	1.1580767E-011
6.363	1.2359960E-011
6.364	1.3092401E-011
6.365	1.3758366E-011
6.366	1.4339850E-011
6.367	1.4821032E-011
6.368	1.5188666E-011
6.369	1.5432404E-011
6.37	1.5545043E-011
6.371	1.5522694E-011
6.372	1.5364883E-011
6.373	1.5074542E-011
6.374	1.4657886E-011
6.375	1.4124319E-011
6.376	1.3486112E-011
6.377	1.2758137E-011
6.378	1.1957471E-011
6.379	1.1102966E-011
6.38	1.0214797E-011
6.381	9.3139533E-012
6.382	8.4217026E-012
6.383	7.5590957E-012
6.384	6.7464181E-012
6.385	6.0027031E-012
6.386	5.3452542E-012
6.387	4.7892280E-012
6.388	4.3472513E-012
6.389	4.0291217E-012
6.39	3.8415759E-012
6.391	3.7881269E-012
6.392	3.8689889E-012
6.393	4.0810814E-012
6.394	4.4181165E-012
6.395	4.8707518E-012
6.396	5.4268365E-012
6.397	6.0717069E-012
6.398	6.7885610E-012
6.399	7.5588633E-012
6.4	8.3628070E-012
6.401	9.1798088E-012
6.402	9.9890148E-012
6.403	1.0769800E-011
6.404	1.1502277E-011
6.405	1.2167780E-011
6.406	1.2749309E-011
6.407	1.3231940E-011
6.408	1.3603165E-011
6.409	1.3853197E-011
6.41	1.3975189E-011
6.411	1.3965388E-011
6.412	1.3823224E-011
6.413	1.3551328E-011
6.414	1.3155462E-011
6.415	1.2644417E-011
6.416	1.2029826E-011
6.417	1.1325905E-011
6.418	1.0549151E-011
6.419	9.7179478E-012
6.42	8.8521204E-012
6.421	7.9724118E-012
6.422	7.0998893E-012
6.423	6.2553266E-012
6.424	5.4585811E-012
6.425	4.7280335E-012
6.426	4.0801377E-012
6.427	3.5291384E-012
6.428	3.0869764E-012
6.429	2.7633857E-012
6.43	2.5661294E-012
6.431	2.5012978E-012
6.432	2.5735917E-012
6.433	2.7865128E-012
6.434	3.1424223E-012
6.435	3.6424774E-012
6.436	4.2864883E-012
6.437	5.0727734E-012
6.438	5.9980818E-012
6.439	7.0576678E-012
6.44	8.2454937E-012
6.441	9.5545993E-012
6.442	1.0977576E-011
6.443	1.2507087E-011
6.444	1.4136390E-011
6.445	1.5859781E-011
6.446	1.7673000E-011
6.447	1.9573503E-011
6.448	2.1560601E-011
6.449	2.3635569E-011
6.45	2.5801618E-011
6.451	2.8063767E-011
6.452	3.0428684E-011
6.453	3.2904457E-011
6.454	3.5500332E-011
6.455	3.8226235E-011
6.456	4.1092581E-011
6.457	4.4109650E-011
6.458	4.7287285E-011
6.459	5.0634281E-011
6.46	5.4157952E-011
6.461	5.7863558E-011
6.462	6.1753908E-011
6.463	6.5828828E-011
6.464	7.0084744E-011
6.465	7.4514353E-011
6.466	7.9106291E-011
6.467	8.3844827E-011
6.468	8.8709970E-011
6.469	9.3677191E-011
6.47	9.8717534E-011
6.471	1.0379794E-010
6.472	1.0888126E-010
6.473	1.1392681E-010
6.474	1.1889074E-010
6.475	1.2372658E-010
6.476	1.2838595E-010
6.477	1.3281924E-010
6.478	1.3697635E-010
6.479	1.4080750E-010
6.48	1.4426434E-010
6.481	1.4730048E-010
6.482	1.4987264E-010
6.483	1.5194132E-010
6.484	1.5347171E-010
6.485	1.5443417E-010
6.486	1.5480510E-010
6.487	1.5456741E-010
6.488	1.5371061E-010
6.489	1.5223162E-010
6.49	1.5013472E-010
6.491	1.4743146E-010
6.492	1.4414102E-010
6.493	1.4028965E-010
6.494	1.3591062E-010
6.495	1.3104381E-010
6.496	1.2573503E-010
6.497	1.2003576E-010
6.498	1.1400195E-010
6.499	1.0769366E-010
6.5	1.0117396E-010
6.501	9.4507922E-011
6.502	8.7761812E-011
6.503	8.1001914E-011
6.504	7.4293641E-011
6.505	6.7700394E-011
6.506	6.1282819E-011
6.507	5.5097642E-011
6.508	4.9197098E-011
6.509	4.3628063E-011
6.51	3.8431407E-011
6.511	3.3641534E-011
6.512	2.9285945E-011
6.513	2.5384956E-011
6.514	2.1951527E-011
6.515	1.8991307E-011
6.516	1.6502712E-011
6.517	1.4477180E-011
6.518	1.2899535E-011
6.519	1.1748456E-011
6.52	1.0997049E-011
6.521	1.0613519E-011
6.522	1.0561881E-011
6.523	1.0802769E-011
6.524	1.1294266E-011
6.525	1.1992764E-011
6.526	1.2853821E-011
6.527	1.3833033E-011
6.528	1.4886838E-011
6.529	1.5973325E-011
6.53	1.7052937E-011
6.531	1.8089133E-011
6.532	1.9048978E-011
6.533	1.9903582E-011
6.534	2.0628558E-011
6.535	2.1204236E-011
6.536	2.1615895E-011
6.537	2.1853776E-011
6.538	2.1913103E-011
6.539	2.1793907E-011
6.54	2.1500787E-011
6.541	2.1042612E-011
6.542	2.0432078E-011
6.543	1.9685295E-011
6.544	1.8821177E-011
6.545	1.7860942E-011
6.546	1.6827479E-011
6.547	1.5744723E-011
6.548	1.4637069E-011
6.549	1.3528708E-011
6.55	1.2443118E-011
6.551	1.1402454E-011
6.552	1.0427094E-011
6.553	9.5352094E-012
6.554	8.7423775E-012
6.555	8.0612999E-012
6.556	7.5016018E-012
6.557	7.0696790E-012
6.558	6.7686425E-012
6.559	6.5983607E-012
6.56	6.5555447E-012
6.561	6.6339347E-012
6.562	6.8245301E-012
6.563	7.1158981E-012
6.564	7.4945120E-012
6.565	7.9451610E-012
6.566	8.4513421E-012
6.567	8.9957321E-012
6.568	9.5606040E-012
6.569	1.0128290E-011
6.57	1.0681606E-011
6.571	1.1204255E-011
6.572	1.1681218E-011
6.573	1.2099059E-011
6.574	1.2446252E-011
6.575	1.2713391E-011
6.576	1.2893373E-011
6.577	1.2981524E-011
6.578	1.2975633E-011
6.579	1.2875972E-011
6.58	1.2685202E-011
6.581	1.2408256E-011
6.582	1.2052161E-011
6.583	1.1625795E-011
6.584	1.1139644E-011
6.585	1.0605485E-011
6.586	1.0036073E-011
6.587	9.4447878E-012
6.588	8.8453142E-012
6.589	8.2512608E-012
6.59	7.6758530E-012
6.591	7.1315905E-012
6.592	6.6299570E-012
6.593	6.1811498E-012
6.594	5.7938515E-012
6.595	5.4750349E-012
6.596	5.2298313E-012
6.597	5.0614270E-012
6.598	4.9710314E-012
6.599	4.9578774E-012
6.6	5.0192901E-012
6.601	5.1507787E-012
6.602	5.3461922E-012
6.603	5.5979110E-012
6.604	5.8970502E-012
6.605	6.2337197E-012
6.606	6.5972857E-012
6.607	6.9766506E-012
6.608	7.3605401E-012
6.609	7.7377913E-012
6.61	8.0976371E-012
6.611	8.4299538E-012
6.612	8.7255142E-012
6.613	8.9762052E-012
6.614	9.1751962E-012
6.615	9.3171009E-012
6.616	9.3980787E-012
6.617	9.4158917E-012
6.618	9.3699605E-012
6.619	9.2613261E-012
6.62	9.0925982E-012
6.621	8.8678917E-012
6.622	8.5926622E-012
6.623	8.2735702E-012
6.624	7.9182945E-012
6.625	7.5353213E-012
6.626	7.1337025E-012
6.627	6.7228384E-012
6.628	6.3122246E-012
6.629	5.9112095E-012
6.63	5.5287615E-012
6.631	5.1732551E-012
6.632	4.8522653E-012
6.633	4.5723893E-012
6.634	4.3391037E-012
6.635	4.1566394E-012
6.636	4.0278948E-012
6.637	3.9543876E-012
6.638	3.9362363E-012
6.639	3.9721759E-012
6.64	4.0596094E-012
6.641	4.1946941E-012
6.642	4.3724508E-012
6.643	4.5869051E-012
6.644	4.8312456E-012
6.645	5.0980101E-012
6.646	5.3792821E-012
6.647	5.6668880E-012
6.648	5.9526169E-012
6.649	6.2284271E-012
6.65	6.4866428E-012
6.651	6.7201496E-012
6.652	6.9225628E-012
6.653	7.0883781E-012
6.654	7.2130956E-012
6.655	7.2933231E-012
6.656	7.3268284E-012
6.657	7.3126002E-012
6.658	7.2508436E-012
6.659	7.1429611E-012
6.66	6.9915050E-012
6.661	6.8000909E-012
6.662	6.5733044E-012
6.663	6.3165679E-012
6.664	6.0359859E-012
6.665	5.7381955E-012
6.666	5.4301849E-012
6.667	5.1191135E-012
6.668	4.8121268E-012
6.669	4.5161882E-012
6.67	4.2379026E-012
6.671	3.9833471E-012
6.672	3.7579419E-012
6.673	3.5663152E-012
6.674	3.4121950E-012
6.675	3.2983340E-012
6.676	3.2264423E-012
6.677	3.1971652E-012
6.678	3.2100709E-012
6.679	3.2636782E-012
6.68	3.3555016E-012
6.681	3.4821317E-012
6.682	3.6393284E-012
6.683	3.8221379E-012
6.684	4.0250294E-012
6.685	4.2420451E-012
6.686	4.4669446E-012
6.687	4.6933746E-012
6.688	4.9150250E-012
6.689	5.1257830E-012
6.69	5.3198808E-012
6.691	5.4920474E-012
6.692	5.6376132E-012
6.693	5.7526366E-012
6.694	5.8339856E-012
6.695	5.8794185E-012
6.696	5.8876077E-012
6.697	5.8581972E-012
6.698	5.7917711E-012
6.699	5.6898401E-012
6.7	5.5548001E-012
6.701	5.3898483E-012
6.702	5.1989086E-012
6.703	4.9865103E-012
6.704	4.7576791E-012
6.705	4.5178002E-012
6.706	4.2724799E-012
6.707	4.0273982E-012
6.708	3.7881733E-012
6.709	3.5602070E-012
6.71	3.3485703E-012
6.711	3.1578663E-012
6.712	2.9921269E-012
6.713	2.8547169E-012
6.714	2.7482560E-012
6.715	2.6745669E-012
6.716	2.6346353E-012
6.717	2.6285946E-012
6.718	2.6557359E-012
6.719	2.7145319E-012
6.72	2.8026858E-012
6.721	2.9171953E-012
6.722	3.0544371E-012
6.723	3.2102641E-012
6.724	3.3801085E-012
6.725	3.5591061E-012
6.726	3.7422140E-012
6.727	3.9243422E-012
6.728	4.1004778E-012
6.729	4.2658112E-012
6.73	4.4158557E-012
6.731	4.5465515E-012
6.732	4.6543706E-012
6.733	4.7364001E-012
6.734	4.7904011E-012
6.735	4.8148638E-012
6.736	4.8090368E-012
6.737	4.7729381E-012
6.738	4.7073422E-012
6.739	4.6137599E-012
6.74	4.4943862E-012
6.741	4.3520417E-012
6.742	4.1900966E-012
6.743	4.0123777E-012
6.744	3.8230669E-012
6.745	3.6265958E-012
6.746	3.4275345E-012
6.747	3.2304699E-012
6.748	3.0398975E-012
6.749	2.8601067E-012
6.75	2.6950764E-012
6.751	2.5483823E-012
6.752	2.4231073E-012
6.753	2.3217704E-012
6.754	2.2462735E-012
6.755	2.1978524E-012
6.756	2.1770584E-012
6.757	2.1837493E-012
6.758	2.2170980E-012
6.759	2.2756228E-012
6.76	2.3572305E-012
6.761	2.4592743E-012
6.762	2.5786233E-012
6.763	2.7117523E-012
6.764	2.8548258E-012
6.765	3.0037988E-012
6.766	3.1545257E-012
6.767	3.3028528E-012
6.768	3.4447317E-012
6.769	3.5763157E-012
6.77	3.6940498E-012
6.771	3.7947644E-012
6.772	3.8757439E-012
6.773	3.9347991E-012
6.774	3.9703063E-012
6.775	3.9812533E-012
6.776	3.9672527E-012
6.777	3.9285502E-012
6.778	3.8660073E-012
6.779	3.7810753E-012
6.78	3.6757515E-012
6.781	3.5525246E-012
6.782	3.4143077E-012
6.783	3.2643606E-012
6.784	3.1062060E-012
6.785	2.9435380E-012
6.786	2.7801322E-012
6.787	2.6197477E-012
6.788	2.4660315E-012
6.789	2.3224333E-012
6.79	2.1921161E-012
6.791	2.0778858E-012
6.792	1.9821148E-012
6.793	1.9067003E-012
6.794	1.8530115E-012
6.795	1.8218654E-012
6.796	1.8135123E-012
6.797	1.8276353E-012
6.798	1.8633632E-012
6.799	1.9192957E-012
6.8	1.9935464E-012
6.801	2.0837891E-012
6.802	2.1873228E-012
6.803	2.3011393E-012
6.804	2.4220049E-012
6.805	2.5465365E-012
6.806	2.6712929E-012
6.807	2.7928621E-012
6.808	2.9079432E-012
6.809	3.0134322E-012
6.81	3.1064960E-012
6.811	3.1846409E-012
6.812	3.2457698E-012
6.813	3.2882312E-012
6.814	3.3108555E-012
6.815	3.3129784E-012
6.816	3.2944530E-012
6.817	3.2556488E-012
6.818	3.1974388E-012
6.819	3.1211739E-012
6.82	3.0286466E-012
6.821	2.9220404E-012
6.822	2.8038728E-012
6.823	2.6769299E-012
6.824	2.5441923E-012
6.825	2.4087583E-012
6.826	2.2737686E-012
6.827	2.1423219E-012
6.828	2.0174014E-012
6.829	1.9017995E-012
6.83	1.7980523E-012
6.831	1.7083784E-012
6.832	1.6346261E-012
6.833	1.5782322E-012
6.834	1.5401884E-012
6.835	1.5210222E-012
6.836	1.5207873E-012
6.837	1.5390647E-012
6.838	1.5749793E-012
6.839	1.6272246E-012
6.84	1.6940995E-012
6.841	1.7735550E-012
6.842	1.8632476E-012
6.843	1.9606042E-012
6.844	2.0628820E-012
6.845	2.1672462E-012
6.846	2.2708335E-012
6.847	2.3708275E-012
6.848	2.4645271E-012
6.849	2.5494136E-012
6.85	2.6232074E-012
6.851	2.6839286E-012
6.852	2.7299432E-012
6.853	2.7599973E-012
6.854	2.7732506E-012
6.855	2.7692911E-012
6.856	2.7481433E-012
6.857	2.7102619E-012
6.858	2.6565174E-012
6.859	2.5881697E-012
6.86	2.5068305E-012
6.861	2.4144246E-012
6.862	2.3131343E-012
6.863	2.2053446E-012
6.864	2.0935816E-012
6.865	1.9804490E-012
6.866	1.8685619E-012
6.867	1.7604825E-012
6.868	1.6586551E-012
6.869	1.5653485E-012
6.87	1.4826006E-012
6.871	1.4121704E-012
6.872	1.3554942E-012
6.873	1.3136560E-012
6.874	1.2873634E-012
6.875	1.2769292E-012
6.876	1.2822707E-012
6.877	1.3029139E-012
6.878	1.3380070E-012
6.879	1.3863442E-012
6.88	1.4464000E-012
6.881	1.5163709E-012
6.882	1.5942193E-012
6.883	1.6777316E-012
6.884	1.7645721E-012
6.885	1.8523447E-012
6.886	1.9386547E-012
6.887	2.0211641E-012
6.888	2.0976567E-012
6.889	2.1660846E-012
6.89	2.2246230E-012
6.891	2.2717102E-012
6.892	2.3060835E-012
6.893	2.3268126E-012
6.894	2.3333124E-012
6.895	2.3253634E-012
6.896	2.3031128E-012
6.897	2.2670702E-012
6.898	2.2180959E-012
6.899	2.1573828E-012
6.9	2.0864267E-012
6.901	2.0069918E-012
6.902	1.9210664E-012
6.903	1.8308057E-012
6.904	1.7384715E-012
6.905	1.6463555E-012
6.906	1.5567026E-012
6.907	1.4716295E-012
6.908	1.3930498E-012
6.909	1.3226119E-012
6.91	1.2616606E-012
6.911	1.2112185E-012
6.912	1.1719952E-012
6.913	1.1444177E-012
6.914	1.1286668E-012
6.915	1.1247191E-012
6.916	1.1323738E-012
6.917	1.1512624E-012
6.918	1.1808414E-012
6.919	1.2203712E-012
6.92	1.2688905E-012
6.921	1.3251964E-012
6.922	1.3878418E-012
6.923	1.4551535E-012
6.924	1.5252735E-012
6.925	1.5962161E-012
6.926	1.6659387E-012
6.927	1.7324168E-012
6.928	1.7937153E-012
6.929	1.8480551E-012
6.93	1.8938631E-012
6.931	1.9298198E-012
6.932	1.9548896E-012
6.933	1.9683467E-012
6.934	1.9697854E-012
6.935	1.9591375E-012
6.936	1.9366702E-012
6.937	1.9029854E-012
6.938	1.8590103E-012
6.939	1.8059797E-012
6.94	1.7454084E-012
6.941	1.6790462E-012
6.942	1.6088211E-012
6.943	1.5367642E-012
6.944	1.4649190E-012
6.945	1.3952434E-012
6.946	1.3295093E-012
6.947	1.2692163E-012
6.948	1.2155267E-012
6.949	1.1692383E-012
6.95	1.1307912E-012
6.951	1.1003214E-012
6.952	1.0777373E-012
6.953	1.0628159E-012
6.954	1.0552941E-012
6.955	1.0549407E-012
6.956	1.0615934E-012
6.957	1.0751542E-012
6.958	1.0955457E-012
6.959	1.1226425E-012
6.96	1.1561842E-012
6.961	1.1956985E-012
6.962	1.2404434E-012
6.963	1.2893849E-012
6.964	1.3412086E-012
6.965	1.3943678E-012
6.966	1.4471603E-012
6.967	1.4978173E-012
6.968	1.5445958E-012
6.969	1.5858678E-012
6.97	1.6201913E-012
6.971	1.6463693E-012
6.972	1.6634904E-012
6.973	1.6709555E-012
6.974	1.6684960E-012
6.975	1.6561794E-012
6.976	1.6344118E-012
6.977	1.6039289E-012
6.978	1.5657779E-012
6.979	1.5212836E-012
6.98	1.4720025E-012
6.981	1.4196512E-012
6.982	1.3660194E-012
6.983	1.3128726E-012
6.984	1.2618438E-012
6.985	1.2143369E-012
6.986	1.1714471E-012
6.987	1.1339128E-012
6.988	1.1021077E-012
6.989	1.0760695E-012
6.99	1.0555674E-012
6.991	1.0401918E-012
6.992	1.0294552E-012
6.993	1.0228903E-012
6.994	1.0201302E-012
6.995	1.0209566E-012
6.996	1.0253213E-012
6.997	1.0333249E-012
6.998	1.0451680E-012
6.999	1.0610761E-012
7	1.0812109E-012
7.001	1.1055818E-012
7.002	1.1339699E-012
7.003	1.1658776E-012
7.004	1.2005133E-012
7.005	1.2368072E-012
7.006	1.2734689E-012
7.007	1.3090640E-012
7.008	1.3421096E-012
7.009	1.3711719E-012
7.01	1.3949597E-012
7.011	1.4124006E-012
7.012	1.4227030E-012
7.013	1.4253959E-012
7.014	1.4203558E-012
7.015	1.4078100E-012
7.016	1.3883273E-012
7.017	1.3627901E-012
7.018	1.3323453E-012
7.019	1.2983395E-012
7.02	1.2622342E-012
7.021	1.2255097E-012
7.022	1.1895653E-012
7.023	1.1556249E-012
7.024	1.1246629E-012
7.025	1.0973532E-012
7.026	1.0740578E-012
7.027	1.0548426E-012
7.028	1.0395261E-012
7.029	1.0277480E-012
7.03	1.0190435E-012
7.031	1.0129207E-012
7.032	1.0089244E-012
7.033	1.0066867E-012
7.034	1.0059590E-012
7.035	1.0066288E-012
7.036	1.0087172E-012
7.037	1.0123628E-012
7.038	1.0177922E-012
7.039	1.0252740E-012
7.04	1.0350667E-012
7.041	1.0473562E-012
7.042	1.0621948E-012
7.043	1.0794485E-012
7.044	1.0987606E-012
7.045	1.1195402E-012
7.046	1.1409786E-012
7.047	1.1620972E-012
7.048	1.1818165E-012
7.049	1.1990459E-012
7.05	1.2127771E-012
7.051	1.2221751E-012
7.052	1.2266533E-012
7.053	1.2259264E-012
7.054	1.2200374E-012
7.055	1.2093549E-012
7.056	1.1945380E-012
7.057	1.1764787E-012
7.058	1.1562198E-012
7.059	1.1348627E-012
7.06	1.1134729E-012
7.061	1.0929928E-012
7.062	1.0741769E-012
7.063	1.0575506E-012
7.064	1.0434009E-012
7.065	1.0317927E-012
7.066	1.0226083E-012
7.067	1.0155991E-012
7.068	1.0104401E-012
7.069	1.0067810E-012
7.07	1.0042866E-012
7.071	1.0026645E-012
7.072	1.0016816E-012
7.073	1.0011699E-012
7.074	1.0010265E-012
7.075	1.0012105E-012
7.076	1.0017374E-012
7.077	1.0026713E-012
7.078	1.0041187E-012
7.079	1.0062132E-012
7.08	1.0091008E-012
7.081	1.0129153E-012
7.082	1.0177498E-012
7.083	1.0236253E-012
7.084	1.0304628E-012
7.085	1.0380620E-012
7.086	1.0460966E-012
7.087	1.0541267E-012
7.088	1.0616357E-012
7.089	1.0680797E-012
7.09	1.0729526E-012
7.091	1.0758496E-012
7.092	1.0765228E-012
7.093	1.0749137E-012
7.094	1.0711631E-012
7.095	1.0655901E-012
7.096	1.0586484E-012
7.097	1.0508670E-012
7.098	1.0427848E-012
7.099	1.0348909E-012
7.1	1.0275796E-012
7.101	1.0211248E-012
7.102	1.0156746E-012
7.103	1.0112632E-012
7.104	1.0078353E-012
7.105	1.0052753E-012
7.106	1.0034363E-012
7.107	1.0021649E-012
7.108	1.0013189E-012
7.109	1.0007766E-012
7.11	1.0004419E-012
7.111	1.0002430E-012
7.112	1.0001289E-012
7.113	1.0000660E-012
7.114	1.0000326E-012
7.115	1.0000155E-012
7.116	1.0000070E-012
7.117	1.0000030E-012
7.118	1.0000012E-012
7.119	1.0000003E-012
7.12	1.0000000E-012
7.121	9.9999989E-013
7.122	9.9999978E-013
7.123	9.9999978E-013
7.124	9.9999978E-013
7.125	9.9999978E-013
7.126	9.9999978E-013
7.127	9.9999978E-013
7.128	9.9999978E-013
7.129	9.9999978E-013
7.13	9.9999978E-013
7.131	9.9999978E-013
7.132	9.9999978E-013
7.133	9.9999978E-013
7.134	9.9999978E-013
7.135	9.9999978E-013
7.136	9.9999978E-013
7.137	9.9999978E-013
7.138	9.9999978E-013
7.139	9.9999978E-013
7.14	9.9999978E-013
7.141	9.9999978E-013
7.142	9.9999978E-013
7.143	9.9999978E-013
7.144	9.9999978E-013
7.145	9.9999978E-013
7.146	9.9999978E-013
7.147	9.9999978E-013
7.148	9.9999978E-013
7.149	9.9999978E-013
7.15	9.9999978E-013
7.151	9.9999978E-013
7.152	9.9999978E-013
7.153	9.9999978E-013
7.154	9.9999978E-013
7.155	9.9999978E-013
7.156	9.9999978E-013
7.157	9.9999978E-013
7.158	9.9999978E-013
7.159	9.9999978E-013
7.16	9.9999978E-013
7.161	9.9999978E-013
7.162	9.9999978E-013
7.163	9.9999978E-013
7.164	9.9999978E-013
7.165	9.9999978E-013
7.166	9.9999978E-013
7.167	9.9999978E-013
7.168	9.9999978E-013
7.169	9.9999978E-013
7.17	9.9999978E-013
7.171	9.9999978E-013
7.172	9.9999978E-013
7.173	9.9999978E-013
7.174	9.9999978E-013
7.175	9.9999978E-013
7.176	9.9999978E-013
7.177	9.9999978E-013
7.178	9.9999978E-013
7.179	9.9999978E-013
7.18	9.9999978E-013
7.181	9.9999978E-013
7.182	9.9999978E-013
7.183	9.9999978E-013
7.184	9.9999978E-013
7.185	9.9999978E-013
7.186	9.9999978E-013
7.187	9.9999978E-013
7.188	9.9999978E-013
7.189	9.9999978E-013
7.19	9.9999978E-013
7.191	9.9999978E-013
7.192	9.9999978E-013
7.193	9.9999978E-013
7.194	9.9999978E-013
7.195	9.9999978E-013
7.196	9.9999978E-013
7.197	9.9999978E-013
7.198	9.9999978E-013
7.199	9.9999978E-013
7.2	9.9999978E-013
7.201	9.9999978E-013
7.202	9.9999978E-013
7.203	9.9999978E-013
7.204	9.9999978E-013
7.205	9.9999978E-013
7.206	9.9999978E-013
7.207	9.9999978E-013
7.208	9.9999978E-013
7.209	9.9999978E-013
7.21	9.9999978E-013
7.211	9.9999978E-013
7.212	9.9999978E-013
7.213	9.9999978E-013
7.214	9.9999978E-013
7.215	9.9999978E-013
7.216	9.9999978E-013
7.217	9.9999978E-013
7.218	9.9999978E-013
7.219	9.9999978E-013
7.22	9.9999978E-013
7.221	9.9999978E-013
7.222	9.9999978E-013
7.223	9.9999978E-013
7.224	9.9999978E-013
7.225	9.9999978E-013
7.226	9.9999978E-013
7.227	9.9999978E-013
7.228	9.9999978E-013
7.229	9.9999978E-013
7.23	9.9999978E-013
7.231	9.9999978E-013
7.232	9.9999978E-013
7.233	9.9999978E-013
7.234	9.9999978E-013
7.235	9.9999978E-013
7.236	9.9999978E-013
7.237	9.9999978E-013
7.238	9.9999978E-013
7.239	9.9999978E-013
7.24	9.9999978E-013
7.241	9.9999978E-013
7.242	9.9999978E-013
7.243	9.9999978E-013
7.244	9.9999978E-013
7.245	9.9999978E-013
7.246	9.9999978E-013
7.247	9.9999978E-013
7.248	9.9999989E-013
7.249	1.0000004E-012
7.25	1.0000017E-012
7.251	1.0000048E-012
7.252	1.0000115E-012
7.253	1.0000269E-012
7.254	1.0000606E-012
7.255	1.0001326E-012
7.256	1.0002786E-012
7.257	1.0005657E-012
7.258	1.0011108E-012
7.259	1.0021095E-012
7.26	1.0038765E-012
7.261	1.0068956E-012
7.262	1.0118801E-012
7.263	1.0198356E-012
7.264	1.0321156E-012
7.265	1.0504577E-012
7.266	1.0769852E-012
7.267	1.1141579E-012
7.268	1.1646683E-012
7.269	1.2312746E-012
7.27	1.3165943E-012
7.271	1.4228683E-012
7.272	1.5517329E-012
7.273	1.7040318E-012
7.274	1.8796913E-012
7.275	2.0776798E-012
7.276	2.2960512E-012
7.277	2.5320581E-012
7.278	2.7823206E-012
7.279	3.0430118E-012
7.28	3.3100471E-012
7.281	3.5792458E-012
7.282	3.8464592E-012
7.283	4.1076764E-012
7.284	4.3590821E-012
7.285	4.5971022E-012
7.286	4.8184321E-012
7.287	5.0200655E-012
7.288	5.1993045E-012
7.289	5.3537851E-012
7.29	5.4814924E-012
7.291	5.5807932E-012
7.292	5.6504315E-012
7.293	5.6895621E-012
7.294	5.6977517E-012
7.295	5.6749844E-012
7.296	5.6216611E-012
7.297	5.5385891E-012
7.298	5.4269779E-012
7.299	5.2884073E-012
7.3	5.1248116E-012
7.301	4.9384494E-012
7.302	5.8708455E-012
7.303	5.7781193E-012
7.304	5.6538121E-012
7.305	5.4990175E-012
7.306	5.3174370E-012
7.307	5.1100673E-012
7.308	4.8798747E-012
7.309	4.6311757E-012
7.31	4.3662604E-012
7.311	4.0899575E-012
7.312	3.8041354E-012
7.313	3.5128114E-012
7.314	3.2200575E-012
7.315	2.9291784E-012
7.316	2.6433339E-012
7.317	2.3651346E-012
7.318	2.1077144E-012
7.319	1.8789915E-012
7.32	1.6783437E-012
7.321	1.5056198E-012
7.322	1.3600519E-012
7.323	1.2414892E-012
7.324	1.1484866E-012
7.325	1.0793081E-012
7.326	1.0326636E-012
7.327	1.0070175E-012
7.328	1.0000001E-012
7.329	1.0000001E-012
7.33	1.0000001E-012
7.331	1.0000001E-012
7.332	1.0000001E-012
7.333	1.0000001E-012
7.334	1.0000001E-012
7.335	1.0000001E-012
7.336	1.0000001E-012
7.337	1.0000001E-012
7.338	1.0000001E-012
7.339	1.0000001E-012
7.34	1.0000001E-012
7.341	1.0000001E-012
7.342	1.0000001E-012
7.343	1.0000001E-012
7.344	1.0000001E-012
7.345	1.0000001E-012
7.346	1.0000001E-012
7.347	1.0000001E-012
7.348	1.0000001E-012
7.349	1.0000001E-012
7.35	1.0000001E-012
7.351	1.0000001E-012
7.352	1.0000001E-012
7.353	1.0000001E-012
7.354	1.0000001E-012
7.355	1.0000001E-012
7.356	1.0000001E-012
7.357	1.0000001E-012
7.358	1.0000001E-012
7.359	1.0000001E-012
7.36	1.0000001E-012
7.361	1.0000001E-012
7.362	1.0000001E-012
7.363	1.0000001E-012
7.364	1.0000001E-012
7.365	1.0000001E-012
7.366	1.0000001E-012
7.367	1.0000001E-012
7.368	1.0000001E-012
7.369	1.0000001E-012
7.37	1.0000001E-012
7.371	1.0000001E-012
7.372	1.0000001E-012
7.373	1.0000001E-012
7.374	1.0000001E-012
7.375	1.0000001E-012
7.376	1.0000001E-012
7.377	1.0000001E-012
7.378	1.0000001E-012
7.379	1.0000001E-012
7.38	1.0000001E-012
7.381	1.0000001E-012
7.382	1.0000001E-012
7.383	1.0000001E-012
7.384	1.0000001E-012
7.385	1.0000001E-012
7.386	1.0000001E-012
7.387	1.0000001E-012
7.388	1.0000001E-012
7.389	1.0000001E-012
7.39	1.0000001E-012
7.391	1.0000001E-012
7.392	1.0000001E-012
7.393	1.0000001E-012
7.394	1.0000001E-012
7.395	1.0000001E-012
7.396	1.0000001E-012
7.397	1.0000001E-012
7.398	1.0000001E-012
7.399	1.0000001E-012
7.4	1.0000001E-012
