theta_deg	R
0.001	9.9984109E-001
0.002	9.9976850E-001
0.003	9.9966407E-001
0.004	9.9951768E-001
0.005	9.9931860E-001
0.006	9.9905628E-001
0.007	9.9872315E-001
0.008	9.9831349E-001
0.009	9.9782825E-001
0.01	9.9727309E-001
0.011	9.9665993E-001
0.012	9.9600577E-001
0.013	9.9533039E-001
0.014	9.9465394E-001
0.015	9.9399501E-001
0.016	9.9336731E-001
0.017	9.9277890E-001
0.018	9.9223191E-001
0.019	9.9172324E-001
0.02	9.9124646E-001
0.021	9.9079245E-001
0.022	9.9035352E-001
0.023	9.8992193E-001
0.024	9.8949301E-001
0.025	9.8906344E-001
0.026	9.8863274E-001
0.027	9.8820019E-001
0.028	9.8776639E-001
0.029	9.8733169E-001
0.03	9.8689604E-001
0.031	9.8645926E-001
0.032	9.8602062E-001
0.033	9.8557943E-001
0.034	9.8513538E-001
0.035	9.8468828E-001
0.036	9.8423785E-001
0.037	9.8378515E-001
0.038	9.8333079E-001
0.039	9.8287618E-001
0.04	9.8242247E-001
0.041	9.8197073E-001
0.042	9.8152202E-001
0.043	9.8107570E-001
0.044	9.8063225E-001
0.045	9.8019058E-001
0.046	9.7974986E-001
0.047	9.7930837E-001
0.048	9.7886580E-001
0.049	9.7842038E-001
0.05	9.7797221E-001
0.051	9.7751975E-001
0.052	9.7706395E-001
0.053	9.7660458E-001
0.054	9.7614241E-001
0.055	9.7567838E-001
0.056	9.7521359E-001
0.057	9.7474897E-001
0.058	9.7428495E-001
0.059	9.7382206E-001
0.06	9.7335994E-001
0.061	9.7289771E-001
0.062	9.7243464E-001
0.063	9.7196960E-001
0.064	9.7150117E-001
0.065	9.7102892E-001
0.066	9.7055215E-001
0.067	9.7007114E-001
0.068	9.6958667E-001
0.069	9.6909928E-001
0.07	9.6860987E-001
0.071	9.6811920E-001
0.072	9.6762788E-001
0.073	9.6713650E-001
0.074	9.6664482E-001
0.075	9.6615314E-001
0.076	9.6566105E-001
0.077	9.6516836E-001
0.078	9.6467465E-001
0.079	9.6417952E-001
0.08	9.6368194E-001
0.081	9.6318156E-001
0.082	9.6267754E-001
0.083	9.6216875E-001
0.084	9.6165448E-001
0.085	9.6113449E-001
0.086	9.6060812E-001
0.087	9.6007550E-001
0.088	9.5953697E-001
0.089	9.5899355E-001
0.09	9.5844609E-001
0.091	9.5789534E-001
0.092	9.5734262E-001
0.093	9.5678902E-001
0.094	9.5623535E-001
0.095	9.5568192E-001
0.096	9.5512944E-001
0.097	9.5457822E-001
0.098	9.5402801E-001
0.099	9.5347893E-001
0.1	9.5293027E-001
0.101	9.5238155E-001
0.102	9.5183223E-001
0.103	9.5128113E-001
0.104	9.5072722E-001
0.105	9.5016938E-001
0.106	9.4960600E-001
0.107	9.4903678E-001
0.108	9.4846076E-001
0.109	9.4787741E-001
0.11	9.4728631E-001
0.111	9.4668770E-001
0.112	9.4608223E-001
0.113	9.4547009E-001
0.114	9.4485193E-001
0.115	9.4422817E-001
0.116	9.4359887E-001
0.117	9.4296455E-001
0.118	9.4232434E-001
0.119	9.4167858E-001
0.12	9.4102633E-001
0.121	9.4036686E-001
0.122	9.3969870E-001
0.123	9.3902075E-001
0.124	9.3833113E-001
0.125	9.3762726E-001
0.126	9.3690622E-001
0.127	9.3616456E-001
0.128	9.3539876E-001
0.129	9.3460613E-001
0.13	9.3378448E-001
0.131	9.3293381E-001
0.132	9.3205667E-001
0.133	9.3115860E-001
0.134	9.3024731E-001
0.135	9.2933303E-001
0.136	9.2842644E-001
0.137	9.2753780E-001
0.138	9.2667532E-001
0.139	9.2584360E-001
0.14	9.2504376E-001
0.141	9.2427272E-001
0.142	9.2352456E-001
0.143	9.2279071E-001
0.144	9.2206204E-001
0.145	9.2133027E-001
0.146	9.2058730E-001
0.147	9.1982770E-001
0.148	9.1904783E-001
0.149	9.1824657E-001
0.15	9.1742295E-001
0.151	9.1657817E-001
0.152	9.1571367E-001
0.153	9.1483086E-001
0.154	9.1393125E-001
0.155	9.1301632E-001
0.156	9.1208678E-001
0.157	9.1114318E-001
0.158	9.1018569E-001
0.159	9.0921444E-001
0.16	9.0822917E-001
0.161	9.0722978E-001
0.162	9.0621573E-001
0.163	9.0518683E-001
0.164	9.0414226E-001
0.165	9.0308148E-001
0.166	9.0200353E-001
0.167	9.0090644E-001
0.168	8.9978832E-001
0.169	8.9864600E-001
0.17	8.9747488E-001
0.171	8.9626902E-001
0.172	8.9502031E-001
0.173	8.9371824E-001
0.174	8.9234769E-001
0.175	8.9088947E-001
0.176	8.8931930E-001
0.177	8.8760692E-001
0.178	8.8571805E-001
0.179	8.8361657E-001
0.18	8.8126969E-001
0.181	8.7865609E-001
0.182	8.7577218E-001
0.183	8.7264144E-001
0.184	8.6932081E-001
0.185	8.6589903E-001
0.186	8.6249334E-001
0.187	8.5923725E-001
0.188	8.5626256E-001
0.189	8.5368299E-001
0.19	8.5157514E-001
0.191	8.4996992E-001
0.192	8.4884733E-001
0.193	8.4814346E-001
0.194	8.4776121E-001
0.195	8.4758770E-001
0.196	8.4750974E-001
0.197	8.4742665E-001
0.198	8.4726053E-001
0.199	8.4695786E-001
0.2	8.4648937E-001
0.201	8.4584600E-001
0.202	8.4503251E-001
0.203	8.4406275E-001
0.204	8.4295553E-001
0.205	8.4173042E-001
0.206	8.4040487E-001
0.207	8.3899516E-001
0.208	8.3751398E-001
0.209	8.3597088E-001
0.21	8.3437258E-001
0.211	8.3272290E-001
0.212	8.3102375E-001
0.213	8.2927501E-001
0.214	8.2747620E-001
0.215	8.2562608E-001
0.216	8.2372355E-001
0.217	8.2176816E-001
0.218	8.1975943E-001
0.219	8.1769711E-001
0.22	8.1558168E-001
0.221	8.1341290E-001
0.222	8.1119096E-001
0.223	8.0891448E-001
0.224	8.0658329E-001
0.225	8.0419552E-001
0.226	8.0175012E-001
0.227	7.9924542E-001
0.228	7.9667932E-001
0.229	7.9405028E-001
0.23	7.9135638E-001
0.231	7.8859556E-001
0.232	7.8576565E-001
0.233	7.8286445E-001
0.234	7.7988970E-001
0.235	7.7683818E-001
0.236	7.7370626E-001
0.237	7.7049088E-001
0.238	7.6718736E-001
0.239	7.6379067E-001
0.24	7.6029670E-001
0.241	7.5669974E-001
0.242	7.5299460E-001
0.243	7.4917597E-001
0.244	7.4523902E-001
0.245	7.4117857E-001
0.246	7.3698920E-001
0.247	7.3266602E-001
0.248	7.2820359E-001
0.249	7.2359651E-001
0.25	7.1883816E-001
0.251	7.1392137E-001
0.252	7.0883793E-001
0.253	7.0357811E-001
0.254	6.9813138E-001
0.255	6.9248563E-001
0.256	6.8662852E-001
0.257	6.8054622E-001
0.258	6.7422587E-001
0.259	6.6765428E-001
0.26	6.6081864E-001
0.261	6.5370846E-001
0.262	6.4631295E-001
0.263	6.3862348E-001
0.264	6.3063222E-001
0.265	6.2233287E-001
0.266	6.1371946E-001
0.267	6.0478663E-001
0.268	5.9552962E-001
0.269	5.8594388E-001
0.27	5.7602638E-001
0.271	5.6577504E-001
0.272	5.5519056E-001
0.273	5.4427749E-001
0.274	5.3304559E-001
0.275	5.2151006E-001
0.276	5.0969326E-001
0.277	4.9762425E-001
0.278	4.8533985E-001
0.279	4.7288299E-001
0.28	4.6030101E-001
0.281	4.4764531E-001
0.282	4.3496743E-001
0.283	4.2231834E-001
0.284	4.0974593E-001
0.285	3.9729390E-001
0.286	3.8500130E-001
0.287	3.7290239E-001
0.288	3.6102664E-001
0.289	3.4939978E-001
0.29	3.3804330E-001
0.291	3.2697606E-001
0.292	3.1621301E-001
0.293	3.0576703E-001
0.294	2.9564771E-001
0.295	2.8586301E-001
0.296	2.7641851E-001
0.297	2.6731935E-001
0.298	2.5856903E-001
0.299	2.5016981E-001
0.3	2.4212280E-001
0.301	2.3442659E-001
0.302	2.2707722E-001
0.303	2.2006707E-001
0.304	2.1338509E-001
0.305	2.0701647E-001
0.306	2.0094338E-001
0.307	1.9514537E-001
0.308	1.8960065E-001
0.309	1.8428703E-001
0.31	1.7918283E-001
0.311	1.7426795E-001
0.312	1.6952480E-001
0.313	1.6493887E-001
0.314	1.6049927E-001
0.315	1.5619889E-001
0.316	1.5203445E-001
0.317	1.4800601E-001
0.318	1.4411631E-001
0.319	1.4036989E-001
0.32	1.3677166E-001
0.321	1.3332604E-001
0.322	1.3003553E-001
0.323	1.2689975E-001
0.324	1.2391454E-001
0.325	1.2107193E-001
0.326	1.1835986E-001
0.327	1.1576274E-001
0.328	1.1326229E-001
0.329	1.1083874E-001
0.33	1.0847216E-001
0.331	1.0614406E-001
0.332	1.0383866E-001
0.333	1.0154436E-001
0.334	9.9254481E-002
0.335	9.6967913E-002
0.336	9.4689019E-002
0.337	9.2427209E-002
0.338	9.0196028E-002
0.339	8.8011831E-002
0.34	8.5892387E-002
0.341	8.3855025E-002
0.342	8.1915401E-002
0.343	8.0085799E-002
0.344	7.8374289E-002
0.345	7.6783903E-002
0.346	7.5312197E-002
0.347	7.3951587E-002
0.348	7.2689578E-002
0.349	7.1509704E-002
0.35	7.0392549E-002
0.351	6.9317035E-002
0.352	6.8261780E-002
0.353	6.7206390E-002
0.354	6.6132784E-002
0.355	6.5026157E-002
0.356	6.3876010E-002
0.357	6.2676497E-002
0.358	6.1426770E-002
0.359	6.0130902E-002
0.36	5.8797505E-002
0.361	5.7439059E-002
0.362	5.6071114E-002
0.363	5.4711256E-002
0.364	5.3378057E-002
0.365	5.2089952E-002
0.366	5.0864182E-002
0.367	4.9715675E-002
0.368	4.8656341E-002
0.369	4.7694158E-002
0.37	4.6832766E-002
0.371	4.6071142E-002
0.372	4.5403637E-002
0.373	4.4820271E-002
0.374	4.4307288E-002
0.375	4.3847974E-002
0.376	4.3423597E-002
0.377	4.3014519E-002
0.378	4.2601258E-002
0.379	4.2165585E-002
0.38	4.1691508E-002
0.381	4.1166045E-002
0.382	4.0579922E-002
0.383	3.9928019E-002
0.384	3.9209541E-002
0.385	3.8428035E-002
0.386	3.7591122E-002
0.387	3.6710076E-002
0.388	3.5799142E-002
0.389	3.4874830E-002
0.39	3.3954926E-002
0.391	3.3057641E-002
0.392	3.2200646E-002
0.393	3.1400129E-002
0.394	3.0670062E-002
0.395	3.0021442E-002
0.396	2.9461853E-002
0.397	2.8995022E-002
0.398	2.8620753E-002
0.399	2.8334906E-002
0.4	2.8129639E-002
0.401	2.7993819E-002
0.402	2.7913522E-002
0.403	2.7872752E-002
0.404	2.7854133E-002
0.405	2.7839758E-002
0.406	2.7811965E-002
0.407	2.7754167E-002
0.408	2.7651571E-002
0.409	2.7491827E-002
0.41	2.7265569E-002
0.411	2.6966810E-002
0.412	2.6593221E-002
0.413	2.6146200E-002
0.414	2.5630806E-002
0.415	2.5055565E-002
0.416	2.4432003E-002
0.417	2.3774160E-002
0.418	2.3097893E-002
0.419	2.2420125E-002
0.42	2.1758035E-002
0.421	2.1128260E-002
0.422	2.0546131E-002
0.423	2.0024983E-002
0.424	1.9575575E-002
0.425	1.9205621E-002
0.426	1.8919507E-002
0.427	1.8718112E-002
0.428	1.8598799E-002
0.429	1.8555565E-002
0.43	1.8579347E-002
0.431	1.8658426E-002
0.432	1.8778978E-002
0.433	1.8925715E-002
0.434	1.9082509E-002
0.435	1.9233128E-002
0.436	1.9361911E-002
0.437	1.9454392E-002
0.438	1.9497916E-002
0.439	1.9482115E-002
0.44	1.9399317E-002
0.441	1.9244814E-002
0.442	1.9017018E-002
0.443	1.8717499E-002
0.444	1.8350886E-002
0.445	1.7924592E-002
0.446	1.7448546E-002
0.447	1.6934706E-002
0.448	1.6396616E-002
0.449	1.5848801E-002
0.45	1.5306229E-002
0.451	1.4783688E-002
0.452	1.4295213E-002
0.453	1.3853542E-002
0.454	1.3469603E-002
0.455	1.3152077E-002
0.456	1.2907070E-002
0.457	1.2737859E-002
0.458	1.2644788E-002
0.459	1.2625264E-002
0.46	1.2673889E-002
0.461	1.2782687E-002
0.462	1.2941479E-002
0.463	1.3138287E-002
0.464	1.3359851E-002
0.465	1.3592148E-002
0.466	1.3820968E-002
0.467	1.4032442E-002
0.468	1.4213562E-002
0.469	1.4352652E-002
0.47	1.4439782E-002
0.471	1.4467100E-002
0.472	1.4429105E-002
0.473	1.4322818E-002
0.474	1.4147894E-002
0.475	1.3906605E-002
0.476	1.3603765E-002
0.477	1.3246542E-002
0.478	1.2844195E-002
0.479	1.2407711E-002
0.48	1.1949410E-002
0.481	1.1482424E-002
0.482	1.1020230E-002
0.483	1.0576100E-002
0.484	1.0162621E-002
0.485	9.7911796E-003
0.486	9.4715795E-003
0.487	9.2116809E-003
0.488	9.0171220E-003
0.489	8.8911625E-003
0.49	8.8345874E-003
0.491	8.8457242E-003
0.492	8.9205354E-003
0.493	9.0527888E-003
0.494	9.2343297E-003
0.495	9.4553670E-003
0.496	9.7048311E-003
0.497	9.9707665E-003
0.498	1.0240766E-002
0.499	1.0502379E-002
0.5	1.0743551E-002
0.501	1.0953047E-002
0.502	1.1120828E-002
0.503	1.1238401E-002
0.504	1.1299113E-002
0.505	1.1298371E-002
0.506	1.1233776E-002
0.507	1.1105205E-002
0.508	1.0914790E-002
0.509	1.0666821E-002
0.51	1.0367584E-002
0.511	1.0025157E-002
0.512	9.6490998E-003
0.513	9.2501352E-003
0.514	8.8397935E-003
0.515	8.4299939E-003
0.516	8.0326311E-003
0.517	7.6591796E-003
0.518	7.3202699E-003
0.519	7.0253299E-003
0.52	6.7822668E-003
0.521	6.5971934E-003
0.522	6.4742439E-003
0.523	6.4154426E-003
0.524	6.4206589E-003
0.525	6.4876378E-003
0.526	6.6120755E-003
0.527	6.7877942E-003
0.528	7.0069488E-003
0.529	7.2602890E-003
0.53	7.5374837E-003
0.531	7.8274505E-003
0.532	8.1187394E-003
0.533	8.3999140E-003
0.534	8.6599309E-003
0.535	8.8885278E-003
0.536	9.0765338E-003
0.537	9.2162015E-003
0.538	9.3014520E-003
0.539	9.3280496E-003
0.54	9.2937537E-003
0.541	9.1983629E-003
0.542	9.0437178E-003
0.543	8.8336188E-003
0.544	8.5736997E-003
0.545	8.2712006E-003
0.546	7.9347733E-003
0.547	7.5741396E-003
0.548	7.1998001E-003
0.549	6.8226834E-003
0.55	6.4538000E-003
0.551	6.1038979E-003
0.552	5.7831178E-003
0.553	5.5006822E-003
0.554	5.2645910E-003
0.555	5.0813793E-003
0.556	4.9558845E-003
0.557	4.8910943E-003
0.558	4.8880219E-003
0.559	4.9456819E-003
0.56	5.0611068E-003
0.561	5.2294568E-003
0.562	5.4441974E-003
0.563	5.6973379E-003
0.564	5.9797047E-003
0.565	6.2812604E-003
0.566	6.5914360E-003
0.567	6.8994532E-003
0.568	7.1946550E-003
0.569	7.4668196E-003
0.57	7.7064694E-003
0.571	7.9051442E-003
0.572	8.0556823E-003
0.573	8.1524579E-003
0.574	8.1915706E-003
0.575	8.1709987E-003
0.576	8.0906516E-003
0.577	7.9523912E-003
0.578	7.7599399E-003
0.579	7.5187297E-003
0.58	7.2356900E-003
0.581	6.9190096E-003
0.582	6.5778429E-003
0.583	6.2220329E-003
0.584	5.8618309E-003
0.585	5.5076159E-003
0.586	5.1696133E-003
0.587	4.8576305E-003
0.588	4.5807804E-003
0.589	4.3472000E-003
0.59	4.1637775E-003
0.591	4.0359180E-003
0.592	3.9673322E-003
0.593	3.9598914E-003
0.594	4.0135654E-003
0.595	4.1264123E-003
0.596	4.2946604E-003
0.597	4.5128446E-003
0.598	4.7740000E-003
0.599	5.0698719E-003
0.6	5.3911768E-003
0.601	5.7278732E-003
0.602	6.0694362E-003
0.603	6.4051659E-003
0.604	6.7244871E-003
0.605	7.0172707E-003
0.606	7.2741415E-003
0.607	7.4867783E-003
0.608	7.6481835E-003
0.609	7.7529228E-003
0.61	7.7972962E-003
0.611	7.7794632E-003
0.612	7.6994980E-003
0.613	7.5593782E-003
0.614	7.3629175E-003
0.615	7.1156439E-003
0.616	6.8246252E-003
0.617	6.4982697E-003
0.618	6.1460668E-003
0.619	5.7783262E-003
0.62	5.4058759E-003
0.621	5.0397539E-003
0.622	4.6908790E-003
0.623	4.3697325E-003
0.624	4.0860348E-003
0.625	3.8484600E-003
0.626	3.6643522E-003
0.627	3.5395117E-003
0.628	3.4780018E-003
0.629	3.4820219E-003
0.63	3.5518322E-003
0.631	3.6857412E-003
0.632	3.8801476E-003
0.633	4.1296477E-003
0.634	4.4271871E-003
0.635	4.7642761E-003
0.636	5.1312302E-003
0.637	5.5174576E-003
0.638	5.9117670E-003
0.639	6.3026906E-003
0.64	6.6788150E-003
0.641	7.0291068E-003
0.642	7.3432312E-003
0.643	7.6118652E-003
0.644	7.8269579E-003
0.645	7.9819728E-003
0.646	8.0721183E-003
0.647	8.0944598E-003
0.648	8.0480566E-003
0.649	7.9339808E-003
0.65	7.7553089E-003
0.651	7.5170421E-003
0.652	7.2259684E-003
0.653	6.8904711E-003
0.654	6.5203053E-003
0.655	6.1263191E-003
0.656	5.7201590E-003
0.657	5.3139548E-003
0.658	4.9199648E-003
0.659	4.5502568E-003
0.66	4.2163390E-003
0.661	3.9288397E-003
0.662	3.6971760E-003
0.663	3.5292683E-003
0.664	3.4312827E-003
0.665	3.4074241E-003
0.666	3.4597986E-003
0.667	3.5883230E-003
0.668	3.7907136E-003
0.669	4.0625357E-003
0.67	4.3973080E-003
0.671	4.7866725E-003
0.672	5.2206190E-003
0.673	5.6877406E-003
0.674	6.1755497E-003
0.675	6.6708219E-003
0.676	7.1599651E-003
0.677	7.6294276E-003
0.678	8.0660870E-003
0.679	8.4576514E-003
0.68	8.7930346E-003
0.681	9.0626869E-003
0.682	9.2588849E-003
0.683	9.3759829E-003
0.684	9.4105527E-003
0.685	9.3615223E-003
0.686	9.2301844E-003
0.687	9.0202047E-003
0.688	8.7375119E-003
0.689	8.3901621E-003
0.69	7.9881577E-003
0.691	7.5431829E-003
0.692	7.0683286E-003
0.693	6.5777693E-003
0.694	6.0863900E-003
0.695	5.6094071E-003
0.696	5.1619429E-003
0.697	4.7586062E-003
0.698	4.4130548E-003
0.699	4.1375882E-003
0.7	3.9427616E-003
0.701	3.8370457E-003
0.702	3.8265525E-003
0.703	3.9148065E-003
0.704	4.1026161E-003
0.705	4.3879924E-003
0.706	4.7661639E-003
0.707	5.2296584E-003
0.708	5.7684588E-003
0.709	6.3702418E-003
0.71	7.0206774E-003
0.711	7.7038109E-003
0.712	8.4024798E-003
0.713	9.0988027E-003
0.714	9.7746765E-003
0.715	1.0412299E-002
0.716	1.0994674E-002
0.717	1.1506127E-002
0.718	1.1932758E-002
0.719	1.2262845E-002
0.72	1.2487226E-002
0.721	1.2599583E-002
0.722	1.2596657E-002
0.723	1.2478398E-002
0.724	1.2248026E-002
0.725	1.1912005E-002
0.726	1.1479936E-002
0.727	1.0964372E-002
0.728	1.0380561E-002
0.729	9.7461073E-003
0.73	9.0805460E-003
0.731	8.4049208E-003
0.732	7.7412054E-003
0.733	7.1117696E-003
0.734	6.5387506E-003
0.735	6.0434411E-003
0.736	5.6456467E-003
0.737	5.3630858E-003
0.738	5.2108094E-003
0.739	5.2006799E-003
0.74	5.3409222E-003
0.741	5.6357733E-003
0.742	6.0852268E-003
0.743	6.6849054E-003
0.744	7.4260659E-003
0.745	8.2957400E-003
0.746	9.2770020E-003
0.747	1.0349366E-002
0.748	1.1489301E-002
0.749	1.2670841E-002
0.75	1.3866245E-002
0.751	1.5046760E-002
0.752	1.6183406E-002
0.753	1.7247738E-002
0.754	1.8212683E-002
0.755	1.9053288E-002
0.756	1.9747430E-002
0.757	2.0276507E-002
0.758	2.0625990E-002
0.759	2.0785939E-002
0.76	2.0751392E-002
0.761	2.0522745E-002
0.762	2.0105863E-002
0.763	1.9512318E-002
0.764	1.8759303E-002
0.765	1.7869528E-002
0.766	1.6870987E-002
0.767	1.5796453E-002
0.768	1.4682895E-002
0.769	1.3570671E-002
0.77	1.2502540E-002
0.771	1.1522538E-002
0.772	1.0674725E-002
0.773	1.0001861E-002
0.774	9.5440391E-003
0.775	9.3373405E-003
0.776	9.4125625E-003
0.777	9.7940275E-003
0.778	1.0498583E-002
0.779	1.1534780E-002
0.78	1.2902259E-002
0.781	1.4591400E-002
0.782	1.6583238E-002
0.783	1.8849667E-002
0.784	2.1353884E-002
0.785	2.4051134E-002
0.786	2.6889658E-002
0.787	2.9811874E-002
0.788	3.2755714E-002
0.789	3.5656147E-002
0.79	3.8446739E-002
0.791	4.1061345E-002
0.792	4.3435872E-002
0.793	4.5510057E-002
0.794	4.7229216E-002
0.795	4.8546202E-002
0.796	4.9423125E-002
0.797	4.9833223E-002
0.798	4.9762607E-002
0.799	4.9212009E-002
0.8	4.8198245E-002
0.801	4.6755746E-002
0.802	4.4937670E-002
0.803	4.2817000E-002
0.804	4.0487014E-002
0.805	3.8061436E-002
0.806	3.5674080E-002
0.807	3.3477470E-002
0.808	3.1640708E-002
0.809	3.0346328E-002
0.81	2.9785946E-002
0.811	3.0154875E-002
0.812	3.1645868E-002
0.813	3.4442015E-002
0.814	3.8709305E-002
0.815	4.4589113E-002
0.816	5.2191008E-002
0.817	6.1586604E-002
0.818	7.2804436E-002
0.819	8.5826851E-002
0.82	1.0058845E-001
0.821	1.1697713E-001
0.822	1.3483709E-001
0.823	1.5397356E-001
0.824	1.7415985E-001
0.825	1.9514547E-001
0.826	2.1666475E-001
0.827	2.3844647E-001
0.828	2.6022291E-001
0.829	2.8173810E-001
0.83	3.0275521E-001
0.831	3.2306221E-001
0.832	3.4247592E-001
0.833	3.6084428E-001
0.834	3.7804720E-001
0.835	3.9399496E-001
0.836	4.0862718E-001
0.837	4.2190909E-001
0.838	4.3382865E-001
0.839	4.4439241E-001
0.84	4.5362252E-001
0.841	4.6155319E-001
0.842	4.6822730E-001
0.843	4.7369421E-001
0.844	4.7800717E-001
0.845	4.8122185E-001
0.846	4.8339367E-001
0.847	4.8457772E-001
0.848	4.8482671E-001
0.849	4.8419088E-001
0.85	4.8271641E-001
0.851	4.8044690E-001
0.852	4.7742110E-001
0.853	4.7367427E-001
0.854	4.6923846E-001
0.855	4.6414173E-001
0.856	4.5840934E-001
0.857	4.5206386E-001
0.858	4.4512516E-001
0.859	4.3761086E-001
0.86	4.2953688E-001
0.861	4.2091775E-001
0.862	4.1176674E-001
0.863	4.0209660E-001
0.864	3.9192036E-001
0.865	3.8125110E-001
0.866	3.7010285E-001
0.867	3.5849139E-001
0.868	3.4643424E-001
0.869	3.3395141E-001
0.87	3.2106596E-001
0.871	3.0780491E-001
0.872	2.9419947E-001
0.873	2.8028679E-001
0.874	2.6610982E-001
0.875	2.5171861E-001
0.876	2.3717025E-001
0.877	2.2252901E-001
0.878	2.0786630E-001
0.879	1.9325946E-001
0.88	1.7879133E-001
0.881	1.6454883E-001
0.882	1.5062155E-001
0.883	1.3710013E-001
0.884	1.2407466E-001
0.885	1.1163266E-001
0.886	9.9857144E-002
0.887	8.8824436E-002
0.888	7.8601949E-002
0.889	6.9245994E-002
0.89	6.0799897E-002
0.891	5.3292081E-002
0.892	4.6735033E-002
0.893	4.1124500E-002
0.894	3.6439542E-002
0.895	3.2643080E-002
0.896	2.9683333E-002
0.897	2.7495369E-002
0.898	2.6003478E-002
0.899	2.5123592E-002
0.9	2.4765905E-002
0.901	2.4837583E-002
0.902	2.5245298E-002
0.903	2.5897734E-002
0.904	2.6707685E-002
0.905	2.7594011E-002
0.906	2.8483177E-002
0.907	2.9310418E-002
0.908	3.0020613E-002
0.909	3.0568745E-002
0.91	3.0920088E-002
0.911	3.1050079E-002
0.912	3.0943917E-002
0.913	3.0595986E-002
0.914	3.0009123E-002
0.915	2.9193664E-002
0.916	2.8166514E-002
0.917	2.6950166E-002
0.918	2.5571534E-002
0.919	2.4061019E-002
0.92	2.2451367E-002
0.921	2.0776732E-002
0.922	1.9071599E-002
0.923	1.7369917E-002
0.924	1.5704168E-002
0.925	1.4104622E-002
0.926	1.2598588E-002
0.927	1.1209869E-002
0.928	9.9582700E-003
0.929	8.8592991E-003
0.93	7.9239542E-003
0.931	7.1586650E-003
0.932	6.5653576E-003
0.933	6.1416323E-003
0.934	5.8810413E-003
0.935	5.7734610E-003
0.936	5.8055427E-003
0.937	5.9612147E-003
0.938	6.2222425E-003
0.939	6.5688011E-003
0.94	6.9800816E-003
0.941	7.4348641E-003
0.942	7.9121040E-003
0.943	8.3914762E-003
0.944	8.8538388E-003
0.945	9.2817070E-003
0.946	9.6595958E-003
0.947	9.9743186E-003
0.948	1.0215197E-002
0.949	1.0374199E-002
0.95	1.0445981E-002
0.951	1.0427906E-002
0.952	1.0319929E-002
0.953	1.0124512E-002
0.954	9.8464321E-003
0.955	9.4925780E-003
0.956	9.0716714E-003
0.957	8.5939998E-003
0.958	8.0710547E-003
0.959	7.5151729E-003
0.96	6.9391606E-003
0.961	6.3559045E-003
0.962	5.7779951E-003
0.963	5.2174036E-003
0.964	4.6851789E-003
0.965	4.1912068E-003
0.966	3.7440257E-003
0.967	3.3506830E-003
0.968	3.0166348E-003
0.969	2.7456887E-003
0.97	2.5399735E-003
0.971	2.3999435E-003
0.972	2.3244137E-003
0.973	2.3106360E-003
0.974	2.3544061E-003
0.975	2.4502128E-003
0.976	2.5914249E-003
0.977	2.7704970E-003
0.978	2.9792078E-003
0.979	3.2088966E-003
0.98	3.4507192E-003
0.981	3.6958815E-003
0.982	3.9358730E-003
0.983	4.1626794E-003
0.984	4.3689706E-003
0.985	4.5482670E-003
0.986	4.6950774E-003
0.987	4.8049982E-003
0.988	4.8748031E-003
0.989	4.9024676E-003
0.99	4.8871809E-003
0.991	4.8293211E-003
0.992	4.7303950E-003
0.993	4.5929491E-003
0.994	4.4204639E-003
0.995	4.2172335E-003
0.996	3.9882208E-003
0.997	3.7389225E-003
0.998	3.4752113E-003
0.999	3.2031841E-003
1	2.9290046E-003
1.001	2.6587462E-003
1.002	2.3982355E-003
1.003	2.1528993E-003
1.004	1.9276342E-003
1.005	1.7266817E-003
1.006	1.5535345E-003
1.007	1.4108653E-003
1.008	1.3004842E-003
1.009	1.2233154E-003
1.01	1.1794068E-003
1.011	1.1679592E-003
1.012	1.1873692E-003
1.013	1.2352972E-003
1.014	1.3087512E-003
1.015	1.4041781E-003
1.016	1.5175738E-003
1.017	1.6445989E-003
1.018	1.7806988E-003
1.019	1.9212286E-003
1.02	2.0615759E-003
1.021	2.1972794E-003
1.022	2.3241427E-003
1.023	2.4383296E-003
1.024	2.5364626E-003
1.025	2.6156933E-003
1.026	2.6737610E-003
1.027	2.7090379E-003
1.028	2.7205520E-003
1.029	2.7079917E-003
1.03	2.6716969E-003
1.031	2.6126241E-003
1.032	2.5323115E-003
1.033	2.4328146E-003
1.034	2.3166379E-003
1.035	2.1866562E-003
1.036	2.0460333E-003
1.037	1.8981287E-003
1.038	1.7464111E-003
1.039	1.5943655E-003
1.04	1.4454072E-003
1.041	1.3027948E-003
1.042	1.1695536E-003
1.043	1.0483998E-003
1.044	9.4168069E-004
1.045	8.5131964E-004
1.046	7.7877537E-004
1.047	7.2501542E-004
1.048	6.9050188E-004
1.049	6.7519280E-004
1.05	6.7855400E-004
1.051	6.9958734E-004
1.052	7.3686760E-004
1.053	7.8859011E-004
1.054	8.5262815E-004
1.055	9.2659565E-004
1.056	1.0079158E-003
1.057	1.0938942E-003
1.058	1.1817901E-003
1.059	1.2688907E-003
1.06	1.3525801E-003
1.061	1.4304036E-003
1.062	1.5001255E-003
1.063	1.5597822E-003
1.064	1.6077198E-003
1.065	1.6426318E-003
1.066	1.6635769E-003
1.067	1.6699965E-003
1.068	1.6617164E-003
1.069	1.6389431E-003
1.07	1.6022485E-003
1.071	1.5525514E-003
1.072	1.4910849E-003
1.073	1.4193631E-003
1.074	1.3391373E-003
1.075	1.2523507E-003
1.076	1.1610819E-003
1.077	1.0674951E-003
1.078	9.7377767E-004
1.079	8.8208407E-004
1.08	7.9447875E-004
1.081	7.1288057E-004
1.082	6.3901482E-004
1.083	5.7436962E-004
1.084	5.2016060E-004
1.085	4.7730660E-004
1.086	4.4641108E-004
1.087	4.2775550E-004
1.088	4.2130105E-004
1.089	4.2669740E-004
1.09	4.4330023E-004
1.091	4.7019505E-004
1.092	5.0622621E-004
1.093	5.5003236E-004
1.094	6.0008583E-004
1.095	6.5473403E-004
1.096	7.1224535E-004
1.097	7.7085436E-004
1.098	8.2880753E-004
1.099	8.8440749E-004
1.1	9.3605625E-004
1.101	9.8229188E-004
1.102	1.0218245E-003
1.103	1.0535653E-003
1.104	1.0766501E-003
1.105	1.0904575E-003
1.106	1.0946195E-003
1.107	1.0890277E-003
1.108	1.0738270E-003
1.109	1.0494122E-003
1.11	1.0164086E-003
1.111	9.7565306E-004
1.112	9.2816923E-004
1.113	8.7513617E-004
1.114	8.1785716E-004
1.115	7.5772172E-004
1.116	6.9616985E-004
1.117	6.3465245E-004
1.118	5.7459349E-004
1.119	5.1735458E-004
1.12	4.6419940E-004
1.121	4.1626423E-004
1.122	3.7453033E-004
1.123	3.3980355E-004
1.124	3.1269537E-004
1.125	2.9361295E-004
1.126	2.8275119E-004
1.127	2.8009189E-004
1.128	2.8540779E-004
1.129	2.9827180E-004
1.13	3.1807172E-004
1.131	3.4402867E-004
1.132	3.7522087E-004
1.133	4.1061034E-004
1.134	4.4907173E-004
1.135	4.8942381E-004
1.136	5.3046033E-004
1.137	5.7098287E-004
1.138	6.0983014E-004
1.139	6.4590754E-004
1.14	6.7821244E-004
1.141	7.0585945E-004
1.142	7.2809821E-004
1.143	7.4433093E-004
1.144	7.5412536E-004
1.145	7.5722061E-004
1.146	7.5353414E-004
1.147	7.4316078E-004
1.148	7.2636688E-004
1.149	7.0358376E-004
1.15	6.7539193E-004
1.151	6.4250448E-004
1.152	6.0574507E-004
1.153	5.6602352E-004
1.154	5.2430993E-004
1.155	4.8160745E-004
1.156	4.3892491E-004
1.157	3.9725253E-004
1.158	3.5753741E-004
1.159	3.2066219E-004
1.16	2.8742442E-004
1.161	2.5851972E-004
1.162	2.3452564E-004
1.163	2.1588804E-004
1.164	2.0291157E-004
1.165	1.9575217E-004
1.166	1.9441437E-004
1.167	1.9875259E-004
1.168	2.0847672E-004
1.169	2.2316183E-004
1.17	2.4226170E-004
1.171	2.6512568E-004
1.172	2.9101747E-004
1.173	3.1913631E-004
1.174	3.4863950E-004
1.175	3.7866397E-004
1.176	4.0834979E-004
1.177	4.3686136E-004
1.178	4.6340810E-004
1.179	4.8726323E-004
1.18	5.0778047E-004
1.181	5.2440952E-004
1.182	5.3670717E-004
1.183	5.4434821E-004
1.184	5.4713129E-004
1.185	5.4498290E-004
1.186	5.3795811E-004
1.187	5.2623800E-004
1.188	5.1012222E-004
1.189	4.9002119E-004
1.19	4.6644176E-004
1.191	4.3997291E-004
1.192	4.1126847E-004
1.193	3.8102886E-004
1.194	3.4998253E-004
1.195	3.1886727E-004
1.196	2.8841163E-004
1.197	2.5931816E-004
1.198	2.3224555E-004
1.199	2.0779327E-004
1.2	1.8648707E-004
1.201	1.6876643E-004
1.202	1.5497388E-004
1.203	1.4534754E-004
1.204	1.4001601E-004
1.205	1.3899727E-004
1.206	1.4219926E-004
1.207	1.4942445E-004
1.208	1.6037610E-004
1.209	1.7466731E-004
1.21	1.9183180E-004
1.211	2.1133659E-004
1.212	2.3259610E-004
1.213	2.5498818E-004
1.214	2.7787045E-004
1.215	3.0059670E-004
1.216	3.2253494E-004
1.217	3.4308236E-004
1.218	3.6168139E-004
1.219	3.7783303E-004
1.22	3.9110857E-004
1.221	4.0115905E-004
1.222	4.0772345E-004
1.223	4.1063296E-004
1.224	4.0981467E-004
1.225	4.0529153E-004
1.226	3.9718050E-004
1.227	3.8568859E-004
1.228	3.7110603E-004
1.229	3.5379842E-004
1.23	3.3419614E-004
1.231	3.1278306E-004
1.232	2.9008358E-004
1.233	2.6664909E-004
1.234	2.4304321E-004
1.235	2.1982800E-004
1.236	1.9754910E-004
1.237	1.7672202E-004
1.238	1.5781928E-004
1.239	1.4125883E-004
1.24	1.2739409E-004
1.241	1.1650565E-004
1.242	1.0879519E-004
1.243	1.0438135E-004
1.244	1.0329769E-004
1.245	1.0549316E-004
1.246	1.1083419E-004
1.247	1.1910933E-004
1.248	1.3003557E-004
1.249	1.4326625E-004
1.25	1.5840113E-004
1.251	1.7499675E-004
1.252	1.9257871E-004
1.253	2.1065370E-004
1.254	2.2872241E-004
1.255	2.4629201E-004
1.256	2.6288876E-004
1.257	2.7806894E-004
1.258	2.9143045E-004
1.259	3.0262166E-004
1.26	3.1135039E-004
1.261	3.1738976E-004
1.262	3.2058437E-004
1.263	3.2085250E-004
1.264	3.1818787E-004
1.265	3.1265937E-004
1.266	3.0440770E-004
1.267	2.9364161E-004
1.268	2.8063153E-004
1.269	2.6570240E-004
1.27	2.4922390E-004
1.271	2.3160166E-004
1.272	2.1326584E-004
1.273	1.9466010E-004
1.274	1.7623081E-004
1.275	1.5841521E-004
1.276	1.4163108E-004
1.277	1.2626636E-004
1.278	1.1266964E-004
1.279	1.0114207E-004
1.28	9.1929774E-005
1.281	8.5218395E-005
1.282	8.1128484E-005
1.283	7.9713107E-005
1.284	8.0956954E-005
1.285	8.4777239E-005
1.286	9.1026617E-005
1.287	9.9497527E-005
1.288	1.0992825E-004
1.289	1.2201029E-004
1.29	1.3539672E-004
1.291	1.4971166E-004
1.292	1.6455987E-004
1.293	1.7953705E-004
1.294	1.9424013E-004
1.295	2.0827746E-004
1.296	2.2127770E-004
1.297	2.3290001E-004
1.298	2.4284110E-004
1.299	2.5084332E-004
1.3	2.5670021E-004
1.301	2.6026167E-004
1.302	2.6143662E-004
1.303	2.6019567E-004
1.304	2.5657032E-004
1.305	2.5065269E-004
1.306	2.4259165E-004
1.307	2.3258962E-004
1.308	2.2089617E-004
1.309	2.0780198E-004
1.31	1.9363081E-004
1.311	1.7873142E-004
1.312	1.6346831E-004
1.313	1.4821244E-004
1.314	1.3333162E-004
1.315	1.1918144E-004
1.316	1.0609623E-004
1.317	9.4380710E-005
1.318	8.4302948E-005
1.319	7.6087665E-005
1.32	6.9911279E-005
1.321	6.5897708E-005
1.322	6.4115709E-005
1.323	6.4577587E-005
1.324	6.7239198E-005
1.325	7.2001305E-005
1.326	7.8712561E-005
1.327	8.7173699E-005
1.328	9.7142831E-005
1.329	1.0834209E-004
1.33	1.2046479E-004
1.331	1.3318373E-004
1.332	1.4615929E-004
1.333	1.5904839E-004
1.334	1.7151290E-004
1.335	1.8322823E-004
1.336	1.9389072E-004
1.337	2.0322550E-004
1.338	2.1099253E-004
1.339	2.1699264E-004
1.34	2.2107176E-004
1.341	2.2312500E-004
1.342	2.2309888E-004
1.343	2.2099265E-004
1.344	2.1685858E-004
1.345	2.1080024E-004
1.346	2.0297027E-004
1.347	1.9356575E-004
1.348	1.8282316E-004
1.349	1.7101166E-004
1.35	1.5842555E-004
1.351	1.4537650E-004
1.352	1.3218510E-004
1.353	1.1917260E-004
1.354	1.0665348E-004
1.355	9.4927520E-005
1.356	8.4273255E-005
1.357	7.4941527E-005
1.358	6.7149667E-005
1.359	6.1076345E-005
1.36	5.6857287E-005
1.361	5.4581731E-005
1.362	5.4290103E-005
1.363	5.5972836E-005
1.364	5.9570608E-005
1.365	6.4975873E-005
1.366	7.2035902E-005
1.367	8.0556783E-005
1.368	9.0308735E-005
1.369	1.0103218E-004
1.37	1.1244465E-004
1.371	1.2424790E-004
1.372	1.3613563E-004
1.373	1.4780108E-004
1.374	1.5894463E-004
1.375	1.6928118E-004
1.376	1.7854692E-004
1.377	1.8650595E-004
1.378	1.9295586E-004
1.379	1.9773300E-004
1.38	2.0071605E-004
1.381	2.0182939E-004
1.382	2.0104488E-004
1.383	1.9838235E-004
1.384	1.9390884E-004
1.385	1.8773670E-004
1.386	1.8002046E-004
1.387	1.7095232E-004
1.388	1.6075735E-004
1.389	1.4968769E-004
1.39	1.3801627E-004
1.391	1.2603012E-004
1.392	1.1402391E-004
1.393	1.0229224E-004
1.394	9.1123038E-005
1.395	8.0790116E-005
1.396	7.1546485E-005
1.397	6.3617757E-005
1.398	5.7196565E-005
1.399	5.2437659E-005
1.4	4.9454102E-005
1.401	4.8314654E-005
1.402	4.9042235E-005
1.403	5.1613559E-005
1.404	5.5959852E-005
1.405	6.1968611E-005
1.406	6.9486436E-005
1.407	7.8322708E-005
1.408	8.8254303E-005
1.409	9.9030898E-005
1.41	1.1038130E-004
1.411	1.2201996E-004
1.412	1.3365409E-004
1.413	1.4499096E-004
1.414	1.5574545E-004
1.415	1.6564697E-004
1.416	1.7444642E-004
1.417	1.8192244E-004
1.418	1.8788692E-004
1.419	1.9218971E-004
1.42	1.9472231E-004
1.421	1.9542033E-004
1.422	1.9426517E-004
1.423	1.9128439E-004
1.424	1.8655103E-004
1.425	1.8018176E-004
1.426	1.7233427E-004
1.427	1.6320335E-004
1.428	1.5301649E-004
1.429	1.4202794E-004
1.43	1.3051294E-004
1.431	1.1876065E-004
1.432	1.0706700E-004
1.433	9.5727315E-005
1.434	8.5028805E-005
1.435	7.5243472E-005
1.436	6.6621178E-005
1.437	5.9383463E-005
1.438	5.3717904E-005
1.439	4.9773636E-005
1.44	4.7657475E-005
1.441	4.7431320E-005
1.442	4.9110484E-005
1.443	5.2663203E-005
1.444	5.8011130E-005
1.445	6.5031112E-005
1.446	7.3557938E-005
1.447	8.3388193E-005
1.448	9.4285155E-005
1.449	1.0598461E-004
1.45	1.1820127E-004
1.451	1.3063589E-004
1.452	1.4298302E-004
1.453	1.5493827E-004
1.454	1.6620611E-004
1.455	1.7650734E-004
1.456	1.8558564E-004
1.457	1.9321451E-004
1.458	1.9920256E-004
1.459	2.0339867E-004
1.46	2.0569589E-004
1.461	2.0603416E-004
1.462	2.0440215E-004
1.463	2.0083789E-004
1.464	1.9542772E-004
1.465	1.8830461E-004
1.466	1.7964501E-004
1.467	1.6966501E-004
1.468	1.5861502E-004
1.469	1.4677408E-004
1.47	1.3444331E-004
1.471	1.2193858E-004
1.472	1.0958280E-004
1.473	9.7697870E-005
1.474	8.6596789E-005
1.475	7.6575561E-005
1.476	6.7905923E-005
1.477	6.0828370E-005
1.478	5.5546010E-005
1.479	5.2219431E-005
1.48	5.0962390E-005
1.481	5.1838688E-005
1.482	5.4860182E-005
1.483	5.9986061E-005
1.484	6.7123248E-005
1.485	7.6128221E-005
1.486	8.6810083E-005
1.487	9.8934630E-005
1.488	1.1222986E-004
1.489	1.2639213E-004
1.49	1.4109335E-004
1.491	1.5598891E-004
1.492	1.7072607E-004
1.493	1.8495249E-004
1.494	1.9832507E-004
1.495	2.1051867E-004
1.496	2.2123421E-004
1.497	2.3020648E-004
1.498	2.3721103E-004
1.499	2.4206996E-004
1.5	2.4465707E-004
1.501	2.4490111E-004
1.502	2.4278894E-004
1.503	2.3836594E-004
1.504	2.3173606E-004
1.505	2.2306008E-004
1.506	2.1255271E-004
1.507	2.0047762E-004
1.508	1.8714213E-004
1.509	1.7288985E-004
1.51	1.5809298E-004
1.511	1.4314323E-004
1.512	1.2844283E-004
1.513	1.1439435E-004
1.514	1.0139152E-004
1.515	8.9809058E-005
1.516	7.9993632E-005
1.517	7.2254923E-005
1.518	6.6857690E-005
1.519	6.4014384E-005
1.52	6.3879110E-005
1.521	6.6542780E-005
1.522	7.2029652E-005
1.523	8.0295467E-005
1.524	9.1227230E-005
1.525	1.0464466E-004
1.526	1.2030335E-004
1.527	1.3789957E-004
1.528	1.5707634E-004
1.529	1.7743162E-004
1.53	1.9852679E-004
1.531	2.1989709E-004
1.532	2.4106243E-004
1.533	2.6153878E-004
1.534	2.8084998E-004
1.535	2.9853947E-004
1.536	3.1418176E-004
1.537	3.2739303E-004
1.538	3.3784178E-004
1.539	3.4525813E-004
1.54	3.4944116E-004
1.541	3.5026722E-004
1.542	3.4769412E-004
1.543	3.4176564E-004
1.544	3.3261263E-004
1.545	3.2045285E-004
1.546	3.0558795E-004
1.547	2.8839792E-004
1.548	2.6933392E-004
1.549	2.4890807E-004
1.55	2.2768283E-004
1.551	2.0625803E-004
1.552	1.8525707E-004
1.553	1.6531342E-004
1.554	1.4705601E-004
1.555	1.3109537E-004
1.556	1.1800936E-004
1.557	1.0832915E-004
1.558	1.0252591E-004
1.559	1.0099778E-004
1.56	1.0405794E-004
1.561	1.1192409E-004
1.562	1.2470943E-004
1.563	1.4241617E-004
1.564	1.6493141E-004
1.565	1.9202568E-004
1.566	2.2335399E-004
1.567	2.5846006E-004
1.568	2.9678256E-004
1.569	3.3766395E-004
1.57	3.8036198E-004
1.571	4.2406307E-004
1.572	4.6789780E-004
1.573	5.1095983E-004
1.574	5.5232533E-004
1.575	5.9107470E-004
1.576	6.2631682E-004
1.577	6.5721292E-004
1.578	6.8299926E-004
1.579	7.0301187E-004
1.58	7.1670732E-004
1.581	7.2368246E-004
1.582	7.2369236E-004
1.583	7.1666314E-004
1.584	7.0270494E-004
1.585	6.8211812E-004
1.586	6.5540022E-004
1.587	6.2324537E-004
1.588	5.8654294E-004
1.589	5.4637186E-004
1.59	5.0399144E-004
1.591	4.6083171E-004
1.592	4.1847673E-004
1.593	3.7864852E-004
1.594	3.4318585E-004
1.595	3.1402014E-004
1.596	2.9314894E-004
1.597	2.8260384E-004
1.598	2.8441951E-004
1.599	3.0059801E-004
1.6	3.3307297E-004
1.601	3.8367504E-004
1.602	4.5409679E-004
1.603	5.4585910E-004
1.604	6.6028017E-004
1.605	7.9844735E-004
1.606	9.6118927E-004
1.607	1.1490544E-003
1.608	1.3622900E-003
1.609	1.6008265E-003
1.61	1.8642666E-003
1.611	2.1518762E-003
1.612	2.4625862E-003
1.613	2.7949887E-003
1.614	3.1473534E-003
1.615	3.5176347E-003
1.616	3.9034942E-003
1.617	4.3023215E-003
1.618	4.7112703E-003
1.619	5.1272842E-003
1.62	5.5471337E-003
1.621	5.9674722E-003
1.622	6.3848575E-003
1.623	6.7958091E-003
1.624	7.1968441E-003
1.625	7.5845201E-003
1.626	7.9554673E-003
1.627	8.3064362E-003
1.628	8.6343279E-003
1.629	8.9362226E-003
1.63	9.2094261E-003
1.631	9.4515039E-003
1.632	9.6602971E-003
1.633	9.8339617E-003
1.634	9.9709937E-003
1.635	1.0070248E-002
1.636	1.0130922E-002
1.637	1.0152629E-002
1.638	1.0135317E-002
1.639	1.0079331E-002
1.64	9.9853650E-003
1.641	9.8544778E-003
1.642	9.6880533E-003
1.643	9.4877854E-003
1.644	9.2556644E-003
1.645	8.9939404E-003
1.646	8.7050917E-003
1.647	8.3918078E-003
1.648	8.0569237E-003
1.649	7.7034296E-003
1.65	7.3344102E-003
1.651	6.9530155E-003
1.652	6.5624309E-003
1.653	6.1658267E-003
1.654	5.7663294E-003
1.655	5.3669717E-003
1.656	4.9706576E-003
1.657	4.5801257E-003
1.658	4.1979249E-003
1.659	3.8263819E-003
1.66	3.4676006E-003
1.661	3.1234438E-003
1.662	2.7955361E-003
1.663	2.4852653E-003
1.664	2.1937750E-003
1.665	1.9219706E-003
1.666	1.6705174E-003
1.667	1.4398381E-003
1.668	1.2301154E-003
1.669	1.0412927E-003
1.67	8.7308470E-004
1.671	7.2498585E-004
1.672	5.9629063E-004
1.673	4.8611354E-004
1.674	3.9341536E-004
1.675	3.1702867E-004
1.676	2.5568661E-004
1.677	2.0804940E-004
1.678	1.7272976E-004
1.679	1.4831709E-004
1.68	1.3339920E-004
1.681	1.2658234E-004
1.682	1.2650945E-004
1.683	1.3187638E-004
1.684	1.4144665E-004
1.685	1.5406402E-004
1.686	1.6866358E-004
1.687	1.8428032E-004
1.688	2.0005582E-004
1.689	2.1524244E-004
1.69	2.2920594E-004
1.691	2.4142562E-004
1.692	2.5149243E-004
1.693	2.5910561E-004
1.694	2.6406764E-004
1.695	2.6627717E-004
1.696	2.6572167E-004
1.697	2.6246818E-004
1.698	2.5665382E-004
1.699	2.4847558E-004
1.7	2.3817983E-004
1.701	2.2605171E-004
1.702	2.1240459E-004
1.703	1.9756991E-004
1.704	1.8188731E-004
1.705	1.6569576E-004
1.706	1.4932484E-004
1.707	1.3308792E-004
1.708	1.1727516E-004
1.709	1.0214881E-004
1.71	8.7938774E-005
1.711	7.4839743E-005
1.712	6.3008905E-005
1.713	5.2564941E-005
1.714	4.3587974E-005
1.715	3.6120073E-005
1.716	3.0166817E-005
1.717	2.5699437E-005
1.718	2.2657743E-005
1.719	2.0953597E-005
1.72	2.0474759E-005
1.721	2.1089194E-005
1.722	2.2649559E-005
1.723	2.4997744E-005
1.724	2.7969412E-005
1.725	3.1398300E-005
1.726	3.5120356E-005
1.727	3.8977436E-005
1.728	4.2820659E-005
1.729	4.6513240E-005
1.73	4.9932791E-005
1.731	5.2973366E-005
1.732	5.5546672E-005
1.733	5.7583049E-005
1.734	5.9031892E-005
1.735	5.9861570E-005
1.736	6.0058974E-005
1.737	5.9628583E-005
1.738	5.8591231E-005
1.739	5.6982455E-005
1.74	5.4850665E-005
1.741	5.2255196E-005
1.742	4.9264021E-005
1.743	4.5951714E-005
1.744	4.2397154E-005
1.745	3.8681465E-005
1.746	3.4885870E-005
1.747	3.1089810E-005
1.748	2.7368960E-005
1.749	2.3793609E-005
1.75	2.0427093E-005
1.751	1.7324544E-005
1.752	1.4531890E-005
1.753	1.2085081E-005
1.754	1.0009757E-005
1.755	8.3210962E-006
1.756	7.0240494E-006
1.757	6.1137698E-006
1.758	5.5763167E-006
1.759	5.3895392E-006
1.76	5.5241135E-006
1.761	5.9446988E-006
1.762	6.6111834E-006
1.763	7.4799468E-006
1.764	8.5051688E-006
1.765	9.6400818E-006
1.766	1.0838180E-005
1.767	1.2054370E-005
1.768	1.3245981E-005
1.769	1.4373702E-005
1.77	1.5402347E-005
1.771	1.6301508E-005
1.772	1.7046026E-005
1.773	1.7616378E-005
1.774	1.7998791E-005
1.775	1.8185327E-005
1.776	1.8173736E-005
1.777	1.7967201E-005
1.778	1.7573957E-005
1.779	1.7006800E-005
1.78	1.6282487E-005
1.781	1.5421107E-005
1.782	1.4445368E-005
1.783	1.3379915E-005
1.784	1.2250560E-005
1.785	1.1083593E-005
1.786	9.9050740E-006
1.787	8.7401640E-006
1.788	7.6125193E-006
1.789	6.5437366E-006
1.79	5.5528881E-006
1.791	4.6561522E-006
1.792	3.8665371E-006
1.793	3.1937088E-006
1.794	2.6439166E-006
1.795	2.2200177E-006
1.796	1.9215800E-006
1.797	1.7450576E-006
1.798	1.6840502E-006
1.799	1.7296060E-006
1.8	1.8705820E-006
1.801	2.0940422E-006
1.802	2.3856819E-006
1.803	2.7302706E-006
1.804	3.1120946E-006
1.805	3.5153928E-006
1.806	3.9247748E-006
1.807	4.3256009E-006
1.808	4.7043386E-006
1.809	5.0488557E-006
1.81	5.3486679E-006
1.811	5.5951377E-006
1.812	5.7815973E-006
1.813	5.9034305E-006
1.814	5.9580734E-006
1.815	5.9449849E-006
1.816	5.8655451E-006
1.817	5.7229145E-006
1.818	5.5218529E-006
1.819	5.2685100E-006
1.82	4.9701835E-006
1.821	4.6350633E-006
1.822	4.2719644E-006
1.823	3.8900712E-006
1.824	3.4986529E-006
1.825	3.1068244E-006
1.826	2.7233043E-006
1.827	2.3561947E-006
1.828	2.0127920E-006
1.829	1.6994270E-006
1.83	1.4213330E-006
1.831	1.1825584E-006
1.832	9.8590749E-007
1.833	8.3292281E-007
1.834	7.2390327E-007
1.835	6.5795336E-007
1.836	6.3306737E-007
1.837	6.4623913E-007
1.838	6.9359589E-007
1.839	7.7055131E-007
1.84	8.7196946E-007
1.841	9.9233671E-007
1.842	1.1259323E-006
1.843	1.2669989E-006
1.844	1.4098982E-006
1.845	1.5492589E-006
1.846	1.6801090E-006
1.847	1.7979896E-006
1.848	1.8990526E-006
1.849	1.9801375E-006
1.85	2.0388293E-006
1.851	2.0734963E-006
1.852	2.0832997E-006
1.853	2.0681880E-006
1.854	2.0288646E-006
1.855	1.9667352E-006
1.856	1.8838384E-006
1.857	1.7827577E-006
1.858	1.6665235E-006
1.859	1.5385043E-006
1.86	1.4022930E-006
1.861	1.2615958E-006
1.862	1.1201162E-006
1.863	9.8145165E-007
1.864	8.4899187E-007
1.865	7.2583390E-007
1.866	6.1470155E-007
1.867	5.1788658E-007
1.868	4.3719632E-007
1.869	3.7392297E-007
1.87	3.2882448E-007
1.871	3.0212234E-007
1.872	2.9351312E-007
1.873	3.0219638E-007
1.874	3.2691293E-007
1.875	3.6599718E-007
1.876	4.1743809E-007
1.877	4.7894832E-007
1.878	5.4803928E-007
1.879	6.2209807E-007
1.88	6.9846755E-007
1.881	7.7452108E-007
1.882	8.4773751E-007
1.883	9.1576783E-007
1.884	9.7649422E-007
1.885	1.0280851E-006
1.886	1.0690316E-006
1.887	1.0981839E-006
1.888	1.1147705E-006
1.889	1.1184084E-006
1.89	1.1090999E-006
1.891	1.0872258E-006
1.892	1.0535211E-006
1.893	1.0090458E-006
1.894	9.5514770E-007
1.895	8.9341836E-007
1.896	8.2564060E-007
1.897	7.5373691E-007
1.898	6.7971246E-007
1.899	6.0559813E-007
1.9	5.3339357E-007
1.901	4.6501478E-007
1.902	4.0224381E-007
1.903	3.4668454E-007
1.904	2.9972503E-007
1.905	2.6250606E-007
1.906	2.3589786E-007
1.907	2.2048414E-007
1.908	2.1655421E-007
1.909	2.2410171E-007
1.91	2.4283224E-007
1.911	2.7217649E-007
1.912	3.1131114E-007
1.913	3.5918470E-007
1.914	4.1454916E-007
1.915	4.7599562E-007
1.916	5.4199245E-007
1.917	6.1092697E-007
1.918	6.8114645E-007
1.919	7.5100058E-007
1.92	8.1888163E-007
1.921	8.8326379E-007
1.922	9.4273770E-007
1.923	9.9604222E-007
1.924	1.0420914E-006
1.925	1.0799972E-006
1.926	1.1090840E-006
1.927	1.1289020E-006
1.928	1.1392307E-006
1.929	1.1400801E-006
1.93	1.1316843E-006
1.931	1.1144890E-006
1.932	1.0891387E-006
1.933	1.0564542E-006
1.934	1.0174090E-006
1.935	9.7310487E-007
1.936	9.2474505E-007
1.937	8.7360604E-007
1.938	8.2101030E-007
1.939	7.6830020E-007
1.94	7.1681075E-007
1.941	6.6784389E-007
1.942	6.2264075E-007
1.943	5.8235884E-007
1.944	5.4804707E-007
1.945	5.2062336E-007
1.946	5.0085703E-007
1.947	4.8935203E-007
1.948	4.8653624E-007
1.949	4.9265310E-007
1.95	5.0775998E-007
1.951	5.3172784E-007
1.952	5.6424756E-007
1.953	6.0483688E-007
1.954	6.5285360E-007
1.955	7.0750855E-007
1.956	7.6788325E-007
1.957	8.3294822E-007
1.958	9.0158363E-007
1.959	9.7260124E-007
1.96	1.0447667E-006
1.961	1.1168236E-006
1.962	1.1875153E-006
1.963	1.2556116E-006
1.964	1.3199276E-006
1.965	1.3793475E-006
1.966	1.4328477E-006
1.967	1.4795099E-006
1.968	1.5185467E-006
1.969	1.5493129E-006
1.97	1.5713198E-006
1.971	1.5842476E-006
1.972	1.5879563E-006
1.973	1.5824867E-006
1.974	1.5680675E-006
1.975	1.5451120E-006
1.976	1.5142130E-006
1.977	1.4761360E-006
1.978	1.4318069E-006
1.979	1.3822961E-006
1.98	1.3288020E-006
1.981	1.2726297E-006
1.982	1.2151675E-006
1.983	1.1578610E-006
1.984	1.1021847E-006
1.985	1.0496135E-006
1.986	1.0015904E-006
1.987	9.5949645E-007
1.988	9.2461988E-007
1.989	8.9812698E-007
1.99	8.8103451E-007
1.991	8.7418391E-007
1.992	8.7822008E-007
1.993	8.9357138E-007
1.994	9.2043462E-007
1.995	9.5876476E-007
1.996	1.0082681E-006
1.997	1.0684015E-006
1.998	1.1383765E-006
1.999	1.2171682E-006
2	1.3035333E-006
2.001	1.3960282E-006
2.002	1.4930370E-006
2.003	1.5928009E-006
2.004	1.6934555E-006
2.005	1.7930669E-006
2.006	1.8896773E-006
2.007	1.9813447E-006
2.008	2.0661914E-006
2.009	2.1424462E-006
2.01	2.2084887E-006
2.011	2.2628928E-006
2.012	2.3044636E-006
2.013	2.3322705E-006
2.014	2.3456787E-006
2.015	2.3443670E-006
2.016	2.3283437E-006
2.017	2.2979575E-006
2.018	2.2538939E-006
2.019	2.1971669E-006
2.02	2.1291075E-006
2.021	2.0513394E-006
2.022	1.9657518E-006
2.023	1.8744616E-006
2.024	1.7797743E-006
2.025	1.6841375E-006
2.026	1.5900846E-006
2.027	1.5001806E-006
2.028	1.4169605E-006
2.029	1.3428663E-006
2.03	1.2801883E-006
2.031	1.2310007E-006
2.032	1.1971100E-006
2.033	1.1800006E-006
2.034	1.1807921E-006
2.035	1.2002043E-006
2.036	1.2385315E-006
2.037	1.2956234E-006
2.038	1.3708831E-006
2.039	1.4632658E-006
2.04	1.5712978E-006
2.041	1.6930994E-006
2.042	1.8264180E-006
2.043	1.9686756E-006
2.044	2.1170179E-006
2.045	2.2683810E-006
2.046	2.4195563E-006
2.047	2.5672687E-006
2.048	2.7082554E-006
2.049	2.8393417E-006
2.05	2.9575313E-006
2.051	3.0600779E-006
2.052	3.1445570E-006
2.053	3.2089370E-006
2.054	3.2516309E-006
2.055	3.2715493E-006
2.056	3.2681301E-006
2.057	3.2413629E-006
2.058	3.1918037E-006
2.059	3.1205691E-006
2.06	3.0293186E-006
2.061	2.9202304E-006
2.062	2.7959568E-006
2.063	2.6595717E-006
2.064	2.5145052E-006
2.065	2.3644718E-006
2.066	2.2133795E-006
2.067	2.0652426E-006
2.068	1.9240827E-006
2.069	1.7938332E-006
2.07	1.6782369E-006
2.071	1.5807489E-006
2.072	1.5044521E-006
2.073	1.4519716E-006
2.074	1.4254015E-006
2.075	1.4262457E-006
2.076	1.4553697E-006
2.077	1.5129660E-006
2.078	1.5985374E-006
2.079	1.7108920E-006
2.08	1.8481621E-006
2.081	2.0078346E-006
2.082	2.1868018E-006
2.083	2.3814277E-006
2.084	2.5876282E-006
2.085	2.8009674E-006
2.086	3.0167578E-006
2.087	3.2301762E-006
2.088	3.4363795E-006
2.089	3.6306233E-006
2.09	3.8083774E-006
2.091	3.9654451E-006
2.092	4.0980631E-006
2.093	4.2030028E-006
2.094	4.2776578E-006
2.095	4.3201107E-006
2.096	4.3291957E-006
2.097	4.3045370E-006
2.098	4.2465722E-006
2.099	4.1565645E-006
2.1	4.0365726E-006
2.101	3.8894345E-006
2.102	3.7187017E-006
2.103	3.5285757E-006
2.104	3.3238032E-006
2.105	3.1095833E-006
2.106	2.8914367E-006
2.107	2.6750770E-006
2.108	2.4662622E-006
2.109	2.2706658E-006
2.11	2.0937207E-006
2.111	1.9404872E-006
2.112	1.8155223E-006
2.113	1.7227641E-006
2.114	1.6654188E-006
2.115	1.6458785E-006
2.116	1.6656458E-006
2.117	1.7252876E-006
2.118	1.8244018E-006
2.119	1.9616150E-006
2.12	2.1346016E-006
2.121	2.3401226E-006
2.122	2.5740917E-006
2.123	2.8316656E-006
2.124	3.1073478E-006
2.125	3.3951096E-006
2.126	3.6885308E-006
2.127	3.9809520E-006
2.128	4.2656270E-006
2.129	4.5358993E-006
2.13	4.7853609E-006
2.131	5.0080193E-006
2.132	5.1984498E-006
2.133	5.3519484E-006
2.134	5.4646443E-006
2.135	5.5336236E-006
2.136	5.5570044E-006
2.137	5.5339988E-006
2.138	5.4649577E-006
2.139	5.3513713E-006
2.14	5.1958546E-006
2.141	5.0021054E-006
2.142	4.7748313E-006
2.143	4.5196352E-006
2.144	4.2429074E-006
2.145	3.9516663E-006
2.146	3.6533866E-006
2.147	3.3558340E-006
2.148	3.0668589E-006
2.149	2.7942071E-006
2.15	2.5453255E-006
2.151	2.3271712E-006
2.152	2.1460362E-006
2.153	2.0073826E-006
2.154	1.9157014E-006
2.155	1.8743962E-006
2.156	1.8856891E-006
2.157	1.9505565E-006
2.158	2.0686937E-006
2.159	2.2385161E-006
2.16	2.4571768E-006
2.161	2.7206186E-006
2.162	3.0236597E-006
2.163	3.3600909E-006
2.164	3.7228078E-006
2.165	4.1039630E-006
2.166	4.4951344E-006
2.167	4.8875199E-006
2.168	5.2721293E-006
2.169	5.6400118E-006
2.17	5.9824697E-006
2.171	6.2912768E-006
2.172	6.5589029E-006
2.173	6.7787164E-006
2.174	6.9451589E-006
2.175	7.0539277E-006
2.176	7.1020822E-006
2.177	7.0881574E-006
2.178	7.0122087E-006
2.179	6.8758272E-006
2.18	6.6821358E-006
2.181	6.4357091E-006
2.182	6.1424953E-006
2.183	5.8096844E-006
2.184	5.4455418E-006
2.185	5.0592389E-006
2.186	4.6606269E-006
2.187	4.2600086E-006
2.188	3.8679000E-006
2.189	3.4947661E-006
2.19	3.1507677E-006
2.191	2.8455004E-006
2.192	2.5877632E-006
2.193	2.3853195E-006
2.194	2.2447041E-006
2.195	2.1710382E-006
2.196	2.1678898E-006
2.197	2.2371592E-006
2.198	2.3790069E-006
2.199	2.5918232E-006
2.2	2.8722359E-006
2.201	3.2151700E-006
2.202	3.6139397E-006
2.203	4.0603936E-006
2.204	4.5450906E-006
2.205	5.0575222E-006
2.206	5.5863452E-006
2.207	6.1196520E-006
2.208	6.6452685E-006
2.209	7.1510249E-006
2.21	7.6250790E-006
2.211	8.0561922E-006
2.212	8.4340309E-006
2.213	8.7494118E-006
2.214	8.9945579E-006
2.215	9.1633001E-006
2.216	9.2512382E-006
2.217	9.2559021E-006
2.218	9.1767961E-006
2.219	9.0154745E-006
2.22	8.7755088E-006
2.221	8.4624498E-006
2.222	8.0837181E-006
2.223	7.6484548E-006
2.224	7.1673326E-006
2.225	6.6523357E-006
2.226	6.1164833E-006
2.227	5.5735372E-006
2.228	5.0376907E-006
2.229	4.5232155E-006
2.23	4.0441350E-006
2.231	3.6138561E-006
2.232	3.2448422E-006
2.233	2.9482921E-006
2.234	2.7338360E-006
2.235	2.6092846E-006
2.236	2.5803997E-006
2.237	2.6507264E-006
2.238	2.8214638E-006
2.239	3.0913959E-006
2.24	3.4568786E-006
2.241	3.9118804E-006
2.242	4.4480871E-006
2.243	5.0550639E-006
2.244	5.7204697E-006
2.245	6.4303281E-006
2.246	7.1693444E-006
2.247	7.9212559E-006
2.248	8.6692171E-006
2.249	9.3962071E-006
2.25	1.0085427E-005
2.251	1.0720738E-005
2.252	1.1287043E-005
2.253	1.1770676E-005
2.254	1.2159759E-005
2.255	1.2444521E-005
2.256	1.2617587E-005
2.257	1.2674171E-005
2.258	1.2612260E-005
2.259	1.2432722E-005
2.26	1.2139318E-005
2.261	1.1738674E-005
2.262	1.1240179E-005
2.263	1.0655802E-005
2.264	9.9998497E-006
2.265	9.2886703E-006
2.266	8.5402880E-006
2.267	7.7740233E-006
2.268	7.0100173E-006
2.269	6.2687886E-006
2.27	5.5707337E-006
2.271	4.9356349E-006
2.272	4.3821728E-006
2.273	3.9274569E-006
2.274	3.5865919E-006
2.275	3.3722815E-006
2.276	3.2944833E-006
2.277	3.3601209E-006
2.278	3.5728594E-006
2.279	3.9329511E-006
2.28	4.4371486E-006
2.281	5.0787021E-006
2.282	5.8474257E-006
2.283	6.7298611E-006
2.284	7.7095156E-006
2.285	8.7671851E-006
2.286	9.8813462E-006
2.287	1.1028642E-005
2.288	1.2184406E-005
2.289	1.3323240E-005
2.29	1.4419626E-005
2.291	1.5448530E-005
2.292	1.6386064E-005
2.293	1.7210032E-005
2.294	1.7900542E-005
2.295	1.8440522E-005
2.296	1.8816208E-005
2.297	1.9017509E-005
2.298	1.9038373E-005
2.299	1.8877030E-005
2.3	1.8536128E-005
2.301	1.8022789E-005
2.302	1.7348539E-005
2.303	1.6529184E-005
2.304	1.5584514E-005
2.305	1.4537954E-005
2.306	1.3416078E-005
2.307	1.2248083E-005
2.308	1.1065154E-005
2.309	9.8997461E-006
2.31	8.7848894E-006
2.311	7.7533659E-006
2.312	6.8369623E-006
2.313	6.0656639E-006
2.314	5.4669040E-006
2.315	5.0648573E-006
2.316	4.8797624E-006
2.317	4.9273531E-006
2.318	5.2183518E-006
2.319	5.7580564E-006
2.32	6.5460567E-006
2.321	7.5760513E-006
2.322	8.8358011E-006
2.323	1.0307243E-005
2.324	1.1966720E-005
2.325	1.3785428E-005
2.326	1.5729949E-005
2.327	1.7762990E-005
2.328	1.9844163E-005
2.329	2.1930922E-005
2.33	2.3979521E-005
2.331	2.5945954E-005
2.332	2.7786964E-005
2.333	2.9461029E-005
2.334	3.0929335E-005
2.335	3.2156702E-005
2.336	3.3112527E-005
2.337	3.3771710E-005
2.338	3.4115430E-005
2.339	3.4131925E-005
2.34	3.3817108E-005
2.341	3.3174929E-005
2.342	3.2217707E-005
2.343	3.0966210E-005
2.344	2.9449402E-005
2.345	2.7704149E-005
2.346	2.5774649E-005
2.347	2.3711611E-005
2.348	2.1571390E-005
2.349	1.9414860E-005
2.35	1.7306227E-005
2.351	1.5311618E-005
2.352	1.3497763E-005
2.353	1.1930422E-005
2.354	1.0672935E-005
2.355	9.7846532E-006
2.356	9.3194330E-006
2.357	9.3241906E-006
2.358	9.8374621E-006
2.359	1.0888160E-005
2.36	1.2494391E-005
2.361	1.4662514E-005
2.362	1.7386450E-005
2.363	2.0647218E-005
2.364	2.4412790E-005
2.365	2.8638306E-005
2.366	3.3266508E-005
2.367	3.8228551E-005
2.368	4.3445041E-005
2.369	4.8827282E-005
2.37	5.4278869E-005
2.371	5.9697406E-005
2.372	6.4976470E-005
2.373	7.0007845E-005
2.374	7.4683885E-005
2.375	7.8900055E-005
2.376	8.2557635E-005
2.377	8.5566389E-005
2.378	8.7847213E-005
2.379	8.9334710E-005
2.38	8.9979672E-005
2.381	8.9751396E-005
2.382	8.8639667E-005
2.383	8.6656633E-005
2.384	8.3838408E-005
2.385	8.0246129E-005
2.386	7.5966957E-005
2.387	7.1114409E-005
2.388	6.5828332E-005
2.389	6.0274488E-005
2.39	5.4643537E-005
2.391	4.9149552E-005
2.392	4.4028151E-005
2.393	3.9534112E-005
2.394	3.5938527E-005
2.395	3.3525575E-005
2.396	3.2588996E-005
2.397	3.3428081E-005
2.398	3.6343565E-005
2.399	4.1633157E-005
2.4	4.9587034E-005
2.401	6.0483060E-005
2.402	7.4582145E-005
2.403	9.2123526E-005
2.404	1.1332001E-004
2.405	1.3835376E-004
2.406	1.6737173E-004
2.407	2.0048227E-004
2.408	2.3775145E-004
2.409	2.7920018E-004
2.41	3.2480180E-004
2.411	3.7448079E-004
2.412	4.2811086E-004
2.413	4.8551516E-004
2.414	5.4646574E-004
2.415	6.1068434E-004
2.416	6.7784352E-004
2.417	7.4757024E-004
2.418	8.1944722E-004
2.419	8.9301827E-004
2.42	9.6779328E-004
2.421	1.0432542E-003
2.422	1.1188597E-003
2.423	1.1940537E-003
2.424	1.2682690E-003
2.425	1.3409352E-003
2.426	1.4114829E-003
2.427	1.4793483E-003
2.428	1.5439803E-003
2.429	1.6048444E-003
2.43	1.6614291E-003
2.431	1.7132502E-003
2.432	1.7598596E-003
2.433	1.8008488E-003
2.434	1.8358541E-003
2.435	1.8645629E-003
2.436	1.8867172E-003
2.437	1.9021163E-003
2.438	1.9106201E-003
2.439	1.9121496E-003
2.44	1.9066900E-003
2.441	1.8942886E-003
2.442	1.8750562E-003
2.443	1.8491647E-003
2.444	1.8168457E-003
2.445	1.7783891E-003
2.446	1.7341372E-003
2.447	1.6844822E-003
2.448	1.6298622E-003
2.449	1.5707518E-003
2.45	1.5076593E-003
2.451	1.4411208E-003
2.452	1.3716905E-003
2.453	1.2999361E-003
2.454	1.2264308E-003
2.455	1.1517504E-003
2.456	1.0764619E-003
2.457	1.0011231E-003
2.458	9.2627376E-004
2.459	8.5243268E-004
2.46	7.8009081E-004
2.461	7.0970814E-004
2.462	6.4170809E-004
2.463	5.7647383E-004
2.464	5.1434379E-004
2.465	4.5560993E-004
2.466	4.0051373E-004
2.467	3.4924611E-004
2.468	3.0194689E-004
2.469	2.5870555E-004
2.47	2.1956225E-004
2.471	1.8451085E-004
2.472	1.5350133E-004
2.473	1.2644310E-004
2.474	1.0320862E-004
2.475	8.3636667E-005
2.476	6.7536232E-005
2.477	5.4689986E-005
2.478	4.4858400E-005
2.479	3.7783400E-005
2.48	3.3192649E-005
2.481	3.0803712E-005
2.482	3.0328307E-005
2.483	3.1476826E-005
2.484	3.3962402E-005
2.485	3.7505066E-005
2.486	4.1835447E-005
2.487	4.6698235E-005
2.488	5.1855081E-005
2.489	5.7087167E-005
2.49	6.2197250E-005
2.491	6.7011286E-005
2.492	7.1379429E-005
2.493	7.5176977E-005
2.494	7.8304314E-005
2.495	8.0687096E-005
2.496	8.2275452E-005
2.497	8.3043065E-005
2.498	8.2986007E-005
2.499	8.2121049E-005
2.5	8.0483704E-005
2.501	7.8126308E-005
2.502	7.5115364E-005
2.503	7.1529394E-005
2.504	6.7456298E-005
2.505	6.2990752E-005
2.506	5.8231664E-005
2.507	5.3279815E-005
2.508	4.8235343E-005
2.509	4.3195669E-005
2.51	3.8253394E-005
2.511	3.3494627E-005
2.512	2.8997483E-005
2.513	2.4830755E-005
2.514	2.1053029E-005
2.515	1.7711924E-005
2.516	1.4843679E-005
2.517	1.2472894E-005
2.518	1.0612574E-005
2.519	9.2643395E-006
2.52	8.4188414E-006
2.521	8.0564150E-006
2.522	8.1479038E-006
2.523	8.6556311E-006
2.524	9.5345895E-006
2.525	1.0733736E-005
2.526	1.2197381E-005
2.527	1.3866665E-005
2.528	1.5681022E-005
2.529	1.7579694E-005
2.53	1.9503063E-005
2.531	2.1393984E-005
2.532	2.3198963E-005
2.533	2.4869161E-005
2.534	2.6361216E-005
2.535	2.7637981E-005
2.536	2.8669048E-005
2.537	2.9431079E-005
2.538	2.9908098E-005
2.539	3.0091511E-005
2.54	2.9980058E-005
2.541	2.9579563E-005
2.542	2.8902552E-005
2.543	2.7967717E-005
2.544	2.6799260E-005
2.545	2.5426127E-005
2.546	2.3881135E-005
2.547	2.2200073E-005
2.548	2.0420726E-005
2.549	1.8581983E-005
2.55	1.6722910E-005
2.551	1.4881857E-005
2.552	1.3095663E-005
2.553	1.1398888E-005
2.554	9.8231085E-006
2.555	8.3963041E-006
2.556	7.1423333E-006
2.557	6.0804473E-006
2.558	5.2249770E-006
2.559	4.5851066E-006
2.56	4.1647863E-006
2.561	3.9627616E-006
2.562	3.9727665E-006
2.563	4.1837998E-006
2.564	4.5805346E-006
2.565	5.1438055E-006
2.566	5.8511910E-006
2.567	6.6776274E-006
2.568	7.5960761E-006
2.569	8.5782212E-006
2.57	9.5951564E-006
2.571	1.0618069E-005
2.572	1.1618902E-005
2.573	1.2570987E-005
2.574	1.3449604E-005
2.575	1.4232520E-005
2.576	1.4900442E-005
2.577	1.5437363E-005
2.578	1.5830905E-005
2.579	1.6072454E-005
2.58	1.6157312E-005
2.581	1.6084667E-005
2.582	1.5857517E-005
2.583	1.5482487E-005
2.584	1.4969575E-005
2.585	1.4331791E-005
2.586	1.3584813E-005
2.587	1.2746515E-005
2.588	1.1836504E-005
2.589	1.0875653E-005
2.59	9.8855644E-006
2.591	8.8880815E-006
2.592	7.9047768E-006
2.593	6.9564667E-006
2.594	6.0627362E-006
2.595	5.2415126E-006
2.596	4.5086658E-006
2.597	3.8776784E-006
2.598	3.3593606E-006
2.599	2.9616565E-006
2.6	2.6894986E-006
2.601	2.5447632E-006
2.602	2.5262807E-006
2.603	2.6299253E-006
2.604	2.8487798E-006
2.605	3.1733539E-006
2.606	3.5918624E-006
2.607	4.0905552E-006
2.608	4.6540758E-006
2.609	5.2658665E-006
2.61	5.9085787E-006
2.611	6.5645027E-006
2.612	7.2159969E-006
2.613	7.8459007E-006
2.614	8.4379417E-006
2.615	8.9771092E-006
2.616	9.4499801E-006
2.617	9.8450182E-006
2.618	1.0152805E-005
2.619	1.0366221E-005
2.62	1.0480564E-005
2.621	1.0493603E-005
2.622	1.0405589E-005
2.623	1.0219177E-005
2.624	9.9393410E-006
2.625	9.5731957E-006
2.626	9.1298098E-006
2.627	8.6199680E-006
2.628	8.0558739E-006
2.629	7.4508666E-006
2.63	6.8190561E-006
2.631	6.1750020E-006
2.632	5.5333157E-006
2.633	4.9083287E-006
2.634	4.3137325E-006
2.635	3.7622590E-006
2.636	3.2653891E-006
2.637	2.8331046E-006
2.638	2.4736789E-006
2.639	2.1935127E-006
2.64	1.9970180E-006
2.641	1.8865454E-006
2.642	1.8623646E-006
2.643	1.9226816E-006
2.644	2.0637126E-006
2.645	2.2797988E-006
2.646	2.5635647E-006
2.647	2.9061252E-006
2.648	3.2973169E-006
2.649	3.7259733E-006
2.65	4.1802114E-006
2.651	4.6477317E-006
2.652	5.1161314E-006
2.653	5.5732021E-006
2.654	6.0072148E-006
2.655	6.4072015E-006
2.656	6.7631972E-006
2.657	7.0664573E-006
2.658	7.3096521E-006
2.659	7.4870040E-006
2.66	7.5944213E-006
2.661	7.6295546E-006
2.662	7.5918319E-006
2.663	7.4824538E-006
2.664	7.3043348E-006
2.665	7.0620172E-006
2.666	6.7615420E-006
2.667	6.4102824E-006
2.668	6.0167581E-006
2.669	5.5904097E-006
2.67	5.1413608E-006
2.671	4.6801601E-006
2.672	4.2175238E-006
2.673	3.7640693E-006
2.674	3.3300541E-006
2.675	2.9251344E-006
2.676	2.5581346E-006
2.677	2.2368483E-006
2.678	1.9678569E-006
2.679	1.7563930E-006
2.68	1.6062278E-006
2.681	1.5196008E-006
2.682	1.4971857E-006
2.683	1.5380946E-006
2.684	1.6399216E-006
2.685	1.7988175E-006
2.686	2.0096068E-006
2.687	2.2659253E-006
2.688	2.5603990E-006
2.689	2.8848297E-006
2.69	3.2304076E-006
2.691	3.5879380E-006
2.692	3.9480587E-006
2.693	4.3014775E-006
2.694	4.6391815E-006
2.695	4.9526534E-006
2.696	5.2340670E-006
2.697	5.4764591E-006
2.698	5.6738936E-006
2.699	5.8215878E-006
2.7	5.9160216E-006
2.701	5.9550061E-006
2.702	5.9377385E-006
2.703	5.8647911E-006
2.704	5.7381085E-006
2.705	5.5609244E-006
2.706	5.3376766E-006
2.707	5.0738877E-006
2.708	4.7760145E-006
2.709	4.4512722E-006
2.71	4.1074568E-006
2.711	3.7527489E-006
2.712	3.3954984E-006
2.713	3.0440378E-006
2.714	2.7064671E-006
2.715	2.3904674E-006
2.716	2.1031183E-006
2.717	1.8507353E-006
2.718	1.6387185E-006
2.719	1.4714341E-006
2.72	1.3521167E-006
2.721	1.2828013E-006
2.722	1.2642878E-006
2.723	1.2961327E-006
2.724	1.3766720E-006
2.725	1.5030772E-006
2.726	1.6714320E-006
2.727	1.8768379E-006
2.728	2.1135411E-006
2.729	2.3750795E-006
2.73	2.6544444E-006
2.731	2.9442572E-006
2.732	3.2369544E-006
2.733	3.5249750E-006
2.734	3.8009466E-006
2.735	4.0578725E-006
2.736	4.2892907E-006
2.737	4.4894391E-006
2.738	4.6533878E-006
2.739	4.7771464E-006
2.74	4.8577581E-006
2.741	4.8933553E-006
2.742	4.8831989E-006
2.743	4.8276788E-006
2.744	4.7282938E-006
2.745	4.5876041E-006
2.746	4.4091526E-006
2.747	4.1973681E-006
2.748	3.9574520E-006
2.749	3.6952458E-006
2.75	3.4170685E-006
2.751	3.1295754E-006
2.752	2.8395873E-006
2.753	2.5539262E-006
2.754	2.2792499E-006
2.755	2.0218990E-006
2.756	1.7877421E-006
2.757	1.5820424E-006
2.758	1.4093321E-006
2.759	1.2733063E-006
2.76	1.1767388E-006
2.761	1.1214166E-006
2.762	1.1081039E-006
2.763	1.1365278E-006
2.764	1.2053930E-006
2.765	1.3124217E-006
2.766	1.4544190E-006
2.767	1.6273592E-006
2.768	1.8264935E-006
2.769	2.0464695E-006
2.77	2.2814720E-006
2.771	2.5253635E-006
2.772	2.7718377E-006
2.773	3.0145754E-006
2.774	3.2473999E-006
2.775	3.4644293E-006
2.776	3.6602191E-006
2.777	3.8298922E-006
2.778	3.9692623E-006
2.779	4.0749210E-006
2.78	4.1443236E-006
2.781	4.1758376E-006
2.782	4.1687726E-006
2.783	4.1233870E-006
2.784	4.0408731E-006
2.785	3.9233150E-006
2.786	3.7736388E-006
2.787	3.5955252E-006
2.788	3.3933297E-006
2.789	3.1719658E-006
2.79	2.9367911E-006
2.791	2.6934690E-006
2.792	2.4478356E-006
2.793	2.2057529E-006
2.794	1.9729587E-006
2.795	1.7549319E-006
2.796	1.5567505E-006
2.797	1.3829703E-006
2.798	1.2375160E-006
2.799	1.1235865E-006
2.8	1.0435821E-006
2.801	9.9905321E-007
2.802	9.9066779E-007
2.803	1.0181998E-006
2.804	1.0805433E-006
2.805	1.1757426E-006
2.806	1.3010466E-006
2.807	1.4529812E-006
2.808	1.6274375E-006
2.809	1.8197801E-006
2.81	2.0249620E-006
2.811	2.2376576E-006
2.812	2.4523940E-006
2.813	2.6636917E-006
2.814	2.8661973E-006
2.815	3.0548181E-006
2.816	3.2248427E-006
2.817	3.3720492E-006
2.818	3.4928066E-006
2.819	3.5841540E-006
2.82	3.6438680E-006
2.821	3.6705089E-006
2.822	3.6634540E-006
2.823	3.6229130E-006
2.824	3.5499095E-006
2.825	3.4462694E-006
2.826	3.3145627E-006
2.827	3.1580394E-006
2.828	2.9805487E-006
2.829	2.7864364E-006
2.83	2.5804306E-006
2.831	2.3675309E-006
2.832	2.1528710E-006
2.833	1.9415961E-006
2.834	1.7387393E-006
2.835	1.5490966E-006
2.836	1.3771129E-006
2.837	1.2267752E-006
2.838	1.1015213E-006
2.839	1.0041559E-006
2.84	9.3678568E-007
2.841	9.0077128E-007
2.842	8.9669771E-007
2.843	9.2436431E-007
2.844	9.8279418E-007
2.845	1.0702616E-006
2.846	1.1843396E-006
2.847	1.3219594E-006
2.848	1.4794903E-006
2.849	1.6528289E-006
2.85	1.8375003E-006
2.851	2.0287691E-006
2.852	2.2217557E-006
2.853	2.4115584E-006
2.854	2.5933741E-006
2.855	2.7626204E-006
2.856	2.9150428E-006
2.857	3.0468282E-006
2.858	3.1546915E-006
2.859	3.2359562E-006
2.86	3.2886223E-006
2.861	3.3114077E-006
2.862	3.3037766E-006
2.863	3.2659557E-006
2.864	3.1989157E-006
2.865	3.1043467E-006
2.866	2.9846119E-006
2.867	2.8426798E-006
2.868	2.6820528E-006
2.869	2.5066709E-006
2.87	2.3208136E-006
2.871	2.1289936E-006
2.872	1.9358486E-006
2.873	1.7460245E-006
2.874	1.5640682E-006
2.875	1.3943177E-006
2.876	1.2407982E-006
2.877	1.1071263E-006
2.878	9.9642352E-007
2.879	9.1123843E-007
2.88	8.5348705E-007
2.881	8.2440306E-007
2.882	8.2451038E-007
2.883	8.5360944E-007
2.884	9.1078493E-007
2.885	9.9442912E-007
2.886	1.1022867E-006
2.887	1.2315106E-006
2.888	1.3787377E-006
2.889	1.5401743E-006
2.89	1.7116901E-006
2.891	1.8889265E-006
2.892	2.0673997E-006
2.893	2.2426154E-006
2.894	2.4101780E-006
2.895	2.5658971E-006
2.896	2.7058925E-006
2.897	2.8266813E-006
2.898	2.9252699E-006
2.899	2.9992173E-006
2.9	3.0466999E-006
2.901	3.0665472E-006
2.902	3.0582742E-006
2.903	3.0220872E-006
2.904	2.9588798E-006
2.905	2.8702084E-006
2.906	2.7582535E-006
2.907	2.6257633E-006
2.908	2.4759897E-006
2.909	2.3126004E-006
2.91	2.1395931E-006
2.911	1.9611903E-006
2.912	1.7817382E-006
2.913	1.6055920E-006
2.914	1.4370155E-006
2.915	1.2800710E-006
2.916	1.1385220E-006
2.917	1.0157422E-006
2.918	9.1463363E-007
2.919	8.3755708E-007
2.92	7.8627698E-007
2.921	7.6192049E-007
2.922	7.6495274E-007
2.923	7.9516883E-007
2.924	8.5170313E-007
2.925	9.3305101E-007
2.926	1.0371086E-006
2.927	1.1612242E-006
2.928	1.3022604E-006
2.929	1.4566705E-006
2.93	1.6205830E-006
2.931	1.7898922E-006
2.932	1.9603613E-006
2.933	2.1277240E-006
2.934	2.2877925E-006
2.935	2.4365597E-006
2.936	2.5703023E-006
2.937	2.6856728E-006
2.938	2.7797867E-006
2.939	2.8502907E-006
2.94	2.8954271E-006
2.941	2.9140733E-006
2.942	2.9057717E-006
2.943	2.8707373E-006
2.944	2.8098509E-006
2.945	2.7246303E-006
2.946	2.6171901E-006
2.947	2.4901842E-006
2.948	2.3467355E-006
2.949	2.1903586E-006
2.95	2.0248706E-006
2.951	1.8543063E-006
2.952	1.6828155E-006
2.953	1.5145719E-006
2.954	1.3536718E-006
2.955	1.2040376E-006
2.956	1.0693230E-006
2.957	9.5282047E-007
2.958	8.5737685E-007
2.959	7.8532207E-007
2.96	7.3840738E-007
2.961	7.1775906E-007
2.962	7.2385131E-007
2.963	7.5649416E-007
2.964	8.1484052E-007
2.965	8.9740928E-007
2.966	1.0021251E-006
2.967	1.1263704E-006
2.968	1.2670525E-006
2.969	1.4206792E-006
2.97	1.5834465E-006
2.971	1.7513291E-006
2.972	1.9201805E-006
2.973	2.0858342E-006
2.974	2.2442002E-006
2.975	2.3913708E-006
2.976	2.5237109E-006
2.977	2.6379455E-006
2.978	2.7312460E-006
2.979	2.8012889E-006
2.98	2.8463232E-006
2.981	2.8652084E-006
2.982	2.8574502E-006
2.983	2.8232059E-006
2.984	2.7632900E-006
2.985	2.6791479E-006
2.986	2.5728289E-006
2.987	2.4469264E-006
2.988	2.3045252E-006
2.989	2.1491155E-006
2.99	1.9845140E-006
2.991	1.8147698E-006
2.992	1.6440608E-006
2.993	1.4765972E-006
2.994	1.3165131E-006
2.995	1.1677685E-006
2.996	1.0340478E-006
2.997	9.1867344E-007
2.998	8.2452112E-007
2.999	7.5395030E-007
3	7.0874677E-007
3.001	6.9007893E-007
3.002	6.9846971E-007
3.003	7.3378266E-007
3.004	7.9522556E-007
3.005	8.8136710E-007
3.006	9.9017063E-007
3.007	1.1190418E-006
3.008	1.2648893E-006
3.009	1.4241981E-006
3.01	1.5931163E-006
3.011	1.7675428E-006
3.012	1.9432339E-006
3.013	2.1159028E-006
3.014	2.2813260E-006
3.015	2.4354499E-006
3.016	2.5744869E-006
3.017	2.6950108E-006
3.018	2.7940425E-006
3.019	2.8691238E-006
3.02	2.9183766E-006
3.021	2.9405514E-006
3.022	2.9350608E-006
3.023	2.9019930E-006
3.024	2.8421143E-006
3.025	2.7568542E-006
3.026	2.6482703E-006
3.027	2.5190004E-006
3.028	2.3722043E-006
3.029	2.2114825E-006
3.03	2.0407979E-006
3.031	1.8643713E-006
3.032	1.6865833E-006
3.033	1.5118658E-006
3.034	1.3445934E-006
3.035	1.1889761E-006
3.036	1.0489558E-006
3.037	9.2810853E-007
3.038	8.2955643E-007
3.039	7.5589026E-007
3.04	7.0910528E-007
3.041	6.9055227E-007
3.042	7.0090084E-007
3.043	7.4012388E-007
3.044	8.0749408E-007
3.045	9.0160063E-007
3.046	1.0203785E-006
3.047	1.1611554E-006
3.048	1.3207117E-006
3.049	1.4953541E-006
3.05	1.6810034E-006
3.051	1.8732841E-006
3.052	2.0676355E-006
3.053	2.2594168E-006
3.054	2.4440221E-006
3.055	2.6169903E-006
3.056	2.7741205E-006
3.057	2.9115738E-006
3.058	3.0259725E-006
3.059	3.1144818E-006
3.06	3.1748882E-006
3.061	3.2056548E-006
3.062	3.2059609E-006
3.063	3.1757288E-006
3.064	3.1156299E-006
3.065	3.0270687E-006
3.066	2.9121525E-006
3.067	2.7736514E-006
3.068	2.6149241E-006
3.069	2.4398537E-006
3.07	2.2527497E-006
3.071	2.0582549E-006
3.072	1.8612328E-006
3.073	1.6666585E-006
3.074	1.4794948E-006
3.075	1.3045762E-006
3.076	1.1464884E-006
3.077	1.0094519E-006
3.078	8.9721755E-007
3.079	8.1296810E-007
3.08	7.5923612E-007
3.081	7.3783548E-007
3.082	7.4981295E-007
3.083	7.9541479E-007
3.084	8.7407631E-007
3.085	9.8442933E-007
3.086	1.1243295E-006
3.087	1.2909036E-006
3.088	1.4806096E-006
3.089	1.6893184E-006
3.09	1.9124059E-006
3.091	2.1448559E-006
3.092	2.3813764E-006
3.093	2.6165224E-006
3.094	2.8448226E-006
3.095	3.0609087E-006
3.096	3.2596497E-006
3.097	3.4362763E-006
3.098	3.5865023E-006
3.099	3.7066338E-006
3.1	3.7936686E-006
3.101	3.8453745E-006
3.102	3.8603580E-006
3.103	3.8380995E-006
3.104	3.7789889E-006
3.105	3.6843146E-006
3.106	3.5562548E-006
3.107	3.3978320E-006
3.108	3.2128537E-006
3.109	3.0058347E-006
3.11	2.7818960E-006
3.111	2.5466520E-006
3.112	2.3060829E-006
3.113	2.0663983E-006
3.114	1.8338898E-006
3.115	1.6147849E-006
3.116	1.4150950E-006
3.117	1.2404739E-006
3.118	1.0960786E-006
3.119	9.8643852E-007
3.12	9.1533872E-007
3.121	8.8571784E-007
3.122	8.9958132E-007
3.123	9.5793587E-007
3.124	1.0607459E-006
3.125	1.2069149E-006
3.126	1.3942929E-006
3.127	1.6197089E-006
3.128	1.8790341E-006
3.129	2.1672618E-006
3.13	2.4786173E-006
3.131	2.8066784E-006
3.132	3.1445181E-006
3.133	3.4848551E-006
3.134	3.8202165E-006
3.135	4.1431081E-006
3.136	4.4461785E-006
3.137	4.7224125E-006
3.138	4.9652804E-006
3.139	5.1689171E-006
3.14	5.3282838E-006
3.141	5.4393004E-006
3.142	5.4989778E-006
3.143	5.5055102E-006
3.144	5.4583625E-006
3.145	5.3582926E-006
3.146	5.2073810E-006
3.147	5.0090080E-006
3.148	4.7677963E-006
3.149	4.4895364E-006
3.15	4.1810881E-006
3.151	3.8502444E-006
3.152	3.5055814E-006
3.153	3.1562922E-006
3.154	2.8119987E-006
3.155	2.4825415E-006
3.156	2.1777755E-006
3.157	1.9073334E-006
3.158	1.6804037E-006
3.159	1.5055004E-006
3.16	1.3902460E-006
3.161	1.3411614E-006
3.162	1.3634835E-006
3.163	1.4610000E-006
3.164	1.6359162E-006
3.165	1.8887525E-006
3.166	2.2182799E-006
3.167	2.6214921E-006
3.168	3.0936126E-006
3.169	3.6281492E-006
3.17	4.2169836E-006
3.171	4.8504990E-006
3.172	5.5177411E-006
3.173	6.2066119E-006
3.174	6.9040893E-006
3.175	7.5964904E-006
3.176	8.2697406E-006
3.177	8.9096693E-006
3.178	9.5023315E-006
3.179	1.0034347E-005
3.18	1.0493201E-005
3.181	1.0867637E-005
3.182	1.1147928E-005
3.183	1.1326217E-005
3.184	1.1396792E-005
3.185	1.1356334E-005
3.186	1.1204133E-005
3.187	1.0942259E-005
3.188	1.0575673E-005
3.189	1.0112326E-005
3.19	9.5631485E-006
3.191	8.9420691E-006
3.192	8.2659126E-006
3.193	7.5542803E-006
3.194	6.8293980E-006
3.195	6.1158685E-006
3.196	5.4404213E-006
3.197	4.8315665E-006
3.198	4.3192390E-006
3.199	3.9343795E-006
3.2	3.7084774E-006
3.201	3.6730989E-006
3.202	3.8593785E-006
3.203	4.2975148E-006
3.204	5.0162766E-006
3.205	6.0425018E-006
3.206	7.4006421E-006
3.207	9.1123147E-006
3.208	1.1195914E-005
3.209	1.3666225E-005
3.21	1.6534086E-005
3.211	1.9806073E-005
3.212	2.3484246E-005
3.213	2.7565862E-005
3.214	3.2043259E-005
3.215	3.6903708E-005
3.216	4.2129344E-005
3.217	4.7697300E-005
3.218	5.3579832E-005
3.219	5.9744547E-005
3.22	6.6154789E-005
3.221	7.2769923E-005
3.222	7.9545905E-005
3.223	8.6435495E-005
3.224	9.3388961E-005
3.225	1.0035447E-004
3.226	1.0727869E-004
3.227	1.1410730E-004
3.228	1.2078578E-004
3.229	1.2725995E-004
3.23	1.3347655E-004
3.231	1.3938421E-004
3.232	1.4493366E-004
3.233	1.5007835E-004
3.234	1.5477517E-004
3.235	1.5898455E-004
3.236	1.6267109E-004
3.237	1.6580377E-004
3.238	1.6835651E-004
3.239	1.7030828E-004
3.24	1.7164346E-004
3.241	1.7235200E-004
3.242	1.7242972E-004
3.243	1.7187838E-004
3.244	1.7070521E-004
3.245	1.6892327E-004
3.246	1.6655085E-004
3.247	1.6361149E-004
3.248	1.6013309E-004
3.249	1.5614807E-004
3.25	1.5169245E-004
3.251	1.4680591E-004
3.252	1.4153079E-004
3.253	1.3591193E-004
3.254	1.2999649E-004
3.255	1.2383290E-004
3.256	1.1747074E-004
3.257	1.1096009E-004
3.258	1.0435102E-004
3.259	9.7692959E-005
3.26	9.1034082E-005
3.261	8.4420943E-005
3.262	7.7897756E-005
3.263	7.1506074E-005
3.264	6.5284337E-005
3.265	5.9267470E-005
3.266	5.3486678E-005
3.267	4.7969257E-005
3.268	4.2738411E-005
3.269	3.7813290E-005
3.27	3.3208908E-005
3.271	2.8936376E-005
3.272	2.5002839E-005
3.273	2.1411786E-005
3.274	1.8163128E-005
3.275	1.5253400E-005
3.276	1.2675976E-005
3.277	1.0421272E-005
3.278	8.4769626E-006
3.279	6.8282825E-006
3.28	5.4582920E-006
3.281	4.3482119E-006
3.282	3.4777586E-006
3.283	2.8255120E-006
3.284	2.3692664E-006
3.285	2.0863886E-006
3.286	1.9541562E-006
3.287	1.9500810E-006
3.288	2.0521943E-006
3.289	2.2393224E-006
3.29	2.4913111E-006
3.291	2.7892372E-006
3.292	3.1155757E-006
3.293	3.4543446E-006
3.294	3.7912141E-006
3.295	4.1135904E-006
3.296	4.4106637E-006
3.297	4.6734363E-006
3.298	4.8947113E-006
3.299	5.0690637E-006
3.3	5.1927732E-006
3.301	5.2637506E-006
3.302	5.2814162E-006
3.303	5.2465866E-006
3.304	5.1613206E-006
3.305	5.0287622E-006
3.306	4.8529896E-006
3.307	4.6388300E-006
3.308	4.3917130E-006
3.309	4.1174912E-006
3.31	3.8222938E-006
3.311	3.5123730E-006
3.312	3.1939662E-006
3.313	2.8731654E-006
3.314	2.5557956E-006
3.315	2.2473075E-006
3.316	1.9526799E-006
3.317	1.6763331E-006
3.318	1.4220701E-006
3.319	1.1930202E-006
3.32	9.9161002E-007
3.321	8.1954886E-007
3.322	6.7783162E-007
3.323	5.6675941E-007
3.324	4.8597218E-007
3.325	4.3449617E-007
3.326	4.1079971E-007
3.327	4.1285827E-007
3.328	4.3822587E-007
3.329	4.8411022E-007
3.33	5.4745135E-007
3.331	6.2500095E-007
3.332	7.1340179E-007
3.333	8.0926463E-007
3.334	9.0924271E-007
3.335	1.0101005E-006
3.336	1.1087798E-006
3.337	1.2024507E-006
3.338	1.2885683E-006
3.339	1.3649067E-006
3.34	1.4295927E-006
3.341	1.4811280E-006
3.342	1.5184038E-006
3.343	1.5407028E-006
3.344	1.5476966E-006
3.345	1.5394355E-006
3.346	1.5163276E-006
3.347	1.4791135E-006
3.348	1.4288364E-006
3.349	1.3668032E-006
3.35	1.2945461E-006
3.351	1.2137757E-006
3.352	1.1263353E-006
3.353	1.0341547E-006
3.354	9.3919766E-007
3.355	8.4341872E-007
3.356	7.4871616E-007
3.357	6.5689244E-007
3.358	5.6961750E-007
3.359	4.8839684E-007
3.36	4.1454513E-007
3.361	3.4916562E-007
3.362	2.9313387E-007
3.363	2.4708703E-007
3.364	2.1141871E-007
3.365	1.8627806E-007
3.366	1.7157510E-007
3.367	1.6699070E-007
3.368	1.7199223E-007
3.369	1.8585251E-007
3.37	2.0767402E-007
3.371	2.3641586E-007
3.372	2.7092270E-007
3.373	3.0995537E-007
3.374	3.5222254E-007
3.375	3.9641162E-007
3.376	4.4121890E-007
3.377	4.8537873E-007
3.378	5.2769042E-007
3.379	5.6704243E-007
3.38	6.0243485E-007
3.381	6.3299854E-007
3.382	6.5800924E-007
3.383	6.7690036E-007
3.384	6.8927039E-007
3.385	6.9488618E-007
3.386	6.9368332E-007
3.387	6.8576048E-007
3.388	6.7137296E-007
3.389	6.5092098E-007
3.39	6.2493433E-007
3.391	5.9405750E-007
3.392	5.5903030E-007
3.393	5.2066855E-007
3.394	4.7984247E-007
3.395	4.3745590E-007
3.396	3.9442483E-007
3.397	3.5165522E-007
3.398	3.1002281E-007
3.399	2.7035375E-007
3.4	2.3340603E-007
3.401	1.9985387E-007
3.402	1.7027413E-007
3.403	1.4513530E-007
3.404	1.2478995E-007
3.405	1.0946981E-007
3.406	9.9283966E-008
3.407	9.4220333E-008
3.408	9.4149335E-008
3.409	9.8830668E-008
3.41	1.0792191E-007
3.411	1.2098928E-007
3.412	1.3752013E-007
3.413	1.5693669E-007
3.414	1.7861112E-007
3.415	2.0188136E-007
3.416	2.2606737E-007
3.417	2.5048735E-007
3.418	2.7447416E-007
3.419	2.9739064E-007
3.42	3.1864349E-007
3.421	3.3769692E-007
3.422	3.5408303E-007
3.423	3.6741181E-007
3.424	3.7737706E-007
3.425	3.8376211E-007
3.426	3.8644185E-007
3.427	3.8538300E-007
3.428	3.8064255E-007
3.429	3.7236424E-007
3.43	3.6077236E-007
3.431	3.4616457E-007
3.432	3.2890375E-007
3.433	3.0940674E-007
3.434	2.8813446E-007
3.435	2.6557879E-007
3.436	2.4225108E-007
3.437	2.1866867E-007
3.438	1.9534330E-007
3.439	1.7276840E-007
3.44	1.5140832E-007
3.441	1.3168768E-007
3.442	1.1398292E-007
3.443	9.8614194E-008
3.444	8.5839439E-008
3.445	7.5849776E-008
3.446	6.8766539E-008
3.447	6.4639934E-008
3.448	6.3449619E-008
3.449	6.5106384E-008
3.45	6.9456199E-008
3.451	7.6285104E-008
3.452	8.5325681E-008
3.453	9.6264898E-008
3.454	1.0875244E-007
3.455	1.2240994E-007
3.456	1.3684078E-007
3.457	1.5163960E-007
3.458	1.6640222E-007
3.459	1.8073507E-007
3.46	1.9426452E-007
3.461	2.0664480E-007
3.462	2.1756620E-007
3.463	2.2676117E-007
3.464	2.3401006E-007
3.465	2.3914538E-007
3.466	2.4205454E-007
3.467	2.4268118E-007
3.468	2.4102565E-007
3.469	2.3714317E-007
3.47	2.3114183E-007
3.471	2.2317845E-007
3.472	2.1345392E-007
3.473	2.0220776E-007
3.474	1.8971112E-007
3.475	1.7626007E-007
3.476	1.6216778E-007
3.477	1.4775684E-007
3.478	1.3335109E-007
3.479	1.1926777E-007
3.48	1.0581029E-007
3.481	9.3260759E-008
3.482	8.1873729E-008
3.483	7.1870659E-008
3.484	6.3435117E-008
3.485	5.6709354E-008
3.486	5.1791496E-008
3.487	4.8734289E-008
3.488	4.7544734E-008
3.489	4.8184891E-008
3.49	5.0573668E-008
3.491	5.4589762E-008
3.492	6.0075287E-008
3.493	6.6840528E-008
3.494	7.4668975E-008
3.495	8.3323286E-008
3.496	9.2551531E-008
3.497	1.0209339E-007
3.498	1.1168677E-007
3.499	1.2107422E-007
3.5	1.3000879E-007
3.501	1.3825999E-007
3.502	1.4561877E-007
3.503	1.5190220E-007
3.504	1.5695733E-007
3.505	1.6066423E-007
3.506	1.6293826E-007
3.507	1.6373177E-007
3.508	1.6303403E-007
3.509	1.6087134E-007
3.51	1.5730546E-007
3.511	1.5243128E-007
3.512	1.4637395E-007
3.513	1.3928488E-007
3.514	1.3133749E-007
3.515	1.2272230E-007
3.516	1.1364200E-007
3.517	1.0430644E-007
3.518	9.4927415E-008
3.519	8.5713758E-008
3.52	7.6866598E-008
3.521	6.8574892E-008
3.522	6.1010937E-008
3.523	5.4326851E-008
3.524	4.8650882E-008
3.525	4.4084771E-008
3.526	4.0701433E-008
3.527	3.8543671E-008
3.528	3.7623487E-008
3.529	3.7922366E-008
3.53	3.9392312E-008
3.531	4.1957534E-008
3.532	4.5517034E-008
3.533	4.9947616E-008
3.534	5.5107328E-008
3.535	6.0839419E-008
3.536	6.6976433E-008
3.537	7.3344523E-008
3.538	7.9767709E-008
3.539	8.6072234E-008
3.54	9.2090609E-008
3.541	9.7665740E-008
3.542	1.0265425E-007
3.543	1.0693007E-007
3.544	1.1038682E-007
3.545	1.1294054E-007
3.546	1.1453100E-007
3.547	1.1512296E-007
3.548	1.1470664E-007
3.549	1.1329730E-007
3.55	1.1093464E-007
3.551	1.0768110E-007
3.552	1.0362000E-007
3.553	9.8852901E-008
3.554	9.3496880E-008
3.555	8.7681173E-008
3.556	8.1543902E-008
3.557	7.5228407E-008
3.558	6.8879778E-008
3.559	6.2641213E-008
3.56	5.6650663E-008
3.561	5.1037500E-008
3.562	4.5919624E-008
3.563	4.1400774E-008
3.564	3.7568256E-008
3.565	3.4490999E-008
3.566	3.2218317E-008
3.567	3.0778921E-008
3.568	3.0180601E-008
3.569	3.0410398E-008
3.57	3.1435302E-008
3.571	3.3203463E-008
3.572	3.5645694E-008
3.573	3.8677722E-008
3.574	4.2202288E-008
3.575	4.6111996E-008
3.576	5.0291963E-008
3.577	5.4622959E-008
3.578	5.8984224E-008
3.579	6.3256628E-008
3.58	6.7325487E-008
3.581	7.1083363E-008
3.582	7.4432585E-008
3.583	7.7287410E-008
3.584	7.9576040E-008
3.585	8.1242071E-008
3.586	8.2245613E-008
3.587	8.2563929E-008
3.588	8.2191768E-008
3.589	8.1141046E-008
3.59	7.9440412E-008
3.591	7.7134011E-008
3.592	7.4280386E-008
3.593	7.0950577E-008
3.594	6.7226210E-008
3.595	6.3197163E-008
3.596	5.8959319E-008
3.597	5.4611885E-008
3.598	5.0254986E-008
3.599	4.5987097E-008
3.6	4.1902624E-008
3.601	3.8089709E-008
3.602	3.4628133E-008
3.603	3.1587600E-008
3.604	2.9026113E-008
3.605	2.6988840E-008
3.606	2.5507209E-008
3.607	2.4598386E-008
3.608	2.4265123E-008
3.609	2.4495938E-008
3.61	2.5265685E-008
3.611	2.6536428E-008
3.612	2.8258615E-008
3.613	3.0372529E-008
3.614	3.2809968E-008
3.615	3.5496058E-008
3.616	3.8351232E-008
3.617	4.1293276E-008
3.618	4.4239417E-008
3.619	4.7108319E-008
3.62	4.9822191E-008
3.621	5.2308486E-008
3.622	5.4501776E-008
3.623	5.6345169E-008
3.624	5.7791581E-008
3.625	5.8804773E-008
3.626	5.9359998E-008
3.627	5.9444474E-008
3.628	5.9057410E-008
3.629	5.8209860E-008
3.63	5.6924165E-008
3.631	5.5233258E-008
3.632	5.3179544E-008
3.633	5.0813757E-008
3.634	4.8193467E-008
3.635	4.5381558E-008
3.636	4.2444494E-008
3.637	3.9450661E-008
3.638	3.6468514E-008
3.639	3.3564945E-008
3.64	3.0803605E-008
3.641	2.8243363E-008
3.642	2.5936943E-008
3.643	2.3929763E-008
3.644	2.2258931E-008
3.645	2.0952477E-008
3.646	2.0028880E-008
3.647	1.9496751E-008
3.648	1.9354838E-008
3.649	1.9592212E-008
3.65	2.0188773E-008
3.651	2.1115879E-008
3.652	2.2337268E-008
3.653	2.3810097E-008
3.654	2.5486152E-008
3.655	2.7313147E-008
3.656	2.9236126E-008
3.657	3.1198859E-008
3.658	3.3145245E-008
3.659	3.5020769E-008
3.66	3.6773752E-008
3.661	3.8356664E-008
3.662	3.9727137E-008
3.663	4.0849113E-008
3.664	4.1693436E-008
3.665	4.2238586E-008
3.666	4.2471033E-008
3.667	4.2385388E-008
3.668	4.1984411E-008
3.669	4.1278732E-008
3.67	4.0286476E-008
3.671	3.9032564E-008
3.672	3.7548048E-008
3.673	3.5869157E-008
3.674	3.4036272E-008
3.675	3.2092853E-008
3.676	3.0084312E-008
3.677	2.8056705E-008
3.678	2.6055710E-008
3.679	2.4125370E-008
3.68	2.2307034E-008
3.681	2.0638412E-008
3.682	1.9152653E-008
3.683	1.7877666E-008
3.684	1.6835479E-008
3.685	1.6041851E-008
3.686	1.5506005E-008
3.687	1.5230510E-008
3.688	1.5211361E-008
3.689	1.5438214E-008
3.69	1.5894779E-008
3.691	1.6559341E-008
3.692	1.7405460E-008
3.693	1.8402742E-008
3.694	1.9517682E-008
3.695	2.0714635E-008
3.696	2.1956698E-008
3.697	2.3206729E-008
3.698	2.4428225E-008
3.699	2.5586264E-008
3.7	2.6648289E-008
3.701	2.7584914E-008
3.702	2.8370573E-008
3.703	2.8984088E-008
3.704	2.9409120E-008
3.705	2.9634483E-008
3.706	2.9654311E-008
3.707	2.9468119E-008
3.708	2.9080686E-008
3.709	2.8501812E-008
3.71	2.7746005E-008
3.711	2.6831927E-008
3.712	2.5781921E-008
3.713	2.4621261E-008
3.714	2.3377497E-008
3.715	2.2079671E-008
3.716	2.0757499E-008
3.717	1.9440657E-008
3.718	1.8157928E-008
3.719	1.6936557E-008
3.72	1.5801588E-008
3.721	1.4775243E-008
3.722	1.3876490E-008
3.723	1.3120609E-008
3.724	1.2518917E-008
3.725	1.2078561E-008
3.726	1.1802448E-008
3.727	1.1689251E-008
3.728	1.1733555E-008
3.729	1.1926063E-008
3.73	1.2253950E-008
3.731	1.2701262E-008
3.732	1.3249418E-008
3.733	1.3877755E-008
3.734	1.4564127E-008
3.735	1.5285512E-008
3.736	1.6018626E-008
3.737	1.6740559E-008
3.738	1.7429334E-008
3.739	1.8064423E-008
3.74	1.8627281E-008
3.741	1.9101718E-008
3.742	1.9474296E-008
3.743	1.9734564E-008
3.744	1.9875293E-008
3.745	1.9892537E-008
3.746	1.9785693E-008
3.747	1.9557380E-008
3.748	1.9213346E-008
3.749	1.8762178E-008
3.75	1.8214998E-008
3.751	1.7585139E-008
3.752	1.6887661E-008
3.753	1.6138952E-008
3.754	1.5356241E-008
3.755	1.4557138E-008
3.756	1.3759153E-008
3.757	1.2979254E-008
3.758	1.2233455E-008
3.759	1.1536424E-008
3.76	1.0901135E-008
3.761	1.0338606E-008
3.762	9.8576214E-009
3.763	9.4646211E-009
3.764	9.1635535E-009
3.765	8.9558654E-009
3.766	8.8405390E-009
3.767	8.8141743E-009
3.768	8.8711820E-009
3.769	9.0039771E-009
3.77	9.2032586E-009
3.771	9.4582973E-009
3.772	9.7572812E-009
3.773	1.0087660E-008
3.774	1.0436515E-008
3.775	1.0790916E-008
3.776	1.1138257E-008
3.777	1.1466619E-008
3.778	1.1765036E-008
3.779	1.2023781E-008
3.78	1.2234585E-008
3.781	1.2390794E-008
3.782	1.2487510E-008
3.783	1.2521643E-008
3.784	1.2491944E-008
3.785	1.2398961E-008
3.786	1.2244953E-008
3.787	1.2033764E-008
3.788	1.1770667E-008
3.789	1.1462138E-008
3.79	1.1115633E-008
3.791	1.0739349E-008
3.792	1.0341956E-008
3.793	9.9323278E-009
3.794	9.5193045E-009
3.795	9.1114414E-009
3.796	8.7167829E-009
3.797	8.3426572E-009
3.798	7.9955145E-009
3.799	7.6807591E-009
3.8	7.4026665E-009
3.801	7.1642834E-009
3.802	6.9673991E-009
3.803	6.8125465E-009
3.804	6.6990409E-009
3.805	6.6250476E-009
3.806	6.5877064E-009
3.807	6.5832513E-009
3.808	6.6071717E-009
3.809	6.6543984E-009
3.81	6.7194796E-009
3.811	6.7967720E-009
3.812	6.8806298E-009
3.813	6.9655797E-009
3.814	7.0464847E-009
3.815	7.1186945E-009
3.816	7.1781558E-009
3.817	7.2215256E-009
3.818	7.2462312E-009
3.819	7.2505206E-009
3.82	7.2334685E-009
3.821	7.1949708E-009
3.822	7.1356974E-009
3.823	7.0570310E-009
3.824	6.9609767E-009
3.825	6.8500530E-009
3.826	6.7271801E-009
3.827	6.5955432E-009
3.828	6.4584635E-009
3.829	6.3192620E-009
3.83	6.1811414E-009
3.831	6.0470491E-009
3.832	5.9195897E-009
3.833	5.8009202E-009
3.834	5.6926890E-009
3.835	5.5959721E-009
3.836	5.5112626E-009
3.837	5.4384550E-009
3.838	5.3768670E-009
3.839	5.3252922E-009
3.84	5.2820615E-009
3.841	5.2451190E-009
3.842	5.2121343E-009
3.843	5.1806013E-009
3.844	5.1479585E-009
3.845	5.1117084E-009
3.846	5.0695261E-009
3.847	5.0193747E-009
3.848	4.9596030E-009
3.849	4.8890252E-009
3.85	4.8069966E-009
3.851	4.7134474E-009
3.852	4.6089181E-009
3.853	4.4945594E-009
3.854	4.3721018E-009
3.855	4.2438186E-009
3.856	4.1124490E-009
3.857	3.9811110E-009
3.858	3.8531907E-009
3.859	3.7322243E-009
3.86	3.6217653E-009
3.861	3.5252468E-009
3.862	3.4458445E-009
3.863	3.3863448E-009
3.864	3.3490246E-009
3.865	3.3355345E-009
3.866	3.3468128E-009
3.867	3.3830163E-009
3.868	3.4434697E-009
3.869	3.5266532E-009
3.87	3.6302128E-009
3.871	3.7509986E-009
3.872	3.8851384E-009
3.873	4.0281365E-009
3.874	4.1749906E-009
3.875	4.3203503E-009
3.876	4.4586677E-009
3.877	4.5843795E-009
3.878	4.6921036E-009
3.879	4.7768101E-009
3.88	4.8340181E-009
3.881	4.8599684E-009
3.882	4.8517768E-009
3.883	4.8075735E-009
3.884	4.7266089E-009
3.885	4.6093356E-009
3.886	4.4574358E-009
3.887	4.2738311E-009
3.888	4.0626378E-009
3.889	3.8290944E-009
3.89	3.5794365E-009
3.891	3.3207557E-009
3.892	3.0607952E-009
3.893	2.8077547E-009
3.894	2.5700442E-009
3.895	2.3560298E-009
3.896	2.1737725E-009
3.897	2.0307673E-009
3.898	1.9336825E-009
3.899	1.8881190E-009
3.9	1.8983883E-009
3.901	1.9673287E-009
3.902	2.0961468E-009
3.903	2.2843130E-009
3.904	2.5294964E-009
3.905	2.8275646E-009
3.906	3.1726235E-009
3.907	3.5571304E-009
3.908	3.9720485E-009
3.909	4.4070783E-009
3.91	4.8509059E-009
3.911	5.2915308E-009
3.912	5.7166045E-009
3.913	6.1137975E-009
3.914	6.4711907E-009
3.915	6.7776651E-009
3.916	7.0232735E-009
3.917	7.1996000E-009
3.918	7.3001001E-009
3.919	7.3203652E-009
3.92	7.2583739E-009
3.921	7.1146569E-009
3.922	6.8923951E-009
3.923	6.5974621E-009
3.924	6.2383640E-009
3.925	5.8261187E-009
3.926	5.3740603E-009
3.927	4.8975410E-009
3.928	4.4136028E-009
3.929	3.9405390E-009
3.93	3.4974330E-009
3.931	3.1036225E-009
3.932	2.7781428E-009
3.933	2.5391396E-009
3.934	2.4032802E-009
3.935	2.3851729E-009
3.936	2.4968203E-009
3.937	2.7471252E-009
3.938	3.1414542E-009
3.939	3.6813008E-009
3.94	4.3640291E-009
3.941	5.1827529E-009
3.942	6.1263088E-009
3.943	7.1793864E-009
3.944	8.3227603E-009
3.945	9.5336681E-009
3.946	1.0786290E-008
3.947	1.2052367E-008
3.948	1.3301873E-008
3.949	1.4503830E-008
3.95	1.5627137E-008
3.951	1.6641501E-008
3.952	1.7518339E-008
3.953	1.8231756E-008
3.954	1.8759485E-008
3.955	1.9083707E-008
3.956	1.9191910E-008
3.957	1.9077605E-008
3.958	1.8740899E-008
3.959	1.8188915E-008
3.96	1.7436085E-008
3.961	1.6504222E-008
3.962	1.5422383E-008
3.963	1.4226515E-008
3.964	1.2958930E-008
3.965	1.1667497E-008
3.966	1.0404690E-008
3.967	9.2264125E-009
3.968	8.1906837E-009
3.969	7.3561637E-009
3.97	6.7806045E-009
3.971	6.5191972E-009
3.972	6.6229120E-009
3.973	7.1368293E-009
3.974	8.0985201E-009
3.975	9.5365227E-009
3.976	1.1468935E-008
3.977	1.3902217E-008
3.978	1.6830191E-008
3.979	2.0233291E-008
3.98	2.4078181E-008
3.981	2.8317624E-008
3.982	3.2890831E-008
3.983	3.7724071E-008
3.984	4.2731855E-008
3.985	4.7818396E-008
3.986	5.2879532E-008
3.987	5.7805025E-008
3.988	6.2481149E-008
3.989	6.6793646E-008
3.99	7.0630897E-008
3.991	7.3887264E-008
3.992	7.6466684E-008
3.993	7.8286085E-008
3.994	7.9279083E-008
3.995	7.9399484E-008
3.996	7.8624765E-008
3.997	7.6959076E-008
3.998	7.4436208E-008
3.999	7.1122201E-008
4	6.7117199E-008
4.001	6.2557092E-008
4.002	5.7614237E-008
4.003	5.2497775E-008
4.004	4.7452996E-008
4.005	4.2760146E-008
4.006	3.8732299E-008
4.007	3.5712599E-008
4.008	3.4070716E-008
4.009	3.4198550E-008
4.01	3.6505359E-008
4.011	4.1412154E-008
4.012	4.9345662E-008
4.013	6.0731686E-008
4.014	7.5988133E-008
4.015	9.5517727E-008
4.016	1.1970040E-007
4.017	1.4888604E-007
4.018	1.8338649E-007
4.019	2.2346856E-007
4.02	2.6934717E-007
4.021	3.2117833E-007
4.022	3.7905397E-007
4.023	4.4299691E-007
4.024	5.1295632E-007
4.025	5.8880465E-007
4.026	6.7033545E-007
4.027	7.5726211E-007
4.028	8.4921686E-007
4.029	9.4575347E-007
4.03	1.0463466E-006
4.031	1.1503982E-006
4.032	1.2572403E-006
4.033	1.3661411E-006
4.034	1.4763152E-006
4.035	1.5869304E-006
4.036	1.6971170E-006
4.037	1.8059801E-006
4.038	1.9126092E-006
4.039	2.0160858E-006
4.04	2.1155008E-006
4.041	2.2099578E-006
4.042	2.2985869E-006
4.043	2.3805565E-006
4.044	2.4550789E-006
4.045	2.5214276E-006
4.046	2.5789438E-006
4.047	2.6270459E-006
4.048	2.6652408E-006
4.049	2.6931273E-006
4.05	2.7104090E-006
4.051	2.7168924E-006
4.052	2.7124925E-006
4.053	2.6972327E-006
4.054	2.6712469E-006
4.055	2.6347736E-006
4.056	2.5881552E-006
4.057	2.5318348E-006
4.058	2.4663452E-006
4.059	2.3923069E-006
4.06	2.3104199E-006
4.061	2.2214531E-006
4.062	2.1262354E-006
4.063	2.0256452E-006
4.064	1.9206007E-006
4.065	1.8120452E-006
4.066	1.7009359E-006
4.067	1.5882341E-006
4.068	1.4748902E-006
4.069	1.3618322E-006
4.07	1.2499589E-006
4.071	1.1401237E-006
4.072	1.0331283E-006
4.073	9.2971391E-007
4.074	8.3055141E-007
4.075	7.3623585E-007
4.076	6.4728243E-007
4.077	5.6411955E-007
4.078	4.8708932E-007
4.079	4.1644552E-007
4.08	3.5235357E-007
4.081	2.9489297E-007
4.082	2.4405952E-007
4.083	1.9976881E-007
4.084	1.6186124E-007
4.085	1.3010735E-007
4.086	1.0421452E-007
4.087	8.3833775E-008
4.088	6.8567800E-008
4.089	5.7979175E-008
4.09	5.1599081E-008
4.091	4.8936016E-008
4.092	4.9484623E-008
4.093	5.2734340E-008
4.094	5.8177847E-008
4.095	6.5318922E-008
4.096	7.3679850E-008
4.097	8.2808164E-008
4.098	9.2282463E-008
4.099	1.0171753E-007
4.1	1.1076844E-007
4.101	1.1913372E-007
4.102	1.2655754E-007
4.103	1.3283095E-007
4.104	1.3779241E-007
4.105	1.4132722E-007
4.106	1.4336611E-007
4.107	1.4388354E-007
4.108	1.4289481E-007
4.109	1.4045283E-007
4.11	1.3664430E-007
4.111	1.3158527E-007
4.112	1.2541673E-007
4.113	1.1829972E-007
4.114	1.1041023E-007
4.115	1.0193413E-007
4.116	9.3062624E-008
4.117	8.3987338E-008
4.118	7.4895809E-008
4.119	6.5967548E-008
4.12	5.7370318E-008
4.121	4.9256755E-008
4.122	4.1761631E-008
4.123	3.4999555E-008
4.124	2.9063234E-008
4.125	2.4022331E-008
4.126	1.9922899E-008
4.127	1.6787375E-008
4.128	1.4615177E-008
4.129	1.3383762E-008
4.13	1.3050182E-008
4.131	1.3553020E-008
4.132	1.4814647E-008
4.133	1.6743769E-008
4.134	1.9238149E-008
4.135	2.2187482E-008
4.136	2.5476284E-008
4.137	2.8986854E-008
4.138	3.2602063E-008
4.139	3.6208121E-008
4.14	3.9697028E-008
4.141	4.2968878E-008
4.142	4.5933852E-008
4.143	4.8513808E-008
4.144	5.0643699E-008
4.145	5.2272505E-008
4.146	5.3363785E-008
4.147	5.3896027E-008
4.148	5.3862472E-008
4.149	5.3270689E-008
4.15	5.2141864E-008
4.151	5.0509701E-008
4.152	4.8419164E-008
4.153	4.5924981E-008
4.154	4.3089944E-008
4.155	3.9983089E-008
4.156	3.6677818E-008
4.157	3.3249975E-008
4.158	2.9775936E-008
4.159	2.6330724E-008
4.16	2.2986308E-008
4.161	1.9809974E-008
4.162	1.6862874E-008
4.163	1.4198779E-008
4.164	1.1863016E-008
4.165	9.8916981E-009
4.166	8.3111171E-009
4.167	7.1374435E-009
4.168	6.3766694E-009
4.169	6.0247802E-009
4.17	6.0681926E-009
4.171	6.4843850E-009
4.172	7.2427468E-009
4.173	8.3055749E-009
4.174	9.6292183E-009
4.175	1.1165318E-008
4.176	1.2862119E-008
4.177	1.4665816E-008
4.178	1.6521897E-008
4.179	1.8376470E-008
4.18	2.0177501E-008
4.181	2.1876021E-008
4.182	2.3427182E-008
4.183	2.4791202E-008
4.184	2.5934160E-008
4.185	2.6828639E-008
4.186	2.7454170E-008
4.187	2.7797574E-008
4.188	2.7852977E-008
4.189	2.7621773E-008
4.19	2.7112375E-008
4.191	2.6339778E-008
4.192	2.5325001E-008
4.193	2.4094449E-008
4.194	2.2679044E-008
4.195	2.1113426E-008
4.196	1.9434985E-008
4.197	1.7682897E-008
4.198	1.5897092E-008
4.199	1.4117292E-008
4.2	1.2382036E-008
4.201	1.0727763E-008
4.202	9.1879793E-009
4.203	7.7925568E-009
4.204	6.5670891E-009
4.205	5.5324261E-009
4.206	4.7043174E-009
4.207	4.0931853E-009
4.208	3.7040278E-009
4.209	3.5364498E-009
4.21	3.5848129E-009
4.211	3.8385002E-009
4.212	4.2822896E-009
4.213	4.8968292E-009
4.214	5.6592038E-009
4.215	6.5435808E-009
4.216	7.5219146E-009
4.217	8.5646832E-009
4.218	9.6416706E-009
4.219	1.0722687E-008
4.22	1.1778351E-008
4.221	1.2780719E-008
4.222	1.3703956E-008
4.223	1.4524871E-008
4.224	1.5223380E-008
4.225	1.5782931E-008
4.226	1.6190748E-008
4.227	1.6438099E-008
4.228	1.6520335E-008
4.229	1.6436958E-008
4.23	1.6191485E-008
4.231	1.5791281E-008
4.232	1.5247299E-008
4.233	1.4573697E-008
4.234	1.3787425E-008
4.235	1.2907751E-008
4.236	1.1955736E-008
4.237	1.0953670E-008
4.238	9.9245190E-009
4.239	8.8913561E-009
4.24	7.8767854E-009
4.241	6.9024364E-009
4.242	5.9884675E-009
4.243	5.1531086E-009
4.244	4.4122928E-009
4.245	3.7793217E-009
4.246	3.2646268E-009
4.247	2.8755935E-009
4.248	2.6164575E-009
4.249	2.4882929E-009
4.25	2.4890583E-009
4.251	2.6137241E-009
4.252	2.8544658E-009
4.253	3.2009149E-009
4.254	3.6404704E-009
4.255	4.1586481E-009
4.256	4.7394697E-009
4.257	5.3658860E-009
4.258	6.0202057E-009
4.259	6.6845325E-009
4.26	7.3411957E-009
4.261	7.9731723E-009
4.262	8.5644665E-009
4.263	9.1004679E-009
4.264	9.5682529E-009
4.265	9.9568505E-009
4.266	1.0257454E-008
4.267	1.0463556E-008
4.268	1.0571061E-008
4.269	1.0578311E-008
4.27	1.0486067E-008
4.271	1.0297448E-008
4.272	1.0017784E-008
4.273	9.6544435E-009
4.274	9.2166248E-009
4.275	8.7150740E-009
4.276	8.1618019E-009
4.277	7.5697644E-009
4.278	6.9525394E-009
4.279	6.3239622E-009
4.28	5.6978298E-009
4.281	5.0875464E-009
4.282	4.5058499E-009
4.283	3.9645123E-009
4.284	3.4741072E-009
4.285	3.0437812E-009
4.286	2.6810880E-009
4.287	2.3918436E-009
4.288	2.1800308E-009
4.289	2.0477517E-009
4.29	1.9952191E-009
4.291	2.0208013E-009
4.292	2.1211004E-009
4.293	2.2910787E-009
4.294	2.5242111E-009
4.295	2.8126759E-009
4.296	3.1475673E-009
4.297	3.5191290E-009
4.298	3.9170014E-009
4.299	4.3304751E-009
4.3	4.7487529E-009
4.301	5.1612021E-009
4.302	5.5575935E-009
4.303	5.9283267E-009
4.304	6.2646373E-009
4.305	6.5587678E-009
4.306	6.8041177E-009
4.307	6.9953709E-009
4.308	7.1285711E-009
4.309	7.2011912E-009
4.31	7.2121469E-009
4.311	7.1617925E-009
4.312	7.0518840E-009
4.313	6.8854948E-009
4.314	6.6669266E-009
4.315	6.4015699E-009
4.316	6.0957550E-009
4.317	5.7565877E-009
4.318	5.3917648E-009
4.319	5.0093827E-009
4.32	4.6177542E-009
4.321	4.2252108E-009
4.322	3.8399244E-009
4.323	3.4697316E-009
4.324	3.1219671E-009
4.325	2.8033169E-009
4.326	2.5196907E-009
4.327	2.2761031E-009
4.328	2.0765873E-009
4.329	1.9241220E-009
4.33	1.8205932E-009
4.331	1.7667714E-009
4.332	1.7623212E-009
4.333	1.8058292E-009
4.334	1.8948609E-009
4.335	2.0260347E-009
4.336	2.1951194E-009
4.337	2.3971418E-009
4.338	2.6265194E-009
4.339	2.8771889E-009
4.34	3.1427572E-009
4.341	3.4166390E-009
4.342	3.6922132E-009
4.343	3.9629606E-009
4.344	4.2226032E-009
4.345	4.4652326E-009
4.346	4.6854338E-009
4.347	4.8783799E-009
4.348	5.0399351E-009
4.349	5.1667186E-009
4.35	5.2561671E-009
4.351	5.3065743E-009
4.352	5.3171050E-009
4.353	5.2877955E-009
4.354	5.2195426E-009
4.355	5.1140563E-009
4.356	4.9738218E-009
4.357	4.8020135E-009
4.358	4.6024402E-009
4.359	4.3794350E-009
4.36	4.1377675E-009
4.361	3.8825321E-009
4.362	3.6190371E-009
4.363	3.3526975E-009
4.364	3.0889078E-009
4.365	2.8329381E-009
4.366	2.5898226E-009
4.367	2.3642606E-009
4.368	2.1605233E-009
4.369	1.9823752E-009
4.37	1.8330012E-009
4.371	1.7149527E-009
4.372	1.6301016E-009
4.373	1.5796126E-009
4.374	1.5639245E-009
4.375	1.5827526E-009
4.376	1.6350998E-009
4.377	1.7192844E-009
4.378	1.8329833E-009
4.379	1.9732853E-009
4.38	2.1367563E-009
4.381	2.3195121E-009
4.382	2.5173061E-009
4.383	2.7256126E-009
4.384	2.9397265E-009
4.385	3.1548575E-009
4.386	3.3662249E-009
4.387	3.5691627E-009
4.388	3.7592094E-009
4.389	3.9321968E-009
4.39	4.0843369E-009
4.391	4.2122998E-009
4.392	4.3132733E-009
4.393	4.3850292E-009
4.394	4.4259556E-009
4.395	4.4350967E-009
4.396	4.4121693E-009
4.397	4.3575707E-009
4.398	4.2723656E-009
4.399	4.1582622E-009
4.4	4.0175814E-009
4.401	3.8532058E-009
4.402	3.6685135E-009
4.403	3.4673189E-009
4.404	3.2537815E-009
4.405	3.0323286E-009
4.406	2.8075644E-009
4.407	2.5841711E-009
4.408	2.3668134E-009
4.409	2.1600446E-009
4.41	1.9682065E-009
4.411	1.7953365E-009
4.412	1.6450794E-009
4.413	1.5206100E-009
4.414	1.4245627E-009
4.415	1.3589707E-009
4.416	1.3252237E-009
4.417	1.3240338E-009
4.418	1.3554164E-009
4.419	1.4186904E-009
4.42	1.5124829E-009
4.421	1.6347581E-009
4.422	1.7828538E-009
4.423	1.9535324E-009
4.424	2.1430493E-009
4.425	2.3472273E-009
4.426	2.5615436E-009
4.427	2.7812279E-009
4.428	3.0013645E-009
4.429	3.2169998E-009
4.43	3.4232495E-009
4.431	3.6154122E-009
4.432	3.7890668E-009
4.433	3.9401815E-009
4.434	4.0651935E-009
4.435	4.1611021E-009
4.436	4.2255368E-009
4.437	4.2568025E-009
4.438	4.2539412E-009
4.439	4.2167487E-009
4.44	4.1457842E-009
4.441	4.0423824E-009
4.442	3.9086125E-009
4.443	3.7472541E-009
4.444	3.5617349E-009
4.445	3.3560634E-009
4.446	3.1347418E-009
4.447	2.9026694E-009
4.448	2.6650298E-009
4.449	2.4271780E-009
4.45	2.1945206E-009
4.451	1.9723911E-009
4.452	1.7659302E-009
4.453	1.5799672E-009
4.454	1.4189077E-009
4.455	1.2866292E-009
4.456	1.1863880E-009
4.457	1.1207378E-009
4.458	1.0914629E-009
4.459	1.0995285E-009
4.46	1.1450529E-009
4.461	1.2272926E-009
4.462	1.3446518E-009
4.463	1.4947118E-009
4.464	1.6742775E-009
4.465	1.8794446E-009
4.466	2.1056816E-009
4.467	2.3479312E-009
4.468	2.6007183E-009
4.469	2.8582743E-009
4.47	3.1146674E-009
4.471	3.3639420E-009
4.472	3.6002494E-009
4.473	3.8179957E-009
4.474	4.0119654E-009
4.475	4.1774637E-009
4.476	4.3104191E-009
4.477	4.4074930E-009
4.478	4.4661679E-009
4.479	4.4848107E-009
4.48	4.4627182E-009
4.481	4.4001416E-009
4.482	4.2982853E-009
4.483	4.1592947E-009
4.484	3.9862034E-009
4.485	3.7828771E-009
4.486	3.5539409E-009
4.487	3.3046643E-009
4.488	3.0408587E-009
4.489	2.7687412E-009
4.49	2.4947928E-009
4.491	2.2256068E-009
4.492	1.9677262E-009
4.493	1.7274925E-009
4.494	1.5108838E-009
4.495	1.3233674E-009
4.496	1.1697672E-009
4.497	1.0541347E-009
4.498	9.7964992E-010
4.499	9.4853403E-010
4.5	9.6198938E-010
4.501	1.0201622E-009
4.502	1.1221303E-009
4.503	1.2659160E-009
4.504	1.4485279E-009
4.505	1.6660217E-009
4.506	1.9135891E-009
4.507	2.1856639E-009
4.508	2.4760516E-009
4.509	2.7780664E-009
4.51	3.0846929E-009
4.511	3.3887495E-009
4.512	3.6830561E-009
4.513	3.9606078E-009
4.514	4.2147450E-009
4.515	4.4393111E-009
4.516	4.6288138E-009
4.517	4.7785522E-009
4.518	4.8847419E-009
4.519	4.9446149E-009
4.52	4.9565028E-009
4.521	4.9198725E-009
4.522	4.8353721E-009
4.523	4.7048037E-009
4.524	4.5311075E-009
4.525	4.3182933E-009
4.526	4.0713544E-009
4.527	3.7961523E-009
4.528	3.4992904E-009
4.529	3.1879572E-009
4.53	2.8697555E-009
4.531	2.5525297E-009
4.532	2.2441704E-009
4.533	1.9524244E-009
4.534	1.6847059E-009
4.535	1.4479095E-009
4.536	1.2482370E-009
4.537	1.0910435E-009
4.538	9.8069874E-010
4.539	9.2047353E-010
4.54	9.1244901E-010
4.541	9.5745967E-010
4.542	1.0550594E-009
4.543	1.2035213E-009
4.544	1.3998677E-009
4.545	1.6399319E-009
4.546	1.9184496E-009
4.547	2.2291742E-009
4.548	2.5650255E-009
4.549	2.9182510E-009
4.55	3.2806104E-009
4.551	3.6435719E-009
4.552	3.9985188E-009
4.553	4.3369583E-009
4.554	4.6507309E-009
4.555	4.9322071E-009
4.556	5.1744902E-009
4.557	5.3715787E-009
4.558	5.5185283E-009
4.559	5.6115823E-009
4.56	5.6482721E-009
4.561	5.6274918E-009
4.562	5.5495399E-009
4.563	5.4161213E-009
4.564	5.2303188E-009
4.565	4.9965370E-009
4.566	4.7203916E-009
4.567	4.4085948E-009
4.568	4.0687915E-009
4.569	3.7093852E-009
4.57	3.3393301E-009
4.571	2.9679255E-009
4.572	2.6045806E-009
4.573	2.2585938E-009
4.574	1.9389175E-009
4.575	1.6539400E-009
4.576	1.4112720E-009
4.577	1.2175559E-009
4.578	1.0782930E-009
4.579	9.9770003E-010
4.58	9.7859110E-010
4.581	1.0222992E-009
4.582	1.1286253E-009
4.583	1.2958301E-009
4.584	1.5206629E-009
4.585	1.7984284E-009
4.586	2.1230893E-009
4.587	2.4874030E-009
4.588	2.8830913E-009
4.589	3.3010352E-009
4.59	3.7314853E-009
4.591	4.1643049E-009
4.592	4.5892063E-009
4.593	4.9960081E-009
4.594	5.3748845E-009
4.595	5.7166103E-009
4.596	6.0127996E-009
4.597	6.2561214E-009
4.598	6.4404841E-009
4.599	6.5612031E-009
4.6	6.6151262E-009
4.601	6.6007351E-009
4.602	6.5181776E-009
4.603	6.3693011E-009
4.604	6.1576104E-009
4.605	5.8881988E-009
4.606	5.5676384E-009
4.607	5.2038289E-009
4.608	4.8058140E-009
4.609	4.3835642E-009
4.61	3.9477519E-009
4.611	3.5094776E-009
4.612	3.0800120E-009
4.613	2.6705165E-009
4.614	2.2917730E-009
4.615	1.9539155E-009
4.616	1.6661700E-009
4.617	1.4366277E-009
4.618	1.2720265E-009
4.619	1.1775744E-009
4.62	1.1568028E-009
4.621	1.2114629E-009
4.622	1.3414598E-009
4.623	1.5448388E-009
4.624	1.8178115E-009
4.625	2.1548296E-009
4.626	2.5487081E-009
4.627	2.9907778E-009
4.628	3.4710912E-009
4.629	3.9786485E-009
4.63	4.5016693E-009
4.631	5.0278661E-009
4.632	5.5447567E-009
4.633	6.0399588E-009
4.634	6.5015220E-009
4.635	6.9182029E-009
4.636	7.2797746E-009
4.637	7.5772713E-009
4.638	7.8032318E-009
4.639	7.9519085E-009
4.64	8.0193985E-009
4.641	8.0037896E-009
4.642	7.9052143E-009
4.643	7.7258795E-009
4.644	7.4700148E-009
4.645	7.1438233E-009
4.646	6.7553207E-009
4.647	6.3141705E-009
4.648	5.8314620E-009
4.649	5.3194484E-009
4.65	4.7912572E-009
4.651	4.2605728E-009
4.652	3.7413121E-009
4.653	3.2472633E-009
4.654	2.7917662E-009
4.655	2.3873592E-009
4.656	2.0454689E-009
4.657	1.7761148E-009
4.658	1.5876368E-009
4.659	1.4864748E-009
4.66	1.4769833E-009
4.661	1.5612985E-009
4.662	1.7392610E-009
4.663	2.0083903E-009
4.664	2.3639222E-009
4.665	2.7989024E-009
4.666	3.3043317E-009
4.667	3.8693617E-009
4.668	4.4815485E-009
4.669	5.1271245E-009
4.67	5.7913314E-009
4.671	6.4587606E-009
4.672	7.1137292E-009
4.673	7.7406481E-009
4.674	8.3244256E-009
4.675	8.8508321E-009
4.676	9.3068913E-009
4.677	9.6811998E-009
4.678	9.9642605E-009
4.679	1.0148744E-008
4.68	1.0229701E-008
4.681	1.0204723E-008
4.682	1.0074046E-008
4.683	9.8405728E-009
4.684	9.5098516E-009
4.685	9.0899377E-009
4.686	8.5912619E-009
4.687	8.0263698E-009
4.688	7.4096502E-009
4.689	6.7569879E-009
4.69	6.0853962E-009
4.691	5.4126055E-009
4.692	4.7566395E-009
4.693	4.1353827E-009
4.694	3.5661503E-009
4.695	3.0652552E-009
4.696	2.6476115E-009
4.697	2.3263438E-009
4.698	2.1124380E-009
4.699	2.0144373E-009
4.7	2.0381778E-009
4.701	2.1865896E-009
4.702	2.4595612E-009
4.703	2.8538756E-009
4.704	3.3632284E-009
4.705	3.9783195E-009
4.706	4.6870383E-009
4.707	5.4747180E-009
4.708	6.3244716E-009
4.709	7.2175914E-009
4.71	8.1339948E-009
4.711	9.0527239E-009
4.712	9.9524424E-009
4.713	1.0811987E-008
4.714	1.1610878E-008
4.715	1.2329807E-008
4.716	1.2951176E-008
4.717	1.3459509E-008
4.718	1.3841894E-008
4.719	1.4088323E-008
4.72	1.4192005E-008
4.721	1.4149611E-008
4.722	1.3961401E-008
4.723	1.3631312E-008
4.724	1.3166938E-008
4.725	1.2579420E-008
4.726	1.1883248E-008
4.727	1.1095984E-008
4.728	1.0237877E-008
4.729	9.3314450E-009
4.73	8.4009439E-009
4.731	7.4718143E-009
4.732	6.5700703E-009
4.733	5.7216774E-009
4.734	4.9518949E-009
4.735	4.2846460E-009
4.736	3.7418997E-009
4.737	3.3430756E-009
4.738	3.1045213E-009
4.739	3.0390321E-009
4.74	3.1554601E-009
4.741	3.4583980E-009
4.742	3.9479704E-009
4.743	4.6197242E-009
4.744	5.4646243E-009
4.745	6.4691648E-009
4.746	7.6155988E-009
4.747	8.8822558E-009
4.748	1.0243990E-008
4.749	1.1672705E-008
4.75	1.3137976E-008
4.751	1.4607737E-008
4.752	1.6049025E-008
4.753	1.7428773E-008
4.754	1.8714635E-008
4.755	1.9875779E-008
4.756	2.0883741E-008
4.757	2.1713147E-008
4.758	2.2342473E-008
4.759	2.2754671E-008
4.76	2.2937737E-008
4.761	2.2885153E-008
4.762	2.2596231E-008
4.763	2.2076295E-008
4.764	2.1336765E-008
4.765	2.0395062E-008
4.766	1.9274387E-008
4.767	1.8003350E-008
4.768	1.6615472E-008
4.769	1.5148537E-008
4.77	1.3643816E-008
4.771	1.2145243E-008
4.772	1.0698388E-008
4.773	9.3494519E-009
4.774	8.1441698E-009
4.775	7.1266797E-009
4.776	6.3384156E-009
4.777	5.8169984E-009
4.778	5.5951950E-009
4.779	5.6999512E-009
4.78	6.1515388E-009
4.781	6.9628108E-009
4.782	8.1386187E-009
4.783	9.6753814E-009
4.784	1.1560846E-008
4.785	1.3774011E-008
4.786	1.6285277E-008
4.787	1.9056788E-008
4.788	2.2042954E-008
4.789	2.5191234E-008
4.79	2.8443042E-008
4.791	3.1734899E-008
4.792	3.4999772E-008
4.793	3.8168409E-008
4.794	4.1171056E-008
4.795	4.3939039E-008
4.796	4.6406484E-008
4.797	4.8512128E-008
4.798	5.0200995E-008
4.799	5.1426138E-008
4.8	5.2150231E-008
4.801	5.2347055E-008
4.802	5.2002846E-008
4.803	5.1117411E-008
4.804	4.9705239E-008
4.805	4.7796018E-008
4.806	4.5435211E-008
4.807	4.2684288E-008
4.808	3.9620446E-008
4.809	3.6336402E-008
4.81	3.2939464E-008
4.811	2.9550581E-008
4.812	2.6302978E-008
4.813	2.3340512E-008
4.814	2.0815802E-008
4.815	1.8888139E-008
4.816	1.7721076E-008
4.817	1.7480026E-008
4.818	1.8329574E-008
4.819	2.0430724E-008
4.82	2.3938172E-008
4.821	2.8997487E-008
4.822	3.5742392E-008
4.823	4.4292140E-008
4.824	5.4749048E-008
4.825	6.7196233E-008
4.826	8.1695461E-008
4.827	9.8285369E-008
4.828	1.1697988E-007
4.829	1.3776676E-007
4.83	1.6060689E-007
4.831	1.8543349E-007
4.832	2.1215178E-007
4.833	2.4063934E-007
4.834	2.7074699E-007
4.835	3.0229950E-007
4.836	3.3509772E-007
4.837	3.6892038E-007
4.838	4.0352620E-007
4.839	4.3865734E-007
4.84	4.7404191E-007
4.841	5.0939707E-007
4.842	5.4443308E-007
4.843	5.7885512E-007
4.844	6.1236801E-007
4.845	6.4468037E-007
4.846	6.7550548E-007
4.847	7.0456775E-007
4.848	7.3160442E-007
4.849	7.5636984E-007
4.85	7.7863757E-007
4.851	7.9820438E-007
4.852	8.1489225E-007
4.853	8.2854996E-007
4.854	8.3905633E-007
4.855	8.4631978E-007
4.856	8.5028171E-007
4.857	8.5091420E-007
4.858	8.4822233E-007
4.859	8.4224308E-007
4.86	8.3304468E-007
4.861	8.2072597E-007
4.862	8.0541423E-007
4.863	7.8726424E-007
4.864	7.6645625E-007
4.865	7.4319212E-007
4.866	7.1769421E-007
4.867	6.9020143E-007
4.868	6.6096601E-007
4.869	6.3025050E-007
4.87	5.9832519E-007
4.871	5.6546321E-007
4.872	5.3193855E-007
4.873	4.9802361E-007
4.874	4.6398492E-007
4.875	4.3008080E-007
4.876	3.9655845E-007
4.877	3.6365083E-007
4.878	3.3157448E-007
4.879	3.0052709E-007
4.88	2.7068535E-007
4.881	2.4220410E-007
4.882	2.1521539E-007
4.883	1.8982836E-007
4.884	1.6612891E-007
4.885	1.4418039E-007
4.886	1.2402396E-007
4.887	1.0567937E-007
4.888	8.9145580E-008
4.889	7.4401967E-008
4.89	6.1409374E-008
4.891	5.0111534E-008
4.892	4.0436635E-008
4.893	3.2299262E-008
4.894	2.5602189E-008
4.895	2.0238669E-008
4.896	1.6094472E-008
4.897	1.3050060E-008
4.898	1.0982744E-008
4.899	9.7686454E-009
4.9	9.2846255E-009
4.901	9.4100701E-009
4.902	1.0028453E-008
4.903	1.1028795E-008
4.904	1.2306899E-008
4.905	1.3766389E-008
4.906	1.5319559E-008
4.907	1.6888054E-008
4.908	1.8403274E-008
4.909	1.9806672E-008
4.91	2.1049811E-008
4.911	2.2094264E-008
4.912	2.2911371E-008
4.913	2.3481782E-008
4.914	2.3794980E-008
4.915	2.3848552E-008
4.916	2.3647486E-008
4.917	2.3203278E-008
4.918	2.2533111E-008
4.919	2.1658876E-008
4.92	2.0606228E-008
4.921	1.9403686E-008
4.922	1.8081687E-008
4.923	1.6671670E-008
4.924	1.5205277E-008
4.925	1.3713554E-008
4.926	1.2226239E-008
4.927	1.0771129E-008
4.928	9.3735748E-009
4.929	8.0560074E-009
4.93	6.8376287E-009
4.931	5.7341705E-009
4.932	4.7577502E-009
4.933	3.9168508E-009
4.934	3.2163479E-009
4.935	2.6576414E-009
4.936	2.2388602E-009
4.937	1.9551225E-009
4.938	1.7988396E-009
4.939	1.7600748E-009
4.94	1.8269243E-009
4.941	1.9859199E-009
4.942	2.2224402E-009
4.943	2.5211244E-009
4.944	2.8662777E-009
4.945	3.2422565E-009
4.946	3.6338330E-009
4.947	4.0265280E-009
4.948	4.4069046E-009
4.949	4.7628137E-009
4.95	5.0836158E-009
4.951	5.3603215E-009
4.952	5.5857106E-009
4.953	5.7543827E-009
4.954	5.8627792E-009
4.955	5.9091447E-009
4.956	5.8934515E-009
4.957	5.8172960E-009
4.958	5.6837561E-009
4.959	5.4972213E-009
4.96	5.2632059E-009
4.961	4.9881401E-009
4.962	4.6791659E-009
4.963	4.3439075E-009
4.964	3.9902597E-009
4.965	3.6261805E-009
4.966	3.2594849E-009
4.967	2.8976626E-009
4.968	2.5477116E-009
4.969	2.2159916E-009
4.97	1.9080999E-009
4.971	1.6287782E-009
4.972	1.3818409E-009
4.973	1.1701308E-009
4.974	9.9550335E-010
4.975	8.5883611E-010
4.976	7.6006040E-010
4.977	6.9821626E-010
4.978	6.7152378E-010
4.979	6.7747363E-010
4.98	7.1292588E-010
4.981	7.7422446E-010
4.982	8.5731228E-010
4.983	9.5785324E-010
4.984	1.0713547E-009
4.985	1.1932845E-009
4.986	1.3191848E-009
4.987	1.4447780E-009
4.988	1.5660596E-009
4.989	1.6793821E-009
4.99	1.7815235E-009
4.991	1.8697424E-009
4.992	1.9418158E-009
4.993	1.9960704E-009
4.994	2.0313826E-009
4.995	2.0471866E-009
4.996	2.0434494E-009
4.997	2.0206441E-009
4.998	1.9797128E-009
4.999	1.9220121E-009
5	1.8492587E-009
5.001	1.7634664E-009
5.002	1.6668775E-009
5.003	1.5618928E-009
5.004	1.4510025E-009
5.005	1.3367174E-009
5.006	1.2215043E-009
5.007	1.1077265E-009
5.008	9.9758968E-010
5.009	8.9309560E-010
5.01	7.9600404E-010
5.011	7.0780282E-010
5.012	6.2968541E-010
5.013	5.6253907E-010
5.014	5.0693921E-010
5.015	4.6315346E-010
5.016	4.3115203E-010
5.017	4.1062601E-010
5.018	4.0101084E-010
5.019	4.0151582E-010
5.02	4.1115666E-010
5.021	4.2879186E-010
5.022	4.5316070E-010
5.023	4.8292192E-010
5.024	5.1669324E-010
5.025	5.5308674E-010
5.026	5.9074595E-010
5.027	6.2837707E-010
5.028	6.6477784E-010
5.029	6.9886197E-010
5.03	7.2967865E-010
5.031	7.5642875E-010
5.032	7.7847351E-010
5.033	7.9534063E-010
5.034	8.0672480E-010
5.035	8.1248414E-010
5.036	8.1263196E-010
5.037	8.0732504E-010
5.038	7.9685053E-010
5.039	7.8160745E-010
5.04	7.6208928E-010
5.041	7.3886364E-010
5.042	7.1255135E-010
5.043	6.8380751E-010
5.044	6.5329969E-010
5.045	6.2169103E-010
5.046	5.8962230E-010
5.047	5.5769644E-010
5.048	5.2646648E-010
5.049	4.9642440E-010
5.05	4.6799392E-010
5.051	4.4152507E-010
5.052	4.1729079E-010
5.053	3.9548778E-010
5.054	3.7623771E-010
5.055	3.5959152E-010
5.056	3.4553499E-010
5.057	3.3399580E-010
5.058	3.2485192E-010
5.059	3.1794042E-010
5.06	3.1306668E-010
5.061	3.1001443E-010
5.062	3.0855427E-010
5.063	3.0845226E-010
5.064	3.0947825E-010
5.065	3.1141212E-010
5.066	3.1404948E-010
5.067	3.1720598E-010
5.068	3.2072039E-010
5.069	3.2445571E-010
5.07	3.2830003E-010
5.071	3.3216563E-010
5.072	3.3598688E-010
5.073	3.3971745E-010
5.074	3.4332728E-010
5.075	3.4679840E-010
5.076	3.5012068E-010
5.077	3.5328776E-010
5.078	3.5629286E-010
5.079	3.5912515E-010
5.08	3.6176631E-010
5.081	3.6418796E-010
5.082	3.6634987E-010
5.083	3.6819911E-010
5.084	3.6967032E-010
5.085	3.7068612E-010
5.086	3.7115958E-010
5.087	3.7099648E-010
5.088	3.7009906E-010
5.089	3.6837006E-010
5.09	3.6571676E-010
5.091	3.6205622E-010
5.092	3.5731948E-010
5.093	3.5145634E-010
5.094	3.4443953E-010
5.095	3.3626832E-010
5.096	3.2697123E-010
5.097	3.1660866E-010
5.098	3.0527353E-010
5.099	2.9309158E-010
5.1	2.8022076E-010
5.101	2.6684843E-010
5.102	2.5318900E-010
5.103	2.3947969E-010
5.104	2.2597443E-010
5.105	2.1293947E-010
5.106	2.0064529E-010
5.107	1.8936018E-010
5.108	1.7934235E-010
5.109	1.7083240E-010
5.11	1.6404592E-010
5.111	1.5916597E-010
5.112	1.5633726E-010
5.113	1.5566014E-010
5.114	1.5718604E-010
5.115	1.6091449E-010
5.116	1.6679107E-010
5.117	1.7470686E-010
5.118	1.8449954E-010
5.119	1.9595589E-010
5.12	2.0881581E-010
5.121	2.2277723E-010
5.122	2.3750324E-010
5.123	2.5262897E-010
5.124	2.6777097E-010
5.125	2.8253619E-010
5.126	2.9653147E-010
5.127	3.0937436E-010
5.128	3.2070288E-010
5.129	3.3018510E-010
5.13	3.3752909E-010
5.131	3.4249056E-010
5.132	3.4488032E-010
5.133	3.4457057E-010
5.134	3.4149869E-010
5.135	3.3567057E-010
5.136	3.2716160E-010
5.137	3.1611566E-010
5.138	3.0274291E-010
5.139	2.8731556E-010
5.14	2.7016220E-010
5.141	2.5165964E-010
5.142	2.3222504E-010
5.143	2.1230519E-010
5.144	1.9236580E-010
5.145	1.7288013E-010
5.146	1.5431692E-010
5.147	1.3712829E-010
5.148	1.2173836E-010
5.149	1.0853186E-010
5.15	9.7844087E-011
5.151	8.9951588E-011
5.152	8.5064587E-011
5.153	8.3320843E-011
5.154	8.4781432E-011
5.155	8.9428361E-011
5.156	9.7164089E-011
5.157	1.0781350E-010
5.158	1.2112746E-010
5.159	1.3678844E-010
5.16	1.5441787E-010
5.161	1.7358535E-010
5.162	1.9381899E-010
5.163	2.1461681E-010
5.164	2.3545912E-010
5.165	2.5582150E-010
5.166	2.7518818E-010
5.167	2.9306471E-010
5.168	3.0899050E-010
5.169	3.2255110E-010
5.17	3.3338862E-010
5.171	3.4121125E-010
5.172	3.4580117E-010
5.173	3.4701989E-010
5.174	3.4481284E-010
5.175	3.3921124E-010
5.176	3.3033110E-010
5.177	3.1837141E-010
5.178	3.0360914E-010
5.179	2.8639260E-010
5.18	2.6713295E-010
5.181	2.4629448E-010
5.182	2.2438233E-010
5.183	2.0193097E-010
5.184	1.7949021E-010
5.185	1.5761198E-010
5.186	1.3683632E-010
5.187	1.1767815E-010
5.188	1.0061409E-010
5.189	8.6070609E-011
5.19	7.4413010E-011
5.191	6.5936062E-011
5.192	6.0856452E-011
5.193	5.9306907E-011
5.194	6.1332744E-011
5.195	6.6890410E-011
5.196	7.5848189E-011
5.197	8.7989352E-011
5.198	1.0301734E-010
5.199	1.2056288E-010
5.2	1.4019293E-010
5.201	1.6142181E-010
5.202	1.8372276E-010
5.203	2.0654159E-010
5.204	2.2931035E-010
5.205	2.5146160E-010
5.206	2.7244276E-010
5.207	2.9173006E-010
5.208	3.0884140E-010
5.209	3.2334826E-010
5.21	3.3488712E-010
5.211	3.4316769E-010
5.212	3.4798064E-010
5.213	3.4920294E-010
5.214	3.4680067E-010
5.215	3.4083003E-010
5.216	3.3143646E-010
5.217	3.1885036E-010
5.218	3.0338215E-010
5.219	2.8541416E-010
5.22	2.6539135E-010
5.221	2.4381019E-010
5.222	2.2120659E-010
5.223	1.9814210E-010
5.224	1.7519039E-010
5.225	1.5292240E-010
5.226	1.3189219E-010
5.227	1.1262289E-010
5.228	9.5593457E-011
5.229	8.1226859E-011
5.23	6.9879283E-011
5.231	6.1831415E-011
5.232	5.7281655E-011
5.233	5.6341095E-011
5.234	5.9031190E-011
5.235	6.5283175E-011
5.236	7.4939950E-011
5.237	8.7760008E-011
5.238	1.0342345E-010
5.239	1.2153990E-010
5.24	1.4165824E-010
5.241	1.6327767E-010
5.242	1.8586045E-010
5.243	2.0884489E-010
5.244	2.3166004E-010
5.245	2.5373936E-010
5.246	2.7453537E-010
5.247	2.9353328E-010
5.248	3.1026348E-010
5.249	3.2431380E-010
5.25	3.3533903E-010
5.251	3.4306991E-010
5.252	3.4731965E-010
5.253	3.4798797E-010
5.254	3.4506434E-010
5.255	3.3862688E-010
5.256	3.2884165E-010
5.257	3.1595718E-010
5.258	3.0029867E-010
5.259	2.8226033E-010
5.26	2.6229416E-010
5.261	2.4090005E-010
5.262	2.1861220E-010
5.263	1.9598656E-010
5.264	1.7358652E-010
5.265	1.5196902E-010
5.266	1.3167077E-010
5.267	1.1319475E-010
5.268	9.6997757E-011
5.269	8.3478918E-011
5.27	7.2969936E-011
5.271	6.5726938E-011
5.272	6.1924070E-011
5.273	6.1649470E-011
5.274	6.4903104E-011
5.275	7.1597124E-011
5.276	8.1557976E-011
5.277	9.4531077E-011
5.278	1.1018740E-010
5.279	1.2813178E-010
5.28	1.4791297E-010
5.281	1.6903537E-010
5.282	1.9097113E-010
5.283	2.1317391E-010
5.284	2.3509217E-010
5.285	2.5618291E-010
5.286	2.7592537E-010
5.287	2.9383335E-010
5.288	3.0946740E-010
5.289	3.2244538E-010
5.29	3.3245209E-010
5.291	3.3924680E-010
5.292	3.4266906E-010
5.293	3.4264275E-010
5.294	3.3917807E-010
5.295	3.3237019E-010
5.296	3.2239772E-010
5.297	3.0951725E-010
5.298	2.9405670E-010
5.299	2.7640690E-010
5.3	2.5701175E-010
5.301	2.3635652E-010
5.302	2.1495644E-010
5.303	1.9334326E-010
5.304	1.7205250E-010
5.305	1.5161043E-010
5.306	1.3252097E-010
5.307	1.1525342E-010
5.308	1.0023102E-010
5.309	8.7820376E-011
5.31	7.8322529E-011
5.311	7.1965385E-011
5.312	6.8898103E-011
5.313	6.9187600E-011
5.314	7.2816884E-011
5.315	7.9685744E-011
5.316	8.9613511E-011
5.317	1.0234399E-010
5.318	1.1755193E-010
5.319	1.3485170E-010
5.32	1.5380694E-010
5.321	1.7394171E-010
5.322	1.9475228E-010
5.323	2.1571978E-010
5.324	2.3632316E-010
5.325	2.5605182E-010
5.326	2.7441824E-010
5.327	2.9097036E-010
5.328	3.0530242E-010
5.329	3.1706465E-010
5.33	3.2597219E-010
5.331	3.3181211E-010
5.332	3.3444794E-010
5.333	3.3382316E-010
5.334	3.2996256E-010
5.335	3.2297123E-010
5.336	3.1303157E-010
5.337	3.0039879E-010
5.338	2.8539429E-010
5.339	2.6839730E-010
5.34	2.4983537E-010
5.341	2.3017341E-010
5.342	2.0990207E-010
5.343	1.8952513E-010
5.344	1.6954721E-010
5.345	1.5046099E-010
5.346	1.3273511E-010
5.347	1.1680278E-010
5.348	1.0305101E-010
5.349	9.1811482E-011
5.35	8.3352436E-011
5.351	7.7872264E-011
5.352	7.5494958E-011
5.353	7.6267111E-011
5.354	8.0157138E-011
5.355	8.7056237E-011
5.356	9.6781083E-011
5.357	1.0907890E-010
5.358	1.2363369E-010
5.359	1.4007434E-010
5.36	1.5798429E-010
5.361	1.7691183E-010
5.362	1.9638179E-010
5.363	2.1590729E-010
5.364	2.3500218E-010
5.365	2.5319283E-010
5.366	2.7002994E-010
5.367	2.8509980E-010
5.368	2.9803351E-010
5.369	3.0851682E-010
5.37	3.1629718E-010
5.371	3.2118994E-010
5.372	3.2308226E-010
5.373	3.2193614E-010
5.374	3.1778860E-010
5.375	3.1075101E-010
5.376	3.0100555E-010
5.377	2.8880087E-010
5.378	2.7444574E-010
5.379	2.5830069E-010
5.38	2.4076974E-010
5.381	2.2228971E-010
5.382	2.0331954E-010
5.383	1.8432843E-010
5.384	1.6578452E-010
5.385	1.4814315E-010
5.386	1.3183525E-010
5.387	1.1725720E-010
5.388	1.0476078E-010
5.389	9.4644709E-011
5.39	8.7147609E-011
5.391	8.2442206E-011
5.392	8.0631474E-011
5.393	8.1746311E-011
5.394	8.5745043E-011
5.395	9.2514857E-011
5.396	1.0187468E-010
5.397	1.1357994E-010
5.398	1.2732895E-010
5.399	1.4277042E-010
5.4	1.5951236E-010
5.401	1.7713207E-010
5.402	1.9518669E-010
5.403	2.1322429E-010
5.404	2.3079527E-010
5.405	2.4746319E-010
5.406	2.6281574E-010
5.407	2.7647493E-010
5.408	2.8810609E-010
5.409	2.9742600E-010
5.41	3.0420963E-010
5.411	3.0829558E-010
5.412	3.0958996E-010
5.413	3.0806813E-010
5.414	3.0377537E-010
5.415	2.9682509E-010
5.416	2.8739647E-010
5.417	2.7572897E-010
5.418	2.6211638E-010
5.419	2.4689978E-010
5.42	2.3045822E-010
5.421	2.1319990E-010
5.422	1.9555145E-010
5.423	1.7794749E-010
5.424	1.6081991E-010
5.425	1.4458719E-010
5.426	1.2964411E-010
5.427	1.1635195E-010
5.428	1.0503008E-010
5.429	9.5947646E-011
5.43	8.9317422E-011
5.431	8.5290566E-011
5.432	8.3953122E-011
5.433	8.5324053E-011
5.434	8.9355044E-011
5.435	9.5931874E-011
5.436	1.0487765E-010
5.437	1.1595747E-010
5.438	1.2888450E-010
5.439	1.4332725E-010
5.44	1.5891832E-010
5.441	1.7526321E-010
5.442	1.9195051E-010
5.443	2.0856203E-010
5.444	2.2468299E-010
5.445	2.3991242E-010
5.446	2.5387295E-010
5.447	2.6621996E-010
5.448	2.7664998E-010
5.449	2.8490840E-010
5.45	2.9079503E-010
5.451	2.9416922E-010
5.452	2.9495331E-010
5.453	2.9313385E-010
5.454	2.8876196E-010
5.455	2.8195155E-010
5.456	2.7287689E-010
5.457	2.6176683E-010
5.458	2.4890018E-010
5.459	2.3459787E-010
5.46	2.1921497E-010
5.461	2.0313209E-010
5.462	1.8674559E-010
5.463	1.7045799E-010
5.464	1.5466765E-010
5.465	1.3975933E-010
5.466	1.2609432E-010
5.467	1.1400184E-010
5.468	1.0377083E-010
5.469	9.5643181E-011
5.47	8.9807786E-011
5.471	8.6396244E-011
5.472	8.5479651E-011
5.473	8.7067256E-011
5.474	9.1106213E-011
5.475	9.7483153E-011
5.476	1.0602716E-010
5.477	1.1651419E-010
5.478	1.2867273E-010
5.479	1.4219093E-010
5.48	1.5672424E-010
5.481	1.7190444E-010
5.482	1.8734889E-010
5.483	2.0266976E-010
5.484	2.1748429E-010
5.485	2.3142357E-010
5.486	2.4414201E-010
5.487	2.5532568E-010
5.488	2.6469979E-010
5.489	2.7203559E-010
5.49	2.7715524E-010
5.491	2.7993663E-010
5.492	2.8031577E-010
5.493	2.7828784E-010
5.494	2.7390787E-010
5.495	2.6728814E-010
5.496	2.5859578E-010
5.497	2.4804822E-010
5.498	2.3590771E-010
5.499	2.2247475E-010
5.5	2.0808057E-010
5.501	1.9307927E-010
5.502	1.7783879E-010
5.503	1.6273223E-010
5.504	1.4812834E-010
5.505	1.3438256E-010
5.506	1.2182820E-010
5.507	1.1076791E-010
5.508	1.0146641E-010
5.509	9.4143776E-011
5.51	8.8970213E-011
5.511	8.6062039E-011
5.512	8.5478964E-011
5.513	8.7223180E-011
5.514	9.1239384E-011
5.515	9.7416610E-011
5.516	1.0559105E-010
5.517	1.1555039E-010
5.518	1.2703885E-010
5.519	1.3976369E-010
5.52	1.5340246E-010
5.521	1.6761073E-010
5.522	1.8203097E-010
5.523	1.9630127E-010
5.524	2.1006455E-010
5.525	2.2297725E-010
5.526	2.3471822E-010
5.527	2.4499638E-010
5.528	2.5355792E-010
5.529	2.6019248E-010
5.53	2.6473804E-010
5.531	2.6708455E-010
5.532	2.6717689E-010
5.533	2.6501562E-010
5.534	2.6065675E-010
5.535	2.5421040E-010
5.536	2.4583804E-010
5.537	2.3574814E-010
5.538	2.2419126E-010
5.539	2.1145323E-010
5.54	1.9784883E-010
5.541	1.8371307E-010
5.542	1.6939360E-010
5.543	1.5524157E-010
5.544	1.4160330E-010
5.545	1.2881157E-010
5.546	1.1717766E-010
5.547	1.0698365E-010
5.548	9.8475388E-011
5.549	9.1856793E-011
5.55	8.7284860E-011
5.551	8.4865594E-011
5.552	8.4651897E-011
5.553	8.6641985E-011
5.554	9.0779731E-011
5.555	9.6956110E-011
5.556	1.0501187E-010
5.557	1.1474167E-010
5.558	1.2589926E-010
5.559	1.3820359E-010
5.56	1.5134582E-010
5.561	1.6499715E-010
5.562	1.7881684E-010
5.563	1.9246066E-010
5.564	2.0558925E-010
5.565	2.1787666E-010
5.566	2.2901805E-010
5.567	2.3873720E-010
5.568	2.4679339E-010
5.569	2.5298727E-010
5.57	2.5716573E-010
5.571	2.5922553E-010
5.572	2.5911590E-010
5.573	2.5684002E-010
5.574	2.5245456E-010
5.575	2.4606830E-010
5.576	2.3783930E-010
5.577	2.2797103E-010
5.578	2.1670732E-010
5.579	2.0432615E-010
5.58	1.9113337E-010
5.581	1.7745483E-010
5.582	1.6362868E-010
5.583	1.4999731E-010
5.584	1.3689895E-010
5.585	1.2465953E-010
5.586	1.1358479E-010
5.587	1.0395224E-010
5.588	9.6004746E-011
5.589	8.9944358E-011
5.59	8.5927050E-011
5.591	8.4058940E-011
5.592	8.4393624E-011
5.593	8.6930789E-011
5.594	9.1616228E-011
5.595	9.8342980E-011
5.596	1.0695404E-010
5.597	1.1724602E-010
5.598	1.2897404E-010
5.599	1.4185762E-010
5.6	1.5558756E-010
5.601	1.6983304E-010
5.602	1.8424981E-010
5.603	1.9848838E-010
5.604	2.1220237E-010
5.605	2.2505685E-010
5.606	2.3673632E-010
5.607	2.4695287E-010
5.608	2.5545252E-010
5.609	2.6202235E-010
5.61	2.6649574E-010
5.611	2.6875649E-010
5.612	2.6874258E-010
5.613	2.6644767E-010
5.614	2.6192223E-010
5.615	2.5527208E-010
5.616	2.4665714E-010
5.617	2.3628738E-010
5.618	2.2441880E-010
5.619	2.1134740E-010
5.62	1.9740319E-010
5.621	1.8294240E-010
5.622	1.6834022E-010
5.623	1.5398188E-010
5.624	1.4025472E-010
5.625	1.2753941E-010
5.626	1.1620129E-010
5.627	1.0658270E-010
5.628	9.8994833E-011
5.629	9.3711004E-011
5.63	9.0960198E-011
5.631	9.0921853E-011
5.632	9.3721628E-011
5.633	9.9428153E-011
5.634	1.0805146E-010
5.635	1.1954214E-010
5.636	1.3379199E-010
5.637	1.5063627E-010
5.638	1.6985631E-010
5.639	1.9118433E-010
5.64	2.1430847E-010
5.641	2.3887911E-010
5.642	2.6451583E-010
5.643	2.9081523E-010
5.644	3.1735853E-010
5.645	3.4372019E-010
5.646	3.6947656E-010
5.647	3.9421302E-010
5.648	4.1753306E-010
5.649	4.3906473E-010
5.65	4.5846840E-010
5.651	4.7544224E-010
5.652	4.8972765E-010
5.653	5.0111404E-010
5.654	5.0944088E-010
5.655	5.1460131E-010
5.656	5.1654248E-010
5.657	5.1526589E-010
5.658	5.1082549E-010
5.659	5.0332721E-010
5.66	4.9292426E-010
5.661	4.7981424E-010
5.662	4.6423382E-010
5.663	4.4645290E-010
5.664	4.2676990E-010
5.665	4.0550355E-010
5.666	3.8298739E-010
5.667	3.5956166E-010
5.668	3.3556696E-010
5.669	3.1133748E-010
5.67	2.8719443E-010
5.671	2.6344082E-010
5.672	2.4035601E-010
5.673	2.1819153E-010
5.674	1.9716796E-010
5.675	1.7747177E-010
5.676	1.5925382E-010
5.677	1.4262808E-010
5.678	1.2767140E-010
5.679	1.1442404E-010
5.68	1.0289072E-010
5.681	9.3042830E-011
5.682	8.4820817E-011
5.683	7.8137559E-011
5.684	7.2882200E-011
5.685	6.8924130E-011
5.686	6.6117611E-011
5.687	6.4306331E-011
5.688	6.3327898E-011
5.689	6.3018563E-011
5.69	6.3217397E-011
5.691	6.3770343E-011
5.692	6.4533844E-011
5.693	6.5378071E-011
5.694	6.6189373E-011
5.695	6.6872542E-011
5.696	6.7352138E-011
5.697	6.7573197E-011
5.698	6.7501699E-011
5.699	6.7123848E-011
5.7	6.6445238E-011
5.701	6.5489413E-011
5.702	6.4295583E-011
5.703	6.2916727E-011
5.704	6.1416587E-011
5.705	5.9866903E-011
5.706	5.8344336E-011
5.707	5.6927397E-011
5.708	5.5693342E-011
5.709	5.4715271E-011
5.71	5.4059413E-011
5.711	5.3782707E-011
5.712	5.3930665E-011
5.713	5.4535765E-011
5.714	5.5616199E-011
5.715	5.7175105E-011
5.716	5.9200263E-011
5.717	6.1664299E-011
5.718	6.4525336E-011
5.719	6.7728101E-011
5.72	7.1205403E-011
5.721	7.4880054E-011
5.722	7.8666983E-011
5.723	8.2475693E-011
5.724	8.6212835E-011
5.725	8.9784846E-011
5.726	9.3100611E-011
5.727	9.6074107E-011
5.728	9.8626898E-011
5.729	1.0069032E-010
5.73	1.0220758E-010
5.731	1.0313528E-010
5.732	1.0344496E-010
5.733	1.0312381E-010
5.734	1.0217527E-010
5.735	1.0061907E-010
5.736	9.8490702E-011
5.737	9.5840828E-011
5.738	9.2733855E-011
5.739	8.9246319E-011
5.74	8.5465156E-011
5.741	8.1485235E-011
5.742	7.7407164E-011
5.743	7.3334533E-011
5.744	6.9371321E-011
5.745	6.5619177E-011
5.746	6.2174772E-011
5.747	5.9127175E-011
5.748	5.6555632E-011
5.749	5.4527428E-011
5.75	5.3096021E-011
5.751	5.2299734E-011
5.752	5.2160672E-011
5.753	5.2684135E-011
5.754	5.3858452E-011
5.755	5.5655300E-011
5.756	5.8030358E-011
5.757	6.0924502E-011
5.758	6.4265232E-011
5.759	6.7968561E-011
5.76	7.1941175E-011
5.761	7.6082640E-011
5.762	8.0288144E-011
5.763	8.4451002E-011
5.764	8.8465402E-011
5.765	9.2229058E-011
5.766	9.5645845E-011
5.767	9.8628251E-011
5.768	1.0109944E-010
5.769	1.0299542E-010
5.77	1.0426651E-010
5.771	1.0487865E-010
5.772	1.0481432E-010
5.773	1.0407281E-010
5.774	1.0267036E-010
5.775	1.0063970E-010
5.776	9.8029196E-011
5.777	9.4901656E-011
5.778	9.1332664E-011
5.779	8.7408664E-011
5.78	8.3224823E-011
5.781	7.8882671E-011
5.782	7.4487368E-011
5.783	7.0145306E-011
5.784	6.5961292E-011
5.785	6.2035904E-011
5.786	5.8463137E-011
5.787	5.5327871E-011
5.788	5.2703942E-011
5.789	5.0652253E-011
5.79	4.9219226E-011
5.791	4.8435821E-011
5.792	4.8316646E-011
5.793	4.8859781E-011
5.794	5.0046762E-011
5.795	5.1843092E-011
5.796	5.4199187E-011
5.797	5.7051603E-011
5.798	6.0324724E-011
5.799	6.3932637E-011
5.8	6.7781336E-011
5.801	7.1771103E-011
5.802	7.5798944E-011
5.803	7.9761288E-011
5.804	8.3556467E-011
5.805	8.7087323E-011
5.806	9.0263470E-011
5.807	9.3003612E-011
5.808	9.5237561E-011
5.809	9.6907808E-011
5.81	9.7971110E-011
5.811	9.8399261E-011
5.812	9.8180027E-011
5.813	9.7317099E-011
5.814	9.5830302E-011
5.815	9.3754740E-011
5.816	9.1140040E-011
5.817	8.8048950E-011
5.818	8.4555835E-011
5.819	8.0744730E-011
5.82	7.6707175E-011
5.821	7.2539981E-011
5.822	6.8342790E-011
5.823	6.4215556E-011
5.824	6.0256092E-011
5.825	5.6557682E-011
5.826	5.3206758E-011
5.827	5.0280762E-011
5.828	4.7846296E-011
5.829	4.5957467E-011
5.83	4.4654624E-011
5.831	4.3963461E-011
5.832	4.3894263E-011
5.833	4.4441961E-011
5.834	4.5586070E-011
5.835	4.7291462E-011
5.836	4.9509192E-011
5.837	5.2177828E-011
5.838	5.5225054E-011
5.839	5.8569476E-011
5.84	6.2122772E-011
5.841	6.5791789E-011
5.842	6.9481129E-011
5.843	7.3095204E-011
5.844	7.6540885E-011
5.845	7.9729612E-011
5.846	8.2579533E-011
5.847	8.5017715E-011
5.848	8.6981568E-011
5.849	8.8420604E-011
5.85	8.9297521E-011
5.851	8.9588927E-011
5.852	8.9286169E-011
5.853	8.8395201E-011
5.854	8.6936583E-011
5.855	8.4944794E-011
5.856	8.2467339E-011
5.857	7.9563668E-011
5.858	7.6303477E-011
5.859	7.2764940E-011
5.86	6.9032891E-011
5.861	6.5196418E-011
5.862	6.1346754E-011
5.863	5.7574948E-011
5.864	5.3969572E-011
5.865	5.0614516E-011
5.866	4.7586962E-011
5.867	4.4955550E-011
5.868	4.2778704E-011
5.869	4.1103301E-011
5.87	3.9963692E-011
5.871	3.9380773E-011
5.872	3.9361688E-011
5.873	3.9899643E-011
5.874	4.0974186E-011
5.875	4.2551684E-011
5.876	4.4586290E-011
5.877	4.7021005E-011
5.878	4.9789294E-011
5.879	5.2816626E-011
5.88	5.6022485E-011
5.881	5.9322366E-011
5.882	6.2629901E-011
5.883	6.5859061E-011
5.884	6.8926136E-011
5.885	7.1752042E-011
5.886	7.4264019E-011
5.887	7.6397506E-011
5.888	7.8097612E-011
5.889	7.9320557E-011
5.89	8.0034437E-011
5.891	8.0220310E-011
5.892	7.9872206E-011
5.893	7.8997468E-011
5.894	7.7616392E-011
5.895	7.5761716E-011
5.896	7.3477599E-011
5.897	7.0818691E-011
5.898	6.7848442E-011
5.899	6.4637760E-011
5.9	6.1263071E-011
5.901	5.7804452E-011
5.902	5.4343620E-011
5.903	5.0961915E-011
5.904	4.7738286E-011
5.905	4.4747307E-011
5.906	4.2057389E-011
5.907	3.9729060E-011
5.908	3.7813565E-011
5.909	3.6351634E-011
5.91	3.5372521E-011
5.911	3.4893390E-011
5.912	3.4919012E-011
5.913	3.5441594E-011
5.914	3.6441170E-011
5.915	3.7886107E-011
5.916	3.9733966E-011
5.917	4.1932565E-011
5.918	4.4421376E-011
5.919	4.7133023E-011
5.92	4.9994998E-011
5.921	5.2931482E-011
5.922	5.5865285E-011
5.923	5.8719675E-011
5.924	6.1420348E-011
5.925	6.3897318E-011
5.926	6.6086435E-011
5.927	6.7931230E-011
5.928	6.9383978E-011
5.929	7.0407041E-011
5.93	7.0973692E-011
5.931	7.1068658E-011
5.932	7.0688386E-011
5.933	6.9841168E-011
5.934	6.8546842E-011
5.935	6.6836064E-011
5.936	6.4749622E-011
5.937	6.2337420E-011
5.938	5.9656925E-011
5.939	5.6771986E-011
5.94	5.3751090E-011
5.941	5.0665624E-011
5.942	4.7588187E-011
5.943	4.4590730E-011
5.944	4.1742793E-011
5.945	3.9109837E-011
5.946	3.6751605E-011
5.947	3.4720702E-011
5.948	3.3061304E-011
5.949	3.1808174E-011
5.95	3.0985794E-011
5.951	3.0607853E-011
5.952	3.0676989E-011
5.953	3.1184746E-011
5.954	3.2111914E-011
5.955	3.3429037E-011
5.956	3.5097199E-011
5.957	3.7069049E-011
5.958	3.9290075E-011
5.959	4.1699866E-011
5.96	4.4233818E-011
5.961	4.6824607E-011
5.962	4.9403922E-011
5.963	5.1904179E-011
5.964	5.4260159E-011
5.965	5.6410598E-011
5.966	5.8299691E-011
5.967	5.9878477E-011
5.968	6.1105961E-011
5.969	6.1950126E-011
5.97	6.2388580E-011
5.971	6.2409293E-011
5.972	6.2010543E-011
5.973	6.1201058E-011
5.974	5.9999727E-011
5.975	5.8434993E-011
5.976	5.6544072E-011
5.977	5.4372111E-011
5.978	5.1970855E-011
5.979	4.9397382E-011
5.98	4.6712655E-011
5.981	4.3980024E-011
5.982	4.1263614E-011
5.983	3.8626709E-011
5.984	3.6130297E-011
5.985	3.3831476E-011
5.986	3.1782136E-011
5.987	3.0027692E-011
5.988	2.8605947E-011
5.989	2.7546314E-011
5.99	2.6868998E-011
5.991	2.6584641E-011
5.992	2.6694078E-011
5.993	2.7188370E-011
5.994	2.8049152E-011
5.995	2.9249044E-011
5.996	3.0752508E-011
5.997	3.2516701E-011
5.998	3.4492634E-011
5.999	3.6626428E-011
6	3.8860675E-011
6.001	4.1135831E-011
6.002	4.3391787E-011
6.003	4.5569271E-011
6.004	4.7611338E-011
6.005	4.9464786E-011
6.006	5.1081379E-011
6.007	5.2419073E-011
6.008	5.3442993E-011
6.009	5.4126242E-011
6.01	5.4450538E-011
6.011	5.4406601E-011
6.012	5.3994344E-011
6.013	5.3222825E-011
6.014	5.2109962E-011
6.015	5.0682018E-011
6.016	4.8972913E-011
6.017	4.7023382E-011
6.018	4.4879784E-011
6.019	4.2593033E-011
6.02	4.0217274E-011
6.021	3.7808433E-011
6.022	3.5422949E-011
6.023	3.3116229E-011
6.024	3.0941458E-011
6.025	2.8948151E-011
6.026	2.7181059E-011
6.027	2.5679037E-011
6.028	2.4474159E-011
6.029	2.3590940E-011
6.03	2.3045782E-011
6.031	2.2846598E-011
6.032	2.2992714E-011
6.033	2.3474864E-011
6.034	2.4275516E-011
6.035	2.5369382E-011
6.036	2.6724045E-011
6.037	2.8300858E-011
6.038	3.0055923E-011
6.039	3.1941245E-011
6.04	3.3905930E-011
6.041	3.5897448E-011
6.042	3.7862984E-011
6.043	3.9750734E-011
6.044	4.1511170E-011
6.045	4.3098226E-011
6.046	4.4470490E-011
6.047	4.5592127E-011
6.048	4.6433763E-011
6.049	4.6973151E-011
6.05	4.7195674E-011
6.051	4.7094679E-011
6.052	4.6671535E-011
6.053	4.5935603E-011
6.054	4.4903910E-011
6.055	4.3600748E-011
6.056	4.2056945E-011
6.057	4.0309169E-011
6.058	3.8398919E-011
6.059	3.6371524E-011
6.06	3.4274930E-011
6.061	3.2158526E-011
6.062	3.0071872E-011
6.063	2.8063437E-011
6.064	2.6179430E-011
6.065	2.4462621E-011
6.066	2.2951314E-011
6.067	2.1678459E-011
6.068	2.0670828E-011
6.069	1.9948482E-011
6.07	1.9524250E-011
6.071	1.9403548E-011
6.072	1.9584240E-011
6.073	2.0056784E-011
6.074	2.0804506E-011
6.075	2.1804027E-011
6.076	2.3025913E-011
6.077	2.4435431E-011
6.078	2.5993426E-011
6.079	2.7657300E-011
6.08	2.9382132E-011
6.081	3.1121723E-011
6.082	3.2829829E-011
6.083	3.4461236E-011
6.084	3.5972898E-011
6.085	3.7325018E-011
6.086	3.8482037E-011
6.087	3.9413455E-011
6.088	4.0094612E-011
6.089	4.0507243E-011
6.09	4.0639960E-011
6.091	4.0488422E-011
6.092	4.0055428E-011
6.093	3.9350752E-011
6.094	3.8390912E-011
6.095	3.7198657E-011
6.096	3.5802323E-011
6.097	3.4235177E-011
6.098	3.2534427E-011
6.099	3.0740393E-011
6.1	2.8895383E-011
6.101	2.7042717E-011
6.102	2.5225575E-011
6.103	2.3485994E-011
6.104	2.1863823E-011
6.105	2.0395746E-011
6.106	1.9114389E-011
6.107	1.8047567E-011
6.108	1.7217578E-011
6.109	1.6640713E-011
6.11	1.6326867E-011
6.111	1.6279341E-011
6.112	1.6494786E-011
6.113	1.6963353E-011
6.114	1.7668965E-011
6.115	1.8589777E-011
6.116	1.9698751E-011
6.117	2.0964336E-011
6.118	2.2351336E-011
6.119	2.3821754E-011
6.12	2.5335772E-011
6.121	2.6852760E-011
6.122	2.8332277E-011
6.123	2.9735082E-011
6.124	3.1024096E-011
6.125	3.2165333E-011
6.126	3.3128687E-011
6.127	3.3888711E-011
6.128	3.4425147E-011
6.129	3.4723467E-011
6.13	3.4775145E-011
6.131	3.4577886E-011
6.132	3.4135576E-011
6.133	3.3458233E-011
6.134	3.2561637E-011
6.135	3.1466961E-011
6.136	3.0200197E-011
6.137	2.8791438E-011
6.138	2.7274138E-011
6.139	2.5684238E-011
6.14	2.4059236E-011
6.141	2.2437276E-011
6.142	2.0856176E-011
6.143	1.9352469E-011
6.144	1.7960548E-011
6.145	1.6711814E-011
6.146	1.5633887E-011
6.147	1.4750009E-011
6.148	1.4078409E-011
6.149	1.3631970E-011
6.15	1.3417863E-011
6.151	1.3437437E-011
6.152	1.3686208E-011
6.153	1.4154017E-011
6.154	1.4825292E-011
6.155	1.5679524E-011
6.156	1.6691728E-011
6.157	1.7833192E-011
6.158	1.9072181E-011
6.159	2.0374726E-011
6.16	2.1705538E-011
6.161	2.3028848E-011
6.162	2.4309334E-011
6.163	2.5512962E-011
6.164	2.6607844E-011
6.165	2.7564999E-011
6.166	2.8359036E-011
6.167	2.8968820E-011
6.168	2.9377934E-011
6.169	2.9575033E-011
6.17	2.9554185E-011
6.171	2.9314936E-011
6.172	2.8862267E-011
6.173	2.8206517E-011
6.174	2.7363009E-011
6.175	2.6351681E-011
6.176	2.5196546E-011
6.177	2.3925062E-011
6.178	2.2567401E-011
6.179	2.1155704E-011
6.18	1.9723254E-011
6.181	1.8303647E-011
6.182	1.6929933E-011
6.183	1.5633805E-011
6.184	1.4444842E-011
6.185	1.3389763E-011
6.186	1.2491795E-011
6.187	1.1770106E-011
6.188	1.1239367E-011
6.189	1.0909399E-011
6.19	1.0784965E-011
6.191	1.0865683E-011
6.192	1.1146050E-011
6.193	1.1615629E-011
6.194	1.2259327E-011
6.195	1.3057811E-011
6.196	1.3987999E-011
6.197	1.5023692E-011
6.198	1.6136210E-011
6.199	1.7295143E-011
6.2	1.8469100E-011
6.201	1.9626519E-011
6.202	2.0736418E-011
6.203	2.1769196E-011
6.204	2.2697356E-011
6.205	2.3496158E-011
6.206	2.4144280E-011
6.207	2.4624251E-011
6.208	2.4922970E-011
6.209	2.5031930E-011
6.21	2.4947442E-011
6.211	2.4670687E-011
6.212	2.4207664E-011
6.213	2.3568994E-011
6.214	2.2769637E-011
6.215	2.1828503E-011
6.216	2.0767912E-011
6.217	1.9613049E-011
6.218	1.8391339E-011
6.219	1.7131668E-011
6.22	1.5863743E-011
6.221	1.4617293E-011
6.222	1.3421344E-011
6.223	1.2303491E-011
6.224	1.1289224E-011
6.225	1.0401301E-011
6.226	9.6592083E-012
6.227	9.0786606E-012
6.228	8.6712816E-012
6.229	8.4442887E-012
6.23	8.4003629E-012
6.231	8.5376107E-012
6.232	8.8496077E-012
6.233	9.3256080E-012
6.234	9.9508153E-012
6.235	1.0706783E-011
6.236	1.1571881E-011
6.237	1.2521864E-011
6.238	1.3530508E-011
6.239	1.4570262E-011
6.24	1.5612962E-011
6.241	1.6630560E-011
6.242	1.7595788E-011
6.243	1.8482878E-011
6.244	1.9268193E-011
6.245	1.9930767E-011
6.246	2.0452856E-011
6.247	2.0820349E-011
6.248	2.1023053E-011
6.249	2.1055000E-011
6.25	2.0914478E-011
6.251	2.0604136E-011
6.252	2.0130815E-011
6.253	1.9505389E-011
6.254	1.8742482E-011
6.255	1.7860055E-011
6.256	1.6878970E-011
6.257	1.5822454E-011
6.258	1.4715520E-011
6.259	1.3584347E-011
6.26	1.2455579E-011
6.261	1.1355718E-011
6.262	1.0310432E-011
6.263	9.3438859E-012
6.264	8.4781808E-012
6.265	7.7327762E-012
6.266	7.1240132E-012
6.267	6.6647187E-012
6.268	6.3639116E-012
6.269	6.2265857E-012
6.27	6.2536135E-012
6.271	6.4417460E-012
6.272	6.7837225E-012
6.273	7.2684779E-012
6.274	7.8814360E-012
6.275	8.6048989E-012
6.276	9.4185068E-012
6.277	1.0299755E-011
6.278	1.1224577E-011
6.279	1.2167947E-011
6.28	1.3104521E-011
6.281	1.4009238E-011
6.282	1.4857981E-011
6.283	1.5628160E-011
6.284	1.6299255E-011
6.285	1.6853333E-011
6.286	1.7275471E-011
6.287	1.7554144E-011
6.288	1.7681438E-011
6.289	1.7653294E-011
6.29	1.7469538E-011
6.291	1.7133898E-011
6.292	1.6653885E-011
6.293	1.6040563E-011
6.294	1.5308281E-011
6.295	1.4474291E-011
6.296	1.3558306E-011
6.297	1.2581997E-011
6.298	1.1568461E-011
6.299	1.0541627E-011
6.3	9.5256676E-012
6.301	8.5443961E-012
6.302	7.6206671E-012
6.303	6.7758208E-012
6.304	6.0291377E-012
6.305	5.3973796E-012
6.306	4.8943696E-012
6.307	4.5306623E-012
6.308	4.3132997E-012
6.309	4.2456425E-012
6.31	4.3273202E-012
6.311	4.5542446E-012
6.312	4.9187460E-012
6.313	5.4097751E-012
6.314	6.0131912E-012
6.315	6.7121413E-012
6.316	7.4874811E-012
6.317	8.3182601E-012
6.318	9.1822609E-012
6.319	1.0056538E-011
6.32	1.0918008E-011
6.321	1.1744006E-011
6.322	1.2512857E-011
6.323	1.3204409E-011
6.324	1.3800519E-011
6.325	1.4285497E-011
6.326	1.4646492E-011
6.327	1.4873783E-011
6.328	1.4961013E-011
6.329	1.4905355E-011
6.33	1.4707522E-011
6.331	1.4371775E-011
6.332	1.3905812E-011
6.333	1.3320541E-011
6.334	1.2629828E-011
6.335	1.1850130E-011
6.336	1.1000118E-011
6.337	1.0100159E-011
6.338	9.1718204E-012
6.339	8.2372754E-012
6.34	7.3187359E-012
6.341	6.4377943E-012
6.342	5.6148797E-012
6.343	4.8686762E-012
6.344	4.2156946E-012
6.345	3.6698942E-012
6.346	3.2424582E-012
6.347	2.9416506E-012
6.348	2.7727840E-012
6.349	2.7382226E-012
6.35	2.8374178E-012
6.351	3.0669510E-012
6.352	3.4205672E-012
6.353	3.8892331E-012
6.354	4.4612322E-012
6.355	5.1223309E-012
6.356	5.8560487E-012
6.357	6.6440191E-012
6.358	7.4664563E-012
6.359	8.3026745E-012
6.36	9.1316616E-012
6.361	9.9326623E-012
6.362	1.0685711E-011
6.363	1.1372161E-011
6.364	1.1975134E-011
6.365	1.2479916E-011
6.366	1.2874294E-011
6.367	1.3148799E-011
6.368	1.3296938E-011
6.369	1.3315277E-011
6.37	1.3203520E-011
6.371	1.2964497E-011
6.372	1.2604065E-011
6.373	1.2130984E-011
6.374	1.1556689E-011
6.375	1.0895044E-011
6.376	1.0162008E-011
6.377	9.3752619E-012
6.378	8.5537489E-012
6.379	7.7171889E-012
6.38	6.8855091E-012
6.381	6.0782494E-012
6.382	5.3139767E-012
6.383	4.6097241E-012
6.384	3.9805524E-012
6.385	3.4392363E-012
6.386	2.9961305E-012
6.387	2.6592172E-012
6.388	2.4342791E-012
6.389	2.3251488E-012
6.39	2.3339436E-012
6.391	2.4612287E-012
6.392	2.7060530E-012
6.393	3.0658655E-012
6.394	3.5363390E-012
6.395	4.1111871E-012
6.396	4.7820337E-012
6.397	5.5383875E-012
6.398	6.3677865E-012
6.399	7.2560764E-012
6.4	8.1877881E-012
6.401	9.1466218E-012
6.402	1.0115901E-011
6.403	1.1079027E-011
6.404	1.2019887E-011
6.405	1.2923146E-011
6.406	1.3774530E-011
6.407	1.4560984E-011
6.408	1.5270845E-011
6.409	1.5893909E-011
6.41	1.6421500E-011
6.411	1.6846521E-011
6.412	1.7163453E-011
6.413	1.7368369E-011
6.414	1.7458925E-011
6.415	1.7434354E-011
6.416	1.7295432E-011
6.417	1.7044505E-011
6.418	1.6685422E-011
6.419	1.6223634E-011
6.42	1.5666159E-011
6.421	1.5021658E-011
6.422	1.4300497E-011
6.423	1.3514852E-011
6.424	1.2678844E-011
6.425	1.1808683E-011
6.426	1.0922810E-011
6.427	1.0042135E-011
6.428	9.1901868E-012
6.429	8.3933641E-012
6.43	7.6810927E-012
6.431	7.0860527E-012
6.432	6.6443075E-012
6.433	6.3954462E-012
6.434	6.3826474E-012
6.435	6.6527014E-012
6.436	7.2559272E-012
6.437	8.2460436E-012
6.438	9.6799313E-012
6.439	1.1617279E-011
6.44	1.4120136E-011
6.441	1.7252397E-011
6.442	2.1079121E-011
6.443	2.5665785E-011
6.444	3.1077470E-011
6.445	3.7377882E-011
6.446	4.4628315E-011
6.447	5.2886560E-011
6.448	6.2205671E-011
6.449	7.2632615E-011
6.45	8.4207190E-011
6.451	9.6960460E-011
6.452	1.1091365E-010
6.453	1.2607697E-010
6.454	1.4244847E-010
6.455	1.6001327E-010
6.456	1.7874259E-010
6.457	1.9859341E-010
6.458	2.1950770E-010
6.459	2.4141225E-010
6.46	2.6421884E-010
6.461	2.8782365E-010
6.462	3.1210803E-010
6.463	3.3693928E-010
6.464	3.6217057E-010
6.465	3.8764236E-010
6.466	4.1318368E-010
6.467	4.3861362E-010
6.468	4.6374279E-010
6.469	4.8837556E-010
6.47	5.1231175E-010
6.471	5.3534949E-010
6.472	5.5728738E-010
6.473	5.7792693E-010
6.474	5.9707517E-010
6.475	6.1454708E-010
6.476	6.3016875E-010
6.477	6.4377947E-010
6.478	6.5523370E-010
6.479	6.6440409E-010
6.48	6.7118294E-010
6.481	6.7548384E-010
6.482	6.7724476E-010
6.483	6.7642614E-010
6.484	6.7301553E-010
6.485	6.6702466E-010
6.486	6.5849204E-010
6.487	6.4748140E-010
6.488	6.3408223E-010
6.489	6.1840744E-010
6.49	6.0059324E-010
6.491	5.8079647E-010
6.492	5.5919364E-010
6.493	5.3597760E-010
6.494	5.1135624E-010
6.495	4.8554827E-010
6.496	4.5878268E-010
6.497	4.3129411E-010
6.498	4.0332071E-010
6.499	3.7510142E-010
6.5	3.4687248E-010
6.501	3.1886502E-010
6.502	2.9130179E-010
6.503	2.6439440E-010
6.504	2.3834090E-010
6.505	2.1332318E-010
6.506	1.8950524E-010
6.507	1.6703110E-010
6.508	1.4602354E-010
6.509	1.2658304E-010
6.51	1.0878690E-010
6.511	9.2689023E-011
6.512	7.8319962E-011
6.513	6.5687129E-011
6.514	5.4775583E-011
6.515	4.5549085E-011
6.516	3.7951500E-011
6.517	3.1908271E-011
6.518	2.7328461E-011
6.519	2.4106675E-011
6.52	2.2125397E-011
6.521	2.1257260E-011
6.522	2.1367526E-011
6.523	2.2316581E-011
6.524	2.3962351E-011
6.525	2.6162787E-011
6.526	2.8778153E-011
6.527	3.1673240E-011
6.528	3.4719439E-011
6.529	3.7796457E-011
6.53	4.0794101E-011
6.531	4.3613477E-011
6.532	4.6168149E-011
6.533	4.8385053E-011
6.534	5.0204944E-011
6.535	5.1582721E-011
6.536	5.2487441E-011
6.537	5.2902072E-011
6.538	5.2822954E-011
6.539	5.2259069E-011
6.54	5.1231030E-011
6.541	4.9770042E-011
6.542	4.7916424E-011
6.543	4.5718356E-011
6.544	4.3230305E-011
6.545	4.0511379E-011
6.546	3.7623821E-011
6.547	3.4631364E-011
6.548	3.1597662E-011
6.549	2.8584888E-011
6.55	2.5652256E-011
6.551	2.2854855E-011
6.552	2.0242485E-011
6.553	1.7858765E-011
6.554	1.5740347E-011
6.555	1.3916384E-011
6.556	1.2408131E-011
6.557	1.1228777E-011
6.558	1.0383429E-011
6.559	9.8693441E-012
6.56	9.6762511E-012
6.561	9.7868953E-012
6.562	1.0177689E-011
6.563	1.0819495E-011
6.564	1.1678537E-011
6.565	1.2717313E-011
6.566	1.3895645E-011
6.567	1.5171697E-011
6.568	1.6503035E-011
6.569	1.7847616E-011
6.57	1.9164776E-011
6.571	2.0416148E-011
6.572	2.1566488E-011
6.573	2.2584377E-011
6.574	2.3442881E-011
6.575	2.4119987E-011
6.576	2.4599026E-011
6.577	2.4868812E-011
6.578	2.4923834E-011
6.579	2.4764088E-011
6.58	2.4394972E-011
6.581	2.3826947E-011
6.582	2.3075141E-011
6.583	2.2158794E-011
6.584	2.1100725E-011
6.585	1.9926607E-011
6.586	1.8664329E-011
6.587	1.7343189E-011
6.588	1.5993208E-011
6.589	1.4644355E-011
6.59	1.3325791E-011
6.591	1.2065234E-011
6.592	1.0888300E-011
6.593	9.8179034E-012
6.594	8.8738105E-012
6.595	8.0722200E-012
6.596	7.4254517E-012
6.597	6.9417562E-012
6.598	6.6252182E-012
6.599	6.4757587E-012
6.6	6.4892627E-012
6.601	6.6577642E-012
6.602	6.9697412E-012
6.603	7.4105062E-012
6.604	7.9626158E-012
6.605	8.6063795E-012
6.606	9.3203960E-012
6.607	1.0082114E-011
6.608	1.0868410E-011
6.609	1.1656187E-011
6.61	1.2422907E-011
6.611	1.3147174E-011
6.612	1.3809185E-011
6.613	1.4391199E-011
6.614	1.4877924E-011
6.615	1.5256824E-011
6.616	1.5518331E-011
6.617	1.5656072E-011
6.618	1.5666897E-011
6.619	1.5550894E-011
6.62	1.5311342E-011
6.621	1.4954532E-011
6.622	1.4489555E-011
6.623	1.3928033E-011
6.624	1.3283760E-011
6.625	1.2572325E-011
6.626	1.1810683E-011
6.627	1.1016690E-011
6.628	1.0208683E-011
6.629	9.4049681E-012
6.63	8.6233867E-012
6.631	7.8809008E-012
6.632	7.1931636E-012
6.633	6.5741882E-012
6.634	6.0360198E-012
6.635	5.5884897E-012
6.636	5.2390154E-012
6.637	4.9924682E-012
6.638	4.8511082E-012
6.639	4.8145650E-012
6.64	4.8799150E-012
6.641	5.0417864E-012
6.642	5.2925381E-012
6.643	5.6224960E-012
6.644	6.0202134E-012
6.645	6.4727945E-012
6.646	6.9662410E-012
6.647	7.4858062E-012
6.648	8.0164026E-012
6.649	8.5429580E-012
6.65	9.0508078E-012
6.651	9.5260475E-012
6.652	9.9558773E-012
6.653	1.0328872E-011
6.654	1.0635259E-011
6.655	1.0867119E-011
6.656	1.1018540E-011
6.657	1.1085728E-011
6.658	1.1067063E-011
6.659	1.0963110E-011
6.66	1.0776540E-011
6.661	1.0512062E-011
6.662	1.0176242E-011
6.663	9.7773300E-012
6.664	9.3250217E-012
6.665	8.8301762E-012
6.666	8.3045419E-012
6.667	7.7604537E-012
6.668	7.2105017E-012
6.669	6.6672236E-012
6.67	6.1427950E-012
6.671	5.6487384E-012
6.672	5.1956434E-012
6.673	4.7929213E-012
6.674	4.4485960E-012
6.675	4.1691190E-012
6.676	3.9592470E-012
6.677	3.8219306E-012
6.678	3.7582814E-012
6.679	3.7675722E-012
6.68	3.8472780E-012
6.681	3.9931751E-012
6.682	4.1994615E-012
6.683	4.4589436E-012
6.684	4.7632284E-012
6.685	5.1029536E-012
6.686	5.4680410E-012
6.687	5.8479458E-012
6.688	6.2319373E-012
6.689	6.6093572E-012
6.69	6.9698821E-012
6.691	7.3037713E-012
6.692	7.6021082E-012
6.693	7.8569937E-012
6.694	8.0617362E-012
6.695	8.2110083E-012
6.696	8.3009381E-012
6.697	8.3292080E-012
6.698	8.2950738E-012
6.699	8.1993752E-012
6.7	8.0444644E-012
6.701	7.8341665E-012
6.702	7.5736214E-012
6.703	7.2691623E-012
6.704	6.9281308E-012
6.705	6.5586802E-012
6.706	6.1695627E-012
6.707	5.7698924E-012
6.708	5.3689310E-012
6.709	4.9758383E-012
6.71	4.5994493E-012
6.711	4.2480719E-012
6.712	3.9292692E-012
6.713	3.6497003E-012
6.714	3.4149617E-012
6.715	3.2294573E-012
6.716	3.0963183E-012
6.717	3.0173385E-012
6.718	2.9929451E-012
6.719	3.0222133E-012
6.72	3.1029049E-012
6.721	3.2315420E-012
6.722	3.4035140E-012
6.723	3.6131989E-012
6.724	3.8541262E-012
6.725	4.1191373E-012
6.726	4.4005806E-012
6.727	4.6904950E-012
6.728	4.9808235E-012
6.729	5.2636094E-012
6.73	5.5311888E-012
6.731	5.7763824E-012
6.732	5.9926699E-012
6.733	6.1743449E-012
6.734	6.3166373E-012
6.735	6.4158301E-012
6.736	6.4693359E-012
6.737	6.4757401E-012
6.738	6.4348275E-012
6.739	6.3475709E-012
6.74	6.2160836E-012
6.741	6.0435637E-012
6.742	5.8341851E-012
6.743	5.5929979E-012
6.744	5.3257754E-012
6.745	5.0388725E-012
6.746	4.7390546E-012
6.747	4.4333257E-012
6.748	4.1287525E-012
6.749	3.8322921E-012
6.75	3.5506125E-012
6.751	3.2899419E-012
6.752	3.0559099E-012
6.753	2.8534226E-012
6.754	2.6865443E-012
6.755	2.5584053E-012
6.756	2.4711411E-012
6.757	2.4258442E-012
6.758	2.4225533E-012
6.759	2.4602638E-012
6.76	2.5369702E-012
6.761	2.6497227E-012
6.762	2.7947171E-012
6.763	2.9673993E-012
6.764	3.1625846E-012
6.765	3.3745983E-012
6.766	3.5974192E-012
6.767	3.8248319E-012
6.768	4.0505863E-012
6.769	4.2685491E-012
6.77	4.4728539E-012
6.771	4.6580487E-012
6.772	4.8192257E-012
6.773	4.9521286E-012
6.774	5.0532690E-012
6.775	5.1199917E-012
6.776	5.1505328E-012
6.777	5.1440562E-012
6.778	5.1006660E-012
6.779	5.0213839E-012
6.78	4.9081156E-012
6.781	4.7635919E-012
6.782	4.5912944E-012
6.783	4.3953578E-012
6.784	4.1804537E-012
6.785	3.9516827E-012
6.786	3.7144289E-012
6.787	3.4742313E-012
6.788	3.2366390E-012
6.789	3.0070753E-012
6.79	2.7907034E-012
6.791	2.5923009E-012
6.792	2.4161441E-012
6.793	2.2659101E-012
6.794	2.1445929E-012
6.795	2.0544358E-012
6.796	1.9968879E-012
6.797	1.9725753E-012
6.798	1.9812975E-012
6.799	2.0220379E-012
6.8	2.0929990E-012
6.801	2.1916583E-012
6.802	2.3148315E-012
6.803	2.4587643E-012
6.804	2.6192275E-012
6.805	2.7916274E-012
6.806	2.9711299E-012
6.807	3.1527769E-012
6.808	3.3316162E-012
6.809	3.5028239E-012
6.81	3.6618239E-012
6.811	3.8043982E-012
6.812	3.9267864E-012
6.813	4.0257702E-012
6.814	4.0987556E-012
6.815	4.1438181E-012
6.816	4.1597515E-012
6.817	4.1460863E-012
6.818	4.1030976E-012
6.819	4.0317862E-012
6.82	3.9338550E-012
6.821	3.8116489E-012
6.822	3.6681005E-012
6.823	3.5066407E-012
6.824	3.3311153E-012
6.825	3.1456775E-012
6.826	2.9546862E-012
6.827	2.7625929E-012
6.828	2.5738259E-012
6.829	2.3926889E-012
6.83	2.2232504E-012
6.831	2.0692491E-012
6.832	1.9339977E-012
6.833	1.8203158E-012
6.834	1.7304575E-012
6.835	1.6660639E-012
6.836	1.6281280E-012
6.837	1.6169755E-012
6.838	1.6322649E-012
6.839	1.6730017E-012
6.84	1.7375720E-012
6.841	1.8237874E-012
6.842	1.9289498E-012
6.843	2.0499177E-012
6.844	2.1831970E-012
6.845	2.3250230E-012
6.846	2.4714631E-012
6.847	2.6185089E-012
6.848	2.7621805E-012
6.849	2.8986206E-012
6.85	3.0241942E-012
6.851	3.1355693E-012
6.852	3.2298044E-012
6.853	3.3044192E-012
6.854	3.3574437E-012
6.855	3.3874724E-012
6.856	3.3936870E-012
6.857	3.3758777E-012
6.858	3.3344308E-012
6.859	3.2703250E-012
6.86	3.1850878E-012
6.861	3.0807631E-012
6.862	2.9598474E-012
6.863	2.8252249E-012
6.864	2.6800951E-012
6.865	2.5278824E-012
6.866	2.3721569E-012
6.867	2.2165414E-012
6.868	2.0646200E-012
6.869	1.9198497E-012
6.87	1.7854780E-012
6.871	1.6644629E-012
6.872	1.5594044E-012
6.873	1.4724814E-012
6.874	1.4054032E-012
6.875	1.3593729E-012
6.876	1.3350593E-012
6.877	1.3325874E-012
6.878	1.3515396E-012
6.879	1.3909714E-012
6.88	1.4494359E-012
6.881	1.5250313E-012
6.882	1.6154470E-012
6.883	1.7180278E-012
6.884	1.8298440E-012
6.885	1.9477686E-012
6.886	2.0685543E-012
6.887	2.1889201E-012
6.888	2.3056294E-012
6.889	2.4155706E-012
6.89	2.5158341E-012
6.891	2.6037781E-012
6.892	2.6770947E-012
6.893	2.7338624E-012
6.894	2.7725894E-012
6.895	2.7922478E-012
6.896	2.7922957E-012
6.897	2.7726901E-012
6.898	2.7338852E-012
6.899	2.6768225E-012
6.9	2.6029105E-012
6.901	2.5139895E-012
6.902	2.4122891E-012
6.903	2.3003778E-012
6.904	2.1810847E-012
6.905	2.0574293E-012
6.906	1.9325173E-012
6.907	1.8094387E-012
6.908	1.6911567E-012
6.909	1.5804006E-012
6.91	1.4795735E-012
6.911	1.3906810E-012
6.912	1.3152989E-012
6.913	1.2545680E-012
6.914	1.2092278E-012
6.915	1.1796686E-012
6.916	1.1659878E-012
6.917	1.1680407E-012
6.918	1.1854662E-012
6.919	1.2176865E-012
6.92	1.2638817E-012
6.921	1.3229543E-012
6.922	1.3934906E-012
6.923	1.4737420E-012
6.924	1.5616309E-012
6.925	1.6547908E-012
6.926	1.7506323E-012
6.927	1.8464334E-012
6.928	1.9394395E-012
6.929	2.0269641E-012
6.93	2.1064847E-012
6.931	2.1757190E-012
6.932	2.2326982E-012
6.933	2.2758095E-012
6.934	2.3038379E-012
6.935	2.3159903E-012
6.936	2.3119111E-012
6.937	2.2916898E-012
6.938	2.2558604E-012
6.939	2.2053954E-012
6.94	2.1416861E-012
6.941	2.0665134E-012
6.942	1.9820074E-012
6.943	1.8905819E-012
6.944	1.7948524E-012
6.945	1.6975357E-012
6.946	1.6013278E-012
6.947	1.5087741E-012
6.948	1.4221457E-012
6.949	1.3433319E-012
6.95	1.2737703E-012
6.951	1.2144194E-012
6.952	1.1657908E-012
6.953	1.1280180E-012
6.954	1.1009726E-012
6.955	1.0843808E-012
6.956	1.0779377E-012
6.957	1.0813814E-012
6.958	1.0945224E-012
6.959	1.1172193E-012
6.96	1.1493070E-012
6.961	1.1904948E-012
6.962	1.2402658E-012
6.963	1.2977820E-012
6.964	1.3618352E-012
6.965	1.4308396E-012
6.966	1.5028716E-012
6.967	1.5757549E-012
6.968	1.6471648E-012
6.969	1.7147532E-012
6.97	1.7762625E-012
6.971	1.8296298E-012
6.972	1.8730714E-012
6.973	1.9051444E-012
6.974	1.9247889E-012
6.975	1.9313557E-012
6.976	1.9246211E-012
6.977	1.9047925E-012
6.978	1.8725039E-012
6.979	1.8288062E-012
6.98	1.7751407E-012
6.981	1.7132962E-012
6.982	1.6453463E-012
6.983	1.5735605E-012
6.984	1.5002968E-012
6.985	1.4278725E-012
6.986	1.3584317E-012
6.987	1.2938204E-012
6.988	1.2354861E-012
6.989	1.1844164E-012
6.99	1.1411289E-012
6.991	1.1057113E-012
6.992	1.0779068E-012
6.993	1.0572345E-012
6.994	1.0431207E-012
6.995	1.0350236E-012
6.996	1.0325333E-012
6.997	1.0354300E-012
6.998	1.0436958E-012
6.999	1.0574783E-012
7	1.0770086E-012
7.001	1.1024983E-012
7.002	1.1340189E-012
7.003	1.1713923E-012
7.004	1.2141069E-012
7.005	1.2612730E-012
7.006	1.3116266E-012
7.007	1.3635764E-012
7.008	1.4152913E-012
7.009	1.4648133E-012
7.01	1.5101814E-012
7.011	1.5495488E-012
7.012	1.5812918E-012
7.013	1.6040909E-012
7.014	1.6169966E-012
7.015	1.6194686E-012
7.016	1.6113985E-012
7.017	1.5931159E-012
7.018	1.5653743E-012
7.019	1.5293217E-012
7.02	1.4864497E-012
7.021	1.4385185E-012
7.022	1.3874575E-012
7.023	1.3352519E-012
7.024	1.2838124E-012
7.025	1.2348526E-012
7.026	1.1897816E-012
7.027	1.1496278E-012
7.028	1.1150036E-012
7.029	1.0861167E-012
7.03	1.0628208E-012
7.031	1.0447012E-012
7.032	1.0311768E-012
7.033	1.0216065E-012
7.034	1.0153859E-012
7.035	1.0120253E-012
7.036	1.0112037E-012
7.037	1.0127931E-012
7.038	1.0168571E-012
7.039	1.0236203E-012
7.04	1.0334187E-012
7.041	1.0466224E-012
7.042	1.0635529E-012
7.043	1.0843905E-012
7.044	1.1090897E-012
7.045	1.1373150E-012
7.046	1.1684068E-012
7.047	1.2013837E-012
7.048	1.2349855E-012
7.049	1.2677524E-012
7.05	1.2981288E-012
7.051	1.3245818E-012
7.052	1.3457194E-012
7.053	1.3603989E-012
7.054	1.3678123E-012
7.055	1.3675470E-012
7.056	1.3596157E-012
7.057	1.3444570E-012
7.058	1.3229022E-012
7.059	1.2961149E-012
7.06	1.2655015E-012
7.061	1.2326034E-012
7.062	1.1989761E-012
7.063	1.1660718E-012
7.064	1.1351327E-012
7.065	1.1071149E-012
7.066	1.0826470E-012
7.067	1.0620239E-012
7.068	1.0452426E-012
7.069	1.0320588E-012
7.07	1.0220631E-012
7.071	1.0147588E-012
7.072	1.0096330E-012
7.073	1.0062121E-012
7.074	1.0041016E-012
7.075	1.0030115E-012
7.076	1.0027642E-012
7.077	1.0032974E-012
7.078	1.0046574E-012
7.079	1.0069862E-012
7.08	1.0105006E-012
7.081	1.0154670E-012
7.082	1.0221586E-012
7.083	1.0308110E-012
7.084	1.0415655E-012
7.085	1.0544155E-012
7.086	1.0691600E-012
7.087	1.0853759E-012
7.088	1.1024176E-012
7.089	1.1194449E-012
7.09	1.1354882E-012
7.091	1.1495338E-012
7.092	1.1606265E-012
7.093	1.1679732E-012
7.094	1.1710318E-012
7.095	1.1695746E-012
7.096	1.1637135E-012
7.097	1.1538877E-012
7.098	1.1408109E-012
7.099	1.1253911E-012
7.1	1.1086304E-012
7.101	1.0915215E-012
7.102	1.0749538E-012
7.103	1.0596435E-012
7.104	1.0460917E-012
7.105	1.0345749E-012
7.106	1.0251631E-012
7.107	1.0177592E-012
7.108	1.0121490E-012
7.109	1.0080525E-012
7.11	1.0051697E-012
7.111	1.0032150E-012
7.112	1.0019394E-012
7.113	1.0011414E-012
7.114	1.0006692E-012
7.115	1.0004172E-012
7.116	1.0003197E-012
7.117	1.0003459E-012
7.118	1.0004922E-012
7.119	1.0007806E-012
7.12	1.0012543E-012
7.121	1.0019734E-012
7.122	1.0030100E-012
7.123	1.0044384E-012
7.124	1.0063232E-012
7.125	1.0087016E-012
7.126	1.0115683E-012
7.127	1.0148581E-012
7.128	1.0184390E-012
7.129	1.0221111E-012
7.13	1.0256223E-012
7.131	1.0286941E-012
7.132	1.0310562E-012
7.133	1.0324862E-012
7.134	1.0328435E-012
7.135	1.0320923E-012
7.136	1.0303070E-012
7.137	1.0276609E-012
7.138	1.0243975E-012
7.139	1.0207947E-012
7.14	1.0171259E-012
7.141	1.0136275E-012
7.142	1.0104760E-012
7.143	1.0077793E-012
7.144	1.0055795E-012
7.145	1.0038647E-012
7.146	1.0025850E-012
7.147	1.0016692E-012
7.148	1.0010406E-012
7.149	1.0006261E-012
7.15	1.0003635E-012
7.151	1.0002036E-012
7.152	1.0001100E-012
7.153	1.0000574E-012
7.154	1.0000287E-012
7.155	1.0000139E-012
7.156	1.0000064E-012
7.157	1.0000028E-012
7.158	1.0000011E-012
7.159	1.0000003E-012
7.16	1.0000000E-012
7.161	9.9999989E-013
7.162	9.9999978E-013
7.163	9.9999978E-013
7.164	9.9999978E-013
7.165	9.9999978E-013
7.166	9.9999978E-013
7.167	9.9999978E-013
7.168	9.9999978E-013
7.169	9.9999978E-013
7.17	9.9999978E-013
7.171	9.9999978E-013
7.172	9.9999978E-013
7.173	9.9999978E-013
7.174	9.9999978E-013
7.175	9.9999978E-013
7.176	9.9999978E-013
7.177	9.9999978E-013
7.178	9.9999978E-013
7.179	9.9999978E-013
7.18	9.9999978E-013
7.181	9.9999978E-013
7.182	9.9999978E-013
7.183	9.9999978E-013
7.184	9.9999978E-013
7.185	9.9999978E-013
7.186	9.9999978E-013
7.187	9.9999978E-013
7.188	9.9999978E-013
7.189	9.9999978E-013
7.19	9.9999978E-013
7.191	9.9999978E-013
7.192	9.9999978E-013
7.193	9.9999978E-013
7.194	9.9999978E-013
7.195	9.9999978E-013
7.196	9.9999978E-013
7.197	9.9999978E-013
7.198	9.9999978E-013
7.199	9.9999978E-013
7.2	9.9999978E-013
7.201	9.9999978E-013
7.202	9.9999978E-013
7.203	9.9999978E-013
7.204	9.9999978E-013
7.205	9.9999978E-013
7.206	9.9999978E-013
7.207	9.9999978E-013
7.208	9.9999978E-013
7.209	9.9999978E-013
7.21	9.9999978E-013
7.211	9.9999978E-013
7.212	9.9999978E-013
7.213	9.9999978E-013
7.214	9.9999978E-013
7.215	9.9999978E-013
7.216	9.9999978E-013
7.217	9.9999978E-013
7.218	9.9999978E-013
7.219	9.9999978E-013
7.22	9.9999978E-013
7.221	9.9999978E-013
7.222	9.9999978E-013
7.223	9.9999978E-013
7.224	9.9999978E-013
7.225	9.9999978E-013
7.226	9.9999978E-013
7.227	9.9999978E-013
7.228	9.9999978E-013
7.229	9.9999978E-013
7.23	9.9999978E-013
7.231	9.9999978E-013
7.232	9.9999978E-013
7.233	9.9999978E-013
7.234	9.9999978E-013
7.235	9.9999978E-013
7.236	9.9999978E-013
7.237	9.9999978E-013
7.238	9.9999978E-013
7.239	9.9999978E-013
7.24	9.9999978E-013
7.241	9.9999978E-013
7.242	9.9999978E-013
7.243	9.9999978E-013
7.244	9.9999978E-013
7.245	9.9999978E-013
7.246	9.9999978E-013
7.247	9.9999978E-013
7.248	9.9999978E-013
7.249	9.9999978E-013
7.25	9.9999978E-013
7.251	9.9999978E-013
7.252	9.9999989E-013
7.253	1.0000004E-012
7.254	1.0000014E-012
7.255	1.0000041E-012
7.256	1.0000103E-012
7.257	1.0000241E-012
7.258	1.0000539E-012
7.259	1.0001167E-012
7.26	1.0002436E-012
7.261	1.0004914E-012
7.262	1.0009591E-012
7.263	1.0018110E-012
7.264	1.0033092E-012
7.265	1.0058547E-012
7.266	1.0100340E-012
7.267	1.0166696E-012
7.268	1.0268588E-012
7.269	1.0420031E-012
7.27	1.0638012E-012
7.271	1.0942071E-012
7.272	1.1353406E-012
7.273	1.1893548E-012
7.274	1.2582682E-012
7.275	1.3437811E-012
7.276	1.4471022E-012
7.277	1.5688045E-012
7.278	1.7087385E-012
7.279	1.8660095E-012
7.28	2.0390172E-012
7.281	2.2255552E-012
7.282	2.4229390E-012
7.283	2.6281601E-012
7.284	2.8380234E-012
7.285	3.0492800E-012
7.286	3.2587219E-012
7.287	3.4632575E-012
7.288	3.6599586E-012
7.289	3.8460949E-012
7.29	4.0191574E-012
7.291	4.1768637E-012
7.292	4.3171825E-012
7.293	4.4383451E-012
7.294	4.5388506E-012
7.295	4.6174891E-012
7.296	4.6733515E-012
7.297	4.7058403E-012
7.298	4.7146705E-012
7.299	4.6998763E-012
7.3	4.6618087E-012
7.301	4.6011263E-012
7.302	4.8678557E-012
7.303	4.9031764E-012
7.304	4.9122290E-012
7.305	4.8945110E-012
7.306	4.8513788E-012
7.307	4.7830056E-012
7.308	4.6901246E-012
7.309	4.5750248E-012
7.31	4.4391196E-012
7.311	4.2846243E-012
7.312	4.1131040E-012
7.313	3.9269087E-012
7.314	3.7291611E-012
7.315	3.5222101E-012
7.316	3.3085008E-012
7.317	3.0903719E-012
7.318	2.8707973E-012
7.319	2.6525518E-012
7.32	2.4378269E-012
7.321	2.2286741E-012
7.322	2.0270558E-012
7.323	1.8365268E-012
7.324	1.6672441E-012
7.325	1.5186734E-012
7.326	1.3907070E-012
7.327	1.2829799E-012
7.328	1.1944188E-012
7.329	1.1240289E-012
7.33	1.0708777E-012
7.331	1.0333563E-012
7.332	1.0101867E-012
7.333	1.0000001E-012
7.334	1.0000001E-012
7.335	1.0000001E-012
7.336	1.0000001E-012
7.337	1.0000001E-012
7.338	1.0000001E-012
7.339	1.0000001E-012
7.34	1.0000001E-012
7.341	1.0000001E-012
7.342	1.0000001E-012
7.343	1.0000001E-012
7.344	1.0000001E-012
7.345	1.0000001E-012
7.346	1.0000001E-012
7.347	1.0000001E-012
7.348	1.0000001E-012
7.349	1.0000001E-012
7.35	1.0000001E-012
7.351	1.0000001E-012
7.352	1.0000001E-012
7.353	1.0000001E-012
7.354	1.0000001E-012
7.355	1.0000001E-012
7.356	1.0000001E-012
7.357	1.0000001E-012
7.358	1.0000001E-012
7.359	1.0000001E-012
7.36	1.0000001E-012
7.361	1.0000001E-012
7.362	1.0000001E-012
7.363	1.0000001E-012
7.364	1.0000001E-012
7.365	1.0000001E-012
7.366	1.0000001E-012
7.367	1.0000001E-012
7.368	1.0000001E-012
7.369	1.0000001E-012
7.37	1.0000001E-012
7.371	1.0000001E-012
7.372	1.0000001E-012
7.373	1.0000001E-012
7.374	1.0000001E-012
7.375	1.0000001E-012
7.376	1.0000001E-012
7.377	1.0000001E-012
7.378	1.0000001E-012
7.379	1.0000001E-012
7.38	1.0000001E-012
7.381	1.0000001E-012
7.382	1.0000001E-012
7.383	1.0000001E-012
7.384	1.0000001E-012
7.385	1.0000001E-012
7.386	1.0000001E-012
7.387	1.0000001E-012
7.388	1.0000001E-012
7.389	1.0000001E-012
7.39	1.0000001E-012
7.391	1.0000001E-012
7.392	1.0000001E-012
7.393	1.0000001E-012
7.394	1.0000001E-012
7.395	1.0000001E-012
7.396	1.0000001E-012
7.397	1.0000001E-012
7.398	1.0000001E-012
7.399	1.0000001E-012
7.4	1.0000001E-012
