theta_deg	R
0.001	9.9985784E-001
0.002	9.9979514E-001
0.003	9.9970502E-001
0.004	9.9957883E-001
0.005	9.9940819E-001
0.006	9.9918365E-001
0.007	9.9889851E-001
0.008	9.9854845E-001
0.009	9.9813408E-001
0.01	9.9766010E-001
0.011	9.9713677E-001
0.012	9.9657857E-001
0.013	9.9600226E-001
0.014	9.9542516E-001
0.015	9.9486291E-001
0.016	9.9432731E-001
0.017	9.9382496E-001
0.018	9.9335790E-001
0.019	9.9292350E-001
0.02	9.9251586E-001
0.021	9.9212807E-001
0.022	9.9175239E-001
0.023	9.9138337E-001
0.024	9.9101663E-001
0.025	9.9064940E-001
0.026	9.9028099E-001
0.027	9.8991120E-001
0.028	9.8954010E-001
0.029	9.8916829E-001
0.03	9.8879570E-001
0.031	9.8842198E-001
0.032	9.8804706E-001
0.033	9.8766989E-001
0.034	9.8729014E-001
0.035	9.8690760E-001
0.036	9.8652256E-001
0.037	9.8613548E-001
0.038	9.8574716E-001
0.039	9.8535830E-001
0.04	9.8497039E-001
0.041	9.8458415E-001
0.042	9.8420024E-001
0.043	9.8381883E-001
0.044	9.8343951E-001
0.045	9.8306185E-001
0.046	9.8268491E-001
0.047	9.8230743E-001
0.048	9.8192883E-001
0.049	9.8154819E-001
0.05	9.8116475E-001
0.051	9.8077834E-001
0.052	9.8038846E-001
0.053	9.7999591E-001
0.054	9.7960097E-001
0.055	9.7920448E-001
0.056	9.7880703E-001
0.057	9.7841001E-001
0.058	9.7801346E-001
0.059	9.7761774E-001
0.06	9.7722268E-001
0.061	9.7682792E-001
0.062	9.7643238E-001
0.063	9.7603482E-001
0.064	9.7563452E-001
0.065	9.7523099E-001
0.066	9.7482395E-001
0.067	9.7441310E-001
0.068	9.7399944E-001
0.069	9.7358322E-001
0.07	9.7316539E-001
0.071	9.7274637E-001
0.072	9.7232687E-001
0.073	9.7190744E-001
0.074	9.7148764E-001
0.075	9.7106797E-001
0.076	9.7064799E-001
0.077	9.7022748E-001
0.078	9.6980619E-001
0.079	9.6938372E-001
0.08	9.6895915E-001
0.081	9.6853226E-001
0.082	9.6810228E-001
0.083	9.6766824E-001
0.084	9.6722984E-001
0.085	9.6678603E-001
0.086	9.6633744E-001
0.087	9.6588326E-001
0.088	9.6542412E-001
0.089	9.6496093E-001
0.09	9.6449429E-001
0.091	9.6402520E-001
0.092	9.6355426E-001
0.093	9.6308231E-001
0.094	9.6261054E-001
0.095	9.6213901E-001
0.096	9.6166831E-001
0.097	9.6119869E-001
0.098	9.6073037E-001
0.099	9.6026260E-001
0.1	9.5979542E-001
0.101	9.5932800E-001
0.102	9.5886028E-001
0.103	9.5839089E-001
0.104	9.5791918E-001
0.105	9.5744431E-001
0.106	9.5696491E-001
0.107	9.5648026E-001
0.108	9.5599002E-001
0.109	9.5549327E-001
0.11	9.5499003E-001
0.111	9.5448059E-001
0.112	9.5396519E-001
0.113	9.5344400E-001
0.114	9.5291752E-001
0.115	9.5238620E-001
0.116	9.5185006E-001
0.117	9.5130885E-001
0.118	9.5076257E-001
0.119	9.5020992E-001
0.12	9.4965005E-001
0.121	9.4908077E-001
0.122	9.4849968E-001
0.123	9.4790268E-001
0.124	9.4728452E-001
0.125	9.4663829E-001
0.126	9.4595563E-001
0.127	9.4522679E-001
0.128	9.4444239E-001
0.129	9.4359446E-001
0.13	9.4267821E-001
0.131	9.4169444E-001
0.132	9.4065142E-001
0.133	9.3956578E-001
0.134	9.3846184E-001
0.135	9.3736929E-001
0.136	9.3632102E-001
0.137	9.3534774E-001
0.138	9.3447399E-001
0.139	9.3371493E-001
0.14	9.3307447E-001
0.141	9.3254554E-001
0.142	9.3211097E-001
0.143	9.3174809E-001
0.144	9.3143129E-001
0.145	9.3113625E-001
0.146	9.3084180E-001
0.147	9.3053263E-001
0.148	9.3019801E-001
0.149	9.2983305E-001
0.15	9.2943603E-001
0.151	9.2900848E-001
0.152	9.2855299E-001
0.153	9.2807180E-001
0.154	9.2756695E-001
0.155	9.2703944E-001
0.156	9.2648870E-001
0.157	9.2591268E-001
0.158	9.2530847E-001
0.159	9.2467272E-001
0.16	9.2400140E-001
0.161	9.2329198E-001
0.162	9.2254210E-001
0.163	9.2175150E-001
0.164	9.2092079E-001
0.165	9.2005265E-001
0.166	9.1915089E-001
0.167	9.1821951E-001
0.168	9.1726345E-001
0.169	9.1628623E-001
0.17	9.1529155E-001
0.171	9.1428161E-001
0.172	9.1325831E-001
0.173	9.1222256E-001
0.174	9.1117519E-001
0.175	9.1011703E-001
0.176	9.0904886E-001
0.177	9.0797251E-001
0.178	9.0688914E-001
0.179	9.0580034E-001
0.18	9.0470636E-001
0.181	9.0360796E-001
0.182	9.0250367E-001
0.183	9.0139163E-001
0.184	9.0026921E-001
0.185	8.9913255E-001
0.186	8.9797837E-001
0.187	8.9680326E-001
0.188	8.9560443E-001
0.189	8.9437985E-001
0.19	8.9312744E-001
0.191	8.9184582E-001
0.192	8.9053309E-001
0.193	8.8918668E-001
0.194	8.8780224E-001
0.195	8.8637304E-001
0.196	8.8488895E-001
0.197	8.8333547E-001
0.198	8.8169324E-001
0.199	8.7993771E-001
0.2	8.7804085E-001
0.201	8.7597197E-001
0.202	8.7370360E-001
0.203	8.7121427E-001
0.204	8.6849815E-001
0.205	8.6556923E-001
0.206	8.6246812E-001
0.207	8.5926312E-001
0.208	8.5604799E-001
0.209	8.5293418E-001
0.21	8.5003752E-001
0.211	8.4746271E-001
0.212	8.4528816E-001
0.213	8.4355485E-001
0.214	8.4225869E-001
0.215	8.4135306E-001
0.216	8.4075814E-001
0.217	8.4037149E-001
0.218	8.4008521E-001
0.219	8.3979881E-001
0.22	8.3943057E-001
0.221	8.3892119E-001
0.222	8.3823574E-001
0.223	8.3736140E-001
0.224	8.3630073E-001
0.225	8.3506668E-001
0.226	8.3367801E-001
0.227	8.3215398E-001
0.228	8.3051294E-001
0.229	8.2876992E-001
0.23	8.2693732E-001
0.231	8.2502425E-001
0.232	8.2303703E-001
0.233	8.2098019E-001
0.234	8.1885588E-001
0.235	8.1666619E-001
0.236	8.1441092E-001
0.237	8.1208968E-001
0.238	8.0970109E-001
0.239	8.0724365E-001
0.24	8.0471492E-001
0.241	8.0211270E-001
0.242	7.9943436E-001
0.243	7.9667765E-001
0.244	7.9383987E-001
0.245	7.9091841E-001
0.246	7.8791082E-001
0.247	7.8481489E-001
0.248	7.8162754E-001
0.249	7.7834630E-001
0.25	7.7496797E-001
0.251	7.7148825E-001
0.252	7.6790285E-001
0.253	7.6420617E-001
0.254	7.6039195E-001
0.255	7.5645286E-001
0.256	7.5238132E-001
0.257	7.4816889E-001
0.258	7.4380732E-001
0.259	7.3928803E-001
0.26	7.3460293E-001
0.261	7.2974402E-001
0.262	7.2470349E-001
0.263	7.1947432E-001
0.264	7.1404874E-001
0.265	7.0841914E-001
0.266	7.0257676E-001
0.267	6.9651294E-001
0.268	6.9021547E-001
0.269	6.8367237E-001
0.27	6.7686909E-001
0.271	6.6978991E-001
0.272	6.6241837E-001
0.273	6.5473777E-001
0.274	6.4673197E-001
0.275	6.3838702E-001
0.276	6.2969089E-001
0.277	6.2063468E-001
0.278	6.1121416E-001
0.279	6.0142839E-001
0.28	5.9128028E-001
0.281	5.8077675E-001
0.282	5.6992692E-001
0.283	5.5874282E-001
0.284	5.4723883E-001
0.285	5.3543168E-001
0.286	5.2334172E-001
0.287	5.1099300E-001
0.288	4.9841401E-001
0.289	4.8563924E-001
0.29	4.7270796E-001
0.291	4.5966485E-001
0.292	4.4655865E-001
0.293	4.3344125E-001
0.294	4.2036635E-001
0.295	4.0738782E-001
0.296	3.9455888E-001
0.297	3.8192976E-001
0.298	3.6954677E-001
0.299	3.5745054E-001
0.3	3.4567481E-001
0.301	3.3424515E-001
0.302	3.2317874E-001
0.303	3.1248483E-001
0.304	3.0216551E-001
0.305	2.9221752E-001
0.306	2.8263453E-001
0.307	2.7340898E-001
0.308	2.6453355E-001
0.309	2.5600228E-001
0.31	2.4781033E-001
0.311	2.3995379E-001
0.312	2.3242816E-001
0.313	2.2522718E-001
0.314	2.1834166E-001
0.315	2.1175912E-001
0.316	2.0546339E-001
0.317	1.9943526E-001
0.318	1.9365367E-001
0.319	1.8809704E-001
0.32	1.8274507E-001
0.321	1.7757982E-001
0.322	1.7258742E-001
0.323	1.6775841E-001
0.324	1.6308801E-001
0.325	1.5857612E-001
0.326	1.5422601E-001
0.327	1.5004346E-001
0.328	1.4603510E-001
0.329	1.4220686E-001
0.33	1.3856255E-001
0.331	1.3510242E-001
0.332	1.3182224E-001
0.333	1.2871297E-001
0.334	1.2576090E-001
0.335	1.2294788E-001
0.336	1.2025283E-001
0.337	1.1765263E-001
0.338	1.1512409E-001
0.339	1.1264526E-001
0.34	1.1019720E-001
0.341	1.0776526E-001
0.342	1.0533997E-001
0.343	1.0291781E-001
0.344	1.0050134E-001
0.345	9.8098561E-002
0.346	9.5722429E-002
0.347	9.3389489E-002
0.348	9.1118447E-002
0.349	8.8928327E-002
0.35	8.6836852E-002
0.351	8.4859006E-002
0.352	8.3005279E-002
0.353	8.1280962E-002
0.354	7.9685450E-002
0.355	7.8212142E-002
0.356	7.6848738E-002
0.357	7.5578012E-002
0.358	7.4379057E-002
0.359	7.3228486E-002
0.36	7.2102100E-002
0.361	7.0976511E-002
0.362	6.9830723E-002
0.363	6.8647511E-002
0.364	6.7414552E-002
0.365	6.6125251E-002
0.366	6.4779043E-002
0.367	6.3381374E-002
0.368	6.1943054E-002
0.369	6.0479518E-002
0.37	5.9009440E-002
0.371	5.7553537E-002
0.372	5.6133009E-002
0.373	5.4768343E-002
0.374	5.3477991E-002
0.375	5.2277405E-002
0.376	5.1178165E-002
0.377	5.0187368E-002
0.378	4.9307264E-002
0.379	4.8535082E-002
0.38	4.7863089E-002
0.381	4.7279011E-002
0.382	4.6766650E-002
0.383	4.6306774E-002
0.384	4.5878194E-002
0.385	4.5459013E-002
0.386	4.5027826E-002
0.387	4.4565085E-002
0.388	4.4054069E-002
0.389	4.3481860E-002
0.39	4.2840060E-002
0.391	4.2125128E-002
0.392	4.1338481E-002
0.393	4.0486395E-002
0.394	3.9579492E-002
0.395	3.8632147E-002
0.396	3.7661608E-002
0.397	3.6687043E-002
0.398	3.5728518E-002
0.399	3.4805905E-002
0.4	3.3937801E-002
0.401	3.3140689E-002
0.402	3.2428004E-002
0.403	3.1809404E-002
0.404	3.1290438E-002
0.405	3.0872151E-002
0.406	3.0551031E-002
0.407	3.0319236E-002
0.408	3.0164946E-002
0.409	3.0073011E-002
0.41	3.0025680E-002
0.411	3.0003523E-002
0.412	2.9986424E-002
0.413	2.9954517E-002
0.414	2.9889220E-002
0.415	2.9774047E-002
0.416	2.9595448E-002
0.417	2.9343352E-002
0.418	2.9011639E-002
0.419	2.8598351E-002
0.42	2.8105777E-002
0.421	2.7540233E-002
0.422	2.6911797E-002
0.423	2.6233708E-002
0.424	2.5521720E-002
0.425	2.4793364E-002
0.426	2.4067048E-002
0.427	2.3361223E-002
0.428	2.2693558E-002
0.429	2.2080094E-002
0.43	2.1534579E-002
0.431	2.1067852E-002
0.432	2.0687405E-002
0.433	2.0397060E-002
0.434	2.0196786E-002
0.435	2.0082798E-002
0.436	2.0047689E-002
0.437	2.0080801E-002
0.438	2.0168742E-002
0.439	2.0296017E-002
0.44	2.0445669E-002
0.441	2.0600112E-002
0.442	2.0741865E-002
0.443	2.0854311E-002
0.444	2.0922421E-002
0.445	2.0933341E-002
0.446	2.0876976E-002
0.447	2.0746335E-002
0.448	2.0537825E-002
0.449	2.0251365E-002
0.45	1.9890329E-002
0.451	1.9461365E-002
0.452	1.8974090E-002
0.453	1.8440615E-002
0.454	1.7875027E-002
0.455	1.7292758E-002
0.456	1.6709931E-002
0.457	1.6142664E-002
0.458	1.5606418E-002
0.459	1.5115377E-002
0.46	1.4681860E-002
0.461	1.4315881E-002
0.462	1.4024745E-002
0.463	1.3812778E-002
0.464	1.3681195E-002
0.465	1.3628087E-002
0.466	1.3648477E-002
0.467	1.3734600E-002
0.468	1.3876183E-002
0.469	1.4060899E-002
0.47	1.4274864E-002
0.471	1.4503214E-002
0.472	1.4730705E-002
0.473	1.4942333E-002
0.474	1.5123927E-002
0.475	1.5262730E-002
0.476	1.5347839E-002
0.477	1.5370681E-002
0.478	1.5325259E-002
0.479	1.5208396E-002
0.48	1.5019798E-002
0.481	1.4762041E-002
0.482	1.4440429E-002
0.483	1.4062768E-002
0.484	1.3639010E-002
0.485	1.3180871E-002
0.486	1.2701337E-002
0.487	1.2214163E-002
0.488	1.1733326E-002
0.489	1.1272507E-002
0.49	1.0844568E-002
0.491	1.0461094E-002
0.492	1.0131959E-002
0.493	9.8650055E-003
0.494	9.6657611E-003
0.495	9.5372759E-003
0.496	9.4800089E-003
0.497	9.4918646E-003
0.498	9.5682554E-003
0.499	9.7023081E-003
0.5	9.8851416E-003
0.501	1.0106206E-002
0.502	1.0353676E-002
0.503	1.0614925E-002
0.504	1.0876964E-002
0.505	1.1126935E-002
0.506	1.1352564E-002
0.507	1.1542577E-002
0.508	1.1687106E-002
0.509	1.1778010E-002
0.51	1.1809147E-002
0.511	1.1776591E-002
0.512	1.1678743E-002
0.513	1.1516401E-002
0.514	1.1292689E-002
0.515	1.1012959E-002
0.516	1.0684579E-002
0.517	1.0316632E-002
0.518	9.9196099E-003
0.519	9.5050139E-003
0.52	9.0849018E-003
0.521	8.6715110E-003
0.522	8.2767671E-003
0.523	7.9119215E-003
0.524	7.5871279E-003
0.525	7.3111104E-003
0.526	7.0908908E-003
0.527	6.9315350E-003
0.528	6.8360078E-003
0.529	6.8050763E-003
0.53	6.8373033E-003
0.531	6.9290986E-003
0.532	7.0748609E-003
0.533	7.2671855E-003
0.534	7.4971248E-003
0.535	7.7545168E-003
0.536	8.0283405E-003
0.537	8.3071087E-003
0.538	8.5792672E-003
0.539	8.8335834E-003
0.54	9.0595391E-003
0.541	9.2476700E-003
0.542	9.3898838E-003
0.543	9.4797071E-003
0.544	9.5124980E-003
0.545	9.4855791E-003
0.546	9.3983226E-003
0.547	9.2521347E-003
0.548	9.0504102E-003
0.549	8.7984083E-003
0.55	8.5030608E-003
0.551	8.1727477E-003
0.552	7.8169992E-003
0.553	7.4461796E-003
0.554	7.0711491E-003
0.555	6.7028836E-003
0.556	6.3521140E-003
0.557	6.0289623E-003
0.558	5.7426151E-003
0.559	5.5010184E-003
0.56	5.3106304E-003
0.561	5.1762238E-003
0.562	5.1007499E-003
0.563	5.0852536E-003
0.564	5.1288600E-003
0.565	5.2288049E-003
0.566	5.3805211E-003
0.567	5.5777906E-003
0.568	5.8129211E-003
0.569	6.0770009E-003
0.57	6.3601704E-003
0.571	6.6519477E-003
0.572	6.9415900E-003
0.573	7.2184503E-003
0.574	7.4723554E-003
0.575	7.6939557E-003
0.576	7.8750374E-003
0.577	8.0087939E-003
0.578	8.0900136E-003
0.579	8.1152273E-003
0.58	8.0827763E-003
0.581	7.9928162E-003
0.582	7.8472951E-003
0.583	7.6498818E-003
0.584	7.4058450E-003
0.585	7.1219304E-003
0.586	6.8061799E-003
0.587	6.4677140E-003
0.588	6.1164577E-003
0.589	5.7628299E-003
0.59	5.4173982E-003
0.591	5.0904956E-003
0.592	4.7918553E-003
0.593	4.5302832E-003
0.594	4.3133432E-003
0.595	4.1471370E-003
0.596	4.0361313E-003
0.597	3.9830501E-003
0.598	3.9888229E-003
0.599	4.0525743E-003
0.6	4.1716690E-003
0.601	4.3417802E-003
0.602	4.5570261E-003
0.603	4.8101167E-003
0.604	5.0925841E-003
0.605	5.3950348E-003
0.606	5.7074539E-003
0.607	6.0195327E-003
0.608	6.3210060E-003
0.609	6.6019897E-003
0.61	6.8532866E-003
0.611	7.0666629E-003
0.612	7.2350930E-003
0.613	7.3529314E-003
0.614	7.4160965E-003
0.615	7.4221403E-003
0.616	7.3703527E-003
0.617	7.2617605E-003
0.618	7.0991213E-003
0.619	6.8868524E-003
0.62	6.6309096E-003
0.621	6.3386187E-003
0.622	6.0184509E-003
0.623	5.6797829E-003
0.624	5.3325891E-003
0.625	4.9871472E-003
0.626	4.6537197E-003
0.627	4.3422314E-003
0.628	4.0619820E-003
0.629	3.8213483E-003
0.63	3.6275412E-003
0.631	3.4863900E-003
0.632	3.4021579E-003
0.633	3.3774250E-003
0.634	3.4129999E-003
0.635	3.5078980E-003
0.636	3.6593648E-003
0.637	3.8629554E-003
0.638	4.1126595E-003
0.639	4.4010840E-003
0.64	4.7196476E-003
0.641	5.0588492E-003
0.642	5.4085250E-003
0.643	5.7581663E-003
0.644	6.0972171E-003
0.645	6.4153858E-003
0.646	6.7029828E-003
0.647	6.9511896E-003
0.648	7.1523492E-003
0.649	7.3001860E-003
0.65	7.3900162E-003
0.651	7.4188663E-003
0.652	7.3855822E-003
0.653	7.2908504E-003
0.654	7.1371784E-003
0.655	6.9288369E-003
0.656	6.6717262E-003
0.657	6.3732266E-003
0.658	6.0419957E-003
0.659	5.6877313E-003
0.66	5.3209015E-003
0.661	4.9524535E-003
0.662	4.5934920E-003
0.663	4.2549670E-003
0.664	3.9473418E-003
0.665	3.6802848E-003
0.666	3.4623754E-003
0.667	3.3008424E-003
0.668	3.2013408E-003
0.669	3.1677638E-003
0.67	3.2021168E-003
0.671	3.3044345E-003
0.672	3.4727557E-003
0.673	3.7031537E-003
0.674	3.9898404E-003
0.675	4.3253126E-003
0.676	4.7005573E-003
0.677	5.1053213E-003
0.678	5.5284011E-003
0.679	5.9579774E-003
0.68	6.3819732E-003
0.681	6.7884023E-003
0.682	7.1657351E-003
0.683	7.5032213E-003
0.684	7.7912170E-003
0.685	8.0214469E-003
0.686	8.1872614E-003
0.687	8.2838014E-003
0.688	8.3081573E-003
0.689	8.2594585E-003
0.69	8.1389016E-003
0.691	7.9497667E-003
0.692	7.6973229E-003
0.693	7.3887426E-003
0.694	7.0329090E-003
0.695	6.6402201E-003
0.696	6.2223086E-003
0.697	5.7917275E-003
0.698	5.3616180E-003
0.699	4.9453187E-003
0.7	4.5560063E-003
0.701	4.2063049E-003
0.702	3.9079222E-003
0.703	3.6713111E-003
0.704	3.5053559E-003
0.705	3.4170996E-003
0.706	3.4115054E-003
0.707	3.4912906E-003
0.708	3.6567871E-003
0.709	3.9058970E-003
0.71	4.2340965E-003
0.711	4.6345270E-003
0.712	5.0981496E-003
0.713	5.6139771E-003
0.714	6.1693746E-003
0.715	6.7503918E-003
0.716	7.3421588E-003
0.717	7.9293028E-003
0.718	8.4963832E-003
0.719	9.0283146E-003
0.72	9.5108049E-003
0.721	9.9307699E-003
0.722	1.0276680E-002
0.723	1.0538950E-002
0.724	1.0710174E-002
0.725	1.0785426E-002
0.726	1.0762392E-002
0.727	1.0641526E-002
0.728	1.0426071E-002
0.729	1.0122055E-002
0.73	9.7381836E-003
0.731	9.2856651E-003
0.732	8.7779649E-003
0.733	8.2305092E-003
0.734	7.6602888E-003
0.735	7.0854481E-003
0.736	6.5248129E-003
0.737	5.9973821E-003
0.738	5.5218074E-003
0.739	5.1158504E-003
0.74	4.7958614E-003
0.741	4.5762556E-003
0.742	4.4690478E-003
0.743	4.4834255E-003
0.744	4.6254098E-003
0.745	4.8975903E-003
0.746	5.2989628E-003
0.747	5.8248714E-003
0.748	6.4670583E-003
0.749	7.2138151E-003
0.75	8.0502499E-003
0.751	8.9586275E-003
0.752	9.9188183E-003
0.753	1.0908794E-002
0.754	1.1905178E-002
0.755	1.2883874E-002
0.756	1.3820647E-002
0.757	1.4691803E-002
0.758	1.5474817E-002
0.759	1.6148986E-002
0.76	1.6696038E-002
0.761	1.7100774E-002
0.762	1.7351540E-002
0.763	1.7440757E-002
0.764	1.7365279E-002
0.765	1.7126679E-002
0.766	1.6731424E-002
0.767	1.6190907E-002
0.768	1.5521357E-002
0.769	1.4743630E-002
0.77	1.3882833E-002
0.771	1.2967836E-002
0.772	1.2030629E-002
0.773	1.1105596E-002
0.774	1.0228602E-002
0.775	9.4361054E-003
0.776	8.7640835E-003
0.777	8.2470132E-003
0.778	7.9168016E-003
0.779	7.8017334E-003
0.78	7.9255169E-003
0.781	8.3063766E-003
0.782	8.9563103E-003
0.783	9.8804468E-003
0.784	1.1076648E-002
0.785	1.2535246E-002
0.786	1.4239033E-002
0.787	1.6163457E-002
0.788	1.8276988E-002
0.789	2.0541782E-002
0.79	2.2914412E-002
0.791	2.5346886E-002
0.792	2.7787676E-002
0.793	3.0182986E-002
0.794	3.2478012E-002
0.795	3.4618374E-002
0.796	3.6551464E-002
0.797	3.8227987E-002
0.798	3.9603449E-002
0.799	4.0639661E-002
0.8	4.1306328E-002
0.801	4.1582543E-002
0.802	4.1458365E-002
0.803	4.0936179E-002
0.804	4.0032092E-002
0.805	3.8777135E-002
0.806	3.7218105E-002
0.807	3.5418335E-002
0.808	3.3457868E-002
0.809	3.1433411E-002
0.81	2.9457534E-002
0.811	2.7657552E-002
0.812	2.6173636E-002
0.813	2.5156332E-002
0.814	2.4763267E-002
0.815	2.5155278E-002
0.816	2.6491718E-002
0.817	2.8925292E-002
0.818	3.2596435E-002
0.819	3.7627541E-002
0.82	4.4117283E-002
0.821	5.2135386E-002
0.822	6.1718307E-002
0.823	7.2865784E-002
0.824	8.5539073E-002
0.825	9.9660590E-002
0.826	1.1511539E-001
0.827	1.3175434E-001
0.828	1.4939888E-001
0.829	1.6784690E-001
0.83	1.8687993E-001
0.831	2.0627061E-001
0.832	2.2578970E-001
0.833	2.4521357E-001
0.834	2.6432979E-001
0.835	2.8294289E-001
0.836	3.0087757E-001
0.837	3.1798124E-001
0.838	3.3412600E-001
0.839	3.4920862E-001
0.84	3.6314958E-001
0.841	3.7589270E-001
0.842	3.8740268E-001
0.843	3.9766318E-001
0.844	4.0667433E-001
0.845	4.1445014E-001
0.846	4.2101598E-001
0.847	4.2640579E-001
0.848	4.3066016E-001
0.849	4.3382365E-001
0.85	4.3594316E-001
0.851	4.3706658E-001
0.852	4.3724114E-001
0.853	4.3651268E-001
0.854	4.3492526E-001
0.855	4.3252030E-001
0.856	4.2933705E-001
0.857	4.2541125E-001
0.858	4.2077664E-001
0.859	4.1546378E-001
0.86	4.0950105E-001
0.861	4.0291458E-001
0.862	3.9572838E-001
0.863	3.8796481E-001
0.864	3.7964547E-001
0.865	3.7079069E-001
0.866	3.6142063E-001
0.867	3.5155538E-001
0.868	3.4121525E-001
0.869	3.3042169E-001
0.87	3.1919730E-001
0.871	3.0756658E-001
0.872	2.9555693E-001
0.873	2.8319865E-001
0.874	2.7052686E-001
0.875	2.5758082E-001
0.876	2.4440549E-001
0.877	2.3105113E-001
0.878	2.1757342E-001
0.879	2.0403346E-001
0.88	1.9049712E-001
0.881	1.7703442E-001
0.882	1.6371912E-001
0.883	1.5062752E-001
0.884	1.3783792E-001
0.885	1.2542920E-001
0.886	1.1347952E-001
0.887	1.0206493E-001
0.888	9.1257408E-002
0.889	8.1123196E-002
0.89	7.1720473E-002
0.891	6.3097797E-002
0.892	5.5292081E-002
0.893	4.8327543E-002
0.894	4.2214639E-002
0.895	3.6949620E-002
0.896	3.2514781E-002
0.897	2.8878957E-002
0.898	2.5998646E-002
0.899	2.3819298E-002
0.9	2.2277094E-002
0.901	2.1300854E-002
0.902	2.0814048E-002
0.903	2.0736981E-002
0.904	2.0988883E-002
0.905	2.1489931E-002
0.906	2.2163136E-002
0.907	2.2936013E-002
0.908	2.3741975E-002
0.909	2.4521498E-002
0.91	2.5222924E-002
0.911	2.5803074E-002
0.912	2.6227474E-002
0.913	2.6470399E-002
0.914	2.6514655E-002
0.915	2.6351182E-002
0.916	2.5978500E-002
0.917	2.5401996E-002
0.918	2.4633197E-002
0.919	2.3688903E-002
0.92	2.2590261E-002
0.921	2.1361971E-002
0.922	2.0031225E-002
0.923	1.8626941E-002
0.924	1.7178759E-002
0.925	1.5716258E-002
0.926	1.4268150E-002
0.927	1.2861560E-002
0.928	1.1521382E-002
0.929	1.0269768E-002
0.93	9.1256667E-003
0.931	8.1045106E-003
0.932	7.2179968E-003
0.933	6.4739813E-003
0.934	5.8764573E-003
0.935	5.4256576E-003
0.936	5.1182290E-003
0.937	4.9474942E-003
0.938	4.9037859E-003
0.939	4.9748290E-003
0.94	5.1461947E-003
0.941	5.4017603E-003
0.942	5.7242238E-003
0.943	6.0956022E-003
0.944	6.4977314E-003
0.945	6.9127600E-003
0.946	7.3235859E-003
0.947	7.7142674E-003
0.948	8.0703618E-003
0.949	8.3792200E-003
0.95	8.6302171E-003
0.951	8.8149076E-003
0.952	8.9271367E-003
0.953	8.9630969E-003
0.954	8.9213122E-003
0.955	8.8025741E-003
0.956	8.6098285E-003
0.957	8.3479881E-003
0.958	8.0237221E-003
0.959	7.6451697E-003
0.96	7.2216475E-003
0.961	6.7633297E-003
0.962	6.2809014E-003
0.963	5.7852659E-003
0.964	5.2872314E-003
0.965	4.7972538E-003
0.966	4.3251994E-003
0.967	3.8801453E-003
0.968	3.4701957E-003
0.969	3.1023344E-003
0.97	2.7822980E-003
0.971	2.5144606E-003
0.972	2.3017621E-003
0.973	2.1456666E-003
0.974	2.0461539E-003
0.975	2.0017596E-003
0.976	2.0096537E-003
0.977	2.0657638E-003
0.978	2.1649238E-003
0.979	2.3010597E-003
0.98	2.4673843E-003
0.981	2.6566077E-003
0.982	2.8611517E-003
0.983	3.0733608E-003
0.984	3.2857002E-003
0.985	3.4909504E-003
0.986	3.6823777E-003
0.987	3.8538880E-003
0.988	4.0001608E-003
0.989	4.1167545E-003
0.99	4.2001931E-003
0.991	4.2480137E-003
0.992	4.2588026E-003
0.993	4.2321864E-003
0.994	4.1688113E-003
0.995	4.0702848E-003
0.996	3.9391122E-003
0.997	3.7785955E-003
0.998	3.5927340E-003
0.999	3.3860921E-003
1	3.1636732E-003
1.001	2.9307692E-003
1.002	2.6928096E-003
1.003	2.4552199E-003
1.004	2.2232640E-003
1.005	2.0019154E-003
1.006	1.7957294E-003
1.007	1.6087383E-003
1.008	1.4443656E-003
1.009	1.3053548E-003
1.01	1.1937241E-003
1.011	1.1107350E-003
1.012	1.0568833E-003
1.013	1.0319062E-003
1.014	1.0348128E-003
1.015	1.0639264E-003
1.016	1.1169505E-003
1.017	1.1910405E-003
1.018	1.2828971E-003
1.019	1.3888605E-003
1.02	1.5050188E-003
1.021	1.6273143E-003
1.022	1.7516556E-003
1.023	1.8740250E-003
1.024	1.9905819E-003
1.025	2.0977624E-003
1.026	2.1923594E-003
1.027	2.2716022E-003
1.028	2.3332136E-003
1.029	2.3754539E-003
1.03	2.3971535E-003
1.031	2.3977237E-003
1.032	2.3771483E-003
1.033	2.3359770E-003
1.034	2.2752853E-003
1.035	2.1966351E-003
1.036	2.1020188E-003
1.037	1.9937993E-003
1.038	1.8746349E-003
1.039	1.7474137E-003
1.04	1.6151646E-003
1.041	1.4809835E-003
1.042	1.3479493E-003
1.043	1.2190455E-003
1.044	1.0970837E-003
1.045	9.8463637E-004
1.046	8.8397256E-004
1.047	7.9700729E-004
1.048	7.2525884E-004
1.049	6.6981738E-004
1.05	6.3132832E-004
1.051	6.0998322E-004
1.052	6.0552679E-004
1.053	6.1727536E-004
1.054	6.4414245E-004
1.055	6.8468129E-004
1.056	7.3712942E-004
1.057	7.9946488E-004
1.058	8.6946547E-004
1.059	9.4477355E-004
1.06	1.0229589E-003
1.061	1.1015846E-003
1.062	1.1782693E-003
1.063	1.2507453E-003
1.064	1.3169127E-003
1.065	1.3748865E-003
1.066	1.4230413E-003
1.067	1.4600417E-003
1.068	1.4848706E-003
1.069	1.4968473E-003
1.07	1.4956378E-003
1.071	1.4812555E-003
1.072	1.4540560E-003
1.073	1.4147204E-003
1.074	1.3642355E-003
1.075	1.3038615E-003
1.076	1.2350992E-003
1.077	1.1596421E-003
1.078	1.0793353E-003
1.079	9.9611969E-004
1.08	9.1197871E-004
1.081	8.2888425E-004
1.082	7.4874260E-004
1.083	6.7334250E-004
1.084	6.0431164E-004
1.085	5.4307521E-004
1.086	4.9082434E-004
1.087	4.4849166E-004
1.088	4.1673455E-004
1.089	3.9592551E-004
1.09	3.8615029E-004
1.091	3.8721270E-004
1.092	3.9864556E-004
1.093	4.1972811E-004
1.094	4.4950980E-004
1.095	4.8683817E-004
1.096	5.3039251E-004
1.097	5.7872076E-004
1.098	6.3027837E-004
1.099	6.8347115E-004
1.1	7.3669566E-004
1.101	7.8838051E-004
1.102	8.3702797E-004
1.103	8.8124780E-004
1.104	9.1979495E-004
1.105	9.5159636E-004
1.106	9.7577646E-004
1.107	9.9167740E-004
1.108	9.9886954E-004
1.109	9.9716161E-004
1.11	9.8659704E-004
1.111	9.6745242E-004
1.112	9.4022264E-004
1.113	9.0560643E-004
1.114	8.6448214E-004
1.115	8.1788359E-004
1.116	7.6696865E-004
1.117	7.1298698E-004
1.118	6.5724557E-004
1.119	6.0107309E-004
1.12	5.4578617E-004
1.121	4.9265509E-004
1.122	4.4287293E-004
1.123	3.9752552E-004
1.124	3.5756791E-004
1.125	3.2380092E-004
1.126	2.9685412E-004
1.127	2.7717231E-004
1.128	2.6500621E-004
1.129	2.6040932E-004
1.13	2.6323978E-004
1.131	2.7316640E-004
1.132	2.8968087E-004
1.133	3.1211445E-004
1.134	3.3965829E-004
1.135	3.7138705E-004
1.136	4.0628621E-004
1.137	4.4327899E-004
1.138	4.8125611E-004
1.139	5.1910378E-004
1.14	5.5573339E-004
1.141	5.9010682E-004
1.142	6.2126230E-004
1.143	6.4833806E-004
1.144	6.7059213E-004
1.145	6.8741932E-004
1.146	6.9836620E-004
1.147	7.0314005E-004
1.148	7.0161559E-004
1.149	6.9383526E-004
1.15	6.8000483E-004
1.151	6.6048698E-004
1.152	6.3578470E-004
1.153	6.0652796E-004
1.154	5.7345163E-004
1.155	5.3737505E-004
1.156	4.9917930E-004
1.157	4.5978357E-004
1.158	4.2012360E-004
1.159	3.8112825E-004
1.16	3.4369735E-004
1.161	3.0868154E-004
1.162	2.7685973E-004
1.163	2.4892128E-004
1.164	2.2544814E-004
1.165	2.0689964E-004
1.166	1.9360174E-004
1.167	1.8573922E-004
1.168	1.8335253E-004
1.169	1.8633860E-004
1.17	1.9445620E-004
1.171	2.0733470E-004
1.172	2.2448671E-004
1.173	2.4532265E-004
1.174	2.6916893E-004
1.175	2.9528630E-004
1.176	3.2289082E-004
1.177	3.5117383E-004
1.178	3.7932416E-004
1.179	4.0654739E-004
1.18	4.3208632E-004
1.181	4.5523906E-004
1.182	4.7537568E-004
1.183	4.9195345E-004
1.184	5.0452939E-004
1.185	5.1276968E-004
1.186	5.1645719E-004
1.187	5.1549659E-004
1.188	5.0991331E-004
1.189	4.9985235E-004
1.19	4.8557177E-004
1.191	4.6743485E-004
1.192	4.4589810E-004
1.193	4.2149879E-004
1.194	3.9483982E-004
1.195	3.6657389E-004
1.196	3.3738653E-004
1.197	3.0797903E-004
1.198	2.7905000E-004
1.199	2.5127808E-004
1.2	2.2530420E-004
1.201	2.0171533E-004
1.202	1.8103003E-004
1.203	1.6368533E-004
1.204	1.5002702E-004
1.205	1.4030200E-004
1.206	1.3465370E-004
1.207	1.3311984E-004
1.208	1.3563305E-004
1.209	1.4202394E-004
1.21	1.5202629E-004
1.211	1.6528514E-004
1.212	1.8136670E-004
1.213	1.9977055E-004
1.214	2.1994338E-004
1.215	2.4129443E-004
1.216	2.6321100E-004
1.217	2.8507516E-004
1.218	3.0627981E-004
1.219	3.2624323E-004
1.22	3.4442457E-004
1.221	3.6033572E-004
1.222	3.7355363E-004
1.223	3.8372923E-004
1.224	3.9059584E-004
1.225	3.9397448E-004
1.226	3.9377745E-004
1.227	3.9000952E-004
1.228	3.8276697E-004
1.229	3.7223380E-004
1.23	3.5867651E-004
1.231	3.4243628E-004
1.232	3.2391958E-004
1.233	3.0358689E-004
1.234	2.8194045E-004
1.235	2.5951065E-004
1.236	2.3684255E-004
1.237	2.1448066E-004
1.238	1.9295570E-004
1.239	1.7277092E-004
1.24	1.5438916E-004
1.241	1.3822195E-004
1.242	1.2461969E-004
1.243	1.1386320E-004
1.244	1.0615776E-004
1.245	1.0162881E-004
1.246	1.0031975E-004
1.247	1.0219188E-004
1.248	1.0712616E-004
1.249	1.1492750E-004
1.25	1.2533042E-004
1.251	1.3800660E-004
1.252	1.5257414E-004
1.253	1.6860760E-004
1.254	1.8564957E-004
1.255	2.0322230E-004
1.256	2.2084023E-004
1.257	2.3802214E-004
1.258	2.5430357E-004
1.259	2.6924815E-004
1.26	2.8245876E-004
1.261	2.9358655E-004
1.262	3.0234011E-004
1.263	3.0849178E-004
1.264	3.1188290E-004
1.265	3.1242694E-004
1.266	3.1011098E-004
1.267	3.0499476E-004
1.268	2.9720907E-004
1.269	2.8695105E-004
1.27	2.7447843E-004
1.271	2.6010285E-004
1.272	2.4418114E-004
1.273	2.2710586E-004
1.274	2.0929528E-004
1.275	1.9118260E-004
1.276	1.7320510E-004
1.277	1.5579292E-004
1.278	1.3935854E-004
1.279	1.2428645E-004
1.28	1.1092337E-004
1.281	9.9569785E-005
1.282	9.0472407E-005
1.283	8.3818166E-005
1.284	7.9729914E-005
1.285	7.8263714E-005
1.286	7.9408208E-005
1.287	8.3085564E-005
1.288	8.9154433E-005
1.289	9.7414188E-005
1.29	1.0761098E-004
1.291	1.1944470E-004
1.292	1.3257703E-004
1.293	1.4664061E-004
1.294	1.6124823E-004
1.295	1.7600282E-004
1.296	1.9050775E-004
1.297	2.0437599E-004
1.298	2.1724042E-004
1.299	2.2876244E-004
1.3	2.3864047E-004
1.301	2.4661733E-004
1.302	2.5248612E-004
1.303	2.5609563E-004
1.304	2.5735307E-004
1.305	2.5622637E-004
1.306	2.5274462E-004
1.307	2.4699635E-004
1.308	2.3912724E-004
1.309	2.2933570E-004
1.31	2.1786748E-004
1.311	2.0500932E-004
1.312	1.9108060E-004
1.313	1.7642586E-004
1.314	1.6140493E-004
1.315	1.4638406E-004
1.316	1.3172663E-004
1.317	1.1778396E-004
1.318	1.0488665E-004
1.319	9.3336632E-005
1.32	8.3399762E-005
1.321	7.5299598E-005
1.322	6.9212081E-005
1.323	6.5261294E-005
1.324	6.3516680E-005
1.325	6.3991574E-005
1.326	6.6643079E-005
1.327	7.1373513E-005
1.328	7.8033423E-005
1.329	8.6425622E-005
1.33	9.6310745E-005
1.331	1.0741366E-004
1.332	1.1943079E-004
1.333	1.3203804E-004
1.334	1.4489914E-004
1.335	1.5767387E-004
1.336	1.7002685E-004
1.337	1.8163536E-004
1.338	1.9219749E-004
1.339	2.0143934E-004
1.34	2.0912170E-004
1.341	2.1504583E-004
1.342	2.1905889E-004
1.343	2.2105718E-004
1.344	2.2098921E-004
1.345	2.1885693E-004
1.346	2.1471521E-004
1.347	2.0867020E-004
1.348	2.0087631E-004
1.349	1.9153113E-004
1.35	1.8087005E-004
1.351	1.6915960E-004
1.352	1.5669028E-004
1.353	1.4376895E-004
1.354	1.3071144E-004
1.355	1.1783503E-004
1.356	1.0545088E-004
1.357	9.3857030E-005
1.358	8.3330902E-005
1.359	7.4123149E-005
1.36	6.6450943E-005
1.361	6.0492548E-005
1.362	5.6382647E-005
1.363	5.4208642E-005
1.364	5.4008560E-005
1.365	5.5769935E-005
1.366	5.9430513E-005
1.367	6.4880027E-005
1.368	7.1963499E-005
1.369	8.0485370E-005
1.37	9.0215093E-005
1.371	1.0089300E-004
1.372	1.1223722E-004
1.373	1.2395081E-004
1.374	1.3572934E-004
1.375	1.4726832E-004
1.376	1.5827097E-004
1.377	1.6845524E-004
1.378	1.7756087E-004
1.379	1.8535586E-004
1.38	1.9164190E-004
1.381	1.9625953E-004
1.382	1.9909174E-004
1.383	2.0006679E-004
1.384	1.9916010E-004
1.385	1.9639410E-004
1.386	1.9183788E-004
1.387	1.8560479E-004
1.388	1.7784984E-004
1.389	1.6876523E-004
1.39	1.5857612E-004
1.391	1.4753462E-004
1.392	1.3591419E-004
1.393	1.2400243E-004
1.394	1.1209407E-004
1.395	1.0048353E-004
1.396	8.9457433E-005
1.397	7.9287158E-005
1.398	7.0221897E-005
1.399	6.2482388E-005
1.4	5.6255540E-005
1.401	5.1689964E-005
1.402	4.8892540E-005
1.403	4.7926089E-005
1.404	4.8808059E-005
1.405	5.1510266E-005
1.406	5.5959696E-005
1.407	6.2040242E-005
1.408	6.9595590E-005
1.409	7.8432888E-005
1.41	8.8327470E-005
1.411	9.9028417E-005
1.412	1.1026463E-004
1.413	1.2175168E-004
1.414	1.3319898E-004
1.415	1.4431703E-004
1.416	1.5482496E-004
1.417	1.6445736E-004
1.418	1.7297119E-004
1.419	1.8015179E-004
1.42	1.8581813E-004
1.421	1.8982727E-004
1.422	1.9207773E-004
1.423	1.9251221E-004
1.424	1.9111852E-004
1.425	1.8793033E-004
1.426	1.8302602E-004
1.427	1.7652716E-004
1.428	1.6859520E-004
1.429	1.5942797E-004
1.43	1.4925429E-004
1.431	1.3832904E-004
1.432	1.2692614E-004
1.433	1.1533205E-004
1.434	1.0383848E-004
1.435	9.2735092E-005
1.436	8.2302446E-005
1.437	7.2804753E-005
1.438	6.4483545E-005
1.439	5.7551595E-005
1.44	5.2187603E-005
1.441	4.8531732E-005
1.442	4.6682006E-005
1.443	4.6691799E-005
1.444	4.8568210E-005
1.445	5.2271829E-005
1.446	5.7717418E-005
1.447	6.4775893E-005
1.448	7.3277501E-005
1.449	8.3015948E-005
1.45	9.3753515E-005
1.451	1.0522707E-004
1.452	1.1715455E-004
1.453	1.2924206E-004
1.454	1.4119108E-004
1.455	1.5270560E-004
1.456	1.6349991E-004
1.457	1.7330516E-004
1.458	1.8187634E-004
1.459	1.8899846E-004
1.46	1.9449199E-004
1.461	1.9821766E-004
1.462	2.0007984E-004
1.463	2.0002942E-004
1.464	1.9806508E-004
1.465	1.9423345E-004
1.466	1.8862818E-004
1.467	1.8138786E-004
1.468	1.7269293E-004
1.469	1.6276137E-004
1.47	1.5184347E-004
1.471	1.4021591E-004
1.472	1.2817490E-004
1.473	1.1602885E-004
1.474	1.0409083E-004
1.475	9.2670722E-005
1.476	8.2067527E-005
1.477	7.2561998E-005
1.478	6.4409731E-005
1.479	5.7834735E-005
1.48	5.3023887E-005
1.481	5.0121980E-005
1.482	4.9227951E-005
1.483	5.0391955E-005
1.484	5.3613690E-005
1.485	5.8842001E-005
1.486	6.5975495E-005
1.487	7.4864714E-005
1.488	8.5315332E-005
1.489	9.7092561E-005
1.49	1.0992674E-004
1.491	1.2351963E-004
1.492	1.3755163E-004
1.493	1.5168986E-004
1.494	1.6559592E-004
1.495	1.7893477E-004
1.496	1.9138273E-004
1.497	2.0263559E-004
1.498	2.1241643E-004
1.499	2.2048219E-004
1.5	2.2663036E-004
1.501	2.3070407E-004
1.502	2.3259639E-004
1.503	2.3225395E-004
1.504	2.2967842E-004
1.505	2.2492795E-004
1.506	2.1811607E-004
1.507	2.0940951E-004
1.508	1.9902526E-004
1.509	1.8722532E-004
1.51	1.7431070E-004
1.511	1.6061481E-004
1.512	1.4649499E-004
1.513	1.3232449E-004
1.514	1.1848337E-004
1.515	1.0534949E-004
1.516	9.3289396E-005
1.517	8.2649240E-005
1.518	7.3746218E-005
1.519	6.6860310E-005
1.52	6.2226922E-005
1.521	6.0030336E-005
1.522	6.0398204E-005
1.523	6.3397441E-005
1.524	6.9031528E-005
1.525	7.7239310E-005
1.526	8.7895241E-005
1.527	1.0081173E-004
1.528	1.1574232E-004
1.529	1.3238699E-004
1.53	1.5039854E-004
1.531	1.6939048E-004
1.532	1.8894569E-004
1.533	2.0862621E-004
1.534	2.2798359E-004
1.535	2.4656949E-004
1.536	2.6394657E-004
1.537	2.7969948E-004
1.538	2.9344496E-004
1.539	3.0484202E-004
1.54	3.1360172E-004
1.541	3.1949522E-004
1.542	3.2236124E-004
1.543	3.2211220E-004
1.544	3.1873785E-004
1.545	3.1230802E-004
1.546	3.0297315E-004
1.547	2.9096118E-004
1.548	2.7657484E-004
1.549	2.6018449E-004
1.55	2.4222099E-004
1.551	2.2316599E-004
1.552	2.0354174E-004
1.553	1.8389949E-004
1.554	1.6480821E-004
1.555	1.4684175E-004
1.556	1.3056639E-004
1.557	1.1652808E-004
1.558	1.0523922E-004
1.559	9.7165946E-005
1.56	9.2715112E-005
1.561	9.2223134E-005
1.562	9.5944793E-005
1.563	1.0404451E-004
1.564	1.1658933E-004
1.565	1.3354413E-004
1.566	1.5476892E-004
1.567	1.8001864E-004
1.568	2.0894545E-004
1.569	2.4110252E-004
1.57	2.7595088E-004
1.571	3.1286816E-004
1.572	3.5115931E-004
1.573	3.9006997E-004
1.574	4.2880289E-004
1.575	4.6653525E-004
1.576	5.0243863E-004
1.577	5.3569948E-004
1.578	5.6554214E-004
1.579	5.9124775E-004
1.58	6.1217771E-004
1.581	6.2779023E-004
1.582	6.3765893E-004
1.583	6.4148777E-004
1.584	6.3912396E-004
1.585	6.3056900E-004
1.586	6.1598548E-004
1.587	5.9570331E-004
1.588	5.7022239E-004
1.589	5.4021180E-004
1.59	5.0650857E-004
1.591	4.7011103E-004
1.592	4.3217189E-004
1.593	3.9398667E-004
1.594	3.5698016E-004
1.595	3.2268866E-004
1.596	2.9274041E-004
1.597	2.6883109E-004
1.598	2.5269840E-004
1.599	2.4609338E-004
1.6	2.5075150E-004
1.601	2.6836173E-004
1.602	3.0053672E-004
1.603	3.4878287E-004
1.604	4.1447120E-004
1.605	4.9881032E-004
1.606	6.0282031E-004
1.607	7.2730897E-004
1.608	8.7285123E-004
1.609	1.0397704E-003
1.61	1.2281227E-003
1.611	1.4376872E-003
1.612	1.6679573E-003
1.613	1.9181386E-003
1.614	2.1871482E-003
1.615	2.4736235E-003
1.616	2.7759301E-003
1.617	3.0921798E-003
1.618	3.4202468E-003
1.619	3.7577969E-003
1.62	4.1023092E-003
1.621	4.4511184E-003
1.622	4.8014368E-003
1.623	5.1503973E-003
1.624	5.4950803E-003
1.625	5.8325562E-003
1.626	6.1599123E-003
1.627	6.4742872E-003
1.628	6.7728986E-003
1.629	7.0530828E-003
1.63	7.3123178E-003
1.631	7.5482680E-003
1.632	7.7587981E-003
1.633	7.9420218E-003
1.634	8.0963103E-003
1.635	8.2203085E-003
1.636	8.3129797E-003
1.637	8.3735911E-003
1.638	8.4017161E-003
1.639	8.3972681E-003
1.64	8.3604502E-003
1.641	8.2917903E-003
1.642	8.1921043E-003
1.643	8.0624968E-003
1.644	7.9043247E-003
1.645	7.7192085E-003
1.646	7.5089731E-003
1.647	7.2756526E-003
1.648	7.0214500E-003
1.649	6.7487168E-003
1.65	6.4599272E-003
1.651	6.1576427E-003
1.652	5.8444929E-003
1.653	5.5231275E-003
1.654	5.1961904E-003
1.655	4.8662843E-003
1.656	4.5359288E-003
1.657	4.2075333E-003
1.658	3.8833716E-003
1.659	3.5655610E-003
1.66	3.2560457E-003
1.661	2.9565911E-003
1.662	2.6687742E-003
1.663	2.3939863E-003
1.664	2.1334253E-003
1.665	1.8880980E-003
1.666	1.6588088E-003
1.667	1.4461617E-003
1.668	1.2505546E-003
1.669	1.0721795E-003
1.67	9.1102521E-004
1.671	7.6688366E-004
1.672	6.3936459E-004
1.673	5.2790955E-004
1.674	4.3181266E-004
1.675	3.5024260E-004
1.676	2.8226437E-004
1.677	2.2686188E-004
1.678	1.8295931E-004
1.679	1.4944127E-004
1.68	1.2517106E-004
1.681	1.0900795E-004
1.682	9.9822944E-005
1.683	9.6513329E-005
1.684	9.8016164E-005
1.685	1.0332029E-004
1.686	1.1147703E-004
1.687	1.2160910E-004
1.688	1.3291808E-004
1.689	1.4469016E-004
1.69	1.5629959E-004
1.691	1.6721117E-004
1.692	1.7698038E-004
1.693	1.8525223E-004
1.694	1.9175877E-004
1.695	1.9631487E-004
1.696	1.9881311E-004
1.697	1.9921761E-004
1.698	1.9755715E-004
1.699	1.9391735E-004
1.7	1.8843269E-004
1.701	1.8127848E-004
1.702	1.7266208E-004
1.703	1.6281480E-004
1.704	1.5198380E-004
1.705	1.4042454E-004
1.706	1.2839309E-004
1.707	1.1614055E-004
1.708	1.0390637E-004
1.709	9.1914044E-005
1.71	8.0366677E-005
1.711	6.9443820E-005
1.712	5.9298953E-005
1.713	5.0057683E-005
1.714	4.1816860E-005
1.715	3.4644196E-005
1.716	2.8578748E-005
1.717	2.3631863E-005
1.718	1.9788813E-005
1.719	1.7010978E-005
1.72	1.5238371E-005
1.721	1.4392654E-005
1.722	1.4380314E-005
1.723	1.5096021E-005
1.724	1.6426031E-005
1.725	1.8251569E-005
1.726	2.0452037E-005
1.727	2.2908018E-005
1.728	2.5504074E-005
1.729	2.8131146E-005
1.73	3.0688687E-005
1.731	3.3086391E-005
1.732	3.5245623E-005
1.733	3.7100410E-005
1.734	3.8598118E-005
1.735	3.9699753E-005
1.736	4.0379920E-005
1.737	4.0626466E-005
1.738	4.0439856E-005
1.739	3.9832197E-005
1.74	3.8826081E-005
1.741	3.7453345E-005
1.742	3.5753648E-005
1.743	3.3772900E-005
1.744	3.1561805E-005
1.745	2.9174269E-005
1.746	2.6665899E-005
1.747	2.4092507E-005
1.748	2.1508658E-005
1.749	1.8966370E-005
1.75	1.6513897E-005
1.751	1.4194642E-005
1.752	1.2046347E-005
1.753	1.0100360E-005
1.754	8.3812338E-006
1.755	6.9064768E-006
1.756	5.6865333E-006
1.757	4.7249541E-006
1.758	4.0187560E-006
1.759	3.5589030E-006
1.76	3.3309364E-006
1.761	3.3156985E-006
1.762	3.4901179E-006
1.763	3.8280559E-006
1.764	4.3011610E-006
1.765	4.8797388E-006
1.766	5.5335800E-006
1.767	6.2327636E-006
1.768	6.9483949E-006
1.769	7.6532660E-006
1.77	8.3224386E-006
1.771	8.9337327E-006
1.772	9.4681091E-006
1.773	9.9099743E-006
1.774	1.0247339E-005
1.775	1.0471910E-005
1.776	1.0579076E-005
1.777	1.0567792E-005
1.778	1.0440365E-005
1.779	1.0202197E-005
1.78	9.8614346E-006
1.781	9.4285824E-006
1.782	8.9160903E-006
1.783	8.3378918E-006
1.784	7.7089562E-006
1.785	7.0448195E-006
1.786	6.3611415E-006
1.787	5.6732629E-006
1.788	4.9958139E-006
1.789	4.3423520E-006
1.79	3.7250475E-006
1.791	3.1544396E-006
1.792	2.6392465E-006
1.793	2.1862420E-006
1.794	1.8001933E-006
1.795	1.4838554E-006
1.796	1.2380206E-006
1.797	1.0616187E-006
1.798	9.5185499E-007
1.799	9.0438704E-007
1.8	9.1353564E-007
1.801	9.7251950E-007
1.802	1.0737039E-006
1.803	1.2088639E-006
1.804	1.3694431E-006
1.805	1.5468153E-006
1.806	1.7325229E-006
1.807	1.9185063E-006
1.808	2.0973016E-006
1.809	2.2622130E-006
1.81	2.4074568E-006
1.811	2.5282595E-006
1.812	2.6209345E-006
1.813	2.6829143E-006
1.814	2.7127528E-006
1.815	2.7100916E-006
1.816	2.6756013E-006
1.817	2.6108928E-006
1.818	2.5184124E-006
1.819	2.4013102E-006
1.82	2.2633101E-006
1.821	2.1085584E-006
1.822	1.9414783E-006
1.823	1.7666199E-006
1.824	1.5885219E-006
1.825	1.4115724E-006
1.826	1.2398893E-006
1.827	1.0772116E-006
1.828	9.2680773E-007
1.829	7.9140250E-007
1.83	6.7312538E-007
1.831	5.7347859E-007
1.832	4.9332562E-007
1.833	4.3290069E-007
1.834	3.9183581E-007
1.835	3.6920599E-007
1.836	3.6358969E-007
1.837	3.7314024E-007
1.838	3.9566837E-007
1.839	4.2873043E-007
1.84	4.6971971E-007
1.841	5.1595759E-007
1.842	5.6478211E-007
1.843	6.1363062E-007
1.844	6.6011387E-007
1.845	7.0208165E-007
1.846	7.3767666E-007
1.847	7.6537822E-007
1.848	7.8403212E-007
1.849	7.9287042E-007
1.85	7.9151744E-007
1.851	7.7998442E-007
1.852	7.5865188E-007
1.853	7.2824207E-007
1.854	6.8978102E-007
1.855	6.4455133E-007
1.856	5.9404033E-007
1.857	5.3988140E-007
1.858	4.8379502E-007
1.859	4.2752791E-007
1.86	3.7279386E-007
1.861	3.2121937E-007
1.862	2.7429382E-007
1.863	2.3332512E-007
1.864	1.9940406E-007
1.865	1.7337656E-007
1.866	1.5582361E-007
1.867	1.4705158E-007
1.868	1.4709020E-007
1.869	1.5569927E-007
1.87	1.7238413E-007
1.871	1.9641780E-007
1.872	2.2687057E-007
1.873	2.6264385E-007
1.874	3.0250939E-007
1.875	3.4515119E-007
1.876	3.8920771E-007
1.877	4.3331593E-007
1.878	4.7615256E-007
1.879	5.1647339E-007
1.88	5.5314854E-007
1.881	5.8519328E-007
1.882	6.1179298E-007
1.883	6.3232312E-007
1.884	6.4636123E-007
1.885	6.5369488E-007
1.886	6.5431942E-007
1.887	6.4843448E-007
1.888	6.3643034E-007
1.889	6.1887118E-007
1.89	5.9647300E-007
1.891	5.7007890E-007
1.892	5.4062963E-007
1.893	5.0913422E-007
1.894	4.7663806E-007
1.895	4.4419249E-007
1.896	4.1282385E-007
1.897	3.8350592E-007
1.898	3.5713276E-007
1.899	3.3449766E-007
1.9	3.1627260E-007
1.901	3.0299503E-007
1.902	2.9505671E-007
1.903	2.9269893E-007
1.904	2.9601145E-007
1.905	3.0493678E-007
1.906	3.1927743E-007
1.907	3.3870802E-007
1.908	3.6278990E-007
1.909	3.9098808E-007
1.91	4.2269104E-007
1.911	4.5723021E-007
1.912	4.9390115E-007
1.913	5.3198448E-007
1.914	5.7076568E-007
1.915	6.0955432E-007
1.916	6.4770035E-007
1.917	6.8460986E-007
1.918	7.1975643E-007
1.919	7.5269185E-007
1.92	7.8305135E-007
1.921	8.1055782E-007
1.922	8.3502232E-007
1.923	8.5634127E-007
1.924	8.7449240E-007
1.925	8.8952743E-007
1.926	9.0156334E-007
1.927	9.1077175E-007
1.928	9.1736979E-007
1.929	9.2160667E-007
1.93	9.2375461E-007
1.931	9.2409635E-007
1.932	9.2291714E-007
1.933	9.2049532E-007
1.934	9.1709563E-007
1.935	9.1296369E-007
1.936	9.0832390E-007
1.937	9.0337562E-007
1.938	8.9829535E-007
1.939	8.9323817E-007
1.94	8.8834082E-007
1.941	8.8372519E-007
1.942	8.7950531E-007
1.943	8.7579053E-007
1.944	8.7269240E-007
1.945	8.7032896E-007
1.946	8.6882949E-007
1.947	8.6833728E-007
1.948	8.6901264E-007
1.949	8.7103336E-007
1.95	8.7459364E-007
1.951	8.7990185E-007
1.952	8.8717701E-007
1.953	8.9664132E-007
1.954	9.0851393E-007
1.955	9.2300291E-007
1.956	9.4029400E-007
1.957	9.6054123E-007
1.958	9.8385681E-007
1.959	1.0102993E-006
1.96	1.0398658E-006
1.961	1.0724824E-006
1.962	1.1079981E-006
1.963	1.1461788E-006
1.964	1.1867050E-006
1.965	1.2291727E-006
1.966	1.2730940E-006
1.967	1.3179049E-006
1.968	1.3629710E-006
1.969	1.4075998E-006
1.97	1.4510548E-006
1.971	1.4925691E-006
1.972	1.5313673E-006
1.973	1.5666819E-006
1.974	1.5977791E-006
1.975	1.6239782E-006
1.976	1.6446758E-006
1.977	1.6593696E-006
1.978	1.6676789E-006
1.979	1.6693622E-006
1.98	1.6643349E-006
1.981	1.6526797E-006
1.982	1.6346542E-006
1.983	1.6106927E-006
1.984	1.5814061E-006
1.985	1.5475709E-006
1.986	1.5101184E-006
1.987	1.4701194E-006
1.988	1.4287591E-006
1.989	1.3873165E-006
1.99	1.3471328E-006
1.991	1.3095773E-006
1.992	1.2760183E-006
1.993	1.2477833E-006
1.994	1.2261197E-006
1.995	1.2121642E-006
1.996	1.2069033E-006
1.997	1.2111420E-006
1.998	1.2254761E-006
1.999	1.2502660E-006
2	1.2856201E-006
2.001	1.3313803E-006
2.002	1.3871190E-006
2.003	1.4521361E-006
2.004	1.5254699E-006
2.005	1.6059129E-006
2.006	1.6920310E-006
2.007	1.7821973E-006
2.008	1.8746263E-006
2.009	1.9674126E-006
2.01	2.0585821E-006
2.011	2.1461369E-006
2.012	2.2281108E-006
2.013	2.3026178E-006
2.014	2.3679088E-006
2.015	2.4224119E-006
2.016	2.4647863E-006
2.017	2.4939575E-006
2.018	2.5091517E-006
2.019	2.5099264E-006
2.02	2.4961887E-006
2.021	2.4682029E-006
2.022	2.4266074E-006
2.023	2.3723956E-006
2.024	2.3069122E-006
2.025	2.2318225E-006
2.026	2.1490841E-006
2.027	2.0609018E-006
2.028	1.9696811E-006
2.029	1.8779648E-006
2.03	1.7883784E-006
2.031	1.7035578E-006
2.032	1.6260834E-006
2.033	1.5584124E-006
2.034	1.5028137E-006
2.035	1.4613036E-006
2.036	1.4355927E-006
2.037	1.4270327E-006
2.038	1.4365743E-006
2.039	1.4647352E-006
2.04	1.5115744E-006
2.041	1.5766799E-006
2.042	1.6591664E-006
2.043	1.7576868E-006
2.044	1.8704550E-006
2.045	1.9952802E-006
2.046	2.1296155E-006
2.047	2.2706154E-006
2.048	2.4152014E-006
2.049	2.5601423E-006
2.05	2.7021267E-006
2.051	2.8378554E-006
2.052	2.9641210E-006
2.053	3.0778956E-006
2.054	3.1764080E-006
2.055	3.2572186E-006
2.056	3.3182907E-006
2.057	3.3580466E-006
2.058	3.3754145E-006
2.059	3.3698598E-006
2.06	3.3414226E-006
2.061	3.2907135E-006
2.062	3.2189168E-006
2.063	3.1277705E-006
2.064	3.0195333E-006
2.065	2.8969389E-006
2.066	2.7631349E-006
2.067	2.6216094E-006
2.068	2.4761111E-006
2.069	2.3305568E-006
2.07	2.1889316E-006
2.071	2.0551959E-006
2.072	1.9331769E-006
2.073	1.8264782E-006
2.074	1.7383804E-006
2.075	1.6717543E-006
2.076	1.6289827E-006
2.077	1.6118896E-006
2.078	1.6216859E-006
2.079	1.6589247E-006
2.08	1.7234786E-006
2.081	1.8145258E-006
2.082	1.9305646E-006
2.083	2.0694356E-006
2.084	2.2283702E-006
2.085	2.4040471E-006
2.086	2.5926731E-006
2.087	2.7900730E-006
2.088	2.9917826E-006
2.089	3.1931693E-006
2.09	3.3895360E-006
2.091	3.5762441E-006
2.092	3.7488312E-006
2.093	3.9031174E-006
2.094	4.0353175E-006
2.095	4.1421436E-006
2.096	4.2208835E-006
2.097	4.2694860E-006
2.098	4.2866145E-006
2.099	4.2716965E-006
2.1	4.2249526E-006
2.101	4.1474009E-006
2.102	4.0408499E-006
2.103	3.9078682E-006
2.104	3.7517250E-006
2.105	3.5763346E-006
2.106	3.3861504E-006
2.107	3.1860675E-006
2.108	2.9813043E-006
2.109	2.7772717E-006
2.11	2.5794429E-006
2.111	2.3932087E-006
2.112	2.2237521E-006
2.113	2.0759082E-006
2.114	1.9540441E-006
2.115	1.8619407E-006
2.116	1.8026908E-006
2.117	1.7786141E-006
2.118	1.7911838E-006
2.119	1.8409773E-006
2.12	1.9276542E-006
2.121	2.0499460E-006
2.122	2.2056749E-006
2.123	2.3917978E-006
2.124	2.6044709E-006
2.125	2.8391264E-006
2.126	3.0905833E-006
2.127	3.3531626E-006
2.128	3.6208276E-006
2.129	3.8873286E-006
2.13	4.1463568E-006
2.131	4.3917116E-006
2.132	4.6174468E-006
2.133	4.8180364E-006
2.134	4.9885061E-006
2.135	5.1245665E-006
2.136	5.2227338E-006
2.137	5.2804144E-006
2.138	5.2959963E-006
2.139	5.2688938E-006
2.14	5.1995876E-006
2.141	5.0896197E-006
2.142	4.9415835E-006
2.143	4.7590684E-006
2.144	4.5465827E-006
2.145	4.3094547E-006
2.146	4.0537011E-006
2.147	3.7858881E-006
2.148	3.5129676E-006
2.149	3.2421033E-006
2.15	2.9804946E-006
2.151	2.7351934E-006
2.152	2.5129261E-006
2.153	2.3199227E-006
2.154	2.1617554E-006
2.155	2.0432005E-006
2.156	1.9681065E-006
2.157	1.9393019E-006
2.158	1.9585125E-006
2.159	2.0263121E-006
2.16	2.1420976E-006
2.161	2.3040930E-006
2.162	2.5093766E-006
2.163	2.7539345E-006
2.164	3.0327437E-006
2.165	3.3398719E-006
2.166	3.6686029E-006
2.167	4.0115888E-006
2.168	4.3610112E-006
2.169	4.7087647E-006
2.17	5.0466542E-006
2.171	5.3666031E-006
2.172	5.6608524E-006
2.173	5.9221784E-006
2.174	6.1440778E-006
2.175	6.3209554E-006
2.176	6.4482715E-006
2.177	6.5226777E-006
2.178	6.5421082E-006
2.179	6.5058493E-006
2.18	6.4145693E-006
2.181	6.2703189E-006
2.182	6.0764892E-006
2.183	5.8377573E-006
2.184	5.5599808E-006
2.185	5.2500659E-006
2.186	4.9158216E-006
2.187	4.5657694E-006
2.188	4.2089455E-006
2.189	3.8546796E-006
2.19	3.5123676E-006
2.191	3.1912407E-006
2.192	2.9001328E-006
2.193	2.6472558E-006
2.194	2.4399903E-006
2.195	2.2846950E-006
2.196	2.1865337E-006
2.197	2.1493311E-006
2.198	2.1754627E-006
2.199	2.2657737E-006
2.2	2.4195349E-006
2.201	2.6344396E-006
2.202	2.9066382E-006
2.203	3.2308137E-006
2.204	3.6002907E-006
2.205	4.0071836E-006
2.206	4.4425833E-006
2.207	4.8967545E-006
2.208	5.3593708E-006
2.209	5.8197670E-006
2.21	6.2671911E-006
2.211	6.6910798E-006
2.212	7.0813117E-006
2.213	7.4284694E-006
2.214	7.7240802E-006
2.215	7.9608226E-006
2.216	8.1327362E-006
2.217	8.2353790E-006
2.218	8.2659399E-006
2.219	8.2233482E-006
2.22	8.1083090E-006
2.221	7.9233278E-006
2.222	7.6726546E-006
2.223	7.3622273E-006
2.224	6.9995408E-006
2.225	6.5935019E-006
2.226	6.1542287E-006
2.227	5.6928243E-006
2.228	5.2211312E-006
2.229	4.7514436E-006
2.23	4.2962147E-006
2.231	3.8677595E-006
2.232	3.4779373E-006
2.233	3.1378656E-006
2.234	2.8576235E-006
2.235	2.6459902E-006
2.236	2.5102167E-006
2.237	2.4558110E-006
2.238	2.4863843E-006
2.239	2.6035250E-006
2.24	2.8067311E-006
2.241	3.0933800E-006
2.242	3.4587615E-006
2.243	3.8961598E-006
2.244	4.3969799E-006
2.245	4.9509372E-006
2.246	5.5462783E-006
2.247	6.1700534E-006
2.248	6.8084178E-006
2.249	7.4469467E-006
2.25	8.0710042E-006
2.251	8.6660712E-006
2.252	9.2181272E-006
2.253	9.7139828E-006
2.254	1.0141621E-005
2.255	1.0490505E-005
2.256	1.0751878E-005
2.257	1.0918976E-005
2.258	1.0987248E-005
2.259	1.0954502E-005
2.26	1.0820998E-005
2.261	1.0589479E-005
2.262	1.0265157E-005
2.263	9.8556175E-006
2.264	9.3706994E-006
2.265	8.8222714E-006
2.266	8.2239958E-006
2.267	7.5910302E-006
2.268	6.9396779E-006
2.269	6.2870208E-006
2.27	5.6505205E-006
2.271	5.0475860E-006
2.272	4.4951680E-006
2.273	4.0093360E-006
2.274	3.6048714E-006
2.275	3.2948969E-006
2.276	3.0905298E-006
2.277	3.0005831E-006
2.278	3.0313097E-006
2.279	3.1862064E-006
2.28	3.4658678E-006
2.281	3.8679136E-006
2.282	4.3869773E-006
2.283	5.0147601E-006
2.284	5.7401699E-006
2.285	6.5495151E-006
2.286	7.4267832E-006
2.287	8.3539835E-006
2.288	9.3115423E-006
2.289	1.0278749E-005
2.29	1.1234232E-005
2.291	1.2156493E-005
2.292	1.3024405E-005
2.293	1.3817739E-005
2.294	1.4517676E-005
2.295	1.5107283E-005
2.296	1.5571963E-005
2.297	1.5899850E-005
2.298	1.6082187E-005
2.299	1.6113583E-005
2.3	1.5992207E-005
2.301	1.5719976E-005
2.302	1.5302556E-005
2.303	1.4749331E-005
2.304	1.4073271E-005
2.305	1.3290728E-005
2.306	1.2421098E-005
2.307	1.1486465E-005
2.308	1.0511108E-005
2.309	9.5210034E-006
2.31	8.5432148E-006
2.311	7.6053125E-006
2.312	6.7346846E-006
2.313	5.9579188E-006
2.314	5.3001368E-006
2.315	4.7843655E-006
2.316	4.4309345E-006
2.317	4.2569341E-006
2.318	4.2756997E-006
2.319	4.4964081E-006
2.32	4.9237069E-006
2.321	5.5574769E-006
2.322	6.3926682E-006
2.323	7.4192758E-006
2.324	8.6224354E-006
2.325	9.9826575E-006
2.326	1.1476183E-005
2.327	1.3075482E-005
2.328	1.4749825E-005
2.329	1.6465985E-005
2.33	1.8188903E-005
2.331	1.9882511E-005
2.332	2.1510468E-005
2.333	2.3036951E-005
2.334	2.4427500E-005
2.335	2.5649762E-005
2.336	2.6674354E-005
2.337	2.7475640E-005
2.338	2.8032518E-005
2.339	2.8329106E-005
2.34	2.8355391E-005
2.341	2.8107697E-005
2.342	2.7589082E-005
2.343	2.6809525E-005
2.344	2.5785936E-005
2.345	2.4542052E-005
2.346	2.3108110E-005
2.347	2.1520358E-005
2.348	1.9820471E-005
2.349	1.8054754E-005
2.35	1.6273259E-005
2.351	1.4528798E-005
2.352	1.2875830E-005
2.353	1.1369310E-005
2.354	1.0063483E-005
2.355	9.0106005E-006
2.356	8.2596944E-006
2.357	7.8552821E-006
2.358	7.8361782E-006
2.359	8.2343167E-006
2.36	9.0736967E-006
2.361	1.0369452E-005
2.362	1.2127078E-005
2.363	1.4341877E-005
2.364	1.6998620E-005
2.365	2.0071451E-005
2.366	2.3524019E-005
2.367	2.7309843E-005
2.368	3.1372936E-005
2.369	3.5648562E-005
2.37	4.0064315E-005
2.371	4.4541266E-005
2.372	4.8995473E-005
2.373	5.3339587E-005
2.374	5.7484671E-005
2.375	6.1342231E-005
2.376	6.4826316E-005
2.377	6.7855683E-005
2.378	7.0355942E-005
2.379	7.2261864E-005
2.38	7.3519266E-005
2.381	7.4087075E-005
2.382	7.3939314E-005
2.383	7.3066607E-005
2.384	7.1477814E-005
2.385	6.9201335E-005
2.386	6.6286106E-005
2.387	6.2802210E-005
2.388	5.8841459E-005
2.389	5.4517255E-005
2.39	4.9964267E-005
2.391	4.5337707E-005
2.392	4.0812127E-005
2.393	3.6579913E-005
2.394	3.2849435E-005
2.395	2.9842695E-005
2.396	2.7792803E-005
2.397	2.6941041E-005
2.398	2.7533615E-005
2.399	2.9818322E-005
2.4	3.4040884E-005
2.401	4.0441202E-005
2.402	4.9249473E-005
2.403	6.0682360E-005
2.404	7.4939016E-005
2.405	9.2197370E-005
2.406	1.1261043E-004
2.407	1.3630281E-004
2.408	1.6336776E-004
2.409	1.9386406E-004
2.41	2.2781397E-004
2.411	2.6520100E-004
2.412	3.0596848E-004
2.413	3.5001826E-004
2.414	3.9721027E-004
2.415	4.4736208E-004
2.416	5.0024962E-004
2.417	5.5560842E-004
2.418	6.1313581E-004
2.419	6.7249278E-004
2.42	7.3330902E-004
2.421	7.9518592E-004
2.422	8.5770182E-004
2.423	9.2041609E-004
2.424	9.8287524E-004
2.425	1.0446144E-003
2.426	1.1051652E-003
2.427	1.1640579E-003
2.428	1.2208248E-003
2.429	1.2750066E-003
2.43	1.3261571E-003
2.431	1.3738453E-003
2.432	1.4176653E-003
2.433	1.4572367E-003
2.434	1.4922124E-003
2.435	1.5222827E-003
2.436	1.5471791E-003
2.437	1.5666760E-003
2.438	1.5805973E-003
2.439	1.5888147E-003
2.44	1.5912529E-003
2.441	1.5878869E-003
2.442	1.5787447E-003
2.443	1.5639083E-003
2.444	1.5435088E-003
2.445	1.5177287E-003
2.446	1.4867987E-003
2.447	1.4509932E-003
2.448	1.4106298E-003
2.449	1.3660612E-003
2.45	1.3176755E-003
2.451	1.2658872E-003
2.452	1.2111347E-003
2.453	1.1538733E-003
2.454	1.0945706E-003
2.455	1.0337009E-003
2.456	9.7174186E-004
2.457	9.0916682E-004
2.458	8.4644207E-004
2.459	7.8402174E-004
2.46	7.2234339E-004
2.461	6.6182303E-004
2.462	6.0285145E-004
2.463	5.4579001E-004
2.464	4.9096596E-004
2.465	4.3867013E-004
2.466	3.8915387E-004
2.467	3.4262741E-004
2.468	2.9925824E-004
2.469	2.5917208E-004
2.47	2.2245257E-004
2.471	1.8914285E-004
2.472	1.5924753E-004
2.473	1.3273470E-004
2.474	1.0953849E-004
2.475	8.9561596E-005
2.476	7.2677765E-005
2.477	5.8734746E-005
2.478	4.7557169E-005
2.479	3.8949525E-005
2.48	3.2699525E-005
2.481	2.8581506E-005
2.482	2.6360090E-005
2.483	2.5793905E-005
2.484	2.6639354E-005
2.485	2.8654194E-005
2.486	3.1601125E-005
2.487	3.5250945E-005
2.488	3.9385519E-005
2.489	4.3800399E-005
2.49	4.8306989E-005
2.491	5.2734442E-005
2.492	5.6931127E-005
2.493	6.0765706E-005
2.494	6.4127868E-005
2.495	6.6928689E-005
2.496	6.9100606E-005
2.497	7.0597038E-005
2.498	7.1391718E-005
2.499	7.1477582E-005
2.5	7.0865695E-005
2.501	6.9583351E-005
2.502	6.7672598E-005
2.503	6.5188207E-005
2.504	6.2195642E-005
2.505	5.8768790E-005
2.506	5.4987919E-005
2.507	5.0937455E-005
2.508	4.6703764E-005
2.509	4.2373271E-005
2.51	3.8030430E-005
2.511	3.3755987E-005
2.512	2.9625526E-005
2.513	2.5708074E-005
2.514	2.2064980E-005
2.515	1.8749033E-005
2.516	1.5803789E-005
2.517	1.3263031E-005
2.518	1.1150542E-005
2.519	9.4799743E-006
2.52	8.2549814E-006
2.521	7.4695008E-006
2.522	7.1082713E-006
2.523	7.1475047E-006
2.524	7.5557459E-006
2.525	8.2948854E-006
2.526	9.3212848E-006
2.527	1.0587016E-005
2.528	1.2041128E-005
2.529	1.3630955E-005
2.53	1.5303382E-005
2.531	1.7006054E-005
2.532	1.8688526E-005
2.533	2.0303274E-005
2.534	2.1806571E-005
2.535	2.3159320E-005
2.536	2.4327643E-005
2.537	2.5283436E-005
2.538	2.6004758E-005
2.539	2.6476069E-005
2.54	2.6688389E-005
2.541	2.6639227E-005
2.542	2.6332456E-005
2.543	2.5777974E-005
2.544	2.4991272E-005
2.545	2.3992841E-005
2.546	2.2807539E-005
2.547	2.1463797E-005
2.548	1.9992889E-005
2.549	1.8428080E-005
2.55	1.6803784E-005
2.551	1.5154863E-005
2.552	1.3515728E-005
2.553	1.1919685E-005
2.554	1.0398185E-005
2.555	8.9801861E-006
2.556	7.6915312E-006
2.557	6.5544459E-006
2.558	5.5870651E-006
2.559	4.8031161E-006
2.56	4.2116908E-006
2.561	3.8171484E-006
2.562	3.6191439E-006
2.563	3.6127740E-006
2.564	3.7888276E-006
2.565	4.1341405E-006
2.566	4.6320206E-006
2.567	5.2627493E-006
2.568	6.0041275E-006
2.569	6.8320628E-006
2.57	7.7211735E-006
2.571	8.6454156E-006
2.572	9.5786836E-006
2.573	1.0495438E-005
2.574	1.1371259E-005
2.575	1.2183398E-005
2.576	1.2911267E-005
2.577	1.3536865E-005
2.578	1.4045142E-005
2.579	1.4424270E-005
2.58	1.4665849E-005
2.581	1.4765005E-005
2.582	1.4720422E-005
2.583	1.4534247E-005
2.584	1.4211983E-005
2.585	1.3762226E-005
2.586	1.3196422E-005
2.587	1.2528483E-005
2.588	1.1774449E-005
2.589	1.0952039E-005
2.59	1.0080226E-005
2.591	9.1787679E-006
2.592	8.2677434E-006
2.593	7.3670817E-006
2.594	6.4960868E-006
2.595	5.6730241E-006
2.596	4.9146752E-006
2.597	4.2359884E-006
2.598	3.6497458E-006
2.599	3.1662987E-006
2.6	2.7933681E-006
2.601	2.5359091E-006
2.602	2.3960461E-006
2.603	2.3730797E-006
2.604	2.4635576E-006
2.605	2.6614105E-006
2.606	2.9581515E-006
2.607	3.3431218E-006
2.608	3.8037861E-006
2.609	4.3260675E-006
2.61	4.8947136E-006
2.611	5.4936709E-006
2.612	6.1064911E-006
2.613	6.7167280E-006
2.614	7.3083320E-006
2.615	7.8660260E-006
2.616	8.3756631E-006
2.617	8.8245361E-006
2.618	9.2016662E-006
2.619	9.4980223E-006
2.62	9.7066941E-006
2.621	9.8230212E-006
2.622	9.8446417E-006
2.623	9.7715119E-006
2.624	9.6058684E-006
2.625	9.3521312E-006
2.626	9.0167659E-006
2.627	8.6081045E-006
2.628	8.1361395E-006
2.629	7.6122287E-006
2.63	7.0488345E-006
2.631	6.4591900E-006
2.632	5.8569617E-006
2.633	5.2559144E-006
2.634	4.6695677E-006
2.635	4.1108719E-006
2.636	3.5919022E-006
2.637	3.1235934E-006
2.638	2.7154931E-006
2.639	2.3755651E-006
2.64	2.1100282E-006
2.641	1.9232364E-006
2.642	1.8175967E-006
2.643	1.7935471E-006
2.644	1.8495598E-006
2.645	1.9822060E-006
2.646	2.1862611E-006
2.647	2.4548538E-006
2.648	2.7796580E-006
2.649	3.1511149E-006
2.65	3.5586911E-006
2.651	3.9911492E-006
2.652	4.4368339E-006
2.653	4.8839570E-006
2.654	5.3208946E-006
2.655	5.7364468E-006
2.656	6.1201131E-006
2.657	6.4623218E-006
2.658	6.7546489E-006
2.659	6.9899979E-006
2.66	7.1627537E-006
2.661	7.2688904E-006
2.662	7.3060510E-006
2.663	7.2735770E-006
2.664	7.1725076E-006
2.665	7.0055348E-006
2.666	6.7769161E-006
2.667	6.4923547E-006
2.668	6.1588503E-006
2.669	5.7845150E-006
2.67	5.3783601E-006
2.671	4.9500682E-006
2.672	4.5097490E-006
2.673	4.0676859E-006
2.674	3.6340787E-006
2.675	3.2188009E-006
2.676	2.8311624E-006
2.677	2.4796861E-006
2.678	2.1719104E-006
2.679	1.9142269E-006
2.68	1.7117297E-006
2.681	1.5681150E-006
2.682	1.4856049E-006
2.683	1.4649148E-006
2.684	1.5052517E-006
2.685	1.6043522E-006
2.686	1.7585580E-006
2.687	1.9629201E-006
2.688	2.2113381E-006
2.689	2.4967239E-006
2.69	2.8111854E-006
2.691	3.1462343E-006
2.692	3.4929940E-006
2.693	3.8424178E-006
2.694	4.1855087E-006
2.695	4.5135303E-006
2.696	4.8182105E-006
2.697	5.0919311E-006
2.698	5.3279064E-006
2.699	5.5203386E-006
2.7	5.6645422E-006
2.701	5.7570619E-006
2.702	5.7957386E-006
2.703	5.7797561E-006
2.704	5.7096481E-006
2.705	5.5872761E-006
2.706	5.4157626E-006
2.707	5.1994075E-006
2.708	4.9435648E-006
2.709	4.6545056E-006
2.71	4.3392397E-006
2.711	4.0053555E-006
2.712	3.6608128E-006
2.713	3.3137558E-006
2.714	2.9723114E-006
2.715	2.6443927E-006
2.716	2.3375119E-006
2.717	2.0585949E-006
2.718	1.8138244E-006
2.719	1.6084921E-006
2.72	1.4468746E-006
2.721	1.3321422E-006
2.722	1.2662888E-006
2.723	1.2500981E-006
2.724	1.2831354E-006
2.725	1.3637735E-006
2.726	1.4892406E-006
2.727	1.6556997E-006
2.728	1.8583519E-006
2.729	2.0915561E-006
2.73	2.3489772E-006
2.731	2.6237437E-006
2.732	2.9086189E-006
2.733	3.1961863E-006
2.734	3.4790323E-006
2.735	3.7499294E-006
2.736	4.0020163E-006
2.737	4.2289621E-006
2.738	4.4251187E-006
2.739	4.5856527E-006
2.74	4.7066574E-006
2.741	4.7852377E-006
2.742	4.8195689E-006
2.743	4.8089355E-006
2.744	4.7537255E-006
2.745	4.6554255E-006
2.746	4.5165534E-006
2.747	4.3406026E-006
2.748	4.1319354E-006
2.749	3.8956759E-006
2.75	3.6375682E-006
2.751	3.3638412E-006
2.752	3.0810488E-006
2.753	2.7959129E-006
2.754	2.5151560E-006
2.755	2.2453457E-006
2.756	1.9927343E-006
2.757	1.7631133E-006
2.758	1.5616725E-006
2.759	1.3928798E-006
2.76	1.2603729E-006
2.761	1.1668756E-006
2.762	1.1141353E-006
2.763	1.1028848E-006
2.764	1.1328322E-006
2.765	1.2026767E-006
2.766	1.3101488E-006
2.767	1.4520749E-006
2.768	1.6244618E-006
2.769	1.8226020E-006
2.77	2.0411940E-006
2.771	2.2744748E-006
2.772	2.5163645E-006
2.773	2.7606195E-006
2.774	3.0009801E-006
2.775	3.2313364E-006
2.776	3.4458717E-006
2.777	3.6392055E-006
2.778	3.8065264E-006
2.779	3.9437055E-006
2.78	4.0473888E-006
2.781	4.1150765E-006
2.782	4.1451740E-006
2.783	4.1370131E-006
2.784	4.0908699E-006
2.785	4.0079462E-006
2.786	3.8903231E-006
2.787	3.7409252E-006
2.788	3.5634246E-006
2.789	3.3621639E-006
2.79	3.1420427E-006
2.791	2.9083949E-006
2.792	2.6668636E-006
2.793	2.4232518E-006
2.794	2.1833800E-006
2.795	1.9529477E-006
2.796	1.7373812E-006
2.797	1.5417071E-006
2.798	1.3704292E-006
2.799	1.2274207E-006
2.8	1.1158324E-006
2.801	1.0380222E-006
2.802	9.9550221E-007
2.803	9.8890644E-007
2.804	1.0179821E-006
2.805	1.0815997E-006
2.806	1.1777855E-006
2.807	1.3037750E-006
2.808	1.4560864E-006
2.809	1.6306091E-006
2.81	1.8227141E-006
2.811	2.0273692E-006
2.812	2.2392701E-006
2.813	2.4529770E-006
2.814	2.6630457E-006
2.815	2.8641689E-006
2.816	3.0512954E-006
2.817	3.2197595E-006
2.818	3.3653798E-006
2.819	3.4845643E-006
2.82	3.5743847E-006
2.821	3.6326451E-006
2.822	3.6579368E-006
2.823	3.6496613E-006
2.824	3.6080514E-006
2.825	3.5341607E-006
2.826	3.4298328E-006
2.827	3.2976561E-006
2.828	3.1408963E-006
2.829	2.9634073E-006
2.83	2.7695305E-006
2.831	2.5639906E-006
2.832	2.3517655E-006
2.833	2.1379678E-006
2.834	1.9277215E-006
2.835	1.7260327E-006
2.836	1.5376729E-006
2.837	1.3670592E-006
2.838	1.2181565E-006
2.839	1.0943756E-006
2.84	9.9849456E-007
2.841	9.3259263E-007
2.842	8.9800250E-007
2.843	8.9527941E-007
2.844	9.2419464E-007
2.845	9.8374289E-007
2.846	1.0721733E-006
2.847	1.1870344E-006
2.848	1.3252375E-006
2.849	1.4831359E-006
2.85	1.6566138E-006
2.851	1.8411894E-006
2.852	2.0321272E-006
2.853	2.2245542E-006
2.854	2.4135827E-006
2.855	2.5944300E-006
2.856	2.7625406E-006
2.857	2.9136934E-006
2.858	3.0441104E-006
2.859	3.1505476E-006
2.86	3.2303692E-006
2.861	3.2816172E-006
2.862	3.3030501E-006
2.863	3.2941707E-006
2.864	3.2552380E-006
2.865	3.1872539E-006
2.866	3.0919280E-006
2.867	2.9716409E-006
2.868	2.8293689E-006
2.869	2.6686166E-006
2.87	2.4933170E-006
2.871	2.3077405E-006
2.872	2.1163864E-006
2.873	1.9238739E-006
2.874	1.7348318E-006
2.875	1.5537859E-006
2.876	1.3850520E-006
2.877	1.2326326E-006
2.878	1.1001175E-006
2.879	9.9060003E-007
2.88	9.0659751E-007
2.881	8.4999334E-007
2.882	8.2198699E-007
2.883	8.2306849E-007
2.884	8.5300576E-007
2.885	9.1085417E-007
2.886	9.9498095E-007
2.887	1.1031101E-006
2.888	1.2323814E-006
2.889	1.3794231E-006
2.89	1.5404422E-006
2.891	1.7113142E-006
2.892	1.8876931E-006
2.893	2.0651144E-006
2.894	2.2391089E-006
2.895	2.4053099E-006
2.896	2.5595621E-006
2.897	2.6980219E-006
2.898	2.8172465E-006
2.899	2.9142814E-006
2.9	2.9867281E-006
2.901	3.0327990E-006
2.902	3.0513595E-006
2.903	3.0419553E-006
2.904	3.0048211E-006
2.905	2.9408718E-006
2.906	2.8516833E-006
2.907	2.7394476E-006
2.908	2.6069210E-006
2.909	2.4573553E-006
2.91	2.2944118E-006
2.911	2.1220744E-006
2.912	1.9445442E-006
2.913	1.7661373E-006
2.914	1.5911753E-006
2.915	1.4238830E-006
2.916	1.2682823E-006
2.917	1.1280937E-006
2.918	1.0066498E-006
2.919	9.0681141E-007
2.92	8.3090117E-007
2.921	7.8064733E-007
2.922	7.5714422E-007
2.923	7.6082875E-007
2.924	7.9147213E-007
2.925	8.4818913E-007
2.926	9.2946078E-007
2.927	1.0331728E-006
2.928	1.1566675E-006
2.929	1.2968081E-006
2.93	1.4500515E-006
2.931	1.6125387E-006
2.932	1.7801842E-006
2.933	1.9487786E-006
2.934	2.1140918E-006
2.935	2.2719826E-006
2.936	2.4184940E-006
2.937	2.5499610E-006
2.938	2.6630985E-006
2.939	2.7550825E-006
2.94	2.8236245E-006
2.941	2.8670238E-006
2.942	2.8842123E-006
2.943	2.8747750E-006
2.944	2.8389604E-006
2.945	2.7776705E-006
2.946	2.6924306E-006
2.947	2.5853483E-006
2.948	2.4590572E-006
2.949	2.3166542E-006
2.95	2.1616163E-006
2.951	1.9977213E-006
2.952	1.8289579E-006
2.953	1.6594324E-006
2.954	1.4932709E-006
2.955	1.3345204E-006
2.956	1.1870510E-006
2.957	1.0544582E-006
2.958	9.3997261E-007
2.959	8.4637600E-007
2.96	7.7593148E-007
2.961	7.3032470E-007
2.962	7.1062232E-007
2.963	7.1724639E-007
2.964	7.4996683E-007
2.965	8.0790983E-007
2.966	8.8958211E-007
2.967	9.9290935E-007
2.968	1.1152921E-006
2.969	1.2536658E-006
2.97	1.4045816E-006
2.971	1.5642872E-006
2.972	1.7288211E-006
2.973	1.8941087E-006
2.974	2.0560594E-006
2.975	2.2106688E-006
2.976	2.3541136E-006
2.977	2.4828435E-006
2.978	2.5936683E-006
2.979	2.6838393E-006
2.98	2.7511082E-006
2.981	2.7937915E-006
2.982	2.8108111E-006
2.983	2.8017193E-006
2.984	2.7667134E-006
2.985	2.7066310E-006
2.986	2.6229307E-006
2.987	2.5176521E-006
2.988	2.3933719E-006
2.989	2.2531335E-006
2.99	2.1003787E-006
2.991	1.9388567E-006
2.992	1.7725375E-006
2.993	1.6055105E-006
2.994	1.4418850E-006
2.995	1.2856885E-006
2.996	1.1407694E-006
2.997	1.0106987E-006
2.998	8.9868638E-007
2.999	8.0749953E-007
3	7.3939736E-007
3.001	6.9607688E-007
3.002	6.7863101E-007
3.003	6.8752320E-007
3.004	7.2257478E-007
3.005	7.8296938E-007
3.006	8.6727107E-007
3.007	9.7345685E-007
3.008	1.0989660E-006
3.009	1.2407586E-006
3.01	1.3953891E-006
3.011	1.5590913E-006
3.012	1.7278680E-006
3.013	1.8975902E-006
3.014	2.0640980E-006
3.015	2.2233019E-006
3.016	2.3712896E-006
3.017	2.5044114E-006
3.018	2.6193816E-006
3.019	2.7133565E-006
3.02	2.7839985E-006
3.021	2.8295444E-006
3.022	2.8488396E-006
3.023	2.8413756E-006
3.024	2.8072977E-006
3.025	2.7474084E-006
3.026	2.6631453E-006
3.027	2.5565480E-006
3.028	2.4302137E-006
3.029	2.2872316E-006
3.03	2.1311123E-006
3.031	1.9657000E-006
3.032	1.7950796E-006
3.033	1.6234768E-006
3.034	1.4551572E-006
3.035	1.2943188E-006
3.036	1.1449882E-006
3.037	1.0109245E-006
3.038	8.9552435E-007
3.039	8.0174010E-007
3.04	7.3200584E-007
3.041	6.8817815E-007
3.042	6.7148989E-007
3.043	6.8251967E-007
3.044	7.2117496E-007
3.045	7.8669416E-007
3.046	8.7766142E-007
3.047	9.9203771E-007
3.048	1.1272074E-006
3.049	1.2800372E-006
3.05	1.4469490E-006
3.051	1.6240032E-006
3.052	1.8069931E-006
3.053	1.9915440E-006
3.054	2.1732199E-006
3.055	2.3476343E-006
3.056	2.5105539E-006
3.057	2.6580078E-006
3.058	2.7863837E-006
3.059	2.8925215E-006
3.06	2.9737898E-006
3.061	3.0281572E-006
3.062	3.0542419E-006
3.063	3.0513486E-006
3.064	3.0194899E-006
3.065	2.9593882E-006
3.066	2.8724539E-006
3.067	2.7607700E-006
3.068	2.6270295E-006
3.069	2.4744822E-006
3.07	2.3068617E-006
3.071	2.1282940E-006
3.072	1.9432089E-006
3.073	1.7562313E-006
3.074	1.5720733E-006
3.075	1.3954198E-006
3.076	1.2308141E-006
3.077	1.0825451E-006
3.078	9.5453970E-007
3.079	8.5026369E-007
3.08	7.7263297E-007
3.081	7.2393772E-007
3.082	7.0578341E-007
3.083	7.1904680E-007
3.084	7.6385015E-007
3.085	8.3955450E-007
3.086	9.4476991E-007
3.087	1.0773845E-006
3.088	1.2346101E-006
3.089	1.4130426E-006
3.09	1.6087411E-006
3.091	1.8173118E-006
3.092	2.0340126E-006
3.093	2.2538613E-006
3.094	2.4717474E-006
3.095	2.6825630E-006
3.096	2.8813165E-006
3.097	3.0632605E-006
3.098	3.2240087E-006
3.099	3.3596452E-006
3.1	3.4668271E-006
3.101	3.5428693E-006
3.102	3.5858191E-006
3.103	3.5945104E-006
3.104	3.5686007E-006
3.105	3.5085886E-006
3.106	3.4158124E-006
3.107	3.2924270E-006
3.108	3.1413670E-006
3.109	2.9662808E-006
3.11	2.7714536E-006
3.111	2.5617135E-006
3.112	2.3423211E-006
3.113	2.1188487E-006
3.114	1.8970500E-006
3.115	1.6827258E-006
3.116	1.4815885E-006
3.117	1.2991238E-006
3.118	1.1404618E-006
3.119	1.0102473E-006
3.12	9.1252690E-007
3.121	8.5064050E-007
3.122	8.2713080E-007
3.123	8.4366758E-007
3.124	9.0099161E-007
3.125	9.9888143E-007
3.126	1.1361406E-006
3.127	1.3106142E-006
3.128	1.5192242E-006
3.129	1.7580325E-006
3.13	2.0223217E-006
3.131	2.3066962E-006
3.132	2.6051994E-006
3.133	2.9114444E-006
3.134	3.2187515E-006
3.135	3.5203009E-006
3.136	3.8092887E-006
3.137	4.0790810E-006
3.138	4.3233790E-006
3.139	4.5363713E-006
3.14	4.7128860E-006
3.141	4.8485335E-006
3.142	4.9398268E-006
3.143	4.9842861E-006
3.144	4.9805308E-006
3.145	4.9283253E-006
3.146	4.8286170E-006
3.147	4.6835348E-006
3.148	4.4963667E-006
3.149	4.2715092E-006
3.15	4.0143868E-006
3.151	3.7313528E-006
3.152	3.4295751E-006
3.153	3.1168872E-006
3.154	2.8016370E-006
3.155	2.4925100E-006
3.156	2.1983378E-006
3.157	1.9279078E-006
3.158	1.6897505E-006
3.159	1.4919395E-006
3.16	1.3418875E-006
3.161	1.2461554E-006
3.162	1.2102751E-006
3.163	1.2385876E-006
3.164	1.3341099E-006
3.165	1.4984250E-006
3.166	1.7316027E-006
3.167	2.0321520E-006
3.168	2.3970076E-006
3.169	2.8215538E-006
3.17	3.2996795E-006
3.171	3.8238686E-006
3.172	4.3853170E-006
3.173	4.9740970E-006
3.174	5.5793166E-006
3.175	6.1893420E-006
3.176	6.7920178E-006
3.177	7.3749234E-006
3.178	7.9256324E-006
3.179	8.4320200E-006
3.18	8.8825227E-006
3.181	9.2664650E-006
3.182	9.5743289E-006
3.183	9.7980383E-006
3.184	9.9312274E-006
3.185	9.9694544E-006
3.186	9.9104254E-006
3.187	9.7541570E-006
3.188	9.5030928E-006
3.189	9.1622014E-006
3.19	8.7390436E-006
3.191	8.2437427E-006
3.192	7.6889855E-006
3.193	7.0899150E-006
3.194	6.4640194E-006
3.195	5.8309734E-006
3.196	5.2124155E-006
3.197	4.6317004E-006
3.198	4.1135886E-006
3.199	3.6839288E-006
3.2	3.3692702E-006
3.201	3.1964682E-006
3.202	3.1922675E-006
3.203	3.3828699E-006
3.204	3.7935069E-006
3.205	4.4480171E-006
3.206	5.3684425E-006
3.207	6.5746403E-006
3.208	8.0839318E-006
3.209	9.9107556E-006
3.21	1.2066381E-005
3.211	1.4558590E-005
3.212	1.7391461E-005
3.213	2.0565121E-005
3.214	2.4075567E-005
3.215	2.7914559E-005
3.216	3.2069554E-005
3.217	3.6523768E-005
3.218	4.1256222E-005
3.219	4.6241959E-005
3.22	5.1452287E-005
3.221	5.6855079E-005
3.222	6.2415063E-005
3.223	6.8094210E-005
3.224	7.3852105E-005
3.225	7.9646321E-005
3.226	8.5432970E-005
3.227	9.1167072E-005
3.228	9.6803211E-005
3.229	1.0229593E-004
3.23	1.0760048E-004
3.231	1.1267310E-004
3.232	1.1747176E-004
3.233	1.2195649E-004
3.234	1.2608976E-004
3.235	1.2983695E-004
3.236	1.3316663E-004
3.237	1.3605104E-004
3.238	1.3846610E-004
3.239	1.4039200E-004
3.24	1.4181336E-004
3.241	1.4271928E-004
3.242	1.4310374E-004
3.243	1.4296549E-004
3.244	1.4230814E-004
3.245	1.4113990E-004
3.246	1.3947349E-004
3.247	1.3732602E-004
3.248	1.3471858E-004
3.249	1.3167578E-004
3.25	1.2822573E-004
3.251	1.2439952E-004
3.252	1.2023072E-004
3.253	1.1575532E-004
3.254	1.1101123E-004
3.255	1.0603778E-004
3.256	1.0087548E-004
3.257	9.5565396E-005
3.258	9.0148918E-005
3.259	8.4667081E-005
3.26	7.9160185E-005
3.261	7.3667332E-005
3.262	6.8226022E-005
3.263	6.2871615E-005
3.264	5.7637208E-005
3.265	5.2553096E-005
3.266	4.7646663E-005
3.267	4.2942185E-005
3.268	3.8460650E-005
3.269	3.4219775E-005
3.27	3.0233947E-005
3.271	2.6514286E-005
3.272	2.3068751E-005
3.273	1.9902218E-005
3.274	1.7016588E-005
3.275	1.4410950E-005
3.276	1.2081691E-005
3.277	1.0022676E-005
3.278	8.2254028E-006
3.279	6.6792177E-006
3.28	5.3715266E-006
3.281	4.2880661E-006
3.282	3.4131622E-006
3.283	2.7300221E-006
3.284	2.2210270E-006
3.285	1.8680240E-006
3.286	1.6526028E-006
3.287	1.5563687E-006
3.288	1.5611853E-006
3.289	1.6494035E-006
3.29	1.8040631E-006
3.291	2.0090724E-006
3.292	2.2493641E-006
3.293	2.5110251E-006
3.294	2.7814017E-006
3.295	3.0491874E-006
3.296	3.3044776E-006
3.297	3.5388061E-006
3.298	3.7451614E-006
3.299	3.9179713E-006
3.3	4.0530736E-006
3.301	4.1476669E-006
3.302	4.2002248E-006
3.303	4.2104198E-006
3.304	4.1790108E-006
3.305	4.1077237E-006
3.306	3.9991342E-006
3.307	3.8565295E-006
3.308	3.6837898E-006
3.309	3.4852437E-006
3.31	3.2655516E-006
3.311	3.0295855E-006
3.312	2.7823037E-006
3.313	2.5286483E-006
3.314	2.2734384E-006
3.315	2.0212749E-006
3.316	1.7764507E-006
3.317	1.5428814E-006
3.318	1.3240334E-006
3.319	1.1228765E-006
3.32	9.4184651E-007
3.321	7.8282056E-007
3.322	6.4711071E-007
3.323	5.3546677E-007
3.324	4.4809443E-007
3.325	3.8468201E-007
3.326	3.4443894E-007
3.327	3.2613912E-007
3.328	3.2817204E-007
3.329	3.4859855E-007
3.33	3.8521009E-007
3.331	4.3558848E-007
3.332	4.9716954E-007
3.333	5.6730414E-007
3.334	6.4331920E-007
3.335	7.2257541E-007
3.336	8.0252164E-007
3.337	8.8074614E-007
3.338	9.5501866E-007
3.339	1.0233306E-006
3.34	1.0839259E-006
3.341	1.1353234E-006
3.342	1.1763382E-006
3.343	1.2060887E-006
3.344	1.2240027E-006
3.345	1.2298134E-006
3.346	1.2235525E-006
3.347	1.2055336E-006
3.348	1.1763343E-006
3.349	1.1367728E-006
3.35	1.0878769E-006
3.351	1.0308532E-006
3.352	9.6705276E-007
3.353	8.9793036E-007
3.354	8.2501111E-007
3.355	7.4984774E-007
3.356	6.7398673E-007
3.357	5.9893165E-007
3.358	5.2611267E-007
3.359	4.5685670E-007
3.36	3.9236366E-007
3.361	3.3368468E-007
3.362	2.8170516E-007
3.363	2.3713164E-007
3.364	2.0048151E-007
3.365	1.7207878E-007
3.366	1.5205272E-007
3.367	1.4034161E-007
3.368	1.3670046E-007
3.369	1.4071315E-007
3.37	1.5180792E-007
3.371	1.6927636E-007
3.372	1.9229422E-007
3.373	2.1994509E-007
3.374	2.5124399E-007
3.375	2.8516229E-007
3.376	3.2065245E-007
3.377	3.5667202E-007
3.378	3.9220677E-007
3.379	4.2629247E-007
3.38	4.5803486E-007
3.381	4.8662770E-007
3.382	5.1136817E-007
3.383	5.3166912E-007
3.384	5.4706919E-007
3.385	5.5723950E-007
3.386	5.6198576E-007
3.387	5.6124895E-007
3.388	5.5510242E-007
3.389	5.4374419E-007
3.39	5.2749101E-007
3.391	5.0676414E-007
3.392	4.8207846E-007
3.393	4.5402760E-007
3.394	4.2326755E-007
3.395	3.9050016E-007
3.396	3.5645633E-007
3.397	3.2187702E-007
3.398	2.8749730E-007
3.399	2.5402812E-007
3.4	2.2214073E-007
3.401	1.9245184E-007
3.402	1.6551026E-007
3.403	1.4178620E-007
3.404	1.2166194E-007
3.405	1.0542578E-007
3.406	9.3267978E-008
3.407	8.5279261E-008
3.408	8.1451603E-008
3.409	8.1681264E-008
3.41	8.5774005E-008
3.411	9.3451703E-008
3.412	1.0436123E-007
3.413	1.1808429E-007
3.414	1.3414864E-007
3.415	1.5204051E-007
3.416	1.7121755E-007
3.417	1.9112233E-007
3.418	2.1119574E-007
3.419	2.3089069E-007
3.42	2.4968458E-007
3.421	2.6709125E-007
3.422	2.8267169E-007
3.423	2.9604291E-007
3.424	3.0688568E-007
3.425	3.1495046E-007
3.426	3.2006071E-007
3.427	3.2211591E-007
3.428	3.2109114E-007
3.429	3.1703618E-007
3.43	3.1007210E-007
3.431	3.0038726E-007
3.432	2.8823086E-007
3.433	2.7390573E-007
3.434	2.5775961E-007
3.435	2.4017663E-007
3.436	2.2156641E-007
3.437	2.0235426E-007
3.438	1.8297010E-007
3.439	1.6383868E-007
3.44	1.4536894E-007
3.441	1.2794527E-007
3.442	1.1191860E-007
3.443	9.7599141E-008
3.444	8.5249908E-008
3.445	7.5081587E-008
3.446	6.7248720E-008
3.447	6.1847132E-008
3.448	5.8912885E-008
3.449	5.8422597E-008
3.45	6.0295299E-008
3.451	6.4395564E-008
3.452	7.0537979E-008
3.453	7.8492590E-008
3.454	8.7991666E-008
3.455	9.8736727E-008
3.456	1.1040655E-007
3.457	1.2266511E-007
3.458	1.3517014E-007
3.459	1.4758123E-007
3.46	1.5956796E-007
3.461	1.7081763E-007
3.462	1.8104238E-007
3.463	1.8998553E-007
3.464	1.9742734E-007
3.465	2.0318919E-007
3.466	2.0713753E-007
3.467	2.0918561E-007
3.468	2.0929500E-007
3.469	2.0747531E-007
3.47	2.0378289E-007
3.471	1.9831869E-007
3.472	1.9122479E-007
3.473	1.8268022E-007
3.474	1.7289608E-007
3.475	1.6210949E-007
3.476	1.5057780E-007
3.477	1.3857161E-007
3.478	1.2636811E-007
3.479	1.1424413E-007
3.48	1.0246942E-007
3.481	9.1300080E-008
3.482	8.0972704E-008
3.483	7.1698764E-008
3.484	6.3660103E-008
3.485	5.7005028E-008
3.486	5.1845344E-008
3.487	4.8254435E-008
3.488	4.6266202E-008
3.489	4.5875002E-008
3.49	4.7036647E-008
3.491	4.9670103E-008
3.492	5.3660244E-008
3.493	5.8861353E-008
3.494	6.5101133E-008
3.495	7.2185614E-008
3.496	7.9904176E-008
3.497	8.8035115E-008
3.498	9.6351229E-008
3.499	1.0462551E-007
3.5	1.1263656E-007
3.501	1.2017398E-007
3.502	1.2704324E-007
3.503	1.3306982E-007
3.504	1.3810360E-007
3.505	1.4202132E-007
3.506	1.4472994E-007
3.507	1.4616764E-007
3.508	1.4630537E-007
3.509	1.4514686E-007
3.51	1.4272780E-007
3.511	1.3911458E-007
3.512	1.3440174E-007
3.513	1.2870943E-007
3.514	1.2217915E-007
3.515	1.1497045E-007
3.516	1.0725625E-007
3.517	9.9218539E-008
3.518	9.1043859E-008
3.519	8.2918760E-008
3.52	7.5025611E-008
3.521	6.7538174E-008
3.522	6.0617765E-008
3.523	5.4409483E-008
3.524	4.9038775E-008
3.525	4.4608623E-008
3.526	4.1197282E-008
3.527	3.8856495E-008
3.528	3.7610668E-008
3.529	3.7456640E-008
3.53	3.8364245E-008
3.531	4.0277541E-008
3.532	4.3116749E-008
3.533	4.6780730E-008
3.534	5.1149915E-008
3.535	5.6089586E-008
3.536	6.1453626E-008
3.537	6.7088166E-008
3.538	7.2835590E-008
3.539	7.8538370E-008
3.54	8.4042917E-008
3.541	8.9203276E-008
3.542	9.3884644E-008
3.543	9.7966357E-008
3.544	1.0134477E-007
3.545	1.0393557E-007
3.546	1.0567550E-007
3.547	1.0652369E-007
3.548	1.0646229E-007
3.549	1.0549653E-007
3.55	1.0365419E-007
3.551	1.0098442E-007
3.552	9.7556118E-008
3.553	9.3456016E-008
3.554	8.8785846E-008
3.555	8.3659842E-008
3.556	7.8201445E-008
3.557	7.2540288E-008
3.558	6.6808823E-008
3.559	6.1138941E-008
3.56	5.5658951E-008
3.561	5.0490275E-008
3.562	4.5744834E-008
3.563	4.1522199E-008
3.564	3.7907494E-008
3.565	3.4969460E-008
3.566	3.2758972E-008
3.567	3.1308062E-008
3.568	3.0629465E-008
3.569	3.0716503E-008
3.57	3.1543660E-008
3.571	3.3067494E-008
3.572	3.5227959E-008
3.573	3.7950308E-008
3.574	4.1147118E-008
3.575	4.4720629E-008
3.576	4.8565443E-008
3.577	5.2571227E-008
3.578	5.6625517E-008
3.579	6.0616543E-008
3.58	6.4436072E-008
3.581	6.7982015E-008
3.582	7.1160841E-008
3.583	7.3889773E-008
3.584	7.6098814E-008
3.585	7.7732174E-008
3.586	7.8749316E-008
3.587	7.9125961E-008
3.588	7.8854207E-008
3.589	7.7942587E-008
3.59	7.6415553E-008
3.591	7.4312638E-008
3.592	7.1687083E-008
3.593	6.8604564E-008
3.594	6.5141073E-008
3.595	6.1381009E-008
3.596	5.7414741E-008
3.597	5.3336368E-008
3.598	4.9241223E-008
3.599	4.5223469E-008
3.6	4.1373745E-008
3.601	3.7776985E-008
3.602	3.4510439E-008
3.603	3.1641829E-008
3.604	2.9227909E-008
3.605	2.7313126E-008
3.606	2.5928811E-008
3.607	2.5092570E-008
3.608	2.4808054E-008
3.609	2.5065122E-008
3.61	2.5840306E-008
3.611	2.7097633E-008
3.612	2.8789703E-008
3.613	3.0859123E-008
3.614	3.3240035E-008
3.615	3.5859937E-008
3.616	3.8641605E-008
3.617	4.1505022E-008
3.618	4.4369489E-008
3.619	4.7155634E-008
3.62	4.9787364E-008
3.621	5.2193695E-008
3.622	5.4310529E-008
3.623	5.6082115E-008
3.624	5.7462319E-008
3.625	5.8415665E-008
3.626	5.8918037E-008
3.627	5.8957124E-008
3.628	5.8532510E-008
3.629	5.7655509E-008
3.63	5.6348707E-008
3.631	5.4645138E-008
3.632	5.2587399E-008
3.633	5.0226294E-008
3.634	4.7619491E-008
3.635	4.4829928E-008
3.636	4.1924160E-008
3.637	3.8970562E-008
3.638	3.6037591E-008
3.639	3.3192066E-008
3.64	3.0497493E-008
3.641	2.8012501E-008
3.642	2.5789470E-008
3.643	2.3873337E-008
3.644	2.2300567E-008
3.645	2.1098410E-008
3.646	2.0284380E-008
3.647	1.9865963E-008
3.648	1.9840565E-008
3.649	2.0195804E-008
3.65	2.0909935E-008
3.651	2.1952564E-008
3.652	2.3285590E-008
3.653	2.4864248E-008
3.654	2.6638412E-008
3.655	2.8553888E-008
3.656	3.0553895E-008
3.657	3.2580505E-008
3.658	3.4576104E-008
3.659	3.6484881E-008
3.66	3.8254139E-008
3.661	3.9835591E-008
3.662	4.1186599E-008
3.663	4.2271044E-008
3.664	4.3060219E-008
3.665	4.3533444E-008
3.666	4.3678430E-008
3.667	4.3491436E-008
3.668	4.2977277E-008
3.669	4.2148937E-008
3.67	4.1027224E-008
3.671	3.9640035E-008
3.672	3.8021540E-008
3.673	3.6211219E-008
3.674	3.4252764E-008
3.675	3.2192908E-008
3.676	3.0080201E-008
3.677	2.7963670E-008
3.678	2.5891660E-008
3.679	2.3910520E-008
3.68	2.2063505E-008
3.681	2.0389743E-008
3.682	1.8923256E-008
3.683	1.7692274E-008
3.684	1.6718539E-008
3.685	1.6016934E-008
3.686	1.5595191E-008
3.687	1.5453843E-008
3.688	1.5586270E-008
3.689	1.5979065E-008
3.69	1.6612423E-008
3.691	1.7460795E-008
3.692	1.8493658E-008
3.693	1.9676337E-008
3.694	2.0971052E-008
3.695	2.2337902E-008
3.696	2.3735915E-008
3.697	2.5124137E-008
3.698	2.6462622E-008
3.699	2.7713451E-008
3.7	2.8841638E-008
3.701	2.9815951E-008
3.702	3.0609627E-008
3.703	3.1201008E-008
3.704	3.1574000E-008
3.705	3.1718351E-008
3.706	3.1629902E-008
3.707	3.1310517E-008
3.708	3.0767971E-008
3.709	3.0015663E-008
3.71	2.9072130E-008
3.711	2.7960562E-008
3.712	2.6708047E-008
3.713	2.5344830E-008
3.714	2.3903480E-008
3.715	2.2417975E-008
3.716	2.0922792E-008
3.717	1.9452029E-008
3.718	1.8038476E-008
3.719	1.6712846E-008
3.72	1.5502984E-008
3.721	1.4433263E-008
3.722	1.3523988E-008
3.723	1.2790990E-008
3.724	1.2245310E-008
3.725	1.1892991E-008
3.726	1.1735018E-008
3.727	1.1767383E-008
3.728	1.1981273E-008
3.729	1.2363373E-008
3.73	1.2896289E-008
3.731	1.3559084E-008
3.732	1.4327892E-008
3.733	1.5176601E-008
3.734	1.6077571E-008
3.735	1.7002412E-008
3.736	1.7922732E-008
3.737	1.8810859E-008
3.738	1.9640549E-008
3.739	2.0387658E-008
3.74	2.1030679E-008
3.741	2.1551259E-008
3.742	2.1934621E-008
3.743	2.2169857E-008
3.744	2.2250150E-008
3.745	2.2172879E-008
3.746	2.1939600E-008
3.747	2.1555925E-008
3.748	2.1031308E-008
3.749	2.0378691E-008
3.75	1.9614134E-008
3.751	1.8756250E-008
3.752	1.7825734E-008
3.753	1.6844703E-008
3.754	1.5836122E-008
3.755	1.4823192E-008
3.756	1.3828713E-008
3.757	1.2874522E-008
3.758	1.1980952E-008
3.759	1.1166335E-008
3.76	1.0446557E-008
3.761	9.8347117E-009
3.762	9.3407975E-009
3.763	8.9715169E-009
3.764	8.7301792E-009
3.765	8.6166665E-009
3.766	8.6275183E-009
3.767	8.7560839E-009
3.768	8.9927710E-009
3.769	9.3253663E-009
3.77	9.7394048E-009
3.771	1.0218614E-008
3.772	1.0745378E-008
3.773	1.1301243E-008
3.774	1.1867415E-008
3.775	1.2425282E-008
3.776	1.2956924E-008
3.777	1.3445544E-008
3.778	1.3875939E-008
3.779	1.4234844E-008
3.78	1.4511261E-008
3.781	1.4696699E-008
3.782	1.4785341E-008
3.783	1.4774147E-008
3.784	1.4662854E-008
3.785	1.4453942E-008
3.786	1.4152479E-008
3.787	1.3765926E-008
3.788	1.3303890E-008
3.789	1.2777774E-008
3.79	1.2200444E-008
3.791	1.1585834E-008
3.792	1.0948529E-008
3.793	1.0303360E-008
3.794	9.6649941E-009
3.795	9.0475476E-009
3.796	8.4642222E-009
3.797	7.9269693E-009
3.798	7.4461899E-009
3.799	7.0304993E-009
3.8	6.6865242E-009
3.801	6.4187655E-009
3.802	6.2295138E-009
3.803	6.1188352E-009
3.804	6.0846301E-009
3.805	6.1227245E-009
3.806	6.2270464E-009
3.807	6.3898491E-009
3.808	6.6019701E-009
3.809	6.8531247E-009
3.81	7.1322397E-009
3.811	7.4277899E-009
3.812	7.7281364E-009
3.813	8.0218747E-009
3.814	8.2981391E-009
3.815	8.5469045E-009
3.816	8.7592493E-009
3.817	8.9275805E-009
3.818	9.0458068E-009
3.819	9.1094785E-009
3.82	9.1158716E-009
3.821	9.0640162E-009
3.822	8.9546841E-009
3.823	8.7903231E-009
3.824	8.5749265E-009
3.825	8.3138953E-009
3.826	8.0138349E-009
3.827	7.6823286E-009
3.828	7.3276851E-009
3.829	6.9586927E-009
3.83	6.5843353E-009
3.831	6.2135235E-009
3.832	5.8548340E-009
3.833	5.5162599E-009
3.834	5.2049764E-009
3.835	4.9271436E-009
3.836	4.6877400E-009
3.837	4.4904396E-009
3.838	4.3375219E-009
3.839	4.2298431E-009
3.84	4.1668375E-009
3.841	4.1465706E-009
3.842	4.1658397E-009
3.843	4.2203006E-009
3.844	4.3046304E-009
3.845	4.4127204E-009
3.846	4.5378905E-009
3.847	4.6731135E-009
3.848	4.8112492E-009
3.849	4.9452695E-009
3.85	5.0684918E-009
3.851	5.1747788E-009
3.852	5.2587348E-009
3.853	5.3158544E-009
3.854	5.3426712E-009
3.855	5.3368372E-009
3.856	5.2971836E-009
3.857	5.2237472E-009
3.858	5.1177400E-009
3.859	4.9815014E-009
3.86	4.8183950E-009
3.861	4.6326969E-009
3.862	4.4294244E-009
3.863	4.2141708E-009
3.864	3.9929100E-009
3.865	3.7717891E-009
3.866	3.5569208E-009
3.867	3.3541654E-009
3.868	3.1689411E-009
3.869	3.0060345E-009
3.87	2.8694347E-009
3.871	2.7622007E-009
3.872	2.6863569E-009
3.873	2.6428282E-009
3.874	2.6314066E-009
3.875	2.6507605E-009
3.876	2.6984859E-009
3.877	2.7711846E-009
3.878	2.8645890E-009
3.879	2.9737048E-009
3.88	3.0929843E-009
3.881	3.2165217E-009
3.882	3.3382554E-009
3.883	3.4521814E-009
3.884	3.5525642E-009
3.885	3.6341377E-009
3.886	3.6923027E-009
3.887	3.7232908E-009
3.888	3.7243091E-009
3.889	3.6936636E-009
3.89	3.6308216E-009
3.891	3.5364633E-009
3.892	3.4124725E-009
3.893	3.2618968E-009
3.894	3.0888623E-009
3.895	2.8984488E-009
3.896	2.6965372E-009
3.897	2.4896227E-009
3.898	2.2846014E-009
3.899	2.0885487E-009
3.9	1.9084727E-009
3.901	1.7510781E-009
3.902	1.6225193E-009
3.903	1.5281768E-009
3.904	1.4724453E-009
3.905	1.4585515E-009
3.906	1.4884085E-009
3.907	1.5625082E-009
3.908	1.6798605E-009
3.909	1.8379842E-009
3.91	2.0329471E-009
3.911	2.2594573E-009
3.912	2.5110027E-009
3.913	2.7800404E-009
3.914	3.0582177E-009
3.915	3.3366341E-009
3.916	3.6061303E-009
3.917	3.8575845E-009
3.918	4.0822314E-009
3.919	4.2719770E-009
3.92	4.4196873E-009
3.921	4.5194830E-009
3.922	4.5669855E-009
3.923	4.5595239E-009
3.924	4.4963131E-009
3.925	4.3785571E-009
3.926	4.2095070E-009
3.927	3.9944537E-009
3.928	3.7406473E-009
3.929	3.4571628E-009
3.93	3.1546918E-009
3.931	2.8452680E-009
3.932	2.5419324E-009
3.933	2.2583617E-009
3.934	2.0084403E-009
3.935	1.8058145E-009
3.936	1.6634348E-009
3.937	1.5930907E-009
3.938	1.6049735E-009
3.939	1.7072653E-009
3.94	1.9057713E-009
3.941	2.2036162E-009
3.942	2.6010047E-009
3.943	3.0950635E-009
3.944	3.6797754E-009
3.945	4.3459956E-009
3.946	5.0815800E-009
3.947	5.8716032E-009
3.948	6.6986727E-009
3.949	7.5433499E-009
3.95	8.3846334E-009
3.951	9.2005479E-009
3.952	9.9687929E-009
3.953	1.0667418E-008
3.954	1.1275557E-008
3.955	1.1774163E-008
3.956	1.2146755E-008
3.957	1.2380088E-008
3.958	1.2464819E-008
3.959	1.2396068E-008
3.96	1.2173886E-008
3.961	1.1803613E-008
3.962	1.1296089E-008
3.963	1.0667711E-008
3.964	9.9403437E-009
3.965	9.1410390E-009
3.966	8.3016145E-009
3.967	7.4580306E-009
3.968	6.6496355E-009
3.969	5.9182637E-009
3.97	5.3071849E-009
3.971	4.8599706E-009
3.972	4.6192525E-009
3.973	4.6254391E-009
3.974	4.9153877E-009
3.975	5.5211018E-009
3.976	6.4684498E-009
3.977	7.7759665E-009
3.978	9.4537826E-009
3.979	1.1502682E-008
3.98	1.3913389E-008
3.981	1.6666043E-008
3.982	1.9730004E-008
3.983	2.3063857E-008
3.984	2.6615831E-008
3.985	3.0324490E-008
3.986	3.4119743E-008
3.987	3.7924252E-008
3.988	4.1655078E-008
3.989	4.5225626E-008
3.99	4.8547882E-008
3.991	5.1534901E-008
3.992	5.4103374E-008
3.993	5.6176514E-008
3.994	5.7686879E-008
3.995	5.8579452E-008
3.996	5.8814397E-008
3.997	5.8370194E-008
3.998	5.7246144E-008
3.999	5.5465023E-008
4	5.3075251E-008
4.001	5.0152785E-008
4.002	4.6802430E-008
4.003	4.3158856E-008
4.004	3.9386929E-008
4.005	3.5681488E-008
4.006	3.2266527E-008
4.007	2.9393766E-008
4.008	2.7340608E-008
4.009	2.6407447E-008
4.01	2.6914366E-008
4.011	2.9197267E-008
4.012	3.3603438E-008
4.013	4.0486526E-008
4.014	5.0201194E-008
4.015	6.3097218E-008
4.016	7.9513505E-008
4.017	9.9771555E-008
4.018	1.2416916E-007
4.019	1.5297410E-007
4.02	1.8641769E-007
4.021	2.2468893E-007
4.022	2.6792912E-007
4.023	3.1622648E-007
4.024	3.6961197E-007
4.025	4.2805542E-007
4.026	4.9146246E-007
4.027	5.5967183E-007
4.028	6.3245500E-007
4.029	7.0951370E-007
4.03	7.9048198E-007
4.031	8.7492725E-007
4.032	9.6235317E-007
4.033	1.0522040E-006
4.034	1.1438699E-006
4.035	1.2366932E-006
4.036	1.3299757E-006
4.037	1.4229877E-006
4.038	1.5149751E-006
4.039	1.6051669E-006
4.04	1.6927858E-006
4.041	1.7770559E-006
4.042	1.8572122E-006
4.043	1.9325087E-006
4.044	2.0022283E-006
4.045	2.0656933E-006
4.046	2.1222752E-006
4.047	2.1714018E-006
4.048	2.2125687E-006
4.049	2.2453446E-006
4.05	2.2693823E-006
4.051	2.2844149E-006
4.052	2.2902723E-006
4.053	2.2868710E-006
4.054	2.2742227E-006
4.055	2.2524334E-006
4.056	2.2216989E-006
4.057	2.1823068E-006
4.058	2.1346279E-006
4.059	2.0791144E-006
4.06	2.0162940E-006
4.061	1.9467643E-006
4.062	1.8711829E-006
4.063	1.7902615E-006
4.064	1.7047532E-006
4.065	1.6154461E-006
4.066	1.5231518E-006
4.067	1.4286940E-006
4.068	1.3328987E-006
4.069	1.2365851E-006
4.07	1.1405540E-006
4.071	1.0455776E-006
4.072	9.5239284E-007
4.073	8.6168978E-007
4.074	7.7410539E-007
4.075	6.9021718E-007
4.076	6.1053572E-007
4.077	5.3550116E-007
4.078	4.6548047E-007
4.079	4.0076404E-007
4.08	3.4156611E-007
4.081	2.8802432E-007
4.082	2.4020153E-007
4.083	1.9808709E-007
4.084	1.6160106E-007
4.085	1.3059739E-007
4.086	1.0486930E-007
4.087	8.4154848E-008
4.088	6.8143088E-008
4.089	5.6481390E-008
4.09	4.8782482E-008
4.091	4.4632348E-008
4.092	4.3597975E-008
4.093	4.5235172E-008
4.094	4.9096226E-008
4.095	5.4737363E-008
4.096	6.1725707E-008
4.097	6.9645637E-008
4.098	7.8104911E-008
4.099	8.6739476E-008
4.1	9.5218020E-008
4.101	1.0324543E-007
4.102	1.1056548E-007
4.103	1.1696278E-007
4.104	1.2226369E-007
4.105	1.2633657E-007
4.106	1.2909150E-007
4.107	1.3047872E-007
4.108	1.3048708E-007
4.109	1.2914138E-007
4.11	1.2649937E-007
4.111	1.2264826E-007
4.112	1.1770069E-007
4.113	1.1179072E-007
4.114	1.0506920E-007
4.115	9.7699413E-008
4.116	8.9852584E-008
4.117	8.1703455E-008
4.118	7.3426179E-008
4.119	6.5190228E-008
4.12	5.7156750E-008
4.121	4.9475350E-008
4.122	4.2281073E-008
4.123	3.5691940E-008
4.124	2.9806994E-008
4.125	2.4704837E-008
4.126	2.0442673E-008
4.127	1.7055942E-008
4.128	1.4558476E-008
4.129	1.2943148E-008
4.13	1.2182968E-008
4.131	1.2232618E-008
4.132	1.3030310E-008
4.133	1.4499942E-008
4.134	1.6553495E-008
4.135	1.9093596E-008
4.136	2.2016163E-008
4.137	2.5213140E-008
4.138	2.8575140E-008
4.139	3.1994098E-008
4.14	3.5365701E-008
4.141	3.8591654E-008
4.142	4.1581764E-008
4.143	4.4255632E-008
4.144	4.6544212E-008
4.145	4.8390884E-008
4.146	4.9752316E-008
4.147	5.0598970E-008
4.148	5.0915236E-008
4.149	5.0699267E-008
4.15	4.9962459E-008
4.151	4.8728729E-008
4.152	4.7033474E-008
4.153	4.4922267E-008
4.154	4.2449383E-008
4.155	3.9676248E-008
4.156	3.6669647E-008
4.157	3.3499909E-008
4.158	3.0239178E-008
4.159	2.6959592E-008
4.16	2.3731472E-008
4.161	2.0621846E-008
4.162	1.7692871E-008
4.163	1.5000516E-008
4.164	1.2593454E-008
4.165	1.0512065E-008
4.166	8.7877785E-009
4.167	7.4425466E-009
4.168	6.4886470E-009
4.169	5.9286580E-009
4.17	5.7557239E-009
4.171	5.9540133E-009
4.172	6.4993912E-009
4.173	7.3602657E-009
4.174	8.4985796E-009
4.175	9.8709343E-009
4.176	1.1429781E-008
4.177	1.3124699E-008
4.178	1.4903661E-008
4.179	1.6714333E-008
4.18	1.8505322E-008
4.181	2.0227347E-008
4.182	2.1834367E-008
4.183	2.3284606E-008
4.184	2.4541379E-008
4.185	2.5573863E-008
4.186	2.6357659E-008
4.187	2.6875194E-008
4.188	2.7115938E-008
4.189	2.7076455E-008
4.19	2.6760299E-008
4.191	2.6177673E-008
4.192	2.5345068E-008
4.193	2.4284626E-008
4.194	2.3023508E-008
4.195	2.1593040E-008
4.196	2.0027935E-008
4.197	1.8365297E-008
4.198	1.6643686E-008
4.199	1.4902112E-008
4.2	1.3179125E-008
4.201	1.1511818E-008
4.202	9.9350057E-009
4.203	8.4804315E-009
4.204	7.1760931E-009
4.205	6.0456911E-009
4.206	5.1081748E-009
4.207	4.3774406E-009
4.208	3.8621231E-009
4.209	3.5655374E-009
4.21	3.4857288E-009
4.211	3.6156367E-009
4.212	3.9433878E-009
4.213	4.4526862E-009
4.214	5.1233076E-009
4.215	5.9316854E-009
4.216	6.8515700E-009
4.217	7.8547329E-009
4.218	8.9117167E-009
4.219	9.9925712E-009
4.22	1.1067605E-008
4.221	1.2108082E-008
4.222	1.3086883E-008
4.223	1.3979111E-008
4.224	1.4762602E-008
4.225	1.5418406E-008
4.226	1.5931120E-008
4.227	1.6289205E-008
4.228	1.6485133E-008
4.229	1.6515502E-008
4.23	1.6380982E-008
4.231	1.6086263E-008
4.232	1.5639777E-008
4.233	1.5053446E-008
4.234	1.4342307E-008
4.235	1.3524048E-008
4.236	1.2618542E-008
4.237	1.1647308E-008
4.238	1.0632956E-008
4.239	9.5986161E-009
4.24	8.5673673E-009
4.241	7.5616917E-009
4.242	6.6029671E-009
4.243	5.7109437E-009
4.244	4.9033551E-009
4.245	4.1955239E-009
4.246	3.6000611E-009
4.247	3.1266327E-009
4.248	2.7818028E-009
4.249	2.5689484E-009
4.25	2.4882616E-009
4.251	2.5368090E-009
4.252	2.7086799E-009
4.253	2.9951912E-009
4.254	3.3851535E-009
4.255	3.8652006E-009
4.256	4.4201549E-009
4.257	5.0334212E-009
4.258	5.6874341E-009
4.259	6.3640861E-009
4.26	7.0451800E-009
4.261	7.7128561E-009
4.262	8.3500193E-009
4.263	8.9407077E-009
4.264	9.4704653E-009
4.265	9.9266213E-009
4.266	1.0298557E-008
4.267	1.0577898E-008
4.268	1.0758672E-008
4.269	1.0837379E-008
4.27	1.0813026E-008
4.271	1.0687097E-008
4.272	1.0463458E-008
4.273	1.0148218E-008
4.274	9.7495274E-009
4.275	9.2773531E-009
4.276	8.7431715E-009
4.277	8.1596951E-009
4.278	7.5405051E-009
4.279	6.8997323E-009
4.28	6.2517054E-009
4.281	5.6106058E-009
4.282	4.9901532E-009
4.283	4.4032831E-009
4.284	3.8618793E-009
4.285	3.3765133E-009
4.286	2.9562293E-009
4.287	2.6083660E-009
4.288	2.3384217E-009
4.289	2.1499662E-009
4.29	2.0445989E-009
4.291	2.0219577E-009
4.292	2.0797717E-009
4.293	2.2139583E-009
4.294	2.4187616E-009
4.295	2.6869180E-009
4.296	3.0098684E-009
4.297	3.3779801E-009
4.298	3.7807992E-009
4.299	4.2073123E-009
4.3	4.6462172E-009
4.301	5.0861955E-009
4.302	5.5161755E-009
4.303	5.9255796E-009
4.304	6.3045573E-009
4.305	6.6441874E-009
4.306	6.9366699E-009
4.307	7.1754571E-009
4.308	7.3553945E-009
4.309	7.4727824E-009
4.31	7.5254594E-009
4.311	7.5127842E-009
4.312	7.4356530E-009
4.313	7.2964146E-009
4.314	7.0988069E-009
4.315	6.8478245E-009
4.316	6.5495795E-009
4.317	6.2111312E-009
4.318	5.8403073E-009
4.319	5.4454987E-009
4.32	5.0354645E-009
4.321	4.6191220E-009
4.322	4.2053463E-009
4.323	3.8027816E-009
4.324	3.4196432E-009
4.325	3.0635534E-009
4.326	2.7413851E-009
4.327	2.4591211E-009
4.328	2.2217415E-009
4.329	2.0331301E-009
4.33	1.8960113E-009
4.331	1.8119097E-009
4.332	1.7811407E-009
4.333	1.8028249E-009
4.334	1.8749364E-009
4.335	1.9943660E-009
4.336	2.1570190E-009
4.337	2.3579236E-009
4.338	2.5913611E-009
4.339	2.8510114E-009
4.34	3.1301031E-009
4.341	3.4215746E-009
4.342	3.7182357E-009
4.343	4.0129309E-009
4.344	4.2986872E-009
4.345	4.5688719E-009
4.346	4.8173234E-009
4.347	5.0384799E-009
4.348	5.2274851E-009
4.349	5.3802838E-009
4.35	5.4936877E-009
4.351	5.5654392E-009
4.352	5.5942331E-009
4.353	5.5797256E-009
4.354	5.5225282E-009
4.355	5.4241727E-009
4.356	5.2870619E-009
4.357	5.1143969E-009
4.358	4.9101025E-009
4.359	4.6787263E-009
4.36	4.4253334E-009
4.361	4.1553867E-009
4.362	3.8746255E-009
4.363	3.5889387E-009
4.364	3.3042400E-009
4.365	3.0263310E-009
4.366	2.7607858E-009
4.367	2.5128357E-009
4.368	2.2872639E-009
4.369	2.0883122E-009
4.37	1.9196020E-009
4.371	1.7840662E-009
4.372	1.6838985E-009
4.373	1.6205183E-009
4.374	1.5945502E-009
4.375	1.6058221E-009
4.376	1.6533774E-009
4.377	1.7355056E-009
4.378	1.8497879E-009
4.379	1.9931552E-009
4.38	2.1619626E-009
4.381	2.3520690E-009
4.382	2.5589302E-009
4.383	2.7776976E-009
4.384	3.0033234E-009
4.385	3.2306631E-009
4.386	3.4545862E-009
4.387	3.6700818E-009
4.388	3.8723638E-009
4.389	4.0569632E-009
4.39	4.2198267E-009
4.391	4.3573891E-009
4.392	4.4666479E-009
4.393	4.5452282E-009
4.394	4.5914126E-009
4.395	4.6041886E-009
4.396	4.5832595E-009
4.397	4.5290451E-009
4.398	4.4426747E-009
4.399	4.3259543E-009
4.4	4.1813317E-009
4.401	4.0118353E-009
4.402	3.8210124E-009
4.403	3.6128509E-009
4.404	3.3916936E-009
4.405	3.1621521E-009
4.406	2.9290042E-009
4.407	2.6971012E-009
4.408	2.4712608E-009
4.409	2.2561730E-009
4.41	2.0562958E-009
4.411	1.8757638E-009
4.412	1.7182997E-009
4.413	1.5871309E-009
4.414	1.4849264E-009
4.415	1.4137350E-009
4.416	1.3749455E-009
4.417	1.3692523E-009
4.418	1.3966481E-009
4.419	1.4564139E-009
4.42	1.5471394E-009
4.421	1.6667469E-009
4.422	1.8125345E-009
4.423	1.9812307E-009
4.424	2.1690603E-009
4.425	2.3718234E-009
4.426	2.5849884E-009
4.427	2.8037803E-009
4.428	3.0232914E-009
4.429	3.2385823E-009
4.43	3.4447929E-009
4.431	3.6372472E-009
4.432	3.8115573E-009
4.433	3.9637196E-009
4.434	4.0902002E-009
4.435	4.1880246E-009
4.436	4.2548272E-009
4.437	4.2889217E-009
4.438	4.2893338E-009
4.439	4.2558348E-009
4.44	4.1889381E-009
4.441	4.0899093E-009
4.442	3.9607384E-009
4.443	3.8041010E-009
4.444	3.6233092E-009
4.445	3.4222369E-009
4.446	3.2052412E-009
4.447	2.9770646E-009
4.448	2.7427352E-009
4.449	2.5074478E-009
4.45	2.2764548E-009
4.451	2.0549453E-009
4.452	1.8479310E-009
4.453	1.6601318E-009
4.454	1.4958688E-009
4.455	1.3589656E-009
4.456	1.2526555E-009
4.457	1.1795057E-009
4.458	1.1413526E-009
4.459	1.1392525E-009
4.46	1.1734522E-009
4.461	1.2433755E-009
4.462	1.3476288E-009
4.463	1.4840273E-009
4.464	1.6496371E-009
4.465	1.8408356E-009
4.466	2.0533901E-009
4.467	2.2825479E-009
4.468	2.5231379E-009
4.469	2.7696905E-009
4.47	3.0165546E-009
4.471	3.2580274E-009
4.472	3.4884884E-009
4.473	3.7025236E-009
4.474	3.8950576E-009
4.475	4.0614800E-009
4.476	4.1977501E-009
4.477	4.3004968E-009
4.478	4.3671151E-009
4.479	4.3958157E-009
4.48	4.3856843E-009
4.481	4.3367079E-009
4.482	4.2497703E-009
4.483	4.1266501E-009
4.484	3.9699852E-009
4.485	3.7832137E-009
4.486	3.5705103E-009
4.487	3.3366958E-009
4.488	3.0871310E-009
4.489	2.8276015E-009
4.49	2.5641813E-009
4.491	2.3030966E-009
4.492	2.0505735E-009
4.493	1.8126936E-009
4.494	1.5952446E-009
4.495	1.4035801E-009
4.496	1.2424848E-009
4.497	1.1160589E-009
4.498	1.0276134E-009
4.499	9.7958297E-010
4.5	9.7346398E-010
4.501	1.0097709E-009
4.502	1.0880163E-009
4.503	1.2067153E-009
4.504	1.3634153E-009
4.505	1.5547447E-009
4.506	1.7764878E-009
4.507	2.0236783E-009
4.508	2.2907087E-009
4.509	2.5714615E-009
4.51	2.8594482E-009
4.511	3.1479594E-009
4.512	3.4302239E-009
4.513	3.6995684E-009
4.514	3.9495740E-009
4.515	4.1742347E-009
4.516	4.3681014E-009
4.517	4.5264148E-009
4.518	4.6452278E-009
4.519	4.7215023E-009
4.52	4.7532001E-009
4.521	4.7393267E-009
4.522	4.6799808E-009
4.523	4.5763495E-009
4.524	4.4306940E-009
4.525	4.2463077E-009
4.526	4.0274388E-009
4.527	3.7792027E-009
4.528	3.5074623E-009
4.529	3.2187033E-009
4.53	2.9198719E-009
4.531	2.6182225E-009
4.532	2.3211377E-009
4.533	2.0359550E-009
4.534	1.7697828E-009
4.535	1.5293334E-009
4.536	1.3207502E-009
4.537	1.1494572E-009
4.538	1.0200246E-009
4.539	9.3604979E-010
4.54	9.0006397E-010
4.541	9.1346225E-010
4.542	9.7646047E-010
4.543	1.0880793E-009
4.544	1.2461575E-009
4.545	1.4473945E-009
4.546	1.6874198E-009
4.547	1.9608897E-009
4.548	2.2616107E-009
4.549	2.5826796E-009
4.55	2.9166465E-009
4.551	3.2556911E-009
4.552	3.5918066E-009
4.553	3.9169965E-009
4.554	4.2234678E-009
4.555	4.5038147E-009
4.556	4.7512168E-009
4.557	4.9595923E-009
4.558	5.1237676E-009
4.559	5.2396008E-009
4.56	5.3040945E-009
4.561	5.3154854E-009
4.562	5.2732925E-009
4.563	5.1783395E-009
4.564	5.0327507E-009
4.565	4.8399040E-009
4.566	4.6043636E-009
4.567	4.3317732E-009
4.568	4.0287369E-009
4.569	3.7026462E-009
4.57	3.3615255E-009
4.571	3.0138287E-009
4.572	2.6682434E-009
4.573	2.3334743E-009
4.574	2.0180368E-009
4.575	1.7300448E-009
4.576	1.4770098E-009
4.577	1.2656546E-009
4.578	1.1017407E-009
4.579	9.8992170E-010
4.58	9.3361885E-010
4.581	9.3492547E-010
4.582	9.9454489E-010
4.583	1.1117604E-009
4.584	1.2844400E-009
4.585	1.5090761E-009
4.586	1.7808617E-009
4.587	2.0937978E-009
4.588	2.4408282E-009
4.589	2.8140041E-009
4.59	3.2046743E-009
4.591	3.6036840E-009
4.592	4.0015991E-009
4.593	4.3889319E-009
4.594	4.7563771E-009
4.595	5.0950399E-009
4.596	5.3966609E-009
4.597	5.6538259E-009
4.598	5.8601550E-009
4.599	6.0104703E-009
4.6	6.1009304E-009
4.601	6.1291408E-009
4.602	6.0942256E-009
4.603	5.9968586E-009
4.604	5.8392544E-009
4.605	5.6251461E-009
4.606	5.3596829E-009
4.607	5.0493298E-009
4.608	4.7017168E-009
4.609	4.3254551E-009
4.61	3.9299395E-009
4.611	3.5251175E-009
4.612	3.1212586E-009
4.613	2.7287028E-009
4.614	2.3576077E-009
4.615	2.0177044E-009
4.616	1.7180480E-009
4.617	1.4667960E-009
4.618	1.2709969E-009
4.619	1.1364046E-009
4.62	1.0673240E-009
4.621	1.0664889E-009
4.622	1.1349793E-009
4.623	1.2721784E-009
4.624	1.4757681E-009
4.625	1.7417725E-009
4.626	2.0646380E-009
4.627	2.4373517E-009
4.628	2.8516056E-009
4.629	3.2979848E-009
4.63	3.7661887E-009
4.631	4.2452828E-009
4.632	4.7239603E-009
4.633	5.1908229E-009
4.634	5.6346594E-009
4.635	6.0447274E-009
4.636	6.4110246E-009
4.637	6.7245427E-009
4.638	6.9774968E-009
4.639	7.1635262E-009
4.64	7.2778765E-009
4.641	7.3175168E-009
4.642	7.2812445E-009
4.643	7.1697306E-009
4.644	6.9855250E-009
4.645	6.7330093E-009
4.646	6.4183108E-009
4.647	6.0491714E-009
4.648	5.6347722E-009
4.649	5.1855129E-009
4.65	4.7127799E-009
4.651	4.2286747E-009
4.652	3.7457042E-009
4.653	3.2764982E-009
4.654	2.8334890E-009
4.655	2.4285975E-009
4.656	2.0729454E-009
4.657	1.7765581E-009
4.658	1.5481139E-009
4.659	1.3947072E-009
4.66	1.3216601E-009
4.661	1.3323642E-009
4.662	1.4281806E-009
4.663	1.6083822E-009
4.664	1.8701489E-009
4.665	2.2086157E-009
4.666	2.6169751E-009
4.667	3.0866159E-009
4.668	3.6073231E-009
4.669	4.1674992E-009
4.67	4.7544400E-009
4.671	5.3546225E-009
4.672	5.9540315E-009
4.673	6.5384933E-009
4.674	7.0940209E-009
4.675	7.6071762E-009
4.676	8.0653990E-009
4.677	8.4573504E-009
4.678	8.7732035E-009
4.679	9.0049257E-009
4.68	9.1464880E-009
4.681	9.1940766E-009
4.682	9.1461754E-009
4.683	9.0036654E-009
4.684	8.7698249E-009
4.685	8.4502512E-009
4.686	8.0527958E-009
4.687	7.5873370E-009
4.688	7.0656117E-009
4.689	6.5008989E-009
4.69	5.9077334E-009
4.691	5.3015610E-009
4.692	4.6983577E-009
4.693	4.1142720E-009
4.694	3.5652139E-009
4.695	3.0664866E-009
4.696	2.6324047E-009
4.697	2.2759321E-009
4.698	2.0083397E-009
4.699	1.8389082E-009
4.7	1.7746536E-009
4.701	1.8201084E-009
4.702	1.9771591E-009
4.703	2.2449427E-009
4.704	2.6198130E-009
4.705	3.0953802E-009
4.706	3.6626226E-009
4.707	4.3100767E-009
4.708	5.0240869E-009
4.709	5.7891292E-009
4.71	6.5881762E-009
4.711	7.4031132E-009
4.712	8.2151770E-009
4.713	9.0054071E-009
4.714	9.7551274E-009
4.715	1.0446385E-008
4.716	1.1062418E-008
4.717	1.1588066E-008
4.718	1.2010171E-008
4.719	1.2317937E-008
4.72	1.2503239E-008
4.721	1.2560863E-008
4.722	1.2488703E-008
4.723	1.2287876E-008
4.724	1.1962749E-008
4.725	1.1520927E-008
4.726	1.0973109E-008
4.727	1.0332901E-008
4.728	9.6165342E-009
4.729	8.8425365E-009
4.73	8.0312841E-009
4.731	7.2045658E-009
4.732	6.3850645E-009
4.733	5.5957976E-009
4.734	4.8595696E-009
4.735	4.1983959E-009
4.736	3.6329473E-009
4.737	3.1820051E-009
4.738	2.8619642E-009
4.739	2.6863736E-009
4.74	2.6655393E-009
4.741	2.8062004E-009
4.742	3.1112788E-009
4.743	3.5797199E-009
4.744	4.2064277E-009
4.745	4.9822959E-009
4.746	5.8943357E-009
4.747	6.9259074E-009
4.748	8.0570377E-009
4.749	9.2648351E-009
4.75	1.0523979E-008
4.751	1.1807286E-008
4.752	1.3086326E-008
4.753	1.4332115E-008
4.754	1.5515786E-008
4.755	1.6609334E-008
4.756	1.7586325E-008
4.757	1.8422583E-008
4.758	1.9096881E-008
4.759	1.9591530E-008
4.76	1.9892941E-008
4.761	1.9992040E-008
4.762	1.9884681E-008
4.763	1.9571866E-008
4.764	1.9059879E-008
4.765	1.8360300E-008
4.766	1.7489915E-008
4.767	1.6470448E-008
4.768	1.5328201E-008
4.769	1.4093607E-008
4.77	1.2800577E-008
4.771	1.1485846E-008
4.772	1.0188161E-008
4.773	8.9474135E-009
4.774	7.8037239E-009
4.775	6.7964594E-009
4.776	5.9632828E-009
4.777	5.3391527E-009
4.778	4.9554081E-009
4.779	4.8388733E-009
4.78	5.0110525E-009
4.781	5.4874296E-009
4.782	6.2768608E-009
4.783	7.3811290E-009
4.784	8.7946184E-009
4.785	1.0504158E-008
4.786	1.2489037E-008
4.787	1.4721178E-008
4.788	1.7165503E-008
4.789	1.9780471E-008
4.79	2.2518789E-008
4.791	2.5328287E-008
4.792	2.8152977E-008
4.793	3.0934210E-008
4.794	3.3611986E-008
4.795	3.6126337E-008
4.796	3.8418815E-008
4.797	4.0433985E-008
4.798	4.2120845E-008
4.799	4.3434504E-008
4.8	4.4337408E-008
4.801	4.4800796E-008
4.802	4.4805923E-008
4.803	4.4345153E-008
4.804	4.3422844E-008
4.805	4.2056168E-008
4.806	4.0275530E-008
4.807	3.8125009E-008
4.808	3.5662293E-008
4.809	3.2958475E-008
4.81	3.0097603E-008
4.811	2.7175947E-008
4.812	2.4300867E-008
4.813	2.1589708E-008
4.814	1.9168187E-008
4.815	1.7168761E-008
4.816	1.5728698E-008
4.817	1.4988041E-008
4.818	1.5087391E-008
4.819	1.6165654E-008
4.82	1.8357616E-008
4.821	2.1791632E-008
4.822	2.6587232E-008
4.823	3.2852821E-008
4.824	4.0683528E-008
4.825	5.0159162E-008
4.826	6.1342291E-008
4.827	7.4276549E-008
4.828	8.8985210E-008
4.829	1.0546987E-007
4.83	1.2370950E-007
4.831	1.4365973E-007
4.832	1.6525257E-007
4.833	1.8839626E-007
4.834	2.1297595E-007
4.835	2.3885437E-007
4.836	2.6587293E-007
4.837	2.9385367E-007
4.838	3.2260075E-007
4.839	3.5190317E-007
4.84	3.8153644E-007
4.841	4.1126603E-007
4.842	4.4084939E-007
4.843	4.7003920E-007
4.844	4.9858596E-007
4.845	5.2624131E-007
4.846	5.5276081E-007
4.847	5.7790692E-007
4.848	6.0145237E-007
4.849	6.2318230E-007
4.85	6.4289799E-007
4.851	6.6041878E-007
4.852	6.7558392E-007
4.853	6.8825580E-007
4.854	6.9832043E-007
4.855	7.0568922E-007
4.856	7.1030058E-007
4.857	7.1211878E-007
4.858	7.1113664E-007
4.859	7.0737309E-007
4.86	7.0087435E-007
4.861	6.9171267E-007
4.862	6.7998513E-007
4.863	6.6581293E-007
4.864	6.4933840E-007
4.865	6.3072434E-007
4.866	6.1015112E-007
4.867	5.8781416E-007
4.868	5.6392150E-007
4.869	5.3869081E-007
4.87	5.1234736E-007
4.871	4.8511959E-007
4.872	4.5723900E-007
4.873	4.2893549E-007
4.874	4.0043571E-007
4.875	3.7196003E-007
4.876	3.4372059E-007
4.877	3.1591847E-007
4.878	2.8874086E-007
4.879	2.6236023E-007
4.88	2.3693170E-007
4.881	2.1259265E-007
4.882	1.8946125E-007
4.883	1.6763646E-007
4.884	1.4719821E-007
4.885	1.2820692E-007
4.886	1.1070469E-007
4.887	9.4715077E-008
4.888	8.0244000E-008
4.889	6.7280560E-008
4.89	5.5797713E-008
4.891	4.5753676E-008
4.892	3.7093027E-008
4.893	2.9748241E-008
4.894	2.3641393E-008
4.895	1.8685872E-008
4.896	1.4788179E-008
4.897	1.1849767E-008
4.898	9.7688160E-009
4.899	8.4419591E-009
4.9	7.7659177E-009
4.901	7.6390183E-009
4.902	7.9625639E-009
4.903	8.6421075E-009
4.904	9.5885229E-009
4.905	1.0718933E-008
4.906	1.1957490E-008
4.907	1.3235963E-008
4.908	1.4494167E-008
4.909	1.5680230E-008
4.91	1.6750709E-008
4.911	1.7670544E-008
4.912	1.8412887E-008
4.913	1.8958787E-008
4.914	1.9296774E-008
4.915	1.9422357E-008
4.916	1.9337373E-008
4.917	1.9049361E-008
4.918	1.8570772E-008
4.919	1.7918261E-008
4.92	1.7111867E-008
4.921	1.6174262E-008
4.922	1.5129926E-008
4.923	1.4004440E-008
4.924	1.2823760E-008
4.925	1.1613543E-008
4.926	1.0398550E-008
4.927	9.2021040E-009
4.928	8.0456308E-009
4.929	6.9482717E-009
4.93	5.9265894E-009
4.931	4.9943418E-009
4.932	4.1623625E-009
4.933	3.4384973E-009
4.934	2.8276304E-009
4.935	2.3317683E-009
4.936	1.9501902E-009
4.937	1.6796505E-009
4.938	1.5146226E-009
4.939	1.4475792E-009
4.94	1.4693036E-009
4.941	1.5692128E-009
4.942	1.7356949E-009
4.943	1.9564472E-009
4.944	2.2188102E-009
4.945	2.5100884E-009
4.946	2.8178495E-009
4.947	3.1302052E-009
4.948	3.4360566E-009
4.949	3.7253107E-009
4.95	3.9890464E-009
4.951	4.2196651E-009
4.952	4.4109703E-009
4.953	4.5582378E-009
4.954	4.6582254E-009
4.955	4.7091491E-009
4.956	4.7106439E-009
4.957	4.6636610E-009
4.958	4.5703716E-009
4.959	4.4340305E-009
4.96	4.2588226E-009
4.961	4.0497108E-009
4.962	3.8122518E-009
4.963	3.5524248E-009
4.964	3.2764611E-009
4.965	2.9906724E-009
4.966	2.7012832E-009
4.967	2.4142894E-009
4.968	2.1353128E-009
4.969	1.8694890E-009
4.97	1.6213647E-009
4.971	1.3948170E-009
4.972	1.1929967E-009
4.973	1.0182896E-009
4.974	8.7230428E-010
4.975	7.5587375E-010
4.976	6.6908157E-010
4.977	6.1130301E-010
4.978	5.8126126E-010
4.979	5.7709665E-010
4.98	5.9644595E-010
4.981	6.3653005E-010
4.982	6.9424622E-010
4.983	7.6626377E-010
4.984	8.4911922E-010
4.985	9.3930985E-010
4.986	1.0333825E-009
4.987	1.1280162E-009
4.988	1.2200972E-009
4.989	1.3067802E-009
4.99	1.3855475E-009
4.991	1.4542463E-009
4.992	1.5111231E-009
4.993	1.5548421E-009
4.994	1.5844911E-009
4.995	1.5995839E-009
4.996	1.6000405E-009
4.997	1.5861693E-009
4.998	1.5586337E-009
4.999	1.5184145E-009
5	1.4667665E-009
5.001	1.4051676E-009
5.002	1.3352700E-009
5.003	1.2588441E-009
5.004	1.1777284E-009
5.005	1.0937750E-009
5.006	1.0088039E-009
5.007	9.2455599E-010
5.008	8.4265495E-010
5.009	7.6457213E-010
5.01	6.9160067E-010
5.011	6.2483152E-010
5.012	5.6514071E-010
5.013	5.1318061E-010
5.014	4.6937654E-010
5.015	4.3393172E-010
5.016	4.0683618E-010
5.017	3.8788076E-010
5.018	3.7667569E-010
5.019	3.7267328E-010
5.02	3.7519129E-010
5.021	3.8344128E-010
5.022	3.9655518E-010
5.023	4.1361339E-010
5.024	4.3367240E-010
5.025	4.5579071E-010
5.026	4.7905307E-010
5.027	5.0259213E-010
5.028	5.2560761E-010
5.029	5.4738170E-010
5.03	5.6729149E-010
5.031	5.8481747E-010
5.032	5.9954852E-010
5.033	6.1118455E-010
5.034	6.1953415E-010
5.035	6.2450961E-010
5.036	6.2612143E-010
5.037	6.2446764E-010
5.038	6.1972333E-010
5.039	6.1212851E-010
5.04	6.0197480E-010
5.041	5.8959182E-010
5.042	5.7533406E-010
5.043	5.5956823E-010
5.044	5.4266097E-010
5.045	5.2496701E-010
5.046	5.0682231E-010
5.047	4.8853394E-010
5.048	4.7037424E-010
5.049	4.5257822E-010
5.05	4.3533957E-010
5.051	4.1881096E-010
5.052	4.0310474E-010
5.053	3.8829570E-010
5.054	3.7442438E-010
5.055	3.6150169E-010
5.056	3.4951472E-010
5.057	3.3843195E-010
5.058	3.2820949E-010
5.059	3.1879716E-010
5.06	3.1014383E-010
5.061	3.0220185E-010
5.062	2.9493233E-010
5.063	2.8830777E-010
5.064	2.8231439E-010
5.065	2.7695329E-010
5.066	2.7224040E-010
5.067	2.6820551E-010
5.068	2.6489003E-010
5.069	2.6234423E-010
5.07	2.6062325E-010
5.071	2.5978308E-010
5.072	2.5987582E-010
5.073	2.6094502E-010
5.074	2.6302063E-010
5.075	2.6611524E-010
5.076	2.7021921E-010
5.077	2.7529781E-010
5.078	2.8128821E-010
5.079	2.8809888E-010
5.08	2.9560718E-010
5.081	3.0366190E-010
5.082	3.1208378E-010
5.083	3.2066919E-010
5.084	3.2919367E-010
5.085	3.3741759E-010
5.086	3.4509187E-010
5.087	3.5196482E-010
5.088	3.5778930E-010
5.089	3.6233028E-010
5.09	3.6537223E-010
5.091	3.6672632E-010
5.092	3.6623787E-010
5.093	3.6379133E-010
5.094	3.5931647E-010
5.095	3.5279191E-010
5.096	3.4424794E-010
5.097	3.3376837E-010
5.098	3.2148995E-010
5.099	3.0760128E-010
5.1	2.9233985E-010
5.101	2.7598709E-010
5.102	2.5886335E-010
5.103	2.4132013E-010
5.104	2.2373248E-010
5.105	2.0648955E-010
5.106	1.8998511E-010
5.107	1.7460713E-010
5.108	1.6072740E-010
5.109	1.4869134E-010
5.11	1.3880788E-010
5.111	1.3134059E-010
5.112	1.2649928E-010
5.113	1.2443326E-010
5.114	1.2522622E-010
5.115	1.2889204E-010
5.116	1.3537363E-010
5.117	1.4454266E-010
5.118	1.5620139E-010
5.119	1.7008663E-010
5.12	1.8587534E-010
5.121	2.0319156E-010
5.122	2.2161525E-010
5.123	2.4069199E-010
5.124	2.5994404E-010
5.125	2.7888195E-010
5.126	2.9701722E-010
5.127	3.1387443E-010
5.128	3.2900357E-010
5.129	3.4199227E-010
5.13	3.5247669E-010
5.131	3.6015135E-010
5.132	3.6477760E-010
5.133	3.6619088E-010
5.134	3.6430559E-010
5.135	3.5911796E-010
5.136	3.5070752E-010
5.137	3.3923542E-010
5.138	3.2494174E-010
5.139	3.0814046E-010
5.14	2.8921146E-010
5.141	2.6859243E-010
5.142	2.4676805E-010
5.143	2.2425792E-010
5.144	2.0160441E-010
5.145	1.7935839E-010
5.146	1.5806588E-010
5.147	1.3825385E-010
5.148	1.2041707E-010
5.149	1.0500493E-010
5.15	9.2410010E-011
5.151	8.2957613E-011
5.152	7.6896850E-011
5.153	7.4394026E-011
5.154	7.5527598E-011
5.155	8.0285750E-011
5.156	8.8566071E-011
5.157	1.0017754E-010
5.158	1.1484496E-010
5.159	1.3221528E-010
5.16	1.5186612E-010
5.161	1.7331614E-010
5.162	1.9603662E-010
5.163	2.1946468E-010
5.164	2.4301716E-010
5.165	2.6610500E-010
5.166	2.8814831E-010
5.167	3.0859088E-010
5.168	3.2691405E-010
5.169	3.4265038E-010
5.17	3.5539505E-010
5.171	3.6481695E-010
5.172	3.7066678E-010
5.173	3.7278414E-010
5.174	3.7110126E-010
5.175	3.6564579E-010
5.176	3.5653969E-010
5.177	3.4399691E-010
5.178	3.2831782E-010
5.179	3.0988234E-010
5.18	2.8914024E-010
5.181	2.6659988E-010
5.182	2.4281591E-010
5.183	2.1837490E-010
5.184	1.9388156E-010
5.185	1.6994314E-010
5.186	1.4715452E-010
5.187	1.2608321E-010
5.188	1.0725536E-010
5.189	9.1142441E-011
5.19	7.8149272E-011
5.191	6.8603762E-011
5.192	6.2748598E-011
5.193	6.0734910E-011
5.194	6.2618376E-011
5.195	6.8357514E-011
5.196	7.7814845E-011
5.197	9.0759726E-011
5.198	1.0687431E-010
5.199	1.2576117E-010
5.2	1.4695316E-010
5.201	1.6992505E-010
5.202	1.9410663E-010
5.203	2.1889714E-010
5.204	2.4368035E-010
5.205	2.6783997E-010
5.206	2.9077535E-010
5.207	3.1191610E-010
5.208	3.3073691E-010
5.209	3.4677006E-010
5.21	3.5961747E-010
5.211	3.6896017E-010
5.212	3.7456646E-010
5.213	3.7629785E-010
5.214	3.7411199E-010
5.215	3.6806416E-010
5.216	3.5830580E-010
5.217	3.4508052E-010
5.218	3.2871847E-010
5.219	3.0962760E-010
5.22	2.8828426E-010
5.221	2.6522065E-010
5.222	2.4101171E-010
5.223	2.1626125E-010
5.224	1.9158641E-010
5.225	1.6760213E-010
5.226	1.4490616E-010
5.227	1.2406352E-010
5.228	1.0559253E-010
5.229	8.9951928E-011
5.23	7.7529184E-011
5.231	6.8631156E-011
5.232	6.3476509E-011
5.233	6.2190315E-011
5.234	6.4801331E-011
5.235	7.1241318E-011
5.236	8.1347012E-011
5.237	9.4864248E-011
5.238	1.1145445E-010
5.239	1.3070298E-010
5.24	1.5212960E-010
5.241	1.7520055E-010
5.242	1.9934145E-010
5.243	2.2395215E-010
5.244	2.4842145E-010
5.245	2.7214250E-010
5.246	2.9452785E-010
5.247	3.1502431E-010
5.248	3.3312644E-010
5.249	3.4838954E-010
5.25	3.6044001E-010
5.251	3.6898470E-010
5.252	3.7381861E-010
5.253	3.7482872E-010
5.254	3.7199785E-010
5.255	3.6540360E-010
5.256	3.5521747E-010
5.257	3.4169953E-010
5.258	3.2519237E-010
5.259	3.0611183E-010
5.26	2.8493743E-010
5.261	2.6219918E-010
5.262	2.3846569E-010
5.263	2.1432855E-010
5.264	1.9038886E-010
5.265	1.6724164E-010
5.266	1.4546098E-010
5.267	1.2558615E-010
5.268	1.0810758E-010
5.269	9.3455285E-011
5.27	8.1987965E-011
5.271	7.3984131E-011
5.272	6.9635540E-011
5.273	6.9042390E-011
5.274	7.2211188E-011
5.275	7.9054784E-011
5.276	8.9394513E-011
5.277	1.0296521E-010
5.278	1.1942183E-010
5.279	1.3834833E-010
5.28	1.5926828E-010
5.281	1.8165712E-010
5.282	2.0495516E-010
5.283	2.2858199E-010
5.284	2.5195063E-010
5.285	2.7448221E-010
5.286	2.9562069E-010
5.287	3.1484537E-010
5.288	3.3168471E-010
5.289	3.4572742E-010
5.29	3.5663256E-010
5.291	3.6413736E-010
5.292	3.6806475E-010
5.293	3.6832681E-010
5.294	3.6492681E-010
5.295	3.5795927E-010
5.296	3.4760694E-010
5.297	3.3413633E-010
5.298	3.1789016E-010
5.299	2.9927860E-010
5.3	2.7876934E-010
5.301	2.5687488E-010
5.302	2.3414051E-010
5.303	2.1113028E-010
5.304	1.8841331E-010
5.305	1.6655023E-010
5.306	1.4607880E-010
5.307	1.2750127E-010
5.308	1.1127187E-010
5.309	9.7785682E-011
5.31	8.7368890E-011
5.311	8.0270568E-011
5.312	7.6656778E-011
5.313	7.6606423E-011
5.314	8.0109405E-011
5.315	8.7067221E-011
5.316	9.7295602E-011
5.317	1.1052956E-010
5.318	1.2643032E-010
5.319	1.4459398E-010
5.32	1.6456196E-010
5.321	1.8583241E-010
5.322	2.0787301E-010
5.323	2.3013402E-010
5.324	2.5206193E-010
5.325	2.7311312E-010
5.326	2.9276762E-010
5.327	3.1054112E-010
5.328	3.2599767E-010
5.329	3.3876005E-010
5.33	3.4851880E-010
5.331	3.5503989E-010
5.332	3.5817038E-010
5.333	3.5784142E-010
5.334	3.5407074E-010
5.335	3.4696077E-010
5.336	3.3669698E-010
5.337	3.2354222E-010
5.338	3.0783034E-010
5.339	2.8995764E-010
5.34	2.7037267E-010
5.341	2.4956462E-010
5.342	2.2805176E-010
5.343	2.0636742E-010
5.344	1.8504732E-010
5.345	1.6461599E-010
5.346	1.4557394E-010
5.347	1.2838518E-010
5.348	1.1346628E-010
5.349	1.0117604E-010
5.35	9.1806888E-011
5.351	8.5578024E-011
5.352	8.2630187E-011
5.353	8.3022436E-011
5.354	8.6730921E-011
5.355	9.3649831E-011
5.356	1.0359392E-010
5.357	1.1630360E-010
5.358	1.3145149E-010
5.359	1.4865080E-010
5.36	1.6746506E-010
5.361	1.8741958E-010
5.362	2.0801301E-010
5.363	2.2873024E-010
5.364	2.4905514E-010
5.365	2.6848340E-010
5.366	2.8653516E-010
5.367	3.0276603E-010
5.368	3.1677877E-010
5.369	3.2823233E-010
5.37	3.3685021E-010
5.371	3.4242675E-010
5.372	3.4483247E-010
5.373	3.4401632E-010
5.374	3.4000697E-010
5.375	3.3291225E-010
5.376	3.2291528E-010
5.377	3.1027039E-010
5.378	2.9529656E-010
5.379	2.7836902E-010
5.38	2.5991023E-010
5.381	2.4037883E-010
5.382	2.2025874E-010
5.383	2.0004619E-010
5.384	1.8023817E-010
5.385	1.6131967E-010
5.386	1.4375176E-010
5.387	1.2795992E-010
5.388	1.1432440E-010
5.389	1.0317025E-010
5.39	9.4759825E-011
5.391	8.9286599E-011
5.392	8.6870719E-011
5.393	8.7556205E-011
5.394	9.1310334E-011
5.395	9.8024644E-011
5.396	1.0751793E-010
5.397	1.1954090E-010
5.398	1.3378269E-010
5.399	1.4987864E-010
5.4	1.6741969E-010
5.401	1.8596243E-010
5.402	2.0504050E-010
5.403	2.2417609E-010
5.404	2.4289190E-010
5.405	2.6072308E-010
5.406	2.7722843E-010
5.407	2.9200098E-010
5.408	3.0467864E-010
5.409	3.1495229E-010
5.41	3.2257322E-010
5.411	3.2735936E-010
5.412	3.2919931E-010
5.413	3.2805478E-010
5.414	3.2396139E-010
5.415	3.1702757E-010
5.416	3.0743141E-010
5.417	2.9541591E-010
5.418	2.8128316E-010
5.419	2.6538582E-010
5.42	2.4811941E-010
5.421	2.2991112E-010
5.422	2.1120981E-010
5.423	1.9247498E-010
5.424	1.7416489E-010
5.425	1.5672577E-010
5.426	1.4058057E-010
5.427	1.2611857E-010
5.428	1.1368618E-010
5.429	1.0357821E-010
5.43	9.6031037E-011
5.431	9.1216514E-011
5.432	8.9238450E-011
5.433	9.0129799E-011
5.434	9.3852384E-011
5.435	1.0029799E-010
5.436	1.0929140E-010
5.437	1.2059513E-010
5.438	1.3391545E-010
5.439	1.4891002E-010
5.44	1.6519663E-010
5.441	1.8236281E-010
5.442	1.9997608E-010
5.443	2.1759472E-010
5.444	2.3477850E-010
5.445	2.5109986E-010
5.446	2.6615410E-010
5.447	2.7956945E-010
5.448	2.9101593E-010
5.449	3.0021355E-010
5.45	3.0693889E-010
5.451	3.1103076E-010
5.452	3.1239342E-010
5.453	3.1099900E-010
5.454	3.0688810E-010
5.455	3.0016806E-010
5.456	2.9100994E-010
5.457	2.7964495E-010
5.458	2.6635710E-010
5.459	2.5147706E-010
5.46	2.3537336E-010
5.461	2.1844344E-010
5.462	2.0110345E-010
5.463	1.8377808E-010
5.464	1.6689006E-010
5.465	1.5084964E-010
5.466	1.3604444E-010
5.467	1.2283009E-010
5.468	1.1152151E-010
5.469	1.0238518E-010
5.47	9.5633113E-011
5.471	9.1417547E-011
5.472	8.9827687E-011
5.473	9.0887506E-011
5.474	9.4555565E-011
5.475	1.0072592E-010
5.476	1.0923126E-010
5.477	1.1984697E-010
5.478	1.3229717E-010
5.479	1.4626136E-010
5.48	1.6138300E-010
5.481	1.7727846E-010
5.482	1.9354642E-010
5.483	2.0977819E-010
5.484	2.2556784E-010
5.485	2.4052199E-010
5.486	2.5426999E-010
5.487	2.6647215E-010
5.488	2.7682842E-010
5.489	2.8508582E-010
5.49	2.9104394E-010
5.491	2.9455993E-010
5.492	2.9555139E-010
5.493	2.9399883E-010
5.494	2.8994507E-010
5.495	2.8349437E-010
5.496	2.7480929E-010
5.497	2.6410668E-010
5.498	2.5165181E-010
5.499	2.3775235E-010
5.5	2.2275015E-010
5.501	2.0701323E-010
5.502	1.9092655E-010
5.503	1.7488273E-010
5.504	1.5927230E-010
5.505	1.4447392E-010
5.506	1.3084535E-010
5.507	1.1871391E-010
5.508	1.0836898E-010
5.509	1.0005453E-010
5.51	9.3963261E-011
5.511	9.0232120E-011
5.512	8.8939245E-011
5.513	9.0102328E-011
5.514	9.3678572E-011
5.515	9.9565994E-011
5.516	1.0760635E-010
5.517	1.1758897E-010
5.518	1.2925612E-010
5.519	1.4230940E-010
5.52	1.5641698E-010
5.521	1.7122201E-010
5.522	1.8635134E-010
5.523	2.0142496E-010
5.524	2.1606526E-010
5.525	2.2990689E-010
5.526	2.4260524E-010
5.527	2.5384581E-010
5.528	2.6335084E-010
5.529	2.7088659E-010
5.53	2.7626917E-010
5.531	2.7936800E-010
5.532	2.8010935E-010
5.533	2.7847782E-010
5.534	2.7451666E-010
5.535	2.6832567E-010
5.536	2.6006025E-010
5.537	2.4992555E-010
5.538	2.3817276E-010
5.539	2.2509196E-010
5.54	2.1100532E-010
5.541	1.9625877E-010
5.542	1.8121367E-010
5.543	1.6623770E-010
5.544	1.5169581E-010
5.545	1.3794135E-010
5.546	1.2530740E-010
5.547	1.1409856E-010
5.548	1.0458369E-010
5.549	9.6989278E-011
5.55	9.1494014E-011
5.551	8.8224511E-011
5.552	8.7252233E-011
5.553	8.8591856E-011
5.554	9.2201129E-011
5.555	9.7981789E-011
5.556	1.0578249E-010
5.557	1.1540224E-010
5.558	1.2659584E-010
5.559	1.3907983E-010
5.56	1.5253976E-010
5.561	1.6663784E-010
5.562	1.8102153E-010
5.563	1.9533192E-010
5.564	2.0921299E-010
5.565	2.2231973E-010
5.566	2.3432711E-010
5.567	2.4493776E-010
5.568	2.5388910E-010
5.569	2.6095970E-010
5.57	2.6597544E-010
5.571	2.6881258E-010
5.572	2.6940172E-010
5.573	2.6772889E-010
5.574	2.6383606E-010
5.575	2.5781974E-010
5.576	2.4982880E-010
5.577	2.4006025E-010
5.578	2.2875500E-010
5.579	2.1619086E-010
5.58	2.0267690E-010
5.581	1.8854535E-010
5.582	1.7414366E-010
5.583	1.5982618E-010
5.584	1.4594566E-010
5.585	1.3284455E-010
5.586	1.2084678E-010
5.587	1.1024947E-010
5.588	1.0131587E-010
5.589	9.4268635E-011
5.59	8.9284413E-011
5.591	8.6489309E-011
5.592	8.5955972E-011
5.593	8.7701651E-011
5.594	9.1687810E-011
5.595	9.7821216E-011
5.596	1.0595604E-010
5.597	1.1589756E-010
5.598	1.2740668E-010
5.599	1.4020601E-010
5.6	1.5398614E-010
5.601	1.6841353E-010
5.602	1.8313820E-010
5.603	1.9780223E-010
5.604	2.1204850E-010
5.605	2.2552883E-010
5.606	2.3791275E-010
5.607	2.4889552E-010
5.608	2.5820537E-010
5.609	2.6561042E-010
5.61	2.7092467E-010
5.611	2.7401240E-010
5.612	2.7479238E-010
5.613	2.7323965E-010
5.614	2.6938712E-010
5.615	2.6332445E-010
5.616	2.5519639E-010
5.617	2.4520058E-010
5.618	2.3358154E-010
5.619	2.2062681E-010
5.62	2.0665962E-010
5.621	1.9203203E-010
5.622	1.7711695E-010
5.623	1.6229990E-010
5.624	1.4797044E-010
5.625	1.3451353E-010
5.626	1.2230074E-010
5.627	1.1168221E-010
5.628	1.0297836E-010
5.629	9.6473031E-011
5.63	9.2406659E-011
5.631	9.0970870E-011
5.632	9.2304074E-011
5.633	9.6487839E-011
5.634	1.0354523E-010
5.635	1.1343963E-010
5.636	1.2607546E-010
5.637	1.4129996E-010
5.638	1.5890601E-010
5.639	1.7863662E-010
5.64	2.0018993E-010
5.641	2.2322562E-010
5.642	2.4737190E-010
5.643	2.7223288E-010
5.644	2.9739700E-010
5.645	3.2244485E-010
5.646	3.4695849E-010
5.647	3.7052861E-010
5.648	3.9276321E-010
5.649	4.1329504E-010
5.65	4.3178849E-010
5.651	4.4794563E-010
5.652	4.6151186E-010
5.653	4.7228010E-010
5.654	4.8009396E-010
5.655	4.8485010E-010
5.656	4.8649956E-010
5.657	4.8504695E-010
5.658	4.8055032E-010
5.659	4.7311849E-010
5.66	4.6290782E-010
5.661	4.5011816E-010
5.662	4.3498810E-010
5.663	4.1778925E-010
5.664	3.9882006E-010
5.665	3.7839892E-010
5.666	3.5685740E-010
5.667	3.3453315E-010
5.668	3.1176242E-010
5.669	2.8887392E-010
5.67	2.6618194E-010
5.671	2.4398106E-010
5.672	2.2254061E-010
5.673	2.0210102E-010
5.674	1.8286993E-010
5.675	1.6501994E-010
5.676	1.4868659E-010
5.677	1.3396778E-010
5.678	1.2092315E-010
5.679	1.0957538E-010
5.68	9.9911267E-011
5.681	9.1884111E-011
5.682	8.5416799E-011
5.683	8.0404981E-011
5.684	7.6721560E-011
5.685	7.4220921E-011
5.686	7.2743728E-011
5.687	7.2121822E-011
5.688	7.2182954E-011
5.689	7.2755718E-011
5.69	7.3673866E-011
5.691	7.4780501E-011
5.692	7.5931796E-011
5.693	7.7000267E-011
5.694	7.7877170E-011
5.695	7.8474761E-011
5.696	7.8727344E-011
5.697	7.8592126E-011
5.698	7.8049026E-011
5.699	7.7100056E-011
5.7	7.5768093E-011
5.701	7.4094945E-011
5.702	7.2139107E-011
5.703	6.9972965E-011
5.704	6.7679876E-011
5.705	6.5350815E-011
5.706	6.3080839E-011
5.707	6.0965878E-011
5.708	5.9099017E-011
5.709	5.7567527E-011
5.71	5.6449612E-011
5.711	5.5811984E-011
5.712	5.5707404E-011
5.713	5.6173032E-011
5.714	5.7229010E-011
5.715	5.8877778E-011
5.716	6.1103747E-011
5.717	6.3873656E-011
5.718	6.7137330E-011
5.719	7.0829044E-011
5.72	7.4869159E-011
5.721	7.9166451E-011
5.722	8.3620541E-011
5.723	8.8124716E-011
5.724	9.2568682E-011
5.725	9.6841930E-011
5.726	1.0083660E-010
5.727	1.0445048E-010
5.728	1.0758993E-010
5.729	1.1017243E-010
5.73	1.1212894E-010
5.731	1.1340581E-010
5.732	1.1396632E-010
5.733	1.1379182E-010
5.734	1.1288239E-010
5.735	1.1125678E-010
5.736	1.0895219E-010
5.737	1.0602337E-010
5.738	1.0254106E-010
5.739	9.8590656E-011
5.74	9.4269578E-011
5.741	8.9685162E-011
5.742	8.4951893E-011
5.743	8.0188245E-011
5.744	7.5513977E-011
5.745	7.1046780E-011
5.746	6.6899493E-011
5.747	6.3177012E-011
5.748	5.9973561E-011
5.749	5.7370334E-011
5.75	5.5433411E-011
5.751	5.4211923E-011
5.752	5.3736873E-011
5.753	5.4020354E-011
5.754	5.5055148E-011
5.755	5.6815011E-011
5.756	5.9255330E-011
5.757	6.2314244E-011
5.758	6.5914170E-011
5.759	6.9963972E-011
5.76	7.4360948E-011
5.761	7.8993742E-011
5.762	8.3744928E-011
5.763	8.8494045E-011
5.764	9.3120622E-011
5.765	9.7507190E-011
5.766	1.0154223E-010
5.767	1.0512301E-010
5.768	1.0815815E-010
5.769	1.1056983E-010
5.77	1.1229594E-010
5.771	1.1329138E-010
5.772	1.1352939E-010
5.773	1.1300198E-010
5.774	1.1172031E-010
5.775	1.0971425E-010
5.776	1.0703162E-010
5.777	1.0373692E-010
5.778	9.9909692E-011
5.779	9.5642556E-011
5.78	9.1038843E-011
5.781	8.6209886E-011
5.782	8.1272392E-011
5.783	7.6345388E-011
5.784	7.1547344E-011
5.785	6.6993182E-011
5.786	6.2791355E-011
5.787	5.9041327E-011
5.788	5.5831020E-011
5.789	5.3234629E-011
5.79	5.1310924E-011
5.791	5.0101763E-011
5.792	4.9631129E-011
5.793	4.9904633E-011
5.794	5.0909298E-011
5.795	5.2614090E-011
5.796	5.4970639E-011
5.797	5.7914559E-011
5.798	6.1367050E-011
5.799	6.5236989E-011
5.8	6.9423217E-011
5.801	7.3817022E-011
5.802	7.8305015E-011
5.803	8.2771824E-011
5.804	8.7103019E-011
5.805	9.1187988E-011
5.806	9.4922604E-011
5.807	9.8211696E-011
5.808	1.0097157E-010
5.809	1.0313186E-010
5.81	1.0463725E-010
5.811	1.0544882E-010
5.812	1.0554504E-010
5.813	1.0492199E-010
5.814	1.0359370E-010
5.815	1.0159145E-010
5.816	9.8963171E-011
5.817	9.5772029E-011
5.818	9.2094769E-011
5.819	8.8019918E-011
5.82	8.3645327E-011
5.821	7.9075947E-011
5.822	7.4421004E-011
5.823	6.9791325E-011
5.824	6.5296650E-011
5.825	6.1042976E-011
5.826	5.7129718E-011
5.827	5.3647559E-011
5.828	5.0675998E-011
5.829	4.8281615E-011
5.83	4.6516381E-011
5.831	4.5416438E-011
5.832	4.5001284E-011
5.833	4.5273431E-011
5.834	4.6218286E-011
5.835	4.7804698E-011
5.836	4.9985814E-011
5.837	5.2700275E-011
5.838	5.5873802E-011
5.839	5.9421176E-011
5.84	6.3248434E-011
5.841	6.7255097E-011
5.842	7.1336839E-011
5.843	7.5388029E-011
5.844	7.9304383E-011
5.845	8.2985473E-011
5.846	8.6337153E-011
5.847	8.9273935E-011
5.848	9.1720957E-011
5.849	9.3615789E-011
5.85	9.4909927E-011
5.851	9.5569871E-011
5.852	9.5577914E-011
5.853	9.4932534E-011
5.854	9.3648332E-011
5.855	9.1755617E-011
5.856	8.9299575E-011
5.857	8.6339193E-011
5.858	8.2945678E-011
5.859	7.9200473E-011
5.86	7.5193449E-011
5.861	7.1020467E-011
5.862	6.6780852E-011
5.863	6.2575049E-011
5.864	5.8502030E-011
5.865	5.4656831E-011
5.866	5.1128227E-011
5.867	4.7996652E-011
5.868	4.5332290E-011
5.869	4.3193314E-011
5.87	4.1624794E-011
5.871	4.0657509E-011
5.872	4.0307278E-011
5.873	4.0574755E-011
5.874	4.1445361E-011
5.875	4.2889765E-011
5.876	4.4864619E-011
5.877	4.7313736E-011
5.878	5.0169497E-011
5.879	5.3354605E-011
5.88	5.6784029E-011
5.881	6.0367225E-011
5.882	6.4010346E-011
5.883	6.7618633E-011
5.884	7.1098814E-011
5.885	7.4361274E-011
5.886	7.7322260E-011
5.887	7.9906047E-011
5.888	8.2046592E-011
5.889	8.3689118E-011
5.89	8.4791521E-011
5.891	8.5325226E-011
5.892	8.5275800E-011
5.893	8.4643320E-011
5.894	8.3442274E-011
5.895	8.1701028E-011
5.896	7.9461125E-011
5.897	7.6776197E-011
5.898	7.3710461E-011
5.899	7.0337250E-011
5.9	6.6736998E-011
5.901	6.2995345E-011
5.902	5.9200887E-011
5.903	5.5443074E-011
5.904	5.1809904E-011
5.905	4.8385775E-011
5.906	4.5249440E-011
5.907	4.2472029E-011
5.908	4.0115421E-011
5.909	3.8230689E-011
5.91	3.6856969E-011
5.911	3.6020548E-011
5.912	3.5734356E-011
5.913	3.5997684E-011
5.914	3.6796271E-011
5.915	3.8102795E-011
5.916	3.9877584E-011
5.917	4.2069612E-011
5.918	4.4617903E-011
5.919	4.7453031E-011
5.92	5.0498900E-011
5.921	5.3674669E-011
5.922	5.6896734E-011
5.923	6.0080906E-011
5.924	6.3144413E-011
5.925	6.6007991E-011
5.926	6.8597801E-011
5.927	7.0847279E-011
5.928	7.2698646E-011
5.929	7.4104431E-011
5.93	7.5028428E-011
5.931	7.5446649E-011
5.932	7.5347624E-011
5.933	7.4732900E-011
5.934	7.3616578E-011
5.935	7.2025205E-011
5.936	6.9996738E-011
5.937	6.7579713E-011
5.938	6.4831931E-011
5.939	6.1818890E-011
5.94	5.8612316E-011
5.941	5.5288184E-011
5.942	5.1924950E-011
5.943	4.8601515E-011
5.944	4.5395302E-011
5.945	4.2380391E-011
5.946	3.9625699E-011
5.947	3.7193301E-011
5.948	3.5136904E-011
5.949	3.3500622E-011
5.95	3.2317950E-011
5.951	3.1610964E-011
5.952	3.1389884E-011
5.953	3.1652868E-011
5.954	3.2386163E-011
5.955	3.3564519E-011
5.956	3.5151861E-011
5.957	3.7102304E-011
5.958	3.9361240E-011
5.959	4.1866871E-011
5.96	4.4551675E-011
5.961	4.7344177E-011
5.962	5.0170649E-011
5.963	5.2957087E-011
5.964	5.5630854E-011
5.965	5.8122590E-011
5.966	6.0367898E-011
5.967	6.2308832E-011
5.968	6.3895403E-011
5.969	6.5086651E-011
5.97	6.5851720E-011
5.971	6.6170458E-011
5.972	6.6033914E-011
5.973	6.5444476E-011
5.974	6.4415660E-011
5.975	6.2971864E-011
5.976	6.1147462E-011
5.977	5.8986004E-011
5.978	5.6539131E-011
5.979	5.3865142E-011
5.98	5.1027550E-011
5.981	4.8093494E-011
5.982	4.5132034E-011
5.983	4.2212490E-011
5.984	3.9402676E-011
5.985	3.6767336E-011
5.986	3.4366444E-011
5.987	3.2253828E-011
5.988	3.0475903E-011
5.989	2.9070498E-011
5.99	2.8065975E-011
5.991	2.7480644E-011
5.992	2.7322311E-011
5.993	2.7588177E-011
5.994	2.8264995E-011
5.995	2.9329431E-011
5.996	3.0748768E-011
5.997	3.2481722E-011
5.998	3.4479621E-011
5.999	3.6687507E-011
6	3.9045739E-011
6.001	4.1491283E-011
6.002	4.3959437E-011
6.003	4.6385364E-011
6.004	4.8705717E-011
6.005	5.0860139E-011
6.006	5.2792819E-011
6.007	5.4453751E-011
6.008	5.5799972E-011
6.009	5.6796619E-011
6.01	5.7417664E-011
6.011	5.7646533E-011
6.012	5.7476496E-011
6.013	5.6910712E-011
6.014	5.5962127E-011
6.015	5.4653095E-011
6.016	5.3014745E-011
6.017	5.1086142E-011
6.018	4.8913304E-011
6.019	4.6547946E-011
6.02	4.4046208E-011
6.021	4.1467201E-011
6.022	3.8871566E-011
6.023	3.6319881E-011
6.024	3.3871302E-011
6.025	3.1582032E-011
6.026	2.9503924E-011
6.027	2.7683352E-011
6.028	2.6159998E-011
6.029	2.4965960E-011
6.03	2.4124987E-011
6.031	2.3651957E-011
6.032	2.3552547E-011
6.033	2.3823157E-011
6.034	2.4451063E-011
6.035	2.5414778E-011
6.036	2.6684667E-011
6.037	2.8223736E-011
6.038	2.9988571E-011
6.039	3.1930528E-011
6.04	3.3996896E-011
6.041	3.6132264E-011
6.042	3.8279949E-011
6.043	4.0383304E-011
6.044	4.2387222E-011
6.045	4.4239425E-011
6.046	4.5891763E-011
6.047	4.7301340E-011
6.048	4.8431582E-011
6.049	4.9253067E-011
6.05	4.9744212E-011
6.051	4.9891750E-011
6.052	4.9690949E-011
6.053	4.9145740E-011
6.054	4.8268594E-011
6.055	4.7080031E-011
6.056	4.5608232E-011
6.057	4.3888188E-011
6.058	4.1960845E-011
6.059	3.9872054E-011
6.06	3.7671380E-011
6.061	3.5410848E-011
6.062	3.3143644E-011
6.063	3.0922688E-011
6.064	2.8799419E-011
6.065	2.6822423E-011
6.066	2.5036329E-011
6.067	2.3480677E-011
6.068	2.2189054E-011
6.069	2.1188240E-011
6.07	2.0497680E-011
6.071	2.0129023E-011
6.072	2.0085936E-011
6.073	2.0364032E-011
6.074	2.0951055E-011
6.075	2.1827222E-011
6.076	2.2965777E-011
6.077	2.4333648E-011
6.078	2.5892361E-011
6.079	2.7598939E-011
6.08	2.9407050E-011
6.081	3.1268137E-011
6.082	3.3132656E-011
6.083	3.4951216E-011
6.084	3.6675923E-011
6.085	3.8261509E-011
6.086	3.9666426E-011
6.087	4.0853921E-011
6.088	4.1792889E-011
6.089	4.2458669E-011
6.09	4.2833556E-011
6.091	4.2907265E-011
6.092	4.2677074E-011
6.093	4.2147851E-011
6.094	4.1331893E-011
6.095	4.0248496E-011
6.096	3.8923444E-011
6.097	3.7388332E-011
6.098	3.5679761E-011
6.099	3.3838293E-011
6.1	3.1907525E-011
6.101	2.9932910E-011
6.102	2.7960719E-011
6.103	2.6036805E-011
6.104	2.4205549E-011
6.105	2.2508748E-011
6.106	2.0984589E-011
6.107	1.9666763E-011
6.108	1.8583619E-011
6.109	1.7757504E-011
6.11	1.7204247E-011
6.111	1.6932802E-011
6.112	1.6945065E-011
6.113	1.7235907E-011
6.114	1.7793303E-011
6.115	1.8598737E-011
6.116	1.9627647E-011
6.117	2.0850136E-011
6.118	2.2231708E-011
6.119	2.3734159E-011
6.12	2.5316560E-011
6.121	2.6936283E-011
6.122	2.8550075E-011
6.123	3.0115119E-011
6.124	3.1590088E-011
6.125	3.2936241E-011
6.126	3.4118243E-011
6.127	3.5105120E-011
6.128	3.5870962E-011
6.129	3.6395487E-011
6.13	3.6664598E-011
6.131	3.6670614E-011
6.132	3.6412481E-011
6.133	3.5895696E-011
6.134	3.5132185E-011
6.135	3.4139896E-011
6.136	3.2942385E-011
6.137	3.1568172E-011
6.138	3.0049942E-011
6.139	2.8423737E-011
6.14	2.6728052E-011
6.141	2.5002857E-011
6.142	2.3288545E-011
6.143	2.1624997E-011
6.144	2.0050546E-011
6.145	1.8601055E-011
6.146	1.7309067E-011
6.147	1.6202996E-011
6.148	1.5306444E-011
6.149	1.4637666E-011
6.15	1.4209145E-011
6.151	1.4027304E-011
6.152	1.4092387E-011
6.153	1.4398508E-011
6.154	1.4933806E-011
6.155	1.5680818E-011
6.156	1.6616921E-011
6.157	1.7714984E-011
6.158	1.8944010E-011
6.159	2.0269984E-011
6.16	2.1656755E-011
6.161	2.3066889E-011
6.162	2.4462670E-011
6.163	2.5806975E-011
6.164	2.7064231E-011
6.165	2.8201285E-011
6.166	2.9188148E-011
6.167	2.9998799E-011
6.168	3.0611767E-011
6.169	3.1010642E-011
6.17	3.1184454E-011
6.171	3.1127937E-011
6.172	3.0841600E-011
6.173	3.0331709E-011
6.174	2.9610061E-011
6.175	2.8693667E-011
6.176	2.7604290E-011
6.177	2.6367866E-011
6.178	2.5013805E-011
6.179	2.3574261E-011
6.18	2.2083292E-011
6.181	2.0576006E-011
6.182	1.9087671E-011
6.183	1.7652846E-011
6.184	1.6304536E-011
6.185	1.5073380E-011
6.186	1.3986885E-011
6.187	1.3068806E-011
6.188	1.2338559E-011
6.189	1.1810756E-011
6.19	1.1494884E-011
6.191	1.1395107E-011
6.192	1.1510166E-011
6.193	1.1833482E-011
6.194	1.2353323E-011
6.195	1.3053145E-011
6.196	1.3912043E-011
6.197	1.4905284E-011
6.198	1.6004960E-011
6.199	1.7180698E-011
6.2	1.8400425E-011
6.201	1.9631175E-011
6.202	2.0839936E-011
6.203	2.1994431E-011
6.204	2.3063957E-011
6.205	2.4020123E-011
6.206	2.4837564E-011
6.207	2.5494534E-011
6.208	2.5973466E-011
6.209	2.6261346E-011
6.21	2.6350030E-011
6.211	2.6236426E-011
6.212	2.5922528E-011
6.213	2.5415288E-011
6.214	2.4726504E-011
6.215	2.3872392E-011
6.216	2.2873228E-011
6.217	2.1752766E-011
6.218	2.0537653E-011
6.219	1.9256725E-011
6.22	1.7940283E-011
6.221	1.6619327E-011
6.222	1.5324787E-011
6.223	1.4086741E-011
6.224	1.2933653E-011
6.225	1.1891719E-011
6.226	1.0984177E-011
6.227	1.0230784E-011
6.228	9.6473298E-012
6.229	9.2452625E-012
6.23	9.0314483E-012
6.231	9.0080087E-012
6.232	9.1722957E-012
6.233	9.5169922E-012
6.234	1.0030323E-011
6.235	1.0696337E-011
6.236	1.1495386E-011
6.237	1.2404590E-011
6.238	1.3398462E-011
6.239	1.4449557E-011
6.24	1.5529179E-011
6.241	1.6608112E-011
6.242	1.7657351E-011
6.243	1.8648846E-011
6.244	1.9556174E-011
6.245	2.0355214E-011
6.246	2.1024694E-011
6.247	2.1546738E-011
6.248	2.1907252E-011
6.249	2.2096300E-011
6.25	2.2108244E-011
6.251	2.1941936E-011
6.252	2.1600669E-011
6.253	2.1092076E-011
6.254	2.0427935E-011
6.255	1.9623827E-011
6.256	1.8698758E-011
6.257	1.7674641E-011
6.258	1.6575798E-011
6.259	1.5428252E-011
6.26	1.4259179E-011
6.261	1.3096134E-011
6.262	1.1966391E-011
6.263	1.0896261E-011
6.264	9.9104154E-012
6.265	9.0312809E-012
6.266	8.2784803E-012
6.267	7.6683529E-012
6.268	7.2135574E-012
6.269	6.9227861E-012
6.27	6.8005688E-012
6.271	6.8471843E-012
6.272	7.0586779E-012
6.273	7.4269957E-012
6.274	7.9402058E-012
6.275	8.5828220E-012
6.276	9.3362150E-012
6.277	1.0179095E-011
6.278	1.1088071E-011
6.279	1.2038223E-011
6.28	1.3003762E-011
6.281	1.3958655E-011
6.282	1.4877301E-011
6.283	1.5735137E-011
6.284	1.6509275E-011
6.285	1.7179048E-011
6.286	1.7726516E-011
6.287	1.8136900E-011
6.288	1.8398946E-011
6.289	1.8505163E-011
6.29	1.8452002E-011
6.291	1.8239937E-011
6.292	1.7873392E-011
6.293	1.7360653E-011
6.294	1.6713630E-011
6.295	1.5947500E-011
6.296	1.5080392E-011
6.297	1.4132829E-011
6.298	1.3127292E-011
6.299	1.2087609E-011
6.3	1.1038352E-011
6.301	1.0004227E-011
6.302	9.0094729E-012
6.303	8.0772238E-012
6.304	7.2289553E-012
6.305	6.4839362E-012
6.306	5.8587670E-012
6.307	5.3669625E-012
6.308	5.0186426E-012
6.309	4.8202818E-012
6.31	4.7745835E-012
6.311	4.8804242E-012
6.312	5.1329010E-012
6.313	5.5234840E-012
6.314	6.0402438E-012
6.315	6.6681652E-012
6.316	7.3895386E-012
6.317	8.1844193E-012
6.318	9.0311239E-012
6.319	9.9067872E-012
6.32	1.0787935E-011
6.321	1.1651075E-011
6.322	1.2473270E-011
6.323	1.3232731E-011
6.324	1.3909327E-011
6.325	1.4485106E-011
6.326	1.4944716E-011
6.327	1.5275782E-011
6.328	1.5469190E-011
6.329	1.5519318E-011
6.33	1.5424136E-011
6.331	1.5185259E-011
6.332	1.4807867E-011
6.333	1.4300593E-011
6.334	1.3675252E-011
6.335	1.2946551E-011
6.336	1.2131718E-011
6.337	1.1250043E-011
6.338	1.0322411E-011
6.339	9.3707681E-012
6.34	8.4175679E-012
6.341	7.4852147E-012
6.342	6.5954889E-012
6.343	5.7690220E-012
6.344	5.0247701E-012
6.345	4.3795475E-012
6.346	3.8476453E-012
6.347	3.4404886E-012
6.348	3.1663994E-012
6.349	3.0304244E-012
6.35	3.0342558E-012
6.351	3.1762117E-012
6.352	3.4512974E-012
6.353	3.8513377E-012
6.354	4.3651740E-012
6.355	4.9789283E-012
6.356	5.6763413E-012
6.357	6.4391730E-012
6.358	7.2476539E-012
6.359	8.0809769E-012
6.36	8.9178213E-012
6.361	9.7368927E-012
6.362	1.0517436E-011
6.363	1.1239761E-011
6.364	1.1885702E-011
6.365	1.2439067E-011
6.366	1.2886005E-011
6.367	1.3215334E-011
6.368	1.3418806E-011
6.369	1.3491267E-011
6.37	1.3430798E-011
6.371	1.3238721E-011
6.372	1.2919586E-011
6.373	1.2481044E-011
6.374	1.1933672E-011
6.375	1.1290744E-011
6.376	1.0567902E-011
6.377	9.7827926E-012
6.378	8.9546105E-012
6.379	8.1035820E-012
6.38	7.2503778E-012
6.381	6.4154680E-012
6.382	5.6184753E-012
6.383	4.8775528E-012
6.384	4.2088490E-012
6.385	3.6261385E-012
6.386	3.1406060E-012
6.387	2.7608725E-012
6.388	2.4931470E-012
6.389	2.3414951E-012
6.39	2.3081222E-012
6.391	2.3935782E-012
6.392	2.5968392E-012
6.393	2.9152453E-012
6.394	3.3443183E-012
6.395	3.8775571E-012
6.396	4.5062465E-012
6.397	5.2194143E-012
6.398	6.0039196E-012
6.399	6.8447409E-012
6.4	7.7253915E-012
6.401	8.6284348E-012
6.402	9.5360456E-012
6.403	1.0430546E-011
6.404	1.1294890E-011
6.405	1.2113067E-011
6.406	1.2870420E-011
6.407	1.3553905E-011
6.408	1.4152253E-011
6.409	1.4656101E-011
6.41	1.5058052E-011
6.411	1.5352695E-011
6.412	1.5536645E-011
6.413	1.5608428E-011
6.414	1.5568505E-011
6.415	1.5419133E-011
6.416	1.5164285E-011
6.417	1.4809537E-011
6.418	1.4361980E-011
6.419	1.3830059E-011
6.42	1.3223511E-011
6.421	1.2553281E-011
6.422	1.1831424E-011
6.423	1.1071083E-011
6.424	1.0286475E-011
6.425	9.4929099E-012
6.426	8.7068356E-012
6.427	7.9459364E-012
6.428	7.2292302E-012
6.429	6.5772106E-012
6.43	6.0120155E-012
6.431	5.5575926E-012
6.432	5.2398667E-012
6.433	5.0869218E-012
6.434	5.1291367E-012
6.435	5.3993056E-012
6.436	5.9327274E-012
6.437	6.7672244E-012
6.438	7.9431080E-012
6.439	9.5030711E-012
6.44	1.1492004E-011
6.441	1.3956733E-011
6.442	1.6945643E-011
6.443	2.0508262E-011
6.444	2.4694712E-011
6.445	2.9555060E-011
6.446	3.5138635E-011
6.447	4.1493153E-011
6.448	4.8663854E-011
6.449	5.6692508E-011
6.45	6.5616276E-011
6.451	7.5466799E-011
6.452	8.6268936E-011
6.453	9.8039916E-011
6.454	1.1078825E-010
6.455	1.2451280E-010
6.456	1.3920208E-010
6.457	1.5483352E-010
6.458	1.7137278E-010
6.459	1.8877339E-010
6.46	2.0697630E-010
6.461	2.2590997E-010
6.462	2.4548985E-010
6.463	2.6561903E-010
6.464	2.8618830E-010
6.465	3.0707661E-010
6.466	3.2815226E-010
6.467	3.4927355E-010
6.468	3.7029016E-010
6.469	3.9104439E-010
6.47	4.1137294E-010
6.471	4.3110890E-010
6.472	4.5008317E-010
6.473	4.6812698E-010
6.474	4.8507409E-010
6.475	5.0076238E-010
6.476	5.1503679E-010
6.477	5.2775140E-010
6.478	5.3877108E-010
6.479	5.4797433E-010
6.48	5.5525406E-010
6.481	5.6052135E-010
6.482	5.6370453E-010
6.483	5.6475230E-010
6.484	5.6363414E-010
6.485	5.6034088E-010
6.486	5.5488530E-010
6.487	5.4730226E-010
6.488	5.3764859E-010
6.489	5.2600202E-010
6.49	5.1246180E-010
6.491	4.9714494E-010
6.492	4.8018739E-010
6.493	4.6174081E-010
6.494	4.4197138E-010
6.495	4.2105677E-010
6.496	3.9918527E-010
6.497	3.7655215E-010
6.498	3.5335840E-010
6.499	3.2980726E-010
6.5	3.0610209E-010
6.501	2.8244368E-010
6.502	2.5902780E-010
6.503	2.3604224E-010
6.504	2.1366520E-010
6.505	1.9206214E-010
6.506	1.7138459E-010
6.507	1.5176806E-010
6.508	1.3333050E-010
6.509	1.1617135E-010
6.51	1.0037046E-010
6.511	8.5987738E-011
6.512	7.3062695E-011
6.513	6.1614665E-011
6.514	5.1643186E-011
6.515	4.3128674E-011
6.516	3.6033457E-011
6.517	3.0302993E-011
6.518	2.5867376E-011
6.519	2.2643033E-011
6.52	2.0534541E-011
6.521	1.9436673E-011
6.522	1.9236411E-011
6.523	1.9815179E-011
6.524	2.1050949E-011
6.525	2.2820447E-011
6.526	2.5001229E-011
6.527	2.7473704E-011
6.528	3.0123015E-011
6.529	3.2840706E-011
6.53	3.5526363E-011
6.531	3.8088827E-011
6.532	4.0447420E-011
6.533	4.2532713E-011
6.534	4.4287279E-011
6.535	4.5665981E-011
6.536	4.6636174E-011
6.537	4.7177599E-011
6.538	4.7282029E-011
6.539	4.6952713E-011
6.54	4.6203694E-011
6.541	4.5058728E-011
6.542	4.3550344E-011
6.543	4.1718545E-011
6.544	3.9609545E-011
6.545	3.7274357E-011
6.546	3.4767349E-011
6.547	3.2144933E-011
6.548	2.9463966E-011
6.549	2.6780595E-011
6.55	2.4148836E-011
6.551	2.1619475E-011
6.552	1.9238994E-011
6.553	1.7048645E-011
6.554	1.5083755E-011
6.555	1.3373095E-011
6.556	1.1938483E-011
6.557	1.0794546E-011
6.558	9.9486374E-012
6.559	9.4009600E-012
6.56	9.1448082E-012
6.561	9.1669719E-012
6.562	9.4483119E-012
6.563	9.9643765E-012
6.564	1.0686203E-011
6.565	1.1581138E-011
6.566	1.2613739E-011
6.567	1.3746701E-011
6.568	1.4941815E-011
6.569	1.6160890E-011
6.57	1.7366629E-011
6.571	1.8523546E-011
6.572	1.9598666E-011
6.573	2.0562293E-011
6.574	2.1388584E-011
6.575	2.2056017E-011
6.576	2.2547804E-011
6.577	2.2852111E-011
6.578	2.2962214E-011
6.579	2.2876465E-011
6.58	2.2598182E-011
6.581	2.2135422E-011
6.582	2.1500614E-011
6.583	2.0710138E-011
6.584	1.9783803E-011
6.585	1.8744291E-011
6.586	1.7616464E-011
6.587	1.6426771E-011
6.588	1.5202515E-011
6.589	1.3971191E-011
6.59	1.2759787E-011
6.591	1.1594167E-011
6.592	1.0498435E-011
6.593	9.4944200E-012
6.594	8.6011745E-012
6.595	7.8345880E-012
6.596	7.2070730E-012
6.597	6.7273426E-012
6.598	6.4003078E-012
6.599	6.2270354E-012
6.6	6.2048248E-012
6.601	6.3273757E-012
6.602	6.5850168E-012
6.603	6.9650336E-012
6.604	7.4520503E-012
6.605	8.0284642E-012
6.606	8.6749453E-012
6.607	9.3709276E-012
6.608	1.0095167E-011
6.609	1.0826264E-011
6.61	1.1543202E-011
6.611	1.2225847E-011
6.612	1.2855423E-011
6.613	1.3414951E-011
6.614	1.3889607E-011
6.615	1.4267040E-011
6.616	1.4537620E-011
6.617	1.4694601E-011
6.618	1.4734249E-011
6.619	1.4655836E-011
6.62	1.4461622E-011
6.621	1.4156707E-011
6.622	1.3748879E-011
6.623	1.3248341E-011
6.624	1.2667432E-011
6.625	1.2020249E-011
6.626	1.1322282E-011
6.627	1.0590001E-011
6.628	9.8404063E-012
6.629	9.0906163E-012
6.63	8.3574276E-012
6.631	7.6569220E-012
6.632	7.0040610E-012
6.633	6.4123555E-012
6.634	5.8935634E-012
6.635	5.4574283E-012
6.636	5.1114833E-012
6.637	4.8609064E-012
6.638	4.7084346E-012
6.639	4.6543516E-012
6.64	4.6965136E-012
6.641	4.8304529E-012
6.642	5.0495207E-012
6.643	5.3450972E-012
6.644	5.7068291E-012
6.645	6.1229207E-012
6.646	6.5804458E-012
6.647	7.0656970E-012
6.648	7.5645393E-012
6.649	8.0627579E-012
6.65	8.5464561E-012
6.651	9.0023379E-012
6.652	9.4180809E-012
6.653	9.7825966E-012
6.654	1.0086283E-011
6.655	1.0321240E-011
6.656	1.0481424E-011
6.657	1.0562774E-011
6.658	1.0563270E-011
6.659	1.0482939E-011
6.66	1.0323845E-011
6.661	1.0089984E-011
6.662	9.7871555E-012
6.663	9.4227976E-012
6.664	9.0057718E-012
6.665	8.5461169E-012
6.666	8.0547739E-012
6.667	7.5433106E-012
6.668	7.0236234E-012
6.669	6.5076247E-012
6.67	6.0069571E-012
6.671	5.5327088E-012
6.672	5.0951526E-012
6.673	4.7034997E-012
6.674	4.3656823E-012
6.675	4.0881903E-012
6.676	3.8759191E-012
6.677	3.7320789E-012
6.678	3.6581302E-012
6.679	3.6537852E-012
6.68	3.7170328E-012
6.681	3.8442183E-012
6.682	4.0301573E-012
6.683	4.2682980E-012
6.684	4.5508926E-012
6.685	4.8692235E-012
6.686	5.2138255E-012
6.687	5.5747325E-012
6.688	5.9417384E-012
6.689	6.3046395E-012
6.69	6.6534968E-012
6.691	6.9788715E-012
6.692	7.2720471E-012
6.693	7.5252521E-012
6.694	7.7318178E-012
6.695	7.8863392E-012
6.696	7.9848064E-012
6.697	8.0246565E-012
6.698	8.0048303E-012
6.699	7.9257885E-012
6.7	7.7894687E-012
6.701	7.5992103E-012
6.702	7.3596641E-012
6.703	7.0766440E-012
6.704	6.7569830E-012
6.705	6.4083305E-012
6.706	6.0389627E-012
6.707	5.6575625E-012
6.708	5.2729921E-012
6.709	4.8940795E-012
6.71	4.5293938E-012
6.711	4.1870374E-012
6.712	3.8744494E-012
6.713	3.5982361E-012
6.714	3.3640113E-012
6.715	3.1762800E-012
6.716	3.0383365E-012
6.717	2.9521975E-012
6.718	2.9185745E-012
6.719	2.9368714E-012
6.72	3.0052176E-012
6.721	3.1205297E-012
6.722	3.2786074E-012
6.723	3.4742469E-012
6.724	3.7013873E-012
6.725	3.9532665E-012
6.726	4.2226045E-012
6.727	4.5017753E-012
6.728	4.7830147E-012
6.729	5.0586111E-012
6.73	5.3210908E-012
6.731	5.5634061E-012
6.732	5.7791081E-012
6.733	5.9624961E-012
6.734	6.1087507E-012
6.735	6.2140449E-012
6.736	6.2756272E-012
6.737	6.2918681E-012
6.738	6.2623014E-012
6.739	6.1876029E-012
6.74	6.0695732E-012
6.741	5.9110711E-012
6.742	5.7159308E-012
6.743	5.4888516E-012
6.744	5.2352766E-012
6.745	4.9612393E-012
6.746	4.6732145E-012
6.747	4.3779451E-012
6.748	4.0822823E-012
6.749	3.7930002E-012
6.75	3.5166447E-012
6.751	3.2593639E-012
6.752	3.0267622E-012
6.753	2.8237696E-012
6.754	2.6545268E-012
6.755	2.5222864E-012
6.756	2.4293480E-012
6.757	2.3770077E-012
6.758	2.3655392E-012
6.759	2.3941996E-012
6.76	2.4612612E-012
6.761	2.5640635E-012
6.762	2.6990962E-012
6.763	2.8620906E-012
6.764	3.0481409E-012
6.765	3.2518285E-012
6.766	3.4673631E-012
6.767	3.6887294E-012
6.768	3.9098447E-012
6.769	4.1246980E-012
6.77	4.3275080E-012
6.771	4.5128610E-012
6.772	4.6758422E-012
6.773	4.8121520E-012
6.774	4.9182099E-012
6.775	4.9912275E-012
6.776	5.0292847E-012
6.777	5.0313508E-012
6.778	4.9973077E-012
6.779	4.9279448E-012
6.78	4.8249187E-012
6.781	4.6907105E-012
6.782	4.5285490E-012
6.783	4.3423234E-012
6.784	4.1364807E-012
6.785	3.9159093E-012
6.786	3.6858108E-012
6.787	3.4515700E-012
6.788	3.2186153E-012
6.789	2.9922850E-012
6.79	2.7776939E-012
6.791	2.5796110E-012
6.792	2.4023426E-012
6.793	2.2496306E-012
6.794	2.1245698E-012
6.795	2.0295356E-012
6.796	1.9661382E-012
6.797	1.9351866E-012
6.798	1.9366798E-012
6.799	1.9698169E-012
6.8	2.0330207E-012
6.801	2.1239900E-012
6.802	2.2397589E-012
6.803	2.3767793E-012
6.804	2.5310140E-012
6.805	2.6980423E-012
6.806	2.8731752E-012
6.807	3.0515746E-012
6.808	3.2283755E-012
6.809	3.3988116E-012
6.81	3.5583264E-012
6.811	3.7026888E-012
6.812	3.8280928E-012
6.813	3.9312468E-012
6.814	4.0094451E-012
6.815	4.0606320E-012
6.816	4.0834480E-012
6.817	4.0772468E-012
6.818	4.0421178E-012
6.819	3.9788671E-012
6.82	3.8889959E-012
6.821	3.7746568E-012
6.822	3.6385890E-012
6.823	3.4840460E-012
6.824	3.3147101E-012
6.825	3.1345961E-012
6.826	2.9479438E-012
6.827	2.7591122E-012
6.828	2.5724711E-012
6.829	2.3922910E-012
6.83	2.2226396E-012
6.831	2.0672823E-012
6.832	1.9295941E-012
6.833	1.8124784E-012
6.834	1.7183005E-012
6.835	1.6488342E-012
6.836	1.6052219E-012
6.837	1.5879567E-012
6.838	1.5968696E-012
6.839	1.6311460E-012
6.84	1.6893522E-012
6.841	1.7694752E-012
6.842	1.8689830E-012
6.843	1.9848899E-012
6.844	2.1138358E-012
6.845	2.2521776E-012
6.846	2.3960721E-012
6.847	2.5415822E-012
6.848	2.6847684E-012
6.849	2.8217884E-012
6.85	2.9489922E-012
6.851	3.0630103E-012
6.852	3.1608323E-012
6.853	3.2398854E-012
6.854	3.2980905E-012
6.855	3.3339104E-012
6.856	3.3463826E-012
6.857	3.3351375E-012
6.858	3.3004034E-012
6.859	3.2429896E-012
6.86	3.1642662E-012
6.861	3.0661181E-012
6.862	2.9508965E-012
6.863	2.8213579E-012
6.864	2.6805886E-012
6.865	2.5319239E-012
6.866	2.3788640E-012
6.867	2.2249882E-012
6.868	2.0738587E-012
6.869	1.9289338E-012
6.87	1.7934809E-012
6.871	1.6704970E-012
6.872	1.5626374E-012
6.873	1.4721527E-012
6.874	1.4008405E-012
6.875	1.3500065E-012
6.876	1.3204417E-012
6.877	1.3124078E-012
6.878	1.3256384E-012
6.879	1.3593498E-012
6.88	1.4122653E-012
6.881	1.4826456E-012
6.882	1.5683375E-012
6.883	1.6668255E-012
6.884	1.7752982E-012
6.885	1.8907204E-012
6.886	2.0099122E-012
6.887	2.1296274E-012
6.888	2.2466417E-012
6.889	2.3578266E-012
6.89	2.4602319E-012
6.891	2.5511572E-012
6.892	2.6282123E-012
6.893	2.6893758E-012
6.894	2.7330438E-012
6.895	2.7580629E-012
6.896	2.7637549E-012
6.897	2.7499381E-012
6.898	2.7169228E-012
6.899	2.6655084E-012
6.9	2.5969676E-012
6.901	2.5130115E-012
6.902	2.4157575E-012
6.903	2.3076742E-012
6.904	2.1915174E-012
6.905	2.0702507E-012
6.906	1.9469515E-012
6.907	1.8247101E-012
6.908	1.7065118E-012
6.909	1.5951277E-012
6.91	1.4930176E-012
6.911	1.4022503E-012
6.912	1.3244627E-012
6.913	1.2608516E-012
6.914	1.2122012E-012
6.915	1.1789413E-012
6.916	1.1612075E-012
6.917	1.1589014E-012
6.918	1.1717271E-012
6.919	1.1991983E-012
6.92	1.2406179E-012
6.921	1.2950366E-012
6.922	1.3612088E-012
6.923	1.4375583E-012
6.924	1.5221711E-012
6.925	1.6128193E-012
6.926	1.7070160E-012
6.927	1.8021020E-012
6.928	1.8953422E-012
6.929	1.9840308E-012
6.93	2.0655892E-012
6.931	2.1376575E-012
6.932	2.1981616E-012
6.933	2.2453751E-012
6.934	2.2779554E-012
6.935	2.2949776E-012
6.936	2.2959492E-012
6.937	2.2808235E-012
6.938	2.2499981E-012
6.939	2.2043125E-012
6.94	2.1450315E-012
6.941	2.0738211E-012
6.942	1.9927089E-012
6.943	1.9040268E-012
6.944	1.8103320E-012
6.945	1.7143137E-012
6.946	1.6186694E-012
6.947	1.5259808E-012
6.948	1.4385845E-012
6.949	1.3584578E-012
6.95	1.2871385E-012
6.951	1.2256881E-012
6.952	1.1747035E-012
6.953	1.1343877E-012
6.954	1.1046479E-012
6.955	1.0852212E-012
6.956	1.0757936E-012
6.957	1.0760872E-012
6.958	1.0859053E-012
6.959	1.1051241E-012
6.96	1.1336306E-012
6.961	1.1712267E-012
6.962	1.2175222E-012
6.963	1.2718335E-012
6.964	1.3331131E-012
6.965	1.3999282E-012
6.966	1.4704842E-012
6.967	1.5426936E-012
6.968	1.6142801E-012
6.969	1.6828959E-012
6.97	1.7462434E-012
6.971	1.8021865E-012
6.972	1.8488405E-012
6.973	1.8846430E-012
6.974	1.9084040E-012
6.975	1.9193356E-012
6.976	1.9170744E-012
6.977	1.9016865E-012
6.978	1.8736685E-012
6.979	1.8339379E-012
6.98	1.7838115E-012
6.981	1.7249697E-012
6.982	1.6593965E-012
6.983	1.5893015E-012
6.984	1.5170150E-012
6.985	1.4448652E-012
6.986	1.3750470E-012
6.987	1.3094926E-012
6.988	1.2497627E-012
6.989	1.1969752E-012
6.99	1.1517776E-012
6.991	1.1143725E-012
6.992	1.0845924E-012
6.993	1.0620069E-012
6.994	1.0460548E-012
6.995	1.0361705E-012
6.996	1.0318932E-012
6.997	1.0329394E-012
6.998	1.0392297E-012
6.999	1.0508698E-012
7	1.0680819E-012
7.001	1.0911102E-012
7.002	1.1201028E-012
7.003	1.1549972E-012
7.004	1.1954254E-012
7.005	1.2406525E-012
7.006	1.2895632E-012
7.007	1.3406909E-012
7.008	1.3922925E-012
7.009	1.4424534E-012
7.01	1.4892069E-012
7.011	1.5306585E-012
7.012	1.5650972E-012
7.013	1.5910878E-012
7.014	1.6075447E-012
7.015	1.6137799E-012
7.016	1.6095299E-012
7.017	1.5949697E-012
7.018	1.5707037E-012
7.019	1.5377431E-012
7.02	1.4974610E-012
7.021	1.4515235E-012
7.022	1.4018027E-012
7.023	1.3502637E-012
7.024	1.2988415E-012
7.025	1.2493153E-012
7.026	1.2031953E-012
7.027	1.1616359E-012
7.028	1.1253866E-012
7.029	1.0947873E-012
7.03	1.0698075E-012
7.031	1.0501192E-012
7.032	1.0351932E-012
7.033	1.0244058E-012
7.034	1.0171377E-012
7.035	1.0128578E-012
7.036	1.0111863E-012
7.037	1.0119275E-012
7.038	1.0150783E-012
7.039	1.0208083E-012
7.04	1.0294156E-012
7.041	1.0412616E-012
7.042	1.0566908E-012
7.043	1.0759412E-012
7.044	1.0990580E-012
7.045	1.1258217E-012
7.046	1.1557013E-012
7.047	1.1878437E-012
7.048	1.2211005E-012
7.049	1.2540916E-012
7.05	1.2853009E-012
7.051	1.3131886E-012
7.052	1.3363095E-012
7.053	1.3534251E-012
7.054	1.3635977E-012
7.055	1.3662624E-012
7.056	1.3612683E-012
7.057	1.3488894E-012
7.058	1.3298074E-012
7.059	1.3050586E-012
7.06	1.2759574E-012
7.061	1.2439946E-012
7.062	1.2107208E-012
7.063	1.1776269E-012
7.064	1.1460345E-012
7.065	1.1170066E-012
7.066	1.0912926E-012
7.067	1.0693115E-012
7.068	1.0511692E-012
7.069	1.0367102E-012
7.07	1.0255843E-012
7.071	1.0173266E-012
7.072	1.0114295E-012
7.073	1.0074046E-012
7.074	1.0048283E-012
7.075	1.0033721E-012
7.076	1.0028171E-012
7.077	1.0030586E-012
7.078	1.0041032E-012
7.079	1.0060562E-012
7.08	1.0091083E-012
7.081	1.0135070E-012
7.082	1.0195254E-012
7.083	1.0274155E-012
7.084	1.0373567E-012
7.085	1.0494033E-012
7.086	1.0634314E-012
7.087	1.0791063E-012
7.088	1.0958698E-012
7.089	1.1129573E-012
7.09	1.1294471E-012
7.091	1.1443394E-012
7.092	1.1566508E-012
7.093	1.1655182E-012
7.094	1.1702947E-012
7.095	1.1706235E-012
7.096	1.1664791E-012
7.097	1.1581709E-012
7.098	1.1463066E-012
7.099	1.1317231E-012
7.1	1.1153930E-012
7.101	1.0983221E-012
7.102	1.0814496E-012
7.103	1.0655679E-012
7.104	1.0512677E-012
7.105	1.0389160E-012
7.106	1.0286635E-012
7.107	1.0204750E-012
7.108	1.0141779E-012
7.109	1.0095124E-012
7.11	1.0061817E-012
7.111	1.0038903E-012
7.112	1.0023726E-012
7.113	1.0014069E-012
7.114	1.0008214E-012
7.115	1.0004930E-012
7.116	1.0003408E-012
7.117	1.0003205E-012
7.118	1.0004186E-012
7.119	1.0006482E-012
7.12	1.0010446E-012
7.121	1.0016629E-012
7.122	1.0025723E-012
7.123	1.0038499E-012
7.124	1.0055670E-012
7.125	1.0077764E-012
7.126	1.0104942E-012
7.127	1.0136818E-012
7.128	1.0172351E-012
7.129	1.0209804E-012
7.13	1.0246820E-012
7.131	1.0280635E-012
7.132	1.0308415E-012
7.133	1.0327629E-012
7.134	1.0336427E-012
7.135	1.0333946E-012
7.136	1.0320432E-012
7.137	1.0297210E-012
7.138	1.0266469E-012
7.139	1.0230921E-012
7.14	1.0193415E-012
7.141	1.0156563E-012
7.142	1.0122469E-012
7.143	1.0092568E-012
7.144	1.0067599E-012
7.145	1.0047690E-012
7.146	1.0032497E-012
7.147	1.0021387E-012
7.148	1.0013593E-012
7.149	1.0008341E-012
7.15	1.0004941E-012
7.151	1.0002824E-012
7.152	1.0001558E-012
7.153	1.0000829E-012
7.154	1.0000425E-012
7.155	1.0000210E-012
7.156	1.0000100E-012
7.157	1.0000044E-012
7.158	1.0000018E-012
7.159	1.0000006E-012
7.16	1.0000002E-012
7.161	1.0000000E-012
7.162	9.9999989E-013
7.163	9.9999978E-013
7.164	9.9999978E-013
7.165	9.9999978E-013
7.166	9.9999978E-013
7.167	9.9999978E-013
7.168	9.9999978E-013
7.169	9.9999978E-013
7.17	9.9999978E-013
7.171	9.9999978E-013
7.172	9.9999978E-013
7.173	9.9999978E-013
7.174	9.9999978E-013
7.175	9.9999978E-013
7.176	9.9999978E-013
7.177	9.9999978E-013
7.178	9.9999978E-013
7.179	9.9999978E-013
7.18	9.9999978E-013
7.181	9.9999978E-013
7.182	9.9999978E-013
7.183	9.9999978E-013
7.184	9.9999978E-013
7.185	9.9999978E-013
7.186	9.9999978E-013
7.187	9.9999978E-013
7.188	9.9999978E-013
7.189	9.9999978E-013
7.19	9.9999978E-013
7.191	9.9999978E-013
7.192	9.9999978E-013
7.193	9.9999978E-013
7.194	9.9999978E-013
7.195	9.9999978E-013
7.196	9.9999978E-013
7.197	9.9999978E-013
7.198	9.9999978E-013
7.199	9.9999978E-013
7.2	9.9999978E-013
7.201	9.9999978E-013
7.202	9.9999978E-013
7.203	9.9999978E-013
7.204	9.9999978E-013
7.205	9.9999978E-013
7.206	9.9999978E-013
7.207	9.9999978E-013
7.208	9.9999978E-013
7.209	9.9999978E-013
7.21	9.9999978E-013
7.211	9.9999978E-013
7.212	9.9999978E-013
7.213	9.9999978E-013
7.214	9.9999978E-013
7.215	9.9999978E-013
7.216	9.9999978E-013
7.217	9.9999978E-013
7.218	9.9999978E-013
7.219	9.9999978E-013
7.22	9.9999978E-013
7.221	9.9999978E-013
7.222	9.9999978E-013
7.223	9.9999978E-013
7.224	9.9999978E-013
7.225	9.9999978E-013
7.226	9.9999978E-013
7.227	9.9999978E-013
7.228	9.9999978E-013
7.229	9.9999978E-013
7.23	9.9999978E-013
7.231	9.9999978E-013
7.232	9.9999978E-013
7.233	9.9999978E-013
7.234	9.9999978E-013
7.235	9.9999978E-013
7.236	9.9999978E-013
7.237	9.9999978E-013
7.238	9.9999978E-013
7.239	9.9999978E-013
7.24	9.9999978E-013
7.241	9.9999978E-013
7.242	9.9999978E-013
7.243	9.9999978E-013
7.244	9.9999978E-013
7.245	9.9999978E-013
7.246	9.9999978E-013
7.247	9.9999978E-013
7.248	9.9999978E-013
7.249	9.9999978E-013
7.25	9.9999978E-013
7.251	9.9999978E-013
7.252	9.9999978E-013
7.253	9.9999978E-013
7.254	9.9999989E-013
7.255	1.0000005E-012
7.256	1.0000016E-012
7.257	1.0000045E-012
7.258	1.0000112E-012
7.259	1.0000259E-012
7.26	1.0000575E-012
7.261	1.0001236E-012
7.262	1.0002564E-012
7.263	1.0005140E-012
7.264	1.0009974E-012
7.265	1.0018709E-012
7.266	1.0033969E-012
7.267	1.0059732E-012
7.268	1.0101741E-012
7.269	1.0167989E-012
7.27	1.0269040E-012
7.271	1.0418211E-012
7.272	1.0631441E-012
7.273	1.0926813E-012
7.274	1.1323570E-012
7.275	1.1840826E-012
7.276	1.2495885E-012
7.277	1.3302565E-012
7.278	1.4269579E-012
7.279	1.5399314E-012
7.28	1.6687190E-012
7.281	1.8121588E-012
7.282	1.9684473E-012
7.283	2.1352475E-012
7.284	2.3098270E-012
7.285	2.4892115E-012
7.286	2.6703234E-012
7.287	2.8501054E-012
7.288	3.0256095E-012
7.289	3.1940668E-012
7.29	3.3529241E-012
7.291	3.4998712E-012
7.292	3.6328512E-012
7.293	3.7500693E-012
7.294	3.8499937E-012
7.295	3.9313722E-012
7.296	3.9932268E-012
7.297	4.0348627E-012
7.298	4.0558728E-012
7.299	4.0561387E-012
7.3	4.0358316E-012
7.301	3.9953960E-012
7.302	4.1616155E-012
7.303	4.2069495E-012
7.304	4.2294237E-012
7.305	4.2283069E-012
7.306	4.2045664E-012
7.307	4.1583069E-012
7.308	4.0900369E-012
7.309	4.0018024E-012
7.31	3.8945041E-012
7.311	3.7700698E-012
7.312	3.6298033E-012
7.313	3.4757982E-012
7.314	3.3107696E-012
7.315	3.1367077E-012
7.316	2.9557847E-012
7.317	2.7701173E-012
7.318	2.5823061E-012
7.319	2.3948358E-012
7.32	2.2096500E-012
7.321	2.0286448E-012
7.322	1.8536054E-012
7.323	1.6918485E-012
7.324	1.5482848E-012
7.325	1.4225592E-012
7.326	1.3146626E-012
7.327	1.2243500E-012
7.328	1.1506910E-012
7.329	1.0929015E-012
7.33	1.0501974E-012
7.331	1.0212084E-012
7.332	1.0048757E-012
7.333	1.0000001E-012
7.334	1.0000001E-012
7.335	1.0000001E-012
7.336	1.0000001E-012
7.337	1.0000001E-012
7.338	1.0000001E-012
7.339	1.0000001E-012
7.34	1.0000001E-012
7.341	1.0000001E-012
7.342	1.0000001E-012
7.343	1.0000001E-012
7.344	1.0000001E-012
7.345	1.0000001E-012
7.346	1.0000001E-012
7.347	1.0000001E-012
7.348	1.0000001E-012
7.349	1.0000001E-012
7.35	1.0000001E-012
7.351	1.0000001E-012
7.352	1.0000001E-012
7.353	1.0000001E-012
7.354	1.0000001E-012
7.355	1.0000001E-012
7.356	1.0000001E-012
7.357	1.0000001E-012
7.358	1.0000001E-012
7.359	1.0000001E-012
7.36	1.0000001E-012
7.361	1.0000001E-012
7.362	1.0000001E-012
7.363	1.0000001E-012
7.364	1.0000001E-012
7.365	1.0000001E-012
7.366	1.0000001E-012
7.367	1.0000001E-012
7.368	1.0000001E-012
7.369	1.0000001E-012
7.37	1.0000001E-012
7.371	1.0000001E-012
7.372	1.0000001E-012
7.373	1.0000001E-012
7.374	1.0000001E-012
7.375	1.0000001E-012
7.376	1.0000001E-012
7.377	1.0000001E-012
7.378	1.0000001E-012
7.379	1.0000001E-012
7.38	1.0000001E-012
7.381	1.0000001E-012
7.382	1.0000001E-012
7.383	1.0000001E-012
7.384	1.0000001E-012
7.385	1.0000001E-012
7.386	1.0000001E-012
7.387	1.0000001E-012
7.388	1.0000001E-012
7.389	1.0000001E-012
7.39	1.0000001E-012
7.391	1.0000001E-012
7.392	1.0000001E-012
7.393	1.0000001E-012
7.394	1.0000001E-012
7.395	1.0000001E-012
7.396	1.0000001E-012
7.397	1.0000001E-012
7.398	1.0000001E-012
7.399	1.0000001E-012
7.4	1.0000001E-012
