theta_deg	R
0.001	9.9985254E-001
0.002	9.9978685E-001
0.003	9.9969244E-001
0.004	9.9956006E-001
0.005	9.9938029E-001
0.006	9.9914443E-001
0.007	9.9884427E-001
0.008	9.9847603E-001
0.009	9.9803978E-001
0.01	9.9754071E-001
0.011	9.9698991E-001
0.012	9.9640208E-001
0.013	9.9579525E-001
0.014	9.9518758E-001
0.015	9.9459559E-001
0.016	9.9403143E-001
0.017	9.9350268E-001
0.018	9.9301100E-001
0.019	9.9255365E-001
0.02	9.9212480E-001
0.021	9.9171656E-001
0.022	9.9132150E-001
0.023	9.9093312E-001
0.024	9.9054706E-001
0.025	9.9016082E-001
0.026	9.8977309E-001
0.027	9.8938382E-001
0.028	9.8899364E-001
0.029	9.8860234E-001
0.03	9.8821044E-001
0.031	9.8781717E-001
0.032	9.8742259E-001
0.033	9.8702580E-001
0.034	9.8662615E-001
0.035	9.8622370E-001
0.036	9.8581856E-001
0.037	9.8541117E-001
0.038	9.8500240E-001
0.039	9.8459339E-001
0.04	9.8418528E-001
0.041	9.8377889E-001
0.042	9.8337471E-001
0.043	9.8297334E-001
0.044	9.8257422E-001
0.045	9.8217690E-001
0.046	9.8178005E-001
0.047	9.8138314E-001
0.048	9.8098493E-001
0.049	9.8058426E-001
0.05	9.8018056E-001
0.051	9.7977382E-001
0.052	9.7936368E-001
0.053	9.7895056E-001
0.054	9.7853470E-001
0.055	9.7811747E-001
0.056	9.7769952E-001
0.057	9.7728151E-001
0.058	9.7686404E-001
0.059	9.7644764E-001
0.06	9.7603196E-001
0.061	9.7561634E-001
0.062	9.7519988E-001
0.063	9.7478163E-001
0.064	9.7436041E-001
0.065	9.7393560E-001
0.066	9.7350687E-001
0.067	9.7307444E-001
0.068	9.7263879E-001
0.069	9.7220075E-001
0.07	9.7176093E-001
0.071	9.7131979E-001
0.072	9.7087806E-001
0.073	9.7043628E-001
0.074	9.6999454E-001
0.075	9.6955264E-001
0.076	9.6911013E-001
0.077	9.6866751E-001
0.078	9.6822393E-001
0.079	9.6777892E-001
0.08	9.6733183E-001
0.081	9.6688211E-001
0.082	9.6642941E-001
0.083	9.6597230E-001
0.084	9.6551037E-001
0.085	9.6504325E-001
0.086	9.6457034E-001
0.087	9.6409214E-001
0.088	9.6360862E-001
0.089	9.6312070E-001
0.09	9.6262896E-001
0.091	9.6213460E-001
0.092	9.6163857E-001
0.093	9.6114141E-001
0.094	9.6064413E-001
0.095	9.6014756E-001
0.096	9.5965171E-001
0.097	9.5915681E-001
0.098	9.5866293E-001
0.099	9.5817006E-001
0.1	9.5767772E-001
0.101	9.5718545E-001
0.102	9.5669228E-001
0.103	9.5619786E-001
0.104	9.5570076E-001
0.105	9.5520008E-001
0.106	9.5469469E-001
0.107	9.5418411E-001
0.108	9.5366716E-001
0.109	9.5314360E-001
0.11	9.5261341E-001
0.111	9.5207638E-001
0.112	9.5153308E-001
0.113	9.5098388E-001
0.114	9.5042908E-001
0.115	9.4986910E-001
0.116	9.4930398E-001
0.117	9.4873405E-001
0.118	9.4815880E-001
0.119	9.4757742E-001
0.12	9.4698936E-001
0.121	9.4639301E-001
0.122	9.4578660E-001
0.123	9.4516742E-001
0.124	9.4453174E-001
0.125	9.4387543E-001
0.126	9.4319266E-001
0.127	9.4247782E-001
0.128	9.4172454E-001
0.129	9.4092840E-001
0.13	9.4008726E-001
0.131	9.3920273E-001
0.132	9.3828171E-001
0.133	9.3733722E-001
0.134	9.3638682E-001
0.135	9.3545175E-001
0.136	9.3455547E-001
0.137	9.3371850E-001
0.138	9.3295771E-001
0.139	9.3228173E-001
0.14	9.3169230E-001
0.141	9.3118221E-001
0.142	9.3073773E-001
0.143	9.3033999E-001
0.144	9.2996901E-001
0.145	9.2960382E-001
0.146	9.2922682E-001
0.147	9.2882222E-001
0.148	9.2837834E-001
0.149	9.2788702E-001
0.15	9.2734289E-001
0.151	9.2674345E-001
0.152	9.2608881E-001
0.153	9.2538089E-001
0.154	9.2462319E-001
0.155	9.2382091E-001
0.156	9.2297947E-001
0.157	9.2210531E-001
0.158	9.2120433E-001
0.159	9.2028278E-001
0.16	9.1934526E-001
0.161	9.1839570E-001
0.162	9.1743755E-001
0.163	9.1647202E-001
0.164	9.1550022E-001
0.165	9.1452283E-001
0.166	9.1353929E-001
0.167	9.1254914E-001
0.168	9.1155088E-001
0.169	9.1054368E-001
0.17	9.0952545E-001
0.171	9.0849471E-001
0.172	9.0744984E-001
0.173	9.0638977E-001
0.174	9.0531361E-001
0.175	9.0422165E-001
0.176	9.0311414E-001
0.177	9.0199244E-001
0.178	9.0085858E-001
0.179	8.9971328E-001
0.18	8.9855760E-001
0.181	8.9739126E-001
0.182	8.9621294E-001
0.183	8.9501935E-001
0.184	8.9380682E-001
0.185	8.9256960E-001
0.186	8.9130145E-001
0.187	8.8999450E-001
0.188	8.8863981E-001
0.189	8.8722658E-001
0.19	8.8574058E-001
0.191	8.8416409E-001
0.192	8.8247448E-001
0.193	8.8064581E-001
0.194	8.7864882E-001
0.195	8.7645465E-001
0.196	8.7404013E-001
0.197	8.7139475E-001
0.198	8.6852753E-001
0.199	8.6547261E-001
0.2	8.6229295E-001
0.201	8.5907805E-001
0.202	8.5593808E-001
0.203	8.5299051E-001
0.204	8.5034478E-001
0.205	8.4808636E-001
0.206	8.4626353E-001
0.207	8.4488070E-001
0.208	8.4389865E-001
0.209	8.4324199E-001
0.21	8.4281218E-001
0.211	8.4250343E-001
0.212	8.4221464E-001
0.213	8.4186321E-001
0.214	8.4138823E-001
0.215	8.4075373E-001
0.216	8.3994424E-001
0.217	8.3896065E-001
0.218	8.3781493E-001
0.219	8.3652419E-001
0.22	8.3510679E-001
0.221	8.3357984E-001
0.222	8.3195794E-001
0.223	8.3025229E-001
0.224	8.2847118E-001
0.225	8.2662076E-001
0.226	8.2470459E-001
0.227	8.2272595E-001
0.228	8.2068574E-001
0.229	8.1858534E-001
0.23	8.1642461E-001
0.231	8.1420386E-001
0.232	8.1192243E-001
0.233	8.0958021E-001
0.234	8.0717564E-001
0.235	8.0470753E-001
0.236	8.0217409E-001
0.237	7.9957289E-001
0.238	7.9690111E-001
0.239	7.9415607E-001
0.24	7.9133457E-001
0.241	7.8843272E-001
0.242	7.8544730E-001
0.243	7.8237480E-001
0.244	7.7921152E-001
0.245	7.7595484E-001
0.246	7.7260095E-001
0.247	7.6914680E-001
0.248	7.6558888E-001
0.249	7.6192367E-001
0.25	7.5814646E-001
0.251	7.5425315E-001
0.252	7.5023752E-001
0.253	7.4609339E-001
0.254	7.4181235E-001
0.255	7.3738647E-001
0.256	7.3280597E-001
0.257	7.2806144E-001
0.258	7.2314209E-001
0.259	7.1803838E-001
0.26	7.1274024E-001
0.261	7.0723850E-001
0.262	7.0152384E-001
0.263	6.9558722E-001
0.264	6.8942094E-001
0.265	6.8301553E-001
0.266	6.7636198E-001
0.267	6.6945004E-001
0.268	6.6226780E-001
0.269	6.5480268E-001
0.27	6.4704043E-001
0.271	6.3896573E-001
0.272	6.3056344E-001
0.273	6.2181991E-001
0.274	6.1272234E-001
0.275	6.0326141E-001
0.276	5.9343237E-001
0.277	5.8323491E-001
0.278	5.7267511E-001
0.279	5.6176478E-001
0.28	5.5052048E-001
0.281	5.3896487E-001
0.282	5.2712357E-001
0.283	5.1502597E-001
0.284	5.0270331E-001
0.285	4.9018887E-001
0.286	4.7751814E-001
0.287	4.6472868E-001
0.288	4.5186028E-001
0.289	4.3895549E-001
0.29	4.2605871E-001
0.291	4.1321611E-001
0.292	4.0047407E-001
0.293	3.8787848E-001
0.294	3.7547320E-001
0.295	3.6329901E-001
0.296	3.5139287E-001
0.297	3.3978763E-001
0.298	3.2851109E-001
0.299	3.1758559E-001
0.3	3.0702829E-001
0.301	2.9685047E-001
0.302	2.8705812E-001
0.303	2.7765211E-001
0.304	2.6862928E-001
0.305	2.5998279E-001
0.306	2.5170341E-001
0.307	2.4378014E-001
0.308	2.3620075E-001
0.309	2.2895175E-001
0.31	2.2201844E-001
0.311	2.1538448E-001
0.312	2.0903207E-001
0.313	2.0294169E-001
0.314	1.9709282E-001
0.315	1.9146448E-001
0.316	1.8603657E-001
0.317	1.8079062E-001
0.318	1.7571139E-001
0.319	1.7078736E-001
0.32	1.6601183E-001
0.321	1.6138242E-001
0.322	1.5690129E-001
0.323	1.5257402E-001
0.324	1.4840850E-001
0.325	1.4441320E-001
0.326	1.4059606E-001
0.327	1.3696244E-001
0.328	1.3351406E-001
0.329	1.3024811E-001
0.33	1.2715645E-001
0.331	1.2422601E-001
0.332	1.2143905E-001
0.333	1.1877445E-001
0.334	1.1620893E-001
0.335	1.1371877E-001
0.336	1.1128146E-001
0.337	1.0887732E-001
0.338	1.0649093E-001
0.339	1.0411205E-001
0.34	1.0173633E-001
0.341	9.9365249E-002
0.342	9.7005874E-002
0.343	9.4670027E-002
0.344	9.2373170E-002
0.345	9.0132877E-002
0.346	8.7967485E-002
0.347	8.5894316E-002
0.348	8.3928227E-002
0.349	8.2080401E-002
0.35	8.0357075E-002
0.351	7.8759193E-002
0.352	7.7281952E-002
0.353	7.5915135E-002
0.354	7.4643597E-002
0.355	7.3448375E-002
0.356	7.2307855E-002
0.357	7.1199134E-002
0.358	7.0099600E-002
0.359	6.8988331E-002
0.36	6.7847364E-002
0.361	6.6662937E-002
0.362	6.5426119E-002
0.363	6.4133614E-002
0.364	6.2787630E-002
0.365	6.1395943E-002
0.366	5.9971262E-002
0.367	5.8530349E-002
0.368	5.7092793E-002
0.369	5.5679742E-002
0.37	5.4312348E-002
0.371	5.3010345E-002
0.372	5.1790752E-002
0.373	5.0666880E-002
0.374	4.9647540E-002
0.375	4.8736610E-002
0.376	4.7932945E-002
0.377	4.7230475E-002
0.378	4.6618659E-002
0.379	4.6083096E-002
0.38	4.5606289E-002
0.381	4.5168582E-002
0.382	4.4749264E-002
0.383	4.4327646E-002
0.384	4.3884169E-002
0.385	4.3401551E-002
0.386	4.2865641E-002
0.387	4.2266209E-002
0.388	4.1597452E-002
0.389	4.0858295E-002
0.39	4.0052380E-002
0.391	3.9187785E-002
0.392	3.8276486E-002
0.393	3.7333738E-002
0.394	3.6377132E-002
0.395	3.5425678E-002
0.396	3.4498740E-002
0.397	3.3615064E-002
0.398	3.2791808E-002
0.399	3.2043643E-002
0.4	3.1382076E-002
0.401	3.0814864E-002
0.402	3.0345637E-002
0.403	2.9973721E-002
0.404	2.9694175E-002
0.405	2.9498015E-002
0.406	2.9372662E-002
0.407	2.9302528E-002
0.408	2.9269781E-002
0.409	2.9255249E-002
0.41	2.9239332E-002
0.411	2.9202959E-002
0.412	2.9128535E-002
0.413	2.9000791E-002
0.414	2.8807469E-002
0.415	2.8539920E-002
0.416	2.8193425E-002
0.417	2.7767379E-002
0.418	2.7265247E-002
0.419	2.6694370E-002
0.42	2.6065532E-002
0.421	2.5392406E-002
0.422	2.4690943E-002
0.423	2.3978526E-002
0.424	2.3273177E-002
0.425	2.2592781E-002
0.426	2.1954151E-002
0.427	2.1372363E-002
0.428	2.0860042E-002
0.429	2.0426840E-002
0.43	2.0079054E-002
0.431	1.9819353E-002
0.432	1.9646719E-002
0.433	1.9556541E-002
0.434	1.9540846E-002
0.435	1.9588670E-002
0.436	1.9686561E-002
0.437	1.9819196E-002
0.438	1.9970058E-002
0.439	2.0122128E-002
0.44	2.0258661E-002
0.441	2.0363849E-002
0.442	2.0423520E-002
0.443	2.0425700E-002
0.444	2.0361088E-002
0.445	2.0223418E-002
0.446	2.0009698E-002
0.447	1.9720284E-002
0.448	1.9358858E-002
0.449	1.8932216E-002
0.45	1.8449966E-002
0.451	1.7924126E-002
0.452	1.7368566E-002
0.453	1.6798439E-002
0.454	1.6229520E-002
0.455	1.5677549E-002
0.456	1.5157567E-002
0.457	1.4683296E-002
0.458	1.4266597E-002
0.459	1.3916998E-002
0.46	1.3641336E-002
0.461	1.3443517E-002
0.462	1.3324396E-002
0.463	1.3281776E-002
0.464	1.3310557E-002
0.465	1.3402938E-002
0.466	1.3548776E-002
0.467	1.3736007E-002
0.468	1.3951097E-002
0.469	1.4179613E-002
0.47	1.4406754E-002
0.471	1.4617956E-002
0.472	1.4799435E-002
0.473	1.4938720E-002
0.474	1.5025151E-002
0.475	1.5050259E-002
0.476	1.5008121E-002
0.477	1.4895531E-002
0.478	1.4712122E-002
0.479	1.4460362E-002
0.48	1.4145403E-002
0.481	1.3774880E-002
0.482	1.3358554E-002
0.483	1.2907938E-002
0.484	1.2435827E-002
0.485	1.1955767E-002
0.486	1.1481568E-002
0.487	1.1026738E-002
0.488	1.0604010E-002
0.489	1.0224853E-002
0.49	9.8990723E-003
0.491	9.6344939E-003
0.492	9.4366539E-003
0.493	9.3086781E-003
0.494	9.2511717E-003
0.495	9.2622163E-003
0.496	9.3374765E-003
0.497	9.4703631E-003
0.498	9.6522877E-003
0.499	9.8729879E-003
0.5	1.0120904E-002
0.501	1.0383612E-002
0.502	1.0648289E-002
0.503	1.0902178E-002
0.504	1.1133046E-002
0.505	1.1329624E-002
0.506	1.1481984E-002
0.507	1.1581894E-002
0.508	1.1623068E-002
0.509	1.1601358E-002
0.51	1.1514909E-002
0.511	1.1364185E-002
0.512	1.1151955E-002
0.513	1.0883179E-002
0.514	1.0564836E-002
0.515	1.0205652E-002
0.516	9.8158028E-003
0.517	9.4065424E-003
0.518	8.9897737E-003
0.519	8.5776336E-003
0.52	8.1820693E-003
0.521	7.8144018E-003
0.522	7.4849431E-003
0.523	7.2026514E-003
0.524	6.9748308E-003
0.525	6.8068961E-003
0.526	6.7022066E-003
0.527	6.6619595E-003
0.528	6.6851694E-003
0.529	6.7687058E-003
0.53	6.9074146E-003
0.531	7.0943022E-003
0.532	7.3207850E-003
0.533	7.5769853E-003
0.534	7.8520887E-003
0.535	8.1347115E-003
0.536	8.4133158E-003
0.537	8.6765727E-003
0.538	8.9137871E-003
0.539	9.1152247E-003
0.54	9.2724413E-003
0.541	9.3785673E-003
0.542	9.4285132E-003
0.543	9.4191050E-003
0.544	9.3492055E-003
0.545	9.2197042E-003
0.546	9.0334956E-003
0.547	8.7953499E-003
0.548	8.5117538E-003
0.549	8.1906999E-003
0.55	7.8413924E-003
0.551	7.4739717E-003
0.552	7.0991679E-003
0.553	6.7279595E-003
0.554	6.3711936E-003
0.555	6.0392474E-003
0.556	5.7416712E-003
0.557	5.4868679E-003
0.558	5.2818195E-003
0.559	5.1318584E-003
0.56	5.0404957E-003
0.561	5.0093262E-003
0.562	5.0379932E-003
0.563	5.1242295E-003
0.564	5.2639479E-003
0.565	5.4513821E-003
0.566	5.6792838E-003
0.567	5.9391437E-003
0.568	6.2214583E-003
0.569	6.5160086E-003
0.57	6.8121902E-003
0.571	7.0993449E-003
0.572	7.3671094E-003
0.573	7.6057715E-003
0.574	7.8066066E-003
0.575	7.9621691E-003
0.576	8.0665592E-003
0.577	8.1155915E-003
0.578	8.1069190E-003
0.579	8.0400584E-003
0.58	7.9163816E-003
0.581	7.7390093E-003
0.582	7.5126961E-003
0.583	7.2436701E-003
0.584	6.9394582E-003
0.585	6.6086729E-003
0.586	6.2608062E-003
0.587	5.9059537E-003
0.588	5.5545378E-003
0.589	5.2169757E-003
0.59	4.9033314E-003
0.591	4.6229647E-003
0.592	4.3841987E-003
0.593	4.1940124E-003
0.594	4.0578190E-003
0.595	3.9792946E-003
0.596	3.9602807E-003
0.597	4.0007685E-003
0.598	4.0989150E-003
0.599	4.2511346E-003
0.6	4.4522076E-003
0.601	4.6954458E-003
0.602	4.9728611E-003
0.603	5.2754162E-003
0.604	5.5932687E-003
0.605	5.9160790E-003
0.606	6.2333443E-003
0.607	6.5347222E-003
0.608	6.8103825E-003
0.609	7.0513207E-003
0.61	7.2496450E-003
0.611	7.3988121E-003
0.612	7.4938182E-003
0.613	7.5313235E-003
0.614	7.5097410E-003
0.615	7.4292636E-003
0.616	7.2918618E-003
0.617	7.1012084E-003
0.618	6.8626022E-003
0.619	6.5828036E-003
0.62	6.2698545E-003
0.621	5.9328498E-003
0.622	5.5816644E-003
0.623	5.2266601E-003
0.624	4.8783696E-003
0.625	4.5471783E-003
0.626	4.2429972E-003
0.627	3.9749686E-003
0.628	3.7511773E-003
0.629	3.5784107E-003
0.63	3.4619477E-003
0.631	3.4054033E-003
0.632	3.4106132E-003
0.633	3.4775818E-003
0.634	3.6044782E-003
0.635	3.7876880E-003
0.636	4.0219170E-003
0.637	4.3003499E-003
0.638	4.6148407E-003
0.639	4.9561542E-003
0.64	5.3142291E-003
0.641	5.6784661E-003
0.642	6.0380432E-003
0.643	6.3822228E-003
0.644	6.7006713E-003
0.645	6.9837729E-003
0.646	7.2229197E-003
0.647	7.4107698E-003
0.648	7.5414819E-003
0.649	7.6108989E-003
0.65	7.6166717E-003
0.651	7.5583356E-003
0.652	7.4373269E-003
0.653	7.2569442E-003
0.654	7.0222570E-003
0.655	6.7399577E-003
0.656	6.4181937E-003
0.657	6.0663233E-003
0.658	5.6946822E-003
0.659	5.3142840E-003
0.66	4.9365154E-003
0.661	4.5728195E-003
0.662	4.2343531E-003
0.663	3.9316742E-003
0.664	3.6744000E-003
0.665	3.4709377E-003
0.666	3.3282079E-003
0.667	3.2514387E-003
0.668	3.2439886E-003
0.669	3.3072387E-003
0.67	3.4405240E-003
0.671	3.6411386E-003
0.672	3.9043804E-003
0.673	4.2236689E-003
0.674	4.5907204E-003
0.675	4.9957568E-003
0.676	5.4277978E-003
0.677	5.8749672E-003
0.678	6.3248454E-003
0.679	6.7648394E-003
0.68	7.1825590E-003
0.681	7.5661852E-003
0.682	7.9048239E-003
0.683	8.1888177E-003
0.684	8.4100375E-003
0.685	8.5621104E-003
0.686	8.6406004E-003
0.687	8.6431419E-003
0.688	8.5695172E-003
0.689	8.4216753E-003
0.69	8.2036806E-003
0.691	7.9216640E-003
0.692	7.5836596E-003
0.693	7.1994201E-003
0.694	6.7801806E-003
0.695	6.3383924E-003
0.696	5.8873701E-003
0.697	5.4409518E-003
0.698	5.0130929E-003
0.699	4.6174782E-003
0.7	4.2671198E-003
0.701	3.9739655E-003
0.702	3.7485540E-003
0.703	3.5996854E-003
0.704	3.5341515E-003
0.705	3.5565137E-003
0.706	3.6689278E-003
0.707	3.8710455E-003
0.708	4.1599674E-003
0.709	4.5302776E-003
0.71	4.9741464E-003
0.711	5.4815132E-003
0.712	6.0403361E-003
0.713	6.6369176E-003
0.714	7.2562690E-003
0.715	7.8825420E-003
0.716	8.4994575E-003
0.717	9.0907905E-003
0.718	9.6408091E-003
0.719	1.0134745E-002
0.72	1.0559206E-002
0.721	1.0902567E-002
0.722	1.1155318E-002
0.723	1.1310361E-002
0.724	1.1363231E-002
0.725	1.1312285E-002
0.726	1.1158770E-002
0.727	1.0906891E-002
0.728	1.0563723E-002
0.729	1.0139138E-002
0.73	9.6455654E-003
0.731	9.0977624E-003
0.732	8.5124224E-003
0.733	7.9078330E-003
0.734	7.3033678E-003
0.735	6.7190123E-003
0.736	6.1748079E-003
0.737	5.6902994E-003
0.738	5.2839671E-003
0.739	4.9726749E-003
0.74	4.7711218E-003
0.741	4.6913740E-003
0.742	4.7424049E-003
0.743	4.9297661E-003
0.744	5.2553127E-003
0.745	5.7170545E-003
0.746	6.3091153E-003
0.747	7.0218090E-003
0.748	7.8418255E-003
0.749	8.7525435E-003
0.75	9.7344220E-003
0.751	1.0765500E-002
0.752	1.1821938E-002
0.753	1.2878672E-002
0.754	1.3910044E-002
0.755	1.4890486E-002
0.756	1.5795227E-002
0.757	1.6600925E-002
0.758	1.7286358E-002
0.759	1.7833052E-002
0.76	1.8225847E-002
0.761	1.8453427E-002
0.762	1.8508803E-002
0.763	1.8389707E-002
0.764	1.8098839E-002
0.765	1.7644078E-002
0.766	1.7038517E-002
0.767	1.6300358E-002
0.768	1.5452665E-002
0.769	1.4523007E-002
0.77	1.3542861E-002
0.771	1.2546945E-002
0.772	1.1572370E-002
0.773	1.0657693E-002
0.774	9.8418593E-003
0.775	9.1631114E-003
0.776	8.6578345E-003
0.777	8.3594006E-003
0.778	8.2970653E-003
0.779	8.4949257E-003
0.78	8.9710047E-003
0.781	9.7364290E-003
0.782	1.0794848E-002
0.783	1.2141992E-002
0.784	1.3765475E-002
0.785	1.5644846E-002
0.786	1.7751832E-002
0.787	2.0050840E-002
0.788	2.2499681E-002
0.789	2.5050450E-002
0.79	2.7650643E-002
0.791	3.0244360E-002
0.792	3.2773644E-002
0.793	3.5179928E-002
0.794	3.7405565E-002
0.795	3.9395303E-002
0.796	4.1097973E-002
0.797	4.2467982E-002
0.798	4.3467052E-002
0.799	4.4065684E-002
0.8	4.4244837E-002
0.801	4.3997422E-002
0.802	4.3329783E-002
0.803	4.2263143E-002
0.804	4.0834751E-002
0.805	3.9098930E-002
0.806	3.7127800E-002
0.807	3.5011567E-002
0.808	3.2858260E-002
0.809	3.0792966E-002
0.81	2.8956247E-002
0.811	2.7501879E-002
0.812	2.6593827E-002
0.813	2.6402272E-002
0.814	2.7099011E-002
0.815	2.8852131E-002
0.816	3.1820077E-002
0.817	3.6145546E-002
0.818	4.1949112E-002
0.819	4.9323488E-002
0.82	5.8328062E-002
0.821	6.8984814E-002
0.822	8.1275403E-002
0.823	9.5139854E-002
0.824	1.1047716E-001
0.825	1.2714778E-001
0.826	1.4497763E-001
0.827	1.6376396E-001
0.828	1.8328249E-001
0.829	2.0329525E-001
0.83	2.2355866E-001
0.831	2.4383152E-001
0.832	2.6388240E-001
0.833	2.8349590E-001
0.834	3.0247745E-001
0.835	3.2065678E-001
0.836	3.3789027E-001
0.837	3.5406083E-001
0.838	3.6907804E-001
0.839	3.8287655E-001
0.84	3.9541420E-001
0.841	4.0666941E-001
0.842	4.1663861E-001
0.843	4.2533347E-001
0.844	4.3277812E-001
0.845	4.3900645E-001
0.846	4.4405967E-001
0.847	4.4798401E-001
0.848	4.5082828E-001
0.849	4.5264286E-001
0.85	4.5347792E-001
0.851	4.5338178E-001
0.852	4.5240128E-001
0.853	4.5058021E-001
0.854	4.4795969E-001
0.855	4.4457743E-001
0.856	4.4046846E-001
0.857	4.3566489E-001
0.858	4.3019557E-001
0.859	4.2408714E-001
0.86	4.1736367E-001
0.861	4.1004738E-001
0.862	4.0215832E-001
0.863	3.9371583E-001
0.864	3.8473803E-001
0.865	3.7524262E-001
0.866	3.6524758E-001
0.867	3.5477084E-001
0.868	3.4383181E-001
0.869	3.3245075E-001
0.87	3.2064998E-001
0.871	3.0845419E-001
0.872	2.9589146E-001
0.873	2.8299400E-001
0.874	2.6979828E-001
0.875	2.5634694E-001
0.876	2.4268785E-001
0.877	2.2887544E-001
0.878	2.1497004E-001
0.879	2.0103756E-001
0.88	1.8714902E-001
0.881	1.7338003E-001
0.882	1.5980947E-001
0.883	1.4651863E-001
0.884	1.3359004E-001
0.885	1.2110623E-001
0.886	1.0914779E-001
0.887	9.7791888E-002
0.888	8.7110400E-002
0.889	7.7167548E-002
0.89	6.8018146E-002
0.891	5.9705485E-002
0.892	5.2259937E-002
0.893	4.5697510E-002
0.894	4.0019378E-002
0.895	3.5211653E-002
0.896	3.1245876E-002
0.897	2.8079966E-002
0.898	2.5659632E-002
0.899	2.3920188E-002
0.9	2.2788497E-002
0.901	2.2185240E-002
0.902	2.2027189E-002
0.903	2.2229483E-002
0.904	2.2707833E-002
0.905	2.3380544E-002
0.906	2.4170360E-002
0.907	2.5006026E-002
0.908	2.5823543E-002
0.909	2.6567087E-002
0.91	2.7189719E-002
0.911	2.7653664E-002
0.912	2.7930420E-002
0.913	2.8000535E-002
0.914	2.7853224E-002
0.915	2.7485792E-002
0.916	2.6902918E-002
0.917	2.6115848E-002
0.918	2.5141511E-002
0.919	2.4001593E-002
0.92	2.2721579E-002
0.921	2.1329794E-002
0.922	1.9856460E-002
0.923	1.8332744E-002
0.924	1.6789885E-002
0.925	1.5258322E-002
0.926	1.3766950E-002
0.927	1.2342395E-002
0.928	1.1008475E-002
0.929	9.7856661E-003
0.93	8.6907763E-003
0.931	7.7366764E-003
0.932	6.9321762E-003
0.933	6.2819915E-003
0.934	5.7868394E-003
0.935	5.4436093E-003
0.936	5.2456437E-003
0.937	5.1830704E-003
0.938	5.2432274E-003
0.939	5.4111066E-003
0.94	5.6698765E-003
0.941	6.0013928E-003
0.942	6.3867304E-003
0.943	6.8067303E-003
0.944	7.2424947E-003
0.945	7.6758787E-003
0.946	8.0899158E-003
0.947	8.4691998E-003
0.948	8.8001844E-003
0.949	9.0714348E-003
0.95	9.2738112E-003
0.951	9.4005680E-003
0.952	9.4474079E-003
0.953	9.4124805E-003
0.954	9.2963073E-003
0.955	9.1016889E-003
0.956	8.8335080E-003
0.957	8.4985467E-003
0.958	8.1051765E-003
0.959	7.6630954E-003
0.96	7.1829609E-003
0.961	6.6760494E-003
0.962	6.1539174E-003
0.963	5.6280615E-003
0.964	5.1096180E-003
0.965	4.6091038E-003
0.966	4.1361842E-003
0.967	3.6994920E-003
0.968	3.3064683E-003
0.969	2.9632370E-003
0.97	2.6744998E-003
0.971	2.4434733E-003
0.972	2.2718352E-003
0.973	2.1597226E-003
0.974	2.1057664E-003
0.975	2.1071639E-003
0.976	2.1597934E-003
0.977	2.2583667E-003
0.978	2.3966127E-003
0.979	2.5674850E-003
0.98	2.7633752E-003
0.981	2.9763423E-003
0.982	3.1983336E-003
0.983	3.4214039E-003
0.984	3.6379150E-003
0.985	3.8407214E-003
0.986	4.0233391E-003
0.987	4.1800858E-003
0.988	4.3061939E-003
0.989	4.3979050E-003
0.99	4.4525233E-003
0.991	4.4684536E-003
0.992	4.4451910E-003
0.993	4.3833000E-003
0.994	4.2843553E-003
0.995	4.1508754E-003
0.996	3.9862101E-003
0.997	3.7944496E-003
0.998	3.5802843E-003
0.999	3.3488797E-003
1	3.1057231E-003
1.001	2.8564751E-003
1.002	2.6068154E-003
1.003	2.3622888E-003
1.004	2.1281561E-003
1.005	1.9092632E-003
1.006	1.7099236E-003
1.007	1.5338202E-003
1.008	1.3839294E-003
1.009	1.2624693E-003
1.01	1.1708672E-003
1.011	1.1097463E-003
1.012	1.0789363E-003
1.013	1.0775001E-003
1.014	1.1037784E-003
1.015	1.1554537E-003
1.016	1.2296281E-003
1.017	1.3229133E-003
1.018	1.4315324E-003
1.019	1.5514301E-003
1.02	1.6783830E-003
1.021	1.8081166E-003
1.022	1.9364165E-003
1.023	2.0592390E-003
1.024	2.1728114E-003
1.025	2.2737237E-003
1.026	2.3590103E-003
1.027	2.4262103E-003
1.028	2.4734193E-003
1.029	2.4993264E-003
1.03	2.5032240E-003
1.031	2.4850131E-003
1.032	2.4451790E-003
1.033	2.3847704E-003
1.034	2.3053484E-003
1.035	2.2089309E-003
1.036	2.0979315E-003
1.037	1.9750844E-003
1.038	1.8433642E-003
1.039	1.7059105E-003
1.04	1.5659414E-003
1.041	1.4266674E-003
1.042	1.2912133E-003
1.043	1.1625373E-003
1.044	1.0433584E-003
1.045	9.3609124E-004
1.046	8.4278849E-004
1.047	7.6509785E-004
1.048	7.0422614E-004
1.049	6.6091982E-004
1.05	6.3545466E-004
1.051	6.2764157E-004
1.052	6.3684111E-004
1.053	6.6199282E-004
1.054	7.0165191E-004
1.055	7.5403822E-004
1.056	8.1709080E-004
1.057	8.8852923E-004
1.058	9.6591969E-004
1.059	1.0467428E-003
1.06	1.1284599E-003
1.061	1.2085817E-003
1.062	1.2847258E-003
1.063	1.3546799E-003
1.064	1.4164478E-003
1.065	1.4682959E-003
1.066	1.5087893E-003
1.067	1.5368190E-003
1.068	1.5516219E-003
1.069	1.5527927E-003
1.07	1.5402848E-003
1.071	1.5144065E-003
1.072	1.4758050E-003
1.073	1.4254451E-003
1.074	1.3645807E-003
1.075	1.2947174E-003
1.076	1.2175728E-003
1.077	1.1350253E-003
1.078	1.0490651E-003
1.079	9.6173887E-004
1.08	8.7509415E-004
1.081	7.9112267E-004
1.082	7.1170682E-004
1.083	6.3857122E-004
1.084	5.7324010E-004
1.085	5.1700004E-004
1.086	4.7087297E-004
1.087	4.3559770E-004
1.088	4.1161675E-004
1.089	3.9907458E-004
1.09	3.9782078E-004
1.091	4.0742170E-004
1.092	4.2717761E-004
1.093	4.5614620E-004
1.094	4.9317116E-004
1.095	5.3691637E-004
1.096	5.8590359E-004
1.097	6.3855184E-004
1.098	6.9322129E-004
1.099	7.4825541E-004
1.1	8.0202334E-004
1.101	8.5296168E-004
1.102	8.9961389E-004
1.103	9.4066333E-004
1.104	9.7496720E-004
1.105	1.0015809E-003
1.106	1.0197797E-003
1.107	1.0290728E-003
1.108	1.0292119E-003
1.109	1.0201921E-003
1.11	1.0022490E-003
1.111	9.7584678E-004
1.112	9.4166189E-004
1.113	9.0056163E-004
1.114	8.5357897E-004
1.115	8.0188148E-004
1.116	7.4673956E-004
1.117	6.8948953E-004
1.118	6.3149945E-004
1.119	5.7413150E-004
1.12	5.1870756E-004
1.121	4.6647541E-004
1.122	4.1857894E-004
1.123	3.7603104E-004
1.124	3.3969042E-004
1.125	3.1024238E-004
1.126	2.8818497E-004
1.127	2.7381847E-004
1.128	2.6724156E-004
1.129	2.6835123E-004
1.13	2.7684870E-004
1.131	2.9225074E-004
1.132	3.1390507E-004
1.133	3.4101054E-004
1.134	3.7264140E-004
1.135	4.0777281E-004
1.136	4.4531064E-004
1.137	4.8412054E-004
1.138	5.2305794E-004
1.139	5.6099700E-004
1.14	5.9685984E-004
1.141	6.2964141E-004
1.142	6.5843435E-004
1.143	6.8244949E-004
1.144	7.0103467E-004
1.145	7.1368844E-004
1.146	7.2007236E-004
1.147	7.2001596E-004
1.148	7.1352144E-004
1.149	7.0075941E-004
1.15	6.8206311E-004
1.151	6.5791479E-004
1.152	6.2893255E-004
1.153	5.9584761E-004
1.154	5.5948412E-004
1.155	5.2073429E-004
1.156	4.8053553E-004
1.157	4.3984485E-004
1.158	3.9961623E-004
1.159	3.6077760E-004
1.16	3.2420940E-004
1.161	2.9072404E-004
1.162	2.6104602E-004
1.163	2.3579538E-004
1.164	2.1547111E-004
1.165	2.0043980E-004
1.166	1.9092618E-004
1.167	1.8700871E-004
1.168	1.8861932E-004
1.169	1.9554712E-004
1.17	2.0744638E-004
1.171	2.2384839E-004
1.172	2.4417607E-004
1.173	2.6776132E-004
1.174	2.9386437E-004
1.175	3.2169415E-004
1.176	3.5042956E-004
1.177	3.7924151E-004
1.178	4.0731308E-004
1.179	4.3386052E-004
1.18	4.5815221E-004
1.181	4.7952589E-004
1.182	4.9740414E-004
1.183	5.1130820E-004
1.184	5.2086834E-004
1.185	5.2583206E-004
1.186	5.2606995E-004
1.187	5.2157586E-004
1.188	5.1246706E-004
1.189	4.9897865E-004
1.19	4.8145512E-004
1.191	4.6033965E-004
1.192	4.3616100E-004
1.193	4.0951840E-004
1.194	3.8106527E-004
1.195	3.5149197E-004
1.196	3.2150812E-004
1.197	2.9182542E-004
1.198	2.6313934E-004
1.199	2.3611200E-004
1.2	2.1135509E-004
1.201	1.8941490E-004
1.202	1.7075884E-004
1.203	1.5576405E-004
1.204	1.4470886E-004
1.205	1.3776752E-004
1.206	1.3500713E-004
1.207	1.3638761E-004
1.208	1.4176422E-004
1.209	1.5089287E-004
1.21	1.6343687E-004
1.211	1.7897702E-004
1.212	1.9702302E-004
1.213	2.1702674E-004
1.214	2.3839755E-004
1.215	2.6051822E-004
1.216	2.8276068E-004
1.217	3.0450424E-004
1.218	3.2514930E-004
1.219	3.4413455E-004
1.22	3.6094864E-004
1.221	3.7514363E-004
1.222	3.8634468E-004
1.223	3.9425856E-004
1.224	3.9867940E-004
1.225	3.9949353E-004
1.226	3.9668029E-004
1.227	3.9031217E-004
1.228	3.8055127E-004
1.229	3.6764485E-004
1.23	3.5191761E-004
1.231	3.3376296E-004
1.232	3.1363199E-004
1.233	2.9202172E-004
1.234	2.6946174E-004
1.235	2.4649987E-004
1.236	2.2368869E-004
1.237	2.0157031E-004
1.238	1.8066293E-004
1.239	1.6144796E-004
1.24	1.4435775E-004
1.241	1.2976560E-004
1.242	1.1797653E-004
1.243	1.0922085E-004
1.244	1.0364898E-004
1.245	1.0132890E-004
1.246	1.0224521E-004
1.247	1.0630076E-004
1.248	1.1332000E-004
1.249	1.2305444E-004
1.25	1.3518993E-004
1.251	1.4935530E-004
1.252	1.6513250E-004
1.253	1.8206800E-004
1.254	1.9968426E-004
1.255	2.1749249E-004
1.256	2.3500464E-004
1.257	2.5174627E-004
1.258	2.6726769E-004
1.259	2.8115552E-004
1.26	2.9304271E-004
1.261	3.0261718E-004
1.262	3.0962939E-004
1.263	3.1389805E-004
1.264	3.1531358E-004
1.265	3.1384072E-004
1.266	3.0951799E-004
1.267	3.0245614E-004
1.268	2.9283456E-004
1.269	2.8089591E-004
1.27	2.6693885E-004
1.271	2.5131070E-004
1.272	2.3439720E-004
1.273	2.1661313E-004
1.274	1.9839141E-004
1.275	1.8017193E-004
1.276	1.6239070E-004
1.277	1.4546898E-004
1.278	1.2980276E-004
1.279	1.1575314E-004
1.28	1.0363719E-004
1.281	9.3720329E-005
1.282	8.6209882E-005
1.283	8.1249884E-005
1.284	7.8918114E-005
1.285	7.9224592E-005
1.286	8.2111925E-005
1.287	8.7457694E-005
1.288	9.5078183E-005
1.289	1.0473402E-004
1.29	1.1613686E-004
1.291	1.2895728E-004
1.292	1.4283392E-004
1.293	1.5738234E-004
1.294	1.7220536E-004
1.295	1.8690298E-004
1.296	2.0108225E-004
1.297	2.1436719E-004
1.298	2.2640779E-004
1.299	2.3688866E-004
1.3	2.4553691E-004
1.301	2.5212832E-004
1.302	2.5649284E-004
1.303	2.5851841E-004
1.304	2.5815322E-004
1.305	2.5540695E-004
1.306	2.5034920E-004
1.307	2.4310822E-004
1.308	2.3386651E-004
1.309	2.2285603E-004
1.31	2.1035172E-004
1.311	1.9666467E-004
1.312	1.8213340E-004
1.313	1.6711513E-004
1.314	1.5197680E-004
1.315	1.3708524E-004
1.316	1.2279826E-004
1.317	1.0945547E-004
1.318	9.7370139E-005
1.319	8.6821550E-005
1.32	7.8048368E-005
1.321	7.1242990E-005
1.322	6.6547072E-005
1.323	6.4048319E-005
1.324	6.3778454E-005
1.325	6.5712906E-005
1.326	6.9771588E-005
1.327	7.5821306E-005
1.328	8.3679697E-005
1.329	9.3119990E-005
1.33	1.0387740E-004
1.331	1.1565608E-004
1.332	1.2813692E-004
1.333	1.4098581E-004
1.334	1.5386204E-004
1.335	1.6642702E-004
1.336	1.7835226E-004
1.337	1.8932769E-004
1.338	1.9906911E-004
1.339	2.0732463E-004
1.34	2.1388115E-004
1.341	2.1856958E-004
1.342	2.2126891E-004
1.343	2.2190905E-004
1.344	2.2047301E-004
1.345	2.1699716E-004
1.346	2.1156980E-004
1.347	2.0432936E-004
1.348	1.9545949E-004
1.349	1.8518420E-004
1.35	1.7376148E-004
1.351	1.6147607E-004
1.352	1.4863176E-004
1.353	1.3554368E-004
1.354	1.2253068E-004
1.355	1.0990750E-004
1.356	9.7977732E-005
1.357	8.7026579E-005
1.358	7.7314202E-005
1.359	6.9069560E-005
1.36	6.2484622E-005
1.361	5.7709472E-005
1.362	5.4848315E-005
1.363	5.3956734E-005
1.364	5.5040193E-005
1.365	5.8053956E-005
1.366	6.2904495E-005
1.367	6.9452079E-005
1.368	7.7514778E-005
1.369	8.6873326E-005
1.37	9.7277167E-005
1.371	1.0845080E-004
1.372	1.2010118E-004
1.373	1.3192487E-004
1.374	1.4361591E-004
1.375	1.5487315E-004
1.376	1.6540787E-004
1.377	1.7495069E-004
1.378	1.8325828E-004
1.379	1.9011926E-004
1.38	1.9535939E-004
1.381	1.9884594E-004
1.382	2.0049066E-004
1.383	2.0025211E-004
1.384	1.9813630E-004
1.385	1.9419647E-004
1.386	1.8853098E-004
1.387	1.8128115E-004
1.388	1.7262707E-004
1.389	1.6278309E-004
1.39	1.5199286E-004
1.391	1.4052282E-004
1.392	1.2865613E-004
1.393	1.1668573E-004
1.394	1.0490698E-004
1.395	9.3610353E-005
1.396	8.3073908E-005
1.397	7.3556301E-005
1.398	6.5290144E-005
1.399	5.8476147E-005
1.4	5.3278167E-005
1.401	4.9819395E-005
1.402	4.8179507E-005
1.403	4.8392973E-005
1.404	5.0448387E-005
1.405	5.4288965E-005
1.406	5.9813934E-005
1.407	6.6881032E-005
1.408	7.5309930E-005
1.409	8.4886640E-005
1.41	9.5368661E-005
1.411	1.0649099E-004
1.412	1.1797260E-004
1.413	1.2952360E-004
1.414	1.4085238E-004
1.415	1.5167297E-004
1.416	1.6171251E-004
1.417	1.7071779E-004
1.418	1.7846184E-004
1.419	1.8474970E-004
1.42	1.8942283E-004
1.421	1.9236328E-004
1.422	1.9349645E-004
1.423	1.9279285E-004
1.424	1.9026881E-004
1.425	1.8598603E-004
1.426	1.8005028E-004
1.427	1.7260875E-004
1.428	1.6384646E-004
1.429	1.5398195E-004
1.43	1.4326184E-004
1.431	1.3195469E-004
1.432	1.2034444E-004
1.433	1.0872309E-004
1.434	9.7383534E-005
1.435	8.6612315E-005
1.436	7.6682190E-005
1.437	6.7845627E-005
1.438	6.0328370E-005
1.439	5.4323853E-005
1.44	4.9988452E-005
1.441	4.7437497E-005
1.442	4.6742316E-005
1.443	4.7928395E-005
1.444	5.0974428E-005
1.445	5.5812754E-005
1.446	6.2330750E-005
1.447	7.0373448E-005
1.448	7.9747333E-005
1.449	9.0224989E-005
1.45	1.0155078E-004
1.451	1.1344728E-004
1.452	1.2562216E-004
1.453	1.3777545E-004
1.454	1.4960693E-004
1.455	1.6082368E-004
1.456	1.7114711E-004
1.457	1.8032017E-004
1.458	1.8811348E-004
1.459	1.9433122E-004
1.46	1.9881641E-004
1.461	2.0145472E-004
1.462	2.0217763E-004
1.463	2.0096441E-004
1.464	1.9784260E-004
1.465	1.9288783E-004
1.466	1.8622182E-004
1.467	1.7801001E-004
1.468	1.6845734E-004
1.469	1.5780392E-004
1.47	1.4631879E-004
1.471	1.3429383E-004
1.472	1.2203673E-004
1.473	1.0986283E-004
1.474	9.8087861E-005
1.475	8.7019733E-005
1.476	7.6951001E-005
1.477	6.8151639E-005
1.478	6.0862116E-005
1.479	5.5287564E-005
1.48	5.1592422E-005
1.481	4.9896182E-005
1.482	5.0270079E-005
1.483	5.2734926E-005
1.484	5.7260066E-005
1.485	6.3763655E-005
1.486	7.2114228E-005
1.487	8.2133403E-005
1.488	9.3599796E-005
1.489	1.0625429E-004
1.49	1.1980582E-004
1.491	1.3393861E-004
1.492	1.4831961E-004
1.493	1.6260677E-004
1.494	1.7645746E-004
1.495	1.8953702E-004
1.496	2.0152712E-004
1.497	2.1213370E-004
1.498	2.2109457E-004
1.499	2.2818589E-004
1.5	2.3322813E-004
1.501	2.3609091E-004
1.502	2.3669691E-004
1.503	2.3502402E-004
1.504	2.3110736E-004
1.505	2.2503849E-004
1.506	2.1696463E-004
1.507	2.0708534E-004
1.508	1.9564833E-004
1.509	1.8294412E-004
1.51	1.6929937E-004
1.511	1.5506880E-004
1.512	1.4062709E-004
1.513	1.2636001E-004
1.514	1.1265509E-004
1.515	9.9892168E-005
1.516	8.8434368E-005
1.517	7.8618898E-005
1.518	7.0748662E-005
1.519	6.5084256E-005
1.52	6.1836930E-005
1.521	6.1162536E-005
1.522	6.3156680E-005
1.523	6.7851302E-005
1.524	7.5212709E-005
1.525	8.5141233E-005
1.526	9.7472461E-005
1.527	1.1198025E-004
1.528	1.2838100E-004
1.529	1.4633976E-004
1.53	1.6547753E-004
1.531	1.8537980E-004
1.532	2.0560618E-004
1.533	2.2570045E-004
1.534	2.4520181E-004
1.535	2.6365567E-004
1.536	2.8062490E-004
1.537	2.9570071E-004
1.538	3.0851300E-004
1.539	3.1874067E-004
1.54	3.2611992E-004
1.541	3.3045319E-004
1.542	3.3161539E-004
1.543	3.2955935E-004
1.544	3.2431929E-004
1.545	3.1601189E-004
1.546	3.0483591E-004
1.547	2.9106918E-004
1.548	2.7506307E-004
1.549	2.5723531E-004
1.55	2.3806139E-004
1.551	2.1806369E-004
1.552	1.9780036E-004
1.553	1.7785277E-004
1.554	1.5881319E-004
1.555	1.4127155E-004
1.556	1.2580244E-004
1.557	1.1295182E-004
1.558	1.0322360E-004
1.559	9.7066761E-005
1.56	9.4862728E-005
1.561	9.6913929E-005
1.562	1.0343370E-004
1.563	1.1453784E-004
1.564	1.3023858E-004
1.565	1.5044064E-004
1.566	1.7493976E-004
1.567	2.0342384E-004
1.568	2.3547649E-004
1.569	2.7058239E-004
1.57	3.0813555E-004
1.571	3.4744959E-004
1.572	3.8777021E-004
1.573	4.2828996E-004
1.574	4.6816561E-004
1.575	5.0653773E-004
1.576	5.4255122E-004
1.577	5.7537766E-004
1.578	6.0423743E-004
1.579	6.2842201E-004
1.58	6.4731523E-004
1.581	6.6041207E-004
1.582	6.6733634E-004
1.583	6.6785607E-004
1.584	6.6189532E-004
1.585	6.4954511E-004
1.586	6.3106901E-004
1.587	6.0690840E-004
1.588	5.7768321E-004
1.589	5.4419017E-004
1.59	5.0739950E-004
1.591	4.6844489E-004
1.592	4.2861738E-004
1.593	3.8934950E-004
1.594	3.5220021E-004
1.595	3.1883593E-004
1.596	2.9100708E-004
1.597	2.7052281E-004
1.598	2.5922281E-004
1.599	2.5894676E-004
1.6	2.7150306E-004
1.601	2.9863624E-004
1.602	3.4199574E-004
1.603	4.0310482E-004
1.604	4.8333014E-004
1.605	5.8385450E-004
1.606	7.0565048E-004
1.607	8.4945577E-004
1.608	1.0157540E-003
1.609	1.2047556E-003
1.61	1.4163845E-003
1.611	1.6502669E-003
1.612	1.9057267E-003
1.613	2.1817836E-003
1.614	2.4771565E-003
1.615	2.7902701E-003
1.616	3.1192717E-003
1.617	3.4620457E-003
1.618	3.8162388E-003
1.619	4.1792840E-003
1.62	4.5484388E-003
1.621	4.9208081E-003
1.622	5.2933977E-003
1.623	5.6631360E-003
1.624	6.0269162E-003
1.625	6.3816351E-003
1.626	6.7242268E-003
1.627	7.0516882E-003
1.628	7.3611266E-003
1.629	7.6497826E-003
1.63	7.9150693E-003
1.631	8.1546009E-003
1.632	8.3662244E-003
1.633	8.5480483E-003
1.634	8.6984700E-003
1.635	8.8161901E-003
1.636	8.9002382E-003
1.637	8.9499671E-003
1.638	8.9650676E-003
1.639	8.9455703E-003
1.64	8.8918293E-003
1.641	8.8045262E-003
1.642	8.6846435E-003
1.643	8.5334703E-003
1.644	8.3525591E-003
1.645	8.1437165E-003
1.646	7.9089785E-003
1.647	7.6505793E-003
1.648	7.3709278E-003
1.649	7.0725791E-003
1.65	6.7582056E-003
1.651	6.4305635E-003
1.652	6.0924599E-003
1.653	5.7467269E-003
1.654	5.3961640E-003
1.655	5.0435225E-003
1.656	4.6914546E-003
1.657	4.3424824E-003
1.658	3.9989818E-003
1.659	3.6631443E-003
1.66	3.3369763E-003
1.661	3.0222861E-003
1.662	2.7206778E-003
1.663	2.4335512E-003
1.664	2.1620984E-003
1.665	1.9073025E-003
1.666	1.6699362E-003
1.667	1.4505539E-003
1.668	1.2494948E-003
1.669	1.0668795E-003
1.67	9.0261572E-004
1.671	7.5640768E-004
1.672	6.2776927E-004
1.673	5.1604258E-004
1.674	4.2041755E-004
1.675	3.3995777E-004
1.676	2.7362324E-004
1.677	2.2029465E-004
1.678	1.7879564E-004
1.679	1.4791472E-004
1.68	1.2642467E-004
1.681	1.1310073E-004
1.682	1.0673710E-004
1.683	1.0616241E-004
1.684	1.1025337E-004
1.685	1.1794734E-004
1.686	1.2825306E-004
1.687	1.4025957E-004
1.688	1.5314363E-004
1.689	1.6617494E-004
1.69	1.7871954E-004
1.691	1.9024144E-004
1.692	2.0030244E-004
1.693	2.0856022E-004
1.694	2.1476475E-004
1.695	2.1875399E-004
1.696	2.2044727E-004
1.697	2.1983877E-004
1.698	2.1698952E-004
1.699	2.1201873E-004
1.7	2.0509548E-004
1.701	1.9642925E-004
1.702	1.8626102E-004
1.703	1.7485427E-004
1.704	1.6248622E-004
1.705	1.4943993E-004
1.706	1.3599657E-004
1.707	1.2242846E-004
1.708	1.0899331E-004
1.709	9.5928990E-005
1.71	8.3449493E-005
1.711	7.1741371E-005
1.712	6.0961753E-005
1.713	5.1236366E-005
1.714	4.2658990E-005
1.715	3.5291359E-005
1.716	2.9163844E-005
1.717	2.4276880E-005
1.718	2.0602880E-005
1.719	1.8088822E-005
1.72	1.6659234E-005
1.721	1.6219539E-005
1.722	1.6659704E-005
1.723	1.7857939E-005
1.724	1.9684494E-005
1.725	2.2005324E-005
1.726	2.4685640E-005
1.727	2.7593131E-005
1.728	3.0600964E-005
1.729	3.3590335E-005
1.73	3.6452762E-005
1.731	3.9091832E-005
1.732	4.1424631E-005
1.733	4.3382792E-005
1.734	4.4913100E-005
1.735	4.5977646E-005
1.736	4.6553763E-005
1.737	4.6633450E-005
1.738	4.6222583E-005
1.739	4.5339730E-005
1.74	4.4014876E-005
1.741	4.2287880E-005
1.742	4.0206822E-005
1.743	3.7826299E-005
1.744	3.5205674E-005
1.745	3.2407414E-005
1.746	2.9495241E-005
1.747	2.6532667E-005
1.748	2.3581237E-005
1.749	2.0699161E-005
1.75	1.7939992E-005
1.751	1.5351441E-005
1.752	1.2974462E-005
1.753	1.0842574E-005
1.754	8.9813757E-006
1.755	7.4083787E-006
1.756	6.1329947E-006
1.757	5.1568195E-006
1.758	4.4740495E-006
1.759	4.0721088E-006
1.76	3.9323804E-006
1.761	4.0310547E-006
1.762	4.3400692E-006
1.763	4.8280685E-006
1.764	5.4614006E-006
1.765	6.2051149E-006
1.766	7.0239071E-006
1.767	7.8830317E-006
1.768	8.7491371E-006
1.769	9.5910209E-006
1.77	1.0380260E-005
1.771	1.1091784E-005
1.772	1.1704285E-005
1.773	1.2200539E-005
1.774	1.2567584E-005
1.775	1.2796824E-005
1.776	1.2883952E-005
1.777	1.2828830E-005
1.778	1.2635214E-005
1.779	1.2310441E-005
1.78	1.1865005E-005
1.781	1.1312099E-005
1.782	1.0667120E-005
1.783	9.9471335E-006
1.784	9.1703296E-006
1.785	8.3555014E-006
1.786	7.5214880E-006
1.787	6.6867005E-006
1.788	5.8686155E-006
1.789	5.0833864E-006
1.79	4.3454615E-006
1.791	3.6673041E-006
1.792	3.0591580E-006
1.793	2.5289189E-006
1.794	2.0820526E-006
1.795	1.7215946E-006
1.796	1.4482131E-006
1.797	1.2603248E-006
1.798	1.1542626E-006
1.799	1.1244903E-006
1.8	1.1638546E-006
1.801	1.2638626E-006
1.802	1.4149866E-006
1.803	1.6069782E-006
1.804	1.8291829E-006
1.805	2.0708526E-006
1.806	2.3214413E-006
1.807	2.5708810E-006
1.808	2.8098286E-006
1.809	3.0298759E-006
1.81	3.2237294E-006
1.811	3.3853421E-006
1.812	3.5100070E-006
1.813	3.5944038E-006
1.814	3.6366118E-006
1.815	3.6360752E-006
1.816	3.5935377E-006
1.817	3.5109372E-006
1.818	3.3912841E-006
1.819	3.2385110E-006
1.82	3.0573042E-006
1.821	2.8529291E-006
1.822	2.6310436E-006
1.823	2.3975228E-006
1.824	2.1582730E-006
1.825	1.9190638E-006
1.826	1.6853752E-006
1.827	1.4622472E-006
1.828	1.2541656E-006
1.829	1.0649578E-006
1.83	8.9771800E-007
1.831	7.5475475E-007
1.832	6.3756528E-007
1.833	5.4683596E-007
1.834	4.8246250E-007
1.835	4.4359768E-007
1.836	4.2871483E-007
1.837	4.3569068E-007
1.838	4.6190121E-007
1.839	5.0432817E-007
1.84	5.5967041E-007
1.841	6.2445923E-007
1.842	6.9517040E-007
1.843	7.6833209E-007
1.844	8.4062316E-007
1.845	9.0896418E-007
1.846	9.7059296E-007
1.847	1.0231313E-006
1.848	1.0646335E-006
1.849	1.0936246E-006
1.85	1.1091228E-006
1.851	1.1106454E-006
1.852	1.0982005E-006
1.853	1.0722683E-006
1.854	1.0337633E-006
1.855	9.8398516E-007
1.856	9.2456639E-007
1.857	8.5739947E-007
1.858	7.8457049E-007
1.859	7.0828338E-007
1.86	6.3078562E-007
1.861	5.5429473E-007
1.862	4.8093182E-007
1.863	4.1265844E-007
1.864	3.5122156E-007
1.865	2.9810911E-007
1.866	2.5451232E-007
1.867	2.2130085E-007
1.868	1.9900659E-007
1.869	1.8781950E-007
1.87	1.8759235E-007
1.871	1.9785649E-007
1.872	2.1784614E-007
1.873	2.4653076E-007
1.874	2.8265444E-007
1.875	3.2478087E-007
1.876	3.7134228E-007
1.877	4.2069064E-007
1.878	4.7114906E-007
1.879	5.2106338E-007
1.88	5.6885068E-007
1.881	6.1304252E-007
1.882	6.5232649E-007
1.883	6.8557875E-007
1.884	7.1189112E-007
1.885	7.3059073E-007
1.886	7.4125342E-007
1.887	7.4370740E-007
1.888	7.3803034E-007
1.889	7.2454151E-007
1.89	7.0378388E-007
1.891	6.7650274E-007
1.892	6.4361950E-007
1.893	6.0619942E-007
1.894	5.6541882E-007
1.895	5.2252824E-007
1.896	4.7881599E-007
1.897	4.3557083E-007
1.898	3.9404654E-007
1.899	3.5542814E-007
1.9	3.2080104E-007
1.901	2.9112468E-007
1.902	2.6720980E-007
1.903	2.4970123E-007
1.904	2.3906611E-007
1.905	2.3558715E-007
1.906	2.3936150E-007
1.907	2.5030454E-007
1.908	2.6815812E-007
1.909	2.9250307E-007
1.91	3.2277578E-007
1.911	3.5828700E-007
1.912	3.9824417E-007
1.913	4.4177418E-007
1.914	4.8794828E-007
1.915	5.3580789E-007
1.916	5.8438803E-007
1.917	6.3274189E-007
1.918	6.7996336E-007
1.919	7.2520675E-007
1.92	7.6770431E-007
1.921	8.0678183E-007
1.922	8.4186939E-007
1.923	8.7251044E-007
1.924	8.9836578E-007
1.925	9.1921640E-007
1.926	9.3496163E-007
1.927	9.4561534E-007
1.928	9.5129889E-007
1.929	9.5223305E-007
1.93	9.4872820E-007
1.931	9.4117058E-007
1.932	9.3001142E-007
1.933	9.1575288E-007
1.934	8.9893535E-007
1.935	8.8012337E-007
1.936	8.5989467E-007
1.937	8.3882998E-007
1.938	8.1750278E-007
1.939	7.9647168E-007
1.94	7.7627442E-007
1.941	7.5741980E-007
1.942	7.4038559E-007
1.943	7.2561164E-007
1.944	7.1349729E-007
1.945	7.0439722E-007
1.946	6.9861875E-007
1.947	6.9642078E-007
1.948	6.9801109E-007
1.949	7.0354616E-007
1.95	7.1313002E-007
1.951	7.2681405E-007
1.952	7.4459740E-007
1.953	7.6642641E-007
1.954	7.9219438E-007
1.955	8.2174171E-007
1.956	8.5485505E-007
1.957	8.9126854E-007
1.958	9.3066285E-007
1.959	9.7266695E-007
1.96	1.0168582E-006
1.961	1.0627665E-006
1.962	1.1098765E-006
1.963	1.1576308E-006
1.964	1.2054377E-006
1.965	1.2526760E-006
1.966	1.2987048E-006
1.967	1.3428710E-006
1.968	1.3845225E-006
1.969	1.4230183E-006
1.97	1.4577415E-006
1.971	1.4881138E-006
1.972	1.5136094E-006
1.973	1.5337695E-006
1.974	1.5482178E-006
1.975	1.5566724E-006
1.976	1.5589615E-006
1.977	1.5550320E-006
1.978	1.5449634E-006
1.979	1.5289696E-006
1.98	1.5074083E-006
1.981	1.4807774E-006
1.982	1.4497135E-006
1.983	1.4149861E-006
1.984	1.3774859E-006
1.985	1.3382075E-006
1.986	1.2982356E-006
1.987	1.2587212E-006
1.988	1.2208582E-006
1.989	1.1858576E-006
1.99	1.1549208E-006
1.991	1.1292078E-006
1.992	1.1098099E-006
1.993	1.0977202E-006
1.994	1.0938026E-006
1.995	1.0987662E-006
1.996	1.1131403E-006
1.997	1.1372532E-006
1.998	1.1712144E-006
1.999	1.2149035E-006
2	1.2679617E-006
2.001	1.3297924E-006
2.002	1.3995643E-006
2.003	1.4762240E-006
2.004	1.5585130E-006
2.005	1.6449895E-006
2.006	1.7340586E-006
2.007	1.8240053E-006
2.008	1.9130341E-006
2.009	1.9993097E-006
2.01	2.0810028E-006
2.011	2.1563346E-006
2.012	2.2236256E-006
2.013	2.2813406E-006
2.014	2.3281302E-006
2.015	2.3628695E-006
2.016	2.3846969E-006
2.017	2.3930361E-006
2.018	2.3876241E-006
2.019	2.3685220E-006
2.02	2.3361270E-006
2.021	2.2911713E-006
2.022	2.2347153E-006
2.023	2.1681321E-006
2.024	2.0930852E-006
2.025	2.0114946E-006
2.026	1.9255024E-006
2.027	1.8374197E-006
2.028	1.7496774E-006
2.029	1.6647672E-006
2.03	1.5851791E-006
2.031	1.5133384E-006
2.032	1.4515418E-006
2.033	1.4018964E-006
2.034	1.3662610E-006
2.035	1.3461957E-006
2.036	1.3429132E-006
2.037	1.3572421E-006
2.038	1.3895966E-006
2.039	1.4399552E-006
2.04	1.5078522E-006
2.041	1.5923736E-006
2.042	1.6921707E-006
2.043	1.8054822E-006
2.044	1.9301654E-006
2.045	2.0637415E-006
2.046	2.2034510E-006
2.047	2.3463147E-006
2.048	2.4892056E-006
2.049	2.6289269E-006
2.05	2.7622928E-006
2.051	2.8862055E-006
2.052	2.9977421E-006
2.053	3.0942263E-006
2.054	3.1733050E-006
2.055	3.2330092E-006
2.056	3.2718135E-006
2.057	3.2886819E-006
2.058	3.2831015E-006
2.059	3.2551045E-006
2.06	3.2052815E-006
2.061	3.1347749E-006
2.062	3.0452650E-006
2.063	2.9389387E-006
2.064	2.8184463E-006
2.065	2.6868427E-006
2.066	2.5475242E-006
2.067	2.4041492E-006
2.068	2.2605429E-006
2.069	2.1206158E-006
2.07	1.9882589E-006
2.071	1.8672466E-006
2.072	1.7611441E-006
2.073	1.6732108E-006
2.074	1.6063141E-006
2.075	1.5628548E-006
2.076	1.5446936E-006
2.077	1.5530966E-006
2.078	1.5886937E-006
2.079	1.6514450E-006
2.08	1.7406346E-006
2.081	1.8548712E-006
2.082	1.9921135E-006
2.083	2.1497103E-006
2.084	2.3244529E-006
2.085	2.5126524E-006
2.086	2.7102253E-006
2.087	2.9127843E-006
2.088	3.1157497E-006
2.089	3.3144620E-006
2.09	3.5042904E-006
2.091	3.6807560E-006
2.092	3.8396392E-006
2.093	3.9770912E-006
2.094	4.0897330E-006
2.095	4.1747421E-006
2.096	4.2299325E-006
2.097	4.2538177E-006
2.098	4.2456641E-006
2.099	4.2055117E-006
2.1	4.1342009E-006
2.101	4.0333557E-006
2.102	3.9053689E-006
2.103	3.7533489E-006
2.104	3.5810574E-006
2.105	3.3928279E-006
2.106	3.1934662E-006
2.107	2.9881307E-006
2.108	2.7822152E-006
2.109	2.5812076E-006
2.11	2.3905573E-006
2.111	2.2155400E-006
2.112	2.0611194E-006
2.113	1.9318259E-006
2.114	1.8316310E-006
2.115	1.7638488E-006
2.116	1.7310381E-006
2.117	1.7349307E-006
2.118	1.7763745E-006
2.119	1.8552988E-006
2.12	1.9707015E-006
2.121	2.1206608E-006
2.122	2.3023713E-006
2.123	2.5121940E-006
2.124	2.7457395E-006
2.125	2.9979644E-006
2.126	3.2632795E-006
2.127	3.5356898E-006
2.128	3.8089274E-006
2.129	4.0766149E-006
2.13	4.3324176E-006
2.131	4.5702068E-006
2.132	4.7842173E-006
2.133	4.9691962E-006
2.134	5.1205402E-006
2.135	5.2344167E-006
2.136	5.3078716E-006
2.137	5.3389135E-006
2.138	5.3265730E-006
2.139	5.2709534E-006
2.14	5.1732336E-006
2.141	5.0356703E-006
2.142	4.8615398E-006
2.143	4.6551027E-006
2.144	4.4214753E-006
2.145	4.1665389E-006
2.146	3.8967887E-006
2.147	3.6191784E-006
2.148	3.3409515E-006
2.149	3.0694582E-006
2.15	2.8119778E-006
2.151	2.5755260E-006
2.152	2.3666851E-006
2.153	2.1914309E-006
2.154	2.0549826E-006
2.155	1.9616623E-006
2.156	1.9147899E-006
2.157	1.9165868E-006
2.158	1.9681174E-006
2.159	2.0692498E-006
2.16	2.2186528E-006
2.161	2.4138060E-006
2.162	2.6510540E-006
2.163	2.9256689E-006
2.164	3.2319510E-006
2.165	3.5633461E-006
2.166	3.9125875E-006
2.167	4.2718516E-006
2.168	4.6329410E-006
2.169	4.9874761E-006
2.17	5.3270978E-006
2.171	5.6436797E-006
2.172	5.9295376E-006
2.173	6.1776364E-006
2.174	6.3817797E-006
2.175	6.5367867E-006
2.176	6.6386319E-006
2.177	6.6845741E-006
2.178	6.6732318E-006
2.179	6.6046359E-006
2.18	6.4802421E-006
2.181	6.3029152E-006
2.182	6.0768702E-006
2.183	5.8075980E-006
2.184	5.5017299E-006
2.185	5.1668999E-006
2.186	4.8115803E-006
2.187	4.4448698E-006
2.188	4.0762825E-006
2.189	3.7155194E-006
2.19	3.3722258E-006
2.191	3.0557583E-006
2.192	2.7749429E-006
2.193	2.5378577E-006
2.194	2.3516181E-006
2.195	2.2221925E-006
2.196	2.1542403E-006
2.197	2.1509754E-006
2.198	2.2140703E-006
2.199	2.3435889E-006
2.2	2.5379607E-006
2.201	2.7939950E-006
2.202	3.1069367E-006
2.203	3.4705620E-006
2.204	3.8773114E-006
2.205	4.3184577E-006
2.206	4.7843059E-006
2.207	5.2644218E-006
2.208	5.7478810E-006
2.209	6.2235285E-006
2.21	6.6802527E-006
2.211	7.1072654E-006
2.212	7.4943591E-006
2.213	7.8321800E-006
2.214	8.1124590E-006
2.215	8.3282303E-006
2.216	8.4740168E-006
2.217	8.5459869E-006
2.218	8.5420525E-006
2.219	8.4619714E-006
2.22	8.3073510E-006
2.221	8.0816535E-006
2.222	7.7901341E-006
2.223	7.4397390E-006
2.224	7.0389851E-006
2.225	6.5977520E-006
2.226	6.1270875E-006
2.227	5.6389508E-006
2.228	5.1459401E-006
2.229	4.6609971E-006
2.23	4.1970875E-006
2.231	3.7668958E-006
2.232	3.3824977E-006
2.233	3.0550573E-006
2.234	2.7945387E-006
2.235	2.6094415E-006
2.236	2.5065676E-006
2.237	2.4908309E-006
2.238	2.5651002E-006
2.239	2.7301005E-006
2.24	2.9843500E-006
2.241	3.3241661E-006
2.242	3.7437085E-006
2.243	4.2350930E-006
2.244	4.7885442E-006
2.245	5.3926055E-006
2.246	6.0343996E-006
2.247	6.6999150E-006
2.248	7.3743399E-006
2.249	8.0424070E-006
2.25	8.6887731E-006
2.251	9.2983719E-006
2.252	9.8568062E-006
2.253	1.0350704E-005
2.254	1.0768046E-005
2.255	1.1098502E-005
2.256	1.1333705E-005
2.257	1.1467475E-005
2.258	1.1496028E-005
2.259	1.1418098E-005
2.26	1.1235014E-005
2.261	1.0950722E-005
2.262	1.0571724E-005
2.263	1.0106976E-005
2.264	9.5677096E-006
2.265	8.9672121E-006
2.266	8.3205205E-006
2.267	7.6441202E-006
2.268	6.9555399E-006
2.269	6.2729823E-006
2.27	5.6148633E-006
2.271	4.9993878E-006
2.272	4.4441022E-006
2.273	3.9654515E-006
2.274	3.5783867E-006
2.275	3.2959547E-006
2.276	3.1289715E-006
2.277	3.0857173E-006
2.278	3.1716936E-006
2.279	3.3894314E-006
2.28	3.7383720E-006
2.281	4.2148067E-006
2.282	4.8118918E-006
2.283	5.5197434E-006
2.284	6.3255875E-006
2.285	7.2140119E-006
2.286	8.1672779E-006
2.287	9.1656893E-006
2.288	1.0188049E-005
2.289	1.1212131E-005
2.29	1.2215218E-005
2.291	1.3174637E-005
2.292	1.4068321E-005
2.293	1.4875342E-005
2.294	1.5576454E-005
2.295	1.6154594E-005
2.296	1.6595319E-005
2.297	1.6887228E-005
2.298	1.7022321E-005
2.299	1.6996253E-005
2.3	1.6808512E-005
2.301	1.6462573E-005
2.302	1.5965878E-005
2.303	1.5329771E-005
2.304	1.4569327E-005
2.305	1.3703088E-005
2.306	1.2752709E-005
2.307	1.1742507E-005
2.308	1.0698965E-005
2.309	9.6501353E-006
2.31	8.6250193E-006
2.311	7.6529032E-006
2.312	6.7626574E-006
2.313	5.9820422E-006
2.314	5.3370295E-006
2.315	4.8511397E-006
2.316	4.5448119E-006
2.317	4.4348535E-006
2.318	4.5339266E-006
2.319	4.8501283E-006
2.32	5.3866565E-006
2.321	6.1415753E-006
2.322	7.1076929E-006
2.323	8.2725683E-006
2.324	9.6186604E-006
2.325	1.1123608E-005
2.326	1.2760654E-005
2.327	1.4499206E-005
2.328	1.6305496E-005
2.329	1.8143304E-005
2.33	1.9974785E-005
2.331	2.1761260E-005
2.332	2.3464105E-005
2.333	2.5045551E-005
2.334	2.6469585E-005
2.335	2.7702785E-005
2.336	2.8715165E-005
2.337	2.9481040E-005
2.338	2.9979803E-005
2.339	3.0196628E-005
2.34	3.0123139E-005
2.341	2.9757850E-005
2.342	2.9106532E-005
2.343	2.8182354E-005
2.344	2.7005863E-005
2.345	2.5604817E-005
2.346	2.4013716E-005
2.347	2.2273343E-005
2.348	2.0429956E-005
2.349	1.8534465E-005
2.35	1.6641467E-005
2.351	1.4808075E-005
2.352	1.3092774E-005
2.353	1.1554135E-005
2.354	1.0249501E-005
2.355	9.2336650E-006
2.356	8.5574775E-006
2.357	8.2665674E-006
2.358	8.4000285E-006
2.359	8.9892210E-006
2.36	1.0056679E-005
2.361	1.1615159E-005
2.362	1.3666879E-005
2.363	1.6202999E-005
2.364	1.9203328E-005
2.365	2.2636294E-005
2.366	2.6459205E-005
2.367	3.0618725E-005
2.368	3.5051580E-005
2.369	3.9685554E-005
2.37	4.4440647E-005
2.371	4.9230432E-005
2.372	5.3963664E-005
2.373	5.8546182E-005
2.374	6.2882769E-005
2.375	6.6879482E-005
2.376	7.0445814E-005
2.377	7.3497104E-005
2.378	7.5956901E-005
2.379	7.7759134E-005
2.38	7.8850535E-005
2.381	7.9192541E-005
2.382	7.8763354E-005
2.383	7.7559627E-005
2.384	7.5598058E-005
2.385	7.2916599E-005
2.386	6.9575544E-005
2.387	6.5658089E-005
2.388	6.1270526E-005
2.389	5.6542398E-005
2.39	5.1625630E-005
2.391	4.6693720E-005
2.392	4.1940388E-005
2.393	3.7577705E-005
2.394	3.3833985E-005
2.395	3.0951214E-005
2.396	2.9182076E-005
2.397	2.8786784E-005
2.398	3.0029589E-005
2.399	3.3174958E-005
2.4	3.8483733E-005
2.401	4.6209003E-005
2.402	5.6591991E-005
2.403	6.9857902E-005
2.404	8.6211730E-005
2.405	1.0583426E-004
2.406	1.2887827E-004
2.407	1.5546485E-004
2.408	1.8568015E-004
2.409	2.1957283E-004
2.41	2.5715117E-004
2.411	2.9838155E-004
2.412	3.4318669E-004
2.413	3.9144506E-004
2.414	4.4298958E-004
2.415	4.9760897E-004
2.416	5.5504707E-004
2.417	6.1500561E-004
2.418	6.7714608E-004
2.419	7.4109249E-004
2.42	8.0643664E-004
2.421	8.7274169E-004
2.422	9.3954772E-004
2.423	1.0063762E-003
2.424	1.0727368E-003
2.425	1.1381306E-003
2.426	1.2020549E-003
2.427	1.2640085E-003
2.428	1.3234956E-003
2.429	1.3800318E-003
2.43	1.4331469E-003
2.431	1.4823915E-003
2.432	1.5273439E-003
2.433	1.5676128E-003
2.434	1.6028431E-003
2.435	1.6327219E-003
2.436	1.6569812E-003
2.437	1.6754019E-003
2.438	1.6878168E-003
2.439	1.6941117E-003
2.44	1.6942273E-003
2.441	1.6881608E-003
2.442	1.6759649E-003
2.443	1.6577482E-003
2.444	1.6336738E-003
2.445	1.6039565E-003
2.446	1.5688617E-003
2.447	1.5287014E-003
2.448	1.4838309E-003
2.449	1.4346427E-003
2.45	1.3815627E-003
2.451	1.3250445E-003
2.452	1.2655646E-003
2.453	1.2036149E-003
2.454	1.1396975E-003
2.455	1.0743211E-003
2.456	1.0079928E-003
2.457	9.4121473E-004
2.458	8.7447843E-004
2.459	8.0826087E-004
2.46	7.4301829E-004
2.461	6.7918352E-004
2.462	6.1715959E-004
2.463	5.5731670E-004
2.464	4.9998797E-004
2.465	4.4546637E-004
2.466	3.9400192E-004
2.467	3.4580019E-004
2.468	3.0102138E-004
2.469	2.5978070E-004
2.47	2.2214910E-004
2.471	1.8815471E-004
2.472	1.5778569E-004
2.473	1.3099189E-004
2.474	1.0768807E-004
2.475	8.7756795E-005
2.476	7.1051203E-005
2.477	5.7398269E-005
2.478	4.6601825E-005
2.479	3.8446040E-005
2.48	3.2698939E-005
2.481	2.9116089E-005
2.482	2.7444492E-005
2.483	2.7426520E-005
2.484	2.8803850E-005
2.485	3.1321211E-005
2.486	3.4730056E-005
2.487	3.8791819E-005
2.488	4.3280856E-005
2.489	4.7987116E-005
2.49	5.2718260E-005
2.491	5.7301480E-005
2.492	6.1584840E-005
2.493	6.5438333E-005
2.494	6.8754387E-005
2.495	7.1448070E-005
2.496	7.3456977E-005
2.497	7.4740608E-005
2.498	7.5279539E-005
2.499	7.5074160E-005
2.5	7.4143201E-005
2.501	7.2521958E-005
2.502	7.0260474E-005
2.503	6.7421206E-005
2.504	6.4077045E-005
2.505	6.0308852E-005
2.506	5.6203244E-005
2.507	5.1850253E-005
2.508	4.7341102E-005
2.509	4.2766176E-005
2.51	3.8212973E-005
2.511	3.3764474E-005
2.512	2.9497489E-005
2.513	2.5481388E-005
2.514	2.1777059E-005
2.515	1.8435969E-005
2.516	1.5499665E-005
2.517	1.2999261E-005
2.518	1.0955308E-005
2.519	9.3777735E-006
2.52	8.2662646E-006
2.521	7.6104329E-006
2.522	7.3905626E-006
2.523	7.5783801E-006
2.524	8.1379967E-006
2.525	9.0270187E-006
2.526	1.0197774E-005
2.527	1.1598619E-005
2.528	1.3175299E-005
2.529	1.4872287E-005
2.53	1.6634125E-005
2.531	1.8406643E-005
2.532	2.0138155E-005
2.533	2.1780450E-005
2.534	2.3289660E-005
2.535	2.4627088E-005
2.536	2.5759753E-005
2.537	2.6660895E-005
2.538	2.7310334E-005
2.539	2.7694636E-005
2.54	2.7807198E-005
2.541	2.7648141E-005
2.542	2.7224085E-005
2.543	2.6547763E-005
2.544	2.5637502E-005
2.545	2.4516563E-005
2.546	2.3212458E-005
2.547	2.1756106E-005
2.548	2.0180994E-005
2.549	1.8522356E-005
2.55	1.6816275E-005
2.551	1.5098870E-005
2.552	1.3405533E-005
2.553	1.1770130E-005
2.554	1.0224332E-005
2.555	8.7969311E-006
2.556	7.5132821E-006
2.557	6.3947832E-006
2.558	5.4584602E-006
2.559	4.7166745E-006
2.56	4.1769295E-006
2.561	3.8418325E-006
2.562	3.7091538E-006
2.563	3.7720311E-006
2.564	4.0192635E-006
2.565	4.4357184E-006
2.566	5.0027957E-006
2.567	5.6989875E-006
2.568	6.5004378E-006
2.569	7.3815945E-006
2.57	8.3158311E-006
2.571	9.2760974E-006
2.572	1.0235536E-005
2.573	1.1168126E-005
2.574	1.2049235E-005
2.575	1.2856169E-005
2.576	1.3568653E-005
2.577	1.4169245E-005
2.578	1.4643660E-005
2.579	1.4981049E-005
2.58	1.5174149E-005
2.581	1.5219366E-005
2.582	1.5116747E-005
2.583	1.4869886E-005
2.584	1.4485738E-005
2.585	1.3974356E-005
2.586	1.3348586E-005
2.587	1.2623676E-005
2.588	1.1816876E-005
2.589	1.0946994E-005
2.59	1.0033930E-005
2.591	9.0982012E-006
2.592	8.1604512E-006
2.593	7.2409789E-006
2.594	6.3592752E-006
2.595	5.5335649E-006
2.596	4.7804183E-006
2.597	4.1143803E-006
2.598	3.5476526E-006
2.599	3.0898598E-006
2.6	2.7478634E-006
2.601	2.5256497E-006
2.602	2.4242956E-006
2.603	2.4419971E-006
2.604	2.5741761E-006
2.605	2.8136374E-006
2.606	3.1507971E-006
2.607	3.5739595E-006
2.608	4.0696291E-006
2.609	4.6228729E-006
2.61	5.2177002E-006
2.611	5.8374585E-006
2.612	6.4652472E-006
2.613	7.0843244E-006
2.614	7.6785027E-006
2.615	8.2325278E-006
2.616	8.7324288E-006
2.617	9.1658258E-006
2.618	9.5222013E-006
2.619	9.7931079E-006
2.62	9.9723156E-006
2.621	1.0055930E-005
2.622	1.0042430E-005
2.623	9.9326389E-006
2.624	9.7296861E-006
2.625	9.4388861E-006
2.626	9.0675667E-006
2.627	8.6248847E-006
2.628	8.1215885E-006
2.629	7.5697199E-006
2.63	6.9823209E-006
2.631	6.3731004E-006
2.632	5.7560878E-006
2.633	5.1452807E-006
2.634	4.5543056E-006
2.635	3.9960864E-006
2.636	3.4825564E-006
2.637	3.0243768E-006
2.638	2.6307182E-006
2.639	2.3090681E-006
2.64	2.0650800E-006
2.641	1.9024740E-006
2.642	1.8229723E-006
2.643	1.8262888E-006
2.644	1.9101572E-006
2.645	2.0704131E-006
2.646	2.3011132E-006
2.647	2.5947061E-006
2.648	2.9422397E-006
2.649	3.3335998E-006
2.65	3.7577745E-006
2.651	4.2031425E-006
2.652	4.6577652E-006
2.653	5.1096740E-006
2.654	5.5471723E-006
2.655	5.9591002E-006
2.656	6.3350885E-006
2.657	6.6658099E-006
2.658	6.9431608E-006
2.659	7.1604595E-006
2.66	7.3125630E-006
2.661	7.3959814E-006
2.662	7.4089307E-006
2.663	7.3513593E-006
2.664	7.2249209E-006
2.665	7.0329233E-006
2.666	6.7802157E-006
2.667	6.4730707E-006
2.668	6.1190062E-006
2.669	5.7265952E-006
2.67	5.3052408E-006
2.671	4.8649463E-006
2.672	4.4160461E-006
2.673	3.9689671E-006
2.674	3.5339669E-006
2.675	3.1208742E-006
2.676	2.7388724E-006
2.677	2.3962691E-006
2.678	2.1003170E-006
2.679	1.8570452E-006
2.68	1.6711301E-006
2.681	1.5458022E-006
2.682	1.4827816E-006
2.683	1.4822602E-006
2.684	1.5429117E-006
2.685	1.6619473E-006
2.686	1.8351971E-006
2.687	2.0572345E-006
2.688	2.3215214E-006
2.689	2.6205828E-006
2.69	2.9462033E-006
2.691	3.2896355E-006
2.692	3.6418166E-006
2.693	3.9935921E-006
2.694	4.3359341E-006
2.695	4.6601513E-006
2.696	4.9580935E-006
2.697	5.2223368E-006
2.698	5.4463544E-006
2.699	5.6246613E-006
2.7	5.7529469E-006
2.701	5.8281621E-006
2.702	5.8485848E-006
2.703	5.8138598E-006
2.704	5.7249836E-006
2.705	5.5842734E-006
2.706	5.3952963E-006
2.707	5.1627712E-006
2.708	4.8924271E-006
2.709	4.5908655E-006
2.71	4.2653760E-006
2.711	3.9237639E-006
2.712	3.5741384E-006
2.713	3.2247315E-006
2.714	2.8836835E-006
2.715	2.5588520E-006
2.716	2.2576280E-006
2.717	1.9867562E-006
2.718	1.7521774E-006
2.719	1.5588920E-006
2.72	1.4108466E-006
2.721	1.3108431E-006
2.722	1.2604892E-006
2.723	1.2601638E-006
2.724	1.3090269E-006
2.725	1.4050491E-006
2.726	1.5450718E-006
2.727	1.7248985E-006
2.728	1.9393990E-006
2.729	2.1826465E-006
2.73	2.4480626E-006
2.731	2.7285903E-006
2.732	3.0168637E-006
2.733	3.3053961E-006
2.734	3.5867670E-006
2.735	3.8538064E-006
2.736	4.0997656E-006
2.737	4.3184809E-006
2.738	4.5045322E-006
2.739	4.6533464E-006
2.74	4.7613244E-006
2.741	4.8259017E-006
2.742	4.8456100E-006
2.743	4.8200959E-006
2.744	4.7501203E-006
2.745	4.6375262E-006
2.746	4.4851840E-006
2.747	4.2969036E-006
2.748	4.0773393E-006
2.749	3.8318649E-006
2.75	3.5664352E-006
2.751	3.2874368E-006
2.752	3.0015301E-006
2.753	2.7154895E-006
2.754	2.4360322E-006
2.755	2.1696706E-006
2.756	1.9225463E-006
2.757	1.7002900E-006
2.758	1.5078882E-006
2.759	1.3495638E-006
2.76	1.2286766E-006
2.761	1.1476471E-006
2.762	1.1079004E-006
2.763	1.1098360E-006
2.764	1.1528283E-006
2.765	1.2352480E-006
2.766	1.3545109E-006
2.767	1.5071519E-006
2.768	1.6889153E-006
2.769	1.8948665E-006
2.77	2.1195181E-006
2.771	2.3569664E-006
2.772	2.6010409E-006
2.773	2.8454554E-006
2.774	3.0839603E-006
2.775	3.3105066E-006
2.776	3.5193843E-006
2.777	3.7053676E-006
2.778	3.8638386E-006
2.779	3.9908987E-006
2.78	4.0834552E-006
2.781	4.1392886E-006
2.782	4.1571025E-006
2.783	4.1365370E-006
2.784	4.0781729E-006
2.785	3.9835118E-006
2.786	3.8549169E-006
2.787	3.6955780E-006
2.788	3.5094024E-006
2.789	3.3009351E-006
2.79	3.0752419E-006
2.791	2.8377806E-006
2.792	2.5942732E-006
2.793	2.3505579E-006
2.794	2.1124445E-006
2.795	1.8855720E-006
2.796	1.6752657E-006
2.797	1.4864086E-006
2.798	1.3233224E-006
2.799	1.1896657E-006
2.8	1.0883473E-006
2.801	1.0214616E-006
2.802	9.9024248E-007
2.803	9.9503904E-007
2.804	1.0353124E-006
2.805	1.1096545E-006
2.806	1.2158272E-006
2.807	1.3508210E-006
2.808	1.5109360E-006
2.809	1.6918760E-006
2.81	1.8888599E-006
2.811	2.0967436E-006
2.812	2.3101552E-006
2.813	2.5236238E-006
2.814	2.7317244E-006
2.815	2.9292053E-006
2.816	3.1111178E-006
2.817	3.2729306E-006
2.818	3.4106365E-006
2.819	3.5208427E-006
2.82	3.6008521E-006
2.821	3.6487136E-006
2.822	3.6632778E-006
2.823	3.6442148E-006
2.824	3.5920229E-006
2.825	3.5080147E-006
2.826	3.3942847E-006
2.827	3.2536475E-006
2.828	3.0895712E-006
2.829	2.9060841E-006
2.83	2.7076724E-006
2.831	2.4991593E-006
2.832	2.2855902E-006
2.833	2.0721018E-006
2.834	1.8638016E-006
2.835	1.6656364E-006
2.836	1.4822804E-006
2.837	1.3180211E-006
2.838	1.1766549E-006
2.839	1.0613998E-006
2.84	9.7481586E-007
2.841	9.1874801E-007
2.842	8.9428187E-007
2.843	9.0172199E-007
2.844	9.4058856E-007
2.845	1.0096335E-006
2.846	1.1068742E-006
2.847	1.2296467E-006
2.848	1.3746741E-006
2.849	1.5381470E-006
2.85	1.7158185E-006
2.851	1.9031107E-006
2.852	2.0952284E-006
2.853	2.2872750E-006
2.854	2.4743808E-006
2.855	2.6518157E-006
2.856	2.8151148E-006
2.857	2.9601831E-006
2.858	3.0833992E-006
2.859	3.1816990E-006
2.86	3.2526534E-006
2.861	3.2945254E-006
2.862	3.3063075E-006
2.863	3.2877422E-006
2.864	3.2393275E-006
2.865	3.1622981E-006
2.866	3.0585863E-006
2.867	2.9307744E-006
2.868	2.7820226E-006
2.869	2.6159892E-006
2.87	2.4367323E-006
2.871	2.2486149E-006
2.872	2.0561929E-006
2.873	1.8641061E-006
2.874	1.6769671E-006
2.875	1.4992511E-006
2.876	1.3351864E-006
2.877	1.1886568E-006
2.878	1.0631047E-006
2.879	9.6144868E-007
2.88	8.8601172E-007
2.881	8.3846447E-007
2.882	8.1978419E-007
2.883	8.3023133E-007
2.884	8.6934534E-007
2.885	9.3595798E-007
2.886	1.0282242E-006
2.887	1.1436720E-006
2.888	1.2792659E-006
2.889	1.4314857E-006
2.89	1.5964160E-006
2.891	1.7698436E-006
2.892	1.9473662E-006
2.893	2.1244980E-006
2.894	2.2967847E-006
2.895	2.4599069E-006
2.896	2.6097907E-006
2.897	2.7427041E-006
2.898	2.8553450E-006
2.899	2.9449247E-006
2.9	3.0092290E-006
2.901	3.0466729E-006
2.902	3.0563349E-006
2.903	3.0379811E-006
2.904	2.9920659E-006
2.905	2.9197213E-006
2.906	2.8227264E-006
2.907	2.7034669E-006
2.908	2.5648694E-006
2.909	2.4103326E-006
2.91	2.2436400E-006
2.911	2.0688640E-006
2.912	1.8902624E-006
2.913	1.7121765E-006
2.914	1.5389188E-006
2.915	1.3746693E-006
2.916	1.2233733E-006
2.917	1.0886454E-006
2.918	9.7368218E-007
2.919	8.8118395E-007
2.92	8.1329324E-007
2.921	7.7154260E-007
2.922	7.5681868E-007
2.923	7.6934595E-007
2.924	8.0868250E-007
2.925	8.7373502E-007
2.926	9.6278575E-007
2.927	1.0735364E-006
2.928	1.2031642E-006
2.929	1.3483873E-006
2.93	1.5055457E-006
2.931	1.6706895E-006
2.932	1.8396732E-006
2.933	2.0082587E-006
2.934	2.1722215E-006
2.935	2.3274538E-006
2.936	2.4700680E-006
2.937	2.5964982E-006
2.938	2.7035819E-006
2.939	2.7886483E-006
2.94	2.8495776E-006
2.941	2.8848601E-006
2.942	2.8936252E-006
2.943	2.8756685E-006
2.944	2.8314487E-006
2.945	2.7620736E-006
2.946	2.6692683E-006
2.947	2.5553263E-006
2.948	2.4230505E-006
2.949	2.2756817E-006
2.95	2.1168185E-006
2.951	1.9503314E-006
2.952	1.7802740E-006
2.953	1.6107820E-006
2.954	1.4459814E-006
2.955	1.2898864E-006
2.956	1.1463051E-006
2.957	1.0187385E-006
2.958	9.1029881E-007
2.959	8.2362391E-007
2.96	7.6081182E-007
2.961	7.2336695E-007
2.962	7.1216124E-007
2.963	7.2741540E-007
2.964	7.6869435E-007
2.965	8.3492114E-007
2.966	9.2440609E-007
2.967	1.0348913E-006
2.968	1.1636075E-006
2.969	1.3073424E-006
2.97	1.4625217E-006
2.971	1.6252952E-006
2.972	1.7916313E-006
2.973	1.9574161E-006
2.974	2.1185508E-006
2.975	2.2710535E-006
2.976	2.4111559E-006
2.977	2.5353906E-006
2.978	2.6406799E-006
2.979	2.7244089E-006
2.98	2.7844890E-006
2.981	2.8194140E-006
2.982	2.8282936E-006
2.983	2.8108821E-006
2.984	2.7675778E-006
2.985	2.6994228E-006
2.986	2.6080727E-006
2.987	2.4957558E-006
2.988	2.3652201E-006
2.989	2.2196637E-006
2.99	2.0626590E-006
2.991	1.8980628E-006
2.992	1.7299221E-006
2.993	1.5623735E-006
2.994	1.3995441E-006
2.995	1.2454476E-006
2.996	1.1038866E-006
2.997	9.7835778E-007
2.998	8.7196742E-007
2.999	7.8735474E-007
3	7.2662783E-007
3.001	6.9131335E-007
3.002	6.8231930E-007
3.003	6.9991285E-007
3.004	7.4371354E-007
3.005	8.1270088E-007
3.006	9.0523901E-007
3.007	1.0191130E-006
3.008	1.1515826E-006
3.009	1.2994456E-006
3.01	1.4591152E-006
3.011	1.6267080E-006
3.012	1.7981373E-006
3.013	1.9692125E-006
3.014	2.1357450E-006
3.015	2.2936476E-006
3.016	2.4390399E-006
3.017	2.5683389E-006
3.018	2.6783518E-006
3.019	2.7663539E-006
3.02	2.8301549E-006
3.021	2.8681529E-006
3.022	2.8793800E-006
3.023	2.8635200E-006
3.024	2.8209224E-006
3.025	2.7525964E-006
3.026	2.6601838E-006
3.027	2.5459262E-006
3.028	2.4126102E-006
3.029	2.2634993E-006
3.03	2.1022579E-006
3.031	1.9328613E-006
3.032	1.7595013E-006
3.033	1.5864788E-006
3.034	1.4181046E-006
3.035	1.2585895E-006
3.036	1.1119406E-006
3.037	9.8186536E-007
3.038	8.7167837E-007
3.039	7.8422011E-007
3.04	7.2178688E-007
3.041	6.8607426E-007
3.042	6.7813454E-007
3.043	6.9834988E-007
3.044	7.4642145E-007
3.045	8.2137467E-007
3.046	9.2157956E-007
3.047	1.0447862E-006
3.048	1.1881785E-006
3.049	1.3484333E-006
3.05	1.5218026E-006
3.051	1.7041974E-006
3.052	1.8912868E-006
3.053	2.0785999E-006
3.054	2.2616377E-006
3.055	2.4359792E-006
3.056	2.5973927E-006
3.057	2.7419417E-006
3.058	2.8660816E-006
3.059	2.9667517E-006
3.06	3.0414506E-006
3.061	3.0883027E-006
3.062	3.1061043E-006
3.063	3.0943581E-006
3.064	3.0532904E-006
3.065	2.9838445E-006
3.066	2.8876625E-006
3.067	2.7670496E-006
3.068	2.6249213E-006
3.069	2.4647391E-006
3.07	2.2904294E-006
3.071	2.1062951E-006
3.072	1.9169129E-006
3.073	1.7270331E-006
3.074	1.5414572E-006
3.075	1.3649279E-006
3.076	1.2020128E-006
3.077	1.0569873E-006
3.078	9.3373046E-007
3.079	8.3562418E-007
3.08	7.6546746E-007
3.081	7.2540240E-007
3.082	7.1685815E-007
3.083	7.4051104E-007
3.084	7.9626341E-007
3.085	8.8324049E-007
3.086	9.9980775E-007
3.087	1.1436040E-006
3.088	1.3115938E-006
3.089	1.5001335E-006
3.09	1.7050546E-006
3.091	1.9217550E-006
3.092	2.1453054E-006
3.093	2.3705650E-006
3.094	2.5922977E-006
3.095	2.8053005E-006
3.096	3.0045255E-006
3.097	3.1852098E-006
3.098	3.3429876E-006
3.099	3.4740065E-006
3.1	3.5750234E-006
3.101	3.6434928E-006
3.102	3.6776346E-006
3.103	3.6764864E-006
3.104	3.6399372E-006
3.105	3.5687376E-006
3.106	3.4644966E-006
3.107	3.3296494E-006
3.108	3.1674140E-006
3.109	2.9817213E-006
3.11	2.7771325E-006
3.111	2.5587356E-006
3.112	2.3320301E-006
3.113	2.1028065E-006
3.114	1.8769991E-006
3.115	1.6605591E-006
3.116	1.4593071E-006
3.117	1.2787947E-006
3.118	1.1241722E-006
3.119	1.0000603E-006
3.12	9.1043296E-007
3.121	8.5851150E-007
3.122	8.4667579E-007
3.123	8.7639080E-007
3.124	9.4815539E-007
3.125	1.0614714E-006
3.126	1.2148408E-006
3.127	1.4057838E-006
3.128	1.6308840E-006
3.129	1.8858591E-006
3.13	2.1656463E-006
3.131	2.4645167E-006
3.132	2.7761921E-006
3.133	3.0939889E-006
3.134	3.4109619E-006
3.135	3.7200634E-006
3.136	4.0142991E-006
3.137	4.2868974E-006
3.138	4.5314700E-006
3.139	4.7421736E-006
3.14	4.9138625E-006
3.141	5.0422300E-006
3.142	5.1239331E-006
3.143	5.1566976E-006
3.144	5.1393981E-006
3.145	5.0721101E-006
3.146	4.9561313E-006
3.147	4.7939839E-006
3.148	4.5893844E-006
3.149	4.3471687E-006
3.15	4.0732239E-006
3.151	3.7743682E-006
3.152	3.4582231E-006
3.153	3.1330708E-006
3.154	2.8076761E-006
3.155	2.4911076E-006
3.156	2.1925407E-006
3.157	1.9210515E-006
3.158	1.6854016E-006
3.159	1.4938267E-006
3.16	1.3538287E-006
3.161	1.2719796E-006
3.162	1.2537390E-006
3.163	1.3032948E-006
3.164	1.4234265E-006
3.165	1.6153987E-006
3.166	1.8788845E-006
3.167	2.2119248E-006
3.168	2.6109226E-006
3.169	3.0706731E-006
3.17	3.5844314E-006
3.171	4.1440144E-006
3.172	4.7399330E-006
3.173	5.3615577E-006
3.174	5.9973140E-006
3.175	6.6348985E-006
3.176	7.2615248E-006
3.177	7.8641942E-006
3.178	8.4299718E-006
3.179	8.9462928E-006
3.18	9.4012703E-006
3.181	9.7839975E-006
3.182	1.0084852E-005
3.183	1.0295792E-005
3.184	1.0410607E-005
3.185	1.0425175E-005
3.186	1.0337667E-005
3.187	1.0148702E-005
3.188	9.8614973E-006
3.189	9.4819243E-006
3.19	9.0185813E-006
3.191	8.4827807E-006
3.192	7.8884868E-006
3.193	7.2522485E-006
3.194	6.5930453E-006
3.195	5.9321101E-006
3.196	5.2926998E-006
3.197	4.6998148E-006
3.198	4.1798780E-006
3.199	3.7603756E-006
3.2	3.4694572E-006
3.201	3.3355157E-006
3.202	3.3867332E-006
3.203	3.6506374E-006
3.204	4.1536427E-006
3.205	4.9206087E-006
3.206	5.9744093E-006
3.207	7.3355432E-006
3.208	9.0217454E-006
3.209	1.1047653E-005
3.21	1.3424472E-005
3.211	1.6159700E-005
3.212	1.9256844E-005
3.213	2.2715210E-005
3.214	2.6529722E-005
3.215	3.0690768E-005
3.216	3.5184199E-005
3.217	3.9991359E-005
3.218	4.5089164E-005
3.219	5.0450366E-005
3.22	5.6043784E-005
3.221	6.1834580E-005
3.222	6.7784757E-005
3.223	7.3853327E-005
3.224	7.9996891E-005
3.225	8.6170017E-005
3.226	9.2325790E-005
3.227	9.8416167E-005
3.228	1.0439278E-004
3.229	1.1020737E-004
3.23	1.1581231E-004
3.231	1.2116143E-004
3.232	1.2621023E-004
3.233	1.3091661E-004
3.234	1.3524122E-004
3.235	1.3914776E-004
3.236	1.4260349E-004
3.237	1.4557951E-004
3.238	1.4805108E-004
3.239	1.4999791E-004
3.24	1.5140437E-004
3.241	1.5225982E-004
3.242	1.5255868E-004
3.243	1.5230050E-004
3.244	1.5149001E-004
3.245	1.5013678E-004
3.246	1.4825523E-004
3.247	1.4586447E-004
3.248	1.4298760E-004
3.249	1.3965163E-004
3.25	1.3588723E-004
3.251	1.3172810E-004
3.252	1.2721050E-004
3.253	1.2237344E-004
3.254	1.1725756E-004
3.255	1.1190512E-004
3.256	1.0635956E-004
3.257	1.0066492E-004
3.258	9.4865289E-005
3.259	8.9004483E-005
3.26	8.3125393E-005
3.261	7.7269542E-005
3.262	7.1476628E-005
3.263	6.5784159E-005
3.264	6.0226957E-005
3.265	5.4836917E-005
3.266	4.9642753E-005
3.267	4.4669778E-005
3.268	3.9939798E-005
3.269	3.5471090E-005
3.27	3.1278352E-005
3.271	2.7372775E-005
3.272	2.3762159E-005
3.273	2.0451009E-005
3.274	1.7440681E-005
3.275	1.4729520E-005
3.276	1.2313007E-005
3.277	1.0183972E-005
3.278	8.3327322E-006
3.279	6.7473661E-006
3.28	5.4139232E-006
3.281	4.3167165E-006
3.282	3.4386128E-006
3.283	2.7613457E-006
3.284	2.2658269E-006
3.285	1.9324566E-006
3.286	1.7414294E-006
3.287	1.6730144E-006
3.288	1.7078193E-006
3.289	1.8270292E-006
3.29	2.0126233E-006
3.291	2.2475572E-006
3.292	2.5159311E-006
3.293	2.8031200E-006
3.294	3.0958834E-006
3.295	3.3824526E-006
3.296	3.6525821E-006
3.297	3.8975882E-006
3.298	4.1103535E-006
3.299	4.2853048E-006
3.3	4.4183862E-006
3.301	4.5069828E-006
3.302	4.5498414E-006
3.303	4.5469728E-006
3.304	4.4995245E-006
3.305	4.4096632E-006
3.306	4.2804254E-006
3.307	4.1155877E-006
3.308	3.9195170E-006
3.309	3.6970316E-006
3.31	3.4532663E-006
3.311	3.1935404E-006
3.312	2.9232347E-006
3.313	2.6476735E-006
3.314	2.3720133E-006
3.315	2.1011463E-006
3.316	1.8396054E-006
3.317	1.5914898E-006
3.318	1.3603942E-006
3.319	1.1493628E-006
3.32	9.6084909E-007
3.321	7.9669763E-007
3.322	6.5813759E-007
3.323	5.4579363E-007
3.324	4.5970614E-007
3.325	3.9936543E-007
3.326	3.6375496E-007
3.327	3.5140229E-007
3.328	3.6043622E-007
3.329	3.8864880E-007
3.33	4.3356019E-007
3.331	4.9248638E-007
3.332	5.6260603E-007
3.333	6.4102858E-007
3.334	7.2485807E-007
3.335	8.1125626E-007
3.336	8.9750012E-007
3.337	9.8103328E-007
3.338	1.0595126E-006
3.339	1.1308480E-006
3.34	1.1932331E-006
3.341	1.2451695E-006
3.342	1.2854837E-006
3.343	1.3133359E-006
3.344	1.3282204E-006
3.345	1.3299623E-006
3.346	1.3187043E-006
3.347	1.2948899E-006
3.348	1.2592395E-006
3.349	1.2127231E-006
3.35	1.1565256E-006
3.351	1.0920148E-006
3.352	1.0206988E-006
3.353	9.4418590E-007
3.354	8.6414315E-007
3.355	7.8225628E-007
3.356	7.0018956E-007
3.357	6.1954773E-007
3.358	5.4184437E-007
3.359	4.6847046E-007
3.36	4.0067027E-007
3.361	3.3951946E-007
3.362	2.8590804E-007
3.363	2.4052821E-007
3.364	2.0386510E-007
3.365	1.7619364E-007
3.366	1.5757944E-007
3.367	1.4788399E-007
3.368	1.4677516E-007
3.369	1.5374110E-007
3.37	1.6810894E-007
3.371	1.8906566E-007
3.372	2.1568225E-007
3.373	2.4693895E-007
3.374	2.8175197E-007
3.375	3.1899984E-007
3.376	3.5755059E-007
3.377	3.9628713E-007
3.378	4.3413158E-007
3.379	4.7006819E-007
3.38	5.0316436E-007
3.381	5.3258850E-007
3.382	5.5762570E-007
3.383	5.7769034E-007
3.384	5.9233514E-007
3.385	6.0125689E-007
3.386	6.0429790E-007
3.387	6.0144606E-007
3.388	5.9282883E-007
3.389	5.7870562E-007
3.39	5.5945901E-007
3.391	5.3557943E-007
3.392	5.0765289E-007
3.393	4.7634282E-007
3.394	4.4237419E-007
3.395	4.0651406E-007
3.396	3.6955370E-007
3.397	3.3228872E-007
3.398	2.9550134E-007
3.399	2.5994208E-007
3.4	2.2631316E-007
3.401	1.9525271E-007
3.402	1.6732204E-007
3.403	1.4299427E-007
3.404	1.2264577E-007
3.405	1.0655022E-007
3.406	9.4875219E-008
3.407	8.7681720E-008
3.408	8.4925645E-008
3.409	8.6462123E-008
3.41	9.2051636E-008
3.411	1.0136807E-007
3.412	1.1400854E-007
3.413	1.2950467E-007
3.414	1.4733480E-007
3.415	1.6693781E-007
3.416	1.8772667E-007
3.417	2.0910353E-007
3.418	2.3047339E-007
3.419	2.5125874E-007
3.42	2.7091252E-007
3.421	2.8893075E-007
3.422	3.0486271E-007
3.423	3.1832090E-007
3.424	3.2898780E-007
3.425	3.3662181E-007
3.426	3.4106043E-007
3.427	3.4222236E-007
3.428	3.4010662E-007
3.429	3.3479097E-007
3.43	3.2642797E-007
3.431	3.1523916E-007
3.432	3.0150883E-007
3.433	2.8557531E-007
3.434	2.6782214E-007
3.435	2.4866745E-007
3.436	2.2855326E-007
3.437	2.0793475E-007
3.438	1.8726855E-007
3.439	1.6700221E-007
3.44	1.4756345E-007
3.441	1.2935094E-007
3.442	1.1272507E-007
3.443	9.8000918E-008
3.444	8.5441599E-008
3.445	7.5253276E-008
3.446	6.7581595E-008
3.447	6.2509649E-008
3.448	6.0057090E-008
3.449	6.0181144E-008
3.45	6.2778923E-008
3.451	6.7691204E-008
3.452	7.4707451E-008
3.453	8.3572182E-008
3.454	9.3991900E-008
3.455	1.0564312E-007
3.456	1.1818070E-007
3.457	1.3124658E-007
3.458	1.4447853E-007
3.459	1.5751866E-007
3.46	1.7002226E-007
3.461	1.8166533E-007
3.462	1.9215197E-007
3.463	2.0122114E-007
3.464	2.0865194E-007
3.465	2.1426807E-007
3.466	2.1794139E-007
3.467	2.1959364E-007
3.468	2.1919739E-007
3.469	2.1677562E-007
3.47	2.1239990E-007
3.471	2.0618805E-007
3.472	1.9829982E-007
3.473	1.8893277E-007
3.474	1.7831647E-007
3.475	1.6670622E-007
3.476	1.5437685E-007
3.477	1.4161526E-007
3.478	1.2871349E-007
3.479	1.1596133E-007
3.48	1.0363954E-007
3.481	9.2012890E-008
3.482	8.1324210E-008
3.483	7.1788783E-008
3.484	6.3589809E-008
3.485	5.6874445E-008
3.486	5.1751037E-008
3.487	4.8287315E-008
3.488	4.6509570E-008
3.489	4.6402846E-008
3.49	4.7912106E-008
3.491	5.0944411E-008
3.492	5.5371856E-008
3.493	6.1035472E-008
3.494	6.7749575E-008
3.495	7.5306986E-008
3.496	8.3484373E-008
3.497	9.2048104E-008
3.498	1.0076012E-007
3.499	1.0938383E-007
3.5	1.1768974E-007
3.501	1.2546086E-007
3.502	1.3249785E-007
3.503	1.3862325E-007
3.504	1.4368548E-007
3.505	1.4756188E-007
3.506	1.5016136E-007
3.507	1.5142606E-007
3.508	1.5133199E-007
3.509	1.4988932E-007
3.51	1.4714121E-007
3.511	1.4316248E-007
3.512	1.3805666E-007
3.513	1.3195293E-007
3.514	1.2500239E-007
3.515	1.1737389E-007
3.516	1.0924932E-007
3.517	1.0081894E-007
3.518	9.2277034E-008
3.519	8.3816985E-008
3.52	7.5626950E-008
3.521	6.7885424E-008
3.522	6.0757301E-008
3.523	5.4390011E-008
3.524	4.8910138E-008
3.525	4.4420577E-008
3.526	4.0998277E-008
3.527	3.8692619E-008
3.528	3.7524622E-008
3.529	3.7486796E-008
3.53	3.8543934E-008
3.531	4.0634433E-008
3.532	4.3672436E-008
3.533	4.7550429E-008
3.534	5.2142340E-008
3.535	5.7307084E-008
3.536	6.2892276E-008
3.537	6.8738224E-008
3.538	7.4681935E-008
3.539	8.0561037E-008
3.54	8.6217874E-008
3.541	9.1503118E-008
3.542	9.6279372E-008
3.543	1.0042428E-007
3.544	1.0383331E-007
3.545	1.0642204E-007
3.546	1.0812798E-007
3.547	1.0891177E-007
3.548	1.0875767E-007
3.549	1.0767369E-007
3.55	1.0569091E-007
3.551	1.0286211E-007
3.552	9.9260212E-008
3.553	9.4976073E-008
3.554	9.0115712E-008
3.555	8.4797506E-008
3.556	7.9149004E-008
3.557	7.3303660E-008
3.558	6.7397409E-008
3.559	6.1565373E-008
3.56	5.5938447E-008
3.561	5.0640352E-008
3.562	4.5784631E-008
3.563	4.1472070E-008
3.564	3.7788372E-008
3.565	3.4802394E-008
3.566	3.2564614E-008
3.567	3.1106211E-008
3.568	3.0438599E-008
3.569	3.0553466E-008
3.57	3.1423323E-008
3.571	3.3002497E-008
3.572	3.5228592E-008
3.573	3.8024353E-008
3.574	4.1299792E-008
3.575	4.4954675E-008
3.576	4.8881173E-008
3.577	5.2966666E-008
3.578	5.7096575E-008
3.579	6.1157287E-008
3.58	6.5038989E-008
3.581	6.8638236E-008
3.582	7.1860470E-008
3.583	7.4622285E-008
3.584	7.6853190E-008
3.585	7.8497308E-008
3.586	7.9514336E-008
3.587	7.9880316E-008
3.588	7.9588055E-008
3.589	7.8646920E-008
3.59	7.7082326E-008
3.591	7.4934832E-008
3.592	7.2259034E-008
3.593	6.9121704E-008
3.594	6.5600112E-008
3.595	6.1779858E-008
3.596	5.7752487E-008
3.597	5.3613160E-008
3.598	4.9458201E-008
3.599	4.5382571E-008
3.6	4.1477680E-008
3.601	3.7829057E-008
3.602	3.4514368E-008
3.603	3.1601676E-008
3.604	2.9147907E-008
3.605	2.7197595E-008
3.606	2.5782052E-008
3.607	2.4918766E-008
3.608	2.4611209E-008
3.609	2.4848998E-008
3.61	2.5608397E-008
3.611	2.6853151E-008
3.612	2.8535583E-008
3.613	3.0598013E-008
3.614	3.2974306E-008
3.615	3.5591771E-008
3.616	3.8372974E-008
3.617	4.1237776E-008
3.618	4.4105342E-008
3.619	4.6896254E-008
3.62	4.9534343E-008
3.621	5.1948614E-008
3.622	5.4074967E-008
3.623	5.5857608E-008
3.624	5.7250389E-008
3.625	5.8217807E-008
3.626	5.8735640E-008
3.627	5.8791471E-008
3.628	5.8384710E-008
3.629	5.7526446E-008
3.63	5.6238974E-008
3.631	5.4555006E-008
3.632	5.2516715E-008
3.633	5.0174457E-008
3.634	4.7585413E-008
3.635	4.4811980E-008
3.636	4.1920149E-008
3.637	3.8977731E-008
3.638	3.6052658E-008
3.639	3.3211215E-008
3.64	3.0516443E-008
3.641	2.8026568E-008
3.642	2.5793641E-008
3.643	2.3862397E-008
3.644	2.2269175E-008
3.645	2.1041259E-008
3.646	2.0196305E-008
3.647	1.9742089E-008
3.648	1.9676445E-008
3.649	1.9987567E-008
3.65	2.0654394E-008
3.651	2.1647347E-008
3.652	2.2929227E-008
3.653	2.4456266E-008
3.654	2.6179395E-008
3.655	2.8045505E-008
3.656	2.9998912E-008
3.657	3.1982744E-008
3.658	3.3940434E-008
3.659	3.5817099E-008
3.66	3.7560902E-008
3.661	3.9124274E-008
3.662	4.0465086E-008
3.663	4.1547658E-008
3.664	4.2343462E-008
3.665	4.2831815E-008
3.666	4.3000195E-008
3.667	4.2844473E-008
3.668	4.2368796E-008
3.669	4.1585395E-008
3.67	4.0514017E-008
3.671	3.9181423E-008
3.672	3.7620520E-008
3.673	3.5869352E-008
3.674	3.3970192E-008
3.675	3.1968263E-008
3.676	2.9910595E-008
3.677	2.7844791E-008
3.678	2.5817803E-008
3.679	2.3874728E-008
3.68	2.2057703E-008
3.681	2.0404903E-008
3.682	1.8949651E-008
3.683	1.7719652E-008
3.684	1.6736410E-008
3.685	1.6014804E-008
3.686	1.5562852E-008
3.687	1.5381582E-008
3.688	1.5465181E-008
3.689	1.5801243E-008
3.69	1.6371201E-008
3.691	1.7150917E-008
3.692	1.8111407E-008
3.693	1.9219724E-008
3.694	2.0439812E-008
3.695	2.1733554E-008
3.696	2.3061755E-008
3.697	2.4385157E-008
3.698	2.5665429E-008
3.699	2.6866120E-008
3.7	2.7953506E-008
3.701	2.8897436E-008
3.702	2.9671977E-008
3.703	3.0256015E-008
3.704	3.0633732E-008
3.705	3.0794862E-008
3.706	3.0734927E-008
3.707	3.0455162E-008
3.708	2.9962482E-008
3.709	2.9269099E-008
3.71	2.8392193E-008
3.711	2.7353343E-008
3.712	2.6177860E-008
3.713	2.4894142E-008
3.714	2.3532776E-008
3.715	2.2125752E-008
3.716	2.0705611E-008
3.717	1.9304533E-008
3.718	1.7953562E-008
3.719	1.6681796E-008
3.72	1.5515704E-008
3.721	1.4478496E-008
3.722	1.3589617E-008
3.723	1.2864332E-008
3.724	1.2313405E-008
3.725	1.1942960E-008
3.726	1.1754357E-008
3.727	1.1744302E-008
3.728	1.1904976E-008
3.729	1.2224348E-008
3.73	1.2686560E-008
3.731	1.3272407E-008
3.732	1.3959932E-008
3.733	1.4725041E-008
3.734	1.5542188E-008
3.735	1.6385091E-008
3.736	1.7227407E-008
3.737	1.8043439E-008
3.738	1.8808789E-008
3.739	1.9500925E-008
3.74	2.0099773E-008
3.741	2.0588136E-008
3.742	2.0952063E-008
3.743	2.1181211E-008
3.744	2.1268956E-008
3.745	2.1212541E-008
3.746	2.1013072E-008
3.747	2.0675353E-008
3.748	2.0207743E-008
3.749	1.9621803E-008
3.75	1.8931965E-008
3.751	1.8155017E-008
3.752	1.7309651E-008
3.753	1.6415896E-008
3.754	1.5494562E-008
3.755	1.4566701E-008
3.756	1.3653005E-008
3.757	1.2773331E-008
3.758	1.1946176E-008
3.759	1.1188230E-008
3.76	1.0514007E-008
3.761	9.9354729E-009
3.762	9.4618349E-009
3.763	9.0993204E-009
3.764	8.8511047E-009
3.765	8.7172900E-009
3.766	8.6949674E-009
3.767	8.7783656E-009
3.768	8.9590841E-009
3.769	9.2263752E-009
3.77	9.5674713E-009
3.771	9.9679953E-009
3.772	1.0412379E-008
3.773	1.0884305E-008
3.774	1.1367167E-008
3.775	1.1844519E-008
3.776	1.2300538E-008
3.777	1.2720407E-008
3.778	1.3090713E-008
3.779	1.3399779E-008
3.78	1.3637914E-008
3.781	1.3797642E-008
3.782	1.3873854E-008
3.783	1.3863853E-008
3.784	1.3767397E-008
3.785	1.3586616E-008
3.786	1.3325901E-008
3.787	1.2991718E-008
3.788	1.2592362E-008
3.789	1.2137693E-008
3.79	1.1638789E-008
3.791	1.1107640E-008
3.792	1.0556747E-008
3.793	9.9988018E-009
3.794	9.4463157E-009
3.795	8.9112833E-009
3.796	8.4048777E-009
3.797	7.9371665E-009
3.798	7.5168591E-009
3.799	7.1511117E-009
3.8	6.8453700E-009
3.801	6.6032486E-009
3.802	6.4264873E-009
3.803	6.3149428E-009
3.804	6.2666468E-009
3.805	6.2779137E-009
3.806	6.3434866E-009
3.807	6.4567480E-009
3.808	6.6099362E-009
3.809	6.7944272E-009
3.81	7.0009913E-009
3.811	7.2201067E-009
3.812	7.4422282E-009
3.813	7.6580813E-009
3.814	7.8589224E-009
3.815	8.0367721E-009
3.816	8.1846396E-009
3.817	8.2966798E-009
3.818	8.3683407E-009
3.819	8.3964515E-009
3.82	8.3792795E-009
3.821	8.3165395E-009
3.822	8.2093496E-009
3.823	8.0601605E-009
3.824	7.8726377E-009
3.825	7.6515256E-009
3.826	7.4024418E-009
3.827	7.1317068E-009
3.828	6.8461152E-009
3.829	6.5527126E-009
3.83	6.2585830E-009
3.831	5.9706053E-009
3.832	5.6952687E-009
3.833	5.4384652E-009
3.834	5.2053069E-009
3.835	5.0000066E-009
3.836	4.8257367E-009
3.837	4.6845736E-009
3.838	4.5774486E-009
3.839	4.5041437E-009
3.84	4.4633328E-009
3.841	4.4526578E-009
3.842	4.4688235E-009
3.843	4.5077417E-009
3.844	4.5646797E-009
3.845	4.6344417E-009
3.846	4.7115511E-009
3.847	4.7904498E-009
3.848	4.8656839E-009
3.849	4.9320952E-009
3.85	4.9849933E-009
3.851	5.0203108E-009
3.852	5.0347353E-009
3.853	5.0258104E-009
3.854	4.9920295E-009
3.855	4.9328444E-009
3.856	4.8487072E-009
3.857	4.7410293E-009
3.858	4.6121196E-009
3.859	4.4651096E-009
3.86	4.3038222E-009
3.861	4.1326458E-009
3.862	3.9563650E-009
3.863	3.7799994E-009
3.864	3.6086145E-009
3.865	3.4471517E-009
3.866	3.3002372E-009
3.867	3.1720218E-009
3.868	3.0660228E-009
3.869	2.9849923E-009
3.87	2.9308140E-009
3.871	2.9044176E-009
3.872	2.9057448E-009
3.873	2.9337310E-009
3.874	2.9863365E-009
3.875	3.0606044E-009
3.876	3.1527541E-009
3.877	3.2583067E-009
3.878	3.3722316E-009
3.879	3.4891214E-009
3.88	3.6033729E-009
3.881	3.7093899E-009
3.882	3.8017798E-009
3.883	3.8755501E-009
3.884	3.9262962E-009
3.885	3.9503649E-009
3.886	3.9450154E-009
3.887	3.9085206E-009
3.888	3.8402730E-009
3.889	3.7408281E-009
3.89	3.6119230E-009
3.891	3.4564469E-009
3.892	3.2783813E-009
3.893	3.0826921E-009
3.894	2.8751945E-009
3.895	2.6623745E-009
3.896	2.4511952E-009
3.897	2.2488720E-009
3.898	2.0626401E-009
3.899	1.8995103E-009
3.9	1.7660277E-009
3.901	1.6680328E-009
3.902	1.6104427E-009
3.903	1.5970490E-009
3.904	1.6303497E-009
3.905	1.7114153E-009
3.906	1.8397992E-009
3.907	2.0134927E-009
3.908	2.2289373E-009
3.909	2.4810807E-009
3.91	2.7634994E-009
3.911	3.0685574E-009
3.912	3.3876191E-009
3.913	3.7113013E-009
3.914	4.0297605E-009
3.915	4.3330002E-009
3.916	4.6111963E-009
3.917	4.8550324E-009
3.918	5.0560218E-009
3.919	5.2068287E-009
3.92	5.3015543E-009
3.921	5.3359890E-009
3.922	5.3078337E-009
3.923	5.2168563E-009
3.924	5.0650009E-009
3.925	4.8564321E-009
3.926	4.5975086E-009
3.927	4.2967025E-009
3.928	3.9644226E-009
3.929	3.6127983E-009
3.93	3.2553811E-009
3.931	2.9067804E-009
3.932	2.5822644E-009
3.933	2.2972930E-009
3.934	2.0670456E-009
3.935	1.9059125E-009
3.936	1.8269987E-009
3.937	1.8416402E-009
3.938	1.9589526E-009
3.939	2.1854329E-009
3.94	2.5246174E-009
3.941	2.9768237E-009
3.942	3.5389698E-009
3.943	4.2044981E-009
3.944	4.9633986E-009
3.945	5.8023306E-009
3.946	6.7048593E-009
3.947	7.6517939E-009
3.948	8.6216314E-009
3.949	9.5910710E-009
3.95	1.0535648E-008
3.951	1.1430410E-008
3.952	1.2250663E-008
3.953	1.2972755E-008
3.954	1.3574871E-008
3.955	1.4037846E-008
3.956	1.4345908E-008
3.957	1.4487408E-008
3.958	1.4455478E-008
3.959	1.4248548E-008
3.96	1.3870763E-008
3.961	1.3332293E-008
3.962	1.2649410E-008
3.963	1.1844457E-008
3.964	1.0945611E-008
3.965	9.9864437E-009
3.966	9.0053263E-009
3.967	8.0446672E-009
3.968	7.1499371E-009
3.969	6.3686088E-009
3.97	5.7489373E-009
3.971	5.3386491E-009
3.972	5.1835656E-009
3.973	5.3261791E-009
3.974	5.8042247E-009
3.975	6.6492842E-009
3.976	7.8854576E-009
3.977	9.5281427E-009
3.978	1.1582953E-008
3.979	1.4044859E-008
3.98	1.6897511E-008
3.981	2.0112875E-008
3.982	2.3651131E-008
3.983	2.7460949E-008
3.984	3.1480027E-008
3.985	3.5636099E-008
3.986	3.9848199E-008
3.987	4.4028340E-008
3.988	4.8083450E-008
3.989	5.1917688E-008
3.99	5.5434949E-008
3.991	5.8541612E-008
3.992	6.1149464E-008
3.993	6.3178803E-008
3.994	6.4561540E-008
3.995	6.5244357E-008
3.996	6.5191827E-008
3.997	6.4389440E-008
3.998	6.2846411E-008
3.999	6.0598197E-008
4	5.7708583E-008
4.001	5.4271663E-008
4.002	5.0412947E-008
4.003	4.6290111E-008
4.004	4.2093049E-008
4.005	3.8043432E-008
4.006	3.4393420E-008
4.007	3.1423866E-008
4.008	2.9441777E-008
4.009	2.8777121E-008
4.01	2.9779038E-008
4.011	3.2811425E-008
4.012	3.8247972E-008
4.013	4.6466567E-008
4.014	5.7843508E-008
4.015	7.2747092E-008
4.016	9.1531035E-008
4.017	1.1452779E-007
4.018	1.4204167E-007
4.019	1.7434226E-007
4.02	2.1165764E-007
4.021	2.5416858E-007
4.022	3.0200272E-007
4.023	3.5522950E-007
4.024	4.1385559E-007
4.025	4.7782157E-007
4.026	5.4699910E-007
4.027	6.2118761E-007
4.028	7.0011555E-007
4.029	7.8343800E-007
4.03	8.7073852E-007
4.031	9.6153121E-007
4.032	1.0552648E-006
4.033	1.1513268E-006
4.034	1.2490501E-006
4.035	1.3477206E-006
4.036	1.4465844E-006
4.037	1.5448572E-006
4.038	1.6417331E-006
4.039	1.7363931E-006
4.04	1.8280144E-006
4.041	1.9157826E-006
4.042	1.9988956E-006
4.043	2.0765769E-006
4.044	2.1480869E-006
4.045	2.2127278E-006
4.046	2.2698591E-006
4.047	2.3189048E-006
4.048	2.3593591E-006
4.049	2.3907987E-006
4.05	2.4128901E-006
4.051	2.4253895E-006
4.052	2.4281487E-006
4.053	2.4211176E-006
4.054	2.4043470E-006
4.055	2.3779830E-006
4.056	2.3422663E-006
4.057	2.2975328E-006
4.058	2.2442059E-006
4.059	2.1827914E-006
4.06	2.1138724E-006
4.061	2.0381012E-006
4.062	1.9561917E-006
4.063	1.8689095E-006
4.064	1.7770623E-006
4.065	1.6814897E-006
4.066	1.5830517E-006
4.067	1.4826186E-006
4.068	1.3810574E-006
4.069	1.2792257E-006
4.07	1.1779562E-006
4.071	1.0780510E-006
4.072	9.8026896E-007
4.073	8.8531868E-007
4.074	7.9385086E-007
4.075	7.0644978E-007
4.076	6.2362955E-007
4.077	5.4582813E-007
4.078	4.7340629E-007
4.079	4.0664347E-007
4.08	3.4573992E-007
4.081	2.9081514E-007
4.082	2.4191147E-007
4.083	1.9899517E-007
4.084	1.6196086E-007
4.085	1.3063608E-007
4.086	1.0478640E-007
4.087	8.4121751E-008
4.088	6.8303066E-008
4.089	5.6949975E-008
4.09	4.9648410E-008
4.091	4.5958689E-008
4.092	4.5423707E-008
4.093	4.7577043E-008
4.094	5.1950884E-008
4.095	5.8083636E-008
4.096	6.5527018E-008
4.097	7.3852604E-008
4.098	8.2657820E-008
4.099	9.1570968E-008
4.1	1.0025546E-007
4.101	1.0841339E-007
4.102	1.1578803E-007
4.103	1.2216535E-007
4.104	1.2737517E-007
4.105	1.3129079E-007
4.106	1.3382862E-007
4.107	1.3494645E-007
4.108	1.3464148E-007
4.109	1.3294748E-007
4.11	1.2993158E-007
4.111	1.2569038E-007
4.112	1.2034585E-007
4.113	1.1404084E-007
4.114	1.0693466E-007
4.115	9.9198246E-008
4.116	9.1009554E-008
4.117	8.2549107E-008
4.118	7.3995800E-008
4.119	6.5522670E-008
4.12	5.7293370E-008
4.121	4.9458816E-008
4.122	4.2154305E-008
4.123	3.5497024E-008
4.124	2.9584228E-008
4.125	2.4491840E-008
4.126	2.0273605E-008
4.127	1.6960914E-008
4.128	1.4563001E-008
4.129	1.3067793E-008
4.13	1.2443129E-008
4.131	1.2638430E-008
4.132	1.3586702E-008
4.133	1.5206805E-008
4.134	1.7405986E-008
4.135	2.0082492E-008
4.136	2.3128392E-008
4.137	2.6432296E-008
4.138	2.9882116E-008
4.139	3.3367719E-008
4.14	3.6783419E-008
4.141	4.0030198E-008
4.142	4.3017806E-008
4.143	4.5666432E-008
4.144	4.7908181E-008
4.145	4.9688126E-008
4.146	5.0965102E-008
4.147	5.1712099E-008
4.148	5.1916356E-008
4.149	5.1579018E-008
4.15	5.0714728E-008
4.151	4.9350572E-008
4.152	4.7525145E-008
4.153	4.5287020E-008
4.154	4.2693365E-008
4.155	3.9808178E-008
4.156	3.6700481E-008
4.157	3.3442554E-008
4.158	3.0108009E-008
4.159	2.6770035E-008
4.16	2.3499638E-008
4.161	2.0364034E-008
4.162	1.7425149E-008
4.163	1.4738348E-008
4.164	1.2351281E-008
4.165	1.0303008E-008
4.166	8.6233403E-009
4.167	7.3323805E-009
4.168	6.4403745E-009
4.169	5.9477552E-009
4.17	5.8454575E-009
4.171	6.1154402E-009
4.172	6.7314119E-009
4.173	7.6597333E-009
4.174	8.8604510E-009
4.175	1.0288479E-008
4.176	1.1894816E-008
4.177	1.3627854E-008
4.178	1.5434674E-008
4.179	1.7262348E-008
4.18	1.9059195E-008
4.181	2.0775962E-008
4.182	2.2366944E-008
4.183	2.3790937E-008
4.184	2.5012131E-008
4.185	2.6000762E-008
4.186	2.6733703E-008
4.187	2.7194783E-008
4.188	2.7374996E-008
4.189	2.7272506E-008
4.19	2.6892438E-008
4.191	2.6246630E-008
4.192	2.5353058E-008
4.193	2.4235305E-008
4.194	2.2921824E-008
4.195	2.1445073E-008
4.196	1.9840719E-008
4.197	1.8146567E-008
4.198	1.6401708E-008
4.199	1.4645461E-008
4.2	1.2916396E-008
4.201	1.1251467E-008
4.202	9.6851052E-009
4.203	8.2484721E-009
4.204	6.9688211E-009
4.205	5.8689373E-009
4.206	4.9667332E-009
4.207	4.2749737E-009
4.208	3.8010999E-009
4.209	3.5471950E-009
4.21	3.5100771E-009
4.211	3.6814938E-009
4.212	4.0484376E-009
4.213	4.5935740E-009
4.214	5.2957527E-009
4.215	6.1306191E-009
4.216	7.0712871E-009
4.217	8.0890592E-009
4.218	9.1541805E-009
4.219	1.0236581E-008
4.22	1.1306624E-008
4.221	1.2335801E-008
4.222	1.3297384E-008
4.223	1.4166999E-008
4.224	1.4923163E-008
4.225	1.5547682E-008
4.226	1.6026027E-008
4.227	1.6347560E-008
4.228	1.6505732E-008
4.229	1.6498095E-008
4.23	1.6326279E-008
4.231	1.5995873E-008
4.232	1.5516170E-008
4.233	1.4899866E-008
4.234	1.4162652E-008
4.235	1.3322786E-008
4.236	1.2400561E-008
4.237	1.1417798E-008
4.238	1.0397248E-008
4.239	9.3620631E-009
4.24	8.3351903E-009
4.241	7.3388766E-009
4.242	6.3940981E-009
4.243	5.5201386E-009
4.244	4.7341420E-009
4.245	4.0507753E-009
4.246	3.4819323E-009
4.247	3.0365228E-009
4.248	2.7203328E-009
4.249	2.5359679E-009
4.25	2.4828606E-009
4.251	2.5573663E-009
4.252	2.7529159E-009
4.253	3.0602421E-009
4.254	3.4676584E-009
4.255	3.9614001E-009
4.256	4.5259929E-009
4.257	5.1446643E-009
4.258	5.7997753E-009
4.259	6.4732637E-009
4.26	7.1470811E-009
4.261	7.8036262E-009
4.262	8.4261407E-009
4.263	8.9991108E-009
4.264	9.5085699E-009
4.265	9.9424060E-009
4.266	1.0290603E-008
4.267	1.0545411E-008
4.268	1.0701484E-008
4.269	1.0755949E-008
4.27	1.0708412E-008
4.271	1.0560916E-008
4.272	1.0317832E-008
4.273	9.9857180E-009
4.274	9.5730943E-009
4.275	9.0902104E-009
4.276	8.5487510E-009
4.277	7.9615283E-009
4.278	7.3421496E-009
4.279	6.7046662E-009
4.28	6.0632503E-009
4.281	5.4318430E-009
4.282	4.8238413E-009
4.283	4.2518127E-009
4.284	3.7272030E-009
4.285	3.2601162E-009
4.286	2.8590970E-009
4.287	2.5309730E-009
4.288	2.2807309E-009
4.289	2.1114390E-009
4.29	2.0242221E-009
4.291	2.0182773E-009
4.292	2.0909419E-009
4.293	2.2377933E-009
4.294	2.4527984E-009
4.295	2.7284868E-009
4.296	3.0561629E-009
4.297	3.4261309E-009
4.298	3.8279495E-009
4.299	4.2506882E-009
4.3	4.6832032E-009
4.301	5.1143862E-009
4.302	5.5334408E-009
4.303	5.9301080E-009
4.304	6.2948966E-009
4.305	6.6192749E-009
4.306	6.8958470E-009
4.307	7.1184787E-009
4.308	7.2824258E-009
4.309	7.3843958E-009
4.31	7.4225923E-009
4.311	7.3967326E-009
4.312	7.3080022E-009
4.313	7.1590209E-009
4.314	6.9537287E-009
4.315	6.6972690E-009
4.316	6.3958470E-009
4.317	6.0565553E-009
4.318	5.6871885E-009
4.319	5.2960605E-009
4.32	4.8917856E-009
4.321	4.4830979E-009
4.322	4.0786468E-009
4.323	3.6868062E-009
4.324	3.3154985E-009
4.325	2.9720335E-009
4.326	2.6629541E-009
4.327	2.3939133E-009
4.328	2.1695648E-009
4.329	1.9934776E-009
4.33	1.8680817E-009
4.331	1.7946359E-009
4.332	1.7732215E-009
4.333	1.8027654E-009
4.334	1.8810877E-009
4.335	2.0049753E-009
4.336	2.1702706E-009
4.337	2.3719906E-009
4.338	2.6044473E-009
4.339	2.8613989E-009
4.34	3.1361913E-009
4.341	3.4219174E-009
4.342	3.7115755E-009
4.343	3.9982191E-009
4.344	4.2751132E-009
4.345	4.5358686E-009
4.346	4.7745830E-009
4.347	4.9859468E-009
4.348	5.1653566E-009
4.349	5.3089937E-009
4.35	5.4138942E-009
4.351	5.4779972E-009
4.352	5.5001670E-009
4.353	5.4802034E-009
4.354	5.4188232E-009
4.355	5.3176330E-009
4.356	5.1790745E-009
4.357	5.0063513E-009
4.358	4.8033546E-009
4.359	4.5745692E-009
4.36	4.3249631E-009
4.361	4.0598818E-009
4.362	3.7849186E-009
4.363	3.5058034E-009
4.364	3.2282714E-009
4.365	2.9579394E-009
4.366	2.7001950E-009
4.367	2.4600795E-009
4.368	2.2421978E-009
4.369	2.0506181E-009
4.37	1.8888038E-009
4.371	1.7595478E-009
4.372	1.6649241E-009
4.373	1.6062545E-009
4.374	1.5840905E-009
4.375	1.5982128E-009
4.376	1.6476405E-009
4.377	1.7306674E-009
4.378	1.8448997E-009
4.379	1.9873188E-009
4.38	2.1543467E-009
4.381	2.3419309E-009
4.382	2.5456284E-009
4.383	2.7607034E-009
4.384	2.9822291E-009
4.385	3.2051866E-009
4.386	3.4245740E-009
4.387	3.6355059E-009
4.388	3.8333163E-009
4.389	4.0136494E-009
4.39	4.1725512E-009
4.391	4.3065471E-009
4.392	4.4127093E-009
4.393	4.4887183E-009
4.394	4.5329003E-009
4.395	4.5442685E-009
4.396	4.5225321E-009
4.397	4.4681050E-009
4.398	4.3820982E-009
4.399	4.2662851E-009
4.4	4.1230659E-009
4.401	3.9554213E-009
4.402	3.7668388E-009
4.403	3.5612389E-009
4.404	3.3429026E-009
4.405	3.1163705E-009
4.406	2.8863525E-009
4.407	2.6576346E-009
4.408	2.4349756E-009
4.409	2.2230073E-009
4.41	2.0261404E-009
4.411	1.8484658E-009
4.412	1.6936714E-009
4.413	1.5649602E-009
4.414	1.4649816E-009
4.415	1.3957747E-009
4.416	1.3587246E-009
4.417	1.3545304E-009
4.418	1.3831915E-009
4.419	1.4440034E-009
4.42	1.5355710E-009
4.421	1.6558358E-009
4.422	1.8021148E-009
4.423	1.9711552E-009
4.424	2.1592015E-009
4.425	2.3620694E-009
4.426	2.5752402E-009
4.427	2.7939522E-009
4.428	3.0133045E-009
4.429	3.2283640E-009
4.43	3.4342718E-009
4.431	3.6263514E-009
4.432	3.8002130E-009
4.433	3.9518473E-009
4.434	4.0777213E-009
4.435	4.1748480E-009
4.436	4.2408659E-009
4.437	4.2740842E-009
4.438	4.2735362E-009
4.439	4.2389896E-009
4.44	4.1709747E-009
4.441	4.0707699E-009
4.442	3.9403849E-009
4.443	3.7825201E-009
4.444	3.6005168E-009
4.445	3.3982825E-009
4.446	3.1802125E-009
4.447	2.9510898E-009
4.448	2.7159845E-009
4.449	2.4801352E-009
4.45	2.2488362E-009
4.451	2.0273176E-009
4.452	1.8206281E-009
4.453	1.6335180E-009
4.454	1.4703344E-009
4.455	1.3349171E-009
4.456	1.2305085E-009
4.457	1.1596735E-009
4.458	1.1242348E-009
4.459	1.1252259E-009
4.46	1.1628573E-009
4.461	1.2365055E-009
4.462	1.3447203E-009
4.463	1.4852503E-009
4.464	1.6550842E-009
4.465	1.8505186E-009
4.466	2.0672324E-009
4.467	2.3003819E-009
4.468	2.5447053E-009
4.469	2.7946421E-009
4.47	3.0444578E-009
4.471	3.2883691E-009
4.472	3.5206855E-009
4.473	3.7359360E-009
4.474	3.9290011E-009
4.475	4.0952406E-009
4.476	4.2305985E-009
4.477	4.3317114E-009
4.478	4.3959978E-009
4.479	4.4217092E-009
4.48	4.4079957E-009
4.481	4.3549178E-009
4.482	4.2634567E-009
4.483	4.1354995E-009
4.484	3.9738040E-009
4.485	3.7819392E-009
4.486	3.5642158E-009
4.487	3.3255940E-009
4.488	3.0715761E-009
4.489	2.8080804E-009
4.49	2.5413114E-009
4.491	2.2776097E-009
4.492	2.0233057E-009
4.493	1.7845656E-009
4.494	1.5672399E-009
4.495	1.3767237E-009
4.496	1.2178204E-009
4.497	1.0946201E-009
4.498	1.0103982E-009
4.499	9.6753072E-010
4.5	9.6742703E-010
4.501	1.0104917E-009
4.502	1.0961058E-009
4.503	1.2226344E-009
4.504	1.3874591E-009
4.505	1.5870310E-009
4.506	1.8169497E-009
4.507	2.0720592E-009
4.508	2.3465681E-009
4.509	2.6341771E-009
4.51	2.9282294E-009
4.511	3.2218628E-009
4.512	3.5081709E-009
4.513	3.7803716E-009
4.514	4.0319641E-009
4.515	4.2568868E-009
4.516	4.4496700E-009
4.517	4.6055653E-009
4.518	4.7206652E-009
4.519	4.7920152E-009
4.52	4.8176814E-009
4.521	4.7968123E-009
4.522	4.7296700E-009
4.523	4.6176316E-009
4.524	4.4631738E-009
4.525	4.2698076E-009
4.526	4.0420183E-009
4.527	3.7851566E-009
4.528	3.5053231E-009
4.529	3.2092271E-009
4.53	2.9040286E-009
4.531	2.5971740E-009
4.532	2.2962137E-009
4.533	2.0086233E-009
4.534	1.7416170E-009
4.535	1.5019732E-009
4.536	1.2958655E-009
4.537	1.1287068E-009
4.538	1.0050121E-009
4.539	9.2828573E-010
4.54	9.0092500E-010
4.541	9.2415542E-010
4.542	9.9798991E-010
4.543	1.1212171E-009
4.544	1.2914211E-009
4.545	1.5050287E-009
4.546	1.7573861E-009
4.547	2.0428643E-009
4.548	2.3549824E-009
4.549	2.6865661E-009
4.55	3.0299068E-009
4.551	3.3769507E-009
4.552	3.7194896E-009
4.553	4.0493573E-009
4.554	4.3586335E-009
4.555	4.6398307E-009
4.556	4.8860875E-009
4.557	5.0913411E-009
4.558	5.2504729E-009
4.559	5.3594542E-009
4.56	5.4154454E-009
4.561	5.4168843E-009
4.562	5.3635256E-009
4.563	5.2564690E-009
4.564	5.0981388E-009
4.565	4.8922382E-009
4.566	4.6436628E-009
4.567	4.3584039E-009
4.568	4.0433923E-009
4.569	3.7063552E-009
4.57	3.3556184E-009
4.571	2.9999143E-009
4.572	2.6481715E-009
4.573	2.3092988E-009
4.574	1.9919610E-009
4.575	1.7043751E-009
4.576	1.4540985E-009
4.577	1.2478422E-009
4.578	1.0913001E-009
4.579	9.8899866E-010
4.58	9.4417951E-010
4.581	9.5870434E-010
4.582	1.0329984E-009
4.583	1.1660267E-009
4.584	1.3553063E-009
4.585	1.5969536E-009
4.586	1.8857702E-009
4.587	2.2153577E-009
4.588	2.5782656E-009
4.589	2.9661662E-009
4.59	3.3700474E-009
4.591	3.7804289E-009
4.592	4.1875921E-009
4.593	4.5818127E-009
4.594	4.9536033E-009
4.595	5.2939471E-009
4.596	5.5945284E-009
4.597	5.8479386E-009
4.598	6.0478738E-009
4.599	6.1892984E-009
4.6	6.2685785E-009
4.601	6.2835817E-009
4.602	6.2337513E-009
4.603	6.1201209E-009
4.604	5.9453198E-009
4.605	5.7135034E-009
4.606	5.4302829E-009
4.607	5.1025788E-009
4.608	4.7384812E-009
4.609	4.3470432E-009
4.61	3.9380783E-009
4.611	3.5219148E-009
4.612	3.1091598E-009
4.613	2.7104328E-009
4.614	2.3361095E-009
4.615	1.9960673E-009
4.616	1.6994395E-009
4.617	1.4543806E-009
4.618	1.2678593E-009
4.619	1.1454748E-009
4.62	1.0913022E-009
4.621	1.1077760E-009
4.622	1.1956141E-009
4.623	1.3537819E-009
4.624	1.5794996E-009
4.625	1.8682913E-009
4.626	2.2140831E-009
4.627	2.6093294E-009
4.628	3.0451903E-009
4.629	3.5117340E-009
4.63	3.9981765E-009
4.631	4.4931285E-009
4.632	4.9848961E-009
4.633	5.4617422E-009
4.634	5.9121992E-009
4.635	6.3253438E-009
4.636	6.6910770E-009
4.637	7.0003812E-009
4.638	7.2455522E-009
4.639	7.4204065E-009
4.64	7.5204358E-009
4.641	7.5429565E-009
4.642	7.4871744E-009
4.643	7.3542399E-009
4.644	7.1472295E-009
4.645	6.8711015E-009
4.646	6.5325891E-009
4.647	6.1400511E-009
4.648	5.7032818E-009
4.649	5.2332920E-009
4.65	4.7420348E-009
4.651	4.2421355E-009
4.652	3.7465742E-009
4.653	3.2683751E-009
4.654	2.8202849E-009
4.655	2.4144506E-009
4.656	2.0621171E-009
4.657	1.7733360E-009
4.658	1.5567038E-009
4.659	1.4191328E-009
4.66	1.3656567E-009
4.661	1.3992885E-009
4.662	1.5209201E-009
4.663	1.7292775E-009
4.664	2.0209299E-009
4.665	2.3903510E-009
4.666	2.8300315E-009
4.667	3.3306449E-009
4.668	3.8812522E-009
4.669	4.4695536E-009
4.67	5.0821689E-009
4.671	5.7049521E-009
4.672	6.3233303E-009
4.673	6.9226465E-009
4.674	7.4885369E-009
4.675	8.0072722E-009
4.676	8.4661345E-009
4.677	8.8537204E-009
4.678	9.1602903E-009
4.679	9.3779935E-009
4.68	9.5011297E-009
4.681	9.5262962E-009
4.682	9.4525294E-009
4.683	9.2813304E-009
4.684	9.0166914E-009
4.685	8.6649949E-009
4.686	8.2348999E-009
4.687	7.7371567E-009
4.688	7.1843482E-009
4.689	6.5906072E-009
4.69	5.9712759E-009
4.691	5.3425557E-009
4.692	4.7211093E-009
4.693	4.1236650E-009
4.694	3.5666210E-009
4.695	3.0656400E-009
4.696	2.6352649E-009
4.697	2.2885505E-009
4.698	2.0367152E-009
4.699	1.8888409E-009
4.7	1.8516005E-009
4.701	1.9290458E-009
4.702	2.1224533E-009
4.703	2.4302278E-009
4.704	2.8478904E-009
4.705	3.3681322E-009
4.706	3.9809485E-009
4.707	4.6738471E-009
4.708	5.4321316E-009
4.709	6.2392451E-009
4.71	7.0771633E-009
4.711	7.9268352E-009
4.712	8.7686409E-009
4.713	9.5828829E-009
4.714	1.0350257E-008
4.715	1.1052341E-008
4.716	1.1672051E-008
4.717	1.2194079E-008
4.718	1.2605296E-008
4.719	1.2895113E-008
4.72	1.3055785E-008
4.721	1.3082659E-008
4.722	1.2974357E-008
4.723	1.2732859E-008
4.724	1.2363556E-008
4.725	1.1875160E-008
4.726	1.1279586E-008
4.727	1.0591704E-008
4.728	9.8290434E-009
4.729	9.0114165E-009
4.73	8.1604732E-009
4.731	7.2991986E-009
4.732	6.4513785E-009
4.733	5.6410134E-009
4.734	4.8917435E-009
4.735	4.2262438E-009
4.736	3.6656573E-009
4.737	3.2290242E-009
4.738	2.9327820E-009
4.739	2.7902969E-009
4.74	2.8114642E-009
4.741	3.0023903E-009
4.742	3.3651490E-009
4.743	3.8976404E-009
4.744	4.5935451E-009
4.745	5.4423719E-009
4.746	6.4296293E-009
4.747	7.5370714E-009
4.748	8.7430720E-009
4.749	1.0023056E-008
4.75	1.1350048E-008
4.751	1.2695261E-008
4.752	1.4028782E-008
4.753	1.5320254E-008
4.754	1.6539648E-008
4.755	1.7657982E-008
4.756	1.8648100E-008
4.757	1.9485379E-008
4.758	2.0148406E-008
4.759	2.0619632E-008
4.76	2.0885883E-008
4.761	2.0938861E-008
4.762	2.0775436E-008
4.763	2.0397943E-008
4.764	1.9814250E-008
4.765	1.9037762E-008
4.766	1.8087283E-008
4.767	1.6986720E-008
4.768	1.5764689E-008
4.769	1.4453962E-008
4.77	1.3090835E-008
4.771	1.1714385E-008
4.772	1.0365583E-008
4.773	9.0864090E-009
4.774	7.9188540E-009
4.775	6.9038992E-009
4.776	6.0805108E-009
4.777	5.4846008E-009
4.778	5.1480731E-009
4.779	5.0979034E-009
4.78	5.3553095E-009
4.781	5.9350418E-009
4.782	6.8447781E-009
4.783	8.0846831E-009
4.784	9.6471062E-009
4.785	1.1516443E-008
4.786	1.3669212E-008
4.787	1.6074246E-008
4.788	1.8693154E-008
4.789	2.1480879E-008
4.79	2.4386516E-008
4.791	2.7354263E-008
4.792	3.0324529E-008
4.793	3.3235231E-008
4.794	3.6023156E-008
4.795	3.8625423E-008
4.796	4.0981075E-008
4.797	4.3032660E-008
4.798	4.4727756E-008
4.799	4.6020592E-008
4.8	4.6873541E-008
4.801	4.7258425E-008
4.802	4.7157933E-008
4.803	4.6566594E-008
4.804	4.5491817E-008
4.805	4.3954614E-008
4.806	4.1990056E-008
4.807	3.9647613E-008
4.808	3.6991086E-008
4.809	3.4098392E-008
4.81	3.1060910E-008
4.811	2.7982754E-008
4.812	2.4979540E-008
4.813	2.2177083E-008
4.814	1.9709768E-008
4.815	1.7718683E-008
4.816	1.6349638E-008
4.817	1.5750931E-008
4.818	1.6071006E-008
4.819	1.7456056E-008
4.82	2.0047469E-008
4.821	2.3979361E-008
4.822	2.9376089E-008
4.823	3.6349832E-008
4.824	4.4998327E-008
4.825	5.5402733E-008
4.826	6.7625685E-008
4.827	8.1709558E-008
4.828	9.7674921E-008
4.829	1.1551930E-007
4.83	1.3521615E-007
4.831	1.5671422E-007
4.832	1.7993727E-007
4.833	2.0478410E-007
4.834	2.3112908E-007
4.835	2.5882318E-007
4.836	2.8769495E-007
4.837	3.1755283E-007
4.838	3.4818655E-007
4.839	3.7937002E-007
4.84	4.1086398E-007
4.841	4.4241807E-007
4.842	4.7377452E-007
4.843	5.0467042E-007
4.844	5.3484166E-007
4.845	5.6402530E-007
4.846	5.9196338E-007
4.847	6.1840552E-007
4.848	6.4311263E-007
4.849	6.6586017E-007
4.85	6.8643936E-007
4.851	7.0466223E-007
4.852	7.2036192E-007
4.853	7.3339629E-007
4.854	7.4364851E-007
4.855	7.5102895E-007
4.856	7.5547558E-007
4.857	7.5695584E-007
4.858	7.5546575E-007
4.859	7.5102975E-007
4.86	7.4370081E-007
4.861	7.3355949E-007
4.862	7.2071248E-007
4.863	7.0529126E-007
4.864	6.8745004E-007
4.865	6.6736408E-007
4.866	6.4522749E-007
4.867	6.2124917E-007
4.868	5.9565116E-007
4.869	5.6866588E-007
4.87	5.4053260E-007
4.871	5.1149459E-007
4.872	4.8179697E-007
4.873	4.5168341E-007
4.874	4.2139362E-007
4.875	3.9116046E-007
4.876	3.6120724E-007
4.877	3.3174589E-007
4.878	3.0297318E-007
4.879	2.7506988E-007
4.88	2.4819855E-007
4.881	2.2250224E-007
4.882	1.9810412E-007
4.883	1.7510665E-007
4.884	1.5359203E-007
4.885	1.3362201E-007
4.886	1.1523862E-007
4.887	9.8464447E-008
4.888	8.3303505E-008
4.889	6.9741965E-008
4.89	5.7749144E-008
4.891	4.7278746E-008
4.892	3.8270230E-008
4.893	3.0650462E-008
4.894	2.4335383E-008
4.895	1.9231990E-008
4.896	1.5240147E-008
4.897	1.2254584E-008
4.898	1.0166755E-008
4.899	8.8666630E-009
4.9	8.2445926E-009
4.901	8.1926919E-009
4.902	8.6064551E-009
4.903	9.3859978E-009
4.904	1.0437233E-008
4.905	1.1672815E-008
4.906	1.3012938E-008
4.907	1.4385986E-008
4.908	1.5728915E-008
4.909	1.6987563E-008
4.91	1.8116751E-008
4.911	1.9080199E-008
4.912	1.9850344E-008
4.913	2.0407988E-008
4.914	2.0741878E-008
4.915	2.0848065E-008
4.916	2.0729317E-008
4.917	2.0394378E-008
4.918	1.9857161E-008
4.919	1.9135948E-008
4.92	1.8252546E-008
4.921	1.7231489E-008
4.922	1.6099142E-008
4.923	1.4882990E-008
4.924	1.3610808E-008
4.925	1.2310011E-008
4.926	1.1006980E-008
4.927	9.7265209E-009
4.928	8.4913543E-009
4.929	7.3217317E-009
4.93	6.2351089E-009
4.931	5.2459295E-009
4.932	4.3654937E-009
4.933	3.6019048E-009
4.934	2.9600922E-009
4.935	2.4419162E-009
4.936	2.0463307E-009
4.937	1.7696031E-009
4.938	1.6055784E-009
4.939	1.5459855E-009
4.94	1.5807682E-009
4.941	1.6984336E-009
4.942	1.8864148E-009
4.943	2.1314339E-009
4.944	2.4198568E-009
4.945	2.7380338E-009
4.946	3.0726275E-009
4.947	3.4109020E-009
4.948	3.7409902E-009
4.949	4.0521146E-009
4.95	4.3347828E-009
4.951	4.5809196E-009
4.952	4.7839777E-009
4.953	4.9389879E-009
4.954	5.0425815E-009
4.955	5.0929598E-009
4.956	5.0898428E-009
4.957	5.0343671E-009
4.958	4.9289794E-009
4.959	4.7772781E-009
4.96	4.5838644E-009
4.961	4.3541570E-009
4.962	4.0942147E-009
4.963	3.8105354E-009
4.964	3.5098822E-009
4.965	3.1990932E-009
4.966	2.8849063E-009
4.967	2.5737998E-009
4.968	2.2718469E-009
4.969	1.9845838E-009
4.97	1.7169053E-009
4.971	1.4729795E-009
4.972	1.2561834E-009
4.973	1.0690632E-009
4.974	9.1332109E-010
4.975	7.8981888E-010
4.976	6.9860517E-010
4.977	6.3896066E-010
4.978	6.0945921E-010
4.979	6.0804312E-010
4.98	6.3210964E-010
4.981	6.7860595E-010
4.982	7.4412881E-010
4.983	8.2502882E-010
4.984	9.1751429E-010
4.985	1.0177531E-009
4.986	1.1219686E-009
4.987	1.2265303E-009
4.988	1.3280338E-009
4.989	1.4233729E-009
4.99	1.5097977E-009
4.991	1.5849604E-009
4.992	1.6469502E-009
4.993	1.6943152E-009
4.994	1.7260694E-009
4.995	1.7416913E-009
4.996	1.7411094E-009
4.997	1.7246771E-009
4.998	1.6931392E-009
4.999	1.6475900E-009
5	1.5894268E-009
5.001	1.5202928E-009
5.002	1.4420252E-009
5.003	1.3565938E-009
5.004	1.2660428E-009
5.005	1.1724357E-009
5.006	1.0777992E-009
5.007	9.8407582E-010
5.008	8.9307750E-010
5.009	8.0644891E-010
5.01	7.2563638E-010
5.011	6.5186245E-010
5.012	5.8610916E-010
5.013	5.2910931E-010
5.014	4.8134086E-010
5.015	4.4303250E-010
5.016	4.1417278E-010
5.017	3.9452527E-010
5.018	3.8364831E-010
5.019	3.8091993E-010
5.02	3.8556480E-010
5.021	3.9668410E-010
5.022	4.1328618E-010
5.023	4.3431828E-010
5.024	4.5869691E-010
5.025	4.8533821E-010
5.026	5.1318572E-010
5.027	5.4123483E-010
5.028	5.6855515E-010
5.029	5.9430927E-010
5.03	6.1776723E-010
5.031	6.3831762E-010
5.032	6.5547434E-010
5.033	6.6887890E-010
5.034	6.7830042E-010
5.035	6.8363121E-010
5.036	6.8487943E-010
5.037	6.8215977E-010
5.038	6.7568012E-010
5.039	6.6572919E-010
5.04	6.5266137E-010
5.041	6.3688066E-010
5.042	6.1882571E-010
5.043	5.9895428E-010
5.044	5.7772870E-010
5.045	5.5560295E-010
5.046	5.3300997E-010
5.047	5.1035209E-010
5.048	4.8799265E-010
5.049	4.6624982E-010
5.05	4.4539233E-010
5.051	4.2563747E-010
5.052	4.0715090E-010
5.053	3.9004780E-010
5.054	3.7439640E-010
5.055	3.6022227E-010
5.056	3.4751346E-010
5.057	3.3622721E-010
5.058	3.2629596E-010
5.059	3.1763461E-010
5.06	3.1014694E-010
5.061	3.0373240E-010
5.062	2.9829175E-010
5.063	2.9373184E-010
5.064	2.8996971E-010
5.065	2.8693584E-010
5.066	2.8457511E-010
5.067	2.8284863E-010
5.068	2.8173205E-010
5.069	2.8121502E-010
5.07	2.8129837E-010
5.071	2.8199104E-010
5.072	2.8330641E-010
5.073	2.8525821E-010
5.074	2.8785610E-010
5.075	2.9110206E-010
5.076	2.9498515E-010
5.077	2.9947919E-010
5.078	3.0453867E-010
5.079	3.1009717E-010
5.08	3.1606531E-010
5.081	3.2233077E-010
5.082	3.2875869E-010
5.083	3.3519354E-010
5.084	3.4146205E-010
5.085	3.4737663E-010
5.086	3.5274056E-010
5.087	3.5735287E-010
5.088	3.6101491E-010
5.089	3.6353592E-010
5.09	3.6474085E-010
5.091	3.6447517E-010
5.092	3.6261219E-010
5.093	3.5905803E-010
5.094	3.5375683E-010
5.095	3.4669434E-010
5.096	3.3790062E-010
5.097	3.2745259E-010
5.098	3.1547301E-010
5.099	3.0213054E-010
5.1	2.8763733E-010
5.101	2.7224450E-010
5.102	2.5623825E-010
5.103	2.3993338E-010
5.104	2.2366574E-010
5.105	2.0778460E-010
5.106	1.9264386E-010
5.107	1.7859257E-010
5.108	1.6596570E-010
5.109	1.5507459E-010
5.11	1.4619760E-010
5.111	1.3957216E-010
5.112	1.3538669E-010
5.113	1.3377448E-010
5.114	1.3480857E-010
5.115	1.3849803E-010
5.116	1.4478641E-010
5.117	1.5355164E-010
5.118	1.6460736E-010
5.119	1.7770656E-010
5.12	1.9254663E-010
5.121	2.0877565E-010
5.122	2.2600047E-010
5.123	2.4379598E-010
5.124	2.6171501E-010
5.125	2.7929975E-010
5.126	2.9609248E-010
5.127	3.1164848E-010
5.128	3.2554601E-010
5.129	3.3739939E-010
5.13	3.4686815E-010
5.131	3.5366662E-010
5.132	3.5757264E-010
5.133	3.5843353E-010
5.134	3.5617131E-010
5.135	3.5078523E-010
5.136	3.4235348E-010
5.137	3.3103165E-010
5.138	3.1704994E-010
5.139	3.0070849E-010
5.14	2.8237054E-010
5.141	2.6245367E-010
5.142	2.4142044E-010
5.143	2.1976664E-010
5.144	1.9800932E-010
5.145	1.7667377E-010
5.146	1.5628082E-010
5.147	1.3733278E-010
5.148	1.2030119E-010
5.149	1.0561412E-010
5.15	9.3645411E-011
5.151	8.4704257E-011
5.152	7.9027097E-011
5.153	7.6770819E-011
5.154	7.8008239E-011
5.155	8.2725493E-011
5.156	9.0821975E-011
5.157	1.0211192E-010
5.158	1.1632890E-010
5.159	1.3313163E-010
5.16	1.5211228E-010
5.161	1.7280659E-010
5.162	1.9470450E-010
5.163	2.1726343E-010
5.164	2.3992131E-010
5.165	2.6211039E-010
5.166	2.8327224E-010
5.167	3.0287078E-010
5.168	3.2040676E-010
5.169	3.3543021E-010
5.17	3.4755182E-010
5.171	3.5645356E-010
5.172	3.6189637E-010
5.173	3.6372699E-010
5.174	3.6188211E-010
5.175	3.5639036E-010
5.176	3.4737163E-010
5.177	3.3503492E-010
5.178	3.1967243E-010
5.179	3.0165376E-010
5.18	2.8141556E-010
5.181	2.5945157E-010
5.182	2.3629973E-010
5.183	2.1252952E-010
5.184	1.8872694E-010
5.185	1.6548087E-010
5.186	1.4336785E-010
5.187	1.2293794E-010
5.188	1.0470072E-010
5.189	8.9112717E-011
5.19	7.6565670E-011
5.191	6.7376556E-011
5.192	6.1779470E-011
5.193	5.9919458E-011
5.194	6.1848873E-011
5.195	6.7525582E-011
5.196	7.6814111E-011
5.197	8.9488451E-011
5.198	1.0523793E-010
5.199	1.2367452E-010
5.2	1.4434252E-010
5.201	1.6672995E-010
5.202	1.9028125E-010
5.203	2.1441127E-010
5.204	2.3852006E-010
5.205	2.6200767E-010
5.206	2.8428965E-010
5.207	3.0481145E-010
5.208	3.2306202E-010
5.209	3.3858716E-010
5.21	3.5099992E-010
5.211	3.5999145E-010
5.212	3.6533726E-010
5.213	3.6690401E-010
5.214	3.6465211E-010
5.215	3.5863715E-010
5.216	3.4900854E-010
5.217	3.3600558E-010
5.218	3.1995132E-010
5.219	3.0124531E-010
5.22	2.8035324E-010
5.221	2.5779495E-010
5.222	2.3413263E-010
5.223	2.0995548E-010
5.224	1.8586589E-010
5.225	1.6246415E-010
5.226	1.4033298E-010
5.227	1.2002345E-010
5.228	1.0204072E-010
5.229	8.6831389E-011
5.23	7.4772556E-011
5.231	6.6162388E-011
5.232	6.1212688E-011
5.233	6.0043977E-011
5.234	6.2682491E-011
5.235	6.9059841E-011
5.236	7.9014746E-011
5.237	9.2297274E-011
5.238	1.0857500E-010
5.239	1.2744146E-010
5.24	1.4842615E-010
5.241	1.7100642E-010
5.242	1.9462029E-010
5.243	2.1868067E-010
5.244	2.4259003E-010
5.245	2.6575503E-010
5.246	2.8760211E-010
5.247	3.0759095E-010
5.248	3.2522837E-010
5.249	3.4008063E-010
5.25	3.5178391E-010
5.251	3.6005346E-010
5.252	3.6468992E-010
5.253	3.6558509E-010
5.254	3.6272388E-010
5.255	3.5618428E-010
5.256	3.4613593E-010
5.257	3.3283495E-010
5.258	3.1661826E-010
5.259	2.9789421E-010
5.26	2.7713307E-010
5.261	2.5485469E-010
5.262	2.3161568E-010
5.263	2.0799586E-010
5.264	1.8458335E-010
5.265	1.6196015E-010
5.266	1.4068775E-010
5.267	1.2129286E-010
5.268	1.0425454E-010
5.269	8.9992208E-011
5.27	7.8855297E-011
5.271	7.1114642E-011
5.272	6.6955906E-011
5.273	6.6475131E-011
5.274	6.9676508E-011
5.275	7.6472551E-011
5.276	8.6686332E-011
5.277	1.0005622E-010
5.278	1.1624256E-010
5.279	1.3483641E-010
5.28	1.5536981E-010
5.281	1.7732807E-010
5.282	2.0016235E-010
5.283	2.2330385E-010
5.284	2.4617761E-010
5.285	2.6821712E-010
5.286	2.8887806E-010
5.287	3.0765190E-010
5.288	3.2407788E-010
5.289	3.3775485E-010
5.29	3.4835046E-010
5.291	3.5561004E-010
5.292	3.5936185E-010
5.293	3.5952244E-010
5.294	3.5609718E-010
5.295	3.4918121E-010
5.296	3.3895614E-010
5.297	3.2568481E-010
5.298	3.0970534E-010
5.299	2.9142116E-010
5.3	2.7129202E-010
5.301	2.4982122E-010
5.302	2.2754353E-010
5.303	2.0501224E-010
5.304	1.8278494E-010
5.305	1.6141037E-010
5.306	1.4141473E-010
5.307	1.2328902E-010
5.308	1.0747674E-010
5.309	9.4363205E-011
5.31	8.4265858E-011
5.311	7.7426475E-011
5.312	7.4005302E-011
5.313	7.4076939E-011
5.314	7.7628903E-011
5.315	8.4561906E-011
5.316	9.4692844E-011
5.317	1.0775958E-010
5.318	1.2342782E-010
5.319	1.4129990E-010
5.32	1.6092466E-010
5.321	1.8180905E-010
5.322	2.0343054E-010
5.323	2.2524979E-010
5.324	2.4672442E-010
5.325	2.6732214E-010
5.326	2.8653416E-010
5.327	3.0388722E-010
5.328	3.1895572E-010
5.329	3.3137193E-010
5.33	3.4083511E-010
5.331	3.4711825E-010
5.332	3.5007425E-010
5.333	3.4963879E-010
5.334	3.4583175E-010
5.335	3.3875711E-010
5.336	3.2859909E-010
5.337	3.1561817E-010
5.338	3.0014413E-010
5.339	2.8256736E-010
5.34	2.6332955E-010
5.341	2.4291175E-010
5.342	2.2182260E-010
5.343	2.0058563E-010
5.344	1.7972582E-010
5.345	1.5975679E-010
5.346	1.4116805E-010
5.347	1.2441317E-010
5.348	1.0989838E-010
5.349	9.7973130E-011
5.35	8.8921509E-011
5.351	8.2955420E-011
5.352	8.0209749E-011
5.353	8.0739117E-011
5.354	8.4516963E-011
5.355	9.1436185E-011
5.356	1.0131210E-010
5.357	1.1388734E-010
5.358	1.2883819E-010
5.359	1.4578318E-010
5.36	1.6429248E-010
5.361	1.8389920E-010
5.362	2.0411077E-010
5.363	2.2442176E-010
5.364	2.4432631E-010
5.365	2.6333050E-010
5.366	2.8096497E-010
5.367	2.9679584E-010
5.368	3.1043568E-010
5.369	3.2155267E-010
5.37	3.2987862E-010
5.371	3.3521508E-010
5.372	3.3743849E-010
5.373	3.3650238E-010
5.374	3.3243863E-010
5.375	3.2535621E-010
5.376	3.1543826E-010
5.377	3.0293734E-010
5.378	2.8816902E-010
5.379	2.7150368E-010
5.38	2.5335775E-010
5.381	2.3418245E-010
5.382	2.1445321E-010
5.383	1.9465705E-010
5.384	1.7528128E-010
5.385	1.5680063E-010
5.386	1.3966583E-010
5.387	1.2429258E-010
5.388	1.1105104E-010
5.389	1.0025728E-010
5.39	9.2165407E-011
5.391	8.6961646E-011
5.392	8.4760116E-011
5.393	8.5600145E-011
5.394	8.9445777E-011
5.395	9.6186885E-011
5.396	1.0564206E-010
5.397	1.1756354E-010
5.398	1.3164336E-010
5.399	1.4752129E-010
5.4	1.6479393E-010
5.401	1.8302494E-010
5.402	2.0175582E-010
5.403	2.2051767E-010
5.404	2.3884250E-010
5.405	2.5627531E-010
5.406	2.7238461E-010
5.407	2.8677369E-010
5.408	2.9908964E-010
5.409	3.0903252E-010
5.41	3.1636149E-010
5.411	3.2090214E-010
5.412	3.2254874E-010
5.413	3.2126823E-010
5.414	3.1709940E-010
5.415	3.1015276E-010
5.416	3.0060665E-010
5.417	2.8870331E-010
5.418	2.7474201E-010
5.419	2.5907179E-010
5.42	2.4208227E-010
5.421	2.2419473E-010
5.422	2.0585027E-010
5.423	1.8749997E-010
5.424	1.6959319E-010
5.425	1.5256671E-010
5.426	1.3683371E-010
5.427	1.2277415E-010
5.428	1.1072489E-010
5.429	1.0097206E-010
5.43	9.3743791E-011
5.431	8.9204803E-011
5.432	8.7452635E-011
5.433	8.8515292E-011
5.434	9.2351023E-011
5.435	9.8849283E-011
5.436	1.0783420E-010
5.437	1.1906891E-010
5.438	1.3226181E-010
5.439	1.4707430E-010
5.44	1.6312895E-010
5.441	1.8001926E-010
5.442	1.9731988E-010
5.443	2.1459699E-010
5.444	2.3141912E-010
5.445	2.4736760E-010
5.446	2.6204716E-010
5.447	2.7509525E-010
5.448	2.8619107E-010
5.449	2.9506339E-010
5.45	3.0149674E-010
5.451	3.0533728E-010
5.452	3.0649533E-010
5.453	3.0494846E-010
5.454	3.0074063E-010
5.455	2.9398178E-010
5.456	2.8484420E-010
5.457	2.7355856E-010
5.458	2.6040733E-010
5.459	2.4571789E-010
5.46	2.2985448E-010
5.461	2.1320870E-010
5.462	1.9619026E-010
5.463	1.7921629E-010
5.464	1.6270128E-010
5.465	1.4704685E-010
5.466	1.3263161E-010
5.467	1.1980218E-010
5.468	1.0886450E-010
5.469	1.0007663E-010
5.47	9.3642566E-011
5.471	8.9707394E-011
5.472	8.8353977E-011
5.473	8.9601104E-011
5.474	9.3403292E-011
5.475	9.9651939E-011
5.476	1.0817829E-010
5.477	1.1875771E-010
5.478	1.3111563E-010
5.479	1.4493445E-010
5.48	1.5986147E-010
5.481	1.7551824E-010
5.482	1.9150954E-010
5.483	2.0743397E-010
5.484	2.2289319E-010
5.485	2.3750230E-010
5.486	2.5089889E-010
5.487	2.6275232E-010
5.488	2.7277117E-010
5.489	2.8071065E-010
5.49	2.8637817E-010
5.491	2.8963806E-010
5.492	2.9041436E-010
5.493	2.8869276E-010
5.494	2.8452032E-010
5.495	2.7800420E-010
5.496	2.6930883E-010
5.497	2.5865141E-010
5.498	2.4629634E-010
5.499	2.3254904E-010
5.5	2.1774788E-010
5.501	2.0225624E-010
5.502	1.8645349E-010
5.503	1.7072560E-010
5.504	1.5545583E-010
5.505	1.4101489E-010
5.506	1.2775220E-010
5.507	1.1598678E-010
5.508	1.0599946E-010
5.509	9.8026066E-011
5.51	9.2251595E-011
5.511	8.8805845E-011
5.512	8.7760577E-011
5.513	8.9128045E-011
5.514	9.2861045E-011
5.515	9.8854425E-011
5.516	1.0694778E-010
5.517	1.1692983E-010
5.518	1.2854318E-010
5.519	1.4149129E-010
5.52	1.5544534E-010
5.521	1.7005267E-010
5.522	1.8494516E-010
5.523	1.9974900E-010
5.524	2.1409341E-010
5.525	2.2762045E-010
5.526	2.3999355E-010
5.527	2.5090591E-010
5.528	2.6008815E-010
5.529	2.6731456E-010
5.53	2.7240862E-010
5.531	2.7524680E-010
5.532	2.7576200E-010
5.533	2.7394426E-010
5.534	2.6984107E-010
5.535	2.6355634E-010
5.536	2.5524718E-010
5.537	2.4512056E-010
5.538	2.3342725E-010
5.539	2.2045622E-010
5.54	2.0652723E-010
5.541	1.9198271E-010
5.542	1.7717937E-010
5.543	1.6247946E-010
5.544	1.4824174E-010
5.545	1.3481248E-010
5.546	1.2251740E-010
5.547	1.1165351E-010
5.548	1.0248182E-010
5.549	9.5221143E-011
5.55	9.0042682E-011
5.551	8.7065979E-011
5.552	8.6356103E-011
5.553	8.7922052E-011
5.554	9.1716690E-011
5.555	9.7637953E-011
5.556	1.0553168E-010
5.557	1.1519523E-010
5.558	1.2638289E-010
5.559	1.3881185E-010
5.56	1.5216953E-010
5.561	1.6612096E-010
5.562	1.8031758E-010
5.563	1.9440535E-010
5.564	2.0803377E-010
5.565	2.2086444E-010
5.566	2.3257898E-010
5.567	2.4288721E-010
5.568	2.5153399E-010
5.569	2.5830543E-010
5.57	2.6303457E-010
5.571	2.6560459E-010
5.572	2.6595259E-010
5.573	2.6407054E-010
5.574	2.6000546E-010
5.575	2.5385802E-010
5.576	2.4578042E-010
5.577	2.3597208E-010
5.578	2.2467482E-010
5.579	2.1216694E-010
5.58	1.9875625E-010
5.581	1.8477314E-010
5.582	1.7056187E-010
5.583	1.5647293E-010
5.584	1.4285416E-010
5.585	1.3004244E-010
5.586	1.1835551E-010
5.587	1.0808396E-010
5.588	9.9484025E-011
5.589	9.2771402E-011
5.59	8.8115633E-011
5.591	8.5636082E-011
5.592	8.5398792E-011
5.593	8.7415027E-011
5.594	9.1640869E-011
5.595	9.7978396E-011
5.596	1.0627790E-010
5.597	1.1634163E-010
5.598	1.2792850E-010
5.599	1.4075995E-010
5.6	1.5452667E-010
5.601	1.6889584E-010
5.602	1.8351946E-010
5.603	1.9804244E-010
5.604	2.1211113E-010
5.605	2.2538194E-010
5.606	2.3752930E-010
5.607	2.4825431E-010
5.608	2.5729105E-010
5.609	2.6441410E-010
5.61	2.6944402E-010
5.611	2.7225192E-010
5.612	2.7276273E-010
5.613	2.7095809E-010
5.614	2.6687672E-010
5.615	2.6061367E-010
5.616	2.5231911E-010
5.617	2.4219451E-010
5.618	2.3048835E-010
5.619	2.1749108E-010
5.62	2.0352811E-010
5.621	1.8895283E-010
5.622	1.7413893E-010
5.623	1.5947180E-010
5.624	1.4534016E-010
5.625	1.3212749E-010
5.626	1.2020321E-010
5.627	1.0991474E-010
5.628	1.0157940E-010
5.629	9.5477327E-011
5.63	9.1845136E-011
5.631	9.0870200E-011
5.632	9.2686539E-011
5.633	9.7371458E-011
5.634	1.0494346E-010
5.635	1.1536162E-010
5.636	1.2852619E-010
5.637	1.4428027E-010
5.638	1.6241300E-010
5.639	1.8266384E-010
5.64	2.0472767E-010
5.641	2.2826117E-010
5.642	2.5288979E-010
5.643	2.7821520E-010
5.644	3.0382374E-010
5.645	3.2929423E-010
5.646	3.5420666E-010
5.647	3.7815043E-010
5.648	4.0073195E-010
5.649	4.2158296E-010
5.65	4.4036644E-010
5.651	4.5678358E-010
5.652	4.7057858E-010
5.653	4.8154319E-010
5.654	4.8951987E-010
5.655	4.9440446E-010
5.656	4.9614651E-010
5.657	4.9474946E-010
5.658	4.9027082E-010
5.659	4.8281751E-010
5.66	4.7254517E-010
5.661	4.5965276E-010
5.662	4.4437820E-010
5.663	4.2699244E-010
5.664	4.0779377E-010
5.665	3.8710060E-010
5.666	3.6524481E-010
5.667	3.4256481E-010
5.668	3.1939820E-010
5.669	2.9607516E-010
5.67	2.7291225E-010
5.671	2.5020647E-010
5.672	2.2823035E-010
5.673	2.0722792E-010
5.674	1.8741085E-010
5.675	1.6895622E-010
5.676	1.5200463E-010
5.677	1.3665911E-010
5.678	1.2298505E-010
5.679	1.1101094E-010
5.68	1.0072947E-010
5.681	9.2099980E-011
5.682	8.5051237E-011
5.683	7.9484745E-011
5.684	7.5278839E-011
5.685	7.2293067E-011
5.686	7.0372742E-011
5.687	6.9353766E-011
5.688	6.9067398E-011
5.689	6.9344912E-011
5.69	7.0022023E-011
5.691	7.0942967E-011
5.692	7.1964212E-011
5.693	7.2957550E-011
5.694	7.3812824E-011
5.695	7.4439899E-011
5.696	7.4769996E-011
5.697	7.4756264E-011
5.698	7.4374111E-011
5.699	7.3620311E-011
5.7	7.2511955E-011
5.701	7.1084770E-011
5.702	6.9390819E-011
5.703	6.7495898E-011
5.704	6.5476791E-011
5.705	6.3417833E-011
5.706	6.1407900E-011
5.707	5.9536889E-011
5.708	5.7892493E-011
5.709	5.6557013E-011
5.71	5.5604504E-011
5.711	5.5098193E-011
5.712	5.5088250E-011
5.713	5.5610089E-011
5.714	5.6683054E-011
5.715	5.8309607E-011
5.716	6.0475215E-011
5.717	6.3148466E-011
5.718	6.6281820E-011
5.719	6.9813051E-011
5.72	7.3666559E-011
5.721	7.7755934E-011
5.722	8.1985821E-011
5.723	8.6254975E-011
5.724	9.0458911E-011
5.725	9.4492823E-011
5.726	9.8254641E-011
5.727	1.0164766E-010
5.728	1.0458354E-010
5.729	1.0698454E-010
5.73	1.0878592E-010
5.731	1.0993768E-010
5.732	1.1040605E-010
5.733	1.1017456E-010
5.734	1.0924456E-010
5.735	1.0763539E-010
5.736	1.0538376E-010
5.737	1.0254322E-010
5.738	9.9182489E-011
5.739	9.5384103E-011
5.74	9.1242063E-011
5.741	8.6859554E-011
5.742	8.2346373E-011
5.743	7.7816094E-011
5.744	7.3383064E-011
5.745	6.9159574E-011
5.746	6.5252921E-011
5.747	6.1762581E-011
5.748	5.8777642E-011
5.749	5.6374499E-011
5.75	5.4614809E-011
5.751	5.3543905E-011
5.752	5.3189664E-011
5.753	5.3561676E-011
5.754	5.4651075E-011
5.755	5.6430735E-011
5.756	5.8855996E-011
5.757	6.1865742E-011
5.758	6.5384011E-011
5.759	6.9321868E-011
5.76	7.3579746E-011
5.761	7.8049886E-011
5.762	8.2619037E-011
5.763	8.7171353E-011
5.764	9.1591248E-011
5.765	9.5766485E-011
5.766	9.9590690E-011
5.767	1.0296639E-010
5.768	1.0580711E-010
5.769	1.0803986E-010
5.77	1.0960687E-010
5.771	1.1046682E-010
5.772	1.1059627E-010
5.773	1.0998985E-010
5.774	1.0866056E-010
5.775	1.0663946E-010
5.776	1.0397468E-010
5.777	1.0073029E-010
5.778	9.6984698E-011
5.779	9.2828537E-011
5.78	8.8362477E-011
5.781	8.3694676E-011
5.782	7.8937933E-011
5.783	7.4207161E-011
5.784	6.9616153E-011
5.785	6.5275035E-011
5.786	6.1287336E-011
5.787	5.7747574E-011
5.788	5.4738793E-011
5.789	5.2330650E-011
5.79	5.0577657E-011
5.791	4.9517834E-011
5.792	4.9171930E-011
5.793	4.9542776E-011
5.794	5.0615453E-011
5.795	5.2357601E-011
5.796	5.4720298E-011
5.797	5.7639317E-011
5.798	6.1036814E-011
5.799	6.4823293E-011
5.8	6.8899886E-011
5.801	7.3160838E-011
5.802	7.7496197E-011
5.803	8.1794488E-011
5.804	8.5945591E-011
5.805	8.9843404E-011
5.806	9.3388360E-011
5.807	9.6490163E-011
5.808	9.9069621E-011
5.809	1.0106077E-010
5.81	1.0241249E-010
5.811	1.0308960E-010
5.812	1.0307379E-010
5.813	1.0236392E-010
5.814	1.0097609E-010
5.815	9.8943007E-011
5.816	9.6313318E-011
5.817	9.3150251E-011
5.818	8.9529835E-011
5.819	8.5539222E-011
5.82	8.1274203E-011
5.821	7.6837141E-011
5.822	7.2334007E-011
5.823	6.7872104E-011
5.824	6.3557146E-011
5.825	5.9490808E-011
5.826	5.5768206E-011
5.827	5.2475482E-011
5.828	4.9687754E-011
5.829	4.7467318E-011
5.83	4.5862158E-011
5.831	4.4904757E-011
5.832	4.4611436E-011
5.833	4.4981976E-011
5.834	4.5999697E-011
5.835	4.7631971E-011
5.836	4.9831077E-011
5.837	5.2535497E-011
5.838	5.5671530E-011
5.839	5.9155077E-011
5.84	6.2893989E-011
5.841	6.6790198E-011
5.842	7.0742280E-011
5.843	7.4647934E-011
5.844	7.8406615E-011
5.845	8.1921851E-011
5.846	8.5103688E-011
5.847	8.7870849E-011
5.848	9.0152712E-011
5.849	9.1890898E-011
5.85	9.3040693E-011
5.851	9.3572212E-011
5.852	9.3470835E-011
5.853	9.2737672E-011
5.854	9.1389479E-011
5.855	8.9458059E-011
5.856	8.6989541E-011
5.857	8.4043182E-011
5.858	8.0689726E-011
5.859	7.7009739E-011
5.86	7.3091456E-011
5.861	6.9028519E-011
5.862	6.4917620E-011
5.863	6.0856140E-011
5.864	5.6939554E-011
5.865	5.3259182E-011
5.866	4.9899911E-011
5.867	4.6938169E-011
5.868	4.4440129E-011
5.869	4.2460160E-011
5.87	4.1039581E-011
5.871	4.0205780E-011
5.872	3.9971568E-011
5.873	4.0334954E-011
5.874	4.1279275E-011
5.875	4.2773635E-011
5.876	4.4773688E-011
5.877	4.7222899E-011
5.878	5.0053846E-011
5.879	5.3190067E-011
5.88	5.6548002E-011
5.881	6.0038988E-011
5.882	6.3571662E-011
5.883	6.7054161E-011
5.884	7.0396362E-011
5.885	7.3512203E-011
5.886	7.6321616E-011
5.887	7.8752636E-011
5.888	8.0743058E-011
5.889	8.2241824E-011
5.89	8.3210286E-011
5.891	8.3623247E-011
5.892	8.3469197E-011
5.893	8.2750758E-011
5.894	8.1484451E-011
5.895	7.9700246E-011
5.896	7.7440644E-011
5.897	7.4759789E-011
5.898	7.1721740E-011
5.899	6.8399127E-011
5.9	6.4871136E-011
5.901	6.1221604E-011
5.902	5.7536916E-011
5.903	5.3903833E-011
5.904	5.0407338E-011
5.905	4.7128561E-011
5.906	4.4142783E-011
5.907	4.1517553E-011
5.908	3.9311127E-011
5.909	3.7571068E-011
5.91	3.6333093E-011
5.911	3.5620392E-011
5.912	3.5443013E-011
5.913	3.5797761E-011
5.914	3.6668418E-011
5.915	3.8026075E-011
5.916	3.9829969E-011
5.917	4.2028648E-011
5.918	4.4561143E-011
5.919	4.7358627E-011
5.92	5.0346113E-011
5.921	5.3444381E-011
5.922	5.6571900E-011
5.923	5.9646940E-011
5.924	6.2589565E-011
5.925	6.5323559E-011
5.926	6.7778345E-011
5.927	6.9890815E-011
5.928	7.1606533E-011
5.929	7.2881423E-011
5.93	7.3682511E-011
5.931	7.3988773E-011
5.932	7.3791522E-011
5.933	7.3094655E-011
5.934	7.1914315E-011
5.935	7.0278505E-011
5.936	6.8226244E-011
5.937	6.5806631E-011
5.938	6.3077453E-011
5.939	6.0103776E-011
5.94	5.6956294E-011
5.941	5.3709554E-011
5.942	5.0440072E-011
5.943	4.7224478E-011
5.944	4.4137600E-011
5.945	4.1250628E-011
5.946	3.8629409E-011
5.947	3.6332794E-011
5.948	3.4411307E-011
5.949	3.2905859E-011
5.95	3.1846876E-011
5.951	3.1253521E-011
5.952	3.1133391E-011
5.953	3.1482365E-011
5.954	3.2284755E-011
5.955	3.3513796E-011
5.956	3.5132352E-011
5.957	3.7093949E-011
5.958	3.9343945E-011
5.959	4.1820908E-011
5.96	4.4458184E-011
5.961	4.7185655E-011
5.962	4.9931372E-011
5.963	5.2623350E-011
5.964	5.5191476E-011
5.965	5.7569075E-011
5.966	5.9694631E-011
5.967	6.1513170E-011
5.968	6.2977783E-011
5.969	6.4050550E-011
5.97	6.4703479E-011
5.971	6.4919237E-011
5.972	6.4691391E-011
5.973	6.4024473E-011
5.974	6.2933977E-011
5.975	6.1445710E-011
5.976	5.9595114E-011
5.977	5.7426345E-011
5.978	5.4991223E-011
5.979	5.2347678E-011
5.98	4.9558462E-011
5.981	4.6689493E-011
5.982	4.3808238E-011
5.983	4.0982030E-011
5.984	3.8276427E-011
5.985	3.5753626E-011
5.986	3.3470882E-011
5.987	3.1479219E-011
5.988	2.9822117E-011
5.989	2.8534546E-011
5.99	2.7642099E-011
5.991	2.7160451E-011
5.992	2.7095012E-011
5.993	2.7440852E-011
5.994	2.8182899E-011
5.995	2.9296409E-011
5.996	3.0747595E-011
5.997	3.2494615E-011
5.998	3.4488540E-011
5.999	3.6674757E-011
6	3.8994228E-011
6.001	4.1385072E-011
6.002	4.3784056E-011
6.003	4.6128160E-011
6.004	4.8356156E-011
6.005	5.0410068E-011
6.006	5.2236587E-011
6.007	5.3788442E-011
6.008	5.5025363E-011
6.009	5.5915206E-011
6.01	5.6434593E-011
6.011	5.6569444E-011
6.012	5.6315327E-011
6.013	5.5677452E-011
6.014	5.4670490E-011
6.015	5.3318204E-011
6.016	5.1652734E-011
6.017	4.9713778E-011
6.018	4.7547556E-011
6.019	4.5205582E-011
6.02	4.2743396E-011
6.021	4.0219141E-011
6.022	3.7692044E-011
6.023	3.5221059E-011
6.024	3.2863313E-011
6.025	3.0672829E-011
6.026	2.8699073E-011
6.027	2.6985887E-011
6.028	2.5570395E-011
6.029	2.4482119E-011
6.03	2.3742319E-011
6.031	2.3363469E-011
6.032	2.3349059E-011
6.033	2.3693537E-011
6.034	2.4382491E-011
6.035	2.5393068E-011
6.036	2.6694633E-011
6.037	2.8249561E-011
6.038	3.0014186E-011
6.039	3.1940020E-011
6.04	3.3974878E-011
6.041	3.6064277E-011
6.042	3.8152734E-011
6.043	4.0185220E-011
6.044	4.2108449E-011
6.045	4.3872236E-011
6.046	4.5430645E-011
6.047	4.6743168E-011
6.048	4.7775665E-011
6.049	4.8501161E-011
6.05	4.8900425E-011
6.051	4.8962445E-011
6.052	4.8684608E-011
6.053	4.8072758E-011
6.054	4.7140871E-011
6.055	4.5910893E-011
6.056	4.4411919E-011
6.057	4.2679579E-011
6.058	4.0755087E-011
6.059	3.8684170E-011
6.06	3.6515919E-011
6.061	3.4301569E-011
6.062	3.2093082E-011
6.063	2.9941973E-011
6.064	2.7897939E-011
6.065	2.6007651E-011
6.066	2.4313626E-011
6.067	2.2853200E-011
6.068	2.1657644E-011
6.069	2.0751473E-011
6.07	2.0151880E-011
6.071	1.9868373E-011
6.072	1.9902632E-011
6.073	2.0248470E-011
6.074	2.0892106E-011
6.075	2.1812472E-011
6.076	2.2981840E-011
6.077	2.4366524E-011
6.078	2.5927736E-011
6.079	2.7622580E-011
6.08	2.9405124E-011
6.081	3.1227559E-011
6.082	3.3041358E-011
6.083	3.4798539E-011
6.084	3.6452782E-011
6.085	3.7960621E-011
6.086	3.9282501E-011
6.087	4.0383794E-011
6.088	4.1235529E-011
6.089	4.1815235E-011
6.09	4.2107335E-011
6.091	4.2103602E-011
6.092	4.1803203E-011
6.093	4.1212721E-011
6.094	4.0345914E-011
6.095	3.9223305E-011
6.096	3.7871629E-011
6.097	3.6323090E-011
6.098	3.4614554E-011
6.099	3.2786562E-011
6.1	3.0882352E-011
6.101	2.8946696E-011
6.102	2.7024886E-011
6.103	2.5161520E-011
6.104	2.3399489E-011
6.105	2.1778889E-011
6.106	2.0336063E-011
6.107	1.9102721E-011
6.108	1.8105165E-011
6.109	1.7363716E-011
6.11	1.6892168E-011
6.111	1.6697553E-011
6.112	1.6779959E-011
6.113	1.7132630E-011
6.114	1.7742125E-011
6.115	1.8588749E-011
6.116	1.9647051E-011
6.117	2.0886527E-011
6.118	2.2272370E-011
6.119	2.3766392E-011
6.12	2.5327978E-011
6.121	2.6915128E-011
6.122	2.8485471E-011
6.123	2.9997362E-011
6.124	3.1410877E-011
6.125	3.2688824E-011
6.126	3.3797635E-011
6.127	3.4708181E-011
6.128	3.5396436E-011
6.129	3.5844092E-011
6.13	3.6038943E-011
6.131	3.5975140E-011
6.132	3.5653334E-011
6.133	3.5080581E-011
6.134	3.4270167E-011
6.135	3.3241167E-011
6.136	3.2018013E-011
6.137	3.0629804E-011
6.138	2.9109552E-011
6.139	2.7493320E-011
6.14	2.5819322E-011
6.141	2.4126966E-011
6.142	2.2455815E-011
6.143	2.0844677E-011
6.144	1.9330575E-011
6.145	1.7947914E-011
6.146	1.6727588E-011
6.147	1.5696262E-011
6.148	1.4875746E-011
6.149	1.4282472E-011
6.15	1.3927109E-011
6.151	1.3814353E-011
6.152	1.3942821E-011
6.153	1.4305140E-011
6.154	1.4888165E-011
6.155	1.5673352E-011
6.156	1.6637242E-011
6.157	1.7752112E-011
6.158	1.8986654E-011
6.159	2.0306840E-011
6.16	2.1676740E-011
6.161	2.3059443E-011
6.162	2.4417983E-011
6.163	2.5716256E-011
6.164	2.6919895E-011
6.165	2.7997110E-011
6.166	2.8919471E-011
6.167	2.9662561E-011
6.168	3.0206629E-011
6.169	3.0536965E-011
6.17	3.0644334E-011
6.171	3.0525086E-011
6.172	3.0181271E-011
6.173	2.9620577E-011
6.174	2.8856023E-011
6.175	2.7905660E-011
6.176	2.6792048E-011
6.177	2.5541692E-011
6.178	2.4184323E-011
6.179	2.2752132E-011
6.18	2.1278973E-011
6.181	1.9799476E-011
6.182	1.8348221E-011
6.183	1.6958828E-011
6.184	1.5663184E-011
6.185	1.4490617E-011
6.186	1.3467221E-011
6.187	1.2615207E-011
6.188	1.1952389E-011
6.189	1.1491757E-011
6.19	1.1241202E-011
6.191	1.1203312E-011
6.192	1.1375388E-011
6.193	1.1749505E-011
6.194	1.2312765E-011
6.195	1.3047639E-011
6.196	1.3932446E-011
6.197	1.4941907E-011
6.198	1.6047812E-011
6.199	1.7219719E-011
6.2	1.8425745E-011
6.201	1.9633356E-011
6.202	2.0810190E-011
6.203	2.1924821E-011
6.204	2.2947619E-011
6.205	2.3851395E-011
6.206	2.4612118E-011
6.207	2.5209498E-011
6.208	2.5627450E-011
6.209	2.5854496E-011
6.21	2.5884015E-011
6.211	2.5714358E-011
6.212	2.5348904E-011
6.213	2.4795877E-011
6.214	2.4068176E-011
6.215	2.3182980E-011
6.216	2.2161283E-011
6.217	2.1027385E-011
6.218	1.9808214E-011
6.219	1.8532700E-011
6.22	1.7230967E-011
6.221	1.5933628E-011
6.222	1.4671006E-011
6.223	1.3472370E-011
6.224	1.2365214E-011
6.225	1.1374583E-011
6.226	1.0522468E-011
6.227	9.8272744E-012
6.228	9.3033775E-012
6.229	8.9608052E-012
6.23	8.8049897E-012
6.231	8.8366805E-012
6.232	9.0519311E-012
6.233	9.4422413E-012
6.234	9.9947698E-012
6.235	1.0692696E-011
6.236	1.1515657E-011
6.237	1.2440275E-011
6.238	1.3440768E-011
6.239	1.4489615E-011
6.24	1.5558263E-011
6.241	1.6617853E-011
6.242	1.7639926E-011
6.243	1.8597183E-011
6.244	1.9464109E-011
6.245	2.0217633E-011
6.246	2.0837656E-011
6.247	2.1307560E-011
6.248	2.1614583E-011
6.249	2.1750112E-011
6.25	2.1709872E-011
6.251	2.1493989E-011
6.252	2.1106996E-011
6.253	2.0557635E-011
6.254	1.9858689E-011
6.255	1.9026579E-011
6.256	1.8080976E-011
6.257	1.7044281E-011
6.258	1.5941085E-011
6.259	1.4797516E-011
6.26	1.3640597E-011
6.261	1.2497572E-011
6.262	1.1395204E-011
6.263	1.0359102E-011
6.264	9.4130944E-012
6.265	8.5786222E-012
6.266	7.8742048E-012
6.267	7.3149976E-012
6.268	6.9124316E-012
6.269	6.6739418E-012
6.27	6.6028051E-012
6.271	6.6980900E-012
6.272	6.9547046E-012
6.273	7.3635438E-012
6.274	7.9117520E-012
6.275	8.5830605E-012
6.276	9.3582147E-012
6.277	1.0215484E-011
6.278	1.1131198E-011
6.279	1.2080382E-011
6.28	1.3037345E-011
6.281	1.3976363E-011
6.282	1.4872300E-011
6.283	1.5701242E-011
6.284	1.6441079E-011
6.285	1.7072057E-011
6.286	1.7577240E-011
6.287	1.7942944E-011
6.288	1.8159054E-011
6.289	1.8219247E-011
6.29	1.8121137E-011
6.291	1.7866304E-011
6.292	1.7460243E-011
6.293	1.6912222E-011
6.294	1.6234991E-011
6.295	1.5444482E-011
6.296	1.4559380E-011
6.297	1.3600641E-011
6.298	1.2591001E-011
6.299	1.1554336E-011
6.3	1.0515138E-011
6.301	9.4978322E-012
6.302	8.5262188E-012
6.303	7.6228373E-012
6.304	6.8084444E-012
6.305	6.1014705E-012
6.306	5.5175738E-012
6.307	5.0692740E-012
6.308	4.7656297E-012
6.309	4.6120612E-012
6.31	4.6102028E-012
6.311	4.7579093E-012
6.312	5.0493156E-012
6.313	5.4750067E-012
6.314	6.0222717E-012
6.315	6.6754388E-012
6.316	7.4162759E-012
6.317	8.2244688E-012
6.318	9.0781037E-012
6.319	9.9542700E-012
6.32	1.0829586E-011
6.321	1.1680819E-011
6.322	1.2485440E-011
6.323	1.3222188E-011
6.324	1.3871604E-011
6.325	1.4416492E-011
6.326	1.4842348E-011
6.327	1.5137697E-011
6.328	1.5294382E-011
6.329	1.5307731E-011
6.33	1.5176678E-011
6.331	1.4903738E-011
6.332	1.4494982E-011
6.333	1.3959838E-011
6.334	1.3310835E-011
6.335	1.2563307E-011
6.336	1.1734994E-011
6.337	1.0845574E-011
6.338	9.9161963E-012
6.339	8.9689124E-012
6.34	8.0261336E-012
6.341	7.1100365E-012
6.342	6.2420013E-012
6.343	5.4420531E-012
6.344	4.7283731E-012
6.345	4.1168505E-012
6.346	3.6207437E-012
6.347	3.2504030E-012
6.348	3.0130948E-012
6.349	2.9128984E-012
6.35	2.9506647E-012
6.351	3.1240340E-012
6.352	3.4274964E-012
6.353	3.8525034E-012
6.354	4.3876400E-012
6.355	5.0188577E-012
6.356	5.7297908E-012
6.357	6.5021265E-012
6.358	7.3160722E-012
6.359	8.1508541E-012
6.36	8.9852483E-012
6.361	9.7981267E-012
6.362	1.0569004E-011
6.363	1.1278541E-011
6.364	1.1909017E-011
6.365	1.2444747E-011
6.366	1.2872458E-011
6.367	1.3181576E-011
6.368	1.3364483E-011
6.369	1.3416644E-011
6.37	1.3336741E-011
6.371	1.3126661E-011
6.372	1.2791453E-011
6.373	1.2339203E-011
6.374	1.1780846E-011
6.375	1.1129918E-011
6.376	1.0402235E-011
6.377	9.6155115E-012
6.378	8.7889227E-012
6.379	7.9425650E-012
6.38	7.0968860E-012
6.381	6.2720515E-012
6.382	5.4873016E-012
6.383	4.7603674E-012
6.384	4.1069466E-012
6.385	3.5403718E-012
6.386	3.0714346E-012
6.387	2.7084201E-012
6.388	2.4572820E-012
6.389	2.3219213E-012
6.39	2.3044531E-012
6.391	2.4053973E-012
6.392	2.6237443E-012
6.393	2.9568696E-012
6.394	3.4003518E-012
6.395	3.9477536E-012
6.396	4.5904535E-012
6.397	5.3176083E-012
6.398	6.1162624E-012
6.399	6.9716299E-012
6.4	7.8675261E-012
6.401	8.7868653E-012
6.402	9.7121885E-012
6.403	1.0626190E-011
6.404	1.1512169E-011
6.405	1.2354390E-011
6.406	1.3138400E-011
6.407	1.3851243E-011
6.408	1.4481622E-011
6.409	1.5020004E-011
6.41	1.5458690E-011
6.411	1.5791847E-011
6.412	1.6015472E-011
6.413	1.6127429E-011
6.414	1.6127346E-011
6.415	1.6016593E-011
6.416	1.5798158E-011
6.417	1.5476632E-011
6.418	1.5058083E-011
6.419	1.4549987E-011
6.42	1.3961202E-011
6.421	1.3301878E-011
6.422	1.2583471E-011
6.423	1.1818733E-011
6.424	1.1021736E-011
6.425	1.0207959E-011
6.426	9.3943507E-012
6.427	8.5994701E-012
6.428	7.8436172E-012
6.429	7.1490127E-012
6.43	6.5399517E-012
6.431	6.0430020E-012
6.432	5.6871769E-012
6.433	5.5040820E-012
6.434	5.5280459E-012
6.435	5.7962229E-012
6.436	6.3486187E-012
6.437	7.2280632E-012
6.438	8.4801229E-012
6.439	1.0152920E-011
6.44	1.2296850E-011
6.441	1.4964250E-011
6.442	1.8208931E-011
6.443	2.2085637E-011
6.444	2.6649436E-011
6.445	3.1954918E-011
6.446	3.8055465E-011
6.447	4.5002269E-011
6.448	5.2843282E-011
6.449	6.1622242E-011
6.45	7.1377466E-011
6.451	8.2140662E-011
6.452	9.3935956E-011
6.453	1.0677859E-010
6.454	1.2067410E-010
6.455	1.3561732E-010
6.456	1.5159154E-010
6.457	1.6856787E-010
6.458	1.8650481E-010
6.459	2.0534742E-010
6.46	2.2502765E-010
6.461	2.4546357E-010
6.462	2.6656014E-010
6.463	2.8820871E-010
6.464	3.1028818E-010
6.465	3.3266542E-010
6.466	3.5519571E-010
6.467	3.7772493E-010
6.468	4.0008988E-010
6.469	4.2212053E-010
6.47	4.4364154E-010
6.471	4.6447438E-010
6.472	4.8443921E-010
6.473	5.0335758E-010
6.474	5.2105414E-010
6.475	5.3735932E-010
6.476	5.5211119E-010
6.477	5.6515881E-010
6.478	5.7636351E-010
6.479	5.8560073E-010
6.48	5.9276334E-010
6.481	5.9776228E-010
6.482	6.0052879E-010
6.483	6.0101474E-010
6.484	5.9919475E-010
6.485	5.9506644E-010
6.486	5.8865035E-010
6.487	5.7999044E-010
6.488	5.6915411E-010
6.489	5.5623006E-010
6.49	5.4132926E-010
6.491	5.2458177E-010
6.492	5.0613602E-010
6.493	4.8615745E-010
6.494	4.6482540E-010
6.495	4.4233101E-010
6.496	4.1887560E-010
6.497	3.9466777E-010
6.498	3.6992018E-010
6.499	3.4484815E-010
6.5	3.1966613E-010
6.501	2.9458483E-010
6.502	2.6980909E-010
6.503	2.4553506E-010
6.504	2.2194734E-010
6.505	1.9921734E-010
6.506	1.7750085E-010
6.507	1.5693653E-010
6.508	1.3764419E-010
6.509	1.1972381E-010
6.51	1.0325480E-010
6.511	8.8295322E-011
6.512	7.4882184E-011
6.513	6.3031032E-011
6.514	5.2736919E-011
6.515	4.3975042E-011
6.516	3.6701836E-011
6.517	3.0856401E-011
6.518	2.6362074E-011
6.519	2.3128251E-011
6.52	2.1052377E-011
6.521	2.0022010E-011
6.522	1.9917080E-011
6.523	2.0612087E-011
6.524	2.1978438E-011
6.525	2.3886644E-011
6.526	2.6208537E-011
6.527	2.8819318E-011
6.528	3.1599504E-011
6.529	3.4436665E-011
6.53	3.7227048E-011
6.531	3.9876841E-011
6.532	4.2303345E-011
6.533	4.4435795E-011
6.534	4.6216045E-011
6.535	4.7598859E-011
6.536	4.8552006E-011
6.537	4.9056193E-011
6.538	4.9104592E-011
6.539	4.8702223E-011
6.54	4.7865208E-011
6.541	4.6619684E-011
6.542	4.5000684E-011
6.543	4.3050868E-011
6.544	4.0819098E-011
6.545	3.8359076E-011
6.546	3.5727744E-011
6.547	3.2983900E-011
6.548	3.0186721E-011
6.549	2.7394325E-011
6.55	2.4662498E-011
6.551	2.2043489E-011
6.552	1.9584927E-011
6.553	1.7328921E-011
6.554	1.5311292E-011
6.555	1.3560991E-011
6.556	1.2099723E-011
6.557	1.0941698E-011
6.558	1.0093593E-011
6.559	9.5546999E-012
6.56	9.3171798E-012
6.561	9.3665483E-012
6.562	9.6822238E-012
6.563	1.0238256E-011
6.564	1.1004109E-011
6.565	1.1945557E-011
6.566	1.3025604E-011
6.567	1.4205455E-011
6.568	1.5445492E-011
6.569	1.6706237E-011
6.57	1.7949286E-011
6.571	1.9138151E-011
6.572	2.0239097E-011
6.573	2.1221809E-011
6.574	2.2060043E-011
6.575	2.2732092E-011
6.576	2.3221144E-011
6.577	2.3515564E-011
6.578	2.3608967E-011
6.579	2.3500228E-011
6.58	2.3193315E-011
6.581	2.2697037E-011
6.582	2.2024705E-011
6.583	2.1193628E-011
6.584	2.0224579E-011
6.585	1.9141222E-011
6.586	1.7969421E-011
6.587	1.6736546E-011
6.588	1.5470824E-011
6.589	1.4200544E-011
6.59	1.2953452E-011
6.591	1.1756022E-011
6.592	1.0632881E-011
6.593	9.6062333E-012
6.594	8.6953916E-012
6.595	7.9163724E-012
6.596	7.2815816E-012
6.597	6.7996038E-012
6.598	6.4751013E-012
6.599	6.3087886E-012
6.6	6.2975207E-012
6.601	6.4344623E-012
6.602	6.7093544E-012
6.603	7.1088439E-012
6.604	7.6168828E-012
6.605	8.2151846E-012
6.606	8.8837453E-012
6.607	9.6013388E-012
6.608	1.0346100E-011
6.609	1.1096060E-011
6.61	1.1829696E-011
6.611	1.2526440E-011
6.612	1.3167172E-011
6.613	1.3734641E-011
6.614	1.4213855E-011
6.615	1.4592378E-011
6.616	1.4860590E-011
6.617	1.5011860E-011
6.618	1.5042625E-011
6.619	1.4952409E-011
6.62	1.4743793E-011
6.621	1.4422258E-011
6.622	1.3996025E-011
6.623	1.3475747E-011
6.624	1.2874230E-011
6.625	1.2206063E-011
6.626	1.1487216E-011
6.627	1.0734619E-011
6.628	9.9657045E-012
6.629	9.1979965E-012
6.63	8.4486402E-012
6.631	7.7340096E-012
6.632	7.0693113E-012
6.633	6.4682279E-012
6.634	5.9426253E-012
6.635	5.5022848E-012
6.636	5.1547178E-012
6.637	4.9050109E-012
6.638	4.7557570E-012
6.639	4.7070329E-012
6.64	4.7564483E-012
6.641	4.8992468E-012
6.642	5.1284602E-012
6.643	5.4351237E-012
6.644	5.8085294E-012
6.645	6.2365221E-012
6.646	6.7058208E-012
6.647	7.2023811E-012
6.648	7.7117427E-012
6.649	8.2194139E-012
6.65	8.7112297E-012
6.651	9.1736983E-012
6.652	9.5943279E-012
6.653	9.9619132E-012
6.654	1.0266783E-011
6.655	1.0501032E-011
6.656	1.0658642E-011
6.657	1.0735642E-011
6.658	1.0730123E-011
6.659	1.0642293E-011
6.66	1.0474406E-011
6.661	1.0230682E-011
6.662	9.9171782E-012
6.663	9.5415889E-012
6.664	9.1130515E-012
6.665	8.6418728E-012
6.666	8.1392584E-012
6.667	7.6170268E-012
6.668	7.0873060E-012
6.669	6.5622173E-012
6.67	6.0535856E-012
6.671	5.5726435E-012
6.672	5.1297746E-012
6.673	4.7342594E-012
6.674	4.3940706E-012
6.675	4.1156887E-012
6.676	3.9039705E-012
6.677	3.7620445E-012
6.678	3.6912647E-012
6.679	3.6912040E-012
6.68	3.7596835E-012
6.681	3.8928669E-012
6.682	4.0853709E-012
6.683	4.3304336E-012
6.684	4.6200986E-012
6.685	4.9454356E-012
6.686	5.2967756E-012
6.687	5.6639658E-012
6.688	6.0366204E-012
6.689	6.4043853E-012
6.69	6.7571916E-012
6.691	7.0855006E-012
6.692	7.3805198E-012
6.693	7.6344391E-012
6.694	7.8405685E-012
6.695	7.9935347E-012
6.696	8.0893556E-012
6.697	8.1255532E-012
6.698	8.1011734E-012
6.699	8.0167834E-012
6.7	7.8744658E-012
6.701	7.6777118E-012
6.702	7.4313325E-012
6.703	7.1413123E-012
6.704	6.8146465E-012
6.705	6.4591535E-012
6.706	6.0832663E-012
6.707	5.6958101E-012
6.708	5.3057814E-012
6.709	4.9221187E-012
6.71	4.5534843E-012
6.711	4.2080475E-012
6.712	3.8932945E-012
6.713	3.6158505E-012
6.714	3.3813267E-012
6.715	3.1941999E-012
6.716	3.0577125E-012
6.717	2.9738109E-012
6.718	2.9431173E-012
6.719	2.9649278E-012
6.72	3.0372547E-012
6.721	3.1568862E-012
6.722	3.3194866E-012
6.723	3.5197186E-012
6.724	3.7513829E-012
6.725	4.0075907E-012
6.726	4.2809354E-012
6.727	4.5636819E-012
6.728	4.8479684E-012
6.729	5.1259986E-012
6.73	5.3902351E-012
6.731	5.6335852E-012
6.732	5.8495708E-012
6.733	6.0324909E-012
6.734	6.1775346E-012
6.735	6.2809116E-012
6.736	6.3399203E-012
6.737	6.3530019E-012
6.738	6.3197685E-012
6.739	6.2409938E-012
6.74	6.1185805E-012
6.741	5.9554995E-012
6.742	5.7556906E-012
6.743	5.5239745E-012
6.744	5.2658975E-012
6.745	4.9876058E-012
6.746	4.6956644E-012
6.747	4.3969082E-012
6.748	4.0982560E-012
6.749	3.8065480E-012
6.75	3.5283699E-012
6.751	3.2698980E-012
6.752	3.0367492E-012
6.753	2.8338467E-012
6.754	2.6653070E-012
6.755	2.5343462E-012
6.756	2.4432116E-012
6.757	2.3931326E-012
6.758	2.3843074E-012
6.759	2.4159084E-012
6.76	2.4861163E-012
6.761	2.5921776E-012
6.762	2.7304836E-012
6.763	2.8966723E-012
6.764	3.0857446E-012
6.765	3.2921983E-012
6.766	3.5101639E-012
6.767	3.7335625E-012
6.768	3.9562516E-012
6.769	4.1721791E-012
6.77	4.3755360E-012
6.771	4.5608912E-012
6.772	4.7233350E-012
6.773	4.8585762E-012
6.774	4.9630634E-012
6.775	5.0340535E-012
6.776	5.0696738E-012
6.777	5.0689596E-012
6.778	5.0318625E-012
6.779	4.9592496E-012
6.78	4.8528573E-012
6.781	4.7152495E-012
6.782	4.5497395E-012
6.783	4.3602977E-012
6.784	4.1514465E-012
6.785	3.9281412E-012
6.786	3.6956488E-012
6.787	3.4594049E-012
6.788	3.2248767E-012
6.789	2.9974348E-012
6.79	2.7822102E-012
6.791	2.5839747E-012
6.792	2.4070273E-012
6.793	2.2550900E-012
6.794	2.1312240E-012
6.795	2.0377634E-012
6.796	1.9762668E-012
6.797	1.9474812E-012
6.798	1.9513414E-012
6.799	1.9869757E-012
6.8	2.0527352E-012
6.801	2.1462446E-012
6.802	2.2644673E-012
6.803	2.4037853E-012
6.804	2.5600971E-012
6.805	2.7289254E-012
6.806	2.9055315E-012
6.807	3.0850372E-012
6.808	3.2625493E-012
6.809	3.4332773E-012
6.81	3.5926615E-012
6.811	3.7364716E-012
6.812	3.8609151E-012
6.813	3.9627268E-012
6.814	4.0392342E-012
6.815	4.0884236E-012
6.816	4.1089879E-012
6.817	4.1003364E-012
6.818	4.0626213E-012
6.819	3.9967118E-012
6.82	3.9041765E-012
6.821	3.7872314E-012
6.822	3.6486773E-012
6.823	3.4918292E-012
6.824	3.3204242E-012
6.825	3.1385231E-012
6.826	2.9504051E-012
6.827	2.7604616E-012
6.828	2.5730828E-012
6.829	2.3925523E-012
6.83	2.2229367E-012
6.831	2.0679957E-012
6.832	1.9310835E-012
6.833	1.8150768E-012
6.834	1.7223039E-012
6.835	1.6544953E-012
6.836	1.6127447E-012
6.837	1.5974894E-012
6.838	1.6085033E-012
6.839	1.6449132E-012
6.84	1.7052252E-012
6.841	1.7873685E-012
6.842	1.8887556E-012
6.843	2.0063484E-012
6.844	2.1367443E-012
6.845	2.2762562E-012
6.846	2.4210143E-012
6.847	2.5670555E-012
6.848	2.7104272E-012
6.849	2.8472808E-012
6.85	2.9739694E-012
6.851	3.0871362E-012
6.852	3.1837939E-012
6.853	3.2613981E-012
6.854	3.3179050E-012
6.855	3.3518225E-012
6.856	3.3622330E-012
6.857	3.3488217E-012
6.858	3.3118673E-012
6.859	3.2522366E-012
6.86	3.1713497E-012
6.861	3.0711460E-012
6.862	2.9540253E-012
6.863	2.8227863E-012
6.864	2.6805504E-012
6.865	2.5306862E-012
6.866	2.3767173E-012
6.867	2.2222359E-012
6.868	2.0708138E-012
6.869	1.9259089E-012
6.87	1.7907818E-012
6.871	1.6684189E-012
6.872	1.5614580E-012
6.873	1.4721263E-012
6.874	1.4021940E-012
6.875	1.3529340E-012
6.876	1.3250976E-012
6.877	1.3189023E-012
6.878	1.3340316E-012
6.879	1.3696483E-012
6.88	1.4244189E-012
6.881	1.4965489E-012
6.882	1.5838321E-012
6.883	1.6837052E-012
6.884	1.7933164E-012
6.885	1.9095994E-012
6.886	2.0293504E-012
6.887	2.1493111E-012
6.888	2.2662521E-012
6.889	2.3770517E-012
6.89	2.4787711E-012
6.891	2.5687286E-012
6.892	2.6445634E-012
6.893	2.7042847E-012
6.894	2.7463266E-012
6.895	2.7695749E-012
6.896	2.7734000E-012
6.897	2.7576648E-012
6.898	2.7227250E-012
6.899	2.6694311E-012
6.9	2.5990972E-012
6.901	2.5134823E-012
6.902	2.4147379E-012
6.903	2.3053662E-012
6.904	2.1881498E-012
6.905	2.0660708E-012
6.906	1.9422164E-012
6.907	1.8196772E-012
6.908	1.7014319E-012
6.909	1.5902378E-012
6.91	1.4885360E-012
6.911	1.3983737E-012
6.912	1.3213678E-012
6.913	1.2586957E-012
6.914	1.2111280E-012
6.915	1.1790804E-012
6.916	1.1626767E-012
6.917	1.1618050E-012
6.918	1.1761486E-012
6.919	1.2051917E-012
6.92	1.2481981E-012
6.921	1.3041693E-012
6.922	1.3718048E-012
6.923	1.4494698E-012
6.924	1.5351959E-012
6.925	1.6267068E-012
6.926	1.7214810E-012
6.927	1.8168361E-012
6.928	1.9100301E-012
6.929	1.9983607E-012
6.93	2.0792682E-012
6.931	2.1504183E-012
6.932	2.2097708E-012
6.933	2.2556366E-012
6.934	2.2867151E-012
6.935	2.3021262E-012
6.936	2.3014223E-012
6.937	2.2846015E-012
6.938	2.2521087E-012
6.939	2.2048262E-012
6.94	2.1440616E-012
6.941	2.0715194E-012
6.942	1.9892631E-012
6.943	1.8996514E-012
6.944	1.8052625E-012
6.945	1.7087946E-012
6.946	1.6129447E-012
6.947	1.5202835E-012
6.948	1.4331248E-012
6.949	1.3534160E-012
6.95	1.2826608E-012
6.951	1.2218837E-012
6.952	1.1716526E-012
6.953	1.1321454E-012
6.954	1.1032564E-012
6.955	1.0847192E-012
6.956	1.0762239E-012
6.957	1.0775016E-012
6.958	1.0883624E-012
6.959	1.1086822E-012
6.96	1.1383354E-012
6.961	1.1770997E-012
6.962	1.2245464E-012
6.963	1.2799407E-012
6.964	1.3421818E-012
6.965	1.4097820E-012
6.966	1.4808991E-012
6.967	1.5534095E-012
6.968	1.6250157E-012
6.969	1.6933647E-012
6.97	1.7561682E-012
6.971	1.8113116E-012
6.972	1.8569436E-012
6.973	1.8915410E-012
6.974	1.9139581E-012
6.975	1.9234547E-012
6.976	1.9197146E-012
6.977	1.9028522E-012
6.978	1.8734116E-012
6.979	1.8323552E-012
6.98	1.7810423E-012
6.981	1.7211901E-012
6.982	1.6548139E-012
6.983	1.5841429E-012
6.984	1.5115179E-012
6.985	1.4392642E-012
6.986	1.3695598E-012
6.987	1.3043085E-012
6.988	1.2450341E-012
6.989	1.1928113E-012
6.99	1.1482436E-012
6.991	1.1114959E-012
6.992	1.0823703E-012
6.993	1.0604198E-012
6.994	1.0450785E-012
6.995	1.0357886E-012
6.996	1.0321065E-012
6.997	1.0337694E-012
6.998	1.0407189E-012
6.999	1.0530738E-012
7	1.0710608E-012
7.001	1.0949128E-012
7.002	1.1247523E-012
7.003	1.1604792E-012
7.004	1.2016772E-012
7.005	1.2475602E-012
7.006	1.2969630E-012
7.007	1.3483772E-012
7.008	1.4000303E-012
7.009	1.4499921E-012
7.01	1.4962973E-012
7.011	1.5370671E-012
7.012	1.5706185E-012
7.013	1.5955549E-012
7.014	1.6108349E-012
7.015	1.6158193E-012
7.016	1.6102974E-012
7.017	1.5944945E-012
7.018	1.5690655E-012
7.019	1.5350668E-012
7.02	1.4939119E-012
7.021	1.4472987E-012
7.022	1.3971190E-012
7.023	1.3453448E-012
7.024	1.2939040E-012
7.025	1.2445544E-012
7.026	1.1987725E-012
7.027	1.1576713E-012
7.028	1.1219546E-012
7.029	1.0919187E-012
7.03	1.0674942E-012
7.031	1.0483241E-012
7.032	1.0338615E-012
7.033	1.0234769E-012
7.034	1.0165558E-012
7.035	1.0125806E-012
7.036	1.0111910E-012
7.037	1.0122140E-012
7.038	1.0156685E-012
7.039	1.0217429E-012
7.04	1.0307474E-012
7.041	1.0430484E-012
7.042	1.0589810E-012
7.043	1.0787653E-012
7.044	1.1024166E-012
7.045	1.1296764E-012
7.046	1.1599711E-012
7.047	1.1924041E-012
7.048	1.2257895E-012
7.049	1.2587199E-012
7.05	1.2896649E-012
7.051	1.3170860E-012
7.052	1.3395544E-012
7.053	1.3558625E-012
7.054	1.3651151E-012
7.055	1.3667968E-012
7.056	1.3608112E-012
7.057	1.3474872E-012
7.058	1.3275571E-012
7.059	1.3021006E-012
7.06	1.2724651E-012
7.061	1.2401604E-012
7.062	1.2067410E-012
7.063	1.1736873E-012
7.064	1.1422960E-012
7.065	1.1135953E-012
7.066	1.0882946E-012
7.067	1.0667709E-012
7.068	1.0490922E-012
7.069	1.0350712E-012
7.07	1.0243371E-012
7.071	1.0164123E-012
7.072	1.0107861E-012
7.073	1.0069745E-012
7.074	1.0045628E-012
7.075	1.0032359E-012
7.076	1.0027889E-012
7.077	1.0031311E-012
7.078	1.0042830E-012
7.079	1.0063630E-012
7.08	1.0095710E-012
7.081	1.0141612E-012
7.082	1.0204067E-012
7.083	1.0285552E-012
7.084	1.0387737E-012
7.085	1.0510957E-012
7.086	1.0653727E-012
7.087	1.0812399E-012
7.088	1.0981097E-012
7.089	1.1151915E-012
7.09	1.1315474E-012
7.091	1.1461717E-012
7.092	1.1580894E-012
7.093	1.1664599E-012
7.094	1.1706712E-012
7.095	1.1704086E-012
7.096	1.1656921E-012
7.097	1.1568746E-012
7.098	1.1445994E-012
7.099	1.1297276E-012
7.1	1.1132425E-012
7.101	1.0961461E-012
7.102	1.0793616E-012
7.103	1.0636571E-012
7.104	1.0495939E-012
7.105	1.0375093E-012
7.106	1.0275271E-012
7.107	1.0195922E-012
7.108	1.0135175E-012
7.109	1.0090367E-012
7.11	1.0058515E-012
7.111	1.0036697E-012
7.112	1.0022307E-012
7.113	1.0013194E-012
7.114	1.0007705E-012
7.115	1.0004659E-012
7.116	1.0003301E-012
7.117	1.0003223E-012
7.118	1.0004325E-012
7.119	1.0006755E-012
7.12	1.0010896E-012
7.121	1.0017307E-012
7.122	1.0026693E-012
7.123	1.0039816E-012
7.124	1.0057374E-012
7.125	1.0079853E-012
7.126	1.0107354E-012
7.127	1.0139419E-012
7.128	1.0174928E-012
7.129	1.0212062E-012
7.13	1.0248417E-012
7.131	1.0281216E-012
7.132	1.0307663E-012
7.133	1.0325314E-012
7.134	1.0332456E-012
7.135	1.0328389E-012
7.136	1.0313514E-012
7.137	1.0289292E-012
7.138	1.0257996E-012
7.139	1.0222364E-012
7.14	1.0185212E-012
7.141	1.0149071E-012
7.142	1.0115932E-012
7.143	1.0087106E-012
7.144	1.0063225E-012
7.145	1.0044329E-012
7.146	1.0030017E-012
7.147	1.0019629E-012
7.148	1.0012393E-012
7.149	1.0007555E-012
7.15	1.0004445E-012
7.151	1.0002524E-012
7.152	1.0001383E-012
7.153	1.0000731E-012
7.154	1.0000372E-012
7.155	1.0000182E-012
7.156	1.0000086E-012
7.157	1.0000038E-012
7.158	1.0000016E-012
7.159	1.0000005E-012
7.16	1.0000001E-012
7.161	9.9999989E-013
7.162	9.9999989E-013
7.163	9.9999978E-013
7.164	9.9999978E-013
7.165	9.9999978E-013
7.166	9.9999978E-013
7.167	9.9999978E-013
7.168	9.9999978E-013
7.169	9.9999978E-013
7.17	9.9999978E-013
7.171	9.9999978E-013
7.172	9.9999978E-013
7.173	9.9999978E-013
7.174	9.9999978E-013
7.175	9.9999978E-013
7.176	9.9999978E-013
7.177	9.9999978E-013
7.178	9.9999978E-013
7.179	9.9999978E-013
7.18	9.9999978E-013
7.181	9.9999978E-013
7.182	9.9999978E-013
7.183	9.9999978E-013
7.184	9.9999978E-013
7.185	9.9999978E-013
7.186	9.9999978E-013
7.187	9.9999978E-013
7.188	9.9999978E-013
7.189	9.9999978E-013
7.19	9.9999978E-013
7.191	9.9999978E-013
7.192	9.9999978E-013
7.193	9.9999978E-013
7.194	9.9999978E-013
7.195	9.9999978E-013
7.196	9.9999978E-013
7.197	9.9999978E-013
7.198	9.9999978E-013
7.199	9.9999978E-013
7.2	9.9999978E-013
7.201	9.9999978E-013
7.202	9.9999978E-013
7.203	9.9999978E-013
7.204	9.9999978E-013
7.205	9.9999978E-013
7.206	9.9999978E-013
7.207	9.9999978E-013
7.208	9.9999978E-013
7.209	9.9999978E-013
7.21	9.9999978E-013
7.211	9.9999978E-013
7.212	9.9999978E-013
7.213	9.9999978E-013
7.214	9.9999978E-013
7.215	9.9999978E-013
7.216	9.9999978E-013
7.217	9.9999978E-013
7.218	9.9999978E-013
7.219	9.9999978E-013
7.22	9.9999978E-013
7.221	9.9999978E-013
7.222	9.9999978E-013
7.223	9.9999978E-013
7.224	9.9999978E-013
7.225	9.9999978E-013
7.226	9.9999978E-013
7.227	9.9999978E-013
7.228	9.9999978E-013
7.229	9.9999978E-013
7.23	9.9999978E-013
7.231	9.9999978E-013
7.232	9.9999978E-013
7.233	9.9999978E-013
7.234	9.9999978E-013
7.235	9.9999978E-013
7.236	9.9999978E-013
7.237	9.9999978E-013
7.238	9.9999978E-013
7.239	9.9999978E-013
7.24	9.9999978E-013
7.241	9.9999978E-013
7.242	9.9999978E-013
7.243	9.9999978E-013
7.244	9.9999978E-013
7.245	9.9999978E-013
7.246	9.9999978E-013
7.247	9.9999978E-013
7.248	9.9999978E-013
7.249	9.9999978E-013
7.25	9.9999978E-013
7.251	9.9999978E-013
7.252	9.9999978E-013
7.253	9.9999989E-013
7.254	1.0000002E-012
7.255	1.0000011E-012
7.256	1.0000031E-012
7.257	1.0000081E-012
7.258	1.0000191E-012
7.259	1.0000430E-012
7.26	1.0000939E-012
7.261	1.0001975E-012
7.262	1.0004020E-012
7.263	1.0007910E-012
7.264	1.0015053E-012
7.265	1.0027717E-012
7.266	1.0049397E-012
7.267	1.0085258E-012
7.268	1.0142595E-012
7.269	1.0231254E-012
7.27	1.0363891E-012
7.271	1.0555994E-012
7.272	1.0825520E-012
7.273	1.1192130E-012
7.274	1.1675951E-012
7.275	1.2296017E-012
7.276	1.3068506E-012
7.277	1.4005044E-012
7.278	1.5111259E-012
7.279	1.6385841E-012
7.28	1.7820268E-012
7.281	1.9399122E-012
7.282	2.1101016E-012
7.283	2.2899885E-012
7.284	2.4766458E-012
7.285	2.6669760E-012
7.286	2.8578379E-012
7.287	3.0461549E-012
7.288	3.2289846E-012
7.289	3.4035778E-012
7.29	3.5674024E-012
7.291	3.7181686E-012
7.292	3.8538339E-012
7.293	3.9726174E-012
7.294	4.0729989E-012
7.295	4.1537459E-012
7.296	4.2139014E-012
7.297	4.2528034E-012
7.298	4.2700843E-012
7.299	4.2656755E-012
7.3	4.2398069E-012
7.301	4.1929901E-012
7.302	4.3909091E-012
7.303	4.4331401E-012
7.304	4.4515641E-012
7.305	4.4451292E-012
7.306	4.4154225E-012
7.307	4.3621491E-012
7.308	4.2860832E-012
7.309	4.1893251E-012
7.31	4.0728467E-012
7.311	3.9388549E-012
7.312	3.7885871E-012
7.313	3.6242296E-012
7.314	3.4486942E-012
7.315	3.2639230E-012
7.316	3.0724514E-012
7.317	2.8762056E-012
7.318	2.6780462E-012
7.319	2.4804969E-012
7.32	2.2856933E-012
7.321	2.0954826E-012
7.322	1.9116841E-012
7.323	1.7403583E-012
7.324	1.5882458E-012
7.325	1.4549403E-012
7.326	1.3403563E-012
7.327	1.2442061E-012
7.328	1.1655216E-012
7.329	1.1035035E-012
7.33	1.0572635E-012
7.331	1.0253837E-012
7.332	1.0067045E-012
7.333	1.0000001E-012
7.334	1.0000001E-012
7.335	1.0000001E-012
7.336	1.0000001E-012
7.337	1.0000001E-012
7.338	1.0000001E-012
7.339	1.0000001E-012
7.34	1.0000001E-012
7.341	1.0000001E-012
7.342	1.0000001E-012
7.343	1.0000001E-012
7.344	1.0000001E-012
7.345	1.0000001E-012
7.346	1.0000001E-012
7.347	1.0000001E-012
7.348	1.0000001E-012
7.349	1.0000001E-012
7.35	1.0000001E-012
7.351	1.0000001E-012
7.352	1.0000001E-012
7.353	1.0000001E-012
7.354	1.0000001E-012
7.355	1.0000001E-012
7.356	1.0000001E-012
7.357	1.0000001E-012
7.358	1.0000001E-012
7.359	1.0000001E-012
7.36	1.0000001E-012
7.361	1.0000001E-012
7.362	1.0000001E-012
7.363	1.0000001E-012
7.364	1.0000001E-012
7.365	1.0000001E-012
7.366	1.0000001E-012
7.367	1.0000001E-012
7.368	1.0000001E-012
7.369	1.0000001E-012
7.37	1.0000001E-012
7.371	1.0000001E-012
7.372	1.0000001E-012
7.373	1.0000001E-012
7.374	1.0000001E-012
7.375	1.0000001E-012
7.376	1.0000001E-012
7.377	1.0000001E-012
7.378	1.0000001E-012
7.379	1.0000001E-012
7.38	1.0000001E-012
7.381	1.0000001E-012
7.382	1.0000001E-012
7.383	1.0000001E-012
7.384	1.0000001E-012
7.385	1.0000001E-012
7.386	1.0000001E-012
7.387	1.0000001E-012
7.388	1.0000001E-012
7.389	1.0000001E-012
7.39	1.0000001E-012
7.391	1.0000001E-012
7.392	1.0000001E-012
7.393	1.0000001E-012
7.394	1.0000001E-012
7.395	1.0000001E-012
7.396	1.0000001E-012
7.397	1.0000001E-012
7.398	1.0000001E-012
7.399	1.0000001E-012
7.4	1.0000001E-012
