theta_deg	R
0.001	9.9985266E-001
0.002	9.9978691E-001
0.003	9.9969262E-001
0.004	9.9956036E-001
0.005	9.9938077E-001
0.006	9.9914491E-001
0.007	9.9884504E-001
0.008	9.9847722E-001
0.009	9.9804127E-001
0.01	9.9754286E-001
0.011	9.9699229E-001
0.012	9.9640483E-001
0.013	9.9579871E-001
0.014	9.9519181E-001
0.015	9.9460030E-001
0.016	9.9403697E-001
0.017	9.9350876E-001
0.018	9.9301803E-001
0.019	9.9256146E-001
0.02	9.9213326E-001
0.021	9.9172580E-001
0.022	9.9133146E-001
0.023	9.9094403E-001
0.024	9.9055880E-001
0.025	9.9017346E-001
0.026	9.8978668E-001
0.027	9.8939872E-001
0.028	9.8900932E-001
0.029	9.8861915E-001
0.03	9.8822838E-001
0.031	9.8783624E-001
0.032	9.8744315E-001
0.033	9.8704714E-001
0.034	9.8664898E-001
0.035	9.8624790E-001
0.036	9.8584402E-001
0.037	9.8543793E-001
0.038	9.8503059E-001
0.039	9.8462313E-001
0.04	9.8421615E-001
0.041	9.8381162E-001
0.042	9.8340917E-001
0.043	9.8300940E-001
0.044	9.8261195E-001
0.045	9.8221600E-001
0.046	9.8182106E-001
0.047	9.8142564E-001
0.048	9.8102903E-001
0.049	9.8063046E-001
0.05	9.8022872E-001
0.051	9.7982389E-001
0.052	9.7941560E-001
0.053	9.7900438E-001
0.054	9.7859067E-001
0.055	9.7817552E-001
0.056	9.7775942E-001
0.057	9.7734356E-001
0.058	9.7692847E-001
0.059	9.7651410E-001
0.06	9.7610068E-001
0.061	9.7568703E-001
0.062	9.7527295E-001
0.063	9.7485697E-001
0.064	9.7443831E-001
0.065	9.7401583E-001
0.066	9.7358978E-001
0.067	9.7315967E-001
0.068	9.7272658E-001
0.069	9.7229111E-001
0.07	9.7185361E-001
0.071	9.7141546E-001
0.072	9.7097641E-001
0.073	9.7053748E-001
0.074	9.7009832E-001
0.075	9.6965897E-001
0.076	9.6921968E-001
0.077	9.6877980E-001
0.078	9.6833885E-001
0.079	9.6789694E-001
0.08	9.6745294E-001
0.081	9.6700656E-001
0.082	9.6655655E-001
0.083	9.6610266E-001
0.084	9.6564382E-001
0.085	9.6517980E-001
0.086	9.6471035E-001
0.087	9.6423542E-001
0.088	9.6375549E-001
0.089	9.6327072E-001
0.09	9.6278262E-001
0.091	9.6229166E-001
0.092	9.6179903E-001
0.093	9.6130544E-001
0.094	9.6081197E-001
0.095	9.6031886E-001
0.096	9.5982665E-001
0.097	9.5933551E-001
0.098	9.5884532E-001
0.099	9.5835632E-001
0.1	9.5786756E-001
0.101	9.5737904E-001
0.102	9.5688981E-001
0.103	9.5639926E-001
0.104	9.5590597E-001
0.105	9.5540923E-001
0.106	9.5490813E-001
0.107	9.5440149E-001
0.108	9.5388854E-001
0.109	9.5336902E-001
0.11	9.5284307E-001
0.111	9.5231050E-001
0.112	9.5177150E-001
0.113	9.5122653E-001
0.114	9.5067620E-001
0.115	9.5012069E-001
0.116	9.4956023E-001
0.117	9.4899476E-001
0.118	9.4842428E-001
0.119	9.4784760E-001
0.12	9.4726419E-001
0.121	9.4667250E-001
0.122	9.4607097E-001
0.123	9.4545656E-001
0.124	9.4482589E-001
0.125	9.4417441E-001
0.126	9.4349653E-001
0.127	9.4278669E-001
0.128	9.4203842E-001
0.129	9.4124693E-001
0.13	9.4041044E-001
0.131	9.3953055E-001
0.132	9.3861437E-001
0.133	9.3767452E-001
0.134	9.3672854E-001
0.135	9.3579847E-001
0.136	9.3490702E-001
0.137	9.3407494E-001
0.138	9.3331903E-001
0.139	9.3264860E-001
0.14	9.3206471E-001
0.141	9.3156052E-001
0.142	9.3112171E-001
0.143	9.3073034E-001
0.144	9.3036562E-001
0.145	9.3000692E-001
0.146	9.2963630E-001
0.147	9.2923826E-001
0.148	9.2880100E-001
0.149	9.2831612E-001
0.15	9.2777872E-001
0.151	9.2718607E-001
0.152	9.2653793E-001
0.153	9.2583686E-001
0.154	9.2508578E-001
0.155	9.2428982E-001
0.156	9.2345518E-001
0.157	9.2258775E-001
0.158	9.2169356E-001
0.159	9.2077887E-001
0.16	9.1984820E-001
0.161	9.1890562E-001
0.162	9.1795439E-001
0.163	9.1699606E-001
0.164	9.1603160E-001
0.165	9.1506153E-001
0.166	9.1408563E-001
0.167	9.1310304E-001
0.168	9.1211265E-001
0.169	9.1111320E-001
0.17	9.1010314E-001
0.171	9.0908080E-001
0.172	9.0804422E-001
0.173	9.0699279E-001
0.174	9.0592545E-001
0.175	9.0484232E-001
0.176	9.0374422E-001
0.177	9.0263206E-001
0.178	9.0150750E-001
0.179	9.0037203E-001
0.18	8.9922637E-001
0.181	8.9807010E-001
0.182	8.9690143E-001
0.183	8.9571798E-001
0.184	8.9451402E-001
0.185	8.9328408E-001
0.186	8.9201927E-001
0.187	8.9070851E-001
0.188	8.8933593E-001
0.189	8.8787991E-001
0.19	8.8630992E-001
0.191	8.8458204E-001
0.192	8.8263726E-001
0.193	8.8039982E-001
0.194	8.7777841E-001
0.195	8.7467164E-001
0.196	8.7097991E-001
0.197	8.6662120E-001
0.198	8.6155266E-001
0.199	8.5578918E-001
0.2	8.4942204E-001
0.201	8.4262460E-001
0.202	8.3564526E-001
0.203	8.2878649E-001
0.204	8.2236910E-001
0.205	8.1669056E-001
0.206	8.1198424E-001
0.207	8.0838907E-001
0.208	8.0593318E-001
0.209	8.0453950E-001
0.21	8.0404431E-001
0.211	8.0423009E-001
0.212	8.0485934E-001
0.213	8.0570769E-001
0.214	8.0658501E-001
0.215	8.0734909E-001
0.216	8.0790734E-001
0.217	8.0821037E-001
0.218	8.0824316E-001
0.219	8.0801368E-001
0.22	8.0754316E-001
0.221	8.0685741E-001
0.222	8.0598348E-001
0.223	8.0494499E-001
0.224	8.0376273E-001
0.225	8.0245268E-001
0.226	8.0102813E-001
0.227	7.9949892E-001
0.228	7.9787225E-001
0.229	7.9615474E-001
0.23	7.9435033E-001
0.231	7.9246253E-001
0.232	7.9049355E-001
0.233	7.8844547E-001
0.234	7.8631926E-001
0.235	7.8411460E-001
0.236	7.8183180E-001
0.237	7.7947015E-001
0.238	7.7702755E-001
0.239	7.7450269E-001
0.24	7.7189273E-001
0.241	7.6919568E-001
0.242	7.6640856E-001
0.243	7.6352900E-001
0.244	7.6055390E-001
0.245	7.5748086E-001
0.246	7.5430685E-001
0.247	7.5102919E-001
0.248	7.4764490E-001
0.249	7.4415064E-001
0.25	7.4054295E-001
0.251	7.3681712E-001
0.252	7.3296756E-001
0.253	7.2898865E-001
0.254	7.2487277E-001
0.255	7.2061187E-001
0.256	7.1619731E-001
0.257	7.1161950E-001
0.258	7.0686895E-001
0.259	7.0193636E-001
0.26	6.9681185E-001
0.261	6.9148672E-001
0.262	6.8595213E-001
0.263	6.8020004E-001
0.264	6.7422211E-001
0.265	6.6801018E-001
0.266	6.6155517E-001
0.267	6.5484756E-001
0.268	6.4787638E-001
0.269	6.4062881E-001
0.27	6.3309169E-001
0.271	6.2525046E-001
0.272	6.1709130E-001
0.273	6.0860026E-001
0.274	5.9976608E-001
0.275	5.9057963E-001
0.276	5.8103663E-001
0.277	5.7113767E-001
0.278	5.6088841E-001
0.279	5.5029994E-001
0.28	5.3938961E-001
0.281	5.2817845E-001
0.282	5.1669174E-001
0.283	5.0495768E-001
0.284	4.9300620E-001
0.285	4.8086986E-001
0.286	4.6858236E-001
0.287	4.5617983E-001
0.288	4.4370040E-001
0.289	4.3118495E-001
0.29	4.1867611E-001
0.291	4.0621823E-001
0.292	3.9385617E-001
0.293	3.8163391E-001
0.294	3.6959386E-001
0.295	3.5777587E-001
0.296	3.4621564E-001
0.297	3.3494562E-001
0.298	3.2399297E-001
0.299	3.1338000E-001
0.3	3.0312377E-001
0.301	2.9323611E-001
0.302	2.8372285E-001
0.303	2.7458492E-001
0.304	2.6581872E-001
0.305	2.5741664E-001
0.306	2.4936809E-001
0.307	2.4165992E-001
0.308	2.3427719E-001
0.309	2.2720337E-001
0.31	2.2042091E-001
0.311	2.1391053E-001
0.312	2.0765287E-001
0.313	2.0162770E-001
0.314	1.9581519E-001
0.315	1.9019672E-001
0.316	1.8475552E-001
0.317	1.7947766E-001
0.318	1.7435272E-001
0.319	1.6937408E-001
0.32	1.6453937E-001
0.321	1.5985003E-001
0.322	1.5531079E-001
0.323	1.5092891E-001
0.324	1.4671291E-001
0.325	1.4267139E-001
0.326	1.3881160E-001
0.327	1.3513799E-001
0.328	1.3165140E-001
0.329	1.2834805E-001
0.33	1.2521933E-001
0.331	1.2225187E-001
0.332	1.1942811E-001
0.333	1.1672735E-001
0.334	1.1412720E-001
0.335	1.1160494E-001
0.336	1.0913915E-001
0.337	1.0671132E-001
0.338	1.0430694E-001
0.339	1.0191645E-001
0.34	9.9535733E-002
0.341	9.7166143E-002
0.342	9.4814077E-002
0.343	9.2490338E-002
0.344	9.0208985E-002
0.345	8.7985888E-002
0.346	8.5837483E-002
0.347	8.3779395E-002
0.348	8.1824765E-002
0.349	7.9983376E-002
0.35	7.8260660E-002
0.351	7.6657072E-002
0.352	7.5168118E-002
0.353	7.3784269E-002
0.354	7.2491743E-002
0.355	7.1273342E-002
0.356	7.0109569E-002
0.357	6.8979844E-002
0.358	6.7863815E-002
0.359	6.6742793E-002
0.36	6.5600671E-002
0.361	6.4425044E-002
0.362	6.3207895E-002
0.363	6.1946012E-002
0.364	6.0641270E-002
0.365	5.9300322E-002
0.366	5.7934232E-002
0.367	5.6557611E-002
0.368	5.5187602E-002
0.369	5.3842764E-002
0.37	5.2541617E-002
0.371	5.1301595E-002
0.372	5.0137684E-002
0.373	4.9061708E-002
0.374	4.8081614E-002
0.375	4.7201008E-002
0.376	4.6419151E-002
0.377	4.5730997E-002
0.378	4.5127556E-002
0.379	4.4596344E-002
0.38	4.4122119E-002
0.381	4.3687545E-002
0.382	4.3274205E-002
0.383	4.2863518E-002
0.384	4.2437684E-002
0.385	4.1980743E-002
0.386	4.1479297E-002
0.387	4.0923327E-002
0.388	4.0306661E-002
0.389	3.9627321E-002
0.39	3.8887504E-002
0.391	3.8093526E-002
0.392	3.7255287E-002
0.393	3.6385845E-002
0.394	3.5500541E-002
0.395	3.4616258E-002
0.396	3.3750482E-002
0.397	3.2920331E-002
0.398	3.2141782E-002
0.399	3.1428773E-002
0.4	3.0792499E-002
0.401	3.0240936E-002
0.402	2.9778324E-002
0.403	2.9405046E-002
0.404	2.9117530E-002
0.405	2.8908441E-002
0.406	2.8767003E-002
0.407	2.8679537E-002
0.408	2.8630091E-002
0.409	2.8601257E-002
0.41	2.8574986E-002
0.411	2.8533522E-002
0.412	2.8460233E-002
0.413	2.8340433E-002
0.414	2.8162098E-002
0.415	2.7916372E-002
0.416	2.7597999E-002
0.417	2.7205521E-002
0.418	2.6741257E-002
0.419	2.6211200E-002
0.42	2.5624655E-002
0.421	2.4993787E-002
0.422	2.4332995E-002
0.423	2.3658240E-002
0.424	2.2986302E-002
0.425	2.2333952E-002
0.426	2.1717198E-002
0.427	2.1150591E-002
0.428	2.0646503E-002
0.429	2.0214686E-002
0.43	1.9861784E-002
0.431	1.9591117E-002
0.432	1.9402536E-002
0.433	1.9292511E-002
0.434	1.9254247E-002
0.435	1.9278085E-002
0.436	1.9351885E-002
0.437	1.9461595E-002
0.438	1.9591874E-002
0.439	1.9726779E-002
0.44	1.9850412E-002
0.441	1.9947670E-002
0.442	2.0004811E-002
0.443	2.0010050E-002
0.444	1.9954044E-002
0.445	1.9830262E-002
0.446	1.9635195E-002
0.447	1.9368518E-002
0.448	1.9033050E-002
0.449	1.8634612E-002
0.45	1.8181765E-002
0.451	1.7685417E-002
0.452	1.7158354E-002
0.453	1.6614679E-002
0.454	1.6069243E-002
0.455	1.5536955E-002
0.456	1.5032196E-002
0.457	1.4568225E-002
0.458	1.4156633E-002
0.459	1.3806891E-002
0.46	1.3525983E-002
0.461	1.3318161E-002
0.462	1.3184813E-002
0.463	1.3124432E-002
0.464	1.3132717E-002
0.465	1.3202777E-002
0.466	1.3325425E-002
0.467	1.3489554E-002
0.468	1.3682592E-002
0.469	1.3890985E-002
0.47	1.4100746E-002
0.471	1.4297993E-002
0.472	1.4469484E-002
0.473	1.4603145E-002
0.474	1.4688535E-002
0.475	1.4717233E-002
0.476	1.4683170E-002
0.477	1.4582850E-002
0.478	1.4415449E-002
0.479	1.4182823E-002
0.48	1.3889433E-002
0.481	1.3542107E-002
0.482	1.3149768E-002
0.483	1.2723064E-002
0.484	1.2273922E-002
0.485	1.1815088E-002
0.486	1.1359625E-002
0.487	1.0920410E-002
0.488	1.0509651E-002
0.489	1.0138441E-002
0.49	9.8163579E-003
0.491	9.5511386E-003
0.492	9.3484120E-003
0.493	9.2115188E-003
0.494	9.1414284E-003
0.495	9.1367224E-003
0.496	9.1936477E-003
0.497	9.3063023E-003
0.498	9.4668381E-003
0.499	9.6657556E-003
0.5	9.8922867E-003
0.501	1.0134762E-002
0.502	1.0381076E-002
0.503	1.0619098E-002
0.504	1.0837154E-002
0.505	1.1024397E-002
0.506	1.1171227E-002
0.507	1.1269567E-002
0.508	1.1313168E-002
0.509	1.1297793E-002
0.51	1.1221349E-002
0.511	1.1083937E-002
0.512	1.0887863E-002
0.513	1.0637525E-002
0.514	1.0339255E-002
0.515	1.0001106E-002
0.516	9.6325232E-003
0.517	9.2440369E-003
0.518	8.8468418E-003
0.519	8.4524248E-003
0.52	8.0721285E-003
0.521	7.7167614E-003
0.522	7.3962300E-003
0.523	7.1192044E-003
0.524	6.8928106E-003
0.525	6.7224274E-003
0.526	6.6114985E-003
0.527	6.5614325E-003
0.528	6.5715727E-003
0.529	6.6392249E-003
0.53	6.7597632E-003
0.531	6.9267936E-003
0.532	7.1323868E-003
0.533	7.3673548E-003
0.534	7.6215761E-003
0.535	7.8843534E-003
0.536	8.1447801E-003
0.537	8.3921272E-003
0.538	8.6161923E-003
0.539	8.8076591E-003
0.54	8.9583984E-003
0.541	9.0617221E-003
0.542	9.1126123E-003
0.543	9.1078468E-003
0.544	9.0461113E-003
0.545	8.9280261E-003
0.546	8.7560927E-003
0.547	8.5346000E-003
0.548	8.2694991E-003
0.549	7.9681547E-003
0.55	7.6391366E-003
0.551	7.2919196E-003
0.552	6.9365697E-003
0.553	6.5834178E-003
0.554	6.2427162E-003
0.555	5.9243031E-003
0.556	5.6372727E-003
0.557	5.3896643E-003
0.558	5.1882039E-003
0.559	5.0380812E-003
0.56	4.9427869E-003
0.561	4.9040192E-003
0.562	4.9216426E-003
0.563	4.9937125E-003
0.564	5.1165647E-003
0.565	5.2849413E-003
0.566	5.4921671E-003
0.567	5.7303538E-003
0.568	5.9906496E-003
0.569	6.2635038E-003
0.57	6.5389667E-003
0.571	6.8070088E-003
0.572	7.0578530E-003
0.573	7.2822990E-003
0.574	7.4720550E-003
0.575	7.6200110E-003
0.576	7.7204802E-003
0.577	7.7693863E-003
0.578	7.7643599E-003
0.579	7.7047902E-003
0.58	7.5917998E-003
0.581	7.4281599E-003
0.582	7.2181928E-003
0.583	6.9676125E-003
0.584	6.6833659E-003
0.585	6.3734478E-003
0.586	6.0466896E-003
0.587	5.7125161E-003
0.588	5.3806840E-003
0.589	5.0609643E-003
0.59	4.7628204E-003
0.591	4.4950834E-003
0.592	4.2656190E-003
0.593	4.0810625E-003
0.594	3.9465898E-003
0.595	3.8657589E-003
0.596	3.8404248E-003
0.597	3.8707047E-003
0.598	3.9550075E-003
0.599	4.0901047E-003
0.6	4.2712381E-003
0.601	4.4922577E-003
0.602	4.7457991E-003
0.603	5.0234906E-003
0.604	5.3162025E-003
0.605	5.6143240E-003
0.606	5.9080613E-003
0.607	6.1877654E-003
0.608	6.4442325E-003
0.609	6.6690277E-003
0.61	6.8547265E-003
0.611	6.9951457E-003
0.612	7.0855287E-003
0.613	7.1226647E-003
0.614	7.1049626E-003
0.615	7.0324861E-003
0.616	6.9069550E-003
0.617	6.7316853E-003
0.618	6.5114917E-003
0.619	6.2525761E-003
0.62	5.9623341E-003
0.621	5.6491471E-003
0.622	5.3221444E-003
0.623	4.9909158E-003
0.624	4.6652257E-003
0.625	4.3547172E-003
0.626	4.0686051E-003
0.627	3.8154081E-003
0.628	3.6026719E-003
0.629	3.4367554E-003
0.63	3.3226293E-003
0.631	3.2637268E-003
0.632	3.2618449E-003
0.633	3.3170846E-003
0.634	3.4278536E-003
0.635	3.5909051E-003
0.636	3.8014373E-003
0.637	4.0532337E-003
0.638	4.3388414E-003
0.639	4.6497965E-003
0.64	4.9768444E-003
0.641	5.3102421E-003
0.642	5.6400076E-003
0.643	5.9562349E-003
0.644	6.2493756E-003
0.645	6.5105283E-003
0.646	6.7317039E-003
0.647	6.9060763E-003
0.648	7.0281927E-003
0.649	7.0941402E-003
0.65	7.1016625E-003
0.651	7.0502469E-003
0.652	6.9411169E-003
0.653	6.7772199E-003
0.654	6.5631261E-003
0.655	6.3049095E-003
0.656	6.0099792E-003
0.657	5.6868740E-003
0.658	5.3450284E-003
0.659	4.9945144E-003
0.66	4.6457564E-003
0.661	4.3092393E-003
0.662	3.9951988E-003
0.663	3.7133251E-003
0.664	3.4724693E-003
0.665	3.2803761E-003
0.666	3.1434447E-003
0.667	3.0665305E-003
0.668	3.0527916E-003
0.669	3.1035787E-003
0.67	3.2183819E-003
0.671	3.3948219E-003
0.672	3.6287042E-003
0.673	3.9141136E-003
0.674	4.2435750E-003
0.675	4.6082442E-003
0.676	4.9981740E-003
0.677	5.4025874E-003
0.678	5.8101979E-003
0.679	6.2095523E-003
0.68	6.5893643E-003
0.681	6.9388533E-003
0.682	7.2480626E-003
0.683	7.5081564E-003
0.684	7.7116690E-003
0.685	7.8527192E-003
0.686	7.9271831E-003
0.687	7.9328101E-003
0.688	7.8692883E-003
0.689	7.7382820E-003
0.69	7.5433715E-003
0.691	7.2900071E-003
0.692	6.9853715E-003
0.693	6.6382140E-003
0.694	6.2586376E-003
0.695	5.8578425E-003
0.696	5.4478329E-003
0.697	5.0410908E-003
0.698	4.6502231E-003
0.699	4.2875982E-003
0.7	3.9650006E-003
0.701	3.6932607E-003
0.702	3.4819571E-003
0.703	3.3391137E-003
0.704	3.2709588E-003
0.705	3.2817225E-003
0.706	3.3734799E-003
0.707	3.5460617E-003
0.708	3.7970080E-003
0.709	4.1215979E-003
0.71	4.5129391E-003
0.711	4.9621263E-003
0.712	5.4584672E-003
0.713	5.9897676E-003
0.714	6.5426566E-003
0.715	7.1029668E-003
0.716	7.6561244E-003
0.717	8.1875762E-003
0.718	8.6831842E-003
0.719	9.1296425E-003
0.72	9.5148580E-003
0.721	9.8282918E-003
0.722	1.0061278E-002
0.723	1.0207292E-002
0.724	1.0262142E-002
0.725	1.0224148E-002
0.726	1.0094212E-002
0.727	9.8758778E-003
0.728	9.5752552E-003
0.729	9.2009427E-003
0.73	8.7638479E-003
0.731	8.2769431E-003
0.732	7.7549806E-003
0.733	7.2141243E-003
0.734	6.6715428E-003
0.735	6.1449739E-003
0.736	5.6522330E-003
0.737	5.2107382E-003
0.738	4.8369947E-003
0.739	4.5461063E-003
0.74	4.3513090E-003
0.741	4.2635244E-003
0.742	4.2909910E-003
0.743	4.4389335E-003
0.744	4.7093378E-003
0.745	5.1008090E-003
0.746	5.6085209E-003
0.747	6.2242821E-003
0.748	6.9366936E-003
0.749	7.7314023E-003
0.75	8.5914480E-003
0.751	9.4976844E-003
0.752	1.0429271E-002
0.753	1.1364198E-002
0.754	1.2279874E-002
0.755	1.3153713E-002
0.756	1.3963737E-002
0.757	1.4689174E-002
0.758	1.5311024E-002
0.759	1.5812626E-002
0.76	1.6180189E-002
0.761	1.6403249E-002
0.762	1.6475102E-002
0.763	1.6393147E-002
0.764	1.6159140E-002
0.765	1.5779369E-002
0.766	1.5264688E-002
0.767	1.4630447E-002
0.768	1.3896286E-002
0.769	1.3085797E-002
0.77	1.2226070E-002
0.771	1.1347072E-002
0.772	1.0480949E-002
0.773	9.6612126E-003
0.774	8.9218291E-003
0.775	8.2962764E-003
0.776	7.8165568E-003
0.777	7.5122216E-003
0.778	7.4093873E-003
0.779	7.5298613E-003
0.78	7.8903204E-003
0.781	8.5016135E-003
0.782	9.3682194E-003
0.783	1.0487845E-002
0.784	1.1851246E-002
0.785	1.3442189E-002
0.786	1.5237661E-002
0.787	1.7208230E-002
0.788	1.9318646E-002
0.789	2.1528533E-002
0.79	2.3793327E-002
0.791	2.6065273E-002
0.792	2.8294552E-002
0.793	3.0430509E-002
0.794	3.2422908E-002
0.795	3.4223285E-002
0.796	3.5786256E-002
0.797	3.7070975E-002
0.798	3.8042441E-002
0.799	3.8672913E-002
0.8	3.8943246E-002
0.801	3.8844246E-002
0.802	3.8377948E-002
0.803	3.7558727E-002
0.804	3.6414411E-002
0.805	3.4987133E-002
0.806	3.3333920E-002
0.807	3.1526942E-002
0.808	2.9653467E-002
0.809	2.7815225E-002
0.81	2.6127312E-002
0.811	2.4716502E-002
0.812	2.3718975E-002
0.813	2.3277450E-002
0.814	2.3537694E-002
0.815	2.4644481E-002
0.816	2.6737068E-002
0.817	2.9944390E-002
0.818	3.4380008E-002
0.819	4.0137284E-002
0.82	4.7284719E-002
0.821	5.5862129E-002
0.822	6.5877452E-002
0.823	7.7305079E-002
0.824	9.0084970E-002
0.825	1.0412374E-001
0.826	1.1929676E-001
0.827	1.3545199E-001
0.828	1.5241459E-001
0.829	1.6999307E-001
0.83	1.8798514E-001
0.831	2.0618454E-001
0.832	2.2438714E-001
0.833	2.4239682E-001
0.834	2.6002964E-001
0.835	2.7711874E-001
0.836	2.9351598E-001
0.837	3.0909377E-001
0.838	3.2374644E-001
0.839	3.3738938E-001
0.84	3.4995854E-001
0.841	3.6140874E-001
0.842	3.7171316E-001
0.843	3.8085988E-001
0.844	3.8885069E-001
0.845	3.9569905E-001
0.846	4.0142730E-001
0.847	4.0606523E-001
0.848	4.0964711E-001
0.849	4.1221148E-001
0.85	4.1379815E-001
0.851	4.1444749E-001
0.852	4.1419977E-001
0.853	4.1309410E-001
0.854	4.1116810E-001
0.855	4.0845719E-001
0.856	4.0499547E-001
0.857	4.0081421E-001
0.858	3.9594322E-001
0.859	3.9040986E-001
0.86	3.8424018E-001
0.861	3.7745848E-001
0.862	3.7008789E-001
0.863	3.6215049E-001
0.864	3.5366827E-001
0.865	3.4466267E-001
0.866	3.3515587E-001
0.867	3.2517064E-001
0.868	3.1473053E-001
0.869	3.0386105E-001
0.87	2.9258955E-001
0.871	2.8094572E-001
0.872	2.6896256E-001
0.873	2.5667703E-001
0.874	2.4413052E-001
0.875	2.3136923E-001
0.876	2.1844472E-001
0.877	2.0541400E-001
0.878	1.9233891E-001
0.879	1.7928605E-001
0.88	1.6632572E-001
0.881	1.5353136E-001
0.882	1.4097820E-001
0.883	1.2874243E-001
0.884	1.1689985E-001
0.885	1.0552457E-001
0.886	9.4687544E-002
0.887	8.4455125E-002
0.888	7.4887209E-002
0.889	6.6035733E-002
0.89	5.7942957E-002
0.891	5.0640017E-002
0.892	4.4145722E-002
0.893	3.8465958E-002
0.894	3.3593178E-002
0.895	2.9506803E-002
0.896	2.6173770E-002
0.897	2.3549683E-002
0.898	2.1580257E-002
0.899	2.0202981E-002
0.9	1.9349024E-002
0.901	1.8945243E-002
0.902	1.8916080E-002
0.903	1.9185580E-002
0.904	1.9679205E-002
0.905	2.0325491E-002
0.906	2.1057524E-002
0.907	2.1814158E-002
0.908	2.2540973E-002
0.909	2.3191011E-002
0.91	2.3725199E-002
0.911	2.4112573E-002
0.912	2.4330225E-002
0.913	2.4363089E-002
0.914	2.4203563E-002
0.915	2.3850931E-002
0.916	2.3310738E-002
0.917	2.2594059E-002
0.918	2.1716729E-002
0.919	2.0698506E-002
0.92	1.9562261E-002
0.921	1.8333148E-002
0.922	1.7037755E-002
0.923	1.5703319E-002
0.924	1.4356967E-002
0.925	1.3024959E-002
0.926	1.1732076E-002
0.927	1.0501023E-002
0.928	9.3519427E-003
0.929	8.3020246E-003
0.93	7.3652086E-003
0.931	6.5520043E-003
0.932	5.8693932E-003
0.933	5.3208363E-003
0.934	4.9063619E-003
0.935	4.6227518E-003
0.936	4.4637807E-003
0.937	4.4205221E-003
0.938	4.4817259E-003
0.939	4.6342048E-003
0.94	4.8632747E-003
0.941	5.1532080E-003
0.942	5.4876800E-003
0.943	5.8502322E-003
0.944	6.2246989E-003
0.945	6.5956041E-003
0.946	6.9485353E-003
0.947	7.2704502E-003
0.948	7.5499369E-003
0.949	7.7774068E-003
0.95	7.9452489E-003
0.951	8.0479123E-003
0.952	8.0819391E-003
0.953	8.0459481E-003
0.954	7.9405960E-003
0.955	7.7684498E-003
0.956	7.5338543E-003
0.957	7.2427373E-003
0.958	6.9023753E-003
0.959	6.5211318E-003
0.96	6.1081746E-003
0.961	5.6731636E-003
0.962	5.2259672E-003
0.963	4.7763744E-003
0.964	4.3338393E-003
0.965	3.9072665E-003
0.966	3.5048099E-003
0.967	3.1337254E-003
0.968	2.8002437E-003
0.969	2.5094575E-003
0.97	2.2652545E-003
0.971	2.0702488E-003
0.972	1.9257523E-003
0.973	1.8317761E-003
0.974	1.7870610E-003
0.975	1.7891411E-003
0.976	1.8344477E-003
0.977	1.9184384E-003
0.978	2.0357536E-003
0.979	2.1803908E-003
0.98	2.3458926E-003
0.981	2.5255294E-003
0.982	2.7124980E-003
0.983	2.9000954E-003
0.984	3.0818882E-003
0.985	3.2518748E-003
0.986	3.4046168E-003
0.987	3.5353606E-003
0.988	3.6401311E-003
0.989	3.7158069E-003
0.99	3.7601665E-003
0.991	3.7719160E-003
0.992	3.7506765E-003
0.993	3.6969716E-003
0.994	3.6121721E-003
0.995	3.4984320E-003
0.996	3.3586072E-003
0.997	3.1961626E-003
0.998	3.0150632E-003
0.999	2.8196652E-003
1	2.6145854E-003
1.001	2.4045794E-003
1.002	2.1944111E-003
1.003	1.9887195E-003
1.004	1.7919031E-003
1.005	1.6080043E-003
1.006	1.4406127E-003
1.007	1.2927852E-003
1.008	1.1669846E-003
1.009	1.0650363E-003
1.01	9.8810159E-004
1.011	9.3667221E-004
1.012	9.1057573E-004
1.013	9.0900145E-004
1.014	9.3053898E-004
1.015	9.7323180E-004
1.016	1.0346435E-003
1.017	1.1119334E-003
1.018	1.2019419E-003
1.019	1.3012820E-003
1.02	1.4064314E-003
1.021	1.5138303E-003
1.022	1.6199739E-003
1.023	1.7215037E-003
1.024	1.8152904E-003
1.025	1.8985093E-003
1.026	1.9687079E-003
1.027	2.0238548E-003
1.028	2.0623868E-003
1.029	2.0832294E-003
1.03	2.0858126E-003
1.031	2.0700688E-003
1.032	2.0364209E-003
1.033	1.9857495E-003
1.034	1.9193632E-003
1.035	1.8389472E-003
1.036	1.7465103E-003
1.037	1.6443226E-003
1.038	1.5348553E-003
1.039	1.4207069E-003
1.04	1.3045397E-003
1.041	1.1890078E-003
1.042	1.0766876E-003
1.043	9.7001746E-004
1.044	8.7123393E-004
1.045	7.8231987E-004
1.046	7.0495857E-004
1.047	6.4049632E-004
1.048	5.8991509E-004
1.049	5.5381685E-004
1.05	5.3241628E-004
1.051	5.2554480E-004
1.052	5.3266488E-004
1.053	5.5289268E-004
1.054	5.8503175E-004
1.055	6.2761008E-004
1.056	6.7892787E-004
1.057	7.3710788E-004
1.058	8.0014818E-004
1.059	8.6598005E-004
1.06	9.3252159E-004
1.061	9.9773181E-004
1.062	1.0596632E-003
1.063	1.1165063E-003
1.064	1.1666322E-003
1.065	1.2086290E-003
1.066	1.2413290E-003
1.067	1.2638343E-003
1.068	1.2755292E-003
1.069	1.2760916E-003
1.07	1.2654932E-003
1.071	1.2439939E-003
1.072	1.2121301E-003
1.073	1.1706983E-003
1.074	1.1207281E-003
1.075	1.0634528E-003
1.076	1.0002770E-003
1.077	9.3273551E-004
1.078	8.6245075E-004
1.079	7.9109025E-004
1.08	7.2031870E-004
1.081	6.5175386E-004
1.082	5.8692275E-004
1.083	5.2722241E-004
1.084	4.7388463E-004
1.085	4.2794700E-004
1.086	3.9023164E-004
1.087	3.6132912E-004
1.088	3.4158982E-004
1.089	3.3112225E-004
1.09	3.2979599E-004
1.091	3.3725158E-004
1.092	3.5291506E-004
1.093	3.7601709E-004
1.094	4.0561668E-004
1.095	4.4062873E-004
1.096	4.7985479E-004
1.097	5.2201538E-004
1.098	5.6578539E-004
1.099	6.0982764E-004
1.1	6.5282756E-004
1.101	6.9352752E-004
1.102	7.3075620E-004
1.103	7.6345832E-004
1.104	7.9071824E-004
1.105	8.1178208E-004
1.106	8.2607369E-004
1.107	8.3320541E-004
1.108	8.3298510E-004
1.109	8.2541717E-004
1.11	8.1069744E-004
1.111	7.8920630E-004
1.112	7.6149282E-004
1.113	7.2825904E-004
1.114	6.9033843E-004
1.115	6.4867100E-004
1.116	6.0427666E-004
1.117	5.5822841E-004
1.118	5.1162118E-004
1.119	4.6554435E-004
1.12	4.2105283E-004
1.121	3.7914122E-004
1.122	3.4071886E-004
1.123	3.0658973E-004
1.124	2.7743261E-004
1.125	2.5378796E-004
1.126	2.3604512E-004
1.127	2.2443614E-004
1.128	2.1903169E-004
1.129	2.1974201E-004
1.13	2.2632207E-004
1.131	2.3838034E-004
1.132	2.5539208E-004
1.133	2.7671474E-004
1.134	3.0160832E-004
1.135	3.2925571E-004
1.136	3.5878591E-004
1.137	3.8929764E-004
1.138	4.1988317E-004
1.139	4.4965159E-004
1.14	4.7775084E-004
1.141	5.0338882E-004
1.142	5.2585144E-004
1.143	5.4451969E-004
1.144	5.5888417E-004
1.145	5.6855520E-004
1.146	5.7327223E-004
1.147	5.7290902E-004
1.148	5.6747335E-004
1.149	5.5710832E-004
1.15	5.4208265E-004
1.151	5.2278431E-004
1.152	4.9970485E-004
1.153	4.7342569E-004
1.154	4.4459940E-004
1.155	4.1393135E-004
1.156	3.8215995E-004
1.157	3.5003823E-004
1.158	3.1831491E-004
1.159	2.8771671E-004
1.16	2.5893160E-004
1.161	2.3259255E-004
1.162	2.0926267E-004
1.163	1.8942158E-004
1.164	1.7345362E-004
1.165	1.6163840E-004
1.166	1.5414436E-004
1.167	1.5102519E-004
1.168	1.5222018E-004
1.169	1.5755711E-004
1.17	1.6675920E-004
1.171	1.7945425E-004
1.172	1.9518669E-004
1.173	2.1343102E-004
1.174	2.3360705E-004
1.175	2.5509621E-004
1.176	2.7725814E-004
1.177	2.9944730E-004
1.178	3.2102974E-004
1.179	3.4139818E-004
1.18	3.5998787E-004
1.181	3.7628846E-004
1.182	3.8985730E-004
1.183	4.0032898E-004
1.184	4.0742333E-004
1.185	4.1095211E-004
1.186	4.1082181E-004
1.187	4.0703570E-004
1.188	3.9969198E-004
1.189	3.8897930E-004
1.19	3.7517090E-004
1.191	3.5861516E-004
1.192	3.3972558E-004
1.193	3.1896925E-004
1.194	2.9685293E-004
1.195	2.7391105E-004
1.196	2.5069155E-004
1.197	2.2774204E-004
1.198	2.0559625E-004
1.199	1.8476063E-004
1.2	1.6570183E-004
1.201	1.4883494E-004
1.202	1.3451309E-004
1.203	1.2301939E-004
1.204	1.1456058E-004
1.205	1.0926276E-004
1.206	1.0716985E-004
1.207	1.0824356E-004
1.208	1.1236579E-004
1.209	1.1934261E-004
1.21	1.2891024E-004
1.211	1.4074249E-004
1.212	1.5445982E-004
1.213	1.6963997E-004
1.214	1.8582935E-004
1.215	2.0255530E-004
1.216	2.1933901E-004
1.217	2.3570762E-004
1.218	2.5120698E-004
1.219	2.6541218E-004
1.22	2.7793885E-004
1.221	2.8845100E-004
1.222	2.9666972E-004
1.223	3.0237864E-004
1.224	3.0542864E-004
1.225	3.0574060E-004
1.226	3.0330644E-004
1.227	2.9818845E-004
1.228	2.9051659E-004
1.229	2.8048459E-004
1.23	2.6834459E-004
1.231	2.5439923E-004
1.232	2.3899405E-004
1.233	2.2250789E-004
1.234	2.0534298E-004
1.235	1.8791397E-004
1.236	1.7063750E-004
1.237	1.5392118E-004
1.238	1.3815312E-004
1.239	1.2369230E-004
1.24	1.1085986E-004
1.241	9.9931109E-005
1.242	9.1129456E-005
1.243	8.4621191E-005
1.244	8.0512320E-005
1.245	7.8846497E-005
1.246	7.9604841E-005
1.247	8.2707309E-005
1.248	8.8015433E-005
1.249	9.5336720E-005
1.25	1.0443026E-004
1.251	1.1501340E-004
1.252	1.2676961E-004
1.253	1.3935688E-004
1.254	1.5241667E-004
1.255	1.6558329E-004
1.256	1.7849308E-004
1.257	1.9079368E-004
1.258	2.0215253E-004
1.259	2.1226551E-004
1.26	2.2086375E-004
1.261	2.2772042E-004
1.262	2.3265608E-004
1.263	2.3554229E-004
1.264	2.3630477E-004
1.265	2.3492423E-004
1.266	2.3143650E-004
1.267	2.2593037E-004
1.268	2.1854573E-004
1.269	2.0946802E-004
1.27	1.9892413E-004
1.271	1.8717535E-004
1.272	1.7451093E-004
1.273	1.6123998E-004
1.274	1.4768391E-004
1.275	1.3416809E-004
1.276	1.2101347E-004
1.277	1.0852904E-004
1.278	9.7003867E-005
1.279	8.6700151E-005
1.28	7.7846627E-005
1.281	7.0633192E-005
1.282	6.5206164E-005
1.283	6.1664985E-005
1.284	6.0059945E-005
1.285	6.0391412E-005
1.286	6.2610445E-005
1.287	6.6620509E-005
1.288	7.2280709E-005
1.289	7.9409918E-005
1.29	8.7791952E-005
1.291	9.7181532E-005
1.292	1.0731090E-004
1.293	1.1789685E-004
1.294	1.2864775E-004
1.295	1.3927149E-004
1.296	1.4948192E-004
1.297	1.5900674E-004
1.298	1.6759380E-004
1.299	1.7501708E-004
1.3	1.8108243E-004
1.301	1.8563199E-004
1.302	1.8854797E-004
1.303	1.8975521E-004
1.304	1.8922276E-004
1.305	1.8696400E-004
1.306	1.8303632E-004
1.307	1.7753900E-004
1.308	1.7061013E-004
1.309	1.6242338E-004
1.31	1.5318261E-004
1.311	1.4311679E-004
1.312	1.3247394E-004
1.313	1.2151453E-004
1.314	1.1050476E-004
1.315	9.9709730E-005
1.316	8.9386718E-005
1.317	7.9778867E-005
1.318	7.1109178E-005
1.319	6.3575142E-005
1.32	5.7344194E-005
1.321	5.2549589E-005
1.322	4.9287559E-005
1.323	4.7615027E-005
1.324	4.7548492E-005
1.325	4.9063856E-005
1.326	5.2097275E-005
1.327	5.6547153E-005
1.328	6.2276958E-005
1.329	6.9119029E-005
1.33	7.6879143E-005
1.331	8.5341737E-005
1.332	9.4275572E-005
1.333	1.0343964E-004
1.334	1.1258942E-004
1.335	1.2148284E-004
1.336	1.2988632E-004
1.337	1.3758043E-004
1.338	1.4436501E-004
1.339	1.5006422E-004
1.34	1.5453047E-004
1.341	1.5764822E-004
1.342	1.5933666E-004
1.343	1.5955188E-004
1.344	1.5828761E-004
1.345	1.5557576E-004
1.346	1.5148526E-004
1.347	1.4611997E-004
1.348	1.3961567E-004
1.349	1.3213632E-004
1.35	1.2386919E-004
1.351	1.1501950E-004
1.352	1.0580546E-004
1.353	9.6452022E-005
1.354	8.7185865E-005
1.355	7.8229714E-005
1.356	6.9797286E-005
1.357	6.2088387E-005
1.358	5.5284112E-005
1.359	4.9542654E-005
1.36	4.4995351E-005
1.361	4.1743362E-005
1.362	3.9854924E-005
1.363	3.9363680E-005
1.364	4.0267736E-005
1.365	4.2529784E-005
1.366	4.6078287E-005
1.367	5.0809471E-005
1.368	5.6590219E-005
1.369	6.3261832E-005
1.37	7.0644172E-005
1.371	7.8540426E-005
1.372	8.6742293E-005
1.373	9.5035037E-005
1.374	1.0320310E-004
1.375	1.1103536E-004
1.376	1.1833024E-004
1.377	1.2490065E-004
1.378	1.3057870E-004
1.379	1.3521955E-004
1.38	1.3870522E-004
1.381	1.4094719E-004
1.382	1.4188867E-004
1.383	1.4150597E-004
1.384	1.3980876E-004
1.385	1.3683958E-004
1.386	1.3267266E-004
1.387	1.2741183E-004
1.388	1.2118759E-004
1.389	1.1415391E-004
1.39	1.0648435E-004
1.391	9.8367855E-005
1.392	9.0004127E-005
1.393	8.1598766E-005
1.394	7.3358235E-005
1.395	6.5484688E-005
1.396	5.8170805E-005
1.397	5.1594841E-005
1.398	4.5916197E-005
1.399	4.1271320E-005
1.4	3.7770460E-005
1.401	3.5495006E-005
1.402	3.4495741E-005
1.403	3.4791701E-005
1.404	3.6369936E-005
1.405	3.9185903E-005
1.406	4.3164666E-005
1.407	4.8202670E-005
1.408	5.4170352E-005
1.409	6.0915230E-005
1.41	6.8265646E-005
1.411	7.6034958E-005
1.412	8.4026258E-005
1.413	9.2037088E-005
1.414	9.9864817E-005
1.415	1.0731146E-004
1.416	1.1418892E-004
1.417	1.2032357E-004
1.418	1.2556065E-004
1.419	1.2976812E-004
1.42	1.3283989E-004
1.421	1.3469841E-004
1.422	1.3529643E-004
1.423	1.3461820E-004
1.424	1.3267982E-004
1.425	1.2952877E-004
1.426	1.2524270E-004
1.427	1.1992803E-004
1.428	1.1371671E-004
1.429	1.0676347E-004
1.43	9.9241915E-005
1.431	9.1340218E-005
1.432	8.3256404E-005
1.433	7.5193457E-005
1.434	6.7354129E-005
1.435	5.9936014E-005
1.436	5.3126489E-005
1.437	4.7098136E-005
1.438	4.2004445E-005
1.439	3.7975980E-005
1.44	3.5117155E-005
1.441	3.3503708E-005
1.442	3.3180637E-005
1.443	3.4161068E-005
1.444	3.6425787E-005
1.445	3.9923598E-005
1.446	4.4572407E-005
1.447	5.0261177E-005
1.448	5.6852572E-005
1.449	6.4186315E-005
1.45	7.2083210E-005
1.451	8.0349593E-005
1.452	8.8782122E-005
1.453	9.7172880E-005
1.454	1.0531455E-004
1.455	1.1300542E-004
1.456	1.2005454E-004
1.457	1.2628618E-004
1.458	1.3154472E-004
1.459	1.3569779E-004
1.46	1.3864071E-004
1.461	1.4029816E-004
1.462	1.4062713E-004
1.463	1.3961742E-004
1.464	1.3729237E-004
1.465	1.3370844E-004
1.466	1.2895373E-004
1.467	1.2314615E-004
1.468	1.1643076E-004
1.469	1.0897624E-004
1.47	1.0097084E-004
1.471	9.2618160E-005
1.472	8.4131811E-005
1.473	7.5730357E-005
1.474	6.7631816E-005
1.475	6.0048256E-005
1.476	5.3180524E-005
1.477	4.7213209E-005
1.478	4.2310017E-005
1.479	3.8609764E-005
1.48	3.6222729E-005
1.481	3.5227833E-005
1.482	3.5670331E-005
1.483	3.7560585E-005
1.484	4.0873274E-005
1.485	4.5547808E-005
1.486	5.1489384E-005
1.487	5.8571070E-005
1.488	6.6636494E-005
1.489	7.5503602E-005
1.49	8.4968691E-005
1.491	9.4811505E-005
1.492	1.0480043E-004
1.493	1.1469807E-004
1.494	1.2426738E-004
1.495	1.3327727E-004
1.496	1.4150863E-004
1.497	1.4875966E-004
1.498	1.5485114E-004
1.499	1.5963076E-004
1.5	1.6297748E-004
1.501	1.6480447E-004
1.502	1.6506197E-004
1.503	1.6373872E-004
1.504	1.6086295E-004
1.505	1.5650224E-004
1.506	1.5076254E-004
1.507	1.4378590E-004
1.508	1.3574747E-004
1.509	1.2685188E-004
1.51	1.1732821E-004
1.511	1.0742464E-004
1.512	9.7402837E-005
1.513	8.7531451E-005
1.514	7.8079873E-005
1.515	6.9311631E-005
1.516	6.1477993E-005
1.517	5.4811837E-005
1.518	4.9521539E-005
1.519	4.5785735E-005
1.52	4.3748303E-005
1.521	4.3514225E-005
1.522	4.5146382E-005
1.523	4.8663100E-005
1.524	5.4036955E-005
1.525	6.1194536E-005
1.526	7.0017479E-005
1.527	8.0344442E-005
1.528	9.1974362E-005
1.529	1.0467062E-004
1.53	1.1816622E-004
1.531	1.3216981E-004
1.532	1.4637237E-004
1.533	1.6045436E-004
1.534	1.7409353E-004
1.535	1.8697245E-004
1.536	1.9878641E-004
1.537	2.0925092E-004
1.538	2.1810920E-004
1.539	2.2513884E-004
1.54	2.3015843E-004
1.541	2.3303286E-004
1.542	2.3367826E-004
1.543	2.3206550E-004
1.544	2.2822255E-004
1.545	2.2223567E-004
1.546	2.1424831E-004
1.547	2.0445963E-004
1.548	1.9312011E-004
1.549	1.8052684E-004
1.55	1.6701716E-004
1.551	1.5296107E-004
1.552	1.3875334E-004
1.553	1.2480476E-004
1.554	1.1153340E-004
1.555	9.9355173E-005
1.556	8.8674882E-005
1.557	7.9876561E-005
1.558	7.3314317E-005
1.559	6.9302972E-005
1.56	6.8109395E-005
1.561	6.9944348E-005
1.562	7.4955344E-005
1.563	8.3220679E-005
1.564	9.4745330E-005
1.565	1.0945806E-004
1.566	1.2721043E-004
1.567	1.4777768E-004
1.568	1.7086111E-004
1.569	1.9609192E-004
1.57	2.2303726E-004
1.571	2.5120704E-004
1.572	2.8006340E-004
1.573	3.0903073E-004
1.574	3.3750819E-004
1.575	3.6488372E-004
1.576	3.9054832E-004
1.577	4.1391226E-004
1.578	4.3442118E-004
1.579	4.5157128E-004
1.58	4.6492487E-004
1.581	4.7412401E-004
1.582	4.7890330E-004
1.583	4.7910007E-004
1.584	4.7466406E-004
1.585	4.6566446E-004
1.586	4.5229474E-004
1.587	4.3487592E-004
1.588	4.1385743E-004
1.589	3.8981615E-004
1.59	3.6345352E-004
1.591	3.3558990E-004
1.592	3.0715863E-004
1.593	2.7919596E-004
1.594	2.5282984E-004
1.595	2.2926636E-004
1.596	2.0977363E-004
1.597	1.9566312E-004
1.598	1.8826959E-004
1.599	1.8892933E-004
1.6	1.9895760E-004
1.601	2.1962549E-004
1.602	2.5213725E-004
1.603	2.9760750E-004
1.604	3.5703997E-004
1.605	4.3130739E-004
1.606	5.2113167E-004
1.607	6.2706735E-004
1.608	7.4948568E-004
1.609	8.8856171E-004
1.61	1.0442637E-003
1.611	1.2163447E-003
1.612	1.4043379E-003
1.613	1.6075567E-003
1.614	1.8250925E-003
1.615	2.0558243E-003
1.616	2.2984252E-003
1.617	2.5513747E-003
1.618	2.8129739E-003
1.619	3.0813687E-003
1.62	3.3545673E-003
1.621	3.6304663E-003
1.622	3.9068796E-003
1.623	4.1815611E-003
1.624	4.4522323E-003
1.625	4.7166105E-003
1.626	4.9724309E-003
1.627	5.2174744E-003
1.628	5.4495884E-003
1.629	5.6667165E-003
1.63	5.8669173E-003
1.631	6.0483962E-003
1.632	6.2095169E-003
1.633	6.3488432E-003
1.634	6.4651375E-003
1.635	6.5573850E-003
1.636	6.6248104E-003
1.637	6.6668787E-003
1.638	6.6833016E-003
1.639	6.6740382E-003
1.64	6.6392971E-003
1.641	6.5795239E-003
1.642	6.4953952E-003
1.643	6.3878032E-003
1.644	6.2578577E-003
1.645	6.1068460E-003
1.646	5.9362375E-003
1.647	5.7476545E-003
1.648	5.5428520E-003
1.649	5.3236987E-003
1.65	5.0921598E-003
1.651	4.8502674E-003
1.652	4.6001012E-003
1.653	4.3437569E-003
1.654	4.0833261E-003
1.655	3.8208582E-003
1.656	3.5583400E-003
1.657	3.2976686E-003
1.658	3.0406336E-003
1.659	2.7888971E-003
1.66	2.5439824E-003
1.661	2.3072737E-003
1.662	2.0800037E-003
1.663	1.8632575E-003
1.664	1.6579689E-003
1.665	1.4649159E-003
1.666	1.2847218E-003
1.667	1.1178474E-003
1.668	9.6459343E-004
1.669	8.2509517E-004
1.67	6.9932931E-004
1.671	5.8711699E-004
1.672	4.8813460E-004
1.673	4.0192643E-004
1.674	3.2792016E-004
1.675	2.6544399E-004
1.676	2.1374428E-004
1.677	1.7200342E-004
1.678	1.3935650E-004
1.679	1.1490722E-004
1.68	9.7742515E-005
1.681	8.6946180E-005
1.682	8.1611652E-005
1.683	8.0853308E-005
1.684	8.3817446E-005
1.685	8.9691959E-005
1.686	9.7714670E-005
1.687	1.0718071E-004
1.688	1.1744864E-004
1.689	1.2794483E-004
1.69	1.3816664E-004
1.691	1.4768445E-004
1.692	1.5614183E-004
1.693	1.6325500E-004
1.694	1.6881047E-004
1.695	1.7266227E-004
1.696	1.7472786E-004
1.697	1.7498307E-004
1.698	1.7345684E-004
1.699	1.7022487E-004
1.7	1.6540341E-004
1.701	1.5914239E-004
1.702	1.5161875E-004
1.703	1.4302968E-004
1.704	1.3358587E-004
1.705	1.2350544E-004
1.706	1.1300770E-004
1.707	1.0230811E-004
1.708	9.1613147E-005
1.709	8.1116334E-005
1.71	7.0994625E-005
1.711	6.1405466E-005
1.712	5.2484749E-005
1.713	4.4345063E-005
1.714	3.7074718E-005
1.715	3.0737370E-005
1.716	2.5372079E-005
1.717	2.0994039E-005
1.718	1.7595756E-005
1.719	1.5148664E-005
1.72	1.3605193E-005
1.721	1.2901138E-005
1.722	1.2958267E-005
1.723	1.3687123E-005
1.724	1.4989861E-005
1.725	1.6763102E-005
1.726	1.8900739E-005
1.727	2.1296491E-005
1.728	2.3846425E-005
1.729	2.6451095E-005
1.73	2.9017501E-005
1.731	3.1460764E-005
1.732	3.3705441E-005
1.733	3.5686640E-005
1.734	3.7350808E-005
1.735	3.8656115E-005
1.736	3.9572726E-005
1.737	4.0082610E-005
1.738	4.0179184E-005
1.739	3.9866787E-005
1.74	3.9159735E-005
1.741	3.8081416E-005
1.742	3.6663165E-005
1.743	3.4943103E-005
1.744	3.2964781E-005
1.745	3.0775955E-005
1.746	2.8427208E-005
1.747	2.5970596E-005
1.748	2.3458364E-005
1.749	2.0941656E-005
1.75	1.8469314E-005
1.751	1.6086791E-005
1.752	1.3835209E-005
1.753	1.1750586E-005
1.754	9.8632036E-006
1.755	8.1972021E-006
1.756	6.7703363E-006
1.757	5.5939267E-006
1.758	4.6729392E-006
1.759	4.0062573E-006
1.76	3.5870569E-006
1.761	3.4032996E-006
1.762	3.4383161E-006
1.763	3.6714687E-006
1.764	4.0788564E-006
1.765	4.6340597E-006
1.766	5.3088897E-006
1.767	6.0741449E-006
1.768	6.9003299E-006
1.769	7.7583509E-006
1.77	8.6201517E-006
1.771	9.4592897E-006
1.772	1.0251446E-005
1.773	1.0974857E-005
1.774	1.1610657E-005
1.775	1.2143157E-005
1.776	1.2560021E-005
1.777	1.2852369E-005
1.778	1.3014793E-005
1.779	1.3045312E-005
1.78	1.2945224E-005
1.781	1.2718931E-005
1.782	1.2373662E-005
1.783	1.1919180E-005
1.784	1.1367414E-005
1.785	1.0732082E-005
1.786	1.0028275E-005
1.787	9.2720111E-006
1.788	8.4798285E-006
1.789	7.6683700E-006
1.79	6.8539716E-006
1.791	6.0523234E-006
1.792	5.2781361E-006
1.793	4.5448792E-006
1.794	3.8645235E-006
1.795	3.2473695E-006
1.796	2.7018893E-006
1.797	2.2346278E-006
1.798	1.8501443E-006
1.799	1.5510030E-006
1.8	1.3378009E-006
1.801	1.2092510E-006
1.802	1.1622931E-006
1.803	1.1922452E-006
1.804	1.2929845E-006
1.805	1.4571483E-006
1.806	1.6763568E-006
1.807	1.9414435E-006
1.808	2.2426921E-006
1.809	2.5700758E-006
1.81	2.9134837E-006
1.811	3.2629482E-006
1.812	3.6088470E-006
1.813	3.9420911E-006
1.814	4.2542961E-006
1.815	4.5379265E-006
1.816	4.7864169E-006
1.817	4.9942623E-006
1.818	5.1570905E-006
1.819	5.2717132E-006
1.82	5.3361309E-006
1.821	5.3495310E-006
1.822	5.3122581E-006
1.823	5.2257546E-006
1.824	5.0924946E-006
1.825	4.9158862E-006
1.826	4.7001668E-006
1.827	4.4502817E-006
1.828	4.1717644E-006
1.829	3.8706021E-006
1.83	3.5530877E-006
1.831	3.2256926E-006
1.832	2.8949207E-006
1.833	2.5671700E-006
1.834	2.2486117E-006
1.835	1.9450538E-006
1.836	1.6618417E-006
1.837	1.4037555E-006
1.838	1.1749291E-006
1.839	9.7878592E-007
1.84	8.1798856E-007
1.841	6.9441205E-007
1.842	6.0912657E-007
1.843	5.6240100E-007
1.844	5.5371697E-007
1.845	5.8179984E-007
1.846	6.4465775E-007
1.847	7.3963730E-007
1.848	8.6348467E-007
1.849	1.0124221E-006
1.85	1.1822317E-006
1.851	1.3683460E-006
1.852	1.5659504E-006
1.853	1.7700853E-006
1.854	1.9757501E-006
1.855	2.1780156E-006
1.856	2.3721186E-006
1.857	2.5535639E-006
1.858	2.7182164E-006
1.859	2.8623788E-006
1.86	2.9828639E-006
1.861	3.0770520E-006
1.862	3.1429411E-006
1.863	3.1791756E-006
1.864	3.1850705E-006
1.865	3.1606198E-006
1.866	3.1064867E-006
1.867	3.0239878E-006
1.868	2.9150617E-006
1.869	2.7822246E-006
1.87	2.6285052E-006
1.871	2.4573890E-006
1.872	2.2727306E-006
1.873	2.0786672E-006
1.874	1.8795273E-006
1.875	1.6797291E-006
1.876	1.4836841E-006
1.877	1.2956967E-006
1.878	1.1198655E-006
1.879	9.5999633E-007
1.88	8.1951487E-007
1.881	7.0139305E-007
1.882	6.0808395E-007
1.883	5.4146818E-007
1.884	5.0281255E-007
1.885	4.9274394E-007
1.886	5.1123584E-007
1.887	5.5760944E-007
1.888	6.3055114E-007
1.889	7.2814220E-007
1.89	8.4790463E-007
1.891	9.8685746E-007
1.892	1.1415868E-006
1.893	1.3083251E-006
1.894	1.4830370E-006
1.895	1.6615147E-006
1.896	1.8394763E-006
1.897	2.0126647E-006
1.898	2.1769517E-006
1.899	2.3284326E-006
1.9	2.4635247E-006
1.901	2.5790450E-006
1.902	2.6722996E-006
1.903	2.7411361E-006
1.904	2.7840028E-006
1.905	2.7999820E-006
1.906	2.7888125E-006
1.907	2.7508952E-006
1.908	2.6872856E-006
1.909	2.5996630E-006
1.91	2.4902986E-006
1.911	2.3619948E-006
1.912	2.2180229E-006
1.913	2.0620425E-006
1.914	1.8980137E-006
1.915	1.7300982E-006
1.916	1.5625604E-006
1.917	1.3996598E-006
1.918	1.2455453E-006
1.919	1.1041532E-006
1.92	9.7910504E-007
1.921	8.7362031E-007
1.922	7.9043281E-007
1.923	7.3172259E-007
1.924	6.9906105E-007
1.925	6.9337034E-007
1.926	7.1489995E-007
1.927	7.6321851E-007
1.928	8.3722443E-007
1.929	9.3517127E-007
1.93	1.0547111E-006
1.931	1.1929554E-006
1.932	1.3465474E-006
1.933	1.5117522E-006
1.934	1.6845490E-006
1.935	1.8607401E-006
1.936	2.0360490E-006
1.937	2.2062336E-006
1.938	2.3671791E-006
1.939	2.5150021E-006
1.94	2.6461400E-006
1.941	2.7574365E-006
1.942	2.8462218E-006
1.943	2.9103830E-006
1.944	2.9484224E-006
1.945	2.9595035E-006
1.946	2.9434784E-006
1.947	2.9009013E-006
1.948	2.8330162E-006
1.949	2.7417282E-006
1.95	2.6295593E-006
1.951	2.4995763E-006
1.952	2.3553184E-006
1.953	2.2006980E-006
1.954	2.0399029E-006
1.955	1.8772834E-006
1.956	1.7172417E-006
1.957	1.5641201E-006
1.958	1.4220832E-006
1.959	1.2950172E-006
1.96	1.1864269E-006
1.961	1.0993468E-006
1.962	1.0362656E-006
1.963	9.9906163E-007
1.964	9.8895680E-007
1.965	1.0064836E-006
1.966	1.0514749E-006
1.967	1.1230632E-006
1.968	1.2197021E-006
1.969	1.3392017E-006
1.97	1.4787798E-006
1.971	1.6351265E-006
1.972	1.8044836E-006
1.973	1.9827378E-006
1.974	2.1655221E-006
1.975	2.3483326E-006
1.976	2.5266422E-006
1.977	2.6960254E-006
1.978	2.8522770E-006
1.979	2.9915254E-006
1.98	3.1103370E-006
1.981	3.2058056E-006
1.982	3.2756268E-006
1.983	3.3181611E-006
1.984	3.3324704E-006
1.985	3.3183458E-006
1.986	3.2763107E-006
1.987	3.2076175E-006
1.988	3.1142119E-006
1.989	2.9986873E-006
1.99	2.8642276E-006
1.991	2.7145231E-006
1.992	2.5536774E-006
1.993	2.3861016E-006
1.994	2.2164022E-006
1.995	2.0492594E-006
1.996	1.8893058E-006
1.997	1.7410035E-006
1.998	1.6085277E-006
1.999	1.4956589E-006
2	1.4056820E-006
2.001	1.3412989E-006
2.002	1.3045578E-006
2.003	1.2967946E-006
2.004	1.3185966E-006
2.005	1.3697813E-006
2.006	1.4493994E-006
2.007	1.5557528E-006
2.008	1.6864367E-006
2.009	1.8383994E-006
2.01	2.0080208E-006
2.011	2.1912040E-006
2.012	2.3834841E-006
2.013	2.5801417E-006
2.014	2.7763297E-006
2.015	2.9671919E-006
2.016	3.1479976E-006
2.017	3.3142562E-006
2.018	3.4618370E-006
2.019	3.5870767E-006
2.02	3.6868726E-006
2.021	3.7587679E-006
2.022	3.8010153E-006
2.023	3.8126268E-006
2.024	3.7934030E-006
2.025	3.7439447E-006
2.026	3.6656413E-006
2.027	3.5606383E-006
2.028	3.4317900E-006
2.029	3.2825824E-006
2.03	3.1170553E-006
2.031	2.9396883E-006
2.032	2.7552994E-006
2.033	2.5689114E-006
2.034	2.3856330E-006
2.035	2.2105207E-006
2.036	2.0484549E-006
2.037	1.9040060E-006
2.038	1.7813195E-006
2.039	1.6840017E-006
2.04	1.6150226E-006
2.041	1.5766310E-006
2.042	1.5702908E-006
2.043	1.5966357E-006
2.044	1.6554491E-006
2.045	1.7456614E-006
2.046	1.8653743E-006
2.047	2.0119085E-006
2.048	2.1818662E-006
2.049	2.3712196E-006
2.05	2.5754107E-006
2.051	2.7894728E-006
2.052	3.0081553E-006
2.053	3.2260557E-006
2.054	3.4377717E-006
2.055	3.6380261E-006
2.056	3.8218159E-006
2.057	3.9845372E-006
2.058	4.1221037E-006
2.059	4.2310644E-006
2.06	4.3086798E-006
2.061	4.3530144E-006
2.062	4.3629752E-006
2.063	4.3383629E-006
2.064	4.2798620E-006
2.065	4.1890476E-006
2.066	4.0683408E-006
2.067	3.9209513E-006
2.068	3.7508000E-006
2.069	3.5624225E-006
2.07	3.3608542E-006
2.071	3.1515010E-006
2.072	2.9400089E-006
2.073	2.7321150E-006
2.074	2.5335034E-006
2.075	2.3496568E-006
2.076	2.1857190E-006
2.077	2.0463517E-006
2.078	1.9356180E-006
2.079	1.8568672E-006
2.08	1.8126431E-006
2.081	1.8046130E-006
2.082	1.8335170E-006
2.083	1.8991404E-006
2.084	2.0003170E-006
2.085	2.1349499E-006
2.086	2.3000605E-006
2.087	2.4918663E-006
2.088	2.7058695E-006
2.089	2.9369717E-006
2.09	3.1796067E-006
2.091	3.4278808E-006
2.092	3.6757181E-006
2.093	3.9170227E-006
2.094	4.1458234E-006
2.095	4.3564378E-006
2.096	4.5436041E-006
2.097	4.7026256E-006
2.098	4.8294896E-006
2.099	4.9209734E-006
2.1	4.9747368E-006
2.101	4.9893861E-006
2.102	4.9645214E-006
2.103	4.9007622E-006
2.104	4.7997255E-006
2.105	4.6640153E-006
2.106	4.4971425E-006
2.107	4.3034543E-006
2.108	4.0880204E-006
2.109	3.8565086E-006
2.11	3.6150414E-006
2.111	3.3700437E-006
2.112	3.1280811E-006
2.113	2.8956918E-006
2.114	2.6792213E-006
2.115	2.4846586E-006
2.116	2.3174773E-006
2.117	2.1824960E-006
2.118	2.0837410E-006
2.119	2.0243428E-006
2.12	2.0064447E-006
2.121	2.0311375E-006
2.122	2.0984301E-006
2.123	2.2072359E-006
2.124	2.3553923E-006
2.125	2.5397060E-006
2.126	2.7560291E-006
2.127	2.9993610E-006
2.128	3.2639614E-006
2.129	3.5435055E-006
2.13	3.8312364E-006
2.131	4.1201461E-006
2.132	4.4031412E-006
2.133	4.6732321E-006
2.134	4.9237065E-006
2.135	5.1482957E-006
2.136	5.3413455E-006
2.137	5.4979419E-006
2.138	5.6140707E-006
2.139	5.6867052E-006
2.14	5.7139127E-006
2.141	5.6949093E-006
2.142	5.6300969E-006
2.143	5.5210699E-006
2.144	5.3705749E-006
2.145	5.1824586E-006
2.146	4.9615710E-006
2.147	4.7136459E-006
2.148	4.4451558E-006
2.149	4.1631492E-006
2.15	3.8750695E-006
2.151	3.5885716E-006
2.152	3.3113120E-006
2.153	3.0507688E-006
2.154	2.8140398E-006
2.155	2.6076675E-006
2.156	2.4374681E-006
2.157	2.3083830E-006
2.158	2.2243564E-006
2.159	2.1882306E-006
2.16	2.2016702E-006
2.161	2.2651163E-006
2.162	2.3777691E-006
2.163	2.5375953E-006
2.164	2.7413626E-006
2.165	2.9847154E-006
2.166	3.2622549E-006
2.167	3.5676667E-006
2.168	3.8938538E-006
2.169	4.2331126E-006
2.17	4.5773177E-006
2.171	4.9181176E-006
2.172	5.2471601E-006
2.173	5.5563069E-006
2.174	5.8378537E-006
2.175	6.0847310E-006
2.176	6.2907006E-006
2.177	6.4505189E-006
2.178	6.5600748E-006
2.179	6.6165094E-006
2.18	6.6182847E-006
2.181	6.5652421E-006
2.182	6.4586106E-006
2.183	6.3009970E-006
2.184	6.0963262E-006
2.185	5.8497617E-006
2.186	5.5675819E-006
2.187	5.2570385E-006
2.188	4.9261757E-006
2.189	4.5836359E-006
2.19	4.2384436E-006
2.191	3.8997769E-006
2.192	3.5767421E-006
2.193	3.2781338E-006
2.194	3.0122203E-006
2.195	2.7865244E-006
2.196	2.6076275E-006
2.197	2.4809974E-006
2.198	2.4108383E-006
2.199	2.3999721E-006
2.2	2.4497515E-006
2.201	2.5600145E-006
2.202	2.7290687E-006
2.203	2.9537218E-006
2.204	3.2293449E-006
2.205	3.5499745E-006
2.206	3.9084525E-006
2.207	4.2965989E-006
2.208	4.7053963E-006
2.209	5.1252259E-006
2.21	5.5460982E-006
2.211	5.9579024E-006
2.212	6.3506659E-006
2.213	6.7147985E-006
2.214	7.0413416E-006
2.215	7.3221922E-006
2.216	7.5503222E-006
2.217	7.7199493E-006
2.218	7.8267049E-006
2.219	7.8677440E-006
2.22	7.8418398E-006
2.221	7.7494351E-006
2.222	7.5926341E-006
2.223	7.3751917E-006
2.224	7.1024247E-006
2.225	6.7811102E-006
2.226	6.4193250E-006
2.227	6.0262710E-006
2.228	5.6120589E-006
2.229	5.1874631E-006
2.23	4.7636654E-006
2.231	4.3519717E-006
2.232	3.9635397E-006
2.233	3.6090903E-006
2.234	3.2986338E-006
2.235	3.0412084E-006
2.236	2.8446450E-006
2.237	2.7153526E-006
2.238	2.6581395E-006
2.239	2.6760729E-006
2.24	2.7703768E-006
2.241	2.9403784E-006
2.242	3.1834984E-006
2.243	3.4952936E-006
2.244	3.8695398E-006
2.245	4.2983747E-006
2.246	4.7724652E-006
2.247	5.2812297E-006
2.248	5.8130945E-006
2.249	6.3557618E-006
2.25	6.8965160E-006
2.251	7.4225327E-006
2.252	7.9212014E-006
2.253	8.3804407E-006
2.254	8.7890030E-006
2.255	9.1367656E-006
2.256	9.4150046E-006
2.257	9.6166159E-006
2.258	9.7363245E-006
2.259	9.7708344E-006
2.26	9.7189477E-006
2.261	9.5816140E-006
2.262	9.3619319E-006
2.263	9.0651129E-006
2.264	8.6983928E-006
2.265	8.2708484E-006
2.266	7.7932418E-006
2.267	7.2777534E-006
2.268	6.7377005E-006
2.269	6.1872297E-006
2.27	5.6409831E-006
2.271	5.1137322E-006
2.272	4.6200216E-006
2.273	4.1737962E-006
2.274	3.7880634E-006
2.275	3.4745499E-006
2.276	3.2433986E-006
2.277	3.1029024E-006
2.278	3.0592703E-006
2.279	3.1164448E-006
2.28	3.2759685E-006
2.281	3.5369042E-006
2.282	3.8958124E-006
2.283	4.3467876E-006
2.284	4.8815568E-006
2.285	5.4896300E-006
2.286	6.1585315E-006
2.287	6.8740542E-006
2.288	7.6205997E-006
2.289	8.3815348E-006
2.29	9.1395896E-006
2.291	9.8772798E-006
2.292	1.0577330E-005
2.293	1.1223116E-005
2.294	1.1799069E-005
2.295	1.2291097E-005
2.296	1.2686931E-005
2.297	1.2976489E-005
2.298	1.3152137E-005
2.299	1.3208947E-005
2.3	1.3144859E-005
2.301	1.2960788E-005
2.302	1.2660677E-005
2.303	1.2251457E-005
2.304	1.1742928E-005
2.305	1.1147590E-005
2.306	1.0480400E-005
2.307	9.7584507E-006
2.308	9.0005778E-006
2.309	8.2269744E-006
2.31	7.4586947E-006
2.311	6.7171741E-006
2.312	6.0237094E-006
2.313	5.3989470E-006
2.314	4.8623669E-006
2.315	4.4317862E-006
2.316	4.1228982E-006
2.317	3.9488464E-006
2.318	3.9198408E-006
2.319	4.0428445E-006
2.32	4.3213149E-006
2.321	4.7550179E-006
2.322	5.3399467E-006
2.323	6.0683055E-006
2.324	6.9286152E-006
2.325	7.9059091E-006
2.326	8.9820433E-006
2.327	1.0136078E-005
2.328	1.1344765E-005
2.329	1.2583047E-005
2.33	1.3824662E-005
2.331	1.5042699E-005
2.332	1.6210217E-005
2.333	1.7300841E-005
2.334	1.8289367E-005
2.335	1.9152361E-005
2.336	1.9868763E-005
2.337	2.0420461E-005
2.338	2.0792828E-005
2.339	2.0975216E-005
2.34	2.0961408E-005
2.341	2.0749871E-005
2.342	2.0344041E-005
2.343	1.9752373E-005
2.344	1.8988316E-005
2.345	1.8070143E-005
2.346	1.7020675E-005
2.347	1.5866884E-005
2.348	1.4639358E-005
2.349	1.3371709E-005
2.35	1.2099886E-005
2.351	1.0861429E-005
2.352	9.6946233E-006
2.353	8.6376831E-006
2.354	7.7278473E-006
2.355	7.0005117E-006
2.356	6.4883361E-006
2.357	6.2204035E-006
2.358	6.2213976E-006
2.359	6.5108429E-006
2.36	7.1024433E-006
2.361	8.0035179E-006
2.362	9.2145492E-006
2.363	1.0728926E-005
2.364	1.2532806E-005
2.365	1.4605180E-005
2.366	1.6918089E-005
2.367	1.9436995E-005
2.368	2.2121365E-005
2.369	2.4925275E-005
2.37	2.7798260E-005
2.371	3.0686213E-005
2.372	3.3532466E-005
2.373	3.6278965E-005
2.374	3.8867511E-005
2.375	4.1241146E-005
2.376	4.3345510E-005
2.377	4.5130364E-005
2.378	4.6550893E-005
2.379	4.7569058E-005
2.38	4.8154932E-005
2.381	4.8287853E-005
2.382	4.7957416E-005
2.383	4.7164511E-005
2.384	4.5921995E-005
2.385	4.4255376E-005
2.386	4.2203152E-005
2.387	3.9817060E-005
2.388	3.7162001E-005
2.389	3.4315755E-005
2.39	3.1368501E-005
2.391	2.8422046E-005
2.392	2.5588781E-005
2.393	2.2990505E-005
2.394	2.0757012E-005
2.395	1.9024397E-005
2.396	1.7933329E-005
2.397	1.7627046E-005
2.398	1.8249304E-005
2.399	1.9942208E-005
2.4	2.2843969E-005
2.401	2.7086629E-005
2.402	3.2793832E-005
2.403	4.0078568E-005
2.404	4.9040966E-005
2.405	5.9766331E-005
2.406	7.2323106E-005
2.407	8.6761283E-005
2.408	1.0311080E-004
2.409	1.2138022E-004
2.41	1.4155601E-004
2.411	1.6360164E-004
2.412	1.8745719E-004
2.413	2.1303924E-004
2.414	2.4024109E-004
2.415	2.6893296E-004
2.416	2.9896319E-004
2.417	3.3015900E-004
2.418	3.6232854E-004
2.419	3.9526232E-004
2.42	4.2873630E-004
2.421	4.6251438E-004
2.422	4.9635058E-004
2.423	5.2999321E-004
2.424	5.6318659E-004
2.425	5.9567404E-004
2.426	6.2720058E-004
2.427	6.5751537E-004
2.428	6.8637251E-004
2.429	7.1353570E-004
2.43	7.3877943E-004
2.431	7.6189177E-004
2.432	7.8267668E-004
2.433	8.0095622E-004
2.434	8.1657397E-004
2.435	8.2939561E-004
2.436	8.3931134E-004
2.437	8.4623805E-004
2.438	8.5011765E-004
2.439	8.5092080E-004
2.44	8.4864476E-004
2.441	8.4331451E-004
2.442	8.3498273E-004
2.443	8.2372769E-004
2.444	8.0965448E-004
2.445	7.9289149E-004
2.446	7.7359041E-004
2.447	7.5192406E-004
2.448	7.2808360E-004
2.449	7.0227636E-004
2.45	6.7472301E-004
2.451	6.4565532E-004
2.452	6.1531266E-004
2.453	5.8393984E-004
2.454	5.5178331E-004
2.455	5.1908946E-004
2.456	4.8610198E-004
2.457	4.5305950E-004
2.458	4.2019266E-004
2.459	3.8772350E-004
2.46	3.5586208E-004
2.461	3.2480547E-004
2.462	2.9473510E-004
2.463	2.6581588E-004
2.464	2.3819381E-004
2.465	2.1199544E-004
2.466	1.8732657E-004
2.467	1.6427170E-004
2.468	1.4289428E-004
2.469	1.2323655E-004
2.47	1.0532065E-004
2.471	8.9149224E-005
2.472	7.4706833E-005
2.473	6.1961313E-005
2.474	5.0864975E-005
2.475	4.1356205E-005
2.476	3.3360837E-005
2.477	2.6793652E-005
2.478	2.1559870E-005
2.479	1.7556622E-005
2.48	1.4674570E-005
2.481	1.2799608E-005
2.482	1.1814491E-005
2.483	1.1600583E-005
2.484	1.2039553E-005
2.485	1.3014995E-005
2.486	1.4413964E-005
2.487	1.6128377E-005
2.488	1.8056249E-005
2.489	2.0102760E-005
2.49	2.2181166E-005
2.491	2.4213512E-005
2.492	2.6131160E-005
2.493	2.7875189E-005
2.494	2.9396584E-005
2.495	3.0656294E-005
2.496	3.1625092E-005
2.497	3.2283369E-005
2.498	3.2620668E-005
2.499	3.2635184E-005
2.5	3.2333097E-005
2.501	3.1727868E-005
2.502	3.0839336E-005
2.503	2.9692896E-005
2.504	2.8318522E-005
2.505	2.6749791E-005
2.506	2.5022933E-005
2.507	2.3175864E-005
2.508	2.1247224E-005
2.509	1.9275532E-005
2.51	1.7298307E-005
2.511	1.5351397E-005
2.512	1.3468260E-005
2.513	1.1679417E-005
2.514	1.0012002E-005
2.515	8.4893809E-006
2.516	7.1308441E-006
2.517	5.9514414E-006
2.518	4.9618507E-006
2.519	4.1683479E-006
2.52	3.5728622E-006
2.521	3.1731106E-006
2.522	2.9628029E-006
2.523	2.9319458E-006
2.524	3.0672013E-006
2.525	3.3523186E-006
2.526	3.7686179E-006
2.527	4.2955094E-006
2.528	4.9110349E-006
2.529	5.5924202E-006
2.53	6.3166203E-006
2.531	7.0608257E-006
2.532	7.8029589E-006
2.533	8.5221027E-006
2.534	9.1988823E-006
2.535	9.8158262E-006
2.536	1.0357614E-005
2.537	1.0811337E-005
2.538	1.1166672E-005
2.539	1.1415988E-005
2.54	1.1554444E-005
2.541	1.1579969E-005
2.542	1.1493230E-005
2.543	1.1297501E-005
2.544	1.0998510E-005
2.545	1.0604202E-005
2.546	1.0124467E-005
2.547	9.5708492E-006
2.548	8.9562245E-006
2.549	8.2944571E-006
2.55	7.6000583E-006
2.551	6.8878694E-006
2.552	6.1727151E-006
2.553	5.4690931E-006
2.554	4.7908707E-006
2.555	4.1509898E-006
2.556	3.5612059E-006
2.557	3.0318338E-006
2.558	2.5715535E-006
2.559	2.1872345E-006
2.56	1.8838234E-006
2.561	1.6642787E-006
2.562	1.5295547E-006
2.563	1.4786408E-006
2.564	1.5086474E-006
2.565	1.6149295E-006
2.566	1.7912483E-006
2.567	2.0299633E-006
2.568	2.3222474E-006
2.569	2.6583180E-006
2.57	3.0276904E-006
2.571	3.4194254E-006
2.572	3.8223957E-006
2.573	4.2255342E-006
2.574	4.6180940E-006
2.575	4.9898827E-006
2.576	5.3314752E-006
2.577	5.6344320E-006
2.578	5.8914525E-006
2.579	6.0965249E-006
2.58	6.2450335E-006
2.581	6.3338252E-006
2.582	6.3612447E-006
2.583	6.3271314E-006
2.584	6.2327890E-006
2.585	6.0809052E-006
2.586	5.8754626E-006
2.587	5.6216095E-006
2.588	5.3255194E-006
2.589	4.9942214E-006
2.59	4.6354280E-006
2.591	4.2573438E-006
2.592	3.8684707E-006
2.593	3.4774066E-006
2.594	3.0926451E-006
2.595	2.7223798E-006
2.596	2.3743191E-006
2.597	2.0555092E-006
2.598	1.7721840E-006
2.599	1.5296275E-006
2.6	1.3320699E-006
2.601	1.1826031E-006
2.602	1.0831312E-006
2.603	1.0343480E-006
2.604	1.0357417E-006
2.605	1.0856315E-006
2.606	1.1812306E-006
2.607	1.3187306E-006
2.608	1.4934121E-006
2.609	1.6997722E-006
2.61	1.9316653E-006
2.611	2.1824649E-006
2.612	2.4452231E-006
2.613	2.7128456E-006
2.614	2.9782586E-006
2.615	3.2345827E-006
2.616	3.4752898E-006
2.617	3.6943570E-006
2.618	3.8863959E-006
2.619	4.0467735E-006
2.62	4.1717049E-006
2.621	4.2583238E-006
2.622	4.3047353E-006
2.623	4.3100381E-006
2.624	4.2743313E-006
2.625	4.1986987E-006
2.626	4.0851583E-006
2.627	3.9366168E-006
2.628	3.7567791E-006
2.629	3.5500541E-006
2.63	3.3214355E-006
2.631	3.0763758E-006
2.632	2.8206464E-006
2.633	2.5601867E-006
2.634	2.3009641E-006
2.635	2.0488214E-006
2.636	1.8093440E-006
2.637	1.5877265E-006
2.638	1.3886608E-006
2.639	1.2162328E-006
2.64	1.0738337E-006
2.641	9.6409246E-007
2.642	8.8882081E-007
2.643	8.4898267E-007
2.644	8.4467780E-007
2.645	8.7515036E-007
2.646	9.3881675E-007
2.647	1.0333132E-006
2.648	1.1555651E-006
2.649	1.3018710E-006
2.65	1.4680032E-006
2.651	1.6493194E-006
2.652	1.8408816E-006
2.653	2.0375821E-006
2.654	2.2342649E-006
2.655	2.4258570E-006
2.656	2.6074831E-006
2.657	2.7745809E-006
2.658	2.9230082E-006
2.659	3.0491308E-006
2.66	3.1499064E-006
2.661	3.2229500E-006
2.662	3.2665766E-006
2.663	3.2798393E-006
2.664	3.2625389E-006
2.665	3.2152229E-006
2.666	3.1391603E-006
2.667	3.0363096E-006
2.668	2.9092587E-006
2.669	2.7611588E-006
2.67	2.5956413E-006
2.671	2.4167198E-006
2.672	2.2286958E-006
2.673	2.0360399E-006
2.674	1.8432893E-006
2.675	1.6549262E-006
2.676	1.4752762E-006
2.677	1.3084001E-006
2.678	1.1580015E-006
2.679	1.0273365E-006
2.68	9.1914399E-007
2.681	8.3558228E-007
2.682	7.7818436E-007
2.683	7.4782781E-007
2.684	7.4472018E-007
2.685	7.6840269E-007
2.686	8.1776864E-007
2.687	8.9109739E-007
2.688	9.8610747E-007
2.689	1.1000163E-006
2.69	1.2296174E-006
2.691	1.3713629E-006
2.692	1.5214549E-006
2.693	1.6759392E-006
2.694	1.8308028E-006
2.695	1.9820691E-006
2.696	2.1258920E-006
2.697	2.2586480E-006
2.698	2.3770176E-006
2.699	2.4780663E-006
2.7	2.5593129E-006
2.701	2.6187840E-006
2.702	2.6550633E-006
2.703	2.6673201E-006
2.704	2.6553246E-006
2.705	2.6194493E-006
2.706	2.5606544E-006
2.707	2.4804579E-006
2.708	2.3808882E-006
2.709	2.2644333E-006
2.71	2.1339722E-006
2.711	1.9926974E-006
2.712	1.8440415E-006
2.713	1.6915812E-006
2.714	1.5389551E-006
2.715	1.3897727E-006
2.716	1.2475271E-006
2.717	1.1155088E-006
2.718	9.9672798E-007
2.719	8.9383980E-007
2.72	8.0908404E-007
2.721	7.4423201E-007
2.722	7.0054818E-007
2.723	6.7876357E-007
2.724	6.7906382E-007
2.725	7.0109178E-007
2.726	7.4395894E-007
2.727	8.0627507E-007
2.728	8.8618361E-007
2.729	9.8141243E-007
2.73	1.0893306E-006
2.731	1.2070190E-006
2.732	1.3313407E-006
2.733	1.4590229E-006
2.734	1.5867398E-006
2.735	1.7111937E-006
2.736	1.8292014E-006
2.737	1.9377687E-006
2.738	2.0341661E-006
2.739	2.1159926E-006
2.74	2.1812311E-006
2.741	2.2282989E-006
2.742	2.2560762E-006
2.743	2.2639347E-006
2.744	2.2517443E-006
2.745	2.2198697E-006
2.746	2.1691642E-006
2.747	2.1009300E-006
2.748	2.0168968E-006
2.749	1.9191609E-006
2.75	1.8101410E-006
2.751	1.6925094E-006
2.752	1.5691279E-006
2.753	1.4429753E-006
2.754	1.3170754E-006
2.755	1.1944232E-006
2.756	1.0779123E-006
2.757	9.7026475E-007
2.758	8.7396631E-007
2.759	7.9120582E-007
2.76	7.2382204E-007
2.761	6.7326033E-007
2.762	6.4053887E-007
2.763	6.2622559E-007
2.764	6.3042756E-007
2.765	6.5279147E-007
2.766	6.9251718E-007
2.767	7.4838078E-007
2.768	8.1876851E-007
2.769	9.0171955E-007
2.77	9.9497720E-007
2.771	1.0960462E-006
2.772	1.2022564E-006
2.773	1.3108289E-006
2.774	1.4189485E-006
2.775	1.5238309E-006
2.776	1.6227958E-006
2.777	1.7133315E-006
2.778	1.7931571E-006
2.779	1.8602783E-006
2.78	1.9130325E-006
2.781	1.9501299E-006
2.782	1.9706777E-006
2.783	1.9741992E-006
2.784	1.9606432E-006
2.785	1.9303798E-006
2.786	1.8841860E-006
2.787	1.8232276E-006
2.788	1.7490279E-006
2.789	1.6634269E-006
2.79	1.5685366E-006
2.791	1.4666880E-006
2.792	1.3603717E-006
2.793	1.2521770E-006
2.794	1.1447218E-006
2.795	1.0405932E-006
2.796	9.4227607E-007
2.797	8.5209501E-007
2.798	7.7215680E-007
2.799	7.0429854E-007
2.8	6.5004400E-007
2.801	6.1056858E-007
2.802	5.8667263E-007
2.803	5.7876389E-007
2.804	5.8684947E-007
2.805	6.1053782E-007
2.806	6.4905157E-007
2.807	7.0124810E-007
2.808	7.6565050E-007
2.809	8.4048696E-007
2.81	9.2373728E-007
2.811	1.0131853E-006
2.812	1.1064776E-006
2.813	1.2011835E-006
2.814	1.2948564E-006
2.815	1.3850959E-006
2.816	1.4696045E-006
2.817	1.5462465E-006
2.818	1.6130934E-006
2.819	1.6684733E-006
2.82	1.7110059E-006
2.821	1.7396369E-006
2.822	1.7536614E-006
2.823	1.7527400E-006
2.824	1.7369068E-006
2.825	1.7065676E-006
2.826	1.6624882E-006
2.827	1.6057750E-006
2.828	1.5378432E-006
2.829	1.4603816E-006
2.83	1.3753056E-006
2.831	1.2847090E-006
2.832	1.1908095E-006
2.833	1.0958933E-006
2.834	1.0022565E-006
2.835	9.1215105E-007
2.836	8.2772880E-007
2.837	7.5098848E-007
2.838	6.8372776E-007
2.839	6.2750098E-007
2.84	5.8357892E-007
2.841	5.5292071E-007
2.842	5.3614980E-007
2.843	5.3354114E-007
2.844	5.4501589E-007
2.845	5.7014580E-007
2.846	6.0816541E-007
2.847	6.5799389E-007
2.848	7.1826111E-007
2.849	7.8734570E-007
2.85	8.6341333E-007
2.851	9.4446477E-007
2.852	1.0283858E-006
2.853	1.1129993E-006
2.854	1.1961218E-006
2.855	1.2756176E-006
2.856	1.3494529E-006
2.857	1.4157453E-006
2.858	1.4728129E-006
2.859	1.5192123E-006
2.86	1.5537775E-006
2.861	1.5756450E-006
2.862	1.5842739E-006
2.863	1.5794609E-006
2.864	1.5613380E-006
2.865	1.5303712E-006
2.866	1.4873453E-006
2.867	1.4333406E-006
2.868	1.3697040E-006
2.869	1.2980151E-006
2.87	1.2200426E-006
2.871	1.1377012E-006
2.872	1.0530013E-006
2.873	9.6800420E-007
2.874	8.8476696E-007
2.875	8.0529418E-007
2.876	7.3149090E-007
2.877	6.6511473E-007
2.878	6.0773255E-007
2.879	5.6068353E-007
2.88	5.2504481E-007
2.881	5.0160514E-007
2.882	4.9084582E-007
2.883	4.9292919E-007
2.884	5.0769489E-007
2.885	5.3466562E-007
2.886	5.7306039E-007
2.887	6.2181488E-007
2.888	6.7961099E-007
2.889	7.4491004E-007
2.89	8.1599364E-007
2.891	8.9100649E-007
2.892	9.6800591E-007
2.893	1.0450070E-006
2.894	1.1200353E-006
2.895	1.1911765E-006
2.896	1.2566195E-006
2.897	1.3147046E-006
2.898	1.3639632E-006
2.899	1.4031514E-006
2.9	1.4312816E-006
2.901	1.4476457E-006
2.902	1.4518286E-006
2.903	1.4437226E-006
2.904	1.4235251E-006
2.905	1.3917327E-006
2.906	1.3491315E-006
2.907	1.2967737E-006
2.908	1.2359534E-006
2.909	1.1681714E-006
2.91	1.0950971E-006
2.911	1.0185265E-006
2.912	9.4033692E-007
2.913	8.6243824E-007
2.914	7.8672485E-007
2.915	7.1502950E-007
2.916	6.4907852E-007
2.917	5.9044726E-007
2.918	5.4052333E-007
2.919	5.0047333E-007
2.92	4.7121301E-007
2.921	4.5338746E-007
2.922	4.4735521E-007
2.923	4.5318220E-007
2.924	4.7064034E-007
2.925	4.9921579E-007
2.926	5.3812164E-007
2.927	5.8631900E-007
2.928	6.4254175E-007
2.929	7.0532798E-007
2.93	7.7305538E-007
2.931	8.4398113E-007
2.932	9.1628476E-007
2.933	9.8811404E-007
2.934	1.0576309E-006
2.935	1.1230571E-006
2.936	1.1827225E-006
2.937	1.2351034E-006
2.938	1.2788629E-006
2.939	1.3128856E-006
2.94	1.3363062E-006
2.941	1.3485263E-006
2.942	1.3492354E-006
2.943	1.3384134E-006
2.944	1.3163301E-006
2.945	1.2835367E-006
2.946	1.2408506E-006
2.947	1.1893300E-006
2.948	1.1302483E-006
2.949	1.0650588E-006
2.95	9.9536078E-007
2.951	9.2285944E-007
2.952	8.4932418E-007
2.953	7.7654812E-007
2.954	7.0630460E-007
2.955	6.4030405E-007
2.956	5.8015172E-007
2.957	5.2730837E-007
2.958	4.8305168E-007
2.959	4.4844336E-007
2.96	4.2430207E-007
2.961	4.1118213E-007
2.962	4.0935947E-007
2.963	4.1882552E-007
2.964	4.3928884E-007
2.965	4.7018372E-007
2.966	5.1068565E-007
2.967	5.5973339E-007
2.968	6.1605630E-007
2.969	6.7820616E-007
2.97	7.4459456E-007
2.971	8.1353102E-007
2.972	8.8326607E-007
2.973	9.5203370E-007
2.974	1.0180953E-006
2.975	1.0797816E-006
2.976	1.1355347E-006
2.977	1.1839447E-006
2.978	1.2237849E-006
2.979	1.2540430E-006
2.98	1.2739447E-006
2.981	1.2829729E-006
2.982	1.2808832E-006
2.983	1.2677066E-006
2.984	1.2437528E-006
2.985	1.2095999E-006
2.986	1.1660793E-006
2.987	1.1142566E-006
2.988	1.0554046E-006
2.989	9.9096974E-007
2.99	9.2253782E-007
2.991	8.5179261E-007
2.992	7.8047520E-007
2.993	7.1034060E-007
2.994	6.4311314E-007
2.995	5.8044463E-007
2.996	5.2387236E-007
2.997	4.7478196E-007
2.998	4.3437214E-007
2.999	4.0362545E-007
3	3.8328534E-007
3.001	3.7383700E-007
3.002	3.7549674E-007
3.003	3.8820670E-007
3.004	4.1163611E-007
3.005	4.4518981E-007
3.006	4.8802258E-007
3.007	5.3905910E-007
3.008	5.9702103E-007
3.009	6.6045686E-007
3.01	7.2777885E-007
3.011	7.9730091E-007
3.012	8.6728107E-007
3.013	9.3596549E-007
3.014	1.0016306E-006
3.015	1.0626270E-006
3.016	1.1174211E-006
3.017	1.1646321E-006
3.018	1.2030656E-006
3.019	1.2317472E-006
3.02	1.2499407E-006
3.021	1.2571712E-006
3.022	1.2532346E-006
3.023	1.2382039E-006
3.024	1.2124277E-006
3.025	1.1765218E-006
3.026	1.1313543E-006
3.027	1.0780261E-006
3.028	1.0178422E-006
3.029	9.5228069E-007
3.03	8.8295724E-007
3.031	8.1158333E-007
3.032	7.3992510E-007
3.033	6.6975900E-007
3.034	6.0282804E-007
3.035	5.4079749E-007
3.036	4.8521531E-007
3.037	4.3747190E-007
3.038	3.9876713E-007
3.039	3.7007942E-007
3.04	3.5214291E-007
3.041	3.4542853E-007
3.042	3.5013261E-007
3.043	3.6617203E-007
3.044	3.9318593E-007
3.045	4.3054422E-007
3.046	4.7736245E-007
3.047	5.3252199E-007
3.048	5.9469647E-007
3.049	6.6238431E-007
3.05	7.3394244E-007
3.051	8.0762624E-007
3.052	8.8163313E-007
3.053	9.5414498E-007
3.054	1.0233729E-006
3.055	1.0876037E-006
3.056	1.1452394E-006
3.057	1.1948405E-006
3.058	1.2351609E-006
3.059	1.2651799E-006
3.06	1.2841275E-006
3.061	1.2915062E-006
3.062	1.2871021E-006
3.063	1.2709921E-006
3.064	1.2435424E-006
3.065	1.2054007E-006
3.066	1.1574795E-006
3.067	1.1009366E-006
3.068	1.0371456E-006
3.069	9.6766757E-007
3.07	8.9420820E-007
3.071	8.1858383E-007
3.072	7.4267427E-007
3.073	6.6837993E-007
3.074	5.9757554E-007
3.075	5.3206332E-007
3.076	4.7352970E-007
3.077	4.2350172E-007
3.078	3.8330873E-007
3.079	3.5404824E-007
3.08	3.3655724E-007
3.081	3.3138971E-007
3.082	3.3880184E-007
3.083	3.5874436E-007
3.084	3.9086200E-007
3.085	4.3450149E-007
3.086	4.8872539E-007
3.087	5.5233431E-007
3.088	6.2389444E-007
3.089	7.0177026E-007
3.09	7.8416315E-007
3.091	8.6915298E-007
3.092	9.5474206E-007
3.093	1.0389036E-006
3.094	1.1196278E-006
3.095	1.1949735E-006
3.096	1.2631115E-006
3.097	1.3223752E-006
3.098	1.3712979E-006
3.099	1.4086534E-006
3.1	1.4334880E-006
3.101	1.4451450E-006
3.102	1.4432852E-006
3.103	1.4278963E-006
3.104	1.3992972E-006
3.105	1.3581327E-006
3.106	1.3053611E-006
3.107	1.2422365E-006
3.108	1.1702768E-006
3.109	1.0912376E-006
3.11	1.0070654E-006
3.111	9.1985800E-007
3.112	8.3181453E-007
3.113	7.4518329E-007
3.114	6.6220883E-007
3.115	5.8507896E-007
3.116	5.1587074E-007
3.117	4.5650282E-007
3.118	4.0868559E-007
3.119	3.7387986E-007
3.12	3.5325823E-007
3.121	3.4767427E-007
3.122	3.5763640E-007
3.123	3.8329051E-007
3.124	4.2441124E-007
3.125	4.8040158E-007
3.126	5.5030165E-007
3.127	6.3280692E-007
3.128	7.2629496E-007
3.129	8.2886089E-007
3.13	9.3835882E-007
3.131	1.0524491E-006
3.132	1.1686515E-006
3.133	1.2843996E-006
3.134	1.3970986E-006
3.135	1.5041863E-006
3.136	1.6031883E-006
3.137	1.6917824E-006
3.138	1.7678491E-006
3.139	1.8295322E-006
3.14	1.8752855E-006
3.141	1.9039161E-006
3.142	1.9146232E-006
3.143	1.9070245E-006
3.144	1.8811758E-006
3.145	1.8375772E-006
3.146	1.7771702E-006
3.147	1.7013249E-006
3.148	1.6118138E-006
3.149	1.5107814E-006
3.15	1.4007020E-006
3.151	1.2843307E-006
3.152	1.1646501E-006
3.153	1.0448083E-006
3.154	9.2805715E-007
3.155	8.1767888E-007
3.156	7.1691710E-007
3.157	6.2890223E-007
3.158	5.5657546E-007
3.159	5.0261906E-007
3.16	4.6938601E-007
3.161	4.5883601E-007
3.162	4.7248105E-007
3.163	5.1133742E-007
3.164	5.7588773E-007
3.165	6.6605588E-007
3.166	7.8119166E-007
3.167	9.2007019E-007
3.168	1.0809006E-006
3.169	1.2613511E-006
3.17	1.4585838E-006
3.171	1.6693006E-006
3.172	1.8898029E-006
3.173	2.1160547E-006
3.174	2.3437622E-006
3.175	2.5684531E-006
3.176	2.7855672E-006
3.177	2.9905555E-006
3.178	3.1789764E-006
3.179	3.3466022E-006
3.18	3.4895215E-006
3.181	3.6042466E-006
3.182	3.6878064E-006
3.183	3.7378497E-006
3.184	3.7527172E-006
3.185	3.7315283E-006
3.186	3.6742349E-006
3.187	3.5816722E-006
3.188	3.4555901E-006
3.189	3.2986770E-006
3.19	3.1145562E-006
3.191	2.9077821E-006
3.192	2.6838111E-006
3.193	2.4489636E-006
3.194	2.2103707E-006
3.195	1.9758991E-006
3.196	1.7540751E-006
3.197	1.5539812E-006
3.198	1.3851420E-006
3.199	1.2574030E-006
3.2	1.1807871E-006
3.201	1.1653581E-006
3.202	1.2210630E-006
3.203	1.3575835E-006
3.204	1.5841844E-006
3.205	1.9095648E-006
3.206	2.3417194E-006
3.207	2.8878064E-006
3.208	3.5540247E-006
3.209	4.3454975E-006
3.21	5.2661671E-006
3.211	6.3187026E-006
3.212	7.5043981E-006
3.213	8.8231054E-006
3.214	1.0273158E-005
3.215	1.1851335E-005
3.216	1.3552836E-005
3.217	1.5371290E-005
3.218	1.7298789E-005
3.219	1.9325962E-005
3.22	2.1442016E-005
3.221	2.3634904E-005
3.222	2.5891377E-005
3.223	2.8197130E-005
3.224	3.0536932E-005
3.225	3.2894735E-005
3.226	3.5253903E-005
3.227	3.7597296E-005
3.228	3.9907529E-005
3.229	4.2167117E-005
3.23	4.4358694E-005
3.231	4.6465251E-005
3.232	4.8470203E-005
3.233	5.0357681E-005
3.234	5.2112624E-005
3.235	5.3720916E-005
3.236	5.5169519E-005
3.237	5.6446639E-005
3.238	5.7541816E-005
3.239	5.8446021E-005
3.24	5.9151891E-005
3.241	5.9653652E-005
3.242	5.9947382E-005
3.243	6.0030907E-005
3.244	5.9903927E-005
3.245	5.9568014E-005
3.246	5.9026417E-005
3.247	5.8284219E-005
3.248	5.7348097E-005
3.249	5.6226298E-005
3.25	5.4928467E-005
3.251	5.3465657E-005
3.252	5.1850075E-005
3.253	5.0095081E-005
3.254	4.8214966E-005
3.255	4.6224872E-005
3.256	4.4140652E-005
3.257	4.1978634E-005
3.258	3.9755520E-005
3.259	3.7488167E-005
3.26	3.5193374E-005
3.261	3.2887740E-005
3.262	3.0587398E-005
3.263	2.8307921E-005
3.264	2.6064117E-005
3.265	2.3869854E-005
3.266	2.1737980E-005
3.267	1.9680187E-005
3.268	1.7706934E-005
3.269	1.5827391E-005
3.27	1.4049429E-005
3.271	1.2379564E-005
3.272	1.0822997E-005
3.273	9.3835915E-006
3.274	8.0639211E-006
3.275	6.8652707E-006
3.276	5.7876805E-006
3.277	4.8299753E-006
3.278	3.9898182E-006
3.279	3.2637761E-006
3.28	2.6473945E-006
3.281	2.1352985E-006
3.282	1.7213022E-006
3.283	1.3985223E-006
3.284	1.1595120E-006
3.285	9.9638896E-007
3.286	9.0096540E-007
3.287	8.6487819E-007
3.288	8.7971017E-007
3.289	9.3710906E-007
3.29	1.0288948E-006
3.291	1.1471615E-006
3.292	1.2843698E-006
3.293	1.4334275E-006
3.294	1.5877630E-006
3.295	1.7413876E-006
3.296	1.8889458E-006
3.297	2.0257551E-006
3.298	2.1478349E-006
3.299	2.2519221E-006
3.3	2.3354739E-006
3.301	2.3966597E-006
3.302	2.4343415E-006
3.303	2.4480385E-006
3.304	2.4378860E-006
3.305	2.4045876E-006
3.306	2.3493560E-006
3.307	2.2738479E-006
3.308	2.1801022E-006
3.309	2.0704695E-006
3.31	1.9475453E-006
3.311	1.8141001E-006
3.312	1.6730125E-006
3.313	1.5272035E-006
3.314	1.3795710E-006
3.315	1.2329290E-006
3.316	1.0899496E-006
3.317	9.5311117E-007
3.318	8.2465124E-007
3.319	7.0652715E-007
3.32	6.0038519E-007
3.321	5.0753886E-007
3.322	4.2895391E-007
3.323	3.6524429E-007
3.324	3.1667537E-007
3.325	2.8317376E-007
3.326	2.6434566E-007
3.327	2.5949976E-007
3.328	2.6767555E-007
3.329	2.8767647E-007
3.33	3.1810592E-007
3.331	3.5740604E-007
3.332	4.0389807E-007
3.333	4.5582473E-007
3.334	5.1139153E-007
3.335	5.6880833E-007
3.336	6.2632739E-007
3.337	6.8228218E-007
3.338	7.3511973E-007
3.339	7.8343072E-007
3.34	8.2597484E-007
3.341	8.6170206E-007
3.342	8.8976770E-007
3.343	9.0954336E-007
3.344	9.2062317E-007
3.345	9.2282448E-007
3.346	9.1618404E-007
3.347	9.0095017E-007
3.348	8.7756894E-007
3.349	8.4666868E-007
3.35	8.0903925E-007
3.351	7.6560741E-007
3.352	7.1741266E-007
3.353	6.6557618E-007
3.354	6.1127304E-007
3.355	5.5570212E-007
3.356	5.0005679E-007
3.357	4.4549623E-007
3.358	3.9312158E-007
3.359	3.4395003E-007
3.36	2.9889642E-007
3.361	2.5875394E-007
3.362	2.2418078E-007
3.363	1.9568819E-007
3.364	1.7363250E-007
3.365	1.5821101E-007
3.366	1.4946106E-007
3.367	1.4726311E-007
3.368	1.5134790E-007
3.369	1.6130630E-007
3.37	1.7660359E-007
3.371	1.9659495E-007
3.372	2.2054459E-007
3.373	2.4764532E-007
3.374	2.7704007E-007
3.375	3.0784338E-007
3.376	3.3916263E-007
3.377	3.7011949E-007
3.378	3.9986980E-007
3.379	4.2762264E-007
3.38	4.5265736E-007
3.381	4.7433912E-007
3.382	4.9213173E-007
3.383	5.0560783E-007
3.384	5.1445733E-007
3.385	5.1849014E-007
3.386	5.1763965E-007
3.387	5.1196008E-007
3.388	5.0162254E-007
3.389	4.8690748E-007
3.39	4.6819545E-007
3.391	4.4595578E-007
3.392	4.2073270E-007
3.393	3.9313139E-007
3.394	3.6380183E-007
3.395	3.3342283E-007
3.396	3.0268467E-007
3.397	2.7227284E-007
3.398	2.4285146E-007
3.399	2.1504724E-007
3.4	1.8943553E-007
3.401	1.6652683E-007
3.402	1.4675565E-007
3.403	1.3047132E-007
3.404	1.1793180E-007
3.405	1.0929881E-007
3.406	1.0463639E-007
3.407	1.0391160E-007
3.408	1.0699740E-007
3.409	1.1367775E-007
3.41	1.2365480E-007
3.411	1.3655757E-007
3.412	1.5195242E-007
3.413	1.6935442E-007
3.414	1.8824019E-007
3.415	2.0806110E-007
3.416	2.2825714E-007
3.417	2.4827054E-007
3.418	2.6756001E-007
3.419	2.8561305E-007
3.42	3.0195872E-007
3.421	3.1617799E-007
3.422	3.2791314E-007
3.423	3.3687564E-007
3.424	3.4285142E-007
3.425	3.4570445E-007
3.426	3.4537885E-007
3.427	3.4189821E-007
3.428	3.3536344E-007
3.429	3.2594937E-007
3.43	3.1389837E-007
3.431	2.9951326E-007
3.432	2.8314966E-007
3.433	2.6520553E-007
3.434	2.4611109E-007
3.435	2.2631757E-007
3.436	2.0628606E-007
3.437	1.8647550E-007
3.438	1.6733208E-007
3.439	1.4927770E-007
3.44	1.3270072E-007
3.441	1.1794665E-007
3.442	1.0531053E-007
3.443	9.5030643E-008
3.444	8.7283723E-008
3.445	8.2181614E-008
3.446	7.9769507E-008
3.447	8.0026155E-008
3.448	8.2865228E-008
3.449	8.8138556E-008
3.45	9.5640829E-008
3.451	1.0511552E-007
3.452	1.1626206E-007
3.453	1.2874413E-007
3.454	1.4219836E-007
3.455	1.5624386E-007
3.456	1.7049163E-007
3.457	1.8455458E-007
3.458	1.9805647E-007
3.459	2.1064135E-007
3.46	2.2198165E-007
3.461	2.3178589E-007
3.462	2.3980550E-007
3.463	2.4583994E-007
3.464	2.4974150E-007
3.465	2.5141753E-007
3.466	2.5083236E-007
3.467	2.4800715E-007
3.468	2.4301826E-007
3.469	2.3599490E-007
3.47	2.2711465E-007
3.471	2.1659891E-007
3.472	2.0470623E-007
3.473	1.9172565E-007
3.474	1.7796953E-007
3.475	1.6376499E-007
3.476	1.4944598E-007
3.477	1.3534466E-007
3.478	1.2178360E-007
3.479	1.0906728E-007
3.48	9.7475350E-008
3.481	8.7255621E-008
3.482	7.8618505E-008
3.483	7.1732252E-008
3.484	6.6719416E-008
3.485	6.3654483E-008
3.486	6.2562712E-008
3.487	6.3420082E-008
3.488	6.6154620E-008
3.489	7.0648923E-008
3.49	7.6743525E-008
3.491	8.4241492E-008
3.492	9.2913972E-008
3.493	1.0250607E-007
3.494	1.1274395E-007
3.495	1.2334169E-007
3.496	1.3400866E-007
3.497	1.4445705E-007
3.498	1.5440848E-007
3.499	1.6360123E-007
3.5	1.7179610E-007
3.501	1.7878213E-007
3.502	1.8438131E-007
3.503	1.8845265E-007
3.504	1.9089499E-007
3.505	1.9164948E-007
3.506	1.9069986E-007
3.507	1.8807307E-007
3.508	1.8383794E-007
3.509	1.7810254E-007
3.51	1.7101146E-007
3.511	1.6274144E-007
3.512	1.5349620E-007
3.513	1.4350104E-007
3.514	1.3299675E-007
3.515	1.2223309E-007
3.516	1.1146290E-007
3.517	1.0093545E-007
3.518	9.0890751E-008
3.519	8.1553885E-008
3.52	7.3130089E-008
3.521	6.5799739E-008
3.522	5.9714516E-008
3.523	5.4993844E-008
3.524	5.1722139E-008
3.525	4.9947044E-008
3.526	4.9678345E-008
3.527	5.0888143E-008
3.528	5.3511862E-008
3.529	5.7450343E-008
3.53	6.2572745E-008
3.531	6.8720382E-008
3.532	7.5710936E-008
3.533	8.3343693E-008
3.534	9.1404452E-008
3.535	9.9671297E-008
3.536	1.0792008E-007
3.537	1.1593001E-007
3.538	1.2348906E-007
3.539	1.3039899E-007
3.54	1.3648020E-007
3.541	1.4157587E-007
3.542	1.4555542E-007
3.543	1.4831768E-007
3.544	1.4979302E-007
3.545	1.4994460E-007
3.546	1.4876923E-007
3.547	1.4629684E-007
3.548	1.4258976E-007
3.549	1.3774047E-007
3.55	1.3186920E-007
3.551	1.2512062E-007
3.552	1.1765960E-007
3.553	1.0966715E-007
3.554	1.0133540E-007
3.555	9.2862642E-008
3.556	8.4448388E-008
3.557	7.6288309E-008
3.558	6.8569413E-008
3.559	6.1465677E-008
3.56	5.5133789E-008
3.561	4.9709577E-008
3.562	4.5304940E-008
3.563	4.2005315E-008
3.564	3.9867764E-008
3.565	3.8919978E-008
3.566	3.9159762E-008
3.567	4.0555484E-008
3.568	4.3047073E-008
3.569	4.6547811E-008
3.57	5.0946863E-008
3.571	5.6112274E-008
3.572	6.1894454E-008
3.573	6.8130262E-008
3.574	7.4646962E-008
3.575	8.1266982E-008
3.576	8.7812126E-008
3.577	9.4108046E-008
3.578	9.9988696E-008
3.579	1.0530015E-007
3.58	1.0990446E-007
3.581	1.1368284E-007
3.582	1.1653837E-007
3.583	1.1839835E-007
3.584	1.1921557E-007
3.585	1.1896942E-007
3.586	1.1766594E-007
3.587	1.1533759E-007
3.588	1.1204207E-007
3.589	1.0786064E-007
3.59	1.0289596E-007
3.591	9.7269350E-008
3.592	9.1117542E-008
3.593	8.4589118E-008
3.594	7.7840660E-008
3.595	7.1032744E-008
3.596	6.4325718E-008
3.597	5.7875752E-008
3.598	5.1830845E-008
3.599	4.6327298E-008
3.6	4.1486359E-008
3.601	3.7411482E-008
3.602	3.4185891E-008
3.603	3.1870812E-008
3.604	3.0504232E-008
3.605	3.0100178E-008
3.606	3.0648636E-008
3.607	3.2116070E-008
3.608	3.4446501E-008
3.609	3.7563122E-008
3.61	4.1370431E-008
3.611	4.5756828E-008
3.612	5.0597539E-008
3.613	5.5757855E-008
3.614	6.1096571E-008
3.615	6.6469568E-008
3.616	7.1733389E-008
3.617	7.6748741E-008
3.618	8.1383995E-008
3.619	8.5518323E-008
3.62	8.9044519E-008
3.621	9.1871684E-008
3.622	9.3927184E-008
3.623	9.5158434E-008
3.624	9.5533863E-008
3.625	9.5043667E-008
3.626	9.3699647E-008
3.627	9.1534886E-008
3.628	8.8602619E-008
3.629	8.4974772E-008
3.63	8.0740016E-008
3.631	7.6001299E-008
3.632	7.0873334E-008
3.633	6.5479441E-008
3.634	5.9948412E-008
3.635	5.4411355E-008
3.636	4.8998192E-008
3.637	4.3834518E-008
3.638	3.9038493E-008
3.639	3.4717907E-008
3.64	3.0967684E-008
3.641	2.7867570E-008
3.642	2.5480347E-008
3.643	2.3850461E-008
3.644	2.3003114E-008
3.645	2.2943805E-008
3.646	2.3658435E-008
3.647	2.5113758E-008
3.648	2.7258501E-008
3.649	3.0024729E-008
3.65	3.3329709E-008
3.651	3.7078188E-008
3.652	4.1164846E-008
3.653	4.5477069E-008
3.654	4.9897817E-008
3.655	5.4308607E-008
3.656	5.8592420E-008
3.657	6.2636630E-008
3.658	6.6335673E-008
3.659	6.9593582E-008
3.66	7.2326316E-008
3.661	7.4463735E-008
3.662	7.5951036E-008
3.663	7.6750290E-008
3.664	7.6840983E-008
3.665	7.6220459E-008
3.666	7.4903895E-008
3.667	7.2923569E-008
3.668	7.0328092E-008
3.669	6.7180871E-008
3.67	6.3558524E-008
3.671	5.9548757E-008
3.672	5.5248144E-008
3.673	5.0759692E-008
3.674	4.6190081E-008
3.675	4.1647155E-008
3.676	3.7237072E-008
3.677	3.3061777E-008
3.678	2.9216423E-008
3.679	2.5787092E-008
3.68	2.2848733E-008
3.681	2.0463409E-008
3.682	1.8678882E-008
3.683	1.7527558E-008
3.684	1.7025833E-008
3.685	1.7173855E-008
3.686	1.7955660E-008
3.687	1.9339696E-008
3.688	2.1279762E-008
3.689	2.3716279E-008
3.69	2.6577888E-008
3.691	2.9783378E-008
3.692	3.3243779E-008
3.693	3.6864723E-008
3.694	4.0548823E-008
3.695	4.4198224E-008
3.696	4.7716920E-008
3.697	5.1013224E-008
3.698	5.4001880E-008
3.699	5.6606090E-008
3.7	5.8759358E-008
3.701	6.0406876E-008
3.702	6.1506910E-008
3.703	6.2031447E-008
3.704	6.1967071E-008
3.705	6.1314950E-008
3.706	6.0090741E-008
3.707	5.8324179E-008
3.708	5.6058195E-008
3.709	5.3347758E-008
3.71	5.0258492E-008
3.711	4.6864940E-008
3.712	4.3248683E-008
3.713	3.9496168E-008
3.714	3.5696576E-008
3.715	3.1939450E-008
3.716	2.8312519E-008
3.717	2.4899432E-008
3.718	2.1777755E-008
3.719	1.9017071E-008
3.72	1.6677339E-008
3.721	1.4807575E-008
3.722	1.3444722E-008
3.723	1.2612906E-008
3.724	1.2322967E-008
3.725	1.2572307E-008
3.726	1.3345060E-008
3.727	1.4612609E-008
3.728	1.6334356E-008
3.729	1.8458820E-008
3.73	2.0924999E-008
3.731	2.3663985E-008
3.732	2.6600736E-008
3.733	2.9656039E-008
3.734	3.2748527E-008
3.735	3.5796745E-008
3.736	3.8721126E-008
3.737	4.1446047E-008
3.738	4.3901561E-008
3.739	4.6025008E-008
3.74	4.7762573E-008
3.741	4.9070451E-008
3.742	4.9915798E-008
3.743	5.0277489E-008
3.744	5.0146483E-008
3.745	4.9526044E-008
3.746	4.8431467E-008
3.747	4.6889738E-008
3.748	4.4938620E-008
3.749	4.2625718E-008
3.75	4.0007173E-008
3.751	3.7146151E-008
3.752	3.4111245E-008
3.753	3.0974629E-008
3.754	2.7810305E-008
3.755	2.4692259E-008
3.756	2.1692653E-008
3.757	1.8880097E-008
3.758	1.6318058E-008
3.759	1.4063303E-008
3.76	1.2164657E-008
3.761	1.0661819E-008
3.762	9.5844923E-009
3.763	8.9517354E-009
3.764	8.7715675E-009
3.765	9.0408836E-009
3.766	9.7456052E-009
3.767	1.0861126E-008
3.768	1.2353010E-008
3.769	1.4177914E-008
3.77	1.6284714E-008
3.771	1.8615829E-008
3.772	2.1108663E-008
3.773	2.3697190E-008
3.774	2.6313604E-008
3.775	2.8890017E-008
3.776	3.1360123E-008
3.777	3.3660818E-008
3.778	3.5733805E-008
3.779	3.7526870E-008
3.78	3.8995228E-008
3.781	4.0102449E-008
3.782	4.0821384E-008
3.783	4.1134566E-008
3.784	4.1034763E-008
3.785	4.0524842E-008
3.786	3.9617763E-008
3.787	3.8336026E-008
3.788	3.6711128E-008
3.789	3.4782616E-008
3.79	3.2597068E-008
3.791	3.0206884E-008
3.792	2.7668905E-008
3.793	2.5043084E-008
3.794	2.2390969E-008
3.795	1.9774250E-008
3.796	1.7253285E-008
3.797	1.4885678E-008
3.798	1.2724938E-008
3.799	1.0819205E-008
3.8	9.2101020E-009
3.801	7.9317708E-009
3.802	7.0100907E-009
3.803	6.4620553E-009
3.804	6.2954530E-009
3.805	6.5087216E-009
3.806	7.0910771E-009
3.807	8.0228624E-009
3.808	9.2761239E-009
3.809	1.0815379E-008
3.81	1.2598615E-008
3.811	1.4578339E-008
3.812	1.6702845E-008
3.813	1.8917502E-008
3.814	2.1166082E-008
3.815	2.3392142E-008
3.816	2.5540290E-008
3.817	2.7557537E-008
3.818	2.9394453E-008
3.819	3.1006348E-008
3.82	3.2354187E-008
3.821	3.3405630E-008
3.822	3.4135560E-008
3.823	3.4526803E-008
3.824	3.4570395E-008
3.825	3.4265799E-008
3.826	3.3620811E-008
3.827	3.2651350E-008
3.828	3.1380971E-008
3.829	2.9840351E-008
3.83	2.8066397E-008
3.831	2.6101358E-008
3.832	2.3991777E-008
3.833	2.1787351E-008
3.834	1.9539668E-008
3.835	1.7300994E-008
3.836	1.5122980E-008
3.837	1.3055447E-008
3.838	1.1145205E-008
3.839	9.4350012E-009
3.84	7.9625337E-009
3.841	6.7596391E-009
3.842	5.8515943E-009
3.843	5.2566076E-009
3.844	4.9854565E-009
3.845	5.0413056E-009
3.846	5.4196918E-009
3.847	6.1086971E-009
3.848	7.0892852E-009
3.849	8.3357818E-009
3.85	9.8165271E-009
3.851	1.1494645E-008
3.852	1.3328932E-008
3.853	1.5274832E-008
3.854	1.7285487E-008
3.855	1.9312854E-008
3.856	2.1308809E-008
3.857	2.3226292E-008
3.858	2.5020363E-008
3.859	2.6649277E-008
3.86	2.8075380E-008
3.861	2.9265989E-008
3.862	3.0194062E-008
3.863	3.0838823E-008
3.864	3.1186136E-008
3.865	3.1228772E-008
3.866	3.0966621E-008
3.867	3.0406468E-008
3.868	2.9561985E-008
3.869	2.8453226E-008
3.87	2.7106243E-008
3.871	2.5552419E-008
3.872	2.3827752E-008
3.873	2.1972035E-008
3.874	2.0027958E-008
3.875	1.8040113E-008
3.876	1.6054020E-008
3.877	1.4115104E-008
3.878	1.2267637E-008
3.879	1.0553793E-008
3.88	9.0127097E-009
3.881	7.6795921E-009
3.882	6.5849965E-009
3.883	5.7541469E-009
3.884	5.2064175E-009
3.885	4.9549369E-009
3.886	5.0063265E-009
3.887	5.3605875E-009
3.888	6.0111125E-009
3.889	6.9448438E-009
3.89	8.1425817E-009
3.891	9.5793817E-009
3.892	1.1225124E-008
3.893	1.3045151E-008
3.894	1.5001017E-008
3.895	1.7051313E-008
3.896	1.9152546E-008
3.897	2.1260073E-008
3.898	2.3328994E-008
3.899	2.5315147E-008
3.9	2.7176000E-008
3.901	2.8871559E-008
3.902	3.0365246E-008
3.903	3.1624651E-008
3.904	3.2622282E-008
3.905	3.3336214E-008
3.906	3.3750542E-008
3.907	3.3855805E-008
3.908	3.3649265E-008
3.909	3.3134945E-008
3.91	3.2323641E-008
3.911	3.1232762E-008
3.912	2.9885964E-008
3.913	2.8312719E-008
3.914	2.6547800E-008
3.915	2.4630541E-008
3.916	2.2604159E-008
3.917	2.0514870E-008
3.918	1.8411004E-008
3.919	1.6342058E-008
3.92	1.4357686E-008
3.921	1.2506723E-008
3.922	1.0836132E-008
3.923	9.3900505E-009
3.924	8.2088158E-009
3.925	7.3280515E-009
3.926	6.7778561E-009
3.927	6.5820456E-009
3.928	6.7575483E-009
3.929	7.3138895E-009
3.93	8.2528393E-009
3.931	9.5682191E-009
3.932	1.1245875E-008
3.933	1.3263810E-008
3.934	1.5592478E-008
3.935	1.8195246E-008
3.936	2.1028958E-008
3.937	2.4044638E-008
3.938	2.7188328E-008
3.939	3.0402010E-008
3.94	3.3624609E-008
3.941	3.6793196E-008
3.942	3.9844203E-008
3.943	4.2714749E-008
3.944	4.5344020E-008
3.945	4.7674678E-008
3.946	4.9654275E-008
3.947	5.1236530E-008
3.948	5.2382582E-008
3.949	5.3062163E-008
3.95	5.3254468E-008
3.951	5.2949066E-008
3.952	5.2146490E-008
3.953	5.0858660E-008
3.954	4.9109094E-008
3.955	4.6932946E-008
3.956	4.4376751E-008
3.957	4.1497877E-008
3.958	3.8363851E-008
3.959	3.5051436E-008
3.96	3.1645364E-008
3.961	2.8236974E-008
3.962	2.4922516E-008
3.963	2.1801400E-008
3.964	1.8974202E-008
3.965	1.6540509E-008
3.966	1.4596724E-008
3.967	1.3233808E-008
3.968	1.2534993E-008
3.969	1.2573585E-008
3.97	1.3410862E-008
3.971	1.5094106E-008
3.972	1.7654871E-008
3.973	2.1107461E-008
3.974	2.5447743E-008
3.975	3.0652217E-008
3.976	3.6677527E-008
3.977	4.3460251E-008
3.978	5.0917194E-008
3.979	5.8946100E-008
3.98	6.7426676E-008
3.981	7.6222371E-008
3.982	8.5182208E-008
3.983	9.4143495E-008
3.984	1.0293482E-007
3.985	1.1137937E-007
3.986	1.1929868E-007
3.987	1.2651692E-007
3.988	1.3286491E-007
3.989	1.3818500E-007
3.99	1.4233518E-007
3.991	1.4519392E-007
3.992	1.4666452E-007
3.993	1.4667948E-007
3.994	1.4520434E-007
3.995	1.4224155E-007
3.996	1.3783357E-007
3.997	1.3206603E-007
3.998	1.2506960E-007
3.999	1.1702146E-007
4	1.0814679E-007
4.001	9.8718246E-008
4.002	8.9055646E-008
4.003	7.9523929E-008
4.004	7.0530966E-008
4.005	6.2523888E-008
4.006	5.5984703E-008
4.007	5.1425054E-008
4.008	4.9380230E-008
4.009	5.0402335E-008
4.01	5.5052880E-008
4.011	6.3894753E-008
4.012	7.7483939E-008
4.013	9.6360523E-008
4.014	1.2103995E-007
4.015	1.5200369E-007
4.016	1.8969024E-007
4.017	2.3448631E-007
4.018	2.8671795E-007
4.019	3.4664274E-007
4.02	4.1444144E-007
4.021	4.9021247E-007
4.022	5.7396568E-007
4.023	6.6561688E-007
4.024	7.6498600E-007
4.025	8.7179308E-007
4.026	9.8565943E-007
4.027	1.1061061E-006
4.028	1.2325552E-006
4.029	1.3643339E-006
4.03	1.5006786E-006
4.031	1.6407397E-006
4.032	1.7835897E-006
4.033	1.9282334E-006
4.034	2.0736165E-006
4.035	2.2186400E-006
4.036	2.3621706E-006
4.037	2.5030567E-006
4.038	2.6401374E-006
4.039	2.7722604E-006
4.04	2.8982931E-006
4.041	3.0171295E-006
4.042	3.1277123E-006
4.043	3.2290395E-006
4.044	3.3201775E-006
4.045	3.4002717E-006
4.046	3.4685615E-006
4.047	3.5243888E-006
4.048	3.5672099E-006
4.049	3.5966007E-006
4.05	3.6122667E-006
4.051	3.6140427E-006
4.052	3.6018998E-006
4.053	3.5759406E-006
4.054	3.5364037E-006
4.055	3.4836537E-006
4.056	3.4181796E-006
4.057	3.3405877E-006
4.058	3.2515954E-006
4.059	3.1520192E-006
4.06	3.0427675E-006
4.061	2.9248304E-006
4.062	2.7992621E-006
4.063	2.6671776E-006
4.064	2.5297297E-006
4.065	2.3881005E-006
4.066	2.2434824E-006
4.067	2.0970674E-006
4.068	1.9500319E-006
4.069	1.8035208E-006
4.07	1.6586379E-006
4.071	1.5164322E-006
4.072	1.3778842E-006
4.073	1.2439007E-006
4.074	1.1153010E-006
4.075	9.9281215E-007
4.076	8.7706013E-007
4.077	7.6857020E-007
4.078	6.6775954E-007
4.079	5.7493907E-007
4.08	4.9031382E-007
4.081	4.1398414E-007
4.082	3.4595078E-007
4.083	2.8611726E-007
4.084	2.3429726E-007
4.085	1.9021986E-007
4.086	1.5353804E-007
4.087	1.2383681E-007
4.088	1.0064250E-007
4.089	8.3432390E-008
4.09	7.1645168E-008
4.091	6.4691193E-008
4.092	6.1962879E-008
4.093	6.2845089E-008
4.094	6.6724859E-008
4.095	7.3000876E-008
4.096	8.1092217E-008
4.097	9.0446179E-008
4.098	1.0054534E-007
4.099	1.1091365E-007
4.1	1.2112127E-007
4.101	1.3078846E-007
4.102	1.3958847E-007
4.103	1.4724901E-007
4.104	1.5355303E-007
4.105	1.5833841E-007
4.106	1.6149646E-007
4.107	1.6297025E-007
4.108	1.6275112E-007
4.109	1.6087559E-007
4.11	1.5742081E-007
4.111	1.5249971E-007
4.112	1.4625601E-007
4.113	1.3885867E-007
4.114	1.3049605E-007
4.115	1.2137048E-007
4.116	1.1169250E-007
4.117	1.0167544E-007
4.118	9.1530431E-008
4.119	8.1461479E-008
4.12	7.1661169E-008
4.121	6.2306853E-008
4.122	5.3557127E-008
4.123	4.5549232E-008
4.124	3.8396749E-008
4.125	3.2188172E-008
4.126	2.6986040E-008
4.127	2.2826669E-008
4.128	1.9720694E-008
4.129	1.7653999E-008
4.13	1.6589322E-008
4.131	1.6468270E-008
4.132	1.7213678E-008
4.133	1.8732385E-008
4.134	2.0918140E-008
4.135	2.3654756E-008
4.136	2.6819272E-008
4.137	3.0285186E-008
4.138	3.3925602E-008
4.139	3.7616193E-008
4.14	4.1238096E-008
4.141	4.4680355E-008
4.142	4.7842249E-008
4.143	5.0635197E-008
4.144	5.2984266E-008
4.145	5.4829368E-008
4.146	5.6126009E-008
4.147	5.6845639E-008
4.148	5.6975690E-008
4.149	5.6519141E-008
4.15	5.5493810E-008
4.151	5.3931267E-008
4.152	5.1875556E-008
4.153	4.9381537E-008
4.154	4.6513161E-008
4.155	4.3341490E-008
4.156	3.9942758E-008
4.157	3.6396141E-008
4.158	3.2781891E-008
4.159	2.9179176E-008
4.16	2.5664285E-008
4.161	2.2308816E-008
4.162	1.9178122E-008
4.163	1.6329926E-008
4.164	1.3813171E-008
4.165	1.1667156E-008
4.166	9.9208624E-009
4.167	8.5925915E-009
4.168	7.6898985E-009
4.169	7.2097568E-009
4.17	7.1389956E-009
4.171	7.4549860E-009
4.172	8.1265128E-009
4.173	9.1148546E-009
4.174	1.0374976E-008
4.175	1.1856872E-008
4.176	1.3506942E-008
4.177	1.5269451E-008
4.178	1.7087915E-008
4.179	1.8906544E-008
4.18	2.0671560E-008
4.181	2.2332435E-008
4.182	2.3843047E-008
4.183	2.5162624E-008
4.184	2.6256631E-008
4.185	2.7097380E-008
4.186	2.7664528E-008
4.187	2.7945346E-008
4.188	2.7934774E-008
4.189	2.7635339E-008
4.19	2.7056824E-008
4.191	2.6215812E-008
4.192	2.5135074E-008
4.193	2.3842771E-008
4.194	2.2371665E-008
4.195	2.0758117E-008
4.196	1.9041098E-008
4.197	1.7261167E-008
4.198	1.5459351E-008
4.199	1.3676193E-008
4.2	1.1950634E-008
4.201	1.0319173E-008
4.202	8.8149577E-009
4.203	7.4670750E-009
4.204	6.2999468E-009
4.205	5.3328666E-009
4.206	4.5796704E-009
4.207	4.0485664E-009
4.208	3.7420924E-009
4.209	3.6572085E-009
4.21	3.7855226E-009
4.211	4.1136290E-009
4.212	4.6235664E-009
4.213	5.2933715E-009
4.214	6.0977268E-009
4.215	7.0086768E-009
4.216	7.9964027E-009
4.217	9.0300247E-009
4.218	1.0078411E-008
4.219	1.1110986E-008
4.22	1.2098464E-008
4.221	1.3013573E-008
4.222	1.3831655E-008
4.223	1.4531219E-008
4.224	1.5094363E-008
4.225	1.5507137E-008
4.226	1.5759772E-008
4.227	1.5846803E-008
4.228	1.5767100E-008
4.229	1.5523796E-008
4.23	1.5124082E-008
4.231	1.4578955E-008
4.232	1.3902818E-008
4.233	1.3113060E-008
4.234	1.2229528E-008
4.235	1.1273968E-008
4.236	1.0269437E-008
4.237	9.2396775E-009
4.238	8.2085201E-009
4.239	7.1992710E-009
4.24	6.2341381E-009
4.241	5.3337041E-009
4.242	4.5164632E-009
4.243	3.7983905E-009
4.244	3.1926173E-009
4.245	2.7091671E-009
4.246	2.3547848E-009
4.247	2.1328481E-009
4.248	2.0433661E-009
4.249	2.0830604E-009
4.25	2.2455251E-009
4.251	2.5214666E-009
4.252	2.8990019E-009
4.253	3.3640175E-009
4.254	3.9005723E-009
4.255	4.4913429E-009
4.256	5.1180873E-009
4.257	5.7621272E-009
4.258	6.4048260E-009
4.259	7.0280541E-009
4.26	7.6146351E-009
4.261	8.1487590E-009
4.262	8.6163432E-009
4.263	9.0053485E-009
4.264	9.3060200E-009
4.265	9.5111030E-009
4.266	9.6159214E-009
4.267	9.6184678E-009
4.268	9.5193604E-009
4.269	9.3217825E-009
4.27	9.0313463E-009
4.271	8.6558822E-009
4.272	8.2051956E-009
4.273	7.6907973E-009
4.274	7.1255575E-009
4.275	6.5233516E-009
4.276	5.8986913E-009
4.277	5.2663429E-009
4.278	4.6409321E-009
4.279	4.0365862E-009
4.28	3.4665779E-009
4.281	2.9430196E-009
4.282	2.4765816E-009
4.283	2.0762645E-009
4.284	1.7492158E-009
4.285	1.5005958E-009
4.286	1.3335001E-009
4.287	1.2489227E-009
4.288	1.2457821E-009
4.289	1.3209921E-009
4.29	1.4695777E-009
4.291	1.6848456E-009
4.292	1.9585868E-009
4.293	2.2813185E-009
4.294	2.6425520E-009
4.295	3.0310838E-009
4.296	3.4352947E-009
4.297	3.8434558E-009
4.298	4.2440265E-009
4.299	4.6259481E-009
4.3	4.9789102E-009
4.301	5.2935905E-009
4.302	5.5618736E-009
4.303	5.7770264E-009
4.304	5.9338259E-009
4.305	6.0286593E-009
4.306	6.0595786E-009
4.307	6.0263039E-009
4.308	5.9301977E-009
4.309	5.7741869E-009
4.31	5.5626574E-009
4.311	5.3013109E-009
4.312	4.9969882E-009
4.313	4.6574726E-009
4.314	4.2912616E-009
4.315	3.9073371E-009
4.316	3.5149244E-009
4.317	3.1232457E-009
4.318	2.7412921E-009
4.319	2.3775917E-009
4.32	2.0400193E-009
4.321	1.7356070E-009
4.322	1.4703904E-009
4.323	1.2492847E-009
4.324	1.0759889E-009
4.325	9.5292196E-010
4.326	8.8119095E-010
4.327	8.6059238E-010
4.328	8.8964891E-010
4.329	9.6567465E-010
4.33	1.0848712E-009
4.331	1.2424496E-009
4.332	1.4327749E-009
4.333	1.6495286E-009
4.334	1.8858848E-009
4.335	2.1346958E-009
4.336	2.3886781E-009
4.337	2.6406028E-009
4.338	2.8834755E-009
4.339	3.1107117E-009
4.34	3.3162944E-009
4.341	3.4949108E-009
4.342	3.6420780E-009
4.343	3.7542334E-009
4.344	3.8288026E-009
4.345	3.8642463E-009
4.346	3.8600616E-009
4.347	3.8167789E-009
4.348	3.7359160E-009
4.349	3.6199153E-009
4.35	3.4720575E-009
4.351	3.2963527E-009
4.352	3.0974285E-009
4.353	2.8803875E-009
4.354	2.6506670E-009
4.355	2.4138984E-009
4.356	2.1757478E-009
4.357	1.9417774E-009
4.358	1.7173019E-009
4.359	1.5072605E-009
4.36	1.3161005E-009
4.361	1.1476738E-009
4.362	1.0051576E-009
4.363	8.9098862E-010
4.364	8.0681917E-010
4.365	7.5349688E-010
4.366	7.3106166E-010
4.367	7.3876738E-010
4.368	7.7511925E-010
4.369	8.3793456E-010
4.37	9.2441721E-010
4.371	1.0312462E-009
4.372	1.1546786E-009
4.373	1.2906564E-009
4.374	1.4349218E-009
4.375	1.5831337E-009
4.376	1.7309790E-009
4.377	1.8742876E-009
4.378	2.0091315E-009
4.379	2.1319233E-009
4.38	2.2394957E-009
4.381	2.3291724E-009
4.382	2.3988254E-009
4.383	2.4469120E-009
4.384	2.4724980E-009
4.385	2.4752667E-009
4.386	2.4555045E-009
4.387	2.4140780E-009
4.388	2.3523963E-009
4.389	2.2723521E-009
4.39	2.1762627E-009
4.391	2.0667954E-009
4.392	1.9468884E-009
4.393	1.8196654E-009
4.394	1.6883452E-009
4.395	1.5561602E-009
4.396	1.4262616E-009
4.397	1.3016475E-009
4.398	1.1850784E-009
4.399	1.0790184E-009
4.4	9.8557362E-010
4.401	9.0645030E-010
4.402	8.4291985E-010
4.403	7.9580131E-010
4.404	7.6545237E-010
4.405	7.5177603E-010
4.406	7.5423812E-010
4.407	7.7189688E-010
4.408	8.0344209E-010
4.409	8.4724333E-010
4.41	9.0140645E-010
4.411	9.6383335E-010
4.412	1.0322879E-009
4.413	1.1044601E-009
4.414	1.1780326E-009
4.415	1.2507437E-009
4.416	1.3204464E-009
4.417	1.3851633E-009
4.418	1.4431347E-009
4.419	1.4928595E-009
4.42	1.5331263E-009
4.421	1.5630379E-009
4.422	1.5820245E-009
4.423	1.5898479E-009
4.424	1.5865964E-009
4.425	1.5726677E-009
4.426	1.5487492E-009
4.427	1.5157846E-009
4.428	1.4749381E-009
4.429	1.4275504E-009
4.43	1.3750940E-009
4.431	1.3191260E-009
4.432	1.2612377E-009
4.433	1.2030076E-009
4.434	1.1459538E-009
4.435	1.0914933E-009
4.436	1.0409030E-009
4.437	9.9528652E-010
4.438	9.5554964E-010
4.439	9.2237795E-010
4.44	8.9622737E-010
4.441	8.7731800E-010
4.442	8.6563573E-010
4.443	8.6094326E-010
4.444	8.6279578E-010
4.445	8.7056362E-010
4.446	8.8345903E-010
4.447	9.0056729E-010
4.448	9.2088298E-010
4.449	9.4334418E-010
4.45	9.6687125E-010
4.451	9.9040187E-010
4.452	1.0129263E-009
4.453	1.0335203E-009
4.454	1.0513719E-009
4.455	1.0658067E-009
4.456	1.0763080E-009
4.457	1.0825272E-009
4.458	1.0842934E-009
4.459	1.0816154E-009
4.46	1.0746740E-009
4.461	1.0638130E-009
4.462	1.0495246E-009
4.463	1.0324256E-009
4.464	1.0132358E-009
4.465	9.9274799E-010
4.466	9.7179864E-010
4.467	9.5123798E-010
4.468	9.3189545E-010
4.469	9.1455271E-010
4.47	8.9991259E-010
4.471	8.8857377E-010
4.472	8.8100899E-010
4.473	8.7754715E-010
4.474	8.7836050E-010
4.475	8.8345747E-010
4.476	8.9268065E-010
4.477	9.0570990E-010
4.478	9.2207314E-010
4.479	9.4115982E-010
4.48	9.6224084E-010
4.481	9.8449227E-010
4.482	1.0070231E-009
4.483	1.0289050E-009
4.484	1.0492033E-009
4.485	1.0670094E-009
4.486	1.0814742E-009
4.487	1.0918364E-009
4.488	1.0974501E-009
4.489	1.0978104E-009
4.49	1.0925751E-009
4.491	1.0815786E-009
4.492	1.0648433E-009
4.493	1.0425852E-009
4.494	1.0152124E-009
4.495	9.8331554E-010
4.496	9.4765706E-010
4.497	9.0914970E-010
4.498	8.6883184E-010
4.499	8.2783874E-010
4.5	7.8736911E-010
4.501	7.4864986E-010
4.502	7.1289885E-010
4.503	6.8128886E-010
4.504	6.5490807E-010
4.505	6.3472844E-010
4.506	6.2157046E-010
4.507	6.1607641E-010
4.508	6.1868577E-010
4.509	6.2961736E-010
4.51	6.4885658E-010
4.511	6.7615019E-010
4.512	7.1100736E-010
4.513	7.5270851E-010
4.514	8.0031792E-010
4.515	8.5270802E-010
4.516	9.0858410E-010
4.517	9.6651742E-010
4.518	1.0249823E-009
4.519	1.0823968E-009
4.52	1.1371647E-009
4.521	1.1877198E-009
4.522	1.2325709E-009
4.523	1.2703466E-009
4.524	1.2998357E-009
4.525	1.3200248E-009
4.526	1.3301336E-009
4.527	1.3296404E-009
4.528	1.3183059E-009
4.529	1.2961824E-009
4.53	1.2636232E-009
4.531	1.2212737E-009
4.532	1.1700649E-009
4.533	1.1111894E-009
4.534	1.0460750E-009
4.535	9.7635222E-010
4.536	9.0381164E-010
4.537	8.3036139E-010
4.538	7.5797574E-010
4.539	6.8864586E-010
4.54	6.2432426E-010
4.541	5.6687277E-010
4.542	5.1800958E-010
4.543	4.7925997E-010
4.544	4.5191231E-010
4.545	4.3697779E-010
4.546	4.3515910E-010
4.547	4.4682524E-010
4.548	4.7199566E-010
4.549	5.1033372E-010
4.55	5.6114907E-010
4.551	6.2340971E-010
4.552	6.9576367E-010
4.553	7.7656848E-010
4.554	8.6393032E-010
4.555	9.5574948E-010
4.556	1.0497729E-009
4.557	1.1436503E-009
4.558	1.2349961E-009
4.559	1.3214514E-009
4.56	1.4007481E-009
4.561	1.4707690E-009
4.562	1.5296082E-009
4.563	1.5756231E-009
4.564	1.6074818E-009
4.565	1.6242045E-009
4.566	1.6251913E-009
4.567	1.6102477E-009
4.568	1.5795908E-009
4.569	1.5338552E-009
4.57	1.4740776E-009
4.571	1.4016793E-009
4.572	1.3184307E-009
4.573	1.2264147E-009
4.574	1.1279719E-009
4.575	1.0256459E-009
4.576	9.2211955E-010
4.577	8.2014628E-010
4.578	7.2248169E-010
4.579	6.3181049E-010
4.58	5.5067650E-010
4.581	4.8141452E-010
4.582	4.2608647E-010
4.583	3.8642406E-010
4.584	3.6377912E-010
4.585	3.5908282E-010
4.586	3.7281608E-010
4.587	4.0499068E-010
4.588	4.5514215E-010
4.589	5.2233551E-010
4.59	6.0518240E-010
4.591	7.0187217E-010
4.592	8.1021095E-010
4.593	9.2767660E-010
4.594	1.0514778E-009
4.595	1.1786249E-009
4.596	1.3060043E-009
4.597	1.4304598E-009
4.598	1.5488728E-009
4.599	1.6582438E-009
4.6	1.7557724E-009
4.601	1.8389319E-009
4.602	1.9055373E-009
4.603	1.9538056E-009
4.604	1.9824047E-009
4.605	1.9904969E-009
4.606	1.9777611E-009
4.607	1.9444100E-009
4.608	1.8911870E-009
4.609	1.8193574E-009
4.61	1.7306802E-009
4.611	1.6273671E-009
4.612	1.5120366E-009
4.613	1.3876463E-009
4.614	1.2574264E-009
4.615	1.1247967E-009
4.616	9.9328490E-010
4.617	8.6643354E-010
4.618	7.4771300E-010
4.619	6.4042627E-010
4.62	5.4762572E-010
4.621	4.7202819E-010
4.622	4.1594139E-010
4.623	3.8120013E-010
4.624	3.6911321E-010
4.625	3.8042314E-010
4.626	4.1528098E-010
4.627	4.7323562E-010
4.628	5.5323768E-010
4.629	6.5366079E-010
4.63	7.7233575E-010
4.631	9.0660091E-010
4.632	1.0533656E-009
4.633	1.2091846E-009
4.634	1.3703437E-009
4.635	1.5329527E-009
4.636	1.6930422E-009
4.637	1.8466649E-009
4.638	1.9899984E-009
4.639	2.1194422E-009
4.64	2.2317137E-009
4.641	2.3239335E-009
4.642	2.3937097E-009
4.643	2.4391942E-009
4.644	2.4591482E-009
4.645	2.4529696E-009
4.646	2.4207263E-009
4.647	2.3631563E-009
4.648	2.2816573E-009
4.649	2.1782607E-009
4.65	2.0555830E-009
4.651	1.9167719E-009
4.652	1.7654241E-009
4.653	1.6055046E-009
4.654	1.4412467E-009
4.655	1.2770471E-009
4.656	1.1173554E-009
4.657	9.6656116E-010
4.658	8.2887980E-010
4.659	7.0824274E-010
4.66	6.0819183E-010
4.661	5.3178573E-010
4.662	4.8151405E-010
4.663	4.5922838E-010
4.664	4.6608789E-010
4.665	5.0252241E-010
4.666	5.6821370E-010
4.667	6.6209527E-010
4.668	7.8236950E-010
4.669	9.2654601E-010
4.67	1.0914930E-009
4.671	1.2735101E-009
4.672	1.4684124E-009
4.673	1.6716318E-009
4.674	1.8783284E-009
4.675	2.0835111E-009
4.676	2.2821665E-009
4.677	2.4693905E-009
4.678	2.6405143E-009
4.679	2.7912317E-009
4.68	2.9177172E-009
4.681	3.0167251E-009
4.682	3.0856828E-009
4.683	3.1227683E-009
4.684	3.1269554E-009
4.685	3.0980587E-009
4.686	3.0367411E-009
4.687	2.9445104E-009
4.688	2.8236868E-009
4.689	2.6773592E-009
4.69	2.5093048E-009
4.691	2.3239106E-009
4.692	2.1260667E-009
4.693	1.9210533E-009
4.694	1.7144067E-009
4.695	1.5117938E-009
4.696	1.3188671E-009
4.697	1.1411254E-009
4.698	9.8377106E-010
4.699	8.5157253E-010
4.7	7.4873530E-010
4.701	6.7878103E-010
4.702	6.4444533E-010
4.703	6.4759131E-010
4.704	6.8914491E-010
4.705	7.6905476E-010
4.706	8.8627916E-010
4.707	1.0387972E-009
4.708	1.2236495E-009
4.709	1.4370035E-009
4.71	1.6742423E-009
4.711	1.9300754E-009
4.712	2.1986657E-009
4.713	2.4737741E-009
4.714	2.7489100E-009
4.715	3.0174918E-009
4.716	3.2730152E-009
4.717	3.5092129E-009
4.718	3.7202146E-009
4.719	3.9007069E-009
4.72	4.0460728E-009
4.721	4.1525228E-009
4.722	4.2172039E-009
4.723	4.2382955E-009
4.724	4.2150741E-009
4.725	4.1479491E-009
4.726	4.0384842E-009
4.727	3.8893808E-009
4.728	3.7044170E-009
4.729	3.4883858E-009
4.73	3.2469842E-009
4.731	2.9866889E-009
4.732	2.7145994E-009
4.733	2.4382711E-009
4.734	2.1655322E-009
4.735	1.9042870E-009
4.736	1.6623194E-009
4.737	1.4470876E-009
4.738	1.2655332E-009
4.739	1.1238904E-009
4.74	1.0275141E-009
4.741	9.8072528E-010
4.742	9.8667730E-010
4.743	1.0472552E-009
4.744	1.1629960E-009
4.745	1.3330488E-009
4.746	1.5551651E-009
4.747	1.8257262E-009
4.748	2.1398026E-009
4.749	2.4912514E-009
4.75	2.8728477E-009
4.751	3.2764338E-009
4.752	3.6931167E-009
4.753	4.1134687E-009
4.754	4.5277591E-009
4.755	4.9261932E-009
4.756	5.2991669E-009
4.757	5.6375109E-009
4.758	5.9327419E-009
4.759	6.1772960E-009
4.76	6.3647425E-009
4.761	6.4899850E-009
4.762	6.5494232E-009
4.763	6.5410894E-009
4.764	6.4647376E-009
4.765	6.3219137E-009
4.766	6.1159509E-009
4.767	5.8519607E-009
4.768	5.5367479E-009
4.769	5.1786961E-009
4.77	4.7876156E-009
4.771	4.3745270E-009
4.772	3.9514441E-009
4.773	3.5310892E-009
4.774	3.1266087E-009
4.775	2.7512481E-009
4.776	2.4180333E-009
4.777	2.1394313E-009
4.778	1.9270199E-009
4.779	1.7911765E-009
4.78	1.7407702E-009
4.781	1.7828998E-009
4.782	1.9226503E-009
4.783	2.1628992E-009
4.784	2.5041653E-009
4.785	2.9445046E-009
4.786	3.4794709E-009
4.787	4.1021244E-009
4.788	4.8031001E-009
4.789	5.5707501E-009
4.79	6.3913337E-009
4.791	7.2492643E-009
4.792	8.1274285E-009
4.793	9.0075387E-009
4.794	9.8705524E-009
4.795	1.0697091E-008
4.796	1.1467935E-008
4.797	1.2164501E-008
4.798	1.2769343E-008
4.799	1.3266654E-008
4.8	1.3642731E-008
4.801	1.3886469E-008
4.802	1.3989743E-008
4.803	1.3947835E-008
4.804	1.3759729E-008
4.805	1.3428412E-008
4.806	1.2961064E-008
4.807	1.2369178E-008
4.808	1.1668621E-008
4.809	1.0879576E-008
4.81	1.0026428E-008
4.811	9.1375227E-009
4.812	8.2448848E-009
4.813	7.3838113E-009
4.814	6.5924075E-009
4.815	5.9110614E-009
4.816	5.3818292E-009
4.817	5.0477880E-009
4.818	4.9523239E-009
4.819	5.1384035E-009
4.82	5.6478080E-009
4.821	6.5203705E-009
4.822	7.7932150E-009
4.823	9.5000194E-009
4.824	1.1670309E-008
4.825	1.4328811E-008
4.826	1.7494841E-008
4.827	2.1181780E-008
4.828	2.5396588E-008
4.829	3.0139454E-008
4.83	3.5403463E-008
4.831	4.1174431E-008
4.832	4.7430827E-008
4.833	5.4143754E-008
4.834	6.1277227E-008
4.835	6.8788296E-008
4.836	7.6627650E-008
4.837	8.4739987E-008
4.838	9.3064777E-008
4.839	1.0153692E-007
4.84	1.1008749E-007
4.841	1.1864472E-007
4.842	1.2713478E-007
4.843	1.3548272E-007
4.844	1.4361335E-007
4.845	1.5145233E-007
4.846	1.5892687E-007
4.847	1.6596697E-007
4.848	1.7250628E-007
4.849	1.7848271E-007
4.85	1.8383940E-007
4.851	1.8852583E-007
4.852	1.9249779E-007
4.853	1.9571850E-007
4.854	1.9815877E-007
4.855	1.9979746E-007
4.856	2.0062154E-007
4.857	2.0062643E-007
4.858	1.9981583E-007
4.859	1.9820166E-007
4.86	1.9580371E-007
4.861	1.9264938E-007
4.862	1.8877358E-007
4.863	1.8421758E-007
4.864	1.7902903E-007
4.865	1.7326077E-007
4.866	1.6697041E-007
4.867	1.6021941E-007
4.868	1.5307202E-007
4.869	1.4559488E-007
4.87	1.3785554E-007
4.871	1.2992220E-007
4.872	1.2186268E-007
4.873	1.1374350E-007
4.874	1.0562933E-007
4.875	9.7582301E-008
4.876	8.9661029E-008
4.877	8.1920270E-008
4.878	7.4410146E-008
4.879	6.7175684E-008
4.88	6.0256419E-008
4.881	5.3686222E-008
4.882	4.7493106E-008
4.883	4.1699181E-008
4.884	3.6320891E-008
4.885	3.1369073E-008
4.886	2.6849172E-008
4.887	2.2761540E-008
4.888	1.9101689E-008
4.889	1.5860598E-008
4.89	1.3025116E-008
4.891	1.0578337E-008
4.892	8.5000567E-009
4.893	6.7672636E-009
4.894	5.3546589E-009
4.895	4.2351829E-009
4.896	3.3805410E-009
4.897	2.7617320E-009
4.898	2.3495408E-009
4.899	2.1150011E-009
4.9	2.0298199E-009
4.901	2.0667636E-009
4.902	2.1999884E-009
4.903	2.4053255E-009
4.904	2.6605187E-009
4.905	2.9454048E-009
4.906	3.2420504E-009
4.907	3.5348311E-009
4.908	3.8104728E-009
4.909	4.0580415E-009
4.91	4.2688981E-009
4.911	4.4366129E-009
4.912	4.5568380E-009
4.913	4.6271751E-009
4.914	4.6469952E-009
4.915	4.6172466E-009
4.916	4.5402562E-009
4.917	4.4195150E-009
4.918	4.2594572E-009
4.919	4.0652530E-009
4.92	3.8425929E-009
4.921	3.5974905E-009
4.922	3.3360863E-009
4.923	3.0644902E-009
4.924	2.7886073E-009
4.925	2.5140143E-009
4.926	2.2458340E-009
4.927	1.9886466E-009
4.928	1.7464135E-009
4.929	1.5224285E-009
4.93	1.3192892E-009
4.931	1.1388901E-009
4.932	9.8243291E-010
4.933	8.5045598E-010
4.934	7.4287748E-010
4.935	6.5905015E-010
4.936	5.9782707E-010
4.937	5.5763444E-010
4.938	5.3654786E-010
4.939	5.3237303E-010
4.94	5.4272353E-010
4.941	5.6510036E-010
4.942	5.9696442E-010
4.943	6.3580496E-010
4.944	6.7920264E-010
4.945	7.2488249E-010
4.946	7.7075968E-010
4.947	8.1497714E-010
4.948	8.5593305E-010
4.949	8.9229818E-010
4.95	9.2302532E-010
4.951	9.4735131E-010
4.952	9.6478636E-010
4.953	9.7510255E-010
4.954	9.7831132E-010
4.955	9.7463759E-010
4.956	9.6449049E-010
4.957	9.4843289E-010
4.958	9.2714458E-010
4.959	9.0139135E-010
4.96	8.7199059E-010
4.961	8.3978086E-010
4.962	8.0559276E-010
4.963	7.7022289E-010
4.964	7.3441309E-010
4.965	6.9883149E-010
4.966	6.6405925E-010
4.967	6.3058198E-010
4.968	5.9878297E-010
4.969	5.6894411E-010
4.97	5.4124771E-010
4.971	5.1578297E-010
4.972	4.9255566E-010
4.973	4.7149862E-010
4.974	4.5248646E-010
4.975	4.3534870E-010
4.976	4.1988571E-010
4.977	4.0588188E-010
4.978	3.9312126E-010
4.979	3.8139888E-010
4.98	3.7053274E-010
4.981	3.6037207E-010
4.982	3.5080464E-010
4.983	3.4176115E-010
4.984	3.3321712E-010
4.985	3.2519226E-010
4.986	3.1774797E-010
4.987	3.1098221E-010
4.988	3.0502234E-010
4.989	3.0001729E-010
4.99	2.9612754E-010
4.991	2.9351518E-010
4.992	2.9233271E-010
4.993	2.9271313E-010
4.994	2.9476008E-010
4.995	2.9853847E-010
4.996	3.0406702E-010
4.997	3.1131311E-010
4.998	3.2018790E-010
4.999	3.3054509E-010
5	3.4218120E-010
5.001	3.5483816E-010
5.002	3.6820816E-010
5.003	3.8194048E-010
5.004	3.9565007E-010
5.005	4.0892817E-010
5.006	4.2135326E-010
5.007	4.3250425E-010
5.008	4.4197265E-010
5.009	4.4937623E-010
5.01	4.5437187E-010
5.011	4.5666651E-010
5.012	4.5602941E-010
5.013	4.5230059E-010
5.014	4.4539852E-010
5.015	4.3532539E-010
5.016	4.2217035E-010
5.017	4.0610981E-010
5.018	3.8740580E-010
5.019	3.6640099E-010
5.02	3.4351189E-010
5.021	3.1921948E-010
5.022	2.9405794E-010
5.023	2.6860114E-010
5.024	2.4344812E-010
5.025	2.1920735E-010
5.026	1.9648023E-010
5.027	1.7584476E-010
5.028	1.5783939E-010
5.029	1.4294767E-010
5.03	1.3158392E-010
5.031	1.2408123E-010
5.032	1.2068037E-010
5.033	1.2152200E-010
5.034	1.2664098E-010
5.035	1.3596345E-010
5.036	1.4930697E-010
5.037	1.6638330E-010
5.038	1.8680447E-010
5.039	2.1009122E-010
5.04	2.3568456E-010
5.041	2.6295882E-010
5.042	2.9123751E-010
5.043	3.1981046E-010
5.044	3.4795156E-010
5.045	3.7493728E-010
5.046	4.0006654E-010
5.047	4.2267773E-010
5.048	4.4216741E-010
5.049	4.5800616E-010
5.05	4.6975246E-010
5.051	4.7706605E-010
5.052	4.7971643E-010
5.053	4.7759097E-010
5.054	4.7069798E-010
5.055	4.5916768E-010
5.056	4.4325099E-010
5.057	4.2331225E-010
5.058	3.9982193E-010
5.059	3.7334522E-010
5.06	3.4452771E-010
5.061	3.1408007E-010
5.062	2.8275943E-010
5.063	2.5135119E-010
5.064	2.2064836E-010
5.065	1.9143133E-010
5.066	1.6444796E-010
5.067	1.4039368E-010
5.068	1.1989351E-010
5.069	1.0348584E-010
5.07	9.1607881E-011
5.071	8.4584388E-011
5.072	8.2619099E-011
5.073	8.5788938E-011
5.074	9.4041892E-011
5.075	1.0719783E-010
5.076	1.2495235E-010
5.077	1.4688398E-010
5.078	1.7246408E-010
5.079	2.0106959E-010
5.08	2.3199831E-010
5.081	2.6448602E-010
5.082	2.9772590E-010
5.083	3.3088904E-010
5.084	3.6314510E-010
5.085	3.9368464E-010
5.086	4.2173887E-010
5.087	4.4660037E-010
5.088	4.6764120E-010
5.089	4.8432919E-010
5.09	4.9624138E-010
5.091	5.0307508E-010
5.092	5.0465598E-010
5.093	5.0094234E-010
5.094	4.9202636E-010
5.095	4.7813109E-010
5.096	4.5960655E-010
5.097	4.3691908E-010
5.098	4.1064077E-010
5.099	3.8143502E-010
5.1	3.5003928E-010
5.101	3.1724740E-010
5.102	2.8388950E-010
5.103	2.5081073E-010
5.104	2.1885084E-010
5.105	1.8882250E-010
5.106	1.6149122E-010
5.107	1.3755559E-010
5.108	1.1762982E-010
5.109	1.0222784E-010
5.11	9.1750101E-011
5.111	8.6473204E-011
5.112	8.6542759E-011
5.113	9.1969390E-011
5.114	1.0262853E-010
5.115	1.1826334E-010
5.116	1.3849134E-010
5.117	1.6281403E-010
5.118	1.9062975E-010
5.119	2.2124887E-010
5.12	2.5391120E-010
5.121	2.8780531E-010
5.122	3.2208897E-010
5.123	3.5591055E-010
5.124	3.8842976E-010
5.125	4.1883944E-010
5.126	4.4638526E-010
5.127	4.7038518E-010
5.128	4.9024623E-010
5.129	5.0548010E-010
5.13	5.1571458E-010
5.131	5.2070342E-010
5.132	5.2033278E-010
5.133	5.1462334E-010
5.134	5.0373034E-010
5.135	4.8793808E-010
5.136	4.6765447E-010
5.137	4.4339910E-010
5.138	4.1579090E-010
5.139	3.8553230E-010
5.14	3.5339176E-010
5.141	3.2018427E-010
5.142	2.8675085E-010
5.143	2.5393795E-010
5.144	2.2257532E-010
5.145	1.9345608E-010
5.146	1.6731622E-010
5.147	1.4481617E-010
5.148	1.2652424E-010
5.149	1.1290267E-010
5.15	1.0429548E-010
5.151	1.0092058E-010
5.152	1.0286390E-010
5.153	1.1007777E-010
5.154	1.2238213E-010
5.155	1.3946921E-010
5.156	1.6091171E-010
5.157	1.8617340E-010
5.158	2.1462319E-010
5.159	2.4555077E-010
5.16	2.7818514E-010
5.161	3.1171310E-010
5.162	3.4530082E-010
5.163	3.7811398E-010
5.164	4.0933912E-010
5.165	4.3820370E-010
5.166	4.6399529E-010
5.167	4.8607968E-010
5.168	5.0391669E-010
5.169	5.1707250E-010
5.17	5.2523186E-010
5.171	5.2820509E-010
5.172	5.2593224E-010
5.173	5.1848553E-010
5.174	5.0606608E-010
5.175	4.8899990E-010
5.176	4.6772825E-010
5.177	4.4279747E-010
5.178	4.1484385E-010
5.179	3.8457859E-010
5.18	3.5276865E-010
5.181	3.2021838E-010
5.182	2.8774791E-010
5.183	2.5617411E-010
5.184	2.2628881E-010
5.185	1.9883997E-010
5.186	1.7451304E-010
5.187	1.5391399E-010
5.188	1.3755443E-010
5.189	1.2583913E-010
5.19	1.1905599E-010
5.191	1.1736929E-010
5.192	1.2081572E-010
5.193	1.2930346E-010
5.194	1.4261496E-010
5.195	1.6041257E-010
5.196	1.8224684E-010
5.197	2.0756821E-010
5.198	2.3574090E-010
5.199	2.6605854E-010
5.2	2.9776281E-010
5.201	3.3006170E-010
5.202	3.6214992E-010
5.203	3.9322931E-010
5.204	4.2252898E-010
5.205	4.4932424E-010
5.206	4.7295495E-010
5.207	4.9284238E-010
5.208	5.0850230E-010
5.209	5.1955756E-010
5.21	5.2574739E-010
5.211	5.2693272E-010
5.212	5.2309918E-010
5.213	5.1435878E-010
5.214	5.0094451E-010
5.215	4.8320575E-010
5.216	4.6159873E-010
5.217	4.3667481E-010
5.218	4.0906678E-010
5.219	3.7947251E-010
5.22	3.4863792E-010
5.221	3.1733807E-010
5.222	2.8635749E-010
5.223	2.5647123E-010
5.224	2.2842496E-010
5.225	2.0291677E-010
5.226	1.8057927E-010
5.227	1.6196448E-010
5.228	1.4752943E-010
5.229	1.3762555E-010
5.23	1.3248957E-010
5.231	1.3223846E-010
5.232	1.3686664E-010
5.233	1.4624667E-010
5.234	1.6013274E-010
5.235	1.7816747E-010
5.236	1.9989102E-010
5.237	2.2475283E-010
5.238	2.5212585E-010
5.239	2.8132205E-010
5.24	3.1160974E-010
5.241	3.4223177E-010
5.242	3.7242470E-010
5.243	4.0143730E-010
5.244	4.2855006E-010
5.245	4.5309212E-010
5.246	4.7445919E-010
5.247	4.9212695E-010
5.248	5.0566595E-010
5.249	5.1475024E-010
5.25	5.1916654E-010
5.251	5.1881849E-010
5.252	5.1372884E-010
5.253	5.0403809E-010
5.254	4.9000182E-010
5.255	4.7198301E-010
5.256	4.5044196E-010
5.257	4.2592585E-010
5.258	3.9905435E-010
5.259	3.7050379E-010
5.26	3.4099010E-010
5.261	3.1125136E-010
5.262	2.8202896E-010
5.263	2.5404936E-010
5.264	2.2800613E-010
5.265	2.0454258E-010
5.266	1.8423628E-010
5.267	1.6758438E-010
5.268	1.5499171E-010
5.269	1.4676069E-010
5.27	1.4308388E-010
5.271	1.4403985E-010
5.272	1.4959073E-010
5.273	1.5958405E-010
5.274	1.7375650E-010
5.275	1.9174087E-010
5.276	2.1307564E-010
5.277	2.3721672E-010
5.278	2.6355140E-010
5.279	2.9141409E-010
5.28	3.2010330E-010
5.281	3.4889922E-010
5.282	3.7708178E-010
5.283	4.0394879E-010
5.284	4.2883316E-010
5.285	4.5111942E-010
5.286	4.7025916E-010
5.287	4.8578308E-010
5.288	4.9731413E-010
5.289	5.0457494E-010
5.29	5.0739601E-010
5.291	5.0571841E-010
5.292	4.9959564E-010
5.293	4.8919263E-010
5.294	4.7477999E-010
5.295	4.5672804E-010
5.296	4.3549661E-010
5.297	4.1162290E-010
5.298	3.8570808E-010
5.299	3.5840192E-010
5.3	3.3038605E-010
5.301	3.0235733E-010
5.302	2.7501010E-010
5.303	2.4901961E-010
5.304	2.2502539E-010
5.305	2.0361512E-010
5.306	1.8531102E-010
5.307	1.7055671E-010
5.308	1.5970654E-010
5.309	1.5301682E-010
5.31	1.5063986E-010
5.311	1.5262021E-010
5.312	1.5889358E-010
5.313	1.6928881E-010
5.314	1.8353243E-010
5.315	2.0125548E-010
5.316	2.2200317E-010
5.317	2.4524641E-010
5.318	2.7039526E-010
5.319	2.9681435E-010
5.32	3.2383818E-010
5.321	3.5078840E-010
5.322	3.7699072E-010
5.323	4.0179160E-010
5.324	4.2457424E-010
5.325	4.4477377E-010
5.326	4.6189158E-010
5.327	4.7550702E-010
5.328	4.8528759E-010
5.329	4.9099746E-010
5.33	4.9250243E-010
5.331	4.8977383E-010
5.332	4.8288729E-010
5.333	4.7202359E-010
5.334	4.5746124E-010
5.335	4.3956994E-010
5.336	4.1880197E-010
5.337	3.9568018E-010
5.338	3.7078488E-010
5.339	3.4473882E-010
5.34	3.1819178E-010
5.341	2.9180444E-010
5.342	2.6623090E-010
5.343	2.4210295E-010
5.344	2.2001399E-010
5.345	2.0050464E-010
5.346	1.8404921E-010
5.347	1.7104443E-010
5.348	1.6179987E-010
5.349	1.5653041E-010
5.35	1.5535150E-010
5.351	1.5827664E-010
5.352	1.6521712E-010
5.353	1.7598467E-010
5.354	1.9029624E-010
5.355	2.0778100E-010
5.356	2.2799009E-010
5.357	2.5040747E-010
5.358	2.7446345E-010
5.359	2.9954869E-010
5.36	3.2502964E-010
5.361	3.5026471E-010
5.362	3.7462050E-010
5.363	3.9748743E-010
5.364	4.1829515E-010
5.365	4.3652662E-010
5.366	4.5173076E-010
5.367	4.6353354E-010
5.368	4.7164678E-010
5.369	4.7587478E-010
5.37	4.7611964E-010
5.371	4.7238274E-010
5.372	4.6476439E-010
5.373	4.5346127E-010
5.374	4.3876092E-010
5.375	4.2103504E-010
5.376	4.0072926E-010
5.377	3.7835216E-010
5.378	3.5446285E-010
5.379	3.2965636E-010
5.38	3.0454961E-010
5.381	2.7976507E-010
5.382	2.5591598E-010
5.383	2.3359087E-010
5.384	2.1333837E-010
5.385	1.9565441E-010
5.386	1.8096928E-010
5.387	1.6963711E-010
5.388	1.6192747E-010
5.389	1.5801865E-010
5.39	1.5799359E-010
5.391	1.6183846E-010
5.392	1.6944267E-010
5.393	1.8060266E-010
5.394	1.9502662E-010
5.395	2.1234239E-010
5.396	2.3210650E-010
5.397	2.5381558E-010
5.398	2.7691885E-010
5.399	3.0083186E-010
5.4	3.2495137E-010
5.401	3.4867012E-010
5.402	3.7139194E-010
5.403	3.9254752E-010
5.404	4.1160764E-010
5.405	4.2809670E-010
5.406	4.4160484E-010
5.407	4.5179738E-010
5.408	4.5842341E-010
5.409	4.6132187E-010
5.41	4.6042498E-010
5.411	4.5575990E-010
5.412	4.4744788E-010
5.413	4.3570089E-010
5.414	4.2081597E-010
5.415	4.0316775E-010
5.416	3.8319906E-010
5.417	3.6140935E-010
5.418	3.3834283E-010
5.419	3.1457414E-010
5.42	2.9069444E-010
5.421	2.6729635E-010
5.422	2.4495994E-010
5.423	2.2423721E-010
5.424	2.0563935E-010
5.425	1.8962358E-010
5.426	1.7658194E-010
5.427	1.6683153E-010
5.428	1.6060707E-010
5.429	1.5805447E-010
5.43	1.5922808E-010
5.431	1.6408885E-010
5.432	1.7250551E-010
5.433	1.8425807E-010
5.434	1.9904327E-010
5.435	2.1648229E-010
5.436	2.3613037E-010
5.437	2.5748825E-010
5.438	2.8001457E-010
5.439	3.0313996E-010
5.44	3.2628084E-010
5.441	3.4885467E-010
5.442	3.7029427E-010
5.443	3.9006137E-010
5.444	4.0766071E-010
5.445	4.2265216E-010
5.446	4.3466103E-010
5.447	4.4338763E-010
5.448	4.4861470E-010
5.449	4.5021303E-010
5.45	4.4814374E-010
5.451	4.4246060E-010
5.452	4.3330703E-010
5.453	4.2091380E-010
5.454	4.0559256E-010
5.455	3.8772824E-010
5.456	3.6776882E-010
5.457	3.4621467E-010
5.458	3.2360498E-010
5.459	3.0050568E-010
5.46	2.7749394E-010
5.461	2.5514435E-010
5.462	2.3401500E-010
5.463	2.1463260E-010
5.464	1.9748062E-010
5.465	1.8298624E-010
5.466	1.7151050E-010
5.467	1.6333873E-010
5.468	1.5867364E-010
5.469	1.5763021E-010
5.47	1.6023270E-010
5.471	1.6641409E-010
5.472	1.7601783E-010
5.473	1.8880129E-010
5.474	2.0444238E-010
5.475	2.2254704E-010
5.476	2.4265931E-010
5.477	2.6427302E-010
5.478	2.8684410E-010
5.479	3.0980457E-010
5.48	3.3257694E-010
5.481	3.5458833E-010
5.482	3.7528550E-010
5.483	3.9414838E-010
5.484	4.1070308E-010
5.485	4.2453385E-010
5.486	4.3529325E-010
5.487	4.4271084E-010
5.488	4.4660017E-010
5.489	4.4686302E-010
5.49	4.4349208E-010
5.491	4.3657111E-010
5.492	4.2627282E-010
5.493	4.1285467E-010
5.494	3.9665263E-010
5.495	3.7807241E-010
5.496	3.5757994E-010
5.497	3.3568912E-010
5.498	3.1295019E-010
5.499	2.8993502E-010
5.5	2.6722360E-010
5.501	2.4539015E-010
5.502	2.2498804E-010
5.503	2.0653636E-010
5.504	1.9050719E-010
5.505	1.7731329E-010
5.506	1.6729755E-010
5.507	1.6072410E-010
5.508	1.5777123E-010
5.509	1.5852672E-010
5.51	1.6298518E-010
5.511	1.7104827E-010
5.512	1.8252698E-010
5.513	1.9714633E-010
5.514	2.1455236E-010
5.515	2.3432081E-010
5.516	2.5596772E-010
5.517	2.7896074E-010
5.518	3.0273301E-010
5.519	3.2669573E-010
5.52	3.5025380E-010
5.521	3.7281964E-010
5.522	3.9382822E-010
5.523	4.1275133E-010
5.524	4.2911127E-010
5.525	4.4249288E-010
5.526	4.5255491E-010
5.527	4.5903817E-010
5.528	4.6177320E-010
5.529	4.6068441E-010
5.53	4.5579224E-010
5.531	4.4721296E-010
5.532	4.3515641E-010
5.533	4.1992085E-010
5.534	4.0188602E-010
5.535	3.8150444E-010
5.536	3.5929018E-010
5.537	3.3580708E-010
5.538	3.1165470E-010
5.539	2.8745326E-010
5.54	2.6382949E-010
5.541	2.4139959E-010
5.542	2.2075491E-010
5.543	2.0244616E-010
5.544	1.8697009E-010
5.545	1.7475622E-010
5.546	1.6615613E-010
5.547	1.6143394E-010
5.548	1.6075913E-010
5.549	1.6420200E-010
5.55	1.7173080E-010
5.551	1.8321214E-010
5.552	1.9841308E-010
5.553	2.1700640E-010
5.554	2.3857766E-010
5.555	2.6263461E-010
5.556	2.8861910E-010
5.557	3.1591979E-010
5.558	3.4388717E-010
5.559	3.7184933E-010
5.56	3.9912848E-010
5.561	4.2505754E-010
5.562	4.4899759E-010
5.563	4.7035292E-010
5.564	4.8858745E-010
5.565	5.0323745E-010
5.566	5.1392435E-010
5.567	5.2036520E-010
5.568	5.2238031E-010
5.569	5.1989901E-010
5.57	5.1296339E-010
5.571	5.0172860E-010
5.572	4.8645959E-010
5.573	4.6752852E-010
5.574	4.4540455E-010
5.575	4.2064541E-010
5.576	3.9388437E-010
5.577	3.6581616E-010
5.578	3.3717990E-010
5.579	3.0874289E-010
5.58	2.8128214E-010
5.581	2.5556518E-010
5.582	2.3233264E-010
5.583	2.1227908E-010
5.584	1.9603609E-010
5.585	1.8415600E-010
5.586	1.7709706E-010
5.587	1.7521094E-010
5.588	1.7873200E-010
5.589	1.8776962E-010
5.59	2.0230305E-010
5.591	2.2217941E-010
5.592	2.4711475E-010
5.593	2.7669797E-010
5.594	3.1039829E-010
5.595	3.4757489E-010
5.596	3.8749004E-010
5.597	4.2932460E-010
5.598	4.7219523E-010
5.599	5.1517401E-010
5.6	5.5731053E-010
5.601	5.9765148E-010
5.602	6.3526573E-010
5.603	6.6926548E-010
5.604	6.9882850E-010
5.605	7.2321954E-010
5.606	7.4180961E-010
5.607	7.5409501E-010
5.608	7.5971174E-010
5.609	7.5845052E-010
5.61	7.5026602E-010
5.611	7.3528567E-010
5.612	7.1381234E-010
5.613	6.8632561E-010
5.614	6.5347872E-010
5.615	6.1609162E-010
5.616	5.7513999E-010
5.617	5.3174276E-010
5.618	4.8714544E-010
5.619	4.4269904E-010
5.62	3.9984013E-010
5.621	3.6006570E-010
5.622	3.2490877E-010
5.623	2.9591102E-010
5.624	2.7459646E-010
5.625	2.6244393E-010
5.626	2.6086053E-010
5.627	2.7115593E-010
5.628	2.9451780E-010
5.629	3.3198885E-010
5.63	3.8444689E-010
5.631	4.5258683E-010
5.632	5.3690502E-010
5.633	6.3768796E-010
5.634	7.5500245E-010
5.635	8.8869195E-010
5.636	1.0383719E-009
5.637	1.2034346E-009
5.638	1.3830521E-009
5.639	1.5761893E-009
5.64	1.7816113E-009
5.641	1.9979056E-009
5.642	2.2234965E-009
5.643	2.4566686E-009
5.644	2.6955924E-009
5.645	2.9383445E-009
5.646	3.1829375E-009
5.647	3.4273462E-009
5.648	3.6695329E-009
5.649	3.9074743E-009
5.65	4.1391819E-009
5.651	4.3627311E-009
5.652	4.5762847E-009
5.653	4.7781019E-009
5.654	4.9665743E-009
5.655	5.1402282E-009
5.656	5.2977507E-009
5.657	5.4379985E-009
5.658	5.5600125E-009
5.659	5.6630207E-009
5.66	5.7464491E-009
5.661	5.8099205E-009
5.662	5.8532503E-009
5.663	5.8764504E-009
5.664	5.8797047E-009
5.665	5.8633787E-009
5.666	5.8279905E-009
5.667	5.7742060E-009
5.668	5.7028249E-009
5.669	5.6147615E-009
5.67	5.5110272E-009
5.671	5.3927214E-009
5.672	5.2610085E-009
5.673	5.1171072E-009
5.674	4.9622795E-009
5.675	4.7978035E-009
5.676	4.6249728E-009
5.677	4.4450821E-009
5.678	4.2594075E-009
5.679	4.0692005E-009
5.68	3.8756753E-009
5.681	3.6800041E-009
5.682	3.4833023E-009
5.683	3.2866296E-009
5.684	3.0909773E-009
5.685	2.8972720E-009
5.686	2.7063691E-009
5.687	2.5190550E-009
5.688	2.3360485E-009
5.689	2.1580004E-009
5.69	1.9854949E-009
5.691	1.8190555E-009
5.692	1.6591438E-009
5.693	1.5061626E-009
5.694	1.3604569E-009
5.695	1.2223145E-009
5.696	1.0919678E-009
5.697	9.6959518E-010
5.698	8.5532081E-010
5.699	7.4921852E-010
5.7	6.5131267E-010
5.701	5.6158311E-010
5.702	4.7996596E-010
5.703	4.0635673E-010
5.704	3.4061254E-010
5.705	2.8255345E-010
5.706	2.3196313E-010
5.707	1.8859055E-010
5.708	1.5214945E-010
5.709	1.2231974E-010
5.71	9.8748489E-011
5.711	8.1051769E-011
5.712	6.8816876E-011
5.713	6.1605075E-011
5.714	5.8955181E-011
5.715	6.0387126E-011
5.716	6.5406382E-011
5.717	7.3508102E-011
5.718	8.4182196E-011
5.719	9.6918140E-011
5.72	1.1121025E-010
5.721	1.2656318E-010
5.722	1.4249742E-010
5.723	1.5855460E-010
5.724	1.7430318E-010
5.725	1.8934329E-010
5.726	2.0331171E-010
5.727	2.1588581E-010
5.728	2.2678751E-010
5.729	2.3578622E-010
5.73	2.4270116E-010
5.731	2.4740252E-010
5.732	2.4981275E-010
5.733	2.4990562E-010
5.734	2.4770599E-010
5.735	2.4328697E-010
5.736	2.3676802E-010
5.737	2.2831048E-010
5.738	2.1811410E-010
5.739	2.0641140E-010
5.74	1.9346234E-010
5.741	1.7954846E-010
5.742	1.6496625E-010
5.743	1.5002097E-010
5.744	1.3501950E-010
5.745	1.2026412E-010
5.746	1.0604594E-010
5.747	9.2638661E-011
5.748	8.0293022E-011
5.749	6.9231593E-011
5.75	5.9644449E-011
5.751	5.1685465E-011
5.752	4.5469500E-011
5.753	4.1070661E-011
5.754	3.8521186E-011
5.755	3.7811657E-011
5.756	3.8891723E-011
5.757	4.1672131E-011
5.758	4.6027161E-011
5.759	5.1798330E-011
5.76	5.8798313E-011
5.761	6.6815796E-011
5.762	7.5620565E-011
5.763	8.4969219E-011
5.764	9.4610715E-011
5.765	1.0429264E-010
5.766	1.1376659E-010
5.767	1.2279425E-010
5.768	1.3115257E-010
5.769	1.3863884E-010
5.77	1.4507491E-010
5.771	1.5031117E-010
5.772	1.5422960E-010
5.773	1.5674584E-010
5.774	1.5781094E-010
5.775	1.5741158E-010
5.776	1.5557007E-010
5.777	1.5234317E-010
5.778	1.4782015E-010
5.779	1.4212023E-010
5.78	1.3538924E-010
5.781	1.2779579E-010
5.782	1.1952678E-010
5.783	1.1078281E-010
5.784	1.0177309E-010
5.785	9.2710291E-011
5.786	8.3805407E-011
5.787	7.5262664E-011
5.788	6.7274741E-011
5.789	6.0018282E-011
5.79	5.3649772E-011
5.791	4.8302175E-011
5.792	4.4081891E-011
5.793	4.1066553E-011
5.794	3.9303599E-011
5.795	3.8809320E-011
5.796	3.9569032E-011
5.797	4.1537711E-011
5.798	4.4641572E-011
5.799	4.8780216E-011
5.8	5.3829403E-011
5.801	5.9644421E-011
5.802	6.6063932E-011
5.803	7.2913960E-011
5.804	8.0012504E-011
5.805	8.7173796E-011
5.806	9.4213096E-011
5.807	1.0095114E-010
5.808	1.0721822E-010
5.809	1.1285859E-010
5.81	1.1773370E-010
5.811	1.2172587E-010
5.812	1.2474029E-010
5.813	1.2670773E-010
5.814	1.2758554E-010
5.815	1.2735847E-010
5.816	1.2603874E-010
5.817	1.2366549E-010
5.818	1.2030332E-010
5.819	1.1604056E-010
5.82	1.1098675E-010
5.821	1.0526963E-010
5.822	9.9032074E-011
5.823	9.2428093E-011
5.824	8.5619067E-011
5.825	7.8769706E-011
5.826	7.2043947E-011
5.827	6.5600803E-011
5.828	5.9590576E-011
5.829	5.4151246E-011
5.83	4.9405161E-011
5.831	4.5456163E-011
5.832	4.2387274E-011
5.833	4.0258838E-011
5.834	3.9107328E-011
5.835	3.8944663E-011
5.836	3.9758186E-011
5.837	4.1511242E-011
5.838	4.4144372E-011
5.839	4.7576946E-011
5.84	5.1709460E-011
5.841	5.6426180E-011
5.842	6.1598150E-011
5.843	6.7086565E-011
5.844	7.2746253E-011
5.845	7.8429437E-011
5.846	8.3989322E-011
5.847	8.9283643E-011
5.848	9.4178290E-011
5.849	9.8550376E-011
5.85	1.0229118E-010
5.851	1.0530869E-010
5.852	1.0752980E-010
5.853	1.0890164E-010
5.854	1.0939316E-010
5.855	1.0899539E-010
5.856	1.0772151E-010
5.857	1.0560645E-010
5.858	1.0270577E-010
5.859	9.9094122E-011
5.86	9.4863124E-011
5.861	9.0118829E-011
5.862	8.4979121E-011
5.863	7.9570413E-011
5.864	7.4024530E-011
5.865	6.8475205E-011
5.866	6.3054922E-011
5.867	5.7891573E-011
5.868	5.3105440E-011
5.869	4.8806310E-011
5.87	4.5090934E-011
5.871	4.2040826E-011
5.872	3.9720359E-011
5.873	3.8175341E-011
5.874	3.7432012E-011
5.875	3.7496579E-011
5.876	3.8355093E-011
5.877	3.9974059E-011
5.878	4.2301346E-011
5.879	4.5267731E-011
5.88	4.8788699E-011
5.881	5.2766735E-011
5.882	5.7093941E-011
5.883	6.1654716E-011
5.884	6.6328817E-011
5.885	7.0994231E-011
5.886	7.5530339E-011
5.887	7.9820851E-011
5.888	8.3756516E-011
5.889	8.7237863E-011
5.89	9.0177615E-011
5.891	9.2502561E-011
5.892	9.4155475E-011
5.893	9.5096236E-011
5.894	9.5302821E-011
5.895	9.4771635E-011
5.896	9.3517437E-011
5.897	9.1572930E-011
5.898	8.8987533E-011
5.899	8.5826367E-011
5.9	8.2168203E-011
5.901	7.8103531E-011
5.902	7.3732180E-011
5.903	6.9160719E-011
5.904	6.4499787E-011
5.905	5.9861262E-011
5.906	5.5355501E-011
5.907	5.1088571E-011
5.908	4.7159665E-011
5.909	4.3658740E-011
5.91	4.0664368E-011
5.911	3.8241896E-011
5.912	3.6441964E-011
5.913	3.5299406E-011
5.914	3.4832439E-011
5.915	3.5042400E-011
5.916	3.5913873E-011
5.917	3.7415147E-011
5.918	3.9499123E-011
5.919	4.2104667E-011
5.92	4.5158148E-011
5.921	4.8575442E-011
5.922	5.2264099E-011
5.923	5.6125628E-011
5.924	6.0058125E-011
5.925	6.3958762E-011
5.926	6.7726359E-011
5.927	7.1263911E-011
5.928	7.4481026E-011
5.929	7.7295989E-011
5.93	7.9637838E-011
5.931	8.1447946E-011
5.932	8.2681376E-011
5.933	8.3307972E-011
5.934	8.3312753E-011
5.935	8.2696398E-011
5.936	8.1474896E-011
5.937	7.9679090E-011
5.938	7.7353887E-011
5.939	7.4556833E-011
5.94	7.1356698E-011
5.941	6.7831796E-011
5.942	6.4067744E-011
5.943	6.0155471E-011
5.944	5.6188831E-011
5.945	5.2262288E-011
5.946	4.8468576E-011
5.947	4.4896337E-011
5.948	4.1628069E-011
5.949	3.8738058E-011
5.95	3.6290627E-011
5.951	3.4338626E-011
5.952	3.2922182E-011
5.953	3.2067855E-011
5.954	3.1788117E-011
5.955	3.2081064E-011
5.956	3.2930655E-011
5.957	3.4307161E-011
5.958	3.6168075E-011
5.959	3.8459212E-011
5.96	4.1116149E-011
5.961	4.4065914E-011
5.962	4.7228849E-011
5.963	5.0520615E-011
5.964	5.3854397E-011
5.965	5.7142936E-011
5.966	6.0300875E-011
5.967	6.3246686E-011
5.968	6.5904837E-011
5.969	6.8207502E-011
5.97	7.0096276E-011
5.971	7.1523419E-011
5.972	7.2453099E-011
5.973	7.2862175E-011
5.974	7.2740536E-011
5.975	7.2091326E-011
5.976	7.0930782E-011
5.977	6.9287624E-011
5.978	6.7202327E-011
5.979	6.4726002E-011
5.98	6.1919012E-011
5.981	5.8849467E-011
5.982	5.5591351E-011
5.983	5.2222917E-011
5.984	4.8824444E-011
5.985	4.5476387E-011
5.986	4.2257340E-011
5.987	3.9242162E-011
5.988	3.6500060E-011
5.989	3.4092954E-011
5.99	3.2073975E-011
5.991	3.0486266E-011
5.992	2.9361864E-011
5.993	2.8721097E-011
5.994	2.8572129E-011
5.995	2.8910877E-011
5.996	2.9721229E-011
5.997	3.0975503E-011
5.998	3.2635273E-011
5.999	3.4652389E-011
6	3.6970246E-011
6.001	3.9525248E-011
6.002	4.2248420E-011
6.003	4.5067183E-011
6.004	4.7907109E-011
6.005	5.0693883E-011
6.006	5.3355039E-011
6.007	5.5821778E-011
6.008	5.8030691E-011
6.009	5.9925204E-011
6.01	6.1457013E-011
6.011	6.2587192E-011
6.012	6.3287028E-011
6.013	6.3538709E-011
6.014	6.3335698E-011
6.015	6.2682790E-011
6.016	6.1595888E-011
6.017	6.0101549E-011
6.018	5.8236201E-011
6.019	5.6045217E-011
6.02	5.3581674E-011
6.021	5.0904975E-011
6.022	4.8079346E-011
6.023	4.5172199E-011
6.024	4.2252479E-011
6.025	3.9388909E-011
6.026	3.6648296E-011
6.027	3.4093964E-011
6.028	3.1784100E-011
6.029	2.9770467E-011
6.03	2.8097092E-011
6.031	2.6799254E-011
6.032	2.5902657E-011
6.033	2.5422865E-011
6.034	2.5365019E-011
6.035	2.5723727E-011
6.036	2.6483357E-011
6.037	2.7618441E-011
6.038	2.9094427E-011
6.039	3.0868610E-011
6.04	3.2891179E-011
6.041	3.5106647E-011
6.042	3.7455143E-011
6.043	3.9873986E-011
6.044	4.2299234E-011
6.045	4.4667308E-011
6.046	4.6916495E-011
6.047	4.8988553E-011
6.048	5.0830031E-011
6.049	5.2393617E-011
6.05	5.3639222E-011
6.051	5.4534901E-011
6.052	5.5057636E-011
6.053	5.5193825E-011
6.054	5.4939525E-011
6.055	5.4300512E-011
6.056	5.3292086E-011
6.057	5.1938613E-011
6.058	5.0272876E-011
6.059	4.8335173E-011
6.06	4.6172313E-011
6.061	4.3836275E-011
6.062	4.1383036E-011
6.063	3.8870976E-011
6.064	3.6359464E-011
6.065	3.3907356E-011
6.066	3.1571541E-011
6.067	2.9405579E-011
6.068	2.7458383E-011
6.069	2.5773047E-011
6.07	2.4385906E-011
6.071	2.3325657E-011
6.072	2.2612745E-011
6.073	2.2258912E-011
6.074	2.2266992E-011
6.075	2.2630894E-011
6.076	2.3335779E-011
6.077	2.4358548E-011
6.078	2.5668388E-011
6.079	2.7227611E-011
6.08	2.8992640E-011
6.081	3.0915080E-011
6.082	3.2942961E-011
6.083	3.5022048E-011
6.084	3.7097148E-011
6.085	3.9113591E-011
6.086	4.1018557E-011
6.087	4.2762335E-011
6.088	4.4299672E-011
6.089	4.5590802E-011
6.09	4.6602402E-011
6.091	4.7308456E-011
6.092	4.7690719E-011
6.093	4.7739226E-011
6.094	4.7452303E-011
6.095	4.6836663E-011
6.096	4.5907084E-011
6.097	4.4685988E-011
6.098	4.3202806E-011
6.099	4.1493219E-011
6.1	3.9598182E-011
6.101	3.7562967E-011
6.102	3.5435932E-011
6.103	3.3267371E-011
6.104	3.1108262E-011
6.105	2.9008978E-011
6.106	2.7018072E-011
6.107	2.5181085E-011
6.108	2.3539420E-011
6.109	2.2129340E-011
6.11	2.0981114E-011
6.111	2.0118286E-011
6.112	1.9557141E-011
6.113	1.9306393E-011
6.114	1.9366970E-011
6.115	1.9732117E-011
6.116	2.0387575E-011
6.117	2.1312023E-011
6.118	2.2477627E-011
6.119	2.3850812E-011
6.12	2.5393109E-011
6.121	2.7062141E-011
6.122	2.8812709E-011
6.123	3.0597951E-011
6.124	3.2370499E-011
6.125	3.4083632E-011
6.126	3.5692508E-011
6.127	3.7155175E-011
6.128	3.8433631E-011
6.129	3.9494758E-011
6.13	4.0311064E-011
6.131	4.0861321E-011
6.132	4.1131088E-011
6.133	4.1112985E-011
6.134	4.0806841E-011
6.135	4.0219633E-011
6.136	3.9365278E-011
6.137	3.8264211E-011
6.138	3.6942827E-011
6.139	3.5432823E-011
6.14	3.3770327E-011
6.141	3.1994973E-011
6.142	3.0148890E-011
6.143	2.8275672E-011
6.144	2.6419249E-011
6.145	2.4622823E-011
6.146	2.2927800E-011
6.147	2.1372756E-011
6.148	1.9992567E-011
6.149	1.8817470E-011
6.15	1.7872454E-011
6.151	1.7176590E-011
6.152	1.6742652E-011
6.153	1.6576808E-011
6.154	1.6678539E-011
6.155	1.7040687E-011
6.156	1.7649703E-011
6.157	1.8485999E-011
6.158	1.9524533E-011
6.159	2.0735431E-011
6.16	2.2084794E-011
6.161	2.3535547E-011
6.162	2.5048384E-011
6.163	2.6582781E-011
6.164	2.8097941E-011
6.165	2.9553880E-011
6.166	3.0912356E-011
6.167	3.2137785E-011
6.168	3.3198194E-011
6.169	3.4065906E-011
6.17	3.4718242E-011
6.171	3.5138073E-011
6.172	3.5314154E-011
6.173	3.5241431E-011
6.174	3.4921087E-011
6.175	3.4360449E-011
6.176	3.3572773E-011
6.177	3.2576886E-011
6.178	3.1396635E-011
6.179	3.0060249E-011
6.18	2.8599633E-011
6.181	2.7049528E-011
6.182	2.5446610E-011
6.183	2.3828614E-011
6.184	2.2233378E-011
6.185	2.0697869E-011
6.186	1.9257334E-011
6.187	1.7944422E-011
6.188	1.6788395E-011
6.189	1.5814424E-011
6.19	1.5042998E-011
6.191	1.4489442E-011
6.192	1.4163557E-011
6.193	1.4069442E-011
6.194	1.4205402E-011
6.195	1.4564055E-011
6.196	1.5132531E-011
6.197	1.5892865E-011
6.198	1.6822438E-011
6.199	1.7894602E-011
6.2	1.9079361E-011
6.201	2.0344157E-011
6.202	2.1654628E-011
6.203	2.2975559E-011
6.204	2.4271717E-011
6.205	2.5508741E-011
6.206	2.6654000E-011
6.207	2.7677379E-011
6.208	2.8552036E-011
6.209	2.9255022E-011
6.21	2.9767862E-011
6.211	3.0076913E-011
6.212	3.0173739E-011
6.213	3.0055253E-011
6.214	2.9723723E-011
6.215	2.9186750E-011
6.216	2.8456966E-011
6.217	2.7551721E-011
6.218	2.6492600E-011
6.219	2.5304894E-011
6.22	2.4016898E-011
6.221	2.2659208E-011
6.222	2.1263939E-011
6.223	1.9863923E-011
6.224	1.8491890E-011
6.225	1.7179636E-011
6.226	1.5957239E-011
6.227	1.4852359E-011
6.228	1.3889522E-011
6.229	1.3089559E-011
6.23	1.2469113E-011
6.231	1.2040239E-011
6.232	1.1810154E-011
6.233	1.1781071E-011
6.234	1.1950177E-011
6.235	1.2309757E-011
6.236	1.2847379E-011
6.237	1.3546276E-011
6.238	1.4385769E-011
6.239	1.5341837E-011
6.24	1.6387716E-011
6.241	1.7494634E-011
6.242	1.8632512E-011
6.243	1.9770709E-011
6.244	2.0878863E-011
6.245	2.1927540E-011
6.246	2.2889038E-011
6.247	2.3738018E-011
6.248	2.4452117E-011
6.249	2.5012476E-011
6.25	2.5404193E-011
6.251	2.5616665E-011
6.252	2.5643800E-011
6.253	2.5484160E-011
6.254	2.5140990E-011
6.255	2.4622061E-011
6.256	2.3939501E-011
6.257	2.3109431E-011
6.258	2.2151583E-011
6.259	2.1088759E-011
6.26	1.9946263E-011
6.261	1.8751251E-011
6.262	1.7532002E-011
6.263	1.6317253E-011
6.264	1.5135452E-011
6.265	1.4014017E-011
6.266	1.2978681E-011
6.267	1.2052850E-011
6.268	1.1257035E-011
6.269	1.0608350E-011
6.27	1.0120112E-011
6.271	9.8015459E-012
6.272	9.6575655E-012
6.273	9.6886900E-012
6.274	9.8910567E-012
6.275	1.0256563E-011
6.276	1.0773082E-011
6.277	1.1424808E-011
6.278	1.2192657E-011
6.279	1.3054806E-011
6.28	1.3987209E-011
6.281	1.4964247E-011
6.282	1.5959359E-011
6.283	1.6945728E-011
6.284	1.7896920E-011
6.285	1.8787569E-011
6.286	1.9593977E-011
6.287	2.0294714E-011
6.288	2.0871123E-011
6.289	2.1307759E-011
6.29	2.1592780E-011
6.291	2.1718185E-011
6.292	2.1680048E-011
6.293	2.1478515E-011
6.294	2.1117868E-011
6.295	2.0606310E-011
6.296	1.9955804E-011
6.297	1.9181726E-011
6.298	1.8302460E-011
6.299	1.7338922E-011
6.3	1.6314033E-011
6.301	1.5252131E-011
6.302	1.4178350E-011
6.303	1.3117978E-011
6.304	1.2095831E-011
6.305	1.1135618E-011
6.306	1.0259352E-011
6.307	9.4868332E-012
6.308	8.8351158E-012
6.309	8.3181344E-012
6.31	7.9463562E-012
6.311	7.7265642E-012
6.312	7.6616803E-012
6.313	7.7507367E-012
6.314	7.9889160E-012
6.315	8.3676963E-012
6.316	8.8750899E-012
6.317	9.4959492E-012
6.318	1.0212371E-011
6.319	1.1004158E-011
6.32	1.1849337E-011
6.321	1.2724710E-011
6.322	1.3606467E-011
6.323	1.4470749E-011
6.324	1.5294285E-011
6.325	1.6054947E-011
6.326	1.6732307E-011
6.327	1.7308138E-011
6.328	1.7766885E-011
6.329	1.8095988E-011
6.33	1.8286246E-011
6.331	1.8331973E-011
6.332	1.8231156E-011
6.333	1.7985500E-011
6.334	1.7600308E-011
6.335	1.7084383E-011
6.336	1.6449762E-011
6.337	1.5711396E-011
6.338	1.4886772E-011
6.339	1.3995460E-011
6.34	1.3058617E-011
6.341	1.2098452E-011
6.342	1.1137665E-011
6.343	1.0198886E-011
6.344	9.3041226E-012
6.345	8.4741823E-012
6.346	7.7281731E-012
6.347	7.0830308E-012
6.348	6.5530836E-012
6.349	6.1497122E-012
6.35	5.8810660E-012
6.351	5.7518682E-012
6.352	5.7633169E-012
6.353	5.9130673E-012
6.354	6.1953069E-012
6.355	6.6009264E-012
6.356	7.1177474E-012
6.357	7.7308594E-012
6.358	8.4230053E-012
6.359	9.1750054E-012
6.36	9.9662726E-012
6.361	1.0775301E-011
6.362	1.1580221E-011
6.363	1.2359343E-011
6.364	1.3091703E-011
6.365	1.3757569E-011
6.366	1.4338940E-011
6.367	1.4820003E-011
6.368	1.5187509E-011
6.369	1.5431125E-011
6.37	1.5543629E-011
6.371	1.5521162E-011
6.372	1.5363232E-011
6.373	1.5072776E-011
6.374	1.4656032E-011
6.375	1.4122387E-011
6.376	1.3484120E-011
6.377	1.2756099E-011
6.378	1.1955407E-011
6.379	1.1100898E-011
6.38	1.0212747E-011
6.381	9.3119366E-012
6.382	8.4197406E-012
6.383	7.5572040E-012
6.384	6.7446135E-012
6.385	6.0009970E-012
6.386	5.3436604E-012
6.387	4.7877505E-012
6.388	4.3458973E-012
6.389	4.0278935E-012
6.39	3.8404713E-012
6.391	3.7871420E-012
6.392	3.8681172E-012
6.393	4.0803138E-012
6.394	4.4174430E-012
6.395	4.8701564E-012
6.396	5.4263070E-012
6.397	6.0712256E-012
6.398	6.7881113E-012
6.399	7.5584278E-012
6.4	8.3623707E-012
6.401	9.1793561E-012
6.402	9.9885317E-012
6.403	1.0769272E-011
6.404	1.1501692E-011
6.405	1.2167131E-011
6.406	1.2748590E-011
6.407	1.3231145E-011
6.408	1.3602294E-011
6.409	1.3852252E-011
6.41	1.3974173E-011
6.411	1.3964310E-011
6.412	1.3822089E-011
6.413	1.3550147E-011
6.414	1.3154248E-011
6.415	1.2643185E-011
6.416	1.2028586E-011
6.417	1.1324676E-011
6.418	1.0547944E-011
6.419	9.7167786E-012
6.42	8.8510015E-012
6.421	7.9713562E-012
6.422	7.0989035E-012
6.423	6.2544215E-012
6.424	5.4577618E-012
6.425	4.7273054E-012
6.426	4.0794980E-012
6.427	3.5285858E-012
6.428	3.0865054E-012
6.429	2.7629895E-012
6.43	2.5657983E-012
6.431	2.5010196E-012
6.432	2.5733573E-012
6.433	2.7863118E-012
6.434	3.1422471E-012
6.435	3.6423234E-012
6.436	4.2863547E-012
6.437	5.0726654E-012
6.438	5.9980107E-012
6.439	7.0576500E-012
6.44	8.2455527E-012
6.441	9.5547667E-012
6.442	1.0977895E-011
6.443	1.2507605E-011
6.444	1.4137160E-011
6.445	1.5860870E-011
6.446	1.7674496E-011
6.447	1.9575475E-011
6.448	2.1563156E-011
6.449	2.3638811E-011
6.45	2.5805653E-011
6.451	2.8068709E-011
6.452	3.0434669E-011
6.453	3.2911607E-011
6.454	3.5508770E-011
6.455	3.8236112E-011
6.456	4.1104016E-011
6.457	4.4122799E-011
6.458	4.7302252E-011
6.459	5.0651202E-011
6.46	5.4176934E-011
6.461	5.7884714E-011
6.462	6.1777361E-011
6.463	6.5854620E-011
6.464	7.0112957E-011
6.465	7.4545044E-011
6.466	7.9139466E-011
6.467	8.3880521E-011
6.468	8.8748175E-011
6.469	9.3717839E-011
6.47	9.8760625E-011
6.471	1.0384341E-010
6.472	1.0892898E-010
6.473	1.1397667E-010
6.474	1.1894258E-010
6.475	1.2378031E-010
6.476	1.2844138E-010
6.477	1.3287615E-010
6.478	1.3703447E-010
6.479	1.4086671E-010
6.48	1.4432434E-010
6.481	1.4736104E-010
6.482	1.4993354E-010
6.483	1.5200226E-010
6.484	1.5353242E-010
6.485	1.5449446E-010
6.486	1.5486470E-010
6.487	1.5462602E-010
6.488	1.5376801E-010
6.489	1.5228767E-010
6.49	1.5018910E-010
6.491	1.4748407E-010
6.492	1.4419166E-010
6.493	1.4033814E-010
6.494	1.3595682E-010
6.495	1.3108760E-010
6.496	1.2577639E-010
6.497	1.2007451E-010
6.498	1.1403816E-010
6.499	1.0772728E-010
6.5	1.0120497E-010
6.501	9.4536365E-011
6.502	8.7787673E-011
6.503	8.1025332E-011
6.504	7.4314672E-011
6.505	6.7719136E-011
6.506	6.1299382E-011
6.507	5.5112165E-011
6.508	4.9209727E-011
6.509	4.3638922E-011
6.51	3.8440660E-011
6.511	3.3649340E-011
6.512	2.9292464E-011
6.513	2.5390337E-011
6.514	2.1955928E-011
6.515	1.8994886E-011
6.516	1.6505616E-011
6.517	1.4479542E-011
6.518	1.2901486E-011
6.519	1.1750117E-011
6.52	1.0998535E-011
6.521	1.0614919E-011
6.522	1.0563284E-011
6.523	1.0804249E-011
6.524	1.1295883E-011
6.525	1.1994558E-011
6.526	1.2855834E-011
6.527	1.3835284E-011
6.528	1.4889343E-011
6.529	1.5976085E-011
6.53	1.7055942E-011
6.531	1.8092371E-011
6.532	1.9052414E-011
6.533	1.9907203E-011
6.534	2.0632327E-011
6.535	2.1208120E-011
6.536	2.1619841E-011
6.537	2.1857757E-011
6.538	2.1917072E-011
6.539	2.1797826E-011
6.54	2.1504616E-011
6.541	2.1046317E-011
6.542	2.0435636E-011
6.543	1.9688666E-011
6.544	1.8824341E-011
6.545	1.7863881E-011
6.546	1.6830181E-011
6.547	1.5747187E-011
6.548	1.4639285E-011
6.549	1.3530680E-011
6.55	1.2444850E-011
6.551	1.1403958E-011
6.552	1.0428389E-011
6.553	9.5363084E-012
6.554	8.7433004E-012
6.555	8.0620744E-012
6.556	7.5022488E-012
6.557	7.0702233E-012
6.558	6.7691130E-012
6.559	6.5987801E-012
6.56	6.5559411E-012
6.561	6.6343307E-012
6.562	6.8249473E-012
6.563	7.1163548E-012
6.564	7.4950263E-012
6.565	7.9457448E-012
6.566	8.4520108E-012
6.567	8.9964911E-012
6.568	9.5614575E-012
6.569	1.0129244E-011
6.57	1.0682650E-011
6.571	1.1205393E-011
6.572	1.1682437E-011
6.573	1.2100356E-011
6.574	1.2447612E-011
6.575	1.2714807E-011
6.576	1.2894827E-011
6.577	1.2982999E-011
6.578	1.2977116E-011
6.579	1.2877450E-011
6.58	1.2686658E-011
6.581	1.2409679E-011
6.582	1.2053534E-011
6.583	1.1627108E-011
6.584	1.1140887E-011
6.585	1.0606649E-011
6.586	1.0037150E-011
6.587	9.4457732E-012
6.588	8.8462076E-012
6.589	8.2520579E-012
6.59	7.6765582E-012
6.591	7.1322059E-012
6.592	6.6304878E-012
6.593	6.1816021E-012
6.594	5.7942331E-012
6.595	5.4753554E-012
6.596	5.2301006E-012
6.597	5.0616547E-012
6.598	4.9712283E-012
6.599	4.9580561E-012
6.6	5.0194601E-012
6.601	5.1509504E-012
6.602	5.3463766E-012
6.603	5.5981162E-012
6.604	5.8972844E-012
6.605	6.2339903E-012
6.606	6.5975970E-012
6.607	6.9770075E-012
6.608	7.3609452E-012
6.609	7.7382458E-012
6.61	8.0981385E-012
6.611	8.4305037E-012
6.612	8.7261075E-012
6.613	8.9768366E-012
6.614	9.1758623E-012
6.615	9.3177957E-012
6.616	9.3987951E-012
6.617	9.4166237E-012
6.618	9.3706978E-012
6.619	9.2620616E-012
6.62	9.0933277E-012
6.621	8.8686046E-012
6.622	8.5933526E-012
6.623	8.2742329E-012
6.624	7.9189242E-012
6.625	7.5359111E-012
6.626	7.1342498E-012
6.627	6.7233411E-012
6.628	6.3126791E-012
6.629	5.9116154E-012
6.63	5.5291214E-012
6.631	5.1735686E-012
6.632	4.8525337E-012
6.633	4.5726183E-012
6.634	4.3392967E-012
6.635	4.1567999E-012
6.636	4.0280283E-012
6.637	3.9544999E-012
6.638	3.9363335E-012
6.639	3.9722631E-012
6.64	4.0596940E-012
6.641	4.1947804E-012
6.642	4.3725449E-012
6.643	4.5870122E-012
6.644	4.8313684E-012
6.645	5.0981524E-012
6.646	5.3794491E-012
6.647	5.6670797E-012
6.648	5.9528380E-012
6.649	6.2286747E-012
6.65	6.4869195E-012
6.651	6.7204519E-012
6.652	6.9228915E-012
6.653	7.0887289E-012
6.654	7.2134681E-012
6.655	7.2937099E-012
6.656	7.3272308E-012
6.657	7.3130122E-012
6.658	7.2512595E-012
6.659	7.1433783E-012
6.66	6.9919179E-012
6.661	6.8004951E-012
6.662	6.5736982E-012
6.663	6.3169444E-012
6.664	6.0363429E-012
6.665	5.7385316E-012
6.666	5.4304972E-012
6.667	5.1193988E-012
6.668	4.8123853E-012
6.669	4.5164207E-012
6.67	4.2381064E-012
6.671	3.9835236E-012
6.672	3.7580924E-012
6.673	3.5664429E-012
6.674	3.4123026E-012
6.675	3.2984225E-012
6.676	3.2265161E-012
6.677	3.1972246E-012
6.678	3.2101216E-012
6.679	3.2637235E-012
6.68	3.3555457E-012
6.681	3.4821768E-012
6.682	3.6393774E-012
6.683	3.8221952E-012
6.684	4.0250980E-012
6.685	4.2421253E-012
6.686	4.4670387E-012
6.687	4.6934848E-012
6.688	4.9151521E-012
6.689	5.1259275E-012
6.69	5.3200448E-012
6.691	5.4922273E-012
6.692	5.6378092E-012
6.693	5.7528474E-012
6.694	5.8342099E-012
6.695	5.8796518E-012
6.696	5.8878510E-012
6.697	5.8584461E-012
6.698	5.7920222E-012
6.699	5.6900921E-012
6.7	5.5550503E-012
6.701	5.3900938E-012
6.702	5.1991462E-012
6.703	4.9867398E-012
6.704	4.7578968E-012
6.705	4.5180045E-012
6.706	4.2726703E-012
6.707	4.0275721E-012
6.708	3.7883290E-012
6.709	3.5603452E-012
6.71	3.3486922E-012
6.711	3.1579724E-012
6.712	2.9922165E-012
6.713	2.8547913E-012
6.714	2.7483181E-012
6.715	2.6746166E-012
6.716	2.6346757E-012
6.717	2.6286267E-012
6.718	2.6557630E-012
6.719	2.7145554E-012
6.72	2.8027077E-012
6.721	2.9172179E-012
6.722	3.0544631E-012
6.723	3.2102947E-012
6.724	3.3801473E-012
6.725	3.5591530E-012
6.726	3.7422699E-012
6.727	3.9244085E-012
6.728	4.1005558E-012
6.729	4.2658993E-012
6.73	4.4159559E-012
6.731	4.5466617E-012
6.732	4.6544929E-012
6.733	4.7365310E-012
6.734	4.7905412E-012
6.735	4.8150099E-012
6.736	4.8091891E-012
6.737	4.7730951E-012
6.738	4.7075026E-012
6.739	4.6139204E-012
6.74	4.4945462E-012
6.741	4.3521983E-012
6.742	4.1902488E-012
6.743	4.0125234E-012
6.744	3.8232052E-012
6.745	3.6267252E-012
6.746	3.4276544E-012
6.747	3.2305799E-012
6.748	3.0399958E-012
6.749	2.8601939E-012
6.75	2.6951525E-012
6.751	2.5484473E-012
6.752	2.4231615E-012
6.753	2.3218150E-012
6.754	2.2463093E-012
6.755	2.1978816E-012
6.756	2.1770801E-012
6.757	2.1837662E-012
6.758	2.2171110E-012
6.759	2.2756335E-012
6.76	2.3572405E-012
6.761	2.4592843E-012
6.762	2.5786363E-012
6.763	2.7117685E-012
6.764	2.8548461E-012
6.765	3.0038257E-012
6.766	3.1545580E-012
6.767	3.3028925E-012
6.768	3.4447790E-012
6.769	3.5763703E-012
6.77	3.6941136E-012
6.771	3.7948351E-012
6.772	3.8758228E-012
6.773	3.9348832E-012
6.774	3.9703974E-012
6.775	3.9813482E-012
6.776	3.9673525E-012
6.777	3.9286530E-012
6.778	3.8661119E-012
6.779	3.7811794E-012
6.78	3.6758552E-012
6.781	3.5526263E-012
6.782	3.4144063E-012
6.783	3.2644558E-012
6.784	3.1062958E-012
6.785	2.9436223E-012
6.786	2.7802097E-012
6.787	2.6198182E-012
6.788	2.4660953E-012
6.789	2.3224892E-012
6.79	2.1921642E-012
6.791	2.0779262E-012
6.792	1.9821486E-012
6.793	1.9067276E-012
6.794	1.8530321E-012
6.795	1.8218808E-012
6.796	1.8135234E-012
6.797	1.8276431E-012
6.798	1.8633688E-012
6.799	1.9192996E-012
6.8	1.9935496E-012
6.801	2.0837923E-012
6.802	2.1873278E-012
6.803	2.3011476E-012
6.804	2.4220159E-012
6.805	2.5465513E-012
6.806	2.6713128E-012
6.807	2.7928866E-012
6.808	2.9079729E-012
6.809	3.0134675E-012
6.81	3.1065361E-012
6.811	3.1846871E-012
6.812	3.2458211E-012
6.813	3.2882872E-012
6.814	3.3109153E-012
6.815	3.3130417E-012
6.816	3.2945194E-012
6.817	3.2557173E-012
6.818	3.1975082E-012
6.819	3.1212439E-012
6.82	3.0287162E-012
6.821	2.9221085E-012
6.822	2.8039387E-012
6.823	2.6769930E-012
6.824	2.5442521E-012
6.825	2.4088145E-012
6.826	2.2738200E-012
6.827	2.1423679E-012
6.828	2.0174424E-012
6.829	1.9018355E-012
6.83	1.7980831E-012
6.831	1.7084036E-012
6.832	1.6346466E-012
6.833	1.5782482E-012
6.834	1.5401997E-012
6.835	1.5210303E-012
6.836	1.5207921E-012
6.837	1.5390668E-012
6.838	1.5749802E-012
6.839	1.6272241E-012
6.84	1.6940989E-012
6.841	1.7735549E-012
6.842	1.8632485E-012
6.843	1.9606070E-012
6.844	2.0628870E-012
6.845	2.1672538E-012
6.846	2.2708441E-012
6.847	2.3708418E-012
6.848	2.4645453E-012
6.849	2.5494355E-012
6.85	2.6232337E-012
6.851	2.6839587E-012
6.852	2.7299764E-012
6.853	2.7600344E-012
6.854	2.7732901E-012
6.855	2.7693334E-012
6.856	2.7481882E-012
6.857	2.7103083E-012
6.858	2.6565642E-012
6.859	2.5882172E-012
6.86	2.5068777E-012
6.861	2.4144710E-012
6.862	2.3131792E-012
6.863	2.2053873E-012
6.864	2.0936217E-012
6.865	1.9804863E-012
6.866	1.8685962E-012
6.867	1.7605133E-012
6.868	1.6586823E-012
6.869	1.5653719E-012
6.87	1.4826205E-012
6.871	1.4121863E-012
6.872	1.3555064E-012
6.873	1.3136649E-012
6.874	1.2873693E-012
6.875	1.2769322E-012
6.876	1.2822719E-012
6.877	1.3029134E-012
6.878	1.3380049E-012
6.879	1.3863417E-012
6.88	1.4463971E-012
6.881	1.5163683E-012
6.882	1.5942176E-012
6.883	1.6777313E-012
6.884	1.7645734E-012
6.885	1.8523481E-012
6.886	1.9386602E-012
6.887	2.0211725E-012
6.888	2.0976675E-012
6.889	2.1660989E-012
6.89	2.2246400E-012
6.891	2.2717299E-012
6.892	2.3061063E-012
6.893	2.3268373E-012
6.894	2.3333393E-012
6.895	2.3253929E-012
6.896	2.3031442E-012
6.897	2.2671019E-012
6.898	2.2181285E-012
6.899	2.1574155E-012
6.9	2.0864586E-012
6.901	2.0070235E-012
6.902	1.9210970E-012
6.903	1.8308352E-012
6.904	1.7384989E-012
6.905	1.6463808E-012
6.906	1.5567253E-012
6.907	1.4716495E-012
6.908	1.3930674E-012
6.909	1.3226270E-012
6.91	1.2616731E-012
6.911	1.2112285E-012
6.912	1.1720029E-012
6.913	1.1444228E-012
6.914	1.1286701E-012
6.915	1.1247208E-012
6.916	1.1323741E-012
6.917	1.1512612E-012
6.918	1.1808395E-012
6.919	1.2203690E-012
6.92	1.2688880E-012
6.921	1.3251941E-012
6.922	1.3878397E-012
6.923	1.4551522E-012
6.924	1.5252735E-012
6.925	1.5962173E-012
6.926	1.6659416E-012
6.927	1.7324216E-012
6.928	1.7937220E-012
6.929	1.8480640E-012
6.93	1.8938742E-012
6.931	1.9298328E-012
6.932	1.9549048E-012
6.933	1.9683634E-012
6.934	1.9698039E-012
6.935	1.9591574E-012
6.936	1.9366917E-012
6.937	1.9030073E-012
6.938	1.8590329E-012
6.939	1.8060024E-012
6.94	1.7454311E-012
6.941	1.6790681E-012
6.942	1.6088422E-012
6.943	1.5367840E-012
6.944	1.4649373E-012
6.945	1.3952603E-012
6.946	1.3295244E-012
6.947	1.2692293E-012
6.948	1.2155378E-012
6.949	1.1692473E-012
6.95	1.1307986E-012
6.951	1.1003272E-012
6.952	1.0777414E-012
6.953	1.0628190E-012
6.954	1.0552959E-012
6.955	1.0549416E-012
6.956	1.0615935E-012
6.957	1.0751536E-012
6.958	1.0955447E-012
6.959	1.1226410E-012
6.96	1.1561826E-012
6.961	1.1956966E-012
6.962	1.2404421E-012
6.963	1.2893840E-012
6.964	1.3412081E-012
6.965	1.3943681E-012
6.966	1.4471618E-012
6.967	1.4978198E-012
6.968	1.5446000E-012
6.969	1.5858733E-012
6.97	1.6201984E-012
6.971	1.6463782E-012
6.972	1.6635004E-012
6.973	1.6709671E-012
6.974	1.6685086E-012
6.975	1.6561933E-012
6.976	1.6344265E-012
6.977	1.6039443E-012
6.978	1.5657933E-012
6.979	1.5212993E-012
6.98	1.4720181E-012
6.981	1.4196659E-012
6.982	1.3660335E-012
6.983	1.3128856E-012
6.984	1.2618556E-012
6.985	1.2143475E-012
6.986	1.1714562E-012
6.987	1.1339205E-012
6.988	1.1021140E-012
6.989	1.0760745E-012
6.99	1.0555712E-012
6.991	1.0401946E-012
6.992	1.0294573E-012
6.993	1.0228917E-012
6.994	1.0201309E-012
6.995	1.0209571E-012
6.996	1.0253213E-012
6.997	1.0333246E-012
6.998	1.0451673E-012
6.999	1.0610754E-012
7	1.0812101E-012
7.001	1.1055808E-012
7.002	1.1339692E-012
7.003	1.1658773E-012
7.004	1.2005130E-012
7.005	1.2368073E-012
7.006	1.2734697E-012
7.007	1.3090656E-012
7.008	1.3421118E-012
7.009	1.3711755E-012
7.01	1.3949642E-012
7.011	1.4124064E-012
7.012	1.4227097E-012
7.013	1.4254037E-012
7.014	1.4203644E-012
7.015	1.4078194E-012
7.016	1.3883374E-012
7.017	1.3628005E-012
7.018	1.3323557E-012
7.019	1.2983496E-012
7.02	1.2622438E-012
7.021	1.2255187E-012
7.022	1.1895734E-012
7.023	1.1556321E-012
7.024	1.1246692E-012
7.025	1.0973584E-012
7.026	1.0740621E-012
7.027	1.0548460E-012
7.028	1.0395286E-012
7.029	1.0277497E-012
7.03	1.0190449E-012
7.031	1.0129215E-012
7.032	1.0089248E-012
7.033	1.0066870E-012
7.034	1.0059591E-012
7.035	1.0066287E-012
7.036	1.0087171E-012
7.037	1.0123627E-012
7.038	1.0177918E-012
7.039	1.0252737E-012
7.04	1.0350662E-012
7.041	1.0473559E-012
7.042	1.0621943E-012
7.043	1.0794479E-012
7.044	1.0987603E-012
7.045	1.1195400E-012
7.046	1.1409791E-012
7.047	1.1620981E-012
7.048	1.1818179E-012
7.049	1.1990480E-012
7.05	1.2127800E-012
7.051	1.2221788E-012
7.052	1.2266576E-012
7.053	1.2259312E-012
7.054	1.2200429E-012
7.055	1.2093607E-012
7.056	1.1945440E-012
7.057	1.1764847E-012
7.058	1.1562256E-012
7.059	1.1348681E-012
7.06	1.1134778E-012
7.061	1.0929971E-012
7.062	1.0741806E-012
7.063	1.0575537E-012
7.064	1.0434033E-012
7.065	1.0317945E-012
7.066	1.0226098E-012
7.067	1.0156001E-012
7.068	1.0104409E-012
7.069	1.0067816E-012
7.07	1.0042869E-012
7.071	1.0026647E-012
7.072	1.0016817E-012
7.073	1.0011699E-012
7.074	1.0010266E-012
7.075	1.0012104E-012
7.076	1.0017373E-012
7.077	1.0026711E-012
7.078	1.0041183E-012
7.079	1.0062130E-012
7.08	1.0091008E-012
7.081	1.0129153E-012
7.082	1.0177495E-012
7.083	1.0236251E-012
7.084	1.0304628E-012
7.085	1.0380621E-012
7.086	1.0460966E-012
7.087	1.0541276E-012
7.088	1.0616367E-012
7.089	1.0680813E-012
7.09	1.0729542E-012
7.091	1.0758519E-012
7.092	1.0765250E-012
7.093	1.0749164E-012
7.094	1.0711659E-012
7.095	1.0655929E-012
7.096	1.0586511E-012
7.097	1.0508696E-012
7.098	1.0427872E-012
7.099	1.0348930E-012
7.1	1.0275813E-012
7.101	1.0211263E-012
7.102	1.0156757E-012
7.103	1.0112641E-012
7.104	1.0078360E-012
7.105	1.0052757E-012
7.106	1.0034366E-012
7.107	1.0021651E-012
7.108	1.0013190E-012
7.109	1.0007767E-012
7.11	1.0004420E-012
7.111	1.0002430E-012
7.112	1.0001290E-012
7.113	1.0000660E-012
7.114	1.0000326E-012
7.115	1.0000155E-012
7.116	1.0000070E-012
7.117	1.0000030E-012
7.118	1.0000012E-012
7.119	1.0000003E-012
7.12	1.0000000E-012
7.121	9.9999989E-013
7.122	9.9999978E-013
7.123	9.9999978E-013
7.124	9.9999978E-013
7.125	9.9999978E-013
7.126	9.9999978E-013
7.127	9.9999978E-013
7.128	9.9999978E-013
7.129	9.9999978E-013
7.13	9.9999978E-013
7.131	9.9999978E-013
7.132	9.9999978E-013
7.133	9.9999978E-013
7.134	9.9999978E-013
7.135	9.9999978E-013
7.136	9.9999978E-013
7.137	9.9999978E-013
7.138	9.9999978E-013
7.139	9.9999978E-013
7.14	9.9999978E-013
7.141	9.9999978E-013
7.142	9.9999978E-013
7.143	9.9999978E-013
7.144	9.9999978E-013
7.145	9.9999978E-013
7.146	9.9999978E-013
7.147	9.9999978E-013
7.148	9.9999978E-013
7.149	9.9999978E-013
7.15	9.9999978E-013
7.151	9.9999978E-013
7.152	9.9999978E-013
7.153	9.9999978E-013
7.154	9.9999978E-013
7.155	9.9999978E-013
7.156	9.9999978E-013
7.157	9.9999978E-013
7.158	9.9999978E-013
7.159	9.9999978E-013
7.16	9.9999978E-013
7.161	9.9999978E-013
7.162	9.9999978E-013
7.163	9.9999978E-013
7.164	9.9999978E-013
7.165	9.9999978E-013
7.166	9.9999978E-013
7.167	9.9999978E-013
7.168	9.9999978E-013
7.169	9.9999978E-013
7.17	9.9999978E-013
7.171	9.9999978E-013
7.172	9.9999978E-013
7.173	9.9999978E-013
7.174	9.9999978E-013
7.175	9.9999978E-013
7.176	9.9999978E-013
7.177	9.9999978E-013
7.178	9.9999978E-013
7.179	9.9999978E-013
7.18	9.9999978E-013
7.181	9.9999978E-013
7.182	9.9999978E-013
7.183	9.9999978E-013
7.184	9.9999978E-013
7.185	9.9999978E-013
7.186	9.9999978E-013
7.187	9.9999978E-013
7.188	9.9999978E-013
7.189	9.9999978E-013
7.19	9.9999978E-013
7.191	9.9999978E-013
7.192	9.9999978E-013
7.193	9.9999978E-013
7.194	9.9999978E-013
7.195	9.9999978E-013
7.196	9.9999978E-013
7.197	9.9999978E-013
7.198	9.9999978E-013
7.199	9.9999978E-013
7.2	9.9999978E-013
7.201	9.9999978E-013
7.202	9.9999978E-013
7.203	9.9999978E-013
7.204	9.9999978E-013
7.205	9.9999978E-013
7.206	9.9999978E-013
7.207	9.9999978E-013
7.208	9.9999978E-013
7.209	9.9999978E-013
7.21	9.9999978E-013
7.211	9.9999978E-013
7.212	9.9999978E-013
7.213	9.9999978E-013
7.214	9.9999978E-013
7.215	9.9999978E-013
7.216	9.9999978E-013
7.217	9.9999978E-013
7.218	9.9999978E-013
7.219	9.9999978E-013
7.22	9.9999978E-013
7.221	9.9999978E-013
7.222	9.9999978E-013
7.223	9.9999978E-013
7.224	9.9999978E-013
7.225	9.9999978E-013
7.226	9.9999978E-013
7.227	9.9999978E-013
7.228	9.9999978E-013
7.229	9.9999978E-013
7.23	9.9999978E-013
7.231	9.9999978E-013
7.232	9.9999978E-013
7.233	9.9999978E-013
7.234	9.9999978E-013
7.235	9.9999978E-013
7.236	9.9999978E-013
7.237	9.9999978E-013
7.238	9.9999978E-013
7.239	9.9999978E-013
7.24	9.9999978E-013
7.241	9.9999978E-013
7.242	9.9999978E-013
7.243	9.9999978E-013
7.244	9.9999978E-013
7.245	9.9999978E-013
7.246	9.9999978E-013
7.247	9.9999978E-013
7.248	9.9999989E-013
7.249	1.0000004E-012
7.25	1.0000017E-012
7.251	1.0000048E-012
7.252	1.0000115E-012
7.253	1.0000269E-012
7.254	1.0000606E-012
7.255	1.0001325E-012
7.256	1.0002785E-012
7.257	1.0005656E-012
7.258	1.0011107E-012
7.259	1.0021091E-012
7.26	1.0038759E-012
7.261	1.0068949E-012
7.262	1.0118787E-012
7.263	1.0198335E-012
7.264	1.0321125E-012
7.265	1.0504529E-012
7.266	1.0769784E-012
7.267	1.1141484E-012
7.268	1.1646551E-012
7.269	1.2312570E-012
7.27	1.3165714E-012
7.271	1.4228395E-012
7.272	1.5516979E-012
7.273	1.7039896E-012
7.274	1.8796418E-012
7.275	2.0776230E-012
7.276	2.2959863E-012
7.277	2.5319861E-012
7.278	2.7822419E-012
7.279	3.0429277E-012
7.28	3.3099569E-012
7.281	3.5791504E-012
7.282	3.8463594E-012
7.283	4.1075728E-012
7.284	4.3589759E-012
7.285	4.5969929E-012
7.286	4.8183215E-012
7.287	5.0199536E-012
7.288	5.1991926E-012
7.289	5.3536724E-012
7.29	5.4813810E-012
7.291	5.5806804E-012
7.292	5.6503218E-012
7.293	5.6894559E-012
7.294	5.6976494E-012
7.295	5.6748842E-012
7.296	5.6215653E-012
7.297	5.5384985E-012
7.298	5.4268920E-012
7.299	5.2883258E-012
7.3	5.1247348E-012
7.301	4.9383804E-012
7.302	5.8707466E-012
7.303	5.7780256E-012
7.304	5.6537231E-012
7.305	5.4989342E-012
7.306	5.3173594E-012
7.307	5.1099953E-012
7.308	4.8798088E-012
7.309	4.6311154E-012
7.31	4.3662057E-012
7.311	4.0899098E-012
7.312	3.8040933E-012
7.313	3.5127743E-012
7.314	3.2200262E-012
7.315	2.9291519E-012
7.316	2.6433124E-012
7.317	2.3651177E-012
7.318	2.1077012E-012
7.319	1.8789811E-012
7.32	1.6783363E-012
7.321	1.5056144E-012
7.322	1.3600485E-012
7.323	1.2414871E-012
7.324	1.1484854E-012
7.325	1.0793075E-012
7.326	1.0326636E-012
7.327	1.0070177E-012
7.328	1.0000001E-012
7.329	1.0000001E-012
7.33	1.0000001E-012
7.331	1.0000001E-012
7.332	1.0000001E-012
7.333	1.0000001E-012
7.334	1.0000001E-012
7.335	1.0000001E-012
7.336	1.0000001E-012
7.337	1.0000001E-012
7.338	1.0000001E-012
7.339	1.0000001E-012
7.34	1.0000001E-012
7.341	1.0000001E-012
7.342	1.0000001E-012
7.343	1.0000001E-012
7.344	1.0000001E-012
7.345	1.0000001E-012
7.346	1.0000001E-012
7.347	1.0000001E-012
7.348	1.0000001E-012
7.349	1.0000001E-012
7.35	1.0000001E-012
7.351	1.0000001E-012
7.352	1.0000001E-012
7.353	1.0000001E-012
7.354	1.0000001E-012
7.355	1.0000001E-012
7.356	1.0000001E-012
7.357	1.0000001E-012
7.358	1.0000001E-012
7.359	1.0000001E-012
7.36	1.0000001E-012
7.361	1.0000001E-012
7.362	1.0000001E-012
7.363	1.0000001E-012
7.364	1.0000001E-012
7.365	1.0000001E-012
7.366	1.0000001E-012
7.367	1.0000001E-012
7.368	1.0000001E-012
7.369	1.0000001E-012
7.37	1.0000001E-012
7.371	1.0000001E-012
7.372	1.0000001E-012
7.373	1.0000001E-012
7.374	1.0000001E-012
7.375	1.0000001E-012
7.376	1.0000001E-012
7.377	1.0000001E-012
7.378	1.0000001E-012
7.379	1.0000001E-012
7.38	1.0000001E-012
7.381	1.0000001E-012
7.382	1.0000001E-012
7.383	1.0000001E-012
7.384	1.0000001E-012
7.385	1.0000001E-012
7.386	1.0000001E-012
7.387	1.0000001E-012
7.388	1.0000001E-012
7.389	1.0000001E-012
7.39	1.0000001E-012
7.391	1.0000001E-012
7.392	1.0000001E-012
7.393	1.0000001E-012
7.394	1.0000001E-012
7.395	1.0000001E-012
7.396	1.0000001E-012
7.397	1.0000001E-012
7.398	1.0000001E-012
7.399	1.0000001E-012
7.4	1.0000001E-012
