theta_deg	R
0.001	1.0000048E+000
0.002	1.0000048E+000
0.003	1.0000048E+000
0.004	1.0000048E+000
0.005	1.0000048E+000
0.006	1.0000048E+000
0.007	1.0000048E+000
0.008	1.0000048E+000
0.009	1.0000048E+000
0.01	1.0000048E+000
0.011	1.0000048E+000
0.012	1.0000048E+000
0.013	1.0000048E+000
0.014	9.9293739E-001
0.015	9.9293739E-001
0.016	9.9293739E-001
0.017	9.9293739E-001
0.018	9.9293739E-001
0.019	9.9293739E-001
0.02	9.9293739E-001
0.021	9.9293739E-001
0.022	9.9293739E-001
0.023	9.9293739E-001
0.024	9.9293739E-001
0.025	9.8998517E-001
0.026	9.8998517E-001
0.027	9.8998517E-001
0.028	9.8998517E-001
0.029	9.8998517E-001
0.03	9.8998517E-001
0.031	9.8998517E-001
0.032	9.8769790E-001
0.033	9.8769790E-001
0.034	9.8769790E-001
0.035	9.8769790E-001
0.036	9.8769790E-001
0.037	9.8769790E-001
0.038	9.8575073E-001
0.039	9.8575073E-001
0.04	9.8575073E-001
0.041	9.8575073E-001
0.042	9.8401749E-001
0.043	9.8401749E-001
0.044	9.8401749E-001
0.045	9.8401749E-001
0.046	9.8401749E-001
0.047	9.8243475E-001
0.048	9.8243475E-001
0.049	9.8243475E-001
0.05	9.8243475E-001
0.051	9.8096389E-001
0.052	9.8096389E-001
0.053	9.8096389E-001
0.054	9.8096389E-001
0.055	9.7958034E-001
0.056	9.7958034E-001
0.057	9.7958034E-001
0.058	9.7826743E-001
0.059	9.7826743E-001
0.06	9.7826743E-001
0.061	9.7701228E-001
0.062	9.7701228E-001
0.063	9.7701228E-001
0.064	9.7701228E-001
0.065	9.7580576E-001
0.066	9.7580576E-001
0.067	9.7580576E-001
0.068	9.7464079E-001
0.069	9.7464079E-001
0.07	9.7351134E-001
0.071	9.7351134E-001
0.072	9.7351134E-001
0.073	9.7241312E-001
0.074	9.7241312E-001
0.075	9.7241312E-001
0.076	9.7134185E-001
0.077	9.7134185E-001
0.078	9.7029459E-001
0.079	9.7029459E-001
0.08	9.7029459E-001
0.081	9.6926904E-001
0.082	9.6926904E-001
0.083	9.6825564E-001
0.084	9.6825564E-001
0.085	9.6825564E-001
0.086	9.6726567E-001
0.087	9.6726567E-001
0.088	9.6629131E-001
0.089	9.6629131E-001
0.09	9.6532321E-001
0.091	9.6532321E-001
0.092	9.6437442E-001
0.093	9.6437442E-001
0.094	9.6343738E-001
0.095	9.6343738E-001
0.096	9.6250290E-001
0.097	9.6250290E-001
0.098	9.6158504E-001
0.099	9.6158504E-001
0.1	9.6066743E-001
0.101	9.6066743E-001
0.102	9.5976585E-001
0.103	9.5976585E-001
0.104	9.5886219E-001
0.105	9.5886219E-001
0.106	9.5797336E-001
0.107	9.5797336E-001
0.108	9.5708144E-001
0.109	9.5708144E-001
0.11	9.5620322E-001
0.111	9.5620322E-001
0.112	9.5532084E-001
0.113	9.5444238E-001
0.114	9.5444238E-001
0.115	9.5357621E-001
0.116	9.5357621E-001
0.117	9.5271373E-001
0.118	9.5184469E-001
0.119	9.5184469E-001
0.12	9.5097780E-001
0.121	9.5097780E-001
0.122	9.5012242E-001
0.123	9.4925934E-001
0.124	9.4925934E-001
0.125	9.4839752E-001
0.126	9.4753712E-001
0.127	9.4753712E-001
0.128	9.4667715E-001
0.129	9.4581777E-001
0.13	9.4581777E-001
0.131	9.4495833E-001
0.132	9.4409925E-001
0.133	9.4409925E-001
0.134	9.4324028E-001
0.135	9.4238055E-001
0.136	9.4238055E-001
0.137	9.4151986E-001
0.138	9.4065899E-001
0.139	9.4065899E-001
0.14	9.3979692E-001
0.141	9.3892175E-001
0.142	9.3805736E-001
0.143	9.3805736E-001
0.144	9.3719077E-001
0.145	9.3633503E-001
0.146	9.3633503E-001
0.147	9.3545270E-001
0.148	9.3458086E-001
0.149	9.3370634E-001
0.15	9.3370634E-001
0.151	9.3281680E-001
0.152	9.3193746E-001
0.153	9.3104261E-001
0.154	9.3015748E-001
0.155	9.3015748E-001
0.156	9.2925614E-001
0.157	9.2836469E-001
0.158	9.2745644E-001
0.159	9.2655820E-001
0.16	9.2655820E-001
0.161	9.2564237E-001
0.162	9.2472267E-001
0.163	9.2381263E-001
0.164	9.2288452E-001
0.165	9.2195177E-001
0.166	9.2195177E-001
0.167	9.2102885E-001
0.168	9.2008710E-001
0.169	9.1914046E-001
0.17	9.1818833E-001
0.171	9.1723156E-001
0.172	9.1626930E-001
0.173	9.1626930E-001
0.174	9.1530114E-001
0.175	9.1432732E-001
0.176	9.1336387E-001
0.177	9.1237867E-001
0.178	9.1137087E-001
0.179	9.1037351E-001
0.18	9.0936923E-001
0.181	9.0834218E-001
0.182	9.0732431E-001
0.183	9.0629947E-001
0.184	9.0525097E-001
0.185	9.0525097E-001
0.186	9.0421158E-001
0.187	9.0314823E-001
0.188	9.0209401E-001
0.189	9.0101415E-001
0.19	8.9992625E-001
0.191	8.9884824E-001
0.192	8.9776123E-001
0.193	8.9664757E-001
0.194	8.9552510E-001
0.195	8.9439350E-001
0.196	8.9325219E-001
0.197	8.9210141E-001
0.198	8.9094001E-001
0.199	8.8978833E-001
0.2	8.8860732E-001
0.201	8.8741601E-001
0.202	8.8621306E-001
0.203	8.8499981E-001
0.204	8.8375509E-001
0.205	8.8251847E-001
0.206	8.8127011E-001
0.207	8.7998927E-001
0.208	8.7743068E-001
0.209	8.7611121E-001
0.21	8.7479913E-001
0.211	8.7347353E-001
0.212	8.7211305E-001
0.213	8.7073714E-001
0.214	8.6936837E-001
0.215	8.6796385E-001
0.216	8.6654389E-001
0.217	8.6510825E-001
0.218	8.6366224E-001
0.219	8.6065924E-001
0.22	8.5915750E-001
0.221	8.5762036E-001
0.222	8.5610980E-001
0.223	8.5452306E-001
0.224	8.5293251E-001
0.225	8.5131747E-001
0.226	8.4802395E-001
0.227	8.4634870E-001
0.228	8.4466916E-001
0.229	8.4292984E-001
0.23	8.4117448E-001
0.231	8.3938324E-001
0.232	8.3576328E-001
0.233	8.3390075E-001
0.234	8.3197844E-001
0.235	8.3004957E-001
0.236	8.2810134E-001
0.237	8.2411331E-001
0.238	8.2205367E-001
0.239	8.1997156E-001
0.24	8.1783330E-001
0.241	8.1571889E-001
0.242	8.1125981E-001
0.243	8.0897588E-001
0.244	8.0667430E-001
0.245	8.0431360E-001
0.246	7.9941052E-001
0.247	7.9691207E-001
0.248	7.9438859E-001
0.249	7.9178673E-001
0.25	7.8636980E-001
0.251	7.8360301E-001
0.252	7.8075790E-001
0.253	7.7489972E-001
0.254	7.7186203E-001
0.255	7.6878834E-001
0.256	7.6561397E-001
0.257	7.5901276E-001
0.258	7.5563747E-001
0.259	7.5215429E-001
0.26	7.4485546E-001
0.261	7.4109703E-001
0.262	7.3721522E-001
0.263	7.2912514E-001
0.264	7.2495121E-001
0.265	7.2062337E-001
0.266	7.1156228E-001
0.267	7.0688856E-001
0.268	6.9700193E-001
0.269	6.9181699E-001
0.27	6.8647039E-001
0.271	6.7529756E-001
0.272	6.6942704E-001
0.273	6.6339415E-001
0.274	6.5061718E-001
0.275	6.4393181E-001
0.276	6.2983799E-001
0.277	6.2241042E-001
0.278	6.1474508E-001
0.279	5.9869796E-001
0.28	5.9026945E-001
0.281	5.7262200E-001
0.282	5.6343585E-001
0.283	5.4428995E-001
0.284	5.3442717E-001
0.285	5.1406288E-001
0.286	5.0370717E-001
0.287	4.9318573E-001
0.288	4.7199491E-001
0.289	4.6136737E-001
0.29	4.4023669E-001
0.291	4.2979172E-001
0.292	4.0925837E-001
0.293	3.9921951E-001
0.294	3.7965888E-001
0.295	3.7019807E-001
0.296	3.5193762E-001
0.297	3.4319532E-001
0.298	3.2661471E-001
0.299	3.1879881E-001
0.3	3.0416405E-001
0.301	2.9084745E-001
0.302	2.8464812E-001
0.303	2.7299139E-001
0.304	2.6747656E-001
0.305	2.5686762E-001
0.306	2.5169745E-001
0.307	2.4150854E-001
0.308	2.3644732E-001
0.309	2.2638388E-001
0.31	2.1646985E-001
0.311	2.1161912E-001
0.312	2.0228417E-001
0.313	1.9786066E-001
0.314	1.8963668E-001
0.315	1.8239428E-001
0.316	1.7916822E-001
0.317	1.7350380E-001
0.318	1.7103660E-001
0.319	1.6672708E-001
0.32	1.6303398E-001
0.321	1.6133150E-001
0.322	1.5802653E-001
0.323	1.5463470E-001
0.324	1.5283924E-001
0.325	1.4894316E-001
0.326	1.4458026E-001
0.327	1.4221922E-001
0.328	1.3719286E-001
0.329	1.3185711E-001
0.33	1.2912494E-001
0.331	1.2366405E-001
0.332	1.1838830E-001
0.333	1.1588418E-001
0.334	1.1126207E-001
0.335	1.0727423E-001
0.336	1.0555128E-001
0.337	1.0266969E-001
0.338	1.0053521E-001
0.339	9.9070840E-002
0.34	9.8557800E-002
0.341	9.7858146E-002
0.342	9.7452842E-002
0.343	9.7155161E-002
0.344	9.6988626E-002
0.345	9.6520595E-002
0.346	9.5757298E-002
0.347	9.4594069E-002
0.348	9.3843780E-002
0.349	9.1983810E-002
0.35	8.9665093E-002
0.351	8.6919881E-002
0.352	8.3840445E-002
0.353	8.2204863E-002
0.354	7.8820229E-002
0.355	7.5394265E-002
0.356	7.2057322E-002
0.357	6.8935454E-002
0.358	6.6140339E-002
0.359	6.4891890E-002
0.36	6.2741108E-002
0.361	6.1076876E-002
0.362	5.9921354E-002
0.363	5.9248816E-002
0.364	5.9010401E-002
0.365	5.9034981E-002
0.366	5.9311282E-002
0.367	5.9808895E-002
0.368	6.0424704E-002
0.369	6.1055277E-002
0.37	6.1600652E-002
0.371	6.1972767E-002
0.372	6.2097695E-002
0.373	6.1926350E-002
0.374	6.1715525E-002
0.375	6.1035872E-002
0.376	6.0007952E-002
0.377	5.8649804E-002
0.378	5.6995727E-002
0.379	5.5086255E-002
0.38	5.2989282E-002
0.381	5.0771013E-002
0.382	4.8502386E-002
0.383	4.6260465E-002
0.384	4.4117268E-002
0.385	4.2138394E-002
0.386	4.0382046E-002
0.387	3.8894884E-002
0.388	3.7709471E-002
0.389	3.6844362E-002
0.39	3.6301386E-002
0.391	3.6074173E-002
0.392	3.6132470E-002
0.393	3.6447711E-002
0.394	3.6964439E-002
0.395	3.7639394E-002
0.396	3.8409833E-002
0.397	3.9220124E-002
0.398	4.0012062E-002
0.399	4.0731881E-002
0.4	4.1331697E-002
0.401	4.1769486E-002
0.402	4.2014506E-002
0.403	4.2040896E-002
0.404	4.1835368E-002
0.405	4.1394684E-002
0.406	4.0721633E-002
0.407	3.9830476E-002
0.408	3.8743541E-002
0.409	3.7488393E-002
0.41	3.5364036E-002
0.411	3.3844125E-002
0.412	3.2290496E-002
0.413	3.0745218E-002
0.414	2.9244652E-002
0.415	2.7834602E-002
0.416	2.6545558E-002
0.417	2.5410343E-002
0.418	2.4454048E-002
0.419	2.3382807E-002
0.42	2.2927664E-002
0.421	2.2684131E-002
0.422	2.2643456E-002
0.423	2.2789415E-002
0.424	2.3109972E-002
0.425	2.3853214E-002
0.426	2.4482554E-002
0.427	2.5185063E-002
0.428	2.5926106E-002
0.429	2.6673440E-002
0.43	2.7395204E-002
0.431	2.8364072E-002
0.432	2.8897073E-002
0.433	2.9312132E-002
0.434	2.9593287E-002
0.435	2.9735764E-002
0.436	2.9634841E-002
0.437	2.9374925E-002
0.438	2.8960235E-002
0.439	2.8396815E-002
0.44	2.7302707E-002
0.441	2.6431065E-002
0.442	2.5467165E-002
0.443	2.4432927E-002
0.444	2.2803666E-002
0.445	2.1698793E-002
0.446	2.0610265E-002
0.447	1.9054780E-002
0.448	1.8099299E-002
0.449	1.7236071E-002
0.45	1.6478743E-002
0.451	1.5567951E-002
0.452	1.5126435E-002
0.453	1.4823110E-002
0.454	1.4628474E-002
0.455	1.4667212E-002
0.456	1.4830223E-002
0.457	1.5290203E-002
0.458	1.5717294E-002
0.459	1.6224353E-002
0.46	1.7091572E-002
0.461	1.7714709E-002
0.462	1.8350352E-002
0.463	1.9286113E-002
0.464	1.9871535E-002
0.465	2.0650486E-002
0.466	2.1081783E-002
0.467	2.1429228E-002
0.468	2.1770412E-002
0.469	2.1870146E-002
0.47	2.1861639E-002
0.471	2.1643827E-002
0.472	2.1365242E-002
0.473	2.0759886E-002
0.474	2.0241488E-002
0.475	1.9316617E-002
0.476	1.8618733E-002
0.477	1.7870689E-002
0.478	1.6686713E-002
0.479	1.5876893E-002
0.48	1.4668869E-002
0.481	1.3888469E-002
0.482	1.2791511E-002
0.483	1.2126409E-002
0.484	1.1255713E-002
0.485	1.0773158E-002
0.486	1.0213203E-002
0.487	9.9540697E-003
0.488	9.7454973E-003
0.489	9.7234203E-003
0.49	9.8618092E-003
0.491	1.0059582E-002
0.492	1.0498124E-002
0.493	1.0873131E-002
0.494	1.1531834E-002
0.495	1.2020291E-002
0.496	1.2796546E-002
0.497	1.3325874E-002
0.498	1.4108188E-002
0.499	1.4605177E-002
0.5	1.5287046E-002
0.501	1.5685523E-002
0.502	1.6178012E-002
0.503	1.6525766E-002
0.504	1.6668303E-002
0.505	1.6741015E-002
0.506	1.6692128E-002
0.507	1.6477047E-002
0.508	1.6240526E-002
0.509	1.5758138E-002
0.51	1.5134720E-002
0.511	1.4652672E-002
0.512	1.3848381E-002
0.513	1.3270706E-002
0.514	1.2364062E-002
0.515	1.1438113E-002
0.516	1.0825179E-002
0.517	9.9358708E-003
0.518	9.1083162E-003
0.519	8.6047379E-003
0.52	7.9385387E-003
0.521	7.3956670E-003
0.522	7.1102064E-003
0.523	6.8062707E-003
0.524	6.6527002E-003
0.525	6.6348258E-003
0.526	6.7317118E-003
0.527	6.9680633E-003
0.528	7.1978010E-003
0.529	7.6346165E-003
0.53	8.1647765E-003
0.531	8.5592512E-003
0.532	9.1930851E-003
0.533	9.8548215E-003
0.534	1.0518301E-002
0.535	1.0948897E-002
0.536	1.1558929E-002
0.537	1.2105957E-002
0.538	1.2570321E-002
0.539	1.2825589E-002
0.54	1.3116586E-002
0.541	1.3288252E-002
0.542	1.3334857E-002
0.543	1.3295080E-002
0.544	1.3130777E-002
0.545	1.2845333E-002
0.546	1.2446901E-002
0.547	1.1948715E-002
0.548	1.1568156E-002
0.549	1.0937057E-002
0.55	1.0251021E-002
0.551	9.5304130E-003
0.552	8.7965690E-003
0.553	8.3103003E-003
0.554	7.6007433E-003
0.555	6.9327136E-003
0.556	6.3246461E-003
0.557	5.7936404E-003
0.558	5.3525665E-003
0.559	5.1131966E-003
0.56	4.8448183E-003
0.561	4.6886755E-003
0.562	4.6449821E-003
0.563	4.7142883E-003
0.564	4.8900940E-003
0.565	5.1646288E-003
0.566	5.5269124E-003
0.567	5.9642261E-003
0.568	6.2899170E-003
0.569	6.8170223E-003
0.57	7.3756548E-003
0.571	7.9472261E-003
0.572	8.5140746E-003
0.573	9.0588843E-003
0.574	9.5660547E-003
0.575	1.0018055E-002
0.576	1.0404342E-002
0.577	1.0712555E-002
0.578	1.0933748E-002
0.579	1.1062087E-002
0.58	1.1094513E-002
0.581	1.1029078E-002
0.582	1.0867844E-002
0.583	1.0615865E-002
0.584	1.0278061E-002
0.585	9.8647531E-003
0.586	9.5523391E-003
0.587	9.0365699E-003
0.588	8.4769819E-003
0.589	7.8870934E-003
0.59	7.0797144E-003
0.591	6.4778216E-003
0.592	5.8957967E-003
0.593	5.3465562E-003
0.594	4.8443004E-003
0.595	4.4002696E-003
0.596	4.0243063E-003
0.597	3.7254940E-003
0.598	3.5091729E-003
0.599	3.3799270E-003
0.6	3.3395081E-003
0.601	3.3868931E-003
0.602	3.5198831E-003
0.603	3.7336217E-003
0.604	4.0206984E-003
0.605	4.3734061E-003
0.606	4.7814548E-003
0.607	5.3917025E-003
0.608	5.8832658E-003
0.609	6.3897003E-003
0.61	6.8979035E-003
0.611	7.3950524E-003
0.612	7.8684716E-003
0.613	8.3070369E-003
0.614	8.6998614E-003
0.615	9.0370467E-003
0.616	9.3878154E-003
0.617	9.5679015E-003
0.618	9.6729724E-003
0.619	9.6997693E-003
0.62	9.6480399E-003
0.621	9.5193265E-003
0.622	9.2327492E-003
0.623	8.9383032E-003
0.624	8.5827457E-003
0.625	8.1742834E-003
0.626	7.7211834E-003
0.627	7.0653451E-003
0.628	6.5484224E-003
0.629	6.0227169E-003
0.63	5.4989182E-003
0.631	4.9885856E-003
0.632	4.3471609E-003
0.633	3.9083832E-003
0.634	3.5161169E-003
0.635	3.1778354E-003
0.636	2.8228837E-003
0.637	2.6353749E-003
0.638	2.5189701E-003
0.639	2.4754799E-003
0.64	2.5314721E-003
0.641	2.6564058E-003
0.642	2.8487132E-003
0.643	3.1040260E-003
0.644	3.5312674E-003
0.645	3.9076419E-003
0.646	4.3224636E-003
0.647	4.9197618E-003
0.648	5.3881537E-003
0.649	5.8629182E-003
0.65	6.4883702E-003
0.651	6.9393273E-003
0.652	7.3643639E-003
0.653	7.8753326E-003
0.654	8.2077356E-003
0.655	8.4877117E-003
0.656	8.7713124E-003
0.657	8.9119030E-003
0.658	8.9866761E-003
0.659	8.9825559E-003
0.66	8.9022890E-003
0.661	8.7564811E-003
0.662	8.4664468E-003
0.663	8.1823375E-003
0.664	7.7256332E-003
0.665	7.3332116E-003
0.666	6.9055231E-003
0.667	6.2951762E-003
0.668	5.8183619E-003
0.669	5.1742620E-003
0.67	4.6964907E-003
0.671	4.0834076E-003
0.672	3.6523899E-003
0.673	3.2553978E-003
0.674	2.7904874E-003
0.675	2.4986039E-003
0.676	2.1950684E-003
0.677	2.0368581E-003
0.678	1.9239289E-003
0.679	1.9141958E-003
0.68	2.0015989E-003
0.681	2.1405076E-003
0.682	2.4181569E-003
0.683	2.6908505E-003
0.684	3.1299919E-003
0.685	3.5086689E-003
0.686	4.0656263E-003
0.687	4.5126225E-003
0.688	5.1325355E-003
0.689	5.6043803E-003
0.69	6.2271603E-003
0.691	6.6789407E-003
0.692	7.2450708E-003
0.693	7.6340060E-003
0.694	8.0907810E-003
0.695	8.3808117E-003
0.696	8.6862054E-003
0.697	8.8501032E-003
0.698	8.9769401E-003
0.699	8.9947907E-003
0.7	8.9380741E-003
0.701	8.7669436E-003
0.702	8.5714860E-003
0.703	8.2271267E-003
0.704	7.9119317E-003
0.705	7.4256952E-003
0.706	6.8764105E-003
0.707	6.4328029E-003
0.708	5.8137705E-003
0.709	5.3380267E-003
0.71	4.7035487E-003
0.711	4.0858560E-003
0.712	3.6444017E-003
0.713	3.0990141E-003
0.714	2.6172344E-003
0.715	2.3064567E-003
0.716	1.9696222E-003
0.717	1.7300448E-003
0.718	1.6184298E-003
0.719	1.5652897E-003
0.72	1.6226356E-003
0.721	1.7382464E-003
0.722	1.9847956E-003
0.723	2.3314799E-003
0.724	2.6518900E-003
0.725	3.1506829E-003
0.726	3.7190863E-003
0.727	4.3415013E-003
0.728	4.8338529E-003
0.729	5.5104136E-003
0.73	6.1930493E-003
0.731	6.6984762E-003
0.732	7.3491312E-003
0.733	7.9568550E-003
0.734	8.5062217E-003
0.735	8.8717313E-003
0.736	9.2855217E-003
0.737	9.6068950E-003
0.738	9.8263333E-003
0.739	9.9216159E-003
0.74	9.9514332E-003
0.741	9.8718312E-003
0.742	9.6830139E-003
0.743	9.3908235E-003
0.744	9.1079762E-003
0.745	8.6541129E-003
0.746	8.1221564E-003
0.747	7.5262100E-003
0.748	6.8815378E-003
0.749	6.2046330E-003
0.75	5.6863180E-003
0.751	4.9955696E-003
0.752	4.3216133E-003
0.753	3.6822848E-003
0.754	3.0946732E-003
0.755	2.5748610E-003
0.756	2.2382867E-003
0.757	1.8707643E-003
0.758	1.6059898E-003
0.759	1.4526965E-003
0.76	1.4160551E-003
0.761	1.4997992E-003
0.762	1.7032946E-003
0.763	2.0234631E-003
0.764	2.4542538E-003
0.765	2.8447462E-003
0.766	3.4471715E-003
0.767	4.1307877E-003
0.768	4.8805522E-003
0.769	5.6798514E-003
0.77	6.5108598E-003
0.771	7.3544923E-003
0.772	8.1925336E-003
0.773	9.0050800E-003
0.774	9.7747939E-003
0.775	1.0482740E-002
0.776	1.1114659E-002
0.777	1.1653770E-002
0.778	1.2090625E-002
0.779	1.2413732E-002
0.78	1.2614223E-002
0.781	1.2688433E-002
0.782	1.2635586E-002
0.783	1.2454879E-002
0.784	1.2150087E-002
0.785	1.1726759E-002
0.786	1.1194892E-002
0.787	1.0566831E-002
0.788	9.8549034E-003
0.789	9.0758009E-003
0.79	8.2476679E-003
0.791	7.3885964E-003
0.792	6.5192278E-003
0.793	5.6604110E-003
0.794	4.8326305E-003
0.795	4.0570805E-003
0.796	3.3532879E-003
0.797	2.7402176E-003
0.798	2.2353989E-003
0.799	1.8528027E-003
0.8	1.6070005E-003
0.801	1.5068880E-003
0.802	1.5979017E-003
0.803	1.8475332E-003
0.804	2.2538586E-003
0.805	2.8135779E-003
0.806	3.5191702E-003
0.807	4.3599349E-003
0.808	5.3226212E-003
0.809	6.3906610E-003
0.81	7.8447415E-003
0.811	9.0773851E-003
0.812	1.0347019E-002
0.813	1.1628711E-002
0.814	1.2899431E-002
0.815	1.4133932E-002
0.816	1.5308137E-002
0.817	1.6657557E-002
0.818	1.7613797E-002
0.819	1.8440522E-002
0.82	1.9118516E-002
0.821	1.9637566E-002
0.822	2.0043001E-002
0.823	2.0163409E-002
0.824	2.0095857E-002
0.825	1.9844266E-002
0.826	1.9409215E-002
0.827	1.8618543E-002
0.828	1.7802628E-002
0.829	1.6839441E-002
0.83	1.5746504E-002
0.831	1.4230611E-002
0.832	1.2929148E-002
0.833	1.1576756E-002
0.834	1.0204711E-002
0.835	8.5070180E-003
0.836	7.2024772E-003
0.837	5.9814160E-003
0.838	4.8760669E-003
0.839	3.7053977E-003
0.84	2.9740531E-003
0.841	2.4554965E-003
0.842	2.1427623E-003
0.843	2.1846315E-003
0.844	2.5035599E-003
0.845	3.3073535E-003
0.846	4.2796894E-003
0.847	5.5421963E-003
0.848	7.5166882E-003
0.849	9.3951253E-003
0.85	1.1516959E-002
0.851	1.4470926E-002
0.852	1.7037442E-002
0.853	1.9744648E-002
0.854	2.3263633E-002
0.855	2.6134811E-002
0.856	2.9008100E-002
0.857	3.2529850E-002
0.858	3.5232540E-002
0.859	3.8398519E-002
0.86	4.0706333E-002
0.861	4.2767107E-002
0.862	4.4940341E-002
0.863	4.6316471E-002
0.864	4.7535822E-002
0.865	4.8081737E-002
0.866	4.8232988E-002
0.867	4.7839157E-002
0.868	4.7053788E-002
0.869	4.5494523E-002
0.87	4.3794792E-002
0.871	4.1141532E-002
0.872	3.8629062E-002
0.873	3.5814732E-002
0.874	3.1940024E-002
0.875	2.8626507E-002
0.876	2.4332806E-002
0.877	2.0874297E-002
0.878	1.6673336E-002
0.879	1.3536788E-002
0.88	1.0083361E-002
0.881	7.8451457E-003
0.882	5.9165824E-003
0.883	5.2379607E-003
0.884	5.6922040E-003
0.885	7.2594322E-003
0.886	1.0930045E-002
0.887	1.5375014E-002
0.888	2.2963902E-002
0.889	3.0743618E-002
0.89	4.2661313E-002
0.891	5.7007182E-002
0.892	7.0181914E-002
0.893	8.8649265E-002
0.894	1.0486796E-001
0.895	1.2669890E-001
0.896	1.4520660E-001
0.897	1.6933274E-001
0.898	1.9415317E-001
0.899	2.1426266E-001
0.9	2.3939347E-001
0.901	2.5924441E-001
0.902	2.8346089E-001
0.903	3.0679715E-001
0.904	3.2463929E-001
0.905	3.4573829E-001
0.906	3.6160493E-001
0.907	3.8007867E-001
0.908	3.9692867E-001
0.909	4.0926307E-001
0.91	4.2321831E-001
0.911	4.3562379E-001
0.912	4.4441307E-001
0.913	4.5402476E-001
0.914	4.6220419E-001
0.915	4.6780831E-001
0.916	4.7359815E-001
0.917	4.7808036E-001
0.918	4.8085743E-001
0.919	4.8330489E-001
0.92	4.8471552E-001
0.921	4.8514178E-001
0.922	4.8481056E-001
0.923	4.8363265E-001
0.924	4.8158464E-001
0.925	4.7939658E-001
0.926	4.7596440E-001
0.927	4.7181791E-001
0.928	4.6699050E-001
0.929	4.6267864E-001
0.93	4.5675695E-001
0.931	4.5015562E-001
0.932	4.4299516E-001
0.933	4.3687811E-001
0.934	4.2871818E-001
0.935	4.2002603E-001
0.936	4.1081548E-001
0.937	4.0307263E-001
0.938	3.9299139E-001
0.939	3.8239560E-001
0.94	3.7132990E-001
0.941	3.5977969E-001
0.942	3.5025662E-001
0.943	3.3794537E-001
0.944	3.2519761E-001
0.945	3.1213123E-001
0.946	2.9859960E-001
0.947	2.8475171E-001
0.948	2.7348211E-001
0.949	2.5910780E-001
0.95	2.4456547E-001
0.951	2.2973347E-001
0.952	2.1483399E-001
0.953	1.9984829E-001
0.954	1.8488705E-001
0.955	1.7296365E-001
0.956	1.5820694E-001
0.957	1.4367273E-001
0.958	1.2947036E-001
0.959	1.1570771E-001
0.96	1.0245913E-001
0.961	8.9836352E-002
0.962	7.7937804E-002
0.963	6.6842906E-002
0.964	5.6625973E-002
0.965	4.7370058E-002
0.966	4.0681846E-002
0.967	3.3258185E-002
0.968	2.6891166E-002
0.969	2.1583242E-002
0.97	1.7318971E-002
0.971	1.4055393E-002
0.972	1.1746439E-002
0.973	1.0320687E-002
0.974	9.6916687E-003
0.975	9.7675938E-003
0.976	1.0447830E-002
0.977	1.1627884E-002
0.978	1.3202177E-002
0.979	1.5068789E-002
0.98	1.7126264E-002
0.981	1.9284129E-002
0.982	2.1457268E-002
0.983	2.3570685E-002
0.984	2.5557982E-002
0.985	2.7365655E-002
0.986	2.8948087E-002
0.987	3.0268988E-002
0.988	3.1308059E-002
0.989	3.2041173E-002
0.99	3.2466173E-002
0.991	3.2580379E-002
0.992	3.2316018E-002
0.993	3.1774804E-002
0.994	3.0965393E-002
0.995	2.9905794E-002
0.996	2.8624926E-002
0.997	2.7153445E-002
0.998	2.5519261E-002
0.999	2.3759022E-002
1	2.1903189E-002
1.001	1.9987842E-002
1.002	1.8046472E-002
1.003	1.5729640E-002
1.004	1.3845295E-002
1.005	1.2034493E-002
1.006	1.0324080E-002
1.007	8.7374505E-003
1.008	7.2951969E-003
1.009	6.0137571E-003
1.01	4.7068703E-003
1.011	3.8202512E-003
1.012	3.1226892E-003
1.013	2.6145126E-003
1.014	2.2926463E-003
1.015	2.1504436E-003
1.016	2.2022973E-003
1.017	2.4161343E-003
1.018	2.7678176E-003
1.019	3.2406542E-003
1.02	3.8143781E-003
1.021	4.6081846E-003
1.022	5.3330371E-003
1.023	6.0933046E-003
1.024	6.8686162E-003
1.025	7.7914367E-003
1.026	8.5326573E-003
1.027	9.2304684E-003
1.028	9.8707899E-003
1.029	1.0544667E-002
1.03	1.1014284E-002
1.031	1.1393411E-002
1.032	1.1673080E-002
1.033	1.1874743E-002
1.034	1.1928812E-002
1.035	1.1879025E-002
1.036	1.1687232E-002
1.037	1.1423613E-002
1.038	1.1071594E-002
1.039	1.0638418E-002
1.04	1.0025854E-002
1.041	9.4495984E-003
1.042	8.8245738E-003
1.043	8.0273403E-003
1.044	7.3381094E-003
1.045	6.6384454E-003
1.046	5.8016330E-003
1.047	5.1200446E-003
1.048	4.4640424E-003
1.049	3.7252258E-003
1.05	3.1600536E-003
1.051	2.5539694E-003
1.052	2.1164254E-003
1.053	1.7457398E-003
1.054	1.3940476E-003
1.055	1.1806445E-003
1.056	1.0407057E-003
1.057	9.6817780E-004
1.058	9.8437769E-004
1.059	1.0910166E-003
1.06	1.2462422E-003
1.061	1.4561305E-003
1.062	1.7704419E-003
1.063	2.0758293E-003
1.064	2.4826901E-003
1.065	2.8088102E-003
1.066	3.2600607E-003
1.067	3.6409958E-003
1.068	4.0923883E-003
1.069	4.4546276E-003
1.07	4.8619849E-003
1.071	5.1712887E-003
1.072	5.4470631E-003
1.073	5.7271048E-003
1.074	5.9134816E-003
1.075	6.0764668E-003
1.076	6.1598322E-003
1.077	6.1941515E-003
1.078	6.1691776E-003
1.079	6.0761250E-003
1.08	5.9481789E-003
1.081	5.7383836E-003
1.082	5.4724654E-003
1.083	5.2138283E-003
1.084	4.8656324E-003
1.085	4.5500044E-003
1.086	4.1485415E-003
1.087	3.8021130E-003
1.088	3.3802756E-003
1.089	3.0304578E-003
1.09	2.6208188E-003
1.091	2.2938880E-003
1.092	1.9262769E-003
1.093	1.5925686E-003
1.094	1.3450921E-003
1.095	1.0896431E-003
1.096	9.1424823E-004
1.097	7.5127929E-004
1.098	6.4206269E-004
1.099	5.9226347E-004
1.1	5.8144447E-004
1.101	6.1201089E-004
1.102	6.9332303E-004
1.103	8.1969373E-004
1.104	9.5576199E-004
1.105	1.1508858E-003
1.106	1.3747942E-003
1.107	1.5783715E-003
1.108	1.8369146E-003
1.109	2.1039308E-003
1.11	2.3277020E-003
1.111	2.5914423E-003
1.112	2.8437614E-003
1.113	3.0406006E-003
1.114	3.2554965E-003
1.115	3.4424760E-003
1.116	3.5737713E-003
1.117	3.6990007E-003
1.118	3.7864293E-003
1.119	3.8346585E-003
1.12	3.8438577E-003
1.121	3.8183106E-003
1.122	3.7535122E-003
1.123	3.6714997E-003
1.124	3.5410787E-003
1.125	3.3791228E-003
1.126	3.1897181E-003
1.127	3.0143140E-003
1.128	2.7866908E-003
1.129	2.5454147E-003
1.13	2.2961479E-003
1.131	2.0443797E-003
1.132	1.8364303E-003
1.133	1.5938287E-003
1.134	1.3635606E-003
1.135	1.1502581E-003
1.136	9.5801923E-004
1.137	8.1658614E-004
1.138	6.7191204E-004
1.139	5.5682892E-004
1.14	4.7304842E-004
1.141	4.2135597E-004
1.142	4.0298339E-004
1.143	4.1004876E-004
1.144	4.4792143E-004
1.145	5.1475514E-004
1.146	6.0797104E-004
1.147	7.2469295E-004
1.148	8.6145691E-004
1.149	9.8798203E-004
1.15	1.1513795E-003
1.151	1.3233813E-003
1.152	1.4996519E-003
1.153	1.6758383E-003
1.154	1.8477603E-003
1.155	2.0113843E-003
1.156	2.1628272E-003
1.157	2.2987965E-003
1.158	2.3983447E-003
1.159	2.4985194E-003
1.16	2.5760464E-003
1.161	2.6295381E-003
1.162	2.6576931E-003
1.163	2.6604438E-003
1.164	2.6376238E-003
1.165	2.5902782E-003
1.166	2.5193256E-003
1.167	2.4268036E-003
1.168	2.3146723E-003
1.169	2.1853701E-003
1.17	2.0419490E-003
1.171	1.8875438E-003
1.172	1.7252798E-003
1.173	1.5587474E-003
1.174	1.3912282E-003
1.175	1.2261881E-003
1.176	1.0669376E-003
1.177	9.1656484E-004
1.178	7.7791541E-004
1.179	6.5357488E-004
1.18	5.4572982E-004
1.181	4.5628010E-004
1.182	3.8660198E-004
1.183	3.3762102E-004
1.184	3.0994241E-004
1.185	3.0358261E-004
1.186	3.1815018E-004
1.187	3.5281890E-004
1.188	4.0635030E-004
1.189	4.7714793E-004
1.19	5.6326453E-004
1.191	6.8013399E-004
1.192	7.9153688E-004
1.193	9.1052515E-004
1.194	1.0343400E-003
1.195	1.1601399E-003
1.196	1.2851396E-003
1.197	1.4066235E-003
1.198	1.5219549E-003
1.199	1.6287209E-003
1.2	1.7395507E-003
1.201	1.8205142E-003
1.202	1.8868257E-003
1.203	1.9372392E-003
1.204	1.9708085E-003
1.205	1.9869586E-003
1.206	1.9854899E-003
1.207	1.9617737E-003
1.208	1.9231123E-003
1.209	1.8685070E-003
1.21	1.7990461E-003
1.211	1.7164275E-003
1.212	1.6222611E-003
1.213	1.5004256E-003
1.214	1.3880932E-003
1.215	1.2708153E-003
1.216	1.1508877E-003
1.217	1.0107285E-003
1.218	8.9299760E-004
1.219	7.7980477E-004
1.22	6.7324005E-004
1.221	5.7520089E-004
1.222	4.7392494E-004
1.223	3.9999816E-004
1.224	3.3930285E-004
1.225	2.9267426E-004
1.226	2.5691828E-004
1.227	2.4262904E-004
1.228	2.4342271E-004
1.229	2.6300424E-004
1.23	2.9505850E-004
1.231	3.4021438E-004
1.232	3.9738906E-004
1.233	4.7736420E-004
1.234	5.5556721E-004
1.235	6.4083369E-004
1.236	7.4676349E-004
1.237	8.4093289E-004
1.238	9.3614601E-004
1.239	1.0459315E-003
1.24	1.1368160E-003
1.241	1.2227396E-003
1.242	1.3145985E-003
1.243	1.3844265E-003
1.244	1.4446131E-003
1.245	1.5011063E-003
1.246	1.5367699E-003
1.247	1.5601248E-003
1.248	1.5711576E-003
1.249	1.5667067E-003
1.25	1.5453640E-003
1.251	1.5138158E-003
1.252	1.4706048E-003
1.253	1.4067453E-003
1.254	1.3416477E-003
1.255	1.2554788E-003
1.256	1.1744188E-003
1.257	1.0883184E-003
1.258	9.8353124E-004
1.259	8.9198060E-004
1.26	7.8540150E-004
1.261	6.9611205E-004
1.262	5.9657946E-004
1.263	5.1691307E-004
1.264	4.4388545E-004
1.265	3.6870979E-004
1.266	3.1404610E-004
1.267	2.6288102E-004
1.268	2.3057473E-004
1.269	2.0691754E-004
1.27	1.9891463E-004
1.271	2.0382655E-004
1.272	2.1995134E-004
1.273	2.5208187E-004
1.274	2.9020838E-004
1.275	3.4583392E-004
1.276	4.0194855E-004
1.277	4.7560889E-004
1.278	5.4431730E-004
1.279	6.2908075E-004
1.28	7.0409162E-004
1.281	7.9232850E-004
1.282	8.7920378E-004
1.283	9.5091353E-004
1.284	1.0295532E-003
1.285	1.0912033E-003
1.286	1.1549646E-003
1.287	1.2014387E-003
1.288	1.2450716E-003
1.289	1.2762519E-003
1.29	1.2926208E-003
1.291	1.2992856E-003
1.292	1.2942174E-003
1.293	1.2759176E-003
1.294	1.2449686E-003
1.295	1.2086806E-003
1.296	1.1562235E-003
1.297	1.1034496E-003
1.298	1.0339621E-003
1.299	9.5769169E-004
1.3	8.8823022E-004
1.301	8.0412417E-004
1.302	7.1862899E-004
1.303	6.4569560E-004
1.304	5.6275696E-004
1.305	4.8387036E-004
1.306	4.2084069E-004
1.307	3.5406204E-004
1.308	2.9593779E-004
1.309	2.5391544E-004
1.31	2.1483908E-004
1.311	1.8723795E-004
1.312	1.7310430E-004
1.313	1.6781932E-004
1.314	1.7461913E-004
1.315	1.9311333E-004
1.316	2.1786397E-004
1.317	2.5635815E-004
1.318	3.0423206E-004
1.319	3.5176805E-004
1.32	4.1357087E-004
1.321	4.8072950E-004
1.322	5.5159541E-004
1.323	6.1399228E-004
1.324	6.8716594E-004
1.325	7.5914810E-004
1.326	8.2822004E-004
1.327	8.9269504E-004
1.328	9.4332162E-004
1.329	9.9572528E-004
1.33	1.0397676E-003
1.331	1.0745429E-003
1.332	1.0993590E-003
1.333	1.1122196E-003
1.334	1.1172397E-003
1.335	1.1112689E-003
1.336	1.0947615E-003
1.337	1.0679192E-003
1.338	1.0372059E-003
1.339	9.9324447E-004
1.34	9.4132830E-004
1.341	8.8275463E-004
1.342	8.1870501E-004
1.343	7.5075869E-004
1.344	6.8029406E-004
1.345	6.1911077E-004
1.346	5.4813555E-004
1.347	4.7909690E-004
1.348	4.1341994E-004
1.349	3.5251546E-004
1.35	2.9764112E-004
1.351	2.4990537E-004
1.352	2.1027024E-004
1.353	1.7948911E-004
1.354	1.5816851E-004
1.355	1.4767212E-004
1.356	1.4467054E-004
1.357	1.5157953E-004
1.358	1.6806547E-004
1.359	1.9374008E-004
1.36	2.2788740E-004
1.361	2.6974903E-004
1.362	3.1825842E-004
1.363	3.7231695E-004
1.364	4.3067400E-004
1.365	4.9202552E-004
1.366	5.5495917E-004
1.367	6.1814790E-004
1.368	6.8015221E-004
1.369	7.3960330E-004
1.37	7.9532922E-004
1.371	8.4602495E-004
1.372	8.9071249E-004
1.373	9.2829956E-004
1.374	9.5817028E-004
1.375	9.7970711E-004
1.376	9.9231943E-004
1.377	9.9594577E-004
1.378	9.9046784E-004
1.379	9.7606418E-004
1.38	9.5303654E-004
1.381	9.2189468E-004
1.382	8.8334607E-004
1.383	8.3816733E-004
1.384	7.8737928E-004
1.385	7.3196314E-004
1.386	6.6456362E-004
1.387	6.0332520E-004
1.388	5.4132531E-004
1.389	4.7982449E-004
1.39	4.2004630E-004
1.391	3.6322311E-004
1.392	3.1046284E-004
1.393	2.6284461E-004
1.394	2.2125308E-004
1.395	1.8650256E-004
1.396	1.5598976E-004
1.397	1.3790102E-004
1.398	1.2819479E-004
1.399	1.2694761E-004
1.4	1.3414955E-004
1.401	1.4960354E-004
1.402	1.7480583E-004
1.403	2.0592398E-004
1.404	2.4361785E-004
1.405	2.8706682E-004
1.406	3.3534644E-004
1.407	3.8744498E-004
1.408	4.5025855E-004
1.409	5.0679839E-004
1.41	5.6360918E-004
1.411	6.1952253E-004
1.412	6.7340006E-004
1.413	7.3109148E-004
1.414	7.7705190E-004
1.415	8.1783166E-004
1.416	8.5262523E-004
1.417	8.8411634E-004
1.418	9.0396247E-004
1.419	9.1616198E-004
1.42	9.2048862E-004
1.421	9.1568613E-004
1.422	9.0312393E-004
1.423	8.8294846E-004
1.424	8.5560465E-004
1.425	8.1646349E-004
1.426	7.7593455E-004
1.427	7.3035056E-004
1.428	6.8070868E-004
1.429	6.2021019E-004
1.43	5.6512305E-004
1.431	5.0912023E-004
1.432	4.4545042E-004
1.433	3.9119128E-004
1.434	3.3938803E-004
1.435	2.8444926E-004
1.436	2.4111617E-004
1.437	2.0307682E-004
1.438	1.6696952E-004
1.439	1.4244266E-004
1.44	1.2500025E-004
1.441	1.1411951E-004
1.442	1.1267215E-004
1.443	1.2025544E-004
1.444	1.3479296E-004
1.445	1.5635182E-004
1.446	1.8904700E-004
1.447	2.2405872E-004
1.448	2.6431083E-004
1.449	3.1570427E-004
1.45	3.6442449E-004
1.451	4.2312476E-004
1.452	4.7602027E-004
1.453	5.3684763E-004
1.454	5.8930280E-004
1.455	6.3994818E-004
1.456	6.9445587E-004
1.457	7.3818746E-004
1.458	7.8246638E-004
1.459	8.1552495E-004
1.46	8.4591459E-004
1.461	8.6547516E-004
1.462	8.7938976E-004
1.463	8.8386546E-004
1.464	8.8023493E-004
1.465	8.6933171E-004
1.466	8.4842666E-004
1.467	8.2307938E-004
1.468	7.8677986E-004
1.469	7.4919744E-004
1.47	7.0693216E-004
1.471	6.5393455E-004
1.472	5.9715757E-004
1.473	5.4535794E-004
1.474	4.8509432E-004
1.475	4.3249334E-004
1.476	3.7380829E-004
1.477	3.2475538E-004
1.478	2.7251348E-004
1.479	2.3106037E-004
1.48	1.8956454E-004
1.481	1.5910684E-004
1.482	1.3173123E-004
1.483	1.1290171E-004
1.484	1.0373830E-004
1.485	1.0188265E-004
1.486	1.0777373E-004
1.487	1.2297684E-004
1.488	1.4685994E-004
1.489	1.7439690E-004
1.49	2.1283315E-004
1.491	2.5184717E-004
1.492	3.0165591E-004
1.493	3.5591080E-004
1.494	4.0603781E-004
1.495	4.6516833E-004
1.496	5.2492885E-004
1.497	5.7665812E-004
1.498	6.3393742E-004
1.499	6.8140897E-004
1.5	7.3158066E-004
1.501	7.7622460E-004
1.502	8.1003678E-004
1.503	8.4176351E-004
1.504	8.6554978E-004
1.505	8.8076311E-004
1.506	8.8681717E-004
1.507	8.8533392E-004
1.508	8.7489467E-004
1.509	8.5856853E-004
1.51	8.3213858E-004
1.511	7.9794059E-004
1.512	7.5680338E-004
1.513	7.1583362E-004
1.514	6.6426897E-004
1.515	6.0880132E-004
1.516	5.5802596E-004
1.517	4.9862103E-004
1.518	4.3902278E-004
1.519	3.8059457E-004
1.52	3.3147456E-004
1.521	2.7874755E-004
1.522	2.3080324E-004
1.523	1.8871570E-004
1.524	1.5346114E-004
1.525	1.2882288E-004
1.526	1.0837256E-004
1.527	9.6607007E-005
1.528	9.3793089E-005
1.529	9.9989848E-005
1.53	1.1275409E-004
1.531	1.3545311E-004
1.532	1.6632496E-004
1.533	2.0474497E-004
1.534	2.4986616E-004
1.535	3.0074557E-004
1.536	3.4911980E-004
1.537	4.0776428E-004
1.538	4.6877118E-004
1.539	5.3081062E-004
1.54	5.9254817E-004
1.541	6.5266259E-004
1.542	7.0991059E-004
1.543	7.5662875E-004
1.544	8.0514286E-004
1.545	8.4752258E-004
1.546	8.8276272E-004
1.547	9.1019651E-004
1.548	9.2913827E-004
1.549	9.3927758E-004
1.55	9.4029994E-004
1.551	9.3219732E-004
1.552	9.1517897E-004
1.553	8.8958774E-004
1.554	8.5596449E-004
1.555	8.2057342E-004
1.556	7.7391288E-004
1.557	7.2169234E-004
1.558	6.6503329E-004
1.559	6.0508103E-004
1.56	5.4318411E-004
1.561	4.8061140E-004
1.562	4.1875694E-004
1.563	3.5891982E-004
1.564	3.0241010E-004
1.565	2.5045869E-004
1.566	2.0419058E-004
1.567	1.6467815E-004
1.568	1.3273211E-004
1.569	1.0914792E-004
1.57	9.4461073E-005
1.571	8.9057867E-005
1.572	9.3092691E-005
1.573	1.0660853E-004
1.574	1.2937559E-004
1.575	1.6099920E-004
1.576	2.0090371E-004
1.577	2.5473448E-004
1.578	3.0952983E-004
1.579	3.6974528E-004
1.58	4.3421859E-004
1.581	5.0167862E-004
1.582	5.7077192E-004
1.583	6.4012280E-004
1.584	7.0837972E-004
1.585	7.7413773E-004
1.586	8.3609554E-004
1.587	8.9305884E-004
1.588	9.4378158E-004
1.589	9.9213421E-004
1.59	1.0264389E-003
1.591	1.0518235E-003
1.592	1.0678130E-003
1.593	1.0738679E-003
1.594	1.0706877E-003
1.595	1.0576161E-003
1.596	1.0313799E-003
1.597	9.9832099E-004
1.598	9.5675979E-004
1.599	9.0750179E-004
1.6	8.5158180E-004
1.601	7.9000421E-004
1.602	7.1559055E-004
1.603	6.4635981E-004
1.604	5.7568733E-004
1.605	5.0501229E-004
1.606	4.3580873E-004
1.607	3.6148247E-004
1.608	3.0009492E-004
1.609	2.4448254E-004
1.61	1.9586350E-004
1.611	1.5531722E-004
1.612	1.2050758E-004
1.613	1.0000146E-004
1.614	8.9879359E-005
1.615	9.0548267E-005
1.616	1.0435693E-004
1.617	1.2814642E-004
1.618	1.6248006E-004
1.619	2.0685302E-004
1.62	2.6787628E-004
1.621	3.3102132E-004
1.622	4.0142273E-004
1.623	4.8775182E-004
1.624	5.6933216E-004
1.625	6.5394811E-004
1.626	7.4006477E-004
1.627	8.3677238E-004
1.628	9.2085247E-004
1.629	1.0015095E-003
1.63	1.0862704E-003
1.631	1.1547545E-003
1.632	1.2153937E-003
1.633	1.2727954E-003
1.634	1.3131022E-003
1.635	1.3454357E-003
1.636	1.3617300E-003
1.637	1.3661556E-003
1.638	1.3566515E-003
1.639	1.3355785E-003
1.64	1.3027478E-003
1.641	1.2525743E-003
1.642	1.1971274E-003
1.643	1.1325115E-003
1.644	1.0503115E-003
1.645	9.7034615E-004
1.646	8.7455113E-004
1.647	7.8607490E-004
1.648	6.8498979E-004
1.649	5.9575564E-004
1.65	5.0895353E-004
1.651	4.1643795E-004
1.652	3.4066426E-004
1.653	2.6481276E-004
1.654	2.0741708E-004
1.655	1.5586092E-004
1.656	1.2286771E-004
1.657	1.0145609E-004
1.658	9.7142154E-005
1.659	1.0944701E-004
1.66	1.3582493E-004
1.661	1.7665366E-004
1.662	2.3941301E-004
1.663	3.0946679E-004
1.664	4.0311480E-004
1.665	4.9830426E-004
1.666	6.1705348E-004
1.667	7.3119212E-004
1.668	8.6695777E-004
1.669	1.0078747E-003
1.67	1.1351416E-003
1.671	1.2778307E-003
1.672	1.4018083E-003
1.673	1.5354758E-003
1.674	1.6467875E-003
1.675	1.7610296E-003
1.676	1.8508114E-003
1.677	1.9363750E-003
1.678	1.9972585E-003
1.679	2.0469602E-003
1.68	2.0755760E-003
1.681	2.0826587E-003
1.682	2.0695406E-003
1.683	2.0393613E-003
1.684	1.9845483E-003
1.685	1.9090936E-003
1.686	1.8259230E-003
1.687	1.7156551E-003
1.688	1.6047503E-003
1.689	1.4681034E-003
1.69	1.3218581E-003
1.691	1.1864007E-003
1.692	1.0313386E-003
1.693	8.7705866E-004
1.694	7.4375857E-004
1.695	6.0171541E-004
1.696	4.7177586E-004
1.697	3.6950150E-004
1.698	2.7262405E-004
1.699	1.9820321E-004
1.7	1.5321482E-004
1.701	1.2880344E-004
1.702	1.3410786E-004
1.703	1.6499903E-004
1.704	2.3010446E-004
1.705	3.2768596E-004
1.706	4.5743730E-004
1.707	5.9896352E-004
1.708	7.8623911E-004
1.709	1.0009496E-003
1.71	1.2126360E-003
1.711	1.4709693E-003
1.712	1.7468689E-003
1.713	2.0357601E-003
1.714	2.2996941E-003
1.715	2.5997495E-003
1.716	2.8980756E-003
1.717	3.1889384E-003
1.718	3.4667219E-003
1.719	3.6982861E-003
1.72	3.9364654E-003
1.721	4.1462239E-003
1.722	4.3224902E-003
1.723	4.4617527E-003
1.724	4.5512258E-003
1.725	4.6105380E-003
1.726	4.6237293E-003
1.727	4.5901178E-003
1.728	4.5089535E-003
1.729	4.3973820E-003
1.73	4.2287009E-003
1.731	4.0168357E-003
1.732	3.7803478E-003
1.733	3.4958271E-003
1.734	3.1816203E-003
1.735	2.8447779E-003
1.736	2.5323080E-003
1.737	2.1738529E-003
1.738	1.8170780E-003
1.739	1.4720492E-003
1.74	1.1495851E-003
1.741	8.6088548E-004
1.742	6.1743258E-004
1.743	4.3121973E-004
1.744	3.2346440E-004
1.745	2.7778238E-004
1.746	3.2346835E-004
1.747	4.7136718E-004
1.748	7.3214021E-004
1.749	1.1154594E-003
1.75	1.6300244E-003
1.751	2.2833722E-003
1.752	3.0818300E-003
1.753	4.0301341E-003
1.754	5.1310733E-003
1.755	6.3863751E-003
1.756	7.7958987E-003
1.757	9.3572512E-003
1.758	1.1067001E-002
1.759	1.2918441E-002
1.76	1.4905225E-002
1.761	1.7015724E-002
1.762	1.9241601E-002
1.763	2.1567665E-002
1.764	2.3983387E-002
1.765	2.6471592E-002
1.766	2.9016925E-002
1.767	3.1602070E-002
1.768	3.4210343E-002
1.769	3.6822848E-002
1.77	3.9420620E-002
1.771	4.1983038E-002
1.772	4.4498798E-002
1.773	4.6946008E-002
1.774	4.9310651E-002
1.775	5.1569264E-002
1.776	5.3713966E-002
1.777	5.5723913E-002
1.778	5.7594519E-002
1.779	5.9488159E-002
1.78	6.1016887E-002
1.781	6.2361844E-002
1.782	6.3527070E-002
1.783	6.4499386E-002
1.784	6.5276153E-002
1.785	6.5846667E-002
1.786	6.6213638E-002
1.787	6.6387028E-002
1.788	6.6337213E-002
1.789	6.6074237E-002
1.79	6.5619424E-002
1.791	6.4967267E-002
1.792	6.4132221E-002
1.793	6.3119367E-002
1.794	6.1931342E-002
1.795	6.0415186E-002
1.796	5.8895901E-002
1.797	5.7233002E-002
1.798	5.5436078E-002
1.799	5.3525098E-002
1.8	5.1277086E-002
1.801	4.9154300E-002
1.802	4.6959337E-002
1.803	4.4695701E-002
1.804	4.2387128E-002
1.805	3.9779082E-002
1.806	3.7411284E-002
1.807	3.5036281E-002
1.808	3.2666102E-002
1.809	3.0057620E-002
1.81	2.7748168E-002
1.811	2.5485653E-002
1.812	2.3279054E-002
1.813	2.0910138E-002
1.814	1.8862262E-002
1.815	1.6900145E-002
1.816	1.5034374E-002
1.817	1.3082313E-002
1.818	1.1440387E-002
1.819	9.9111022E-003
1.82	8.3472161E-003
1.821	7.0637679E-003
1.822	5.8995234E-003
1.823	4.8531787E-003
1.824	3.8270324E-003
1.825	3.0238624E-003
1.826	2.3311104E-003
1.827	1.6853652E-003
1.828	1.2101368E-003
1.829	8.2918600E-004
1.83	5.0854188E-004
1.831	3.0496114E-004
1.832	1.7421073E-004
1.833	1.0537153E-004
1.834	1.0373327E-004
1.835	1.5935082E-004
1.836	2.5287946E-004
1.837	3.7984081E-004
1.838	5.5142160E-004
1.839	7.2598056E-004
1.84	9.3412830E-004
1.841	1.1278228E-003
1.842	1.3219666E-003
1.843	1.5321542E-003
1.844	1.7118735E-003
1.845	1.8875082E-003
1.846	2.0371678E-003
1.847	2.1680701E-003
1.848	2.2893744E-003
1.849	2.3750656E-003
1.85	2.4433397E-003
1.851	2.4800503E-003
1.852	2.4935764E-003
1.853	2.4817018E-003
1.854	2.4432999E-003
1.855	2.3871514E-003
1.856	2.3032546E-003
1.857	2.2101097E-003
1.858	2.0899139E-003
1.859	1.9687759E-003
1.86	1.8229644E-003
1.861	1.6840880E-003
1.862	1.5241641E-003
1.863	1.3777600E-003
1.864	1.2148153E-003
1.865	1.0705703E-003
1.866	9.1515650E-004
1.867	7.8174577E-004
1.868	6.4253173E-004
1.869	5.2696746E-004
1.87	4.1070752E-004
1.871	3.1802003E-004
1.872	2.2913306E-004
1.873	1.5566978E-004
1.874	1.0293593E-004
1.875	5.9147642E-005
1.876	3.2824806E-005
1.877	1.7522378E-005
1.878	1.6077756E-005
1.879	2.5751449E-005
1.88	4.7505182E-005
1.881	7.5891810E-005
1.882	1.1579562E-004
1.883	1.6294037E-004
1.884	2.1019854E-004
1.885	2.6649470E-004
1.886	3.1928805E-004
1.887	3.7873999E-004
1.888	4.3760525E-004
1.889	4.8884557E-004
1.89	5.4260192E-004
1.891	5.9194420E-004
1.892	6.3168071E-004
1.893	6.6974468E-004
1.894	7.0088479E-004
1.895	7.2242785E-004
1.896	7.3894049E-004
1.897	7.4740779E-004
1.898	7.4824790E-004
1.899	7.4164133E-004
1.9	7.2756282E-004
1.901	7.0634537E-004
1.902	6.8167091E-004
1.903	6.4876617E-004
1.904	6.1078573E-004
1.905	5.7291344E-004
1.906	5.2766094E-004
1.907	4.7988468E-004
1.908	4.3060485E-004
1.909	3.8576921E-004
1.91	3.3618536E-004
1.911	2.8778482E-004
1.912	2.4133398E-004
1.913	2.0186727E-004
1.914	1.6120139E-004
1.915	1.2448292E-004
1.916	9.2196249E-005
1.917	6.4734704E-005
1.918	4.4371485E-005
1.919	2.6742933E-005
1.92	1.4434889E-005
1.921	7.4120862E-006
1.922	5.5224796E-006
1.923	8.5377987E-006
1.924	1.5171347E-005
1.925	2.6536554E-005
1.926	4.1650179E-005
1.927	6.0001665E-005
1.928	8.1016835E-005
1.929	1.0410206E-004
1.93	1.2614740E-004
1.931	1.5148257E-004
1.932	1.7710606E-004
1.933	2.0244528E-004
1.934	2.2688143E-004
1.935	2.4994728E-004
1.936	2.7111280E-004
1.937	2.8997491E-004
1.938	3.0471195E-004
1.939	3.1763865E-004
1.94	3.2820841E-004
1.941	3.3540791E-004
1.942	3.3922194E-004
1.943	3.3956452E-004
1.944	3.3651150E-004
1.945	3.3022396E-004
1.946	3.2080745E-004
1.947	3.0855089E-004
1.948	2.9368460E-004
1.949	2.7660292E-004
1.95	2.5759623E-004
1.951	2.3708686E-004
1.952	2.1550804E-004
1.953	1.9323084E-004
1.954	1.7071694E-004
1.955	1.4833937E-004
1.956	1.2651204E-004
1.957	1.0563106E-004
1.958	8.6013068E-005
1.959	6.7990979E-005
1.96	5.1829677E-005
1.961	3.7759331E-005
1.962	2.5971052E-005
1.963	1.6594087E-005
1.964	9.7175225E-006
1.965	5.3689196E-006
1.966	3.5408400E-006
1.967	4.1639637E-006
1.968	7.1340050E-006
1.969	1.2299853E-005
1.97	1.9475165E-005
1.971	2.8435687E-005
1.972	3.8932136E-005
1.973	5.0694809E-005
1.974	6.3433428E-005
1.975	7.6846969E-005
1.976	9.0640613E-005
1.977	1.0586886E-004
1.978	1.1947600E-004
1.979	1.3252771E-004
1.98	1.4478518E-004
1.981	1.5601293E-004
1.982	1.6597073E-004
1.983	1.7448682E-004
1.984	1.8142695E-004
1.985	1.8706928E-004
1.986	1.9030842E-004
1.987	1.9173097E-004
1.988	1.9129144E-004
1.989	1.8906099E-004
1.99	1.8505911E-004
1.991	1.7941050E-004
1.992	1.7144479E-004
1.993	1.6279415E-004
1.994	1.5295195E-004
1.995	1.4212963E-004
1.996	1.3054076E-004
1.997	1.1718796E-004
1.998	1.0471349E-004
1.999	9.2162634E-005
2	7.9762365E-005
2.001	6.7740293E-005
2.002	5.5173903E-005
2.003	4.4568926E-005
2.004	3.4910718E-005
2.005	2.6353524E-005
2.006	1.8353041E-005
2.007	1.2470909E-005
2.008	7.9890715E-006
2.009	4.9471901E-006
2.01	3.2778178E-006
2.011	3.2714026E-006
2.012	4.6605683E-006
2.013	7.7162576E-006
2.014	1.1786811E-005
2.015	1.6968823E-005
2.016	2.3132277E-005
2.017	3.0865071E-005
2.018	3.8593102E-005
2.019	4.6802194E-005
2.02	5.6192861E-005
2.021	6.4852538E-005
2.022	7.3027062E-005
2.023	8.2236336E-005
2.024	9.0188543E-005
2.025	9.7596887E-005
2.026	1.0493407E-004
2.027	1.1075542E-004
2.028	1.1563390E-004
2.029	1.1982863E-004
2.03	1.2252416E-004
2.031	1.2417638E-004
2.032	1.2448672E-004
2.033	1.2366078E-004
2.034	1.2147439E-004
2.035	1.1838639E-004
2.036	1.1429994E-004
2.037	1.0877141E-004
2.038	1.0290088E-004
2.039	9.5657349E-005
2.04	8.8500004E-005
2.041	8.0159662E-005
2.042	7.2294897E-005
2.043	6.4310567E-005
2.044	5.5560522E-005
2.045	4.7787533E-005
2.046	3.9589388E-005
2.047	3.2594660E-005
2.048	2.5548148E-005
2.049	1.9835423E-005
2.05	1.4422762E-005
2.051	1.0369702E-005
2.052	6.9309776E-006
2.053	4.7710787E-006
2.054	3.4798582E-006
2.055	3.2907324E-006
2.056	4.1435983E-006
2.057	5.8434102E-006
2.058	8.6698064E-006
2.059	1.2035576E-005
2.06	1.6515467E-005
2.061	2.1197020E-005
2.062	2.6893835E-005
2.063	3.2451986E-005
2.064	3.8847600E-005
2.065	4.4795892E-005
2.066	5.1334249E-005
2.067	5.7158766E-005
2.068	6.3302330E-005
2.069	6.9026311E-005
2.07	7.3767042E-005
2.071	7.8367666E-005
2.072	8.1913626E-005
2.073	8.5043837E-005
2.074	8.7131382E-005
2.075	8.8556495E-005
2.076	8.9046225E-005
2.077	8.8683111E-005
2.078	8.7409637E-005
2.079	8.5479216E-005
2.08	8.2554958E-005
2.081	7.8867401E-005
2.082	7.4920463E-005
2.083	7.0016831E-005
2.084	6.4631138E-005
2.085	5.9415986E-005
2.086	5.3436779E-005
2.087	4.7334084E-005
2.088	4.1775849E-005
2.089	3.5776513E-005
2.09	3.0013382E-005
2.091	2.5070938E-005
2.092	2.0062580E-005
2.093	1.5595610E-005
2.094	1.2071834E-005
2.095	8.8515271E-006
2.096	6.4646101E-006
2.097	4.7207636E-006
2.098	3.8249045E-006
2.099	3.6012389E-006
2.1	4.1640178E-006
2.101	5.3338395E-006
2.102	7.3072397E-006
2.103	9.9424642E-006
2.104	1.3170446E-005
2.105	1.6550026E-005
2.106	2.0672634E-005
2.107	2.5128405E-005
2.108	2.9809185E-005
2.109	3.4611352E-005
2.11	3.8991315E-005
2.111	4.3724642E-005
2.112	4.8276870E-005
2.113	5.2541189E-005
2.114	5.6094708E-005
2.115	5.9574915E-005
2.116	6.2533873E-005
2.117	6.4921493E-005
2.118	6.6676890E-005
2.119	6.7776964E-005
2.12	6.8189212E-005
2.121	6.7996109E-005
2.122	6.7136207E-005
2.123	6.5623113E-005
2.124	6.3499414E-005
2.125	6.0812883E-005
2.126	5.7931880E-005
2.127	5.4347223E-005
2.128	5.0395010E-005
2.129	4.6163248E-005
2.13	4.1738589E-005
2.131	3.7212041E-005
2.132	3.2674900E-005
2.133	2.8219201E-005
2.134	2.4312871E-005
2.135	2.0250713E-005
2.136	1.6510869E-005
2.137	1.3164127E-005
2.138	1.0269795E-005
2.139	7.8807843E-006
2.14	6.0348357E-006
2.141	4.7629196E-006
2.142	4.0778641E-006
2.143	3.9866445E-006
2.144	4.4793096E-006
2.145	5.5362570E-006
2.146	7.1248869E-006
2.147	9.2054779E-006
2.148	1.1725970E-005
2.149	1.4625307E-005
2.15	1.7838553E-005
2.151	2.1291586E-005
2.152	2.4909688E-005
2.153	2.8614000E-005
2.154	3.2327931E-005
2.155	3.5967765E-005
2.156	3.9460137E-005
2.157	4.2733460E-005
2.158	4.5720804E-005
2.159	4.8362097E-005
2.16	5.0604714E-005
2.161	5.2405834E-005
2.162	5.3681051E-005
2.163	5.4535121E-005
2.164	5.4870467E-005
2.165	5.4689950E-005
2.166	5.3999625E-005
2.167	5.2817079E-005
2.168	5.1169845E-005
2.169	4.9096914E-005
2.17	4.6635403E-005
2.171	4.3839344E-005
2.172	4.0768227E-005
2.173	3.7176495E-005
2.174	3.3733551E-005
2.175	3.0218676E-005
2.176	2.6698803E-005
2.177	2.3243681E-005
2.178	1.9920726E-005
2.179	1.6790262E-005
2.18	1.3911751E-005
2.181	1.1120293E-005
2.182	8.9315654E-006
2.183	7.1350323E-006
2.184	5.7605539E-006
2.185	4.8296333E-006
2.186	4.3530708E-006
2.187	4.3555797E-006
2.188	4.8296611E-006
2.189	5.7373868E-006
2.19	7.0548331E-006
2.191	8.7503440E-006
2.192	1.0985212E-005
2.193	1.3336425E-005
2.194	1.5925196E-005
2.195	1.8695771E-005
2.196	2.1590129E-005
2.197	2.4819281E-005
2.198	2.7777503E-005
2.199	3.0672847E-005
2.2	3.3448105E-005
2.201	3.6047393E-005
2.202	3.8622416E-005
2.203	4.0696199E-005
2.204	4.2452270E-005
2.205	4.3969772E-005
2.206	4.4967484E-005
2.207	4.5570432E-005
2.208	4.5769528E-005
2.209	4.5528021E-005
2.21	4.4887813E-005
2.211	4.3862692E-005
2.212	4.2332460E-005
2.213	4.0585226E-005
2.214	3.8543665E-005
2.215	3.6249257E-005
2.216	3.3510187E-005
2.217	3.0837240E-005
2.218	2.8063685E-005
2.219	2.4981724E-005
2.22	2.2164879E-005
2.221	1.9410667E-005
2.222	1.6536207E-005
2.223	1.4182066E-005
2.224	1.1726055E-005
2.225	9.7388638E-006
2.226	8.0373084E-006
2.227	6.5426316E-006
2.228	5.5273772E-006
2.229	4.8673455E-006
2.23	4.5616603E-006
2.231	4.6613809E-006
2.232	5.1781740E-006
2.233	6.0101943E-006
2.234	7.1646286E-006
2.235	8.7608969E-006
2.236	1.0497762E-005
2.237	1.2647184E-005
2.238	1.4807058E-005
2.239	1.7316384E-005
2.24	1.9708157E-005
2.241	2.2138933E-005
2.242	2.4776289E-005
2.243	2.7131839E-005
2.244	2.9578479E-005
2.245	3.1660195E-005
2.246	3.3714783E-005
2.247	3.5356192E-005
2.248	3.6848007E-005
2.249	3.7915026E-005
2.25	3.8728354E-005
2.251	3.9139548E-005
2.252	3.9215774E-005
2.253	3.8942693E-005
2.254	3.8281174E-005
2.255	3.7355469E-005
2.256	3.6019337E-005
2.257	3.4522171E-005
2.258	3.2626525E-005
2.259	3.0684354E-005
2.26	2.8387811E-005
2.261	2.6161326E-005
2.262	2.3651615E-005
2.263	2.1111224E-005
2.264	1.8802286E-005
2.265	1.6355221E-005
2.266	1.4222564E-005
2.267	1.2060714E-005
2.268	1.0268614E-005
2.269	8.5571719E-006
2.27	7.1333702E-006
2.271	6.1053943E-006
2.272	5.3039043E-006
2.273	4.8741558E-006
2.274	4.7445583E-006
2.275	4.9666296E-006
2.276	5.4723328E-006
2.277	6.3370039E-006
2.278	7.5062121E-006
2.279	8.8204351E-006
2.28	1.0412729E-005
2.281	1.2112704E-005
2.282	1.4124300E-005
2.283	1.6254442E-005
2.284	1.8268705E-005
2.285	2.0488991E-005
2.286	2.2683336E-005
2.287	2.4630914E-005
2.288	2.6641506E-005
2.289	2.8491229E-005
2.29	3.0139712E-005
2.291	3.1443629E-005
2.292	3.2614600E-005
2.293	3.3495118E-005
2.294	3.4034401E-005
2.295	3.4318364E-005
2.296	3.4280722E-005
2.297	3.3925335E-005
2.298	3.3323977E-005
2.299	3.2388994E-005
2.3	3.1180909E-005
2.301	2.9725712E-005
2.302	2.8203291E-005
2.303	2.6370220E-005
2.304	2.4395920E-005
2.305	2.2324755E-005
2.306	2.0376883E-005
2.307	1.8241166E-005
2.308	1.6136930E-005
2.309	1.4109755E-005
2.31	1.2200368E-005
2.311	1.0587582E-005
2.312	9.0103194E-006
2.313	7.6545375E-006
2.314	6.5454110E-006
2.315	5.7040729E-006
2.316	5.1807865E-006
2.317	4.8894376E-006
2.318	4.8921870E-006
2.319	5.1858610E-006
2.32	5.7609982E-006
2.321	6.6024768E-006
2.322	7.6895476E-006
2.323	8.8793395E-006
2.324	1.0361172E-005
2.325	1.2001284E-005
2.326	1.3763160E-005
2.327	1.5607926E-005
2.328	1.7495331E-005
2.329	1.9383569E-005
2.33	2.1232936E-005
2.331	2.3003058E-005
2.332	2.4591149E-005
2.333	2.5982790E-005
2.334	2.7328590E-005
2.335	2.8467224E-005
2.336	2.9377135E-005
2.337	3.0037321E-005
2.338	3.0438776E-005
2.339	3.0574342E-005
2.34	3.0436755E-005
2.341	3.0035178E-005
2.342	2.9378440E-005
2.343	2.8480194E-005
2.344	2.7359847E-005
2.345	2.6042708E-005
2.346	2.4556453E-005
2.347	2.2931374E-005
2.348	2.1202679E-005
2.349	1.9405668E-005
2.35	1.7577675E-005
2.351	1.5755877E-005
2.352	1.3977439E-005
2.353	1.2277075E-005
2.354	1.0689883E-005
2.355	9.2467199E-006
2.356	7.9761567E-006
2.357	6.9008333E-006
2.358	6.0426692E-006
2.359	5.4169100E-006
2.36	5.0322956E-006
2.361	4.8966881E-006
2.362	5.0103504E-006
2.363	5.3669401E-006
2.364	5.9576314E-006
2.365	6.7680071E-006
2.366	7.8724333E-006
2.367	9.0761114E-006
2.368	1.0429784E-005
2.369	1.1903587E-005
2.37	1.3466638E-005
2.371	1.5085899E-005
2.372	1.6726875E-005
2.373	1.8355617E-005
2.374	1.9938410E-005
2.375	2.1563395E-005
2.376	2.2947681E-005
2.377	2.4190933E-005
2.378	2.5271927E-005
2.379	2.6165955E-005
2.38	2.6856240E-005
2.381	2.7314731E-005
2.382	2.7583805E-005
2.383	2.7592943E-005
2.384	2.7372564E-005
2.385	2.6926637E-005
2.386	2.6268295E-005
2.387	2.5329928E-005
2.388	2.4276278E-005
2.389	2.3061470E-005
2.39	2.1714844E-005
2.391	2.0260190E-005
2.392	1.8598426E-005
2.393	1.7017304E-005
2.394	1.5423353E-005
2.395	1.3848082E-005
2.396	1.2322050E-005
2.397	1.0759133E-005
2.398	9.4289835E-006
2.399	8.2329670E-006
2.4	7.1148675E-006
2.401	6.2671520E-006
2.402	5.6119916E-006
2.403	5.1606335E-006
2.404	4.9106161E-006
2.405	4.9023906E-006
2.406	5.1072043E-006
2.407	5.5187065E-006
2.408	6.1857813E-006
2.409	6.9916264E-006
2.41	7.9621168E-006
2.411	9.1746497E-006
2.412	1.0417586E-005
2.413	1.1753193E-005
2.414	1.3272322E-005
2.415	1.4711723E-005
2.416	1.6156691E-005
2.417	1.7694065E-005
2.418	1.9057612E-005
2.419	2.0340231E-005
2.42	2.1609023E-005
2.421	2.2643446E-005
2.422	2.3593793E-005
2.423	2.4295723E-005
2.424	2.4815645E-005
2.425	2.5161031E-005
2.426	2.5274408E-005
2.427	2.5186357E-005
2.428	2.4887757E-005
2.429	2.4403596E-005
2.43	2.3676706E-005
2.431	2.2832230E-005
2.432	2.1749340E-005
2.433	2.0616175E-005
2.434	1.9377367E-005
2.435	1.7943223E-005
2.436	1.6563496E-005
2.437	1.5037944E-005
2.438	1.3631245E-005
2.439	1.2141079E-005
2.44	1.0823081E-005
2.441	9.4882025E-006
2.442	8.3662990E-006
2.443	7.3712104E-006
2.444	6.4568221E-006
2.445	5.7806055E-006
2.446	5.2433979E-006
2.447	4.9367300E-006
2.448	4.8147090E-006
2.449	4.9125506E-006
2.45	5.1943543E-006
2.451	5.6537501E-006
2.452	6.3394646E-006
2.453	7.2046441E-006
2.454	8.1442122E-006
2.455	9.2917762E-006
2.456	1.0449108E-005
2.457	1.1781069E-005
2.458	1.3057059E-005
2.459	1.4460406E-005
2.46	1.5748208E-005
2.461	1.7105429E-005
2.462	1.8393801E-005
2.463	1.9497340E-005
2.464	2.0574884E-005
2.465	2.1440033E-005
2.466	2.2219714E-005
2.467	2.2815175E-005
2.468	2.3194068E-005
2.469	2.3410177E-005
2.47	2.3425859E-005
2.471	2.3255385E-005
2.472	2.2880578E-005
2.473	2.2361952E-005
2.474	2.1626427E-005
2.475	2.0801199E-005
2.476	1.9768273E-005
2.477	1.8611119E-005
2.478	1.7456459E-005
2.479	1.6136280E-005
2.48	1.4773852E-005
2.481	1.3502631E-005
2.482	1.2139616E-005
2.483	1.0820236E-005
2.484	9.5726418E-006
2.485	8.5069996E-006
2.486	7.4696409E-006
2.487	6.5745926E-006
2.488	5.8900050E-006
2.489	5.3166168E-006
2.49	4.9293967E-006
2.491	4.7432118E-006
2.492	4.7303297E-006
2.493	4.9113128E-006
2.494	5.2832197E-006
2.495	5.7866873E-006
2.496	6.4937994E-006
2.497	7.3531119E-006
2.498	8.3448940E-006
2.499	9.3593753E-006
2.5	1.0541159E-005
2.501	1.1785184E-005
2.502	1.3062438E-005
2.503	1.4346078E-005
2.504	1.5512105E-005
2.505	1.6728565E-005
2.506	1.7872009E-005
2.507	1.8917624E-005
2.508	1.9842859E-005
2.509	2.0572585E-005
2.51	2.1213340E-005
2.511	2.1685335E-005
2.512	2.1977010E-005
2.513	2.2084556E-005
2.514	2.2013837E-005
2.515	2.1784715E-005
2.516	2.1363758E-005
2.517	2.0772311E-005
2.518	2.0023945E-005
2.519	1.9135572E-005
2.52	1.8125140E-005
2.521	1.7015196E-005
2.522	1.5920261E-005
2.523	1.4684813E-005
2.524	1.3421418E-005
2.525	1.2158130E-005
2.526	1.0920163E-005
2.527	9.7334269E-006
2.528	8.6231348E-006
2.529	7.6118336E-006
2.53	6.7200272E-006
2.531	5.9664453E-006
2.532	5.3658473E-006
2.533	4.9299397E-006
2.534	4.6823643E-006
2.535	4.5843490E-006
2.536	4.6661271E-006
2.537	4.9247037E-006
2.538	5.3537497E-006
2.539	5.9437812E-006
2.54	6.6819457E-006
2.541	7.5519915E-006
2.542	8.5352203E-006
2.543	9.6112462E-006
2.544	1.0756209E-005
2.545	1.1946865E-005
2.546	1.3157895E-005
2.547	1.4363853E-005
2.548	1.5539599E-005
2.549	1.6659784E-005
2.55	1.7702841E-005
2.551	1.8646046E-005
2.552	1.9439693E-005
2.553	2.0132786E-005
2.554	2.0677844E-005
2.555	2.1061098E-005
2.556	2.1276725E-005
2.557	2.1315494E-005
2.558	2.1171654E-005
2.559	2.0857857E-005
2.56	2.0380654E-005
2.561	1.9750094E-005
2.562	1.8979765E-005
2.563	1.8084038E-005
2.564	1.7082786E-005
2.565	1.5996933E-005
2.566	1.4847593E-005
2.567	1.3658433E-005
2.568	1.2361495E-005
2.569	1.1168206E-005
2.57	1.0010238E-005
2.571	8.9109199E-006
2.572	7.8930861E-006
2.573	6.9770954E-006
2.574	6.1811797E-006
2.575	5.4770198E-006
2.576	4.9792829E-006
2.577	4.6430391E-006
2.578	4.4732374E-006
2.579	4.4754943E-006
2.58	4.6484138E-006
2.581	5.0220865E-006
2.582	5.5355767E-006
2.583	6.1998667E-006
2.584	7.0007618E-006
2.585	7.9228848E-006
2.586	9.0305284E-006
2.587	1.0143699E-005
2.588	1.1315802E-005
2.589	1.2523920E-005
2.59	1.3696410E-005
2.591	1.4997221E-005
2.592	1.6167085E-005
2.593	1.7277333E-005
2.594	1.8305023E-005
2.595	1.9296671E-005
2.596	2.0092037E-005
2.597	2.0749772E-005
2.598	2.1257387E-005
2.599	2.1622107E-005
2.6	2.1788137E-005
2.601	2.1782020E-005
2.602	2.1584705E-005
2.603	2.1225578E-005
2.604	2.0705780E-005
2.605	2.0036450E-005
2.606	1.9160098E-005
2.607	1.8221141E-005
2.608	1.7179333E-005
2.609	1.5964444E-005
2.61	1.4776851E-005
2.611	1.3552681E-005
2.612	1.2224224E-005
2.613	1.1005713E-005
2.614	9.8273140E-006
2.615	8.6306172E-006
2.616	7.6109413E-006
2.617	6.6362259E-006
2.618	5.8666787E-006
2.619	5.2446717E-006
2.62	4.7578028E-006
2.621	4.4865533E-006
2.622	4.3990053E-006
2.623	4.5157162E-006
2.624	4.8231359E-006
2.625	5.3652384E-006
2.626	6.0309744E-006
2.627	6.8955510E-006
2.628	8.0117052E-006
2.629	9.2048567E-006
2.63	1.0638898E-005
2.631	1.2088679E-005
2.632	1.3752700E-005
2.633	1.5368760E-005
2.634	1.7158733E-005
2.635	1.8839752E-005
2.636	2.0642166E-005
2.637	2.2281027E-005
2.638	2.3863829E-005
2.639	2.5478173E-005
2.64	2.6868251E-005
2.641	2.8229095E-005
2.642	2.9345789E-005
2.643	3.0371302E-005
2.644	3.1146064E-005
2.645	3.1776246E-005
2.646	3.2167121E-005
2.647	3.2373358E-005
2.648	3.2361619E-005
2.649	3.2138068E-005
2.65	3.1699063E-005
2.651	3.1107076E-005
2.652	3.0283647E-005
2.653	2.9360666E-005
2.654	2.8214037E-005
2.655	2.7023012E-005
2.656	2.5628604E-005
2.657	2.4248391E-005
2.658	2.2693515E-005
2.659	2.1091893E-005
2.66	1.9585561E-005
2.661	1.8022807E-005
2.662	1.6538597E-005
2.663	1.4983154E-005
2.664	1.3492627E-005
2.665	1.2181494E-005
2.666	1.0864207E-005
2.667	9.7413458E-006
2.668	8.6469490E-006
2.669	7.6822716E-006
2.67	6.9055459E-006
2.671	6.2019722E-006
2.672	5.6321560E-006
2.673	5.2210607E-006
2.674	4.9020682E-006
2.675	4.7002954E-006
2.676	4.6104269E-006
2.677	4.6077953E-006
2.678	4.6902583E-006
2.679	4.8308802E-006
2.68	5.0364861E-006
2.681	5.2837590E-006
2.682	5.5375112E-006
2.683	5.8240257E-006
2.684	6.1089358E-006
2.685	6.3803145E-006
2.686	6.6094244E-006
2.687	6.8218233E-006
2.688	6.9910211E-006
2.689	7.1030240E-006
2.69	7.1701766E-006
2.691	7.1798036E-006
2.692	7.1308373E-006
2.693	7.0343158E-006
2.694	6.8772515E-006
2.695	6.6786461E-006
2.696	6.4298920E-006
2.697	6.1658466E-006
2.698	5.8553974E-006
2.699	5.5263858E-006
2.7	5.1894081E-006
2.701	4.8550723E-006
2.702	4.5570941E-006
2.703	4.2585389E-006
2.704	3.9934152E-006
2.705	3.7711989E-006
2.706	3.6001650E-006
2.707	3.4872182E-006
2.708	3.4393502E-006
2.709	3.4535453E-006
2.71	3.5380228E-006
2.711	3.6937067E-006
2.712	3.9200445E-006
2.713	4.2135744E-006
2.714	4.5430611E-006
2.715	4.9534578E-006
2.716	5.4144557E-006
2.717	5.9176677E-006
2.718	6.4522369E-006
2.719	7.0086903E-006
2.72	7.5751514E-006
2.721	8.1398885E-006
2.722	8.6915552E-006
2.723	9.1815928E-006
2.724	9.6741878E-006
2.725	1.0121440E-005
2.726	1.0512292E-005
2.727	1.0828173E-005
2.728	1.1086451E-005
2.729	1.1266286E-005
2.73	1.1365512E-005
2.731	1.1380583E-005
2.732	1.1311027E-005
2.733	1.1157982E-005
2.734	1.0925158E-005
2.735	1.0616725E-005
2.736	1.0238627E-005
2.737	9.7989850E-006
2.738	9.3074168E-006
2.739	8.7735962E-006
2.74	8.2096285E-006
2.741	7.6266933E-006
2.742	7.0377055E-006
2.743	6.4548176E-006
2.744	5.8915766E-006
2.745	5.3592298E-006
2.746	4.8693887E-006
2.747	4.4329809E-006
2.748	4.0593345E-006
2.749	3.7563045E-006
2.75	3.5310354E-006
2.751	3.3885374E-006
2.752	3.3326644E-006
2.753	3.3643923E-006
2.754	3.4835384E-006
2.755	3.6881406E-006
2.756	3.9745069E-006
2.757	4.3365326E-006
2.758	4.7512121E-006
2.759	5.2770338E-006
2.76	5.8196551E-006
2.761	6.4011297E-006
2.762	7.0092178E-006
2.763	7.6318001E-006
2.764	8.2559754E-006
2.765	8.8690122E-006
2.766	9.4585957E-006
2.767	1.0049502E-005
2.768	1.0552381E-005
2.769	1.0996673E-005
2.77	1.1373113E-005
2.771	1.1674491E-005
2.772	1.1894835E-005
2.773	1.2028278E-005
2.774	1.2072434E-005
2.775	1.2020577E-005
2.776	1.1880198E-005
2.777	1.1653006E-005
2.778	1.1344151E-005
2.779	1.0930303E-005
2.78	1.0473524E-005
2.781	9.9590197E-006
2.782	9.3978206E-006
2.783	8.7992039E-006
2.784	8.1324742E-006
2.785	7.4983950E-006
2.786	6.8664431E-006
2.787	6.2495533E-006
2.788	5.6806234E-006
2.789	5.0911722E-006
2.79	4.5932543E-006
2.791	4.1561666E-006
2.792	3.7884927E-006
2.793	3.4808622E-006
2.794	3.2791324E-006
2.795	3.1648299E-006
2.796	3.1416732E-006
2.797	3.2131099E-006
2.798	3.3734868E-006
2.799	3.6187009E-006
2.8	3.9703950E-006
2.801	4.3750779E-006
2.802	4.8446409E-006
2.803	5.4092388E-006
2.804	5.9827294E-006
2.805	6.5891763E-006
2.806	7.2618468E-006
2.807	7.8973417E-006
2.808	8.5281099E-006
2.809	9.1832962E-006
2.81	9.7632837E-006
2.811	1.0300991E-005
2.812	1.0817878E-005
2.813	1.1234460E-005
2.814	1.1601117E-005
2.815	1.1862026E-005
2.816	1.2038205E-005
2.817	1.2130194E-005
2.818	1.2124041E-005
2.819	1.2030727E-005
2.82	1.1833455E-005
2.821	1.1561559E-005
2.822	1.1183852E-005
2.823	1.0757417E-005
2.824	1.0230950E-005
2.825	9.6849799E-006
2.826	9.0968870E-006
2.827	8.4341109E-006
2.828	7.7966406E-006
2.829	7.1083577E-006
2.83	6.4741389E-006
2.831	5.8179257E-006
2.832	5.2398600E-006
2.833	4.6699170E-006
2.834	4.1952985E-006
2.835	3.7856598E-006
2.836	3.4277884E-006
2.837	3.1755299E-006
2.838	2.9992430E-006
2.839	2.9250855E-006
2.84	2.9443640E-006
2.841	3.0656036E-006
2.842	3.2677603E-006
2.843	3.5754638E-006
2.844	3.9410816E-006
2.845	4.4089388E-006
2.846	4.8888369E-006
2.847	5.4766160E-006
2.848	6.0654793E-006
2.849	6.7265451E-006
2.85	7.3589131E-006
2.851	8.0386189E-006
2.852	8.6626105E-006
2.853	9.3049075E-006
2.854	9.9067011E-006
2.855	1.0419924E-005
2.856	1.0906812E-005
2.857	1.1293118E-005
2.858	1.1624371E-005
2.859	1.1864884E-005
2.86	1.2000571E-005
2.861	1.2050423E-005
2.862	1.2004781E-005
2.863	1.1859359E-005
2.864	1.1616876E-005
2.865	1.1307271E-005
2.866	1.0893137E-005
2.867	1.0403279E-005
2.868	9.8866440E-006
2.869	9.2816763E-006
2.87	8.6341088E-006
2.871	8.0056170E-006
2.872	7.3191604E-006
2.873	6.6568759E-006
2.874	6.0311058E-006
2.875	5.3889503E-006
2.876	4.7897920E-006
2.877	4.2808520E-006
2.878	3.8000917E-006
2.879	3.3967442E-006
2.88	3.0968781E-006
2.881	2.8650563E-006
2.882	2.7299145E-006
2.883	2.6942566E-006
2.884	2.7518495E-006
2.885	2.9089354E-006
2.886	3.1616523E-006
2.887	3.5040755E-006
2.888	3.8981684E-006
2.889	4.3914511E-006
2.89	4.9480886E-006
2.891	5.5554524E-006
2.892	6.1570258E-006
2.893	6.8252048E-006
2.894	7.5040111E-006
2.895	8.1788185E-006
2.896	8.7920280E-006
2.897	9.4186380E-006
2.898	9.9993140E-006
2.899	1.0522832E-005
2.9	1.0962796E-005
2.901	1.1318941E-005
2.902	1.1617525E-005
2.903	1.1823075E-005
2.904	1.1932600E-005
2.905	1.1942328E-005
2.906	1.1853649E-005
2.907	1.1666482E-005
2.908	1.1407968E-005
2.909	1.1045979E-005
2.91	1.0602974E-005
2.911	1.0088781E-005
2.912	9.5145742E-006
2.913	8.8923734E-006
2.914	8.2343677E-006
2.915	7.6004935E-006
2.916	6.9142834E-006
2.917	6.2341283E-006
2.918	5.5741862E-006
2.919	4.9490491E-006
2.92	4.3708264E-006
2.921	3.8520843E-006
2.922	3.4034433E-006
2.923	3.0343742E-006
2.924	2.7524218E-006
2.925	2.5637464E-006
2.926	2.4730527E-006
2.927	2.4763738E-006
2.928	2.5682027E-006
2.929	2.7597239E-006
2.93	3.0438903E-006
2.931	3.4141046E-006
2.932	3.8630956E-006
2.933	4.3812597E-006
2.934	4.9577197E-006
2.935	5.5802566E-006
2.936	6.2359909E-006
2.937	6.9114417E-006
2.938	7.5923531E-006
2.939	8.2648476E-006
2.94	8.9145087E-006
2.941	9.5276164E-006
2.942	1.0092382E-005
2.943	1.0596092E-005
2.944	1.1028768E-005
2.945	1.1380917E-005
2.946	1.1660765E-005
2.947	1.1827007E-005
2.948	1.1895781E-005
2.949	1.1867068E-005
2.95	1.1739815E-005
2.951	1.1527920E-005
2.952	1.1217824E-005
2.953	1.0823828E-005
2.954	1.0353921E-005
2.955	9.8164928E-006
2.956	9.2238324E-006
2.957	8.5858073E-006
2.958	7.8733638E-006
2.959	7.1871023E-006
2.96	6.4989208E-006
2.961	5.8223081E-006
2.962	5.1704169E-006
2.963	4.5577481E-006
2.964	3.9957158E-006
2.965	3.4960055E-006
2.966	3.0431447E-006
2.967	2.7027775E-006
2.968	2.4508122E-006
2.969	2.2927095E-006
2.97	2.2307788E-006
2.971	2.2669415E-006
2.972	2.4005856E-006
2.973	2.6470912E-006
2.974	2.9707755E-006
2.975	3.3773219E-006
2.976	3.8413400E-006
2.977	4.3853906E-006
2.978	5.0253675E-006
2.979	5.6683207E-006
2.98	6.3398743E-006
2.981	7.0259280E-006
2.982	7.7590712E-006
2.983	8.4323228E-006
2.984	9.0784697E-006
2.985	9.6843632E-006
2.986	1.0272670E-005
2.987	1.0757511E-005
2.988	1.1168908E-005
2.989	1.1497279E-005
2.99	1.1749851E-005
2.991	1.1888936E-005
2.992	1.1931992E-005
2.993	1.1876356E-005
2.994	1.1710820E-005
2.995	1.1459309E-005
2.996	1.1118145E-005
2.997	1.0665049E-005
2.998	1.0164031E-005
2.999	9.6002723E-006
3	8.9624955E-006
3.001	8.3054447E-006
3.002	7.6219271E-006
3.003	6.8789554E-006
3.004	6.1843139E-006
3.005	5.5045084E-006
3.006	4.8113611E-006
3.007	4.2057045E-006
3.008	3.6542704E-006
3.009	3.1379823E-006
3.01	2.7322519E-006
3.011	2.4096269E-006
3.012	2.1651031E-006
3.013	2.0334544E-006
3.014	2.0006937E-006
3.015	2.0709952E-006
3.016	2.2383990E-006
3.017	2.5196680E-006
3.018	2.8744371E-006
3.019	3.3425301E-006
3.02	3.8556477E-006
3.021	4.4713629E-006
3.022	5.1005331E-006
3.023	5.7676630E-006
3.024	6.4830269E-006
3.025	7.1861550E-006
3.026	7.9333167E-006
3.027	8.6160235E-006
3.028	9.3103181E-006
3.029	9.9156914E-006
3.03	1.0499277E-005
3.031	1.0977482E-005
3.032	1.1402393E-005
3.033	1.1713670E-005
3.034	1.1944981E-005
3.035	1.2062758E-005
3.036	1.2080737E-005
3.037	1.1995106E-005
3.038	1.1798234E-005
3.039	1.1516302E-005
3.04	1.1119377E-005
3.041	1.0664040E-005
3.042	1.0099563E-005
3.043	9.5080622E-006
3.044	8.8215775E-006
3.045	8.1405369E-006
3.046	7.3886358E-006
3.047	6.6510656E-006
3.048	5.9422609E-006
3.049	5.2066703E-006
3.05	4.5509378E-006
3.051	3.9019169E-006
3.052	3.3533167E-006
3.053	2.8439210E-006
3.054	2.4235262E-006
3.055	2.1191261E-006
3.056	1.8960122E-006
3.057	1.7867550E-006
3.058	1.7797568E-006
3.059	1.8858644E-006
3.06	2.0859195E-006
3.061	2.4025769E-006
3.062	2.8194818E-006
3.063	3.2933301E-006
3.064	3.8774219E-006
3.065	4.4875101E-006
3.066	5.1920083E-006
3.067	5.9373265E-006
3.068	6.7072560E-006
3.069	7.4126679E-006
3.07	8.1839398E-006
3.071	8.9322284E-006
3.072	9.5983505E-006
3.073	1.0255982E-005
3.074	1.0846430E-005
3.075	1.1326785E-005
3.076	1.1751637E-005
3.077	1.2075557E-005
3.078	1.2293150E-005
3.079	1.2395199E-005
3.08	1.2393672E-005
3.081	1.2277927E-005
3.082	1.2067640E-005
3.083	1.1739507E-005
3.084	1.1310396E-005
3.085	1.0789476E-005
3.086	1.0227125E-005
3.087	9.5616188E-006
3.088	8.8403176E-006
3.089	8.0797126E-006
3.09	7.2956832E-006
3.091	6.5785093E-006
3.092	5.7956199E-006
3.093	5.0376834E-006
3.094	4.3201590E-006
3.095	3.6589277E-006
3.096	3.1029901E-006
3.097	2.5897227E-006
3.098	2.1697963E-006
3.099	1.8520464E-006
3.1	1.6436067E-006
3.101	1.5520380E-006
3.102	1.5666204E-006
3.103	1.6975184E-006
3.104	1.9425870E-006
3.105	2.2966112E-006
3.106	2.7524829E-006
3.107	3.3011240E-006
3.108	3.8898106E-006
3.109	4.5849970E-006
3.11	5.3351569E-006
3.111	6.1254887E-006
3.112	6.9390762E-006
3.113	7.7342702E-006
3.114	8.5450311E-006
3.115	9.3298331E-006
3.116	1.0071429E-005
3.117	1.0755508E-005
3.118	1.1330720E-005
3.119	1.1863087E-005
3.12	1.2299280E-005
3.121	1.2631536E-005
3.122	1.2851182E-005
3.123	1.2955806E-005
3.124	1.2940677E-005
3.125	1.2807987E-005
3.126	1.2558707E-005
3.127	1.2198099E-005
3.128	1.1733833E-005
3.129	1.1174679E-005
3.13	1.0533256E-005
3.131	9.8209839E-006
3.132	9.0544445E-006
3.133	8.2474962E-006
3.134	7.4440509E-006
3.135	6.6077355E-006
3.136	5.7824536E-006
3.137	4.9846249E-006
3.138	4.2310139E-006
3.139	3.5374471E-006
3.14	2.9183238E-006
3.141	2.3866687E-006
3.142	1.9535696E-006
3.143	1.6284396E-006
3.144	1.4181273E-006
3.145	1.3278986E-006
3.146	1.3656427E-006
3.147	1.5270761E-006
3.148	1.8075175E-006
3.149	2.2022202E-006
3.15	2.7031251E-006
3.151	3.3013689E-006
3.152	3.9847387E-006
3.153	4.7400895E-006
3.154	5.5524820E-006
3.155	6.3786042E-006
3.156	7.2554008E-006
3.157	8.1949311E-006
3.158	9.0671319E-006
3.159	9.9109848E-006
3.16	1.0708050E-005
3.161	1.1444145E-005
3.162	1.2102939E-005
3.163	1.2672176E-005
3.164	1.3164986E-005
3.165	1.3514244E-005
3.166	1.3744126E-005
3.167	1.3851251E-005
3.168	1.3831471E-005
3.169	1.3686371E-005
3.17	1.3396888E-005
3.171	1.3003195E-005
3.172	1.2499270E-005
3.173	1.1894652E-005
3.174	1.1202128E-005
3.175	1.0409351E-005
3.176	9.5808909E-006
3.177	8.7099115E-006
3.178	7.8138746E-006
3.179	6.8538598E-006
3.18	5.9628369E-006
3.181	5.1013903E-006
3.182	4.2875527E-006
3.183	3.4928494E-006
3.184	2.8274708E-006
3.185	2.2562208E-006
3.186	1.7906145E-006
3.187	1.4234133E-006
3.188	1.2051657E-006
3.189	1.1154925E-006
3.19	1.1645922E-006
3.191	1.3459550E-006
3.192	1.6563772E-006
3.193	2.0898806E-006
3.194	2.6772616E-006
3.195	3.3162487E-006
3.196	4.0676732E-006
3.197	4.9524770E-006
3.198	5.8499131E-006
3.199	6.7929768E-006
3.2	7.8245621E-006
3.201	8.8046172E-006
3.202	9.7736456E-006
3.203	1.0769971E-005
3.204	1.1657807E-005
3.205	1.2528748E-005
3.206	1.3262684E-005
3.207	1.3900050E-005
3.208	1.4455747E-005
3.209	1.4854907E-005
3.21	1.5124359E-005
3.211	1.5264155E-005
3.212	1.5253861E-005
3.213	1.5091433E-005
3.214	1.4810337E-005
3.215	1.4393092E-005
3.216	1.3816096E-005
3.217	1.3157460E-005
3.218	1.2350335E-005
3.219	1.1504379E-005
3.22	1.0531490E-005
3.221	9.5666246E-006
3.222	8.5087686E-006
3.223	7.5033263E-006
3.224	6.5084273E-006
3.225	5.4848642E-006
3.226	4.5727684E-006
3.227	3.6791275E-006
3.228	2.9270971E-006
3.229	2.2394477E-006
3.23	1.7116673E-006
3.231	1.2902716E-006
3.232	1.0343088E-006
3.233	9.1844095E-007
3.234	9.5665257E-007
3.235	1.1563029E-006
3.236	1.4934440E-006
3.237	2.0035843E-006
3.238	2.6188814E-006
3.239	3.4042741E-006
3.24	4.3098289E-006
3.241	5.2562541E-006
3.242	6.3419488E-006
3.243	7.4204559E-006
3.244	8.6034097E-006
3.245	9.7312304E-006
3.246	1.0919771E-005
3.247	1.2075453E-005
3.248	1.3110163E-005
3.249	1.4131646E-005
3.25	1.5001378E-005
3.251	1.5809048E-005
3.252	1.6460523E-005
3.253	1.6957312E-005
3.254	1.7326118E-005
3.255	1.7518580E-005
3.256	1.7551672E-005
3.257	1.7408744E-005
3.258	1.7113643E-005
3.259	1.6637210E-005
3.26	1.6001679E-005
3.261	1.5268999E-005
3.262	1.4364256E-005
3.263	1.3346472E-005
3.264	1.2304931E-005
3.265	1.1131289E-005
3.266	9.9146891E-006
3.267	8.7502758E-006
3.268	7.5210041E-006
3.269	6.3242210E-006
3.27	5.2522187E-006
3.271	4.2232332E-006
3.272	3.2680869E-006
3.273	2.4856233E-006
3.274	1.7953272E-006
3.275	1.2679795E-006
3.276	9.1599372E-007
3.277	7.5345531E-007
3.278	7.6629800E-007
3.279	9.7206475E-007
3.28	1.3694232E-006
3.281	1.9130350E-006
3.282	2.6620762E-006
3.283	3.5749229E-006
3.284	4.6353002E-006
3.285	5.7498414E-006
3.286	7.0369697E-006
3.287	8.4057938E-006
3.288	9.8291948E-006
3.289	1.1238327E-005
3.29	1.2602528E-005
3.291	1.4025587E-005
3.292	1.5390664E-005
3.293	1.6673335E-005
3.294	1.7844375E-005
3.295	1.8825071E-005
3.296	1.9714689E-005
3.297	2.0432128E-005
3.298	2.0958441E-005
3.299	2.1285761E-005
3.3	2.1403557E-005
3.301	2.1309608E-005
3.302	2.1030028E-005
3.303	2.0530830E-005
3.304	1.9836456E-005
3.305	1.8957124E-005
3.306	1.7912280E-005
3.307	1.6757922E-005
3.308	1.5448351E-005
3.309	1.4043194E-005
3.31	1.2571869E-005
3.311	1.1151024E-005
3.312	9.6376616E-006
3.313	8.1476446E-006
3.314	6.7156525E-006
3.315	5.3710987E-006
3.316	4.1453086E-006
3.317	3.0638805E-006
3.318	2.1530254E-006
3.319	1.4346372E-006
3.32	9.2668290E-007
3.321	6.4290856E-007
3.322	5.9421342E-007
3.323	7.8509044E-007
3.324	1.2167817E-006
3.325	1.8616568E-006
3.326	2.7507683E-006
3.327	3.8539474E-006
3.328	5.1539537E-006
3.329	6.6279954E-006
3.33	8.2517990E-006
3.331	9.9949102E-006
3.332	1.1826726E-005
3.333	1.3712316E-005
3.334	1.5618556E-005
3.335	1.7506994E-005
3.336	1.9343899E-005
3.337	2.1090800E-005
3.338	2.2717959E-005
3.339	2.4186866E-005
3.34	2.5474823E-005
3.341	2.6550124E-005
3.342	2.7372511E-005
3.343	2.7971479E-005
3.344	2.8307026E-005
3.345	2.8372744E-005
3.346	2.8159060E-005
3.347	2.7639844E-005
3.348	2.6874532E-005
3.349	2.5858568E-005
3.35	2.4608635E-005
3.351	2.3151184E-005
3.352	2.1510597E-005
3.353	1.9720384E-005
3.354	1.7818231E-005
3.355	1.5720625E-005
3.356	1.3705529E-005
3.357	1.1696457E-005
3.358	9.7394759E-006
3.359	7.9273250E-006
3.36	6.1901560E-006
3.361	4.6235809E-006
3.362	3.1914481E-006
3.363	2.0868890E-006
3.364	1.2521791E-006
3.365	7.1103409E-007
3.366	4.8239491E-007
3.367	5.9445574E-007
3.368	1.0422575E-006
3.369	1.8218433E-006
3.37	2.9275848E-006
3.371	4.3466821E-006
3.372	6.1694632E-006
3.373	8.1681155E-006
3.374	1.0403978E-005
3.375	1.2842238E-005
3.376	1.5520320E-005
3.377	1.8241253E-005
3.378	2.1029915E-005
3.379	2.3839557E-005
3.38	2.6782343E-005
3.381	2.9475790E-005
3.382	3.2034292E-005
3.383	3.4413973E-005
3.384	3.6682490E-005
3.385	3.8550035E-005
3.386	4.0103801E-005
3.387	4.1320720E-005
3.388	4.2205680E-005
3.389	4.2644682E-005
3.39	4.2681044E-005
3.391	4.2281477E-005
3.392	4.1486830E-005
3.393	4.0344599E-005
3.394	3.8700346E-005
3.395	3.6790250E-005
3.396	3.4573797E-005
3.397	3.1932756E-005
3.398	2.9209512E-005
3.399	2.6317219E-005
3.4	2.3137793E-005
3.401	2.0084897E-005
3.402	1.6868082E-005
3.403	1.3915288E-005
3.404	1.1111002E-005
3.405	8.3715495E-006
3.406	6.0647667E-006
3.407	4.0894211E-006
3.408	2.4164174E-006
3.409	1.3062715E-006
3.41	6.0156128E-007
3.411	4.5310881E-007
3.412	8.6993640E-007
3.413	1.8194407E-006
3.414	3.3120889E-006
3.415	5.4779784E-006
3.416	8.0585287E-006
3.417	1.1327851E-005
3.418	1.4882151E-005
3.419	1.9090687E-005
3.42	2.3422541E-005
3.421	2.8322300E-005
3.422	3.3164575E-005
3.423	3.8442264E-005
3.424	4.3475175E-005
3.425	4.8621951E-005
3.426	5.3494252E-005
3.427	5.8435453E-005
3.428	6.2789935E-005
3.429	6.6987617E-005
3.43	7.0490889E-005
3.431	7.3619434E-005
3.432	7.5974931E-005
3.433	7.7759272E-005
3.434	7.8752550E-005
3.435	7.9016841E-005
3.436	7.8522891E-005
3.437	7.7199547E-005
3.438	7.5203847E-005
3.439	7.2344730E-005
3.44	6.8750443E-005
3.441	6.4873217E-005
3.442	6.0072431E-005
3.443	5.5087472E-005
3.444	4.9428982E-005
3.445	4.3837423E-005
3.446	3.7775655E-005
3.447	3.1708907E-005
3.448	2.6105932E-005
3.449	2.0454099E-005
3.45	1.5236781E-005
3.451	1.0843227E-005
3.452	6.8936579E-006
3.453	3.9482597E-006
3.454	1.7821156E-006
3.455	7.0573799E-007
3.456	7.7899568E-007
3.457	2.0296670E-006
3.458	4.6198247E-006
3.459	8.3107443E-006
3.46	1.3547678E-005
3.461	2.0143003E-005
3.462	2.7584165E-005
3.463	3.6683774E-005
3.464	4.6945803E-005
3.465	5.7611422E-005
3.466	6.9782902E-005
3.467	8.2720260E-005
3.468	9.5448049E-005
3.469	1.0929512E-004
3.47	1.2328074E-004
3.471	1.3719263E-004
3.472	1.4967656E-004
3.473	1.6274236E-004
3.474	1.7503304E-004
3.475	1.8625981E-004
3.476	1.9570964E-004
3.477	2.0426548E-004
3.478	2.1112345E-004
3.479	2.1613229E-004
3.48	2.1898901E-004
3.481	2.1995953E-004
3.482	2.1870175E-004
3.483	2.1516485E-004
3.484	2.0938732E-004
3.485	2.0189013E-004
3.486	1.9190245E-004
3.487	1.8027092E-004
3.488	1.6657694E-004
3.489	1.5133407E-004
3.49	1.3579190E-004
3.491	1.1848027E-004
3.492	1.0067114E-004
3.493	8.2815110E-005
3.494	6.5396453E-005
3.495	4.8961385E-005
3.496	3.4059281E-005
3.497	2.1945436E-005
3.498	1.1767457E-005
3.499	4.9473451E-006
3.5	2.1195760E-006
3.501	3.9323418E-006
3.502	1.0740006E-005
3.503	2.3547391E-005
3.504	4.1573261E-005
3.505	6.7482571E-005
3.506	1.0092060E-004
3.507	1.4237646E-004
3.508	1.9224441E-004
3.509	2.5089982E-004
3.51	3.1866127E-004
3.511	3.9563677E-004
3.512	4.8209212E-004
3.513	5.7790504E-004
3.514	6.8308751E-004
3.515	7.9760660E-004
3.516	9.2101394E-004
3.517	1.0492558E-003
3.518	1.1893262E-003
3.519	1.3287771E-003
3.52	1.4830321E-003
3.521	1.6439247E-003
3.522	1.8099829E-003
3.523	1.9809725E-003
3.524	2.1557848E-003
3.525	2.3330725E-003
3.526	2.5122524E-003
3.527	2.6917357E-003
3.528	2.8805800E-003
3.529	3.0479501E-003
3.53	3.2316635E-003
3.531	3.4013167E-003
3.532	3.5611140E-003
3.533	3.7188842E-003
3.534	3.8689515E-003
3.535	4.0102913E-003
3.536	4.1419510E-003
3.537	4.2624176E-003
3.538	4.3712249E-003
3.539	4.4677015E-003
3.54	4.5507350E-003
3.541	4.6198354E-003
3.542	4.6749804E-003
3.543	4.7147251E-003
3.544	4.7399360E-003
3.545	4.7490136E-003
3.546	4.7423933E-003
3.547	4.7214148E-003
3.548	4.6844669E-003
3.549	4.6330183E-003
3.55	4.5664664E-003
3.551	4.4865836E-003
3.552	4.3929517E-003
3.553	4.2807865E-003
3.554	4.1620787E-003
3.555	4.0324200E-003
3.556	3.8932499E-003
3.557	3.7445673E-003
3.558	3.5887836E-003
3.559	3.4255129E-003
3.56	3.2475498E-003
3.561	3.0794584E-003
3.562	2.9031737E-003
3.563	2.7249332E-003
3.564	2.5461228E-003
3.565	2.3574422E-003
3.566	2.1803356E-003
3.567	2.0057424E-003
3.568	1.8344955E-003
3.569	1.6681779E-003
3.57	1.4982235E-003
3.571	1.3435718E-003
3.572	1.1960774E-003
3.573	1.0558811E-003
3.574	9.1695384E-004
3.575	7.9735654E-004
3.576	6.8317848E-004
3.577	5.7253789E-004
3.578	4.7737654E-004
3.579	3.9161724E-004
3.58	3.1519009E-004
3.581	2.4456537E-004
3.582	1.8696726E-004
3.583	1.3810782E-004
3.584	9.5638141E-005
3.585	6.3618216E-005
3.586	3.9092181E-005
3.587	2.1539890E-005
3.588	9.9663621E-006
3.589	5.0313556E-006
3.59	5.0716490E-006
3.591	1.0045360E-005
3.592	1.8775625E-005
3.593	3.0752337E-005
3.594	4.6226887E-005
3.595	6.2939143E-005
3.596	8.2080929E-005
3.597	1.0105083E-004
3.598	1.2030041E-004
3.599	1.4040842E-004
3.6	1.5876845E-004
3.601	1.7609105E-004
3.602	1.9284961E-004
3.603	2.0662049E-004
3.604	2.1952129E-004
3.605	2.2952099E-004
3.606	2.3767930E-004
3.607	2.4297723E-004
3.608	2.4591837E-004
3.609	2.4648951E-004
3.61	2.4466822E-004
3.611	2.4034687E-004
3.612	2.3416922E-004
3.613	2.2607288E-004
3.614	2.1569713E-004
3.615	2.0436016E-004
3.616	1.9102161E-004
3.617	1.7779363E-004
3.618	1.6261541E-004
3.619	1.4775373E-004
3.62	1.3180134E-004
3.621	1.1672024E-004
3.622	1.0107330E-004
3.623	8.6741777E-005
3.624	7.2373128E-005
3.625	5.9640217E-005
3.626	4.7327183E-005
3.627	3.6860954E-005
3.628	2.7188884E-005
3.629	1.9427773E-005
3.63	1.2913785E-005
3.631	8.0352920E-006
3.632	4.4436797E-006
3.633	2.4215881E-006
3.634	1.9027337E-006
3.635	2.7509516E-006
3.636	4.7794647E-006
3.637	8.0930986E-006
3.638	1.2217379E-005
3.639	1.7454586E-005
3.64	2.3439405E-005
3.641	2.9635366E-005
3.642	3.6565201E-005
3.643	4.3138021E-005
3.644	5.0332412E-005
3.645	5.7413748E-005
3.646	6.3868523E-005
3.647	7.0275695E-005
3.648	7.5852979E-005
3.649	8.1084312E-005
3.65	8.5538217E-005
3.651	8.8999630E-005
3.652	9.1757232E-005
3.653	9.3574206E-005
3.654	9.4390634E-005
3.655	9.4310788E-005
3.656	9.3286646E-005
3.657	9.1525333E-005
3.658	8.8782093E-005
3.659	8.5248670E-005
3.66	8.1236314E-005
3.661	7.6391116E-005
3.662	7.1019902E-005
3.663	6.5246466E-005
3.664	5.9496266E-005
3.665	5.3253629E-005
3.666	4.6956808E-005
3.667	4.1035950E-005
3.668	3.4951299E-005
3.669	2.9130617E-005
3.67	2.3819883E-005
3.671	1.9071042E-005
3.672	1.4569410E-005
3.673	1.0665392E-005
3.674	7.4078180E-006
3.675	4.9546684E-006
3.676	3.0545659E-006
3.677	1.8721264E-006
3.678	1.4035098E-006
3.679	1.6011917E-006
3.68	2.4562466E-006
3.681	3.9332940E-006
3.682	5.9768186E-006
3.683	8.4514195E-006
3.684	1.1253733E-005
3.685	1.4558140E-005
3.686	1.8137915E-005
3.687	2.1906661E-005
3.688	2.5775114E-005
3.689	2.9653907E-005
3.69	3.3266369E-005
3.691	3.6924626E-005
3.692	4.0359162E-005
3.693	4.3493401E-005
3.694	4.6264795E-005
3.695	4.8622700E-005
3.696	5.0475734E-005
3.697	5.1889365E-005
3.698	5.2758005E-005
3.699	5.3155629E-005
3.7	5.3018597E-005
3.701	5.2372146E-005
3.702	5.1211715E-005
3.703	4.9580711E-005
3.704	4.7509453E-005
3.705	4.5045163E-005
3.706	4.2249398E-005
3.707	3.9166134E-005
3.708	3.6132580E-005
3.709	3.2693250E-005
3.71	2.9158189E-005
3.711	2.5604450E-005
3.712	2.2093454E-005
3.713	1.8691857E-005
3.714	1.5462650E-005
3.715	1.2460877E-005
3.716	9.7393613E-006
3.717	7.3420092E-006
3.718	5.3056137E-006
3.719	3.6614613E-006
3.72	2.4301785E-006
3.721	1.6407353E-006
3.722	1.2542440E-006
3.723	1.2945998E-006
3.724	1.7487189E-006
3.725	2.5957331E-006
3.726	3.8097428E-006
3.727	5.3543331E-006
3.728	7.1903664E-006
3.729	9.2725368E-006
3.73	1.1552258E-005
3.731	1.3976721E-005
3.732	1.6491009E-005
3.733	1.9108802E-005
3.734	2.1639427E-005
3.735	2.4094941E-005
3.736	2.6428768E-005
3.737	2.8589389E-005
3.738	3.0536532E-005
3.739	3.2230550E-005
3.74	3.3636257E-005
3.741	3.4734214E-005
3.742	3.5499423E-005
3.743	3.5920748E-005
3.744	3.5990677E-005
3.745	3.5706809E-005
3.746	3.5081812E-005
3.747	3.4138011E-005
3.748	3.2885720E-005
3.749	3.1357620E-005
3.75	2.9585750E-005
3.751	2.7497483E-005
3.752	2.5341238E-005
3.753	2.3063925E-005
3.754	2.0706811E-005
3.755	1.8315426E-005
3.756	1.5937672E-005
3.757	1.3615643E-005
3.758	1.1337595E-005
3.759	9.2601958E-006
3.76	7.3598876E-006
3.761	5.6707063E-006
3.762	4.2205943E-006
3.763	2.9771329E-006
3.764	2.0844884E-006
3.765	1.4835927E-006
3.766	1.1813698E-006
3.767	1.1855799E-006
3.768	1.4894841E-006
3.769	2.0736072E-006
3.77	2.8956690E-006
3.771	4.0416194E-006
3.772	5.3505473E-006
3.773	6.8441773E-006
3.774	8.4873236E-006
3.775	1.0340827E-005
3.776	1.2179155E-005
3.777	1.4052915E-005
3.778	1.6023347E-005
3.779	1.7851171E-005
3.78	1.9601392E-005
3.781	2.1234793E-005
3.782	2.2757018E-005
3.783	2.4064910E-005
3.784	2.5170393E-005
3.785	2.6092574E-005
3.786	2.6726357E-005
3.787	2.7110680E-005
3.788	2.7234259E-005
3.789	2.7093884E-005
3.79	2.6670088E-005
3.791	2.6020338E-005
3.792	2.5140182E-005
3.793	2.3988459E-005
3.794	2.2740393E-005
3.795	2.1296173E-005
3.796	1.9634577E-005
3.797	1.7953138E-005
3.798	1.6202008E-005
3.799	1.4323897E-005
3.8	1.2539662E-005
3.801	1.0700197E-005
3.802	9.0218382E-006
3.803	7.3633546E-006
3.804	5.9197469E-006
3.805	4.6622913E-006
3.806	3.4912207E-006
3.807	2.5792472E-006
3.808	1.8472582E-006
3.809	1.3778616E-006
3.81	1.1291206E-006
3.811	1.1269647E-006
3.812	1.3666423E-006
3.813	1.8171559E-006
3.814	2.5118422E-006
3.815	3.3655174E-006
3.816	4.3876130E-006
3.817	5.5882992E-006
3.818	6.8810518E-006
3.819	8.3420155E-006
3.82	9.7961374E-006
3.821	1.1363089E-005
3.822	1.2854016E-005
3.823	1.4394039E-005
3.824	1.5869015E-005
3.825	1.7182872E-005
3.826	1.8446013E-005
3.827	1.9505789E-005
3.828	2.0429707E-005
3.829	2.1158401E-005
3.83	2.1720873E-005
3.831	2.2056569E-005
3.832	2.2189812E-005
3.833	2.2107561E-005
3.834	2.1803962E-005
3.835	2.1285861E-005
3.836	2.0605095E-005
3.837	1.9706762E-005
3.838	1.8697137E-005
3.839	1.7490669E-005
3.84	1.6200062E-005
3.841	1.4857219E-005
3.842	1.3380533E-005
3.843	1.1948254E-005
3.844	1.0435566E-005
3.845	8.9500627E-006
3.846	7.5933767E-006
3.847	6.2471318E-006
3.848	5.0129720E-006
3.849	3.9663601E-006
3.85	3.0174242E-006
3.851	2.2603058E-006
3.852	1.6938553E-006
3.853	1.2908880E-006
3.854	1.0917950E-006
3.855	1.0928829E-006
3.856	1.2926489E-006
3.857	1.6891358E-006
3.858	2.2384559E-006
3.859	2.9850471E-006
3.86	3.8861281E-006
3.861	4.9216069E-006
3.862	5.9784365E-006
3.863	7.2043299E-006
3.864	8.4905560E-006
3.865	9.7429202E-006
3.866	1.1064568E-005
3.867	1.2363823E-005
3.868	1.3610866E-005
3.869	1.4726198E-005
3.87	1.5799480E-005
3.871	1.6751348E-005
3.872	1.7560691E-005
3.873	1.8195538E-005
3.874	1.8657129E-005
3.875	1.8967483E-005
3.876	1.9090541E-005
3.877	1.9024270E-005
3.878	1.8773557E-005
3.879	1.8366221E-005
3.88	1.7771181E-005
3.881	1.7017823E-005
3.882	1.6121114E-005
3.883	1.5101356E-005
3.884	1.4066838E-005
3.885	1.2870956E-005
3.886	1.1620019E-005
3.887	1.0339307E-005
3.888	9.0542362E-006
3.889	7.7914146E-006
3.89	6.5776849E-006
3.891	5.4902494E-006
3.892	4.4371131E-006
3.893	3.4989412E-006
3.894	2.6931775E-006
3.895	2.0499060E-006
3.896	1.5478568E-006
3.897	1.2150823E-006
3.898	1.0567477E-006
3.899	1.0689298E-006
3.9	1.2520360E-006
3.901	1.6041857E-006
3.902	2.1166327E-006
3.903	2.7779156E-006
3.904	3.5726916E-006
3.905	4.4837229E-006
3.906	5.4650086E-006
3.907	6.5457475E-006
3.908	7.6784982E-006
3.909	8.8393490E-006
3.91	1.0003947E-005
3.911	1.1149236E-005
3.912	1.2248772E-005
3.913	1.3282964E-005
3.914	1.4228664E-005
3.915	1.5067097E-005
3.916	1.5781075E-005
3.917	1.6344487E-005
3.918	1.6773476E-005
3.919	1.7044369E-005
3.92	1.7152410E-005
3.921	1.7094870E-005
3.922	1.6874357E-005
3.923	1.6495633E-005
3.924	1.5965803E-005
3.925	1.5297381E-005
3.926	1.4504235E-005
3.927	1.3600835E-005
3.928	1.2632707E-005
3.929	1.1571545E-005
3.93	1.0460414E-005
3.931	9.3233703E-006
3.932	8.1826774E-006
3.933	7.0610909E-006
3.934	5.9287786E-006
3.935	4.9151990E-006
3.936	3.9854399E-006
3.937	3.1584516E-006
3.938	2.4655335E-006
3.939	1.8848330E-006
3.94	1.4463914E-006
3.941	1.1582390E-006
3.942	1.0253605E-006
3.943	1.0497480E-006
3.944	1.2424366E-006
3.945	1.5809258E-006
3.946	2.0626035E-006
3.947	2.6764549E-006
3.948	3.4101417E-006
3.949	4.2255915E-006
3.95	5.1957882E-006
3.951	6.1889791E-006
3.952	7.2285484E-006
3.953	8.2932165E-006
3.954	9.3604776E-006
3.955	1.0409442E-005
3.956	1.1468369E-005
3.957	1.2415588E-005
3.958	1.3280889E-005
3.959	1.4033726E-005
3.96	1.4722981E-005
3.961	1.5250613E-005
3.962	1.5642074E-005
3.963	1.5891757E-005
3.964	1.5989825E-005
3.965	1.5932033E-005
3.966	1.5727774E-005
3.967	1.5375921E-005
3.968	1.4859935E-005
3.969	1.4257103E-005
3.97	1.3524013E-005
3.971	1.2692140E-005
3.972	1.1730540E-005
3.973	1.0748306E-005
3.974	9.7216489E-006
3.975	8.6722521E-006
3.976	7.5672378E-006
3.977	6.5341906E-006
3.978	5.5400301E-006
3.979	4.5594043E-006
3.98	3.7252885E-006
3.981	2.9629609E-006
3.982	2.2798720E-006
3.983	1.7541259E-006
3.984	1.3594679E-006
3.985	1.0957581E-006
3.986	9.9171484E-007
3.987	1.0332806E-006
3.988	1.2315203E-006
3.989	1.5641209E-006
3.99	2.0424825E-006
3.991	2.6336384E-006
3.992	3.3360377E-006
3.993	4.1767476E-006
3.994	5.0595413E-006
3.995	6.0043708E-006
3.996	7.0422234E-006
3.997	8.0550062E-006
3.998	9.1191378E-006
3.999	1.0115045E-005
4	1.1096140E-005
4.001	1.1994386E-005
4.002	1.2817421E-005
4.003	1.3585053E-005
4.004	1.4205471E-005
4.005	1.4729202E-005
4.006	1.5098846E-005
4.007	1.5339616E-005
4.008	1.5424530E-005
4.009	1.5367939E-005
4.01	1.5165135E-005
4.011	1.4828666E-005
4.012	1.4336547E-005
4.013	1.3745810E-005
4.014	1.3008679E-005
4.015	1.2209649E-005
4.016	1.1288487E-005
4.017	1.0299741E-005
4.018	9.3164017E-006
4.019	8.3116611E-006
4.02	7.2798393E-006
4.021	6.2426120E-006
4.022	5.2940181E-006
4.023	4.3584660E-006
4.024	3.5438832E-006
4.025	2.7859210E-006
4.026	2.1710675E-006
4.027	1.6516655E-006
4.028	1.2866655E-006
4.029	1.0469051E-006
4.03	9.5981193E-007
4.031	1.0160659E-006
4.032	1.2244020E-006
4.033	1.5599563E-006
4.034	2.0499822E-006
4.035	2.6704424E-006
4.036	3.3704512E-006
4.037	4.2038541E-006
4.038	5.0770427E-006
4.039	6.0571388E-006
4.04	7.0571386E-006
4.041	8.0545815E-006
4.042	9.1043166E-006
4.043	1.0085179E-005
4.044	1.1075356E-005
4.045	1.2004752E-005
4.046	1.2813108E-005
4.047	1.3565741E-005
4.048	1.4204962E-005
4.049	1.4705127E-005
4.05	1.5067588E-005
4.051	1.5304420E-005
4.052	1.5389387E-005
4.053	1.5329801E-005
4.054	1.5119191E-005
4.055	1.4761941E-005
4.056	1.4291057E-005
4.057	1.3673225E-005
4.058	1.2936799E-005
4.059	1.2120979E-005
4.06	1.1247876E-005
4.061	1.0269835E-005
4.062	9.2448445E-006
4.063	8.2482184E-006
4.064	7.1999984E-006
4.065	6.1719143E-006
4.066	5.1858733E-006
4.067	4.3045866E-006
4.068	3.4591437E-006
4.069	2.7288022E-006
4.07	2.0943091E-006
4.071	1.5873587E-006
4.072	1.2339987E-006
4.073	1.0060259E-006
4.074	9.2901467E-007
4.075	1.0058197E-006
4.076	1.2346158E-006
4.077	1.5893336E-006
4.078	2.0853404E-006
4.079	2.7223527E-006
4.08	3.4765585E-006
4.081	4.3323430E-006
4.082	5.2728633E-006
4.083	6.2293075E-006
4.084	7.2779276E-006
4.085	8.3497544E-006
4.086	9.4232237E-006
4.087	1.0477114E-005
4.088	1.1464635E-005
4.089	1.2414916E-005
4.09	1.3282399E-005
4.091	1.4016298E-005
4.092	1.4674885E-005
4.093	1.5204500E-005
4.094	1.5591897E-005
4.095	1.5833577E-005
4.096	1.5920552E-005
4.097	1.5857382E-005
4.098	1.5640673E-005
4.099	1.5273663E-005
4.1	1.4766534E-005
4.101	1.4125577E-005
4.102	1.3405906E-005
4.103	1.2550351E-005
4.104	1.1606804E-005
4.105	1.0597507E-005
4.106	9.5672913E-006
4.107	8.4892499E-006
4.108	7.4081045E-006
4.109	6.3479656E-006
4.11	5.3302892E-006
4.111	4.3755608E-006
4.112	3.5044015E-006
4.113	2.7356671E-006
4.114	2.0847174E-006
4.115	1.5660479E-006
4.116	1.1978962E-006
4.117	9.7044301E-007
4.118	8.9992869E-007
4.119	9.8871442E-007
4.12	1.2353333E-006
4.121	1.6357302E-006
4.122	2.1827500E-006
4.123	2.8654342E-006
4.124	3.6711795E-006
4.125	4.6066493E-006
4.126	5.6105337E-006
4.127	6.6832449E-006
4.128	7.8035928E-006
4.129	8.9486975E-006
4.13	1.0098073E-005
4.131	1.1225382E-005
4.132	1.2309476E-005
4.133	1.3329182E-005
4.134	1.4243122E-005
4.135	1.5075561E-005
4.136	1.5817352E-005
4.137	1.6389175E-005
4.138	1.6811009E-005
4.139	1.7075576E-005
4.14	1.7180264E-005
4.141	1.7119110E-005
4.142	1.6894590E-005
4.143	1.6501874E-005
4.144	1.5962329E-005
4.145	1.5283145E-005
4.146	1.4475937E-005
4.147	1.3559462E-005
4.148	1.2546945E-005
4.149	1.1411291E-005
4.15	1.0275033E-005
4.151	9.1122711E-006
4.152	7.9744905E-006
4.153	6.8291220E-006
4.154	5.6774006E-006
4.155	4.6465293E-006
4.156	3.7051793E-006
4.157	2.8727884E-006
4.158	2.1669950E-006
4.159	1.5803885E-006
4.16	1.1786075E-006
4.161	9.4531885E-007
4.162	8.7461348E-007
4.163	9.8583018E-007
4.164	1.2691919E-006
4.165	1.7205845E-006
4.166	2.3662635E-006
4.167	3.1350153E-006
4.168	4.0395335E-006
4.169	5.0629351E-006
4.17	6.2140712E-006
4.171	7.4171194E-006
4.172	8.6753616E-006
4.173	9.9643694E-006
4.174	1.1321809E-005
4.175	1.2596421E-005
4.176	1.3827404E-005
4.177	1.5040497E-005
4.178	1.6106407E-005
4.179	1.7035165E-005
4.18	1.7891571E-005
4.181	1.8558809E-005
4.182	1.9059689E-005
4.183	1.9399040E-005
4.184	1.9539579E-005
4.185	1.9496234E-005
4.186	1.9252726E-005
4.187	1.8849669E-005
4.188	1.8233801E-005
4.189	1.7483226E-005
4.19	1.6584234E-005
4.191	1.5508460E-005
4.192	1.4369385E-005
4.193	1.3084274E-005
4.194	1.1797080E-005
4.195	1.0475578E-005
4.196	9.1153670E-006
4.197	7.8058874E-006
4.198	6.4842739E-006
4.199	5.2989385E-006
4.2	4.1609492E-006
4.201	3.2006967E-006
4.202	2.3481548E-006
4.203	1.6993718E-006
4.204	1.2275183E-006
4.205	9.3896830E-007
4.206	8.5603216E-007
4.207	9.8423232E-007
4.208	1.3119172E-006
4.209	1.8665556E-006
4.21	2.5898630E-006
4.211	3.5379276E-006
4.212	4.6085520E-006
4.213	5.8530077E-006
4.214	7.1924551E-006
4.215	8.6996588E-006
4.216	1.0209597E-005
4.217	1.1838067E-005
4.218	1.3480115E-005
4.219	1.5030053E-005
4.22	1.6603391E-005
4.221	1.8026307E-005
4.222	1.9374700E-005
4.223	2.0562678E-005
4.224	2.1640773E-005
4.225	2.2491857E-005
4.226	2.3178087E-005
4.227	2.3639901E-005
4.228	2.3858847E-005
4.229	2.3853101E-005
4.23	2.3623503E-005
4.231	2.3158073E-005
4.232	2.2456225E-005
4.233	2.1583392E-005
4.234	2.0474148E-005
4.235	1.9249030E-005
4.236	1.7818378E-005
4.237	1.6268637E-005
4.238	1.4704988E-005
4.239	1.3052031E-005
4.24	1.1341998E-005
4.241	9.7257580E-006
4.242	8.0858226E-006
4.243	6.5372965E-006
4.244	5.1763172E-006
4.245	3.9054007E-006
4.246	2.8679885E-006
4.247	2.0083462E-006
4.248	1.3637845E-006
4.249	9.7501777E-007
4.25	8.5446760E-007
4.251	9.9967269E-007
4.252	1.4249201E-006
4.253	2.0893613E-006
4.254	3.0480421E-006
4.255	4.2615147E-006
4.256	5.6739773E-006
4.257	7.2489884E-006
4.258	9.0788826E-006
4.259	1.1057659E-005
4.26	1.3151024E-005
4.261	1.5217484E-005
4.262	1.7418148E-005
4.263	1.9608144E-005
4.264	2.1699934E-005
4.265	2.3658164E-005
4.266	2.5578775E-005
4.267	2.7325941E-005
4.268	2.8862936E-005
4.269	3.0165123E-005
4.27	3.1152289E-005
4.271	3.1904143E-005
4.272	3.2338783E-005
4.273	3.2471529E-005
4.274	3.2274347E-005
4.275	3.1784260E-005
4.276	3.0967229E-005
4.277	2.9841496E-005
4.278	2.8440229E-005
4.279	2.6783495E-005
4.28	2.4905446E-005
4.281	2.2894252E-005
4.282	2.0795518E-005
4.283	1.8506165E-005
4.284	1.6166039E-005
4.285	1.3827274E-005
4.286	1.1542138E-005
4.287	9.3615472E-006
4.288	7.3376314E-006
4.289	5.5556061E-006
4.29	4.0436807E-006
4.291	2.7413955E-006
4.292	1.7640020E-006
4.293	1.1422896E-006
4.294	9.0001123E-007
4.295	1.0554429E-006
4.296	1.6179480E-006
4.297	2.5624759E-006
4.298	3.9280126E-006
4.299	5.6824806E-006
4.3	7.8043086E-006
4.301	1.0264340E-005
4.302	1.3023033E-005
4.303	1.6036802E-005
4.304	1.9259007E-005
4.305	2.2399799E-005
4.306	2.6018419E-005
4.307	2.9355593E-005
4.308	3.2974283E-005
4.309	3.6189722E-005
4.31	3.9399736E-005
4.311	4.2518659E-005
4.312	4.5093064E-005
4.313	4.7518373E-005
4.314	4.9492264E-005
4.315	5.1034160E-005
4.316	5.2112602E-005
4.317	5.2692772E-005
4.318	5.2761126E-005
4.319	5.2309551E-005
4.32	5.1347077E-005
4.321	4.9908223E-005
4.322	4.7963684E-005
4.323	4.5570840E-005
4.324	4.2765074E-005
4.325	3.9611470E-005
4.326	3.6162415E-005
4.327	3.2493896E-005
4.328	2.8675880E-005
4.329	2.4878409E-005
4.33	2.0839641E-005
4.331	1.7088620E-005
4.332	1.3537084E-005
4.333	1.0273571E-005
4.334	7.3854635E-006
4.335	4.9552505E-006
4.336	3.0567799E-006
4.337	1.7838740E-006
4.338	1.1223231E-006
4.339	1.2196177E-006
4.34	2.0692828E-006
4.341	3.6959468E-006
4.342	6.1131004E-006
4.343	9.3161780E-006
4.344	1.3491119E-005
4.345	1.8122715E-005
4.346	2.3544912E-005
4.347	2.9596144E-005
4.348	3.6202313E-005
4.349	4.3613567E-005
4.35	5.1064941E-005
4.351	5.8771035E-005
4.352	6.6610803E-005
4.353	7.4275020E-005
4.354	8.2346654E-005
4.355	8.9787820E-005
4.356	9.6842101E-005
4.357	1.0336829E-004
4.358	1.0948119E-004
4.359	1.1453099E-004
4.36	1.1860761E-004
4.361	1.2179786E-004
4.362	1.2398236E-004
4.363	1.2491213E-004
4.364	1.2464948E-004
4.365	1.2309381E-004
4.366	1.2034357E-004
4.367	1.1639077E-004
4.368	1.1144398E-004
4.369	1.0498830E-004
4.37	9.7816133E-005
4.371	8.9789617E-005
4.372	8.0645317E-005
4.373	7.1352901E-005
4.374	6.1739091E-005
4.375	5.1578598E-005
4.376	4.2211614E-005
4.377	3.3020424E-005
4.378	2.4124703E-005
4.379	1.6597611E-005
4.38	1.0325146E-005
4.381	5.4308412E-006
4.382	2.6544421E-006
4.383	2.0388761E-006
4.384	3.9522888E-006
4.385	8.5954034E-006
4.386	1.6670556E-005
4.387	2.7734655E-005
4.388	4.2293843E-005
4.389	6.1477760E-005
4.39	8.3787141E-005
4.391	1.1077629E-004
4.392	1.4132928E-004
4.393	1.7605958E-004
4.394	2.1688180E-004
4.395	2.6028283E-004
4.396	3.1006034E-004
4.397	3.6184178E-004
4.398	4.2011857E-004
4.399	4.7828475E-004
4.4	5.4417853E-004
4.401	6.1053404E-004
4.402	6.8307173E-004
4.403	7.5492897E-004
4.404	8.3245110E-004
4.405	9.0824254E-004
4.406	9.8721823E-004
4.407	1.0652663E-003
4.408	1.1436314E-003
4.409	1.2254013E-003
4.41	1.3064841E-003
4.411	1.3826106E-003
4.412	1.4603959E-003
4.413	1.5326337E-003
4.414	1.6036145E-003
4.415	1.6695637E-003
4.416	1.7346576E-003
4.417	1.7923863E-003
4.418	1.8483037E-003
4.419	1.8963667E-003
4.42	1.9410584E-003
4.421	1.9788998E-003
4.422	2.0098488E-003
4.423	2.0355596E-003
4.424	2.0537986E-003
4.425	2.0661571E-003
4.426	2.0712125E-003
4.427	2.0694782E-003
4.428	2.0605228E-003
4.429	2.0464244E-003
4.43	2.0244031E-003
4.431	1.9955712E-003
4.432	1.9620219E-003
4.433	1.9213413E-003
4.434	1.8767149E-003
4.435	1.8249754E-003
4.436	1.7693794E-003
4.437	1.7111346E-003
4.438	1.6458958E-003
4.439	1.5773386E-003
4.44	1.5090089E-003
4.441	1.4350425E-003
4.442	1.3589500E-003
4.443	1.2865597E-003
4.444	1.2083211E-003
4.445	1.1296795E-003
4.446	1.0543956E-003
4.447	9.7651599E-004
4.448	8.9964486E-004
4.449	8.2421099E-004
4.45	7.5396977E-004
4.451	6.8427925E-004
4.452	6.1569270E-004
4.453	5.5294787E-004
4.454	4.9046980E-004
4.455	4.3144199E-004
4.456	3.7621844E-004
4.457	3.2694556E-004
4.458	2.8026951E-004
4.459	2.3653726E-004
4.46	1.9689044E-004
4.461	1.6270482E-004
4.462	1.3085625E-004
4.463	1.0294989E-004
4.464	7.8812700E-005
4.465	5.8762493E-005
4.466	4.2362059E-005
4.467	2.8440241E-005
4.468	1.7601646E-005
4.469	9.6098320E-006
4.47	4.2256256E-006
4.471	1.2749937E-006
4.472	2.4188759E-007
4.473	1.0054383E-006
4.474	3.3449253E-006
4.475	7.0001934E-006
4.476	1.1718352E-005
4.477	1.7248462E-005
4.478	2.3086457E-005
4.479	2.9550121E-005
4.48	3.6041340E-005
4.481	4.2645526E-005
4.482	4.9065959E-005
4.483	5.5149314E-005
4.484	6.0764218E-005
4.485	6.5792527E-005
4.486	6.9987684E-005
4.487	7.3564908E-005
4.488	7.6471551E-005
4.489	7.8546334E-005
4.49	7.9804828E-005
4.491	8.0222708E-005
4.492	7.9864520E-005
4.493	7.8717261E-005
4.494	7.6903059E-005
4.495	7.4392192E-005
4.496	7.1287119E-005
4.497	6.7652472E-005
4.498	6.3583218E-005
4.499	5.9160964E-005
4.5	5.4462293E-005
4.501	4.9683600E-005
4.502	4.4699344E-005
4.503	3.9708331E-005
4.504	3.4773351E-005
4.505	2.9976431E-005
4.506	2.5385691E-005
4.507	2.1061544E-005
4.508	1.7143209E-005
4.509	1.3497632E-005
4.51	1.0250512E-005
4.511	7.4355885E-006
4.512	5.0677440E-006
4.513	3.1593077E-006
4.514	1.7104269E-006
4.515	7.3303954E-007
4.516	1.6884772E-007
4.517	2.3955096E-008
4.518	2.7098730E-007
4.519	8.7771258E-007
4.52	1.8059777E-006
4.521	3.0133594E-006
4.522	4.4241074E-006
4.523	6.0540706E-006
4.524	7.8287076E-006
4.525	9.7814182E-006
4.526	1.1698213E-005
4.527	1.3622378E-005
4.528	1.5502799E-005
4.529	1.7264478E-005
4.53	1.8943183E-005
4.531	2.0475494E-005
4.532	2.1830991E-005
4.533	2.3026114E-005
4.534	2.3942959E-005
4.535	2.4625499E-005
4.536	2.5057459E-005
4.537	2.5253199E-005
4.538	2.5206144E-005
4.539	2.4911387E-005
4.54	2.4363380E-005
4.541	2.3617202E-005
4.542	2.2675555E-005
4.543	2.1580590E-005
4.544	2.0314010E-005
4.545	1.8856334E-005
4.546	1.7353819E-005
4.547	1.5782864E-005
4.548	1.4171113E-005
4.549	1.2543932E-005
4.55	1.0895161E-005
4.551	9.3226954E-006
4.552	7.8157000E-006
4.553	6.3957223E-006
4.554	5.0313438E-006
4.555	3.8527955E-006
4.556	2.8375023E-006
4.557	1.9511369E-006
4.558	1.1992823E-006
4.559	6.4970061E-007
4.56	2.6981354E-007
4.561	5.3022962E-008
4.562	1.3214862E-008
4.563	1.2635691E-007
4.564	3.8809796E-007
4.565	8.0541440E-007
4.566	1.3294923E-006
4.567	1.9584879E-006
4.568	2.7081205E-006
4.569	3.4972541E-006
4.57	4.3178470E-006
4.571	5.2246573E-006
4.572	6.1048731E-006
4.573	6.9792718E-006
4.574	7.8617550E-006
4.575	8.6623149E-006
4.576	9.4049410E-006
4.577	1.0087871E-005
4.578	1.0671957E-005
4.579	1.1157516E-005
4.58	1.1554841E-005
4.581	1.1824509E-005
4.582	1.1984022E-005
4.583	1.2018784E-005
4.584	1.1943783E-005
4.585	1.1747175E-005
4.586	1.1450032E-005
4.587	1.1034780E-005
4.588	1.0547067E-005
4.589	9.9526078E-006
4.59	9.3268054E-006
4.591	8.6337323E-006
4.592	7.8646772E-006
4.593	7.0988003E-006
4.594	6.2838371E-006
4.595	5.5011897E-006
4.596	4.6991240E-006
4.597	3.9731299E-006
4.598	3.2388275E-006
4.599	2.5853831E-006
4.6	1.9670374E-006
4.601	1.4433007E-006
4.602	9.7728218E-007
4.603	6.2026129E-007
4.604	3.2855667E-007
4.605	1.3753468E-007
4.606	3.3731336E-008
4.607	1.7378563E-008
4.608	9.1881262E-008
4.609	2.4414106E-007
4.61	4.7565268E-007
4.611	7.6982002E-007
4.612	1.1391819E-006
4.613	1.5439550E-006
4.614	2.0093084E-006
4.615	2.4861151E-006
4.616	2.9933617E-006
4.617	3.4984037E-006
4.618	4.0245850E-006
4.619	4.5378101E-006
4.62	5.0065119E-006
4.621	5.4632123E-006
4.622	5.8613605E-006
4.623	6.2206850E-006
4.624	6.5294421E-006
4.625	6.7651499E-006
4.626	6.9457496E-006
4.627	7.0537253E-006
4.628	7.0936958E-006
4.629	7.0645006E-006
4.63	6.9703706E-006
4.631	6.8049721E-006
4.632	6.5757918E-006
4.633	6.3006164E-006
4.634	5.9620152E-006
4.635	5.5782889E-006
4.636	5.1838279E-006
4.637	4.7341900E-006
4.638	4.2638103E-006
4.639	3.8025858E-006
4.64	3.3185656E-006
4.641	2.8408692E-006
4.642	2.4071587E-006
4.643	1.9668914E-006
4.644	1.5577208E-006
4.645	1.2011784E-006
4.646	8.7211436E-007
4.647	5.9222771E-007
4.648	3.6562898E-007
4.649	2.0438985E-007
4.65	8.8640462E-008
4.651	3.1709799E-008
4.652	3.3137940E-008
4.653	8.7877751E-008
4.654	1.9803068E-007
4.655	3.5512730E-007
4.656	5.6118881E-007
4.657	7.9675385E-007
4.658	1.0768634E-006
4.659	1.3854395E-006
4.66	1.7150775E-006
4.661	2.0587117E-006
4.662	2.3865414E-006
4.663	2.7351248E-006
4.664	3.0764252E-006
4.665	3.4021689E-006
4.666	3.7059970E-006
4.667	3.9713441E-006
4.668	4.2104552E-006
4.669	4.4184840E-006
4.67	4.5840716E-006
4.671	4.7053445E-006
4.672	4.7767830E-006
4.673	4.8059164E-006
4.674	4.7878311E-006
4.675	4.7219164E-006
4.676	4.6107789E-006
4.677	4.4570256E-006
4.678	4.2638653E-006
4.679	4.0347109E-006
4.68	3.7753910E-006
4.681	3.5085141E-006
4.682	3.2049857E-006
4.683	2.8876252E-006
4.684	2.5620141E-006
4.685	2.2348268E-006
4.686	1.9124127E-006
4.687	1.6069489E-006
4.688	1.3111952E-006
4.689	1.0370094E-006
4.69	7.8908363E-007
4.691	5.7198793E-007
4.692	3.8902880E-007
4.693	2.4587064E-007
4.694	1.4203502E-007
4.695	7.3276382E-008
4.696	4.5462052E-008
4.697	5.8306416E-008
4.698	1.1075474E-007
4.699	1.9868949E-007
4.7	3.2325877E-007
4.701	4.8003642E-007
4.702	6.6502196E-007
4.703	8.7391703E-007
4.704	1.1021449E-006
4.705	1.3395617E-006
4.706	1.5909665E-006
4.707	1.8460601E-006
4.708	2.0999025E-006
4.709	2.3573086E-006
4.71	2.5923341E-006
4.711	2.8105285E-006
4.712	3.0039773E-006
4.713	3.1772897E-006
4.714	3.3229192E-006
4.715	3.4372019E-006
4.716	3.5190869E-006
4.717	3.5668650E-006
4.718	3.5797650E-006
4.719	3.5579933E-006
4.72	3.5021460E-006
4.721	3.4132638E-006
4.722	3.2939506E-006
4.723	3.1455036E-006
4.724	2.9681430E-006
4.725	2.7724739E-006
4.726	2.5589798E-006
4.727	2.3316809E-006
4.728	2.0950320E-006
4.729	1.8539083E-006
4.73	1.6180840E-006
4.731	1.3719016E-006
4.732	1.1447146E-006
4.733	9.3101255E-007
4.734	7.3432790E-007
4.735	5.5839973E-007
4.736	4.0903373E-007
4.737	2.7775096E-007
4.738	1.8067064E-007
4.739	1.1329659E-007
4.74	7.6479807E-008
4.741	7.0488589E-008
4.742	9.5793879E-008
4.743	1.5032411E-007
4.744	2.3273685E-007
4.745	3.4098611E-007
4.746	4.7256208E-007
4.747	6.3108553E-007
4.748	7.9685054E-007
4.749	9.7934787E-007
4.75	1.1712716E-006
4.751	1.3768093E-006
4.752	1.5755786E-006
4.753	1.7715105E-006
4.754	1.9566928E-006
4.755	2.1429123E-006
4.756	2.3070734E-006
4.757	2.4542044E-006
4.758	2.5859129E-006
4.759	2.6894354E-006
4.76	2.7668143E-006
4.761	2.8205604E-006
4.762	2.8479499E-006
4.763	2.8466056E-006
4.764	2.8181801E-006
4.765	2.7604976E-006
4.766	2.6818630E-006
4.767	2.5781151E-006
4.768	2.4476587E-006
4.769	2.3032728E-006
4.77	2.1433088E-006
4.771	1.9635193E-006
4.772	1.7853399E-006
4.773	1.5981660E-006
4.774	1.4008560E-006
4.775	1.2132128E-006
4.776	1.0233063E-006
4.777	8.5010817E-007
4.778	6.9203799E-007
4.779	5.3958615E-007
4.78	4.1110576E-007
4.781	2.9836417E-007
4.782	2.1228202E-007
4.783	1.4913867E-007
4.784	1.0945242E-007
4.785	9.5268369E-008
4.786	1.0639290E-007
4.787	1.4141169E-007
4.788	1.9926810E-007
4.789	2.8224633E-007
4.79	3.7961362E-007
4.791	5.0145781E-007
4.792	6.3348125E-007
4.793	7.8374200E-007
4.794	9.3711117E-007
4.795	1.0996647E-006
4.796	1.2612372E-006
4.797	1.4286232E-006
4.798	1.5854939E-006
4.799	1.7409470E-006
4.8	1.8798643E-006
4.801	2.0083839E-006
4.802	2.1189512E-006
4.803	2.2156366E-006
4.804	2.2886443E-006
4.805	2.3430177E-006
4.806	2.3732966E-006
4.807	2.3815965E-006
4.808	2.3673613E-006
4.809	2.3295720E-006
4.81	2.2720496E-006
4.811	2.1915507E-006
4.812	2.0913049E-006
4.813	1.9814372E-006
4.814	1.8500630E-006
4.815	1.7124167E-006
4.816	1.5602461E-006
4.817	1.4081401E-006
4.818	1.2471363E-006
4.819	1.0958697E-006
4.82	9.3843045E-007
4.821	7.8767596E-007
4.822	6.5194121E-007
4.823	5.2258252E-007
4.824	4.1026234E-007
4.825	3.1613735E-007
4.826	2.3634520E-007
4.827	1.7674863E-007
4.828	1.3954464E-007
4.829	1.2201477E-007
4.83	1.2540426E-007
4.831	1.4994494E-007
4.832	1.9528430E-007
4.833	2.5724728E-007
4.834	3.3952779E-007
4.835	4.3804889E-007
4.836	5.4341604E-007
4.837	6.6658305E-007
4.838	7.9886314E-007
4.839	9.3689363E-007
4.84	1.0725638E-006
4.841	1.2137702E-006
4.842	1.3495048E-006
4.843	1.4771754E-006
4.844	1.6020605E-006
4.845	1.7157456E-006
4.846	1.8163574E-006
4.847	1.8968399E-006
4.848	1.9660899E-006
4.849	2.0172497E-006
4.85	2.0488444E-006
4.851	2.0605521E-006
4.852	2.0530547E-006
4.853	2.0268826E-006
4.854	1.9810093E-006
4.855	1.9198856E-006
4.856	1.8399382E-006
4.857	1.7448755E-006
4.858	1.6390146E-006
4.859	1.5204131E-006
4.86	1.3985727E-006
4.861	1.2661064E-006
4.862	1.1303579E-006
4.863	9.9436068E-007
4.864	8.6338309E-007
4.865	7.3976537E-007
4.866	6.1830968E-007
4.867	5.0682439E-007
4.868	4.0729566E-007
4.869	3.2185386E-007
4.87	2.5316319E-007
4.871	1.9962549E-007
4.872	1.6502297E-007
4.873	1.4694386E-007
4.874	1.4735880E-007
4.875	1.6549359E-007
4.876	2.0164185E-007
4.877	2.5459357E-007
4.878	3.2321168E-007
4.879	4.0584948E-007
4.88	5.0075857E-007
4.881	6.0356120E-007
4.882	7.1182336E-007
4.883	8.2992040E-007
4.884	9.5117690E-007
4.885	1.0730039E-006
4.886	1.1905113E-006
4.887	1.3060627E-006
4.888	1.4148778E-006
4.889	1.5144852E-006
4.89	1.6032965E-006
4.891	1.6794006E-006
4.892	1.7398922E-006
4.893	1.7863343E-006
4.894	1.8163711E-006
4.895	1.8294373E-006
4.896	1.8256707E-006
4.897	1.8052200E-006
4.898	1.7681244E-006
4.899	1.7152512E-006
4.9	1.6480961E-006
4.901	1.5674788E-006
4.902	1.4754845E-006
4.903	1.3761360E-006
4.904	1.2673511E-006
4.905	1.1533317E-006
4.906	1.0362897E-006
4.907	9.1861170E-007
4.908	8.0502991E-007
4.909	6.9304639E-007
4.91	5.8739136E-007
4.911	4.8994531E-007
4.912	4.0269282E-007
4.913	3.2728784E-007
4.914	2.6621350E-007
4.915	2.1656140E-007
4.916	1.8447464E-007
4.917	1.6808842E-007
4.918	1.6771970E-007
4.919	1.8273761E-007
4.92	2.1337758E-007
4.921	2.5870591E-007
4.922	3.1771185E-007
4.923	3.8904537E-007
4.924	4.6946059E-007
4.925	5.6427825E-007
4.926	6.6272446E-007
4.927	7.6613122E-007
4.928	8.7245326E-007
4.929	9.7948066E-007
4.93	1.0828772E-006
4.931	1.1887274E-006
4.932	1.2845500E-006
4.933	1.3729256E-006
4.934	1.4517326E-006
4.935	1.5181683E-006
4.936	1.5736929E-006
4.937	1.6174146E-006
4.938	1.6448665E-006
4.939	1.6574127E-006
4.94	1.6552367E-006
4.941	1.6373888E-006
4.942	1.6054956E-006
4.943	1.5600132E-006
4.944	1.5015181E-006
4.945	1.4314624E-006
4.946	1.3496654E-006
4.947	1.2608748E-006
4.948	1.1654421E-006
4.949	1.0611250E-006
4.95	9.5818098E-007
4.951	8.5652044E-007
4.952	7.5443495E-007
4.953	6.5160322E-007
4.954	5.5839979E-007
4.955	4.7233561E-007
4.956	3.9381194E-007
4.957	3.2726692E-007
4.958	2.7232647E-007
4.959	2.3001994E-007
4.96	2.0027602E-007
4.961	1.8574718E-007
4.962	1.8517380E-007
4.963	1.9928623E-007
4.964	2.2671057E-007
4.965	2.6711641E-007
4.966	3.2185943E-007
4.967	3.8429317E-007
4.968	4.5739924E-007
4.969	5.4192122E-007
4.97	6.2968485E-007
4.971	7.2562608E-007
4.972	8.1864363E-007
4.973	9.1400415E-007
4.974	1.0118323E-006
4.975	1.1026482E-006
4.976	1.1883823E-006
4.977	1.2687896E-006
4.978	1.3392995E-006
4.979	1.4021666E-006
4.98	1.4514490E-006
4.981	1.4902116E-006
4.982	1.5146176E-006
4.983	1.5256634E-006
4.984	1.5235810E-006
4.985	1.5080336E-006
4.986	1.4783835E-006
4.987	1.4375128E-006
4.988	1.3838745E-006
4.989	1.3211126E-006
4.99	1.2493351E-006
4.991	1.1667216E-006
4.992	1.0812809E-006
4.993	9.8974579E-007
4.994	8.9746339E-007
4.995	8.0109589E-007
4.996	7.0958902E-007
4.997	6.1779036E-007
4.998	5.3605538E-007
4.999	4.5606706E-007
5	3.8457651E-007
5.001	3.2539157E-007
5.002	2.7653709E-007
5.003	2.3839314E-007
5.004	2.1231082E-007
5.005	1.9983734E-007
5.006	2.0025135E-007
5.007	2.1330911E-007
5.008	2.3976071E-007
5.009	2.7617588E-007
5.01	3.2605382E-007
5.011	3.8394549E-007
5.012	4.5324967E-007
5.013	5.3010342E-007
5.014	6.0804575E-007
5.015	6.9492660E-007
5.016	7.8076232E-007
5.017	8.7053826E-007
5.018	9.5899475E-007
5.019	1.0392305E-006
5.02	1.1197164E-006
5.021	1.1908718E-006
5.022	1.2567124E-006
5.023	1.3130264E-006
5.024	1.3563407E-006
5.025	1.3910769E-006
5.026	1.4136152E-006
5.027	1.4230916E-006
5.028	1.4204287E-006
5.029	1.4053139E-006
5.03	1.3790026E-006
5.031	1.3399211E-006
5.032	1.2897644E-006
5.033	1.2323655E-006
5.034	1.1653374E-006
5.035	1.0900200E-006
5.036	1.0119771E-006
5.037	9.2723343E-007
5.038	8.4002073E-007
5.039	7.5423765E-007
5.04	6.7130770E-007
5.041	5.8817710E-007
5.042	5.0987757E-007
5.043	4.3792841E-007
5.044	3.7741498E-007
5.045	3.2204872E-007
5.046	2.7694486E-007
5.047	2.4277665E-007
5.048	2.2116785E-007
5.049	2.1060185E-007
5.05	2.1202983E-007
5.051	2.2570470E-007
5.052	2.4993795E-007
5.053	2.8630558E-007
5.054	3.3207962E-007
5.055	3.8812189E-007
5.056	4.5240046E-007
5.057	5.2053281E-007
5.058	5.9677677E-007
5.059	6.7515680E-007
5.06	7.5704963E-007
5.061	8.3930888E-007
5.062	9.2026437E-007
5.063	9.9503552E-007
5.064	1.0669851E-006
5.065	1.1341464E-006
5.066	1.1936328E-006
5.067	1.2447202E-006
5.068	1.2857112E-006
5.069	1.3157734E-006
5.07	1.3344367E-006
5.071	1.3425673E-006
5.072	1.3391194E-006
5.073	1.3240033E-006
5.074	1.2981545E-006
5.075	1.2609596E-006
5.076	1.2140066E-006
5.077	1.1580998E-006
5.078	1.0969800E-006
5.079	1.0285175E-006
5.08	9.5370092E-007
5.081	8.7533192E-007
5.082	7.9499495E-007
5.083	7.1450523E-007
5.084	6.3697360E-007
5.085	5.6088430E-007
5.086	4.8934010E-007
5.087	4.2375692E-007
5.088	3.6554673E-007
5.089	3.1664277E-007
5.09	2.7620638E-007
5.091	2.4600564E-007
5.092	2.2659304E-007
5.093	2.1838682E-007
5.094	2.2123345E-007
5.095	2.3524645E-007
5.096	2.6005412E-007
5.097	2.9515854E-007
5.098	3.3883424E-007
5.099	3.9181040E-007
5.1	4.5223376E-007
5.101	5.1880733E-007
5.102	5.9011751E-007
5.103	6.6326453E-007
5.104	7.3953686E-007
5.105	8.1586438E-007
5.106	8.9077986E-007
5.107	9.6269787E-007
5.108	1.0290750E-006
5.109	1.0907647E-006
5.11	1.1474862E-006
5.111	1.1936518E-006
5.112	1.2305956E-006
5.113	1.2572623E-006
5.114	1.2741377E-006
5.115	1.2803115E-006
5.116	1.2757331E-006
5.117	1.2601427E-006
5.118	1.2348651E-006
5.119	1.1993109E-006
5.12	1.1528379E-006
5.121	1.0998218E-006
5.122	1.0407954E-006
5.123	9.7496809E-007
5.124	9.0455200E-007
5.125	8.3116635E-007
5.126	7.5625343E-007
5.127	6.7977987E-007
5.128	6.0628821E-007
5.129	5.3576451E-007
5.13	4.6977522E-007
5.131	4.0941390E-007
5.132	3.5693967E-007
5.133	3.0974721E-007
5.134	2.7335412E-007
5.135	2.4663601E-007
5.136	2.2994234E-007
5.137	2.2370141E-007
5.138	2.2808391E-007
5.139	2.4291376E-007
5.14	2.6768862E-007
5.141	3.0125960E-007
5.142	3.4599373E-007
5.143	3.9702593E-007
5.144	4.5486908E-007
5.145	5.1830477E-007
5.146	5.8734747E-007
5.147	6.5792267E-007
5.148	7.2995533E-007
5.149	8.0180496E-007
5.15	8.7491838E-007
5.151	9.4103967E-007
5.152	1.0040137E-006
5.153	1.0636854E-006
5.154	1.1139336E-006
5.155	1.1566026E-006
5.156	1.1912584E-006
5.157	1.2155850E-006
5.158	1.2302561E-006
5.159	1.2347443E-006
5.16	1.2289544E-006
5.161	1.2131189E-006
5.162	1.1863573E-006
5.163	1.1511428E-006
5.164	1.1076497E-006
5.165	1.0555333E-006
5.166	9.9777867E-007
5.167	9.3475370E-007
5.168	8.6506049E-007
5.169	7.9528849E-007
5.17	7.2281830E-007
5.171	6.5180819E-007
5.172	5.8255819E-007
5.173	5.1373689E-007
5.174	4.5306402E-007
5.175	3.9465837E-007
5.176	3.4521031E-007
5.177	3.0340297E-007
5.178	2.6908756E-007
5.179	2.4560953E-007
5.18	2.3090176E-007
5.181	2.2675835E-007
5.182	2.3298965E-007
5.183	2.4892137E-007
5.184	2.7373468E-007
5.185	3.0939412E-007
5.186	3.5200830E-007
5.187	4.0407210E-007
5.188	4.5941582E-007
5.189	5.2340886E-007
5.19	5.8899582E-007
5.191	6.5985188E-007
5.192	7.2913571E-007
5.193	7.9956908E-007
5.194	8.6700840E-007
5.195	9.3378100E-007
5.196	9.9371368E-007
5.197	1.0493527E-006
5.198	1.0970884E-006
5.199	1.1387533E-006
5.2	1.1703369E-006
5.201	1.1934987E-006
5.202	1.2062573E-006
5.203	1.2094895E-006
5.204	1.2022086E-006
5.205	1.1854435E-006
5.206	1.1582997E-006
5.207	1.1240841E-006
5.208	1.0794701E-006
5.209	1.0292208E-006
5.21	9.7057750E-007
5.211	9.0773221E-007
5.212	8.4238030E-007
5.213	7.7215736E-007
5.214	7.0327519E-007
5.215	6.3207352E-007
5.216	5.6405617E-007
5.217	5.0035709E-007
5.218	4.3877537E-007
5.219	3.8318817E-007
5.22	3.3714434E-007
5.221	2.9628325E-007
5.222	2.6553593E-007
5.223	2.4293274E-007
5.224	2.3037509E-007
5.225	2.2808874E-007
5.226	2.3579916E-007
5.227	2.5371503E-007
5.228	2.8157325E-007
5.229	3.1633869E-007
5.23	3.6154444E-007
5.231	4.1431124E-007
5.232	4.7130527E-007
5.233	5.3570784E-007
5.234	6.0282815E-007
5.235	6.7108397E-007
5.236	7.4314056E-007
5.237	8.1459842E-007
5.238	8.8327351E-007
5.239	9.4741023E-007
5.24	1.0095300E-006
5.241	1.0656182E-006
5.242	1.1130643E-006
5.243	1.1536464E-006
5.244	1.1863137E-006
5.245	1.2090611E-006
5.246	1.2222081E-006
5.247	1.2247830E-006
5.248	1.2174022E-006
5.249	1.1997781E-006
5.25	1.1722443E-006
5.251	1.1370141E-006
5.252	1.0928405E-006
5.253	1.0400731E-006
5.254	9.8083092E-007
5.255	9.1619376E-007
5.256	8.4884044E-007
5.257	7.8031843E-007
5.258	7.0799354E-007
5.259	6.3598770E-007
5.26	5.6706398E-007
5.261	5.0015734E-007
5.262	4.3803539E-007
5.263	3.8380830E-007
5.264	3.3465170E-007
5.265	2.9446053E-007
5.266	2.6270223E-007
5.267	2.4094277E-007
5.268	2.2958758E-007
5.269	2.2906899E-007
5.27	2.3944602E-007
5.271	2.5976803E-007
5.272	2.9130726E-007
5.273	3.3302004E-007
5.274	3.8317106E-007
5.275	4.4280952E-007
5.276	5.1013342E-007
5.277	5.8383267E-007
5.278	6.6122607E-007
5.279	7.4380108E-007
5.28	8.2866489E-007
5.281	9.1440074E-007
5.282	9.9761724E-007
5.283	1.0803452E-006
5.284	1.1594757E-006
5.285	1.2335594E-006
5.286	1.2990522E-006
5.287	1.3603507E-006
5.288	1.4104984E-006
5.289	1.4547311E-006
5.29	1.4861052E-006
5.291	1.5077546E-006
5.292	1.5191432E-006
5.293	1.5193915E-006
5.294	1.5082329E-006
5.295	1.4872330E-006
5.296	1.4555197E-006
5.297	1.4142894E-006
5.298	1.3642828E-006
5.299	1.3065328E-006
5.3	1.2432517E-006
5.301	1.1732842E-006
5.302	1.0990217E-006
5.303	1.0217299E-006
5.304	9.4435819E-007
5.305	8.6507083E-007
5.306	7.8670098E-007
5.307	7.1067109E-007
5.308	6.3935170E-007
5.309	5.7127625E-007
5.31	5.0864958E-007
5.311	4.5039002E-007
5.312	4.0144147E-007
5.313	3.6093968E-007
5.314	3.2752638E-007
5.315	3.0239215E-007
5.316	2.8555138E-007
5.317	2.7684408E-007
5.318	2.7585165E-007
5.319	2.8269548E-007
5.32	2.9619002E-007
5.321	3.1543058E-007
5.322	3.4028713E-007
5.323	3.6947219E-007
5.324	4.0215951E-007
5.325	4.3723102E-007
5.326	4.7437317E-007
5.327	5.1110089E-007
5.328	5.4720169E-007
5.329	5.8152654E-007
5.33	6.1265064E-007
5.331	6.4198218E-007
5.332	6.6584022E-007
5.333	6.8507700E-007
5.334	6.9866508E-007
5.335	7.0693778E-007
5.336	7.0950045E-007
5.337	7.0579256E-007
5.338	6.9645557E-007
5.339	6.8126172E-007
5.34	6.6015275E-007
5.341	6.3484288E-007
5.342	6.0536706E-007
5.343	5.7183780E-007
5.344	5.3607033E-007
5.345	4.9863667E-007
5.346	4.6010220E-007
5.347	4.2096454E-007
5.348	3.8349057E-007
5.349	3.4775042E-007
5.35	3.1351908E-007
5.351	2.8468008E-007
5.352	2.5944991E-007
5.353	2.3912315E-007
5.354	2.2378329E-007
5.355	2.1505470E-007
5.356	2.1232378E-007
5.357	2.1615269E-007
5.358	2.2622940E-007
5.359	2.4223473E-007
5.36	2.6540923E-007
5.361	2.9347757E-007
5.362	3.2795396E-007
5.363	3.6568963E-007
5.364	4.0639492E-007
5.365	4.5240216E-007
5.366	4.9892606E-007
5.367	5.4652168E-007
5.368	5.9516168E-007
5.369	6.4216965E-007
5.37	6.8905666E-007
5.371	7.3162488E-007
5.372	7.6974595E-007
5.373	8.0573005E-007
5.374	8.3516159E-007
5.375	8.5966411E-007
5.376	8.7685908E-007
5.377	8.8816284E-007
5.378	8.9211062E-007
5.379	8.8918387E-007
5.38	8.7927680E-007
5.381	8.6281608E-007
5.382	8.3911448E-007
5.383	8.1028969E-007
5.384	7.7542404E-007
5.385	7.3671458E-007
5.386	6.9264439E-007
5.387	6.4696974E-007
5.388	5.9859281E-007
5.389	5.5003528E-007
5.39	4.9961346E-007
5.391	4.5202603E-007
5.392	4.0480697E-007
5.393	3.6289114E-007
5.394	3.2265407E-007
5.395	2.8847927E-007
5.396	2.5863227E-007
5.397	2.3627031E-007
5.398	2.1927333E-007
5.399	2.0976714E-007
5.4	2.0721012E-007
5.401	2.1177179E-007
5.402	2.2385242E-007
5.403	2.4322148E-007
5.404	2.6826228E-007
5.405	2.9981834E-007
5.406	3.3613460E-007
5.407	3.7858811E-007
5.408	4.2330413E-007
5.409	4.7177693E-007
5.41	5.2315511E-007
5.411	5.7349951E-007
5.412	6.2569796E-007
5.413	6.7564565E-007
5.414	7.2249293E-007
5.415	7.6790815E-007
5.416	8.0913389E-007
5.417	8.4318782E-007
5.418	8.7367363E-007
5.419	8.9673779E-007
5.42	9.1383572E-007
5.421	9.2344317E-007
5.422	9.2569388E-007
5.423	9.2051215E-007
5.424	9.0774989E-007
5.425	8.8893728E-007
5.426	8.6244796E-007
5.427	8.2960776E-007
5.428	7.9256341E-007
5.429	7.5023581E-007
5.43	7.0308397E-007
5.431	6.5301498E-007
5.432	6.0291660E-007
5.433	5.5106591E-007
5.434	4.9859187E-007
5.435	4.4914526E-007
5.436	4.0035346E-007
5.437	3.5566867E-007
5.438	3.1452851E-007
5.439	2.7867887E-007
5.44	2.4976782E-007
5.441	2.2666747E-007
5.442	2.1021539E-007
5.443	2.0118539E-007
5.444	1.9974713E-007
5.445	2.0570567E-007
5.446	2.1919264E-007
5.447	2.4009157E-007
5.448	2.6785560E-007
5.449	2.9992532E-007
5.45	3.3924090E-007
5.451	3.8340377E-007
5.452	4.3141259E-007
5.453	4.8147353E-007
5.454	5.3222095E-007
5.455	5.8571311E-007
5.456	6.3889297E-007
5.457	6.8959315E-007
5.458	7.3879738E-007
5.459	7.8445140E-007
5.46	8.2548945E-007
5.461	8.5966906E-007
5.462	8.8951458E-007
5.463	9.1287848E-007
5.464	9.2898750E-007
5.465	9.3745456E-007
5.466	9.3842942E-007
5.467	9.3174407E-007
5.468	9.1730510E-007
5.469	8.9700751E-007
5.47	8.6880175E-007
5.471	8.3428245E-007
5.472	7.9415247E-007
5.473	7.5011724E-007
5.474	7.0145938E-007
5.475	6.4996840E-007
5.476	5.9681662E-007
5.477	5.4377006E-007
5.478	4.9023458E-007
5.479	4.3827529E-007
5.48	3.8897693E-007
5.481	3.4401978E-007
5.482	3.0281879E-007
5.483	2.6708977E-007
5.484	2.3751333E-007
5.485	2.1504326E-007
5.486	1.9940769E-007
5.487	1.9132760E-007
5.488	1.9100129E-007
5.489	1.9834854E-007
5.49	2.1332323E-007
5.491	2.3560192E-007
5.492	2.6418715E-007
5.493	2.9952642E-007
5.494	3.4042404E-007
5.495	3.8603341E-007
5.496	4.3450859E-007
5.497	4.8661042E-007
5.498	5.4046103E-007
5.499	5.9492174E-007
5.5	6.4786599E-007
5.501	7.0023998E-007
5.502	7.4993625E-007
5.503	7.9586010E-007
5.504	8.3647842E-007
5.505	8.7237981E-007
5.506	9.0208408E-007
5.507	9.2553665E-007
5.508	9.4056873E-007
5.509	9.4849804E-007
5.51	9.4845757E-007
5.511	9.4043406E-007
5.512	9.2529564E-007
5.513	9.0253553E-007
5.514	8.7176204E-007
5.515	8.3561395E-007
5.516	7.9474637E-007
5.517	7.4845667E-007
5.518	6.9848807E-007
5.519	6.4663288E-007
5.52	5.9219343E-007
5.521	5.3722403E-007
5.522	4.8093136E-007
5.523	4.2912802E-007
5.524	3.7919028E-007
5.525	3.3298718E-007
5.526	2.9015266E-007
5.527	2.5506506E-007
5.528	2.2559267E-007
5.529	2.0308045E-007
5.53	1.8786851E-007
5.531	1.8043971E-007
5.532	1.8097349E-007
5.533	1.8940460E-007
5.534	2.0549517E-007
5.535	2.2854739E-007
5.536	2.6003482E-007
5.537	2.9683412E-007
5.538	3.3834121E-007
5.539	3.8534336E-007
5.54	4.3789575E-007
5.541	4.9140755E-007
5.542	5.4562003E-007
5.543	6.0324862E-007
5.544	6.5829005E-007
5.545	7.1155762E-007
5.546	7.6113241E-007
5.547	8.0931846E-007
5.548	8.5094399E-007
5.549	8.8708452E-007
5.55	9.1706750E-007
5.551	9.3950632E-007
5.552	9.5471455E-007
5.553	9.6204201E-007
5.554	9.6121153E-007
5.555	9.5240273E-007
5.556	9.3520333E-007
5.557	9.1161553E-007
5.558	8.8065798E-007
5.559	8.4192271E-007
5.56	7.9897609E-007
5.561	7.5033631E-007
5.562	6.9874443E-007
5.563	6.4448153E-007
5.564	5.8666831E-007
5.565	5.3138280E-007
5.566	4.7578445E-007
5.567	4.2001818E-007
5.568	3.6923805E-007
5.569	3.2151164E-007
5.57	2.7958080E-007
5.571	2.4223701E-007
5.572	2.1322045E-007
5.573	1.9072006E-007
5.574	1.7534704E-007
5.575	1.6849737E-007
5.576	1.6980793E-007
5.577	1.7913185E-007
5.578	1.9703305E-007
5.579	2.2192150E-007
5.58	2.5443646E-007
5.581	2.9279047E-007
5.582	3.3670401E-007
5.583	3.8630790E-007
5.584	4.3880024E-007
5.585	4.9603653E-007
5.586	5.5290423E-007
5.587	6.1123319E-007
5.588	6.6984944E-007
5.589	7.2457800E-007
5.59	7.7800831E-007
5.591	8.2483291E-007
5.592	8.6884694E-007
5.593	9.0557450E-007
5.594	9.3617621E-007
5.595	9.5882308E-007
5.596	9.7441364E-007
5.597	9.8127362E-007
5.598	9.8000532E-007
5.599	9.7053521E-007
5.6	9.5249544E-007
5.601	9.2620047E-007
5.602	8.9434957E-007
5.603	8.5402490E-007
5.604	8.0940987E-007
5.605	7.5908838E-007
5.606	7.0578977E-007
5.607	6.4772979E-007
5.608	5.8798508E-007
5.609	5.3093584E-007
5.61	4.7164392E-007
5.611	4.1425545E-007
5.612	3.6196718E-007
5.613	3.1292649E-007
5.614	2.6848960E-007
5.615	2.3154215E-007
5.616	2.0077185E-007
5.617	1.7727497E-007
5.618	1.6248913E-007
5.619	1.5565831E-007
5.62	1.5754753E-007
5.621	1.6772616E-007
5.622	1.8670328E-007
5.623	2.1389711E-007
5.624	2.4678315E-007
5.625	2.8826804E-007
5.626	3.3590788E-007
5.627	3.8584761E-007
5.628	4.4252107E-007
5.629	5.0207655E-007
5.63	5.6335512E-007
5.631	6.2184228E-007
5.632	6.8285004E-007
5.633	7.4161449E-007
5.634	7.9616740E-007
5.635	8.4559872E-007
5.636	8.9144453E-007
5.637	9.3083048E-007
5.638	9.6150188E-007
5.639	9.8594046E-007
5.64	1.0019402E-006
5.641	1.0091164E-006
5.642	1.0076532E-006
5.643	9.9759427E-007
5.644	9.7859709E-007
5.645	9.5174823E-007
5.646	9.1683364E-007
5.647	8.7462752E-007
5.648	8.2802597E-007
5.649	7.7557468E-007
5.65	7.1793085E-007
5.651	6.5749930E-007
5.652	5.9629332E-007
5.653	5.3577543E-007
5.654	4.7396315E-007
5.655	4.1413534E-007
5.656	3.5866208E-007
5.657	3.0668360E-007
5.658	2.6033112E-007
5.659	2.2057272E-007
5.66	1.8874054E-007
5.661	1.6439712E-007
5.662	1.4909367E-007
5.663	1.4208494E-007
5.664	1.4404999E-007
5.665	1.5516285E-007
5.666	1.7524393E-007
5.667	2.0327940E-007
5.668	2.3972203E-007
5.669	2.8343146E-007
5.67	3.3258488E-007
5.671	3.8795105E-007
5.672	4.4556398E-007
5.673	5.1031554E-007
5.674	5.7139448E-007
5.675	6.3634269E-007
5.676	7.0048765E-007
5.677	7.6144960E-007
5.678	8.2008978E-007
5.679	8.7413457E-007
5.68	9.2247808E-007
5.681	9.6336896E-007
5.682	9.9762849E-007
5.683	1.0236610E-006
5.684	1.0405370E-006
5.685	1.0486150E-006
5.686	1.0473518E-006
5.687	1.0367888E-006
5.688	1.0174824E-006
5.689	9.8917019E-007
5.69	9.5266790E-007
5.691	9.0942495E-007
5.692	8.5896733E-007
5.693	8.0296473E-007
5.694	7.4239591E-007
5.695	6.7762204E-007
5.696	6.1216798E-007
5.697	5.4600093E-007
5.698	4.8180118E-007
5.699	4.1875310E-007
5.7	3.5908150E-007
5.701	3.0416263E-007
5.702	2.5576480E-007
5.703	2.1340878E-007
5.704	1.7875729E-007
5.705	1.5295092E-007
5.706	1.3570218E-007
5.707	1.2768892E-007
5.708	1.2976953E-007
5.709	1.4114140E-007
5.71	1.6210048E-007
5.711	1.9206703E-007
5.712	2.2974670E-007
5.713	2.7577644E-007
5.714	3.2858870E-007
5.715	3.8927431E-007
5.716	4.5152802E-007
5.717	5.1809417E-007
5.718	5.8675721E-007
5.719	6.5482072E-007
5.72	7.2565604E-007
5.721	7.9200487E-007
5.722	8.5373659E-007
5.723	9.1190378E-007
5.724	9.6413612E-007
5.725	1.0107526E-006
5.726	1.0471715E-006
5.727	1.0756431E-006
5.728	1.0948748E-006
5.729	1.1043404E-006
5.73	1.1039175E-006
5.731	1.0934759E-006
5.732	1.0733485E-006
5.733	1.0443182E-006
5.734	1.0048708E-006
5.735	9.5852135E-007
5.736	9.0615760E-007
5.737	8.4672740E-007
5.738	7.8018900E-007
5.739	7.1248093E-007
5.74	6.4373307E-007
5.741	5.7308978E-007
5.742	5.0072458E-007
5.743	4.3409764E-007
5.744	3.6967936E-007
5.745	3.0817390E-007
5.746	2.5579678E-007
5.747	2.0957685E-007
5.748	1.7034272E-007
5.749	1.4153144E-007
5.75	1.2252588E-007
5.751	1.1294814E-007
5.752	1.1411142E-007
5.753	1.2529634E-007
5.754	1.4758761E-007
5.755	1.7898782E-007
5.756	2.2032562E-007
5.757	2.6942880E-007
5.758	3.2590566E-007
5.759	3.9101178E-007
5.76	4.5794198E-007
5.761	5.2972018E-007
5.762	6.0657374E-007
5.763	6.8035564E-007
5.764	7.5742400E-007
5.765	8.2988493E-007
5.766	8.9888692E-007
5.767	9.6401982E-007
5.768	1.0216788E-006
5.769	1.0737314E-006
5.77	1.1148524E-006
5.771	1.1484968E-006
5.772	1.1709402E-006
5.773	1.1832409E-006
5.774	1.1845857E-006
5.775	1.1754089E-006
5.776	1.1546108E-006
5.777	1.1248055E-006
5.778	1.0835528E-006
5.779	1.0345780E-006
5.78	9.7695920E-007
5.781	9.1346192E-007
5.782	8.4201383E-007
5.783	7.7013300E-007
5.784	6.9186183E-007
5.785	6.1486480E-007
5.786	5.3587553E-007
5.787	4.6271782E-007
5.788	3.8956705E-007
5.789	3.2380720E-007
5.79	2.6339370E-007
5.791	2.1154035E-007
5.792	1.6706802E-007
5.793	1.3328383E-007
5.794	1.1045346E-007
5.795	9.8195713E-008
5.796	9.7667211E-008
5.797	1.0862296E-007
5.798	1.3049798E-007
5.799	1.6442347E-007
5.8	2.0826647E-007
5.801	2.6081167E-007
5.802	3.2394644E-007
5.803	3.9106956E-007
5.804	4.6782480E-007
5.805	5.4942285E-007
5.806	6.2978307E-007
5.807	7.1591342E-007
5.808	7.9889082E-007
5.809	8.8261737E-007
5.81	9.6154986E-007
5.811	1.0340216E-006
5.812	1.1021624E-006
5.813	1.1610956E-006
5.814	1.2101883E-006
5.815	1.2504597E-006
5.816	1.2788463E-006
5.817	1.2954695E-006
5.818	1.3003460E-006
5.819	1.2927122E-006
5.82	1.2739395E-006
5.821	1.2423328E-006
5.822	1.1992395E-006
5.823	1.1485770E-006
5.824	1.0857742E-006
5.825	1.0146885E-006
5.826	9.3815561E-007
5.827	8.5800372E-007
5.828	7.7146638E-007
5.829	6.8462640E-007
5.83	5.9634579E-007
5.831	5.1284240E-007
5.832	4.2992463E-007
5.833	3.5386662E-007
5.834	2.8558807E-007
5.835	2.2341887E-007
5.836	1.7195146E-007
5.837	1.3057544E-007
5.838	1.0118026E-007
5.839	8.4707686E-008
5.84	8.0919669E-008
5.841	9.0081301E-008
5.842	1.1206588E-007
5.843	1.4731116E-007
5.844	1.9481797E-007
5.845	2.5159753E-007
5.846	3.1946377E-007
5.847	3.9734593E-007
5.848	4.8288888E-007
5.849	5.7289162E-007
5.85	6.6514679E-007
5.851	7.6294054E-007
5.852	8.5944623E-007
5.853	9.5599114E-007
5.854	1.0490629E-006
5.855	1.1354026E-006
5.856	1.2135287E-006
5.857	1.2878821E-006
5.858	1.3465381E-006
5.859	1.3970803E-006
5.86	1.4350694E-006
5.861	1.4598713E-006
5.862	1.4704054E-006
5.863	1.4670188E-006
5.864	1.4495807E-006
5.865	1.4188187E-006
5.866	1.3743346E-006
5.867	1.3176136E-006
5.868	1.2531593E-006
5.869	1.1753599E-006
5.87	1.0891703E-006
5.871	9.9792987E-007
5.872	9.0031040E-007
5.873	7.9981282E-007
5.874	7.0022151E-007
5.875	5.9999729E-007
5.876	5.0332892E-007
5.877	4.1192732E-007
5.878	3.2919465E-007
5.879	2.5419695E-007
5.88	1.8989429E-007
5.881	1.3849045E-007
5.882	9.9473283E-008
5.883	7.4809677E-008
5.884	6.5101879E-008
5.885	7.0449140E-008
5.886	9.1167294E-008
5.887	1.2631303E-007
5.888	1.7655869E-007
5.889	2.4047915E-007
5.89	3.1572696E-007
5.891	4.0343107E-007
5.892	5.0077807E-007
5.893	6.0780485E-007
5.894	7.1885813E-007
5.895	8.3368423E-007
5.896	9.4798713E-007
5.897	1.0634078E-006
5.898	1.1758102E-006
5.899	1.2829702E-006
5.9	1.3812366E-006
5.901	1.4718817E-006
5.902	1.5514023E-006
5.903	1.6172702E-006
5.904	1.6698760E-006
5.905	1.7084948E-006
5.906	1.7292227E-006
5.907	1.7337984E-006
5.908	1.7217749E-006
5.909	1.6937814E-006
5.91	1.6495042E-006
5.911	1.5898404E-006
5.912	1.5146958E-006
5.913	1.4279552E-006
5.914	1.3305182E-006
5.915	1.2256095E-006
5.916	1.1121390E-006
5.917	9.9384977E-007
5.918	8.7140643E-007
5.919	7.5100706E-007
5.92	6.3334755E-007
5.921	5.2253961E-007
5.922	4.1733776E-007
5.923	3.1876516E-007
5.924	2.3544695E-007
5.925	1.6680032E-007
5.926	1.1212120E-007
5.927	7.3076862E-008
5.928	5.3326218E-008
5.929	5.1339473E-008
5.93	6.7911131E-008
5.931	1.0380250E-007
5.932	1.5726312E-007
5.933	2.2807393E-007
5.934	3.1342185E-007
5.935	4.1853977E-007
5.936	5.3338454E-007
5.937	6.5694286E-007
5.938	7.9583640E-007
5.939	9.3645156E-007
5.94	1.0780843E-006
5.941	1.2229722E-006
5.942	1.3708261E-006
5.943	1.5069253E-006
5.944	1.6380304E-006
5.945	1.7633156E-006
5.946	1.8701298E-006
5.947	1.9644735E-006
5.948	2.0448347E-006
5.949	2.1033702E-006
5.95	2.1440587E-006
5.951	2.1648968E-006
5.952	2.1641836E-006
5.953	2.1432036E-006
5.954	2.0998909E-006
5.955	2.0389668E-006
5.956	1.9555637E-006
5.957	1.8578876E-006
5.958	1.7465454E-006
5.959	1.6159257E-006
5.96	1.4790049E-006
5.961	1.3314058E-006
5.962	1.1812454E-006
5.963	1.0293077E-006
5.964	8.7571692E-007
5.965	7.2888588E-007
5.966	5.8488746E-007
5.967	4.5799950E-007
5.968	3.3841408E-007
5.969	2.3858837E-007
5.97	1.5676456E-007
5.971	9.4046051E-008
5.972	5.4129575E-008
5.973	3.6890921E-008
5.974	4.3926242E-008
5.975	7.6285161E-008
5.976	1.3184386E-007
5.977	2.1213162E-007
5.978	3.1349936E-007
5.979	4.3997792E-007
5.98	5.7898922E-007
5.981	7.4206508E-007
5.982	9.1400108E-007
5.983	1.0996046E-006
5.984	1.2900218E-006
5.985	1.4909482E-006
5.986	1.6828446E-006
5.987	1.8815508E-006
5.988	2.0667187E-006
5.989	2.2448598E-006
5.99	2.4114745E-006
5.991	2.5558368E-006
5.992	2.6826795E-006
5.993	2.7849610E-006
5.994	2.8658924E-006
5.995	2.9167002E-006
5.996	2.9418813E-006
5.997	2.9377418E-006
5.998	2.9063674E-006
5.999	2.8444827E-006
6	2.7577341E-006
