theta_deg	R
0.001	9.9952620E-001
0.002	9.9939424E-001
0.003	9.9922037E-001
0.004	9.9899352E-001
0.005	9.9870229E-001
0.006	9.9833626E-001
0.007	9.9788618E-001
0.008	9.9734807E-001
0.009	9.9672216E-001
0.01	9.9601626E-001
0.011	9.9524397E-001
0.012	9.9442476E-001
0.013	9.9358135E-001
0.014	9.9273705E-001
0.015	9.9191225E-001
0.016	9.9112290E-001
0.017	9.9037850E-001
0.018	9.8968101E-001
0.019	9.8902720E-001
0.02	9.8840952E-001
0.021	9.8781818E-001
0.022	9.8724401E-001
0.023	9.8667866E-001
0.024	9.8611677E-001
0.025	9.8555475E-001
0.026	9.8499131E-001
0.027	9.8442650E-001
0.028	9.8386073E-001
0.029	9.8329413E-001
0.03	9.8272711E-001
0.031	9.8215896E-001
0.032	9.8158938E-001
0.033	9.8101759E-001
0.034	9.8044300E-001
0.035	9.7986507E-001
0.036	9.7928441E-001
0.037	9.7870141E-001
0.038	9.7811747E-001
0.039	9.7753352E-001
0.04	9.7695130E-001
0.041	9.7637182E-001
0.042	9.7579581E-001
0.043	9.7522366E-001
0.044	9.7465491E-001
0.045	9.7408879E-001
0.046	9.7352415E-001
0.047	9.7295976E-001
0.048	9.7239441E-001
0.049	9.7182661E-001
0.05	9.7125590E-001
0.051	9.7068179E-001
0.052	9.7010386E-001
0.053	9.6952295E-001
0.054	9.6893954E-001
0.055	9.6835464E-001
0.056	9.6776932E-001
0.057	9.6718508E-001
0.058	9.6660215E-001
0.059	9.6602082E-001
0.06	9.6544111E-001
0.061	9.6486253E-001
0.062	9.6428341E-001
0.063	9.6370304E-001
0.064	9.6312010E-001
0.065	9.6253365E-001
0.066	9.6194321E-001
0.067	9.6134919E-001
0.068	9.6075225E-001
0.069	9.6015304E-001
0.07	9.5955276E-001
0.071	9.5895189E-001
0.072	9.5835161E-001
0.073	9.5775157E-001
0.074	9.5715243E-001
0.075	9.5655423E-001
0.076	9.5595628E-001
0.077	9.5535862E-001
0.078	9.5476079E-001
0.079	9.5416206E-001
0.08	9.5356160E-001
0.081	9.5295906E-001
0.082	9.5235336E-001
0.083	9.5174378E-001
0.084	9.5112938E-001
0.085	9.5050943E-001
0.086	9.4988430E-001
0.087	9.4925326E-001
0.088	9.4861746E-001
0.089	9.4797730E-001
0.09	9.4733393E-001
0.091	9.4668835E-001
0.092	9.4604200E-001
0.093	9.4539577E-001
0.094	9.4475019E-001
0.095	9.4410646E-001
0.096	9.4346464E-001
0.097	9.4282532E-001
0.098	9.4218838E-001
0.099	9.4155353E-001
0.1	9.4092047E-001
0.101	9.4028848E-001
0.102	9.3965691E-001
0.103	9.3902487E-001
0.104	9.3839091E-001
0.105	9.3775374E-001
0.106	9.3711299E-001
0.107	9.3646717E-001
0.108	9.3581575E-001
0.109	9.3515795E-001
0.11	9.3449408E-001
0.111	9.3382406E-001
0.112	9.3314815E-001
0.113	9.3246728E-001
0.114	9.3178189E-001
0.115	9.3109250E-001
0.116	9.3039918E-001
0.117	9.2970240E-001
0.118	9.2900211E-001
0.119	9.2829776E-001
0.12	9.2758954E-001
0.121	9.2687726E-001
0.122	9.2616105E-001
0.123	9.2544049E-001
0.124	9.2471635E-001
0.125	9.2398918E-001
0.126	9.2325896E-001
0.127	9.2252660E-001
0.128	9.2179257E-001
0.129	9.2105711E-001
0.13	9.2032003E-001
0.131	9.1958177E-001
0.132	9.1884154E-001
0.133	9.1809922E-001
0.134	9.1735440E-001
0.135	9.1660625E-001
0.136	9.1585451E-001
0.137	9.1509902E-001
0.138	9.1433918E-001
0.139	9.1357523E-001
0.14	9.1280687E-001
0.141	9.1203392E-001
0.142	9.1125631E-001
0.143	9.1047329E-001
0.144	9.0968466E-001
0.145	9.0888995E-001
0.146	9.0808833E-001
0.147	9.0727890E-001
0.148	9.0646201E-001
0.149	9.0563726E-001
0.15	9.0480477E-001
0.151	9.0396518E-001
0.152	9.0311873E-001
0.153	9.0226603E-001
0.154	9.0140688E-001
0.155	9.0054238E-001
0.156	8.9967233E-001
0.157	8.9879715E-001
0.158	8.9791620E-001
0.159	8.9703000E-001
0.16	8.9613795E-001
0.161	8.9524019E-001
0.162	8.9433670E-001
0.163	8.9342690E-001
0.164	8.9251137E-001
0.165	8.9158934E-001
0.166	8.9066112E-001
0.167	8.8972622E-001
0.168	8.8878459E-001
0.169	8.8783538E-001
0.17	8.8687813E-001
0.171	8.8591194E-001
0.172	8.8493633E-001
0.173	8.8395077E-001
0.174	8.8295573E-001
0.175	8.8195175E-001
0.176	8.8094074E-001
0.177	8.7992483E-001
0.178	8.7890702E-001
0.179	8.7789112E-001
0.18	8.7688154E-001
0.181	8.7588406E-001
0.182	8.7490582E-001
0.183	8.7395799E-001
0.184	8.7305528E-001
0.185	8.7221986E-001
0.186	8.7147951E-001
0.187	8.7087107E-001
0.188	8.7043631E-001
0.189	8.7021840E-001
0.19	8.7025744E-001
0.191	8.7058055E-001
0.192	8.7119442E-001
0.193	8.7207776E-001
0.194	8.7317538E-001
0.195	8.7440109E-001
0.196	8.7564218E-001
0.197	8.7677187E-001
0.198	8.7766397E-001
0.199	8.7820911E-001
0.2	8.7832946E-001
0.201	8.7798482E-001
0.202	8.7717700E-001
0.203	8.7594420E-001
0.204	8.7435257E-001
0.205	8.7248254E-001
0.206	8.7041849E-001
0.207	8.6823773E-001
0.208	8.6600387E-001
0.209	8.6376399E-001
0.21	8.6154765E-001
0.211	8.5936940E-001
0.212	8.5723305E-001
0.213	8.5513407E-001
0.214	8.5306364E-001
0.215	8.5101193E-001
0.216	8.4896839E-001
0.217	8.4692472E-001
0.218	8.4487438E-001
0.219	8.4281176E-001
0.22	8.4073305E-001
0.221	8.3863527E-001
0.222	8.3651549E-001
0.223	8.3437186E-001
0.224	8.3220196E-001
0.225	8.3000332E-001
0.226	8.2777387E-001
0.227	8.2551122E-001
0.228	8.2321316E-001
0.229	8.2087767E-001
0.23	8.1850243E-001
0.231	8.1608576E-001
0.232	8.1362510E-001
0.233	8.1111884E-001
0.234	8.0856436E-001
0.235	8.0595994E-001
0.236	8.0330253E-001
0.237	8.0058920E-001
0.238	7.9781705E-001
0.239	7.9498214E-001
0.24	7.9208118E-001
0.241	7.8911042E-001
0.242	7.8606606E-001
0.243	7.8294414E-001
0.244	7.7974129E-001
0.245	7.7645391E-001
0.246	7.7307880E-001
0.247	7.6961255E-001
0.248	7.6605195E-001
0.249	7.6239324E-001
0.25	7.5863230E-001
0.251	7.5476515E-001
0.252	7.5078577E-001
0.253	7.4668825E-001
0.254	7.4246508E-001
0.255	7.3810846E-001
0.256	7.3360968E-001
0.257	7.2895950E-001
0.258	7.2414863E-001
0.259	7.1916765E-001
0.26	7.1400797E-001
0.261	7.0866072E-001
0.262	7.0311797E-001
0.263	6.9737232E-001
0.264	6.9141608E-001
0.265	6.8524194E-001
0.266	6.7884237E-001
0.267	6.7220819E-001
0.268	6.6532969E-001
0.269	6.5819591E-001
0.27	6.5079439E-001
0.271	6.4311159E-001
0.272	6.3513428E-001
0.273	6.2685001E-001
0.274	6.1824715E-001
0.275	6.0931700E-001
0.276	6.0005504E-001
0.277	5.9046078E-001
0.278	5.8053869E-001
0.279	5.7029766E-001
0.28	5.5975252E-001
0.281	5.4892081E-001
0.282	5.3782398E-001
0.283	5.2648544E-001
0.284	5.1493019E-001
0.285	5.0318539E-001
0.286	4.9127847E-001
0.287	4.7923979E-001
0.288	4.6710169E-001
0.289	4.5489895E-001
0.29	4.4266906E-001
0.291	4.3045133E-001
0.292	4.1828653E-001
0.293	4.0621579E-001
0.294	3.9427930E-001
0.295	3.8251570E-001
0.296	3.7096158E-001
0.297	3.5964999E-001
0.298	3.4861085E-001
0.299	3.3786920E-001
0.3	3.2744581E-001
0.301	3.1735590E-001
0.302	3.0760989E-001
0.303	2.9821274E-001
0.304	2.8916508E-001
0.305	2.8046429E-001
0.306	2.7210498E-001
0.307	2.6407978E-001
0.308	2.5638098E-001
0.309	2.4899893E-001
0.31	2.4192350E-001
0.311	2.3514315E-001
0.312	2.2864433E-001
0.313	2.2241198E-001
0.314	2.1642886E-001
0.315	2.1067668E-001
0.316	2.0513679E-001
0.317	1.9979134E-001
0.318	1.9462425E-001
0.319	1.8962240E-001
0.32	1.8477663E-001
0.321	1.8008156E-001
0.322	1.7553593E-001
0.323	1.7114162E-001
0.324	1.6690284E-001
0.325	1.6282472E-001
0.326	1.5891200E-001
0.327	1.5516768E-001
0.328	1.5159197E-001
0.329	1.4818135E-001
0.33	1.4492835E-001
0.331	1.4182153E-001
0.332	1.3884605E-001
0.333	1.3598451E-001
0.334	1.3321811E-001
0.335	1.3052799E-001
0.336	1.2789641E-001
0.337	1.2530828E-001
0.338	1.2275191E-001
0.339	1.2021980E-001
0.34	1.1770897E-001
0.341	1.1522113E-001
0.342	1.1276202E-001
0.343	1.1034103E-001
0.344	1.0797004E-001
0.345	1.0566235E-001
0.346	1.0343152E-001
0.347	1.0128997E-001
0.348	9.9247977E-002
0.349	9.7312637E-002
0.35	9.5487110E-002
0.351	9.3770131E-002
0.352	9.2155941E-002
0.353	9.0634488E-002
0.354	8.9192070E-002
0.355	8.7811962E-002
0.356	8.6475797E-002
0.357	8.5164331E-002
0.358	8.3858974E-002
0.359	8.2542822E-002
0.36	8.1201717E-002
0.361	7.9825103E-002
0.362	7.8406721E-002
0.363	7.6944992E-002
0.364	7.5443111E-002
0.365	7.3908851E-002
0.366	7.2353974E-002
0.367	7.0793502E-002
0.368	6.9244675E-002
0.369	6.7725666E-002
0.37	6.6254348E-002
0.371	6.4846978E-002
0.372	6.3517258E-002
0.373	6.2275227E-002
0.374	6.1127018E-002
0.375	6.0074303E-002
0.376	5.9114423E-002
0.377	5.8240604E-002
0.378	5.7442363E-002
0.379	5.6706149E-002
0.38	5.6016006E-002
0.381	5.5354491E-002
0.382	5.4703597E-002
0.383	5.4045707E-002
0.384	5.3364590E-002
0.385	5.2646272E-002
0.386	5.1879898E-002
0.387	5.1058348E-002
0.388	5.0178606E-002
0.389	4.9241975E-002
0.39	4.8254009E-002
0.391	4.7224104E-002
0.392	4.6165109E-002
0.393	4.5092478E-002
0.394	4.4023480E-002
0.395	4.2976227E-002
0.396	4.1968670E-002
0.397	4.1017670E-002
0.398	4.0138125E-002
0.399	3.9342098E-002
0.4	3.8638253E-002
0.401	3.8031396E-002
0.402	3.7522152E-002
0.403	3.7106998E-002
0.404	3.6778323E-002
0.405	3.6524843E-002
0.406	3.6332093E-002
0.407	3.6183160E-002
0.408	3.6059503E-002
0.409	3.5941780E-002
0.41	3.5810944E-002
0.411	3.5649087E-002
0.412	3.5440389E-002
0.413	3.5171803E-002
0.414	3.4833841E-002
0.415	3.4420922E-002
0.416	3.3931654E-002
0.417	3.3368822E-002
0.418	3.2739278E-002
0.419	3.2053504E-002
0.42	3.1325068E-002
0.421	3.0569971E-002
0.422	2.9805768E-002
0.423	2.9050803E-002
0.424	2.8323242E-002
0.425	2.7640253E-002
0.426	2.7017172E-002
0.427	2.6466792E-002
0.428	2.5998779E-002
0.429	2.5619233E-002
0.43	2.5330445E-002
0.431	2.5130838E-002
0.432	2.5015043E-002
0.433	2.4974192E-002
0.434	2.4996342E-002
0.435	2.5067028E-002
0.436	2.5169922E-002
0.437	2.5287591E-002
0.438	2.5402248E-002
0.439	2.5496552E-002
0.44	2.5554346E-002
0.441	2.5561364E-002
0.442	2.5505841E-002
0.443	2.5378982E-002
0.444	2.5175309E-002
0.445	2.4892887E-002
0.446	2.4533363E-002
0.447	2.4101852E-002
0.448	2.3606714E-002
0.449	2.3059171E-002
0.45	2.2472830E-002
0.451	2.1863056E-002
0.452	2.1246351E-002
0.453	2.0639628E-002
0.454	2.0059459E-002
0.455	1.9521400E-002
0.456	1.9039299E-002
0.457	1.8624730E-002
0.458	1.8286480E-002
0.459	1.8030217E-002
0.46	1.7858298E-002
0.461	1.7769651E-002
0.462	1.7759897E-002
0.463	1.7821547E-002
0.464	1.7944384E-002
0.465	1.8115852E-002
0.466	1.8321641E-002
0.467	1.8546246E-002
0.468	1.8773608E-002
0.469	1.8987732E-002
0.47	1.9173320E-002
0.471	1.9316366E-002
0.472	1.9404685E-002
0.473	1.9428402E-002
0.474	1.9380318E-002
0.475	1.9256195E-002
0.476	1.9054940E-002
0.477	1.8778609E-002
0.478	1.8432336E-002
0.479	1.8024126E-002
0.48	1.7564487E-002
0.481	1.7066013E-002
0.482	1.6542889E-002
0.483	1.6010243E-002
0.484	1.5483596E-002
0.485	1.4978206E-002
0.486	1.4508484E-002
0.487	1.4087427E-002
0.488	1.3726126E-002
0.489	1.3433386E-002
0.49	1.3215379E-002
0.491	1.3075482E-002
0.492	1.3014156E-002
0.493	1.3028978E-002
0.494	1.3114752E-002
0.495	1.3263733E-002
0.496	1.3465921E-002
0.497	1.3709458E-002
0.498	1.3981046E-002
0.499	1.4266460E-002
0.5	1.4551071E-002
0.501	1.4820395E-002
0.502	1.5060610E-002
0.503	1.5259077E-002
0.504	1.5404813E-002
0.505	1.5488863E-002
0.506	1.5504636E-002
0.507	1.5448099E-002
0.508	1.5317925E-002
0.509	1.5115491E-002
0.51	1.4844848E-002
0.511	1.4512535E-002
0.512	1.4127360E-002
0.513	1.3700062E-002
0.514	1.3242932E-002
0.515	1.2769379E-002
0.516	1.2293415E-002
0.517	1.1829170E-002
0.518	1.1390335E-002
0.519	1.0989695E-002
0.52	1.0638654E-002
0.521	1.0346820E-002
0.522	1.0121683E-002
0.523	9.9683478E-003
0.524	9.8893987E-003
0.525	9.8848017E-003
0.526	9.9519240E-003
0.527	1.0085655E-002
0.528	1.0278590E-002
0.529	1.0521283E-002
0.53	1.0802601E-002
0.531	1.1110100E-002
0.532	1.1430487E-002
0.533	1.1750069E-002
0.534	1.2055254E-002
0.535	1.2333019E-002
0.536	1.2571376E-002
0.537	1.2759787E-002
0.538	1.2889518E-002
0.539	1.2953951E-002
0.54	1.2948780E-002
0.541	1.2872160E-002
0.542	1.2724748E-002
0.543	1.2509670E-002
0.544	1.2232400E-002
0.545	1.1900532E-002
0.546	1.1523551E-002
0.547	1.1112468E-002
0.548	1.0679452E-002
0.549	1.0237415E-002
0.55	9.7995894E-003
0.551	9.3790628E-003
0.552	8.9883702E-003
0.553	8.6390618E-003
0.554	8.3413376E-003
0.555	8.1036678E-003
0.556	7.9325270E-003
0.557	7.8321435E-003
0.558	7.8043528E-003
0.559	7.8485031E-003
0.56	7.9615079E-003
0.561	8.1379293E-003
0.562	8.3701964E-003
0.563	8.6488910E-003
0.564	8.9631006E-003
0.565	9.3007954E-003
0.566	9.6492432E-003
0.567	9.9954344E-003
0.568	1.0326492E-002
0.569	1.0630066E-002
0.57	1.0894736E-002
0.571	1.1110368E-002
0.572	1.1268450E-002
0.573	1.1362388E-002
0.574	1.1387744E-002
0.575	1.1342428E-002
0.576	1.1226742E-002
0.577	1.1043387E-002
0.578	1.0797345E-002
0.579	1.0495680E-002
0.58	1.0147253E-002
0.581	9.7623961E-003
0.582	9.3525555E-003
0.583	8.9298980E-003
0.584	8.5069742E-003
0.585	8.0963261E-003
0.586	7.7101430E-003
0.587	7.3599182E-003
0.588	7.0561054E-003
0.589	6.8077785E-003
0.59	6.6223224E-003
0.591	6.5051606E-003
0.592	6.4595365E-003
0.593	6.4863781E-003
0.594	6.5842471E-003
0.595	6.7493916E-003
0.596	6.9758794E-003
0.597	7.2558229E-003
0.598	7.5796428E-003
0.599	7.9363948E-003
0.6	8.3141094E-003
0.601	8.7001845E-003
0.602	9.0817269E-003
0.603	9.4459644E-003
0.604	9.7806277E-003
0.605	1.0074317E-002
0.606	1.0316892E-002
0.607	1.0499771E-002
0.608	1.0616257E-002
0.609	1.0661748E-002
0.61	1.0633918E-002
0.611	1.0532793E-002
0.612	1.0360764E-002
0.613	1.0122499E-002
0.614	9.8248180E-003
0.615	9.4764335E-003
0.616	9.0877013E-003
0.617	8.6702863E-003
0.618	8.2367901E-003
0.619	7.8003919E-003
0.62	7.3744082E-003
0.621	6.9719176E-003
0.622	6.6053360E-003
0.623	6.2860390E-003
0.624	6.0239937E-003
0.625	5.8274441E-003
0.626	5.7026395E-003
0.627	5.6536291E-003
0.628	5.6821224E-003
0.629	5.7874210E-003
0.63	5.9664329E-003
0.631	6.2137693E-003
0.632	6.5218909E-003
0.633	6.8813581E-003
0.634	7.2811111E-003
0.635	7.7088126E-003
0.636	8.1512406E-003
0.637	8.5946890E-003
0.638	9.0253828E-003
0.639	9.4299130E-003
0.64	9.7956071E-003
0.641	1.0110964E-002
0.642	1.0365969E-002
0.643	1.0552403E-002
0.644	1.0664116E-002
0.645	1.0697210E-002
0.646	1.0650184E-002
0.647	1.0523983E-002
0.648	1.0321995E-002
0.649	1.0049962E-002
0.65	9.7158197E-003
0.651	9.3294689E-003
0.652	8.9024836E-003
0.653	8.4477691E-003
0.654	7.9791900E-003
0.655	7.5111534E-003
0.656	7.0581869E-003
0.657	6.6345134E-003
0.658	6.2536206E-003
0.659	5.9278579E-003
0.66	5.6680529E-003
0.661	5.4831696E-003
0.662	5.3800098E-003
0.663	5.3629759E-003
0.664	5.4339021E-003
0.665	5.5919769E-003
0.666	5.8337338E-003
0.667	6.1531365E-003
0.668	6.5417564E-003
0.669	6.9890101E-003
0.67	7.4824756E-003
0.671	8.0082575E-003
0.672	8.5513778E-003
0.673	9.0962360E-003
0.674	9.6270321E-003
0.675	1.0128253E-002
0.676	1.0585136E-002
0.677	1.0984108E-002
0.678	1.1313216E-002
0.679	1.1562514E-002
0.68	1.1724374E-002
0.681	1.1793761E-002
0.682	1.1768383E-002
0.683	1.1648789E-002
0.684	1.1438370E-002
0.685	1.1143287E-002
0.686	1.0772274E-002
0.687	1.0336434E-002
0.688	9.8489085E-003
0.689	9.3245432E-003
0.69	8.7794624E-003
0.691	8.2306368E-003
0.692	7.6954095E-003
0.693	7.1910201E-003
0.694	6.7341090E-003
0.695	6.3402238E-003
0.696	6.0233679E-003
0.697	5.7955519E-003
0.698	5.6664003E-003
0.699	5.6428299E-003
0.7	5.7287775E-003
0.701	5.9250407E-003
0.702	6.2291878E-003
0.703	6.6355807E-003
0.704	7.1354988E-003
0.705	7.7173440E-003
0.706	8.3669396E-003
0.707	9.0679144E-003
0.708	9.8021533E-003
0.709	1.0550284E-002
0.71	1.1292236E-002
0.711	1.2007829E-002
0.712	1.2677337E-002
0.713	1.3282106E-002
0.714	1.3805110E-002
0.715	1.4231458E-002
0.716	1.4548899E-002
0.717	1.4748198E-002
0.718	1.4823457E-002
0.719	1.4772354E-002
0.72	1.4596258E-002
0.721	1.4300285E-002
0.722	1.3893206E-002
0.723	1.3387273E-002
0.724	1.2797950E-002
0.725	1.2143542E-002
0.726	1.1444717E-002
0.727	1.0723980E-002
0.728	1.0005092E-002
0.729	9.3124080E-003
0.73	8.6702248E-003
0.731	8.1020920E-003
0.732	7.6301219E-003
0.733	7.2743236E-003
0.734	7.0519638E-003
0.735	6.9769784E-003
0.736	7.0594680E-003
0.737	7.3052715E-003
0.738	7.7156737E-003
0.739	8.2872277E-003
0.74	9.0117101E-003
0.741	9.8762503E-003
0.742	1.0863568E-002
0.743	1.1952392E-002
0.744	1.3117979E-002
0.745	1.4332793E-002
0.746	1.5567233E-002
0.747	1.6790478E-002
0.748	1.7971372E-002
0.749	1.9079275E-002
0.75	2.0085016E-002
0.751	2.0961693E-002
0.752	2.1685535E-002
0.753	2.2236634E-002
0.754	2.2599624E-002
0.755	2.2764293E-002
0.756	2.2725992E-002
0.757	2.2485999E-002
0.758	2.2051666E-002
0.759	2.1436416E-002
0.76	2.0659586E-002
0.761	1.9746110E-002
0.762	1.8726114E-002
0.763	1.7634284E-002
0.764	1.6509201E-002
0.765	1.5392548E-002
0.766	1.4328144E-002
0.767	1.3360870E-002
0.768	1.2535449E-002
0.769	1.1895150E-002
0.77	1.1480360E-002
0.771	1.1327161E-002
0.772	1.1465950E-002
0.773	1.1920142E-002
0.774	1.2705101E-002
0.775	1.3827226E-002
0.776	1.5283395E-002
0.777	1.7060636E-002
0.778	1.9136168E-002
0.779	2.1477746E-002
0.78	2.4044288E-002
0.781	2.6786771E-002
0.782	2.9649466E-002
0.783	3.2571282E-002
0.784	3.5487320E-002
0.785	3.8330581E-002
0.786	4.1033693E-002
0.787	4.3530736E-002
0.788	4.5759123E-002
0.789	4.7661256E-002
0.79	4.9186487E-002
0.791	5.0292801E-002
0.792	5.0948553E-002
0.793	5.1134311E-002
0.794	5.0844513E-002
0.795	5.0089180E-002
0.796	4.8895482E-002
0.797	4.7309216E-002
0.798	4.5395803E-002
0.799	4.3241046E-002
0.8	4.0951215E-002
0.801	3.8652405E-002
0.802	3.6489289E-002
0.803	3.4622870E-002
0.804	3.3227433E-002
0.805	3.2486584E-002
0.806	3.2588482E-002
0.807	3.3720162E-002
0.808	3.6061220E-002
0.809	3.9776940E-002
0.81	4.5011196E-002
0.811	5.1879302E-002
0.812	6.0461655E-002
0.813	7.0798099E-002
0.814	8.2884088E-002
0.815	9.6668519E-002
0.816	1.1205385E-001
0.817	1.2889875E-001
0.818	1.4702226E-001
0.819	1.6621082E-001
0.82	1.8622583E-001
0.821	2.0681255E-001
0.822	2.2770916E-001
0.823	2.4865578E-001
0.824	2.6940209E-001
0.825	2.8971443E-001
0.826	3.0938178E-001
0.827	3.2821888E-001
0.828	3.4606928E-001
0.829	3.6280659E-001
0.83	3.7833393E-001
0.831	3.9258289E-001
0.832	4.0551099E-001
0.833	4.1709927E-001
0.834	4.2734876E-001
0.835	4.3627703E-001
0.836	4.4391474E-001
0.837	4.5030251E-001
0.838	4.5548797E-001
0.839	4.5952278E-001
0.84	4.6246123E-001
0.841	4.6435818E-001
0.842	4.6526745E-001
0.843	4.6524161E-001
0.844	4.6433061E-001
0.845	4.6258128E-001
0.846	4.6003744E-001
0.847	4.5673904E-001
0.848	4.5272282E-001
0.849	4.4802165E-001
0.85	4.4266519E-001
0.851	4.3667987E-001
0.852	4.3008938E-001
0.853	4.2291480E-001
0.854	4.1517556E-001
0.855	4.0688926E-001
0.856	3.9807293E-001
0.857	3.8874283E-001
0.858	3.7891480E-001
0.859	3.6860538E-001
0.86	3.5783160E-001
0.861	3.4661192E-001
0.862	3.3496621E-001
0.863	3.2291725E-001
0.864	3.1049010E-001
0.865	2.9771382E-001
0.866	2.8462154E-001
0.867	2.7125052E-001
0.868	2.5764313E-001
0.869	2.4384691E-001
0.87	2.2991447E-001
0.871	2.1590382E-001
0.872	2.0187855E-001
0.873	1.8790767E-001
0.874	1.7406528E-001
0.875	1.6042987E-001
0.876	1.4708333E-001
0.877	1.3410984E-001
0.878	1.2159370E-001
0.879	1.0961742E-001
0.88	9.8259650E-002
0.881	8.7592550E-002
0.882	7.7679910E-002
0.883	6.8575054E-002
0.884	6.0319088E-002
0.885	5.2939709E-002
0.886	4.6450187E-002
0.887	4.0848985E-002
0.888	3.6119618E-002
0.889	3.2231264E-002
0.89	2.9139489E-002
0.891	2.6787709E-002
0.892	2.5108792E-002
0.893	2.4027178E-002
0.894	2.3461107E-002
0.895	2.3325039E-002
0.896	2.3532089E-002
0.897	2.3996402E-002
0.898	2.4635313E-002
0.899	2.5371265E-002
0.9	2.6133442E-002
0.901	2.6858995E-002
0.902	2.7493954E-002
0.903	2.7993765E-002
0.904	2.8323529E-002
0.905	2.8457945E-002
0.906	2.8381001E-002
0.907	2.8085450E-002
0.908	2.7572108E-002
0.909	2.6849071E-002
0.91	2.5930759E-002
0.911	2.4836969E-002
0.912	2.3591835E-002
0.913	2.2222804E-002
0.914	2.0759644E-002
0.915	1.9233448E-002
0.916	1.7675715E-002
0.917	1.6117493E-002
0.918	1.4588586E-002
0.919	1.3116867E-002
0.92	1.1727634E-002
0.921	1.0443079E-002
0.922	9.2818812E-003
0.923	8.2588345E-003
0.924	7.3846532E-003
0.925	6.6658449E-003
0.926	6.1047324E-003
0.927	5.6995666E-003
0.928	5.4447725E-003
0.929	5.3312844E-003
0.93	5.3469683E-003
0.931	5.4771039E-003
0.932	5.7049165E-003
0.933	6.0121398E-003
0.934	6.3795703E-003
0.935	6.7876331E-003
0.936	7.2169052E-003
0.937	7.6486249E-003
0.938	8.0651352E-003
0.939	8.4502911E-003
0.94	8.7897973E-003
0.941	9.0714851E-003
0.942	9.2855217E-003
0.943	9.4245281E-003
0.944	9.4836559E-003
0.945	9.4605992E-003
0.946	9.3554817E-003
0.947	9.1707837E-003
0.948	8.9111021E-003
0.949	8.5829627E-003
0.95	8.1945239E-003
0.951	7.7552819E-003
0.952	7.2757667E-003
0.953	6.7672017E-003
0.954	6.2412014E-003
0.955	5.7094558E-003
0.956	5.1834360E-003
0.957	4.6741217E-003
0.958	4.1917278E-003
0.959	3.7454690E-003
0.96	3.3433479E-003
0.961	2.9919650E-003
0.962	2.6963861E-003
0.963	2.4600455E-003
0.964	2.2847119E-003
0.965	2.1704996E-003
0.966	2.1159258E-003
0.967	2.1180226E-003
0.968	2.1724736E-003
0.969	2.2737859E-003
0.97	2.4154768E-003
0.971	2.5902884E-003
0.972	2.7904017E-003
0.973	3.0076636E-003
0.974	3.2338107E-003
0.975	3.4606927E-003
0.976	3.6804781E-003
0.977	3.8858524E-003
0.978	4.0701833E-003
0.979	4.2276722E-003
0.98	4.3534655E-003
0.981	4.4437558E-003
0.982	4.4958256E-003
0.983	4.5080897E-003
0.984	4.4800988E-003
0.985	4.4125151E-003
0.986	4.3070633E-003
0.987	4.1664639E-003
0.988	3.9943382E-003
0.989	3.7950773E-003
0.99	3.5737087E-003
0.991	3.3357260E-003
0.992	3.0869234E-003
0.993	2.8332141E-003
0.994	2.5804592E-003
0.995	2.3343072E-003
0.996	2.1000504E-003
0.997	1.8825065E-003
0.998	1.6859102E-003
0.999	1.5138387E-003
1	1.3691457E-003
1.001	1.2539150E-003
1.002	1.1694313E-003
1.003	1.1161669E-003
1.004	1.0937852E-003
1.005	1.1011651E-003
1.006	1.1364438E-003
1.007	1.1970870E-003
1.008	1.2799642E-003
1.009	1.3814571E-003
1.01	1.4975636E-003
1.011	1.6240199E-003
1.012	1.7564216E-003
1.013	1.8903464E-003
1.014	2.0214678E-003
1.015	2.1456673E-003
1.016	2.2591369E-003
1.017	2.3584685E-003
1.018	2.4407322E-003
1.019	2.5035399E-003
1.02	2.5450939E-003
1.021	2.5642184E-003
1.022	2.5603741E-003
1.023	2.5336549E-003
1.024	2.4847654E-003
1.025	2.4149904E-003
1.026	2.3261458E-003
1.027	2.2205121E-003
1.028	2.1007659E-003
1.029	1.9699007E-003
1.03	1.8311412E-003
1.031	1.6878473E-003
1.032	1.5434300E-003
1.033	1.4012543E-003
1.034	1.2645544E-003
1.035	1.1363486E-003
1.036	1.0193642E-003
1.037	9.1597589E-004
1.038	8.2814781E-004
1.039	7.5739616E-004
1.04	7.0475863E-004
1.041	6.7078031E-004
1.042	6.5551011E-004
1.043	6.5851054E-004
1.044	6.7887839E-004
1.045	7.1527821E-004
1.046	7.6598627E-004
1.047	8.2894391E-004
1.048	9.0181956E-004
1.049	9.8207814E-004
1.05	1.0670546E-003
1.051	1.1540273E-003
1.052	1.2402935E-003
1.053	1.3232424E-003
1.054	1.4004172E-003
1.055	1.4695775E-003
1.056	1.5287520E-003
1.057	1.5762800E-003
1.058	1.6108495E-003
1.059	1.6315195E-003
1.06	1.6377381E-003
1.061	1.6293462E-003
1.062	1.6065749E-003
1.063	1.5700299E-003
1.064	1.5206680E-003
1.065	1.4597626E-003
1.066	1.3888666E-003
1.067	1.3097613E-003
1.068	1.2244099E-003
1.069	1.1348994E-003
1.07	1.0433856E-003
1.071	9.5203746E-004
1.072	8.6298317E-004
1.073	7.7825424E-004
1.074	6.9973926E-004
1.075	6.2913523E-004
1.076	5.6790782E-004
1.077	5.1725475E-004
1.078	4.7807867E-004
1.079	4.5096644E-004
1.08	4.3617855E-004
1.081	4.3364739E-004
1.082	4.4298486E-004
1.083	4.6349960E-004
1.084	4.9422128E-004
1.085	5.3393183E-004
1.086	5.8120297E-004
1.087	6.3443842E-004
1.088	6.9191656E-004
1.089	7.5183943E-004
1.09	8.1237924E-004
1.091	8.7172765E-004
1.092	9.2814153E-004
1.093	9.7998884E-004
1.094	1.0257884E-003
1.095	1.0642484E-003
1.096	1.0942953E-003
1.097	1.1150995E-003
1.098	1.1260927E-003
1.099	1.1269785E-003
1.1	1.1177330E-003
1.101	1.0986043E-003
1.102	1.0700986E-003
1.103	1.0329618E-003
1.104	9.8815770E-004
1.105	9.3683635E-004
1.106	8.8030135E-004
1.107	8.1997289E-004
1.108	7.5734715E-004
1.109	6.9395587E-004
1.11	6.3132611E-004
1.111	5.7094026E-004
1.112	5.1419751E-004
1.113	4.6238038E-004
1.114	4.1662279E-004
1.115	3.7788370E-004
1.116	3.4692511E-004
1.117	3.2429601E-004
1.118	3.1032064E-004
1.119	3.0509391E-004
1.12	3.0848227E-004
1.121	3.2012974E-004
1.122	3.3947095E-004
1.123	3.6574772E-004
1.124	3.9803260E-004
1.125	4.3525445E-004
1.126	4.7622918E-004
1.127	5.1969301E-004
1.128	5.6433637E-004
1.129	6.0884055E-004
1.13	6.5191207E-004
1.131	6.9231784E-004
1.132	7.2891550E-004
1.133	7.6068391E-004
1.134	7.8674621E-004
1.135	8.0639118E-004
1.136	8.1908872E-004
1.137	8.2449999E-004
1.138	8.2248426E-004
1.139	8.1309816E-004
1.14	7.9659198E-004
1.141	7.7340042E-004
1.142	7.4412778E-004
1.143	7.0953020E-004
1.144	6.7049306E-004
1.145	6.2800484E-004
1.146	5.8313075E-004
1.147	5.3698203E-004
1.148	4.9068854E-004
1.149	4.4536774E-004
1.15	4.0209791E-004
1.151	3.6189071E-004
1.152	3.2566625E-004
1.153	2.9423097E-004
1.154	2.6825719E-004
1.155	2.4826670E-004
1.156	2.3461897E-004
1.157	2.2750277E-004
1.158	2.2693317E-004
1.159	2.3275343E-004
1.16	2.4464089E-004
1.161	2.6211826E-004
1.162	2.8456756E-004
1.163	3.1124882E-004
1.164	3.4132082E-004
1.165	3.7386516E-004
1.166	4.0791126E-004
1.167	4.4246297E-004
1.168	4.7652551E-004
1.169	5.0913222E-004
1.17	5.3936918E-004
1.171	5.6639960E-004
1.172	5.8948365E-004
1.173	6.0799747E-004
1.174	6.2144664E-004
1.175	6.2947697E-004
1.176	6.3188182E-004
1.177	6.2860415E-004
1.178	6.1973493E-004
1.179	6.0550985E-004
1.18	5.8629864E-004
1.181	5.6259526E-004
1.182	5.3500303E-004
1.183	5.0421827E-004
1.184	4.7101264E-004
1.185	4.3621301E-004
1.186	4.0068067E-004
1.187	3.6528928E-004
1.188	3.3090240E-004
1.189	2.9835128E-004
1.19	2.6841188E-004
1.191	2.4178463E-004
1.192	2.1907508E-004
1.193	2.0077793E-004
1.194	1.8726452E-004
1.195	1.7877438E-004
1.196	1.7541084E-004
1.197	1.7714068E-004
1.198	1.8379765E-004
1.199	1.9508960E-004
1.2	2.1060821E-004
1.201	2.2984136E-004
1.202	2.5218789E-004
1.203	2.7697394E-004
1.204	3.0347065E-004
1.205	3.3091390E-004
1.206	3.5852386E-004
1.207	3.8552535E-004
1.208	4.1116812E-004
1.209	4.3474650E-004
1.21	4.5561651E-004
1.211	4.7321239E-004
1.212	4.8706037E-004
1.213	4.9678993E-004
1.214	5.0214172E-004
1.215	5.0297368E-004
1.216	4.9926271E-004
1.217	4.9110461E-004
1.218	4.7871025E-004
1.219	4.6239907E-004
1.22	4.4259054E-004
1.221	4.1979129E-004
1.222	3.9458257E-004
1.223	3.6760341E-004
1.224	3.3953460E-004
1.225	3.1107900E-004
1.226	2.8294351E-004
1.227	2.5582049E-004
1.228	2.3036869E-004
1.229	2.0719657E-004
1.23	1.8684662E-004
1.231	1.6978178E-004
1.232	1.5637450E-004
1.233	1.4689795E-004
1.234	1.4152004E-004
1.235	1.4030086E-004
1.236	1.4319166E-004
1.237	1.5003783E-004
1.238	1.6058386E-004
1.239	1.7448110E-004
1.24	1.9129756E-004
1.241	2.1053008E-004
1.242	2.3161787E-004
1.243	2.5395761E-004
1.244	2.7691908E-004
1.245	2.9986212E-004
1.246	3.2215271E-004
1.247	3.4317956E-004
1.248	3.6237013E-004
1.249	3.7920458E-004
1.25	3.9322968E-004
1.251	4.0406996E-004
1.252	4.1143698E-004
1.253	4.1513602E-004
1.254	4.1507030E-004
1.255	4.1124286E-004
1.256	4.0375526E-004
1.257	3.9280349E-004
1.258	3.7867221E-004
1.259	3.6172569E-004
1.26	3.4239824E-004
1.261	3.2118140E-004
1.262	2.9861141E-004
1.263	2.7525477E-004
1.264	2.5169374E-004
1.265	2.2851214E-004
1.266	2.0627955E-004
1.267	1.8553773E-004
1.268	1.6678653E-004
1.269	1.5047104E-004
1.27	1.3697064E-004
1.271	1.2658890E-004
1.272	1.1954662E-004
1.273	1.1597601E-004
1.274	1.1591783E-004
1.275	1.1932103E-004
1.276	1.2604440E-004
1.277	1.3586105E-004
1.278	1.4846493E-004
1.279	1.6347930E-004
1.28	1.8046756E-004
1.281	1.9894507E-004
1.282	2.1839260E-004
1.283	2.3827021E-004
1.284	2.5803124E-004
1.285	2.7713730E-004
1.286	2.9507131E-004
1.287	3.1135097E-004
1.288	3.2554116E-004
1.289	3.3726366E-004
1.29	3.4620755E-004
1.291	3.5213659E-004
1.292	3.5489368E-004
1.293	3.5440596E-004
1.294	3.5068503E-004
1.295	3.4382709E-004
1.296	3.3400898E-004
1.297	3.2148388E-004
1.298	3.0657410E-004
1.299	2.8966207E-004
1.3	2.7118024E-004
1.301	2.5159927E-004
1.302	2.3141544E-004
1.303	2.1113758E-004
1.304	1.9127356E-004
1.305	1.7231701E-004
1.306	1.5473476E-004
1.307	1.3895486E-004
1.308	1.2535583E-004
1.309	1.1425735E-004
1.31	1.0591242E-004
1.311	1.0050157E-004
1.312	9.8128716E-005
1.313	9.8819051E-005
1.314	1.0251896E-004
1.315	1.0909778E-004
1.316	1.1835173E-004
1.317	1.3000921E-004
1.318	1.4373800E-004
1.319	1.5915418E-004
1.32	1.7583191E-004
1.321	1.9331460E-004
1.322	2.1112685E-004
1.323	2.2878681E-004
1.324	2.4581916E-004
1.325	2.6176719E-004
1.326	2.7620516E-004
1.327	2.8874923E-004
1.328	2.9906680E-004
1.329	3.0688604E-004
1.33	3.1200121E-004
1.331	3.1427835E-004
1.332	3.1365774E-004
1.333	3.1015516E-004
1.334	3.0386090E-004
1.335	2.9493732E-004
1.336	2.8361406E-004
1.337	2.7018215E-004
1.338	2.5498599E-004
1.339	2.3841458E-004
1.34	2.2089103E-004
1.341	2.0286109E-004
1.342	1.8478140E-004
1.343	1.6710759E-004
1.344	1.5028261E-004
1.345	1.3472495E-004
1.346	1.2081890E-004
1.347	1.0890453E-004
1.348	9.9269564E-005
1.349	9.2142669E-005
1.35	8.7687440E-005
1.351	8.5998785E-005
1.352	8.7100540E-005
1.353	9.0944763E-005
1.354	9.7413213E-005
1.355	1.0632013E-004
1.356	1.1741702E-004
1.357	1.3039904E-004
1.358	1.4491320E-004
1.359	1.6056692E-004
1.36	1.7693930E-004
1.361	1.9359148E-004
1.362	2.1007904E-004
1.363	2.2596325E-004
1.364	2.4082320E-004
1.365	2.5426643E-004
1.366	2.6593922E-004
1.367	2.7553612E-004
1.368	2.8280658E-004
1.369	2.8756223E-004
1.37	2.8968041E-004
1.371	2.8910700E-004
1.372	2.8585806E-004
1.373	2.8001756E-004
1.374	2.7173595E-004
1.375	2.6122539E-004
1.376	2.4875408E-004
1.377	2.3463968E-004
1.378	2.1924092E-004
1.379	2.0294900E-004
1.38	1.8617790E-004
1.381	1.6935404E-004
1.382	1.5290572E-004
1.383	1.3725230E-004
1.384	1.2279311E-004
1.385	1.0989718E-004
1.386	9.8893091E-005
1.387	9.0059992E-005
1.388	8.3620085E-005
1.389	7.9732490E-005
1.39	7.8489233E-005
1.391	7.9912737E-005
1.392	8.3955820E-005
1.393	9.0503265E-005
1.394	9.9375480E-005
1.395	1.1033348E-004
1.396	1.2308591E-004
1.397	1.3729667E-004
1.398	1.5259406E-004
1.399	1.6858014E-004
1.4	1.8484112E-004
1.401	2.0095738E-004
1.402	2.1651384E-004
1.403	2.3111016E-004
1.404	2.4437037E-004
1.405	2.5595212E-004
1.406	2.6555528E-004
1.407	2.7292967E-004
1.408	2.7788128E-004
1.409	2.8027815E-004
1.41	2.8005367E-004
1.411	2.7720883E-004
1.412	2.7181266E-004
1.413	2.6400047E-004
1.414	2.5397044E-004
1.415	2.4197926E-004
1.416	2.2833423E-004
1.417	2.1338627E-004
1.418	1.9752049E-004
1.419	1.8114579E-004
1.42	1.6468493E-004
1.421	1.4856319E-004
1.422	1.3319777E-004
1.423	1.1898713E-004
1.424	1.0630072E-004
1.425	9.5469710E-005
1.426	8.6778629E-005
1.427	8.0457976E-005
1.428	7.6678392E-005
1.429	7.5545948E-005
1.43	7.7099554E-005
1.431	8.1309525E-005
1.432	8.8078195E-005
1.433	9.7242111E-005
1.434	1.0857597E-004
1.435	1.2179801E-004
1.436	1.3657704E-004
1.437	1.5254066E-004
1.438	1.6928480E-004
1.439	1.8638375E-004
1.44	2.0340145E-004
1.441	2.1990247E-004
1.442	2.3546373E-004
1.443	2.4968514E-004
1.444	2.6220063E-004
1.445	2.7268703E-004
1.446	2.8087289E-004
1.447	2.8654517E-004
1.448	2.8955480E-004
1.449	2.8982075E-004
1.45	2.8733155E-004
1.451	2.8214665E-004
1.452	2.7439508E-004
1.453	2.6427198E-004
1.454	2.5203553E-004
1.455	2.3799928E-004
1.456	2.2252633E-004
1.457	2.0601909E-004
1.458	1.8890994E-004
1.459	1.7165007E-004
1.46	1.5469766E-004
1.461	1.3850621E-004
1.462	1.2351239E-004
1.463	1.1012481E-004
1.464	9.8713113E-005
1.465	8.9598288E-005
1.466	8.3044259E-005
1.467	7.9250822E-005
1.468	7.8348377E-005
1.469	8.0394464E-005
1.47	8.5371888E-005
1.471	9.3189083E-005
1.472	1.0368212E-004
1.473	1.1661843E-004
1.474	1.3170237E-004
1.475	1.4858201E-004
1.476	1.6685775E-004
1.477	1.8609138E-004
1.478	2.0581677E-004
1.479	2.2555140E-004
1.48	2.4480771E-004
1.481	2.6310605E-004
1.482	2.7998642E-004
1.483	2.9502102E-004
1.484	3.0782548E-004
1.485	3.1806942E-004
1.486	3.2548577E-004
1.487	3.2987809E-004
1.488	3.3112639E-004
1.489	3.2919136E-004
1.49	3.2411554E-004
1.491	3.1602310E-004
1.492	3.0511749E-004
1.493	2.9167687E-004
1.494	2.7604724E-004
1.495	2.5863541E-004
1.496	2.3989831E-004
1.497	2.2033310E-004
1.498	2.0046541E-004
1.499	1.8083675E-004
1.5	1.6199127E-004
1.501	1.4446246E-004
1.502	1.2875923E-004
1.503	1.1535268E-004
1.504	1.0466340E-004
1.505	9.7049451E-005
1.506	9.2796326E-005
1.507	9.2108443E-005
1.508	9.5102841E-005
1.509	1.0180520E-004
1.51	1.1214805E-004
1.511	1.2597156E-004
1.512	1.4302634E-004
1.513	1.6297823E-004
1.514	1.8541579E-004
1.515	2.0985839E-004
1.516	2.3576744E-004
1.517	2.6255858E-004
1.518	2.8961437E-004
1.519	3.1630063E-004
1.52	3.4198086E-004
1.521	3.6603247E-004
1.522	3.8786366E-004
1.523	4.0692906E-004
1.524	4.2274388E-004
1.525	4.3489877E-004
1.526	4.4307116E-004
1.527	4.4703542E-004
1.528	4.4667034E-004
1.529	4.4196504E-004
1.53	4.3302105E-004
1.531	4.2005259E-004
1.532	4.0338372E-004
1.533	3.8344323E-004
1.534	3.6075621E-004
1.535	3.3593451E-004
1.536	3.0966365E-004
1.537	2.8268737E-004
1.538	2.5579214E-004
1.539	2.2978758E-004
1.54	2.0548797E-004
1.541	1.8369136E-004
1.542	1.6515958E-004
1.543	1.5059816E-004
1.544	1.4063746E-004
1.545	1.3581476E-004
1.546	1.3655896E-004
1.547	1.4317723E-004
1.548	1.5584436E-004
1.549	1.7459580E-004
1.55	1.9932272E-004
1.551	2.2977166E-004
1.552	2.6554562E-004
1.553	3.0610958E-004
1.554	3.5079720E-004
1.555	3.9882184E-004
1.556	4.4928919E-004
1.557	5.0121412E-004
1.558	5.5353978E-004
1.559	6.0516049E-004
1.56	6.5494626E-004
1.561	7.0177048E-004
1.562	7.4453861E-004
1.563	7.8221672E-004
1.564	8.1386144E-004
1.565	8.3864550E-004
1.566	8.5588678E-004
1.567	8.6507073E-004
1.568	8.6587213E-004
1.569	8.5817598E-004
1.57	8.4209273E-004
1.571	8.1797090E-004
1.572	7.8640605E-004
1.573	7.4824376E-004
1.574	7.0457731E-004
1.575	6.5674027E-004
1.576	6.0629257E-004
1.577	5.5500033E-004
1.578	5.0481263E-004
1.579	4.5783189E-004
1.58	4.1628306E-004
1.581	3.8247893E-004
1.582	3.5878460E-004
1.583	3.4758027E-004
1.584	3.5122407E-004
1.585	3.7201375E-004
1.586	4.1214933E-004
1.587	4.7369525E-004
1.588	5.5854290E-004
1.589	6.6837424E-004
1.59	8.0462586E-004
1.591	9.6845400E-004
1.592	1.1607027E-003
1.593	1.3818728E-003
1.594	1.6321015E-003
1.595	1.9111380E-003
1.596	2.2183345E-003
1.597	2.5526388E-003
1.598	2.9125977E-003
1.599	3.2963641E-003
1.6	3.7017143E-003
1.601	4.1260691E-003
1.602	4.5665246E-003
1.603	5.0198915E-003
1.604	5.4827216E-003
1.605	5.9513650E-003
1.606	6.4220149E-003
1.607	6.8907421E-003
1.608	7.3535591E-003
1.609	7.8064585E-003
1.61	8.2454588E-003
1.611	8.6666634E-003
1.612	9.0662967E-003
1.613	9.4407452E-003
1.614	9.7866254E-003
1.615	1.0100788E-002
1.616	1.0380402E-002
1.617	1.0622941E-002
1.618	1.0826257E-002
1.619	1.0988578E-002
1.62	1.1108531E-002
1.621	1.1185160E-002
1.622	1.1217921E-002
1.623	1.1206713E-002
1.624	1.1151841E-002
1.625	1.1054034E-002
1.626	1.0914422E-002
1.627	1.0734528E-002
1.628	1.0516245E-002
1.629	1.0261813E-002
1.63	9.9737868E-003
1.631	9.6550062E-003
1.632	9.3085328E-003
1.633	8.9376420E-003
1.634	8.5457452E-003
1.635	8.1363404E-003
1.636	7.7129859E-003
1.637	7.2792391E-003
1.638	6.8386192E-003
1.639	6.3945758E-003
1.64	5.9504579E-003
1.641	5.5094808E-003
1.642	5.0747162E-003
1.643	4.6490449E-003
1.644	4.2351438E-003
1.645	3.8354634E-003
1.646	3.4521909E-003
1.647	3.0872398E-003
1.648	2.7422314E-003
1.649	2.4184852E-003
1.65	2.1170145E-003
1.651	1.8385305E-003
1.652	1.5834519E-003
1.653	1.3519126E-003
1.654	1.1437790E-003
1.655	9.5866452E-004
1.656	7.9594983E-004
1.657	6.5480184E-004
1.658	5.3419964E-004
1.659	4.3295714E-004
1.66	3.4975269E-004
1.661	2.8315626E-004
1.662	2.3165956E-004
1.663	1.9370260E-004
1.664	1.6770138E-004
1.665	1.5207227E-004
1.666	1.4525517E-004
1.667	1.4573414E-004
1.668	1.5205613E-004
1.669	1.6284785E-004
1.67	1.7682959E-004
1.671	1.9282776E-004
1.672	2.0978408E-004
1.673	2.2676250E-004
1.674	2.4295357E-004
1.675	2.5767609E-004
1.676	2.7037624E-004
1.677	2.8062519E-004
1.678	2.8811416E-004
1.679	2.9264769E-004
1.68	2.9413641E-004
1.681	2.9258744E-004
1.682	2.8809471E-004
1.683	2.8082746E-004
1.684	2.7101953E-004
1.685	2.5895706E-004
1.686	2.4496700E-004
1.687	2.2940549E-004
1.688	2.1264632E-004
1.689	1.9507052E-004
1.69	1.7705628E-004
1.691	1.5896973E-004
1.692	1.4115684E-004
1.693	1.2393625E-004
1.694	1.0759323E-004
1.695	9.2375376E-005
1.696	7.8488789E-005
1.697	6.6095985E-005
1.698	5.5315082E-005
1.699	4.6219859E-005
1.7	3.8841015E-005
1.701	3.3168362E-005
1.702	2.9153729E-005
1.703	2.6714655E-005
1.704	2.5738544E-005
1.705	2.6087257E-005
1.706	2.7601989E-005
1.707	3.0108242E-005
1.708	3.3420914E-005
1.709	3.7349237E-005
1.71	4.1701547E-005
1.711	4.6289832E-005
1.712	5.0933904E-005
1.713	5.5465160E-005
1.714	5.9729926E-005
1.715	6.3592117E-005
1.716	6.6935674E-005
1.717	6.9665912E-005
1.718	7.1710841E-005
1.719	7.3021220E-005
1.72	7.3570685E-005
1.721	7.3354844E-005
1.722	7.2389957E-005
1.723	7.0711430E-005
1.724	6.8371555E-005
1.725	6.5437343E-005
1.726	6.1987761E-005
1.727	5.8111214E-005
1.728	5.3902768E-005
1.729	4.9461385E-005
1.73	4.4887300E-005
1.731	4.0279552E-005
1.732	3.5733567E-005
1.733	3.1339139E-005
1.734	2.7178454E-005
1.735	2.3324554E-005
1.736	1.9839987E-005
1.737	1.6775817E-005
1.738	1.4170966E-005
1.739	1.2051761E-005
1.74	1.0431896E-005
1.741	9.3126137E-006
1.742	8.6832069E-006
1.743	8.5217571E-006
1.744	8.7961125E-006
1.745	9.4651068E-006
1.746	1.0479925E-005
1.747	1.1785626E-005
1.748	1.3322769E-005
1.749	1.5029056E-005
1.75	1.6841041E-005
1.751	1.8695711E-005
1.752	2.0532123E-005
1.753	2.2292759E-005
1.754	2.3924851E-005
1.755	2.5381512E-005
1.756	2.6622600E-005
1.757	2.7615446E-005
1.758	2.8335329E-005
1.759	2.8765726E-005
1.76	2.8898359E-005
1.761	2.8733033E-005
1.762	2.8277273E-005
1.763	2.7545799E-005
1.764	2.6559854E-005
1.765	2.5346344E-005
1.766	2.3937013E-005
1.767	2.2367396E-005
1.768	2.0675774E-005
1.769	1.8902188E-005
1.77	1.7087345E-005
1.771	1.5271602E-005
1.772	1.3494064E-005
1.773	1.1791641E-005
1.774	1.0198261E-005
1.775	8.7441567E-006
1.776	7.4552777E-006
1.777	6.3527546E-006
1.778	5.4525631E-006
1.779	4.7652579E-006
1.78	4.2958727E-006
1.781	4.0439522E-006
1.782	4.0037153E-006
1.783	4.1643684E-006
1.784	4.5105307E-006
1.785	5.0227782E-006
1.786	5.6782628E-006
1.787	6.4514193E-006
1.788	7.3146912E-006
1.789	8.2392835E-006
1.79	9.1959209E-006
1.791	1.0155573E-005
1.792	1.1090138E-005
1.793	1.1973107E-005
1.794	1.2780132E-005
1.795	1.3489566E-005
1.796	1.4082887E-005
1.797	1.4545067E-005
1.798	1.4864866E-005
1.799	1.5034962E-005
1.8	1.5052047E-005
1.801	1.4916809E-005
1.802	1.4633767E-005
1.803	1.4211093E-005
1.804	1.3660270E-005
1.805	1.2995743E-005
1.806	1.2234453E-005
1.807	1.1395365E-005
1.808	1.0498930E-005
1.809	9.5665409E-006
1.81	8.6199725E-006
1.811	7.6808419E-006
1.812	6.7700817E-006
1.813	5.9074305E-006
1.814	5.1110051E-006
1.815	4.3968826E-006
1.816	3.7787727E-006
1.817	3.2677328E-006
1.818	2.8719696E-006
1.819	2.5966981E-006
1.82	2.4440883E-006
1.821	2.4132785E-006
1.822	2.5004631E-006
1.823	2.6990510E-006
1.824	2.9998896E-006
1.825	3.3915426E-006
1.826	3.8606158E-006
1.827	4.3921264E-006
1.828	4.9699051E-006
1.829	5.5770010E-006
1.83	6.1961241E-006
1.831	6.8100690E-006
1.832	7.4021382E-006
1.833	7.9565398E-006
1.834	8.4587682E-006
1.835	8.8959305E-006
1.836	9.2570417E-006
1.837	9.5332434E-006
1.838	9.7179791E-006
1.839	9.8070986E-006
1.84	9.7989032E-006
1.841	9.6941267E-006
1.842	9.4958523E-006
1.843	9.2094051E-006
1.844	8.8421803E-006
1.845	8.4034291E-006
1.846	7.9040165E-006
1.847	7.3561491E-006
1.848	6.7730662E-006
1.849	6.1687074E-006
1.85	5.5573714E-006
1.851	4.9533469E-006
1.852	4.3705750E-006
1.853	3.8222779E-006
1.854	3.3206568E-006
1.855	2.8765837E-006
1.856	2.4993583E-006
1.857	2.1964956E-006
1.858	1.9735712E-006
1.859	1.8341185E-006
1.86	1.7795776E-006
1.861	1.8092957E-006
1.862	1.9205784E-006
1.863	2.1087903E-006
1.864	2.3674934E-006
1.865	2.6886305E-006
1.866	3.0627366E-006
1.867	3.4791831E-006
1.868	3.9264473E-006
1.869	4.3923951E-006
1.87	4.8645870E-006
1.871	5.3305821E-006
1.872	5.7782381E-006
1.873	6.1960122E-006
1.874	6.5732474E-006
1.875	6.9004195E-006
1.876	7.1693603E-006
1.877	7.3734491E-006
1.878	7.5077542E-006
1.879	7.5691269E-006
1.88	7.5562671E-006
1.881	7.4697246E-006
1.882	7.3118586E-006
1.883	7.0867691E-006
1.884	6.8001759E-006
1.885	6.4592600E-006
1.886	6.0724815E-006
1.887	5.6493568E-006
1.888	5.2002215E-006
1.889	4.7359722E-006
1.89	4.2677848E-006
1.891	3.8068476E-006
1.892	3.3640808E-006
1.893	2.9498706E-006
1.894	2.5738213E-006
1.895	2.2445254E-006
1.896	1.9693612E-006
1.897	1.7543260E-006
1.898	1.6038996E-006
1.899	1.5209478E-006
1.9	1.5066641E-006
1.901	1.5605530E-006
1.902	1.6804531E-006
1.903	1.8626019E-006
1.904	2.1017370E-006
1.905	2.3912355E-006
1.906	2.7232857E-006
1.907	3.0890824E-006
1.908	3.4790564E-006
1.909	3.8831022E-006
1.91	4.2908414E-006
1.911	4.6918667E-006
1.912	5.0760018E-006
1.913	5.4335474E-006
1.914	5.7555208E-006
1.915	6.0338652E-006
1.916	6.2616637E-006
1.917	6.4332730E-006
1.918	6.5444842E-006
1.919	6.5926120E-006
1.92	6.5765448E-006
1.921	6.4967785E-006
1.922	6.3553748E-006
1.923	6.1559203E-006
1.924	5.9034151E-006
1.925	5.6041536E-006
1.926	5.2655432E-006
1.927	4.8959382E-006
1.928	4.5044203E-006
1.929	4.1005737E-006
1.93	3.6942536E-006
1.931	3.2953433E-006
1.932	2.9135142E-006
1.933	2.5579909E-006
1.934	2.2373181E-006
1.935	1.9591573E-006
1.936	1.7301022E-006
1.937	1.5555157E-006
1.938	1.4394086E-006
1.939	1.3843463E-006
1.94	1.3913916E-006
1.941	1.4600838E-006
1.942	1.5884546E-006
1.943	1.7730736E-006
1.944	2.0091320E-006
1.945	2.2905622E-006
1.946	2.6101804E-006
1.947	2.9598691E-006
1.948	3.3307781E-006
1.949	3.7135467E-006
1.95	4.0985387E-006
1.951	4.4760891E-006
1.952	4.8367424E-006
1.953	5.1714906E-006
1.954	5.4719985E-006
1.955	5.7308098E-006
1.956	5.9415229E-006
1.957	6.0989537E-006
1.958	6.1992505E-006
1.959	6.2399895E-006
1.96	6.2202284E-006
1.961	6.1405167E-006
1.962	6.0028819E-006
1.963	5.8107762E-006
1.964	5.5689784E-006
1.965	5.2834812E-006
1.966	4.9613332E-006
1.967	4.6104751E-006
1.968	4.2395413E-006
1.969	3.8576550E-006
1.97	3.4742036E-006
1.971	3.0986282E-006
1.972	2.7401863E-006
1.973	2.4077319E-006
1.974	2.1095007E-006
1.975	1.8529033E-006
1.976	1.6443386E-006
1.977	1.4890251E-006
1.978	1.3908647E-006
1.979	1.3523386E-006
1.98	1.3744376E-006
1.981	1.4566377E-006
1.982	1.5969154E-006
1.983	1.7917984E-006
1.984	2.0364625E-006
1.985	2.3248524E-006
1.986	2.6498374E-006
1.987	3.0033866E-006
1.988	3.3767660E-006
1.989	3.7607508E-006
1.99	4.1458475E-006
1.991	4.5225224E-006
1.992	4.8814404E-006
1.993	5.2136916E-006
1.994	5.5110140E-006
1.995	5.7660013E-006
1.996	5.9722934E-006
1.997	6.1247324E-006
1.998	6.2194940E-006
1.999	6.2541881E-006
2	6.2279141E-006
2.001	6.1412943E-006
2.002	5.9964505E-006
2.003	5.7969578E-006
2.004	5.5477562E-006
2.005	5.2550372E-006
2.006	4.9260875E-006
2.007	4.5691131E-006
2.008	4.1930371E-006
2.009	3.8072774E-006
2.01	3.4215125E-006
2.011	3.0454373E-006
2.012	2.6885202E-006
2.013	2.3597697E-006
2.014	2.0675043E-006
2.015	1.8191510E-006
2.016	1.6210618E-006
2.017	1.4783615E-006
2.018	1.3948213E-006
2.019	1.3727694E-006
2.02	1.4130296E-006
2.021	1.5149001E-006
2.022	1.6761614E-006
2.023	1.8931246E-006
2.024	2.1607111E-006
2.025	2.4725684E-006
2.026	2.8212221E-006
2.027	3.1982497E-006
2.028	3.5944934E-006
2.029	4.0002824E-006
2.03	4.4056783E-006
2.031	4.8007205E-006
2.032	5.1756811E-006
2.033	5.5213027E-006
2.034	5.8290334E-006
2.035	6.0912362E-006
2.036	6.3013754E-006
2.037	6.4541837E-006
2.038	6.5457994E-006
2.039	6.5738545E-006
2.04	6.5375598E-006
2.041	6.4377241E-006
2.042	6.2767467E-006
2.043	6.0585680E-006
2.044	5.7885845E-006
2.045	5.4735187E-006
2.046	5.1212633E-006
2.047	4.7406802E-006
2.048	4.3413843E-006
2.049	3.9335046E-006
2.05	3.5274286E-006
2.051	3.1335417E-006
2.052	2.7619642E-006
2.053	2.4223029E-006
2.054	2.1234021E-006
2.055	1.8731291E-006
2.056	1.6781735E-006
2.057	1.5438799E-006
2.058	1.4741117E-006
2.059	1.4711510E-006
2.06	1.5356369E-006
2.061	1.6665381E-006
2.062	1.8611721E-006
2.063	2.1152587E-006
2.064	2.4230169E-006
2.065	2.7772976E-006
2.066	3.1697537E-006
2.067	3.5910434E-006
2.068	4.0310583E-006
2.069	4.4791732E-006
2.07	4.9245091E-006
2.071	5.3562030E-006
2.072	5.7636807E-006
2.073	6.1369087E-006
2.074	6.4666624E-006
2.075	6.7447399E-006
2.076	6.9641815E-006
2.077	7.1194477E-006
2.078	7.2065686E-006
2.079	7.2232556E-006
2.08	7.1689697E-006
2.081	7.0449451E-006
2.082	6.8541794E-006
2.083	6.6013645E-006
2.084	6.2927775E-006
2.085	5.9361391E-006
2.086	5.5404194E-006
2.087	5.1156258E-006
2.088	4.6725518E-006
2.089	4.2225147E-006
2.09	3.7770756E-006
2.091	3.3477484E-006
2.092	2.9457203E-006
2.093	2.5815759E-006
2.094	2.2650302E-006
2.095	2.0046880E-006
2.096	1.8078322E-006
2.097	1.6802301E-006
2.098	1.6259852E-006
2.099	1.6474187E-006
2.1	1.7449958E-006
2.101	1.9172949E-006
2.102	2.1610215E-006
2.103	2.4710685E-006
2.104	2.8406282E-006
2.105	3.2613477E-006
2.106	3.7235243E-006
2.107	4.2163429E-006
2.108	4.7281424E-006
2.109	5.2467049E-006
2.11	5.7595526E-006
2.111	6.2542672E-006
2.112	6.7187921E-006
2.113	7.1417276E-006
2.114	7.5126272E-006
2.115	7.8222620E-006
2.116	8.0628515E-006
2.117	8.2282777E-006
2.118	8.3142568E-006
2.119	8.3184605E-006
2.12	8.2405859E-006
2.121	8.0824002E-006
2.122	7.8476914E-006
2.123	7.5422081E-006
2.124	7.1735390E-006
2.125	6.7509327E-006
2.126	6.2850859E-006
2.127	5.7878897E-006
2.128	5.2721516E-006
2.129	4.7512754E-006
2.13	4.2389192E-006
2.131	3.7486705E-006
2.132	3.2936907E-006
2.133	2.8863847E-006
2.134	2.5380928E-006
2.135	2.2587947E-006
2.136	2.0568539E-006
2.137	1.9387981E-006
2.138	1.9091319E-006
2.139	1.9702022E-006
2.14	2.1221097E-006
2.141	2.3626758E-006
2.142	2.6874679E-006
2.143	3.0898868E-006
2.144	3.5613052E-006
2.145	4.0912682E-006
2.146	4.6677469E-006
2.147	5.2774171E-006
2.148	5.9060094E-006
2.149	6.5386412E-006
2.15	7.1602080E-006
2.151	7.7557497E-006
2.152	8.3108407E-006
2.153	8.8119441E-006
2.154	9.2467635E-006
2.155	9.6045542E-006
2.156	9.8764031E-006
2.157	1.0055449E-005
2.158	1.0137080E-005
2.159	1.0119044E-005
2.16	1.0001540E-005
2.161	9.7872171E-006
2.162	9.4811503E-006
2.163	9.0907424E-006
2.164	8.6255650E-006
2.165	8.0971813E-006
2.166	7.5188868E-006
2.167	6.9054249E-006
2.168	6.2726422E-006
2.169	5.6371355E-006
2.17	5.0158410E-006
2.171	4.4256058E-006
2.172	3.8827707E-006
2.173	3.4027291E-006
2.174	2.9995133E-006
2.175	2.6854159E-006
2.176	2.4706469E-006
2.177	2.3630466E-006
2.178	2.3678663E-006
2.179	2.4875999E-006
2.18	2.7218994E-006
2.181	3.0675478E-006
2.182	3.5185039E-006
2.183	4.0660179E-006
2.184	4.6988084E-006
2.185	5.4033089E-006
2.186	6.1639721E-006
2.187	6.9636358E-006
2.188	7.7839259E-006
2.189	8.6057044E-006
2.19	9.4095512E-006
2.191	1.0176223E-005
2.192	1.0887170E-005
2.193	1.1524993E-005
2.194	1.2073893E-005
2.195	1.2520095E-005
2.196	1.2852212E-005
2.197	1.3061588E-005
2.198	1.3142519E-005
2.199	1.3092474E-005
2.2	1.2912198E-005
2.201	1.2605739E-005
2.202	1.2180417E-005
2.203	1.1646665E-005
2.204	1.1017852E-005
2.205	1.0309961E-005
2.206	9.5412515E-006
2.207	8.7318231E-006
2.208	7.9031543E-006
2.209	7.0775582E-006
2.21	6.2776671E-006
2.211	5.5258483E-006
2.212	4.8436441E-006
2.213	4.2512224E-006
2.214	3.7668528E-006
2.215	3.4064210E-006
2.216	3.1830070E-006
2.217	3.1065117E-006
2.218	3.1833677E-006
2.219	3.4163265E-006
2.22	3.8043238E-006
2.221	4.3424484E-006
2.222	5.0219878E-006
2.223	5.8305804E-006
2.224	6.7524393E-006
2.225	7.7686827E-006
2.226	8.8577372E-006
2.227	9.9958161E-006
2.228	1.1157464E-005
2.229	1.2316162E-005
2.23	1.3444973E-005
2.231	1.4517210E-005
2.232	1.5507107E-005
2.233	1.6390493E-005
2.234	1.7145452E-005
2.235	1.7752880E-005
2.236	1.8197057E-005
2.237	1.8466097E-005
2.238	1.8552342E-005
2.239	1.8452611E-005
2.24	1.8168426E-005
2.241	1.7706010E-005
2.242	1.7076321E-005
2.243	1.6294784E-005
2.244	1.5381067E-005
2.245	1.4358663E-005
2.246	1.3254343E-005
2.247	1.2097609E-005
2.248	1.0919957E-005
2.249	9.7541706E-006
2.25	8.6334985E-006
2.251	7.5908524E-006
2.252	6.6579714E-006
2.253	5.8646037E-006
2.254	5.2377331E-006
2.255	4.8008296E-006
2.256	4.5731954E-006
2.257	4.5693787E-006
2.258	4.7987028E-006
2.259	5.2649184E-006
2.26	5.9659774E-006
2.261	6.8939453E-006
2.262	8.0350783E-006
2.263	9.3700264E-006
2.264	1.0874174E-005
2.265	1.2518147E-005
2.266	1.4268418E-005
2.267	1.6088043E-005
2.268	1.7937491E-005
2.269	1.9775594E-005
2.27	2.1560503E-005
2.271	2.3250735E-005
2.272	2.4806228E-005
2.273	2.6189364E-005
2.274	2.7365979E-005
2.275	2.8306295E-005
2.276	2.8985778E-005
2.277	2.9385872E-005
2.278	2.9494622E-005
2.279	2.9307152E-005
2.28	2.8825996E-005
2.281	2.8061257E-005
2.282	2.7030595E-005
2.283	2.5759013E-005
2.284	2.4278510E-005
2.285	2.2627471E-005
2.286	2.0849940E-005
2.287	1.8994697E-005
2.288	1.7114173E-005
2.289	1.5263216E-005
2.29	1.3497842E-005
2.291	1.1873793E-005
2.292	1.0445195E-005
2.293	9.2631280E-006
2.294	8.3742789E-006
2.295	7.8196554E-006
2.296	7.6333790E-006
2.297	7.8416524E-006
2.298	8.4618541E-006
2.299	9.5018140E-006
2.3	1.0959327E-005
2.301	1.2821857E-005
2.302	1.5066505E-005
2.303	1.7660223E-005
2.304	2.0560297E-005
2.305	2.3715042E-005
2.306	2.7064820E-005
2.307	3.0543226E-005
2.308	3.4078519E-005
2.309	3.7595244E-005
2.31	4.1015948E-005
2.311	4.4263124E-005
2.312	4.7261059E-005
2.313	4.9937880E-005
2.314	5.2227384E-005
2.315	5.4070977E-005
2.316	5.5419394E-005
2.317	5.6234338E-005
2.318	5.6489767E-005
2.319	5.6173252E-005
2.32	5.5286764E-005
2.321	5.3847300E-005
2.322	5.1887237E-005
2.323	4.9454178E-005
2.324	4.6610508E-005
2.325	4.3432461E-005
2.326	4.0008814E-005
2.327	3.6439254E-005
2.328	3.2832242E-005
2.329	2.9302881E-005
2.33	2.5970317E-005
2.331	2.2955137E-005
2.332	2.0376605E-005
2.333	1.8349907E-005
2.334	1.6983251E-005
2.335	1.6375074E-005
2.336	1.6611195E-005
2.337	1.7762150E-005
2.338	1.9880612E-005
2.339	2.2999180E-005
2.34	2.7128437E-005
2.341	3.2255513E-005
2.342	3.8343089E-005
2.343	4.5329140E-005
2.344	5.3127053E-005
2.345	6.1626546E-005
2.346	7.0695161E-005
2.347	8.0180296E-005
2.348	8.9911824E-005
2.349	9.9705445E-005
2.35	1.0936621E-004
2.351	1.1869278E-004
2.352	1.2748186E-004
2.353	1.3553297E-004
2.354	1.4265373E-004
2.355	1.4866491E-004
2.356	1.5340584E-004
2.357	1.5673957E-004
2.358	1.5855834E-004
2.359	1.5878865E-004
2.36	1.5739557E-004
2.361	1.5438750E-004
2.362	1.4981933E-004
2.363	1.4379567E-004
2.364	1.3647253E-004
2.365	1.2805866E-004
2.366	1.1881565E-004
2.367	1.0905688E-004
2.368	9.9145873E-005
2.369	8.9493609E-005
2.37	8.0554870E-005
2.371	7.2823837E-005
2.372	6.6828667E-005
2.373	6.3125459E-005
2.374	6.2291125E-005
2.375	6.4915563E-005
2.376	7.1593218E-005
2.377	8.2913910E-005
2.378	9.9453158E-005
2.379	1.2176237E-004
2.38	1.5035862E-004
2.381	1.8571466E-004
2.382	2.2824900E-004
2.383	2.7831693E-004
2.384	3.3620122E-004
2.385	4.0210516E-004
2.386	4.7614513E-004
2.387	5.5834564E-004
2.388	6.4863445E-004
2.389	7.4683956E-004
2.39	8.5268647E-004
2.391	9.6579769E-004
2.392	1.0856919E-003
2.393	1.2117854E-003
2.394	1.3433949E-003
2.395	1.4797419E-003
2.396	1.6199591E-003
2.397	1.7630985E-003
2.398	1.9081420E-003
2.399	2.0540133E-003
2.4	2.1995907E-003
2.401	2.3437215E-003
2.402	2.4852371E-003
2.403	2.6229629E-003
2.404	2.7557339E-003
2.405	2.8824080E-003
2.406	3.0018780E-003
2.407	3.1130810E-003
2.408	3.2150163E-003
2.409	3.3067546E-003
2.41	3.3874470E-003
2.411	3.4563432E-003
2.412	3.5127932E-003
2.413	3.5562664E-003
2.414	3.5863528E-003
2.415	3.6027695E-003
2.416	3.6053676E-003
2.417	3.5941300E-003
2.418	3.5691755E-003
2.419	3.5307521E-003
2.42	3.4792346E-003
2.421	3.4151145E-003
2.422	3.3390005E-003
2.423	3.2516010E-003
2.424	3.1537188E-003
2.425	3.0462416E-003
2.426	2.9301310E-003
2.427	2.8064123E-003
2.428	2.6761638E-003
2.429	2.5405036E-003
2.43	2.4005787E-003
2.431	2.2575546E-003
2.432	2.1125951E-003
2.433	1.9668583E-003
2.434	1.8214717E-003
2.435	1.6775276E-003
2.436	1.5360656E-003
2.437	1.3980627E-003
2.438	1.2644203E-003
2.439	1.1359546E-003
2.44	1.0133903E-003
2.441	8.9735421E-004
2.442	7.8837120E-004
2.443	6.8686396E-004
2.444	5.9315201E-004
2.445	5.0745322E-004
2.446	4.2988607E-004
2.447	3.6047277E-004
2.448	2.9914247E-004
2.449	2.4573554E-004
2.45	2.0000989E-004
2.451	1.6164665E-004
2.452	1.3025824E-004
2.453	1.0539730E-004
2.454	8.6565546E-005
2.455	7.3224423E-005
2.456	6.4804946E-005
2.457	6.0718292E-005
2.458	6.0365579E-005
2.459	6.3147701E-005
2.46	6.8474452E-005
2.461	7.5773009E-005
2.462	8.4495739E-005
2.463	9.4127281E-005
2.464	1.0419048E-004
2.465	1.1425162E-004
2.466	1.2392444E-004
2.467	1.3287310E-004
2.468	1.4081410E-004
2.469	1.4751706E-004
2.47	1.5280485E-004
2.471	1.5655236E-004
2.472	1.5868431E-004
2.473	1.5917324E-004
2.474	1.5803592E-004
2.475	1.5532943E-004
2.476	1.5114735E-004
2.477	1.4561492E-004
2.478	1.3888393E-004
2.479	1.3112788E-004
2.48	1.2253650E-004
2.481	1.1331014E-004
2.482	1.0365478E-004
2.483	9.3776500E-005
2.484	8.3876701E-005
2.485	7.4147698E-005
2.486	6.4768450E-005
2.487	5.5901441E-005
2.488	4.7689671E-005
2.489	4.0254454E-005
2.49	3.3693832E-005
2.491	2.8081673E-005
2.492	2.3467084E-005
2.493	1.9874600E-005
2.494	1.7304765E-005
2.495	1.5735253E-005
2.496	1.5122375E-005
2.497	1.5403044E-005
2.498	1.6497081E-005
2.499	1.8309827E-005
2.5	2.0734960E-005
2.501	2.3657502E-005
2.502	2.6956848E-005
2.503	3.0509867E-005
2.504	3.4193865E-005
2.505	3.7889404E-005
2.506	4.1482956E-005
2.507	4.4869284E-005
2.508	4.7953465E-005
2.509	5.0652674E-005
2.51	5.2897525E-005
2.511	5.4633118E-005
2.512	5.5819626E-005
2.513	5.6432633E-005
2.514	5.6462974E-005
2.515	5.5916331E-005
2.516	5.4812448E-005
2.517	5.3184103E-005
2.518	5.1075825E-005
2.519	4.8542322E-005
2.52	4.5646917E-005
2.521	4.2459666E-005
2.522	3.9055518E-005
2.523	3.5512421E-005
2.524	3.1909374E-005
2.525	2.8324486E-005
2.526	2.4833176E-005
2.527	2.1506345E-005
2.528	1.8408793E-005
2.529	1.5597800E-005
2.53	1.3121955E-005
2.531	1.1020215E-005
2.532	9.3213066E-006
2.533	8.0433883E-006
2.534	7.1939935E-006
2.535	6.7702344E-006
2.536	6.7592387E-006
2.537	7.1388095E-006
2.538	7.8782514E-006
2.539	8.9393707E-006
2.54	1.0277597E-005
2.541	1.1843245E-005
2.542	1.3582830E-005
2.543	1.5440470E-005
2.544	1.7359276E-005
2.545	1.9282776E-005
2.546	2.1156229E-005
2.547	2.2927927E-005
2.548	2.4550336E-005
2.549	2.5981106E-005
2.55	2.7183938E-005
2.551	2.8129287E-005
2.552	2.8794853E-005
2.553	2.9165931E-005
2.554	2.9235516E-005
2.555	2.9004281E-005
2.556	2.8480286E-005
2.557	2.7678623E-005
2.558	2.6620857E-005
2.559	2.5334257E-005
2.56	2.3851051E-005
2.561	2.2207512E-005
2.562	2.0442982E-005
2.563	1.8598848E-005
2.564	1.6717579E-005
2.565	1.4841587E-005
2.566	1.3012267E-005
2.567	1.1268982E-005
2.568	9.6481399E-006
2.569	8.1823564E-006
2.57	6.8997242E-006
2.571	5.8232176E-006
2.572	4.9702476E-006
2.573	4.3523878E-006
2.574	3.9752094E-006
2.575	3.8383191E-006
2.576	3.9355041E-006
2.577	4.2550269E-006
2.578	4.7800363E-006
2.579	5.4891052E-006
2.58	6.3568491E-006
2.581	7.3546407E-006
2.582	8.4513958E-006
2.583	9.6143858E-006
2.584	1.0810086E-005
2.585	1.2005020E-005
2.586	1.3166570E-005
2.587	1.4263738E-005
2.588	1.5267873E-005
2.589	1.6153277E-005
2.59	1.6897760E-005
2.591	1.7483082E-005
2.592	1.7895296E-005
2.593	1.8125011E-005
2.594	1.8167500E-005
2.595	1.8022749E-005
2.596	1.7695376E-005
2.597	1.7194408E-005
2.598	1.6533013E-005
2.599	1.5728088E-005
2.6	1.4799752E-005
2.601	1.3770806E-005
2.602	1.2666125E-005
2.603	1.1511987E-005
2.604	1.0335433E-005
2.605	9.1635520E-006
2.606	8.0228601E-006
2.607	6.9386397E-006
2.608	5.9343542E-006
2.609	5.0311023E-006
2.61	4.2471393E-006
2.611	3.5974795E-006
2.612	3.0935810E-006
2.613	2.7431213E-006
2.614	2.5498819E-006
2.615	2.5137231E-006
2.616	2.6306629E-006
2.617	2.8930497E-006
2.618	3.2898238E-006
2.619	3.8068579E-006
2.62	4.4273697E-006
2.621	5.1323814E-006
2.622	5.9012323E-006
2.623	6.7121132E-006
2.624	7.5426115E-006
2.625	8.3702580E-006
2.626	9.1730726E-006
2.627	9.9300623E-006
2.628	1.0621725E-005
2.629	1.1230482E-005
2.63	1.1741079E-005
2.631	1.2140915E-005
2.632	1.2420331E-005
2.633	1.2572801E-005
2.634	1.2595035E-005
2.635	1.2487034E-005
2.636	1.2252023E-005
2.637	1.1896333E-005
2.638	1.1429190E-005
2.639	1.0862447E-005
2.64	1.0210232E-005
2.641	9.4886045E-006
2.642	8.7150866E-006
2.643	7.9082556E-006
2.644	7.0872425E-006
2.645	6.2712716E-006
2.646	5.4791799E-006
2.647	4.7289495E-006
2.648	4.0372884E-006
2.649	3.4192115E-006
2.65	2.8877053E-006
2.651	2.4534195E-006
2.652	2.1244441E-006
2.653	1.9061500E-006
2.654	1.8010990E-006
2.655	1.8090373E-006
2.656	1.9269476E-006
2.657	2.1491799E-006
2.658	2.4676324E-006
2.659	2.8719894E-006
2.66	3.3500050E-006
2.661	3.8878238E-006
2.662	4.4703393E-006
2.663	5.0815643E-006
2.664	5.7050343E-006
2.665	6.3242046E-006
2.666	6.9228586E-006
2.667	7.4854961E-006
2.668	7.9977090E-006
2.669	8.4465210E-006
2.67	8.8206943E-006
2.671	9.1109923E-006
2.672	9.3103745E-006
2.673	9.4141560E-006
2.674	9.4200768E-006
2.675	9.3283506E-006
2.676	9.1416059E-006
2.677	8.8647994E-006
2.678	8.5050742E-006
2.679	8.0715281E-006
2.68	7.5749908E-006
2.681	7.0277206E-006
2.682	6.4430833E-006
2.683	5.8352066E-006
2.684	5.2186219E-006
2.685	4.6078940E-006
2.686	4.0172581E-006
2.687	3.4602842E-006
2.688	2.9495411E-006
2.689	2.4963140E-006
2.69	2.1103388E-006
2.691	1.7995924E-006
2.692	1.5701213E-006
2.693	1.4259138E-006
2.694	1.3688334E-006
2.695	1.3985945E-006
2.696	1.5127918E-006
2.697	1.7069814E-006
2.698	1.9748079E-006
2.699	2.3081782E-006
2.7	2.6974776E-006
2.701	3.1318159E-006
2.702	3.5993123E-006
2.703	4.0873970E-006
2.704	4.5831275E-006
2.705	5.0735193E-006
2.706	5.5458604E-006
2.707	5.9880367E-006
2.708	6.3888083E-006
2.709	6.7380920E-006
2.71	7.0271976E-006
2.711	7.2490170E-006
2.712	7.3982010E-006
2.713	7.4712584E-006
2.714	7.4666373E-006
2.715	7.3847345E-006
2.716	7.2278622E-006
2.717	7.0001702E-006
2.718	6.7075157E-006
2.719	6.3572884E-006
2.72	5.9582107E-006
2.721	5.5201017E-006
2.722	5.0536360E-006
2.723	4.5700608E-006
2.724	4.0809323E-006
2.725	3.5978383E-006
2.726	3.1321240E-006
2.727	2.6946161E-006
2.728	2.2953752E-006
2.729	1.9434467E-006
2.73	1.6466490E-006
2.731	1.4113834E-006
2.732	1.2424797E-006
2.733	1.1430853E-006
2.734	1.1145974E-006
2.735	1.1566389E-006
2.736	1.2670839E-006
2.737	1.4421281E-006
2.738	1.6763991E-006
2.739	1.9631084E-006
2.74	2.2942363E-006
2.741	2.6607438E-006
2.742	3.0528113E-006
2.743	3.4600876E-006
2.744	3.8719481E-006
2.745	4.2777651E-006
2.746	4.6671653E-006
2.747	5.0302815E-006
2.748	5.3579884E-006
2.749	5.6421172E-006
2.75	5.8756468E-006
2.751	6.0528628E-006
2.752	6.1694841E-006
2.753	6.2227582E-006
2.754	6.2115128E-006
2.755	6.1361757E-006
2.756	5.9987483E-006
2.757	5.8027463E-006
2.758	5.5531009E-006
2.759	5.2560285E-006
2.76	4.9188739E-006
2.761	4.5499141E-006
2.762	4.1581588E-006
2.763	3.7531242E-006
2.764	3.3445917E-006
2.765	2.9423713E-006
2.766	2.5560555E-006
2.767	2.1947808E-006
2.768	1.8670020E-006
2.769	1.5802862E-006
2.77	1.3411286E-006
2.771	1.1547983E-006
2.772	1.0252186E-006
2.773	9.5487849E-007
2.774	9.4478332E-007
2.775	9.9444219E-007
2.776	1.1018900E-006
2.777	1.2637483E-006
2.778	1.4753188E-006
2.779	1.7307125E-006
2.78	2.0230034E-006
2.781	2.3444120E-006
2.782	2.6865059E-006
2.783	3.0404149E-006
2.784	3.3970530E-006
2.785	3.7473449E-006
2.786	4.0824393E-006
2.787	4.3939322E-006
2.788	4.6740479E-006
2.789	4.9158384E-006
2.79	5.1133297E-006
2.791	5.2616692E-006
2.792	5.3572348E-006
2.793	5.3977192E-006
2.794	5.3821827E-006
2.795	5.3110771E-006
2.796	5.1862203E-006
2.797	5.0107615E-006
2.798	4.7890885E-006
2.799	4.5267147E-006
2.8	4.2301426E-006
2.801	3.9066904E-006
2.802	3.5643059E-006
2.803	3.2113669E-006
2.804	2.8564659E-006
2.805	2.5081988E-006
2.806	2.1749411E-006
2.807	1.8646543E-006
2.808	1.5846829E-006
2.809	1.3415789E-006
2.81	1.1409488E-006
2.811	9.8731948E-007
2.812	8.8403704E-007
2.813	8.3319367E-007
2.814	8.3558274E-007
2.815	8.9068675E-007
2.816	9.9669717E-007
2.817	1.1505634E-006
2.818	1.3480733E-006
2.819	1.5839581E-006
2.82	1.8520286E-006
2.821	2.1453293E-006
2.822	2.4563126E-006
2.823	2.7770307E-006
2.824	3.0993313E-006
2.825	3.4150619E-006
2.826	3.7162690E-006
2.827	3.9953929E-006
2.828	4.2454540E-006
2.829	4.4602211E-006
2.83	4.6343594E-006
2.831	4.7635594E-006
2.832	4.8446527E-006
2.833	4.8756669E-006
2.834	4.8558927E-006
2.835	4.7858862E-006
2.836	4.6674595E-006
2.837	4.5036213E-006
2.838	4.2985093E-006
2.839	4.0572627E-006
2.84	3.7859031E-006
2.841	3.4911602E-006
2.842	3.1803058E-006
2.843	2.8609697E-006
2.844	2.5409413E-006
2.845	2.2279901E-006
2.846	1.9296745E-006
2.847	1.6531649E-006
2.848	1.4050751E-006
2.849	1.1913096E-006
2.85	1.0169196E-006
2.851	8.8598716E-007
2.852	8.0152142E-007
2.853	7.6538589E-007
2.854	7.7825155E-007
2.855	8.3957860E-007
2.856	9.4763067E-007
2.857	1.0995175E-006
2.858	1.2912711E-006
2.859	1.5179429E-006
2.86	1.7737311E-006
2.861	2.0521259E-006
2.862	2.3460757E-006
2.863	2.6481587E-006
2.864	2.9507737E-006
2.865	3.2463281E-006
2.866	3.5274277E-006
2.867	3.7870609E-006
2.868	4.0187711E-006
2.869	4.2168122E-006
2.87	4.3762948E-006
2.871	4.4932926E-006
2.872	4.5649444E-006
2.873	4.5895081E-006
2.874	4.5664096E-006
2.875	4.4962449E-006
2.876	4.3807740E-006
2.877	4.2228630E-006
2.878	4.0264295E-006
2.879	3.7963325E-006
2.88	3.5382627E-006
2.881	3.2585997E-006
2.882	2.9642538E-006
2.883	2.6624939E-006
2.884	2.3607640E-006
2.885	2.0664977E-006
2.886	1.7869355E-006
2.887	1.5289399E-006
2.888	1.2988281E-006
2.889	1.1022154E-006
2.89	9.4387951E-007
2.891	8.2764348E-007
2.892	7.5628765E-007
2.893	7.3148345E-007
2.894	7.5375749E-007
2.895	8.2248295E-007
2.896	9.3589694E-007
2.897	1.0911448E-006
2.898	1.2843508E-006
2.899	1.5107090E-006
2.9	1.7646001E-006
2.901	2.0397247E-006
2.902	2.3292566E-006
2.903	2.6260088E-006
2.904	2.9226135E-006
2.905	3.2117016E-006
2.906	3.4860925E-006
2.907	3.7389705E-006
2.908	3.9640522E-006
2.909	4.1557487E-006
2.91	4.3092900E-006
2.911	4.4208591E-006
2.912	4.4876792E-006
2.913	4.5080756E-006
2.914	4.4815374E-006
2.915	4.4087169E-006
2.916	4.2914266E-006
2.917	4.1325925E-006
2.918	3.9361862E-006
2.919	3.7071161E-006
2.92	3.4511042E-006
2.921	3.1745417E-006
2.922	2.8843169E-006
2.923	2.5876484E-006
2.924	2.2918948E-006
2.925	2.0043803E-006
2.926	1.7322207E-006
2.927	1.4821510E-006
2.928	1.2603737E-006
2.929	1.0724134E-006
2.93	9.2298632E-007
2.931	8.1588939E-007
2.932	7.5390415E-007
2.933	7.3872360E-007
2.934	7.7090453E-007
2.935	8.4984447E-007
2.936	9.7378904E-007
2.937	1.1398662E-006
2.938	1.3441489E-006
2.939	1.5817476E-006
2.94	1.8469229E-006
2.941	2.1332253E-006
2.942	2.4336532E-006
2.943	2.7408266E-006
2.944	3.0471715E-006
2.945	3.3451186E-006
2.946	3.6272929E-006
2.947	3.8867079E-006
2.948	4.1169396E-006
2.949	4.3122886E-006
2.95	4.4679259E-006
2.951	4.5800007E-006
2.952	4.6457458E-006
2.953	4.6635300E-006
2.954	4.6328992E-006
2.955	4.5545912E-006
2.956	4.4305261E-006
2.957	4.2637412E-006
2.958	4.0583432E-006
2.959	3.8193998E-006
2.96	3.5528276E-006
2.961	3.2652472E-006
2.962	2.9638275E-006
2.963	2.6561133E-006
2.964	2.3498376E-006
2.965	2.0527373E-006
2.966	1.7723549E-006
2.967	1.5158525E-006
2.968	1.2898342E-006
2.969	1.1001789E-006
2.97	9.5189290E-007
2.971	8.4898943E-007
2.972	7.9438365E-007
2.973	7.8981958E-007
2.974	8.3582222E-007
2.975	9.3167745E-007
2.976	1.0754420E-006
2.977	1.2639831E-006
2.978	1.4930445E-006
2.979	1.7573461E-006
2.98	2.0507059E-006
2.981	2.3661887E-006
2.982	2.6962723E-006
2.983	3.0330323E-006
2.984	3.3683393E-006
2.985	3.6940596E-006
2.986	4.0022533E-006
2.987	4.2853799E-006
2.988	4.5364814E-006
2.989	4.7493591E-006
2.99	4.9187342E-006
2.991	5.0403787E-006
2.992	5.1112211E-006
2.993	5.1294383E-006
2.994	5.0944964E-006
2.995	5.0071694E-006
2.996	4.8695370E-006
2.997	4.6849341E-006
2.998	4.4578742E-006
2.999	4.1939525E-006
3	3.8997200E-006
3.001	3.5825219E-006
3.002	3.2503381E-006
3.003	2.9115849E-006
3.004	2.5749157E-006
3.005	2.2490112E-006
3.006	1.9423658E-006
3.007	1.6630734E-006
3.008	1.4186299E-006
3.009	1.2157332E-006
3.01	1.0601174E-006
3.011	9.5639734E-007
3.012	9.0794498E-007
3.013	9.1679067E-007
3.014	9.8356554E-007
3.015	1.1074703E-006
3.016	1.2862884E-006
3.017	1.5164280E-006
3.018	1.7930074E-006
3.019	2.1099670E-006
3.02	2.4602075E-006
3.021	2.8357636E-006
3.022	3.2279793E-006
3.023	3.6277195E-006
3.024	4.0255763E-006
3.025	4.4120920E-006
3.026	4.7779909E-006
3.027	5.1144043E-006
3.028	5.4130937E-006
3.029	5.6666599E-006
3.03	5.8687497E-006
3.031	6.0142220E-006
3.032	6.0992943E-006
3.033	6.1216492E-006
3.034	6.0805223E-006
3.035	5.9767262E-006
3.036	5.8126489E-006
3.037	5.5922083E-006
3.038	5.3207859E-006
3.039	5.0050880E-006
3.04	4.6530090E-006
3.041	4.2734428E-006
3.042	3.8760832E-006
3.043	3.4711904E-006
3.044	3.0693459E-006
3.045	2.6812052E-006
3.046	2.3172336E-006
3.047	1.9874515E-006
3.048	1.7011839E-006
3.049	1.4668311E-006
3.05	1.2916433E-006
3.051	1.1815328E-006
3.052	1.1409084E-006
3.053	1.1725417E-006
3.054	1.2774732E-006
3.055	1.4549597E-006
3.056	1.7024603E-006
3.057	2.0156717E-006
3.058	2.3886089E-006
3.059	2.8137244E-006
3.06	3.2820762E-006
3.061	3.7835248E-006
3.062	4.3069695E-006
3.063	4.8406059E-006
3.064	5.3722060E-006
3.065	5.8894116E-006
3.066	6.3800348E-006
3.067	6.8323652E-006
3.068	7.2354510E-006
3.069	7.5793969E-006
3.07	7.8556059E-006
3.071	8.0570326E-006
3.072	8.1783564E-006
3.073	8.2161678E-006
3.074	8.1690732E-006
3.075	8.0377622E-006
3.076	7.8250559E-006
3.077	7.5358498E-006
3.078	7.1770587E-006
3.079	6.7574788E-006
3.08	6.2876170E-006
3.081	5.7794741E-006
3.082	5.2462774E-006
3.083	4.7021822E-006
3.084	4.1619578E-006
3.085	3.6406200E-006
3.086	3.1530853E-006
3.087	2.7137894E-006
3.088	2.3363293E-006
3.089	2.0331140E-006
3.09	1.8150344E-006
3.091	1.6911681E-006
3.092	1.6685249E-006
3.093	1.7518286E-006
3.094	1.9433519E-006
3.095	2.2428087E-006
3.096	2.6472924E-006
3.097	3.1512866E-006
3.098	3.7467237E-006
3.099	4.4231160E-006
3.1	5.1677466E-006
3.101	5.9659164E-006
3.102	6.8012596E-006
3.103	7.6560964E-006
3.104	8.5118463E-006
3.105	9.3494618E-006
3.106	1.0149881E-005
3.107	1.0894511E-005
3.108	1.1565679E-005
3.109	1.2147097E-005
3.11	1.2624278E-005
3.111	1.2984941E-005
3.112	1.3219366E-005
3.113	1.3320709E-005
3.114	1.3285227E-005
3.115	1.3112524E-005
3.116	1.2805624E-005
3.117	1.2371049E-005
3.118	1.1818799E-005
3.119	1.1162230E-005
3.12	1.0417860E-005
3.121	9.6051035E-006
3.122	8.7459048E-006
3.123	7.8642925E-006
3.124	6.9858884E-006
3.125	6.1373303E-006
3.126	5.3456661E-006
3.127	4.6377345E-006
3.128	4.0394921E-006
3.129	3.5753894E-006
3.13	3.2677267E-006
3.131	3.1360642E-006
3.132	3.1966654E-006
3.133	3.4619959E-006
3.134	3.9402948E-006
3.135	4.6352079E-006
3.136	5.5455212E-006
3.137	6.6649632E-006
3.138	7.9821320E-006
3.139	9.4805073E-006
3.14	1.1138589E-005
3.141	1.2930155E-005
3.142	1.4824675E-005
3.143	1.6787813E-005
3.144	1.8782095E-005
3.145	2.0767686E-005
3.146	2.2703249E-005
3.147	2.4546942E-005
3.148	2.6257361E-005
3.149	2.7794636E-005
3.15	2.9121413E-005
3.151	3.0203881E-005
3.152	3.1012798E-005
3.153	3.1524316E-005
3.154	3.1721032E-005
3.155	3.1592648E-005
3.156	3.1136828E-005
3.157	3.0359735E-005
3.158	2.9276654E-005
3.159	2.7912305E-005
3.16	2.6301099E-005
3.161	2.4487224E-005
3.162	2.2524448E-005
3.163	2.0475842E-005
3.164	1.8413257E-005
3.165	1.6416607E-005
3.166	1.4573003E-005
3.167	1.2975723E-005
3.168	1.1723014E-005
3.169	1.0916781E-005
3.17	1.0661141E-005
3.171	1.1060900E-005
3.172	1.2219905E-005
3.173	1.4239380E-005
3.174	1.7216189E-005
3.175	2.1241114E-005
3.176	2.6397132E-005
3.177	3.2757758E-005
3.178	4.0385446E-005
3.179	4.9330065E-005
3.18	5.9627582E-005
3.181	7.1298811E-005
3.182	8.4348438E-005
3.183	9.8764147E-005
3.184	1.1451611E-004
3.185	1.3155682E-004
3.186	1.4982100E-004
3.187	1.6922610E-004
3.188	1.8967300E-004
3.189	2.1104689E-004
3.19	2.3321860E-004
3.191	2.5604540E-004
3.192	2.7937297E-004
3.193	3.0303639E-004
3.194	3.2686195E-004
3.195	3.5066839E-004
3.196	3.7426886E-004
3.197	3.9747279E-004
3.198	4.2008777E-004
3.199	4.4192185E-004
3.2	4.6278609E-004
3.201	4.8249683E-004
3.202	5.0087814E-004
3.203	5.1776454E-004
3.204	5.3300255E-004
3.205	5.4645410E-004
3.206	5.5799668E-004
3.207	5.6752621E-004
3.208	5.7495711E-004
3.209	5.8022386E-004
3.21	5.8328197E-004
3.211	5.8410713E-004
3.212	5.8269652E-004
3.213	5.7906768E-004
3.214	5.7325989E-004
3.215	5.6533195E-004
3.216	5.5536249E-004
3.217	5.4344826E-004
3.218	5.2970403E-004
3.219	5.1425881E-004
3.22	4.9725681E-004
3.221	4.7885298E-004
3.222	4.5921322E-004
3.223	4.3851117E-004
3.224	4.1692631E-004
3.225	3.9464192E-004
3.226	3.7184331E-004
3.227	3.4871488E-004
3.228	3.2543825E-004
3.229	3.0219034E-004
3.23	2.7914104E-004
3.231	2.5645117E-004
3.232	2.3427140E-004
3.233	2.1274058E-004
3.234	1.9198476E-004
3.235	1.7211671E-004
3.236	1.5323509E-004
3.237	1.3542385E-004
3.238	1.1875219E-004
3.239	1.0327400E-004
3.24	8.9027781E-005
3.241	7.6036718E-005
3.242	6.4308864E-005
3.243	5.3837623E-005
3.244	4.4602504E-005
3.245	3.6570120E-005
3.246	2.9695262E-005
3.247	2.3922272E-005
3.248	1.9186409E-005
3.249	1.5415335E-005
3.25	1.2530579E-005
3.251	1.0449038E-005
3.252	9.0844323E-006
3.253	8.3487421E-006
3.254	8.1535518E-006
3.255	8.4113617E-006
3.256	9.0367776E-006
3.257	9.9476329E-006
3.258	1.1065968E-005
3.259	1.2318909E-005
3.26	1.3639425E-005
3.261	1.4966946E-005
3.262	1.6247823E-005
3.263	1.7435694E-005
3.264	1.8491648E-005
3.265	1.9384281E-005
3.266	2.0089619E-005
3.267	2.0590909E-005
3.268	2.0878300E-005
3.269	2.0948413E-005
3.27	2.0803860E-005
3.271	2.0452657E-005
3.272	1.9907578E-005
3.273	1.9185532E-005
3.274	1.8306795E-005
3.275	1.7294364E-005
3.276	1.6173142E-005
3.277	1.4969326E-005
3.278	1.3709616E-005
3.279	1.2420618E-005
3.28	1.1128212E-005
3.281	9.8569799E-006
3.282	8.6297287E-006
3.283	7.4670725E-006
3.284	6.3870766E-006
3.285	5.4049920E-006
3.286	4.5330830E-006
3.287	3.7805030E-006
3.288	3.1532770E-006
3.289	2.6543296E-006
3.29	2.2836007E-006
3.291	2.0381997E-006
3.292	1.9126317E-006
3.293	1.8990482E-006
3.294	1.9875515E-006
3.295	2.1665189E-006
3.296	2.4229528E-006
3.297	2.7428498E-006
3.298	3.1115660E-006
3.299	3.5141916E-006
3.3	3.9359006E-006
3.301	4.3622954E-006
3.302	4.7797057E-006
3.303	5.1754732E-006
3.304	5.5381856E-006
3.305	5.8578735E-006
3.306	6.1261676E-006
3.307	6.3364091E-006
3.308	6.4837213E-006
3.309	6.5650370E-006
3.31	6.5790828E-006
3.311	6.5263325E-006
3.312	6.4089099E-006
3.313	6.2304721E-006
3.314	5.9960485E-006
3.315	5.7118646E-006
3.316	5.3851468E-006
3.317	5.0238891E-006
3.318	4.6366454E-006
3.319	4.2322781E-006
3.32	3.8197340E-006
3.321	3.4078344E-006
3.322	3.0050462E-006
3.323	2.6193102E-006
3.324	2.2578643E-006
3.325	1.9271042E-006
3.326	1.6324668E-006
3.327	1.3783412E-006
3.328	1.1680066E-006
3.329	1.0035991E-006
3.33	8.8610165E-007
3.331	8.1536649E-007
3.332	7.9015729E-007
3.333	8.0821997E-007
3.334	8.6637260E-007
3.335	9.6061649E-007
3.336	1.0862618E-006
3.337	1.2380663E-006
3.338	1.4103784E-006
3.339	1.5972869E-006
3.34	1.7927664E-006
3.341	1.9908241E-006
3.342	2.1856329E-006
3.343	2.3716639E-006
3.344	2.5438026E-006
3.345	2.6974556E-006
3.346	2.8286470E-006
3.347	2.9340902E-006
3.348	3.0112521E-006
3.349	3.0583901E-006
3.35	3.0745703E-006
3.351	3.0596634E-006
3.352	3.0143249E-006
3.353	2.9399446E-006
3.354	2.8385925E-006
3.355	2.7129356E-006
3.356	2.5661609E-006
3.357	2.4018752E-006
3.358	2.2240069E-006
3.359	2.0367063E-006
3.36	1.8442382E-006
3.361	1.6508789E-006
3.362	1.4608171E-006
3.363	1.2780523E-006
3.364	1.1063055E-006
3.365	9.4893539E-007
3.366	8.0886304E-007
3.367	6.8851654E-007
3.368	5.8978117E-007
3.369	5.1397006E-007
3.37	4.6180926E-007
3.371	4.3343644E-007
3.372	4.2841549E-007
3.373	4.4576387E-007
3.374	4.8399238E-007
3.375	5.4115526E-007
3.376	6.1490937E-007
3.377	7.0258153E-007
3.378	8.0124096E-007
3.379	9.0777718E-007
3.38	1.0189781E-006
3.381	1.1316108E-006
3.382	1.2425013E-006
3.383	1.3486064E-006
3.384	1.4470866E-006
3.385	1.5353679E-006
3.386	1.6111978E-006
3.387	1.6726913E-006
3.388	1.7183630E-006
3.389	1.7471588E-006
3.39	1.7584646E-006
3.391	1.7521131E-006
3.392	1.7283759E-006
3.393	1.6879458E-006
3.394	1.6319129E-006
3.395	1.5617278E-006
3.396	1.4791569E-006
3.397	1.3862355E-006
3.398	1.2852111E-006
3.399	1.1784812E-006
3.4	1.0685337E-006
3.401	9.5788221E-007
3.402	8.4900267E-007
3.403	7.4427402E-007
3.404	6.4592217E-007
3.405	5.5596894E-007
3.406	4.7618894E-007
3.407	4.0807197E-007
3.408	3.5279507E-007
3.409	3.1120109E-007
3.41	2.8378622E-007
3.411	2.7069490E-007
3.412	2.7172408E-007
3.413	2.8633431E-007
3.414	3.1366915E-007
3.415	3.5258208E-007
3.416	4.0166933E-007
3.417	4.5931003E-007
3.418	5.2370984E-007
3.419	5.9294945E-007
3.42	6.6503361E-007
3.421	7.3794348E-007
3.422	8.0968482E-007
3.423	8.7833797E-007
3.424	9.4210191E-007
3.425	9.9933504E-007
3.426	1.0485912E-006
3.427	1.0886503E-006
3.428	1.1185440E-006
3.429	1.1375708E-006
3.43	1.1453126E-006
3.431	1.1416345E-006
3.432	1.1266873E-006
3.433	1.1008955E-006
3.434	1.0649433E-006
3.435	1.0197540E-006
3.436	9.6645965E-007
3.437	9.0637320E-007
3.438	8.4094899E-007
3.439	7.7174741E-007
3.44	7.0039346E-007
3.441	6.2853724E-007
3.442	5.5781356E-007
3.443	4.8980274E-007
3.444	4.2599433E-007
3.445	3.6775236E-007
3.446	3.1628440E-007
3.447	2.7261447E-007
3.448	2.3756063E-007
3.449	2.1171816E-007
3.45	1.9544804E-007
3.451	1.8887189E-007
3.452	1.9187338E-007
3.453	2.0410462E-007
3.454	2.2499934E-007
3.455	2.5379023E-007
3.456	2.8953153E-007
3.457	3.3112445E-007
3.458	3.7734702E-007
3.459	4.2688475E-007
3.46	4.7836465E-007
3.461	5.3038923E-007
3.462	5.8157070E-007
3.463	6.3056530E-007
3.464	6.7610381E-007
3.465	7.1702351E-007
3.466	7.5229337E-007
3.467	7.8103733E-007
3.468	8.0255450E-007
3.469	8.1633158E-007
3.47	8.2205429E-007
3.471	8.1961053E-007
3.472	8.0909206E-007
3.473	7.9078677E-007
3.474	7.6517210E-007
3.475	7.3289743E-007
3.476	6.9476891E-007
3.477	6.5172600E-007
3.478	6.0481716E-007
3.479	5.5517256E-007
3.48	5.0397460E-007
3.481	4.5242911E-007
3.482	4.0173393E-007
3.483	3.5305038E-007
3.484	3.0747478E-007
3.485	2.6601251E-007
3.486	2.2955496E-007
3.487	1.9885968E-007
3.488	1.7453347E-007
3.489	1.5702020E-007
3.49	1.4659224E-007
3.491	1.4334589E-007
3.492	1.4720126E-007
3.493	1.5790684E-007
3.494	1.7504691E-007
3.495	1.9805458E-007
3.496	2.2622714E-007
3.497	2.5874499E-007
3.498	2.9469376E-007
3.499	3.3308743E-007
3.5	3.7289402E-007
3.501	4.1306035E-007
3.502	4.5253859E-007
3.503	4.9031075E-007
3.504	5.2541355E-007
3.505	5.5695995E-007
3.506	5.8416083E-007
3.507	6.0634204E-007
3.508	6.2296158E-007
3.509	6.3362029E-007
3.51	6.3807079E-007
3.511	6.3622241E-007
3.512	6.2814053E-007
3.513	6.1404342E-007
3.514	5.9429408E-007
3.515	5.6938973E-007
3.516	5.3994705E-007
3.517	5.0668643E-007
3.518	4.7041422E-007
3.519	4.3200092E-007
3.52	3.9236227E-007
3.521	3.5243696E-007
3.522	3.1316330E-007
3.523	2.7545744E-007
3.524	2.4019053E-007
3.525	2.0816765E-007
3.526	1.8010783E-007
3.527	1.5662643E-007
3.528	1.3822030E-007
3.529	1.2525618E-007
3.53	1.1796280E-007
3.531	1.1642651E-007
3.532	1.2059097E-007
3.533	1.3026018E-007
3.534	1.4510530E-007
3.535	1.6467428E-007
3.536	1.8840402E-007
3.537	2.1563572E-007
3.538	2.4563144E-007
3.539	2.7759270E-007
3.54	3.1068004E-007
3.541	3.4403394E-007
3.542	3.7679590E-007
3.543	4.0812921E-007
3.544	4.3723969E-007
3.545	4.6339494E-007
3.546	4.8594245E-007
3.547	5.0432396E-007
3.548	5.1808934E-007
3.549	5.2690700E-007
3.55	5.3056965E-007
3.551	5.2899844E-007
3.552	5.2224402E-007
3.553	5.1048363E-007
3.554	4.9401592E-007
3.555	4.7325270E-007
3.556	4.4870723E-007
3.557	4.2098182E-007
3.558	3.9075280E-007
3.559	3.5875263E-007
3.56	3.2575301E-007
3.561	2.9254488E-007
3.562	2.5991969E-007
3.563	2.2865002E-007
3.564	1.9947078E-007
3.565	1.7306152E-007
3.566	1.5003015E-007
3.567	1.3089812E-007
3.568	1.1608844E-007
3.569	1.0591558E-007
3.57	1.0057840E-007
3.571	1.0015612E-007
3.572	1.0460702E-007
3.573	1.1377013E-007
3.574	1.2736996E-007
3.575	1.4502388E-007
3.576	1.6625211E-007
3.577	1.9048984E-007
3.578	2.1710163E-007
3.579	2.4539742E-007
3.58	2.7464975E-007
3.581	3.0411178E-007
3.582	3.3303638E-007
3.583	3.6069372E-007
3.584	3.8638993E-007
3.585	4.0948396E-007
3.586	4.2940235E-007
3.587	4.4565303E-007
3.588	4.5783742E-007
3.589	4.6565839E-007
3.59	4.6892782E-007
3.591	4.6757080E-007
3.592	4.6162575E-007
3.593	4.5124440E-007
3.594	4.3668661E-007
3.595	4.1831399E-007
3.596	3.9658033E-007
3.597	3.7202005E-007
3.598	3.4523515E-007
3.599	3.1687915E-007
3.6	2.8764194E-007
3.601	2.5823226E-007
3.602	2.2936065E-007
3.603	2.0172173E-007
3.604	1.7597763E-007
3.605	1.5274200E-007
3.606	1.3256485E-007
3.607	1.1591960E-007
3.608	1.0319160E-007
3.609	9.4669048E-008
3.61	9.0536126E-008
3.611	9.0869236E-008
3.612	9.5635201E-008
3.613	1.0469260E-007
3.614	1.1779554E-007
3.615	1.3459993E-007
3.616	1.5467208E-007
3.617	1.7749930E-007
3.618	2.0250275E-007
3.619	2.2905157E-007
3.62	2.5647822E-007
3.621	2.8409548E-007
3.622	3.1121289E-007
3.623	3.3715412E-007
3.624	3.6127355E-007
3.625	3.8297244E-007
3.626	4.0171338E-007
3.627	4.1703274E-007
3.628	4.2855348E-007
3.629	4.3599212E-007
3.63	4.3916694E-007
3.631	4.3800136E-007
3.632	4.3252575E-007
3.633	4.2287689E-007
3.634	4.0929402E-007
3.635	3.9211261E-007
3.636	3.7175693E-007
3.637	3.4872821E-007
3.638	3.2359318E-007
3.639	2.9696946E-007
3.64	2.6950994E-007
3.641	2.4188756E-007
3.642	2.1477834E-007
3.643	1.8884478E-007
3.644	1.6472045E-007
3.645	1.4299394E-007
3.646	1.2419501E-007
3.647	1.0878189E-007
3.648	9.7129778E-008
3.649	8.9521798E-008
3.65	8.6142165E-008
3.651	8.7071442E-008
3.652	9.2284822E-008
3.653	1.0165260E-007
3.654	1.1494327E-007
3.655	1.3182928E-007
3.656	1.5189485E-007
3.657	1.7464589E-007
3.658	1.9952211E-007
3.659	2.2591054E-007
3.66	2.5316058E-007
3.661	2.8060001E-007
3.662	3.0755177E-007
3.663	3.3335056E-007
3.664	3.5735945E-007
3.665	3.7898590E-007
3.666	3.9769634E-007
3.667	4.1302923E-007
3.668	4.2460570E-007
3.669	4.3214004E-007
3.67	4.3544574E-007
3.671	4.3443998E-007
3.672	4.2914618E-007
3.673	4.1969355E-007
3.674	4.0631315E-007
3.675	3.8933317E-007
3.676	3.6917132E-007
3.677	3.4632347E-007
3.678	3.2135262E-007
3.679	2.9487492E-007
3.68	2.6754438E-007
3.681	2.4003717E-007
3.682	2.1303535E-007
3.683	1.8721030E-007
3.684	1.6320627E-007
3.685	1.4162462E-007
3.686	1.2300920E-007
3.687	1.0783265E-007
3.688	9.6484456E-008
3.689	8.9261306E-008
3.69	8.6359350E-008
3.691	8.7869154E-008
3.692	9.3773458E-008
3.693	1.0394729E-007
3.694	1.1816091E-007
3.695	1.3608515E-007
3.696	1.5729900E-007
3.697	1.8129948E-007
3.698	2.0751314E-007
3.699	2.3530995E-007
3.7	2.6401850E-007
3.701	2.9294199E-007
3.702	3.2137606E-007
3.703	3.4862609E-007
3.704	3.7402498E-007
3.705	3.9694996E-007
3.706	4.1683762E-007
3.707	4.3319872E-007
3.708	4.4562950E-007
3.709	4.5382174E-007
3.71	4.5757048E-007
3.711	4.5677871E-007
3.712	4.5146103E-007
3.713	4.4174269E-007
3.714	4.2785780E-007
3.715	4.1014385E-007
3.716	3.8903391E-007
3.717	3.6504716E-007
3.718	3.3877524E-007
3.719	3.1086952E-007
3.72	2.8202479E-007
3.721	2.5296259E-007
3.722	2.2441408E-007
3.723	1.9710204E-007
3.724	1.7172337E-007
3.725	1.4893213E-007
3.726	1.2932261E-007
3.727	1.1341498E-007
3.728	1.0164122E-007
3.729	9.4334339E-008
3.73	9.1719357E-008
3.731	9.3907168E-008
3.732	1.0089111E-007
3.733	1.1254660E-007
3.734	1.2863376E-007
3.735	1.4880258E-007
3.736	1.7260096E-007
3.737	1.9948530E-007
3.738	2.2883286E-007
3.739	2.5995698E-007
3.74	2.9212293E-007
3.741	3.2456583E-007
3.742	3.5650908E-007
3.743	3.8718363E-007
3.744	4.1584710E-007
3.745	4.4180177E-007
3.746	4.6441286E-007
3.747	4.8312370E-007
3.748	4.9747069E-007
3.749	5.0709423E-007
3.75	5.1174862E-007
3.751	5.1130866E-007
3.752	5.0577376E-007
3.753	4.9526784E-007
3.754	4.8003852E-007
3.755	4.6045182E-007
3.756	4.3698296E-007
3.757	4.1020800E-007
3.758	3.8078915E-007
3.759	3.4946007E-007
3.76	3.1700904E-007
3.761	2.8425930E-007
3.762	2.5205014E-007
3.763	2.2121556E-007
3.764	1.9256406E-007
3.765	1.6685784E-007
3.766	1.4479399E-007
3.767	1.2698591E-007
3.768	1.1394786E-007
3.769	1.0608117E-007
3.77	1.0366337E-007
3.771	1.0684041E-007
3.772	1.1562193E-007
3.773	1.2987996E-007
3.774	1.4935108E-007
3.775	1.7364184E-007
3.776	2.0223743E-007
3.777	2.3451359E-007
3.778	2.6975059E-007
3.779	3.0715026E-007
3.78	3.4585432E-007
3.781	3.8496441E-007
3.782	4.2356362E-007
3.783	4.6073797E-007
3.784	4.9559850E-007
3.785	5.2730371E-007
3.786	5.5508008E-007
3.787	5.7824241E-007
3.788	5.9621220E-007
3.789	6.0853193E-007
3.79	6.1487992E-007
3.791	6.1507802E-007
3.792	6.0909917E-007
3.793	5.9706900E-007
3.794	5.7926513E-007
3.795	5.5611179E-007
3.796	5.2817137E-007
3.797	4.9613311E-007
3.798	4.6079595E-007
3.799	4.2305192E-007
3.8	3.8386349E-007
3.801	3.4424158E-007
3.802	3.0522051E-007
3.803	2.6783286E-007
3.804	2.3308412E-007
3.805	2.0192839E-007
3.806	1.7524397E-007
3.807	1.5381174E-007
3.808	1.3829475E-007
3.809	1.2922119E-007
3.81	1.2696948E-007
3.811	1.3175759E-007
3.812	1.4363549E-007
3.813	1.6248147E-007
3.814	1.8800280E-007
3.815	2.1973982E-007
3.816	2.5707448E-007
3.817	2.9924234E-007
3.818	3.4534881E-007
3.819	3.9438842E-007
3.82	4.4526752E-007
3.821	4.9683052E-007
3.822	5.4788757E-007
3.823	5.9724363E-007
3.824	6.4372955E-007
3.825	6.8623069E-007
3.826	7.2371654E-007
3.827	7.5526697E-007
3.828	7.8009600E-007
3.829	7.9757336E-007
3.83	8.0724197E-007
3.831	8.0883012E-007
3.832	8.0226272E-007
3.833	7.8766487E-007
3.834	7.6536213E-007
3.835	7.3587637E-007
3.836	6.9991557E-007
3.837	6.5836144E-007
3.838	6.1224927E-007
3.839	5.6274644E-007
3.84	5.1112755E-007
3.841	4.5874447E-007
3.842	4.0699550E-007
3.843	3.5729221E-007
3.844	3.1102607E-007
3.845	2.6953231E-007
3.846	2.3405732E-007
3.847	2.0572537E-007
3.848	1.8550882E-007
3.849	1.7420057E-007
3.85	1.7239147E-007
3.851	1.8045145E-007
3.852	1.9851630E-007
3.853	2.2647998E-007
3.854	2.6399212E-007
3.855	3.1046272E-007
3.856	3.6507151E-007
3.857	4.2678423E-007
3.858	4.9437330E-007
3.859	5.6644518E-007
3.86	6.4147002E-007
3.861	7.1781659E-007
3.862	7.9378879E-007
3.863	8.6766596E-007
3.864	9.3774298E-007
3.865	1.0023724E-006
3.866	1.0600049E-006
3.867	1.1092309E-006
3.868	1.1488172E-006
3.869	1.1777430E-006
3.87	1.1952303E-006
3.871	1.2007690E-006
3.872	1.1941374E-006
3.873	1.1754142E-006
3.874	1.1449841E-006
3.875	1.1035364E-006
3.876	1.0520544E-006
3.877	9.9179942E-007
3.878	9.2428485E-007
3.879	8.5124680E-007
3.88	7.7460601E-007
3.881	6.9642783E-007
3.882	6.1887431E-007
3.883	5.4415597E-007
3.884	4.7448034E-007
3.885	4.1199826E-007
3.886	3.5875107E-007
3.887	3.1661841E-007
3.888	2.8726708E-007
3.889	2.7210470E-007
3.89	2.7223834E-007
3.891	2.8843812E-007
3.892	3.2110975E-007
3.893	3.7027380E-007
3.894	4.3555534E-007
3.895	5.1618122E-007
3.896	6.1098666E-007
3.897	7.1843226E-007
3.898	8.3662837E-007
3.899	9.6336953E-007
3.9	1.0961774E-006
3.901	1.2323521E-006
3.902	1.3690295E-006
3.903	1.5032473E-006
3.904	1.6320140E-006
3.905	1.7523832E-006
3.906	1.8615253E-006
3.907	1.9568035E-006
3.908	2.0358459E-006
3.909	2.0966093E-006
3.91	2.1374451E-006
3.911	2.1571529E-006
3.912	2.1550256E-006
3.913	2.1308829E-006
3.914	2.0850994E-006
3.915	2.0186160E-006
3.916	1.9329395E-006
3.917	1.8301292E-006
3.918	1.7127696E-006
3.919	1.5839308E-006
3.92	1.4471161E-006
3.921	1.3061937E-006
3.922	1.1653234E-006
3.923	1.0288667E-006
3.924	9.0129311E-007
3.925	7.8707836E-007
3.926	6.9059934E-007
3.927	6.1602617E-007
3.928	5.6721541E-007
3.929	5.4760642E-007
3.93	5.6012203E-007
3.931	6.0707964E-007
3.932	6.9011031E-007
3.933	8.1009148E-007
3.934	9.6709311E-007
3.935	1.1603386E-006
3.936	1.3881811E-006
3.937	1.6481001E-006
3.938	1.9367114E-006
3.939	2.2498004E-006
3.94	2.5823765E-006
3.941	2.9287482E-006
3.942	3.2826194E-006
3.943	3.6372153E-006
3.944	3.9854140E-006
3.945	4.3199066E-006
3.946	4.6333626E-006
3.947	4.9186110E-006
3.948	5.1688189E-006
3.949	5.3776839E-006
3.95	5.5396072E-006
3.951	5.6498857E-006
3.952	5.7048783E-006
3.953	5.7021734E-006
3.954	5.6407339E-006
3.955	5.5210385E-006
3.956	5.3451863E-006
3.957	5.1169914E-006
3.958	4.8420420E-006
3.959	4.5277402E-006
3.96	4.1833018E-006
3.961	3.8197304E-006
3.962	3.4497500E-006
3.963	3.0877125E-006
3.964	2.7494557E-006
3.965	2.4521423E-006
3.966	2.2140589E-006
3.967	2.0543814E-006
3.968	1.9929219E-006
3.969	2.0498521E-006
3.97	2.2454051E-006
3.971	2.5995685E-006
3.972	3.1317632E-006
3.973	3.8605240E-006
3.974	4.8031757E-006
3.975	5.9755130E-006
3.976	7.3914839E-006
3.977	9.0628901E-006
3.978	1.0999103E-005
3.979	1.3206786E-005
3.98	1.5689677E-005
3.981	1.8448362E-005
3.982	2.1480122E-005
3.983	2.4778845E-005
3.984	2.8334940E-005
3.985	3.2135336E-005
3.986	3.6163598E-005
3.987	4.0399897E-005
3.988	4.4821321E-005
3.989	4.9401882E-005
3.99	5.4112857E-005
3.991	5.8922975E-005
3.992	6.3798660E-005
3.993	6.8704452E-005
3.994	7.3603267E-005
3.995	7.8456920E-005
3.996	8.3226420E-005
3.997	8.7872584E-005
3.998	9.2356393E-005
3.999	9.6639596E-005
4	1.0068503E-004
4.001	1.0445721E-004
4.002	1.0792256E-004
4.003	1.1105006E-004
4.004	1.1381140E-004
4.005	1.1618138E-004
4.006	1.1813833E-004
4.007	1.1966424E-004
4.008	1.2074508E-004
4.009	1.2137100E-004
4.01	1.2153634E-004
4.011	1.2123990E-004
4.012	1.2048467E-004
4.013	1.1927806E-004
4.014	1.1763167E-004
4.015	1.1556104E-004
4.016	1.1308563E-004
4.017	1.1022845E-004
4.018	1.0701579E-004
4.019	1.0347693E-004
4.02	9.9643781E-005
4.021	9.5550356E-005
4.022	9.1232650E-005
4.023	8.6727858E-005
4.024	8.2074082E-005
4.025	7.7309945E-005
4.026	7.2473958E-005
4.027	6.7604211E-005
4.028	6.2737832E-005
4.029	5.7910758E-005
4.03	5.3157208E-005
4.031	4.8509410E-005
4.032	4.3997316E-005
4.033	3.9648279E-005
4.034	3.5486824E-005
4.035	3.1534437E-005
4.036	2.7809345E-005
4.037	2.4326499E-005
4.038	2.1097423E-005
4.039	1.8130262E-005
4.04	1.5429820E-005
4.041	1.2997690E-005
4.042	1.0832400E-005
4.043	8.9295763E-006
4.044	7.2821708E-006
4.045	5.8806886E-006
4.046	4.7134222E-006
4.047	3.7667139E-006
4.048	3.0252361E-006
4.049	2.4722733E-006
4.05	2.0900245E-006
4.051	1.8599117E-006
4.052	1.7628888E-006
4.053	1.7797508E-006
4.054	1.8914245E-006
4.055	2.0792504E-006
4.056	2.3252394E-006
4.057	2.6123016E-006
4.058	2.9244529E-006
4.059	3.2469800E-006
4.06	3.5665880E-006
4.061	3.8715034E-006
4.062	4.1515555E-006
4.063	4.3982232E-006
4.064	4.6046475E-006
4.065	4.7656317E-006
4.066	4.8775946E-006
4.067	4.9385153E-006
4.068	4.9478413E-006
4.069	4.9063901E-006
4.07	4.8162128E-006
4.071	4.6804607E-006
4.072	4.5032275E-006
4.073	4.2893898E-006
4.074	4.0444370E-006
4.075	3.7743107E-006
4.076	3.4852319E-006
4.077	3.1835466E-006
4.078	2.8755744E-006
4.079	2.5674660E-006
4.08	2.2650729E-006
4.081	1.9738363E-006
4.082	1.6986842E-006
4.083	1.4439461E-006
4.084	1.2132891E-006
4.085	1.0096660E-006
4.086	8.3528840E-007
4.087	6.9160933E-007
4.088	5.7933238E-007
4.089	4.9842959E-007
4.09	4.4818049E-007
4.091	4.2722050E-007
4.092	4.3360509E-007
4.093	4.6488060E-007
4.094	5.1816630E-007
4.095	5.9023967E-007
4.096	6.7762636E-007
4.097	7.7669239E-007
4.098	8.8373355E-007
4.099	9.9506212E-007
4.1	1.1070913E-006
4.101	1.2164096E-006
4.102	1.3198497E-006
4.103	1.4145487E-006
4.104	1.4979967E-006
4.105	1.5680804E-006
4.106	1.6231102E-006
4.107	1.6618419E-006
4.108	1.6834854E-006
4.109	1.6877050E-006
4.11	1.6746060E-006
4.111	1.6447153E-006
4.112	1.5989519E-006
4.113	1.5385888E-006
4.114	1.4652057E-006
4.115	1.3806460E-006
4.116	1.2869575E-006
4.117	1.1863398E-006
4.118	1.0810851E-006
4.119	9.7352427E-007
4.12	8.6596697E-007
4.121	7.6064975E-007
4.122	6.5968595E-007
4.123	5.6501926E-007
4.124	4.7838250E-007
4.125	4.0126295E-007
4.126	3.3487618E-007
4.127	2.8014477E-007
4.128	2.3768739E-007
4.129	2.0781388E-007
4.13	1.9052861E-007
4.131	1.8554117E-007
4.132	1.9228295E-007
4.133	2.0993048E-007
4.134	2.3743303E-007
4.135	2.7354506E-007
4.136	3.1686238E-007
4.137	3.6585976E-007
4.138	4.1893185E-007
4.139	4.7443262E-007
4.14	5.3071602E-007
4.141	5.8617491E-007
4.142	6.3927729E-007
4.143	6.8859930E-007
4.144	7.3285730E-007
4.145	7.7093154E-007
4.146	8.0188926E-007
4.147	8.2500009E-007
4.148	8.3974805E-007
4.149	8.4583644E-007
4.15	8.4318958E-007
4.151	8.3194794E-007
4.152	8.1245867E-007
4.153	7.8526006E-007
4.154	7.5106544E-007
4.155	7.1073902E-007
4.156	6.6527281E-007
4.157	6.1575724E-007
4.158	5.6335426E-007
4.159	5.0926627E-007
4.16	4.5470821E-007
4.161	4.0087590E-007
4.162	3.4892054E-007
4.163	2.9992057E-007
4.164	2.5485818E-007
4.165	2.1459817E-007
4.166	1.7986980E-007
4.167	1.5125251E-007
4.168	1.2916513E-007
4.169	1.1386059E-007
4.17	1.0542349E-007
4.171	1.0377261E-007
4.172	1.0866714E-007
4.173	1.1971659E-007
4.174	1.3639399E-007
4.175	1.5805192E-007
4.176	1.8394091E-007
4.177	2.1322961E-007
4.178	2.4502671E-007
4.179	2.7840306E-007
4.18	3.1241530E-007
4.181	3.4612742E-007
4.182	3.7863433E-007
4.183	4.0908162E-007
4.184	4.3668553E-007
4.185	4.6075010E-007
4.186	4.8068205E-007
4.187	4.9600249E-007
4.188	5.0635606E-007
4.189	5.1151704E-007
4.19	5.1139142E-007
4.191	5.0601659E-007
4.192	4.9555700E-007
4.193	4.8029870E-007
4.194	4.6063892E-007
4.195	4.3707479E-007
4.196	4.1018902E-007
4.197	3.8063456E-007
4.198	3.4911682E-007
4.199	3.1637518E-007
4.2	2.8316461E-007
4.201	2.5023684E-007
4.202	2.1832183E-007
4.203	1.8811076E-007
4.204	1.6024040E-007
4.205	1.3527917E-007
4.206	1.1371493E-007
4.207	9.5945232E-008
4.208	8.2269537E-008
4.209	7.2883843E-008
4.21	6.7877885E-008
4.211	6.7234517E-008
4.212	7.0831938E-008
4.213	7.8448224E-008
4.214	8.9768420E-008
4.215	1.0439389E-007
4.216	1.2185366E-007
4.217	1.4161715E-007
4.218	1.6310868E-007
4.219	1.8572217E-007
4.22	2.0883652E-007
4.221	2.3183097E-007
4.222	2.5409977E-007
4.223	2.7506653E-007
4.224	2.9419684E-007
4.225	3.1101109E-007
4.226	3.2509439E-007
4.227	3.3610553E-007
4.228	3.4378439E-007
4.229	3.4795650E-007
4.23	3.4853639E-007
4.231	3.4552789E-007
4.232	3.3902299E-007
4.233	3.2919746E-007
4.234	3.1630586E-007
4.235	3.0067361E-007
4.236	2.8268784E-007
4.237	2.6278730E-007
4.238	2.4145024E-007
4.239	2.1918270E-007
4.24	1.9650552E-007
4.241	1.7394167E-007
4.242	1.5200330E-007
4.243	1.3117970E-007
4.244	1.1192600E-007
4.245	9.4652314E-008
4.246	7.9715143E-008
4.247	6.7409147E-008
4.248	5.7961312E-008
4.249	5.1526378E-008
4.25	4.8184116E-008
4.251	4.7938510E-008
4.252	5.0718668E-008
4.253	5.6381570E-008
4.254	6.4716474E-008
4.255	7.5451062E-008
4.256	8.8258730E-008
4.257	1.0276752E-007
4.258	1.1856971E-007
4.259	1.3523233E-007
4.26	1.5230809E-007
4.261	1.6934651E-007
4.262	1.8590472E-007
4.263	2.0155825E-007
4.264	2.1591087E-007
4.265	2.2860391E-007
4.266	2.3932384E-007
4.267	2.4781002E-007
4.268	2.5385944E-007
4.269	2.5733158E-007
4.27	2.5815035E-007
4.271	2.5630612E-007
4.272	2.5185429E-007
4.273	2.4491376E-007
4.274	2.3566287E-007
4.275	2.2433444E-007
4.276	2.1120928E-007
4.277	1.9660864E-007
4.278	1.8088579E-007
4.279	1.6441706E-007
4.28	1.4759193E-007
4.281	1.3080405E-007
4.282	1.1444160E-007
4.283	9.8877585E-008
4.284	8.4461661E-008
4.285	7.1511572E-008
4.286	6.0305993E-008
4.287	5.1078079E-008
4.288	4.4010321E-008
4.289	3.9230578E-008
4.29	3.6809642E-008
4.291	3.6760074E-008
4.292	3.9036642E-008
4.293	4.3538048E-008
4.294	5.0110067E-008
4.295	5.8549865E-008
4.296	6.8611499E-008
4.297	8.0012363E-008
4.298	9.2440636E-008
4.299	1.0556313E-007
4.3	1.1903374E-007
4.301	1.3250217E-007
4.302	1.4562244E-007
4.303	1.5806131E-007
4.304	1.6950619E-007
4.305	1.7967243E-007
4.306	1.8830954E-007
4.307	1.9520729E-007
4.308	2.0019996E-007
4.309	2.0317020E-007
4.31	2.0405109E-007
4.311	2.0282771E-007
4.312	1.9953673E-007
4.313	1.9426513E-007
4.314	1.8714778E-007
4.315	1.7836318E-007
4.316	1.6812901E-007
4.317	1.5669593E-007
4.318	1.4434143E-007
4.319	1.3136233E-007
4.32	1.1806804E-007
4.321	1.0477230E-007
4.322	9.1786013E-008
4.323	7.9409880E-008
4.324	6.7926997E-008
4.325	5.7596615E-008
4.326	4.8647784E-008
4.327	4.1274184E-008
4.328	3.5629746E-008
4.329	3.1825110E-008
4.33	2.9925307E-008
4.331	2.9948485E-008
4.332	3.1865856E-008
4.333	3.5602699E-008
4.334	4.1040526E-008
4.335	4.8020411E-008
4.336	5.6347055E-008
4.337	6.5794012E-008
4.338	7.6109394E-008
4.339	8.7022336E-008
4.34	9.8249750E-008
4.341	1.0950337E-007
4.342	1.2049691E-007
4.343	1.3095301E-007
4.344	1.4060983E-007
4.345	1.4922733E-007
4.346	1.5659313E-007
4.347	1.6252696E-007
4.348	1.6688536E-007
4.349	1.6956429E-007
4.35	1.7050179E-007
4.351	1.6967898E-007
4.352	1.6712008E-007
4.353	1.6289177E-007
4.354	1.5710106E-007
4.355	1.4989232E-007
4.356	1.4144364E-007
4.357	1.3196208E-007
4.358	1.2167874E-007
4.359	1.1084247E-007
4.36	9.9714249E-008
4.361	8.8560377E-008
4.362	7.7646106E-008
4.363	6.7229131E-008
4.364	5.7553287E-008
4.365	4.8842615E-008
4.366	4.1296030E-008
4.367	3.5082632E-008
4.368	3.0337784E-008
4.369	2.7160057E-008
4.37	2.5609179E-008
4.371	2.5704844E-008
4.372	2.7426562E-008
4.373	3.0714411E-008
4.374	3.5470777E-008
4.375	4.1562949E-008
4.376	4.8826482E-008
4.377	5.7069474E-008
4.378	6.6077362E-008
4.379	7.5618217E-008
4.38	8.5448612E-008
4.381	9.5319564E-008
4.382	1.0498261E-007
4.383	1.1419589E-007
4.384	1.2272997E-007
4.385	1.3037344E-007
4.386	1.3693769E-007
4.387	1.4226178E-007
4.388	1.4621580E-007
4.389	1.4870432E-007
4.39	1.4966811E-007
4.391	1.4908578E-007
4.392	1.4697380E-007
4.393	1.4338640E-007
4.394	1.3841364E-007
4.395	1.3217910E-007
4.396	1.2483690E-007
4.397	1.1656754E-007
4.398	1.0757351E-007
4.399	9.8074082E-008
4.4	8.8299934E-008
4.401	7.8487275E-008
4.402	6.8872183E-008
4.403	5.9684680E-008
4.404	5.1143161E-008
4.405	4.3449226E-008
4.406	3.6782751E-008
4.407	3.1297777E-008
4.408	2.7118842E-008
4.409	2.4338188E-008
4.41	2.3013639E-008
4.411	2.3167384E-008
4.412	2.4785507E-008
4.413	2.7818457E-008
4.414	3.2182392E-008
4.415	3.7761254E-008
4.416	4.4409745E-008
4.417	5.1956970E-008
4.418	6.0210702E-008
4.419	6.8962244E-008
4.42	7.7991459E-008
4.421	8.7072308E-008
4.422	9.5978407E-008
4.423	1.0448846E-007
4.424	1.1239177E-007
4.425	1.1949311E-007
4.426	1.2561772E-007
4.427	1.3061531E-007
4.428	1.3436355E-007
4.429	1.3677152E-007
4.43	1.3778099E-007
4.431	1.3736854E-007
4.432	1.3554552E-007
4.433	1.3235798E-007
4.434	1.2788514E-007
4.435	1.2223781E-007
4.436	1.1555513E-007
4.437	1.0800125E-007
4.438	9.9761330E-008
4.439	9.1036874E-008
4.44	8.2040799E-008
4.441	7.2992037E-008
4.442	6.4110502E-008
4.443	5.5611480E-008
4.444	4.7700489E-008
4.445	4.0568349E-008
4.446	3.4386538E-008
4.447	2.9302958E-008
4.448	2.5438464E-008
4.449	2.2883803E-008
4.45	2.1697533E-008
4.451	2.1904595E-008
4.452	2.3495765E-008
4.453	2.6427998E-008
4.454	3.0625532E-008
4.455	3.5981842E-008
4.456	4.2362288E-008
4.457	4.9607408E-008
4.458	5.7536926E-008
4.459	6.5954055E-008
4.46	7.4650302E-008
4.461	8.3410711E-008
4.462	9.2018922E-008
4.463	1.0026259E-007
4.464	1.0793853E-007
4.465	1.1485776E-007
4.466	1.2085002E-007
4.467	1.2576794E-007
4.468	1.2949077E-007
4.469	1.3192715E-007
4.47	1.3301745E-007
4.471	1.3273512E-007
4.472	1.3108742E-007
4.473	1.2811516E-007
4.474	1.2389157E-007
4.475	1.1852075E-007
4.476	1.1213479E-007
4.477	1.0489075E-007
4.478	9.6966779E-008
4.479	8.8557719E-008
4.48	7.9870425E-008
4.481	7.1118627E-008
4.482	6.2517820E-008
4.483	5.4279727E-008
4.484	4.6607315E-008
4.485	3.9689770E-008
4.486	3.3697837E-008
4.487	2.8779780E-008
4.488	2.5057663E-008
4.489	2.2624462E-008
4.49	2.1541762E-008
4.491	2.1838190E-008
4.492	2.3508624E-008
4.493	2.6514252E-008
4.494	3.0783426E-008
4.495	3.6213365E-008
4.496	4.2672628E-008
4.497	5.0004349E-008
4.498	5.8030047E-008
4.499	6.6554087E-008
4.5	7.5368476E-008
4.501	8.4257877E-008
4.502	9.3005077E-008
4.503	1.0139617E-007
4.504	1.0922589E-007
4.505	1.1630252E-007
4.506	1.2245279E-007
4.507	1.2752601E-007
4.508	1.3139766E-007
4.509	1.3397266E-007
4.51	1.3518745E-007
4.511	1.3501187E-007
4.512	1.3344946E-007
4.513	1.3053791E-007
4.514	1.2634780E-007
4.515	1.2098116E-007
4.516	1.1456891E-007
4.517	1.0726804E-007
4.518	9.9257683E-008
4.519	9.0734964E-008
4.52	8.1910279E-008
4.521	7.3002461E-008
4.522	6.4233049E-008
4.523	5.5821435E-008
4.524	4.7979004E-008
4.525	4.0903981E-008
4.526	3.4776480E-008
4.527	2.9753942E-008
4.528	2.5967072E-008
4.529	2.3516614E-008
4.53	2.2470854E-008
4.531	2.2863819E-008
4.532	2.4694479E-008
4.533	2.7926683E-008
4.534	3.2489947E-008
4.535	3.8281016E-008
4.536	4.5166299E-008
4.537	5.2984859E-008
4.538	6.1552278E-008
4.539	7.0665102E-008
4.54	8.0105529E-008
4.541	8.9646925E-008
4.542	9.9059214E-008
4.543	1.0811456E-007
4.544	1.1659296E-007
4.545	1.2428768E-007
4.546	1.3101048E-007
4.547	1.3659592E-007
4.548	1.4090607E-007
4.549	1.4383359E-007
4.55	1.4530444E-007
4.551	1.4528037E-007
4.552	1.4375952E-007
4.553	1.4077683E-007
4.554	1.3640367E-007
4.555	1.3074582E-007
4.556	1.2394152E-007
4.557	1.1615812E-007
4.558	1.0758799E-007
4.559	9.8444147E-008
4.56	8.8954977E-008
4.561	7.9358792E-008
4.562	6.9897958E-008
4.563	6.0813107E-008
4.564	5.2337235E-008
4.565	4.4689962E-008
4.566	3.8072084E-008
4.567	3.2660576E-008
4.568	2.8604134E-008
4.569	2.6019274E-008
4.57	2.4987324E-008
4.571	2.5552154E-008
4.572	2.7718881E-008
4.573	3.1453499E-008
4.574	3.6683375E-008
4.575	4.3298844E-008
4.576	5.1155592E-008
4.577	6.0077831E-008
4.578	6.9862487E-008
4.579	8.0283776E-008
4.58	9.1098705E-008
4.581	1.0205267E-007
4.582	1.1288574E-007
4.583	1.2333886E-007
4.584	1.3316043E-007
4.585	1.4211206E-007
4.586	1.4997516E-007
4.587	1.5655596E-007
4.588	1.6169093E-007
4.589	1.6525092E-007
4.59	1.6714444E-007
4.591	1.6732064E-007
4.592	1.6577070E-007
4.593	1.6252849E-007
4.594	1.5766979E-007
4.595	1.5131138E-007
4.596	1.4360808E-007
4.597	1.3474924E-007
4.598	1.2495478E-007
4.599	1.1446964E-007
4.6	1.0355822E-007
4.601	9.2498141E-008
4.602	8.1573447E-008
4.603	7.1067923E-008
4.604	6.1258149E-008
4.605	5.2406694E-008
4.606	4.4755751E-008
4.607	3.8520909E-008
4.608	3.3885712E-008
4.609	3.0996787E-008
4.61	2.9959818E-008
4.611	3.0836510E-008
4.612	3.3642529E-008
4.613	3.8346506E-008
4.614	4.4870326E-008
4.615	5.3090332E-008
4.616	6.2839860E-008
4.617	7.3912865E-008
4.618	8.6068326E-008
4.619	9.9036022E-008
4.62	1.1252260E-007
4.621	1.2621869E-007
4.622	1.3980612E-007
4.623	1.5296573E-007
4.624	1.6538534E-007
4.625	1.7676705E-007
4.626	1.8683495E-007
4.627	1.9534215E-007
4.628	2.0207710E-007
4.629	2.0686943E-007
4.63	2.0959425E-007
4.631	2.1017632E-007
4.632	2.0859255E-007
4.633	2.0487282E-007
4.634	1.9910060E-007
4.635	1.9141140E-007
4.636	1.8199017E-007
4.637	1.7106743E-007
4.638	1.5891450E-007
4.639	1.4583756E-007
4.64	1.3217033E-007
4.641	1.1826670E-007
4.642	1.0449257E-007
4.643	9.1216812E-008
4.644	7.8802621E-008
4.645	6.7598542E-008
4.646	5.7929540E-008
4.647	5.0088918E-008
4.648	4.4330392E-008
4.649	4.0861295E-008
4.65	3.9836710E-008
4.651	4.1354724E-008
4.652	4.5453103E-008
4.653	5.2107321E-008
4.654	6.1229997E-008
4.655	7.2671924E-008
4.656	8.6224830E-008
4.657	1.0162509E-007
4.658	1.1855951E-007
4.659	1.3667194E-007
4.66	1.5557144E-007
4.661	1.7484091E-007
4.662	1.9404710E-007
4.663	2.1275073E-007
4.664	2.3051717E-007
4.665	2.4692676E-007
4.666	2.6158585E-007
4.667	2.7413637E-007
4.668	2.8426558E-007
4.669	2.9171471E-007
4.67	2.9628623E-007
4.671	2.9784997E-007
4.672	2.9634842E-007
4.673	2.9179901E-007
4.674	2.8429585E-007
4.675	2.7400873E-007
4.676	2.6118093E-007
4.677	2.4612456E-007
4.678	2.2921452E-007
4.679	2.1088086E-007
4.68	1.9159971E-007
4.681	1.7188300E-007
4.682	1.5226674E-007
4.683	1.3329911E-007
4.684	1.1552729E-007
4.685	9.9484396E-008
4.686	8.5675964E-008
4.687	7.4567119E-008
4.688	6.6570209E-008
4.689	6.2033443E-008
4.69	6.1230757E-008
4.691	6.4353614E-008
4.692	7.1504111E-008
4.693	8.2690114E-008
4.694	9.7823019E-008
4.695	1.1671678E-007
4.696	1.3909003E-007
4.697	1.6457030E-007
4.698	1.9269984E-007
4.699	2.2294479E-007
4.7	2.5470553E-007
4.701	2.8732913E-007
4.702	3.2012389E-007
4.703	3.5237440E-007
4.704	3.8335881E-007
4.705	4.1236547E-007
4.706	4.3871154E-007
4.707	4.6175990E-007
4.708	4.8093733E-007
4.709	4.9575027E-007
4.71	5.0579945E-007
4.711	5.1079337E-007
4.712	5.1055900E-007
4.713	5.0504997E-007
4.714	4.9435124E-007
4.715	4.7868224E-007
4.716	4.5839658E-007
4.717	4.3397824E-007
4.718	4.0603464E-007
4.719	3.7528835E-007
4.72	3.4256334E-007
4.721	3.0877018E-007
4.722	2.7488812E-007
4.723	2.4194412E-007
4.724	2.1099061E-007
4.725	1.8308126E-007
4.726	1.5924627E-007
4.727	1.4046680E-007
4.728	1.2764984E-007
4.729	1.2160407E-007
4.73	1.2301658E-007
4.731	1.3243178E-007
4.732	1.5023251E-007
4.733	1.7662420E-007
4.734	2.1162181E-007
4.735	2.5504161E-007
4.736	3.0649568E-007
4.737	3.6539294E-007
4.738	4.3094249E-007
4.739	5.0216357E-007
4.74	5.7789981E-007
4.741	6.5683764E-007
4.742	7.3752926E-007
4.743	8.1842131E-007
4.744	8.9788341E-007
4.745	9.7424629E-007
4.746	1.0458350E-006
4.747	1.1110133E-006
4.748	1.1682208E-006
4.749	1.2160167E-006
4.75	1.2531233E-006
4.751	1.2784650E-006
4.752	1.2912093E-006
4.753	1.2908040E-006
4.754	1.2770100E-006
4.755	1.2499301E-006
4.756	1.2100348E-006
4.757	1.1581799E-006
4.758	1.0956196E-006
4.759	1.0240130E-006
4.76	9.4542236E-007
4.761	8.6230665E-007
4.762	7.7750406E-007
4.763	6.9421048E-007
4.764	6.1594739E-007
4.765	5.4652571E-007
4.766	4.8999755E-007
4.767	4.5060742E-007
4.768	4.3273300E-007
4.769	4.4082375E-007
4.77	4.7933298E-007
4.771	5.5264877E-007
4.772	6.6502213E-007
4.773	8.2049291E-007
4.774	1.0228187E-006
4.775	1.2754015E-006
4.776	1.5812223E-006
4.777	1.9427757E-006
4.778	2.3620064E-006
4.779	2.8402681E-006
4.78	3.3782637E-006
4.781	3.9760143E-006
4.782	4.6328369E-006
4.783	5.3473073E-006
4.784	6.1172623E-006
4.785	6.9397879E-006
4.786	7.8112316E-006
4.787	8.7272219E-006
4.788	9.6826834E-006
4.789	1.0671884E-005
4.79	1.1688492E-005
4.791	1.2725606E-005
4.792	1.3775864E-005
4.793	1.4831481E-005
4.794	1.5884372E-005
4.795	1.6926218E-005
4.796	1.7948572E-005
4.797	1.8942968E-005
4.798	1.9901006E-005
4.799	2.0814479E-005
4.8	2.1675414E-005
4.801	2.2476272E-005
4.802	2.3209921E-005
4.803	2.3869790E-005
4.804	2.4449957E-005
4.805	2.4945168E-005
4.806	2.5350946E-005
4.807	2.5663634E-005
4.808	2.5880405E-005
4.809	2.5999381E-005
4.81	2.6019550E-005
4.811	2.5940843E-005
4.812	2.5764117E-005
4.813	2.5491125E-005
4.814	2.5124515E-005
4.815	2.4667786E-005
4.816	2.4125236E-005
4.817	2.3501931E-005
4.818	2.2803613E-005
4.819	2.2036669E-005
4.82	2.1208019E-005
4.821	2.0325057E-005
4.822	1.9395531E-005
4.823	1.8427454E-005
4.824	1.7429013E-005
4.825	1.6408470E-005
4.826	1.5374022E-005
4.827	1.4333747E-005
4.828	1.3295509E-005
4.829	1.2266854E-005
4.83	1.1254961E-005
4.831	1.0266566E-005
4.832	9.3078943E-006
4.833	8.3846198E-006
4.834	7.5018233E-006
4.835	6.6639373E-006
4.836	5.8747269E-006
4.837	5.1372599E-006
4.838	4.4539001E-006
4.839	3.8262961E-006
4.84	3.2553967E-006
4.841	2.7414651E-006
4.842	2.2841109E-006
4.843	1.8823263E-006
4.844	1.5345325E-006
4.845	1.2386345E-006
4.846	9.9207250E-007
4.847	7.9188709E-007
4.848	6.3478200E-007
4.849	5.1718496E-007
4.85	4.3531560E-007
4.851	3.8524891E-007
4.852	3.6297897E-007
4.853	3.6448083E-007
4.854	3.8576925E-007
4.855	4.2295471E-007
4.856	4.7229395E-007
4.857	5.3023666E-007
4.858	5.9346672E-007
4.859	6.5893590E-007
4.86	7.2389332E-007
4.861	7.8590830E-007
4.862	8.4288382E-007
4.863	8.9306752E-007
4.864	9.3505429E-007
4.865	9.6778149E-007
4.866	9.9052181E-007
4.867	1.0028670E-006
4.868	1.0047100E-006
4.869	9.9622309E-007
4.87	9.7782993E-007
4.871	9.5017725E-007
4.872	9.1410402E-007
4.873	8.7060835E-007
4.874	8.2081317E-007
4.875	7.6593250E-007
4.876	7.0723621E-007
4.877	6.4601795E-007
4.878	5.8356164E-007
4.879	5.2111341E-007
4.88	4.5985439E-007
4.881	4.0087801E-007
4.882	3.4517052E-007
4.883	2.9359512E-007
4.884	2.4688006E-007
4.885	2.0560985E-007
4.886	1.7022009E-007
4.887	1.4099614E-007
4.888	1.1807353E-007
4.889	1.0144267E-007
4.89	9.0956057E-008
4.891	8.6338041E-008
4.892	8.7197286E-008
4.893	9.3041265E-008
4.894	1.0329229E-007
4.895	1.1730485E-007
4.896	1.3438364E-007
4.897	1.5380191E-007
4.898	1.7481941E-007
4.899	1.9670007E-007
4.9	2.1872837E-007
4.901	2.4022475E-007
4.902	2.6055940E-007
4.903	2.7916377E-007
4.904	2.9554121E-007
4.905	3.0927438E-007
4.906	3.2003143E-007
4.907	3.2756932E-007
4.908	3.3173581E-007
4.909	3.3246883E-007
4.91	3.2979361E-007
4.911	3.2381902E-007
4.912	3.1473067E-007
4.913	3.0278369E-007
4.914	2.8829345E-007
4.915	2.7162568E-007
4.916	2.5318505E-007
4.917	2.3340478E-007
4.918	2.1273448E-007
4.919	1.9162925E-007
4.92	1.7053888E-007
4.921	1.4989747E-007
4.922	1.3011429E-007
4.923	1.1156484E-007
4.924	9.4583385E-008
4.925	7.9456662E-008
4.926	6.6418643E-008
4.927	5.5646730E-008
4.928	4.7259537E-008
4.929	4.1315914E-008
4.93	3.7815685E-008
4.931	3.6701604E-008
4.932	3.7862602E-008
4.933	4.1138343E-008
4.934	4.6324566E-008
4.935	5.3179466E-008
4.936	6.1430576E-008
4.937	7.0782363E-008
4.938	8.0923861E-008
4.939	9.1536670E-008
4.94	1.0230271E-007
4.941	1.1291178E-007
4.942	1.2306862E-007
4.943	1.3249945E-007
4.944	1.4095747E-007
4.945	1.4822827E-007
4.946	1.5413333E-007
4.947	1.5853341E-007
4.948	1.6133058E-007
4.949	1.6246912E-007
4.95	1.6193577E-007
4.951	1.5975860E-007
4.952	1.5600523E-007
4.953	1.5077981E-007
4.954	1.4421971E-007
4.955	1.3649104E-007
4.956	1.2778388E-007
4.957	1.1830709E-007
4.958	1.0828261E-007
4.959	9.7940038E-008
4.96	8.7510699E-008
4.961	7.7222190E-008
4.962	6.7293001E-008
4.963	5.7927615E-008
4.964	4.9311815E-008
4.965	4.1608931E-008
4.966	3.4956489E-008
4.967	2.9463491E-008
4.968	2.5208731E-008
4.969	2.2239567E-008
4.97	2.0571655E-008
4.971	2.0189365E-008
4.972	2.1046931E-008
4.973	2.3070267E-008
4.974	2.6159453E-008
4.975	3.0191718E-008
4.976	3.5024961E-008
4.977	4.0501604E-008
4.978	4.6452815E-008
4.979	5.2702795E-008
4.98	5.9073184E-008
4.981	6.5387468E-008
4.982	7.1475164E-008
4.983	7.7175663E-008
4.984	8.2341984E-008
4.985	8.6843791E-008
4.986	9.0570239E-008
4.987	9.3432021E-008
4.988	9.5363070E-008
4.989	9.6321607E-008
4.99	9.6290407E-008
4.991	9.5276938E-008
4.992	9.3312401E-008
4.993	9.0450548E-008
4.994	8.6765894E-008
4.995	8.2351519E-008
4.996	7.7316308E-008
4.997	7.1782139E-008
4.998	6.5880570E-008
4.999	5.9749482E-008
5	5.3529561E-008
5.001	4.7360967E-008
5.002	4.1379817E-008
5.003	3.5715050E-008
5.004	3.0485477E-008
5.005	2.5797068E-008
5.006	2.1740721E-008
5.007	1.8390358E-008
5.008	1.5801469E-008
5.009	1.4010175E-008
5.01	1.3032761E-008
5.011	1.2865666E-008
5.012	1.3485989E-008
5.013	1.4852414E-008
5.014	1.6906579E-008
5.015	1.9574813E-008
5.016	2.2770168E-008
5.017	2.6394835E-008
5.018	3.0342616E-008
5.019	3.4501667E-008
5.02	3.8757289E-008
5.021	4.2994710E-008
5.022	4.7101906E-008
5.023	5.0972108E-008
5.024	5.4506422E-008
5.025	5.7616017E-008
5.026	6.0224060E-008
5.027	6.2267389E-008
5.028	6.3697797E-008
5.029	6.4482883E-008
5.03	6.4606560E-008
5.031	6.4069290E-008
5.032	6.2887587E-008
5.033	6.1093431E-008
5.034	5.8733242E-008
5.035	5.5866483E-008
5.036	5.2564033E-008
5.037	4.8906301E-008
5.038	4.4981014E-008
5.039	4.0881108E-008
5.04	3.6702247E-008
5.041	3.2540576E-008
5.042	2.8490314E-008
5.043	2.4641471E-008
5.044	2.1077836E-008
5.045	1.7874969E-008
5.046	1.5098532E-008
5.047	1.2802883E-008
5.048	1.1029956E-008
5.049	9.8084065E-009
5.05	9.1531831E-009
5.051	9.0653591E-009
5.052	9.5323065E-009
5.053	1.0528247E-008
5.054	1.2015032E-008
5.055	1.3943265E-008
5.056	1.6253674E-008
5.057	1.8878655E-008
5.058	2.1744055E-008
5.059	2.4771067E-008
5.06	2.7878196E-008
5.061	3.0983276E-008
5.062	3.4005435E-008
5.063	3.6867085E-008
5.064	3.9495735E-008
5.065	4.1825619E-008
5.066	4.3799254E-008
5.067	4.5368694E-008
5.068	4.6496563E-008
5.069	4.7156821E-008
5.07	4.7335178E-008
5.071	4.7029360E-008
5.072	4.6248907E-008
5.073	4.5014787E-008
5.074	4.3358678E-008
5.075	4.1322128E-008
5.076	3.8955324E-008
5.077	3.6315857E-008
5.078	3.3467185E-008
5.079	3.0477096E-008
5.08	2.7416043E-008
5.081	2.4355414E-008
5.082	2.1365787E-008
5.083	1.8515221E-008
5.084	1.5867627E-008
5.085	1.3481267E-008
5.086	1.1407351E-008
5.087	9.6888852E-009
5.088	8.3597076E-009
5.089	7.4437767E-009
5.09	6.9547177E-009
5.091	6.8956219E-009
5.092	7.2591080E-009
5.093	8.0276523E-009
5.094	9.1741317E-009
5.095	1.0662628E-008
5.096	1.2449399E-008
5.097	1.4484031E-008
5.098	1.6710741E-008
5.099	1.9069812E-008
5.1	2.1499028E-008
5.101	2.3935270E-008
5.102	2.6315986E-008
5.103	2.8580718E-008
5.104	3.0672535E-008
5.105	3.2539333E-008
5.106	3.4135102E-008
5.107	3.5420918E-008
5.108	3.6365822E-008
5.109	3.6947494E-008
5.11	3.7152738E-008
5.111	3.6977635E-008
5.112	3.6427625E-008
5.113	3.5517242E-008
5.114	3.4269650E-008
5.115	3.2716063E-008
5.116	3.0894824E-008
5.117	2.8850481E-008
5.118	2.6632575E-008
5.119	2.4294412E-008
5.12	2.1891724E-008
5.121	1.9481263E-008
5.122	1.7119469E-008
5.123	1.4861032E-008
5.124	1.2757646E-008
5.125	1.0856754E-008
5.126	9.2004608E-009
5.127	7.8245543E-009
5.128	6.7576953E-009
5.129	6.0207785E-009
5.13	5.6265055E-009
5.131	5.5791340E-009
5.132	5.8744671E-009
5.133	6.5000210E-009
5.134	7.4354181E-009
5.135	8.6529566E-009
5.136	1.0118361E-008
5.137	1.1791665E-008
5.138	1.3628241E-008
5.139	1.5579911E-008
5.14	1.7596154E-008
5.141	1.9625297E-008
5.142	2.1615836E-008
5.143	2.3517638E-008
5.144	2.5283141E-008
5.145	2.6868515E-008
5.146	2.8234663E-008
5.147	2.9348161E-008
5.148	3.0182051E-008
5.149	3.0716357E-008
5.15	3.0938651E-008
5.151	3.0844188E-008
5.152	3.0435977E-008
5.153	2.9724733E-008
5.154	2.8728442E-008
5.155	2.7471952E-008
5.156	2.5986260E-008
5.157	2.4307733E-008
5.158	2.2477185E-008
5.159	2.0538849E-008
5.16	1.8539263E-008
5.161	1.6526146E-008
5.162	1.4547211E-008
5.163	1.2649027E-008
5.164	1.0875893E-008
5.165	9.2687715E-009
5.166	7.8643279E-009
5.167	6.6940613E-009
5.168	5.7835878E-009
5.169	5.1520437E-009
5.17	4.8116591E-009
5.171	4.7675206E-009
5.172	5.0174727E-009
5.173	5.5522249E-009
5.174	6.3556267E-009
5.175	7.4050885E-009
5.176	8.6721865E-009
5.177	1.0123383E-008
5.178	1.1720886E-008
5.179	1.3423588E-008
5.18	1.5188096E-008
5.181	1.6969819E-008
5.182	1.8724016E-008
5.183	2.0406929E-008
5.184	2.1976797E-008
5.185	2.3394881E-008
5.186	2.4626365E-008
5.187	2.5641159E-008
5.188	2.6414627E-008
5.189	2.6928149E-008
5.19	2.7169516E-008
5.191	2.7133225E-008
5.192	2.6820553E-008
5.193	2.6239524E-008
5.194	2.5404653E-008
5.195	2.4336574E-008
5.196	2.3061519E-008
5.197	2.1610656E-008
5.198	2.0019312E-008
5.199	1.8326102E-008
5.2	1.6571962E-008
5.201	1.4799169E-008
5.202	1.3050268E-008
5.203	1.1367064E-008
5.204	9.7895718E-009
5.205	8.3550677E-009
5.206	7.0971731E-009
5.207	6.0450609E-009
5.208	5.2227604E-009
5.209	4.6486086E-009
5.21	4.3348192E-009
5.211	4.2872310E-009
5.212	4.5051829E-009
5.213	4.9815689E-009
5.214	5.7030283E-009
5.215	6.6503114E-009
5.216	7.7987545E-009
5.217	9.1189145E-009
5.218	1.0577292E-008
5.219	1.2137163E-008
5.22	1.3759483E-008
5.221	1.5403817E-008
5.222	1.7029338E-008
5.223	1.8595818E-008
5.224	2.0064586E-008
5.225	2.1399476E-008
5.226	2.2567717E-008
5.227	2.3540677E-008
5.228	2.4294611E-008
5.229	2.4811202E-008
5.23	2.5077972E-008
5.231	2.5088623E-008
5.232	2.4843111E-008
5.233	2.4347663E-008
5.234	2.3614598E-008
5.235	2.2661990E-008
5.236	2.1513214E-008
5.237	2.0196381E-008
5.238	1.8743640E-008
5.239	1.7190347E-008
5.24	1.5574283E-008
5.241	1.3934663E-008
5.242	1.2311220E-008
5.243	1.0743225E-008
5.244	9.2685548E-009
5.245	7.9227318E-009
5.246	6.7381047E-009
5.247	5.7430309E-009
5.248	4.9612123E-009
5.249	4.4111022E-009
5.25	4.1054942E-009
5.251	4.0512003E-009
5.252	4.2489097E-009
5.253	4.6931783E-009
5.254	5.3725757E-009
5.255	6.2699734E-009
5.256	7.3629636E-009
5.257	8.6244150E-009
5.258	1.0023133E-008
5.259	1.1524633E-008
5.26	1.3091963E-008
5.261	1.4686618E-008
5.262	1.6269460E-008
5.263	1.7801694E-008
5.264	1.9245771E-008
5.265	2.0566334E-008
5.266	2.1731033E-008
5.267	2.2711349E-008
5.268	2.3483285E-008
5.269	2.4027926E-008
5.27	2.4331904E-008
5.271	2.4387777E-008
5.272	2.4194165E-008
5.273	2.3755774E-008
5.274	2.3083349E-008
5.275	2.2193330E-008
5.276	2.1107539E-008
5.277	1.9852550E-008
5.278	1.8459140E-008
5.279	1.6961442E-008
5.28	1.5396171E-008
5.281	1.3801688E-008
5.282	1.2217086E-008
5.283	1.0681223E-008
5.284	9.2317789E-009
5.285	7.9043581E-009
5.286	6.7316086E-009
5.287	5.7424510E-009
5.288	4.9613704E-009
5.289	4.4078097E-009
5.29	4.0957082E-009
5.291	4.0331409E-009
5.292	4.2221124E-009
5.293	4.6584985E-009
5.294	5.3321378E-009
5.295	6.2270678E-009
5.296	7.3219231E-009
5.297	8.5904466E-009
5.298	1.0002139E-008
5.299	1.1522990E-008
5.3	1.3116315E-008
5.301	1.4743646E-008
5.302	1.6365645E-008
5.303	1.7943051E-008
5.304	1.9437643E-008
5.305	2.0813131E-008
5.306	2.2036046E-008
5.307	2.3076549E-008
5.308	2.3909172E-008
5.309	2.4513428E-008
5.31	2.4874351E-008
5.311	2.4982857E-008
5.312	2.4836034E-008
5.313	2.4437183E-008
5.314	2.3795835E-008
5.315	2.2927445E-008
5.316	2.1853127E-008
5.317	2.0599101E-008
5.318	1.9196051E-008
5.319	1.7678422E-008
5.32	1.6083570E-008
5.321	1.4450852E-008
5.322	1.2820672E-008
5.323	1.1233535E-008
5.324	9.7290336E-009
5.325	8.3449123E-009
5.326	7.1161175E-009
5.327	6.0739720E-009
5.328	5.2453810E-009
5.329	4.6521662E-009
5.33	4.3105208E-009
5.331	4.2305763E-009
5.332	4.4161461E-009
5.333	4.8645945E-009
5.334	5.5668647E-009
5.335	6.5076802E-009
5.336	7.6658662E-009
5.337	9.0148458E-009
5.338	1.0523272E-008
5.339	1.2155743E-008
5.34	1.3873687E-008
5.341	1.5636278E-008
5.342	1.7401423E-008
5.343	1.9126812E-008
5.344	2.0770914E-008
5.345	2.2294028E-008
5.346	2.3659231E-008
5.347	2.4833289E-008
5.348	2.5787481E-008
5.349	2.6498299E-008
5.35	2.6948067E-008
5.351	2.7125356E-008
5.352	2.7025360E-008
5.353	2.6650007E-008
5.354	2.6007987E-008
5.355	2.5114556E-008
5.356	2.3991243E-008
5.357	2.2665358E-008
5.358	2.1169361E-008
5.359	1.9540110E-008
5.36	1.7817971E-008
5.361	1.6045874E-008
5.362	1.4268245E-008
5.363	1.2529943E-008
5.364	1.0875170E-008
5.365	9.3464019E-009
5.366	7.9833242E-009
5.367	6.8218617E-009
5.368	5.8933045E-009
5.369	5.2234852E-009
5.37	4.8321573E-009
5.371	4.7324362E-009
5.372	4.9304605E-009
5.373	5.4251745E-009
5.374	6.2083232E-009
5.375	7.2645765E-009
5.376	8.5718561E-009
5.377	1.0101830E-008
5.378	1.1820516E-008
5.379	1.3689087E-008
5.38	1.5664748E-008
5.381	1.7701762E-008
5.382	1.9752497E-008
5.383	2.1768617E-008
5.384	2.3702235E-008
5.385	2.5507068E-008
5.386	2.7139619E-008
5.387	2.8560258E-008
5.388	2.9734194E-008
5.389	3.0632403E-008
5.39	3.1232368E-008
5.391	3.1518685E-008
5.392	3.1483498E-008
5.393	3.1126724E-008
5.394	3.0456214E-008
5.395	2.9487548E-008
5.396	2.8243790E-008
5.397	2.6754973E-008
5.398	2.5057460E-008
5.399	2.3193120E-008
5.4	2.1208399E-008
5.401	1.9153164E-008
5.402	1.7079604E-008
5.403	1.5040941E-008
5.404	1.3090163E-008
5.405	1.1278701E-008
5.406	9.6551984E-009
5.407	8.2642879E-009
5.408	7.1454518E-009
5.409	6.3320358E-009
5.41	5.8503358E-009
5.411	5.7189049E-009
5.412	5.9480052E-009
5.413	6.5392651E-009
5.414	7.4855411E-009
5.415	8.7709804E-009
5.416	1.0371318E-008
5.417	1.2254358E-008
5.418	1.4380654E-008
5.419	1.6704385E-008
5.42	1.9174379E-008
5.421	2.1735287E-008
5.422	2.4328866E-008
5.423	2.6895364E-008
5.424	2.9374943E-008
5.425	3.1709117E-008
5.426	3.3842230E-008
5.427	3.5722795E-008
5.428	3.7304844E-008
5.429	3.8549114E-008
5.43	3.9424108E-008
5.431	3.9906979E-008
5.432	3.9984194E-008
5.433	3.9652036E-008
5.434	3.8916870E-008
5.435	3.7795054E-008
5.436	3.6312770E-008
5.437	3.4505451E-008
5.438	3.2417166E-008
5.439	3.0099553E-008
5.44	2.7610728E-008
5.441	2.5014051E-008
5.442	2.2376520E-008
5.443	1.9767349E-008
5.444	1.7256262E-008
5.445	1.4911823E-008
5.446	1.2799782E-008
5.447	1.0981401E-008
5.448	9.5119166E-009
5.449	8.4390965E-009
5.45	7.8019351E-009
5.451	7.6295619E-009
5.452	7.9403684E-009
5.453	8.7413570E-009
5.454	1.0027796E-008
5.455	1.1783100E-008
5.456	1.3979056E-008
5.457	1.6576283E-008
5.458	1.9524988E-008
5.459	2.2765981E-008
5.46	2.6231930E-008
5.461	2.9848835E-008
5.462	3.3537681E-008
5.463	3.7216264E-008
5.464	4.0801108E-008
5.465	4.4209511E-008
5.466	4.7361532E-008
5.467	5.0182003E-008
5.468	5.2602495E-008
5.469	5.4563028E-008
5.47	5.6013793E-008
5.471	5.6916512E-008
5.472	5.7245646E-008
5.473	5.6989276E-008
5.474	5.6149698E-008
5.475	5.4743797E-008
5.476	5.2802889E-008
5.477	5.0372311E-008
5.478	4.7510706E-008
5.479	4.4288903E-008
5.48	4.0788418E-008
5.481	3.7099799E-008
5.482	3.3320596E-008
5.483	2.9553171E-008
5.484	2.5902365E-008
5.485	2.2472955E-008
5.486	1.9367237E-008
5.487	1.6682399E-008
5.488	1.4508163E-008
5.489	1.2924369E-008
5.49	1.1998887E-008
5.491	1.1785661E-008
5.492	1.2323055E-008
5.493	1.3632566E-008
5.494	1.5717855E-008
5.495	1.8564213E-008
5.496	2.2138387E-008
5.497	2.6388916E-008
5.498	3.1246817E-008
5.499	3.6626687E-008
5.5	4.2428354E-008
5.501	4.8538684E-008
5.502	5.4833947E-008
5.503	6.1182433E-008
5.504	6.7447445E-008
5.505	7.3490327E-008
5.506	7.9173894E-008
5.507	8.4365858E-008
5.508	8.8942201E-008
5.509	9.2790415E-008
5.51	9.5812830E-008
5.511	9.7929217E-008
5.512	9.9079493E-008
5.513	9.9225744E-008
5.514	9.8353844E-008
5.515	9.6474729E-008
5.516	9.3625118E-008
5.517	8.9867378E-008
5.518	8.5289301E-008
5.519	8.0002906E-008
5.52	7.4142847E-008
5.521	6.7864065E-008
5.522	6.1338909E-008
5.523	5.4753865E-008
5.524	4.8305459E-008
5.525	4.2196223E-008
5.526	3.6629999E-008
5.527	3.1807254E-008
5.528	2.7920237E-008
5.529	2.5148196E-008
5.53	2.3652664E-008
5.531	2.3572989E-008
5.532	2.5022155E-008
5.533	2.8083077E-008
5.534	3.2805282E-008
5.535	3.9202327E-008
5.536	4.7249777E-008
5.537	5.6884065E-008
5.538	6.8002151E-008
5.539	8.0462051E-008
5.54	9.4084363E-008
5.541	1.0865475E-007
5.542	1.2392715E-007
5.543	1.3962804E-007
5.544	1.5546166E-007
5.545	1.7111536E-007
5.546	1.8626665E-007
5.547	2.0058965E-007
5.548	2.1376314E-007
5.549	2.2547805E-007
5.55	2.3544568E-007
5.551	2.4340588E-007
5.552	2.4913558E-007
5.553	2.5245552E-007
5.554	2.5323877E-007
5.555	2.5141705E-007
5.556	2.4698656E-007
5.557	2.4001329E-007
5.558	2.3063714E-007
5.559	2.1907475E-007
5.56	2.0562088E-007
5.561	1.9064913E-007
5.562	1.7461080E-007
5.563	1.5803209E-007
5.564	1.4151074E-007
5.565	1.2571009E-007
5.566	1.1135274E-007
5.567	9.9212052E-008
5.568	9.0102759E-008
5.569	8.4870010E-008
5.57	8.4377959E-008
5.571	8.9496872E-008
5.572	1.0109014E-007
5.573	1.2000066E-007
5.574	1.4703724E-007
5.575	1.8296105E-007
5.576	2.2847178E-007
5.577	2.8419507E-007
5.578	3.5066915E-007
5.579	4.2833241E-007
5.58	5.1751192E-007
5.581	6.1841200E-007
5.582	7.3110465E-007
5.583	8.5552227E-007
5.584	9.9145063E-007
5.585	1.1385268E-006
5.586	1.2962378E-006
5.587	1.4639231E-006
5.588	1.6407786E-006
5.589	1.8258634E-006
5.59	2.0181094E-006
5.591	2.2163283E-006
5.592	2.4192254E-006
5.593	2.6254086E-006
5.594	2.8334027E-006
5.595	3.0416636E-006
5.596	3.2485916E-006
5.597	3.4525533E-006
5.598	3.6518941E-006
5.599	3.8449625E-006
5.6	4.0301284E-006
5.601	4.2058014E-006
5.602	4.3704513E-006
5.603	4.5226307E-006
5.604	4.6609885E-006
5.605	4.7842841E-006
5.606	4.8914089E-006
5.607	4.9813898E-006
5.608	5.0534140E-006
5.609	5.1068259E-006
5.61	5.1411425E-006
5.611	5.1560614E-006
5.612	5.1514598E-006
5.613	5.1274037E-006
5.614	5.0841345E-006
5.615	5.0220779E-006
5.616	4.9418331E-006
5.617	4.8441616E-006
5.618	4.7299850E-006
5.619	4.6003602E-006
5.62	4.4564758E-006
5.621	4.2996348E-006
5.622	4.1312305E-006
5.623	3.9527445E-006
5.624	3.7657117E-006
5.625	3.5717201E-006
5.626	3.3723786E-006
5.627	3.1693035E-006
5.628	2.9641046E-006
5.629	2.7583610E-006
5.63	2.5536003E-006
5.631	2.3512928E-006
5.632	2.1528251E-006
5.633	1.9594902E-006
5.634	1.7724759E-006
5.635	1.5928546E-006
5.636	1.4215748E-006
5.637	1.2594546E-006
5.638	1.1071789E-006
5.639	9.6529504E-007
5.64	8.3421378E-007
5.641	7.1420800E-007
5.642	6.0541595E-007
5.643	5.0784547E-007
5.644	4.2137938E-007
5.645	3.4578255E-007
5.646	2.8071142E-007
5.647	2.2572405E-007
5.648	1.8029061E-007
5.649	1.4380599E-007
5.65	1.1560205E-007
5.651	9.4960257E-008
5.652	8.1124483E-008
5.653	7.3313707E-008
5.654	7.0734650E-008
5.655	7.2593600E-008
5.656	7.8108144E-008
5.657	8.6517879E-008
5.658	9.7094343E-008
5.659	1.0914980E-007
5.66	1.2204512E-007
5.661	1.3519616E-007
5.662	1.4807888E-007
5.663	1.6023338E-007
5.664	1.7126641E-007
5.665	1.8085255E-007
5.666	1.8873466E-007
5.667	1.9472270E-007
5.668	1.9869185E-007
5.669	2.0057935E-007
5.67	2.0038067E-007
5.671	1.9814486E-007
5.672	1.9396889E-007
5.673	1.8799224E-007
5.674	1.8039020E-007
5.675	1.7136756E-007
5.676	1.6115177E-007
5.677	1.4998650E-007
5.678	1.3812468E-007
5.679	1.2582252E-007
5.68	1.1333336E-007
5.681	1.0090200E-007
5.682	8.8759649E-008
5.683	7.7119545E-008
5.684	6.6173094E-008
5.685	5.6086765E-008
5.686	4.6999705E-008
5.687	3.9022083E-008
5.688	3.2234095E-008
5.689	2.6685843E-008
5.69	2.2397650E-008
5.691	1.9361160E-008
5.692	1.7540950E-008
5.693	1.6876713E-008
5.694	1.7285839E-008
5.695	1.8666354E-008
5.696	2.0900256E-008
5.697	2.3856884E-008
5.698	2.7396551E-008
5.699	3.1374068E-008
5.7	3.5642294E-008
5.701	4.0055532E-008
5.702	4.4472625E-008
5.703	4.8759986E-008
5.704	5.2794171E-008
5.705	5.6464199E-008
5.706	5.9673482E-008
5.707	6.2341421E-008
5.708	6.4404468E-008
5.709	6.5816899E-008
5.71	6.6551060E-008
5.711	6.6597188E-008
5.712	6.5962993E-008
5.713	6.4672435E-008
5.714	6.2764713E-008
5.715	6.0292614E-008
5.716	5.7320563E-008
5.717	5.3922811E-008
5.718	5.0181139E-008
5.719	4.6182752E-008
5.72	4.2017913E-008
5.721	3.7777763E-008
5.722	3.3552126E-008
5.723	2.9427472E-008
5.724	2.5484953E-008
5.725	2.1798762E-008
5.726	1.8434580E-008
5.727	1.5448398E-008
5.728	1.2885514E-008
5.729	1.0779885E-008
5.73	9.1537000E-009
5.731	8.0173113E-009
5.732	7.3693704E-009
5.733	7.1972774E-009
5.734	7.4778512E-009
5.735	8.1782305E-009
5.736	9.2569641E-009
5.737	1.0665270E-008
5.738	1.2348408E-008
5.739	1.4247169E-008
5.74	1.6299399E-008
5.741	1.8441554E-008
5.742	2.0610203E-008
5.743	2.2743542E-008
5.744	2.4782766E-008
5.745	2.6673384E-008
5.746	2.8366316E-008
5.747	2.9818928E-008
5.748	3.0995857E-008
5.749	3.1869551E-008
5.75	3.2420726E-008
5.751	3.2638610E-008
5.752	3.2520866E-008
5.753	3.2073427E-008
5.754	3.1310098E-008
5.755	3.0251950E-008
5.756	2.8926681E-008
5.757	2.7367673E-008
5.758	2.5613081E-008
5.759	2.3704763E-008
5.76	2.1687200E-008
5.761	1.9606363E-008
5.762	1.7508569E-008
5.763	1.5439385E-008
5.764	1.3442574E-008
5.765	1.1559080E-008
5.766	9.8261275E-009
5.767	8.2764622E-009
5.768	6.9376531E-009
5.769	5.8315917E-009
5.77	4.9741105E-009
5.771	4.3747543E-009
5.772	4.0367283E-009
5.773	3.9569725E-009
5.774	4.1264006E-009
5.775	4.5302677E-009
5.776	5.1486588E-009
5.777	5.9571019E-009
5.778	6.9272508E-009
5.779	8.0276585E-009
5.78	9.2246095E-009
5.781	1.0482966E-008
5.782	1.1767022E-008
5.783	1.3041410E-008
5.784	1.4271894E-008
5.785	1.5426176E-008
5.786	1.6474610E-008
5.787	1.7390869E-008
5.788	1.8152480E-008
5.789	1.8741252E-008
5.79	1.9143638E-008
5.791	1.9350944E-008
5.792	1.9359403E-008
5.793	1.9170198E-008
5.794	1.8789274E-008
5.795	1.8227110E-008
5.796	1.7498358E-008
5.797	1.6621401E-008
5.798	1.5617861E-008
5.799	1.4511946E-008
5.8	1.3329862E-008
5.801	1.2099126E-008
5.802	1.0847883E-008
5.803	9.6042188E-009
5.804	8.3954861E-009
5.805	7.2476682E-009
5.806	6.1847971E-009
5.807	5.2284022E-009
5.808	4.3970538E-009
5.809	3.7059771E-009
5.81	3.1667540E-009
5.811	2.7871141E-009
5.812	2.5708260E-009
5.813	2.5176801E-009
5.814	2.6235789E-009
5.815	2.8807057E-009
5.816	3.2777856E-009
5.817	3.8004249E-009
5.818	4.4315178E-009
5.819	5.1517066E-009
5.82	5.9398846E-009
5.821	6.7737429E-009
5.822	7.6303186E-009
5.823	8.4865555E-009
5.824	9.3198578E-009
5.825	1.0108629E-008
5.826	1.0832766E-008
5.827	1.1474106E-008
5.828	1.2016843E-008
5.829	1.2447860E-008
5.83	1.2756984E-008
5.831	1.2937213E-008
5.832	1.2984792E-008
5.833	1.2899259E-008
5.834	1.2683415E-008
5.835	1.2343171E-008
5.836	1.1887376E-008
5.837	1.1327531E-008
5.838	1.0677485E-008
5.839	9.9530446E-009
5.84	9.1715728E-009
5.841	8.3515204E-009
5.842	7.5119919E-009
5.843	6.6722539E-009
5.844	5.8512786E-009
5.845	5.0672839E-009
5.846	4.3373150E-009
5.847	3.6768475E-009
5.848	3.0994520E-009
5.849	2.6164935E-009
5.85	2.2368998E-009
5.851	1.9669852E-009
5.852	1.8103472E-009
5.853	1.7678122E-009
5.854	1.8374652E-009
5.855	2.0147277E-009
5.856	2.2925071E-009
5.857	2.6614007E-009
5.858	3.1099501E-009
5.859	3.6249495E-009
5.86	4.1917865E-009
5.861	4.7948259E-009
5.862	5.4177951E-009
5.863	6.0442007E-009
5.864	6.6577353E-009
5.865	7.2426594E-009
5.866	7.7841893E-009
5.867	8.2688230E-009
5.868	8.6846468E-009
5.869	9.0215959E-009
5.87	9.2716590E-009
5.871	9.4290478E-009
5.872	9.4902939E-009
5.873	9.4543076E-009
5.874	9.3223687E-009
5.875	9.0980645E-009
5.876	8.7871825E-009
5.877	8.3975360E-009
5.878	7.9387492E-009
5.879	7.4220110E-009
5.88	6.8597648E-009
5.881	6.2654064E-009
5.882	5.6529434E-009
5.883	5.0366471E-009
5.884	4.4307078E-009
5.885	3.8488892E-009
5.886	3.3042071E-009
5.887	2.8086238E-009
5.888	2.3727795E-009
5.889	2.0057405E-009
5.89	1.7148103E-009
5.891	1.5053706E-009
5.892	1.3807742E-009
5.893	1.3422881E-009
5.894	1.3890891E-009
5.895	1.5183088E-009
5.896	1.7251270E-009
5.897	2.0029127E-009
5.898	2.3434048E-009
5.899	2.7369300E-009
5.9	3.1726533E-009
5.901	3.6388486E-009
5.902	4.1231929E-009
5.903	4.6130713E-009
5.904	5.0958837E-009
5.905	5.5593521E-009
5.906	5.9918115E-009
5.907	6.3824910E-009
5.908	6.7217556E-009
5.909	7.0013386E-009
5.91	7.2145125E-009
5.911	7.3562432E-009
5.912	7.4232784E-009
5.913	7.4142186E-009
5.914	7.3295312E-009
5.915	7.1715074E-009
5.916	6.9442025E-009
5.917	6.6533099E-009
5.918	6.3060175E-009
5.919	5.9108123E-009
5.92	5.4772635E-009
5.921	5.0157856E-009
5.922	4.5373714E-009
5.923	4.0533212E-009
5.924	3.5749659E-009
5.925	3.1133915E-009
5.926	2.6791738E-009
5.927	2.2821192E-009
5.928	1.9310447E-009
5.929	1.6335651E-009
5.93	1.3959270E-009
5.931	1.2228700E-009
5.932	1.1175260E-009
5.933	1.0813632E-009
5.934	1.1141641E-009
5.935	1.2140504E-009
5.936	1.3775430E-009
5.937	1.5996610E-009
5.938	1.8740558E-009
5.939	2.1931779E-009
5.94	2.5484661E-009
5.941	2.9305647E-009
5.942	3.3295546E-009
5.943	3.7351975E-009
5.944	4.1371857E-009
5.945	4.5253921E-009
5.946	4.8901145E-009
5.947	5.2223044E-009
5.948	5.5137837E-009
5.949	5.7574328E-009
5.95	5.9473551E-009
5.951	6.0790084E-009
5.952	6.1493095E-009
5.953	6.1566854E-009
5.954	6.1011094E-009
5.955	5.9840888E-009
5.956	5.8086043E-009
5.957	5.5790452E-009
5.958	5.3010716E-009
5.959	4.9814903E-009
5.96	4.6280570E-009
5.961	4.2493036E-009
5.962	3.8543133E-009
5.963	3.4525001E-009
5.964	3.0533807E-009
5.965	2.6663416E-009
5.966	2.3004134E-009
5.967	1.9640514E-009
5.968	1.6649381E-009
5.969	1.4098006E-009
5.97	1.2042531E-009
5.971	1.0526706E-009
5.972	9.5808850E-010
5.973	9.2214297E-010
5.974	9.4503860E-010
5.975	1.0255541E-009
5.976	1.1610816E-009
5.977	1.3476991E-009
5.978	1.5802765E-009
5.979	1.8526036E-009
5.98	2.1575526E-009
5.981	2.4872520E-009
5.982	2.8332825E-009
5.983	3.1868854E-009
5.984	3.5391736E-009
5.985	3.8813464E-009
5.986	4.2049044E-009
5.987	4.5018473E-009
5.988	4.7648765E-009
5.989	4.9875530E-009
5.99	5.1644653E-009
5.991	5.2913416E-009
5.992	5.3651621E-009
5.993	5.3842051E-009
5.994	5.3481051E-009
5.995	5.2578382E-009
5.996	5.1156870E-009
5.997	4.9251927E-009
5.998	4.6910484E-009
5.999	4.4189838E-009
6	4.1156278E-009
6.001	3.7883261E-009
6.002	3.4449827E-009
6.003	3.0938465E-009
6.004	2.7433222E-009
6.005	2.4017606E-009
6.006	2.0772590E-009
6.007	1.7774618E-009
6.008	1.5093813E-009
6.009	1.2792285E-009
6.01	1.0922675E-009
6.011	9.5269237E-010
6.012	8.6352997E-010
6.013	8.2657364E-010
6.014	8.4234453E-010
6.015	9.1008456E-010
6.016	1.0277792E-009
6.017	1.1922131E-009
6.018	1.3990510E-009
6.019	1.6429481E-009
6.02	1.9176827E-009
6.021	2.2163105E-009
6.022	2.5313380E-009
6.023	2.8549005E-009
6.024	3.1789573E-009
6.025	3.4954879E-009
6.026	3.7966825E-009
6.027	4.0751353E-009
6.028	4.3240149E-009
6.029	4.5372399E-009
6.03	4.7096140E-009
6.031	4.8369531E-009
6.032	4.9161879E-009
6.033	4.9454205E-009
6.034	4.9239888E-009
6.035	4.8524593E-009
6.036	4.7326174E-009
6.037	4.5674255E-009
6.038	4.3609369E-009
6.039	4.1182009E-009
6.04	3.8451415E-009
6.041	3.5483994E-009
6.042	3.2351826E-009
6.043	2.9130782E-009
6.044	2.5898748E-009
6.045	2.2733677E-009
6.046	1.9711748E-009
6.047	1.6905465E-009
6.048	1.4381987E-009
6.049	1.2201468E-009
6.05	1.0415637E-009
6.051	9.0665808E-010
6.052	8.1857288E-010
6.053	7.7931267E-010
6.054	7.8969403E-010
6.055	8.4932811E-010
6.056	9.5662789E-010
6.057	1.1088493E-009
6.058	1.3021575E-009
6.059	1.5317213E-009
6.06	1.7918323E-009
6.061	2.0760473E-009
6.062	2.3773463E-009
6.063	2.6883089E-009
6.064	3.0012952E-009
6.065	3.3086354E-009
6.066	3.6028147E-009
6.067	3.8766546E-009
6.068	4.1234860E-009
6.069	4.3373074E-009
6.07	4.5129243E-009
6.071	4.6460800E-009
6.072	4.7335433E-009
6.073	4.7731938E-009
6.074	4.7640727E-009
6.075	4.7063957E-009
6.076	4.6015614E-009
6.077	4.4521125E-009
6.078	4.2616710E-009
6.079	4.0348604E-009
6.08	3.7771954E-009
6.081	3.4949419E-009
6.082	3.1949798E-009
6.083	2.8846279E-009
6.084	2.5714684E-009
6.085	2.2631623E-009
6.086	1.9672659E-009
6.087	1.6910312E-009
6.088	1.4412396E-009
6.089	1.2240253E-009
6.09	1.0447285E-009
6.091	9.0776420E-010
6.092	8.1651497E-010
6.093	7.7325052E-010
6.094	7.7907436E-010
6.095	8.3389795E-010
6.096	9.3644492E-010
6.097	1.0842812E-009
6.098	1.2738757E-009
6.099	1.5006838E-009
6.1	1.7592570E-009
6.101	2.0433721E-009
6.102	2.3461837E-009
6.103	2.6603808E-009
6.104	2.9783682E-009
6.105	3.2924485E-009
6.106	3.5950065E-009
6.107	3.8786960E-009
6.108	4.1366151E-009
6.109	4.3624864E-009
6.11	4.5507971E-009
6.111	4.6969406E-009
6.112	4.7973368E-009
6.113	4.8495119E-009
6.114	4.8521600E-009
6.115	4.8051878E-009
6.116	4.7097033E-009
6.117	4.5680060E-009
6.118	4.3835326E-009
6.119	4.1607606E-009
6.12	3.9051247E-009
6.121	3.6228711E-009
6.122	3.3209140E-009
6.123	3.0066711E-009
6.124	2.6878808E-009
6.125	2.3724178E-009
6.126	2.0680999E-009
6.127	1.7825000E-009
6.128	1.5227627E-009
6.129	1.2954267E-009
6.13	1.1062670E-009
6.131	9.6015373E-010
6.132	8.6092750E-010
6.133	8.1130630E-010
6.134	8.1281221E-010
6.135	8.6573265E-010
6.136	9.6910568E-010
6.137	1.1207407E-009
6.138	1.3172661E-009
6.139	1.5542059E-009
6.14	1.8260852E-009
6.141	2.1265600E-009
6.142	2.4485660E-009
6.143	2.7844900E-009
6.144	3.1263456E-009
6.145	3.4659775E-009
6.146	3.7952423E-009
6.147	4.1062225E-009
6.148	4.3914028E-009
6.149	4.6438706E-009
6.15	4.8574735E-009
6.151	5.0269846E-009
6.152	5.1482201E-009
6.153	5.2181619E-009
6.154	5.2350231E-009
6.155	5.1983036E-009
6.156	5.1088147E-009
6.157	4.9686570E-009
6.158	4.7811826E-009
6.159	4.5509174E-009
6.16	4.2834563E-009
6.161	3.9853432E-009
6.162	3.6639010E-009
6.163	3.3270782E-009
6.164	2.9832434E-009
6.165	2.6409963E-009
6.166	2.3089575E-009
6.167	1.9955586E-009
6.168	1.7088367E-009
6.169	1.4562356E-009
6.17	1.2444226E-009
6.171	1.0791195E-009
6.172	9.6495456E-010
6.173	9.0534691E-010
6.174	9.0241148E-010
6.175	9.5690045E-010
6.176	1.0681762E-009
6.177	1.2342181E-009
6.178	1.4516615E-009
6.179	1.7158722E-009
6.18	2.0210495E-009
6.181	2.3603577E-009
6.182	2.7260847E-009
6.183	3.1098237E-009
6.184	3.5026668E-009
6.185	3.8954169E-009
6.186	4.2788089E-009
6.187	4.6437303E-009
6.188	4.9814459E-009
6.189	5.2838107E-009
6.19	5.5434768E-009
6.191	5.7540754E-009
6.192	5.9103842E-009
6.193	6.0084671E-009
6.194	6.0457719E-009
6.195	6.0212231E-009
6.196	5.9352416E-009
6.197	5.7897624E-009
6.198	5.5881944E-009
6.199	5.3353548E-009
6.2	5.0373652E-009
6.201	4.7015147E-009
6.202	4.3360973E-009
6.203	3.9502126E-009
6.204	3.5535599E-009
6.205	3.1562071E-009
6.206	2.7683438E-009
6.207	2.4000428E-009
6.208	2.0610107E-009
6.209	1.7603513E-009
6.21	1.5063399E-009
6.211	1.3062137E-009
6.212	1.1659884E-009
6.213	1.0902953E-009
6.214	1.0822583E-009
6.215	1.1433943E-009
6.216	1.2735629E-009
6.217	1.4709457E-009
6.218	1.7320746E-009
6.219	2.0518913E-009
6.22	2.4238562E-009
6.221	2.8400851E-009
6.222	3.2915259E-009
6.223	3.7681680E-009
6.224	4.2592725E-009
6.225	4.7536153E-009
6.226	5.2397739E-009
6.227	5.7063825E-009
6.228	6.1424195E-009
6.229	6.5374746E-009
6.23	6.8820145E-009
6.231	7.1676149E-009
6.232	7.3871917E-009
6.233	7.5351831E-009
6.234	7.6077038E-009
6.235	7.6026794E-009
6.236	7.5198967E-009
6.237	7.3610558E-009
6.238	7.1297519E-009
6.239	6.8314083E-009
6.24	6.4731767E-009
6.241	6.0637810E-009
6.242	5.6133476E-009
6.243	5.1331508E-009
6.244	4.6353903E-009
6.245	4.1328936E-009
6.246	3.6388281E-009
6.247	3.1663872E-009
6.248	2.7284708E-009
6.249	2.3373763E-009
6.25	2.0044877E-009
6.251	1.7399868E-009
6.252	1.5525800E-009
6.253	1.4492636E-009
6.254	1.4351244E-009
6.255	1.5131771E-009
6.256	1.6842622E-009
6.257	1.9469795E-009
6.258	2.2976872E-009
6.259	2.7305491E-009
6.26	3.2376353E-009
6.261	3.8090802E-009
6.262	4.4332822E-009
6.263	5.0971591E-009
6.264	5.7864358E-009
6.265	6.4859624E-009
6.266	7.1800792E-009
6.267	7.8529805E-009
6.268	8.4890974E-009
6.269	9.0734673E-009
6.27	9.5921431E-009
6.271	1.0032510E-008
6.272	1.0383647E-008
6.273	1.0636619E-008
6.274	1.0784731E-008
6.275	1.0823737E-008
6.276	1.0751984E-008
6.277	1.0570535E-008
6.278	1.0283174E-008
6.279	9.8963788E-009
6.28	9.4192316E-009
6.281	8.8632648E-009
6.282	8.2422202E-009
6.283	7.5717850E-009
6.284	6.8692634E-009
6.285	6.1531953E-009
6.286	5.4429470E-009
6.287	4.7582729E-009
6.288	4.1188515E-009
6.289	3.5438066E-009
6.29	3.0512484E-009
6.291	2.6578040E-009
6.292	2.3781761E-009
6.293	2.2247448E-009
6.294	2.2072042E-009
6.295	2.3322566E-009
6.296	2.6033715E-009
6.297	3.0206133E-009
6.298	3.5805474E-009
6.299	4.2762287E-009
6.3	5.0972693E-009
6.301	6.0299974E-009
6.302	7.0576891E-009
6.303	8.1609004E-009
6.304	9.3178487E-009
6.305	1.0504872E-008
6.306	1.1696961E-008
6.307	1.2868319E-008
6.308	1.3992942E-008
6.309	1.5045266E-008
6.31	1.6000770E-008
6.311	1.6836609E-008
6.312	1.7532216E-008
6.313	1.8069864E-008
6.314	1.8435184E-008
6.315	1.8617627E-008
6.316	1.8610885E-008
6.317	1.8413129E-008
6.318	1.8027285E-008
6.319	1.7461092E-008
6.32	1.6727123E-008
6.321	1.5842652E-008
6.322	1.4829422E-008
6.323	1.3713316E-008
6.324	1.2523885E-008
6.325	1.1293815E-008
6.326	1.0058269E-008
6.327	8.8541645E-009
6.328	7.7193762E-009
6.329	6.6919119E-009
6.33	5.8090004E-009
6.331	5.1062141E-009
6.332	4.6165636E-009
6.333	4.3696273E-009
6.334	4.3907189E-009
6.335	4.7001225E-009
6.336	5.3123999E-009
6.337	6.2358123E-009
6.338	7.4718480E-009
6.339	9.0148866E-009
6.34	1.0851990E-008
6.341	1.2962883E-008
6.342	1.5320062E-008
6.343	1.7889066E-008
6.344	2.0629011E-008
6.345	2.3493170E-008
6.346	2.6429790E-008
6.347	2.9383108E-008
6.348	3.2294405E-008
6.349	3.5103302E-008
6.35	3.7749061E-008
6.351	4.0172004E-008
6.352	4.2315058E-008
6.353	4.4125173E-008
6.354	4.5554827E-008
6.355	4.6563606E-008
6.356	4.7119485E-008
6.357	4.7200242E-008
6.358	4.6794710E-008
6.359	4.5903793E-008
6.36	4.4541459E-008
6.361	4.2735461E-008
6.362	4.0527805E-008
6.363	3.7975081E-008
6.364	3.5148517E-008
6.365	3.2133670E-008
6.366	2.9029970E-008
6.367	2.5949905E-008
6.368	2.3017979E-008
6.369	2.0369399E-008
6.37	1.8148496E-008
6.371	1.6506970E-008
6.372	1.5601898E-008
6.373	1.5593562E-008
6.374	1.6643146E-008
6.375	1.8910278E-008
6.376	2.2550543E-008
6.377	2.7712817E-008
6.378	3.4536718E-008
6.379	4.3149996E-008
6.38	5.3665939E-008
6.381	6.6181101E-008
6.382	8.0773013E-008
6.383	9.7498159E-008
6.384	1.1639020E-007
6.385	1.3745860E-007
6.386	1.6068739E-007
6.387	1.8603430E-007
6.388	2.1343027E-007
6.389	2.4277921E-007
6.39	2.7395834E-007
6.391	3.0681821E-007
6.392	3.4118432E-007
6.393	3.7685774E-007
6.394	4.1361704E-007
6.395	4.5122013E-007
6.396	4.8940672E-007
6.397	5.2790074E-007
6.398	5.6641375E-007
6.399	6.0464754E-007
6.4	6.4229795E-007
6.401	6.7905842E-007
6.402	7.1462335E-007
6.403	7.4869195E-007
6.404	7.8097162E-007
6.405	8.1118230E-007
6.406	8.3905803E-007
6.407	8.6435244E-007
6.408	8.8683936E-007
6.409	9.0631755E-007
6.41	9.2261223E-007
6.411	9.3557600E-007
6.412	9.4509289E-007
6.413	9.5107788E-007
6.414	9.5347940E-007
6.415	9.5227853E-007
6.416	9.4749004E-007
6.417	9.3916276E-007
6.418	9.2737764E-007
6.419	9.1224763E-007
6.42	8.9391636E-007
6.421	8.7255574E-007
6.422	8.4836353E-007
6.423	8.2156185E-007
6.424	7.9239288E-007
6.425	7.6111655E-007
6.426	7.2800719E-007
6.427	6.9334988E-007
6.428	6.5743711E-007
6.429	6.2056546E-007
6.43	5.8303203E-007
6.431	5.4513140E-007
6.432	5.0715232E-007
6.433	4.6937507E-007
6.434	4.3206788E-007
6.435	3.9548414E-007
6.436	3.5986099E-007
6.437	3.2541612E-007
6.438	2.9234587E-007
6.439	2.6082407E-007
6.44	2.3100048E-007
6.441	2.0299962E-007
6.442	1.7692098E-007
6.443	1.5283823E-007
6.444	1.3079975E-007
6.445	1.1082920E-007
6.446	9.2926129E-008
6.447	7.7067355E-008
6.448	6.3208198E-008
6.449	5.1284228E-008
6.45	4.1212946E-008
6.451	3.2895979E-008
6.452	2.6221215E-008
6.453	2.1065139E-008
6.454	1.7295154E-008
6.455	1.4771978E-008
6.456	1.3351962E-008
6.457	1.2889408E-008
6.458	1.3238724E-008
6.459	1.4256526E-008
6.46	1.5803581E-008
6.461	1.7746558E-008
6.462	1.9959661E-008
6.463	2.2325946E-008
6.464	2.4738561E-008
6.465	2.7101635E-008
6.466	2.9331002E-008
6.467	3.1354652E-008
6.468	3.3113015E-008
6.469	3.4558958E-008
6.47	3.5657663E-008
6.471	3.6386190E-008
6.472	3.6732999E-008
6.473	3.6697237E-008
6.474	3.6287844E-008
6.475	3.5522696E-008
6.476	3.4427377E-008
6.477	3.3034148E-008
6.478	3.1380711E-008
6.479	2.9508879E-008
6.48	2.7463441E-008
6.481	2.5290850E-008
6.482	2.3038028E-008
6.483	2.0751319E-008
6.484	1.8475413E-008
6.485	1.6252450E-008
6.486	1.4121260E-008
6.487	1.2116641E-008
6.488	1.0268866E-008
6.489	8.6032586E-009
6.49	7.1398865E-009
6.491	5.8934164E-009
6.492	4.8730433E-009
6.493	4.0825752E-009
6.494	3.5206118E-009
6.495	3.1808243E-009
6.496	3.0523457E-009
6.497	3.1202354E-009
6.498	3.3660132E-009
6.499	3.7682568E-009
6.5	4.3032173E-009
6.501	4.9454747E-009
6.502	5.6685829E-009
6.503	6.4457204E-009
6.504	7.2502964E-009
6.505	8.0565510E-009
6.506	8.8400771E-009
6.507	9.5783221E-009
6.508	1.0250998E-008
6.509	1.0840434E-008
6.51	1.1331872E-008
6.511	1.1713641E-008
6.512	1.1977306E-008
6.513	1.2117714E-008
6.514	1.2132947E-008
6.515	1.2024246E-008
6.516	1.1795834E-008
6.517	1.1454687E-008
6.518	1.1010265E-008
6.519	1.0474176E-008
6.52	9.8598241E-009
6.521	9.1820080E-009
6.522	8.4565324E-009
6.523	7.6997777E-009
6.524	6.9282935E-009
6.525	6.1584151E-009
6.526	5.4058718E-009
6.527	4.6854507E-009
6.528	4.0106864E-009
6.529	3.3935912E-009
6.53	2.8444325E-009
6.531	2.3715585E-009
6.532	1.9812729E-009
6.533	1.6777608E-009
6.534	1.4630651E-009
6.535	1.3371090E-009
6.536	1.2977733E-009
6.537	1.3410112E-009
6.538	1.4610085E-009
6.539	1.6503779E-009
6.54	1.9003836E-009
6.541	2.2011895E-009
6.542	2.5421252E-009
6.543	2.9119662E-009
6.544	3.2992076E-009
6.545	3.6923493E-009
6.546	4.0801607E-009
6.547	4.4519406E-009
6.548	4.7977453E-009
6.549	5.1086051E-009
6.55	5.3766942E-009
6.551	5.5954930E-009
6.552	5.7598837E-009
6.553	5.8662328E-009
6.554	5.9124323E-009
6.555	5.8978973E-009
6.556	5.8235350E-009
6.557	5.6916791E-009
6.558	5.5059912E-009
6.559	5.2713380E-009
6.56	4.9936371E-009
6.561	4.6796922E-009
6.562	4.3370005E-009
6.563	3.9735575E-009
6.564	3.5976506E-009
6.565	3.2176513E-009
6.566	2.8418152E-009
6.567	2.4780908E-009
6.568	2.1339361E-009
6.569	1.8161557E-009
6.57	1.5307597E-009
6.571	1.2828391E-009
6.572	1.0764735E-009
6.573	9.1465674E-010
6.574	7.9925783E-010
6.575	7.3100254E-010
6.576	7.0948880E-010
6.577	7.3322254E-010
6.578	7.9968226E-010
6.579	9.0540558E-010
6.58	1.0460947E-009
6.581	1.2167397E-009
6.582	1.4117556E-009
6.583	1.6251276E-009
6.584	1.8505657E-009
6.585	2.0816564E-009
6.586	2.3120235E-009
6.587	2.5354683E-009
6.588	2.7461204E-009
6.589	2.9385656E-009
6.59	3.1079617E-009
6.591	3.2501466E-009
6.592	3.3617140E-009
6.593	3.4400855E-009
6.594	3.4835448E-009
6.595	3.4912659E-009
6.596	3.4633088E-009
6.597	3.4005958E-009
6.598	3.3048766E-009
6.599	3.1786569E-009
6.6	3.0251328E-009
6.601	2.8480895E-009
6.602	2.6518043E-009
6.603	2.4409319E-009
6.604	2.2203830E-009
6.605	1.9952067E-009
6.606	1.7704622E-009
6.607	1.5511006E-009
6.608	1.3418445E-009
6.609	1.1470831E-009
6.61	9.7077191E-010
6.611	8.1634599E-010
6.612	6.8665085E-010
6.613	5.8388444E-010
6.614	5.0956078E-010
6.615	4.6448756E-010
6.616	4.4876142E-010
6.617	4.6178070E-010
6.618	5.0227361E-010
6.619	5.6834160E-010
6.62	6.5751593E-010
6.621	7.6682682E-010
6.622	8.9288466E-010
6.623	1.0319667E-009
6.624	1.1801142E-009
6.625	1.3332297E-009
6.626	1.4871780E-009
6.627	1.6378888E-009
6.628	1.7814492E-009
6.629	1.9141970E-009
6.63	2.0328041E-009
6.631	2.1343494E-009
6.632	2.2163793E-009
6.633	2.2769620E-009
6.634	2.3147189E-009
6.635	2.3288522E-009
6.636	2.3191464E-009
6.637	2.2859685E-009
6.638	2.2302462E-009
6.639	2.1534343E-009
6.64	2.0574742E-009
6.641	1.9447333E-009
6.642	1.8179490E-009
6.643	1.6801524E-009
6.644	1.5345928E-009
6.645	1.3846587E-009
6.646	1.2337927E-009
6.647	1.0854073E-009
6.648	9.4280439E-010
6.649	8.0909623E-010
6.65	6.8713174E-010
6.651	5.7943278E-010
6.652	4.8813847E-010
6.653	4.1495918E-010
6.654	3.6114339E-010
6.655	3.2745598E-010
6.656	3.1416805E-010
6.657	3.2105818E-010
6.658	3.4742650E-010
6.659	3.9211881E-010
6.66	4.5356111E-010
6.661	5.2980370E-010
6.662	6.1857397E-010
6.663	7.1733514E-010
6.664	8.2335150E-010
6.665	9.3375685E-010
6.666	1.0456257E-009
6.667	1.1560435E-009
6.668	1.2621756E-009
6.669	1.3613359E-009
6.67	1.4510472E-009
6.671	1.5290974E-009
6.672	1.5935896E-009
6.673	1.6429812E-009
6.674	1.6761170E-009
6.675	1.6922523E-009
6.676	1.6910634E-009
6.677	1.6726502E-009
6.678	1.6375316E-009
6.679	1.5866211E-009
6.68	1.5212088E-009
6.681	1.4429152E-009
6.682	1.3536563E-009
6.683	1.2555853E-009
6.684	1.1510435E-009
6.685	1.0424952E-009
6.686	9.3247210E-010
6.687	8.2350504E-010
6.688	7.1806933E-010
6.689	6.1852273E-010
6.69	5.2705307E-010
6.691	4.4562801E-010
6.692	3.7594972E-010
6.693	3.1941957E-010
6.694	2.7710617E-010
6.695	2.4972430E-010
6.696	2.3762176E-010
6.697	2.4077426E-010
6.698	2.5879110E-010
6.699	2.9092817E-010
6.7	3.3611039E-010
6.701	3.9296214E-010
6.702	4.5984344E-010
6.703	5.3489374E-010
6.704	6.1607924E-010
6.705	7.0124417E-010
6.706	7.8816431E-010
6.707	8.7460100E-010
6.708	9.5835573E-010
6.709	1.0373212E-009
6.71	1.1095325E-009
6.711	1.1732096E-009
6.712	1.2268023E-009
6.713	1.2690211E-009
6.714	1.2988660E-009
6.715	1.3156501E-009
6.716	1.3190082E-009
6.717	1.3089060E-009
6.718	1.2856352E-009
6.719	1.2498024E-009
6.72	1.2023117E-009
6.721	1.1443385E-009
6.722	1.0772994E-009
6.723	1.0028144E-009
6.724	9.2266744E-010
6.725	8.3876012E-010
6.726	7.5306766E-010
6.727	6.6758937E-010
6.728	5.8430150E-010
6.729	5.0510901E-010
6.73	4.3180218E-010
6.731	3.6601211E-010
6.732	3.0917452E-010
6.733	2.6249564E-010
6.734	2.2692542E-010
6.735	2.0313730E-010
6.736	1.9151368E-010
6.737	1.9214033E-010
6.738	2.0480657E-010
6.739	2.2901377E-010
6.74	2.6398997E-010
6.741	3.0871120E-010
6.742	3.6192857E-010
6.743	4.2220061E-010
6.744	4.8792986E-010
6.745	5.5740268E-010
6.746	6.2883188E-010
6.747	7.0039957E-010
6.748	7.7030127E-010
6.749	8.3679003E-010
6.75	8.9821711E-010
6.751	9.5307029E-010
6.752	1.0000101E-009
6.753	1.0378999E-009
6.754	1.0658325E-009
6.755	1.0831488E-009
6.756	1.0894535E-009
6.757	1.0846203E-009
6.758	1.0687956E-009
6.759	1.0423888E-009
6.76	1.0060651E-009
6.761	9.6072217E-010
6.762	9.0747082E-010
6.763	8.4760354E-010
6.764	7.8256374E-010
6.765	7.1390871E-010
6.766	6.4327216E-010
6.767	5.7232402E-010
6.768	5.0273025E-010
6.769	4.3611187E-010
6.77	3.7400752E-010
6.771	3.1783645E-010
6.772	2.6886499E-010
6.773	2.2817692E-010
6.774	1.9664863E-010
6.775	1.7492927E-010
6.776	1.6342661E-010
6.777	1.6229880E-010
6.778	1.7145273E-010
6.779	1.9054765E-010
6.78	2.1900547E-010
6.781	2.5602617E-010
6.782	3.0060890E-010
6.783	3.5157655E-010
6.784	4.0760606E-010
6.785	4.6726079E-010
6.786	5.2902599E-010
6.787	5.9134614E-010
6.788	6.5266265E-010
6.789	7.1145134E-010
6.79	7.6626072E-010
6.791	8.1574458E-010
6.792	8.5869539E-010
6.793	8.9407154E-010
6.794	9.2102159E-010
6.795	9.3890384E-010
6.796	9.4729946E-010
6.797	9.4602137E-010
6.798	9.3511843E-010
6.799	9.1487135E-010
6.8	8.8578522E-010
6.801	8.4857699E-010
6.802	8.0415619E-010
6.803	7.5360196E-010
6.804	6.9813783E-010
6.805	6.3909888E-010
6.806	5.7790128E-010
6.807	5.1600640E-010
6.808	4.5488560E-010
6.809	3.9598452E-010
6.81	3.4068837E-010
6.811	2.9028854E-010
6.812	2.4595287E-010
6.813	2.0869660E-010
6.814	1.7936018E-010
6.815	1.5858885E-010
6.816	1.4681838E-010
6.817	1.4426524E-010
6.818	1.5092234E-010
6.819	1.6656004E-010
6.82	1.9073269E-010
6.821	2.2279018E-010
6.822	2.6189476E-010
6.823	3.0704195E-010
6.824	3.5708594E-010
6.825	4.1076764E-010
6.826	4.6674575E-010
6.827	5.2362914E-010
6.828	5.8001132E-010
6.829	6.3450289E-010
6.83	6.8576694E-010
6.831	7.3254902E-010
6.832	7.7370776E-010
6.833	8.0824297E-010
6.834	8.3531781E-010
6.835	8.5427998E-010
6.836	8.6467594E-010
6.837	8.6626184E-010
6.838	8.5900881E-010
6.839	8.4310259E-010
6.84	8.1893820E-010
6.841	7.8710882E-010
6.842	7.4839274E-010
6.843	7.0373030E-010
6.844	6.5420436E-010
6.845	6.0101174E-010
6.846	5.4543459E-010
6.847	4.8881099E-010
6.848	4.3250112E-010
6.849	3.7785541E-010
6.85	3.2618250E-010
6.851	2.7871672E-010
6.852	2.3658867E-010
6.853	2.0079748E-010
6.854	1.7218692E-010
6.855	1.5142475E-010
6.856	1.3898675E-010
6.857	1.3514587E-010
6.858	1.3996554E-010
6.859	1.5329935E-010
6.86	1.7479454E-010
6.861	2.0390192E-010
6.862	2.3988880E-010
6.863	2.8185815E-010
6.864	3.2876993E-010
6.865	3.7946715E-010
6.866	4.3270365E-010
6.867	4.8717497E-010
6.868	5.4154925E-010
6.869	5.9449928E-010
6.87	6.4473582E-010
6.871	6.9103662E-010
6.872	7.3227663E-010
6.873	7.6745493E-010
6.874	7.9571827E-010
6.875	8.1638157E-010
6.876	8.2894452E-010
6.877	8.3310331E-010
6.878	8.2875784E-010
6.879	8.1601509E-010
6.88	7.9518603E-010
6.881	7.6677770E-010
6.882	7.3148099E-010
6.883	6.9015432E-010
6.884	6.4380196E-010
6.885	5.9354938E-010
6.886	5.4061583E-010
6.887	4.8628518E-010
6.888	4.3187443E-010
6.889	3.7870251E-010
6.89	3.2805902E-010
6.891	2.8117231E-010
6.892	2.3918142E-010
6.893	2.0310766E-010
6.894	1.7383059E-010
6.895	1.5206619E-010
6.896	1.3834991E-010
6.897	1.3302302E-010
6.898	1.3622450E-010
6.899	1.4788742E-010
6.9	1.6774002E-010
6.901	1.9531234E-010
6.902	2.2994701E-010
6.903	2.7081504E-010
6.904	3.1693551E-010
6.905	3.6719894E-010
6.906	4.2039464E-010
6.907	4.7523907E-010
6.908	5.3040794E-010
6.909	5.8456756E-010
6.91	6.3640776E-010
6.911	6.8467382E-010
6.912	7.2819567E-010
6.913	7.6591855E-010
6.914	7.9692603E-010
6.915	8.2046453E-010
6.916	8.3595980E-010
6.917	8.4303187E-010
6.918	8.4150525E-010
6.919	8.3141133E-010
6.92	8.1299073E-010
6.921	7.8668516E-010
6.922	7.5313061E-010
6.923	7.1313883E-010
6.924	6.6768108E-010
6.925	6.1786376E-010
6.926	5.6490185E-010
6.927	5.1009086E-010
6.928	4.5477461E-010
6.929	4.0031270E-010
6.93	3.4804845E-010
6.931	2.9927574E-010
6.932	2.5520797E-010
6.933	2.1694838E-010
6.934	1.8546338E-010
6.935	1.6155886E-010
6.936	1.4586038E-010
6.937	1.3879753E-010
6.938	1.4059273E-010
6.939	1.5125536E-010
6.94	1.7058069E-010
6.941	1.9815367E-010
6.942	2.3335858E-010
6.943	2.7539274E-010
6.944	3.2328515E-010
6.945	3.7591949E-010
6.946	4.3206044E-010
6.947	4.9038285E-010
6.948	5.4950344E-010
6.949	6.0801347E-010
6.95	6.6451428E-010
6.951	7.1764927E-010
6.952	7.6613826E-010
6.953	8.0880874E-010
6.954	8.4462382E-010
6.955	8.7270990E-010
6.956	8.9237701E-010
6.957	9.0313634E-010
6.958	9.0471375E-010
6.959	8.9705671E-010
6.96	8.8033691E-010
6.961	8.5494622E-010
6.962	8.2149032E-010
6.963	7.8077372E-010
6.964	7.3378309E-010
6.965	6.8166323E-010
6.966	6.2569078E-010
6.967	5.6724486E-010
6.968	5.0777338E-010
6.969	4.4875781E-010
6.97	3.9167836E-010
6.971	3.3797765E-010
6.972	2.8902530E-010
6.973	2.4608460E-010
6.974	2.1028207E-010
6.975	1.8257848E-010
6.976	1.6374578E-010
6.977	1.5434651E-010
6.978	1.5471951E-010
6.979	1.6496991E-010
6.98	1.8496492E-010
6.981	2.1433565E-010
6.982	2.5248387E-010
6.983	2.9859515E-010
6.984	3.5165645E-010
6.985	4.1047921E-010
6.986	4.7372711E-010
6.987	5.3994648E-010
6.988	6.0760064E-010
6.989	6.7510753E-010
6.99	7.4087619E-010
6.991	8.0334711E-010
6.992	8.6102947E-010
6.993	9.1253688E-010
6.994	9.5662422E-010
6.995	9.9221653E-010
6.996	1.0184378E-009
6.997	1.0346330E-009
6.998	1.0403847E-009
6.999	1.0355263E-009
7	1.0201481E-009
7.001	9.9459652E-010
7.002	9.5946751E-010
7.003	9.1559760E-010
7.004	8.6404273E-010
7.005	8.0605611E-010
7.006	7.4306100E-010
7.007	6.7661637E-010
7.008	6.0838234E-010
7.009	5.4008048E-010
7.01	4.7345294E-010
7.011	4.1022000E-010
7.012	3.5204006E-010
7.013	3.0046704E-010
7.014	2.5691252E-010
7.015	2.2260976E-010
7.016	1.9858210E-010
7.017	1.8561565E-010
7.018	1.8423815E-010
7.019	1.9470323E-010
7.02	2.1698136E-010
7.021	2.5075783E-010
7.022	2.9543645E-010
7.023	3.5015202E-010
7.024	4.1378678E-010
7.025	4.8499493E-010
7.026	5.6223254E-010
7.027	6.4379152E-010
7.028	7.2784001E-010
7.029	8.1246426E-010
7.03	8.9571423E-010
7.031	9.7565012E-010
7.032	1.0503894E-009
7.033	1.1181540E-009
7.034	1.1773122E-009
7.035	1.2264230E-009
7.036	1.2642709E-009
7.037	1.2899007E-009
7.038	1.3026425E-009
7.039	1.3021331E-009
7.04	1.2883293E-009
7.041	1.2615132E-009
7.042	1.2222903E-009
7.043	1.1715793E-009
7.044	1.1105928E-009
7.045	1.0408143E-009
7.046	9.6396269E-010
7.047	8.8195468E-010
7.048	7.9686324E-010
7.049	7.1086675E-010
7.05	6.2620176E-010
7.051	5.4510940E-010
7.052	4.6978227E-010
7.053	4.0231241E-010
7.054	3.4464048E-010
7.055	2.9850558E-010
7.056	2.6540076E-010
7.057	2.4653271E-010
7.058	2.4278690E-010
7.059	2.5470059E-010
7.06	2.8244354E-010
7.061	3.2580741E-010
7.062	3.8420417E-010
7.063	4.5667334E-010
7.064	5.4189903E-010
7.065	6.3823491E-010
7.066	7.4373824E-010
7.067	8.5621216E-010
7.068	9.7325148E-010
7.069	1.0923001E-009
7.07	1.2107063E-009
7.071	1.3257878E-009
7.072	1.4348936E-009
7.073	1.5354708E-009
7.074	1.6251259E-009
7.075	1.7016878E-009
7.076	1.7632656E-009
7.077	1.8082983E-009
7.078	1.8356008E-009
7.079	1.8444016E-009
7.08	1.8343677E-009
7.081	1.8056242E-009
7.082	1.7587607E-009
7.083	1.6948245E-009
7.084	1.6153080E-009
7.085	1.5221209E-009
7.086	1.4175537E-009
7.087	1.3042324E-009
7.088	1.1850628E-009
7.089	1.0631669E-009
7.09	9.4181496E-010
7.091	8.2435114E-010
7.092	7.1411349E-010
7.093	6.1435584E-010
7.094	5.2816840E-010
7.095	4.5839818E-010
7.096	4.0757725E-010
7.097	3.7785358E-010
7.098	3.7093026E-010
7.099	3.8801407E-010
7.1	4.2977311E-010
7.101	4.9630733E-010
7.102	5.8712968E-010
7.103	7.0116335E-010
7.104	8.3674978E-010
7.105	9.9167241E-010
7.106	1.1631939E-009
7.107	1.3481074E-009
7.108	1.5428002E-009
7.109	1.7433280E-009
7.11	1.9455006E-009
7.111	2.1449769E-009
7.112	2.3373627E-009
7.113	2.5183164E-009
7.114	2.6836549E-009
7.115	2.8294578E-009
7.116	2.9521685E-009
7.117	3.0486966E-009
7.118	3.1164986E-009
7.119	3.1536636E-009
7.12	3.1589762E-009
7.121	3.1319762E-009
7.122	3.0729905E-009
7.123	2.9831573E-009
7.124	2.8644311E-009
7.125	2.7195630E-009
7.126	2.5520679E-009
7.127	2.3661710E-009
7.128	2.1667321E-009
7.129	1.9591577E-009
7.13	1.7492953E-009
7.131	1.5433120E-009
7.132	1.3475662E-009
7.133	1.1684637E-009
7.134	1.0123138E-009
7.135	8.8517965E-010
7.136	7.9272605E-010
7.137	7.4007483E-010
7.138	7.3166251E-010
7.139	7.7110968E-010
7.14	8.6110197E-010
7.141	1.0032892E-009
7.142	1.1981995E-009
7.143	1.4451812E-009
7.144	1.7423596E-009
7.145	2.0866293E-009
7.146	2.4736655E-009
7.147	2.8979694E-009
7.148	3.3529368E-009
7.149	3.8309618E-009
7.15	4.3235571E-009
7.151	4.8215227E-009
7.152	5.3151119E-009
7.153	5.7942366E-009
7.154	6.2486922E-009
7.155	6.6683850E-009
7.156	7.0435857E-009
7.157	7.3651654E-009
7.158	7.6248670E-009
7.159	7.8155367E-009
7.16	7.9313809E-009
7.161	7.9681763E-009
7.162	7.9235019E-009
7.163	7.7968982E-009
7.164	7.5900664E-009
7.165	7.3069604E-009
7.166	6.9539086E-009
7.167	6.5396559E-009
7.168	6.0753913E-009
7.169	5.5747083E-009
7.17	5.0535447E-009
7.171	4.5300674E-009
7.172	4.0245025E-009
7.173	3.5589398E-009
7.174	3.1570828E-009
7.175	2.8439584E-009
7.176	2.6455962E-009
7.177	2.5886733E-009
7.178	2.7001306E-009
7.179	3.0067717E-009
7.18	3.5348420E-009
7.181	4.3096033E-009
7.182	5.3548987E-009
7.183	6.6927317E-009
7.184	8.3428358E-009
7.185	1.0322286E-008
7.186	1.2645113E-008
7.187	1.5321950E-008
7.188	1.8359726E-008
7.189	2.1761416E-008
7.19	2.5525797E-008
7.191	2.9647293E-008
7.192	3.4115864E-008
7.193	3.8916966E-008
7.194	4.4031577E-008
7.195	4.9436196E-008
7.196	5.5103072E-008
7.197	6.1000286E-008
7.198	6.7092131E-008
7.199	7.3339237E-008
7.2	7.9699177E-008
7.201	8.6126647E-008
7.202	9.2574162E-008
7.203	9.8992430E-008
7.204	1.0533105E-007
7.205	1.1153896E-007
7.206	1.1756519E-007
7.207	1.2335934E-007
7.208	1.2887234E-007
7.209	1.3405665E-007
7.21	1.3886739E-007
7.211	1.4326227E-007
7.212	1.4720250E-007
7.213	1.5065295E-007
7.214	1.5358275E-007
7.215	1.5596572E-007
7.216	1.5778041E-007
7.217	1.5901070E-007
7.218	1.5964569E-007
7.219	1.5968028E-007
7.22	1.5911471E-007
7.221	1.5795496E-007
7.222	1.5621247E-007
7.223	1.5390408E-007
7.224	1.5105169E-007
7.225	1.4768197E-007
7.226	1.4382628E-007
7.227	1.3951980E-007
7.228	1.3480144E-007
7.229	1.2971319E-007
7.23	1.2429976E-007
7.231	1.1860784E-007
7.232	1.1268567E-007
7.233	1.0658248E-007
7.234	1.0034792E-007
7.235	9.4031364E-008
7.236	8.7681499E-008
7.237	8.1345704E-008
7.238	7.5069465E-008
7.239	6.8896036E-008
7.24	6.2866015E-008
7.241	5.7016873E-008
7.242	5.1382774E-008
7.243	4.5994302E-008
7.244	4.0878149E-008
7.245	3.6057020E-008
7.246	3.1549455E-008
7.247	2.7369815E-008
7.248	2.3528184E-008
7.249	2.0030447E-008
7.25	1.6878401E-008
7.251	1.4069907E-008
7.252	1.1599106E-008
7.253	9.4566879E-009
7.254	7.6302049E-009
7.255	6.1044054E-009
7.256	4.8615907E-009
7.257	3.8819872E-009
7.258	3.1441525E-009
7.259	2.6253477E-009
7.26	2.3019346E-009
7.261	2.1497613E-009
7.262	2.1445319E-009
7.263	2.2621582E-009
7.264	2.4790989E-009
7.265	2.7726661E-009
7.266	3.1213041E-009
7.267	3.5048338E-009
7.268	3.9046646E-009
7.269	4.3039705E-009
7.27	4.6878106E-009
7.271	5.0432445E-009
7.272	5.3593774E-009
7.273	5.6273826E-009
7.274	5.8404841E-009
7.275	5.9939156E-009
7.276	6.0848380E-009
7.277	6.1122374E-009
7.278	6.0767840E-009
7.279	5.9806964E-009
7.28	5.8275531E-009
7.281	5.6221268E-009
7.282	5.3701812E-009
7.283	5.0782729E-009
7.284	4.7535416E-009
7.285	4.4035215E-009
7.286	4.0359347E-009
7.287	3.6585057E-009
7.288	3.2787884E-009
7.289	2.9040021E-009
7.29	2.5408924E-009
7.291	2.1956035E-009
7.292	1.8735806E-009
7.293	1.5794815E-009
7.294	1.3171203E-009
7.295	1.0894263E-009
7.296	8.9842606E-010
7.297	7.4524414E-010
7.298	6.3012601E-010
7.299	5.5247612E-010
7.3	5.1091414E-010
7.301	5.0334376E-010
7.302	5.7438393E-010
7.303	4.1962619E-010
7.304	3.0994299E-010
7.305	2.4500063E-010
7.306	2.2209140E-010
7.307	2.3832608E-010
7.308	2.9068847E-010
7.309	3.7444223E-010
7.31	4.8529497E-010
7.311	6.1823369E-010
7.312	7.6833667E-010
7.313	9.3010494E-010
7.314	1.0981922E-009
7.315	1.2673625E-009
7.316	1.4330269E-009
7.317	1.5905310E-009
7.318	1.7357195E-009
7.319	1.8647048E-009
7.32	1.9748734E-009
7.321	2.0635333E-009
7.322	2.1290745E-009
7.323	2.1698261E-009
7.324	2.1856912E-009
7.325	2.1763913E-009
7.326	2.1430235E-009
7.327	2.0865498E-009
7.328	2.0089073E-009
7.329	1.9119524E-009
7.33	1.7983737E-009
7.331	1.6712750E-009
7.332	1.5333314E-009
7.333	1.3879816E-009
7.334	1.2383589E-009
7.335	1.0878195E-009
7.336	9.3964814E-010
7.337	7.9666668E-010
7.338	6.6160338E-010
7.339	5.3701626E-010
7.34	4.2532491E-010
7.341	3.2814607E-010
7.342	2.4665819E-010
7.343	1.8224534E-010
7.344	1.3533857E-010
7.345	1.0611809E-010
7.346	9.4231019E-011
7.347	9.9168090E-011
7.348	1.1963369E-010
7.349	1.5450950E-010
7.35	2.0199377E-010
7.351	2.6050445E-010
7.352	3.2769865E-010
7.353	4.0159168E-010
7.354	4.7984727E-010
7.355	5.6021160E-010
7.356	6.4048661E-010
7.357	7.1830891E-010
7.358	7.9187257E-010
7.359	8.5926877E-010
7.36	9.1869556E-010
7.361	9.6904795E-010
7.362	1.0087823E-009
7.363	1.0373771E-009
7.364	1.0541469E-009
7.365	1.0588379E-009
7.366	1.0514013E-009
7.367	1.0323243E-009
7.368	1.0020811E-009
7.369	9.6169572E-010
7.37	9.1207641E-010
7.371	8.5473412E-010
7.372	7.9073686E-010
7.373	7.2194078E-010
7.374	6.4978961E-010
7.375	5.7593758E-010
7.376	5.0204380E-010
7.377	4.2968448E-010
7.378	3.6046502E-010
7.379	2.9579686E-010
7.38	2.3681682E-010
7.381	1.8479000E-010
7.382	1.4041195E-010
7.383	1.0466075E-010
7.384	7.7762644E-011
7.385	6.0213973E-011
7.386	5.1852109E-011
7.387	5.2659897E-011
7.388	6.2362684E-011
7.389	8.0042369E-011
7.39	1.0513596E-010
7.391	1.3683618E-010
7.392	1.7384134E-010
7.393	2.1522557E-010
7.394	2.5972130E-010
7.395	3.0595113E-010
7.396	3.5274159E-010
7.397	3.9891879E-010
7.398	4.4318718E-010
7.399	4.8440579E-010
7.4	5.2170673E-010
