theta_deg	R
0.001	9.9989402E-001
0.001249969	9.9986851E-001
0.001499937	9.9984324E-001
0.001749906	9.9981773E-001
0.001999875	9.9979246E-001
0.002249844	9.9976695E-001
0.002499813	9.9974144E-001
0.002749781	9.9971616E-001
0.00299975	9.9969065E-001
0.003249719	9.9966538E-001
0.003499687	9.9963993E-001
0.003749656	9.9962288E-001
0.003999625	9.9959737E-001
0.004249594	9.9957186E-001
0.004499563	9.9954671E-001
0.004749531	9.9952120E-001
0.0049995	9.9949580E-001
0.005249469	9.9947017E-001
0.005499437	9.9944478E-001
0.005749406	9.9941915E-001
0.005999375	9.9939382E-001
0.006249344	9.9936855E-001
0.006499312	9.9934304E-001
0.006749281	9.9931788E-001
0.00699925	9.9929214E-001
0.007249219	9.9926686E-001
0.007499187	9.9924159E-001
0.007749156	9.9921626E-001
0.007999125	9.9919063E-001
0.008249094	9.9916524E-001
0.008499063	9.9913985E-001
0.008749031	9.9911422E-001
0.008999	9.9908894E-001
0.009248969	9.9906361E-001
0.009498937	9.9903810E-001
0.009748906	9.9901283E-001
0.009998875	9.9898708E-001
0.01024884	9.9896210E-001
0.01049881	9.9893647E-001
0.01074878	9.9891096E-001
0.01099875	9.9888557E-001
0.01124872	9.9886864E-001
0.01149869	9.9884343E-001
0.01174866	9.9881792E-001
0.01199862	9.9879253E-001
0.01224859	9.9876714E-001
0.01249856	9.9874181E-001
0.01274853	9.9871606E-001
0.0129985	9.9869078E-001
0.01324847	9.9866527E-001
0.01349844	9.9864006E-001
0.01374841	9.9861467E-001
0.01399838	9.8940849E-001
0.01424834	9.8938352E-001
0.01449831	9.8935843E-001
0.01474828	9.8933303E-001
0.01499825	9.8930806E-001
0.01524822	9.8928273E-001
0.01549819	9.8925781E-001
0.01574816	9.8923260E-001
0.01599813	9.8920763E-001
0.01624809	9.8918247E-001
0.01649806	9.8915714E-001
0.01674803	9.8913193E-001
0.016998	9.8910666E-001
0.01724797	9.8908180E-001
0.01749794	9.8905647E-001
0.01774791	9.8903131E-001
0.01799788	9.8901492E-001
0.01824784	9.8898965E-001
0.01849781	9.8896444E-001
0.01874778	9.8893934E-001
0.01899775	9.8891401E-001
0.01924772	9.8888928E-001
0.01949769	9.8886400E-001
0.01974766	9.8883855E-001
0.01999762	9.8881370E-001
0.02024759	9.8878843E-001
0.02049756	9.8876333E-001
0.02074753	9.8873824E-001
0.0209975	9.8871326E-001
0.02124747	9.8868799E-001
0.02149744	9.8866290E-001
0.02174741	9.8863780E-001
0.02199738	9.8861259E-001
0.02224734	9.8858738E-001
0.02249731	9.8856229E-001
0.02274728	9.8853725E-001
0.02299725	9.8852062E-001
0.02324722	9.8849541E-001
0.02349719	9.8847014E-001
0.02374716	9.8844492E-001
0.02399712	9.8842007E-001
0.02424709	9.8457879E-001
0.02449706	9.8455358E-001
0.02474703	9.8452848E-001
0.024997	9.8450345E-001
0.02524697	9.8447859E-001
0.02549694	9.8446184E-001
0.02574691	9.8443663E-001
0.02599688	9.8441178E-001
0.02624684	9.8438656E-001
0.02649681	9.8436171E-001
0.02674678	9.8433679E-001
0.02699675	9.8431158E-001
0.02724672	9.8428673E-001
0.02749669	9.8426151E-001
0.02774666	9.8423666E-001
0.02799663	9.8421162E-001
0.02824659	9.8418683E-001
0.02849656	9.8416138E-001
0.02874653	9.8413652E-001
0.0289965	9.8411119E-001
0.02924647	9.8409474E-001
0.02949644	9.8406982E-001
0.02974641	9.8404461E-001
0.02999637	9.8401976E-001
0.03024634	9.8399466E-001
0.03049631	9.8396951E-001
0.03074628	9.8394454E-001
0.03099625	9.8391956E-001
0.03124622	9.8389453E-001
0.03149619	9.8092788E-001
0.03174616	9.8090303E-001
0.03199612	9.8087811E-001
0.03224609	9.8085284E-001
0.03249606	9.8082805E-001
0.03274603	9.8080319E-001
0.032996	9.8077822E-001
0.03324597	9.8075318E-001
0.03349594	9.8073655E-001
0.03374591	9.8071164E-001
0.03399587	9.8068637E-001
0.03424584	9.8066157E-001
0.03449581	9.8063660E-001
0.03474578	9.8061180E-001
0.03499575	9.8058689E-001
0.03524572	9.8056179E-001
0.03549569	9.8053724E-001
0.03574565	9.8051226E-001
0.03599562	9.8048723E-001
0.03624559	9.8046196E-001
0.03649556	9.8043716E-001
0.03674553	9.8042059E-001
0.0369955	9.8039562E-001
0.03724547	9.7787267E-001
0.03749544	9.7784764E-001
0.0377454	9.7782290E-001
0.03799538	9.7779799E-001
0.03824534	9.7777277E-001
0.03849531	9.7774786E-001
0.03874528	9.7773147E-001
0.03899525	9.7770649E-001
0.03924522	9.7768182E-001
0.03949519	9.7765690E-001
0.03974516	9.7763193E-001
0.03999513	9.7760689E-001
0.04024509	9.7758192E-001
0.04049506	9.7755724E-001
0.04074503	9.7753209E-001
0.040995	9.7750747E-001
0.04124497	9.7748244E-001
0.04149494	9.7746593E-001
0.04174491	9.7744107E-001
0.04199487	9.7519779E-001
0.04224484	9.7517276E-001
0.04249481	9.7515631E-001
0.04274478	9.7513157E-001
0.04299475	9.7510678E-001
0.04324472	9.7508210E-001
0.04349469	9.7505707E-001
0.04374466	9.7503215E-001
0.04399462	9.7500747E-001
0.04424459	9.7498238E-001
0.04449456	9.7495764E-001
0.04474453	9.7494119E-001
0.0449945	9.7491640E-001
0.04524447	9.7489154E-001
0.04549444	9.7486657E-001
0.0457444	9.7484189E-001
0.04599437	9.7481674E-001
0.04624434	9.7479182E-001
0.04649431	9.7275794E-001
0.04674428	9.7273302E-001
0.04699425	9.7270823E-001
0.04724422	9.7268319E-001
0.04749419	9.7266680E-001
0.04774415	9.7264206E-001
0.04799413	9.7261715E-001
0.04824409	9.7259253E-001
0.04849406	9.7256768E-001
0.04874403	9.7254288E-001
0.048994	9.7251797E-001
0.04924397	9.7249323E-001
0.04949394	9.7247678E-001
0.04974391	9.7245175E-001
0.04999388	9.7242689E-001
0.05024384	9.7240233E-001
0.05049381	9.7051072E-001
0.05074378	9.7048581E-001
0.05099375	9.7046101E-001
0.05124372	9.7044474E-001
0.05149369	9.7041994E-001
0.05174366	9.7039497E-001
0.05199362	9.7037029E-001
0.05224359	9.7034550E-001
0.05249356	9.7032064E-001
0.05274353	9.7029591E-001
0.0529935	9.7027963E-001
0.05324347	9.7025472E-001
0.05349344	9.7022974E-001
0.05374341	9.7020519E-001
0.05399337	9.7018045E-001
0.05424334	9.6841127E-001
0.05449331	9.6838647E-001
0.05474328	9.6836185E-001
0.05499325	9.6833724E-001
0.05524322	9.6831232E-001
0.05549319	9.6828759E-001
0.05574315	9.6826285E-001
0.05599312	9.6824628E-001
0.05624309	9.6822160E-001
0.05649306	9.6819681E-001
0.05674303	9.6817172E-001
0.056993	9.6814722E-001
0.05724297	9.6812242E-001
0.05749294	9.6810591E-001
0.0577429	9.6642125E-001
0.05799288	9.6639627E-001
0.05824284	9.6637994E-001
0.05849281	9.6635497E-001
0.05874278	9.6633047E-001
0.05899275	9.6630549E-001
0.05924272	9.6628070E-001
0.05949269	9.6625596E-001
0.05974266	9.6623969E-001
0.05999263	9.6621490E-001
0.06024259	9.6619028E-001
0.06049256	9.6616548E-001
0.06074253	9.6614063E-001
0.0609925	9.6453971E-001
0.06124247	9.6451545E-001
0.06149244	9.6449870E-001
0.06174241	9.6447414E-001
0.06199237	9.6444935E-001
0.06224234	9.6442437E-001
0.06249231	9.6440011E-001
0.06274228	9.6438348E-001
0.06299225	9.6435863E-001
0.06324222	9.6433407E-001
0.06349219	9.6430945E-001
0.06374215	9.6428454E-001
0.06399213	9.6426010E-001
0.06424209	9.6273136E-001
0.06449206	9.6270651E-001
0.06474203	9.6268201E-001
0.064992	9.6265703E-001
0.06524197	9.6263236E-001
0.06549194	9.6261626E-001
0.0657419	9.6259123E-001
0.06599187	9.6256673E-001
0.06624185	9.6254206E-001
0.06649181	9.6251714E-001
0.06674178	9.6250075E-001
0.06699175	9.6247584E-001
0.06724172	9.6099353E-001
0.06749169	9.6096861E-001
0.06774165	9.6095246E-001
0.06799162	9.6092761E-001
0.0682416	9.6090293E-001
0.06849156	9.6087807E-001
0.06874153	9.6085364E-001
0.0689915	9.6083701E-001
0.06924147	9.6081227E-001
0.06949144	9.6078783E-001
0.06974141	9.6076304E-001
0.06999137	9.5933551E-001
0.07024135	9.5931101E-001
0.07049131	9.5928615E-001
0.07074128	9.5927000E-001
0.07099125	9.5924520E-001
0.07124121	9.5922041E-001
0.07149119	9.5919585E-001
0.07174116	9.5917940E-001
0.07199112	9.5915455E-001
0.07224109	9.5912993E-001
0.07249106	9.5910525E-001
0.07274103	9.5772547E-001
0.072991	9.5770091E-001
0.07324097	9.5768452E-001
0.07349094	9.5765966E-001
0.07374091	9.5763522E-001
0.07399087	9.5761025E-001
0.07424084	9.5759416E-001
0.07449082	9.5756954E-001
0.07474078	9.5754468E-001
0.07499075	9.5751977E-001
0.07524072	9.5750350E-001
0.07549069	9.5615292E-001
0.07574066	9.5612842E-001
0.07599062	9.5610386E-001
0.07624059	9.5607889E-001
0.07649056	9.5606273E-001
0.07674053	9.5603794E-001
0.0769905	9.5601326E-001
0.07724047	9.5598841E-001
0.07749043	9.5597225E-001
0.07774041	9.5594782E-001
0.07799038	9.5462888E-001
0.07824034	9.5461237E-001
0.07849031	9.5458752E-001
0.07874028	9.5456278E-001
0.07899025	9.5453823E-001
0.07924022	9.5452189E-001
0.07949018	9.5449722E-001
0.07974016	9.5447266E-001
0.07999013	9.5444781E-001
0.08024009	9.5443159E-001
0.08049006	9.5314091E-001
0.08074003	9.5312476E-001
0.08099	9.5310014E-001
0.08123997	9.5307535E-001
0.08148994	9.5305067E-001
0.0817399	9.5303398E-001
0.08198988	9.5300937E-001
0.08223984	9.5298487E-001
0.08248981	9.5296848E-001
0.08273978	9.5294380E-001
0.08298975	9.5168662E-001
0.08323972	9.5166200E-001
0.08348969	9.5163715E-001
0.08373965	9.5161253E-001
0.08398963	9.5159620E-001
0.08423959	9.5157146E-001
0.08448956	9.5154679E-001
0.08473953	9.5153046E-001
0.0849895	9.5150590E-001
0.08523947	9.5027089E-001
0.08548944	9.5024645E-001
0.0857394	9.5023018E-001
0.08598937	9.5020556E-001
0.08623935	9.5018071E-001
0.08648931	9.5016432E-001
0.08673928	9.5013964E-001
0.08698925	9.5011497E-001
0.08723922	9.5009875E-001
0.08748919	9.4887584E-001
0.08773915	9.4885117E-001
0.08798912	9.4882667E-001
0.0882391	9.4881016E-001
0.08848906	9.4878554E-001
0.08873903	9.4876081E-001
0.088989	9.4874454E-001
0.08923897	9.4871986E-001
0.08948894	9.4869536E-001
0.08973891	9.4750720E-001
0.08998887	9.4748253E-001
0.09023885	9.4745785E-001
0.09048881	9.4744140E-001
0.09073878	9.4741666E-001
0.09098875	9.4739193E-001
0.09123871	9.4737566E-001
0.09148869	9.4735104E-001
0.09173866	9.4617158E-001
0.09198862	9.4615513E-001
0.09223859	9.4613034E-001
0.09248856	9.4611406E-001
0.09273853	9.4608933E-001
0.0929885	9.4606465E-001
0.09323847	9.4604838E-001
0.09348844	9.4602346E-001
0.09373841	9.4600695E-001
0.09398837	9.4484276E-001
0.09423834	9.4482630E-001
0.09448832	9.4480157E-001
0.09473828	9.4477695E-001
0.09498825	9.4476032E-001
0.09523822	9.4473571E-001
0.09548819	9.4471920E-001
0.09573816	9.4469440E-001
0.09598812	9.4354308E-001
0.09623809	9.4351828E-001
0.09648806	9.4350183E-001
0.09673803	9.4347715E-001
0.096988	9.4345236E-001
0.09723797	9.4343603E-001
0.09748793	9.4341129E-001
0.09773791	9.4339508E-001
0.09798788	9.4226480E-001
0.09823784	9.4223994E-001
0.09848781	9.4222367E-001
0.09873778	9.4219869E-001
0.09898775	9.4217414E-001
0.09923772	9.4215763E-001
0.09948768	9.4213295E-001
0.09973766	9.4211662E-001
0.09998763	9.4099778E-001
0.1002376	9.4097304E-001
0.1004876	9.4095653E-001
0.1007375	9.4093174E-001
0.1009875	9.4091529E-001
0.1012375	9.4089067E-001
0.1014874	9.4087440E-001
0.1017374	9.4084942E-001
0.1019874	9.3973124E-001
0.1022373	9.3971473E-001
0.1024873	9.3968958E-001
0.1027373	9.3967342E-001
0.1029873	9.3964869E-001
0.1032372	9.3963206E-001
0.1034872	9.3960708E-001
0.1037372	9.3959075E-001
0.1039871	9.3849170E-001
0.1042371	9.3847513E-001
0.1044871	9.3845034E-001
0.104737	9.3843400E-001
0.104987	9.3840873E-001
0.105237	9.3839252E-001
0.1054869	9.3836766E-001
0.1057369	9.3728542E-001
0.1059869	9.3726063E-001
0.1062368	9.3724442E-001
0.1064868	9.3721938E-001
0.1067368	9.3720287E-001
0.1069867	9.3717802E-001
0.1072367	9.3716180E-001
0.1074867	9.3608701E-001
0.1077367	9.3606198E-001
0.1079866	9.3604559E-001
0.1082366	9.3602091E-001
0.1084866	9.3600416E-001
0.1087365	9.3598783E-001
0.1089865	9.3596309E-001
0.1092365	9.3593794E-001
0.1094864	9.3485832E-001
0.1097364	9.3483347E-001
0.1099864	9.3481678E-001
0.1102363	9.3479192E-001
0.1104863	9.3477541E-001
0.1107363	9.3475056E-001
0.1109862	9.3473393E-001
0.1112362	9.3367255E-001
0.1114862	9.3365616E-001
0.1117362	9.3363094E-001
0.1119861	9.3361473E-001
0.1122361	9.3359810E-001
0.1124861	9.3357307E-001
0.112736	9.3355668E-001
0.112986	9.3248999E-001
0.113236	9.3247348E-001
0.1134859	9.3244839E-001
0.1137359	9.3243200E-001
0.1139859	9.3240702E-001
0.1142358	9.3239057E-001
0.1144858	9.3237394E-001
0.1147358	9.3132299E-001
0.1149857	9.3130648E-001
0.1152357	9.3129003E-001
0.1154857	9.3126512E-001
0.1157357	9.3124831E-001
0.1159856	9.3122333E-001
0.1162356	9.3017435E-001
0.1164856	9.3015832E-001
0.1167355	9.3014169E-001
0.1169855	9.3011636E-001
0.1172355	9.3009973E-001
0.1174854	9.3007463E-001
0.1177354	9.3005830E-001
0.1179854	9.2901343E-001
0.1182353	9.2899686E-001
0.1184853	9.2897153E-001
0.1187353	9.2895514E-001
0.1189853	9.2893827E-001
0.1192352	9.2891330E-001
0.1194852	9.2889690E-001
0.1197352	9.2786670E-001
0.1199851	9.2785007E-001
0.1202351	9.2783350E-001
0.1204851	9.2780846E-001
0.120735	9.2779183E-001
0.120985	9.2777497E-001
0.121235	9.2673641E-001
0.1214849	9.2671978E-001
0.1217349	9.2669433E-001
0.1219849	9.2667788E-001
0.1222348	9.2666137E-001
0.1224848	9.2663604E-001
0.1227348	9.2661941E-001
0.1229848	9.2560387E-001
0.1232347	9.2558712E-001
0.1234847	9.2556208E-001
0.1237347	9.2554545E-001
0.1239846	9.2552871E-001
0.1242346	9.2550331E-001
0.1244846	9.2447835E-001
0.1247345	9.2446148E-001
0.1249845	9.2444485E-001
0.1252345	9.2441928E-001
0.1254844	9.2440259E-001
0.1257344	9.2438608E-001
0.1259844	9.2336285E-001
0.1262343	9.2334598E-001
0.1264843	9.2332888E-001
0.1267343	9.2330360E-001
0.1269843	9.2328703E-001
0.1272342	9.2327011E-001
0.1274842	9.2224753E-001
0.1277342	9.2223108E-001
0.1279841	9.2221445E-001
0.1282341	9.2218864E-001
0.1284841	9.2217183E-001
0.128734	9.2215520E-001
0.128984	9.2113423E-001
0.129234	9.2111725E-001
0.1294839	9.2110050E-001
0.1297339	9.2108357E-001
0.1299839	9.2106682E-001
0.1302338	9.2104119E-001
0.1304838	9.2002952E-001
0.1307338	9.2001271E-001
0.1309838	9.1999590E-001
0.1312337	9.1997027E-001
0.1314837	9.1995311E-001
0.1317337	9.1993660E-001
0.1319836	9.1892481E-001
0.1322336	9.1890824E-001
0.1324836	9.1889137E-001
0.1327335	9.1887444E-001
0.1329835	9.1884881E-001
0.1332335	9.1883177E-001
0.1334834	9.1782057E-001
0.1337334	9.1780347E-001
0.1339834	9.1778666E-001
0.1342333	9.1776985E-001
0.1344833	9.1775286E-001
0.1347333	9.1773570E-001
0.1349833	9.1672409E-001
0.1352332	9.1670728E-001
0.1354832	9.1669023E-001
0.1357332	9.1667324E-001
0.1359831	9.1665626E-001
0.1362331	9.1663039E-001
0.1364831	9.1564000E-001
0.136733	9.1562301E-001
0.136983	9.1560608E-001
0.137233	9.1558921E-001
0.1374829	9.1557199E-001
0.1377329	9.1554630E-001
0.1379829	9.1455078E-001
0.1382328	9.1452479E-001
0.1384828	9.1450793E-001
0.1387328	9.1449100E-001
0.1389827	9.1447401E-001
0.1392327	9.1345471E-001
0.1394827	9.1343760E-001
0.1397327	9.1342056E-001
0.1399826	9.1340369E-001
0.1402326	9.1338664E-001
0.1404826	9.1336930E-001
0.1407325	9.1236240E-001
0.1409825	9.1234541E-001
0.1412325	9.1232818E-001
0.1414824	9.1231132E-001
0.1417324	9.1229373E-001
0.1419824	9.1129404E-001
0.1422323	9.1127664E-001
0.1424823	9.1125947E-001
0.1427323	9.1124254E-001
0.1429822	9.1122532E-001
0.1432322	9.1120797E-001
0.1434822	9.1019273E-001
0.1437322	9.1017526E-001
0.1439821	9.1015798E-001
0.1442321	9.1013193E-001
0.1444821	9.1011447E-001
0.144732	9.0911967E-001
0.144982	9.0910256E-001
0.145232	9.0908504E-001
0.1454819	9.0906775E-001
0.1457319	9.0905023E-001
0.1459819	9.0903288E-001
0.1462318	9.0802711E-001
0.1464818	9.0800977E-001
0.1467318	9.0799218E-001
0.1469817	9.0797460E-001
0.1472317	9.0795714E-001
0.1474817	9.0694326E-001
0.1477317	9.0692604E-001
0.1479816	9.0690804E-001
0.1482316	9.0689063E-001
0.1484816	9.0687311E-001
0.1487315	9.0587056E-001
0.1489815	9.0585321E-001
0.1492315	9.0584445E-001
0.1494814	9.0582705E-001
0.1497314	9.0580934E-001
0.1499814	9.0579194E-001
0.1502313	9.0477121E-001
0.1504813	9.0475327E-001
0.1507313	9.0473568E-001
0.1509812	9.0471804E-001
0.1512312	9.0470076E-001
0.1514812	9.0370095E-001
0.1517311	9.0368330E-001
0.1519811	9.0366542E-001
0.1522311	9.0364784E-001
0.1524811	9.0363944E-001
0.152731	9.0262032E-001
0.152981	9.0260255E-001
0.153231	9.0258497E-001
0.1534809	9.0256715E-001
0.1537309	9.0254933E-001
0.1539809	9.0152669E-001
0.1542308	9.0151799E-001
0.1544808	9.0150023E-001
0.1547308	9.0148240E-001
0.1549807	9.0146416E-001
0.1552307	9.0046203E-001
0.1554807	9.0044415E-001
0.1557306	9.0042627E-001
0.1559806	9.0040809E-001
0.1562306	9.0038997E-001
0.1564806	8.9936811E-001
0.1567305	8.9935982E-001
0.1569805	8.9934123E-001
0.1572305	8.9932311E-001
0.1574804	8.9930516E-001
0.1577304	8.9828789E-001
0.1579804	8.9826947E-001
0.1582303	8.9825147E-001
0.1584803	8.9823329E-001
0.1587303	8.9821517E-001
0.1589803	8.9719254E-001
0.1592302	8.9717448E-001
0.1594802	8.9716566E-001
0.1597302	8.9714736E-001
0.1599801	8.9712900E-001
0.1602301	8.9611799E-001
0.1604801	8.9609939E-001
0.16073	8.9609075E-001
0.16098	8.9607209E-001
0.16123	8.9605373E-001
0.1614799	8.9503032E-001
0.1617299	8.9501190E-001
0.1619799	8.9499277E-001
0.1622298	8.9497447E-001
0.1624798	8.9496583E-001
0.1627298	8.9393628E-001
0.1629798	8.9391774E-001
0.1632297	8.9389902E-001
0.1634797	8.9389002E-001
0.1637297	8.9285505E-001
0.1639796	8.9283639E-001
0.1642296	8.9281744E-001
0.1644796	8.9280879E-001
0.1647295	8.9278954E-001
0.1649795	8.9175856E-001
0.1652295	8.9173979E-001
0.1654794	8.9172029E-001
0.1657294	8.9171183E-001
0.1659794	8.9169258E-001
0.1662293	8.9065462E-001
0.1664793	8.9064533E-001
0.1667293	8.9062625E-001
0.1669793	8.9060706E-001
0.1672292	8.9059806E-001
0.1674792	8.8955265E-001
0.1677292	8.8954353E-001
0.1679791	8.8952404E-001
0.1682291	8.8951480E-001
0.1684791	8.8847333E-001
0.168729	8.8845390E-001
0.168979	8.8844407E-001
0.169229	8.8842458E-001
0.1694789	8.8840520E-001
0.1697289	8.8736653E-001
0.1699789	8.8734680E-001
0.1702288	8.8733763E-001
0.1704788	8.8731802E-001
0.1707288	8.8730890E-001
0.1709788	8.8624454E-001
0.1712287	8.8622463E-001
0.1714787	8.8621467E-001
0.1717287	8.8619477E-001
0.1719786	8.8515043E-001
0.1722286	8.8514090E-001
0.1724786	8.8512081E-001
0.1727285	8.8511157E-001
0.1729785	8.8509136E-001
0.1732285	8.8403803E-001
0.1734784	8.8402921E-001
0.1737284	8.8400841E-001
0.1739784	8.8399839E-001
0.1742283	8.8292950E-001
0.1744783	8.8290906E-001
0.1747283	8.8289917E-001
0.1749783	8.8287860E-001
0.1752282	8.8286906E-001
0.1754782	8.8179111E-001
0.1757282	8.8178122E-001
0.1759781	8.8177145E-001
0.1762281	8.8175070E-001
0.1764781	8.8069147E-001
0.176728	8.8068146E-001
0.176978	8.8067132E-001
0.177228	8.8064998E-001
0.1774779	8.8064039E-001
0.1777279	8.7958288E-001
0.1779779	8.7957281E-001
0.1782278	8.7955111E-001
0.1784778	8.7954044E-001
0.1787278	8.7847203E-001
0.1789777	8.7846226E-001
0.1792277	8.7845176E-001
0.1794777	8.7844187E-001
0.1797277	8.7735546E-001
0.1799776	8.7734538E-001
0.1802276	8.7732291E-001
0.1804776	8.7731254E-001
0.1807275	8.7730223E-001
0.1809775	8.7621570E-001
0.1812275	8.7620509E-001
0.1814774	8.7619442E-001
0.1817274	8.7618387E-001
0.1819774	8.7509781E-001
0.1822273	8.7508690E-001
0.1824773	8.7506354E-001
0.1827273	8.7505257E-001
0.1829772	8.7399781E-001
0.1832272	8.7397313E-001
0.1834772	8.7396252E-001
0.1837272	8.7395132E-001
0.1839771	8.7394071E-001
0.1842271	8.7285173E-001
0.1844771	8.7284106E-001
0.184727	8.7282920E-001
0.184977	8.7281817E-001
0.185227	8.7176138E-001
0.1854769	8.7175024E-001
0.1857269	8.7173831E-001
0.1859769	8.7172717E-001
0.1862268	8.7064958E-001
0.1864768	8.7063730E-001
0.1867268	8.7062597E-001
0.1869767	8.7061411E-001
0.1872267	8.6953461E-001
0.1874767	8.6952239E-001
0.1877267	8.6951005E-001
0.1879766	8.6949790E-001
0.1882266	8.6842972E-001
0.1884766	8.6843288E-001
0.1887265	8.6842018E-001
0.1889765	8.6840802E-001
0.1892265	8.6733395E-001
0.1894764	8.6732060E-001
0.1897264	8.6730671E-001
0.1899764	8.6729395E-001
0.1902263	8.6728066E-001
0.1904763	8.6625558E-001
0.1907263	8.6624223E-001
0.1909762	8.6622763E-001
0.1912262	8.6623138E-001
0.1914762	8.6522406E-001
0.1917261	8.6520940E-001
0.1919761	8.6521298E-001
0.1922261	8.6519808E-001
0.1924761	8.6425090E-001
0.192726	8.6423391E-001
0.192976	8.6421853E-001
0.193226	8.6420256E-001
0.1934759	8.6332667E-001
0.1937259	8.6333168E-001
0.1939759	8.6331356E-001
0.1942258	8.6329722E-001
0.1944758	8.6255056E-001
0.1947258	8.6253190E-001
0.1949757	8.6253804E-001
0.1952257	8.6251831E-001
0.1954757	8.6207259E-001
0.1957256	8.6208010E-001
0.1959756	8.6205637E-001
0.1962256	8.6206394E-001
0.1964756	8.6244470E-001
0.1967255	8.6245275E-001
0.1969755	8.6242586E-001
0.1972255	8.6243379E-001
0.1974754	8.6851698E-001
0.1977254	8.6854464E-001
0.1979754	8.6849642E-001
0.1982253	8.6851460E-001
0.1984753	9.2530376E-001
0.1987253	9.2533970E-001
0.1989753	9.2548472E-001
0.1992252	9.2554688E-001
0.1994752	8.9971417E-001
0.1997252	8.9975351E-001
0.1999751	8.9984137E-001
0.2002251	8.9986640E-001
0.2004751	8.9057726E-001
0.200725	8.9060831E-001
0.200975	8.9067644E-001
0.201225	8.9069533E-001
0.2014749	8.8509732E-001
0.2017249	8.8512284E-001
0.2019749	8.8513875E-001
0.2022248	8.8106829E-001
0.2024748	8.8109130E-001
0.2027248	8.8111305E-001
0.2029748	8.8112766E-001
0.2032247	8.7787110E-001
0.2034747	8.7789130E-001
0.2037247	8.7790376E-001
0.2039746	8.7792504E-001
0.2042246	8.7507999E-001
0.2044746	8.7512386E-001
0.2047245	8.7513566E-001
0.2049745	8.7515545E-001
0.2052245	8.7259096E-001
0.2054744	8.7260860E-001
0.2057244	8.7262011E-001
0.2059744	8.7263834E-001
0.2062243	8.7030774E-001
0.2064743	8.7032515E-001
0.2067243	8.7034261E-001
0.2069743	8.7035215E-001
0.2072242	8.6817521E-001
0.2074742	8.6819184E-001
0.2077242	8.6820734E-001
0.2079741	8.6609215E-001
0.2082241	8.6612093E-001
0.2084741	8.6613601E-001
0.208724	8.6615181E-001
0.208974	8.6414540E-001
0.209224	8.6415982E-001
0.2094739	8.6416936E-001
0.2097239	8.6418438E-001
0.2099739	8.6221379E-001
0.2102238	8.6222821E-001
0.2104738	8.6224282E-001
0.2107238	8.6226982E-001
0.2109738	8.6037165E-001
0.2112237	8.6038578E-001
0.2114737	8.6039984E-001
0.2117237	8.5849738E-001
0.2119736	8.5851109E-001
0.2122236	8.5852438E-001
0.2124736	8.5854971E-001
0.2127235	8.5667241E-001
0.2129735	8.5668534E-001
0.2132235	8.5669822E-001
0.2134734	8.5672820E-001
0.2137234	8.5488158E-001
0.2139734	8.5489404E-001
0.2142233	8.5492259E-001
0.2144733	8.5306388E-001
0.2147233	8.5307127E-001
0.2149733	8.5309917E-001
0.2152232	8.5311258E-001
0.2154732	8.5127294E-001
0.2157232	8.5130036E-001
0.2159731	8.5131270E-001
0.2162231	8.5132474E-001
0.2164731	8.4952694E-001
0.216723	8.4953934E-001
0.216973	8.4954655E-001
0.217223	8.4772569E-001
0.2174729	8.4773338E-001
0.2177229	8.4774470E-001
0.2179729	8.4777099E-001
0.2182228	8.4593022E-001
0.2184728	8.4594107E-001
0.2187228	8.4596717E-001
0.2189727	8.4412557E-001
0.2192227	8.4413624E-001
0.2194727	8.4416175E-001
0.2197227	8.4417295E-001
0.2199726	8.4230578E-001
0.2202226	8.4233052E-001
0.2204726	8.4234190E-001
0.2207225	8.4235251E-001
0.2209725	8.4054875E-001
0.2212225	8.4056002E-001
0.2214724	8.4058470E-001
0.2217224	8.3872539E-001
0.2219724	8.3873618E-001
0.2222223	8.3876020E-001
0.2224723	8.3877075E-001
0.2227223	8.3689260E-001
0.2229722	8.3690327E-001
0.2232222	8.3691341E-001
0.2234722	8.3505452E-001
0.2237222	8.3506501E-001
0.2239721	8.3507508E-001
0.2242221	8.3509856E-001
0.2244721	8.3317894E-001
0.224722	8.3320200E-001
0.224972	8.3321244E-001
0.225222	8.3128572E-001
0.2254719	8.3130479E-001
0.2257219	8.3131468E-001
0.2259719	8.3132529E-001
0.2262218	8.2942593E-001
0.2264718	8.2943588E-001
0.2267218	8.2945430E-001
0.2269717	8.2750243E-001
0.2272217	8.2752484E-001
0.2274717	8.2753414E-001
0.2277217	8.2560325E-001
0.2279716	8.2561326E-001
0.2282216	8.2562268E-001
0.2284716	8.2564473E-001
0.2287215	8.2365167E-001
0.2289715	8.2367343E-001
0.2292215	8.2367939E-001
0.2294714	8.2168132E-001
0.2297214	8.2169086E-001
0.2299714	8.2169986E-001
0.2302213	8.2172137E-001
0.2304713	8.1968969E-001
0.2307213	8.1971133E-001
0.2309712	8.1972021E-001
0.2312212	8.1769472E-001
0.2314712	8.1770390E-001
0.2317211	8.1772524E-001
0.2319711	8.1564325E-001
0.2322211	8.1566471E-001
0.2324711	8.1567377E-001
0.232721	8.1568253E-001
0.232971	8.1357634E-001
0.233221	8.1358546E-001
0.2334709	8.1360620E-001
0.2337209	8.1153536E-001
0.2339709	8.1154406E-001
0.2342208	8.1154948E-001
0.2344708	8.1157053E-001
0.2347208	8.0939692E-001
0.2349707	8.0941755E-001
0.2352207	8.0942619E-001
0.2354707	8.0727828E-001
0.2357206	8.0728680E-001
0.2359706	8.0730683E-001
0.2362206	8.0508316E-001
0.2364706	8.0510300E-001
0.2367205	8.0511129E-001
0.2369705	8.0513155E-001
0.2372205	8.0288780E-001
0.2374704	8.0290776E-001
0.2377204	8.0291599E-001
0.2379704	8.0064905E-001
0.2382203	8.0065769E-001
0.2384703	8.0067766E-001
0.2387203	7.9838139E-001
0.2389702	7.9838973E-001
0.2392202	7.9839826E-001
0.2394702	7.9607159E-001
0.2397202	7.9609108E-001
0.2399701	7.9609901E-001
0.2402201	7.9610783E-001
0.2404701	7.9375112E-001
0.24072	7.9377025E-001
0.24097	7.9377848E-001
0.24122	7.9141957E-001
0.2414699	7.9143858E-001
0.2417199	7.9144686E-001
0.2419699	7.8899336E-001
0.2422198	7.8900158E-001
0.2424698	7.8902060E-001
0.2427198	7.8656232E-001
0.2429698	7.8657055E-001
0.2432197	7.8657860E-001
0.2434697	7.8659731E-001
0.2437197	7.8407300E-001
0.2439696	7.8408062E-001
0.2442196	7.8409946E-001
0.2444696	7.8155947E-001
0.2447195	7.8156716E-001
0.2449695	7.8157508E-001
0.2452195	7.7898473E-001
0.2454694	7.7899265E-001
0.2457194	7.7899998E-001
0.2459694	7.7639091E-001
0.2462193	7.7640897E-001
0.2464693	7.7642006E-001
0.2467193	7.7372861E-001
0.2469693	7.7374709E-001
0.2472192	7.7375460E-001
0.2474692	7.7377272E-001
0.2477192	7.7104682E-001
0.2479691	7.7105397E-001
0.2482191	7.7107167E-001
0.2484691	7.6826930E-001
0.248719	7.6827669E-001
0.248969	7.6829433E-001
0.249219	7.6547259E-001
0.2494689	7.6547933E-001
0.2497189	7.6549727E-001
0.2499689	7.6262510E-001
0.2502188	7.6263207E-001
0.2504688	7.6264966E-001
0.2507188	7.5976932E-001
0.2509688	7.5977635E-001
0.2512187	7.5979680E-001
0.2514687	7.5678980E-001
0.2517186	7.5679648E-001
0.2519686	7.5681388E-001
0.2522186	7.5376326E-001
0.2524686	7.5376999E-001
0.2527185	7.5379008E-001
0.2529685	7.5067520E-001
0.2532185	7.5069261E-001
0.2534684	7.5069922E-001
0.2537184	7.5070608E-001
0.2539684	7.4758106E-001
0.2542183	7.4758762E-001
0.2544683	7.4760467E-001
0.2547183	7.4437380E-001
0.2549683	7.4438089E-001
0.2552182	7.4439734E-001
0.2554682	7.4111617E-001
0.2557181	7.4113292E-001
0.2559681	7.4113947E-001
0.2562181	7.3779356E-001
0.2564681	7.3780024E-001
0.256718	7.3780972E-001
0.256968	7.3439717E-001
0.257218	7.3440361E-001
0.2574679	7.3441994E-001
0.2577179	7.3089868E-001
0.2579679	7.3091459E-001
0.2582178	7.3092103E-001
0.2584678	7.2737020E-001
0.2587178	7.2737968E-001
0.2589678	7.2739524E-001
0.2592177	7.2372681E-001
0.2594677	7.2374260E-001
0.2597176	7.2374904E-001
0.2599676	7.2001511E-001
0.2602176	7.2002143E-001
0.2604676	7.2002739E-001
0.2607175	7.1625161E-001
0.2609675	7.1626681E-001
0.2612175	7.1627337E-001
0.2614674	7.1238005E-001
0.2617174	7.1238619E-001
0.2619674	7.1239156E-001
0.2622173	7.0841318E-001
0.2624673	7.0842826E-001
0.2627173	7.0843339E-001
0.2629673	7.0433229E-001
0.2632172	7.0433754E-001
0.2634672	7.0435297E-001
0.2637171	7.0018470E-001
0.2639671	7.0019990E-001
0.2642171	7.0020527E-001
0.2644671	6.9595277E-001
0.264717	6.9596756E-001
0.264967	6.9597340E-001
0.265217	6.9158602E-001
0.2654669	6.9159126E-001
0.2657169	6.9160569E-001
0.2659669	6.8715358E-001
0.2662168	6.8715847E-001
0.2664668	6.8717337E-001
0.2667168	6.8257040E-001
0.2669668	6.8258446E-001
0.2672167	6.8258935E-001
0.2674667	6.7784977E-001
0.2677166	6.7786390E-001
0.2679666	6.7787176E-001
0.2682166	6.7305350E-001
0.2684666	6.7306733E-001
0.2687165	6.6812462E-001
0.2689665	6.6813821E-001
0.2692165	6.6814506E-001
0.2694664	6.6309261E-001
0.2697164	6.6310656E-001
0.2699664	6.6311097E-001
0.2702163	6.5788740E-001
0.2704663	6.5790069E-001
0.2707163	6.5790540E-001
0.2709663	6.5256149E-001
0.2712162	6.5257454E-001
0.2714662	6.5258139E-001
0.2717161	6.4711082E-001
0.2719661	6.4711767E-001
0.2722161	6.4713126E-001
0.2724661	6.4155543E-001
0.272716	6.4155954E-001
0.272966	6.4157224E-001
0.273216	6.3577962E-001
0.2734659	6.3578707E-001
0.2737159	6.3579965E-001
0.2739659	6.2989497E-001
0.2742158	6.2990773E-001
0.2744658	6.2386197E-001
0.2747158	6.2386632E-001
0.2749658	6.2388098E-001
0.2752157	6.1764574E-001
0.2754657	6.1766016E-001
0.2757156	6.1766392E-001
0.2759656	6.1127096E-001
0.2762156	6.1128300E-001
0.2764656	6.1128902E-001
0.2767155	6.0475379E-001
0.2769655	6.0475725E-001
0.2772155	6.0476989E-001
0.2774654	5.9807152E-001
0.2777154	5.9808326E-001
0.2779654	5.9808910E-001
0.2782153	5.9123874E-001
0.2784653	5.9124237E-001
0.2787153	5.8418679E-001
0.2789652	5.8419019E-001
0.2792152	5.8420378E-001
0.2794652	5.7702851E-001
0.2797152	5.7703984E-001
0.2799651	5.7704496E-001
0.2802151	5.6964427E-001
0.2804651	5.6965774E-001
0.280715	5.6966126E-001
0.280965	5.6217200E-001
0.281215	5.6217754E-001
0.2814649	5.6218857E-001
0.2817149	5.5447918E-001
0.2819649	5.5449229E-001
0.2822149	5.4667199E-001
0.2824648	5.4667550E-001
0.2827148	5.4668611E-001
0.2829647	5.3869808E-001
0.2832147	5.3870338E-001
0.2834647	5.3871417E-001
0.2837147	5.3062034E-001
0.2839646	5.3063315E-001
0.2842146	5.3064364E-001
0.2844646	5.2238685E-001
0.2847145	5.2239943E-001
0.2849645	5.1404625E-001
0.2852145	5.1405674E-001
0.2854644	5.1406163E-001
0.2857144	5.0557446E-001
0.2859644	5.0558496E-001
0.2862144	5.0559068E-001
0.2864643	4.9705693E-001
0.2867143	4.9706745E-001
0.2869642	4.9707314E-001
0.2872142	4.8843789E-001
0.2874642	4.8844823E-001
0.2877142	4.7975689E-001
0.2879641	4.7976926E-001
0.2882141	4.7977328E-001
0.2884641	4.7105238E-001
0.288714	4.7106203E-001
0.288964	4.7107235E-001
0.289214	4.6232960E-001
0.2894639	4.6234006E-001
0.2897139	4.6234629E-001
0.2899639	4.5360905E-001
0.2902139	4.5361874E-001
0.2904638	4.4487095E-001
0.2907138	4.4488117E-001
0.2909637	4.4489348E-001
0.2912137	4.3616661E-001
0.2914637	4.3617705E-001
0.2917137	4.3618286E-001
0.2919636	4.2751309E-001
0.2922136	4.2751998E-001
0.2924636	4.1895199E-001
0.2927135	4.1896242E-001
0.2929635	4.1896939E-001
0.2932135	4.1048771E-001
0.2934634	4.1049504E-001
0.2937134	4.1050541E-001
0.2939634	4.0211505E-001
0.2942134	4.0212032E-001
0.2944633	3.9384690E-001
0.2947133	3.9385876E-001
0.2949632	3.9386603E-001
0.2952132	3.8571218E-001
0.2954632	3.8572267E-001
0.2957132	3.8573509E-001
0.2959631	3.7771854E-001
0.2962131	3.7773052E-001
0.2964631	3.6990035E-001
0.296713	3.6991268E-001
0.296963	3.6991853E-001
0.297213	3.6223665E-001
0.2974629	3.6224183E-001
0.2977129	3.6225423E-001
0.2979629	3.5474312E-001
0.2982129	3.5475558E-001
0.2984628	3.4740704E-001
0.2987128	3.4741873E-001
0.2989627	3.4742481E-001
0.2992127	3.4026435E-001
0.2994627	3.4027067E-001
0.2997127	3.3328637E-001
0.2999626	3.3329815E-001
0.3002126	3.3330438E-001
0.3004626	3.2650396E-001
0.3007125	3.2651013E-001
0.3009625	3.2652223E-001
0.3012125	3.1988117E-001
0.3014624	3.1989262E-001
0.3017124	3.1342173E-001
0.3019624	3.1343362E-001
0.3022123	3.1344575E-001
0.3024623	3.0714640E-001
0.3027123	3.0715406E-001
0.3029622	3.0101442E-001
0.3032122	3.0102623E-001
0.3034622	3.0103609E-001
0.3037122	2.9504544E-001
0.3039621	2.9505655E-001
0.3042121	2.9506296E-001
0.3044621	2.8921384E-001
0.304712	2.8922144E-001
0.304962	2.8351805E-001
0.305212	2.8352919E-001
0.3054619	2.8353542E-001
0.3057119	2.7798250E-001
0.3059619	2.7799344E-001
0.3062118	2.7256480E-001
0.3064618	2.7257562E-001
0.3067118	2.7258697E-001
0.3069617	2.6729402E-001
0.3072117	2.6730463E-001
0.3074617	2.6215070E-001
0.3077117	2.6215833E-001
0.3079616	2.6216885E-001
0.3082116	2.5716424E-001
0.3084615	2.5717318E-001
0.3087115	2.5230089E-001
0.3089615	2.5230896E-001
0.3092115	2.5231758E-001
0.3094614	2.4759156E-001
0.3097114	2.4760196E-001
0.3099614	2.4302225E-001
0.3102113	2.4303035E-001
0.3104613	2.4304064E-001
0.3107113	2.3860891E-001
0.3109612	2.3861970E-001
0.3112112	2.3862992E-001
0.3114612	2.3435070E-001
0.3117112	2.3435917E-001
0.3119611	2.3022829E-001
0.3122111	2.3023877E-001
0.312461	2.3024708E-001
0.312711	2.2626373E-001
0.312961	2.2627412E-001
0.313211	2.2244218E-001
0.3134609	2.2245197E-001
0.3137109	2.2246066E-001
0.3139609	2.1876432E-001
0.3142108	2.1877147E-001
0.3144608	2.1520428E-001
0.3147108	2.1521221E-001
0.3149607	2.1521981E-001
0.3152107	2.1177858E-001
0.3154607	2.1178803E-001
0.3157107	2.0845589E-001
0.3159606	2.0846580E-001
0.3162106	2.0523426E-001
0.3164605	2.0524356E-001
0.3167105	2.0525077E-001
0.3169605	2.0210211E-001
0.3172105	2.0210895E-001
0.3174604	1.9905643E-001
0.3177104	1.9906317E-001
0.3179604	1.9907202E-001
0.3182103	1.9606467E-001
0.3184603	1.9606969E-001
0.3187103	1.9313069E-001
0.3189602	1.9313738E-001
0.3192102	1.9314617E-001
0.3194602	1.9024920E-001
0.3197102	1.9025776E-001
0.3199601	1.8740143E-001
0.3202101	1.8740842E-001
0.3204601	1.8741684E-001
0.32071	1.8459955E-001
0.32096	1.8460783E-001
0.32121	1.8189552E-001
0.3214599	1.8190403E-001
0.3217099	1.8191223E-001
0.3219599	1.7892957E-001
0.3222098	1.7893626E-001
0.3224598	1.7606473E-001
0.3227098	1.7607282E-001
0.3229598	1.7323780E-001
0.3232097	1.7324615E-001
0.3234597	1.7325410E-001
0.3237097	1.7046574E-001
0.3239596	1.7047355E-001
0.3242096	1.6772194E-001
0.3244596	1.6772984E-001
0.3247095	1.6773626E-001
0.3249595	1.6503066E-001
0.3252095	1.6503838E-001
0.3254595	1.6239260E-001
0.3257094	1.6239899E-001
0.3259594	1.5981181E-001
0.3262093	1.5981957E-001
0.3264593	1.5982723E-001
0.3267093	1.5731317E-001
0.3269593	1.5732126E-001
0.3272092	1.5488131E-001
0.3274592	1.5488715E-001
0.3277092	1.5489478E-001
0.3279591	1.5254335E-001
0.3282091	1.5255091E-001
0.3284591	1.5028875E-001
0.328709	1.5029627E-001
0.328959	1.4812979E-001
0.329209	1.4813729E-001
0.3294589	1.4814474E-001
0.3297089	1.4607146E-001
0.3299589	1.4607884E-001
0.3302088	1.4410779E-001
0.3304588	1.4411512E-001
0.3307088	1.4412086E-001
0.3309588	1.4224708E-001
0.3312087	1.4225276E-001
0.3314587	1.4047456E-001
0.3317086	1.4048174E-001
0.3319586	1.3879131E-001
0.3322086	1.3879837E-001
0.3324586	1.3880432E-001
0.3327085	1.3719697E-001
0.3329585	1.3720118E-001
0.3332085	1.3567416E-001
0.3334584	1.3567947E-001
0.3337084	1.3421683E-001
0.3339584	1.3422212E-001
0.3342083	1.3422887E-001
0.3344583	1.3282111E-001
0.3347083	1.3282625E-001
0.3349583	1.3146795E-001
0.3352082	1.3147458E-001
0.3354582	1.3015160E-001
0.3357081	1.3015656E-001
0.3359581	1.3016297E-001
0.3362081	1.2886210E-001
0.3364581	1.2886840E-001
0.336708	1.2758580E-001
0.336958	1.2759049E-001
0.337208	1.2630971E-001
0.3374579	1.2631422E-001
0.3377079	1.2632038E-001
0.3379579	1.2503393E-001
0.3382078	1.2503991E-001
0.3384578	1.2374703E-001
0.3387078	1.2375136E-001
0.3389578	1.2243635E-001
0.3392077	1.2244219E-001
0.3394577	1.2244612E-001
0.3397076	1.2110673E-001
0.3399576	1.2111252E-001
0.3402076	1.1974312E-001
0.3404576	1.1974786E-001
0.3407075	1.1835731E-001
0.3409575	1.1836296E-001
0.3412075	1.1836673E-001
0.3414574	1.1694005E-001
0.3417074	1.1694464E-001
0.3419574	1.1549022E-001
0.3422073	1.1549427E-001
0.3424573	1.1401782E-001
0.3427073	1.1402245E-001
0.3429573	1.1252058E-001
0.3432072	1.1252604E-001
0.3434572	1.1253149E-001
0.3437071	1.1101490E-001
0.3439571	1.1102038E-001
0.3442071	1.0949101E-001
0.3444571	1.0949615E-001
0.344707	1.0796525E-001
0.344957	1.0797062E-001
0.345207	1.0644269E-001
0.3454569	1.0644799E-001
0.3457069	1.0645202E-001
0.3459569	1.0493589E-001
0.3462068	1.0494000E-001
0.3464568	1.0344672E-001
0.3467068	1.0345208E-001
0.3469568	1.0198350E-001
0.3472067	1.0198883E-001
0.3474567	1.0199261E-001
0.3477066	1.0056460E-001
0.3479566	1.0056989E-001
0.3482066	9.9184282E-002
0.3484566	9.9189579E-002
0.3487065	9.7852349E-002
0.3489565	9.7857408E-002
0.3492065	9.6576445E-002
0.3494564	9.6581429E-002
0.3497064	9.6586682E-002
0.3499564	9.5366411E-002
0.3502063	9.5371619E-002
0.3504563	9.4217815E-002
0.3507063	9.4221570E-002
0.3509563	9.3133539E-002
0.3512062	9.3138672E-002
0.3514562	9.2120834E-002
0.3517061	9.2125960E-002
0.3519561	9.1173589E-002
0.3522061	9.1177516E-002
0.3524561	9.1182493E-002
0.352706	9.0299554E-002
0.352956	9.0304486E-002
0.353206	8.9487813E-002
0.3534559	8.9491554E-002
0.3537059	8.8736042E-002
0.3539559	8.8740781E-002
0.3542058	8.8041753E-002
0.3544558	8.8046163E-002
0.3547058	8.8049755E-002
0.3549558	8.7403812E-002
0.3552057	8.7408416E-002
0.3554557	8.6808048E-002
0.3557056	8.6812310E-002
0.3559556	8.6251214E-002
0.3562056	8.6255319E-002
0.3564556	8.5725449E-002
0.3567055	8.5729495E-002
0.3569555	8.5227139E-002
0.3572055	8.5229956E-002
0.3574554	8.4742717E-002
0.3577054	8.4745467E-002
0.3579554	8.4749460E-002
0.3582053	8.4272981E-002
0.3584553	8.4276706E-002
0.3587053	8.3800033E-002
0.3589552	8.3803602E-002
0.3592052	8.3322197E-002
0.3594552	8.3325773E-002
0.3597052	8.2833238E-002
0.3599551	8.2836673E-002
0.3602051	8.2326196E-002
0.3604551	8.2330130E-002
0.360705	8.2333677E-002
0.360955	8.1795774E-002
0.361205	8.1799291E-002
0.3614549	8.1235826E-002
0.3617049	8.1239276E-002
0.3619549	8.0643021E-002
0.3622048	8.0646381E-002
0.3624548	8.0014139E-002
0.3627048	8.0017410E-002
0.3629547	7.9344906E-002
0.3632047	7.9347536E-002
0.3634547	7.8638889E-002
0.3637047	7.8640833E-002
0.3639546	7.8643791E-002
0.3642046	7.7901319E-002
0.3644546	7.7904202E-002
0.3647045	7.7112749E-002
0.3649545	7.7115044E-002
0.3652045	7.6289587E-002
0.3654544	7.6291308E-002
0.3657044	7.5429469E-002
0.3659544	7.5432278E-002
0.3662044	7.4535966E-002
0.3664543	7.4539289E-002
0.3667043	7.3614091E-002
0.3669542	7.3616378E-002
0.3672042	7.2669171E-002
0.3674542	7.2672099E-002
0.3677042	7.1700364E-002
0.3679541	7.1703300E-002
0.3682041	7.1705610E-002
0.3684541	7.0718370E-002
0.368704	7.0721053E-002
0.368954	6.9726735E-002
0.369204	6.9728509E-002
0.3694539	6.8723448E-002
0.3697039	6.8725482E-002
0.3699539	6.7724213E-002
0.3702039	6.7727119E-002
0.3704538	6.6735089E-002
0.3707038	6.6737421E-002
0.3709537	6.5752789E-002
0.3712037	6.5755397E-002
0.3714537	6.4789332E-002
0.3717037	6.4791672E-002
0.3719536	6.3854031E-002
0.3722036	6.3855760E-002
0.3724536	6.3858859E-002
0.3727035	6.2949546E-002
0.3729535	6.2951274E-002
0.3732035	6.2067978E-002
0.3734534	6.2071122E-002
0.3737034	6.1232444E-002
0.3739534	6.1234295E-002
0.3742034	6.0437914E-002
0.3744533	6.0440738E-002
0.3747033	5.9683107E-002
0.3749532	5.9684634E-002
0.3752032	5.8975711E-002
0.3754532	5.8978334E-002
0.3757032	5.8319159E-002
0.3759531	5.8320709E-002
0.3762031	5.7709936E-002
0.3764531	5.7711929E-002
0.376703	5.7152737E-002
0.376953	5.7154298E-002
0.377203	5.6644000E-002
0.3774529	5.6646295E-002
0.3777029	5.6190565E-002
0.3779529	5.6191552E-002
0.3782029	5.5780265E-002
0.3784528	5.5781793E-002
0.3787028	5.5782691E-002
0.3789527	5.5413935E-002
0.3792027	5.5415627E-002
0.3794527	5.5093836E-002
0.3797027	5.5094916E-002
0.3799526	5.4810937E-002
0.3802026	5.4811470E-002
0.3804526	5.4561138E-002
0.3807025	5.4562178E-002
0.3809525	5.4351997E-002
0.3812025	5.4352261E-002
0.3814524	5.4167058E-002
0.3817024	5.4168127E-002
0.3819524	5.3998552E-002
0.3822023	5.3998910E-002
0.3824523	5.3855617E-002
0.3827023	5.3855523E-002
0.3829522	5.3723976E-002
0.3832022	5.3724498E-002
0.3834522	5.3597376E-002
0.3837022	5.3597067E-002
0.3839521	5.3474195E-002
0.3842021	5.3473804E-002
0.3844521	5.3350680E-002
0.384702	5.3350933E-002
0.384952	5.3218883E-002
0.385202	5.3218413E-002
0.3854519	5.3073730E-002
0.3857019	5.3073179E-002
0.3859519	5.2914549E-002
0.3862018	5.2914701E-002
0.3864518	5.2733932E-002
0.3867018	5.2733324E-002
0.3869517	5.2529570E-002
0.3872017	5.2528903E-002
0.3874517	5.2298434E-002
0.3877017	5.2298415E-002
0.3879516	5.2036826E-002
0.3882016	5.2036755E-002
0.3884515	5.1743384E-002
0.3887015	5.1742692E-002
0.3889515	5.1415730E-002
0.3892015	5.1415008E-002
0.3894514	5.1052250E-002
0.3897014	5.1052164E-002
0.3899514	5.0652541E-002
0.3902013	5.0651796E-002
0.3904513	5.0221071E-002
0.3907013	5.0220340E-002
0.3909512	4.9751628E-002
0.3912012	4.9750902E-002
0.3914512	4.9246211E-002
0.3917012	4.9246058E-002
0.3919511	4.8710503E-002
0.3922011	4.8709851E-002
0.392451	4.8143979E-002
0.392701	4.8143446E-002
0.392951	4.7549322E-002
0.393201	4.7548883E-002
0.3934509	4.6927202E-002
0.3937009	4.6927243E-002
0.3939509	4.6286017E-002
0.3942008	4.6286002E-002
0.3944508	4.5626637E-002
0.3947008	4.5626212E-002
0.3949507	4.4950988E-002
0.3952007	4.4950657E-002
0.3954507	4.4265479E-002
0.3957007	4.4265177E-002
0.3959506	4.3576639E-002
0.3962006	4.3576557E-002
0.3964505	4.2881671E-002
0.3967005	4.2881377E-002
0.3969505	4.2195570E-002
0.3972005	4.2195164E-002
0.3974504	4.1512102E-002
0.3977004	4.1511700E-002
0.3979504	4.0840801E-002
0.3982003	4.0840425E-002
0.3984503	4.0185880E-002
0.3987003	4.0185958E-002
0.3989502	3.9555334E-002
0.3992002	3.9555244E-002
0.3994502	3.8940549E-002
0.3997002	3.8940165E-002
0.3999501	3.8360529E-002
0.4002001	3.8360212E-002
0.4004501	3.7812941E-002
0.4007	3.7812486E-002
0.40095	3.7296735E-002
0.4012	3.7296347E-002
0.4014499	3.6814742E-002
0.4016999	3.6814477E-002
0.4019499	3.6376338E-002
0.4021998	3.6375921E-002
0.4024498	3.5972971E-002
0.4026998	3.5972260E-002
0.4029498	3.5615478E-002
0.4031997	3.5614874E-002
0.4034497	3.5298366E-002
0.4036997	3.5297692E-002
0.4039496	3.5025507E-002
0.4041996	3.5024773E-002
0.4044496	3.4792643E-002
0.4046995	3.4606889E-002
0.4049495	3.4606017E-002
0.4051995	3.4459628E-002
0.4054495	3.4458514E-002
0.4056994	3.4349706E-002
0.4059494	3.4348585E-002
0.4061993	3.4278493E-002
0.4064493	3.4277271E-002
0.4066993	3.4240246E-002
0.4069493	3.4239031E-002
0.4071992	3.4235280E-002
0.4074492	3.4234174E-002
0.4076992	3.4260396E-002
0.4079491	3.4259256E-002
0.4081991	3.4310021E-002
0.4084491	3.4308542E-002
0.408699	3.4382693E-002
0.408949	3.4381233E-002
0.409199	3.4472942E-002
0.4094489	3.4471378E-002
0.4096989	3.4578558E-002
0.4099489	3.4576945E-002
0.4101988	3.4693785E-002
0.4104488	3.4692254E-002
0.4106988	3.4815434E-002
0.4109488	3.4942411E-002
0.4111987	3.4941066E-002
0.4114487	3.5065155E-002
0.4116986	3.5063375E-002
0.4119486	3.5183188E-002
0.4121986	3.5181340E-002
0.4124486	3.5291877E-002
0.4126985	3.5290245E-002
0.4129485	3.5388973E-002
0.4131985	3.5387401E-002
0.4134484	3.5469424E-002
0.4136984	3.5467722E-002
0.4139484	3.5530474E-002
0.4141983	3.5528768E-002
0.4144483	3.5569958E-002
0.4146983	3.5568282E-002
0.4149483	3.5584856E-002
0.4151982	3.5574317E-002
0.4154482	3.5572682E-002
0.4156981	3.5533488E-002
0.4159481	3.5531871E-002
0.4161981	3.5462681E-002
0.4164481	3.5460986E-002
0.416698	3.5360519E-002
0.416948	3.5358954E-002
0.417198	3.5226170E-002
0.4174479	3.5224777E-002
0.4176979	3.5059102E-002
0.4179479	3.5057619E-002
0.4181978	3.4858845E-002
0.4184478	3.4857396E-002
0.4186978	3.4626197E-002
0.4189478	3.4362920E-002
0.4191977	3.4361716E-002
0.4194477	3.4067191E-002
0.4196976	3.4066044E-002
0.4199476	3.3741586E-002
0.4201976	3.3740342E-002
0.4204476	3.3388127E-002
0.4206975	3.3386979E-002
0.4209475	3.3008065E-002
0.4211975	3.3006836E-002
0.4214474	3.2604534E-002
0.4216974	3.2603450E-002
0.4219474	3.2178901E-002
0.4221973	3.2177839E-002
0.4224473	3.1733986E-002
0.4226973	3.1273615E-002
0.4229473	3.1272586E-002
0.4231972	3.0799426E-002
0.4234472	3.0798452E-002
0.4236971	3.0313302E-002
0.4239471	3.0312397E-002
0.4241971	2.9820874E-002
0.4244471	2.9820085E-002
0.424697	2.9325552E-002
0.424947	2.9324850E-002
0.425197	2.8827714E-002
0.4254469	2.8334418E-002
0.4256969	2.8333627E-002
0.4259469	2.7843509E-002
0.4261968	2.7842671E-002
0.4264468	2.7365005E-002
0.4266968	2.7364273E-002
0.4269468	2.6895816E-002
0.4271967	2.6894972E-002
0.4274467	2.6443131E-002
0.4276966	2.6442325E-002
0.4279466	2.6007505E-002
0.4281966	2.5595095E-002
0.4284466	2.5594264E-002
0.4286965	2.5198679E-002
0.4289465	2.5197860E-002
0.4291965	2.4834465E-002
0.4294464	2.4833681E-002
0.4296964	2.4491310E-002
0.4299464	2.4490524E-002
0.4301963	2.4178402E-002
0.4304463	2.4177555E-002
0.4306963	2.3895094E-002
0.4309463	2.3645997E-002
0.4311962	2.3645032E-002
0.4314462	2.3424437E-002
0.4316961	2.3423463E-002
0.4319461	2.3237413E-002
0.4321961	2.3236414E-002
0.4324461	2.3085492E-002
0.432696	2.3084393E-002
0.432946	2.2962859E-002
0.433196	2.2873284E-002
0.4334459	2.2872251E-002
0.4336959	2.2816496E-002
0.4339459	2.2815356E-002
0.4341958	2.2790041E-002
0.4344458	2.2788867E-002
0.4346958	2.2793015E-002
0.4349458	2.2791885E-002
0.4351957	2.2823717E-002
0.4354457	2.2881737E-002
0.4356956	2.2880444E-002
0.4359456	2.2965524E-002
0.4361956	2.2964269E-002
0.4364456	2.3070488E-002
0.4366955	2.3069084E-002
0.4369455	2.3195583E-002
0.4371955	2.3194073E-002
0.4374454	2.3339422E-002
0.4376954	2.3500940E-002
0.4379454	2.3499485E-002
0.4381953	2.3673339E-002
0.4384453	2.3671955E-002
0.4386953	2.3855889E-002
0.4389452	2.3854377E-002
0.4391952	2.4046555E-002
0.4394452	2.4044886E-002
0.4396951	2.4242310E-002
0.4399451	2.4441512E-002
0.4401951	2.4439931E-002
0.4404451	2.4638550E-002
0.440695	2.4637060E-002
0.440945	2.4832176E-002
0.441195	2.4830587E-002
0.4414449	2.5019586E-002
0.4416949	2.5200380E-002
0.4419449	2.5198642E-002
0.4421948	2.5368633E-002
0.4424448	2.5367051E-002
0.4426948	2.5523549E-002
0.4429447	2.5521962E-002
0.4431947	2.5662906E-002
0.4434447	2.5661316E-002
0.4436947	2.5784679E-002
0.4439446	2.5888778E-002
0.4441946	2.5887327E-002
0.4444446	2.5970250E-002
0.4446945	2.5968717E-002
0.4449445	2.6029777E-002
0.4451945	2.6028255E-002
0.4454444	2.6065379E-002
0.4456944	2.6078112E-002
0.4459444	2.6076641E-002
0.4461944	2.6063090E-002
0.4464443	2.6061658E-002
0.4466943	2.6022462E-002
0.4469442	2.6021045E-002
0.4471942	2.5955621E-002
0.4474442	2.5863998E-002
0.4476942	2.5862794E-002
0.4479441	2.5744129E-002
0.4481941	2.5742739E-002
0.4484441	2.5597448E-002
0.448694	2.5596196E-002
0.448944	2.5424885E-002
0.449194	2.5228929E-002
0.4494439	2.5227712E-002
0.4496939	2.5007587E-002
0.4499439	2.5006438E-002
0.4501939	2.4763294E-002
0.4504438	2.4762195E-002
0.4506938	2.4496933E-002
0.4509437	2.4211526E-002
0.4511937	2.4210464E-002
0.4514437	2.3906389E-002
0.4516937	2.3905350E-002
0.4519436	2.3583870E-002
0.4521936	2.3247136E-002
0.4524436	2.3246184E-002
0.4526935	2.2896366E-002
0.4529435	2.2895424E-002
0.4531935	2.2534488E-002
0.4534434	2.2533579E-002
0.4536934	2.2163121E-002
0.4539434	2.1785958E-002
0.4541934	2.1785107E-002
0.4544433	2.1402605E-002
0.4546933	2.1401774E-002
0.4549432	2.1017512E-002
0.4551932	2.1016706E-002
0.4554432	2.0631589E-002
0.4556932	2.0249011E-002
0.4559431	2.0248281E-002
0.4561931	1.9869877E-002
0.4564431	1.9869097E-002
0.456693	1.9497044E-002
0.456943	1.9133322E-002
0.457193	1.9132582E-002
0.4574429	1.8779209E-002
0.4576929	1.8778507E-002
0.4579429	1.8438671E-002
0.4581929	1.8437948E-002
0.4584428	1.8112229E-002
0.4586928	1.7801475E-002
0.4589427	1.7800704E-002
0.4591927	1.7509846E-002
0.4594427	1.7509107E-002
0.4596927	1.7236011E-002
0.4599426	1.6983472E-002
0.4601926	1.6982716E-002
0.4604426	1.6751746E-002
0.4606925	1.6750949E-002
0.4609425	1.6543640E-002
0.4611925	1.6359771E-002
0.4614424	1.6358953E-002
0.4616924	1.6199468E-002
0.4619424	1.6198641E-002
0.4621923	1.6062165E-002
0.4624423	1.6061317E-002
0.4626923	1.5950812E-002
0.4629422	1.5866719E-002
0.4631922	1.5865823E-002
0.4634422	1.5805207E-002
0.4636922	1.5804231E-002
0.4639421	1.5769623E-002
0.4641921	1.5759256E-002
0.4644421	1.5758367E-002
0.464692	1.5770273E-002
0.464942	1.5769212E-002
0.465192	1.5805153E-002
0.4654419	1.5863340E-002
0.4656919	1.5862357E-002
0.4659419	1.5942706E-002
0.4661918	1.5941620E-002
0.4664418	1.6040541E-002
0.4666918	1.6158001E-002
0.4669417	1.6156798E-002
0.4671917	1.6292429E-002
0.4674417	1.6291294E-002
0.4676917	1.6441349E-002
0.4679416	1.6605966E-002
0.4681916	1.6604755E-002
0.4684415	1.6781751E-002
0.4686915	1.6780667E-002
0.4689415	1.6967945E-002
0.4691915	1.7163798E-002
0.4694414	1.7162511E-002
0.4696914	1.7365627E-002
0.4699414	1.7364301E-002
0.4701913	1.7571649E-002
0.4704413	1.7782006E-002
0.4706913	1.7780731E-002
0.4709412	1.7992102E-002
0.4711912	1.7990757E-002
0.4714412	1.8201564E-002
0.4716912	1.8409533E-002
0.4719411	1.8408209E-002
0.4721911	1.8611465E-002
0.472441	1.8610148E-002
0.472691	1.8806908E-002
0.472941	1.8995820E-002
0.473191	1.8994506E-002
0.4734409	1.9173695E-002
0.4736909	1.9172316E-002
0.4739409	1.9339832E-002
0.4741908	1.9495014E-002
0.4744408	1.9493638E-002
0.4746908	1.9634154E-002
0.4749407	1.9632800E-002
0.4751907	1.9758211E-002
0.4754407	1.9866755E-002
0.4756907	1.9865403E-002
0.4759406	1.9956980E-002
0.4761906	1.9955602E-002
0.4764405	2.0027909E-002
0.4766905	2.0081239E-002
0.4769405	2.0079900E-002
0.4771905	2.0113366E-002
0.4774404	2.0112054E-002
0.4776904	2.0125162E-002
0.4779404	2.0117972E-002
0.4781903	2.0116707E-002
0.4784403	2.0088103E-002
0.4786903	2.0038394E-002
0.4789402	2.0037230E-002
0.4791902	1.9965833E-002
0.4794402	1.9964645E-002
0.4796902	1.9873559E-002
0.4799401	1.9760098E-002
0.4801901	1.9759007E-002
0.4804401	1.9626912E-002
0.48069	1.9625727E-002
0.48094	1.9473830E-002
0.48119	1.9302635E-002
0.4814399	1.9301699E-002
0.4816899	1.9112874E-002
0.4819399	1.8906649E-002
0.4821898	1.8905766E-002
0.4824398	1.8683355E-002
0.4826898	1.8682493E-002
0.4829397	1.8445086E-002
0.4831897	1.8194245E-002
0.4834397	1.8193351E-002
0.4836897	1.7929459E-002
0.4839396	1.7928591E-002
0.4841896	1.7654020E-002
0.4844396	1.7369244E-002
0.4846895	1.7368466E-002
0.4849395	1.7075827E-002
0.4851895	1.6775712E-002
0.4854394	1.6774992E-002
0.4856894	1.6469944E-002
0.4859394	1.6469236E-002
0.4861893	1.6160768E-002
0.4864393	1.5849523E-002
0.4866893	1.5848823E-002
0.4869393	1.5537361E-002
0.4871892	1.5226762E-002
0.4874392	1.5226142E-002
0.4876892	1.4918149E-002
0.4879391	1.4917553E-002
0.4881891	1.4614334E-002
0.4884391	1.4316102E-002
0.488689	1.4315472E-002
0.488939	1.4024291E-002
0.489189	1.3742401E-002
0.4894389	1.3741783E-002
0.4896889	1.3468939E-002
0.4899389	1.3468336E-002
0.4901888	1.3206769E-002
0.4904388	1.2959381E-002
0.4906888	1.2958799E-002
0.4909388	1.2722965E-002
0.4911887	1.2502892E-002
0.4914387	1.2502308E-002
0.4916886	1.2297632E-002
0.4919386	1.2297014E-002
0.4921886	1.2109023E-002
0.4924386	1.1938310E-002
0.4926885	1.1937678E-002
0.4929385	1.1783502E-002
0.4931885	1.1649021E-002
0.4934384	1.1648445E-002
0.4936884	1.1533947E-002
0.4939384	1.1533287E-002
0.4941883	1.1437020E-002
0.4944383	1.1360134E-002
0.4946883	1.1359493E-002
0.4949383	1.1302218E-002
0.4951882	1.1265861E-002
0.4954382	1.1265137E-002
0.4956881	1.1247898E-002
0.4959381	1.1247183E-002
0.4961881	1.1248031E-002
0.4964381	1.1267866E-002
0.496688	1.1267071E-002
0.496938	1.1306177E-002
0.497188	1.1362256E-002
0.4974379	1.1361500E-002
0.4976879	1.1435952E-002
0.4979379	1.1526595E-002
0.4981878	1.1525795E-002
0.4984378	1.1632252E-002
0.4986878	1.1631434E-002
0.4989378	1.1752320E-002
0.4991877	1.1886193E-002
0.4994377	1.1885297E-002
0.4996876	1.2032849E-002
0.4999376	1.2191727E-002
0.5001876	1.2190859E-002
0.5004376	1.2360265E-002
0.5006875	1.2539343E-002
0.5009375	1.2538333E-002
0.5011874	1.2724684E-002
0.5014374	1.2918092E-002
0.5016874	1.2917042E-002
0.5019374	1.3114996E-002
0.5021873	1.3113963E-002
0.5024373	1.3316020E-002
0.5026873	1.3520462E-002
0.5029373	1.3519406E-002
0.5031872	1.3725274E-002
0.5034372	1.3930872E-002
0.5036871	1.3929695E-002
0.5039371	1.4133596E-002
0.5041871	1.4334702E-002
0.5044371	1.4333588E-002
0.504687	1.4530443E-002
0.504937	1.4721971E-002
0.505187	1.4720859E-002
0.505437	1.4905530E-002
0.5056869	1.4904404E-002
0.5059369	1.5081428E-002
0.5061868	1.5249381E-002
0.5064368	1.5248360E-002
0.5066868	1.5406126E-002
0.5069367	1.5553353E-002
0.5071867	1.5552208E-002
0.5074367	1.5687140E-002
0.5076867	1.5808888E-002
0.5079366	1.5807759E-002
0.5081866	1.5916372E-002
0.5084366	1.6010519E-002
0.5086865	1.6009411E-002
0.5089365	1.6088622E-002
0.5091864	1.6151613E-002
0.5094364	1.6150529E-002
0.5096864	1.6198294E-002
0.5099364	1.6197145E-002
0.5101863	1.6228627E-002
0.5104363	1.6243542E-002
0.5106863	1.6242579E-002
0.5109363	1.6239816E-002
0.5111862	1.6221019E-002
0.5114362	1.6220020E-002
0.5116861	1.6183944E-002
0.5119361	1.6130982E-002
0.5121861	1.6130004E-002
0.512436	1.6060762E-002
0.512686	1.5974293E-002
0.512936	1.5973287E-002
0.513186	1.5871540E-002
0.513436	1.5753310E-002
0.5136859	1.5752422E-002
0.5139359	1.5619016E-002
0.5141858	1.5471624E-002
0.5144358	1.5470792E-002
0.5146858	1.5309207E-002
0.5149357	1.5133873E-002
0.5151857	1.5133099E-002
0.5154357	1.4945730E-002
0.5156857	1.4746120E-002
0.5159356	1.4745382E-002
0.5161856	1.4534998E-002
0.5164356	1.4314791E-002
0.5166855	1.4314062E-002
0.5169355	1.4085045E-002
0.5171854	1.3848081E-002
0.5174354	1.3847435E-002
0.5176854	1.3603638E-002
0.5179354	1.3602973E-002
0.5181853	1.3353603E-002
0.5184353	1.3099442E-002
0.5186853	1.3098825E-002
0.5189353	1.2841147E-002
0.5191852	1.2581095E-002
0.5194352	1.2580512E-002
0.5196851	1.2319567E-002
0.5199351	1.2058208E-002
0.5201851	1.2057682E-002
0.520435	1.1797803E-002
0.520685	1.1539765E-002
0.520935	1.1539220E-002
0.521185	1.1284443E-002
0.521435	1.1034707E-002
0.5216849	1.1034200E-002
0.5219349	1.0789377E-002
0.5221848	1.0551750E-002
0.5224348	1.0551265E-002
0.5226848	1.0319617E-002
0.5229347	1.0098093E-002
0.5231847	1.0097608E-002
0.5234347	9.8854965E-003
0.5236847	9.6839536E-003
0.5239346	9.6835075E-003
0.5241846	9.4918236E-003
0.5244346	9.3133394E-003
0.5246845	9.3128756E-003
0.5249345	9.1467872E-003
0.5251845	8.9929784E-003
0.5254344	8.9925174E-003
0.5256844	8.8537177E-003
0.5259344	8.7289829E-003
0.5261843	8.7285116E-003
0.5264343	8.6187730E-003
0.5266843	8.5225813E-003
0.5269343	8.4433462E-003
0.5271842	8.4428480E-003
0.5274342	8.3789136E-003
0.5276842	8.3309775E-003
0.5279341	8.3304206E-003
0.5281841	8.2979649E-003
0.528434	8.2815168E-003
0.528684	8.2809748E-003
0.528934	8.2811732E-003
0.529184	8.2955230E-003
0.5294339	8.2949214E-003
0.5296839	8.3248261E-003
0.5299339	8.3694234E-003
0.5301839	8.3687492E-003
0.5304338	8.4281061E-003
0.5306838	8.5012838E-003
0.5309337	8.5006421E-003
0.5311837	8.5876612E-003
0.5314337	8.6872224E-003
0.5316836	8.6865630E-003
0.5319336	8.7997150E-003
0.5321836	8.9237094E-003
0.5324336	8.9229969E-003
0.5326836	9.0578124E-003
0.5329335	9.2029143E-003
0.5331835	9.2021599E-003
0.5334334	9.3572401E-003
0.5336834	9.5200837E-003
0.5339334	9.5192594E-003
0.5341833	9.6898181E-003
0.5344333	9.8674633E-003
0.5346833	1.0050170E-002
0.5349333	1.0049300E-002
0.5351832	1.0237266E-002
0.5354332	1.0428487E-002
0.5356832	1.0427625E-002
0.5359331	1.0622130E-002
0.5361831	1.0817853E-002
0.536433	1.0816920E-002
0.536683	1.1013453E-002
0.536933	1.1209630E-002
0.537183	1.1208558E-002
0.5374329	1.1403462E-002
0.5376829	1.1596058E-002
0.5379329	1.1595078E-002
0.5381829	1.1784581E-002
0.5384328	1.1969648E-002
0.5386828	1.1968701E-002
0.5389327	1.2148483E-002
0.5391827	1.2322753E-002
0.5394327	1.2489812E-002
0.5396826	1.2488887E-002
0.5399326	1.2648189E-002
0.5401826	1.2799448E-002
0.5404326	1.2798470E-002
0.5406826	1.2940135E-002
0.5409325	1.3071571E-002
0.5411825	1.3070572E-002
0.5414324	1.3191780E-002
0.5416824	1.3301840E-002
0.5419323	1.3300888E-002
0.5421823	1.3399266E-002
0.5424323	1.3485543E-002
0.5426823	1.3559220E-002
0.5429323	1.3558209E-002
0.5431822	1.3618914E-002
0.5434322	1.3666198E-002
0.5436822	1.3665314E-002
0.5439321	1.3698710E-002
0.5441821	1.3718851E-002
0.544432	1.3717907E-002
0.544682	1.3724205E-002
0.544932	1.3716554E-002
0.545182	1.3694840E-002
0.5454319	1.3693948E-002
0.5456819	1.3658356E-002
0.5459319	1.3608078E-002
0.5461819	1.3607245E-002
0.5464318	1.3544269E-002
0.5466818	1.3467846E-002
0.5469317	1.3466982E-002
0.5471817	1.3377395E-002
0.5474317	1.3274238E-002
0.5476816	1.3273435E-002
0.5479316	1.3158668E-002
0.5481816	1.3031876E-002
0.5484316	1.2893518E-002
0.5486816	1.2892795E-002
0.5489315	1.2742799E-002
0.5491815	1.2583134E-002
0.5494314	1.2582421E-002
0.5496814	1.2412797E-002
0.5499313	1.2234194E-002
0.5501813	1.2233553E-002
0.5504313	1.2046457E-002
0.5506813	1.1851287E-002
0.5509313	1.1649203E-002
0.5511812	1.1648618E-002
0.5514312	1.1440691E-002
0.5516812	1.1227205E-002
0.5519311	1.1226657E-002
0.5521811	1.1008896E-002
0.552431	1.0787332E-002
0.552681	1.0562889E-002
0.552931	1.0562353E-002
0.553181	1.0336079E-002
0.5534309	1.0108480E-002
0.5536809	1.0108027E-002
0.5539309	9.8804189E-003
0.5541809	9.6534761E-003
0.5544308	9.6530197E-003
0.5546808	9.4272187E-003
0.5549307	9.2041651E-003
0.5551807	8.9843795E-003
0.5554307	8.9839492E-003
0.5556806	8.7676123E-003
0.5559306	8.5567068E-003
0.5561806	8.5562905E-003
0.5564306	8.3510131E-003
0.5566805	8.1521934E-003
0.5569305	7.9603922E-003
0.5571805	7.9599973E-003
0.5574304	7.7752308E-003
0.5576804	7.5998441E-003
0.5579304	7.5994660E-003
0.5581803	7.4332203E-003
0.5584303	7.2767073E-003
0.5586803	7.1304464E-003
0.5589302	7.1300878E-003
0.5591802	6.9942228E-003
0.5594302	6.8700179E-003
0.5596802	6.8696369E-003
0.5599301	6.7570927E-003
0.5601801	6.6565541E-003
0.56043	6.5681320E-003
0.56068	6.5677497E-003
0.56093	6.4922106E-003
0.56118	6.4294762E-003
0.5614299	6.4290608E-003
0.5616799	6.3793645E-003
0.5619299	6.3424329E-003
0.5621799	6.3189701E-003
0.5624298	6.3185208E-003
0.5626798	6.3082324E-003
0.5629297	6.3110259E-003
0.5631797	6.3105552E-003
0.5634297	6.3261203E-003
0.5636796	6.3560386E-003
0.5639296	6.3973544E-003
0.5641796	6.3968417E-003
0.5644296	6.4503001E-003
0.5646795	6.5161749E-003
0.5649295	6.5938402E-003
0.5651795	6.5932893E-003
0.5654294	6.6822721E-003
0.5656794	6.7829685E-003
0.5659294	6.7823925E-003
0.5661793	6.8927715E-003
0.5664293	7.0130629E-003
0.5666793	7.1426076E-003
0.5669292	7.1419515E-003
0.5671792	7.2812503E-003
0.5674292	7.4278950E-003
0.5676792	7.4272556E-003
0.5679291	7.5813122E-003
0.5681791	7.7429856E-003
0.5684291	7.9101147E-003
0.568679	7.9093939E-003
0.568929	8.0820359E-003
0.5691789	8.2598012E-003
0.5694289	8.4411260E-003
0.5696789	8.4404293E-003
0.5699289	8.6252131E-003
0.5701789	8.8121640E-003
0.5704288	8.8113388E-003
0.5706788	8.9999903E-003
0.5709288	9.1895126E-003
0.5711787	9.3792258E-003
0.5714287	9.3784099E-003
0.5716786	9.5672728E-003
0.5719286	9.7547201E-003
0.5721786	9.9398270E-003
0.5724286	9.9389479E-003
0.5726785	1.0121269E-002
0.5729285	1.0299738E-002
0.5731785	1.0473907E-002
0.5734285	1.0472984E-002
0.5736784	1.0641885E-002
0.5739284	1.0804677E-002
0.5741783	1.0803791E-002
0.5744283	1.0960751E-002
0.5746783	1.1110281E-002
0.5749282	1.1252592E-002
0.5751782	1.1251616E-002
0.5754282	1.1385368E-002
0.5756782	1.1510020E-002
0.5759282	1.1626614E-002
0.5761781	1.1625734E-002
0.5764281	1.1731405E-002
0.576678	1.1827436E-002
0.576928	1.1913542E-002
0.5771779	1.1912754E-002
0.5774279	1.1987465E-002
0.5776779	1.2050752E-002
0.5779279	1.2049878E-002
0.5781779	1.2102180E-002
0.5784278	1.2143634E-002
0.5786778	1.2172678E-002
0.5789278	1.2171756E-002
0.5791777	1.2188614E-002
0.5794277	1.2193954E-002
0.5796776	1.2188444E-002
0.5799276	1.2187634E-002
0.5801776	1.2169047E-002
0.5804276	1.2138180E-002
0.5806775	1.2095841E-002
0.5809275	1.2095070E-002
0.5811775	1.2040678E-002
0.5814275	1.1975246E-002
0.5816774	1.1898515E-002
0.5819274	1.1897737E-002
0.5821773	1.1810493E-002
0.5824273	1.1711949E-002
0.5826773	1.1602649E-002
0.5829272	1.1601956E-002
0.5831772	1.1482941E-002
0.5834272	1.1353599E-002
0.5836772	1.1215480E-002
0.5839271	1.1214855E-002
0.5841771	1.1068387E-002
0.5844271	1.0913316E-002
0.584677	1.0750897E-002
0.584927	1.0750260E-002
0.5851769	1.0580606E-002
0.5854269	1.0404143E-002
0.5856769	1.0222121E-002
0.5859269	1.0221554E-002
0.5861768	1.0033554E-002
0.5864268	9.8413220E-003
0.5866768	9.6447114E-003
0.5869268	9.6442346E-003
0.5871767	9.4441297E-003
0.5874267	9.2414245E-003
0.5876766	9.0365140E-003
0.5879266	9.0360688E-003
0.5881766	8.8299373E-003
0.5884265	8.6228643E-003
0.5886765	8.4159970E-003
0.5889265	8.4156087E-003
0.5891765	8.2093272E-003
0.5894265	8.0045452E-003
0.5896764	7.8016696E-003
0.5899264	7.8012762E-003
0.5901763	7.6013384E-003
0.5904263	7.4043069E-003
0.5906763	7.2117215E-003
0.5909262	7.2113751E-003
0.5911762	7.0231920E-003
0.5914262	6.8406207E-003
0.5916762	6.6636633E-003
0.5919261	6.6633341E-003
0.5921761	6.4931214E-003
0.5924261	6.3296626E-003
0.592676	6.1740223E-003
0.592926	6.1737173E-003
0.5931759	6.0256058E-003
0.5934259	5.8865454E-003
0.5936759	5.7561113E-003
0.5939259	5.7558320E-003
0.5941758	5.6350669E-003
0.5944258	5.5235298E-003
0.5946758	5.4228297E-003
0.5949258	5.4225228E-003
0.5951757	5.3320383E-003
0.5954257	5.2522118E-003
0.5956756	5.1829554E-003
0.5959256	5.1826346E-003
0.5961756	5.1248134E-003
0.5964255	5.0776587E-003
0.5966755	5.0424966E-003
0.5969255	5.0190547E-003
0.5971755	5.0187288E-003
0.5974255	5.0065140E-003
0.5976754	5.0052148E-003
0.5979254	5.0162729E-003
0.5981753	5.0158906E-003
0.5984253	5.0380784E-003
0.5986753	5.0715059E-003
0.5989252	5.1161372E-003
0.5991752	5.1157209E-003
0.5994252	5.1712091E-003
0.5996752	5.2377195E-003
0.5999251	5.3143934E-003
0.6001751	5.3139459E-003
0.6004251	5.4012868E-003
0.600675	5.4979594E-003
0.600925	5.6040692E-003
0.601175	5.7194293E-003
0.6014249	5.7189437E-003
0.6016749	5.8427798E-003
0.6019249	5.9748259E-003
0.6021748	6.1146040E-003
0.6024248	6.1140391E-003
0.6026748	6.2610791E-003
0.6029248	6.4148223E-003
0.6031747	6.5746778E-003
0.6034247	6.5740659E-003
0.6036747	6.7395610E-003
0.6039246	6.9102431E-003
0.6041746	7.0854290E-003
0.6044245	7.2641908E-003
0.6046745	7.2635221E-003
0.6049245	7.4455491E-003
0.6051745	7.6302676E-003
0.6054245	7.8168670E-003
0.6056744	7.8161601E-003
0.6059244	8.0040311E-003
0.6061743	8.1926780E-003
0.6064243	8.3813285E-003
0.6066743	8.3805379E-003
0.6069242	8.5687246E-003
0.6071742	8.7555069E-003
0.6074242	8.9405999E-003
0.6076742	9.1230925E-003
0.6079241	9.1223372E-003
0.6081741	9.3019409E-003
0.6084241	9.4776843E-003
0.608674	9.6494779E-003
0.608924	9.6486676E-003
0.609174	9.8153725E-003
0.6094239	9.9771367E-003
0.6096739	1.0132349E-002
0.6099239	1.0281756E-002
0.6101738	1.0280930E-002
0.6104238	1.0423139E-002
0.6106738	1.0558508E-002
0.6109238	1.0685618E-002
0.6111737	1.0805062E-002
0.6114237	1.0804242E-002
0.6116737	1.0914662E-002
0.6119236	1.1016319E-002
0.6121736	1.1108608E-002
0.6124235	1.1107778E-002
0.6126735	1.1190539E-002
0.6129235	1.1263481E-002
0.6131735	1.1326972E-002
0.6134234	1.1379695E-002
0.6136734	1.1378885E-002
0.6139234	1.1421713E-002
0.6141734	1.1453544E-002
0.6144233	1.1475213E-002
0.6146733	1.1474424E-002
0.6149232	1.1484339E-002
0.6151732	1.1484619E-002
0.6154232	1.1473539E-002
0.6156731	1.1451791E-002
0.6159231	1.1450927E-002
0.6161731	1.1418513E-002
0.6164231	1.1376047E-002
0.6166731	1.1322564E-002
0.616923	1.1258830E-002
0.617173	1.1258033E-002
0.6174229	1.1184167E-002
0.6176729	1.1100517E-002
0.6179228	1.1007136E-002
0.6181728	1.1006429E-002
0.6184228	1.0903677E-002
0.6186728	1.0791890E-002
0.6189228	1.0671350E-002
0.6191727	1.0542451E-002
0.6194227	1.0541799E-002
0.6196727	1.0404938E-002
0.6199226	1.0260481E-002
0.6201726	1.0108612E-002
0.6204225	9.9502560E-003
0.6206725	9.9497112E-003
0.6209225	9.7852107E-003
0.6211725	9.6148923E-003
0.6214224	9.4394162E-003
0.6216724	9.2591764E-003
0.6219224	9.2586968E-003
0.6221724	9.0742372E-003
0.6224223	8.8861911E-003
0.6226723	8.6948927E-003
0.6229222	8.5012112E-003
0.6231722	8.5007492E-003
0.6234222	8.3051110E-003
0.6236721	8.1080766E-003
0.6239221	7.9102330E-003
0.6241721	7.7121546E-003
0.6244221	7.7117626E-003
0.6246721	7.5141843E-003
0.624922	7.3174667E-003
0.625172	7.1222368E-003
0.6254219	6.9290823E-003
0.6256719	6.9287713E-003
0.6259218	6.7385244E-003
0.6261718	6.5512611E-003
0.6264218	6.3675297E-003
0.6266718	6.1885966E-003
0.6269218	6.1883181E-003
0.6271717	6.0139960E-003
0.6274217	5.8452534E-003
0.6276717	5.6821052E-003
0.6279216	5.5256635E-003
0.6281716	5.5253864E-003
0.6284215	5.3750365E-003
0.6286715	5.2324692E-003
0.6289215	5.0974125E-003
0.6291715	4.9705137E-003
0.6294214	4.9702767E-003
0.6296714	4.8514660E-003
0.6299214	4.7419486E-003
0.6301714	4.6409117E-003
0.6304213	4.5498493E-003
0.6306713	4.5496104E-003
0.6309212	4.4675609E-003
0.6311712	4.3959874E-003
0.6314212	4.3338365E-003
0.6316711	4.2825793E-003
0.6319211	4.2822980E-003
0.6321711	4.2408030E-003
0.6324211	4.2104218E-003
0.632671	4.1900054E-003
0.632921	4.1808439E-003
0.633171	4.1805655E-003
0.6334209	4.1814563E-003
0.6336709	4.1936366E-003
0.6339208	4.2157876E-003
0.6341708	4.2491122E-003
0.6344208	4.2487690E-003
0.6346708	4.2919270E-003
0.6349208	4.3460024E-003
0.6351707	4.4102026E-003
0.6354207	4.4843797E-003
0.6356707	4.5677405E-003
0.6359206	4.5673121E-003
0.6361706	4.6606767E-003
0.6364205	4.7627687E-003
0.6366705	4.8740646E-003
0.6369205	4.9941656E-003
0.6371705	4.9936883E-003
0.6374204	5.1219626E-003
0.6376704	5.2577439E-003
0.6379204	5.4013683E-003
0.6381704	5.5520684E-003
0.6384203	5.7093240E-003
0.6386703	5.7087727E-003
0.6389202	5.8719241E-003
0.6391702	6.0410169E-003
0.6394202	6.2153582E-003
0.6396701	6.3943616E-003
0.6399201	6.3937297E-003
0.6401701	6.5767667E-003
0.6404201	6.7636473E-003
0.64067	6.9536860E-003
0.64092	7.1463562E-003
0.64117	7.1456186E-003
0.6414199	7.3402715E-003
0.6416699	7.5364304E-003
0.6419199	7.7334917E-003
0.6421698	7.9309111E-003
0.6424198	8.1283422E-003
0.6426698	8.1276158E-003
0.6429197	8.3242413E-003
0.6431697	8.5195033E-003
0.6434197	8.7130144E-003
0.6436697	8.9044040E-003
0.6439196	9.0926616E-003
0.6441696	9.0918560E-003
0.6444196	9.2766834E-003
0.6446695	9.4576497E-003
0.6449195	9.6341837E-003
0.6451694	9.8058097E-003
0.6454194	9.8049678E-003
0.6456694	9.9711539E-003
0.6459194	1.0131578E-002
0.6461694	1.0286127E-002
0.6464193	1.0433043E-002
0.6466693	1.0573452E-002
0.6469193	1.0572528E-002
0.6471692	1.0705342E-002
0.6474192	1.0830404E-002
0.6476691	1.0947318E-002
0.6479191	1.1055700E-002
0.6481691	1.1155746E-002
0.6484191	1.1154877E-002
0.648669	1.1245389E-002
0.648919	1.1326635E-002
0.649169	1.1398410E-002
0.649419	1.1459811E-002
0.6496689	1.1511928E-002
0.6499189	1.1511068E-002
0.6501688	1.1553188E-002
0.6504188	1.1585721E-002
0.6506688	1.1607563E-002
0.6509187	1.1619072E-002
0.6511687	1.1618252E-002
0.6514187	1.1618763E-002
0.6516687	1.1609744E-002
0.6519186	1.1590426E-002
0.6521686	1.1560750E-002
0.6524186	1.1520870E-002
0.6526685	1.1471081E-002
0.6529185	1.1470265E-002
0.6531684	1.1410572E-002
0.6534184	1.1341040E-002
0.6536684	1.1261357E-002
0.6539184	1.1172824E-002
0.6541684	1.1075665E-002
0.6544183	1.1074922E-002
0.6546683	1.0968904E-002
0.6549183	1.0853210E-002
0.6551682	1.0729676E-002
0.6554182	1.0597668E-002
0.6556681	1.0458896E-002
0.6559181	1.0458294E-002
0.6561681	1.0311742E-002
0.6564181	1.0157970E-002
0.656668	9.9980552E-003
0.656918	9.8316409E-003
0.657168	9.6602561E-003
0.657418	9.6597252E-003
0.6576679	9.4825411E-003
0.6579179	9.3011102E-003
0.6581678	9.1148252E-003
0.6584178	8.9250635E-003
0.6586678	8.7317834E-003
0.6589177	8.7313047E-003
0.6591677	8.5356124E-003
0.6594177	8.3372351E-003
0.6596677	8.1372401E-003
0.6599176	7.9359515E-003
0.6601676	7.7339709E-003
0.6604176	7.7335895E-003
0.6606675	7.5315018E-003
0.6609175	7.3296460E-003
0.6611674	7.1287123E-003
0.6614174	6.9290805E-003
0.6616674	6.7315274E-003
0.6619174	6.5362207E-003
0.6621673	6.5359301E-003
0.6624173	6.3438378E-003
0.6626673	6.1549083E-003
0.6629173	5.9703104E-003
0.6631672	5.7898029E-003
0.6634172	5.6144986E-003
0.6636671	5.6142355E-003
0.6639171	5.4444689E-003
0.6641671	5.2805678E-003
0.6644171	5.1225512E-003
0.664667	4.9715270E-003
0.664917	4.8273252E-003
0.665167	4.6911500E-003
0.665417	4.6909405E-003
0.6656669	4.5626555E-003
0.6659169	4.4424366E-003
0.6661668	4.3304535E-003
0.6664168	4.2278906E-003
0.6666668	4.1339369E-003
0.6669167	4.0497361E-003
0.6671667	4.0495149E-003
0.6674167	3.9752768E-003
0.6676667	3.9109215E-003
0.6679166	3.8560159E-003
0.6681666	3.8116751E-003
0.6684166	3.7780411E-003
0.6686665	3.7549199E-003
0.6689165	3.7546502E-003
0.6691664	3.7411200E-003
0.6694164	3.7388562E-003
0.6696664	3.7476039E-003
0.6699164	3.7669905E-003
0.6701663	3.7963903E-003
0.6704163	3.7961106E-003
0.6706663	3.8364294E-003
0.6709163	3.8875893E-003
0.6711662	3.9491667E-003
0.6714162	4.0204334E-003
0.6716661	4.1021393E-003
0.6719161	4.1940864E-003
0.6721661	4.1937241E-003
0.672416	4.2953738E-003
0.672666	4.4062850E-003
0.672916	4.5267395E-003
0.673166	4.6556564E-003
0.673416	4.7937064E-003
0.6736659	4.9404209E-003
0.6739159	5.0948537E-003
0.6741658	5.0943391E-003
0.6744158	5.2563450E-003
0.6746657	5.4255128E-003
0.6749157	5.6013605E-003
0.6751657	5.7839574E-003
0.6754157	5.9725675E-003
0.6756657	6.1667063E-003
0.6759156	6.1661261E-003
0.6761656	6.3653071E-003
0.6764156	6.5691848E-003
0.6766655	6.7771785E-003
0.6769155	6.9888807E-003
0.6771654	7.2036735E-003
0.6774154	7.4210544E-003
0.6776654	7.4203094E-003
0.6779154	7.6399259E-003
0.6781653	7.8610508E-003
0.6784153	8.0832206E-003
0.6786653	8.3060935E-003
0.6789153	8.5287606E-003
0.6791652	8.7509584E-003
0.6794152	8.9720925E-003
0.6796651	8.9712432E-003
0.6799151	9.1910167E-003
0.6801651	9.4085438E-003
0.680415	9.6233021E-003
0.680665	9.8354137E-003
0.680915	1.0043624E-002
0.681165	1.0247676E-002
0.681415	1.0447495E-002
0.6816649	1.0446620E-002
0.6819149	1.0640989E-002
0.6821648	1.0829947E-002
0.6824148	1.1012765E-002
0.6826648	1.1189363E-002
0.6829147	1.1359173E-002
0.6831647	1.1521796E-002
0.6834147	1.1520805E-002
0.6836647	1.1676368E-002
0.6839146	1.1823445E-002
0.6841646	1.1962317E-002
0.6844146	1.2092402E-002
0.6846645	1.2215278E-002
0.6849145	1.2326648E-002
0.6851645	1.2430049E-002
0.6854144	1.2429043E-002
0.6856644	1.2521324E-002
0.6859144	1.2605354E-002
0.6861643	1.2678199E-002
0.6864143	1.2741561E-002
0.6866643	1.2793195E-002
0.6869143	1.2835698E-002
0.6871642	1.2866202E-002
0.6874142	1.2865162E-002
0.6876642	1.2886677E-002
0.6879141	1.2896362E-002
0.6881641	1.2895392E-002
0.688414	1.2882976E-002
0.688664	1.2862091E-002
0.688914	1.2828061E-002
0.689164	1.2784366E-002
0.6894139	1.2729941E-002
0.6896639	1.2729056E-002
0.6899139	1.2665252E-002
0.6901639	1.2589500E-002
0.6904138	1.2505143E-002
0.6906638	1.2409509E-002
0.6909137	1.2305691E-002
0.6911637	1.2191577E-002
0.6914137	1.2068390E-002
0.6916636	1.2067617E-002
0.6919136	1.1935409E-002
0.6921636	1.1794778E-002
0.6924136	1.1645212E-002
0.6926636	1.1488960E-002
0.6929135	1.1324391E-002
0.6931635	1.1152691E-002
0.6934134	1.0974221E-002
0.6936634	1.0789277E-002
0.6939134	1.0788678E-002
0.6941633	1.0597352E-002
0.6944133	1.0401476E-002
0.6946633	1.0199640E-002
0.6949133	9.9939033E-003
0.6951632	9.7834282E-003
0.6954132	9.5698396E-003
0.6956632	9.3528023E-003
0.6959131	9.1331825E-003
0.6961631	9.1327121E-003
0.696413	8.9107640E-003
0.696663	8.6876620E-003
0.696913	8.4630847E-003
0.697163	8.2380278E-003
0.6974129	8.0130920E-003
0.6976629	7.7885492E-003
0.6979129	7.5652008E-003
0.6981629	7.3432662E-003
0.6984128	7.3429346E-003
0.6986628	7.1232365E-003
0.6989127	6.9060721E-003
0.6991627	6.6922959E-003
0.6994127	6.4818924E-003
0.6996626	6.2760250E-003
0.6999126	6.0745575E-003
0.7001626	5.8785463E-003
0.7004126	5.6879460E-003
0.7006626	5.6877080E-003
0.7009125	5.5035925E-003
0.7011625	5.3255581E-003
0.7014124	5.1552779E-003
0.7016624	4.9917824E-003
0.7019123	4.8370119E-003
0.7021623	4.6899598E-003
0.7024123	4.5513669E-003
0.7026623	4.4227522E-003
0.7029123	4.3029147E-003
0.7031622	4.3027103E-003
0.7034122	4.1930326E-003
0.7036622	4.0930291E-003
0.7039121	4.0044789E-003
0.7041621	3.9254446E-003
0.704412	3.8576878E-003
0.704662	3.8005849E-003
0.704912	3.7555355E-003
0.705162	3.7207881E-003
0.7054119	3.6987541E-003
0.7056619	3.6985236E-003
0.7059119	3.6874097E-003
0.7061619	3.6885065E-003
0.7064118	3.7010496E-003
0.7066618	3.7266493E-003
0.7069117	3.7630340E-003
0.7071617	3.8116791E-003
0.7074117	3.8717776E-003
0.7076616	3.9444673E-003
0.7079116	4.0277396E-003
0.7081616	4.0274146E-003
0.7084116	4.1239788E-003
0.7086616	4.2302995E-003
0.7089115	4.3488536E-003
0.7091615	4.4778436E-003
0.7094114	4.6180016E-003
0.7096614	4.7684493E-003
0.7099113	4.9301307E-003
0.7101613	5.1009678E-003
0.7104113	5.2818186E-003
0.7106613	5.4717939E-003
0.7109113	5.4712007E-003
0.7111612	5.6711021E-003
0.7114112	5.8789365E-003
0.7116612	6.0948553E-003
0.7119111	6.3187913E-003
0.7121611	6.5502408E-003
0.712411	6.7885565E-003
0.712661	7.0330990E-003
0.712911	7.2838636E-003
0.713161	7.5401766E-003
0.7134109	7.8013185E-003
0.7136609	7.8006070E-003
0.7139109	8.0662798E-003
0.7141609	8.3358129E-003
0.7144108	8.6089196E-003
0.7146608	8.8846879E-003
0.7149107	9.1628693E-003
0.7151607	9.4428724E-003
0.7154107	9.7237732E-003
0.7156606	1.0005612E-002
0.7159106	1.0287187E-002
0.7161606	1.0568454E-002
0.7164106	1.0567456E-002
0.7166605	1.0847724E-002
0.7169105	1.1125897E-002
0.7171605	1.1402365E-002
0.7174104	1.1675493E-002
0.7176604	1.1945815E-002
0.7179103	1.2212315E-002
0.7181603	1.2474935E-002
0.7184103	1.2731659E-002
0.7186603	1.2983304E-002
0.7189102	1.3228400E-002
0.7191602	1.3467594E-002
0.7194102	1.3466432E-002
0.7196602	1.3698101E-002
0.7199101	1.3923174E-002
0.7201601	1.4140357E-002
0.72041	1.4348223E-002
0.72066	1.4548292E-002
0.72091	1.4738386E-002
0.72116	1.4919688E-002
0.7214099	1.5090315E-002
0.7216599	1.5251568E-002
0.7219099	1.5401326E-002
0.7221599	1.5541065E-002
0.7224098	1.5668690E-002
0.7226598	1.5667554E-002
0.7229097	1.5783738E-002
0.7231597	1.5889309E-002
0.7234097	1.5981939E-002
0.7236596	1.6064784E-002
0.7239096	1.6133217E-002
0.7241596	1.6190089E-002
0.7244096	1.6233640E-002
0.7246595	1.6265333E-002
0.7249095	1.6283529E-002
0.7251595	1.6289977E-002
0.7254094	1.6282611E-002
0.7256594	1.6263643E-002
0.7259094	1.6230831E-002
0.7261593	1.6229628E-002
0.7264093	1.6184347E-002
0.7266593	1.6127329E-002
0.7269092	1.6056970E-002
0.7271592	1.5975138E-002
0.7274092	1.5880343E-002
0.7276592	1.5774282E-002
0.7279091	1.5655775E-002
0.7281591	1.5526320E-002
0.7284091	1.5383943E-002
0.728659	1.5232337E-002
0.728909	1.5069129E-002
0.7291589	1.4896368E-002
0.7294089	1.4712767E-002
0.7296589	1.4711834E-002
0.7299089	1.4519318E-002
0.7301589	1.4316812E-002
0.7304088	1.4106060E-002
0.7306588	1.3886251E-002
0.7309088	1.3659032E-002
0.7311587	1.3423000E-002
0.7314087	1.3181164E-002
0.7316586	1.2932162E-002
0.7319086	1.2677755E-002
0.7321586	1.2417160E-002
0.7324086	1.2152135E-002
0.7326585	1.1882164E-002
0.7329085	1.1608794E-002
0.7331585	1.1331783E-002
0.7334085	1.1331183E-002
0.7336584	1.1051754E-002
0.7339084	1.0769788E-002
0.7341583	1.0486753E-002
0.7344083	1.0202668E-002
0.7346583	9.9185035E-003
0.7349082	9.6344473E-003
0.7351582	9.3515851E-003
0.7354082	9.0701235E-003
0.7356582	8.7910034E-003
0.7359082	8.5149910E-003
0.7361581	8.2422951E-003
0.7364081	7.9736123E-003
0.736658	7.7096238E-003
0.736908	7.4511054E-003
0.7371579	7.1984269E-003
0.7374079	7.1981754E-003
0.7376579	6.9520124E-003
0.7379079	6.7134486E-003
0.7381579	6.4823544E-003
0.7384078	6.2593101E-003
0.7386578	6.0453336E-003
0.7389078	5.8411900E-003
0.7391577	5.6465836E-003
0.7394077	5.4621305E-003
0.7396576	5.2888845E-003
0.7399076	5.1274919E-003
0.7401576	4.9767084E-003
0.7404076	4.8385910E-003
0.7406575	4.7136778E-003
0.7409075	4.6023061E-003
0.7411575	4.5039393E-003
0.7414075	4.4189328E-003
0.7416574	4.3485034E-003
0.7419074	4.3482860E-003
0.7421573	4.2928113E-003
0.7424073	4.2525199E-003
0.7426573	4.2256564E-003
0.7429072	4.2144135E-003
0.7431572	4.2190189E-003
0.7434072	4.2385533E-003
0.7436572	4.2731571E-003
0.7439071	4.3239607E-003
0.7441571	4.3909522E-003
0.7444071	4.4732676E-003
0.744657	4.5708255E-003
0.744907	4.6846038E-003
0.7451569	4.8144539E-003
0.7454069	4.9590059E-003
0.7456569	5.1194793E-003
0.7459069	5.2951677E-003
0.7461568	5.4864003E-003
0.7464068	5.6916839E-003
0.7466568	5.9119668E-003
0.7469068	6.1462526E-003
0.7471567	6.1455714E-003
0.7474067	6.3949684E-003
0.7476566	6.6576302E-003
0.7479066	6.9331829E-003
0.7481566	7.2214422E-003
0.7484065	7.5229565E-003
0.7486565	7.8358678E-003
0.7489065	8.1604868E-003
0.7491565	8.4961960E-003
0.7494065	8.8427346E-003
0.7496564	9.1989748E-003
0.7499064	9.5647378E-003
0.7501563	9.9394741E-003
0.7504063	1.0322603E-002
0.7506563	1.0713056E-002
0.7509062	1.1110782E-002
0.7511562	1.1514597E-002
0.7514062	1.1924308E-002
0.7516562	1.2338861E-002
0.7519061	1.2758005E-002
0.7521561	1.3180498E-002
0.7524061	1.3605927E-002
0.752656	1.4032892E-002
0.752906	1.4462341E-002
0.7531559	1.4460892E-002
0.7534059	1.4890318E-002
0.7536559	1.5319900E-002
0.7539059	1.5749492E-002
0.7541558	1.6175885E-002
0.7544058	1.6601786E-002
0.7546558	1.7023832E-002
0.7549058	1.7442172E-002
0.7551557	1.7854955E-002
0.7554057	1.8264847E-002
0.7556556	1.8668728E-002
0.7559056	1.9064983E-002
0.7561556	1.9453788E-002
0.7564055	1.9835107E-002
0.7566555	2.0208808E-002
0.7569055	2.0572277E-002
0.7571555	2.0925345E-002
0.7574055	2.1268472E-002
0.7576554	2.1601705E-002
0.7579054	2.1920055E-002
0.7581553	2.2227511E-002
0.7584053	2.2522459E-002
0.7586553	2.2805415E-002
0.7589052	2.3072604E-002
0.7591552	2.3324164E-002
0.7594052	2.3564072E-002
0.7596552	2.3787297E-002
0.7599051	2.3994379E-002
0.7601551	2.4183944E-002
0.7604051	2.4360450E-002
0.760655	2.4358507E-002
0.760905	2.4516974E-002
0.7611549	2.4657674E-002
0.7614049	2.4781322E-002
0.7616549	2.4887694E-002
0.7619049	2.4977963E-002
0.7621548	2.5046406E-002
0.7624048	2.5098579E-002
0.7626548	2.5132885E-002
0.7629048	2.5150526E-002
0.7631547	2.5145493E-002
0.7634047	2.5122760E-002
0.7636546	2.5085052E-002
0.7639046	2.5027564E-002
0.7641546	2.4951147E-002
0.7644045	2.4856515E-002
0.7646545	2.4744404E-002
0.7649045	2.4615798E-002
0.7651545	2.4466073E-002
0.7654045	2.4300443E-002
0.7656544	2.4117924E-002
0.7659044	2.3919834E-002
0.7661543	2.3702281E-002
0.7664043	2.3469500E-002
0.7666543	2.3222756E-002
0.7669042	2.2959156E-002
0.7671542	2.2678645E-002
0.7674042	2.2384288E-002
0.7676542	2.2078332E-002
0.7679041	2.1757925E-002
0.7681541	2.1424422E-002
0.7684041	2.1078628E-002
0.768654	2.0721380E-002
0.768904	2.0353859E-002
0.769154	1.9973287E-002
0.7694039	1.9584993E-002
0.7696539	1.9188751E-002
0.7699039	1.8783439E-002
0.7701538	1.8370751E-002
0.7704038	1.7951043E-002
0.7706538	1.7526671E-002
0.7709038	1.7096382E-002
0.7711537	1.6662955E-002
0.7714037	1.6225945E-002
0.7716537	1.5786542E-002
0.7719036	1.5346056E-002
0.7721536	1.4904768E-002
0.7724035	1.4464297E-002
0.7726535	1.4024992E-002
0.7729035	1.4024446E-002
0.7731535	1.3587791E-002
0.7734034	1.3154542E-002
0.7736534	1.2725685E-002
0.7739034	1.2301647E-002
0.7741534	1.1884385E-002
0.7744033	1.1473780E-002
0.7746533	1.1072005E-002
0.7749032	1.0678836E-002
0.7751532	1.0296371E-002
0.7754032	9.9254372E-003
0.7756531	9.5663350E-003
0.7759031	9.2188222E-003
0.7761531	8.8871270E-003
0.7764031	8.5699195E-003
0.7766531	8.2687121E-003
0.776903	7.9834489E-003
0.777153	7.7166134E-003
0.7774029	7.4688778E-003
0.7776529	7.2398577E-003
0.7779028	7.0302919E-003
0.7781528	6.8423520E-003
0.7784028	6.6761575E-003
0.7786528	6.5332456E-003
0.7789028	6.4110681E-003
0.7791527	6.3151340E-003
0.7794027	6.2428107E-003
0.7796527	6.1955387E-003
0.7799026	6.1731031E-003
0.7801526	6.1775483E-003
0.7804025	6.2086424E-003
0.7806525	6.2676310E-003
0.7809025	6.3515115E-003
0.7811525	6.4657582E-003
0.7814024	6.6071912E-003
0.7816524	6.7769038E-003
0.7819024	6.9744261E-003
0.7821524	7.2014714E-003
0.7824023	7.4581355E-003
0.7826523	7.7427635E-003
0.7829022	8.0556078E-003
0.7831522	8.3978353E-003
0.7834022	8.7688742E-003
0.7836521	9.1692358E-003
0.7839021	9.5958179E-003
0.7841521	1.0051891E-002
0.7844021	1.0536260E-002
0.7846521	1.1047496E-002
0.784902	1.1585042E-002
0.785152	1.2149693E-002
0.7854019	1.2740475E-002
0.7856519	1.3356811E-002
0.7859018	1.3997088E-002
0.7861518	1.4662124E-002
0.7864018	1.5350575E-002
0.7866518	1.6061502E-002
0.7869018	1.6794430E-002
0.7871517	1.7547959E-002
0.7874017	1.8322036E-002
0.7876517	1.9114409E-002
0.7879016	1.9925423E-002
0.7881516	2.0753300E-002
0.7884015	2.1597285E-002
0.7886515	2.2456210E-002
0.7889015	2.3328660E-002
0.7891515	2.4214096E-002
0.7894014	2.5111441E-002
0.7896514	2.6018668E-002
0.7899014	2.6935065E-002
0.7901514	2.7857851E-002
0.7904013	2.8788568E-002
0.7906513	2.9723883E-002
0.7909012	3.0662453E-002
0.7911512	3.1604387E-002
0.7914012	3.2548256E-002
0.7916511	3.3491679E-002
0.7919011	3.4433603E-002
0.7921511	3.5370421E-002
0.7924011	3.6305174E-002
0.792651	3.7234604E-002
0.792901	3.8154364E-002
0.793151	3.9977167E-002
0.7934009	4.0870853E-002
0.7936509	4.1751944E-002
0.7939008	4.2617217E-002
0.7941508	4.3469485E-002
0.7944008	4.4305682E-002
0.7946508	4.5122072E-002
0.7949008	4.5921788E-002
0.7951507	4.6702716E-002
0.7954007	4.7458082E-002
0.7956507	4.8195023E-002
0.7959006	4.8908178E-002
0.7961506	4.9597532E-002
0.7964005	5.0260805E-002
0.7966505	5.0893214E-002
0.7969005	5.1501483E-002
0.7971505	5.2081048E-002
0.7974004	5.2631039E-002
0.7976504	5.3150229E-002
0.7979004	5.3637438E-002
0.7981504	5.4088980E-002
0.7984003	5.4510340E-002
0.7986503	5.4898545E-002
0.7989002	5.5247746E-002
0.7991502	5.5570617E-002
0.7994002	5.5848431E-002
0.7996501	5.6093287E-002
0.7999001	5.6301400E-002
0.8001501	5.6467853E-002
0.8004001	5.6600377E-002
0.80065	5.6694008E-002
0.8009	5.6745637E-002
0.80115	5.6761425E-002
0.8013999	5.6734100E-002
0.8016499	5.6671400E-002
0.8018999	5.6569327E-002
0.8021498	5.6423575E-002
0.8023998	5.6241870E-002
0.8026498	5.6020781E-002
0.8028997	5.5756666E-002
0.8031497	5.5456582E-002
0.8033997	5.5117663E-002
0.8036497	5.4736473E-002
0.8038996	5.4320496E-002
0.8041496	5.3866763E-002
0.8043995	5.3372048E-002
0.8046495	5.2844241E-002
0.8048995	5.2279659E-002
0.8051494	5.1676694E-002
0.8053994	5.0374165E-002
0.8056494	4.9673185E-002
0.8058994	4.8939981E-002
0.8061494	4.8173666E-002
0.8063993	4.7380302E-002
0.8066493	4.6558280E-002
0.8068992	4.5707520E-002
0.8071492	4.4832915E-002
0.8073992	4.3934591E-002
0.8076491	4.3011539E-002
0.8078991	4.2069681E-002
0.8081491	4.1108612E-002
0.8083991	4.0129017E-002
0.808649	3.9135758E-002
0.808899	3.8128670E-002
0.809149	3.7109517E-002
0.8093989	3.6082700E-002
0.8096489	3.5048347E-002
0.8098989	3.4010425E-002
0.8101488	3.2970738E-002
0.8103988	3.1931452E-002
0.8106488	3.0895960E-002
0.8108987	2.9866599E-002
0.8111487	2.8846450E-002
0.8113987	2.7837876E-002
0.8116487	2.6844343E-002
0.8118986	2.5871167E-002
0.8121486	2.4917068E-002
0.8123986	2.3987455E-002
0.8126485	2.3086844E-002
0.8128985	2.1380700E-002
0.8131484	2.0584555E-002
0.8133984	1.9828828E-002
0.8136484	1.9118672E-002
0.8138984	1.8459756E-002
0.8141484	1.7851854E-002
0.8143983	1.7300844E-002
0.8146483	1.6816843E-002
0.8148983	1.6391192E-002
0.8151482	1.6033925E-002
0.8153982	1.5751585E-002
0.8156481	1.5542969E-002
0.8158981	1.5414242E-002
0.8161481	1.5372343E-002
0.8163981	1.5415457E-002
0.816648	1.5554758E-002
0.816898	1.5787685E-002
0.817148	1.6116472E-002
0.817398	1.6547933E-002
0.8176479	1.7088337E-002
0.8178979	1.7735200E-002
0.8181478	1.8494841E-002
0.8183978	1.9374801E-002
0.8186478	2.1490751E-002
0.8188977	2.2734514E-002
0.8191477	2.4106584E-002
0.8193977	2.5599597E-002
0.8196477	2.7230823E-002
0.8198976	2.8993068E-002
0.8201476	3.0893715E-002
0.8203976	3.2927729E-002
0.8206475	3.5099942E-002
0.8208975	3.7410274E-002
0.8211474	3.9862722E-002
0.8213974	4.2451318E-002
0.8216474	4.5181453E-002
0.8218974	4.8051853E-002
0.8221473	5.1062357E-002
0.8223973	5.4211214E-002
0.8226473	5.7496887E-002
0.8228973	6.0917892E-002
0.8231472	6.4475402E-002
0.8233972	6.8165481E-002
0.8236471	7.5946152E-002
0.8238971	8.0018960E-002
0.8241471	8.4217705E-002
0.8243971	8.8536240E-002
0.824647	9.2968620E-002
0.824897	9.7506270E-002
0.825147	1.0216088E-001
0.825397	1.0691943E-001
0.8256469	1.1177322E-001
0.8258969	1.1671863E-001
0.8261468	1.2176260E-001
0.8263968	1.2688434E-001
0.8266468	1.3209449E-001
0.8268967	1.3736925E-001
0.8271467	1.4272599E-001
0.8273967	1.4813331E-001
0.8276467	1.5361345E-001
0.8278966	1.5913364E-001
0.8281466	1.6471578E-001
0.8283966	1.7600945E-001
0.8286465	1.8168615E-001
0.8288965	1.8740733E-001
0.8291464	1.9312894E-001
0.8293964	1.9886667E-001
0.8296464	2.0462978E-001
0.8298964	2.1039866E-001
0.8301463	2.1612962E-001
0.8303963	2.2189014E-001
0.8306463	2.2763938E-001
0.8308963	2.3335575E-001
0.8311462	2.3904768E-001
0.8313962	2.4473670E-001
0.8316461	2.5039735E-001
0.8318961	2.5600255E-001
0.8321461	2.6156735E-001
0.832396	2.7262056E-001
0.832646	2.7804673E-001
0.832896	2.8344819E-001
0.833146	2.8876776E-001
0.833396	2.9402506E-001
0.8336459	2.9925206E-001
0.8338959	3.0441067E-001
0.8341458	3.0947721E-001
0.8343958	3.1447449E-001
0.8346457	3.1942374E-001
0.8348957	3.2427612E-001
0.8351457	3.2906714E-001
0.8353957	3.3376324E-001
0.8356457	3.3838257E-001
0.8358956	3.4295079E-001
0.8361456	3.4743905E-001
0.8363956	3.5613248E-001
0.8366455	3.6037064E-001
0.8368955	3.6449450E-001
0.8371454	3.6852708E-001
0.8373954	3.7250957E-001
0.8376454	3.7640545E-001
0.8378954	3.8018194E-001
0.8381453	3.8386783E-001
0.8383953	3.8750294E-001
0.8386453	3.9101958E-001
0.8388953	3.9448011E-001
0.8391452	3.9781854E-001
0.8393952	4.0107772E-001
0.8396451	4.0427688E-001
0.8398951	4.1041753E-001
0.8401451	4.1329473E-001
0.840395	4.1615838E-001
0.840645	4.1893685E-001
0.840895	4.2159560E-001
0.841145	4.2417747E-001
0.841395	4.2670852E-001
0.8416449	4.2916045E-001
0.8418949	4.3145832E-001
0.8421448	4.3375471E-001
0.8423948	4.3596959E-001
0.8426448	4.3807229E-001
0.8428947	4.4009522E-001
0.8431447	4.4398415E-001
0.8433947	4.4581884E-001
0.8436447	4.4754303E-001
0.8438946	4.4919559E-001
0.8441446	4.5078331E-001
0.8443946	4.5233500E-001
0.8446445	4.5377475E-001
0.8448945	4.5515648E-001
0.8451445	4.5654044E-001
0.8453944	4.5782110E-001
0.8456444	4.5899668E-001
0.8458944	4.6011201E-001
0.8461443	4.6120140E-001
0.8463943	4.6313986E-001
0.8466443	4.6400070E-001
0.8468943	4.6484551E-001
0.8471442	4.6559590E-001
0.8473942	4.6628049E-001
0.8476442	4.6695256E-001
0.8478941	4.6756589E-001
0.8481441	4.6809179E-001
0.848394	4.6855146E-001
0.848644	4.6895993E-001
0.848894	4.6935761E-001
0.849144	4.6967000E-001
0.8493939	4.7018844E-001
0.8496439	4.7034788E-001
0.8498939	4.7049496E-001
0.8501438	4.7054645E-001
0.8503938	4.7055113E-001
0.8506438	4.7052148E-001
0.8508937	4.7047970E-001
0.8511437	4.7034374E-001
0.8513937	4.7017780E-001
0.8516437	4.7000059E-001
0.8518936	4.6978000E-001
0.8521436	4.6910462E-001
0.8523936	4.6875602E-001
0.8526435	4.6836564E-001
0.8528935	4.6785983E-001
0.8531435	4.6738827E-001
0.8533934	4.6687958E-001
0.8536434	4.6629891E-001
0.8538934	4.6566513E-001
0.8541433	4.6499214E-001
0.8543933	4.6432933E-001
0.8546433	4.6360004E-001
0.8548933	4.6201476E-001
0.8551432	4.6120644E-001
0.8553932	4.6033174E-001
0.8556432	4.5940492E-001
0.8558931	4.5849219E-001
0.8561431	4.5751482E-001
0.856393	4.5653236E-001
0.856643	4.5547023E-001
0.856893	4.5437604E-001
0.857143	4.5326465E-001
0.8573929	4.5215237E-001
0.8576429	4.4975320E-001
0.8578929	4.4851640E-001
0.8581429	4.4727814E-001
0.8583928	4.4595876E-001
0.8586428	4.4462940E-001
0.8588927	4.4329870E-001
0.8591427	4.4193926E-001
0.8593927	4.4047138E-001
0.8596426	4.3900245E-001
0.8598926	4.3755391E-001
0.8601426	4.3450925E-001
0.8603926	4.3292633E-001
0.8606426	4.3136296E-001
0.8608925	4.2976895E-001
0.8611425	4.2807350E-001
0.8613924	4.2637807E-001
0.8616424	4.2470232E-001
0.8618923	4.2297262E-001
0.8621423	4.2119277E-001
0.8623923	4.1943729E-001
0.8626423	4.1578272E-001
0.8628923	4.1394567E-001
0.8631422	4.1203442E-001
0.8633922	4.1014352E-001
0.8636422	4.0815300E-001
0.8638921	4.0621102E-001
0.8641421	4.0419585E-001
0.864392	4.0217593E-001
0.864642	4.0010840E-001
0.864892	3.9806509E-001
0.865142	3.9384228E-001
0.8653919	3.9167497E-001
0.8656419	3.8953030E-001
0.8658919	3.8731340E-001
0.8661419	3.8509405E-001
0.8663918	3.8282964E-001
0.8666418	3.8058668E-001
0.8668917	3.7827143E-001
0.8671417	3.7595552E-001
0.8673917	3.7127143E-001
0.8676416	3.6886042E-001
0.8678916	3.6645150E-001
0.8681416	3.6399499E-001
0.8683916	3.6156195E-001
0.8686416	3.5905924E-001
0.8688915	3.5655794E-001
0.8691415	3.5400963E-001
0.8693914	3.5148445E-001
0.8696414	3.4631550E-001
0.8698913	3.4367800E-001
0.8701413	3.4106296E-001
0.8703913	3.3836126E-001
0.8706413	3.3570412E-001
0.8708913	3.3298036E-001
0.8711412	3.3027983E-001
0.8713912	3.2751626E-001
0.8716412	3.2477432E-001
0.8718911	3.1919846E-001
0.8721411	3.1633052E-001
0.872391	3.1350613E-001
0.872641	3.1061783E-001
0.872891	3.0773699E-001
0.873141	3.0481127E-001
0.8733909	3.0190951E-001
0.8736409	2.9894739E-001
0.8738909	2.9598913E-001
0.8741409	2.9003191E-001
0.8743908	2.8699872E-001
0.8746408	2.8397381E-001
0.8748907	2.8090751E-001
0.8751407	2.7786520E-001
0.8753907	2.7476737E-001
0.8756406	2.7167910E-001
0.8758906	2.6851186E-001
0.8761406	2.6540881E-001
0.8763906	2.5912189E-001
0.8766405	2.5594106E-001
0.8768905	2.5278541E-001
0.8771405	2.4958165E-001
0.8773904	2.4636434E-001
0.8776404	2.4315760E-001
0.8778903	2.3995614E-001
0.8781403	2.3671012E-001
0.8783903	2.3022537E-001
0.8786403	2.2698715E-001
0.8788902	2.2370958E-001
0.8791402	2.2041160E-001
0.8793902	2.1712208E-001
0.8796402	2.1386041E-001
0.8798901	2.1056287E-001
0.8801401	2.0726185E-001
0.88039	2.0071287E-001
0.88064	1.9740866E-001
0.88089	1.9408983E-001
0.88114	1.9081418E-001
0.8813899	1.8754022E-001
0.8816399	1.8423955E-001
0.8818899	1.8093289E-001
0.8821399	1.7766893E-001
0.8823898	1.7114177E-001
0.8826398	1.6785972E-001
0.8828897	1.6459741E-001
0.8831397	1.6136917E-001
0.8833897	1.5812744E-001
0.8836396	1.5488797E-001
0.8838896	1.5169449E-001
0.8841396	1.4851356E-001
0.8843896	1.4215676E-001
0.8846395	1.3900398E-001
0.8848895	1.3588846E-001
0.8851395	1.3277316E-001
0.8853894	1.2967932E-001
0.8856394	1.2661740E-001
0.8858894	1.2358635E-001
0.8861393	1.1756591E-001
0.8863893	1.1460868E-001
0.8866393	1.1167929E-001
0.8868892	1.0876354E-001
0.8871392	1.0587211E-001
0.8873892	1.0301976E-001
0.8876392	1.0021116E-001
0.8878891	9.7423621E-002
0.8881391	9.1969617E-002
0.8883891	8.9300089E-002
0.888639	8.6658068E-002
0.888889	8.4051482E-002
0.8891389	8.1489712E-002
0.8893889	7.8976355E-002
0.8896389	7.6497652E-002
0.8898889	7.1680583E-002
0.8901389	6.9339611E-002
0.8903888	6.7037262E-002
0.8906388	6.4782619E-002
0.8908888	6.2573038E-002
0.8911387	6.0418703E-002
0.8913887	5.8307994E-002
0.8916386	5.6246527E-002
0.8918886	5.2282855E-002
0.8921386	5.0374042E-002
0.8923886	4.8516396E-002
0.8926385	4.6712227E-002
0.8928885	4.4960413E-002
0.8931385	4.3260772E-002
0.8933885	4.1613895E-002
0.8936384	3.8484696E-002
0.8938884	3.6998685E-002
0.8941383	3.5566028E-002
0.8943883	3.4185927E-002
0.8946383	3.2859694E-002
0.8948882	3.1588089E-002
0.8951382	3.0369896E-002
0.8953882	2.8094899E-002
0.8956382	2.7035175E-002
0.8958881	2.6028194E-002
0.8961381	2.5072558E-002
0.8963881	2.4167059E-002
0.896638	2.3313774E-002
0.896888	2.2510717E-002
0.8971379	2.1050105E-002
0.8973879	2.0393651E-002
0.8976379	1.9784905E-002
0.8978879	1.9222727E-002
0.8981379	1.8704107E-002
0.8983878	1.8232660E-002
0.8986378	1.7422562E-002
0.8988878	1.7075907E-002
0.8991377	1.6775811E-002
0.8993877	1.6512435E-002
0.8996376	1.6285533E-002
0.8998876	1.6096395E-002
0.9001376	1.5949368E-002
0.9003876	1.5758207E-002
0.9006375	1.5708230E-002
0.9008875	1.5695371E-002
0.9011375	1.5711457E-002
0.9013875	1.5756767E-002
0.9016374	1.5826756E-002
0.9018874	1.5926966E-002
0.9021373	1.6205247E-002
0.9023873	1.6375102E-002
0.9026373	1.6569734E-002
0.9028872	1.6784953E-002
0.9031372	1.7020205E-002
0.9033872	1.7270062E-002
0.9036372	1.7824827E-002
0.9038871	1.8122248E-002
0.9041371	1.8432304E-002
0.9043871	1.8756300E-002
0.904637	1.9090964E-002
0.904887	1.9434033E-002
0.9051369	1.9786783E-002
0.9053869	2.0514112E-002
0.9056369	2.0884665E-002
0.9058869	2.1260021E-002
0.9061368	2.1638507E-002
0.9063868	2.2019243E-002
0.9066368	2.2400668E-002
0.9068868	2.3164839E-002
0.9071367	2.3544442E-002
0.9073867	2.3921914E-002
0.9076366	2.4295313E-002
0.9078866	2.4664648E-002
0.9081366	2.5029475E-002
0.9083865	2.5743555E-002
0.9086365	2.6088493E-002
0.9088865	2.6426412E-002
0.9091365	2.6757414E-002
0.9093865	2.7077977E-002
0.9096364	2.7388297E-002
0.9098864	2.7983662E-002
0.9101363	2.8263431E-002
0.9103863	2.8531535E-002
0.9106363	2.8786857E-002
0.9108862	2.9033186E-002
0.9111362	2.9264610E-002
0.9113862	2.9483235E-002
0.9116362	2.9883297E-002
0.9118861	3.0061213E-002
0.9121361	3.0225066E-002
0.9123861	3.0374791E-002
0.912636	3.0511312E-002
0.912886	3.0632123E-002
0.9131359	3.0831352E-002
0.9133859	3.0909276E-002
0.9136359	3.0970691E-002
0.9138859	3.1017225E-002
0.9141358	3.1048888E-002
0.9143858	3.1068770E-002
0.9146358	3.1057773E-002
0.9148858	3.1029703E-002
0.9151357	3.0990405E-002
0.9153857	3.0931305E-002
0.9156356	3.0859599E-002
0.9158856	3.0773263E-002
0.9161356	3.0564070E-002
0.9163855	3.0434065E-002
0.9166355	3.0292230E-002
0.9168855	3.0140311E-002
0.9171355	2.9971849E-002
0.9173855	2.9596552E-002
0.9176354	2.9393503E-002
0.9178854	2.9174689E-002
0.9181353	2.8944146E-002
0.9183853	2.8700205E-002
0.9186352	2.8450105E-002
0.9188852	2.7913269E-002
0.9191352	2.7629649E-002
0.9193852	2.7331339E-002
0.9196352	2.7026724E-002
0.9198851	2.6713025E-002
0.9201351	2.6393536E-002
0.9203851	2.5724014E-002
0.920635	2.5377285E-002
0.920885	2.5026152E-002
0.9211349	2.4665117E-002
0.9213849	2.4296127E-002
0.9216349	2.3922486E-002
0.9218849	2.3163149E-002
0.9221348	2.2773599E-002
0.9223848	2.2378173E-002
0.9226348	2.1982430E-002
0.9228848	2.1580646E-002
0.9231347	2.0769009E-002
0.9233847	2.0359570E-002
0.9236346	1.9946732E-002
0.9238846	1.9532597E-002
0.9241346	1.9116819E-002
0.9243845	1.8701315E-002
0.9246345	1.7866999E-002
0.9248845	1.7450044E-002
0.9251345	1.7035674E-002
0.9253845	1.6619835E-002
0.9256344	1.6206112E-002
0.9258844	1.5386966E-002
0.9261343	1.4979626E-002
0.9263843	1.4574695E-002
0.9266343	1.4173320E-002
0.9268842	1.3776523E-002
0.9271342	1.3382543E-002
0.9273842	1.2608168E-002
0.9276342	1.2228403E-002
0.9278841	1.1852226E-002
0.9281341	1.1482197E-002
0.9283841	1.1117728E-002
0.928634	1.0408090E-002
0.928884	1.0062180E-002
0.929134	9.7228382E-003
0.9293839	9.3906783E-003
0.9296339	9.0653533E-003
0.9298839	8.4379166E-003
0.9301338	8.1351604E-003
0.9303838	7.8404434E-003
0.9306338	7.5538089E-003
0.9308838	7.2754826E-003
0.9311337	7.0050205E-003
0.9313837	6.4914320E-003
0.9316337	6.2472322E-003
0.9318836	6.0115405E-003
0.9321336	5.7851975E-003
0.9323835	5.5678822E-003
0.9326335	5.1609487E-003
0.9328835	4.9718153E-003
0.9331335	4.7913622E-003
0.9333834	4.6201912E-003
0.9336334	4.4579185E-003
0.9338834	4.1625421E-003
0.9341334	4.0285839E-003
0.9343833	3.9034402E-003
0.9346333	3.7888302E-003
0.9348832	3.6825843E-003
0.9351332	3.4969449E-003
0.9353832	3.4178921E-003
0.9356331	3.3481594E-003
0.9358831	3.2868392E-003
0.9361331	3.2333273E-003
0.9363831	3.1893738E-003
0.9366331	3.1275116E-003
0.936883	3.1076851E-003
0.937133	3.0977901E-003
0.9373829	3.0948955E-003
0.9376329	3.0998210E-003
0.9378828	3.1321130E-003
0.9381328	3.1593712E-003
0.9383828	3.1936551E-003
0.9386328	3.2344465E-003
0.9388828	3.2831684E-003
0.9391327	3.3985178E-003
0.9393827	3.4645768E-003
0.9396327	3.5372621E-003
0.9398826	3.6158818E-003
0.9401326	3.6996715E-003
0.9403825	3.8828896E-003
0.9406325	3.9815758E-003
0.9408825	4.0850318E-003
0.9411325	4.1920817E-003
0.9413824	4.3036705E-003
0.9416324	4.5383219E-003
0.9418824	4.6603996E-003
0.9421324	4.7862539E-003
0.9423823	4.9145292E-003
0.9426323	5.0453772E-003
0.9428822	5.3142770E-003
0.9431322	5.4515474E-003
0.9433822	5.5906535E-003
0.9436321	5.7309447E-003
0.9438821	6.0156123E-003
0.9441321	6.1589498E-003
0.9443821	6.3028508E-003
0.9446321	6.4468822E-003
0.944882	6.5910323E-003
0.945132	6.8792519E-003
0.9453819	7.0223641E-003
0.9456319	7.1646161E-003
0.9458818	7.3059453E-003
0.9461318	7.4460860E-003
0.9463818	7.7221585E-003
0.9466318	7.8575304E-003
0.9468818	7.9909191E-003
0.9471317	8.1224283E-003
0.9473817	8.2513876E-003
0.9476317	8.5023772E-003
0.9478816	8.6234799E-003
0.9481316	8.7416712E-003
0.9483815	8.8563953E-003
0.9486315	8.9682043E-003
0.9488815	9.1823563E-003
0.9491315	9.2837401E-003
0.9493814	9.3814125E-003
0.9496314	9.4756735E-003
0.9498814	9.6521452E-003
0.9501314	9.7338622E-003
0.9503813	9.8108407E-003
0.9506313	9.8840846E-003
0.9508812	9.9528674E-003
0.9511312	1.0077751E-002
0.9513812	1.0133046E-002
0.9516311	1.0183154E-002
0.9518811	1.0229153E-002
0.9521311	1.0271568E-002
0.9523811	1.0340727E-002
0.952631	1.0367099E-002
0.952881	1.0389341E-002
0.953131	1.0406737E-002
0.9533809	1.0427903E-002
0.9536309	1.0430206E-002
0.9538808	1.0428361E-002
0.9541308	1.0421772E-002
0.9543808	1.0410426E-002
0.9546308	1.0374315E-002
0.9548808	1.0348231E-002
0.9551307	1.0318182E-002
0.9553807	1.0284708E-002
0.9556307	1.0202833E-002
0.9558806	1.0154209E-002
0.9561306	1.0101904E-002
0.9563805	1.0045285E-002
0.9566305	9.9845482E-003
0.9568805	9.8515321E-003
0.9571305	9.7780544E-003
0.9573804	9.7014299E-003
0.9576304	9.6208788E-003
0.9578804	9.4498461E-003
0.9581304	9.3581136E-003
0.9583803	9.2635881E-003
0.9586303	9.1668516E-003
0.9588802	9.0658842E-003
0.9591302	8.8553214E-003
0.9593802	8.7456619E-003
0.9596301	8.6333435E-003
0.9598801	8.5184090E-003
0.9601301	8.2821772E-003
0.9603801	8.1598740E-003
0.96063	8.0359122E-003
0.96088	7.9101035E-003
0.96113	7.7825175E-003
0.9613799	7.5226696E-003
0.9616299	7.3909191E-003
0.9618798	7.2573535E-003
0.9621298	7.1226824E-003
0.9623798	6.8511395E-003
0.9626298	6.7135044E-003
0.9628797	6.5755751E-003
0.9631297	6.4371661E-003
0.9633797	6.1601168E-003
0.9636297	6.0210782E-003
0.9638796	5.8817673E-003
0.9641296	5.7429923E-003
0.9643795	5.6048553E-003
0.9646295	5.3294739E-003
0.9648795	5.1925676E-003
0.9651294	5.0564199E-003
0.9653794	4.9211746E-003
0.9656294	4.6544136E-003
0.9658794	4.5224815E-003
0.9661294	4.3919939E-003
0.9663793	4.2630564E-003
0.9666293	4.0103574E-003
0.9668792	3.8863635E-003
0.9671292	3.7642499E-003
0.9673792	3.6442387E-003
0.9676291	3.4107207E-003
0.9678791	3.2971855E-003
0.9681291	3.1858950E-003
0.9683791	3.0770197E-003
0.968629	2.9707288E-003
0.968879	2.7660474E-003
0.969129	2.6676040E-003
0.9693789	2.5719639E-003
0.9696289	2.4791653E-003
0.9698789	2.3024438E-003
0.9701288	2.2184248E-003
0.9703788	2.1374677E-003
0.9706288	2.0596643E-003
0.9708787	1.9135325E-003
0.9711287	1.8451075E-003
0.9713787	1.7799113E-003
0.9716287	1.7180057E-003
0.9718786	1.6041320E-003
0.9721286	1.5520529E-003
0.9723786	1.5034728E-003
0.9726285	1.4580318E-003
0.9728785	1.3774906E-003
0.9731284	1.3418662E-003
0.9733784	1.3097405E-003
0.9736284	1.2809259E-003
0.9738784	1.2336546E-003
0.9741284	1.2146689E-003
0.9743783	1.1989299E-003
0.9746283	1.1864017E-003
0.9748783	1.1768729E-003
0.9751282	1.1678663E-003
0.9753782	1.1678586E-003
0.9756281	1.1710543E-003
0.9758781	1.1770591E-003
0.9761281	1.1981225E-003
0.9763781	1.2127999E-003
0.976628	1.2302712E-003
0.976878	1.2504663E-003
0.977128	1.2990712E-003
0.977378	1.3272198E-003
0.9776279	1.3577158E-003
0.9778779	1.3905989E-003
0.9781278	1.4632868E-003
0.9783778	1.5031170E-003
0.9786278	1.5449489E-003
0.9788777	1.5889030E-003
0.9791277	1.6825418E-003
0.9793777	1.7320091E-003
0.9796277	1.7832305E-003
0.9798776	1.8360757E-003
0.9801276	1.9464869E-003
0.9803776	2.0038309E-003
0.9806275	2.0623812E-003
0.9808775	2.1221947E-003
0.9811274	2.2451233E-003
0.9813774	2.3080127E-003
0.9816274	2.3717093E-003
0.9818774	2.4362146E-003
0.9821273	2.5673169E-003
0.9823773	2.6335996E-003
0.9826273	2.7002802E-003
0.9828773	2.7672623E-003
0.9831272	2.9021113E-003
0.9833772	2.9695944E-003
0.9836271	3.0370355E-003
0.9838771	3.1718425E-003
0.9841271	3.2387690E-003
0.9843771	3.3053583E-003
0.984627	3.3715479E-003
0.984877	3.5025852E-003
0.985127	3.5668928E-003
0.985377	3.6306167E-003
0.9856269	3.6933534E-003
0.9858769	3.8167820E-003
0.9861268	3.8768479E-003
0.9863768	3.9358484E-003
0.9866268	3.9936937E-003
0.9868767	4.1056229E-003
0.9871267	4.1596545E-003
0.9873767	4.2122789E-003
0.9876267	4.2634942E-003
0.9878766	4.3614712E-003
0.9881266	4.4079702E-003
0.9883766	4.4526882E-003
0.9886265	4.4958880E-003
0.9888765	4.5774044E-003
0.9891264	4.6150782E-003
0.9893764	4.6510790E-003
0.9896264	4.7178245E-003
0.9898764	4.7478657E-003
0.9901263	4.7761579E-003
0.9903763	4.8022037E-003
0.9906263	4.8490549E-003
0.9908763	4.8692585E-003
0.9911262	4.8873546E-003
0.9913762	4.9033798E-003
0.9916261	4.9288920E-003
0.9918761	4.9385689E-003
0.9921261	4.9460921E-003
0.992376	4.9515059E-003
0.992626	4.9560815E-003
0.992876	4.9551702E-003
0.993126	4.9517951E-003
0.993376	4.9397480E-003
0.9936259	4.9304245E-003
0.9938759	4.9187150E-003
0.9941258	4.9052471E-003
0.9943758	4.8726345E-003
0.9946257	4.8528896E-003
0.9948757	4.8314235E-003
0.9951257	4.8077120E-003
0.9953757	4.7553973E-003
0.9956257	4.7263242E-003
0.9958756	4.6954872E-003
0.9961256	4.6286038E-003
0.9963756	4.5925570E-003
0.9966255	4.5548598E-003
0.9968755	4.5154551E-003
0.9971254	4.4323974E-003
0.9973754	4.3881619E-003
0.9976254	4.3424736E-003
0.9978754	4.2956029E-003
0.9981253	4.1980278E-003
0.9983753	4.1473121E-003
0.9986253	4.0955748E-003
0.9988753	3.9881468E-003
0.9991252	3.9328686E-003
0.9993752	3.8766358E-003
0.9996251	3.8194642E-003
0.9998751	3.7026564E-003
1.000125	3.6427400E-003
1.000375	3.5823879E-003
1.000625	3.5211968E-003
1.000875	3.3977670E-003
1.001125	3.3351495E-003
1.001375	3.2717746E-003
1.001625	3.1450824E-003
1.001875	3.0810556E-003
1.002125	3.0167501E-003
1.002375	2.9524572E-003
1.002625	2.8238562E-003
1.002875	2.7593940E-003
1.003125	2.6951658E-003
1.003375	2.5674098E-003
1.003625	2.5036982E-003
1.003875	2.4403231E-003
1.004125	2.3773683E-003
1.004375	2.2530458E-003
1.004624	2.1915229E-003
1.004874	2.1306083E-003
1.005124	2.0108409E-003
1.005374	1.9519512E-003
1.005624	1.8938463E-003
1.005874	1.8365501E-003
1.006124	1.7247534E-003
1.006374	1.6702332E-003
1.006624	1.6166460E-003
1.006874	1.5128368E-003
1.007124	1.4624827E-003
1.007374	1.4132747E-003
1.007624	1.3652949E-003
1.007874	1.2730957E-003
1.008124	1.2288090E-003
1.008374	1.1858818E-003
1.008624	1.1041624E-003
1.008874	1.0652705E-003
1.009124	1.0278615E-003
1.009374	9.9182059E-004
1.009624	9.2423550E-004
1.009874	8.9267705E-004
1.010124	8.6263014E-004
1.010374	8.0707058E-004
1.010624	7.8163802E-004
1.010874	7.5765949E-004
1.011124	7.3526381E-004
1.011374	6.9542276E-004
1.011624	6.7773176E-004
1.011874	6.6162256E-004
1.012124	6.3430314E-004
1.012374	6.2291941E-004
1.012624	6.1320228E-004
1.012874	6.0494826E-004
1.013124	5.9327250E-004
1.013373	5.8966188E-004
1.013623	5.8757764E-004
1.013873	5.8818376E-004
1.014123	5.9059623E-004
1.014373	5.9446541E-004
1.014623	6.0668628E-004
1.014873	6.1484170E-004
1.015123	6.2446418E-004
1.015373	6.3544145E-004
1.015623	6.6127715E-004
1.015873	6.7611184E-004
1.016123	6.9226266E-004
1.016373	7.2821596E-004
1.016623	7.4788480E-004
1.016873	7.6874340E-004
1.017123	8.1376045E-004
1.017373	8.3775545E-004
1.017623	8.6282234E-004
1.017873	8.8883855E-004
1.018123	9.4359281E-004
1.018373	9.7226654E-004
1.018623	1.0017178E-003
1.018873	1.0629977E-003
1.019123	1.0946862E-003
1.019373	1.1270131E-003
1.019623	1.1935136E-003
1.019873	1.2275503E-003
1.020123	1.2620887E-003
1.020373	1.2970698E-003
1.020622	1.3682800E-003
1.020872	1.4043615E-003
1.021122	1.4407212E-003
1.021372	1.5142119E-003
1.021622	1.5511349E-003
1.021872	1.5881935E-003
1.022122	1.6626263E-003
1.022372	1.6997962E-003
1.022622	1.7369075E-003
1.022872	1.7738822E-003
1.023122	1.8476035E-003
1.023372	1.8841594E-003
1.023622	1.9204600E-003
1.023872	1.9922275E-003
1.024122	2.0274122E-003
1.024372	2.0623659E-003
1.024622	2.1309622E-003
1.024872	2.1646176E-003
1.025122	2.1976377E-003
1.025372	2.2618864E-003
1.025622	2.2929967E-003
1.025872	2.3235602E-003
1.026122	2.3826789E-003
1.026372	2.4110745E-003
1.026622	2.4385653E-003
1.026872	2.4652728E-003
1.027122	2.5164746E-003
1.027372	2.5407714E-003
1.027622	2.5641718E-003
1.027872	2.6080704E-003
1.028122	2.6286577E-003
1.028372	2.6481028E-003
1.028622	2.6843713E-003
1.028872	2.7009554E-003
1.029122	2.7164945E-003
1.029371	2.7443359E-003
1.029621	2.7566787E-003
1.029871	2.7677719E-003
1.030121	2.7871169E-003
1.030371	2.7950807E-003
1.030621	2.8017818E-003
1.030871	2.8073450E-003
1.031121	2.8157299E-003
1.031371	2.8179651E-003
1.031621	2.8192194E-003
1.031871	2.8183041E-003
1.032121	2.8162245E-003
1.032371	2.8128435E-003
1.032621	2.8034071E-003
1.032871	2.7967580E-003
1.033121	2.7891893E-003
1.033371	2.7707415E-003
1.033621	2.7599777E-003
1.033871	2.7480163E-003
1.034121	2.7217800E-003
1.034371	2.7067715E-003
1.034621	2.6907909E-003
1.034871	2.6563443E-003
1.035121	2.6376802E-003
1.035371	2.6179377E-003
1.035621	2.5763458E-003
1.035871	2.5540092E-003
1.036121	2.5308332E-003
1.036371	2.4824769E-003
1.03662	2.4570762E-003
1.03687	2.4308229E-003
1.03712	2.4038856E-003
1.03737	2.3481324E-003
1.03762	2.3193350E-003
1.03787	2.2897823E-003
1.03812	2.2294594E-003
1.03837	2.1982815E-003
1.03862	2.1666964E-003
1.03887	2.1021562E-003
1.03912	2.0692805E-003
1.03937	2.0359079E-003
1.03962	1.9685326E-003
1.03987	1.9342145E-003
1.04012	1.8996277E-003
1.04037	1.8300602E-003
1.04062	1.7949748E-003
1.04087	1.7596281E-003
1.04112	1.6890180E-003
1.04137	1.6534029E-003
1.04162	1.6178311E-003
1.04187	1.5469950E-003
1.04212	1.5115655E-003
1.04237	1.4762321E-003
1.04262	1.4061643E-003
1.04287	1.3712856E-003
1.04312	1.3366520E-003
1.04337	1.2682886E-003
1.04362	1.2344359E-003
1.04387	1.2009259E-003
1.04412	1.1350843E-003
1.04437	1.1026964E-003
1.04462	1.0707263E-003
1.04487	1.0082797E-003
1.045119	9.7773154E-004
1.045369	9.4770425E-004
1.045619	8.8938442E-004
1.045869	8.6105196E-004
1.046119	8.3329820E-004
1.046369	7.7979808E-004
1.046619	7.5398490E-004
1.046869	7.2884792E-004
1.047119	6.8075856E-004
1.047369	6.5776397E-004
1.047619	6.3547888E-004
1.047869	5.9329340E-004
1.048119	5.7334988E-004
1.048369	5.5419171E-004
1.048619	5.1834661E-004
1.048869	5.0163287E-004
1.049119	4.8566083E-004
1.049369	4.5645342E-004
1.049619	4.4315710E-004
1.049869	4.3063154E-004
1.050119	4.0826807E-004
1.050369	3.9838476E-004
1.050619	3.8932674E-004
1.050869	3.7397700E-004
1.051119	3.6758941E-004
1.051369	3.5741489E-004
1.051619	3.5358252E-004
1.051869	3.5067045E-004
1.052119	3.4735678E-004
1.052369	3.4706836E-004
1.052619	3.4756592E-004
1.052868	3.5105192E-004
1.053118	3.5398724E-004
1.053368	3.5778381E-004
1.053618	3.6776465E-004
1.053868	3.7393707E-004
1.054118	3.8087557E-004
1.054368	3.9700084E-004
1.054618	4.0612119E-004
1.054868	4.1600651E-004
1.055118	4.3785581E-004
1.055368	4.4979632E-004
1.055618	4.6238862E-004
1.055868	4.8946700E-004
1.056118	5.0388614E-004
1.056368	5.1891251E-004
1.056618	5.5066159E-004
1.056868	5.6734303E-004
1.057118	6.0218392E-004
1.057368	6.2031025E-004
1.057618	6.3886319E-004
1.057868	6.7729363E-004
1.058118	6.9705455E-004
1.058368	7.1718119E-004
1.058618	7.5849728E-004
1.058868	7.7957462E-004
1.059118	8.0091361E-004
1.059368	8.4439438E-004
1.059618	8.6642010E-004
1.059868	8.8862475E-004
1.060118	9.3354186E-004
1.060368	9.5614541E-004
1.060618	9.7885227E-004
1.060868	1.0244435E-003
1.061117	1.0472779E-003
1.061367	1.0700885E-003
1.061617	1.1157063E-003
1.061867	1.1383744E-003
1.062117	1.1835375E-003
1.062367	1.2058598E-003
1.062617	1.2280645E-003
1.062867	1.2719445E-003
1.063117	1.2935660E-003
1.063367	1.3148924E-003
1.063617	1.3569262E-003
1.063867	1.3774154E-003
1.064117	1.3976649E-003
1.064367	1.4371189E-003
1.064617	1.4563201E-003
1.064867	1.4657188E-003
1.065117	1.5024962E-003
1.065367	1.5201945E-003
1.065617	1.5543549E-003
1.065867	1.5707553E-003
1.066117	1.5865852E-003
1.066367	1.6169423E-003
1.066617	1.6312257E-003
1.066867	1.6449587E-003
1.067117	1.6710127E-003
1.067367	1.6831780E-003
1.067617	1.6946517E-003
1.067867	1.7160673E-003
1.068117	1.7257385E-003
1.068367	1.7433828E-003
1.068617	1.7511823E-003
1.068866	1.7584586E-003
1.069116	1.7711249E-003
1.069366	1.7763620E-003
1.069616	1.7809197E-003
1.069866	1.7883813E-003
1.070116	1.7910855E-003
1.070366	1.7930400E-003
1.070616	1.7951983E-003
1.070866	1.7951580E-003
1.071116	1.7932410E-003
1.071366	1.7912239E-003
1.071616	1.7886671E-003
1.071866	1.7816344E-003
1.072116	1.7770298E-003
1.072366	1.7717741E-003
1.072616	1.7595497E-003
1.072866	1.7524187E-003
1.073116	1.7366229E-003
1.073366	1.7277842E-003
1.073616	1.7182770E-003
1.073866	1.6976605E-003
1.074116	1.6864431E-003
1.074366	1.6747710E-003
1.074616	1.6498824E-003
1.074866	1.6367424E-003
1.075116	1.6086888E-003
1.075366	1.5938686E-003
1.075616	1.5785859E-003
1.075866	1.5469135E-003
1.076116	1.5303169E-003
1.076366	1.5134037E-003
1.076616	1.4783914E-003
1.076866	1.4602499E-003
1.077115	1.4230993E-003
1.077365	1.4040549E-003
1.077615	1.3846227E-003
1.077865	1.3451480E-003
1.078115	1.3249121E-003
1.078365	1.3044454E-003
1.078615	1.2630180E-003
1.078865	1.2420142E-003
1.079115	1.1996095E-003
1.079365	1.1781170E-003
1.079615	1.1565054E-003
1.079865	1.1131288E-003
1.080115	1.0912961E-003
1.080365	1.0694419E-003
1.080615	1.0257652E-003
1.080865	1.0038497E-003
1.081115	9.6028065E-004
1.081365	9.3846349E-004
1.081615	9.1676076E-004
1.081865	8.7377970E-004
1.082115	8.5242308E-004
1.082365	8.1023131E-004
1.082615	7.8935281E-004
1.082865	7.6863036E-004
1.083115	7.2797516E-004
1.083365	7.0793630E-004
1.083615	6.8815390E-004
1.083865	6.4946676E-004
1.084115	6.3052605E-004
1.084365	5.9364707E-004
1.084615	5.7565258E-004
1.084864	5.5800832E-004
1.085114	5.2387966E-004
1.085364	5.0734536E-004
1.085614	4.7551835E-004
1.085864	4.6020918E-004
1.086114	4.4528858E-004
1.086364	4.1684567E-004
1.086614	4.0326899E-004
1.086864	3.9015527E-004
1.087114	3.6536978E-004
1.087364	3.5369687E-004
1.087614	3.3181623E-004
1.087864	3.2158193E-004
1.088114	3.1187580E-004
1.088364	2.9402811E-004
1.088614	2.8586760E-004
1.088864	2.7116807E-004
1.089114	2.6458880E-004
1.089364	2.5850657E-004
1.089614	2.4804450E-004
1.089864	2.4355605E-004
1.090114	2.3633118E-004
1.090364	2.3348807E-004
1.090614	2.3117531E-004
1.090864	2.2814222E-004
1.091114	2.2741857E-004
1.091364	2.2753842E-004
1.091614	2.2838167E-004
1.091864	2.2973905E-004
1.092114	2.3397178E-004
1.092364	2.3684185E-004
1.092614	2.4020676E-004
1.092863	2.4839389E-004
1.093113	2.5317539E-004
1.093363	2.6425603E-004
1.093613	2.7041812E-004
1.093863	2.7705752E-004
1.094113	2.9165935E-004
1.094363	2.9955449E-004
1.094613	3.1664383E-004
1.094863	3.2576718E-004
1.095113	3.3526387E-004
1.095363	3.5538408E-004
1.095613	3.6595366E-004
1.095863	3.8809562E-004
1.096113	3.9963852E-004
1.096363	4.1148273E-004
1.096613	4.3605274E-004
1.096863	4.4872100E-004
1.097113	4.7483263E-004
1.097363	4.8821594E-004
1.097613	5.0181145E-004
1.097863	5.2961835E-004
1.098113	5.4376380E-004
1.098363	5.7257456E-004
1.098613	5.8716198E-004
1.098863	6.0187076E-004
1.099113	6.3163496E-004
1.099363	6.4661592E-004
1.099613	6.7677378E-004
1.099863	6.9188885E-004
1.100113	7.2224287E-004
1.100363	7.3739007E-004
1.100613	7.5250491E-004
1.100863	7.8272430E-004
1.101112	7.9770479E-004
1.101362	8.2750199E-004
1.101612	8.4225455E-004
1.101862	8.5686817E-004
1.102112	8.8582386E-004
1.102362	9.0002897E-004
1.102612	9.2797959E-004
1.102862	9.4169710E-004
1.103112	9.5519540E-004
1.103362	9.8161551E-004
1.103612	9.9450152E-004
1.103862	1.0195196E-003
1.104112	1.0316106E-003
1.104362	1.0434159E-003
1.104612	1.0662782E-003
1.104862	1.0772191E-003
1.105112	1.0983194E-003
1.105362	1.1083167E-003
1.105612	1.1179777E-003
1.105862	1.1363742E-003
1.106112	1.1449907E-003
1.106362	1.1613043E-003
1.106612	1.1688287E-003
1.106862	1.1828202E-003
1.107112	1.1892602E-003
1.107362	1.1952259E-003
1.107612	1.2060845E-003
1.107862	1.2109106E-003
1.108112	1.2193205E-003
1.108362	1.2228517E-003
1.108612	1.2260353E-003
1.108861	1.2310245E-003
1.109111	1.2328704E-003
1.109361	1.2354854E-003
1.109611	1.2360552E-003
1.109861	1.2361214E-003
1.110111	1.2354355E-003
1.110361	1.2343222E-003
1.110611	1.2309377E-003
1.110861	1.2285726E-003
1.111111	1.2227235E-003
1.111361	1.2191872E-003
1.111611	1.2151871E-003
1.111861	1.2060961E-003
1.112111	1.2009033E-003
1.112361	1.1894711E-003
1.112611	1.1831268E-003
1.112861	1.1695373E-003
1.113111	1.1621021E-003
1.113361	1.1543161E-003
1.113611	1.1378108E-003
1.113861	1.1290128E-003
1.114111	1.1106025E-003
1.114361	1.1008370E-003
1.114611	1.0805472E-003
1.114861	1.0699661E-003
1.115111	1.0590475E-003
1.115361	1.0364676E-003
1.115611	1.0248332E-003
1.115861	1.0008441E-003
1.116111	9.8846923E-004
1.116361	9.7587868E-004
1.116611	9.5020409E-004
1.116861	9.3708810E-004
1.11711	9.1030664E-004
1.11736	8.9669885E-004
1.11761	8.6910371E-004
1.11786	8.5508008E-004
1.11811	8.2683202E-004
1.11836	8.1251381E-004
1.11861	7.9808442E-004
1.11886	7.6924317E-004
1.11911	7.5473427E-004
1.11936	7.2562712E-004
1.11961	7.1104278E-004
1.11986	6.8191462E-004
1.12011	6.6733529E-004
1.12036	6.5279333E-004
1.12061	6.2393583E-004
1.12086	6.0956209E-004
1.12111	5.8113283E-004
1.12136	5.6701462E-004
1.12161	5.3918193E-004
1.12186	5.2540924E-004
1.12211	5.1178894E-004
1.12236	4.8503015E-004
1.12261	4.7186684E-004
1.12286	4.4612301E-004
1.12311	4.3350892E-004
1.12336	4.0893789E-004
1.12361	3.9694339E-004
1.12386	3.8516661E-004
1.12411	3.6238288E-004
1.12436	3.5132142E-004
1.124609	3.3003074E-004
1.124859	3.1976533E-004
1.125109	3.0010394E-004
1.125359	2.9066883E-004
1.125609	2.7272126E-004
1.125859	2.6419046E-004
1.126109	2.5595885E-004
1.126359	2.4048852E-004
1.126609	2.3321090E-004
1.126859	2.1969451E-004
1.127109	2.1338479E-004
1.127359	2.0184842E-004
1.127609	1.9657737E-004
1.127859	1.9164449E-004
1.128109	1.8282731E-004
1.128359	1.7893873E-004
1.128609	1.7223934E-004
1.128859	1.6940288E-004
1.129109	1.6480939E-004
1.129359	1.6300283E-004
1.129609	1.6054072E-004
1.129859	1.5978715E-004
1.130109	1.5943179E-004
1.130359	1.5973019E-004
1.130609	1.6038417E-004
1.130859	1.6271217E-004
1.131109	1.6438017E-004
1.131359	1.6871253E-004
1.131609	1.7139254E-004
1.131859	1.7768801E-004
1.132109	1.8127782E-004
1.132359	1.8519722E-004
1.132609	1.9396804E-004
1.132859	1.9878510E-004
1.133108	2.0930590E-004
1.133358	2.1497169E-004
1.133608	2.2714613E-004
1.133858	2.3361397E-004
1.134108	2.4730619E-004
1.134358	2.5451256E-004
1.134608	2.6195293E-004
1.134858	2.7752307E-004
1.135108	2.8561984E-004
1.135358	3.0243670E-004
1.135608	3.1111939E-004
1.135858	3.2903525E-004
1.136108	3.3823407E-004
1.136358	3.5711148E-004
1.136608	3.6674872E-004
1.136858	3.7652079E-004
1.137108	3.9644298E-004
1.137358	4.0655356E-004
1.137608	4.2708698E-004
1.137858	4.3745924E-004
1.138108	4.5842910E-004
1.138358	4.6898474E-004
1.138608	4.9024483E-004
1.138858	5.0090399E-004
1.139108	5.2229560E-004
1.139358	5.3297356E-004
1.139608	5.5433030E-004
1.139858	5.6497724E-004
1.140108	5.7554105E-004
1.140358	5.9661560E-004
1.140607	6.0704543E-004
1.140857	6.2772824E-004
1.141107	6.3791638E-004
1.141357	6.5810356E-004
1.141607	6.6798570E-004
1.141857	6.8742270E-004
1.142107	6.9696887E-004
1.142357	7.1561855E-004
1.142607	7.2472403E-004
1.142857	7.3362701E-004
1.143107	7.5098872E-004
1.143357	7.5937150E-004
1.143607	7.7558478E-004
1.143857	7.8338338E-004
1.144107	7.9846161E-004
1.144357	8.0563000E-004
1.144607	8.1934978E-004
1.144857	8.2582480E-004
1.145107	8.3808554E-004
1.145357	8.4388978E-004
1.145607	8.5472019E-004
1.145857	8.5970387E-004
1.146107	8.6443080E-004
1.146357	8.7317260E-004
1.146607	8.7708671E-004
1.146857	8.8419305E-004
1.147107	8.8729104E-004
1.147357	8.9271803E-004
1.147607	8.9496555E-004
1.147857	8.9869782E-004
1.148107	9.0013858E-004
1.148357	9.0214104E-004
1.148607	9.0261118E-004
1.148857	9.0288464E-004
1.149107	9.0254017E-004
1.149356	9.0114109E-004
1.149606	8.9994061E-004
1.149856	8.9845795E-004
1.150106	8.9472852E-004
1.150356	8.9234707E-004
1.150606	8.8695041E-004
1.150856	8.8384608E-004
1.151106	8.7682786E-004
1.151356	8.7287545E-004
1.151606	8.6426741E-004
1.151856	8.5955468E-004
1.152106	8.4943644E-004
1.152356	8.4396882E-004
1.152606	8.3241845E-004
1.152856	8.2625559E-004
1.153106	8.1335008E-004
1.153356	8.0653629E-004
1.153606	7.9234090E-004
1.153856	7.8492035E-004
1.154106	7.7729783E-004
1.154356	7.6158380E-004
1.154606	7.5342460E-004
1.154856	7.3672360E-004
1.155106	7.2806852E-004
1.155356	7.1036315E-004
1.155606	7.0129213E-004
1.155856	6.8279717E-004
1.156106	6.7334872E-004
1.156356	6.5423822E-004
1.156605	6.4449024E-004
1.156855	6.2479667E-004
1.157105	6.1479863E-004
1.157355	5.9465726E-004
1.157605	5.8450422E-004
1.157855	5.6407886E-004
1.158105	5.5379386E-004
1.158355	5.3321279E-004
1.158605	5.2287366E-004
1.158855	5.0224585E-004
1.159105	4.9192616E-004
1.159355	4.7140286E-004
1.159605	4.6115345E-004
1.159855	4.5094770E-004
1.160105	4.3074231E-004
1.160355	4.2070352E-004
1.160605	4.0087913E-004
1.160855	3.9106005E-004
1.161105	3.7175312E-004
1.161355	3.6221684E-004
1.161605	3.4352948E-004
1.161855	3.3433601E-004
1.162105	3.1638221E-004
1.162355	3.0758127E-004
1.162605	2.9046048E-004
1.162855	2.8210407E-004
1.163105	2.6592211E-004
1.163355	2.5806122E-004
1.163605	2.4290141E-004
1.163855	2.3557759E-004
1.164105	2.2153021E-004
1.164355	2.1479551E-004
1.164605	2.0193674E-004
1.164855	1.9580380E-004
1.165105	1.8418611E-004
1.165354	1.7869093E-004
1.165604	1.6840456E-004
1.165854	1.6357764E-004
1.166104	1.5467087E-004
1.166354	1.5054112E-004
1.166604	1.4301976E-004
1.166854	1.3960068E-004
1.167104	1.3351138E-004
1.167354	1.3080070E-004
1.167604	1.2616867E-004
1.167854	1.2420831E-004
1.168104	1.2104308E-004
1.168354	1.1981658E-004
1.168604	1.1812189E-004
1.168854	1.1762898E-004
1.169104	1.1739462E-004
1.169354	1.1763176E-004
1.169604	1.1886233E-004
1.169854	1.1981552E-004
1.170104	1.2100447E-004
1.170354	1.2410084E-004
1.170604	1.2596788E-004
1.170854	1.3043528E-004
1.171104	1.3299249E-004
1.171354	1.3879877E-004
1.171604	1.4200811E-004
1.171854	1.4906746E-004
1.172104	1.5289398E-004
1.172354	1.6115981E-004
1.172603	1.6557281E-004
1.172853	1.7497703E-004
1.173103	1.7993855E-004
1.173353	1.9040640E-004
1.173603	1.9587715E-004
1.173853	2.0732188E-004
1.174103	2.1326311E-004
1.174353	2.2559481E-004
1.174603	2.3195823E-004
1.174853	2.4509258E-004
1.175103	2.5183323E-004
1.175353	2.6566460E-004
1.175603	2.7272824E-004
1.175853	2.8716089E-004
1.176103	2.9449601E-004
1.176353	3.0942418E-004
1.176603	3.1698239E-004
1.176853	3.3229400E-004
1.177103	3.4001897E-004
1.177353	3.5563175E-004
1.177603	3.6346988E-004
1.177853	3.7924765E-004
1.178103	3.8715167E-004
1.178353	4.0299457E-004
1.178603	4.1089984E-004
1.178853	4.2668916E-004
1.179103	4.3454036E-004
1.179353	4.5020215E-004
1.179603	4.6569921E-004
1.179853	4.7335567E-004
1.180103	4.8853521E-004
1.180353	4.9600541E-004
1.180603	5.1073951E-004
1.180853	5.1798095E-004
1.181103	5.3222053E-004
1.181352	5.3916755E-004
1.181602	5.5280217E-004
1.181852	5.5942568E-004
1.182102	5.7235814E-004
1.182352	5.7861168E-004
1.182602	5.9073418E-004
1.182852	5.9658056E-004
1.183102	6.0787582E-004
1.183352	6.1327004E-004
1.183602	6.2364549E-004
1.183852	6.2855554E-004
1.184102	6.3794164E-004
1.184352	6.4230221E-004
1.184602	6.5063289E-004
1.184852	6.5450260E-004
1.185102	6.6173379E-004
1.185352	6.6503999E-004
1.185602	6.7113229E-004
1.185852	6.7385170E-004
1.186102	6.7873194E-004
1.186352	6.8085612E-004
1.186602	6.8457221E-004
1.186852	6.8609160E-004
1.187102	6.8857521E-004
1.187352	6.8948744E-004
1.187602	6.9074053E-004
1.187852	6.9102767E-004
1.188102	6.9099723E-004
1.188352	6.9065916E-004
1.188601	6.8940868E-004
1.188851	6.8846060E-004
1.189101	6.8602193E-004
1.189351	6.8277138E-004
1.189601	6.8081409E-004
1.189851	6.7633606E-004
1.190101	6.7379855E-004
1.190351	6.6820660E-004
1.190601	6.6509703E-004
1.190851	6.5839128E-004
1.191101	6.5473357E-004
1.191351	6.4695696E-004
1.191601	6.4277463E-004
1.191851	6.3393614E-004
1.192101	6.2926277E-004
1.192351	6.1949948E-004
1.192601	6.1436178E-004
1.192851	6.0369837E-004
1.193101	5.9812010E-004
1.193351	5.8663130E-004
1.193601	5.8066187E-004
1.193851	5.6837616E-004
1.194101	5.6204043E-004
1.194351	5.4910581E-004
1.194601	5.4245407E-004
1.194851	5.2891904E-004
1.195101	5.1503000E-004
1.195351	5.0793722E-004
1.195601	4.9355341E-004
1.195851	4.8625330E-004
1.196101	4.7152874E-004
1.196351	4.6406244E-004
1.196601	4.4905240E-004
1.196851	4.4146768E-004
1.197101	4.2627013E-004
1.19735	4.1858750E-004
1.1976	4.0328610E-004
1.19785	3.9560022E-004
1.1981	3.8028148E-004
1.19835	3.7260880E-004
1.1986	3.5736896E-004
1.19885	3.4223028E-004
1.1991	3.3469484E-004
1.19935	3.1977551E-004
1.1996	3.1236705E-004
1.19985	2.9777377E-004
1.2001	2.9054197E-004
1.20035	2.7634058E-004
1.2006	2.6933200E-004
1.20085	2.5560588E-004
1.2011	2.4885527E-004
1.20135	2.3567726E-004
1.2016	2.2922538E-004
1.20185	2.1667324E-004
1.2021	2.1054974E-004
1.20235	1.9868638E-004
1.2026	1.8732563E-004
1.20285	1.8182675E-004
1.2031	1.7126811E-004
1.20335	1.6618191E-004
1.2036	1.5646222E-004
1.20385	1.5181788E-004
1.2041	1.4300286E-004
1.20435	1.3881881E-004
1.204599	1.3095151E-004
1.204849	1.2725973E-004
1.205099	1.2038594E-004
1.205349	1.1718420E-004
1.205599	1.1131090E-004
1.205849	1.0862291E-004
1.206099	1.0378886E-004
1.206349	9.9655103E-005
1.206599	9.7845310E-005
1.206849	9.4791008E-005
1.207099	9.3516675E-005
1.207349	9.1521666E-005
1.207599	9.0783797E-005
1.207849	8.9861685E-005
1.208099	8.9660054E-005
1.208349	8.9806279E-005
1.208599	9.0135720E-005
1.208849	9.1349655E-005
1.209099	9.3259448E-005
1.209349	9.4456234E-005
1.209599	9.7371674E-005
1.209849	9.9073019E-005
1.210099	1.0298212E-004
1.210349	1.0517137E-004
1.210599	1.1003857E-004
1.210849	1.1271170E-004
1.211099	1.1849898E-004
1.211349	1.2161485E-004
1.211599	1.2827545E-004
1.211849	1.3549039E-004
1.212099	1.3929170E-004
1.212349	1.4729502E-004
1.212599	1.5147570E-004
1.212849	1.6022084E-004
1.213098	1.6474907E-004
1.213348	1.7415249E-004
1.213598	1.7900359E-004
1.213848	1.8901320E-004
1.214098	1.9414883E-004
1.214348	2.0469530E-004
1.214598	2.1555899E-004
1.214848	2.2109173E-004
1.215098	2.3237559E-004
1.215348	2.3809573E-004
1.215598	2.4972003E-004
1.215848	2.5559656E-004
1.216098	2.6748970E-004
1.216348	2.7348124E-004
1.216598	2.8556067E-004
1.216848	2.9771781E-004
1.217098	3.0381302E-004
1.217348	3.1604696E-004
1.217598	3.2215024E-004
1.217848	3.3437085E-004
1.218098	3.4044744E-004
1.218348	3.5257402E-004
1.218598	3.5857368E-004
1.218848	3.7053318E-004
1.219098	3.8232657E-004
1.219348	3.8814798E-004
1.219598	3.9966858E-004
1.219848	4.0532483E-004
1.220098	4.1651601E-004
1.220348	4.2195499E-004
1.220598	4.3269069E-004
1.220847	4.3790397E-004
1.221097	4.4815001E-004
1.221347	4.5803440E-004
1.221597	4.6281365E-004
1.221847	4.7211285E-004
1.222097	4.7658029E-004
1.222347	4.8523454E-004
1.222597	4.8934133E-004
1.222847	4.9729348E-004
1.223097	5.0473615E-004
1.223347	5.0825928E-004
1.223597	5.1495479E-004
1.223847	5.1808346E-004
1.224097	5.2397384E-004
1.224347	5.2668742E-004
1.224597	5.3167588E-004
1.224847	5.3396396E-004
1.225097	5.3814176E-004
1.225347	5.4173399E-004
1.225597	5.4327829E-004
1.225847	5.4593734E-004
1.226097	5.4702669E-004
1.226347	5.4879993E-004
1.226597	5.4942799E-004
1.226847	5.5024168E-004
1.227097	5.5044272E-004
1.227347	5.5030058E-004
1.227597	5.4960843E-004
1.227847	5.4900628E-004
1.228097	5.4742664E-004
1.228347	5.4633821E-004
1.228597	5.4378674E-004
1.228847	5.4067554E-004
1.229096	5.3887180E-004
1.229346	5.3488620E-004
1.229596	5.3262297E-004
1.229846	5.2779081E-004
1.230096	5.2513770E-004
1.230346	5.1948830E-004
1.230596	5.1327585E-004
1.230846	5.0993916E-004
1.231096	5.0300453E-004
1.231346	4.9932825E-004
1.231596	4.9167412E-004
1.231846	4.8765502E-004
1.232096	4.7930365E-004
1.232346	4.7056752E-004
1.232596	4.6602171E-004
1.232846	4.5667143E-004
1.233096	4.5184293E-004
1.233346	4.4196972E-004
1.233596	4.3689134E-004
1.233846	4.2656393E-004
1.234096	4.1595314E-004
1.234346	4.1052941E-004
1.234596	3.9953372E-004
1.234846	3.9391295E-004
1.235096	3.8262628E-004
1.235346	3.7689321E-004
1.235596	3.6535933E-004
1.235846	3.5368541E-004
1.236096	3.4779328E-004
1.236346	3.3599767E-004
1.236596	3.3005714E-004
1.236845	3.1818022E-004
1.237095	3.0629683E-004
1.237345	3.0034615E-004
1.237595	2.8851524E-004
1.237845	2.8260125E-004
1.238095	2.7087808E-004
1.238345	2.6503447E-004
1.238595	2.5347373E-004
1.238845	2.4206679E-004
1.239095	2.3641107E-004
1.239345	2.2528249E-004
1.239595	2.1977983E-004
1.239845	2.0898273E-004
1.240095	1.9844374E-004
1.240345	1.9326094E-004
1.240595	1.8315003E-004
1.240845	1.7819916E-004
1.241095	1.6857291E-004
1.241345	1.6387532E-004
1.241595	1.5477771E-004
1.241845	1.4605907E-004
1.242095	1.4183720E-004
1.242345	1.3373455E-004
1.242595	1.2982861E-004
1.242845	1.2236596E-004
1.243095	1.1536357E-004
1.243345	1.1202166E-004
1.243595	1.0571764E-004
1.243845	1.0274939E-004
1.244095	9.7178665E-005
1.244345	9.4575451E-005
1.244595	8.9767425E-005
1.244844	8.5488682E-005
1.245094	8.3545659E-005
1.245344	8.0048812E-005
1.245594	7.8494108E-005
1.245844	7.5803815E-005
1.246094	7.3653428E-005
1.246344	7.2787101E-005
1.246594	7.1454539E-005
1.246844	7.0986294E-005
1.247094	7.0494534E-005
1.247344	7.0521943E-005
1.247594	7.0742659E-005
1.247844	7.1577517E-005
1.248094	7.2188814E-005
1.248344	7.3820207E-005
1.248594	7.5973170E-005
1.248844	7.7246768E-005
1.249094	8.0166901E-005
1.249344	8.1818835E-005
1.249594	8.5480387E-005
1.249844	8.9624969E-005
1.250094	9.1874157E-005
1.250344	9.6715397E-005
1.250594	9.9296536E-005
1.250844	1.0479619E-004
1.251094	1.1072872E-004
1.251344	1.1384208E-004
1.251594	1.2036230E-004
1.251844	1.2375707E-004
1.252094	1.3083503E-004
1.252344	1.3825715E-004
1.252594	1.4208638E-004
1.252843	1.4999010E-004
1.253093	1.5404435E-004
1.253343	1.6237714E-004
1.253593	1.7096849E-004
1.253843	1.7534313E-004
1.254093	1.8427176E-004
1.254343	1.8880476E-004
1.254593	1.9802690E-004
1.254843	2.0740836E-004
1.255093	2.1213769E-004
1.255343	2.2171221E-004
1.255593	2.2652445E-004
1.255843	2.3623992E-004
1.256093	2.4601593E-004
1.256343	2.5089743E-004
1.256593	2.6071398E-004
1.256843	2.6561078E-004
1.257093	2.7540253E-004
1.257343	2.8516428E-004
1.257593	2.8999554E-004
1.257843	2.9963496E-004
1.258093	3.0441044E-004
1.258343	3.1389517E-004
1.258593	3.2324050E-004
1.258843	3.2782275E-004
1.259093	3.3691688E-004
1.259343	3.4137460E-004
1.259593	3.5014030E-004
1.259843	3.5869848E-004
1.260093	3.6284476E-004
1.260343	3.7101508E-004
1.260593	3.7497448E-004
1.260842	3.8268961E-004
1.261092	3.9011153E-004
1.261342	3.9365914E-004
1.261592	4.0058259E-004
1.261842	4.0712429E-004
1.262092	4.1024922E-004
1.262342	4.1625006E-004
1.262592	4.1906233E-004
1.262842	4.2446915E-004
1.263092	4.2943915E-004
1.263342	4.3175544E-004
1.263592	4.3610882E-004
1.263842	4.3809914E-004
1.264092	4.4173258E-004
1.264342	4.4496570E-004
1.264592	4.4638806E-004
1.264842	4.4892632E-004
1.265092	4.5097197E-004
1.265342	4.5180827E-004
1.265592	4.5314041E-004
1.265842	4.5361673E-004
1.266092	4.5422901E-004
1.266342	4.5436196E-004
1.266592	4.5423908E-004
1.266842	4.5368352E-004
1.267092	4.5320197E-004
1.267342	4.5193036E-004
1.267592	4.5015823E-004
1.267842	4.4909035E-004
1.268092	4.4662165E-004
1.268342	4.4369607E-004
1.268592	4.4205593E-004
1.268842	4.3846114E-004
1.269091	4.3648985E-004
1.269341	4.3227500E-004
1.269591	4.2763862E-004
1.269841	4.2514058E-004
1.270091	4.1987540E-004
1.270341	4.1421596E-004
1.270591	4.1121981E-004
1.270841	4.0502663E-004
1.271091	4.0178539E-004
1.271341	3.9504972E-004
1.271591	3.8801608E-004
1.271841	3.8436460E-004
1.272091	3.7687013E-004
1.272341	3.6907932E-004
1.272591	3.6505124E-004
1.272841	3.5689189E-004
1.273091	3.5268907E-004
1.273341	3.4418073E-004
1.273591	3.3547371E-004
1.273841	3.3101981E-004
1.274091	3.2205076E-004
1.274341	3.1291437E-004
1.274591	3.0828631E-004
1.274841	2.9896601E-004
1.275091	2.9424916E-004
1.275341	2.8481329E-004
1.275591	2.7530934E-004
1.275841	2.7052491E-004
1.276091	2.6097114E-004
1.276341	2.5140587E-004
1.27659	2.4661658E-004
1.27684	2.3708709E-004
1.27709	2.3231511E-004
1.27734	2.2287556E-004
1.27759	2.1350849E-004
1.27784	2.0885639E-004
1.27809	1.9965472E-004
1.27834	1.9059354E-004
1.27859	1.8610478E-004
1.27884	1.7727945E-004
1.27909	1.6864474E-004
1.27934	1.6438952E-004
1.27959	1.5606753E-004
1.27984	1.5198083E-004
1.28009	1.4401641E-004
1.28034	1.3631450E-004
1.28059	1.3255504E-004
1.28084	1.2527066E-004
1.28109	1.1829125E-004
1.28134	1.1490592E-004
1.28159	1.0841143E-004
1.28184	1.0224264E-004
1.28209	9.9279743E-005
1.28234	9.3648297E-005
1.28259	9.0956746E-005
1.28284	8.5872067E-005
1.28309	8.1171449E-005
1.28334	7.8959565E-005
1.28359	7.4867596E-005
1.28384	7.1161805E-005
1.28409	6.9464440E-005
1.28434	6.6378620E-005
1.28459	6.3722313E-005
1.28484	6.2541956E-005
1.285089	6.0513747E-005
1.285339	5.9663242E-005
1.285589	5.8279791E-005
1.285839	5.7335459E-005
1.286089	5.7025482E-005
1.286339	5.6718342E-005
1.286589	5.6851444E-005
1.286839	5.7067551E-005
1.287089	5.7840196E-005
1.287339	5.9025682E-005
1.287589	5.9769416E-005
1.287839	6.1588376E-005
1.288089	6.3815016E-005
1.288339	6.5078631E-005
1.288589	6.7895264E-005
1.288839	6.9443369E-005
1.289089	7.2848139E-005
1.289339	7.6619617E-005
1.289589	7.8642479E-005
1.289839	8.2954779E-005
1.290089	8.7619621E-005
1.290339	9.0067930E-005
1.290589	9.5229298E-005
1.290839	1.0069924E-004
1.291089	1.0354030E-004
1.291339	1.0944849E-004
1.291589	1.1563393E-004
1.291839	1.1881937E-004
1.292089	1.2539125E-004
1.292339	1.3219343E-004
1.292588	1.3567219E-004
1.292838	1.4279480E-004
1.293088	1.5010746E-004
1.293338	1.5382268E-004
1.293588	1.6138930E-004
1.293838	1.6521497E-004
1.294088	1.7299001E-004
1.294338	1.8087644E-004
1.294588	1.8484521E-004
1.294838	1.9286950E-004
1.295088	2.0095608E-004
1.295338	2.0501281E-004
1.295588	2.1316040E-004
1.295838	2.2133443E-004
1.296088	2.2540762E-004
1.296338	2.3356063E-004
1.296588	2.4169512E-004
1.296838	2.4571660E-004
1.297088	2.5375330E-004
1.297338	2.6170490E-004
1.297588	2.6563936E-004
1.297838	2.7344830E-004
1.298088	2.8112016E-004
1.298338	2.8489437E-004
1.298588	2.9233663E-004
1.298838	2.9962501E-004
1.299088	3.0318333E-004
1.299338	3.1016496E-004
1.299588	3.1693414E-004
1.299838	3.2020887E-004
1.300088	3.2664425E-004
1.300338	3.3281359E-004
1.300588	3.3578987E-004
1.300838	3.4157358E-004
1.301087	3.4704752E-004
1.301337	3.4966879E-004
1.301587	3.5469627E-004
1.301837	3.5940419E-004
1.302087	3.6163119E-004
1.302337	3.6584656E-004
1.302587	3.6972199E-004
1.302837	3.7152201E-004
1.303087	3.7487125E-004
1.303337	3.7640537E-004
1.303587	3.7923310E-004
1.303837	3.8166952E-004
1.304087	3.8271732E-004
1.304337	3.8458902E-004
1.304587	3.8610445E-004
1.304837	3.8720778E-004
1.305087	3.8761238E-004
1.305337	3.8816364E-004
1.305587	3.8830561E-004
1.305837	3.8822120E-004
1.306087	3.8778022E-004
1.306337	3.8695169E-004
1.306587	3.8638964E-004
1.306837	3.8499042E-004
1.307087	3.8323895E-004
1.307337	3.8217896E-004
1.307587	3.7986587E-004
1.307837	3.7717129E-004
1.308087	3.7567550E-004
1.308336	3.7244346E-004
1.308586	3.6886462E-004
1.308836	3.6691350E-004
1.309086	3.6283280E-004
1.309336	3.5844548E-004
1.309586	3.5611380E-004
1.309836	3.5124042E-004
1.310086	3.4608826E-004
1.310336	3.4336952E-004
1.310586	3.3779585E-004
1.310836	3.3193859E-004
1.311086	3.2890326E-004
1.311336	3.2266849E-004
1.311586	3.1620724E-004
1.311836	3.1288806E-004
1.312086	3.0610614E-004
1.312336	2.9914756E-004
1.312586	2.9558426E-004
1.312836	2.8835313E-004
1.313086	2.8097836E-004
1.313336	2.7721113E-004
1.313586	2.6962426E-004
1.313836	2.6193672E-004
1.314086	2.5804131E-004
1.314336	2.5021710E-004
1.314586	2.4232053E-004
1.314836	2.3834551E-004
1.315086	2.3038345E-004
1.315336	2.2240411E-004
1.315586	2.1839599E-004
1.315836	2.1040291E-004
1.316086	2.0244115E-004
1.316336	1.9451178E-004
1.316586	1.9055525E-004
1.316836	1.8271749E-004
1.317086	1.7496217E-004
1.317335	1.7110788E-004
1.317585	1.6350215E-004
1.317835	1.5601837E-004
1.318085	1.5231739E-004
1.318335	1.4504394E-004
1.318585	1.3793926E-004
1.318835	1.3443721E-004
1.319085	1.2760289E-004
1.319335	1.2096541E-004
1.319585	1.1771428E-004
1.319835	1.1140096E-004
1.320085	1.0531849E-004
1.320335	1.0235973E-004
1.320585	9.6653530E-005
1.320835	9.1203779E-005
1.321085	8.6034903E-005
1.321335	8.3544808E-005
1.321585	7.8805664E-005
1.321835	7.4358031E-005
1.322085	7.2250135E-005
1.322335	6.8267145E-005
1.322585	6.4611282E-005
1.322835	6.2902058E-005
1.323085	5.9740509E-005
1.323335	5.6912279E-005
1.323585	5.5616416E-005
1.323835	5.3293679E-005
1.324085	5.1326326E-005
1.324335	4.9707880E-005
1.324584	4.9021557E-005
1.324834	4.7932826E-005
1.325084	4.7189897E-005
1.325334	4.6953213E-005
1.325584	4.6751720E-005
1.325834	4.6902795E-005
1.326084	4.7101799E-005
1.326334	4.7779886E-005
1.326584	4.8798283E-005
1.326834	4.9440067E-005
1.327084	5.0974482E-005
1.327334	5.2854855E-005
1.327584	5.3911681E-005
1.327834	5.6294637E-005
1.328084	5.8994305E-005
1.328334	6.1998107E-005
1.328584	6.3613938E-005
1.328834	6.7088404E-005
1.329084	7.0859278E-005
1.329334	7.2843701E-005
1.329584	7.7038530E-005
1.329834	8.1505510E-005
1.330084	8.3831343E-005
1.330334	8.8677647E-005
1.330584	9.3769915E-005
1.330834	9.9091711E-005
1.331084	1.0182814E-004
1.331334	1.0747141E-004
1.331584	1.1331139E-004
1.331834	1.1629556E-004
1.332084	1.2240719E-004
1.332334	1.2867981E-004
1.332584	1.3186518E-004
1.332834	1.3835338E-004
1.333084	1.4496641E-004
1.333333	1.5169255E-004
1.333583	1.5508501E-004
1.333833	1.6194447E-004
1.334083	1.6888039E-004
1.334333	1.7235777E-004
1.334583	1.7937360E-004
1.334833	1.8641420E-004
1.335083	1.9346473E-004
1.335333	1.9698888E-004
1.335583	2.0404738E-004
1.335833	2.1107508E-004
1.336083	2.1457064E-004
1.336333	2.2153322E-004
1.336583	2.2843170E-004
1.336833	2.3184730E-004
1.337083	2.3862257E-004
1.337333	2.4530033E-004
1.337583	2.5186062E-004
1.337833	2.5508754E-004
1.338083	2.6144879E-004
1.338333	2.6767320E-004
1.338583	2.7069749E-004
1.338833	2.7667134E-004
1.339083	2.8244371E-004
1.339333	2.8802268E-004
1.339583	2.9072902E-004
1.339833	2.9599087E-004
1.340083	3.0102357E-004
1.340333	3.0344643E-004
1.340582	3.0812356E-004
1.340832	3.1254627E-004
1.341082	3.1672884E-004
1.341332	3.1868689E-004
1.341582	3.2245828E-004
1.341832	3.2593444E-004
1.342082	3.2757749E-004
1.342332	3.3059157E-004
1.342582	3.3334861E-004
1.342832	3.3578163E-004
1.343082	3.3687818E-004
1.343332	3.3884312E-004
1.343582	3.4049284E-004
1.343832	3.4119163E-004
1.344082	3.4236192E-004
1.344332	3.4322980E-004
1.344582	3.4373120E-004
1.344832	3.4384240E-004
1.345082	3.4388024E-004
1.345332	3.4361109E-004
1.345582	3.4331682E-004
1.345832	3.4256605E-004
1.346082	3.4146800E-004
1.346332	3.4005492E-004
1.346582	3.3922191E-004
1.346832	3.3733743E-004
1.347082	3.3515989E-004
1.347332	3.3391922E-004
1.347582	3.3127403E-004
1.347832	3.2832864E-004
1.348082	3.2511586E-004
1.348332	3.2336914E-004
1.348582	3.1973576E-004
1.348832	3.1581637E-004
1.349082	3.1163217E-004
1.349331	3.0944066E-004
1.349581	3.0488323E-004
1.349831	3.0009093E-004
1.350081	2.9760136E-004
1.350331	2.9247513E-004
1.350581	2.8713624E-004
1.350831	2.8161399E-004
1.351081	2.7874965E-004
1.351331	2.7295126E-004
1.351581	2.6697174E-004
1.351831	2.6390218E-004
1.352081	2.5769355E-004
1.352331	2.5134857E-004
1.352581	2.4488178E-004
1.352831	2.4160030E-004
1.353081	2.3497973E-004
1.353331	2.2826751E-004
1.353581	2.2148924E-004
1.353831	2.1805802E-004
1.354081	2.1119665E-004
1.354331	2.0429182E-004
1.354581	1.9736329E-004
1.354831	1.9387888E-004
1.355081	1.8694883E-004
1.355331	1.8002499E-004
1.355581	1.7656425E-004
1.355831	1.6968918E-004
1.356081	1.6286250E-004
1.356331	1.5610023E-004
1.35658	1.5273709E-004
1.35683	1.4609518E-004
1.35708	1.3955103E-004
1.35733	1.3311271E-004
1.35758	1.2993334E-004
1.35783	1.2368942E-004
1.35808	1.1758858E-004
1.35833	1.1164218E-004
1.35858	1.0872345E-004
1.35883	1.0303234E-004
1.35908	9.7525444E-005
1.35933	9.4841896E-005
1.35958	8.9633555E-005
1.35983	8.4639549E-005
1.36008	7.9864549E-005
1.36033	7.7555225E-005
1.36058	7.3131756E-005
1.36083	6.8952228E-005
1.36108	6.5024586E-005
1.36133	6.3148022E-005
1.36158	5.9612008E-005
1.36183	5.6347002E-005
1.36208	5.3349821E-005
1.36233	5.1959130E-005
1.36258	4.9393224E-005
1.36283	4.7117290E-005
1.36308	4.5132907E-005
1.36333	4.4244021E-005
1.36358	4.2706451E-005
1.36383	4.1467865E-005
1.36408	4.0531257E-005
1.36433	4.0168929E-005
1.36458	3.9687944E-005
1.36483	3.9511855E-005
1.365079	3.9536164E-005
1.365329	3.9806819E-005
1.365579	4.0379051E-005
1.365829	4.1258358E-005
1.366079	4.1801442E-005
1.366329	4.3125336E-005
1.366579	4.4740973E-005
1.366829	4.6644600E-005
1.367079	4.7696052E-005
1.367329	5.0023391E-005
1.367579	5.2626077E-005
1.367829	5.5497203E-005
1.368079	5.7029851E-005
1.368329	6.0286864E-005
1.368579	6.3800493E-005
1.368829	6.7557805E-005
1.369079	6.9518275E-005
1.369329	7.3624811E-005
1.369579	7.7952915E-005
1.369829	8.2492988E-005
1.370079	8.4836021E-005
1.370329	8.9672518E-005
1.370579	9.4697876E-005
1.370829	9.9898345E-005
1.371079	1.0255364E-004
1.371329	1.0799688E-004
1.371579	1.1358573E-004
1.371829	1.1930958E-004
1.372079	1.2221145E-004
1.372329	1.2811263E-004
1.372579	1.3411831E-004
1.372828	1.4021431E-004
1.373078	1.4328359E-004
1.373328	1.4949158E-004
1.373578	1.5575964E-004
1.373828	1.6207097E-004
1.374078	1.6523236E-004
1.374328	1.7158508E-004
1.374578	1.7794801E-004
1.374828	1.8431259E-004
1.375078	1.8748302E-004
1.375328	1.9380635E-004
1.375578	2.0010768E-004
1.375828	2.0636729E-004
1.376078	2.0945385E-004
1.376328	2.1561823E-004
1.376578	2.2169320E-004
1.376828	2.2767283E-004
1.377078	2.3355146E-004
1.377328	2.3643981E-004
1.377578	2.4213555E-004
1.377828	2.4768393E-004
1.378078	2.5311264E-004
1.378328	2.5574074E-004
1.378578	2.6092661E-004
1.378828	2.6592982E-004
1.379078	2.7074557E-004
1.379328	2.7306253E-004
1.379578	2.7758721E-004
1.379828	2.8190270E-004
1.380078	2.8600520E-004
1.380328	2.8796666E-004
1.380578	2.9170935E-004
1.380828	2.9524910E-004
1.381077	2.9853595E-004
1.381327	3.0007825E-004
1.381577	3.0298543E-004
1.381827	3.0563521E-004
1.382077	3.0802083E-004
1.382327	3.1013877E-004
1.382577	3.1108875E-004
1.382827	3.1279810E-004
1.383077	3.1422533E-004
1.383327	3.1537906E-004
1.383577	3.1584417E-004
1.383827	3.1657031E-004
1.384077	3.1701577E-004
1.384327	3.1717593E-004
1.384577	3.1714281E-004
1.384827	3.1687232E-004
1.385077	3.1632261E-004
1.385327	3.1550485E-004
1.385577	3.1436916E-004
1.385827	3.1370047E-004
1.386077	3.1216789E-004
1.386327	3.1036107E-004
1.386577	3.0828951E-004
1.386827	3.0714285E-004
1.387077	3.0467327E-004
1.387327	3.0194415E-004
1.387577	2.9897748E-004
1.387827	2.9737476E-004
1.388077	2.9404220E-004
1.388327	2.9044473E-004
1.388577	2.8661458E-004
1.388826	2.8258425E-004
1.389076	2.8047987E-004
1.389326	2.7613508E-004
1.389576	2.7158656E-004
1.389826	2.6686562E-004
1.390076	2.6440754E-004
1.390326	2.5941693E-004
1.390576	2.5424876E-004
1.390826	2.4892719E-004
1.391076	2.4344346E-004
1.391326	2.4065388E-004
1.391576	2.3499216E-004
1.391826	2.2921608E-004
1.392076	2.2334189E-004
1.392326	2.2034618E-004
1.392576	2.1433891E-004
1.392826	2.0823888E-004
1.393076	2.0208742E-004
1.393326	1.9588032E-004
1.393576	1.9275445E-004
1.393826	1.8649051E-004
1.394076	1.8021629E-004
1.394326	1.7393536E-004
1.394576	1.7078387E-004
1.394826	1.6451649E-004
1.395076	1.5827054E-004
1.395326	1.5205920E-004
1.395576	1.4589883E-004
1.395826	1.4283178E-004
1.396076	1.3676574E-004
1.396326	1.3077959E-004
1.396576	1.2488145E-004
1.396826	1.1908761E-004
1.397075	1.1622415E-004
1.397325	1.1060201E-004
1.397575	1.0511232E-004
1.397825	9.9760298E-005
1.398075	9.7131677E-005
1.398325	9.2012473E-005
1.398575	8.7057415E-005
1.398825	8.2276172E-005
1.399075	7.7684796E-005
1.399325	7.5450713E-005
1.399575	7.1148985E-005
1.399825	6.7053901E-005
1.400075	6.3172127E-005
1.400325	6.1306324E-005
1.400575	5.7759084E-005
1.400825	5.4441436E-005
1.401075	5.1361749E-005
1.401325	4.9207498E-005
1.401575	4.7843634E-005
1.401825	4.5325429E-005
1.402075	4.3055115E-005
1.402325	4.1043539E-005
1.402575	3.9293423E-005
1.402825	3.8510356E-005
1.403075	3.7159058E-005
1.403325	3.6077286E-005
1.403575	3.5266079E-005
1.403825	3.4726378E-005
1.404075	3.4545130E-005
1.404325	3.4414359E-005
1.404575	3.4564520E-005
1.404824	3.4979144E-005
1.405074	3.5664332E-005
1.405324	3.6101406E-005
1.405574	3.7190355E-005
1.405824	3.8544436E-005
1.406074	4.0161587E-005
1.406324	4.2037929E-005
1.406574	4.3066331E-005
1.406824	4.5323326E-005
1.407074	4.7829493E-005
1.407324	5.0585335E-005
1.407574	5.3566568E-005
1.407824	5.5145549E-005
1.408074	5.8476271E-005
1.408324	6.2028099E-005
1.408574	6.5794586E-005
1.408824	6.9764581E-005
1.409074	7.1822862E-005
1.409324	7.6091121E-005
1.409574	8.0541919E-005
1.409824	8.5175394E-005
1.410074	8.9971465E-005
1.410324	9.2424831E-005
1.410574	9.7454358E-005
1.410824	1.0262677E-004
1.411074	1.0793335E-004
1.411324	1.1336320E-004
1.411574	1.1611202E-004
1.411824	1.2170187E-004
1.412074	1.2739455E-004
1.412324	1.3316302E-004
1.412574	1.3900526E-004
1.412823	1.4194200E-004
1.413073	1.4787199E-004
1.413323	1.5385097E-004
1.413573	1.5985660E-004
1.413823	1.6588270E-004
1.414073	1.6888970E-004
1.414323	1.7492846E-004
1.414573	1.8095302E-004
1.414823	1.8695679E-004
1.415073	1.9292481E-004
1.415323	1.9588273E-004
1.415573	2.0178116E-004
1.415823	2.0761970E-004
1.416073	2.1338381E-004
1.416323	2.1906407E-004
1.416573	2.2186706E-004
1.416823	2.2740102E-004
1.417073	2.3282561E-004
1.417323	2.3812844E-004
1.417573	2.4329797E-004
1.417823	2.4832578E-004
1.418073	2.5078017E-004
1.418323	2.5556324E-004
1.418573	2.6019465E-004
1.418823	2.6465559E-004
1.419073	2.6893031E-004
1.419323	2.7099339E-004
1.419573	2.7498067E-004
1.419823	2.7876379E-004
1.420073	2.8233998E-004
1.420323	2.8569647E-004
1.420573	2.8729084E-004
1.420823	2.9031408E-004
1.421072	2.9310421E-004
1.421322	2.9563851E-004
1.421572	2.9794947E-004
1.421822	3.0001980E-004
1.422072	3.0095410E-004
1.422322	3.0264631E-004
1.422572	3.0408282E-004
1.422822	3.0526737E-004
1.423072	3.0620358E-004
1.423322	3.0654189E-004
1.423572	3.0706913E-004
1.423822	3.0733692E-004
1.424072	3.0731983E-004
1.424322	3.0707647E-004
1.424572	3.0655492E-004
1.424822	3.0617465E-004
1.425072	3.0525951E-004
1.425322	3.0410753E-004
1.425572	3.0267908E-004
1.425822	3.0100023E-004
1.426072	3.0004018E-004
1.426322	2.9798711E-004
1.426572	2.9568345E-004
1.426822	2.9314568E-004
1.427072	2.9037267E-004
1.427322	2.8736980E-004
1.427572	2.8577851E-004
1.427822	2.8243955E-004
1.428072	2.7888885E-004
1.428322	2.7513213E-004
1.428572	2.7117287E-004
1.428821	2.6911424E-004
1.429071	2.6486872E-004
1.429321	2.6044357E-004
1.429571	2.5583152E-004
1.429821	2.5106806E-004
1.430071	2.4615330E-004
1.430321	2.4363755E-004
1.430571	2.3850685E-004
1.430821	2.3324917E-004
1.431071	2.2786876E-004
1.431321	2.2238017E-004
1.431571	2.1678917E-004
1.431821	2.1395223E-004
1.432071	2.0823609E-004
1.432321	2.0243159E-004
1.432571	1.9657791E-004
1.432821	1.9066692E-004
1.433071	1.8472901E-004
1.433321	1.8173305E-004
1.433571	1.7574945E-004
1.433821	1.6975176E-004
1.434071	1.6375832E-004
1.434321	1.5777534E-004
1.434571	1.5181083E-004
1.434821	1.4883507E-004
1.435071	1.4292847E-004
1.435321	1.3706781E-004
1.435571	1.3127235E-004
1.435821	1.2554713E-004
1.436071	1.1990777E-004
1.436321	1.1711395E-004
1.436571	1.1161705E-004
1.436821	1.0622787E-004
1.43707	1.0095858E-004
1.43732	9.5819232E-005
1.43757	9.0817259E-005
1.43782	8.8364235E-005
1.43807	8.3590508E-005
1.43832	7.8975303E-005
1.43857	7.4532618E-005
1.43882	7.0267561E-005
1.43907	6.6189656E-005
1.43932	6.4220418E-005
1.43957	6.0436181E-005
1.43982	5.6857760E-005
1.44007	5.3491207E-005
1.44032	5.0342540E-005
1.44057	4.7416765E-005
1.44082	4.6033296E-005
1.44107	4.3460645E-005
1.44132	4.1119045E-005
1.44157	3.9018789E-005
1.44182	3.7156035E-005
1.44207	3.5550052E-005
1.44232	3.4195898E-005
1.44257	3.3613276E-005
1.44282	3.2641161E-005
1.44307	3.1926767E-005
1.44332	3.1470689E-005
1.44357	3.1274303E-005
1.44382	3.1338393E-005
1.44407	3.1468237E-005
1.44432	3.1922133E-005
1.444569	3.2634889E-005
1.444819	3.3605778E-005
1.445069	3.4832858E-005
1.445319	3.6313391E-005
1.445569	3.7148027E-005
1.445819	3.8998543E-005
1.446069	4.1100542E-005
1.446319	4.3447013E-005
1.446569	4.6031320E-005
1.446819	4.8854450E-005
1.447069	5.1900479E-005
1.447319	5.3501808E-005
1.447569	5.6879919E-005
1.447819	6.0473347E-005
1.448069	6.4275206E-005
1.448319	6.8273577E-005
1.448569	7.2467563E-005
1.448819	7.6847085E-005
1.449069	7.9099969E-005
1.449319	8.3743347E-005
1.449569	8.8551249E-005
1.449819	9.3516064E-005
1.450069	9.8629142E-005
1.450319	1.0387587E-004
1.450569	1.0654728E-004
1.450819	1.1198594E-004
1.451069	1.1753797E-004
1.451319	1.2319438E-004
1.451569	1.2894602E-004
1.451819	1.3477910E-004
1.452069	1.4068362E-004
1.452319	1.4365593E-004
1.452569	1.4965086E-004
1.452819	1.5568682E-004
1.453068	1.6176247E-004
1.453318	1.6785819E-004
1.453568	1.7396733E-004
1.453818	1.8008161E-004
1.454068	1.8312762E-004
1.454318	1.8922177E-004
1.454568	1.9527753E-004
1.454818	2.0131811E-004
1.455068	2.0729989E-004
1.455318	2.1322125E-004
1.455568	2.1906348E-004
1.455818	2.2194398E-004
1.456068	2.2767311E-004
1.456318	2.3330306E-004
1.456568	2.3883011E-004
1.456818	2.4423964E-004
1.457068	2.4952489E-004
1.457318	2.5467083E-004
1.457568	2.5718991E-004
1.457818	2.6211891E-004
1.458068	2.6688658E-004
1.458318	2.7148871E-004
1.458568	2.7590059E-004
1.458818	2.8014602E-004
1.459068	2.8421756E-004
1.459318	2.8807175E-004
1.459568	2.8990326E-004
1.459818	2.9344909E-004
1.460068	2.9678119E-004
1.460318	2.9989352E-004
1.460567	3.0277760E-004
1.460817	3.0543041E-004
1.461067	3.0784492E-004
1.461317	3.0896132E-004
1.461567	3.1099268E-004
1.461817	3.1280064E-004
1.462067	3.1435740E-004
1.462317	3.1566204E-004
1.462567	3.1671196E-004
1.462817	3.1750830E-004
1.463067	3.1802189E-004
1.463317	3.1818703E-004
1.463567	3.1833476E-004
1.463817	3.1822175E-004
1.464067	3.1784800E-004
1.464317	3.1721414E-004
1.464567	3.1630424E-004
1.464817	3.1515764E-004
1.465067	3.1448470E-004
1.465317	3.1294025E-004
1.465567	3.1116125E-004
1.465817	3.0913943E-004
1.466067	3.0686974E-004
1.466317	3.0436376E-004
1.466567	3.0162151E-004
1.466817	2.9865146E-004
1.467067	2.9707226E-004
1.467317	2.9376522E-004
1.467567	2.9022194E-004
1.467817	2.8649156E-004
1.468067	2.8255460E-004
1.468317	2.7842468E-004
1.468567	2.7410418E-004
1.468817	2.6960263E-004
1.469067	2.6493185E-004
1.469316	2.6251248E-004
1.469566	2.5759664E-004
1.469816	2.5253047E-004
1.470066	2.4732351E-004
1.470316	2.4198063E-004
1.470566	2.3651170E-004
1.470816	2.3091973E-004
1.471066	2.2808557E-004
1.471316	2.2235473E-004
1.471566	2.1653867E-004
1.471816	2.1064504E-004
1.472066	2.0468213E-004
1.472316	1.9866423E-004
1.472566	1.9259905E-004
1.472816	1.8650547E-004
1.473066	1.8038422E-004
1.473316	1.7730739E-004
1.473566	1.7117150E-004
1.473816	1.6503606E-004
1.474066	1.5892266E-004
1.474316	1.5283527E-004
1.474566	1.4678384E-004
1.474816	1.4078517E-004
1.475066	1.3484308E-004
1.475316	1.2897335E-004
1.475566	1.2605681E-004
1.475816	1.2031132E-004
1.476066	1.1466207E-004
1.476315	1.0911990E-004
1.476565	1.0369455E-004
1.476815	9.8396478E-005
1.477065	9.3235722E-005
1.477315	8.8222419E-005
1.477565	8.5771244E-005
1.477815	8.0992526E-005
1.478065	7.6384757E-005
1.478315	7.1954448E-005
1.478565	6.7709560E-005
1.478815	6.3659209E-005
1.479065	5.9809132E-005
1.479315	5.6168341E-005
1.479565	5.2743959E-005
1.479815	5.1112034E-005
1.480065	4.8024056E-005
1.480315	4.5164910E-005
1.480565	4.2543321E-005
1.480815	4.0164170E-005
1.481065	3.8030321E-005
1.481315	3.6149111E-005
1.481565	3.4521479E-005
1.481815	3.3152897E-005
1.482065	3.2045347E-005
1.482315	3.1591033E-005
1.482565	3.0880241E-005
1.482815	3.0443451E-005
1.483065	3.0267716E-005
1.483315	3.0361482E-005
1.483565	3.0724113E-005
1.483815	3.1357020E-005
1.484065	3.2258264E-005
1.484315	3.3428776E-005
1.484565	3.4106903E-005
1.484815	3.5677142E-005
1.485065	3.7510326E-005
1.485314	3.9605606E-005
1.485564	4.1958065E-005
1.485814	4.4572789E-005
1.486064	4.7431629E-005
1.486314	5.0542360E-005
1.486564	5.3890053E-005
1.486814	5.7474856E-005
1.487064	5.9351063E-005
1.487314	6.3278763E-005
1.487564	6.7429988E-005
1.487814	7.1793009E-005
1.488064	7.6367869E-005
1.488314	8.1143873E-005
1.488564	8.6112894E-005
1.488814	9.1265014E-005
1.489064	9.6596254E-005
1.489314	1.0209601E-004
1.489564	1.0490023E-004
1.489814	1.1063377E-004
1.490064	1.1651386E-004
1.490314	1.2253036E-004
1.490564	1.2867330E-004
1.490814	1.3492948E-004
1.491064	1.4129485E-004
1.491314	1.4775050E-004
1.491564	1.5429234E-004
1.491814	1.6090287E-004
1.492064	1.6422443E-004
1.492314	1.7093457E-004
1.492563	1.7768776E-004
1.492813	1.8446430E-004
1.493063	1.9127100E-004
1.493313	1.9809186E-004
1.493563	2.0491346E-004
1.493813	2.1172188E-004
1.494063	2.1850815E-004
1.494313	2.2526129E-004
1.494563	2.3196606E-004
1.494813	2.3529673E-004
1.495063	2.4191786E-004
1.495313	2.4844674E-004
1.495563	2.5491102E-004
1.495813	2.6127291E-004
1.496063	2.6753539E-004
1.496313	2.7367851E-004
1.496563	2.7969401E-004
1.496813	2.8555852E-004
1.497063	2.9129046E-004
1.497313	2.9686579E-004
1.497563	2.9957102E-004
1.497813	3.0489458E-004
1.498063	3.1003443E-004
1.498313	3.1498933E-004
1.498563	3.1972310E-004
1.498813	3.2427144E-004
1.499063	3.2863228E-004
1.499313	3.3272791E-004
1.499563	3.3661316E-004
1.499813	3.4026767E-004
1.500063	3.4368178E-004
1.500313	3.4684656E-004
1.500563	3.4833213E-004
1.500813	3.5109898E-004
1.501063	3.5362490E-004
1.501312	3.5588487E-004
1.501562	3.5785206E-004
1.501812	3.5957459E-004
1.502062	3.6102178E-004
1.502312	3.6218981E-004
1.502562	3.6307957E-004
1.502812	3.6366284E-004
1.503062	3.6401168E-004
1.503312	3.6405059E-004
1.503562	3.6393967E-004
1.503812	3.6355632E-004
1.504062	3.6288798E-004
1.504312	3.6193649E-004
1.504562	3.6070377E-004
1.504812	3.5917197E-004
1.505062	3.5738587E-004
1.505312	3.5532162E-004
1.505562	3.5297111E-004
1.505812	3.5037316E-004
1.506062	3.4751388E-004
1.506312	3.4439325E-004
1.506562	3.4101700E-004
1.506812	3.3923757E-004
1.507062	3.3547767E-004
1.507312	3.3151728E-004
1.507562	3.2730197E-004
1.507812	3.2284373E-004
1.508062	3.1818909E-004
1.508312	3.1333251E-004
1.508561	3.0826835E-004
1.508811	3.0301011E-004
1.509061	2.9755634E-004
1.509311	2.9193956E-004
1.509561	2.8615847E-004
1.509811	2.8022236E-004
1.510061	2.7414312E-004
1.510311	2.7103489E-004
1.510561	2.6475333E-004
1.510811	2.5835383E-004
1.511061	2.5183058E-004
1.511311	2.4522809E-004
1.511561	2.3854159E-004
1.511811	2.3176840E-004
1.512061	2.2494160E-004
1.512311	2.1806537E-004
1.512561	2.1114959E-004
1.512811	2.0420521E-004
1.513061	1.9724877E-004
1.513311	1.9028955E-004
1.513561	1.8334565E-004
1.513811	1.7641176E-004
1.514061	1.7295362E-004
1.514311	1.6607622E-004
1.514561	1.5925638E-004
1.514811	1.5250256E-004
1.515061	1.4582321E-004
1.515311	1.3923328E-004
1.515561	1.3274849E-004
1.515811	1.2636886E-004
1.516061	1.2011554E-004
1.516311	1.1399610E-004
1.516561	1.0802237E-004
1.516811	1.0220675E-004
1.517061	9.6559590E-005
1.51731	9.1097179E-005
1.51756	8.5821121E-005
1.51781	8.3245679E-005
1.51806	7.8274359E-005
1.51831	7.3510259E-005
1.51856	6.8967602E-005
1.51881	6.4656233E-005
1.51906	6.0587299E-005
1.51931	5.6763995E-005
1.51956	5.3196207E-005
1.51981	4.9891907E-005
1.52006	4.6866029E-005
1.52031	4.4107957E-005
1.52056	4.1633048E-005
1.52081	3.9456016E-005
1.52106	3.7563055E-005
1.52131	3.5969897E-005
1.52156	3.4679069E-005
1.52181	3.3686392E-005
1.52206	3.3311717E-005
1.52231	3.2793756E-005
1.52256	3.2590022E-005
1.52281	3.2702377E-005
1.52306	3.3132743E-005
1.52331	3.3882301E-005
1.52356	3.4959361E-005
1.52381	3.6347039E-005
1.52406	3.8063408E-005
1.52431	4.0089264E-005
1.524559	4.2430962E-005
1.524809	4.5087138E-005
1.525059	4.8058020E-005
1.525309	5.1334922E-005
1.525559	5.4926586E-005
1.525809	5.8810892E-005
1.526059	6.2993597E-005
1.526309	6.7467445E-005
1.526559	7.2226991E-005
1.526809	7.4710675E-005
1.527059	7.9891885E-005
1.527309	8.5345229E-005
1.527559	9.1059701E-005
1.527809	9.7026466E-005
1.528059	1.0324276E-004
1.528309	1.0970234E-004
1.528559	1.1638652E-004
1.528809	1.2329769E-004
1.529059	1.3041432E-004
1.529309	1.3773773E-004
1.529559	1.4525064E-004
1.529809	1.5294352E-004
1.530059	1.6080614E-004
1.530309	1.6882547E-004
1.530559	1.7699160E-004
1.530809	1.8528763E-004
1.531059	1.9371370E-004
1.531309	2.0224943E-004
1.531559	2.1088150E-004
1.531809	2.1959867E-004
1.532059	2.2397106E-004
1.532309	2.3279004E-004
1.532559	2.4166294E-004
1.532809	2.5056009E-004
1.533058	2.5949496E-004
1.533308	2.6844005E-004
1.533558	2.7738957E-004
1.533808	2.8631953E-004
1.534058	2.9520344E-004
1.534308	3.0406032E-004
1.534558	3.1286670E-004
1.534808	3.2158161E-004
1.535058	3.3022740E-004
1.535308	3.3877682E-004
1.535558	3.4721746E-004
1.535808	3.5553522E-004
1.536058	3.6371514E-004
1.536308	3.7174780E-004
1.536558	3.7961698E-004
1.536808	3.8728854E-004
1.537058	3.9479652E-004
1.537308	4.0207666E-004
1.537558	4.0917812E-004
1.537808	4.1605445E-004
1.538058	4.2268450E-004
1.538308	4.2908182E-004
1.538558	4.3522828E-004
1.538808	4.3817644E-004
1.539058	4.4391988E-004
1.539308	4.4938872E-004
1.539558	4.5456726E-004
1.539808	4.5942294E-004
1.540058	4.6400010E-004
1.540308	4.6826302E-004
1.540558	4.7221204E-004
1.540807	4.7579882E-004
1.541057	4.7908493E-004
1.541307	4.8203170E-004
1.541557	4.8463559E-004
1.541807	4.8686154E-004
1.542057	4.8876443E-004
1.542307	4.9031124E-004
1.542557	4.9149687E-004
1.542807	4.9232290E-004
1.543057	4.9278006E-004
1.543307	4.9287314E-004
1.543557	4.9260090E-004
1.543807	4.9193623E-004
1.544057	4.9089314E-004
1.544307	4.8952206E-004
1.544557	4.8778288E-004
1.544807	4.8568501E-004
1.545057	4.8322562E-004
1.545307	4.8038195E-004
1.545557	4.7721513E-004
1.545807	4.7367052E-004
1.546057	4.6981560E-004
1.546307	4.6562235E-004
1.546557	4.6108899E-004
1.546807	4.5623360E-004
1.547057	4.5366143E-004
1.547307	4.4830432E-004
1.547557	4.4266827E-004
1.547807	4.3673717E-004
1.548057	4.3051748E-004
1.548307	4.2399834E-004
1.548557	4.1723193E-004
1.548807	4.1020260E-004
1.549056	4.0291424E-004
1.549306	3.9540272E-004
1.549556	3.8767018E-004
1.549806	3.7972318E-004
1.550056	3.7157486E-004
1.550306	3.6324901E-004
1.550556	3.5474182E-004
1.550806	3.4606169E-004
1.551056	3.3724462E-004
1.551306	3.2830919E-004
1.551556	3.1925840E-004
1.551806	3.1010306E-004
1.552056	3.0087034E-004
1.552306	2.9156325E-004
1.552556	2.8220355E-004
1.552806	2.7280988E-004
1.553056	2.6338236E-004
1.553306	2.5395621E-004
1.553556	2.4454511E-004
1.553806	2.3515527E-004
1.554056	2.2580834E-004
1.554306	2.1652563E-004
1.554556	2.0731788E-004
1.554806	1.9820734E-004
1.555056	1.8920968E-004
1.555306	1.8033519E-004
1.555556	1.7160892E-004
1.555806	1.6303624E-004
1.556056	1.5464227E-004
1.556306	1.4643962E-004
1.556556	1.3844371E-004
1.556805	1.3066965E-004
1.557055	1.2314215E-004
1.557305	1.1586204E-004
1.557555	1.0885342E-004
1.557805	1.0212797E-004
1.558055	9.5697513E-005
1.558305	8.9577115E-005
1.558555	8.3781211E-005
1.558805	7.8324949E-005
1.559055	7.3230236E-005
1.559305	6.8490015E-005
1.559555	6.4121996E-005
1.559805	6.0142636E-005
1.560055	5.6560093E-005
1.560305	5.3385647E-005
1.560555	5.0629147E-005
1.560805	4.8311802E-005
1.561055	4.6432273E-005
1.561305	4.4984121E-005
1.561555	4.3987169E-005
1.561805	4.3449476E-005
1.562055	4.3376738E-005
1.562305	4.3787317E-005
1.562555	4.4661956E-005
1.562805	4.6016405E-005
1.563055	4.7868089E-005
1.563305	5.0193845E-005
1.563555	5.3008818E-005
1.563805	5.6315410E-005
1.564055	6.0115417E-005
1.564305	6.4418688E-005
1.564555	6.9200054E-005
1.564804	7.4476360E-005
1.565054	8.0247410E-005
1.565304	8.6494627E-005
1.565554	9.3228635E-005
1.565804	1.0043853E-004
1.566054	1.0812387E-004
1.566304	1.1628230E-004
1.566554	1.2490193E-004
1.566804	1.3397043E-004
1.567054	1.4349184E-004
1.567304	1.5345027E-004
1.567554	1.6383704E-004
1.567804	1.7464276E-004
1.568054	1.8585884E-004
1.568304	1.9747655E-004
1.568554	2.0947949E-004
1.568804	2.2185629E-004
1.569054	2.3459399E-004
1.569304	2.4767770E-004
1.569554	2.6109439E-004
1.569804	2.7483623E-004
1.570054	2.8887906E-004
1.570304	3.0320574E-004
1.570554	3.1780219E-004
1.570804	3.3265250E-004
1.571054	3.4773341E-004
1.571304	3.6304537E-004
1.571554	3.7853519E-004
1.571804	3.9422303E-004
1.572054	4.1007422E-004
1.572304	4.2606413E-004
1.572554	4.4217738E-004
1.572803	4.5839974E-004
1.573053	4.7467876E-004
1.573303	4.9103063E-004
1.573553	5.0742779E-004
1.573803	5.2385021E-004
1.574053	5.4026092E-004
1.574303	5.5663224E-004
1.574553	5.7297910E-004
1.574803	5.8920402E-004
1.575053	6.0535426E-004
1.575303	6.2142569E-004
1.575553	6.3736603E-004
1.575803	6.5314048E-004
1.576053	6.6874130E-004
1.576303	6.8413973E-004
1.576553	6.9932040E-004
1.576803	7.1425701E-004
1.577053	7.2888186E-004
1.577303	7.4326689E-004
1.577553	7.5733365E-004
1.577803	7.7107357E-004
1.578053	7.8447151E-004
1.578303	7.9745735E-004
1.578553	8.1004266E-004
1.578803	8.2228112E-004
1.579053	8.3403540E-004
1.579303	8.4540376E-004
1.579553	8.5630006E-004
1.579803	8.6672639E-004
1.580053	8.7665394E-004
1.580303	8.8602328E-004
1.580553	8.9489733E-004
1.580802	9.0322731E-004
1.581052	9.1103197E-004
1.581302	9.1824553E-004
1.581552	9.2487811E-004
1.581802	9.3091361E-004
1.582052	9.3626272E-004
1.582302	9.4106339E-004
1.582552	9.4523968E-004
1.582802	9.4878016E-004
1.583052	9.5160928E-004
1.583302	9.5384655E-004
1.583552	9.5541967E-004
1.583802	9.5632911E-004
1.584052	9.5656549E-004
1.584302	9.5607591E-004
1.584552	9.5415278E-004
1.584802	9.5203152E-004
1.585052	9.4922358E-004
1.585302	9.4566017E-004
1.585552	9.4144762E-004
1.585802	9.3661173E-004
1.586052	9.3110482E-004
1.586302	9.2488964E-004
1.586552	9.1805495E-004
1.586802	9.1057550E-004
1.587052	9.0244663E-004
1.587302	8.9368841E-004
1.587552	8.8424393E-004
1.587802	8.7424793E-004
1.588052	8.6363713E-004
1.588302	8.5244759E-004
1.588552	8.4067835E-004
1.588802	8.2835462E-004
1.589051	8.1543071E-004
1.589301	8.0203119E-004
1.589551	7.8809599E-004
1.589801	7.7370834E-004
1.590051	7.5885543E-004
1.590301	7.4351311E-004
1.590551	7.2780030E-004
1.590801	7.1167329E-004
1.591051	6.9518277E-004
1.591301	6.7834224E-004
1.591551	6.6115096E-004
1.591801	6.4368802E-004
1.592051	6.2595436E-004
1.592301	6.1247445E-004
1.592551	5.9434801E-004
1.592801	5.7601661E-004
1.593051	5.4828066E-004
1.593301	5.2964332E-004
1.593551	5.1093061E-004
1.593801	4.9217686E-004
1.594051	4.7343475E-004
1.594301	4.5471694E-004
1.594551	4.3605731E-004
1.594801	4.1751127E-004
1.595051	3.9910211E-004
1.595301	3.8086987E-004
1.595551	3.6286539E-004
1.595801	3.4510551E-004
1.596051	3.2763692E-004
1.596301	3.1050862E-004
1.59655	2.9374193E-004
1.5968	2.7739053E-004
1.59705	2.6151136E-004
1.5973	2.4610406E-004
1.59755	2.3124086E-004
1.5978	2.1694349E-004
1.59805	2.0328425E-004
1.5983	1.9026212E-004
1.59855	1.7793929E-004
1.5988	1.6634633E-004
1.59905	1.5556502E-004
1.5993	1.4558480E-004
1.59955	1.3225248E-004
1.5998	1.2449533E-004
1.60005	1.1773064E-004
1.6003	1.1197422E-004
1.60055	1.0722611E-004
1.6008	1.0356024E-004
1.60105	1.0101400E-004
1.6013	9.9661935E-005
1.60155	9.9474084E-005
1.6018	1.0051844E-004
1.60205	1.0283651E-004
1.6023	1.0649628E-004
1.60255	1.1146718E-004
1.6028	1.1781394E-004
1.60305	1.2557546E-004
1.6033	1.3481155E-004
1.60355	1.4549636E-004
1.6038	1.5772640E-004
1.60405	1.7146285E-004
1.6043	1.8679946E-004
1.60455	2.0370836E-004
1.6048	2.2224855E-004
1.605049	2.5318316E-004
1.605299	2.7591593E-004
1.605549	3.0035863E-004
1.605799	3.2655464E-004
1.606049	3.5450218E-004
1.606299	3.8422731E-004
1.606549	4.1576105E-004
1.606799	4.4913322E-004
1.607049	4.8432252E-004
1.607299	5.2136893E-004
1.607549	5.6027999E-004
1.607799	6.0107070E-004
1.608049	6.4373866E-004
1.608299	6.8831915E-004
1.608549	7.3482288E-004
1.608799	7.8321382E-004
1.609049	8.3357433E-004
1.609299	8.8584266E-004
1.609549	9.6784555E-004
1.609799	1.0249381E-003
1.610049	1.0839385E-003
1.610299	1.1448739E-003
1.610549	1.2077348E-003
1.610799	1.2725488E-003
1.611049	1.3391908E-003
1.611299	1.4077208E-003
1.611549	1.4781926E-003
1.611799	1.5505598E-003
1.612049	1.6247066E-003
1.612299	1.7007833E-003
1.612548	1.7786782E-003
1.612798	1.8584136E-003
1.613048	1.9398601E-003
1.613298	2.0231458E-003
1.613548	2.1081206E-003
1.613798	2.2389397E-003
1.614048	2.3282566E-003
1.614298	2.4192091E-003
1.614548	2.5116785E-003
1.614798	2.6056906E-003
1.615048	2.7014392E-003
1.615298	2.7987137E-003
1.615548	2.8973441E-003
1.615798	2.9975714E-003
1.616048	3.0991989E-003
1.616298	3.2022360E-003
1.616548	3.3064098E-003
1.616798	3.4121301E-003
1.617048	3.5190803E-003
1.617298	3.6272302E-003
1.617548	3.7362725E-003
1.617798	3.9023065E-003
1.618048	4.0143081E-003
1.618298	4.1270177E-003
1.618548	4.2409208E-003
1.618798	4.3555344E-003
1.619048	4.4712285E-003
1.619298	4.5877271E-003
1.619548	4.7049872E-003
1.619798	4.8225001E-003
1.620048	4.9410644E-003
1.620298	5.0602062E-003
1.620548	5.1798020E-003
1.620798	5.2994946E-003
1.621047	5.4199719E-003
1.621297	5.6011681E-003
1.621547	5.7223756E-003
1.621797	5.8437502E-003
1.622047	5.9648147E-003
1.622297	6.0859490E-003
1.622547	6.2074852E-003
1.622797	6.3290577E-003
1.623047	6.4503746E-003
1.623297	6.5711820E-003
1.623547	6.6922018E-003
1.623797	6.8129255E-003
1.624047	6.9331354E-003
1.624297	7.0524779E-003
1.624547	7.1718930E-003
1.624797	7.3498683E-003
1.625047	7.4677137E-003
1.625297	7.5842850E-003
1.625547	7.7000568E-003
1.625797	7.8156963E-003
1.626047	7.9297572E-003
1.626297	8.0433376E-003
1.626547	8.1555434E-003
1.626797	8.2672322E-003
1.627047	8.3777001E-003
1.627297	8.4870476E-003
1.627547	8.5949218E-003
1.627797	8.7011196E-003
1.628047	8.8585885E-003
1.628296	8.9617986E-003
1.628546	9.0634627E-003
1.628796	9.1630407E-003
1.629046	9.2616268E-003
1.629296	9.3586538E-003
1.629546	9.4530107E-003
1.629796	9.5464531E-003
1.630046	9.6374247E-003
1.630296	9.7273225E-003
1.630546	9.8151658E-003
1.630796	9.9004284E-003
1.631046	1.0026010E-002
1.631296	1.0106930E-002
1.631546	1.0184958E-002
1.631796	1.0261693E-002
1.632046	1.0336096E-002
1.632296	1.0407730E-002
1.632546	1.0477671E-002
1.632796	1.0545409E-002
1.633046	1.0610039E-002
1.633296	1.0673207E-002
1.633546	1.0733047E-002
1.633796	1.0790178E-002
1.634046	1.0872732E-002
1.634296	1.0924852E-002
1.634546	1.0973648E-002
1.634796	1.1020625E-002
1.635046	1.1065254E-002
1.635296	1.1107090E-002
1.635546	1.1146355E-002
1.635796	1.1182318E-002
1.636046	1.1216375E-002
1.636296	1.1247898E-002
1.636546	1.1275781E-002
1.636796	1.1314471E-002
1.637046	1.1335633E-002
1.637295	1.1354151E-002
1.637545	1.1370829E-002
1.637795	1.1384895E-002
1.638045	1.1395480E-002
1.638295	1.1404089E-002
1.638545	1.1410014E-002
1.638795	1.1413242E-002
1.639045	1.1413849E-002
1.639295	1.1410702E-002
1.639545	1.1402254E-002
1.639795	1.1393448E-002
1.640045	1.1382009E-002
1.640295	1.1366994E-002
1.640545	1.1350156E-002
1.640795	1.1329938E-002
1.641045	1.1307808E-002
1.641295	1.1282281E-002
1.641545	1.1254311E-002
1.641795	1.1224540E-002
1.642045	1.1192249E-002
1.642295	1.1138958E-002
1.642545	1.1100401E-002
1.642795	1.1059416E-002
1.643045	1.1015270E-002
1.643295	1.0969608E-002
1.643545	1.0921530E-002
1.643795	1.0870168E-002
1.644045	1.0817521E-002
1.644295	1.0762520E-002
1.644544	1.0704550E-002
1.644794	1.0614237E-002
1.645044	1.0550698E-002
1.645294	1.0485156E-002
1.645544	1.0418203E-002
1.645794	1.0349462E-002
1.646044	1.0277927E-002
1.646294	1.0205038E-002
1.646544	1.0130308E-002
1.646794	1.0053818E-002
1.647044	9.9754250E-003
1.647294	9.8542729E-003
1.647544	9.7709140E-003
1.647794	9.6865203E-003
1.648044	9.6004009E-003
1.648294	9.5129926E-003
1.648544	9.4231497E-003
1.648794	9.3318792E-003
1.649044	9.2398766E-003
1.649294	9.1466065E-003
1.649544	9.0037500E-003
1.649794	8.9066466E-003
1.650044	8.8089658E-003
1.650294	8.7094847E-003
1.650544	8.6094607E-003
1.650794	8.5084820E-003
1.651044	8.4059089E-003
1.651294	8.3028469E-003
1.651544	8.1990659E-003
1.651794	8.0414796E-003
1.652044	7.9356311E-003
1.652294	7.8292219E-003
1.652544	7.7215228E-003
1.652794	7.6129609E-003
1.653044	7.5046872E-003
1.653293	7.3954603E-003
1.653543	7.2862874E-003
1.653793	7.1765431E-003
1.654043	7.0107765E-003
1.654293	6.9002905E-003
1.654543	6.7897863E-003
1.654793	6.6785933E-003
1.655043	6.5677445E-003
1.655293	6.4567509E-003
1.655543	6.3453610E-003
1.655793	6.2344437E-003
1.656043	6.1235768E-003
1.656293	5.9573809E-003
1.656543	5.8463579E-003
1.656793	5.7362015E-003
1.657043	5.6259646E-003
1.657293	5.5164141E-003
1.657543	5.4071140E-003
1.657793	5.2980357E-003
1.658043	5.1896987E-003
1.658293	5.0815707E-003
1.658543	4.9207713E-003
1.658793	4.8144488E-003
1.659043	4.7086962E-003
1.659293	4.6034167E-003
1.659543	4.4991174E-003
1.659793	4.3952782E-003
1.660043	4.2925403E-003
1.660293	4.1906508E-003
1.660542	4.0389244E-003
1.660792	3.9390563E-003
1.661042	3.8403030E-003
1.661292	3.7425631E-003
1.661542	3.6458895E-003
1.661792	3.5502000E-003
1.662042	3.4553220E-003
1.662292	3.3617704E-003
1.662542	3.2234080E-003
1.662792	3.1327661E-003
1.663042	3.0430895E-003
1.663292	2.9547075E-003
1.663542	2.8674924E-003
1.663792	2.7816265E-003
1.664042	2.6970147E-003
1.664292	2.6135158E-003
1.664542	2.4909158E-003
1.664792	2.4106903E-003
1.665042	2.3319975E-003
1.665292	2.2546595E-003
1.665542	2.1786503E-003
1.665792	2.1038738E-003
1.666042	2.0306699E-003
1.666292	1.9588189E-003
1.666542	1.8536202E-003
1.666792	1.7851819E-003
1.667042	1.7182530E-003
1.667292	1.6527087E-003
1.667542	1.5886088E-003
1.667792	1.5260050E-003
1.668042	1.4646986E-003
1.668292	1.4049486E-003
1.668542	1.3178291E-003
1.668792	1.2616687E-003
1.669042	1.2068570E-003
1.669291	1.1535361E-003
1.669541	1.1015675E-003
1.669791	1.0510890E-003
1.670041	1.0020119E-003
1.670291	9.3099958E-004
1.670541	8.8538777E-004
1.670791	8.4118388E-004
1.671041	7.9838542E-004
1.671291	7.5694470E-004
1.671541	7.1685220E-004
1.671791	6.7805802E-004
1.672041	6.4063974E-004
1.672291	5.8695185E-004
1.672541	5.5280968E-004
1.672791	5.1992724E-004
1.673041	4.8833236E-004
1.673291	4.5799484E-004
1.673541	4.2889517E-004
1.673791	4.0102191E-004
1.674041	3.6144393E-004
1.674291	3.3653676E-004
1.674541	3.1279857E-004
1.674791	2.9019266E-004
1.675041	2.6871619E-004
1.675291	2.4832593E-004
1.675541	2.2902421E-004
1.675791	2.0206072E-004
1.676041	1.8536320E-004
1.676291	1.6967802E-004
1.67654	1.5499316E-004
1.67679	1.4125500E-004
1.67704	1.2847736E-004
1.67729	1.1659910E-004
1.67754	1.0047211E-004
1.67779	9.0801572E-005
1.67804	8.1983053E-005
1.67829	7.3970514E-005
1.67854	6.6768385E-005
1.67879	6.0320581E-005
1.67904	5.4622356E-005
1.67929	4.7433321E-005
1.67954	4.3520748E-005
1.67979	4.0258710E-005
1.68004	3.7641588E-005
1.68029	3.5661869E-005
1.68054	3.4277124E-005
1.68079	3.3469576E-005
1.68104	3.3267315E-005
1.68129	3.3768298E-005
1.68154	3.4778142E-005
1.68179	3.6275185E-005
1.68204	3.8208567E-005
1.68229	4.0586019E-005
1.68254	4.3353761E-005
1.68279	4.8229333E-005
1.68304	5.1923485E-005
1.68329	5.5962530E-005
1.68354	6.0299761E-005
1.68379	6.4927604E-005
1.68404	6.9842557E-005
1.68429	7.4994787E-005
1.68454	8.3162267E-005
1.68479	8.8867608E-005
1.685039	9.4748524E-005
1.685289	1.0079982E-004
1.685539	1.0700300E-004
1.685789	1.1333270E-004
1.686039	1.2302905E-004
1.686289	1.2961579E-004
1.686539	1.3627327E-004
1.686789	1.4298742E-004
1.687039	1.4974385E-004
1.687289	1.5652638E-004
1.687539	1.6331841E-004
1.687789	1.7349917E-004
1.688039	1.8026399E-004
1.688289	1.8699102E-004
1.688539	1.9366358E-004
1.688789	2.0028531E-004
1.689039	2.0683226E-004
1.689289	2.1648929E-004
1.689539	2.2280417E-004
1.689789	2.2901672E-004
1.690039	2.3510626E-004
1.690289	2.4106495E-004
1.690539	2.4689350E-004
1.690789	2.5534385E-004
1.691039	2.6078164E-004
1.691289	2.6606748E-004
1.691539	2.7117960E-004
1.691789	2.7610012E-004
1.692039	2.8085310E-004
1.692289	2.8540858E-004
1.692538	2.9185999E-004
1.692788	2.9590208E-004
1.693038	2.9976340E-004
1.693288	3.0340030E-004
1.693538	3.0682879E-004
1.693788	3.1005137E-004
1.694038	3.1445434E-004
1.694288	3.1710975E-004
1.694538	3.1954917E-004
1.694788	3.2175699E-004
1.695038	3.2374685E-004
1.695288	3.2551371E-004
1.695538	3.2772752E-004
1.695788	3.2891100E-004
1.696038	3.2989023E-004
1.696288	3.3063625E-004
1.696538	3.3114903E-004
1.696788	3.3144932E-004
1.697038	3.3146044E-004
1.697288	3.3119178E-004
1.697538	3.3073651E-004
1.697788	3.3006506E-004
1.698038	3.2916918E-004
1.698288	3.2808742E-004
1.698538	3.2606188E-004
1.698788	3.2445689E-004
1.699038	3.2267458E-004
1.699288	3.2071164E-004
1.699538	3.1853627E-004
1.699788	3.1620861E-004
1.700038	3.1236565E-004
1.700288	3.0958504E-004
1.700538	3.0665839E-004
1.700788	3.0357330E-004
1.701037	3.0031666E-004
1.701287	2.9514480E-004
1.701537	2.9154521E-004
1.701787	2.8781989E-004
1.702037	2.8394166E-004
1.702287	2.7996261E-004
1.702537	2.7584788E-004
1.702787	2.6948328E-004
1.703037	2.6511788E-004
1.703287	2.6065990E-004
1.703537	2.5610108E-004
1.703787	2.5146781E-004
1.704037	2.4674620E-004
1.704287	2.3953675E-004
1.704537	2.3465980E-004
1.704787	2.2973097E-004
1.705037	2.2473847E-004
1.705287	2.1969114E-004
1.705537	2.1207321E-004
1.705787	2.0695453E-004
1.706037	2.0182059E-004
1.706287	1.9666768E-004
1.706537	1.9149767E-004
1.706787	1.8632656E-004
1.707037	1.7856360E-004
1.707287	1.7339925E-004
1.707537	1.6824296E-004
1.707787	1.6310986E-004
1.708037	1.5799289E-004
1.708287	1.5037917E-004
1.708537	1.4535178E-004
1.708786	1.4036069E-004
1.709036	1.3541206E-004
1.709286	1.3051498E-004
1.709536	1.2566840E-004
1.709786	1.1849944E-004
1.710036	1.1381161E-004
1.710286	1.0919038E-004
1.710536	1.0463530E-004
1.710786	1.0016023E-004
1.711036	9.3591007E-005
1.711286	8.9312765E-005
1.711536	8.5127154E-005
1.711786	8.1030579E-005
1.712036	7.7021694E-005
1.712286	7.3110197E-005
1.712536	6.7425499E-005
1.712786	6.3760141E-005
1.713036	6.0199302E-005
1.713286	5.6743753E-005
1.713536	5.3393298E-005
1.713786	4.8568789E-005
1.714036	4.5493165E-005
1.714286	4.2528063E-005
1.714536	3.9675939E-005
1.714786	3.6936210E-005
1.715036	3.3038887E-005
1.715286	3.0587598E-005
1.715536	2.8249849E-005
1.715786	2.6028423E-005
1.716036	2.3924820E-005
1.716286	2.0981381E-005
1.716536	1.9164436E-005
1.716786	1.7464918E-005
1.717035	1.5877407E-005
1.717285	1.4404694E-005
1.717535	1.3047136E-005
1.717785	1.1217745E-005
1.718035	1.0139921E-005
1.718285	9.1693273E-006
1.718535	8.3093801E-006
1.718785	7.5541666E-006
1.719035	6.6215857E-006
1.719285	6.1273427E-006
1.719535	5.7369439E-006
1.719785	5.4435463E-006
1.720035	5.2506166E-006
1.720285	5.1361858E-006
1.720535	5.1754573E-006
1.720785	5.3048616E-006
1.721035	5.5251558E-006
1.721285	5.8282239E-006
1.721535	6.4386863E-006
1.721785	6.9477373E-006
1.722035	7.5311741E-006
1.722285	8.1905318E-006
1.722535	8.9219275E-006
1.722785	1.0144300E-005
1.723035	1.1040503E-005
1.723285	1.1998401E-005
1.723535	1.3017850E-005
1.723785	1.4091206E-005
1.724035	1.5801414E-005
1.724285	1.7005317E-005
1.724535	1.8252909E-005
1.724784	1.9544463E-005
1.725034	2.0877311E-005
1.725284	2.2943888E-005
1.725534	2.4363118E-005
1.725784	2.5814295E-005
1.726034	2.7290787E-005
1.726284	2.8792048E-005
1.726534	3.1083244E-005
1.726784	3.2632339E-005
1.727034	3.4196688E-005
1.727284	3.5771955E-005
1.727534	3.7357120E-005
1.727784	3.9742190E-005
1.728034	4.1337535E-005
1.728284	4.2931249E-005
1.728534	4.4523513E-005
1.728784	4.6896985E-005
1.729034	4.8468850E-005
1.729284	5.0030365E-005
1.729534	5.1575444E-005
1.729784	5.3106131E-005
1.730034	5.5362412E-005
1.730284	5.6841825E-005
1.730534	5.8294492E-005
1.730784	5.9723345E-005
1.731034	6.1124898E-005
1.731284	6.3168205E-005
1.731534	6.4490574E-005
1.731784	6.5462787E-005
1.732034	6.6727051E-005
1.732284	6.7950343E-005
1.732534	6.9713831E-005
1.732783	7.0841263E-005
1.733033	7.1924107E-005
1.733283	7.2966977E-005
1.733533	7.4441807E-005
1.733783	7.5372489E-005
1.734033	7.6251083E-005
1.734283	7.7085111E-005
1.734533	7.7865923E-005
1.734783	7.8947334E-005
1.735033	7.9603604E-005
1.735283	8.0211459E-005
1.735533	8.0767415E-005
1.735783	8.1272548E-005
1.736033	8.1928294E-005
1.736283	8.2299593E-005
1.736533	8.2619765E-005
1.736783	8.2890176E-005
1.737033	8.3184139E-005
1.737283	8.3316423E-005
1.737533	8.3401254E-005
1.737783	8.3431740E-005
1.738033	8.3408806E-005
1.738283	8.3272535E-005
1.738533	8.3124949E-005
1.738783	8.2919680E-005
1.739033	8.2668754E-005
1.739283	8.2190723E-005
1.739533	8.1816179E-005
1.739783	8.1393257E-005
1.740033	8.0924576E-005
1.740283	8.0409038E-005
1.740533	7.9547761E-005
1.740782	7.8923105E-005
1.741032	7.8257654E-005
1.741282	7.7545512E-005
1.741532	7.6401608E-005
1.741782	7.5596130E-005
1.742032	7.4745782E-005
1.742282	7.3867093E-005
1.742532	7.2946663E-005
1.742782	7.1505732E-005
1.743032	7.0506525E-005
1.743282	6.9478134E-005
1.743532	6.8418973E-005
1.743782	6.6774519E-005
1.744032	6.5651540E-005
1.744282	6.4507440E-005
1.744532	6.3335239E-005
1.744782	6.2147439E-005
1.745032	6.0321814E-005
1.745282	5.9084807E-005
1.745532	5.7835761E-005
1.745782	5.6570516E-005
1.746032	5.4646025E-005
1.746282	5.3350515E-005
1.746532	5.2048377E-005
1.746782	5.0740644E-005
1.747032	4.8758593E-005
1.747282	4.7438236E-005
1.747532	4.6115376E-005
1.747782	4.4788554E-005
1.748032	4.2798973E-005
1.748282	4.1477873E-005
1.748532	4.0161678E-005
1.748781	3.8851162E-005
1.749031	3.7548780E-005
1.749281	3.5607605E-005
1.749531	3.4327568E-005
1.749781	3.3059470E-005
1.750031	3.1804400E-005
1.750281	2.9945271E-005
1.750531	2.8725781E-005
1.750781	2.7525426E-005
1.751031	2.6340929E-005
1.751281	2.4599771E-005
1.751531	2.3465267E-005
1.751781	2.2352788E-005
1.752031	2.1262977E-005
1.752281	2.0196714E-005
1.752531	1.8639832E-005
1.752781	1.7635301E-005
1.753031	1.6657077E-005
1.753281	1.5705938E-005
1.753531	1.4329597E-005
1.753781	1.3449113E-005
1.754031	1.2597423E-005
1.754281	1.1775581E-005
1.754531	1.0598036E-005
1.754781	9.8520713E-006
1.755031	9.1381416E-006
1.755281	8.4559024E-006
1.755531	7.4911959E-006
1.755781	6.8891554E-006
1.756031	6.3197658E-006
1.756281	5.7828302E-006
1.756531	5.0393137E-006
1.756781	4.5855777E-006
1.75703	4.1648286E-006
1.75728	3.7765185E-006
1.75753	3.2553921E-006
1.75778	2.9499997E-006
1.75803	2.6764287E-006
1.75828	2.4353142E-006
1.75853	2.1340798E-006
1.75878	1.9741924E-006
1.75903	1.8449803E-006
1.75928	1.7469644E-006
1.75953	1.6587030E-006
1.75978	1.6370125E-006
1.76003	1.6450895E-006
1.76028	1.6834758E-006
1.76053	1.7945246E-006
1.76078	1.9028457E-006
1.76103	2.0384402E-006
1.76128	2.2017964E-006
1.76153	2.4951744E-006
1.76178	2.7216970E-006
1.76203	2.9735806E-006
1.76228	3.2480577E-006
1.76253	3.5456046E-006
1.76278	4.0336199E-006
1.76303	4.3862678E-006
1.76328	4.7581675E-006
1.76353	5.3524413E-006
1.76378	5.7724146E-006
1.76403	6.2093959E-006
1.76428	6.6625375E-006
1.764529	7.3707470E-006
1.764779	7.8620715E-006
1.765029	8.3655614E-006
1.765279	8.8827719E-006
1.765529	9.6785225E-006
1.765779	1.0222194E-005
1.766029	1.0775413E-005
1.766279	1.1337317E-005
1.766529	1.2193336E-005
1.766779	1.2772525E-005
1.767029	1.3356899E-005
1.767279	1.3945159E-005
1.767529	1.4834110E-005
1.767779	1.5429943E-005
1.768029	1.6026546E-005
1.768279	1.6624237E-005
1.768529	1.7518594E-005
1.768779	1.8113276E-005
1.769029	1.8705903E-005
1.769279	1.9294604E-005
1.769529	2.0169464E-005
1.769779	2.0745774E-005
1.770029	2.1317590E-005
1.770279	2.1881364E-005
1.770529	2.2710752E-005
1.770779	2.3253726E-005
1.771029	2.3788522E-005
1.771279	2.4311934E-005
1.771529	2.5076855E-005
1.771779	2.5574260E-005
1.772029	2.6057922E-005
1.772279	2.6757318E-005
1.772529	2.7208951E-005
1.772779	2.7645625E-005
1.773028	2.8066403E-005
1.773278	2.8670114E-005
1.773528	2.9053852E-005
1.773778	2.9420111E-005
1.774028	2.9769835E-005
1.774278	3.0262732E-005
1.774528	3.0569616E-005
1.774778	3.0857645E-005
1.775028	3.1128271E-005
1.775278	3.1498355E-005
1.775528	3.1721913E-005
1.775778	3.1928012E-005
1.776028	3.2200140E-005
1.776278	3.2356122E-005
1.776528	3.2494492E-005
1.776778	3.2612879E-005
1.777028	3.2753422E-005
1.777278	3.2821779E-005
1.777528	3.2872256E-005
1.777778	3.2903339E-005
1.778028	3.2912027E-005
1.778278	3.2894215E-005
1.778528	3.2856646E-005
1.778778	3.2762502E-005
1.779028	3.2676657E-005
1.779278	3.2570955E-005
1.779528	3.2448763E-005
1.779778	3.2229258E-005
1.780028	3.2062446E-005
1.780278	3.1877003E-005
1.780527	3.1675208E-005
1.780777	3.1336636E-005
1.781027	3.1093012E-005
1.781277	3.0832292E-005
1.781527	3.0409994E-005
1.781777	3.0111383E-005
1.782027	2.9796482E-005
1.782277	2.9469340E-005
1.782527	2.8947876E-005
1.782777	2.8586010E-005
1.783027	2.8211114E-005
1.783277	2.7824297E-005
1.783527	2.7220867E-005
1.783777	2.6805104E-005
1.784027	2.6378219E-005
1.784277	2.5717485E-005
1.784527	2.5268164E-005
1.784777	2.4809202E-005
1.785027	2.4343533E-005
1.785277	2.3628212E-005
1.785527	2.3143959E-005
1.785777	2.2653627E-005
1.786027	2.1905777E-005
1.786277	2.1404256E-005
1.786527	2.0896807E-005
1.786777	2.0386176E-005
1.787027	1.9613759E-005
1.787277	1.9097262E-005
1.787527	1.8579192E-005
1.787777	1.7798156E-005
1.788027	1.7279424E-005
1.788277	1.6760110E-005
1.788527	1.6242258E-005
1.788777	1.5466374E-005
1.789026	1.4953307E-005
1.789276	1.4443529E-005
1.789526	1.3683164E-005
1.789776	1.3182367E-005
1.790026	1.2686125E-005
1.790276	1.2195838E-005
1.790526	1.1468574E-005
1.790776	1.0992469E-005
1.791026	1.0523774E-005
1.791276	9.8322889E-006
1.791526	9.3824092E-006
1.791776	8.9404139E-006
1.792026	8.5071315E-006
1.792276	7.8734620E-006
1.792526	7.4637564E-006
1.792776	7.0637907E-006
1.793026	6.4827959E-006
1.793276	6.1092492E-006
1.793526	5.7471798E-006
1.793776	5.3960835E-006
1.794026	4.8907773E-006
1.794276	4.5697998E-006
1.794526	4.2606098E-006
1.794776	3.8199464E-006
1.795026	3.5423573E-006
1.795276	3.2780206E-006
1.795526	3.0265344E-006
1.795776	2.6733117E-006
1.796026	2.4551323E-006
1.796275	2.2502247E-006
1.796525	1.9686963E-006
1.796775	1.7980317E-006
1.797025	1.6415596E-006
1.797275	1.4318334E-006
1.797525	1.3093228E-006
1.797775	1.2011313E-006
1.798025	1.1064343E-006
1.798275	9.9014778E-007
1.798525	9.2933703E-007
1.798775	8.8256178E-007
1.799025	8.3678191E-007
1.799275	8.2285948E-007
1.799525	8.2257048E-007
1.799775	8.3472355E-007
1.800025	8.7760770E-007
1.800275	9.2152339E-007
1.800525	9.7833981E-007
1.800775	1.0856431E-006
1.801025	1.1719043E-006
1.801275	1.2702994E-006
1.801525	1.4385527E-006
1.801775	1.5648213E-006
1.802025	1.7012683E-006
1.802275	1.8486537E-006
1.802525	2.0877117E-006
1.802775	2.2593374E-006
1.803025	2.4406208E-006
1.803275	2.7289932E-006
1.803525	2.9322739E-006
1.803775	3.1434415E-006
1.804025	3.4744528E-006
1.804275	3.7048583E-006
1.804525	3.9417064E-006
1.804775	4.3093091E-006
1.805025	4.5621268E-006
1.805274	4.8207185E-006
1.805524	5.0839167E-006
1.805774	5.4881566E-006
1.806024	5.7632956E-006
1.806274	6.0419652E-006
1.806524	6.4666806E-006
1.806774	6.7532692E-006
1.807024	7.0426140E-006
1.807274	7.4800896E-006
1.807524	7.7735494E-006
1.807774	8.0687523E-006
1.808024	8.5122410E-006
1.808274	8.8082770E-006
1.808524	9.1036845E-006
1.808774	9.3991212E-006
1.809024	9.8397441E-006
1.809274	1.0131836E-005
1.809524	1.0421661E-005
1.809774	1.0852559E-005
1.810024	1.1136080E-005
1.810274	1.1416979E-005
1.810524	1.1831115E-005
1.810774	1.2102446E-005
1.811024	1.2369233E-005
1.811274	1.2760440E-005
1.811524	1.3015623E-005
1.811774	1.3265352E-005
1.812024	1.3628351E-005
1.812274	1.3862575E-005
1.812523	1.4090927E-005
1.812773	1.4313020E-005
1.813023	1.4631748E-005
1.813273	1.4837263E-005
1.813523	1.5033835E-005
1.813773	1.5314105E-005
1.814023	1.5491787E-005
1.814273	1.5661306E-005
1.814523	1.5899092E-005
1.814773	1.6048361E-005
1.815023	1.6188336E-005
1.815273	1.6381025E-005
1.815523	1.6498187E-005
1.815773	1.6607102E-005
1.816023	1.6750884E-005
1.816273	1.6836377E-005
1.816523	1.6912776E-005
1.816773	1.7006620E-005
1.817023	1.7059541E-005
1.817273	1.7101831E-005
1.817523	1.7147415E-005
1.817773	1.7166201E-005
1.818023	1.7175616E-005
1.818273	1.7170465E-005
1.818523	1.7155797E-005
1.818773	1.7132092E-005
1.819023	1.7098309E-005
1.819273	1.7029963E-005
1.819523	1.6973843E-005
1.819773	1.6908474E-005
1.820023	1.6792756E-005
1.820273	1.6704407E-005
1.820523	1.6608532E-005
1.820773	1.6445563E-005
1.821023	1.6328626E-005
1.821272	1.6202530E-005
1.821522	1.5997422E-005
1.821772	1.5851920E-005
1.822022	1.5698643E-005
1.822272	1.5453839E-005
1.822522	1.5283083E-005
1.822772	1.5105641E-005
1.823022	1.4824629E-005
1.823272	1.4630802E-005
1.823522	1.4430688E-005
1.823772	1.4118424E-005
1.824022	1.3904574E-005
1.824272	1.3684736E-005
1.824522	1.3344910E-005
1.824772	1.3114292E-005
1.825022	1.2878629E-005
1.825272	1.2516812E-005
1.825522	1.2271417E-005
1.825772	1.2023074E-005
1.826022	1.1643580E-005
1.826272	1.1387654E-005
1.826522	1.1129301E-005
1.826772	1.0736753E-005
1.827022	1.0474571E-005
1.827272	1.0210573E-005
1.827522	9.8116179E-006
1.827772	9.5454325E-006
1.828022	9.2785012E-006
1.828272	8.8776915E-006
1.828521	8.6109940E-006
1.828771	8.3455197E-006
1.829021	7.9475112E-006
1.829271	7.6844717E-006
1.829521	7.4229156E-006
1.829771	7.0328856E-006
1.830021	6.7763735E-006
1.830271	6.5223830E-006
1.830521	6.1454330E-006
1.830771	5.8984624E-006
1.831021	5.6548379E-006
1.831271	5.2950054E-006
1.831521	5.0607891E-006
1.831771	4.8305897E-006
1.832021	4.4928170E-006
1.832271	4.2737697E-006
1.832521	4.0596365E-006
1.832771	3.7470243E-006
1.833021	3.5458722E-006
1.833271	3.3502217E-006
1.833521	3.0664555E-006
1.833771	2.8851359E-006
1.834021	2.7098656E-006
1.834271	2.4580131E-006
1.834521	2.2983650E-006
1.834771	2.1453343E-006
1.835021	1.9277168E-006
1.835271	1.7915677E-006
1.835521	1.5998980E-006
1.835771	1.4809643E-006
1.836021	1.3692602E-006
1.836271	1.2146904E-006
1.836521	1.1210677E-006
1.836771	1.0345414E-006
1.837021	9.1833635E-007
1.83727	8.5047691E-007
1.83752	7.8977837E-007
1.83777	7.1250764E-007
1.83802	6.7060432E-007
1.83827	6.3591091E-007
1.83852	5.9788539E-007
1.83877	5.8193416E-007
1.83902	5.7323149E-007
1.83927	5.7338104E-007
1.83952	5.8253312E-007
1.83977	5.9902567E-007
1.84002	6.3671433E-007
1.84027	6.7074751E-007
1.84052	7.1137288E-007
1.84077	7.8493207E-007
1.84102	8.4245579E-007
1.84127	9.4090689E-007
1.84152	1.0141689E-006
1.84177	1.0939004E-006
1.84202	1.2245033E-006
1.84227	1.3189950E-006
1.84252	1.4189494E-006
1.84277	1.5796229E-006
1.84302	1.6930816E-006
1.84327	1.8117469E-006
1.84352	1.9989197E-006
1.84377	2.1294854E-006
1.84402	2.2647264E-006
1.84427	2.4396713E-006
1.844519	2.5843422E-006
1.844769	2.7328265E-006
1.845019	2.9624641E-006
1.845269	3.1198529E-006
1.845519	3.3616634E-006
1.845769	3.5265139E-006
1.846019	3.6938407E-006
1.846269	3.9493575E-006
1.846519	4.1226822E-006
1.846769	4.2977153E-006
1.847019	4.5631655E-006
1.847269	4.7418412E-006
1.847519	4.9219752E-006
1.847769	5.1935626E-006
1.848019	5.3751846E-006
1.848269	5.5575820E-006
1.848519	5.8308933E-006
1.848769	6.0132611E-006
1.849019	6.2855106E-006
1.849269	6.4669744E-006
1.849519	6.6465482E-006
1.849769	6.9142534E-006
1.850019	7.0913870E-006
1.850269	7.2664488E-006
1.850519	7.5257522E-006
1.850769	7.6957531E-006
1.851019	7.8641515E-006
1.851269	8.1107828E-006
1.851519	8.2725719E-006
1.851769	8.5086858E-006
1.852019	8.6627970E-006
1.852269	8.8128245E-006
1.852519	9.0316425E-006
1.852769	9.1730217E-006
1.853018	9.3108183E-006
1.853268	9.5086971E-006
1.853518	9.6359727E-006
1.853768	9.7586435E-006
1.854018	9.9335730E-006
1.854268	1.0044504E-005
1.854518	1.0202034E-005
1.854768	1.0300524E-005
1.855018	1.0394701E-005
1.855268	1.0525518E-005
1.855518	1.0606037E-005
1.855768	1.0681070E-005
1.856018	1.0783519E-005
1.856268	1.0844938E-005
1.856518	1.0926368E-005
1.856768	1.0973729E-005
1.857018	1.1015934E-005
1.857268	1.1067013E-005
1.857518	1.1094551E-005
1.857768	1.1116405E-005
1.858018	1.1137608E-005
1.858268	1.1144526E-005
1.858518	1.1143688E-005
1.858768	1.1136392E-005
1.859018	1.1123174E-005
1.859268	1.1092470E-005
1.859518	1.1064618E-005
1.859768	1.1032123E-005
1.860018	1.0970958E-005
1.860268	1.0924708E-005
1.860518	1.0843294E-005
1.860767	1.0782535E-005
1.861017	1.0716774E-005
1.861267	1.0607756E-005
1.861517	1.0529046E-005
1.861767	1.0446402E-005
1.862017	1.0311393E-005
1.862267	1.0215625E-005
1.862517	1.0063030E-005
1.862767	9.9568688E-006
1.863017	9.8455412E-006
1.863267	9.6707254E-006
1.863517	9.5491123E-006
1.863767	9.4245170E-006
1.864017	9.2291766E-006
1.864267	9.0957337E-006
1.864517	8.8878023E-006
1.864767	8.7457129E-006
1.865017	8.6008622E-006
1.865267	8.3773566E-006
1.865517	8.2260240E-006
1.865767	7.9933607E-006
1.866017	7.8362109E-006
1.866267	7.6767365E-006
1.866517	7.4337995E-006
1.866767	7.2704161E-006
1.867017	7.1057375E-006
1.867267	6.8552658E-006
1.867517	6.6881535E-006
1.867767	6.4347087E-006
1.868017	6.2655445E-006
1.868267	6.0963162E-006
1.868517	5.8410187E-006
1.868767	5.6715885E-006
1.869016	5.4173388E-006
1.869266	5.2488617E-006
1.869516	5.0810968E-006
1.869766	4.8305133E-006
1.870016	4.6653768E-006
1.870266	4.5012953E-006
1.870516	4.2574266E-006
1.870766	4.0973282E-006
1.871016	3.8600256E-006
1.871266	3.7046755E-006
1.871516	3.5518869E-006
1.871766	3.3261954E-006
1.872016	3.1794957E-006
1.872266	2.9638315E-006
1.872516	2.8241950E-006
1.872766	2.6873929E-006
1.873016	2.4881763E-006
1.873266	2.3596085E-006
1.873516	2.1730380E-006
1.873766	2.0533316E-006
1.874016	1.9375127E-006
1.874266	1.7707631E-006
1.874516	1.6648594E-006
1.874766	1.5131881E-006
1.875016	1.4176044E-006
1.875266	1.3262778E-006
1.875516	1.1974327E-006
1.875766	1.1172206E-006
1.876016	1.0053242E-006
1.876266	9.3668490E-007
1.876516	8.7271604E-007
1.876765	7.8539381E-007
1.877015	7.3322269E-007
1.877265	6.8596069E-007
1.877515	6.2387170E-007
1.877765	5.8864862E-007
1.878015	5.4513868E-007
1.878265	5.2210618E-007
1.878515	5.0419442E-007
1.878765	4.8621314E-007
1.879015	4.8052840E-007
1.879265	4.8114140E-007
1.879515	4.8741680E-007
1.879765	4.9868424E-007
1.880015	5.2426179E-007
1.880265	5.4721914E-007
1.880515	5.9062614E-007
1.880765	6.2516301E-007
1.881015	6.8569807E-007
1.881265	7.3140865E-007
1.881515	7.8169842E-007
1.881765	8.6516832E-007
1.882015	9.2587908E-007
1.882265	1.0246341E-006
1.882515	1.0956293E-006
1.882765	1.1703811E-006
1.883015	1.2895696E-006
1.883265	1.3735960E-006
1.883515	1.5060646E-006
1.883765	1.5985290E-006
1.884015	1.6944421E-006
1.884265	1.8439137E-006
1.884515	1.9474189E-006
1.884764	2.1076332E-006
1.885014	2.2179777E-006
1.885264	2.3306359E-006
1.885514	2.5040531E-006
1.885764	2.6224661E-006
1.886014	2.8035843E-006
1.886264	2.9268108E-006
1.886514	3.0516449E-006
1.886764	3.2417065E-006
1.887014	3.3701413E-006
1.887264	3.5648272E-006
1.887514	3.6959132E-006
1.887764	3.8279773E-006
1.888014	4.0267978E-006
1.888264	4.1603221E-006
1.888514	4.3604846E-006
1.888764	4.4944413E-006
1.889014	4.6948539E-006
1.889264	4.8281054E-006
1.889514	4.9612672E-006
1.889764	5.1594129E-006
1.890014	5.2908313E-006
1.890264	5.4855905E-006
1.890514	5.6143522E-006
1.890764	5.7416846E-006
1.891014	5.9302015E-006
1.891264	6.0540874E-006
1.891514	6.2360323E-006
1.891764	6.3551156E-006
1.892014	6.5296986E-006
1.892264	6.6434513E-006
1.892514	6.7551150E-006
1.892763	6.9169691E-006
1.893013	7.0224410E-006
1.893263	7.1744635E-006
1.893513	7.2727275E-006
1.893763	7.3676615E-006
1.894013	7.5045177E-006
1.894263	7.5918897E-006
1.894513	7.7157902E-006
1.894763	7.7948998E-006
1.895013	7.9062556E-006
1.895263	7.9758202E-006
1.895513	8.0424479E-006
1.895763	8.1342932E-006
1.896013	8.1905428E-006
1.896263	8.2684464E-006
1.896513	8.3150235E-006
1.896763	8.3579316E-006
1.897013	8.4143976E-006
1.897263	8.4469248E-006
1.897513	8.4879848E-006
1.897763	8.5100910E-006
1.898013	8.5354395E-006
1.898263	8.5473957E-006
1.898513	8.5551237E-006
1.898763	8.5580659E-006
1.899013	8.5557140E-006
1.899263	8.5431739E-006
1.899513	8.5296169E-006
1.899763	8.5011316E-006
1.900013	8.4775047E-006
1.900263	8.4501253E-006
1.900513	8.4004123E-006
1.900762	8.3623790E-006
1.901012	8.2982533E-006
1.901262	8.2504685E-006
1.901512	8.1717008E-006
1.901762	8.1145454E-006
1.902012	8.0542222E-006
1.902262	7.9558649E-006
1.902512	7.8861312E-006
1.902762	7.7748573E-006
1.903012	7.6972983E-006
1.903262	7.5738067E-006
1.903512	7.4872751E-006
1.903762	7.3985666E-006
1.904012	7.2597977E-006
1.904262	7.1635745E-006
1.904512	7.0147094E-006
1.904762	6.9122443E-006
1.905012	6.7535175E-006
1.905262	6.6455859E-006
1.905512	6.5352942E-006
1.905762	6.3660341E-006
1.906012	6.2510558E-006
1.906262	6.0749494E-006
1.906512	5.9559065E-006
1.906762	5.7744578E-006
1.907012	5.6520466E-006
1.907262	5.5287287E-006
1.907512	5.3413505E-006
1.907762	5.2157616E-006
1.908012	5.0256695E-006
1.908262	4.8985808E-006
1.908512	4.7069648E-006
1.908762	4.5794513E-006
1.909011	4.3877239E-006
1.909261	4.2602342E-006
1.909511	4.1329540E-006
1.909761	3.9428232E-006
1.910011	3.8169187E-006
1.910261	3.6291808E-006
1.910511	3.5052083E-006
1.910761	3.3212441E-006
1.911011	3.2001187E-006
1.911261	3.0209299E-006
1.911511	2.9033399E-006
1.911761	2.7874792E-006
1.912011	2.6167777E-006
1.912261	2.5053407E-006
1.912511	2.3418561E-006
1.912761	2.2357412E-006
1.913011	2.0805799E-006
1.913261	1.9802335E-006
1.913511	1.8824533E-006
1.913761	1.7403706E-006
1.914011	1.6490324E-006
1.914261	1.5172998E-006
1.914511	1.4332754E-006
1.914761	1.3128112E-006
1.915011	1.2363564E-006
1.915261	1.1273759E-006
1.915511	1.0590001E-006
1.915761	9.6266899E-007
1.916011	9.0258311E-007
1.916261	8.4614845E-007
1.91651	7.6785614E-007
1.91676	7.2029763E-007
1.91701	6.5551961E-007
1.91726	6.1700825E-007
1.91751	5.6602346E-007
1.91776	5.3670925E-007
1.91801	4.9995384E-007
1.91826	4.8019291E-007
1.91851	4.6419709E-007
1.91876	4.4708665E-007
1.91901	4.4043517E-007
1.91926	4.3773562E-007
1.91951	4.4052814E-007
1.91976	4.5200440E-007
1.92001	4.6417000E-007
1.92026	4.8961522E-007
1.92051	5.1102705E-007
1.92076	5.5018910E-007
1.92101	5.8065586E-007
1.92126	6.1486639E-007
1.92151	6.7268212E-007
1.92176	7.1540632E-007
1.92201	7.8586118E-007
1.92226	8.3703918E-007
1.92251	9.1984089E-007
1.92276	9.7902762E-007
1.92301	1.0734406E-006
1.92326	1.1402221E-006
1.92351	1.2456604E-006
1.92376	1.3195103E-006
1.92401	1.3960396E-006
1.92426	1.5155745E-006
1.92451	1.5984707E-006
1.92476	1.7273208E-006
1.925009	1.8159818E-006
1.925259	1.9530642E-006
1.925509	2.0468710E-006
1.925759	2.1914111E-006
1.926009	2.2897634E-006
1.926259	2.4404540E-006
1.926509	2.5428790E-006
1.926759	2.6467089E-006
1.927009	2.8048566E-006
1.927259	2.9115795E-006
1.927509	3.0737665E-006
1.927759	3.1829013E-006
1.928009	3.3478634E-006
1.928259	3.4585878E-006
1.928509	3.6253650E-006
1.928759	3.7368677E-006
1.929009	3.9044685E-006
1.929259	4.0160903E-006
1.929509	4.1833373E-006
1.929759	4.2942524E-006
1.930009	4.4603275E-006
1.930259	4.5700958E-006
1.930509	4.6794817E-006
1.930759	4.8419333E-006
1.931009	4.9489404E-006
1.931259	5.1071825E-006
1.931509	5.2113473E-006
1.931759	5.3646972E-006
1.932009	5.4651696E-006
1.932259	5.6128129E-006
1.932508	5.7092948E-006
1.932758	5.8501491E-006
1.933008	5.9419754E-006
1.933258	6.0752686E-006
1.933508	6.1615360E-006
1.933758	6.2862787E-006
1.934008	6.3669604E-006
1.934258	6.4448764E-006
1.934508	6.5567060E-006
1.934758	6.6279631E-006
1.935008	6.7296928E-006
1.935258	6.7941951E-006
1.935508	6.8848258E-006
1.935758	6.9422667E-006
1.936008	7.0215610E-006
1.936258	7.0711262E-006
1.936508	7.1388799E-006
1.936758	7.1804766E-006
1.937008	7.2357047E-006
1.937258	7.2686439E-006
1.937508	7.3121851E-006
1.937758	7.3366473E-006
1.938008	7.3671395E-006
1.938258	7.3830884E-006
1.938508	7.4009849E-006
1.938758	7.4083277E-006
1.939008	7.4120121E-006
1.939258	7.4127033E-006
1.939508	7.4086906E-006
1.939758	7.3962574E-006
1.940008	7.3839919E-006
1.940258	7.3584033E-006
1.940508	7.3373744E-006
1.940758	7.2996136E-006
1.941007	7.2700509E-006
1.941257	7.2195930E-006
1.941507	7.1820555E-006
1.941757	7.1198347E-006
1.942007	7.0741166E-006
1.942257	6.9999401E-006
1.942507	6.9470939E-006
1.942757	6.8613799E-006
1.943007	6.8009022E-006
1.943257	6.7046471E-006
1.943507	6.6375210E-006
1.943757	6.5311328E-006
1.944007	6.4573014E-006
1.944257	6.3414377E-006
1.944507	6.2619247E-006
1.944757	6.1373757E-006
1.945007	6.0518851E-006
1.945257	5.9646600E-006
1.945507	5.8290766E-006
1.945757	5.7370603E-006
1.946007	5.5950104E-006
1.946257	5.4984434E-006
1.946507	5.3506947E-006
1.946757	5.2507253E-006
1.947007	5.0979011E-006
1.947257	4.9947294E-006
1.947507	4.8379525E-006
1.947757	4.7325007E-006
1.948007	4.5726770E-006
1.948257	4.4653143E-006
1.948506	4.3033306E-006
1.948756	4.1949957E-006
1.949006	4.0320183E-006
1.949256	3.9232673E-006
1.949506	3.7601114E-006
1.949756	3.6515999E-006
1.950006	3.4892776E-006
1.950256	3.3817578E-006
1.950506	3.2212417E-006
1.950756	3.1151662E-006
1.951006	2.9574453E-006
1.951256	2.8536956E-006
1.951506	2.6996597E-006
1.951756	2.5988168E-006
1.952006	2.4493127E-006
1.952256	2.3517505E-006
1.952506	2.2079978E-006
1.952756	2.1143583E-006
1.953006	1.9768868E-006
1.953256	1.8877972E-006
1.953506	1.7576621E-006
1.953756	1.6735238E-006
1.954006	1.5512545E-006
1.954256	1.4728153E-006
1.954506	1.3591635E-006
1.954756	1.2866876E-006
1.955006	1.1824764E-006
1.955256	1.1164149E-006
1.955506	1.0220992E-006
1.955756	9.6287363E-007
1.956006	8.7893761E-007
1.956256	8.2683482E-007
1.956506	7.5391057E-007
1.956756	7.0920754E-007
1.957006	6.4773400E-007
1.957255	6.1053487E-007
1.957505	5.6085935E-007
1.957755	5.3158618E-007
1.958005	4.9377718E-007
1.958255	4.7250936E-007
1.958505	4.4668306E-007
1.958755	4.3370787E-007
1.959005	4.2030953E-007
1.959255	4.1534321E-007
1.959505	4.1420938E-007
1.959755	4.1761183E-007
1.960005	4.2865085E-007
1.960255	4.4015178E-007
1.960505	4.6329205E-007
1.960755	4.8287995E-007
1.961005	5.1806700E-007
1.961255	5.4553180E-007
1.961505	5.9237351E-007
1.961755	6.2745261E-007
1.962005	6.8594363E-007
1.962255	7.2857915E-007
1.962505	7.9787918E-007
1.962755	8.4775917E-007
1.963005	9.2784535E-007
1.963255	9.8444423E-007
1.963505	1.0744251E-006
1.963755	1.1376433E-006
1.964005	1.2373253E-006
1.964254	1.3065076E-006
1.964504	1.4148992E-006
1.964754	1.4899040E-006
1.965004	1.6064682E-006
1.965254	1.6867979E-006
1.965504	1.8107273E-006
1.965754	1.8955922E-006
1.966004	2.0263319E-006
1.966254	2.1154963E-006
1.966504	2.2519514E-006
1.966754	2.3448567E-006
1.967004	2.4862406E-006
1.967254	2.5821998E-006
1.967504	2.7279543E-006
1.967754	2.8261165E-006
1.968004	2.9751700E-006
1.968254	3.0753158E-006
1.968504	3.2268226E-006
1.968754	3.3282511E-006
1.969004	3.4810007E-006
1.969254	3.5830651E-006
1.969504	3.7364161E-006
1.969754	3.8897447E-006
1.970004	3.9914021E-006
1.970254	4.1438507E-006
1.970504	4.2444826E-006
1.970754	4.3950595E-006
1.971004	4.4943063E-006
1.971254	4.6418986E-006
1.971504	4.7388771E-006
1.971754	4.8825968E-006
1.972004	4.9772766E-006
1.972254	5.1165898E-006
1.972504	5.2077612E-006
1.972754	5.3415338E-006
1.973004	5.4289608E-006
1.973253	5.5569149E-006
1.973503	5.6397384E-006
1.973753	5.7602711E-006
1.974003	5.8381183E-006
1.974253	5.9513991E-006
1.974503	6.0244347E-006
1.974753	6.1290334E-006
1.975003	6.1961127E-006
1.975253	6.2918480E-006
1.975503	6.3528705E-006
1.975753	6.4393203E-006
1.976003	6.5198228E-006
1.976253	6.5699151E-006
1.976503	6.6400362E-006
1.976753	6.6830080E-006
1.977003	6.7427191E-006
1.977253	6.7790293E-006
1.977503	6.8271952E-006
1.977753	6.8560721E-006
1.978003	6.8929567E-006
1.978253	6.9138882E-006
1.978503	6.9396265E-006
1.978753	6.9526445E-006
1.979003	6.9669195E-006
1.979253	6.9722964E-006
1.979503	6.9742350E-006
1.979753	6.9720290E-006
1.980003	6.9623629E-006
1.980253	6.9523926E-006
1.980502	6.9309826E-006
1.980752	6.9029870E-006
1.981002	6.8804206E-006
1.981252	6.8410245E-006
1.981502	6.8108707E-006
1.981752	6.7604324E-006
1.982002	6.7228170E-006
1.982252	6.6610110E-006
1.982502	6.6168818E-006
1.982752	6.5449030E-006
1.983002	6.4935202E-006
1.983252	6.4110777E-006
1.983502	6.3536104E-006
1.983752	6.2620120E-006
1.984002	6.1977689E-006
1.984252	6.0972106E-006
1.984502	6.0275206E-006
1.984752	5.9184417E-006
1.985002	5.8042729E-006
1.985252	5.7260168E-006
1.985502	5.6050471E-006
1.985752	5.5223181E-006
1.986002	5.3944464E-006
1.986252	5.3071244E-006
1.986502	5.1735569E-006
1.986752	5.0831627E-006
1.987002	4.9444479E-006
1.987252	4.8508368E-006
1.987502	4.7078393E-006
1.987752	4.6116525E-006
1.988002	4.4652884E-006
1.988252	4.3173022E-006
1.988502	4.2180768E-006
1.988752	4.0683249E-006
1.989002	3.9680340E-006
1.989251	3.8170201E-006
1.989501	3.7165114E-006
1.989751	3.5653320E-006
1.990001	3.4645977E-006
1.990251	3.3141700E-006
1.990501	3.2142912E-006
1.990751	3.0652022E-006
1.991001	2.9174739E-006
1.991251	2.8200782E-006
1.991501	2.6753646E-006
1.991751	2.5800680E-006
1.992001	2.4390997E-006
1.992251	2.3467051E-006
1.992501	2.2103573E-006
1.992751	2.1210797E-006
1.993001	1.9901522E-006
1.993251	1.9047560E-006
1.993501	1.7800099E-006
1.993751	1.6990347E-006
1.994001	1.5809402E-006
1.994251	1.4674230E-006
1.994501	1.3943636E-006
1.994751	1.2888278E-006
1.995001	1.2212449E-006
1.995251	1.1243731E-006
1.995501	1.0626779E-006
1.995751	9.7468433E-007
1.996001	9.1937176E-007
1.996251	8.4106375E-007
1.9965	7.6879007E-007
1.99675	7.2410995E-007
1.997	6.6203842E-007
1.99725	6.2431070E-007
1.9975	5.7286172E-007
1.99775	5.4240826E-007
1.998	5.0199185E-007
1.99825	4.7888739E-007
1.9985	4.4961598E-007
1.99875	4.3400783E-007
1.999	4.1608874E-007
1.99925	4.0519740E-007
1.9995	4.0175055E-007
1.99975	4.0215861E-007
2	4.0640512E-007
2.00025	4.1824455E-007
2.0005	4.3003880E-007
2.00075	4.5330026E-007
2.001	4.7267167E-007
2.00125	5.0711731E-007
2.0015	5.4844969E-007
2.00175	5.7955452E-007
2.002	6.3150145E-007
2.00225	6.6984012E-007
2.0025	7.3250783E-007
2.00275	7.7764355E-007
2.003	8.5049675E-007
2.00325	9.2917674E-007
2.0035	9.8484918E-007
2.00375	1.0729133E-006
2.003999	1.1347440E-006
2.00425	1.2318455E-006
2.004499	1.2994906E-006
2.00475	1.4050466E-006
2.004999	1.4779660E-006
2.00525	1.5911794E-006
2.005499	1.7090101E-006
2.005749	1.7896358E-006
2.005999	1.9140186E-006
2.006249	1.9988181E-006
2.006499	2.1291780E-006
2.006749	2.2176787E-006
2.006999	2.3532821E-006
2.007249	2.4451219E-006
2.007499	2.5850629E-006
2.007749	2.7273461E-006
2.007999	2.8232266E-006
2.008249	2.9685468E-006
2.008499	3.0662602E-006
2.008749	3.2137737E-006
2.008999	3.3126792E-006
2.009249	3.4616878E-006
2.009499	3.6113470E-006
2.009749	3.7109639E-006
2.009999	3.8604676E-006
2.010249	3.9600241E-006
2.010499	4.1088829E-006
2.010749	4.2073589E-006
2.010999	4.3545410E-006
2.011249	4.4999356E-006
2.011499	4.5960774E-006
2.011749	4.7386511E-006
2.011999	4.8324714E-006
2.012249	4.9713044E-006
2.012499	5.0623735E-006
2.012748	5.1964439E-006
2.012998	5.3273366E-006
2.013248	5.4127909E-006
2.013498	5.5378191E-006
2.013748	5.6193917E-006
2.013998	5.7378757E-006
2.014248	5.8143414E-006
2.014498	5.9257864E-006
2.014748	6.0323182E-006
2.014998	6.1005644E-006
2.015248	6.1990404E-006
2.015498	6.2617723E-006
2.015748	6.3513289E-006
2.015998	6.4078276E-006
2.016248	6.4883752E-006
2.016498	6.5628369E-006
2.016748	6.6094212E-006
2.016998	6.6737830E-006
2.017248	6.7130950E-006
2.017498	6.7673514E-006
2.017748	6.7997335E-006
2.017998	6.8430782E-006
2.018248	6.8798813E-006
2.018498	6.9010212E-006
2.018748	6.9266907E-006
2.018998	6.9400348E-006
2.019248	6.9549674E-006
2.019498	6.9607649E-006
2.019747	6.9641610E-006
2.019998	6.9605790E-006
2.020247	6.9545040E-006
2.020498	6.9399130E-006
2.020747	6.9262196E-006
2.020998	6.9002995E-006
2.021247	6.8677136E-006
2.021497	6.8426589E-006
2.021747	6.8070353E-006
2.021997	6.7748711E-006
2.022247	6.7222732E-006
2.022497	6.6833531E-006
2.022747	6.6200114E-006
2.022997	6.5504205E-006
2.023247	6.5011413E-006
2.023497	6.4216661E-006
2.023747	6.3656485E-006
2.023997	6.2772283E-006
2.024247	6.1832689E-006
2.024497	6.1179776E-006
2.024747	6.0154980E-006
2.024997	5.9445083E-006
2.025247	5.8344417E-006
2.025497	5.7587868E-006
2.025747	5.6411968E-006
2.025997	5.5198143E-006
2.026247	5.4367501E-006
2.026497	5.3088752E-006
2.026747	5.2219648E-006
2.026997	5.0888348E-006
2.027247	4.9527998E-006
2.027497	4.8608249E-006
2.027747	4.7208996E-006
2.027997	4.6261971E-006
2.028247	4.4824533E-006
2.028497	4.3374744E-006
2.028747	4.2398465E-006
2.028996	4.0924151E-006
2.029246	3.9939323E-006
2.029496	3.8453818E-006
2.029746	3.7460904E-006
2.029996	3.5973740E-006
2.030246	3.4484647E-006
2.030496	3.3496394E-006
2.030746	3.2018463E-006
2.030996	3.1040693E-006
2.031246	2.9579414E-006
2.031496	2.8135157E-006
2.031746	2.7182662E-006
2.031996	2.5769730E-006
2.032246	2.4839744E-006
2.032496	2.3465630E-006
2.032746	2.2119284E-006
2.032996	2.1239020E-006
2.033246	1.9944368E-006
2.033496	1.9101822E-006
2.033746	1.7864492E-006
2.033996	1.6668223E-006
2.034246	1.5894726E-006
2.034496	1.4767874E-006
2.034746	1.4043455E-006
2.034996	1.2993225E-006
2.035246	1.1994148E-006
2.035496	1.1355374E-006
2.035746	1.0442661E-006
2.035995	9.8627982E-007
2.036246	9.0396503E-007
2.036495	8.2743276E-007
2.036746	7.7972743E-007
2.036995	7.1301213E-007
2.037246	6.7203831E-007
2.037495	6.1558291E-007
2.037745	5.6535589E-007
2.037995	5.3558887E-007
2.038245	4.9617523E-007
2.038495	4.7368925E-007
2.038745	4.4537447E-007
2.038995	4.2364235E-007
2.039245	4.1302218E-007
2.039495	4.0251962E-007
2.039745	3.9940963E-007
2.039995	4.0036758E-007
2.040245	4.0796041E-007
2.040495	4.1687181E-007
2.040745	4.3578495E-007
2.040995	4.5224164E-007
2.041245	4.8229163E-007
2.041495	5.1921995E-007
2.041745	5.4741241E-007
2.041995	5.9501645E-007
2.042245	6.4924780E-007
2.042495	6.8887198E-007
2.042745	7.5351829E-007
2.042995	7.9997164E-007
2.043245	8.7469584E-007
2.043495	9.5538246E-007
2.043745	1.0122110E-006
2.043995	1.1024704E-006
2.044245	1.1654487E-006
2.044495	1.2645422E-006
2.044744	1.3687674E-006
2.044994	1.4409277E-006
2.045244	1.5531318E-006
2.045494	1.6304017E-006
2.045744	1.7501811E-006
2.045994	1.8741009E-006
2.046244	1.9588094E-006
2.046494	2.0891073E-006
2.046744	2.2228621E-006
2.046994	2.3136888E-006
2.047244	2.4528852E-006
2.047494	2.5470029E-006
2.047744	2.6904074E-006
2.047994	2.8361362E-006
2.048244	2.9343489E-006
2.048494	3.0834653E-006
2.048744	3.1833454E-006
2.048994	3.3347847E-006
2.049244	3.4871794E-006
2.049494	3.5891701E-006
2.049744	3.7426350E-006
2.049994	3.8961171E-006
2.050244	3.9986385E-006
2.050494	4.1519806E-006
2.050744	4.2535671E-006
2.050994	4.4058233E-006
2.051244	4.5566567E-006
2.051494	4.6564651E-006
2.051744	4.8050820E-006
2.051994	4.9029213E-006
2.052243	5.0484132E-006
2.052494	5.1910251E-006
2.052743	5.2848613E-006
2.052994	5.4232269E-006
2.053243	5.5585479E-006
2.053493	5.6465519E-006
2.053743	5.7757984E-006
2.053993	5.8600926E-006
2.054243	5.9825552E-006
2.054493	6.1011083E-006
2.054743	6.1778060E-006
2.054993	6.2886611E-006
2.055243	6.3949497E-006
2.055493	6.4627311E-006
2.055743	6.5607287E-006
2.055993	6.6226758E-006
2.056243	6.7112160E-006
2.056493	6.7942046E-006
2.056743	6.8462505E-006
2.056993	6.9194880E-006
2.057243	6.9861831E-006
2.057493	7.0272176E-006
2.057743	7.0839278E-006
2.057993	7.1339823E-006
2.058243	7.1639101E-006
2.058493	7.2028615E-006
2.058743	7.2252278E-006
2.058993	7.2532830E-006
2.059243	7.2743906E-006
2.059493	7.2852336E-006
2.059743	7.2948760E-006
2.059993	7.2979860E-006
2.060243	7.2962584E-006
2.060493	7.2876346E-006
2.060742	7.2786320E-006
2.060992	7.2585208E-006
2.061242	7.2323646E-006
2.061492	7.2108892E-006
2.061742	7.1728036E-006
2.061992	7.1287718E-006
2.062242	7.0956507E-006
2.062492	7.0407591E-006
2.062742	7.0003102E-006
2.062992	6.9349030E-006
2.063242	6.8629984E-006
2.063492	6.8116174E-006
2.063742	6.7300703E-006
2.063992	6.6425710E-006
2.064242	6.5812615E-006
2.064492	6.4847295E-006
2.064742	6.3828425E-006
2.064992	6.3124453E-006
2.065242	6.2022573E-006
2.065492	6.0875100E-006
2.065742	6.0082966E-006
2.065992	5.8865062E-006
2.066242	5.8026444E-006
2.066492	5.6736326E-006
2.066742	5.5415921E-006
2.066992	5.4512652E-006
2.067242	5.3133585E-006
2.067492	5.1726638E-006
2.067742	5.0773551E-006
2.067991	4.9324685E-006
2.068242	4.7851436E-006
2.068491	4.6860459E-006
2.068742	4.5357879E-006
2.068991	4.4348981E-006
2.069242	4.2826391E-006
2.069491	4.1293929E-006
2.069741	4.0270033E-006
2.069991	3.8730295E-006
2.070241	3.7188993E-006
2.070491	3.6165634E-006
2.070741	3.4630575E-006
2.070991	3.3103995E-006
2.071241	3.2093378E-006
2.071491	3.0585218E-006
2.071741	2.9093101E-006
2.071991	2.8109075E-006
2.072241	2.6650334E-006
2.072491	2.5691543E-006
2.072741	2.4274232E-006
2.072991	2.2882698E-006
2.073241	2.1975175E-006
2.073491	2.0638586E-006
2.073741	1.9338199E-006
2.073991	1.8492424E-006
2.074241	1.7257652E-006
2.074491	1.6064074E-006
2.074741	1.5294643E-006
2.074991	1.4176853E-006
2.075241	1.3108661E-006
2.075491	1.2425517E-006
2.075741	1.1444089E-006
2.075991	1.0516382E-006
2.076241	9.9301894E-007
2.07649	9.0970309E-007
2.076741	8.3239360E-007
2.07699	7.8408107E-007
2.07724	7.1698878E-007
2.07749	6.7587348E-007
2.07774	6.1928461E-007
2.07799	5.6937392E-007
2.07824	5.3961611E-007
2.07849	5.0066552E-007
2.07874	4.6867919E-007
2.07899	4.5117389E-007
2.07924	4.3063434E-007
2.07949	4.1692635E-007
2.07974	4.1176557E-007
2.07999	4.0959748E-007
2.08024	4.1479035E-007
2.08049	4.2214495E-007
2.08074	4.3883762E-007
2.08099	4.6272572E-007
2.08124	4.8252042E-007
2.08149	5.1776505E-007
2.08174	5.6017689E-007
2.08199	5.9205581E-007
2.08224	6.4570196E-007
2.08249	7.0600896E-007
2.08274	7.4972769E-007
2.08299	8.2085216E-007
2.08324	8.9829877E-007
2.08349	9.5348724E-007
2.08374	1.0411827E-006
2.08399	1.1349193E-006
2.084239	1.2006410E-006
2.08449	1.3037911E-006
2.084739	1.4126442E-006
2.08499	1.4879923E-006
2.085239	1.6053981E-006
2.08549	1.7277024E-006
2.085739	1.8119036E-006
2.085989	1.9420199E-006
2.086239	2.0761333E-006
2.086489	2.1679912E-006
2.086739	2.3089221E-006
2.086989	2.4536255E-006
2.087239	2.5515758E-006
2.087489	2.7016272E-006
2.087739	2.8545162E-006
2.087989	2.9576506E-006
2.088239	3.1146219E-006
2.088489	3.2735556E-006
2.088739	3.3806687E-006
2.088989	3.5424407E-006
2.089239	3.7055843E-006
2.089489	3.8151165E-006
2.089739	3.9796478E-006
2.089989	4.1446983E-006
2.090239	4.2549168E-006
2.090489	4.4200096E-006
2.090739	4.5846891E-006
2.090989	4.6940031E-006
2.091239	4.8577804E-006
2.091489	5.0199128E-006
2.091739	5.1270445E-006
2.091989	5.2867254E-006
2.092239	5.4439888E-006
2.092489	5.5479372E-006
2.092738	5.7012121E-006
2.092988	5.8522605E-006
2.093238	5.9507361E-006
2.093488	6.0962216E-006
2.093738	6.2378649E-006
2.093988	6.3298553E-006
2.094238	6.4654596E-006
2.094488	6.5961872E-006
2.094738	6.6808370E-006
2.094988	6.8043419E-006
2.095238	6.9225107E-006
2.095488	6.9793314E-006
2.095738	7.0901169E-006
2.095988	7.1951622E-006
2.096238	7.2616840E-006
2.096488	7.3573401E-006
2.096738	7.4465993E-006
2.096988	7.5031371E-006
2.097238	7.5820490E-006
2.097488	7.6547694E-006
2.097738	7.6996766E-006
2.097988	7.7615578E-006
2.098238	7.8159856E-006
2.098488	7.8637886E-006
2.098738	7.8919920E-006
2.098988	7.9281926E-006
2.099238	7.9577285E-006
2.099488	7.9729352E-006
2.099738	7.9901465E-006
2.099988	8.0004957E-006
2.100238	8.0025948E-006
2.100487	8.0008358E-006
2.100738	7.9913461E-006
2.100987	7.9812762E-006
2.101238	7.9597266E-006
2.101487	7.9308247E-006
2.101737	7.9076735E-006
2.101987	7.8673938E-006
2.102237	7.8196244E-006
2.102487	7.7843169E-006
2.102737	7.7253189E-006
2.102987	7.6594324E-006
2.103237	7.6122906E-006
2.103487	7.5351631E-006
2.103737	7.4523132E-006
2.103987	7.3628435E-006
2.104237	7.3000538E-006
2.104487	7.2004373E-006
2.104737	7.0952556E-006
2.104987	7.0222786E-006
2.105237	6.9076809E-006
2.105487	6.7884466E-006
2.105737	6.7057313E-006
2.105987	6.5781246E-006
2.106237	6.4460478E-006
2.106487	6.3550665E-006
2.106737	6.2160875E-006
2.106987	6.0725947E-006
2.107237	5.9751724E-006
2.107487	5.8262181E-006
2.107737	5.6737208E-006
2.107987	5.5188525E-006
2.108237	5.4138673E-006
2.108486	5.2547198E-006
2.108737	5.0935832E-006
2.108986	4.9850232E-006
2.109236	4.8209108E-006
2.109486	4.6559348E-006
2.109736	4.5452371E-006
2.109986	4.3788737E-006
2.110236	4.2119045E-006
2.110486	4.1008152E-006
2.110736	3.9342140E-006
2.110986	3.7678985E-006
2.111236	3.6025517E-006
2.111486	3.4929215E-006
2.111736	3.3297267E-006
2.111986	3.1681900E-006
2.112236	3.0614628E-006
2.112486	2.9034181E-006
2.112736	2.7479362E-006
2.112986	2.6457935E-006
2.113236	2.4951294E-006
2.113486	2.3478071E-006
2.113736	2.2040645E-006
2.113986	2.1105297E-006
2.114236	1.9733197E-006
2.114486	1.8406299E-006
2.114736	1.7548150E-006
2.114986	1.6299756E-006
2.115236	1.5099888E-006
2.115486	1.4332041E-006
2.115736	1.3222688E-006
2.115986	1.2169501E-006
2.116235	1.1175090E-006
2.116486	1.0547544E-006
2.116735	9.6551878E-007
2.116986	8.8296031E-007
2.117235	8.3148615E-007
2.117485	7.5978971E-007
2.117735	6.9499066E-007
2.117985	6.3723610E-007
2.118235	6.0251995E-007
2.118485	5.5664259E-007
2.118735	5.1790295E-007
2.118985	4.9631035E-007
2.119235	4.7008942E-007
2.119485	4.5119106E-007
2.119735	4.4289999E-007
2.119985	4.3681126E-007
2.120235	4.3811622E-007
2.120485	4.4729731E-007
2.120735	4.5747598E-007
2.120985	4.7935669E-007
2.121235	5.0880584E-007
2.121485	5.3269531E-007
2.121735	5.7459977E-007
2.121985	6.2416996E-007
2.122235	6.8106181E-007
2.122485	7.2305971E-007
2.122735	7.9202999E-007
2.122985	8.6835138E-007
2.123235	9.2295312E-007
2.123485	1.0109018E-006
2.123735	1.1056269E-006
2.123985	1.1722636E-006
2.124234	1.2779582E-006
2.124485	1.3899235E-006
2.124734	1.5080741E-006
2.124985	1.5902617E-006
2.125234	1.7181668E-006
2.125484	1.8516270E-006
2.125734	1.9905788E-006
2.125984	2.0859300E-006
2.126234	2.2331878E-006
2.126484	2.3851956E-006
2.126734	2.4889484E-006
2.126984	2.6480056E-006
2.127234	2.8113152E-006
2.127484	2.9781006E-006
2.127734	3.0909825E-006
2.127984	3.2634437E-006
2.128234	3.4384991E-006
2.128484	3.5563160E-006
2.128734	3.7358081E-006
2.128984	3.9168153E-006
2.129234	4.0999180E-006
2.129484	4.2224547E-006
2.129734	4.4075041E-006
2.129984	4.5932111E-006
2.130234	4.7172325E-006
2.130484	4.9038949E-006
2.130734	5.0900549E-006
2.130984	5.2759810E-006
2.131234	5.3995923E-006
2.131484	5.5837145E-006
2.131734	5.7666844E-006
2.131984	5.9479985E-006
2.132234	6.0679163E-006
2.132483	6.2459003E-006
2.132734	6.4210544E-006
2.132983	6.5364065E-006
2.133233	6.7070873E-006
2.133483	6.8742024E-006
2.133733	7.0374781E-006
2.133983	7.1440354E-006
2.134233	7.3005758E-006
2.134483	7.4524837E-006
2.134733	7.5510407E-006
2.134983	7.6948281E-006
2.135233	7.8333642E-006
2.135483	7.9669180E-006
2.135733	8.0521377E-006
2.135983	8.1764065E-006
2.136233	8.2934794E-006
2.136483	8.4049070E-006
2.136733	8.4751046E-006
2.136983	8.5756301E-006
2.137233	8.6688760E-006
2.137483	8.7553335E-006
2.137733	8.8086708E-006
2.137983	8.8824336E-006
2.138233	8.9491969E-006
2.138483	8.9900996E-006
2.138733	9.0439744E-006
2.138983	9.0902422E-006
2.139233	9.1287802E-006
2.139483	9.1499314E-006
2.139733	9.1754891E-006
2.139983	9.1924403E-006
2.140233	9.2020091E-006
2.140482	9.2034452E-006
2.140733	9.1991178E-006
2.140982	9.1872735E-006
2.141232	9.1741922E-006
2.141482	9.1480551E-006
2.141732	9.1148058E-006
2.141982	9.0730846E-006
2.142232	9.0407348E-006
2.142482	8.9859905E-006
2.142732	8.9236692E-006
2.142982	8.8537454E-006
2.143232	8.8027518E-006
2.143482	8.7208673E-006
2.143732	8.6309519E-006
2.143982	8.5340835E-006
2.144232	8.4657941E-006
2.144482	8.3574796E-006
2.144732	8.2424967E-006
2.144982	8.1215503E-006
2.145232	8.0374248E-006
2.145482	7.9062793E-006
2.145732	7.7690102E-006
2.145982	7.6749529E-006
2.146232	7.5287171E-006
2.146482	7.3773122E-006
2.146732	7.2214598E-006
2.146982	7.1148593E-006
2.147232	6.9517641E-006
2.147482	6.7843162E-006
2.147732	6.6133512E-006
2.147982	6.4974975E-006
2.148232	6.3205662E-006
2.148482	6.1413216E-006
2.148731	5.9590452E-006
2.148982	5.8367923E-006
2.149231	5.6514946E-006
2.149481	5.4644079E-006
2.149731	5.2764435E-006
2.149981	5.1505162E-006
2.150231	4.9610635E-006
2.150481	4.7712738E-006
2.150731	4.5817055E-006
2.150981	4.4553899E-006
2.151231	4.2666570E-006
2.151481	4.0790474E-006
2.151731	3.8922922E-006
2.151981	3.7689656E-006
2.152231	3.5857761E-006
2.152481	3.4046084E-006
2.152731	3.2262610E-006
2.152981	3.1089605E-006
2.153231	2.9357520E-006
2.153481	2.7660899E-006
2.153731	2.6003456E-006
2.153981	2.4922338E-006
2.154231	2.3335961E-006
2.154481	2.1797173E-006
2.154731	2.0308805E-006
2.154981	1.9347683E-006
2.155231	1.7949134E-006
2.155481	1.6609639E-006
2.155731	1.5330563E-006
2.155981	1.4512851E-006
2.15623	1.3341615E-006
2.156481	1.2235467E-006
2.15673	1.1200855E-006
2.156981	1.0550571E-006
2.15723	9.6368137E-007
2.15748	8.7964946E-007
2.15773	8.0339981E-007
2.15798	7.5683971E-007
2.15823	6.9382247E-007
2.15848	6.3891349E-007
2.15873	5.9224465E-007
2.15898	5.6557286E-007
2.15923	5.3287238E-007
2.15948	5.0847854E-007
2.15973	4.9288559E-007
2.15998	4.8574998E-007
2.16023	4.8596172E-007
2.16048	4.9328150E-007
2.16073	5.0961410E-007
2.16098	5.3459172E-007
2.16123	5.5591278E-007
2.16148	5.9546653E-007
2.16173	6.4364195E-007
2.16198	6.9040271E-007
2.16223	7.3187806E-007
2.16248	8.0146083E-007
2.16273	8.7933194E-007
2.16298	9.6562292E-007
2.16323	1.0277156E-006
2.16348	1.1273736E-006
2.16373	1.2351439E-006
2.16398	1.3507073E-006
2.16423	1.4317815E-006
2.164479	1.5599450E-006
2.16473	1.6951667E-006
2.164979	1.8376211E-006
2.165229	1.9362521E-006
2.165479	2.0899415E-006
2.165729	2.2500153E-006
2.165979	2.4161855E-006
2.166229	2.5883544E-006
2.166479	2.7058882E-006
2.166729	2.8872430E-006
2.166979	3.0737369E-006
2.167229	3.2647790E-006
2.167479	3.3946264E-006
2.167729	3.5931012E-006
2.167979	3.7956584E-006
2.168229	4.0016180E-006
2.168479	4.1406142E-006
2.168729	4.3518589E-006
2.168979	4.5658312E-006
2.169229	4.7814260E-006
2.169479	4.9996806E-006
2.169729	5.1456573E-006
2.169979	5.3661138E-006
2.170229	5.5873720E-006
2.170479	5.8092623E-006
2.170729	5.9571357E-006
2.170979	6.1789924E-006
2.171229	6.4004307E-006
2.171479	6.6207490E-006
2.171729	6.8397871E-006
2.171978	6.9850939E-006
2.172229	7.2012413E-006
2.172478	7.4147829E-006
2.172729	7.6261426E-006
2.172978	7.7653349E-006
2.173229	7.9709716E-006
2.173478	8.1736234E-006
2.173728	8.3718060E-006
2.173978	8.5020811E-006
2.174228	8.6927821E-006
2.174478	8.8786310E-006
2.174728	9.0592830E-006
2.174978	9.2344935E-006
2.175228	9.3476474E-006
2.175478	9.5133928E-006
2.175728	9.6717986E-006
2.175978	9.8240653E-006
2.176228	9.9210201E-006
2.176478	1.0061655E-005
2.176728	1.0194234E-005
2.176978	1.0320225E-005
2.177228	1.0437749E-005
2.177478	1.0511283E-005
2.177728	1.0615785E-005
2.177978	1.0710753E-005
2.178228	1.0798343E-005
2.178478	1.0876550E-005
2.178728	1.0923482E-005
2.178978	1.0987029E-005
2.179228	1.1041120E-005
2.179478	1.1086136E-005
2.179728	1.1111068E-005
2.179978	1.1140827E-005
2.180228	1.1161163E-005
2.180478	1.1171858E-005
2.180727	1.1172619E-005
2.180977	1.1168623E-005
2.181227	1.1153938E-005
2.181477	1.1130146E-005
2.181727	1.1096543E-005
2.181977	1.1068581E-005
2.182227	1.1020109E-005
2.182477	1.0961185E-005
2.182727	1.0893231E-005
2.182977	1.0816765E-005
2.183227	1.0760927E-005
2.183477	1.0669020E-005
2.183727	1.0568592E-005
2.183977	1.0460675E-005
2.184227	1.0343405E-005
2.184477	1.0260968E-005
2.184727	1.0130298E-005
2.184977	9.9921390E-006
2.185227	9.8468954E-006
2.185477	9.7451066E-006
2.185727	9.5878186E-006
2.185977	9.4230900E-006
2.186227	9.2519422E-006
2.186477	9.0748808E-006
2.186727	8.9530577E-006
2.186977	8.7660364E-006
2.187227	8.5738884E-006
2.187477	8.3762889E-006
2.187726	8.1740418E-006
2.187977	8.0370583E-006
2.188226	7.8282674E-006
2.188477	7.6156493E-006
2.188726	7.3995170E-006
2.188977	7.1806999E-006
2.189226	7.0330534E-006
2.189476	6.8100530E-006
2.189726	6.5853997E-006
2.189976	6.3589555E-006
2.190226	6.1315727E-006
2.190476	5.9796835E-006
2.190726	5.7515117E-006
2.190976	5.5233531E-006
2.191226	5.2960486E-006
2.191476	5.0694280E-006
2.191726	4.9192704E-006
2.191976	4.6950117E-006
2.192226	4.4729159E-006
2.192476	4.2533024E-006
2.192726	4.0365485E-006
2.192976	3.8938838E-006
2.193226	3.6826455E-006
2.193476	3.4754682E-006
2.193726	3.2725845E-006
2.193976	3.0745971E-006
2.194226	2.9455321E-006
2.194476	2.7559829E-006
2.194726	2.5723682E-006
2.194976	2.3948051E-006
2.195226	2.2235877E-006
2.195476	2.1133433E-006
2.195726	1.9536731E-006
2.195976	1.8013834E-006
2.196226	1.6566501E-006
2.196476	1.5198423E-006
2.196726	1.4331110E-006
2.196975	1.3102340E-006
2.197225	1.1959082E-006
2.197475	1.0902779E-006
2.197725	9.9407407E-007
2.197975	9.3513529E-007
2.198225	8.5426643E-007
2.198475	7.8330777E-007
2.198725	7.2200743E-007
2.198975	6.7085438E-007
2.199225	6.2996622E-007
2.199475	6.0807116E-007
2.199725	5.8423319E-007
2.199975	5.7056189E-007
2.200225	5.6765481E-007
2.200475	5.7530809E-007
2.200725	5.8627217E-007
2.200975	6.1134284E-007
2.201225	6.4727845E-007
2.201475	6.9351489E-007
2.201725	7.5063099E-007
2.201975	7.9451365E-007
2.202225	8.6884825E-007
2.202475	9.5400435E-007
2.202725	1.0490883E-006
2.202975	1.1546769E-006
2.203225	1.2702118E-006
2.203475	1.3526256E-006
2.203725	1.4847489E-006
2.203974	1.6264213E-006
2.204225	1.7775994E-006
2.204474	1.9377485E-006
2.204725	2.0495847E-006
2.204974	2.2248062E-006
2.205225	2.4085293E-006
2.205474	2.6006151E-006
2.205724	2.8006421E-006
2.205974	2.9382172E-006
2.206224	3.1512056E-006
2.206474	3.3710667E-006
2.206724	3.5979954E-006
2.206974	3.8312724E-006
2.207224	4.0706464E-006
2.207474	4.2337183E-006
2.207724	4.4825319E-006
2.207974	4.7363346E-006
2.208224	4.9951104E-006
2.208474	5.2579594E-006
2.208724	5.4353491E-006
2.208974	5.7045118E-006
2.209224	5.9771610E-006
2.209474	6.2519471E-006
2.209724	6.5294071E-006
2.209974	6.8084737E-006
2.210224	6.9952525E-006
2.210474	7.2767971E-006
2.210724	7.5582925E-006
2.210974	7.8401099E-006
2.211224	8.1221406E-006
2.211474	8.4028006E-006
2.211724	8.5887541E-006
2.211974	8.8674578E-006
2.212224	9.1435832E-006
2.212474	9.4173756E-006
2.212723	9.6883387E-006
2.212973	9.8667206E-006
2.213223	1.0131802E-005
2.213473	1.0392736E-005
2.213723	1.0648528E-005
2.213973	1.0900394E-005
2.214223	1.1145309E-005
2.214473	1.1305992E-005
2.214723	1.1541553E-005
2.214973	1.1770016E-005
2.215223	1.1991930E-005
2.215473	1.2206664E-005
2.215723	1.2413583E-005
2.215973	1.2546299E-005
2.216223	1.2739797E-005
2.216473	1.2924149E-005
2.216723	1.3100001E-005
2.216973	1.3266085E-005
2.217223	1.3422648E-005
2.217473	1.3521092E-005
2.217723	1.3661689E-005
2.217973	1.3790887E-005
2.218223	1.3909605E-005
2.218473	1.4018549E-005
2.218723	1.4115711E-005
2.218973	1.4173908E-005
2.219223	1.4253432E-005
2.219473	1.4320533E-005
2.219723	1.4377305E-005
2.219973	1.4420649E-005
2.220222	1.4452833E-005
2.220473	1.4468276E-005
2.220722	1.4480418E-005
2.220973	1.4480938E-005
2.221222	1.4470662E-005
2.221473	1.4446837E-005
2.221722	1.4412920E-005
2.221972	1.4382266E-005
2.222222	1.4327406E-005
2.222472	1.4260746E-005
2.222722	1.4183297E-005
2.222972	1.4109020E-005
2.223222	1.4010555E-005
2.223472	1.3937720E-005
2.223722	1.3819846E-005
2.223972	1.3691602E-005
2.224222	1.3551749E-005
2.224472	1.3402538E-005
2.224722	1.3242292E-005
2.224972	1.3071562E-005
2.225222	1.2953121E-005
2.225472	1.2766576E-005
2.225722	1.2570907E-005
2.225972	1.2366916E-005
2.226222	1.2153431E-005
2.226472	1.1932287E-005
2.226722	1.1779843E-005
2.226972	1.1546615E-005
2.227222	1.1304807E-005
2.227472	1.1056846E-005
2.227722	1.0803077E-005
2.227972	1.0542660E-005
2.228222	1.0277071E-005
2.228472	1.0097429E-005
2.228721	9.8240434E-006
2.228971	9.5463647E-006
2.229221	9.2642695E-006
2.229471	8.9800433E-006
2.229721	8.6924583E-006
2.229971	8.4991671E-006
2.230221	8.2082915E-006
2.230471	7.9165820E-006
2.230721	7.6233937E-006
2.230971	7.3302126E-006
2.231221	7.0373098E-006
2.231471	6.8419690E-006
2.231721	6.5507415E-006
2.231971	6.2608883E-006
2.232221	5.9732670E-006
2.232471	5.6882573E-006
2.232721	5.4062189E-006
2.232971	5.1284246E-006
2.233221	4.8545194E-006
2.233471	4.6747518E-006
2.233721	4.4092421E-006
2.233971	4.1494468E-006
2.234221	3.8956496E-006
2.234471	3.6485367E-006
2.234721	3.4084348E-006
2.234971	3.2525152E-006
2.235221	3.0252240E-006
2.235471	2.8062161E-006
2.235721	2.5961413E-006
2.23597	2.3948855E-006
2.236221	2.2032507E-006
2.23647	2.0216455E-006
2.236721	1.9064936E-006
2.23697	1.7422299E-006
2.237221	1.5890537E-006
2.23747	1.4469799E-006
2.23772	1.3166165E-006
2.23797	1.1981807E-006
2.23822	1.0916524E-006
2.23847	1.0277764E-006
2.23872	9.4237117E-007
2.23897	8.6954361E-007
2.23922	8.0999814E-007
2.23947	7.6368042E-007
2.23972	7.3047102E-007
2.23997	7.1105939E-007
2.24022	7.0568456E-007
2.24047	7.0881606E-007
2.24072	7.2599835E-007
2.24097	7.5702951E-007
2.24122	8.0205160E-007
2.24147	8.6061749E-007
2.24172	9.3338537E-007
2.24197	1.0198228E-006
2.24222	1.0853006E-006
2.24247	1.1948852E-006
2.24272	1.3179836E-006
2.24297	1.4548925E-006
2.24322	1.6050287E-006
2.24347	1.7687165E-006
2.24372	1.9451527E-006
2.24397	2.0700811E-006
2.24422	2.2682409E-006
2.244469	2.4785029E-006
2.24472	2.7014096E-006
2.244969	2.9359514E-006
2.245219	3.1821385E-006
2.245469	3.4396837E-006
2.245719	3.7081302E-006
2.245969	3.8930434E-006
2.246219	4.1788994E-006
2.246469	4.4747985E-006
2.246719	4.7801195E-006
2.246969	5.0945455E-006
2.247219	5.4174711E-006
2.247469	5.7487114E-006
2.247719	5.9735662E-006
2.247969	6.3170628E-006
2.248219	6.6675516E-006
2.248469	7.0242309E-006
2.248719	7.3868159E-006
2.248969	7.7548893E-006
2.249219	8.1271000E-006
2.249469	8.5035999E-006
2.249719	8.7570497E-006
2.249969	9.1389466E-006
2.250219	9.5232535E-006
2.250469	9.9107101E-006
2.250719	1.0298388E-005
2.250969	1.0687054E-005
2.251219	1.1076286E-005
2.251469	1.1464525E-005
2.251719	1.1722537E-005
2.251969	1.2109003E-005
2.252218	1.2492822E-005
2.252469	1.2874372E-005
2.252718	1.3252585E-005
2.252969	1.3626859E-005
2.253218	1.3996396E-005
2.253469	1.4361827E-005
2.253718	1.4601420E-005
2.253968	1.4956789E-005
2.254218	1.5304024E-005
2.254468	1.5644675E-005
2.254718	1.5978359E-005
2.254968	1.6301949E-005
2.255218	1.6618331E-005
2.255468	1.6924665E-005
2.255718	1.7122478E-005
2.255968	1.7411086E-005
2.256218	1.7689126E-005
2.256468	1.7957585E-005
2.256718	1.8212724E-005
2.256968	1.8457122E-005
2.257218	1.8686897E-005
2.257468	1.8904593E-005
2.257718	1.9110183E-005
2.257968	1.9238067E-005
2.258218	1.9418861E-005
2.258468	1.9587307E-005
2.258718	1.9738871E-005
2.258968	1.9876345E-005
2.259218	1.9999865E-005
2.259468	2.0106565E-005
2.259718	2.0199557E-005
2.259968	2.0275414E-005
2.260218	2.0318077E-005
2.260468	2.0366149E-005
2.260717	2.0399668E-005
2.260967	2.0418165E-005
2.261217	2.0418396E-005
2.261467	2.0404064E-005
2.261717	2.0372339E-005
2.261967	2.0325217E-005
2.262217	2.0283054E-005
2.262467	2.0208259E-005
2.262717	2.0116540E-005
2.262967	2.0009244E-005
2.263217	1.9886123E-005
2.263467	1.9746592E-005
2.263717	1.9593524E-005
2.263967	1.9424135E-005
2.264217	1.9241124E-005
2.264467	1.9109320E-005
2.264717	1.8900500E-005
2.264967	1.8679195E-005
2.265217	1.8441911E-005
2.265467	1.8191244E-005
2.265717	1.7929580E-005
2.265967	1.7653683E-005
2.266217	1.7364961E-005
2.266467	1.7066166E-005
2.266717	1.6755142E-005
2.266967	1.6540787E-005
2.267217	1.6213538E-005
2.267467	1.5874326E-005
2.267717	1.5526262E-005
2.267967	1.5169773E-005
2.268217	1.4805755E-005
2.268466	1.4433021E-005
2.268717	1.4054469E-005
2.268966	1.3668880E-005
2.269217	1.3277783E-005
2.269466	1.3014159E-005
2.269716	1.2615173E-005
2.269966	1.2212171E-005
2.270216	1.1806873E-005
2.270466	1.1398208E-005
2.270716	1.0988719E-005
2.270966	1.0577372E-005
2.271216	1.0166262E-005
2.271466	9.7552447E-006
2.271716	9.3460030E-006
2.271966	9.0736194E-006
2.272216	8.6674745E-006
2.272466	8.2649594E-006
2.272716	7.8657340E-006
2.272966	7.4714171E-006
2.273216	7.0822512E-006
2.273466	6.6991779E-006
2.273716	6.3226357E-006
2.273966	5.9540016E-006
2.274216	5.5933115E-006
2.274466	5.3578997E-006
2.274716	5.0124063E-006
2.274966	4.6770278E-006
2.275216	4.3520367E-006
2.275466	4.0384457E-006
2.275716	3.7371310E-006
2.275966	3.4480645E-006
2.276216	3.1720303E-006
2.276465	2.9098039E-006
2.276716	2.6620519E-006
2.276965	2.5049703E-006
2.277215	2.2820277E-006
2.277465	2.0749142E-006
2.277715	1.8836703E-006
2.277965	1.7092925E-006
2.278215	1.5517084E-006
2.278465	1.4119246E-006
2.278715	1.2899712E-006
2.278965	1.1862691E-006
2.279215	1.1140534E-006
2.279465	1.0442238E-006
2.279715	9.9382612E-007
2.279965	9.7099735E-007
2.280215	9.5250971E-007
2.280465	9.5412429E-007
2.280715	9.7520251E-007
2.280965	1.0166671E-006
2.281215	1.0782355E-006
2.281465	1.1595957E-006
2.281715	1.2614283E-006
2.281965	1.3836503E-006
2.282215	1.5256940E-006
2.282465	1.6881024E-006
2.282715	1.8077777E-006
2.282965	2.0034356E-006
2.283215	2.2188951E-006
2.283465	2.4543410E-006
2.283715	2.7090346E-006
2.283965	2.9830312E-006
2.284214	3.2762919E-006
2.284465	3.5873722E-006
2.284714	3.9176289E-006
2.284965	4.2660158E-006
2.285214	4.6310915E-006
2.285464	5.0140316E-006
2.285714	5.2781638E-006
2.285964	5.6887820E-006
2.286214	6.1146056E-006
2.286464	6.5561444E-006
2.286714	7.0126534E-006
2.286964	7.4830523E-006
2.287214	7.9672809E-006
2.287464	8.4643361E-006
2.287714	8.9736868E-006
2.287964	9.4947127E-006
2.288214	1.0027056E-005
2.288464	1.0569277E-005
2.288714	1.1120588E-005
2.288964	1.1493568E-005
2.289214	1.2059289E-005
2.289464	1.2631683E-005
2.289714	1.3211867E-005
2.289964	1.3796725E-005
2.290214	1.4387491E-005
2.290464	1.4981960E-005
2.290714	1.5579368E-005
2.290964	1.6178496E-005
2.291214	1.6780699E-005
2.291464	1.7382672E-005
2.291714	1.7984154E-005
2.291964	1.8584185E-005
2.292213	1.9182557E-005
2.292464	1.9578702E-005
2.292713	2.0172773E-005
2.292964	2.0760082E-005
2.293213	2.1342325E-005
2.293463	2.1919073E-005
2.293713	2.2487904E-005
2.293963	2.3049137E-005
2.294213	2.3602268E-005
2.294463	2.4143561E-005
2.294713	2.4673745E-005
2.294963	2.5194273E-005
2.295213	2.5702273E-005
2.295463	2.6196170E-005
2.295713	2.6678883E-005
2.295963	2.6988977E-005
2.296213	2.7443864E-005
2.296463	2.7884997E-005
2.296713	2.8306662E-005
2.296963	2.8711407E-005
2.297213	2.9099208E-005
2.297463	2.9467590E-005
2.297713	2.9815435E-005
2.297963	3.0146346E-005
2.298213	3.0454230E-005
2.298463	3.0740543E-005
2.298713	3.1005908E-005
2.298963	3.1250609E-005
2.299213	3.1470961E-005
2.299463	3.1670541E-005
2.299713	3.1787844E-005
2.299963	3.1946936E-005
2.300213	3.2083335E-005
2.300462	3.2193882E-005
2.300713	3.2279648E-005
2.300962	3.2343352E-005
2.301212	3.2379066E-005
2.301462	3.2390912E-005
2.301712	3.2380554E-005
2.301962	3.2341432E-005
2.302212	3.2277447E-005
2.302462	3.2189222E-005
2.302712	3.2077834E-005
2.302962	3.1939187E-005
2.303212	3.1777945E-005
2.303462	3.1590902E-005
2.303712	3.1450370E-005
2.303962	3.1224994E-005
2.304212	3.0972893E-005
2.304462	3.0696920E-005
2.304712	3.0401028E-005
2.304962	3.0079182E-005
2.305212	2.9735595E-005
2.305462	2.9373319E-005
2.305712	2.8986084E-005
2.305962	2.8578985E-005
2.306212	2.8151702E-005
2.306462	2.7705382E-005
2.306712	2.7242197E-005
2.306962	2.6758169E-005
2.307212	2.6258072E-005
2.307462	2.5743337E-005
2.307712	2.5209341E-005
2.307961	2.4664494E-005
2.308212	2.4102737E-005
2.308461	2.3720888E-005
2.308712	2.3139350E-005
2.308961	2.2545722E-005
2.309211	2.1940314E-005
2.309461	2.1327483E-005
2.309711	2.0705394E-005
2.309961	2.0075087E-005
2.310211	1.9437923E-005
2.310461	1.8797600E-005
2.310711	1.8151599E-005
2.310961	1.7502642E-005
2.311211	1.6851756E-005
2.311461	1.6199552E-005
2.311711	1.5548925E-005
2.311961	1.4898431E-005
2.312211	1.4250273E-005
2.312461	1.3606659E-005
2.312711	1.2967022E-005
2.312961	1.2334413E-005
2.313211	1.1708334E-005
2.313461	1.1295550E-005
2.313711	1.0683626E-005
2.313961	1.0083053E-005
2.314211	9.4929692E-006
2.314461	8.9160649E-006
2.314711	8.3527457E-006
2.314961	7.8038211E-006
2.315211	7.2715043E-006
2.315461	6.7558281E-006
2.315711	6.2584140E-006
2.315961	5.7799316E-006
2.316211	5.3216081E-006
2.316461	4.8841921E-006
2.31671	4.4692451E-006
2.316961	4.0769537E-006
2.31721	3.7090356E-006
2.31746	3.3654519E-006
2.31771	3.0483736E-006
2.31796	2.7574583E-006
2.31821	2.4941123E-006
2.31846	2.2588495E-006
2.31871	2.0520658E-006
2.31896	1.8751476E-006
2.31921	1.7285668E-006
2.31946	1.6120117E-006
2.31971	1.5521063E-006
2.31996	1.4886892E-006
2.32021	1.4567619E-006
2.32046	1.4581425E-006
2.32071	1.4925175E-006
2.32096	1.5601400E-006
2.32121	1.6607761E-006
2.32146	1.7958554E-006
2.32171	1.9645090E-006
2.32196	2.1679145E-006
2.32221	2.4055382E-006
2.32246	2.6779476E-006
2.32271	2.9836851E-006
2.32296	3.3242591E-006
2.32321	3.6988533E-006
2.32346	4.1078456E-006
2.32371	4.5503339E-006
2.32396	5.0263452E-006
2.324209	5.5356209E-006
2.32446	6.0780517E-006
2.324709	6.6523376E-006
2.32496	7.2593466E-006
2.325209	7.8966832E-006
2.325459	8.5654110E-006
2.325709	9.2644168E-006
2.325959	9.9930357E-006
2.326209	1.0750118E-005
2.326459	1.1535465E-005
2.326709	1.2346643E-005
2.326959	1.3185866E-005
2.327209	1.3758994E-005
2.327459	1.4638221E-005
2.327709	1.5542126E-005
2.327959	1.6468368E-005
2.328209	1.7416729E-005
2.328459	1.8384926E-005
2.328709	1.9372774E-005
2.328959	2.0377453E-005
2.329209	2.1399803E-005
2.329459	2.2438770E-005
2.329709	2.3489880E-005
2.329959	2.4554454E-005
2.330209	2.5629522E-005
2.330459	2.6718515E-005
2.330709	2.7812477E-005
2.330959	2.8914963E-005
2.331209	3.0023390E-005
2.331459	3.1134376E-005
2.331709	3.2063093E-005
2.331959	3.3180495E-005
2.332209	3.4295444E-005
2.332458	3.5412264E-005
2.332709	3.6521669E-005
2.332958	3.7627491E-005
2.333208	3.8726179E-005
2.333458	3.9819352E-005
2.333708	4.0903196E-005
2.333958	4.1976491E-005
2.334208	4.3033349E-005
2.334458	4.4076583E-005
2.334708	4.5105615E-005
2.334958	4.6116587E-005
2.335208	4.7112724E-005
2.335458	4.8083592E-005
2.335708	4.9035683E-005
2.335958	4.9962320E-005
2.336208	5.0864819E-005
2.336458	5.1745083E-005
2.336708	5.2591840E-005
2.336958	5.3412710E-005
2.337208	5.4204615E-005
2.337458	5.4961518E-005
2.337708	5.5686156E-005
2.337958	5.6382632E-005
2.338208	5.7038440E-005
2.338458	5.7658388E-005
2.338708	5.8239326E-005
2.338958	5.8605878E-005
2.339208	5.9293168E-005
2.339458	5.9757069E-005
2.339708	6.0043185E-005
2.339957	6.0443010E-005
2.340208	6.0795144E-005
2.340457	6.1108098E-005
2.340708	6.1377803E-005
2.340957	6.1599334E-005
2.341208	6.1781357E-005
2.341457	6.1912389E-005
2.341707	6.2002138E-005
2.341957	6.2042076E-005
2.342207	6.2035549E-005
2.342457	6.1982602E-005
2.342707	6.1884100E-005
2.342957	6.1742685E-005
2.343207	6.1547609E-005
2.343457	6.1308296E-005
2.343707	6.1027582E-005
2.343957	6.0694572E-005
2.344207	6.0315706E-005
2.344457	5.9896560E-005
2.344707	5.9428046E-005
2.344957	5.8913087E-005
2.345207	5.8360565E-005
2.345457	5.7761630E-005
2.345707	5.7117719E-005
2.345957	5.6436707E-005
2.346207	5.5710181E-005
2.346457	5.4944103E-005
2.346707	5.4145916E-005
2.346957	5.3304691E-005
2.347207	5.2425705E-005
2.347457	5.1516665E-005
2.347707	5.0571049E-005
2.347957	4.9590937E-005
2.348207	4.8583865E-005
2.348457	4.7545120E-005
2.348706	4.6477278E-005
2.348956	4.5387522E-005
2.349206	4.4270204E-005
2.349456	4.3126864E-005
2.349706	4.1968600E-005
2.349956	4.0787909E-005
2.350206	3.9590832E-005
2.350456	3.8376562E-005
2.350706	3.7149537E-005
2.350956	3.5915255E-005
2.351206	3.4668086E-005
2.351456	3.3414242E-005
2.351706	3.2158598E-005
2.351956	3.0897460E-005
2.352206	2.9637169E-005
2.352456	2.8378516E-005
2.352706	2.7123227E-005
2.352956	2.5874662E-005
2.353206	2.4636340E-005
2.353456	2.3408467E-005
2.353706	2.2191980E-005
2.353956	2.0994265E-005
2.354206	1.9813197E-005
2.354456	1.8653585E-005
2.354706	1.7515596E-005
2.354956	1.6403452E-005
2.355206	1.5319332E-005
2.355456	1.4264949E-005
2.355705	1.3242819E-005
2.355956	1.2255211E-005
2.356205	1.1303378E-005
2.356456	1.0391565E-005
2.356705	9.5208488E-006
2.356956	8.6937353E-006
2.357205	7.9121637E-006
2.357455	7.1781915E-006
2.357705	6.4935557E-006
2.357955	5.8619889E-006
2.358205	5.2838491E-006
2.358455	4.7601907E-006
2.358705	4.1536096E-006
2.358955	3.8897642E-006
2.359205	3.4449033E-006
2.359455	3.1833385E-006
2.359705	2.9880687E-006
2.359955	2.8590741E-006
2.360205	2.7965561E-006
2.360455	2.8047878E-006
2.360705	2.8831921E-006
2.360955	3.0318834E-006
2.361205	3.2550170E-006
2.361455	3.5516150E-006
2.361705	3.9215729E-006
2.361955	4.3684868E-006
2.362205	4.8912448E-006
2.362455	5.4901338E-006
2.362705	6.1676669E-006
2.362955	6.9222665E-006
2.363205	7.7556097E-006
2.363455	8.6667033E-006
2.363705	9.6554395E-006
2.363955	1.0722963E-005
2.364205	1.1869591E-005
2.364455	1.3093712E-005
2.364704	1.4396357E-005
2.364954	1.5775999E-005
2.365204	1.7231807E-005
2.365454	1.8763565E-005
2.365704	2.0371148E-005
2.365954	2.2053358E-005
2.366204	2.3808863E-005
2.366454	2.5635152E-005
2.366704	2.7534508E-005
2.366954	2.9501662E-005
2.367204	3.1539450E-005
2.367454	3.3641321E-005
2.367704	3.5811274E-005
2.367954	3.8041606E-005
2.368204	4.0331357E-005
2.368454	4.2683110E-005
2.368704	4.5092067E-005
2.368954	4.7556307E-005
2.369204	5.0070765E-005
2.369454	5.2637221E-005
2.369704	5.5253171E-005
2.369954	5.7911719E-005
2.370204	6.0605966E-005
2.370454	6.3349398E-005
2.370704	6.6127708E-005
2.370954	6.8933317E-005
2.371204	7.2724732E-005
2.371454	7.5600801E-005
2.371704	7.8505203E-005
2.371953	8.1420345E-005
2.372204	8.4354397E-005
2.372453	8.7303211E-005
2.372704	9.0257272E-005
2.372953	9.3217786E-005
2.373204	9.6186137E-005
2.373453	9.9142104E-005
2.373703	1.0210239E-004
2.373953	1.0505258E-004
2.374203	1.0798697E-004
2.374453	1.1090603E-004
2.374703	1.1381444E-004
2.374953	1.1668084E-004
2.375203	1.1952453E-004
2.375453	1.2233990E-004
2.375703	1.2512621E-004
2.375953	1.2786523E-004
2.376203	1.3055220E-004
2.376453	1.3319924E-004
2.376703	1.3580703E-004
2.376953	1.3834586E-004
2.377203	1.4083867E-004
2.377453	1.4325636E-004
2.377703	1.4561029E-004
2.377953	1.4789497E-004
2.378203	1.5011764E-004
2.378453	1.5224579E-004
2.378703	1.5431120E-004
2.378953	1.5692438E-004
2.379203	1.5878091E-004
2.379453	1.6054280E-004
2.379703	1.6220656E-004
2.379953	1.6379477E-004
2.380203	1.6526462E-004
2.380453	1.6663401E-004
2.380702	1.6790676E-004
2.380952	1.6887760E-004
2.381202	1.6993929E-004
2.381452	1.7090260E-004
2.381702	1.7173852E-004
2.381952	1.7245796E-004
2.382202	1.7306667E-004
2.382452	1.7355499E-004
2.382702	1.7391142E-004
2.382952	1.7415499E-004
2.383202	1.7427048E-004
2.383452	1.7425185E-004
2.383702	1.7412167E-004
2.383952	1.7384955E-004
2.384202	1.7344850E-004
2.384452	1.7292464E-004
2.384702	1.7202356E-004
2.384952	1.7121235E-004
2.385202	1.7025064E-004
2.385452	1.6917921E-004
2.385702	1.6796801E-004
2.385952	1.6662281E-004
2.386202	1.6515801E-004
2.386452	1.6358563E-004
2.386702	1.6186402E-004
2.386952	1.6003317E-004
2.387202	1.5808881E-004
2.387452	1.5601530E-004
2.387702	1.5382780E-004
2.387952	1.5153699E-004
2.388201	1.4912647E-004
2.388452	1.4660745E-004
2.388701	1.4398938E-004
2.388952	1.4127317E-004
2.389201	1.3845472E-004
2.389452	1.3554284E-004
2.389701	1.3153774E-004
2.389951	1.2842531E-004
2.390201	1.2523029E-004
2.390451	1.2197267E-004
2.390701	1.1863496E-004
2.390951	1.1524057E-004
2.391201	1.1179307E-004
2.391451	1.0828513E-004
2.391701	1.0472953E-004
2.391951	1.0113876E-004
2.392201	9.7508680E-005
2.392451	9.3848495E-005
2.392701	9.0171576E-005
2.392951	8.6482702E-005
2.393201	8.2783088E-005
2.393451	7.9081699E-005
2.393701	7.5388329E-005
2.393951	7.1714698E-005
2.394201	6.6848857E-005
2.394451	6.3237596E-005
2.394701	5.9666789E-005
2.394951	5.6144887E-005
2.395201	5.2682408E-005
2.395451	4.9282844E-005
2.395701	4.5960813E-005
2.395951	4.2721811E-005
2.396201	3.9579252E-005
2.396451	3.6535577E-005
2.3967	3.3603894E-005
2.39695	3.0791631E-005
2.3972	2.8107457E-005
2.39745	2.5566174E-005
2.3977	2.3173516E-005
2.39795	2.0934505E-005
2.3982	1.8868433E-005
2.39845	1.6390608E-005
2.3987	1.4748332E-005
2.39895	1.3311047E-005
2.3992	1.2078271E-005
2.39945	1.1070616E-005
2.3997	1.0292641E-005
2.39995	9.7548882E-006
2.4002	9.4602783E-006
2.40045	9.4298421E-006
2.4007	9.6682206E-006
2.40095	1.0185132E-005
2.4012	1.0984701E-005
2.40145	1.2087145E-005
2.4017	1.3496107E-005
2.40195	1.5217843E-005
2.4022	1.8027355E-005
2.40245	2.0528503E-005
2.4027	2.3369617E-005
2.40295	2.6575250E-005
2.4032	3.0142448E-005
2.40345	3.4082801E-005
2.4037	3.8404509E-005
2.403949	4.3122134E-005
2.4042	4.8228983E-005
2.404449	5.3752683E-005
2.4047	5.9684378E-005
2.404949	6.6045490E-005
2.4052	7.2835603E-005
2.405449	8.0055470E-005
2.405699	8.7725275E-005
2.405949	9.8654207E-005
2.406199	1.0738178E-004
2.406449	1.1657077E-004
2.406699	1.2624450E-004
2.406949	1.3638847E-004
2.407199	1.4701839E-004
2.407449	1.5812782E-004
2.407699	1.6974352E-004
2.407949	1.8184161E-004
2.408199	1.9445366E-004
2.408449	2.0755826E-004
2.408699	2.2119176E-004
2.408949	2.3531810E-004
2.409199	2.4996826E-004
2.409449	2.7031786E-004
2.409699	2.8617360E-004
2.409949	3.0253368E-004
2.410199	3.1944815E-004
2.410449	3.3688120E-004
2.410699	3.5483856E-004
2.410949	3.7329632E-004
2.411199	3.9231119E-004
2.411449	4.1184976E-004
2.411699	4.3189342E-004
2.411949	4.5249370E-004
2.412199	4.7359426E-004
2.412448	5.0251733E-004
2.412699	5.2486168E-004
2.412948	5.4767408E-004
2.413198	5.7099300E-004
2.413448	5.9486140E-004
2.413698	6.1918539E-004
2.413948	6.4399093E-004
2.414198	6.6931738E-004
2.414448	6.9512444E-004
2.414698	7.2144024E-004
2.414948	7.4819720E-004
2.415198	7.7546539E-004
2.415448	8.1254792E-004
2.415698	8.4078935E-004
2.415948	8.6961250E-004
2.416198	8.9879642E-004
2.416448	9.2838320E-004
2.416698	9.5837895E-004
2.416948	9.8884862E-004
2.417198	1.0197047E-003
2.417448	1.0509855E-003
2.417698	1.0825944E-003
2.417948	1.1145256E-003
2.418198	1.1468640E-003
2.418448	1.1904699E-003
2.418698	1.2236885E-003
2.418948	1.2570843E-003
2.419198	1.2908193E-003
2.419448	1.3249107E-003
2.419698	1.3591696E-003
2.419948	1.3937630E-003
2.420197	1.4285531E-003
2.420448	1.4636820E-003
2.420697	1.4989420E-003
2.420948	1.5344039E-003
2.421197	1.5821983E-003
2.421447	1.6180805E-003
2.421697	1.6541033E-003
2.421947	1.6904080E-003
2.422197	1.7267284E-003
2.422447	1.7631297E-003
2.422697	1.7996248E-003
2.422947	1.8363349E-003
2.423197	1.8730212E-003
2.423447	1.9096825E-003
2.423697	1.9588361E-003
2.423947	1.9956082E-003
2.424197	2.0322246E-003
2.424447	2.0689692E-003
2.424697	2.1057045E-003
2.424947	2.1422578E-003
2.425197	2.1789332E-003
2.425447	2.2152793E-003
2.425697	2.2514933E-003
2.425947	2.2876351E-003
2.426197	2.3237357E-003
2.426447	2.3713992E-003
2.426697	2.4069648E-003
2.426947	2.4421858E-003
2.427197	2.4716135E-003
2.427447	2.5063935E-003
2.427697	2.5410338E-003
2.427947	2.5753244E-003
2.428197	2.6095363E-003
2.428447	2.6432492E-003
2.428696	2.6764954E-003
2.428946	2.7207078E-003
2.429196	2.7532133E-003
2.429446	2.7852936E-003
2.429696	2.8171025E-003
2.429946	2.8484310E-003
2.430196	2.8791518E-003
2.430446	2.9097828E-003
2.430696	2.9396096E-003
2.430946	2.9690033E-003
2.431196	3.0077032E-003
2.431446	3.0357810E-003
2.431696	3.0634133E-003
2.431946	3.0904282E-003
2.432196	3.1168943E-003
2.432446	3.1431343E-003
2.432696	3.1683380E-003
2.432946	3.1932131E-003
2.433196	3.2173707E-003
2.433446	3.2406838E-003
2.433696	3.2713097E-003
2.433946	3.2931175E-003
2.434196	3.3143151E-003
2.434446	3.3347427E-003
2.434696	3.3548248E-003
2.434946	3.3737761E-003
2.435196	3.3924046E-003
2.435446	3.4100206E-003
2.435696	3.4268561E-003
2.435946	3.4482093E-003
2.436196	3.4632755E-003
2.436445	3.4775073E-003
2.436696	3.4913067E-003
2.436945	3.5041054E-003
2.437196	3.5159208E-003
2.437445	3.5273344E-003
2.437695	3.5376127E-003
2.437945	3.5471311E-003
2.438195	3.5589053E-003
2.438445	3.5662062E-003
2.438695	3.5728759E-003
2.438945	3.5790817E-003
2.439195	3.5842017E-003
2.439445	3.5883659E-003
2.439695	3.5920572E-003
2.439945	3.5944569E-003
2.440195	3.5962451E-003
2.440445	3.5972400E-003
2.440695	3.5969571E-003
2.440945	3.5961089E-003
2.441195	3.5941338E-003
2.441445	3.5913482E-003
2.441695	3.5875570E-003
2.441945	3.5834254E-003
2.442195	3.5780787E-003
2.442445	3.5697338E-003
2.442695	3.5627976E-003
2.442945	3.5547053E-003
2.443195	3.5459837E-003
2.443445	3.5362570E-003
2.443695	3.5257353E-003
2.443945	3.5146598E-003
2.444195	3.5024518E-003
2.444444	3.4851688E-003
2.444695	3.4711647E-003
2.444944	3.4564200E-003
2.445194	3.4412099E-003
2.445444	3.4249520E-003
2.445694	3.4078581E-003
2.445944	3.3902314E-003
2.446194	3.3720017E-003
2.446444	3.3527894E-003
2.446694	3.3263355E-003
2.446944	3.3057714E-003
2.447194	3.2842585E-003
2.447444	3.2620667E-003
2.447694	3.2395781E-003
2.447944	3.2161884E-003
2.448194	3.1921014E-003
2.448444	3.1676872E-003
2.448694	3.1339037E-003
2.448944	3.1077538E-003
2.449194	3.0812002E-003
2.449444	3.0542400E-003
2.449694	3.0265313E-003
2.449944	2.9983113E-003
2.450194	2.9695192E-003
2.450444	2.9307392E-003
2.450694	2.9008749E-003
2.450944	2.8705592E-003
2.451194	2.8399737E-003
2.451444	2.8088023E-003
2.451694	2.7772593E-003
2.451944	2.7452065E-003
2.452193	2.7130011E-003
2.452444	2.6694224E-003
2.452693	2.6361798E-003
2.452944	2.6028536E-003
2.453193	2.5690936E-003
2.453443	2.5350200E-003
2.453693	2.5005904E-003
2.453943	2.4662165E-003
2.454193	2.4197674E-003
2.454443	2.3846587E-003
2.454693	2.3495350E-003
2.454943	2.3140241E-003
2.455193	2.2783831E-003
2.455443	2.2427433E-003
2.455693	2.2068284E-003
2.455943	2.1707956E-003
2.456193	2.1227587E-003
2.456443	2.0866620E-003
2.456693	2.0504207E-003
2.456943	2.0141569E-003
2.457193	1.9780558E-003
2.457443	1.9416871E-003
2.457693	1.9054118E-003
2.457943	1.8573443E-003
2.458193	1.8211110E-003
2.458443	1.7849806E-003
2.458693	1.7489486E-003
2.458943	1.7132130E-003
2.459193	1.6773639E-003
2.459443	1.6417346E-003
2.459693	1.5945897E-003
2.459943	1.5593258E-003
2.460192	1.5241758E-003
2.460443	1.4893690E-003
2.460692	1.4547025E-003
2.460943	1.4202286E-003
2.461192	1.3860299E-003
2.461442	1.3409083E-003
2.461692	1.3072756E-003
2.461942	1.2739099E-003
2.462192	1.2409455E-003
2.462442	1.2081625E-003
2.462692	1.1757419E-003
2.462942	1.1436582E-003
2.463192	1.1014330E-003
2.463442	1.0702045E-003
2.463692	1.0392281E-003
2.463942	1.0086638E-003
2.464192	9.7853364E-004
2.464442	9.4882865E-004
2.464692	9.1945590E-004
2.464942	8.8092015E-004
2.465192	8.5257919E-004
2.465442	8.2461024E-004
2.465692	7.9706515E-004
2.465942	7.6995598E-004
2.466192	7.4332743E-004
2.466442	7.1711565E-004
2.466692	6.8298558E-004
2.466942	6.5788248E-004
2.467192	6.3324656E-004
2.467442	6.0905237E-004
2.467692	5.8541005E-004
2.467942	5.6222460E-004
2.468192	5.3949474E-004
2.468441	5.1001192E-004
2.468692	4.8850529E-004
2.468941	4.6745094E-004
2.469191	4.4688737E-004
2.469441	4.2684234E-004
2.469691	4.0730421E-004
2.469941	3.8203047E-004
2.470191	3.6366962E-004
2.470441	3.4580712E-004
2.470691	3.2845282E-004
2.470941	3.1434806E-004
2.471191	2.9791813E-004
2.471441	2.7678563E-004
2.471691	2.6150577E-004
2.471941	2.4672310E-004
2.472191	2.3244144E-004
2.472441	2.1865824E-004
2.472691	2.0535881E-004
2.472941	1.8839004E-004
2.473191	1.7622714E-004
2.473441	1.6452845E-004
2.473691	1.5331822E-004
2.473941	1.4255934E-004
2.474191	1.3227151E-004
2.474441	1.2243656E-004
2.474691	1.1003907E-004
2.474941	1.0125740E-004
2.475191	9.2913826E-005
2.475441	8.5014515E-005
2.475691	7.7537079E-005
2.47594	7.0477545E-005
2.476191	6.1718238E-005
2.47644	5.5621545E-005
2.476691	4.9922917E-005
2.47694	4.4617827E-005
2.47719	3.9694423E-005
2.47744	3.5155521E-005
2.47769	2.9668057E-005
2.47794	2.5973901E-005
2.47819	2.2630622E-005
2.47844	1.9627088E-005
2.47869	1.6960526E-005
2.47894	1.4620296E-005
2.47919	1.1988101E-005
2.47944	1.0374271E-005
2.47969	9.0584754E-006
2.47994	8.0312620E-006
2.48019	7.2794724E-006
2.48044	6.8031359E-006
2.48069	6.5741965E-006
2.48094	6.6906932E-006
2.48119	7.0529009E-006
2.48144	7.6471633E-006
2.48169	8.4646999E-006
2.48194	9.4913012E-006
2.48219	1.1184343E-005
2.48244	1.2678777E-005
2.48269	1.4355877E-005
2.48294	1.6211028E-005
2.48319	1.8232462E-005
2.48344	2.0409980E-005
2.48369	2.3544224E-005
2.48394	2.6057047E-005
2.48419	2.8697264E-005
2.48444	3.1456861E-005
2.484689	3.4328237E-005
2.484939	3.7305479E-005
2.485189	4.1417221E-005
2.485439	4.4599838E-005
2.485689	4.7859467E-005
2.485939	5.1186482E-005
2.486189	5.4573346E-005
2.486439	5.8015357E-005
2.486689	6.2667576E-005
2.486939	6.6201726E-005
2.487189	6.9758695E-005
2.487439	7.3342882E-005
2.487689	7.6935750E-005
2.487939	8.1733553E-005
2.488189	8.5341009E-005
2.488439	8.8929817E-005
2.488689	9.2504917E-005
2.488939	9.6066513E-005
2.489189	9.9589073E-005
2.489439	1.0424499E-004
2.489689	1.0768614E-004
2.489939	1.1109501E-004
2.490189	1.1443693E-004
2.490439	1.1772700E-004
2.490689	1.2202675E-004
2.490939	1.2517987E-004
2.491189	1.2825041E-004
2.491439	1.3124396E-004
2.491689	1.3416573E-004
2.491939	1.3701411E-004
2.492188	1.4065955E-004
2.492439	1.4329514E-004
2.492688	1.4584133E-004
2.492939	1.4828221E-004
2.493188	1.5062190E-004
2.493438	1.5359670E-004
2.493688	1.5569293E-004
2.493938	1.5768467E-004
2.494188	1.5956820E-004
2.494438	1.6134580E-004
2.494688	1.6300134E-004
2.494938	1.6504046E-004
2.495188	1.6643007E-004
2.495438	1.6770225E-004
2.495688	1.6886849E-004
2.495938	1.6990621E-004
2.496188	1.7111104E-004
2.496438	1.7188778E-004
2.496688	1.7253107E-004
2.496938	1.7305449E-004
2.497188	1.7345433E-004
2.497438	1.7375640E-004
2.497688	1.7396032E-004
2.497938	1.7397269E-004
2.498188	1.7388663E-004
2.498438	1.7366977E-004
2.498688	1.7334256E-004
2.498938	1.7274896E-004
2.499188	1.7216011E-004
2.499438	1.7145961E-004
2.499688	1.7065500E-004
2.499938	1.6975866E-004
2.500188	1.6839457E-004
2.500437	1.6724851E-004
2.500688	1.6602338E-004
2.500937	1.6468167E-004
2.501187	1.6325223E-004
2.501437	1.6122029E-004
2.501687	1.5958534E-004
2.501937	1.5785532E-004
2.502187	1.5605064E-004
2.502437	1.5418610E-004
2.502687	1.5155638E-004
2.502937	1.4950124E-004
2.503187	1.4738852E-004
2.503437	1.4519464E-004
2.503687	1.4293818E-004
2.503937	1.3984516E-004
2.504187	1.3746190E-004
2.504437	1.3503256E-004
2.504687	1.3254321E-004
2.504937	1.3000752E-004
2.505187	1.2657775E-004
2.505437	1.2394864E-004
2.505687	1.2128529E-004
2.505937	1.1860215E-004
2.506187	1.1587900E-004
2.506437	1.1221442E-004
2.506687	1.0944317E-004
2.506937	1.0666138E-004
2.507187	1.0385691E-004
2.507437	1.0104055E-004
2.507687	9.7283701E-005
2.507936	9.4456671E-005
2.508187	9.1632348E-005
2.508436	8.8813315E-005
2.508687	8.5997395E-005
2.508936	8.2259758E-005
2.509187	7.9469937E-005
2.509436	7.6696255E-005
2.509686	7.3941192E-005
2.509936	7.1215778E-005
2.510186	6.7610192E-005
2.510436	6.4939122E-005
2.510686	6.2305320E-005
2.510936	5.9695714E-005
2.511186	5.7124984E-005
2.511436	5.3762622E-005
2.511686	5.1284489E-005
2.511936	4.8848240E-005
2.512186	4.6456680E-005
2.512436	4.4502249E-005
2.512686	4.1445492E-005
2.512936	3.9213795E-005
2.513186	3.7035126E-005
2.513436	3.4911380E-005
2.513686	3.2843483E-005
2.513936	3.0175643E-005
2.514186	2.8246226E-005
2.514436	2.6377740E-005
2.514686	2.4572020E-005
2.514936	2.2261287E-005
2.515186	2.0606363E-005
2.515436	1.9015299E-005
2.515686	1.7491142E-005
2.515936	1.6033977E-005
2.516186	1.4198098E-005
2.516436	1.2899989E-005
2.516685	1.1672493E-005
2.516935	1.0513671E-005
2.517185	9.0767217E-006
2.517435	8.0813916E-006
2.517685	7.1543454E-006
2.517935	6.2992162E-006
2.518185	5.5124369E-006
2.518435	4.5728120E-006
2.518685	3.9486085E-006
2.518935	3.3916820E-006
2.519185	2.9042542E-006
2.519435	2.4844348E-006
2.519685	2.0292530E-006
2.519935	1.7638095E-006
2.520185	1.5645295E-006
2.520435	1.4299225E-006
2.520685	1.3477811E-006
2.520935	1.3594239E-006
2.521185	1.4320582E-006
2.521435	1.5635062E-006
2.521685	1.7546724E-006
2.521935	2.0986547E-006
2.522185	2.4213400E-006
2.522435	2.7972428E-006
2.522685	3.2270543E-006
2.522935	3.7075281E-006
2.523185	4.4257504E-006
2.523435	5.0197195E-006
2.523685	5.6588424E-006
2.523935	6.3431003E-006
2.524184	7.3210513E-006
2.524435	8.1015660E-006
2.524684	8.9210735E-006
2.524935	9.7758357E-006
2.525184	1.0970878E-005
2.525434	1.1904237E-005
2.525684	1.2867436E-005
2.525934	1.3860235E-005
2.526184	1.4879251E-005
2.526434	1.6276601E-005
2.526684	1.7349232E-005
2.526934	1.8444432E-005
2.527184	1.9555697E-005
2.527434	2.1064337E-005
2.527684	2.2210679E-005
2.527934	2.3370354E-005
2.528184	2.4538596E-005
2.528434	2.5715528E-005
2.528684	2.7293898E-005
2.528934	2.8482393E-005
2.529184	2.9672361E-005
2.529434	3.0860185E-005
2.529684	3.2444292E-005
2.529934	3.3629294E-005
2.530184	3.4804722E-005
2.530434	3.5973429E-005
2.530684	3.7518104E-005
2.530934	3.8663842E-005
2.531184	3.9792380E-005
2.531434	4.0909730E-005
2.531684	4.2009091E-005
2.531934	4.3446802E-005
2.532184	4.4502387E-005
2.532434	4.5535406E-005
2.532683	4.6550158E-005
2.532933	4.7860678E-005
2.533183	4.8813818E-005
2.533433	4.9739359E-005
2.533683	5.0640032E-005
2.533933	5.1794079E-005
2.534183	5.2622541E-005
2.534433	5.3417829E-005
2.534683	5.4182477E-005
2.534933	5.5156172E-005
2.535183	5.5838635E-005
2.535433	5.6490167E-005
2.535683	5.7107343E-005
2.535933	5.7683024E-005
2.536183	5.8396636E-005
2.536433	5.8889160E-005
2.536683	5.9341266E-005
2.536933	5.9752259E-005
2.537183	6.0243037E-005
2.537433	6.0567698E-005
2.537683	6.0846654E-005
2.537933	6.1084982E-005
2.538183	6.1346007E-005
2.538433	6.1491002E-005
2.538683	6.1601662E-005
2.538933	6.1666549E-005
2.539183	6.1694474E-005
2.539433	6.1671097E-005
2.539683	6.1604806E-005
2.539932	6.1496263E-005
2.540183	6.1301682E-005
2.540432	6.1103055E-005
2.540683	6.0865623E-005
2.540932	6.0593989E-005
2.541183	6.0178867E-005
2.541432	5.9818656E-005
2.541682	5.9425216E-005
2.541932	5.8998787E-005
2.542182	5.8374950E-005
2.542432	5.7864647E-005
2.542682	5.7323508E-005
2.542932	5.6749624E-005
2.543182	5.5944110E-005
2.543432	5.5297944E-005
2.543682	5.4625558E-005
2.543932	5.3927997E-005
2.544182	5.2954336E-005
2.544432	5.2192114E-005
2.544682	5.1409774E-005
2.544932	5.0599261E-005
2.545182	4.9767168E-005
2.545432	4.8630071E-005
2.545682	4.7750778E-005
2.545932	4.6851237E-005
2.546182	4.5629266E-005
2.546432	4.4693483E-005
2.546682	4.3744956E-005
2.546932	4.2779982E-005
2.547182	4.1475403E-005
2.547432	4.0484461E-005
2.547682	3.9483584E-005
2.547932	3.8478320E-005
2.548182	3.7125341E-005
2.548432	3.6101184E-005
2.548681	3.5076602E-005
2.548931	3.4047178E-005
2.549181	3.2673121E-005
2.549431	3.1640964E-005
2.549681	3.0613694E-005
2.549931	2.9584404E-005
2.550181	2.8220740E-005
2.550431	2.7205610E-005
2.550681	2.6193464E-005
2.550931	2.5188427E-005
2.551181	2.3865281E-005
2.551431	2.2881610E-005
2.551681	2.1909515E-005
2.551931	2.0948475E-005
2.552181	1.9844068E-005
2.552431	1.8914281E-005
2.552681	1.7998276E-005
2.552931	1.7097631E-005
2.553181	1.5924552E-005
2.553431	1.5065588E-005
2.553681	1.4224335E-005
2.553931	1.3402934E-005
2.554181	1.2340979E-005
2.554431	1.1568764E-005
2.554681	1.0817859E-005
2.554931	9.8534902E-006
2.555181	9.1576776E-006
2.555431	8.4845460E-006
2.555681	7.8370103E-006
2.555931	7.0128617E-006
2.55618	6.4245523E-006
2.556431	5.8632945E-006
2.55668	5.3275999E-006
2.556931	4.6560945E-006
2.55718	4.1850294E-006
2.557431	3.7406721E-006
2.55768	3.3249244E-006
2.55793	2.8143543E-006
2.55818	2.4642384E-006
2.55843	2.1425587E-006
2.55868	1.7584849E-006
2.55893	1.5037048E-006
2.55918	1.2771652E-006
2.55943	1.0796547E-006
2.55968	8.6064000E-007
2.55993	7.2903066E-007
2.56018	6.2597354E-007
2.56043	5.5097689E-007
2.56068	4.9370448E-007
2.56093	4.8309386E-007
2.56118	4.9961875E-007
2.56143	5.4259118E-007
2.56168	6.4142188E-007
2.56193	7.4585063E-007
2.56218	8.7578599E-007
2.56243	1.0878508E-006
2.56268	1.2754032E-006
2.56293	1.4865260E-006
2.56318	1.7213659E-006
2.56343	2.0694140E-006
2.56368	2.3565269E-006
2.56393	2.6645525E-006
2.56418	2.9934347E-006
2.56443	3.4629702E-006
2.564679	3.8373623E-006
2.564929	4.2299421E-006
2.565179	4.7813451E-006
2.565429	5.2140613E-006
2.565679	5.6631634E-006
2.565929	6.1270621E-006
2.566179	6.7681663E-006
2.566429	7.2638250E-006
2.566679	7.7726099E-006
2.566929	8.2926526E-006
2.567179	9.0028107E-006
2.567429	9.5464638E-006
2.567679	1.0099013E-005
2.567929	1.0849114E-005
2.568179	1.1418824E-005
2.568429	1.1994821E-005
2.568679	1.2770805E-005
2.568929	1.3357925E-005
2.569179	1.3947174E-005
2.569429	1.4539037E-005
2.569679	1.5330819E-005
2.569929	1.5924579E-005
2.570179	1.6517584E-005
2.570429	1.7108150E-005
2.570679	1.7895773E-005
2.570929	1.8480385E-005
2.571179	1.9062400E-005
2.571429	1.9830199E-005
2.571679	2.0397911E-005
2.571929	2.0959438E-005
2.572179	2.1513844E-005
2.572428	2.2240218E-005
2.572679	2.2776097E-005
2.572928	2.3300123E-005
2.573179	2.3982926E-005
2.573428	2.4481478E-005
2.573678	2.4971050E-005
2.573928	2.5444531E-005
2.574178	2.6055935E-005
2.574428	2.6501521E-005
2.574678	2.6929511E-005
2.574928	2.7476444E-005
2.575178	2.7869173E-005
2.575428	2.8247248E-005
2.575678	2.8609253E-005
2.575928	2.9063016E-005
2.576178	2.9382327E-005
2.576428	2.9683775E-005
2.576678	3.0057983E-005
2.576928	3.0319461E-005
2.577178	3.0559801E-005
2.577428	3.0850577E-005
2.577678	3.1045842E-005
2.577928	3.1222815E-005
2.578178	3.1378928E-005
2.578428	3.1556130E-005
2.578678	3.1668813E-005
2.578928	3.1757816E-005
2.579178	3.1846557E-005
2.579428	3.1887834E-005
2.579678	3.1912161E-005
2.579928	3.1914420E-005
2.580178	3.1886731E-005
2.580427	3.1841690E-005
2.580678	3.1780764E-005
2.580927	3.1665048E-005
2.581177	3.1554566E-005
2.581427	3.1424785E-005
2.581677	3.1227089E-005
2.581927	3.1054435E-005
2.582177	3.0862393E-005
2.582427	3.0652922E-005
2.582677	3.0349809E-005
2.582927	3.0098863E-005
2.583177	2.9831279E-005
2.583427	2.9450197E-005
2.583677	2.9146711E-005
2.583927	2.8825267E-005
2.584177	2.8488930E-005
2.584427	2.8021030E-005
2.584677	2.7651333E-005
2.584927	2.7268416E-005
2.585177	2.6737789E-005
2.585427	2.6324456E-005
2.585677	2.5901558E-005
2.585927	2.5319536E-005
2.586177	2.4868863E-005
2.586427	2.4407997E-005
2.586677	2.3781138E-005
2.586927	2.3299968E-005
2.587177	2.2812837E-005
2.587427	2.2316464E-005
2.587677	2.1644359E-005
2.587927	2.1133526E-005
2.588176	2.0618743E-005
2.588427	1.9922889E-005
2.588676	1.9396599E-005
2.588927	1.8867269E-005
2.589176	1.8159217E-005
2.589426	1.7623575E-005
2.589676	1.7087588E-005
2.589926	1.6642078E-005
2.590176	1.5927648E-005
2.590426	1.5392097E-005
2.590676	1.4859300E-005
2.590926	1.4151885E-005
2.591176	1.3622679E-005
2.591426	1.3099610E-005
2.591676	1.2406937E-005
2.591926	1.1892467E-005
2.592176	1.1383329E-005
2.592426	1.0714526E-005
2.592676	1.0220663E-005
2.592926	9.7340862E-006
2.593176	9.2550445E-006
2.593426	8.6289574E-006
2.593676	8.1694989E-006
2.593926	7.7199347E-006
2.594176	7.1351037E-006
2.594426	6.7089113E-006
2.594676	6.2932336E-006
2.594926	5.7568859E-006
2.595176	5.3678586E-006
2.595426	4.9911869E-006
2.595676	4.5082552E-006
2.595926	4.1609001E-006
2.596175	3.8270914E-006
2.596426	3.4030079E-006
2.596675	3.1009788E-006
2.596925	2.8128193E-006
2.597175	2.4514643E-006
2.597425	2.1974470E-006
2.597675	1.9582305E-006
2.597925	1.7337505E-006
2.598175	1.4583703E-006
2.598425	1.2696553E-006
2.598675	1.0963008E-006
2.598925	8.8937583E-007
2.599175	7.5241695E-007
2.599425	6.3107518E-007
2.599675	4.9335102E-007
2.599925	4.0857651E-007
2.600175	3.3915927E-007
2.600425	2.7114882E-007
2.600675	2.3816737E-007
2.600925	2.2059585E-007
2.601175	2.2076702E-007
2.601425	2.3872352E-007
2.601675	2.7167783E-007
2.601925	3.3868002E-007
2.602175	4.0588935E-007
2.602425	4.8744329E-007
2.602675	6.1811670E-007
2.602925	7.3241182E-007
2.603175	8.6030133E-007
2.603425	1.0512432E-006
2.603675	1.2096892E-006
2.603925	1.3806302E-006
2.604175	1.6278256E-006
2.604424	1.8270900E-006
2.604675	2.0375903E-006
2.604924	2.2594040E-006
2.605175	2.5722672E-006
2.605424	2.8184545E-006
2.605674	3.0745648E-006
2.605924	3.4309301E-006
2.606174	3.7086729E-006
2.606424	3.9947140E-006
2.606674	4.3883633E-006
2.606924	4.6925138E-006
2.607174	5.0035046E-006
2.607424	5.4285733E-006
2.607674	5.7538746E-006
2.607924	6.0847883E-006
2.608174	6.5338199E-006
2.608424	6.8760569E-006
2.608674	7.2213074E-006
2.608924	7.6872548E-006
2.609174	8.0405662E-006
2.609424	8.3952191E-006
2.609674	8.8715587E-006
2.609924	9.2290884E-006
2.610174	9.5879732E-006
2.610424	1.0067721E-005
2.610674	1.0425497E-005
2.610924	1.0782976E-005
2.611174	1.1257624E-005
2.611424	1.1611629E-005
2.611674	1.1962014E-005
2.611924	1.2425049E-005
2.612174	1.2767811E-005
2.612423	1.3106578E-005
2.612674	1.3553205E-005
2.612923	1.3881172E-005
2.613173	1.4203310E-005
2.613423	1.4625875E-005
2.613673	1.4934392E-005
2.613923	1.5235630E-005
2.614173	1.5627087E-005
2.614423	1.5912927E-005
2.614673	1.6189453E-005
2.614923	1.6546082E-005
2.615173	1.6803988E-005
2.615423	1.7051594E-005
2.615673	1.7368100E-005
2.615923	1.7594326E-005
2.616173	1.7811421E-005
2.616423	1.8083985E-005
2.616673	1.8276021E-005
2.616923	1.8517514E-005
2.617173	1.8684310E-005
2.617423	1.8839679E-005
2.617673	1.9030473E-005
2.617923	1.9159137E-005
2.618173	1.9278094E-005
2.618423	1.9417626E-005
2.618673	1.9507021E-005
2.618923	1.9584904E-005
2.619173	1.9673047E-005
2.619423	1.9722465E-005
2.619673	1.9760060E-005
2.619923	1.9794155E-005
2.620173	1.9804200E-005
2.620423	1.9801137E-005
2.620672	1.9780349E-005
2.620923	1.9751349E-005
2.621172	1.9708676E-005
2.621422	1.9634008E-005
2.621672	1.9564513E-005
2.621922	1.9485093E-005
2.622172	1.9357134E-005
2.622422	1.9249177E-005
2.622672	1.9088635E-005
2.622922	1.8956431E-005
2.623172	1.8811665E-005
2.623422	1.8603361E-005
2.623672	1.8434126E-005
2.623922	1.8255967E-005
2.624172	1.8004561E-005
2.624422	1.7803535E-005
2.624672	1.7593129E-005
2.624922	1.7300021E-005
2.625172	1.7070704E-005
2.625422	1.6831875E-005
2.625672	1.6502030E-005
2.625922	1.6247031E-005
2.626172	1.6026679E-005
2.626422	1.5666792E-005
2.626672	1.5388694E-005
2.626922	1.5105157E-005
2.627172	1.4718071E-005
2.627422	1.4420930E-005
2.627672	1.4017212E-005
2.627922	1.3709074E-005
2.628171	1.3397280E-005
2.628422	1.2976600E-005
2.628671	1.2656410E-005
2.628922	1.2333096E-005
2.629171	1.1900415E-005
2.629421	1.1572323E-005
2.629671	1.1242686E-005
2.629921	1.0802923E-005
2.630171	1.0471099E-005
2.630421	1.0139417E-005
2.630671	9.6973536E-006
2.630921	9.3673107E-006
2.631171	8.9279529E-006
2.631421	8.5994116E-006
2.631671	8.2737606E-006
2.631921	7.8430448E-006
2.632171	7.5225803E-006
2.632421	7.2046296E-006
2.632671	6.7869487E-006
2.632921	6.4784767E-006
2.633171	6.1738142E-006
2.633421	5.7747575E-006
2.633671	5.4815023E-006
2.633921	5.0979966E-006
2.634171	4.8173406E-006
2.634421	4.5427068E-006
2.634671	4.1858984E-006
2.634921	3.9259830E-006
2.635171	3.6728993E-006
2.635421	3.3466661E-006
2.635671	3.1107143E-006
2.635921	2.8821937E-006
2.636171	2.5901743E-006
2.63642	2.3805067E-006
2.636671	2.1140911E-006
2.63692	1.9242511E-006
2.63717	1.7431726E-006
2.63742	1.5157684E-006
2.63767	1.3558862E-006
2.63792	1.2050682E-006
2.63817	1.0188082E-006
2.63842	8.9031255E-007
2.63867	7.7125230E-007
2.63892	6.2785864E-007
2.63917	5.3140963E-007
2.63942	4.1842989E-007
2.63967	3.4531314E-007
2.63992	2.8199628E-007
2.64017	2.1315796E-007
2.64042	1.7292619E-007
2.64067	1.4276246E-007
2.64092	1.1795400E-007
2.64117	1.1069707E-007
2.64142	1.1642262E-007
2.64167	1.3202894E-007
2.64192	1.5723515E-007
2.64217	2.0561603E-007
2.64242	2.5287275E-007
2.64267	3.0946680E-007
2.64292	3.9909804E-007
2.64317	4.7677824E-007
2.64342	5.9406489E-007
2.64367	6.9193919E-007
2.643919	7.9840174E-007
2.64417	9.5306581E-007
2.644419	1.0782767E-006
2.64467	1.2114750E-006
2.644919	1.4005965E-006
2.645169	1.5511110E-006
2.645419	1.7625831E-006
2.645669	1.9289691E-006
2.645919	2.1020510E-006
2.646169	2.3422481E-006
2.646419	2.5293339E-006
2.646669	2.7219799E-006
2.646919	2.9871717E-006
2.647169	3.1920461E-006
2.647419	3.4722132E-006
2.647669	3.6873071E-006
2.647919	3.9064221E-006
2.648169	4.2044144E-006
2.648419	4.4316930E-006
2.648669	4.7395351E-006
2.648919	4.9732867E-006
2.649169	5.2093023E-006
2.649419	5.5273413E-006
2.649669	5.7671696E-006
2.649919	6.0091847E-006
2.650169	6.3326502E-006
2.650419	6.5755271E-006
2.650669	6.9006969E-006
2.650919	7.1434306E-006
2.651169	7.3858969E-006
2.651419	7.7082141E-006
2.651669	7.9490710E-006
2.651919	8.2669530E-006
2.652169	8.5029451E-006
2.652419	8.7377011E-006
2.652668	9.0457570E-006
2.652918	9.2731389E-006
2.653168	9.4984734E-006
2.653418	9.7929387E-006
2.653668	1.0008748E-005
2.653918	1.0290543E-005
2.654168	1.0497090E-005
2.654418	1.0698325E-005
2.654668	1.0960782E-005
2.654918	1.1150724E-005
2.655168	1.1396087E-005
2.655418	1.1573678E-005
2.655668	1.1744720E-005
2.655918	1.1963868E-005
2.656168	1.2120399E-005
2.656418	1.2271284E-005
2.656668	1.2461467E-005
2.656918	1.2595484E-005
2.657168	1.2765030E-005
2.657418	1.2882992E-005
2.657668	1.2993032E-005
2.657918	1.3128585E-005
2.658168	1.3222667E-005
2.658418	1.3334666E-005
2.658668	1.3409023E-005
2.658918	1.3475304E-005
2.659168	1.3552140E-005
2.659418	1.3600024E-005
2.659668	1.3653186E-005
2.659918	1.3682306E-005
2.660167	1.3703212E-005
2.660418	1.3719985E-005
2.660667	1.3721538E-005
2.660918	1.3713916E-005
2.661167	1.3698163E-005
2.661417	1.3675541E-005
2.661667	1.3632098E-005
2.661917	1.3589592E-005
2.662167	1.3521183E-005
2.662417	1.3461628E-005
2.662667	1.3393619E-005
2.662917	1.3291090E-005
2.663167	1.3205201E-005
2.663417	1.3081018E-005
2.663667	1.2977993E-005
2.663917	1.2867716E-005
2.664167	1.2711079E-005
2.664417	1.2585551E-005
2.664667	1.2408219E-005
2.664917	1.2268416E-005
2.665167	1.2121306E-005
2.665417	1.1916879E-005
2.665667	1.1757314E-005
2.665917	1.1535347E-005
2.666167	1.1362286E-005
2.666417	1.1184590E-005
2.666667	1.0941014E-005
2.666917	1.0751907E-005
2.667167	1.0493804E-005
2.667417	1.0295894E-005
2.667667	1.0094076E-005
2.667917	9.8193586E-006
2.668167	9.6089807E-006
2.668417	9.3247472E-006
2.668667	9.1091915E-006
2.668916	8.8170436E-006
2.669166	8.5953325E-006
2.669416	8.3722289E-006
2.669666	8.0723521E-006
2.669916	7.8463781E-006
2.670166	7.5434364E-006
2.670416	7.3152219E-006
2.670666	7.0873066E-006
2.670916	6.7828510E-006
2.671166	6.5548165E-006
2.671416	6.2517947E-006
2.671666	6.0253456E-006
2.671916	5.8003811E-006
2.672166	5.5023256E-006
2.672416	5.2809651E-006
2.672666	4.9890896E-006
2.672916	4.7723656E-006
2.673166	4.5584693E-006
2.673416	4.2772281E-006
2.673666	4.0700493E-006
2.673916	3.7988962E-006
2.674166	3.5995115E-006
2.674416	3.3396054E-006
2.674666	3.1491543E-006
2.674916	2.9632822E-006
2.675166	2.7223971E-006
2.675416	2.5468462E-006
2.675666	2.3206899E-006
2.675915	2.1570218E-006
2.676166	1.9468589E-006
2.676415	1.7955637E-006
2.676666	1.6497586E-006
2.676915	1.4644279E-006
2.677166	1.3322441E-006
2.677415	1.1654340E-006
2.677665	1.0475851E-006
2.677915	9.3598692E-007
2.678165	7.9711390E-007
2.678415	7.0050055E-007
2.678665	5.8203273E-007
2.678915	5.0086976E-007
2.679165	4.0327350E-007
2.679415	3.3795394E-007
2.679665	2.7952922E-007
2.679915	2.1225139E-007
2.680165	1.6992762E-007
2.680415	1.2425386E-007
2.680665	9.8062806E-008
2.680915	7.3982712E-008
2.681165	6.3980011E-008
2.681415	6.0867045E-008
2.681665	6.7298942E-008
2.681915	8.0138811E-008
2.682165	1.0776195E-007
2.682415	1.3627205E-007
2.682665	1.7133380E-007
2.682915	2.2836312E-007
2.683165	2.7861142E-007
2.683415	3.5551358E-007
2.683665	4.2029208E-007
2.683915	5.1637056E-007
2.684165	5.9531806E-007
2.684415	6.8003834E-007
2.684664	8.0199476E-007
2.684914	8.9975356E-007
2.685164	1.0385553E-006
2.685414	1.1487324E-006
2.685664	1.3034451E-006
2.685914	1.4250699E-006
2.686164	1.5943767E-006
2.686414	1.7265187E-006
2.686664	1.8628440E-006
2.686914	2.0509963E-006
2.687164	2.1964593E-006
2.687414	2.3960356E-006
2.687664	2.5497079E-006
2.687914	2.7593567E-006
2.688164	2.9199120E-006
2.688414	3.0829501E-006
2.688664	3.3047158E-006
2.688914	3.4732793E-006
2.689164	3.7011221E-006
2.689414	3.8742155E-006
2.689664	4.1069256E-006
2.689914	4.2827069E-006
2.690164	4.4593221E-006
2.690414	4.6964483E-006
2.690664	4.8747484E-006
2.690914	5.1128404E-006
2.691164	5.2908949E-006
2.691414	5.5284754E-006
2.691664	5.7055536E-006
2.691914	5.8818787E-006
2.692163	6.1163105E-006
2.692414	6.2900185E-006
2.692663	6.5196064E-006
2.692914	6.6899565E-006
2.693163	6.9135822E-006
2.693413	7.0786168E-006
2.693663	7.2413841E-006
2.693913	7.4548598E-006
2.694163	7.6110659E-006
2.694413	7.7896966E-006
2.694663	7.9395259E-006
2.694913	8.1339222E-006
2.695163	8.2750148E-006
2.695413	8.4575886E-006
2.695663	8.5901574E-006
2.695913	8.7601202E-006
2.696163	8.8821753E-006
2.696413	8.9998648E-006
2.696663	9.1495640E-006
2.696913	9.2563350E-006
2.697163	9.3919498E-006
2.697413	9.4868319E-006
2.697663	9.6059102E-006
2.697913	9.6895219E-006
2.698163	9.7668062E-006
2.698413	9.8617656E-006
2.698663	9.9265999E-006
2.698913	1.0005143E-005
2.699163	1.0056589E-005
2.699413	1.0116338E-005
2.699663	1.0154307E-005
2.699913	1.0196257E-005
2.700163	1.0221303E-005
2.700413	1.0245107E-005
2.700662	1.0255389E-005
2.700912	1.0259954E-005
2.701162	1.0257381E-005
2.701412	1.0248819E-005
2.701662	1.0227738E-005
2.701912	1.0204608E-005
2.702162	1.0165617E-005
2.702412	1.0129270E-005
2.702662	1.0073443E-005
2.702912	1.0023778E-005
2.703162	9.9686658E-006
2.703412	9.8878791E-006
2.703662	9.8203191E-006
2.703912	9.7221900E-006
2.704162	9.6421818E-006
2.704412	9.5285150E-006
2.704662	9.4373545E-006
2.704912	9.3084282E-006
2.705162	9.2058099E-006
2.705412	9.0630956E-006
2.705662	8.9499435E-006
2.705912	8.7933668E-006
2.706162	8.6706923E-006
2.706412	8.5447828E-006
2.706662	8.3706418E-006
2.706912	8.2357328E-006
2.707162	8.0515583E-006
2.707412	7.9089077E-006
2.707662	7.7145187E-006
2.707911	7.5649241E-006
2.708162	7.3621245E-006
2.708411	7.2068556E-006
2.708662	7.0494893E-006
2.708911	6.8371664E-006
2.709162	6.6757370E-006
2.709411	6.4579658E-006
2.709661	6.2924455E-006
2.709911	6.0708912E-006
2.710161	5.9037880E-006
2.710411	5.6793247E-006
2.710661	5.5103055E-006
2.710911	5.2851956E-006
2.711161	5.1157140E-006
2.711411	4.8903053E-006
2.711661	4.7215708E-006
2.711911	4.5536235E-006
2.712161	4.3308441E-006
2.712411	4.1646945E-006
2.712661	3.9454862E-006
2.712911	3.7822974E-006
2.713161	3.5675605E-006
2.713411	3.4084035E-006
2.713661	3.1996033E-006
2.713911	3.0454885E-006
2.714161	2.8438305E-006
2.714411	2.6955317E-006
2.714661	2.5019708E-006
2.714911	2.3602688E-006
2.715161	2.1762903E-006
2.715411	2.0419955E-006
2.715661	1.9112063E-006
2.715911	1.7421817E-006
2.716161	1.6198329E-006
2.71641	1.4628228E-006
2.71666	1.3495045E-006
2.71691	1.2049455E-006
2.71716	1.1015036E-006
2.71741	9.7033194E-007
2.71766	8.7711754E-007
2.71791	7.5992500E-007
2.71816	6.7747476E-007
2.71841	5.7499039E-007
2.71866	5.0363133E-007
2.71891	4.1624108E-007
2.71916	3.5650748E-007
2.71941	2.8450594E-007
2.71966	2.3649849E-007
2.71991	1.9351759E-007
2.72016	1.4429878E-007
2.72041	1.1331942E-007
2.72066	8.0107512E-008
2.72091	6.1240584E-008
2.72116	4.4170328E-008
2.72141	3.7326743E-008
2.72166	3.6304247E-008
2.72191	4.1533244E-008
2.72216	5.6436264E-008
2.72241	7.3479562E-008
2.72266	1.0407502E-007
2.72291	1.3281016E-007
2.72316	1.7876542E-007
2.72341	2.1878657E-007
2.72366	2.7968872E-007
2.72391	3.3081434E-007
2.724159	4.0607480E-007
2.72441	4.6778052E-007
2.724659	5.5684319E-007
2.72491	6.2867542E-007
2.725159	7.3097152E-007
2.72541	8.1233611E-007
2.725659	8.9757583E-007
2.725909	1.0172372E-006
2.726159	1.1112681E-006
2.726409	1.2420859E-006
2.726659	1.3268608E-006
2.726909	1.4672677E-006
2.727159	1.5762739E-006
2.727409	1.7260201E-006
2.727659	1.8415736E-006
2.727909	1.9997510E-006
2.728159	2.1211072E-006
2.728409	2.2864926E-006
2.728659	2.4128565E-006
2.728909	2.5842987E-006
2.729159	2.7151709E-006
2.729409	2.8918262E-006
2.729659	3.0256308E-006
2.729909	3.2061293E-006
2.730159	3.3424426E-006
2.730409	3.5257522E-006
2.730659	3.6638785E-006
2.730909	3.8486082E-006
2.731159	3.9872002E-006
2.731409	4.1720114E-006
2.731659	4.3108421E-006
2.731909	4.4952576E-006
2.732159	4.6328400E-006
2.732409	4.8150646E-006
2.732658	4.9511086E-006
2.732908	5.1300731E-006
2.733158	5.2631181E-006
2.733408	5.3943190E-006
2.733658	5.5670857E-006
2.733908	5.7364923E-006
2.734158	5.8615678E-006
2.734408	5.9840668E-006
2.734658	6.1440833E-006
2.734908	6.2612148E-006
2.735158	6.4134429E-006
2.735408	6.5241243E-006
2.735658	6.6682487E-006
2.735908	6.7721048E-006
2.736158	6.9059924E-006
2.736408	7.0023793E-006
2.736658	7.1257946E-006
2.736908	7.2147550E-006
2.737158	7.3272286E-006
2.737408	7.4068698E-006
2.737658	7.5080147E-006
2.737908	7.5788485E-006
2.738158	7.6669694E-006
2.738408	7.7281447E-006
2.738658	7.8036092E-006
2.738908	7.8556295E-006
2.739158	7.9176107E-006
2.739408	7.9588908E-006
2.739658	8.0081354E-006
2.739908	8.0388854E-006
2.740158	8.0734708E-006
2.740407	8.0936697E-006
2.740658	8.1144162E-006
2.740907	8.1249336E-006
2.741158	8.1313392E-006
2.741407	8.1305761E-006
2.741657	8.1225335E-006
2.741907	8.1112221E-006
2.742157	8.0901937E-006
2.742407	8.0683658E-006
2.742657	8.0328628E-006
2.742907	8.0004893E-006
2.743157	7.9511401E-006
2.743407	7.9096289E-006
2.743657	7.8471248E-006
2.743907	7.7950899E-006
2.744157	7.7204804E-006
2.744407	7.6588140E-006
2.744657	7.5712896E-006
2.744907	7.5006101E-006
2.745157	7.4009795E-006
2.745407	7.3224323E-006
2.745657	7.2118614E-006
2.745907	7.1244053E-006
2.746157	7.0040683E-006
2.746407	6.9090970E-006
2.746657	6.7782175E-006
2.746907	6.6764396E-006
2.747157	6.5366012E-006
2.747407	6.4284177E-006
2.747657	6.2809145E-006
2.747907	6.1675441E-006
2.748157	6.0125494E-006
2.748406	5.8937153E-006
2.748657	5.7326088E-006
2.748906	5.5689761E-006
2.749156	5.4437660E-006
2.749406	5.2749201E-006
2.749656	5.1467550E-006
2.749906	4.9747136E-006
2.750156	4.8441575E-006
2.750406	4.6691202E-006
2.750656	4.5370098E-006
2.750906	4.3606960E-006
2.751156	4.2277693E-006
2.751406	4.0506470E-006
2.751656	3.9177266E-006
2.751906	3.7415186E-006
2.752156	3.6093950E-006
2.752406	3.4343366E-006
2.752656	3.3037613E-006
2.752906	3.1312818E-006
2.753156	3.0031065E-006
2.753406	2.8343143E-006
2.753656	2.7092674E-006
2.753906	2.5447591E-006
2.754156	2.4234000E-006
2.754406	2.2645634E-006
2.754656	2.1476876E-006
2.754906	1.9950585E-006
2.755156	1.8832119E-006
2.755406	1.7381116E-006
2.755656	1.6318997E-006
2.755906	1.4945209E-006
2.756155	1.3946926E-006
2.756406	1.2662686E-006
2.756655	1.1430741E-006
2.756906	1.0542487E-006
2.757155	9.4080849E-007
2.757405	8.5960357E-007
2.757655	7.5665019E-007
2.757905	6.9541619E-007
2.758155	6.0261630E-007
2.758405	5.3733447E-007
2.758655	4.5593364E-007
2.758905	3.9928253E-007
2.759155	3.2971801E-007
2.759405	2.8207683E-007
2.759655	2.2466564E-007
2.759905	1.8617135E-007
2.760155	1.4114941E-007
2.760405	1.1210244E-007
2.760655	7.9633608E-008
2.760905	6.0033038E-008
2.761155	4.0201552E-008
2.761405	3.0107874E-008
2.761655	2.3011820E-008
2.761905	2.3105370E-008
2.762155	2.7933549E-008
2.762405	4.0640796E-008
2.762655	5.4850773E-008
2.762905	7.9965339E-008
2.763155	1.0334786E-007
2.763405	1.4063181E-007
2.763655	1.7310113E-007
2.763905	2.2222919E-007
2.764154	2.6343440E-007
2.764405	3.2404176E-007
2.764654	3.7367334E-007
2.764904	4.4529389E-007
2.765154	5.0300264E-007
2.765404	5.8514320E-007
2.765654	6.5053200E-007
2.765904	7.4263761E-007
2.766154	8.4009611E-007
2.766404	9.1670427E-007
2.766654	1.0231458E-006
2.766904	1.1061712E-006
2.767154	1.2207990E-006
2.767404	1.3095971E-006
2.767654	1.4318080E-006
2.767904	1.5259576E-006
2.768154	1.6547644E-006
2.768404	1.7535205E-006
2.768654	1.8883599E-006
2.768904	1.9913143E-006
2.769154	2.1309763E-006
2.769404	2.2730492E-006
2.769654	2.3810508E-006
2.769904	2.5267977E-006
2.770154	2.6372306E-006
2.770404	2.7855990E-006
2.770654	2.8976544E-006
2.770904	3.0479910E-006
2.771154	3.1609852E-006
2.771404	3.3119325E-006
2.771654	3.4251584E-006
2.771904	3.5760700E-006
2.772154	3.6890285E-006
2.772403	3.8390153E-006
2.772654	3.9506231E-006
2.772903	4.0986347E-006
2.773153	4.2455026E-006
2.773403	4.3539821E-006
2.773653	4.4970870E-006
2.773903	4.6027631E-006
2.774153	4.7421768E-006
2.774403	4.8442780E-006
2.774653	4.9783571E-006
2.774903	5.0764743E-006
2.775153	5.2050013E-006
2.775403	5.2984687E-006
2.775653	5.4200245E-006
2.775903	5.5375385E-006
2.776153	5.6225276E-006
2.776403	5.7325069E-006
2.776653	5.8119504E-006
2.776903	5.9134554E-006
2.777153	5.9861286E-006
2.777403	6.0786906E-006
2.777653	6.1443675E-006
2.777903	6.2280478E-006
2.778153	6.2864301E-006
2.778403	6.3598081E-006
2.778653	6.4275005E-006
2.778903	6.4741671E-006
2.779153	6.5308723E-006
2.779403	6.5692129E-006
2.779653	6.6158254E-006
2.779903	6.6459547E-006
2.780153	6.6808770E-006
2.780402	6.7024839E-006
2.780653	6.7270289E-006
2.780902	6.7403048E-006
2.781152	6.7525311E-006
2.781402	6.7582487E-006
2.781652	6.7579435E-006
2.781902	6.7523656E-006
2.782152	6.7436122E-006
2.782402	6.7271999E-006
2.782652	6.7100173E-006
2.782902	6.6816538E-006
2.783152	6.6568427E-006
2.783402	6.6174903E-006
2.783652	6.5720201E-006
2.783902	6.5336931E-006
2.784152	6.4784081E-006
2.784402	6.4321721E-006
2.784652	6.3658372E-006
2.784902	6.3120747E-006
2.785152	6.2365366E-006
2.785402	6.1758983E-006
2.785652	6.0903571E-006
2.785902	5.9997692E-006
2.786152	5.9287904E-006
2.786402	5.8297501E-006
2.786652	5.7522470E-006
2.786902	5.6451458E-006
2.787152	5.5619389E-006
2.787402	5.4475563E-006
2.787652	5.3595486E-006
2.787902	5.2539667E-006
2.788152	5.1299717E-006
2.788402	5.0347981E-006
2.788651	4.9058617E-006
2.788902	4.8068364E-006
2.789151	4.6726345E-006
2.789401	4.5704446E-006
2.789651	4.4322719E-006
2.789901	4.2926390E-006
2.790151	4.1864510E-006
2.790401	4.0437353E-006
2.790651	3.9359702E-006
2.790901	3.7913869E-006
2.791151	3.6824049E-006
2.791401	3.5372168E-006
2.791651	3.3914548E-006
2.791901	3.2821658E-006
2.792151	3.1369973E-006
2.792401	3.0282019E-006
2.792651	2.8839174E-006
2.792901	2.7762549E-006
2.793151	2.6338867E-006
2.793401	2.5280267E-006
2.793651	2.3883949E-006
2.793901	2.2510064E-006
2.794151	2.1491708E-006
2.794401	2.0154507E-006
2.794651	1.9169167E-006
2.794901	1.7880458E-006
2.795151	1.6933644E-006
2.795401	1.5698532E-006
2.795651	1.4498971E-006
2.795901	1.3621094E-006
2.79615	1.2485874E-006
2.796401	1.1659798E-006
2.79665	1.0596053E-006
2.796901	9.8260932E-007
2.79715	8.8386366E-007
2.7974	7.8968969E-007
2.79765	7.2222872E-007
2.7979	6.3659809E-007
2.79815	5.7566643E-007
2.7984	4.9893572E-007
2.79865	4.4485756E-007
2.7989	3.7751462E-007
2.79915	3.1565173E-007
2.7994	2.7290005E-007
2.79965	2.2081093E-007
2.7999	1.8552819E-007
2.80015	1.4355398E-007
2.8004	1.1589484E-007
2.80065	8.4180819E-008
2.8009	5.8406954E-008
2.80115	4.2942546E-008
2.8014	2.7592211E-008
2.80165	1.9992868E-008
2.8019	1.5105833E-008
2.80215	1.6154550E-008
2.8024	2.0862730E-008
2.80265	3.2330473E-008
2.8029	4.4781647E-008
2.80315	6.6502871E-008
2.8034	8.6561975E-008
2.80365	1.1836593E-007
2.8039	1.5583532E-007
2.80415	1.8754501E-007
2.804399	2.3469164E-007
2.80465	2.7352758E-007
2.804899	3.2998747E-007
2.805149	3.7572090E-007
2.805399	4.4114645E-007
2.805649	5.1142922E-007
2.805899	5.6734615E-007
2.806149	6.4594144E-007
2.806399	7.0784944E-007
2.806649	7.9415241E-007
2.806899	8.8474616E-007
2.807149	9.5525400E-007
2.807399	1.0526885E-006
2.807649	1.1281047E-006
2.807899	1.2317201E-006
2.808149	1.3116814E-006
2.808399	1.4210692E-006
2.808649	1.5332298E-006
2.808899	1.6191653E-006
2.809149	1.7359637E-006
2.809399	1.8250455E-006
2.809649	1.9455915E-006
2.809899	2.0682285E-006
2.810149	2.1610426E-006
2.810399	2.2862973E-006
2.810649	2.3808150E-006
2.810899	2.5078944E-006
2.811149	2.6037098E-006
2.811399	2.7320543E-006
2.811649	2.8607485E-006
2.811898	2.9572773E-006
2.812149	3.0858066E-006
2.812398	3.1819247E-006
2.812649	3.3097222E-006
2.812898	3.4370507E-006
2.813148	3.5315456E-006
2.813398	3.6566776E-006
2.813648	3.7492764E-006
2.813898	3.8720505E-006
2.814148	3.9925881E-006
2.814398	4.0813720E-006
2.814648	4.1982917E-006
2.814898	4.2841202E-006
2.815148	4.3967498E-006
2.815398	4.5061174E-006
2.815648	4.5860656E-006
2.815898	4.6899804E-006
2.816148	4.7659860E-006
2.816398	4.8639449E-006
2.816648	4.9580558E-006
2.816898	5.0259350E-006
2.817148	5.1024131E-006
2.817398	5.1652396E-006
2.817648	5.2461842E-006
2.817898	5.3221793E-006
2.818148	5.3758745E-006
2.818398	5.4441807E-006
2.818648	5.4917523E-006
2.818898	5.5511277E-006
2.819148	5.6056615E-006
2.819398	5.6429967E-006
2.819648	5.6889567E-006
2.819898	5.7194625E-006
2.820148	5.7556867E-006
2.820398	5.7867023E-006
2.820647	5.8067271E-006
2.820897	5.8282662E-006
2.821147	5.8405190E-006
2.821397	5.8524574E-006
2.821647	5.8595401E-006
2.821897	5.8605433E-006
2.822147	5.8575524E-006
2.822397	5.8513037E-006
2.822647	5.8383325E-006
2.822897	5.8202822E-006
2.823147	5.8028540E-006
2.823397	5.7759589E-006
2.823647	5.7513257E-006
2.823897	5.7145480E-006
2.824147	5.6726335E-006
2.824397	5.6376016E-006
2.824647	5.5871642E-006
2.824897	5.5456667E-006
2.825147	5.4861753E-006
2.825397	5.4221764E-006
2.825647	5.3711360E-006
2.825897	5.2991395E-006
2.826147	5.2419646E-006
2.826397	5.1623379E-006
2.826647	5.0786889E-006
2.826897	5.0131480E-006
2.827147	4.9228979E-006
2.827397	4.8286379E-006
2.827646	4.7556114E-006
2.827897	4.6559571E-006
2.828146	4.5785232E-006
2.828397	4.4731091E-006
2.828646	4.3647256E-006
2.828897	4.2817092E-006
2.829146	4.1689550E-006
2.829396	4.0828668E-006
2.829646	3.9667225E-006
2.829896	3.8485000E-006
2.830146	3.7584462E-006
2.830396	3.6374931E-006
2.830646	3.5460291E-006
2.830896	3.4230068E-006
2.831146	3.2991275E-006
2.831396	3.2059663E-006
2.831646	3.0810247E-006
2.831896	2.9561304E-006
2.832146	2.8621855E-006
2.832396	2.7376179E-006
2.832646	2.6441551E-006
2.832896	2.5201116E-006
2.833146	2.3970281E-006
2.833396	2.3053815E-006
2.833646	2.1843227E-006
2.833896	2.0644297E-006
2.834146	1.9756446E-006
2.834396	1.8587484E-006
2.834646	1.7725014E-006
2.834896	1.6593195E-006
2.835146	1.5487396E-006
2.835396	1.4672370E-006
2.835646	1.3611669E-006
2.835896	1.2578611E-006
2.836146	1.1824500E-006
2.836396	1.0847326E-006
2.836646	1.0134768E-006
2.836895	9.2177078E-007
2.837145	8.3374550E-007
2.837395	7.7019013E-007
2.837645	6.8891120E-007
2.837895	6.3054699E-007
2.838145	5.5648030E-007
2.838395	4.8670518E-007
2.838645	4.3725191E-007
2.838895	3.7527138E-007
2.839145	3.1790492E-007
2.839395	2.7791776E-007
2.839645	2.2880658E-007
2.839895	1.9515502E-007
2.840145	1.5455190E-007
2.840395	1.1889980E-007
2.840645	9.5423708E-008
2.840895	6.8590658E-008
2.841145	4.6812154E-008
2.841395	3.3833778E-008
2.841645	2.1024700E-008
2.841895	1.4788082E-008
2.842145	1.0940665E-008
2.842395	1.2247076E-008
2.842645	1.6587204E-008
2.842895	2.6832875E-008
2.843145	4.2138112E-008
2.843395	5.6920886E-008
2.843645	8.0999207E-008
2.843894	1.1000996E-007
2.844145	1.3496035E-007
2.844394	1.7243862E-007
2.844645	2.0367604E-007
2.844894	2.4941968E-007
2.845145	2.9970417E-007
2.845394	3.3337645E-007
2.845644	3.9090071E-007
2.845894	4.5269539E-007
2.846144	5.0177255E-007
2.846394	5.7070986E-007
2.846644	6.2504381E-007
2.846894	7.0076271E-007
2.847144	7.8018184E-007
2.847394	8.4200622E-007
2.847644	9.2750111E-007
2.847894	1.0162024E-006
2.848144	1.0847052E-006
2.848394	1.1785575E-006
2.848644	1.2751788E-006
2.848894	1.3492853E-006
2.849144	1.4504510E-006
2.849394	1.5536158E-006
2.849644	1.6322521E-006
2.849894	1.7390071E-006
2.850144	1.8200183E-006
2.850394	1.9294971E-006
2.850644	2.0401617E-006
2.850894	2.1237668E-006
2.851144	2.2364425E-006
2.851394	2.3496582E-006
2.851644	2.4347714E-006
2.851894	2.5489167E-006
2.852144	2.6346186E-006
2.852394	2.7487292E-006
2.852643	2.8624388E-006
2.852893	2.9475150E-006
2.853143	3.0604604E-006
2.853393	3.1727361E-006
2.853643	3.2560517E-006
2.853893	3.3665549E-006
2.854143	3.4754094E-006
2.854393	3.5558573E-006
2.854643	3.6618451E-006
2.854893	3.7662496E-006
2.855143	3.8429362E-006
2.855393	3.9431611E-006
2.855643	4.0410077E-006
2.855893	4.1127855E-006
2.856143	4.2060178E-006
2.856393	4.2961442E-006
2.856643	4.3617174E-006
2.856893	4.4465828E-006
2.857143	4.5081974E-006
2.857393	4.5869333E-006
2.857643	4.6621803E-006
2.857893	4.7159765E-006
2.858143	4.7845638E-006
2.858393	4.8496477E-006
2.858643	4.8953325E-006
2.858893	4.9528048E-006
2.859143	5.0059821E-006
2.859393	5.0429080E-006
2.859643	5.0884287E-006
2.859893	5.1294323E-006
2.860142	5.1574216E-006
2.860393	5.1905135E-006
2.860642	5.2188611E-006
2.860893	5.2369210E-006
2.861142	5.2573487E-006
2.861392	5.2691648E-006
2.861642	5.2808759E-006
2.861892	5.2877513E-006
2.862142	5.2897412E-006
2.862392	5.2885448E-006
2.862642	5.2821688E-006
2.862892	5.2740038E-006
2.863142	5.2593723E-006
2.863392	5.2401665E-006
2.863642	5.2223763E-006
2.863892	5.1947131E-006
2.864142	5.1623556E-006
2.864392	5.1353886E-006
2.864642	5.0951257E-006
2.864892	5.0503563E-006
2.865142	5.0138510E-006
2.865392	4.9615896E-006
2.865642	4.9050491E-006
2.865892	4.8599213E-006
2.866142	4.7968929E-006
2.866392	4.7296062E-006
2.866642	4.6764862E-006
2.866892	4.6025584E-006
2.867142	4.5255774E-006
2.867392	4.4652861E-006
2.867642	4.3821742E-006
2.867892	4.2959914E-006
2.868142	4.2292231E-006
2.868392	4.1382114E-006
2.868641	4.0442642E-006
2.868891	3.9720921E-006
2.869141	3.8739631E-006
2.869391	3.7738896E-006
2.869641	3.6971514E-006
2.869891	3.5933290E-006
2.870141	3.4880970E-006
2.870391	3.4082052E-006
2.870641	3.3003912E-006
2.870891	3.1914105E-006
2.871141	3.1089396E-006
2.871391	2.9984697E-006
2.871641	2.8873224E-006
2.871891	2.8036843E-006
2.872141	2.6922869E-006
2.872391	2.5806830E-006
2.872641	2.4968865E-006
2.872891	2.3992923E-006
2.873141	2.2886350E-006
2.873391	2.2058921E-006
2.873641	2.0964765E-006
2.873891	1.9879017E-006
2.874141	1.9072368E-006
2.874391	1.8011466E-006
2.874641	1.6963679E-006
2.874891	1.6188944E-006
2.875141	1.5173355E-006
2.875391	1.4179337E-006
2.875641	1.3446960E-006
2.87589	1.2491123E-006
2.876141	1.1561237E-006
2.87639	1.0880048E-006
2.876641	9.9989359E-007
2.87689	9.1459020E-007
2.877141	8.5263304E-007
2.87739	7.7292100E-007
2.87764	6.9652901E-007
2.87789	6.4146099E-007
2.87814	5.7122611E-007
2.87839	5.0464666E-007
2.87864	4.5719082E-007
2.87889	3.9734786E-007
2.87914	3.4153194E-007
2.87939	3.0231260E-007
2.87964	2.5368220E-007
2.87989	2.0924494E-007
2.88014	1.7877123E-007
2.88039	1.4193735E-007
2.88064	1.0947987E-007
2.88089	8.8078018E-008
2.88114	6.3473848E-008
2.88139	4.3372484E-008
2.88164	2.7861871E-008
2.88189	1.9229031E-008
2.88214	1.1736957E-008
2.88239	8.8225098E-009
2.88264	9.6670938E-009
2.88289	1.4809378E-008
2.88314	2.4522500E-008
2.88339	3.4802156E-008
2.88364	5.2429307E-008
2.88389	7.4567737E-008
2.88414	9.4071652E-008
2.884389	1.2392996E-007
2.88464	1.5814720E-007
2.884889	1.8660334E-007
2.885139	2.2825185E-007
2.885389	2.7397942E-007
2.885639	3.1099381E-007
2.885889	3.6374578E-007
2.886139	4.2041580E-007
2.886389	4.6540111E-007
2.886639	5.2857757E-007
2.886889	5.9532613E-007
2.887139	6.6540815E-007
2.887389	7.2022749E-007
2.887639	7.9612784E-007
2.887889	8.7502576E-007
2.888139	9.3612334E-007
2.888389	1.0201179E-006
2.888639	1.1067252E-006
2.888889	1.1732991E-006
2.889139	1.2640904E-006
2.889389	1.3571214E-006
2.889639	1.4282630E-006
2.889889	1.5247343E-006
2.890139	1.6229457E-006
2.890389	1.7226474E-006
2.890639	1.7983180E-006
2.890889	1.9003007E-006
2.891139	2.0035277E-006
2.891389	2.0812449E-006
2.891639	2.1857013E-006
2.891889	2.2905806E-006
2.892138	2.3695218E-006
2.892389	2.4750818E-006
2.892638	2.5805405E-006
2.892889	2.6593775E-006
2.893138	2.7640947E-006
2.893389	2.8687882E-006
2.893638	2.9725802E-006
2.893888	3.0496756E-006
2.894138	3.1516788E-006
2.894388	3.2527882E-006
2.894638	3.3274555E-006
2.894888	3.4255611E-006
2.895138	3.5221676E-006
2.895388	3.5933558E-006
2.895638	3.6867743E-006
2.895888	3.7778259E-006
2.896138	3.8665066E-006
2.896388	3.9311676E-006
2.896638	4.0155114E-006
2.896888	4.0970490E-006
2.897138	4.1564831E-006
2.897388	4.2328334E-006
2.897638	4.3060586E-006
2.897888	4.3585837E-006
2.898138	4.4264207E-006
2.898388	4.4905059E-006
2.898638	4.5507340E-006
2.898888	4.5934676E-006
2.899138	4.6472887E-006
2.899388	4.6978053E-006
2.899638	4.7269345E-006
2.899888	4.7704289E-006
2.900138	4.8099555E-006
2.900388	4.8370316E-006
2.900637	4.8691704E-006
2.900887	4.8972770E-006
2.901137	4.9152700E-006
2.901387	4.9356536E-006
2.901637	4.9518039E-006
2.901887	4.9639680E-006
2.902137	4.9696537E-006
2.902387	4.9737359E-006
2.902637	4.9733198E-006
2.902887	4.9699893E-006
2.903137	4.9618620E-006
2.903387	4.9494251E-006
2.903637	4.9331074E-006
2.903887	4.9173555E-006
2.904137	4.8930319E-006
2.904387	4.8644374E-006
2.904637	4.8404750E-006
2.904887	4.8045040E-006
2.905137	4.7644203E-006
2.905387	4.7205936E-006
2.905637	4.6849154E-006
2.905887	4.6344421E-006
2.906137	4.5797019E-006
2.906387	4.5362153E-006
2.906637	4.4752342E-006
2.906887	4.4111184E-006
2.907137	4.3432119E-006
2.907387	4.2900574E-006
2.907637	4.2166562E-006
2.907887	4.1404628E-006
2.908137	4.0809982E-006
2.908386	3.9995034E-006
2.908637	3.9154370E-006
2.908886	3.8290641E-006
2.909137	3.7624413E-006
2.909386	3.6719787E-006
2.909636	3.5793332E-006
2.909886	3.5084468E-006
2.910136	3.4125410E-006
2.910386	3.3151093E-006
2.910636	3.2411504E-006
2.910886	3.1413131E-006
2.911136	3.0402323E-006
2.911386	2.9384234E-006
2.911636	2.8615668E-006
2.911886	2.7584654E-006
2.912136	2.6547830E-006
2.912386	2.5509744E-006
2.912636	2.4730018E-006
2.912886	2.3693624E-006
2.913136	2.2657005E-006
2.913386	2.1880217E-006
2.913636	2.0851958E-006
2.913886	1.9830577E-006
2.914136	1.8819567E-006
2.914386	1.8068849E-006
2.914636	1.7076253E-006
2.914886	1.6098491E-006
2.915136	1.5374281E-006
2.915386	1.4425467E-006
2.915636	1.3494396E-006
2.915886	1.2583356E-006
2.916136	1.1914284E-006
2.916385	1.1041785E-006
2.916636	1.0194108E-006
2.916885	9.3718955E-007
2.917135	8.7736771E-007
2.917385	8.0006498E-007
2.917635	7.2564080E-007
2.917885	6.7183635E-007
2.918135	6.0297913E-007
2.918385	5.3740780E-007
2.918635	4.7521715E-007
2.918885	4.3085240E-007
2.919135	3.7488212E-007
2.919385	3.2261624E-007
2.919635	2.7409865E-007
2.919885	2.4025184E-007
2.920135	1.9855089E-007
2.920385	1.6082494E-007
2.920635	1.3518600E-007
2.920885	1.0459916E-007
2.921135	7.8158344E-008
2.921385	5.5862085E-008
2.921635	4.1937088E-008
2.921885	2.7096586E-008
2.922135	1.6508253E-008
2.922385	1.0212231E-008
2.922635	8.3025302E-009
2.922885	9.5148200E-009
2.923135	1.5019884E-008
2.923385	2.4777918E-008
2.923635	3.4903408E-008
2.923885	5.2102553E-008
2.924134	7.3513860E-008
2.924385	9.2307495E-008
2.924634	1.2097060E-007
2.924885	1.5371285E-007
2.925134	1.9047036E-007
2.925384	2.2066416E-007
2.925634	2.5862289E-007
2.925884	3.0560886E-007
2.926134	3.5631763E-007
2.926384	3.9673202E-007
2.926634	4.5380307E-007
2.926884	5.1434716E-007
2.927134	5.7825594E-007
2.927384	6.2829531E-007
2.927634	6.9783528E-007
2.927884	7.7049611E-007
2.928134	8.2681942E-007
2.928384	9.0438516E-007
2.928634	9.8467228E-007
2.928884	1.0675235E-006
2.929134	1.1311915E-006
2.929384	1.2181789E-006
2.929634	1.3072311E-006
2.929884	1.3982860E-006
2.930134	1.4677414E-006
2.930384	1.5617694E-006
2.930634	1.6574165E-006
2.930884	1.7546016E-006
2.931134	1.8281365E-006
2.931384	1.9270503E-006
2.931634	2.0268849E-006
2.931884	2.1275721E-006
2.932133	2.2034428E-006
2.932384	2.3048640E-006
2.932633	2.4065455E-006
2.932884	2.5083475E-006
2.933133	2.5846953E-006
2.933383	2.6860132E-006
2.933633	2.7870626E-006
2.933883	2.8873712E-006
2.934133	2.9620926E-006
2.934383	3.0612350E-006
2.934633	3.1591110E-006
2.934883	3.2556591E-006
2.935133	3.3272299E-006
2.935383	3.4209918E-006
2.935633	3.5136472E-006
2.935883	3.6040742E-006
2.936133	3.6705942E-006
2.936383	3.7573050E-006
2.936633	3.8419571E-006
2.936883	3.9243455E-006
2.937133	3.9840825E-006
2.937383	4.0616792E-006
2.937633	4.1364792E-006
2.937883	4.1904132E-006
2.938133	4.2603947E-006
2.938383	4.3266355E-006
2.938633	4.3899372E-006
2.938883	4.4496383E-006
2.939133	4.4920771E-006
2.939383	4.5461088E-006
2.939633	4.5961256E-006
2.939883	4.6422192E-006
2.940133	4.6744708E-006
2.940382	4.7139738E-006
2.940633	4.7502103E-006
2.940882	4.7817621E-006
2.941132	4.8026527E-006
2.941382	4.8273473E-006
2.941632	4.8477264E-006
2.941882	4.8641823E-006
2.942132	4.8734996E-006
2.942382	4.8828283E-006
2.942632	4.8877441E-006
2.942882	4.8882462E-006
2.943132	4.8858828E-006
2.943382	4.8791271E-006
2.943632	4.8685815E-006
2.943882	4.8533389E-006
2.944132	4.8396200E-006
2.944382	4.8172133E-006
2.944632	4.7908052E-006
2.944882	4.7602061E-006
2.945132	4.7346184E-006
2.945382	4.6976556E-006
2.945632	4.6565010E-006
2.945882	4.6113373E-006
2.946132	4.5624038E-006
2.946382	4.5234437E-006
2.946632	4.4685653E-006
2.946882	4.4101457E-006
2.947132	4.3480695E-006
2.947382	4.2991555E-006
2.947632	4.2316819E-006
2.947881	4.1613885E-006
2.948132	4.0878599E-006
2.948381	4.0305567E-006
2.948632	3.9521410E-006
2.948881	3.8711237E-006
2.949131	3.7876489E-006
2.949381	3.7233879E-006
2.949631	3.6362003E-006
2.949881	3.5468918E-006
2.950131	3.4554048E-006
2.950381	3.3857807E-006
2.950631	3.2914952E-006
2.950881	3.1960328E-006
2.951131	3.1112904E-006
2.951381	3.0132419E-006
2.951631	2.9390601E-006
2.951881	2.8395771E-006
2.952131	2.7395472E-006
2.952381	2.6388780E-006
2.952631	2.5630438E-006
2.952881	2.4618482E-006
2.953131	2.3607531E-006
2.953381	2.2598917E-006
2.953631	2.1592907E-006
2.953881	2.0838741E-006
2.954131	1.9842503E-006
2.954381	1.8854515E-006
2.954631	1.7875648E-006
2.954881	1.7147805E-006
2.955131	1.6189797E-006
2.955381	1.5245242E-006
2.955631	1.4317169E-006
2.955881	1.3632159E-006
2.956131	1.2736423E-006
2.956381	1.1860493E-006
2.95663	1.1005893E-006
2.956881	1.0174798E-006
2.95713	9.5676899E-007
2.95738	8.7801385E-007
2.95763	8.0195224E-007
2.95788	7.2870932E-007
2.95813	6.7574956E-007
2.95838	6.0780394E-007
2.95863	5.4299954E-007
2.95888	4.8148689E-007
2.95913	4.2334406E-007
2.95938	3.8199292E-007
2.95963	3.3001808E-007
2.95988	2.8166590E-007
2.96013	2.3702840E-007
2.96038	2.0605827E-007
2.96063	1.6814212E-007
2.96088	1.3413381E-007
2.96113	1.0410479E-007
2.96138	7.8132466E-008
2.96163	6.1306373E-008
2.96188	4.2493575E-008
2.96213	2.7818098E-008
2.96238	1.7285746E-008
2.96263	1.0965475E-008
2.96288	8.9789518E-009
2.96313	1.0012120E-008
2.96338	1.5227943E-008
2.96363	2.4665336E-008
2.96388	3.4488007E-008
2.964129	5.1230547E-008
2.96438	7.2122916E-008
2.964629	9.7093412E-008
2.96488	1.2615767E-007
2.965129	1.5058980E-007
2.965379	1.8662638E-007
2.965629	2.2659074E-007
2.965879	2.7040218E-007
2.966129	3.1804859E-007
2.966379	3.5614534E-007
2.966629	4.1018765E-007
2.966879	4.6779581E-007
2.967129	5.2882319E-007
2.967379	5.7677232E-007
2.967629	6.4364400E-007
2.967879	7.1361546E-007
2.968129	7.8664334E-007
2.968379	8.6252680E-007
2.968629	9.2134593E-007
2.968879	1.0021266E-006
2.969129	1.0854959E-006
2.969379	1.1711676E-006
2.969629	1.2592824E-006
2.969879	1.3266075E-006
2.970129	1.4182527E-006
2.970379	1.5118763E-006
2.970629	1.6071857E-006
2.970879	1.6794859E-006
2.971129	1.7772975E-006
2.971379	1.8766397E-006
2.971629	1.9767601E-006
2.971879	2.0778359E-006
2.972129	2.1541132E-006
2.972378	2.2567310E-006
2.972629	2.3595410E-006
2.972878	2.4626404E-006
2.973128	2.5658251E-006
2.973378	2.6430919E-006
2.973628	2.7463745E-006
2.973878	2.8490356E-006
2.974128	2.9511755E-006
2.974378	3.0525578E-006
2.974628	3.1280420E-006
2.974878	3.2278174E-006
2.975128	3.3266713E-006
2.975378	3.4238196E-006
2.975628	3.5078649E-006
2.975878	3.5786279E-006
2.976128	3.6719543E-006
2.976378	3.7629618E-006
2.976628	3.8520116E-006
2.976878	3.9390270E-006
2.977128	4.0024665E-006
2.977378	4.0850205E-006
2.977628	4.1655062E-006
2.977878	4.2427559E-006
2.978128	4.3171776E-006
2.978378	4.3709688E-006
2.978628	4.4399608E-006
2.978878	4.5063957E-006
2.979128	4.5689408E-006
2.979378	4.6282539E-006
2.979628	4.6701580E-006
2.979877	4.7234666E-006
2.980128	4.7727776E-006
2.980377	4.8182128E-006
2.980628	4.8601723E-006
2.980877	4.8891502E-006
2.981128	4.9238470E-006
2.981377	4.9547989E-006
2.981627	4.9815562E-006
2.981877	5.0041858E-006
2.982127	5.0224271E-006
2.982377	5.0334097E-006
2.982627	5.0446711E-006
2.982877	5.0515532E-006
2.983127	5.0547046E-006
2.983377	5.0532658E-006
2.983627	5.0491963E-006
2.983877	5.0402509E-006
2.984127	5.0276490E-006
2.984377	5.0104172E-006
2.984627	4.9887276E-006
2.984877	4.9698601E-006
2.985127	4.9417390E-006
2.985377	4.9089922E-006
2.985627	4.8722923E-006
2.985877	4.8317320E-006
2.986127	4.7872459E-006
2.986377	4.7514359E-006
2.986627	4.7004851E-006
2.986877	4.6458208E-006
2.987127	4.5875422E-006
2.987377	4.5257966E-006
2.987627	4.4770709E-006
2.987877	4.4101066E-006
2.988127	4.3393620E-006
2.988377	4.2654383E-006
2.988626	4.1888611E-006
2.988876	4.1294379E-006
2.989126	4.0477807E-006
2.989376	3.9641773E-006
2.989626	3.8777498E-006
2.989876	3.7890818E-006
2.990126	3.6982137E-006
2.990376	3.6286515E-006
2.990626	3.5347146E-006
2.990876	3.4389382E-006
2.991126	3.3414703E-006
2.991376	3.2425924E-006
2.991626	3.1676686E-006
2.991876	3.0671806E-006
2.992126	2.9654720E-006
2.992376	2.8630227E-006
2.992626	2.7598703E-006
2.992876	2.6566761E-006
2.993126	2.5789038E-006
2.993376	2.4752253E-006
2.993626	2.3715688E-006
2.993876	2.2681702E-006
2.994126	2.1653259E-006
2.994376	2.0886328E-006
2.994626	1.9869051E-006
2.994876	1.8860303E-006
2.995126	1.7861831E-006
2.995376	1.6878000E-006
2.995625	1.5906162E-006
2.995876	1.5188091E-006
2.996125	1.4245993E-006
2.996376	1.3323444E-006
2.996625	1.2420685E-006
2.996876	1.1538662E-006
2.997125	1.0680291E-006
2.997375	1.0052182E-006
2.997625	9.2381771E-007
2.997875	8.4515574E-007
2.998125	7.6924891E-007
2.998375	6.9635610E-007
2.998625	6.2667272E-007
2.998875	5.7642643E-007
2.999125	5.1238811E-007
2.999375	4.5178984E-007
2.999625	3.9471013E-007
2.999875	3.4778523E-007
3.000125	2.9761503E-007
3.000375	2.6243475E-007
3.000625	2.1900709E-007
3.000875	1.7947320E-007
3.001125	1.4397753E-007
3.001375	1.1258655E-007
3.001625	8.5319435E-008
3.001875	6.7620583E-008
3.002125	4.7726978E-008
3.002375	3.2105795E-008
3.002625	2.0789189E-008
3.002875	1.3766185E-008
3.003125	1.1111994E-008
3.003375	1.1979401E-008
3.003625	1.6950080E-008
3.003875	2.6260393E-008
3.004125	3.9939909E-008
3.004375	5.7956754E-008
3.004624	8.0287101E-008
3.004874	9.9834025E-008
3.005124	1.2960810E-007
3.005374	1.6359503E-007
3.005624	2.0178582E-007
3.005874	2.4405662E-007
3.006124	2.9038480E-007
3.006374	3.2768995E-007
3.006624	3.8094493E-007
3.006874	4.3800350E-007
3.007124	4.9881629E-007
3.007374	5.6325865E-007
3.007624	6.3134752E-007
3.007874	6.8460957E-007
3.008124	7.5862130E-007
3.008374	8.3583183E-007
3.008624	9.1621746E-007
3.008874	9.9962244E-007
3.009124	1.0858546E-006
3.009374	1.1523795E-006
3.009624	1.2433774E-006
3.009874	1.3368154E-006
3.010124	1.4325825E-006
3.010374	1.5305602E-006
3.010624	1.6306803E-006
3.010874	1.7325685E-006
3.011124	1.8101296E-006
3.011374	1.9148208E-006
3.011624	2.0209438E-006
3.011873	2.1286085E-006
3.012124	2.2371823E-006
3.012373	2.3465534E-006
3.012624	2.4291030E-006
3.012873	2.5396600E-006
3.013124	2.6508694E-006
3.013373	2.7620849E-006
3.013623	2.8734144E-006
3.013873	2.9846253E-006
3.014123	3.0958383E-006
3.014373	3.1786001E-006
3.014623	3.2886678E-006
3.014873	3.3976428E-006
3.015123	3.5059504E-006
3.015373	3.6128868E-006
3.015623	3.7186519E-006
3.015873	3.8231774E-006
3.016123	3.9002221E-006
3.016373	4.0015120E-006
3.016623	4.1007352E-006
3.016873	4.1979438E-006
3.017123	4.2932861E-006
3.017373	4.3857281E-006
3.017623	4.4534086E-006
3.017873	4.5411502E-006
3.018123	4.6263099E-006
3.018373	4.7088533E-006
3.018623	4.7878875E-006
3.018873	4.8637103E-006
3.019123	4.9361029E-006
3.019373	4.9880191E-006
3.019623	5.0546255E-006
3.019873	5.1172874E-006
3.020123	5.1760576E-006
3.020373	5.2310484E-006
3.020622	5.2825221E-006
3.020872	5.3295448E-006
3.021122	5.3618896E-006
3.021372	5.4014045E-006
3.021622	5.4368688E-006
3.021872	5.4684861E-006
3.022122	5.4952579E-006
3.022372	5.5176165E-006
3.022622	5.5354185E-006
3.022872	5.5489891E-006
3.023122	5.5559326E-006
3.023372	5.5609607E-006
3.023622	5.5624469E-006
3.023872	5.5599553E-006
3.024122	5.5525284E-006
3.024372	5.5403589E-006
3.024622	5.5240048E-006
3.024872	5.5090036E-006
3.025122	5.4847246E-006
3.025372	5.4557618E-006
3.025622	5.4225961E-006
3.025872	5.3852818E-006
3.026122	5.3440717E-006
3.026372	5.2983028E-006
3.026622	5.2607306E-006
3.026872	5.2078358E-006
3.027122	5.1507245E-006
3.027372	5.0902604E-006
3.027622	5.0255071E-006
3.027872	4.9570940E-006
3.028121	4.8850138E-006
3.028372	4.8094739E-006
3.028621	4.7505728E-006
3.028872	4.6697587E-006
3.029121	4.5853221E-006
3.029372	4.4979711E-006
3.029621	4.4077456E-006
3.029871	4.3147602E-006
3.030121	4.2194229E-006
3.030371	4.1460289E-006
3.030621	4.0466830E-006
3.030871	3.9453362E-006
3.031121	3.8417802E-006
3.031371	3.7364605E-006
3.031621	3.6295551E-006
3.031871	3.5210946E-006
3.032121	3.4117782E-006
3.032371	3.3287629E-006
3.032621	3.2173962E-006
3.032871	3.1052869E-006
3.033121	2.9928444E-006
3.033371	2.8799379E-006
3.033621	2.7666574E-006
3.033871	2.6533626E-006
3.034121	2.5684951E-006
3.034371	2.4559283E-006
3.034621	2.3436246E-006
3.034871	2.2320364E-006
3.035121	2.1212797E-006
3.035371	2.0116911E-006
3.035621	1.9036179E-006
3.035871	1.7966898E-006
3.036121	1.7174851E-006
3.036371	1.6135670E-006
3.03662	1.5115622E-006
3.03687	1.4115569E-006
3.03712	1.3140761E-006
3.03737	1.2188423E-006
3.03762	1.1263407E-006
3.03787	1.0364517E-006
3.03812	9.4956476E-007
3.03837	8.8639376E-007
3.03862	8.0493868E-007
3.03887	7.2684924E-007
3.03912	6.5215113E-007
3.03937	5.8115450E-007
3.03962	5.1376486E-007
3.03987	4.5027156E-007
3.04012	3.9069388E-007
3.04037	3.4867512E-007
3.04062	2.9629214E-007
3.04087	2.4810373E-007
3.04112	2.0429131E-007
3.04137	1.6486511E-007
3.04162	1.2993397E-007
3.04187	9.9577051E-008
3.04212	7.3803790E-008
3.04237	5.2723696E-008
3.04262	4.0016928E-008
3.04287	2.7247598E-008
3.04312	1.9264698E-008
3.04337	1.6104009E-008
3.04362	1.7781957E-008
3.043869	2.4280268E-008
3.04412	3.5675644E-008
3.044369	5.1911464E-008
3.04462	7.2992933E-008
3.044869	9.1969163E-008
3.04512	1.2149354E-007
3.045369	1.5574462E-007
3.045619	1.9474868E-007
3.045869	2.3845402E-007
3.046119	2.8678082E-007
3.046369	3.3283160E-007
3.046619	3.8965507E-007
3.046869	4.5095743E-007
3.047119	4.9973340E-007
3.047369	5.6857016E-007
3.047619	6.4156666E-007
3.047869	7.1869283E-007
3.048119	7.9978236E-007
3.048369	8.8470006E-007
3.048619	9.7332804E-007
3.048869	1.0656893E-006
3.049119	1.1371599E-006
3.049369	1.2353941E-006
3.049619	1.3369072E-006
3.049869	1.4414065E-006
3.050119	1.5489312E-006
3.050369	1.6591812E-006
3.050619	1.7719561E-006
3.050869	1.8873969E-006
3.051119	2.0048183E-006
3.051369	2.1244530E-006
3.051619	2.2153740E-006
3.051869	2.3381415E-006
3.052119	2.4628680E-006
3.052368	2.5887994E-006
3.052619	2.7155670E-006
3.052868	2.8435641E-006
3.053118	2.9726928E-006
3.053368	3.1019970E-006
3.053618	3.2318392E-006
3.053868	3.3616880E-006
3.054118	3.4590385E-006
3.054368	3.5891858E-006
3.054618	3.7187363E-006
3.054868	3.8476974E-006
3.055118	3.9759720E-006
3.055368	4.1035232E-006
3.055618	4.2296383E-006
3.055868	4.3543455E-006
3.056118	4.4775834E-006
3.056368	4.5989718E-006
3.056618	4.6887808E-006
3.056868	4.8068464E-006
3.057118	4.9226128E-006
3.057368	5.0358926E-006
3.057618	5.1466836E-006
3.057868	5.2549872E-006
3.058118	5.3599042E-006
3.058368	5.4616244E-006
3.058618	5.5602277E-006
3.058868	5.6552622E-006
3.059118	5.7472257E-006
3.059368	5.8133714E-006
3.059618	5.8980399E-006
3.059868	5.9789149E-006
3.060117	6.0554385E-006
3.060368	6.1286137E-006
3.060617	6.1965502E-006
3.060868	6.2600548E-006
3.061117	6.3191433E-006
3.061367	6.3739581E-006
3.061617	6.4234250E-006
3.061867	6.4680862E-006
3.062117	6.4981891E-006
3.062367	6.5341860E-006
3.062617	6.5656004E-006
3.062867	6.5915183E-006
3.063117	6.6121920E-006
3.063367	6.6275470E-006
3.063617	6.6381058E-006
3.063867	6.6436387E-006
3.064117	6.6433881E-006
3.064367	6.6377911E-006
3.064617	6.6299258E-006
3.064867	6.6153320E-006
3.065117	6.5954200E-006
3.065367	6.5702629E-006
3.065617	6.5397871E-006
3.065867	6.5050472E-006
3.066117	6.4643600E-006
3.066367	6.4188671E-006
3.066617	6.3682396E-006
3.066867	6.3127700E-006
3.067117	6.2531121E-006
3.067367	6.1882261E-006
3.067617	6.1188293E-006
3.067867	6.0634202E-006
3.068117	5.9859976E-006
3.068367	5.9041877E-006
3.068616	5.8188771E-006
3.068866	5.7402531E-006
3.069116	5.6469430E-006
3.069366	5.5497908E-006
3.069616	5.4495049E-006
3.069866	5.3453646E-006
3.070116	5.2377823E-006
3.070366	5.1269953E-006
3.070616	5.0134845E-006
3.070866	4.9265459E-006
3.071116	4.8081042E-006
3.071366	4.6871164E-006
3.071616	4.5640177E-006
3.071866	4.4388362E-006
3.072116	4.3116324E-006
3.072366	4.1828539E-006
3.072616	4.0528867E-006
3.072866	3.9213592E-006
3.073116	3.7889265E-006
3.073366	3.6555198E-006
3.073616	3.5216478E-006
3.073866	3.4208088E-006
3.074116	3.2864598E-006
3.074366	3.1520601E-006
3.074616	3.0176914E-006
3.074866	2.8838638E-006
3.075116	2.7506849E-006
3.075366	2.6184587E-006
3.075616	2.4872888E-006
3.075866	2.3573616E-006
3.076116	2.2289664E-006
3.076365	2.1023368E-006
3.076616	1.9779065E-006
3.076865	1.8553322E-006
3.077116	1.7353171E-006
3.077365	1.6178084E-006
3.077615	1.5314810E-006
3.077865	1.4191943E-006
3.078115	1.3098245E-006
3.078365	1.2038606E-006
3.078615	1.1013630E-006
3.078865	1.0025906E-006
3.079115	9.0770766E-007
3.079365	8.1689274E-007
3.079615	7.3029605E-007
3.079865	6.4805579E-007
3.080115	5.7031394E-007
3.080365	4.9727788E-007
3.080615	4.2903295E-007
3.080865	3.6578783E-007
3.081115	3.0762195E-007
3.081365	2.6735108E-007
3.081615	2.1831536E-007
3.081865	1.7465651E-007
3.082115	1.3648183E-007
3.082365	1.0383347E-007
3.082615	7.6892981E-008
3.082865	5.5659171E-008
3.083115	4.0209876E-008
3.083365	3.0589177E-008
3.083615	2.6814009E-008
3.083865	2.9002409E-008
3.084115	3.7129801E-008
3.084364	5.1246214E-008
3.084615	7.1305450E-008
3.084864	9.7321248E-008
3.085114	1.2076597E-007
3.085364	1.5724218E-007
3.085614	1.9966785E-007
3.085864	2.4797535E-007
3.086114	3.0212482E-007
3.086364	3.6205284E-007
3.086614	4.2769821E-007
3.086864	4.9906026E-007
3.087114	5.7601517E-007
3.087364	6.5842960E-007
3.087614	7.4626536E-007
3.087864	8.3944826E-007
3.088114	9.3775049E-007
3.088364	1.0410629E-006
3.088614	1.1494385E-006
3.088864	1.2625421E-006
3.089114	1.3801853E-006
3.089364	1.5024264E-006
3.089614	1.5968561E-006
3.089864	1.7265527E-006
3.090114	1.8601883E-006
3.090364	1.9978136E-006
3.090614	2.1389592E-006
3.090864	2.2652780E-006
3.091114	2.4127330E-006
3.091364	2.5633115E-006
3.091614	2.7169851E-006
3.091864	2.8729808E-006
3.092113	3.0315543E-006
3.092364	3.1922525E-006
3.092613	3.3547360E-006
3.092864	3.5193143E-006
3.093113	3.6853683E-006
3.093363	3.8523826E-006
3.093613	4.0208538E-006
3.093863	4.1900730E-006
3.094113	4.3596820E-006
3.094363	4.4868580E-006
3.094613	4.6567038E-006
3.094863	4.8263173E-006
3.095113	4.9959453E-006
3.095363	5.1650427E-006
3.095613	5.3326567E-006
3.095863	5.4994989E-006
3.096113	5.6646836E-006
3.096363	5.8283704E-006
3.096613	5.9903177E-006
3.096863	6.1502456E-006
3.097113	6.3072243E-006
3.097363	6.4617320E-006
3.097613	6.6139000E-006
3.097863	6.7628839E-006
3.098113	6.9078628E-006
3.098363	7.0496844E-006
3.098613	7.1881154E-006
3.098863	7.3224419E-006
3.099113	7.4523200E-006
3.099363	7.5465791E-006
3.099613	7.6982806E-006
3.099863	7.8152461E-006
3.100112	7.8988996E-006
3.100363	8.0060845E-006
3.100612	8.1079006E-006
3.100863	8.2047482E-006
3.101112	8.2953393E-006
3.101362	8.3809055E-006
3.101612	8.4601970E-006
3.101862	8.5334277E-006
3.102112	8.6012769E-006
3.102362	8.6623377E-006
3.102612	8.7168119E-006
3.102862	8.7649705E-006
3.103112	8.8067782E-006
3.103362	8.8421466E-006
3.103612	8.8706838E-006
3.103862	8.8920769E-006
3.104112	8.9067926E-006
3.104362	8.9146415E-006
3.104612	8.9165778E-006
3.104862	8.9106470E-006
3.105112	8.8979814E-006
3.105362	8.8786101E-006
3.105612	8.8521565E-006
3.105862	8.8190245E-006
3.106112	8.7796307E-006
3.106362	8.7449753E-006
3.106612	8.6929267E-006
3.106862	8.6346727E-006
3.107112	8.5699212E-006
3.107362	8.4990897E-006
3.107612	8.4212288E-006
3.107862	8.3373379E-006
3.108112	8.2471133E-006
3.108361	8.1507051E-006
3.108612	8.0485906E-006
3.108861	7.9409128E-006
3.109111	7.8278608E-006
3.109361	7.7094428E-006
3.109611	7.5853195E-006
3.109861	7.4562440E-006
3.110111	7.3227866E-006
3.110361	7.1843365E-006
3.110611	7.0410824E-006
3.110861	6.8938339E-006
3.111111	6.7425776E-006
3.111361	6.5881945E-006
3.111611	6.4296100E-006
3.111861	6.2676600E-006
3.112111	6.1027513E-006
3.112361	5.9560371E-006
3.112611	5.7865750E-006
3.112861	5.6145277E-006
3.113111	5.4403758E-006
3.113361	5.2640976E-006
3.113611	5.0868448E-006
3.113861	4.9083656E-006
3.114111	4.7292820E-006
3.114361	4.5492893E-006
3.114611	4.3688838E-006
3.114861	4.2334404E-006
3.115111	4.0532404E-006
3.115361	3.8288249E-006
3.115611	3.6949393E-006
3.11586	3.5170219E-006
3.116111	3.3410665E-006
3.11636	3.1665090E-006
3.116611	2.9939642E-006
3.11686	2.8234529E-006
3.11711	2.6558430E-006
3.11736	2.4912699E-006
3.11761	2.3295481E-006
3.11786	2.1712776E-006
3.11811	2.0169275E-006
3.11836	1.8663137E-006
3.11861	1.7201619E-006
3.11886	1.5786317E-006
3.11911	1.4418368E-006
3.11936	1.3101437E-006
3.11961	1.1836971E-006
3.11986	1.0628260E-006
3.12011	9.4773520E-007
3.12036	8.3875659E-007
3.12061	7.3595322E-007
3.12086	6.3962318E-007
3.12111	5.4998753E-007
3.12136	4.6718176E-007
3.12161	3.9145431E-007
3.12186	3.2298422E-007
3.12211	2.6187521E-007
3.12236	2.0830821E-007
3.12261	1.6248032E-007
3.12286	1.2448272E-007
3.12311	9.4460638E-008
3.12336	7.2498615E-008
3.12361	5.8641138E-008
3.12386	5.3141218E-008
3.12411	5.5993230E-008
3.12436	6.7259471E-008
3.124609	8.6992785E-008
3.12486	1.1518556E-007
3.125109	1.5200484E-007
3.125359	1.9739666E-007
3.125609	2.5131396E-007
3.125859	3.1377934E-007
3.126109	3.8485479E-007
3.126359	4.6444302E-007
3.126609	5.5247153E-007
3.126859	6.4896972E-007
3.127109	7.5373760E-007
3.127359	8.6680939E-007
3.127609	9.8811836E-007
3.127859	1.1173354E-006
3.128109	1.2546561E-006
3.128359	1.3996563E-006
3.128609	1.5523407E-006
3.128859	1.7125230E-006
3.129109	1.8799426E-006
3.129359	2.0545294E-006
3.129609	2.2361687E-006
3.129859	2.4245430E-006
3.130109	2.6193172E-006
3.130359	2.8205495E-006
3.130609	3.0278184E-006
3.130859	3.2409359E-006
3.131109	3.4594282E-006
3.131359	3.6833137E-006
3.131609	3.9123533E-006
3.131859	4.1463190E-006
3.132108	4.3844611E-006
3.132359	4.6265750E-006
3.132608	4.8726697E-006
3.132859	5.1221359E-006
3.133108	5.3754288E-006
3.133358	5.6309714E-006
3.133608	5.8564801E-006
3.133858	6.1168189E-006
3.134108	6.3787525E-006
3.134358	6.6419534E-006
3.134608	6.9071443E-006
3.134858	7.1727222E-006
3.135108	7.4386512E-006
3.135358	7.7043942E-006
3.135608	7.9700985E-006
3.135858	8.2358674E-006
3.136108	8.4999256E-006
3.136358	8.7623921E-006
3.136608	9.0230760E-006
3.136858	9.2817900E-006
3.137108	9.5379373E-006
3.137358	9.7912498E-006
3.137608	1.0041148E-005
3.137858	1.0288552E-005
3.138108	1.0531116E-005
3.138358	1.0769149E-005
3.138608	1.1002361E-005
3.138858	1.1230836E-005
3.139108	1.1455061E-005
3.139358	1.1672503E-005
3.139608	1.1883762E-005
3.139858	1.2088327E-005
3.140108	1.2286753E-005
3.140357	1.2478218E-005
3.140608	1.2663031E-005
3.140857	1.2839917E-005
3.141107	1.3008159E-005
3.141357	1.3168567E-005
3.141607	1.3320894E-005
3.141857	1.3465538E-005
3.142107	1.3600258E-005
3.142357	1.3725965E-005
3.142607	1.3841340E-005
3.142857	1.3948217E-005
3.143107	1.4046446E-005
3.143357	1.4133038E-005
3.143607	1.4210647E-005
3.143857	1.4277014E-005
3.144107	1.4333837E-005
3.144357	1.4380013E-005
3.144607	1.4416538E-005
3.144857	1.4441627E-005
3.145107	1.4455794E-005
3.145357	1.4459369E-005
3.145607	1.4452201E-005
3.145857	1.4433969E-005
3.146107	1.4404784E-005
3.146357	1.4364716E-005
3.146607	1.4315627E-005
3.146857	1.4253775E-005
3.147107	1.4181469E-005
3.147357	1.4098824E-005
3.147607	1.4005508E-005
3.147856	1.3902751E-005
3.148107	1.3788589E-005
3.148356	1.3664025E-005
3.148607	1.3529281E-005
3.148856	1.3384629E-005
3.149107	1.3231624E-005
3.149356	1.3068026E-005
3.149606	1.2894922E-005
3.149856	1.2712861E-005
3.150106	1.2473319E-005
3.150356	1.2322808E-005
3.150606	1.2063127E-005
3.150856	1.1845377E-005
3.151106	1.1620072E-005
3.151356	1.1387511E-005
3.151606	1.1149162E-005
3.151856	1.0903131E-005
3.152106	1.0650987E-005
3.152356	1.0392779E-005
3.152606	1.0128801E-005
3.152856	9.8602795E-006
3.153106	9.5870755E-006
3.153356	9.3097133E-006
3.153606	9.0293051E-006
3.153856	8.7445533E-006
3.154106	8.4569929E-006
3.154356	8.2033639E-006
3.154606	7.9115989E-006
3.154856	7.6181846E-006
3.155106	7.3242350E-006
3.155356	7.0293690E-006
3.155606	6.7340666E-006
3.155856	6.4393003E-006
3.156106	6.1453511E-006
3.156356	5.8529122E-006
3.156605	5.5623450E-006
3.156855	5.2743467E-006
3.157105	4.9890114E-006
3.157355	4.7070962E-006
3.157605	4.4288477E-006
3.157855	4.1555018E-006
3.158105	3.8867993E-006
3.158355	3.6235197E-006
3.158605	3.3660785E-006
3.158855	3.0536153E-006
3.159105	2.8711652E-006
3.159355	2.5767217E-006
3.159605	2.3500970E-006
3.159855	2.1319427E-006
3.160105	1.9228687E-006
3.160355	1.7229838E-006
3.160605	1.5330485E-006
3.160855	1.3534373E-006
3.161105	1.1845946E-006
3.161355	1.0268800E-006
3.161605	8.8073364E-007
3.161855	7.4661943E-007
3.162105	6.2480029E-007
3.162355	5.1555639E-007
3.162605	4.1959302E-007
3.162855	3.3704325E-007
3.163105	2.6818034E-007
3.163355	2.1335673E-007
3.163604	1.7276129E-007
3.163855	1.4693077E-007
3.164104	1.3597710E-007
3.164355	1.4014148E-007
3.164604	1.5965739E-007
3.164855	1.9453500E-007
3.165104	2.4528956E-007
3.165354	3.1198462E-007
3.165604	4.1789787E-007
3.165854	4.9359693E-007
3.166104	6.3995134E-007
3.166354	7.7546741E-007
3.166604	9.2739560E-007
3.166854	1.0956971E-006
3.167104	1.2804858E-006
3.167354	1.4818449E-006
3.167604	1.6995400E-006
3.167854	1.9333568E-006
3.168104	2.1834951E-006
3.168354	2.4500951E-006
3.168604	2.7324702E-006
3.168854	3.0303888E-006
3.169104	3.3444899E-006
3.169354	3.6739589E-006
3.169604	4.0188743E-006
3.169854	4.3781010E-006
3.170104	4.7528251E-006
3.170354	5.1418506E-006
3.170604	5.5448781E-006
3.170854	5.9616364E-006
3.171104	6.3923808E-006
3.171354	6.9487296E-006
3.171604	7.4077170E-006
3.171854	7.8792918E-006
3.172104	8.3623154E-006
3.172354	8.8564511E-006
3.172603	9.3615272E-006
3.172853	9.8770233E-006
3.173103	1.0401571E-005
3.173353	1.0935581E-005
3.173603	1.1478640E-005
3.173853	1.2029649E-005
3.174103	1.2586977E-005
3.174353	1.3152322E-005
3.174603	1.3651298E-005
3.174853	1.4226872E-005
3.175103	1.4807501E-005
3.175353	1.5392277E-005
3.175603	1.5982125E-005
3.175853	1.6573840E-005
3.176103	1.7316539E-005
3.176353	1.7911410E-005
3.176603	1.8507424E-005
3.176853	1.9104664E-005
3.177103	1.9700210E-005
3.177353	2.0292720E-005
3.177603	2.0883157E-005
3.177853	2.1471347E-005
3.178103	2.2054324E-005
3.178353	2.2635108E-005
3.178603	2.3208853E-005
3.178853	2.3776025E-005
3.179103	2.4335393E-005
3.179353	2.4889065E-005
3.179603	2.5434667E-005
3.179852	2.5969308E-005
3.180103	2.6494157E-005
3.180352	2.7135589E-005
3.180603	2.7636179E-005
3.180852	2.8122791E-005
3.181103	2.8597338E-005
3.181352	2.9056224E-005
3.181602	2.9503130E-005
3.181852	2.9932584E-005
3.182102	3.0345518E-005
3.182352	3.0743082E-005
3.182602	3.1125994E-005
3.182852	3.1488406E-005
3.183102	3.1832868E-005
3.183352	3.2157608E-005
3.183602	3.2462849E-005
3.183852	3.2748107E-005
3.184102	3.3015560E-005
3.184352	3.3317658E-005
3.184602	3.3532902E-005
3.184852	3.3727909E-005
3.185102	3.3898697E-005
3.185352	3.4048178E-005
3.185602	3.4172161E-005
3.185852	3.4273642E-005
3.186102	3.4353721E-005
3.186352	3.4406810E-005
3.186602	3.4434463E-005
3.186852	3.4438322E-005
3.187102	3.4417146E-005
3.187352	3.4373439E-005
3.187602	3.4302146E-005
3.187852	3.4204302E-005
3.188102	3.4048579E-005
3.188352	3.3894848E-005
3.188601	3.3719651E-005
3.188851	3.3513901E-005
3.189101	3.3284508E-005
3.189351	3.3029897E-005
3.189601	3.2751126E-005
3.189851	3.2450298E-005
3.190101	3.2121916E-005
3.190351	3.1770349E-005
3.190601	3.1395080E-005
3.190851	3.0996194E-005
3.191101	3.0574869E-005
3.191351	3.0131147E-005
3.191601	2.9546594E-005
3.191851	2.9055478E-005
3.192101	2.8545133E-005
3.192351	2.8012575E-005
3.192601	2.7462736E-005
3.192851	2.6892400E-005
3.193101	2.6305066E-005
3.193351	2.5701329E-005
3.193601	2.5082858E-005
3.193851	2.4446641E-005
3.194101	2.3796560E-005
3.194351	2.3217141E-005
3.194601	2.2545471E-005
3.194851	2.1687965E-005
3.195101	2.0990448E-005
3.195351	2.0283542E-005
3.195601	1.9569097E-005
3.195851	1.8848008E-005
3.1961	1.8122553E-005
3.196351	1.7391802E-005
3.1966	1.6658942E-005
3.196851	1.5923633E-005
3.1971	1.5188146E-005
3.197351	1.4455160E-005
3.1976	1.3723566E-005
3.19785	1.2815577E-005
3.1981	1.2094290E-005
3.19835	1.1381527E-005
3.1986	1.0676703E-005
3.19885	9.9827321E-006
3.1991	9.3009403E-006
3.19935	8.6321479E-006
3.1996	7.9778538E-006
3.19985	7.3412634E-006
3.2001	6.7222409E-006
3.20035	6.1235601E-006
3.2006	5.5462297E-006
3.20085	4.8578186E-006
3.2011	4.3350151E-006
3.20135	3.8392955E-006
3.2016	3.3727572E-006
3.20185	2.9363289E-006
3.2021	2.5318886E-006
3.20235	2.1612284E-006
3.2026	1.8264291E-006
3.20285	1.5289796E-006
3.2031	1.2704669E-006
3.20335	1.0527759E-006
3.2036	8.4044137E-007
3.20385	7.1987967E-007
3.2041	6.4625686E-007
3.20435	6.2046479E-007
3.204599	6.4424552E-007
3.204849	7.1922932E-007
3.205099	8.4643750E-007
3.205349	1.0288001E-006
3.205599	1.2671975E-006
3.205849	1.5633515E-006
3.206099	2.0167572E-006
3.206349	2.4480958E-006
3.206599	2.9424011E-006
3.206849	3.4999885E-006
3.207099	4.1232647E-006
3.207349	4.8138645E-006
3.207599	5.5727410E-006
3.207849	6.4009996E-006
3.208099	7.3011065E-006
3.208349	8.2724109E-006
3.208599	9.3182998E-006
3.208849	1.0437485E-005
3.209099	1.1944955E-005
3.209349	1.3238331E-005
3.209599	1.4608336E-005
3.209849	1.6057425E-005
3.210099	1.7587978E-005
3.210349	1.9198847E-005
3.210599	2.0893578E-005
3.210849	2.2669554E-005
3.211099	2.4530989E-005
3.211349	2.6474809E-005
3.211599	2.9025063E-005
3.211848	3.1162745E-005
3.212099	3.3383880E-005
3.212348	3.5697838E-005
3.212599	3.8093654E-005
3.212848	4.0578401E-005
3.213099	4.3149314E-005
3.213348	4.5807770E-005
3.213598	4.8557926E-005
3.213848	5.1756677E-005
3.214098	5.4693090E-005
3.214348	5.7718848E-005
3.214598	6.0831117E-005
3.214848	6.4032851E-005
3.215098	6.7318753E-005
3.215348	7.0698443E-005
3.215598	7.4164760E-005
3.215848	7.7716781E-005
3.216098	8.2276871E-005
3.216348	8.6021748E-005
3.216598	8.9846792E-005
3.216848	9.3765040E-005
3.217098	9.7757220E-005
3.217348	1.0184576E-004
3.217598	1.0600645E-004
3.217848	1.1024508E-004
3.218098	1.1457202E-004
3.218348	1.1896784E-004
3.218598	1.2344556E-004
3.218848	1.2915605E-004
3.219098	1.3380582E-004
3.219348	1.3852486E-004
3.219598	1.4331932E-004
3.219848	1.4818358E-004
3.220098	1.5312526E-004
3.220347	1.5812177E-004
3.220598	1.6317761E-004
3.220847	1.6960262E-004
3.221097	1.7480778E-004
3.221347	1.8006648E-004
3.221597	1.8538443E-004
3.221847	1.9077573E-004
3.222097	1.9620419E-004
3.222347	2.0169232E-004
3.222597	2.0721258E-004
3.222847	2.1278107E-004
3.223097	2.1982384E-004
3.223347	2.2552063E-004
3.223597	2.3122397E-004
3.223847	2.3697864E-004
3.224097	2.4276701E-004
3.224347	2.4857800E-004
3.224597	2.5441803E-004
3.224847	2.6029689E-004
3.225097	2.6769334E-004
3.225347	2.7361917E-004
3.225597	2.7955708E-004
3.225847	2.8551291E-004
3.226097	2.9148205E-004
3.226347	2.9745308E-004
3.226597	3.0346806E-004
3.226847	3.0946525E-004
3.227097	3.1545738E-004
3.227347	3.2294757E-004
3.227597	3.2893239E-004
3.227847	3.3493395E-004
3.228096	3.4090303E-004
3.228347	3.4686530E-004
3.228596	3.5278371E-004
3.228847	3.5873748E-004
3.229096	3.6462842E-004
3.229346	3.7196474E-004
3.229596	3.7780113E-004
3.229846	3.8359794E-004
3.230096	3.8936222E-004
3.230346	3.9509180E-004
3.230596	4.0077526E-004
3.230846	4.0643429E-004
3.231096	4.1204784E-004
3.231346	4.1898593E-004
3.231596	4.2446642E-004
3.231846	4.2987696E-004
3.232096	4.3526117E-004
3.232346	4.4059349E-004
3.232596	4.4582854E-004
3.232846	4.5100530E-004
3.233096	4.5545763E-004
3.233346	4.6175841E-004
3.233596	4.6673656E-004
3.233846	4.7160019E-004
3.234096	4.7639519E-004
3.234346	4.8109188E-004
3.234596	4.8568615E-004
3.234846	4.9024104E-004
3.235096	4.9469835E-004
3.235346	5.0014246E-004
3.235596	5.0435524E-004
3.235846	5.0847529E-004
3.236095	5.1250204E-004
3.236346	5.1642966E-004
3.236595	5.2023464E-004
3.236845	5.2399846E-004
3.237095	5.2848563E-004
3.237345	5.3193484E-004
3.237595	5.3529593E-004
3.237845	5.3852703E-004
3.238095	5.4163334E-004
3.238345	5.4464123E-004
3.238595	5.4751954E-004
3.238845	5.5030879E-004
3.239095	5.5362447E-004
3.239345	5.5608992E-004
3.239595	5.5842573E-004
3.239845	5.6068011E-004
3.240095	5.6278828E-004
3.240345	5.6477060E-004
3.240595	5.6659826E-004
3.240845	5.6873827E-004
3.241095	5.7026447E-004
3.241345	5.7172560E-004
3.241595	5.7299784E-004
3.241845	5.7413633E-004
3.242095	5.7512434E-004
3.242345	5.7600631E-004
3.242595	5.7691609E-004
3.242845	5.7752471E-004
3.243095	5.7795801E-004
3.243345	5.7824521E-004
3.243595	5.7837256E-004
3.243845	5.7840889E-004
3.244095	5.7828741E-004
3.244344	5.7798886E-004
3.244595	5.7756068E-004
3.244844	5.7700946E-004
3.245095	5.7629350E-004
3.245344	5.7544268E-004
3.245594	5.7449570E-004
3.245844	5.7338347E-004
3.246094	5.7183288E-004
3.246344	5.7044730E-004
3.246594	5.6894455E-004
3.246844	5.6727615E-004
3.247094	5.6548446E-004
3.247344	5.6356296E-004
3.247594	5.6151592E-004
3.247844	5.5884285E-004
3.248094	5.5652804E-004
3.248344	5.5406342E-004
3.248594	5.5149186E-004
3.248844	5.4880115E-004
3.249094	5.4606271E-004
3.249344	5.4311799E-004
3.249594	5.3931639E-004
3.249844	5.3612498E-004
3.250094	5.3284829E-004
3.250344	5.2944303E-004
3.250594	5.2597688E-004
3.250844	5.2237208E-004
3.251094	5.1865890E-004
3.251344	5.1386724E-004
3.251594	5.0994370E-004
3.251844	5.0590641E-004
3.252094	5.0233502E-004
3.252343	4.9813930E-004
3.252594	4.9383688E-004
3.252843	4.8835558E-004
3.253093	4.8386262E-004
3.253343	4.7929393E-004
3.253593	4.7466008E-004
3.253843	4.6992968E-004
3.254093	4.6511783E-004
3.254343	4.6029067E-004
3.254593	4.5412235E-004
3.254843	4.4911049E-004
3.255093	4.4401825E-004
3.255343	4.3885806E-004
3.255593	4.3366395E-004
3.255843	4.2842710E-004
3.256093	4.2182254E-004
3.256343	4.1644869E-004
3.256593	4.1103631E-004
3.256843	4.0556976E-004
3.257093	4.0008393E-004
3.257343	3.9454838E-004
3.257593	3.8760676E-004
3.257843	3.8200174E-004
3.258093	3.7635808E-004
3.258343	3.7069220E-004
3.258593	3.6499865E-004
3.258843	3.5932817E-004
3.259093	3.5359929E-004
3.259343	3.4643014E-004
3.259593	3.4067300E-004
3.259843	3.3492962E-004
3.260092	3.2915623E-004
3.260343	3.2337467E-004
3.260592	3.1759930E-004
3.260843	3.1039029E-004
3.261092	3.0462051E-004
3.261342	2.9885734E-004
3.261592	2.9310503E-004
3.261842	2.8736092E-004
3.262092	2.8166152E-004
3.262342	2.7454004E-004
3.262592	2.6885688E-004
3.262842	2.6319004E-004
3.263092	2.5756171E-004
3.263342	2.5195972E-004
3.263592	2.4637239E-004
3.263842	2.3946569E-004
3.264092	2.3397451E-004
3.264342	2.2849253E-004
3.264592	2.2306964E-004
3.264842	2.1768091E-004
3.265092	2.1235402E-004
3.265342	2.0573889E-004
3.265592	2.0049702E-004
3.265842	1.9530520E-004
3.266092	1.9015942E-004
3.266342	1.8506299E-004
3.266592	1.8004121E-004
3.266842	1.7383203E-004
3.267092	1.6890801E-004
3.267342	1.6406132E-004
3.267592	1.5928003E-004
3.267842	1.5455369E-004
3.268091	1.4873076E-004
3.268342	1.4414480E-004
3.268591	1.3962391E-004
3.268842	1.3517236E-004
3.269091	1.3077844E-004
3.269341	1.2646918E-004
3.269591	1.2222174E-004
3.269841	1.1703080E-004
3.270091	1.1293844E-004
3.270341	1.0892808E-004
3.270591	1.0547826E-004
3.270841	1.0159865E-004
3.271091	9.6868665E-005
3.271341	9.3172770E-005
3.271591	8.9544483E-005
3.271841	8.5990068E-005
3.272091	8.2513456E-005
3.272341	7.9116355E-005
3.272591	7.4980730E-005
3.272841	7.1759641E-005
3.273091	6.8616959E-005
3.273341	6.5550987E-005
3.273591	6.2559375E-005
3.273841	5.8936705E-005
3.274091	5.6122295E-005
3.274341	5.3391770E-005
3.274591	5.0733321E-005
3.274841	4.8154056E-005
3.275091	4.5036606E-005
3.275341	4.2628446E-005
3.275591	4.0300314E-005
3.275841	3.8044043E-005
3.276091	3.5869092E-005
3.27634	3.3765395E-005
3.276591	3.1239342E-005
3.27684	2.9303676E-005
3.27709	2.7440532E-005
3.27734	2.5650432E-005
3.27759	2.3931962E-005
3.27784	2.2283206E-005
3.27809	2.0319936E-005
3.27834	1.8828276E-005
3.27859	1.7404205E-005
3.27884	1.6049302E-005
3.27909	1.4759388E-005
3.27934	1.3238465E-005
3.27959	1.2095285E-005
3.27984	1.1014201E-005
3.28009	9.9951149E-006
3.28034	9.0370650E-006
3.28059	7.9228885E-006
3.28084	7.0983979E-006
3.28109	6.3309517E-006
3.28134	5.6191061E-006
3.28159	4.9622818E-006
3.28184	4.2155875E-006
3.28209	3.6773852E-006
3.28234	3.1903451E-006
3.28259	2.7527328E-006
3.28284	2.3632967E-006
3.28309	2.0205596E-006
3.28334	1.6565483E-006
3.28359	1.4141140E-006
3.283839	1.2150294E-006
3.28409	1.0573087E-006
3.284339	9.3955373E-007
3.28459	8.4657188E-007
3.284839	8.1386179E-007
3.285089	8.1615326E-007
3.285339	8.5333176E-007
3.285589	9.2343731E-007
3.285839	1.0554131E-006
3.286089	1.1946327E-006
3.286339	1.3626290E-006
3.286589	1.5577841E-006
3.286839	1.7788896E-006
3.287089	2.0896657E-006
3.287339	2.3640628E-006
3.287589	2.6606226E-006
3.287839	2.9774430E-006
3.288089	3.3134354E-006
3.288339	3.7588209E-006
3.288589	4.1335365E-006
3.288839	4.4731664E-006
3.289089	4.8753827E-006
3.289339	5.2905402E-006
3.289589	5.8252949E-006
3.289839	6.2653085E-006
3.290089	6.7143910E-006
3.290339	7.1710929E-006
3.290589	7.6348861E-006
3.290839	8.2229753E-006
3.291089	8.6986993E-006
3.291339	9.1783577E-006
3.291589	9.6603044E-006
3.291839	1.0143714E-005
3.292089	1.0748834E-005
3.292339	1.1232196E-005
3.292588	1.1715335E-005
3.292838	1.2195152E-005
3.293088	1.2671652E-005
3.293338	1.3261858E-005
3.293588	1.3729249E-005
3.293838	1.4189518E-005
3.294088	1.4644519E-005
3.294338	1.5091723E-005
3.294588	1.5640604E-005
3.294838	1.6069456E-005
3.295088	1.6490225E-005
3.295338	1.6900032E-005
3.295588	1.7299764E-005
3.295838	1.7783628E-005
3.296088	1.8158062E-005
3.296338	1.8519333E-005
3.296588	1.8870298E-005
3.296838	1.9290323E-005
3.297088	1.9609604E-005
3.297338	1.9915171E-005
3.297588	2.0207717E-005
3.297838	2.0486015E-005
3.298088	2.0814798E-005
3.298338	2.1059237E-005
3.298588	2.1289010E-005
3.298838	2.1502874E-005
3.299088	2.1701058E-005
3.299338	2.1928101E-005
3.299588	2.2093198E-005
3.299838	2.2239328E-005
3.300087	2.2371081E-005
3.300338	2.2486151E-005
3.300587	2.2607479E-005
3.300838	2.2687258E-005
3.301087	2.2752774E-005
3.301337	2.2800008E-005
3.301587	2.2836839E-005
3.301837	2.2847884E-005
3.302087	2.2844719E-005
3.302337	2.2825830E-005
3.302587	2.2791575E-005
3.302837	2.2727781E-005
3.303087	2.2659993E-005
3.303337	2.2578817E-005
3.303587	2.2481991E-005
3.303837	2.2371236E-005
3.304087	2.2212871E-005
3.304337	2.2071066E-005
3.304587	2.1915297E-005
3.304837	2.1748987E-005
3.305087	2.1521668E-005
3.305337	2.1326239E-005
3.305587	2.1118056E-005
3.305837	2.0899153E-005
3.306087	2.0669078E-005
3.306337	2.0368761E-005
3.306587	2.0146657E-005
3.306837	1.9885214E-005
3.307087	1.9613439E-005
3.307337	1.9261630E-005
3.307587	1.8969791E-005
3.307837	1.8671813E-005
3.308087	1.8364019E-005
3.308336	1.8049972E-005
3.308587	1.7648119E-005
3.308836	1.7319178E-005
3.309086	1.6985328E-005
3.309336	1.6644730E-005
3.309586	1.6213462E-005
3.309836	1.5862963E-005
3.310086	1.5508205E-005
3.310336	1.5149576E-005
3.310586	1.4788806E-005
3.310836	1.4334022E-005
3.311086	1.3969249E-005
3.311336	1.3601378E-005
3.311586	1.3231912E-005
3.311836	1.2770086E-005
3.312086	1.2399522E-005
3.312336	1.2030168E-005
3.312586	1.1661070E-005
3.312836	1.1201076E-005
3.313086	1.0834350E-005
3.313336	1.0469637E-005
3.313586	1.0106759E-005
3.313836	9.7478269E-006
3.314086	9.3020953E-006
3.314336	8.9490113E-006
3.314586	8.6000482E-006
3.314836	8.2549950E-006
3.315086	7.8299308E-006
3.315336	7.4960171E-006
3.315586	7.1668010E-006
3.315835	6.8425543E-006
3.316086	6.4455294E-006
3.316335	6.1344203E-006
3.316586	5.8294172E-006
3.316835	5.5315277E-006
3.317086	5.2401560E-006
3.317335	4.8854977E-006
3.317585	4.6098849E-006
3.317835	4.3417017E-006
3.318085	4.0812652E-006
3.318335	3.7665463E-006
3.318585	3.5236692E-006
3.318835	3.2888763E-006
3.319085	3.0625727E-006
3.319335	2.7911649E-006
3.319585	2.5838326E-006
3.319835	2.3850198E-006
3.320085	2.1947496E-006
3.320335	1.9693216E-006
3.320585	1.7988513E-006
3.320835	1.6372784E-006
3.321085	1.4846863E-006
3.321335	1.3063983E-006
3.321585	1.1738260E-006
3.321835	1.0501639E-006
3.322085	9.3541041E-007
3.322335	8.0457380E-007
3.322585	7.0983037E-007
3.322835	6.2378842E-007
3.323085	5.4654765E-007
3.323335	4.7799369E-007
3.323585	4.0438036E-007
3.323835	3.5485337E-007
3.324085	3.1385696E-007
3.324335	2.8474059E-007
3.324584	2.5402207E-007
3.324834	2.3844345E-007
3.325084	2.3057693E-007
3.325334	2.3058388E-007
3.325584	2.4121960E-007
3.325834	2.5803141E-007
3.326084	2.8207273E-007
3.326334	3.1309989E-007
3.326584	3.6134020E-007
3.326834	4.0753986E-007
3.327084	4.6012673E-007
3.327334	5.1890390E-007
3.327584	6.0085756E-007
3.327834	6.7289426E-007
3.328084	7.5050502E-007
3.328334	8.3332867E-007
3.328584	9.4407233E-007
3.328834	1.0380071E-006
3.329084	1.1365821E-006
3.329334	1.2395703E-006
3.329584	1.3738977E-006
3.329834	1.4857770E-006
3.330084	1.6011269E-006
3.330334	1.7199317E-006
3.330584	1.8727367E-006
3.330834	1.9980639E-006
3.331084	2.1259975E-006
3.331334	2.2561360E-006
3.331583	2.4216686E-006
3.331834	2.5562604E-006
3.332083	2.6923499E-006
3.332334	2.8295876E-006
3.332583	3.0027186E-006
3.332834	3.1421168E-006
3.333083	3.2820783E-006
3.333333	3.4220682E-006
3.333583	3.5975843E-006
3.333833	3.7374830E-006
3.334083	3.8771173E-006
3.334333	4.0157774E-006
3.334583	4.1882427E-006
3.334833	4.3248278E-006
3.335083	4.4601793E-006
3.335333	4.6273444E-006
3.335583	4.7589519E-006
3.335833	4.8885390E-006
3.336083	5.0156386E-006
3.336333	5.1716897E-006
3.336583	5.2937730E-006
3.336833	5.4130028E-006
3.337083	5.5296846E-006
3.337333	5.6711197E-006
3.337583	5.7804432E-006
3.337833	5.8861679E-006
3.338083	5.9889044E-006
3.338333	6.1122969E-006
3.338583	6.2063668E-006
3.338833	6.2969848E-006
3.339083	6.3835846E-006
3.339333	6.4857149E-006
3.339583	6.5628910E-006
3.339833	6.6356201E-006
3.340083	6.7039377E-006
3.340333	6.7837636E-006
3.340582	6.8426320E-006
3.340832	6.8963668E-006
3.341082	6.9452203E-006
3.341332	7.0003998E-006
3.341582	7.0397973E-006
3.341832	7.0694027E-006
3.342082	7.1061213E-006
3.342332	7.1300760E-006
3.342582	7.1483905E-006
3.342832	7.1625236E-006
3.343082	7.1741269E-006
3.343332	7.1783147E-006
3.343582	7.1769982E-006
3.343832	7.1710119E-006
3.344082	7.1572654E-006
3.344332	7.1410777E-006
3.344582	7.1202517E-006
3.344832	7.0879501E-006
3.345082	7.0567949E-006
3.345332	7.0220726E-006
3.345582	6.9824036E-006
3.345832	6.9269677E-006
3.346082	6.8779868E-006
3.346332	6.8245590E-006
3.346582	6.7676583E-006
3.346832	6.6908692E-006
3.347082	6.6252751E-006
3.347332	6.5563977E-006
3.347582	6.4647938E-006
3.347831	6.3873704E-006
3.348082	6.3071620E-006
3.348331	6.2237586E-006
3.348582	6.1152627E-006
3.348831	6.0247794E-006
3.349082	5.9314607E-006
3.349331	5.8355868E-006
3.349581	5.7126163E-006
3.349831	5.6114241E-006
3.350081	5.5087271E-006
3.350331	5.3767708E-006
3.350581	5.2688652E-006
3.350831	5.1592774E-006
3.351081	5.0481317E-006
3.351331	4.9073265E-006
3.351581	4.7933004E-006
3.351831	4.6779833E-006
3.352081	4.5324136E-006
3.352331	4.4151789E-006
3.352581	4.2970069E-006
3.352831	4.1783724E-006
3.353081	4.0295386E-006
3.353331	3.9103866E-006
3.353581	3.7911107E-006
3.353831	3.6423480E-006
3.354081	3.5233491E-006
3.354331	3.4048267E-006
3.354581	3.2866501E-006
3.354831	3.1400064E-006
3.355081	3.0237604E-006
3.355331	2.9083055E-006
3.355581	2.7938390E-006
3.355831	2.6524665E-006
3.356081	2.5408806E-006
3.35633	2.4307428E-006
3.35658	2.2954746E-006
3.35683	2.1889930E-006
3.35708	2.0843102E-006
3.35733	1.9815952E-006
3.35758	1.8559426E-006
3.35783	1.7578612E-006
3.35808	1.6620730E-006
3.35833	1.5455638E-006
3.35858	1.4550864E-006
3.35883	1.3779558E-006
3.35908	1.2921140E-006
3.35933	1.1887550E-006
3.35958	1.1090194E-006
3.35983	1.0320764E-006
3.36008	9.3996579E-007
3.36033	8.6950593E-007
3.36058	8.0197663E-007
3.36083	7.2195292E-007
3.36108	6.6129689E-007
3.36133	6.0377693E-007
3.36158	5.4941091E-007
3.36183	4.8586833E-007
3.36208	4.3859851E-007
3.36233	3.9456535E-007
3.36258	3.4405898E-007
3.36283	3.0731204E-007
3.36308	2.7378684E-007
3.36333	2.3638421E-007
3.36358	2.1013427E-007
3.36383	1.8712052E-007
3.364079	1.6730397E-007
3.36433	1.4705908E-007
3.364579	1.3440798E-007
3.36483	1.2491805E-007
3.365079	1.1734964E-007
3.36533	1.1481076E-007
3.365579	1.1530960E-007
3.365829	1.1879425E-007
3.366079	1.2730263E-007
3.366329	1.3729580E-007
3.366579	1.5019695E-007
3.366829	1.7021961E-007
3.367079	1.8930599E-007
3.367329	2.1101535E-007
3.367579	2.4180986E-007
3.367829	2.6918082E-007
3.368079	2.9905209E-007
3.368329	3.3130164E-007
3.368579	3.7476045E-007
3.368829	4.1200187E-007
3.369079	4.5135420E-007
3.369329	5.0334961E-007
3.369579	5.4715798E-007
3.369829	5.9276186E-007
3.370079	6.5222366E-007
3.370329	7.0159990E-007
3.370579	7.5258839E-007
3.370829	8.0492310E-007
3.371079	8.7233821E-007
3.371329	9.2764020E-007
3.371579	9.8419684E-007
3.371829	1.0561989E-006
3.372079	1.1149544E-006
3.372329	1.1744239E-006
3.372578	1.2499006E-006
3.372828	1.3109818E-006
3.373078	1.3726516E-006
3.373328	1.4345720E-006
3.373578	1.5125802E-006
3.373828	1.5752214E-006
3.374078	1.6379786E-006
3.374328	1.7165263E-006
3.374578	1.7791837E-006
3.374828	1.8416797E-006
3.375078	1.9193219E-006
3.375328	1.9810666E-006
3.375578	2.0347427E-006
3.375828	2.1106098E-006
3.376078	2.1707262E-006
3.376328	2.2299348E-006
3.376578	2.2883619E-006
3.376828	2.3600990E-006
3.377078	2.4163919E-006
3.377328	2.4716171E-006
3.377578	2.5389365E-006
3.377828	2.5915072E-006
3.378078	2.6428179E-006
3.378328	2.7050994E-006
3.378578	2.7530650E-006
3.378828	2.7997148E-006
3.379078	2.8556469E-006
3.379328	2.8984628E-006
3.379578	2.9398516E-006
3.379827	2.9888902E-006
3.380078	3.0262645E-006
3.380327	3.0618050E-006
3.380578	3.1036277E-006
3.380827	3.1347199E-006
3.381078	3.1638415E-006
3.381327	3.1976490E-006
3.381577	3.2222990E-006
3.381827	3.2451301E-006
3.382077	3.2657108E-006
3.382327	3.2884948E-006
3.382577	3.3043175E-006
3.382827	3.3178292E-006
3.383077	3.3320111E-006
3.383327	3.3410709E-006
3.383577	3.3478593E-006
3.383827	3.3532133E-006
3.384077	3.3550048E-006
3.384327	3.3547592E-006
3.384577	3.3514023E-006
3.384827	3.3465647E-006
3.385077	3.3394670E-006
3.385327	3.3274785E-006
3.385577	3.3157537E-006
3.385827	3.3017329E-006
3.386077	3.2816959E-006
3.386327	3.2635276E-006
3.386577	3.2432540E-006
3.386827	3.2151497E-006
3.387077	3.1905934E-006
3.387327	3.1640791E-006
3.387577	3.1359991E-006
3.387827	3.0982098E-006
3.388077	3.0662025E-006
3.388326	3.0323326E-006
3.388577	2.9882226E-006
3.388826	2.9510311E-006
3.389076	2.9122320E-006
3.389326	2.8618933E-006
3.389576	2.8199404E-006
3.389826	2.7767446E-006
3.390076	2.7213687E-006
3.390326	2.6755017E-006
3.390576	2.6284113E-006
3.390826	2.5682893E-006
3.391076	2.5188997E-006
3.391326	2.4687058E-006
3.391576	2.4049521E-006
3.391826	2.3530172E-006
3.392076	2.3002528E-006
3.392326	2.2402378E-006
3.392576	2.1864373E-006
3.392826	2.1320686E-006
3.393076	2.0634750E-006
3.393326	2.0082332E-006
3.393576	1.9526406E-006
3.393826	1.8829699E-006
3.394076	1.8270672E-006
3.394326	1.7711893E-006
3.394576	1.7013390E-006
3.394826	1.6456230E-006
3.395076	1.5899117E-006
3.395326	1.5206673E-006
3.395576	1.4656155E-006
3.395826	1.4108499E-006
3.396075	1.3431679E-006
3.396326	1.2894942E-006
3.396575	1.2365552E-006
3.396826	1.1710788E-006
3.397075	1.1195674E-006
3.397325	1.0687279E-006
3.397575	1.0063242E-006
3.397825	9.5737130E-007
3.398075	9.0933167E-007
3.398325	8.5069979E-007
3.398575	8.0495056E-007
3.398825	7.6022644E-007
3.399075	7.0597554E-007
3.399325	6.6383467E-007
3.399575	6.2294481E-007
3.399825	5.7360000E-007
3.400075	5.3554862E-007
3.400325	4.9888160E-007
3.400575	4.5492558E-007
3.400825	4.2134022E-007
3.401075	3.8140519E-007
3.401325	3.5104532E-007
3.401575	3.2222516E-007
3.401825	2.8826821E-007
3.402075	2.6286051E-007
3.402325	2.3899864E-007
3.402575	2.1136150E-007
3.402825	1.9103331E-007
3.403075	1.7228808E-007
3.403325	1.5108064E-007
3.403575	1.3594190E-007
3.403825	1.2239812E-007
3.404074	1.0775667E-007
3.404325	9.7843056E-008
3.404574	8.9536059E-008
3.404824	8.1400309E-008
3.405074	7.6686533E-008
3.405324	7.3549685E-008
3.405574	7.1803626E-008
3.405824	7.2179695E-008
3.406074	7.4092881E-008
3.406324	7.8619706E-008
3.406574	8.3925407E-008
3.406824	9.0702812E-008
3.407074	1.0116804E-007
3.407324	1.1117110E-007
3.407574	1.2256361E-007
3.407824	1.3872888E-007
3.408074	1.5314514E-007
3.408324	1.7297636E-007
3.408574	1.8799278E-007
3.408824	2.0634712E-007
3.409074	2.3094219E-007
3.409324	2.5188794E-007
3.409574	2.7392599E-007
3.409824	3.0300592E-007
3.410074	3.2738794E-007
3.410324	3.5270912E-007
3.410574	3.8566193E-007
3.410824	4.1301408E-007
3.411074	4.4119338E-007
3.411324	4.7748273E-007
3.411574	5.0734678E-007
3.411824	5.3786539E-007
3.412074	5.7687180E-007
3.412323	6.0876420E-007
3.412574	6.4926417E-007
3.412823	6.8219055E-007
3.413073	7.1550051E-007
3.413323	7.5767548E-007
3.413573	7.9173037E-007
3.413823	8.2602071E-007
3.414073	8.6916992E-007
3.414323	9.0383401E-007
3.414573	9.3857562E-007
3.414823	9.8206317E-007
3.415073	1.0167669E-006
3.415323	1.0600398E-006
3.415573	1.0945730E-006
3.415823	1.1289186E-006
3.416073	1.1714703E-006
3.416323	1.2051523E-006
3.416573	1.2385493E-006
3.416823	1.2797494E-006
3.417073	1.3121200E-006
3.417323	1.3442326E-006
3.417573	1.3834939E-006
3.417823	1.4142660E-006
3.418073	1.4443300E-006
3.418323	1.4810834E-006
3.418573	1.5097530E-006
3.418823	1.5445858E-006
3.419073	1.5714850E-006
3.419323	1.5975871E-006
3.419573	1.6290177E-006
3.419823	1.6531973E-006
3.420073	1.6764911E-006
3.420322	1.7043673E-006
3.420573	1.7253732E-006
3.420822	1.7503860E-006
3.421072	1.7692205E-006
3.421322	1.7870533E-006
3.421572	1.8078863E-006
3.421822	1.8232288E-006
3.422072	1.8375050E-006
3.422322	1.8536813E-006
3.422572	1.8653773E-006
3.422822	1.8783686E-006
3.423072	1.8875701E-006
3.423322	1.8954514E-006
3.423572	1.9037398E-006
3.423822	1.9089298E-006
3.424072	1.9131694E-006
3.424322	1.9166152E-006
3.424572	1.9180695E-006
3.424822	1.9181980E-006
3.425072	1.9169981E-006
3.425322	1.9146437E-006
3.425572	1.9101990E-006
3.425822	1.9052459E-006
3.426072	1.8993168E-006
3.426322	1.8900640E-006
3.426572	1.8814075E-006
3.426822	1.8716225E-006
3.427072	1.8578796E-006
3.427322	1.8456504E-006
3.427572	1.8290402E-006
3.427822	1.8144515E-006
3.428071	1.7988896E-006
3.428322	1.7780336E-006
3.428571	1.7602417E-006
3.428822	1.7414964E-006
3.429071	1.7169228E-006
3.429321	1.6962093E-006
3.429571	1.6691001E-006
3.429821	1.6464868E-006
3.430071	1.6231240E-006
3.430321	1.5928188E-006
3.430571	1.5678984E-006
3.430821	1.5356264E-006
3.431071	1.5091034E-006
3.431321	1.4819409E-006
3.431571	1.4473103E-006
3.431821	1.4189460E-006
3.432071	1.3900099E-006
3.432321	1.3533762E-006
3.432571	1.3236013E-006
3.432821	1.2858494E-006
3.433071	1.2552507E-006
3.433321	1.2243099E-006
3.433571	1.1853175E-006
3.433821	1.1539551E-006
3.434071	1.1145360E-006
3.434321	1.0828768E-006
3.434571	1.0510551E-006
3.434821	1.0112257E-006
3.435071	9.7939403E-007
3.435321	9.4760708E-007
3.435571	9.0801007E-007
3.435821	8.7642377E-007
3.43607	8.4503142E-007
3.436321	8.0606304E-007
3.43657	7.7517001E-007
3.436821	7.3693519E-007
3.43707	7.0670563E-007
3.43732	6.7681964E-007
3.43757	6.4005468E-007
3.43782	6.1106545E-007
3.43807	5.7551472E-007
3.43832	5.4762398E-007
3.43857	5.2028014E-007
3.43882	4.8687400E-007
3.43907	4.6078267E-007
3.43932	4.2908920E-007
3.43957	4.0440915E-007
3.43982	3.8045627E-007
3.44007	3.5149674E-007
3.44032	3.2912212E-007
3.44057	3.0486800E-007
3.44082	2.8412254E-007
3.44107	2.6417791E-007
3.44132	2.4038155E-007
3.44157	2.2228006E-007
3.44182	2.0085375E-007
3.44207	1.8467742E-007
3.44232	1.6937651E-007
3.44257	1.5153101E-007
3.44282	1.3825112E-007
3.44307	1.2590954E-007
3.44332	1.1177389E-007
3.44357	1.0149324E-007
3.44382	8.9986145E-008
3.44407	8.1837932E-008
3.444319	7.4632823E-008
3.44457	6.6975083E-008
3.444819	6.1910903E-008
3.445069	5.6918736E-008
3.445319	5.3960168E-008
3.445569	5.1969089E-008
3.445819	5.0798644E-008
3.446069	5.0906987E-008
3.446319	5.2340621E-008
3.446569	5.4492649E-008
3.446819	5.7565430E-008
3.447069	6.2664064E-008
3.447319	6.7730383E-008
3.447569	7.5274180E-008
3.447819	8.2265977E-008
3.448069	9.0062827E-008
3.448319	1.0098951E-007
3.448569	1.1061407E-007
3.448819	1.2375092E-007
3.449069	1.3508100E-007
3.449319	1.4716724E-007
3.449569	1.6326509E-007
3.449819	1.7689908E-007
3.450069	1.9488395E-007
3.450319	2.0996411E-007
3.450569	2.2967473E-007
3.450819	2.4609378E-007
3.451069	2.6306782E-007
3.451319	2.8501449E-007
3.451569	3.0312859E-007
3.451818	3.2642919E-007
3.452069	3.4554554E-007
3.452318	3.6505097E-007
3.452569	3.8997641E-007
3.452818	4.1027894E-007
3.453068	4.3610379E-007
3.453318	4.5704260E-007
3.453568	4.7827189E-007
3.453818	5.0506912E-007
3.454068	5.2671510E-007
3.454318	5.5395623E-007
3.454568	5.7585845E-007
3.454818	5.9785572E-007
3.455068	6.2539254E-007
3.455318	6.4747951E-007
3.455568	6.7502577E-007
3.455818	6.9700229E-007
3.456068	7.1883420E-007
3.456318	7.4332740E-007
3.456568	7.6491324E-007
3.456818	7.9171213E-007
3.457068	8.1286521E-007
3.457318	8.3901659E-007
3.457568	8.5958408E-007
3.457818	8.7994175E-007
3.458068	9.0485173E-007
3.458318	9.2439473E-007
3.458568	9.4833013E-007
3.458818	9.6698489E-007
3.459068	9.8521787E-007
3.459318	1.0073101E-006
3.459568	1.0244489E-006
3.459818	1.0452155E-006
3.460068	1.0611882E-006
3.460318	1.0804957E-006
3.460567	1.0952526E-006
3.460817	1.1093878E-006
3.461067	1.1262288E-006
3.461317	1.1390167E-006
3.461567	1.1540747E-006
3.461817	1.1653497E-006
3.462067	1.1785568E-006
3.462317	1.1883182E-006
3.462567	1.1974541E-006
3.462817	1.2078675E-006
3.463067	1.2153355E-006
3.463317	1.2236434E-006
3.463567	1.2295269E-006
3.463817	1.2346067E-006
3.464067	1.2400362E-006
3.464317	1.2434806E-006
3.464567	1.2466846E-006
3.464817	1.2483875E-006
3.465067	1.2495110E-006
3.465317	1.2496459E-006
3.465567	1.2489651E-006
3.465817	1.2469908E-006
3.466067	1.2445985E-006
3.466317	1.2405904E-006
3.466567	1.2365322E-006
3.466817	1.2304347E-006
3.467067	1.2247747E-006
3.467317	1.2183831E-006
3.467566	1.2095550E-006
3.467817	1.2016020E-006
3.468066	1.1907886E-006
3.468317	1.1813181E-006
3.468566	1.1686647E-006
3.468817	1.1578261E-006
3.469066	1.1463160E-006
3.469316	1.1311324E-006
3.469566	1.1183183E-006
3.469816	1.1016310E-006
3.470066	1.0876151E-006
3.470316	1.0692801E-006
3.470566	1.0540954E-006
3.470816	1.0384077E-006
3.471066	1.0182060E-006
3.471316	1.0015782E-006
3.471566	9.8016858E-007
3.471816	9.6481131E-007
3.472066	9.4241000E-007
3.472316	9.2408993E-007
3.472566	9.0544222E-007
3.472816	8.8176375E-007
3.473066	8.6254857E-007
3.473316	8.3809238E-007
3.473566	8.1833582E-007
3.473816	7.9336257E-007
3.474066	7.7321323E-007
3.474316	7.5294002E-007
3.474566	7.2748031E-007
3.474816	7.0696132E-007
3.475066	6.8126053E-007
3.475316	6.6063166E-007
3.475566	6.3491228E-007
3.475816	6.1434150E-007
3.476066	5.8873525E-007
3.476315	5.6834153E-007
3.476566	5.4802632E-007
3.476815	5.2284116E-007
3.477065	5.0283387E-007
3.477315	4.7815979E-007
3.477565	4.5860281E-007
3.477815	4.3448364E-007
3.478065	4.1549288E-007
3.478315	3.9677681E-007
3.478565	3.7382503E-007
3.478815	3.5580763E-007
3.479065	3.3376580E-007
3.479315	3.1655796E-007
3.479565	2.9556696E-007
3.479815	2.7925367E-007
3.480065	2.5944831E-007
3.480315	2.4408317E-007
3.480565	2.2919816E-007
3.480815	2.1125228E-007
3.481065	1.9745077E-007
3.481315	1.8092268E-007
3.481565	1.6827870E-007
3.481815	1.5323306E-007
3.482065	1.4181353E-007
3.482315	1.2832484E-007
3.482565	1.1819044E-007
3.482815	1.0862307E-007
3.483065	9.7505698E-008
3.483315	8.9279453E-008
3.483565	7.9828396E-008
3.483814	7.2979162E-008
3.484065	6.5277142E-008
3.484314	5.9811704E-008
3.484565	5.3860099E-008
3.484814	4.9806768E-008
3.485065	4.5604171E-008
3.485314	4.2964615E-008
3.485564	4.0951402E-008
3.485814	3.9318326E-008
3.486064	3.8713882E-008
3.486314	3.8834763E-008
3.486564	3.9623810E-008
3.486814	4.1474852E-008
3.487064	4.3329305E-008
3.487314	4.6780794E-008
3.487564	5.0203560E-008
3.487814	5.4198637E-008
3.488064	6.0020213E-008
3.488314	6.5309870E-008
3.488564	7.2700850E-008
3.488814	7.9229146E-008
3.489064	8.8128779E-008
3.489314	9.5811657E-008
3.489564	1.0613977E-007
3.489814	1.1495225E-007
3.490064	1.2663486E-007
3.490314	1.3647914E-007
3.490564	1.4941082E-007
3.490814	1.6023529E-007
3.491064	1.7146291E-007
3.491314	1.8601317E-007
3.491564	1.9809673E-007
3.491814	2.1368201E-007
3.492064	2.2649982E-007
3.492314	2.4298564E-007
3.492563	2.5649155E-007
3.492813	2.7374494E-007
3.493063	2.8779499E-007
3.493313	3.0212783E-007
3.493563	3.2029214E-007
3.493813	3.3499987E-007
3.494063	3.5365710E-007
3.494313	3.6873723E-007
3.494563	3.8774311E-007
3.494813	4.0303033E-007
3.495063	4.2227074E-007
3.495313	4.3769208E-007
3.495563	4.5704371E-007
3.495813	4.7248221E-007
3.496063	4.9179522E-007
3.496313	5.0715579E-007
3.496563	5.2633408E-007
3.496813	5.4157493E-007
3.497063	5.5667419E-007
3.497313	5.7539006E-007
3.497563	5.9019533E-007
3.497813	6.0848572E-007
3.498063	6.2286506E-007
3.498313	6.4060760E-007
3.498563	6.5444988E-007
3.498813	6.7152160E-007
3.499063	6.8485809E-007
3.499313	7.0109797E-007
3.499563	7.1378633E-007
3.499813	7.2915549E-007
3.500062	7.4106703E-007
3.500313	7.5547325E-007
3.500562	7.6659614E-007
3.500813	7.7727879E-007
3.501062	7.9014831E-007
3.501312	7.9998756E-007
3.501562	8.1164882E-007
3.501812	8.2051719E-007
3.502062	8.2992216E-007
3.502312	8.3779906E-007
3.502562	8.4702208E-007
3.502812	8.5382749E-007
3.503062	8.6174390E-007
3.503312	8.6744939E-007
3.503562	8.7396370E-007
3.503812	8.7857399E-007
3.504062	8.8356325E-007
3.504312	8.8702313E-007
3.504562	8.9059762E-007
3.504812	8.9284248E-007
3.505062	8.9458035E-007
3.505312	8.9606175E-007
3.505562	8.9660654E-007
3.505812	8.9667054E-007
3.506062	8.9606641E-007
3.506312	8.9457507E-007
3.506562	8.9276841E-007
3.506812	8.8980528E-007
3.507062	8.8688262E-007
3.507312	8.8250249E-007
3.507562	8.7849241E-007
3.507812	8.7272798E-007
3.508062	8.6749191E-007
3.508312	8.6042792E-007
3.508561	8.5413552E-007
3.508811	8.4575521E-007
3.509061	8.3846237E-007
3.509311	8.2870326E-007
3.509561	8.2046193E-007
3.509811	8.0955920E-007
3.510061	8.0039052E-007
3.510311	7.8842572E-007
3.510561	7.7836575E-007
3.510811	7.6795482E-007
3.511061	7.5444694E-007
3.511311	7.4325538E-007
3.511561	7.2881420E-007
3.511811	7.1691198E-007
3.512061	7.0170012E-007
3.512311	6.8914864E-007
3.512561	6.7315204E-007
3.512811	6.6006936E-007
3.513061	6.4342089E-007
3.513311	6.2987550E-007
3.513561	6.1270231E-007
3.513811	5.9871286E-007
3.514061	5.8107656E-007
3.514311	5.6686008E-007
3.514561	5.4893854E-007
3.514811	5.3444029E-007
3.515061	5.1625534E-007
3.515311	5.0163908E-007
3.515561	4.8335465E-007
3.51581	4.6866106E-007
3.516061	4.5034520E-007
3.51631	4.3573442E-007
3.516561	4.1753643E-007
3.51681	4.0300847E-007
3.517061	3.8679923E-007
3.51731	3.7245763E-007
3.51756	3.5474667E-007
3.51781	3.4069097E-007
3.51806	3.2336362E-007
3.51831	3.0969321E-007
3.51856	2.9284465E-007
3.51881	2.7961536E-007
3.51906	2.6337497E-007
3.51931	2.5063827E-007
3.51956	2.3508211E-007
3.51981	2.2292356E-007
3.52006	2.0813222E-007
3.52031	1.9661709E-007
3.52056	1.8541724E-007
3.52081	1.7187492E-007
3.52106	1.5883715E-007
3.52131	1.4880538E-007
3.52156	1.3676619E-007
3.52181	1.2754896E-007
3.52206	1.1656996E-007
3.52231	1.0820680E-007
3.52256	1.0024777E-007
3.52281	9.0867154E-008
3.52306	8.3829015E-008
3.52331	7.5625174E-008
3.52356	6.8087246E-008
3.52381	6.2547159E-008
3.52406	5.6240800E-008
3.524309	5.1689430E-008
3.524559	4.6636806E-008
3.524809	4.3093412E-008
3.525059	4.0006093E-008
3.525309	3.6777063E-008
3.525559	3.4713754E-008
3.525809	3.2777603E-008
3.526059	3.1554222E-008
3.526309	3.1084209E-008
3.526559	3.1136562E-008
3.526809	3.1685332E-008
3.527059	3.2985685E-008
3.527309	3.4537489E-008
3.527559	3.7099298E-008
3.527809	3.9632329E-008
3.528059	4.2596664E-008
3.528309	4.6899387E-008
3.528559	5.1852094E-008
3.528809	5.6265957E-008
3.529059	6.2355191E-008
3.529309	6.7663592E-008
3.529559	7.4846248E-008
3.529809	8.1004814E-008
3.530059	8.9231605E-008
3.530309	9.6192409E-008
3.530559	1.0537762E-007
3.530809	1.1309668E-007
3.531059	1.2320049E-007
3.531309	1.3161466E-007
3.531559	1.4142961E-007
3.531809	1.5045499E-007
3.532058	1.6211763E-007
3.532309	1.7170380E-007
3.532558	1.8405967E-007
3.532809	1.9418404E-007
3.533058	2.0712815E-007
3.533309	2.1769318E-007
3.533558	2.3115962E-007
3.533808	2.4211079E-007
3.534058	2.5600809E-007
3.534308	2.6727614E-007
3.534558	2.8151939E-007
3.534808	2.9301975E-007
3.535058	3.0746961E-007
3.535308	3.1914868E-007
3.535558	3.3378453E-007
3.535808	3.4555111E-007
3.536058	3.6023641E-007
3.536308	3.7201710E-007
3.536558	3.8666144E-007
3.536808	3.9834606E-007
3.537058	4.1289286E-007
3.537308	4.2444907E-007
3.537558	4.3880686E-007
3.537808	4.5016313E-007
3.538058	4.6420689E-007
3.538308	4.7531154E-007
3.538558	4.8894850E-007
3.538808	4.9967406E-007
3.539058	5.1283763E-007
3.539308	5.2572580E-007
3.539558	5.3581516E-007
3.539808	5.4810153E-007
3.540058	5.5767998E-007
3.540308	5.6929764E-007
3.540557	5.7832364E-007
3.540807	5.8920932E-007
3.541057	5.9756462E-007
3.541307	6.0767701E-007
3.541557	6.1544426E-007
3.541807	6.2467893E-007
3.542057	6.3168363E-007
3.542307	6.3993548E-007
3.542557	6.4624766E-007
3.542807	6.5354891E-007
3.543057	6.5905692E-007
3.543307	6.6535739E-007
3.543557	6.7002406E-007
3.543807	6.7537144E-007
3.544057	6.8011423E-007
3.544307	6.8342780E-007
3.544557	6.8713416E-007
3.544807	6.8955501E-007
3.545057	6.9208033E-007
3.545307	6.9370503E-007
3.545557	6.9513561E-007
3.545807	6.9586730E-007
3.546057	6.9615197E-007
3.546307	6.9596189E-007
3.546557	6.9523867E-007
3.546807	6.9416433E-007
3.547057	6.9239690E-007
3.547307	6.9043068E-007
3.547557	6.8750450E-007
3.547807	6.8472127E-007
3.548057	6.8069198E-007
3.548306	6.7706168E-007
3.548557	6.7203467E-007
3.548806	6.6757349E-007
3.549057	6.6149909E-007
3.549306	6.5489343E-007
3.549556	6.4917521E-007
3.549806	6.4159639E-007
3.550056	6.3517774E-007
3.550306	6.2676713E-007
3.550556	6.1965193E-007
3.550806	6.1032080E-007
3.551056	6.0253768E-007
3.551306	5.9241080E-007
3.551556	5.8403214E-007
3.551806	5.7317550E-007
3.552056	5.6422590E-007
3.552306	5.5274052E-007
3.552556	5.4325830E-007
3.552806	5.3118799E-007
3.553056	5.1877095E-007
3.553306	5.0869158E-007
3.553556	4.9580598E-007
3.553806	4.8528813E-007
3.554056	4.7200459E-007
3.554306	4.6123228E-007
3.554556	4.4764866E-007
3.554806	4.3668294E-007
3.555056	4.2282218E-007
3.555306	4.1165225E-007
3.555556	3.9762352E-007
3.555806	3.8636915E-007
3.556056	3.7228344E-007
3.556305	3.5816606E-007
3.556556	3.4690584E-007
3.556805	3.3282413E-007
3.557055	3.2159227E-007
3.557305	3.0765582E-007
3.557555	2.9655274E-007
3.557805	2.8282309E-007
3.558055	2.7192365E-007
3.558305	2.5847302E-007
3.558555	2.4784777E-007
3.558805	2.3475570E-007
3.559055	2.2444152E-007
3.559305	2.1177220E-007
3.559555	1.9935048E-007
3.559805	1.8966014E-007
3.560055	1.7779655E-007
3.560305	1.6852296E-007
3.560555	1.5838035E-007
3.560805	1.4961464E-007
3.561055	1.3898170E-007
3.561305	1.3075329E-007
3.561555	1.2083761E-007
3.561805	1.1134411E-007
3.562055	1.0407576E-007
3.562305	9.5379256E-008
3.562555	8.8760210E-008
3.562805	8.0907007E-008
3.563055	7.4987703E-008
3.563305	6.8019482E-008
3.563555	6.2812063E-008
3.563805	5.6767284E-008
3.564054	5.2302703E-008
3.564305	4.7190913E-008
3.564554	4.2626915E-008
3.564805	3.9358838E-008
3.565054	3.5774423E-008
3.565304	3.3299155E-008
3.565554	3.0704779E-008
3.565804	2.9029659E-008
3.566054	2.7424717E-008
3.566304	2.6550325E-008
3.566554	2.5959627E-008
3.566804	2.5925031E-008
3.567054	2.6293556E-008
3.567304	2.7253167E-008
3.567554	2.8413265E-008
3.567804	3.0341578E-008
3.568054	3.2278070E-008
3.568304	3.5181291E-008
3.568554	3.7880131E-008
3.568804	4.1715221E-008
3.569054	4.5155460E-008
3.569304	4.9900585E-008
3.569554	5.5131149E-008
3.569804	5.9670221E-008
3.570054	6.5757241E-008
3.570304	7.0951991E-008
3.570554	7.7844447E-008
3.570804	8.3683254E-008
3.571054	9.1342727E-008
3.571304	9.9400083E-008
3.571554	1.0612259E-007
3.571804	1.1486304E-007
3.572053	1.2212536E-007
3.572304	1.3149071E-007
3.572553	1.3921222E-007
3.572803	1.4914504E-007
3.573053	1.5727616E-007
3.573303	1.6773130E-007
3.573553	1.7840071E-007
3.573803	1.8710436E-007
3.574053	1.9818631E-007
3.574303	2.0716863E-007
3.574553	2.1744677E-007
3.574803	2.2664948E-007
3.575053	2.3831008E-007
3.575303	2.4772226E-007
3.575553	2.5954733E-007
3.575803	2.7143108E-007
3.576053	2.8101041E-007
3.576303	2.9298803E-007
3.576553	3.0260850E-007
3.576803	3.1457921E-007
3.577053	3.2413445E-007
3.577303	3.3604510E-007
3.577553	3.4788820E-007
3.577803	3.5727695E-007
3.578053	3.6894298E-007
3.578303	3.7821448E-007
3.578553	3.8963211E-007
3.578803	3.9861874E-007
3.579053	4.0972461E-007
3.579303	4.2057491E-007
3.579553	4.2915212E-007
3.579803	4.3957272E-007
3.580053	4.4777704E-007
3.580302	4.5777870E-007
3.580553	4.6551190E-007
3.580802	4.7497309E-007
3.581052	4.8405610E-007
3.581302	4.9109843E-007
3.581552	4.9961329E-007
3.581802	5.0609304E-007
3.582052	5.1388656E-007
3.582302	5.1987826E-007
3.582552	5.2695975E-007
3.582802	5.3364874E-007
3.583052	5.3864352E-007
3.583302	5.4460270E-007
3.583552	5.4894110E-007
3.583802	5.5403757E-007
3.584052	5.5773359E-007
3.584302	5.6198996E-007
3.584552	5.6577545E-007
3.584802	5.6843430E-007
3.585052	5.7134105E-007
3.585302	5.7324615E-007
3.585552	5.7526313E-007
3.585802	5.7649811E-007
3.586052	5.7757183E-007
3.586302	5.7821973E-007
3.586552	5.7829192E-007
3.586802	5.7796586E-007
3.587052	5.7733899E-007
3.587302	5.7614437E-007
3.587552	5.7442264E-007
3.587801	5.7265692E-007
3.588052	5.7015257E-007
3.588301	5.6769505E-007
3.588552	5.6459919E-007
3.588801	5.6068825E-007
3.589051	5.5726917E-007
3.589301	5.5252582E-007
3.589551	5.4842434E-007
3.589801	5.4291274E-007
3.590051	5.3817655E-007
3.590301	5.3186614E-007
3.590551	5.2517123E-007
3.590801	5.1947302E-007
3.591051	5.1205257E-007
3.591301	5.0583958E-007
3.591551	4.9776986E-007
3.591801	4.8932890E-007
3.592051	4.8236495E-007
3.592301	4.7336155E-007
3.592551	4.6590065E-007
3.592801	4.5635912E-007
3.593051	4.4852206E-007
3.593301	4.3846435E-007
3.593551	4.2820898E-007
3.593801	4.1980974E-007
3.594051	4.0915941E-007
3.594301	4.0052191E-007
3.594551	3.8952774E-007
3.594801	3.7837702E-007
3.595051	3.6934551E-007
3.595301	3.5800002E-007
3.595551	3.4883428E-007
3.595801	3.3735100E-007
3.596051	3.2808009E-007
3.596301	3.1647252E-007
3.59655	3.0480896E-007
3.596801	2.9549986E-007
3.59705	2.8388345E-007
3.5973	2.7461812E-007
3.59755	2.6305659E-007
3.5978	2.5157209E-007
3.59805	2.4245509E-007
3.5983	2.3115705E-007
3.59855	2.2220085E-007
3.5988	2.1113885E-007
3.59905	2.0023036E-007
3.5993	1.9164457E-007
3.59955	1.8107298E-007
3.5998	1.7277547E-007
3.60005	1.6261227E-007
3.6003	1.5268179E-007
3.60055	1.4491918E-007
3.6008	1.3547202E-007
3.60105	1.2813068E-007
3.6013	1.1921469E-007
3.60155	1.1062535E-007
3.6018	1.0397913E-007
3.60205	9.5992299E-008
3.6023	8.9851468E-008
3.60255	8.3229082E-008
3.6028	7.6229341E-008
3.60305	7.0912137E-008
3.6033	6.4601174E-008
3.60355	5.9864725E-008
3.6038	5.4303186E-008
3.604049	4.9169458E-008
3.6043	4.5367191E-008
3.604549	4.1020346E-008
3.6048	3.7849624E-008
3.605049	3.4287265E-008
3.605299	3.1186151E-008
3.605549	2.9041228E-008
3.605799	2.6763521E-008
3.606049	2.5277140E-008
3.606299	2.3833628E-008
3.606549	2.2858655E-008
3.606799	2.2413158E-008
3.607049	2.2275321E-008
3.607299	2.2498480E-008
3.607549	2.3183709E-008
3.607799	2.4342162E-008
3.608049	2.5593458E-008
3.608299	2.7570588E-008
3.608549	2.9475293E-008
3.608799	3.2260175E-008
3.609049	3.5471700E-008
3.609299	3.8350905E-008
3.609549	4.2338073E-008
3.609799	4.5826180E-008
3.610049	5.0566321E-008
3.610299	5.5696329E-008
3.610549	6.0088908E-008
3.610799	6.5913717E-008
3.611049	7.2109060E-008
3.611299	7.7321630E-008
3.611549	8.4150962E-008
3.611799	8.9866255E-008
3.612049	9.7290446E-008
3.612298	1.0501483E-007
3.612549	1.1140854E-007
3.612798	1.1966191E-007
3.613048	1.2645333E-007
3.613298	1.3518169E-007
3.613548	1.4414545E-007
3.613798	1.5145287E-007
3.614048	1.6080465E-007
3.614298	1.7032640E-007
3.614548	1.7807895E-007
3.614798	1.8790143E-007
3.615048	1.9586636E-007
3.615298	2.0595095E-007
3.615548	2.1611908E-007
3.615798	2.2429458E-007
3.616048	2.3359510E-007
3.616298	2.4185834E-007
3.616548	2.5226248E-007
3.616798	2.6267719E-007
3.617048	2.7101669E-007
3.617298	2.8144564E-007
3.617548	2.8974517E-007
3.617798	3.0007914E-007
3.618048	3.1036029E-007
3.618298	3.1852753E-007
3.618548	3.2864290E-007
3.618798	3.3860937E-007
3.619048	3.4654099E-007
3.619298	3.5625180E-007
3.619548	3.6392063E-007
3.619797	3.7335900E-007
3.620048	3.8258517E-007
3.620297	3.8984507E-007
3.620548	3.9866586E-007
3.620797	4.0725794E-007
3.621047	4.1397533E-007
3.621297	4.2209177E-007
3.621547	4.2836402E-007
3.621797	4.3599934E-007
3.622047	4.4328331E-007
3.622297	4.4890271E-007
3.622547	4.5560313E-007
3.622797	4.6201936E-007
3.623047	4.6685525E-007
3.623297	4.7257777E-007
3.623547	4.7686166E-007
3.623797	4.8193380E-007
3.624047	4.8661730E-007
3.624297	4.9010498E-007
3.624547	4.9408982E-007
3.624797	4.9761644E-007
3.625047	5.0012483E-007
3.625297	5.0297081E-007
3.625547	5.0486864E-007
3.625797	5.0688681E-007
3.626047	5.0851537E-007
3.626297	5.0951519E-007
3.626547	5.1037193E-007
3.626797	5.1075324E-007
3.627047	5.1073050E-007
3.627297	5.1039183E-007
3.627547	5.0973330E-007
3.627797	5.0856221E-007
3.628047	5.0697855E-007
3.628297	5.0541053E-007
3.628546	5.0303277E-007
3.628796	5.0031309E-007
3.629046	4.9779680E-007
3.629296	4.9429678E-007
3.629546	4.9036902E-007
3.629796	4.8740634E-007
3.630046	4.8283886E-007
3.630296	4.7883424E-007
3.630546	4.7359484E-007
3.630796	4.6801540E-007
3.631046	4.6322194E-007
3.631296	4.5697854E-007
3.631546	4.5037794E-007
3.631796	4.4490102E-007
3.632046	4.3772104E-007
3.632296	4.3028021E-007
3.632546	4.2412657E-007
3.632796	4.1614675E-007
3.633046	4.0958344E-007
3.633296	4.0113497E-007
3.633546	3.9248678E-007
3.633796	3.8539383E-007
3.634046	3.7636275E-007
3.634296	3.6713772E-007
3.634546	3.5959144E-007
3.634796	3.5004823E-007
3.635046	3.4037140E-007
3.635296	3.3252417E-007
3.635545	3.2263605E-007
3.635796	3.1465851E-007
3.636045	3.0456238E-007
3.636296	2.9443925E-007
3.636545	2.8628932E-007
3.636796	2.7610471E-007
3.637045	2.6587949E-007
3.637295	2.5772374E-007
3.637545	2.4750210E-007
3.637795	2.3733038E-007
3.638045	2.2925094E-007
3.638295	2.1918206E-007
3.638545	2.0918704E-007
3.638795	2.0125947E-007
3.639045	1.9148347E-007
3.639295	1.8374811E-007
3.639545	1.7419464E-007
3.639795	1.6482076E-007
3.640045	1.5744240E-007
3.640295	1.4838878E-007
3.640545	1.3952864E-007
3.640795	1.3259013E-007
3.641045	1.2414387E-007
3.641295	1.1595568E-007
3.641545	1.0956657E-007
3.641795	1.0184031E-007
3.642045	9.4398281E-008
3.642295	8.8660435E-008
3.642545	8.1755559E-008
3.642795	7.5166703E-008
3.643045	7.0742956E-008
3.643295	6.4726734E-008
3.643545	6.0141701E-008
3.643795	5.4746614E-008
3.644045	4.9707705E-008
3.644295	4.5934726E-008
3.644544	4.1570214E-008
3.644794	3.7583487E-008
3.645044	3.4676916E-008
3.645294	3.1393466E-008
3.645544	2.8510724E-008
3.645794	2.6494419E-008
3.646044	2.4338126E-008
3.646294	2.2578554E-008
3.646544	2.1475532E-008
3.646794	2.0469711E-008
3.647044	1.9876243E-008
3.647294	1.9696300E-008
3.647544	1.9848102E-008
3.647794	2.0405233E-008
3.648044	2.1148399E-008
3.648294	2.2452996E-008
3.648544	2.4164182E-008
3.648794	2.5817966E-008
3.649044	2.8250403E-008
3.649294	3.1075228E-008
3.649544	3.3615045E-008
3.649794	3.7135035E-008
3.650044	4.1029352E-008
3.650294	4.4413646E-008
3.650544	4.8972446E-008
3.650794	5.3886346E-008
3.651044	5.8068810E-008
3.651294	6.3592068E-008
3.651544	6.9449428E-008
3.651793	7.4366383E-008
3.652044	8.0779145E-008
3.652293	8.6131621E-008
3.652544	9.3079251E-008
3.652793	1.0029530E-007
3.653044	1.0626655E-007
3.653293	1.1395308E-007
3.653543	1.2185129E-007
3.653793	1.2835289E-007
3.654043	1.3667456E-007
3.654293	1.4517373E-007
3.654543	1.5385162E-007
3.654793	1.6093436E-007
3.655043	1.6990552E-007
3.655293	1.7898779E-007
3.655543	1.8638340E-007
3.655793	1.9569622E-007
3.656043	2.0320731E-007
3.656293	2.1172838E-007
3.656543	2.2123828E-007
3.656793	2.2891051E-007
3.657043	2.3850407E-007
3.657293	2.4809901E-007
3.657543	2.5579564E-007
3.657793	2.6538538E-007
3.658043	2.7493942E-007
3.658293	2.8449196E-007
3.658543	2.9204310E-007
3.658793	3.0141561E-007
3.659043	3.1073620E-007
3.659293	3.1806886E-007
3.659543	3.2715650E-007
3.659793	3.3437661E-007
3.660043	3.4315588E-007
3.660293	3.5182524E-007
3.660542	3.6028618E-007
3.660792	3.6690554E-007
3.661042	3.7500917E-007
3.661292	3.8291793E-007
3.661542	3.8908374E-007
3.661792	3.9653233E-007
3.662042	4.0371850E-007
3.662292	4.0929007E-007
3.662542	4.1597553E-007
3.662792	4.2238784E-007
3.663042	4.2728672E-007
3.663292	4.3315026E-007
3.663542	4.3862943E-007
3.663792	4.4285412E-007
3.664042	4.4780231E-007
3.664292	4.5236663E-007
3.664542	4.5574629E-007
3.664792	4.5969892E-007
3.665042	4.6327273E-007
3.665292	4.6581786E-007
3.665542	4.6872290E-007
3.665792	4.7120756E-007
3.666042	4.7296049E-007
3.666292	4.7477849E-007
3.666542	4.7614185E-007
3.666792	4.7700718E-007
3.667042	4.7775166E-007
3.667292	4.7800552E-007
3.667542	4.7792810E-007
3.667792	4.7755901E-007
3.668041	4.7675911E-007
3.668292	4.7556529E-007
3.668541	4.7431365E-007
3.668792	4.7238800E-007
3.669041	4.7010826E-007
3.669291	4.6825249E-007
3.669541	4.6532188E-007
3.669791	4.6201976E-007
3.670041	4.5911491E-007
3.670291	4.5515057E-007
3.670541	4.5076837E-007
3.670791	4.4707642E-007
3.671041	4.4212422E-007
3.671291	4.3679412E-007
3.671541	4.3234562E-007
3.671791	4.2643930E-007
3.672041	4.2032681E-007
3.672291	4.1386835E-007
3.672541	4.0845049E-007
3.672791	4.0149203E-007
3.673041	3.9426735E-007
3.673291	3.8828543E-007
3.673541	3.8061359E-007
3.673791	3.7274722E-007
3.674041	3.6621213E-007
3.674291	3.5794724E-007
3.674541	3.4947180E-007
3.674791	3.4258525E-007
3.675041	3.3378183E-007
3.675291	3.2492684E-007
3.675541	3.1586239E-007
3.675791	3.0856501E-007
3.676041	2.9930328E-007
3.676291	2.8997650E-007
3.67654	2.8247217E-007
3.67679	2.7300979E-007
3.67704	2.6352657E-007
3.67729	2.5592459E-007
3.67754	2.4640477E-007
3.67779	2.3688710E-007
3.67804	2.2929061E-007
3.67829	2.1982382E-007
3.67854	2.1040191E-007
3.67879	2.0103822E-007
3.67904	1.9363185E-007
3.67929	1.8442003E-007
3.67954	1.7534641E-007
3.67979	1.6816173E-007
3.68004	1.5931704E-007
3.68029	1.5062277E-007
3.68054	1.4377669E-007
3.68079	1.3540678E-007
3.68104	1.2720010E-007
3.68129	1.1922145E-007
3.68154	1.1299279E-007
3.68179	1.0542027E-007
3.68204	9.8082808E-008
3.68229	9.3095103E-008
3.68254	8.6201162E-008
3.68279	7.9586378E-008
3.68304	7.4501081E-008
3.68329	6.8412980E-008
3.68354	6.2634541E-008
3.683789	5.7160161E-008
3.68404	5.3023978E-008
3.684289	4.8151808E-008
3.68454	4.3618851E-008
3.684789	4.0246622E-008
3.68504	3.6344108E-008
3.685289	3.2798678E-008
3.685539	3.0227913E-008
3.685789	2.7347163E-008
3.686039	2.4845191E-008
3.686289	2.2721657E-008
3.686539	2.1299796E-008
3.686789	1.9868477E-008
3.687039	1.8824018E-008
3.687289	1.8269063E-008
3.687539	1.7926606E-008
3.687789	1.7966915E-008
3.688039	1.8403588E-008
3.688289	1.9032939E-008
3.688539	2.0171106E-008
3.688789	2.1691966E-008
3.689039	2.3186999E-008
3.689289	2.5396329E-008
3.689539	2.7981491E-008
3.689789	3.0309810E-008
3.690039	3.3565957E-008
3.690289	3.7181454E-008
3.690539	4.1151317E-008
3.690789	4.4578172E-008
3.691039	4.9170527E-008
3.691289	5.4102081E-008
3.691539	5.8272079E-008
3.691789	6.3783673E-008
3.692039	6.9607445E-008
3.692288	7.5720841E-008
3.692538	8.0834560E-008
3.692788	8.7458979E-008
3.693038	9.4357802E-008
3.693288	1.0006318E-007
3.693538	1.0742349E-007
3.693788	1.1502489E-007
3.694038	1.2281896E-007
3.694288	1.2924035E-007
3.694538	1.3739404E-007
3.694788	1.4577370E-007
3.695038	1.5346396E-007
3.695288	1.6038118E-007
3.695538	1.6916769E-007
3.695788	1.7808057E-007
3.696038	1.8530258E-007
3.696288	1.9439197E-007
3.696538	2.0361766E-007
3.696788	2.1288925E-007
3.697038	2.2032870E-007
3.697288	2.2969810E-007
3.697538	2.3905690E-007
3.697788	2.4656606E-007
3.698038	2.5597825E-007
3.698288	2.6534195E-007
3.698538	2.7467570E-007
3.698788	2.8212662E-007
3.699038	2.9136379E-007
3.699288	3.0053002E-007
3.699538	3.0779040E-007
3.699788	3.1676848E-007
3.700037	3.2564080E-007
3.700288	3.3435305E-007
3.700537	3.4122399E-007
3.700788	3.4965302E-007
3.701037	3.5795250E-007
3.701287	3.6603029E-007
3.701537	3.7234710E-007
3.701787	3.8001249E-007
3.702037	3.8746435E-007
3.702287	3.9327730E-007
3.702537	4.0028351E-007
3.702787	4.0705717E-007
3.703037	4.1355102E-007
3.703287	4.1853781E-007
3.703537	4.2445228E-007
3.703787	4.3015413E-007
3.704037	4.3444692E-007
3.704287	4.3952915E-007
3.704537	4.4428666E-007
3.704787	4.4872141E-007
3.705037	4.5200287E-007
3.705287	4.5581788E-007
3.705537	4.5928468E-007
3.705787	4.6231111E-007
3.706037	4.6455617E-007
3.706287	4.6695135E-007
3.706537	4.6903520E-007
3.706787	4.7064441E-007
3.707037	4.7172463E-007
3.707287	4.7264143E-007
3.707537	4.7324627E-007
3.707787	4.7343599E-007
3.708037	4.7341246E-007
3.708287	4.7294026E-007
3.708536	4.7210989E-007
3.708786	4.7114892E-007
3.709036	4.6960230E-007
3.709286	4.6776069E-007
3.709536	4.6542772E-007
3.709786	4.6332804E-007
3.710036	4.6035595E-007
3.710286	4.5708993E-007
3.710536	4.5342210E-007
3.710786	4.5021892E-007
3.711036	4.4589629E-007
3.711286	4.4126003E-007
3.711536	4.3729412E-007
3.711786	4.3210267E-007
3.712036	4.2653627E-007
3.712286	4.2068771E-007
3.712536	4.1577854E-007
3.712786	4.0939770E-007
3.713036	4.0269995E-007
3.713286	3.9580786E-007
3.713536	3.9006835E-007
3.713786	3.8270534E-007
3.714036	3.7510500E-007
3.714286	3.6727923E-007
3.714536	3.6085348E-007
3.714786	3.5264412E-007
3.715036	3.4428993E-007
3.715286	3.3572684E-007
3.715536	3.2880024E-007
3.715786	3.2000031E-007
3.716036	3.1108038E-007
3.716285	3.0202742E-007
3.716536	2.9471138E-007
3.716785	2.8550477E-007
3.717036	2.7621670E-007
3.717285	2.6689946E-007
3.717535	2.5939303E-007
3.717785	2.5002981E-007
3.718035	2.4061569E-007
3.718285	2.3121771E-007
3.718535	2.2372139E-007
3.718785	2.1441845E-007
3.719035	2.0512081E-007
3.719285	1.9589949E-007
3.719535	1.8859133E-007
3.719785	1.7952735E-007
3.720035	1.7058136E-007
3.720285	1.6264222E-007
3.720535	1.5566785E-007
3.720785	1.4708318E-007
3.721035	1.3869638E-007
3.721285	1.3207787E-007
3.721535	1.2401946E-007
3.721785	1.1614118E-007
3.722035	1.0850341E-007
3.722285	1.0107578E-007
3.722535	9.5316196E-008
3.722785	8.8343178E-008
3.723035	8.1637310E-008
3.723285	7.5203559E-008
3.723535	7.0275313E-008
3.723785	6.4363718E-008
3.724035	5.8759056E-008
3.724284	5.4512430E-008
3.724535	4.9485529E-008
3.724784	4.4798856E-008
3.725034	4.0442103E-008
3.725284	3.6439349E-008
3.725534	3.3490767E-008
3.725784	3.0131766E-008
3.726034	2.7130737E-008
3.726284	2.4500283E-008
3.726534	2.2671980E-008
3.726784	2.0725864E-008
3.727034	1.9161583E-008
3.727284	1.7981510E-008
3.727534	1.7317207E-008
3.727784	1.6838053E-008
3.728034	1.6740060E-008
3.728284	1.7040442E-008
3.728534	1.7561010E-008
3.728784	1.8562618E-008
3.729034	1.9952299E-008
3.729284	2.1730678E-008
3.729534	2.3423475E-008
3.729784	2.5884884E-008
3.730034	2.8730517E-008
3.730284	3.1947792E-008
3.730534	3.4769020E-008
3.730784	3.8642735E-008
3.731034	4.2870344E-008
3.731284	4.7447902E-008
3.731534	5.2374620E-008
3.731784	5.6549048E-008
3.732033	6.2067521E-008
3.732284	6.7904296E-008
3.732533	7.4049524E-008
3.732784	7.8530725E-008
3.733033	8.5176318E-008
3.733283	9.2108266E-008
3.733533	9.9317603E-008
3.733783	1.0526082E-007
3.734033	1.1292813E-007
3.734283	1.2083119E-007
3.734533	1.2894530E-007
3.734783	1.3728496E-007
3.735033	1.4409238E-007
3.735283	1.5276026E-007
3.735533	1.6160230E-007
3.735783	1.7062582E-007
3.736033	1.7792591E-007
3.736283	1.8720030E-007
3.736533	1.9654928E-007
3.736783	2.0603375E-007
3.737033	2.1366718E-007
3.737283	2.2325439E-007
3.737533	2.3294000E-007
3.737783	2.4261678E-007
3.738033	2.5044940E-007
3.738283	2.6015135E-007
3.738533	2.6990099E-007
3.738783	2.7960607E-007
3.739033	2.8929901E-007
3.739283	2.9696838E-007
3.739533	3.0656403E-007
3.739783	3.1604560E-007
3.740032	3.2543156E-007
3.740283	3.3472179E-007
3.740532	3.4206442E-007
3.740782	3.5110352E-007
3.741032	3.5998406E-007
3.741282	3.6872387E-007
3.741532	3.7554298E-007
3.741782	3.8391244E-007
3.742032	3.9211290E-007
3.742282	4.0000657E-007
3.742532	4.0624599E-007
3.742782	4.1374432E-007
3.743032	4.2103281E-007
3.743282	4.2797427E-007
3.743532	4.3471726E-007
3.743782	4.3983007E-007
3.744032	4.4599284E-007
3.744282	4.5182753E-007
3.744532	4.5739480E-007
3.744782	4.6261854E-007
3.745032	4.6603589E-007
3.745282	4.7072928E-007
3.745532	4.7494575E-007
3.745782	4.7889642E-007
3.746032	4.8171177E-007
3.746282	4.8497088E-007
3.746532	4.8784534E-007
3.746782	4.9037044E-007
3.747032	4.9245676E-007
3.747282	4.9383527E-007
3.747532	4.9521532E-007
3.747782	4.9625498E-007
3.748032	4.9680409E-007
3.748281	4.9705540E-007
3.748532	4.9691880E-007
3.748781	4.9642779E-007
3.749031	4.9556581E-007
3.749281	4.9424392E-007
3.749531	4.9290475E-007
3.749781	4.9090494E-007
3.750031	4.8851621E-007
3.750281	4.8570752E-007
3.750531	4.8317162E-007
3.750781	4.7974487E-007
3.751031	4.7593630E-007
3.751281	4.7174166E-007
3.751531	4.6719197E-007
3.751781	4.6332519E-007
3.752031	4.5809014E-007
3.752281	4.5263872E-007
3.752531	4.4678347E-007
3.752781	4.4060602E-007
3.753031	4.3547624E-007
3.753281	4.2878469E-007
3.753531	4.2179951E-007
3.753781	4.1455374E-007
3.754031	4.0699368E-007
3.754281	4.0078237E-007
3.754531	3.9282128E-007
3.754781	3.8465168E-007
3.755031	3.7623471E-007
3.755281	3.6763871E-007
3.755531	3.6058336E-007
3.75578	3.5164632E-007
3.756031	3.4255496E-007
3.75628	3.3329772E-007
3.756531	3.2394163E-007
3.75678	3.1635187E-007
3.75703	3.0675449E-007
3.75728	2.9810928E-007
3.75753	2.8837383E-007
3.75778	2.7861751E-007
3.75803	2.7074512E-007
3.75828	2.6092394E-007
3.75853	2.5109043E-007
3.75878	2.4124435E-007
3.75903	2.3143606E-007
3.75928	2.2361984E-007
3.75953	2.1391081E-007
3.75978	2.0425408E-007
3.76003	1.9468304E-007
3.76028	1.8521079E-007
3.76053	1.7772545E-007
3.76078	1.6849091E-007
3.76103	1.5937600E-007
3.76128	1.5044481E-007
3.76153	1.4167738E-007
3.76178	1.3480890E-007
3.76203	1.2638425E-007
3.76228	1.1819844E-007
3.76253	1.1024756E-007
3.76278	1.0252842E-007
3.76303	9.6539502E-008
3.76328	8.9293223E-008
3.76353	8.2339902E-008
3.76378	7.5660132E-008
3.76403	6.9305948E-008
3.76428	6.4438694E-008
3.764529	5.8650752E-008
3.76478	5.3189595E-008
3.765029	4.8079261E-008
3.765279	4.3324210E-008
3.765529	3.9766132E-008
3.765779	3.5662886E-008
3.766029	3.1935183E-008
3.766279	2.8588376E-008
3.766529	2.5629904E-008
3.766779	2.3546310E-008
3.767029	2.1300432E-008
3.767279	1.9457273E-008
3.767529	1.8020438E-008
3.767779	1.6982248E-008
3.768029	1.6454420E-008
3.768279	1.6169199E-008
3.768529	1.6295983E-008
3.768779	1.6840632E-008
3.769029	1.7795580E-008
3.769279	1.9012457E-008
3.769529	2.0375975E-008
3.769779	2.2439048E-008
3.770029	2.4921476E-008
3.770279	2.7810350E-008
3.770529	3.1097837E-008
3.770779	3.4012988E-008
3.771029	3.8015312E-008
3.771279	4.2403045E-008
3.771529	4.7173597E-008
3.771779	5.2317343E-008
3.772028	5.7832064E-008
3.772279	6.2490187E-008
3.772528	6.8635437E-008
3.772779	7.5126302E-008
3.773028	8.1944293E-008
3.773278	8.9094605E-008
3.773528	9.5032597E-008
3.773778	1.0274114E-007
3.774028	1.1071722E-007
3.774278	1.1899512E-007
3.774528	1.2751742E-007
3.774778	1.3451552E-007
3.775028	1.4349936E-007
3.775278	1.5270227E-007
3.775528	1.6210653E-007
3.775778	1.7171737E-007
3.776028	1.8151728E-007
3.776278	1.8947837E-007
3.776528	1.9956906E-007
3.776778	2.0978864E-007
3.777028	2.2013637E-007
3.777278	2.3059214E-007
3.777528	2.4112700E-007
3.777778	2.4964743E-007
3.778028	2.6033169E-007
3.778278	2.7103070E-007
3.778528	2.8176001E-007
3.778778	2.9250504E-007
3.779028	3.0107788E-007
3.779278	3.1180983E-007
3.779528	3.2251032E-007
3.779778	3.3310036E-007
3.780028	3.4368185E-007
3.780277	3.5207546E-007
3.780528	3.6244165E-007
3.780777	3.7272844E-007
3.781027	3.8283497E-007
3.781277	3.9179099E-007
3.781527	4.0166202E-007
3.781777	4.1126506E-007
3.782027	4.1884340E-007
3.782277	4.2815284E-007
3.782527	4.3717907E-007
3.782777	4.4598895E-007
3.783027	4.5451409E-007
3.783277	4.6279095E-007
3.783527	4.6920101E-007
3.783777	4.7699018E-007
3.784027	4.8444298E-007
3.784277	4.9164373E-007
3.784527	4.9845318E-007
3.784777	5.0363900E-007
3.785027	5.0981362E-007
3.785277	5.1569225E-007
3.785527	5.2116593E-007
3.785777	5.2624125E-007
3.786027	5.3094396E-007
3.786277	5.3440488E-007
3.786527	5.3841785E-007
3.786777	5.4202815E-007
3.787027	5.4518279E-007
3.787277	5.4794111E-007
3.787527	5.5030677E-007
3.787776	5.5181823E-007
3.788027	5.5334573E-007
3.788276	5.5451261E-007
3.788527	5.5514721E-007
3.788776	5.5552653E-007
3.789026	5.5532144E-007
3.789276	5.5484344E-007
3.789526	5.5388614E-007
3.789776	5.5249234E-007
3.790026	5.5062281E-007
3.790276	5.4837125E-007
3.790526	5.4572808E-007
3.790776	5.4325471E-007
3.791026	5.3981535E-007
3.791276	5.3594431E-007
3.791526	5.3168822E-007
3.791776	5.2696163E-007
3.792026	5.2193286E-007
3.792276	5.1648880E-007
3.792526	5.1184378E-007
3.792776	5.0575500E-007
3.793026	4.9924125E-007
3.793276	4.9306306E-007
3.793526	4.8596507E-007
3.793776	4.7849130E-007
3.794026	4.7226990E-007
3.794276	4.6424699E-007
3.794526	4.5591406E-007
3.794776	4.4730899E-007
3.795026	4.3842309E-007
3.795276	4.2931893E-007
3.795526	4.1993781E-007
3.795776	4.1228296E-007
3.796026	4.0252183E-007
3.796276	3.9256213E-007
3.796525	3.8241095E-007
3.796775	3.7213141E-007
3.797025	3.6167933E-007
3.797275	3.5324010E-007
3.797525	3.4259006E-007
3.797775	3.3181760E-007
3.798025	3.2097762E-007
3.798275	3.1005368E-007
3.798525	2.9911334E-007
3.798775	2.8813000E-007
3.799025	2.7935465E-007
3.799275	2.6837836E-007
3.799525	2.5745177E-007
3.799775	2.4651513E-007
3.800025	2.3568703E-007
3.800275	2.2491957E-007
3.800525	2.1424131E-007
3.800775	2.0577355E-007
3.801025	1.9533064E-007
3.801275	1.8502317E-007
3.801525	1.7487213E-007
3.801775	1.6492861E-007
3.802025	1.5515313E-007
3.802275	1.4749416E-007
3.802525	1.3812722E-007
3.802775	1.2900547E-007
3.803025	1.2013014E-007
3.803275	1.1154471E-007
3.803524	1.0323851E-007
3.803775	9.5240637E-008
3.804024	8.9080579E-008
3.804275	8.1661469E-008
3.804524	7.4584115E-008
3.804775	6.8519249E-008
3.805024	6.2130255E-008
3.805274	5.6107680E-008
3.805524	5.0477084E-008
3.805774	4.6256837E-008
3.806024	4.1347960E-008
3.806274	3.6867192E-008
3.806524	3.2796155E-008
3.806774	2.9161880E-008
3.807024	2.5969680E-008
3.807274	2.3219236E-008
3.807524	2.0907578E-008
3.807774	1.9398168E-008
3.808024	1.7926526E-008
3.808274	1.6917411E-008
3.808524	1.6371899E-008
3.808774	1.6300218E-008
3.809024	1.6697879E-008
3.809274	1.7568279E-008
3.809524	1.8595518E-008
3.809774	2.0315795E-008
3.810024	2.2507598E-008
3.810274	2.5165539E-008
3.810524	2.8292384E-008
3.810774	3.1883978E-008
3.811024	3.5932175E-008
3.811274	3.9496452E-008
3.811524	4.4356103E-008
3.811774	4.9663029E-008
3.812024	5.5400239E-008
3.812274	6.1566276E-008
3.812523	6.8154172E-008
3.812773	7.5162198E-008
3.813023	8.1051169E-008
3.813273	8.8765042E-008
3.813523	9.6875155E-008
3.813773	1.0534659E-007
3.814023	1.1417274E-007
3.814273	1.2334817E-007
3.814523	1.3285356E-007
3.814773	1.4269875E-007
3.815023	1.5078935E-007
3.815273	1.6114372E-007
3.815523	1.7179116E-007
3.815773	1.8272021E-007
3.816023	1.9387232E-007
3.816273	2.0523024E-007
3.816523	2.1567550E-007
3.816773	2.2748134E-007
3.817023	2.3702034E-007
3.817273	2.4909619E-007
3.817523	2.6130047E-007
3.817773	2.7370481E-007
3.818023	2.8618038E-007
3.818273	2.9871541E-007
3.818523	3.1137489E-007
3.818773	3.2151891E-007
3.819023	3.3423129E-007
3.819273	3.4693488E-007
3.819523	3.5967980E-007
3.819772	3.7240929E-007
3.820023	3.8506877E-007
3.820272	3.9764819E-007
3.820523	4.1021104E-007
3.820772	4.2010396E-007
3.821023	4.3246797E-007
3.821272	4.4468450E-007
3.821522	4.5672411E-007
3.821772	4.6855294E-007
3.822022	4.8023048E-007
3.822272	4.9169893E-007
3.822522	5.0294557E-007
3.822772	5.1399348E-007
3.823022	5.2255064E-007
3.823272	5.3309293E-007
3.823522	5.4330519E-007
3.823772	5.5318856E-007
3.824022	5.6276815E-007
3.824272	5.7204193E-007
3.824522	5.8086232E-007
3.824772	5.8942402E-007
3.825022	5.9593543E-007
3.825272	6.0378642E-007
3.825522	6.1117066E-007
3.825772	6.1815047E-007
3.826022	6.2466910E-007
3.826272	6.3088225E-007
3.826522	6.3650327E-007
3.826772	6.4167432E-007
3.827022	6.4645707E-007
3.827272	6.4993156E-007
3.827522	6.5376827E-007
3.827772	6.5714175E-007
3.828022	6.5975280E-007
3.828272	6.6219582E-007
3.828521	6.6411889E-007
3.828771	6.6554071E-007
3.829021	6.6645964E-007
3.829271	6.6684413E-007
3.829521	6.6678490E-007
3.829771	6.6630344E-007
3.830021	6.6526025E-007
3.830271	6.6365828E-007
3.830521	6.6158844E-007
3.830771	6.5900929E-007
3.831021	6.5591627E-007
3.831271	6.5234121E-007
3.831521	6.4826378E-007
3.831771	6.4461318E-007
3.832021	6.3968542E-007
3.832271	6.3424829E-007
3.832521	6.2830071E-007
3.832771	6.2188502E-007
3.833021	6.1512702E-007
3.833271	6.0786692E-007
3.833521	6.0013309E-007
3.833771	5.9201534E-007
3.834021	5.8521300E-007
3.834271	5.7640705E-007
3.834521	5.6714453E-007
3.834771	5.5756323E-007
3.835021	5.4763382E-007
3.835271	5.3731202E-007
3.835521	5.2677996E-007
3.835771	5.1584965E-007
3.83602	5.0469549E-007
3.836271	4.9552773E-007
3.83652	4.8382816E-007
3.836771	4.7192296E-007
3.83702	4.5983373E-007
3.83727	4.4749450E-007
3.83752	4.3499125E-007
3.83777	4.2235160E-007
3.83802	4.0955479E-007
3.83827	3.9665264E-007
3.83852	3.8361790E-007
3.83877	3.7313308E-007
3.83902	3.6001293E-007
3.83927	3.4686786E-007
3.83952	3.3498580E-007
3.83977	3.2178417E-007
3.84002	3.0865669E-007
3.84027	2.9554172E-007
3.84052	2.8251534E-007
3.84077	2.6951756E-007
3.84102	2.5667779E-007
3.84127	2.4649813E-007
3.84152	2.3390905E-007
3.84177	2.2149936E-007
3.84202	2.0928815E-007
3.84227	1.9727773E-007
3.84252	1.8549240E-007
3.84277	1.7396812E-007
3.84302	1.6269664E-007
3.84327	1.5174898E-007
3.84352	1.4109928E-007
3.84377	1.3078149E-007
3.84402	1.2080808E-007
3.84427	1.1308850E-007
3.844519	1.0379893E-007
3.844769	9.4891618E-008
3.845019	8.6407702E-008
3.845269	7.8344591E-008
3.845519	7.0721043E-008
3.845769	6.3566240E-008
3.846019	5.6880790E-008
3.846269	5.0661786E-008
3.846519	4.4949822E-008
3.846769	4.0751658E-008
3.847019	3.5966504E-008
3.847269	3.1709753E-008
3.847519	2.7978695E-008
3.847769	2.4799428E-008
3.848019	2.2174079E-008
3.848269	2.0105446E-008
3.848519	1.8590628E-008
3.848769	1.7658021E-008
3.849019	1.7299804E-008
3.849269	1.7521751E-008
3.849519	1.8320947E-008
3.849769	1.9378382E-008
3.850019	2.1227649E-008
3.850269	2.3661300E-008
3.850519	2.6677514E-008
3.850769	2.9887396E-008
3.851019	3.3991192E-008
3.851269	3.8676788E-008
3.851519	4.3939018E-008
3.851768	4.9769753E-008
3.852019	5.6148014E-008
3.852268	6.3079654E-008
3.852519	6.9016799E-008
3.852768	7.6921012E-008
3.853019	8.5358451E-008
3.853268	9.4305506E-008
3.853518	1.0377251E-007
3.853768	1.1372416E-007
3.854018	1.2413973E-007
3.854268	1.3503413E-007
3.854518	1.4638616E-007
3.854768	1.5818135E-007
3.855018	1.7042065E-007
3.855268	1.8301473E-007
3.855518	1.9602736E-007
3.855768	2.0671057E-007
3.856018	2.2034877E-007
3.856268	2.3434697E-007
3.856518	2.4864619E-007
3.856768	2.6329158E-007
3.857018	2.7816239E-007
3.857268	2.9332708E-007
3.857518	3.0868350E-007
3.857768	3.2425950E-007
3.858018	3.4005012E-007
3.858268	3.5602906E-007
3.858518	3.7212712E-007
3.858768	3.8830160E-007
3.859018	4.0463345E-007
3.859268	4.1771966E-007
3.859518	4.3415886E-007
3.859768	4.5060929E-007
3.860018	4.6709505E-007
3.860267	4.8352132E-007
3.860518	4.9990763E-007
3.860767	5.1617718E-007
3.861017	5.3242331E-007
3.861267	5.4853683E-007
3.861517	5.6448619E-007
3.861767	5.8037404E-007
3.862017	5.9445011E-007
3.862267	6.0681583E-007
3.862517	6.2203532E-007
3.862767	6.3702561E-007
3.863017	6.5169610E-007
3.863267	6.6611204E-007
3.863517	6.8014850E-007
3.863767	6.9401227E-007
3.864017	7.0740271E-007
3.864267	7.2040075E-007
3.864517	7.3296741E-007
3.864767	7.4512946E-007
3.865017	7.5685006E-007
3.865267	7.6810051E-007
3.865517	7.7889098E-007
3.865767	7.8922949E-007
3.866017	7.9705251E-007
3.866267	8.0636050E-007
3.866517	8.1521898E-007
3.866767	8.2346730E-007
3.867017	8.3114423E-007
3.867267	8.3823363E-007
3.867517	8.4467803E-007
3.867767	8.5057775E-007
3.868016	8.5589579E-007
3.868267	8.6054337E-007
3.868516	8.6456765E-007
3.868767	8.6794142E-007
3.869016	8.7072942E-007
3.869266	8.7269825E-007
3.869516	8.7417112E-007
3.869766	8.7492077E-007
3.870016	8.7500325E-007
3.870266	8.7443658E-007
3.870516	8.7358615E-007
3.870766	8.7176386E-007
3.871016	8.6927542E-007
3.871266	8.6623476E-007
3.871516	8.6244358E-007
3.871766	8.5803839E-007
3.872016	8.5303799E-007
3.872266	8.4736212E-007
3.872516	8.4097496E-007
3.872766	8.3399055E-007
3.873016	8.2732555E-007
3.873266	8.1921604E-007
3.873516	8.1053349E-007
3.873766	8.0125886E-007
3.874016	7.9141876E-007
3.874266	7.8097611E-007
3.874516	7.7004592E-007
3.874766	7.6094705E-007
3.875016	7.4914618E-007
3.875266	7.3680775E-007
3.875516	7.2395449E-007
3.875766	7.1073015E-007
3.876015	6.9699388E-007
3.876266	6.8288801E-007
3.876515	6.6835634E-007
3.876765	6.5356903E-007
3.877015	6.3835495E-007
3.877265	6.2286978E-007
3.877515	6.0706299E-007
3.877765	5.9088757E-007
3.878015	5.7457243E-007
3.878265	5.5802514E-007
3.878515	5.4127725E-007
3.878765	5.2432739E-007
3.879015	5.0729000E-007
3.879265	4.9015557E-007
3.879515	4.7285019E-007
3.879765	4.5904289E-007
3.880015	4.4166495E-007
3.880265	4.2432507E-007
3.880515	4.0697489E-007
3.880765	3.8970845E-007
3.881015	3.7251559E-007
3.881265	3.5544889E-007
3.881515	3.3849940E-007
3.881765	3.2167168E-007
3.882015	3.0509509E-007
3.882265	2.8871793E-007
3.882515	2.7258397E-007
3.882765	2.5673162E-007
3.883015	2.4117404E-007
3.883265	2.2596873E-007
3.883515	2.1107115E-007
3.883765	1.9659932E-007
3.884015	1.8392082E-007
3.884264	1.7023447E-007
3.884515	1.5700222E-007
3.884764	1.4426436E-007
3.885015	1.3202776E-007
3.885264	1.2260995E-007
3.885514	1.1132283E-007
3.885764	1.0061221E-007
3.886014	9.0480619E-008
3.886264	8.0956340E-008
3.886514	7.2067841E-008
3.886764	6.3817332E-008
3.887014	5.6228970E-008
3.887264	4.9330716E-008
3.887514	4.3120604E-008
3.887764	3.7616847E-008
3.888014	3.2833267E-008
3.888264	2.8786838E-008
3.888514	2.5489244E-008
3.888764	2.2933765E-008
3.889014	2.1159575E-008
3.889264	2.0159392E-008
3.889514	1.9941735E-008
3.889764	2.0510655E-008
3.890014	2.1874266E-008
3.890264	2.4031644E-008
3.890514	2.6986585E-008
3.890764	3.0749124E-008
3.891014	3.5292313E-008
3.891264	4.0644654E-008
3.891514	4.6797624E-008
3.891764	5.3741292E-008
3.892014	6.1468903E-008
3.892263	6.8220544E-008
3.892514	7.7355367E-008
3.892763	8.7254698E-008
3.893013	9.7929188E-008
3.893263	1.0934747E-007
3.893513	1.2149179E-007
3.893763	1.3436133E-007
3.894013	1.4795739E-007
3.894263	1.6223228E-007
3.894513	1.7717160E-007
3.894763	1.9280577E-007
3.895013	2.0741696E-007
3.895263	2.2421870E-007
3.895513	2.4164925E-007
3.895763	2.5964187E-007
3.896013	2.7823242E-007
3.896263	2.9731095E-007
3.896513	3.1694864E-007
3.896763	3.3704671E-007
3.897013	3.5759638E-007
3.897263	3.7863089E-007
3.897513	4.0005401E-007
3.897763	4.2188464E-007
3.898013	4.4399903E-007
3.898263	4.6652283E-007
3.898513	4.8926779E-007
3.898763	5.1226579E-007
3.899013	5.3548496E-007
3.899263	5.5891417E-007
3.899513	5.8254631E-007
3.899763	6.0631163E-007
3.900012	6.3007610E-007
3.900263	6.5398416E-007
3.900512	6.7790410E-007
3.900763	7.0181824E-007
3.901012	7.2573420E-007
3.901262	7.4950157E-007
3.901512	7.7321118E-007
3.901762	7.9679870E-007
3.902012	8.1551872E-007
3.902262	8.3876017E-007
3.902512	8.6631218E-007
3.902762	8.8442363E-007
3.903012	9.0685273E-007
3.903262	9.2897716E-007
3.903512	9.5063922E-007
3.903762	9.7194618E-007
3.904012	9.9296722E-007
3.904262	1.0133233E-006
3.904512	1.0332537E-006
3.904762	1.0527093E-006
3.905012	1.0715488E-006
3.905262	1.0898895E-006
3.905512	1.1075164E-006
3.905762	1.1228310E-006
3.906012	1.1392434E-006
3.906262	1.1549395E-006
3.906512	1.1699724E-006
3.906762	1.1842274E-006
3.907012	1.1976450E-006
3.907262	1.2103523E-006
3.907512	1.2223201E-006
3.907762	1.2334116E-006
3.908011	1.2435538E-006
3.908262	1.2530131E-006
3.908511	1.2615045E-006
3.908762	1.2691298E-006
3.909011	1.2759024E-006
3.909261	1.2815985E-006
3.909511	1.2865265E-006
3.909761	1.2903590E-006
3.910011	1.2933098E-006
3.910261	1.2953949E-006
3.910511	1.2963618E-006
3.910761	1.2964551E-006
3.911011	1.2956605E-006
3.911261	1.2937903E-006
3.911511	1.2909718E-006
3.911761	1.2871686E-006
3.912011	1.2823444E-006
3.912261	1.2766220E-006
3.912511	1.2699411E-006
3.912761	1.2623271E-006
3.913011	1.2538503E-006
3.913261	1.2444805E-006
3.913511	1.2340892E-006
3.913761	1.2227147E-006
3.914011	1.2105398E-006
3.914261	1.1975726E-006
3.914511	1.1836588E-006
3.914761	1.1688551E-006
3.915011	1.1533804E-006
3.915261	1.1371279E-006
3.915511	1.1199570E-006
3.915761	1.1021739E-006
3.916011	1.0836332E-006
3.91626	1.0642634E-006
3.916511	1.0464541E-006
3.91676	1.0259462E-006
3.91701	1.0047853E-006
3.91726	9.8314047E-007
3.91751	9.6089514E-007
3.91776	9.3827703E-007
3.91801	9.1507735E-007
3.91826	8.9147818E-007
3.91851	8.6743472E-007
3.91876	8.4305901E-007
3.91901	8.1833548E-007
3.91926	7.9333694E-007
3.91951	7.6808084E-007
3.91976	7.4261379E-007
3.92001	7.1705182E-007
3.92026	6.9128072E-007
3.92051	6.6544794E-007
3.92076	6.3958254E-007
3.92101	6.1370491E-007
3.92126	5.8784462E-007
3.92151	5.6212588E-007
3.92176	5.3646914E-007
3.92201	5.1108873E-007
3.92226	4.8580995E-007
3.92251	4.6086157E-007
3.92276	4.3614116E-007
3.92301	4.1183449E-007
3.92326	3.8784179E-007
3.92351	3.6433897E-007
3.923759	3.4128198E-007
3.92401	3.1872409E-007
3.924259	2.9673399E-007
3.92451	2.7536947E-007
3.924759	2.5459863E-007
3.925009	2.3451845E-007
3.925259	2.1512827E-007
3.925509	1.9651894E-007
3.925759	1.7866392E-007
3.926009	1.6165126E-007
3.926259	1.4548539E-007
3.926509	1.3020932E-007
3.926759	1.1586408E-007
3.927009	1.0246379E-007
3.927259	9.1255139E-008
3.927509	7.9774011E-008
3.927759	6.9333680E-008
3.928009	5.9956022E-008
3.928259	5.1681837E-008
3.928509	4.4517819E-008
3.928759	3.8493244E-008
3.929009	3.3623795E-008
3.929259	2.9945543E-008
3.929509	2.7474730E-008
3.929759	2.6218446E-008
3.930009	2.6193090E-008
3.930259	2.7413838E-008
3.930509	2.9893915E-008
3.930759	3.3635160E-008
3.931009	3.8652399E-008
3.931259	4.4942571E-008
3.931509	5.2522985E-008
3.931759	6.3296653E-008
3.932009	7.1537116E-008
3.932259	8.5413362E-008
3.932508	9.5677528E-008
3.932758	1.1264102E-007
3.933008	1.2815497E-007
3.933258	1.4494350E-007
3.933508	1.6293610E-007
3.933758	1.8220413E-007
3.934008	2.0268284E-007
3.934258	2.2438591E-007
3.934508	2.4721501E-007
3.934758	2.7127896E-007
3.935008	2.9647387E-007
3.935258	3.2273152E-007
3.935508	3.5014116E-007
3.935758	3.7855509E-007
3.936008	4.0806205E-007
3.936258	4.3853129E-007
3.936508	4.7002030E-007
3.936758	5.0240465E-007
3.937008	5.3564975E-007
3.937258	5.6986482E-007
3.937508	6.0480698E-007
3.937758	6.3691908E-007
3.938008	6.7332996E-007
3.938258	7.1047180E-007
3.938508	7.4822037E-007
3.938758	7.8660753E-007
3.939008	8.2558870E-007
3.939258	8.6503104E-007
3.939508	9.0499941E-007
3.939758	9.4530742E-007
3.940007	9.8611451E-007
3.940258	1.0271890E-006
3.940507	1.0684992E-006
3.940758	1.1100282E-006
3.941007	1.1516721E-006
3.941257	1.1933649E-006
3.941507	1.2350779E-006
3.941757	1.2768587E-006
3.942007	1.3270544E-006
3.942257	1.3683979E-006
3.942507	1.4098014E-006
3.942757	1.4509302E-006
3.943007	1.4917857E-006
3.943257	1.5321840E-006
3.943507	1.5721486E-006
3.943757	1.6117762E-006
3.944007	1.6507627E-006
3.944257	1.6891462E-006
3.944507	1.7269048E-006
3.944757	1.7640963E-006
3.945007	1.8003465E-006
3.945257	1.8358276E-006
3.945507	1.8703066E-006
3.945757	1.9039757E-006
3.946007	1.9366987E-006
3.946257	1.9684408E-006
3.946507	1.9990562E-006
3.946757	2.0286463E-006
3.947007	2.0571433E-006
3.947257	2.0844875E-006
3.947507	2.1104356E-006
3.947757	2.1349395E-006
3.948007	2.1583521E-006
3.948256	2.1782434E-006
3.948507	2.2029308E-006
3.948756	2.2180845E-006
3.949006	2.2391830E-006
3.949256	2.2552802E-006
3.949506	2.2699212E-006
3.949756	2.2827801E-006
3.950006	2.2942252E-006
3.950256	2.3037669E-006
3.950506	2.3118284E-006
3.950756	2.3183532E-006
3.951006	2.3229436E-006
3.951256	2.3258333E-006
3.951506	2.3271948E-006
3.951756	2.3269993E-006
3.952006	2.3251491E-006
3.952256	2.3213745E-006
3.952506	2.3158705E-006
3.952756	2.3086750E-006
3.953006	2.2997713E-006
3.953256	2.2893109E-006
3.953506	2.2769805E-006
3.953756	2.2630354E-006
3.954006	2.2472257E-006
3.954256	2.2299268E-006
3.954506	2.2073000E-006
3.954756	2.1864012E-006
3.955006	2.1639498E-006
3.955256	2.1399444E-006
3.955506	2.1143451E-006
3.955755	2.0873126E-006
3.956006	2.0587552E-006
3.956255	2.0290461E-006
3.956506	1.9977499E-006
3.956755	1.9649813E-006
3.957006	1.9311772E-006
3.957255	1.8959540E-006
3.957505	1.8595711E-006
3.957755	1.8221174E-006
3.958005	1.7835224E-006
3.958255	1.7438300E-006
3.958505	1.7031787E-006
3.958755	1.6658179E-006
3.959005	1.6234704E-006
3.959255	1.5803122E-006
3.959505	1.5277516E-006
3.959755	1.4830571E-006
3.960005	1.4377043E-006
3.960255	1.3919422E-006
3.960505	1.3457044E-006
3.960755	1.2991866E-006
3.961005	1.2523838E-006
3.961255	1.2052843E-006
3.961505	1.1580648E-006
3.961755	1.1108644E-006
3.962005	1.0635197E-006
3.962255	1.0164287E-006
3.962505	9.6940471E-007
3.962755	9.2270108E-007
3.963005	8.7624477E-007
3.963255	8.3036230E-007
3.963505	7.8497834E-007
3.963755	7.3121151E-007
3.964005	6.8727712E-007
3.964255	6.4401354E-007
3.964504	6.0162239E-007
3.964754	5.6018746E-007
3.965004	5.1975132E-007
3.965254	4.8047463E-007
3.965504	4.4236026E-007
3.965754	4.0549409E-007
3.966004	3.6997997E-007
3.966254	3.3589731E-007
3.966504	3.0337051E-007
3.966754	2.7236757E-007
3.967004	2.4302187E-007
3.967254	2.1539218E-007
3.967504	1.8960151E-007
3.967754	1.6113613E-007
3.968004	1.3951265E-007
3.968254	1.1988085E-007
3.968504	1.0238295E-007
3.968754	8.7038494E-008
3.969004	7.5111387E-008
3.969254	6.3982512E-008
3.969504	5.5172794E-008
3.969754	4.8710419E-008
3.970004	4.4673374E-008
3.970254	4.3055401E-008
3.970504	4.3975035E-008
3.970754	4.7445965E-008
3.971004	5.3495462E-008
3.971254	6.2160666E-008
3.971503	7.6058718E-008
3.971754	9.0581196E-008
3.972003	1.0784379E-007
3.972254	1.2781581E-007
3.972503	1.5050108E-007
3.972754	1.7598157E-007
3.973003	2.0420985E-007
3.973253	2.3522867E-007
3.973503	2.6904868E-007
3.973753	3.0565408E-007
3.974003	3.4497805E-007
3.974253	3.8712872E-007
3.974503	4.3200146E-007
3.974753	4.7958372E-007
3.975003	5.4041482E-007
3.975253	5.9393074E-007
3.975503	6.5022761E-007
3.975753	7.0908061E-007
3.976003	7.7045979E-007
3.976253	8.3452949E-007
3.976503	9.0104271E-007
3.976753	9.7012253E-007
3.977003	1.0415246E-006
3.977253	1.1152889E-006
3.977503	1.1913431E-006
3.977753	1.2697130E-006
3.978003	1.3501386E-006
3.978253	1.4495733E-006
3.978503	1.5345230E-006
3.978753	1.6214639E-006
3.979003	1.7100255E-006
3.979253	1.7914482E-006
3.979503	1.8834982E-006
3.979753	1.9773227E-006
3.980003	2.0724844E-006
3.980253	2.1687179E-006
3.980502	2.2665049E-006
3.980752	2.3655848E-006
3.981002	2.4657622E-006
3.981252	2.5668778E-006
3.981502	2.6689813E-006
3.981752	2.7924327E-006
3.982002	2.8955458E-006
3.982252	2.9994212E-006
3.982502	3.1038778E-006
3.982752	3.2082373E-006
3.983002	3.3131296E-006
3.983252	3.4176066E-006
3.983502	3.5222286E-006
3.983752	3.6267315E-006
3.984002	3.7304355E-006
3.984252	3.8336307E-006
3.984502	3.9572947E-006
3.984752	4.0590867E-006
3.985002	4.1598696E-006
3.985252	4.2593679E-006
3.985502	4.3580626E-006
3.985752	4.4556105E-006
3.986002	4.5513302E-006
3.986252	4.6451019E-006
3.986502	4.7374592E-006
3.986752	4.8282518E-006
3.987002	4.9170199E-006
3.987252	5.0034837E-006
3.987502	5.1042280E-006
3.987751	5.1851553E-006
3.988002	5.2638520E-006
3.988251	5.3402409E-006
3.988502	5.4135689E-006
3.988751	5.4836546E-006
3.989002	5.5512487E-006
3.989251	5.6160393E-006
3.989501	5.6715503E-006
3.989751	5.7296497E-006
3.990001	5.7950670E-006
3.990251	5.8454116E-006
3.990501	5.8921878E-006
3.990751	5.9355757E-006
3.991001	5.9745362E-006
3.991251	6.0102730E-006
3.991501	6.0412021E-006
3.991751	6.0685447E-006
3.992001	6.0930520E-006
3.992251	6.1117585E-006
3.992501	6.1292867E-006
3.992751	6.1390533E-006
3.993001	6.1439478E-006
3.993251	6.1453320E-006
3.993501	6.1418064E-006
3.993751	6.1343685E-006
3.994001	6.1221135E-006
3.994251	6.1051719E-006
3.994501	6.0838183E-006
3.994751	6.0583907E-006
3.995001	6.0279995E-006
3.995251	5.9859453E-006
3.995501	5.9452827E-006
3.995751	5.9005692E-006
3.996001	5.8515093E-006
3.996251	5.7979651E-006
3.9965	5.7406614E-006
3.99675	5.6786207E-006
3.997	5.6125714E-006
3.99725	5.5419655E-006
3.9975	5.4523039E-006
3.99775	5.3722583E-006
3.998	5.2892578E-006
3.99825	5.2024943E-006
3.9985	5.1123293E-006
3.99875	5.0175581E-006
3.999	4.9194127E-006
3.99925	4.8182442E-006
3.9995	4.7247877E-006
3.99975	4.6175087E-006
4	4.4846488E-006
4.00025	4.3712671E-006
4.0005	4.2558222E-006
4.00075	4.1376275E-006
4.001	4.0168238E-006
4.00125	3.8937646E-006
4.0015	3.7689645E-006
4.00175	3.6423996E-006
4.002	3.5151818E-006
4.00225	3.3859358E-006
4.0025	3.2297683E-006
4.00275	3.0988087E-006
4.003	2.9670971E-006
4.00325	2.8352674E-006
4.0035	2.7037363E-006
4.003749	2.5717688E-006
4.004	2.4406233E-006
4.00425	2.3101152E-006
4.004499	2.1803642E-006
4.004749	2.0267078E-006
4.005	1.9005516E-006
4.00525	1.7758451E-006
4.005499	1.6534561E-006
4.005749	1.5335697E-006
4.005999	1.4165456E-006
4.006249	1.3024236E-006
4.006499	1.1915795E-006
4.006749	1.0633933E-006
4.006999	9.6102644E-007
4.007249	8.6313617E-007
4.007499	7.6987129E-007
4.007749	6.8148677E-007
4.007999	5.9828830E-007
4.008249	5.2080190E-007
4.008499	4.4931721E-007
4.008749	3.8408180E-007
4.008999	3.2536846E-007
4.009249	2.6408352E-007
4.009499	2.2495490E-007
4.009749	1.8877937E-007
4.009999	1.6055597E-007
4.010249	1.4051393E-007
4.010499	1.2907833E-007
4.010749	1.2639818E-007
4.010999	1.3307641E-007
4.011249	1.5370435E-007
4.011498	1.8176645E-007
4.011749	2.2011305E-007
4.011999	2.6891234E-007
4.012249	3.2874206E-007
4.012498	3.9961108E-007
4.012748	4.8184336E-007
4.012999	5.7594303E-007
4.013248	7.0472447E-007
4.013498	8.2589230E-007
4.013748	9.5961127E-007
4.013999	1.1060661E-006
4.014248	1.2660582E-006
4.014498	1.4394008E-006
4.014748	1.6266063E-006
4.014998	1.8274940E-006
4.015248	2.0880273E-006
4.015498	2.3208879E-006
4.015748	2.5686566E-006
4.015998	2.8310540E-006
4.016248	3.1090760E-006
4.016498	3.4025902E-006
4.016748	3.7116756E-006
4.016998	4.0354412E-006
4.017248	4.4463541E-006
4.017498	4.8070015E-006
4.017748	5.1839597E-006
4.017998	5.5761916E-006
4.018248	5.9863814E-006
4.018498	6.4125870E-006
4.018748	6.8554777E-006
4.018998	7.3154597E-006
4.019248	7.8907897E-006
4.019497	8.3381947E-006
4.019748	8.8504894E-006
4.019998	9.3823401E-006
4.020247	9.9312338E-006
4.020497	1.0496305E-005
4.020748	1.1078127E-005
4.020998	1.1801805E-005
4.021247	1.2423257E-005
4.021497	1.3063006E-005
4.021747	1.3717743E-005
4.021997	1.4390945E-005
4.022247	1.5082262E-005
4.022497	1.5789081E-005
4.022747	1.6514608E-005
4.022997	1.7408842E-005
4.023247	1.8173892E-005
4.023497	1.8949582E-005
4.023747	1.9746085E-005
4.023997	2.0559855E-005
4.024247	2.1385767E-005
4.024497	2.2232030E-005
4.024747	2.3270515E-005
4.024997	2.4149826E-005
4.025247	2.5044814E-005
4.025497	2.5956091E-005
4.025747	2.6883772E-005
4.025997	2.7821217E-005
4.026247	2.8780329E-005
4.026497	2.9946126E-005
4.026747	3.0934982E-005
4.026997	3.1931988E-005
4.027246	3.2947926E-005
4.027497	3.3975637E-005
4.027747	3.5018176E-005
4.027997	3.6066474E-005
4.028246	3.7132919E-005
4.028496	3.8425067E-005
4.028747	3.9510785E-005
4.028996	4.0610175E-005
4.029246	4.1719948E-005
4.029496	4.2730582E-005
4.029747	4.3858989E-005
4.029996	4.4995897E-005
4.030246	4.6372996E-005
4.030496	4.7524740E-005
4.030746	4.8690170E-005
4.030996	4.9860373E-005
4.031246	5.1033974E-005
4.031496	5.2218023E-005
4.031746	5.3655134E-005
4.031996	5.4846583E-005
4.032246	5.6045741E-005
4.032496	5.7245463E-005
4.032746	5.8455753E-005
4.032996	5.9659200E-005
4.033246	6.0878261E-005
4.033496	6.2332059E-005
4.033746	6.3540116E-005
4.033996	6.4759959E-005
4.034246	6.5978733E-005
4.034496	6.7197776E-005
4.034746	6.8405323E-005
4.034996	6.9619680E-005
4.035245	7.1073569E-005
4.035496	7.2273186E-005
4.035746	7.3480238E-005
4.035995	7.4681266E-005
4.036245	7.5867552E-005
4.036496	7.7056306E-005
4.036746	7.8473917E-005
4.036995	7.9658996E-005
4.037245	8.0818405E-005
4.037495	8.1980957E-005
4.037745	8.3136227E-005
4.037995	8.4263702E-005
4.038245	8.5399282E-005
4.038495	8.6739819E-005
4.038745	8.7851324E-005
4.038995	8.8947992E-005
4.039245	8.9920235E-005
4.039495	9.0996604E-005
4.039745	9.2057264E-005
4.039995	9.3108880E-005
4.040245	9.4341733E-005
4.040495	9.5360701E-005
4.040745	9.6364063E-005
4.040995	9.7332180E-005
4.041245	9.8303164E-005
4.041495	9.9258097E-005
4.041745	1.0036329E-004
4.041995	1.0128812E-004
4.042245	1.0218425E-004
4.042495	1.0304782E-004
4.042745	1.0390567E-004
4.042994	1.0474312E-004
4.043245	1.0571966E-004
4.043495	1.0649885E-004
4.043745	1.0726355E-004
4.043994	1.0801882E-004
4.044244	1.0873160E-004
4.044495	1.0943021E-004
4.044744	1.1024719E-004
4.044994	1.1088720E-004
4.045244	1.1151728E-004
4.045495	1.1211507E-004
4.045744	1.1268637E-004
4.045994	1.1323705E-004
4.046244	1.1387860E-004
4.046494	1.1437090E-004
4.046744	1.1484017E-004
4.046994	1.1528090E-004
4.047244	1.1570341E-004
4.047494	1.1609127E-004
4.047744	1.1653005E-004
4.047994	1.1685277E-004
4.048244	1.1716981E-004
4.048494	1.1744932E-004
4.048744	1.1769055E-004
4.048994	1.1790314E-004
4.049244	1.1809332E-004
4.049494	1.1829598E-004
4.049744	1.1844561E-004
4.049994	1.1854700E-004
4.050244	1.1862693E-004
4.050494	1.1868485E-004
4.050744	1.1870768E-004
4.050993	1.1870824E-004
4.051244	1.1867187E-004
4.051494	1.1861254E-004
4.051744	1.1851157E-004
4.051993	1.1839640E-004
4.052244	1.1821170E-004
4.052494	1.1803570E-004
4.052743	1.1782577E-004
4.052993	1.1759020E-004
4.053243	1.1733183E-004
4.053493	1.1699387E-004
4.053743	1.1666296E-004
4.053993	1.1631954E-004
4.054243	1.1594405E-004
4.054493	1.1553925E-004
4.054743	1.1510764E-004
4.054993	1.1464701E-004
4.055243	1.1407152E-004
4.055493	1.1356827E-004
4.055743	1.1302472E-004
4.055993	1.1248795E-004
4.056243	1.1190426E-004
4.056493	1.1116949E-004
4.056743	1.1053152E-004
4.056993	1.0987747E-004
4.057243	1.0918761E-004
4.057493	1.0848231E-004
4.057743	1.0776335E-004
4.057993	1.0686511E-004
4.058243	1.0609049E-004
4.058493	1.0538006E-004
4.058743	1.0457679E-004
4.058993	1.0374994E-004
4.059243	1.0289216E-004
4.059493	1.0184734E-004
4.059742	1.0095850E-004
4.059992	1.0004228E-004
4.060243	9.9119621E-005
4.060493	9.8173994E-005
4.060742	9.7023316E-005
4.060992	9.6048672E-005
4.061243	9.5047741E-005
4.061492	9.4049195E-005
4.061742	9.3022994E-005
4.061992	9.1773538E-005
4.062242	9.0725713E-005
4.062492	8.9653928E-005
4.062742	8.8586639E-005
4.062992	8.7494664E-005
4.063242	8.6396925E-005
4.063492	8.5062078E-005
4.063742	8.3944797E-005
4.063992	8.2806735E-005
4.064242	8.1672108E-005
4.064492	8.0523721E-005
4.064742	7.9141610E-005
4.064992	7.7979377E-005
4.065242	7.6807155E-005
4.065492	7.5636955E-005
4.065742	7.4463678E-005
4.065992	7.3283009E-005
4.066242	7.1866249E-005
4.066492	7.0674207E-005
4.066741	6.9478614E-005
4.066992	6.8288624E-005
4.067242	6.7098808E-005
4.067492	6.5661443E-005
4.067741	6.4468128E-005
4.067992	6.3268155E-005
4.068242	6.2199695E-005
4.068491	6.1006493E-005
4.068741	5.9579703E-005
4.068991	5.8388352E-005
4.069242	5.7209782E-005
4.069491	5.6022396E-005
4.069741	5.4842574E-005
4.069991	5.3444139E-005
4.070241	5.2276780E-005
4.070491	5.1112456E-005
4.070741	4.9960789E-005
4.070991	4.8814545E-005
4.071241	4.7447113E-005
4.071491	4.6318339E-005
4.071741	4.5195164E-005
4.071991	4.4082251E-005
4.072241	4.2972551E-005
4.072491	4.1658644E-005
4.072741	4.0578368E-005
4.072991	3.9500064E-005
4.073241	3.8441562E-005
4.073491	3.7386249E-005
4.073741	3.6137932E-005
4.073991	3.5111945E-005
4.074241	3.4093446E-005
4.074491	3.3089716E-005
4.074741	3.2100841E-005
4.074991	3.0927913E-005
4.075241	2.9965162E-005
4.07549	2.9018700E-005
4.07574	2.8083534E-005
4.075991	2.7164702E-005
4.076241	2.6079560E-005
4.07649	2.5188840E-005
4.07674	2.4316620E-005
4.076991	2.3457731E-005
4.07724	2.2611544E-005
4.07749	2.1621050E-005
4.07774	2.0889636E-005
4.07799	2.0094265E-005
4.07824	1.9315548E-005
4.07849	1.8551114E-005
4.07874	1.7657067E-005
4.07899	1.6926644E-005
4.07924	1.6213386E-005
4.07949	1.5518322E-005
4.07974	1.4838020E-005
4.07999	1.4044376E-005
4.08024	1.3401002E-005
4.08049	1.2772353E-005
4.08074	1.2164101E-005
4.08099	1.1568565E-005
4.08124	1.0879085E-005
4.08149	1.0319221E-005
4.08174	9.7780230E-006
4.08199	9.2535374E-006
4.08224	8.6442969E-006
4.082489	8.1545331E-006
4.08274	7.6822580E-006
4.08299	7.2253420E-006
4.08324	6.7842448E-006
4.083489	6.2757085E-006
4.08374	5.8690407E-006
4.08399	5.4788175E-006
4.084239	5.1033485E-006
4.084489	4.6738223E-006
4.08474	4.3317755E-006
4.08499	4.0050677E-006
4.085239	3.6937479E-006
4.085489	3.3965221E-006
4.085739	3.0591605E-006
4.085989	2.7934379E-006
4.086239	2.5414042E-006
4.086489	2.3041496E-006
4.086739	2.0794939E-006
4.086989	1.8281766E-006
4.087239	1.6516527E-006
4.087489	1.4684060E-006
4.087739	1.2972419E-006
4.087989	1.1388064E-006
4.088239	9.6456029E-007
4.088489	8.3240087E-007
4.088739	7.1199213E-007
4.088989	6.0260783E-007
4.089239	4.8596621E-007
4.089489	4.0077501E-007
4.089739	3.2592482E-007
4.089989	2.6123769E-007
4.090239	2.0643911E-007
4.090489	1.5332563E-007
4.090739	1.1925326E-007
4.090989	9.4175086E-008
4.091238	7.7834144E-008
4.091489	6.9256828E-008
4.091739	7.1000514E-008
4.091989	8.0500968E-008
4.092238	9.7470867E-008
4.092488	1.2725319E-007
4.092739	1.5964871E-007
4.092988	1.9847289E-007
4.093238	2.4363288E-007
4.093488	2.9478980E-007
4.093739	3.6355254E-007
4.093988	4.2671860E-007
4.094238	4.9495355E-007
4.094488	5.6795727E-007
4.094738	6.4551216E-007
4.094988	7.4383667E-007
4.095238	8.3012992E-007
4.095488	9.1993115E-007
4.095738	1.0133220E-006
4.095988	1.1293097E-006
4.096238	1.2286146E-006
4.096488	1.3203253E-006
4.096738	1.4243974E-006
4.096988	1.5520372E-006
4.097238	1.6600618E-006
4.097488	1.7696868E-006
4.097738	1.8801480E-006
4.097988	1.9922772E-006
4.098238	2.1271258E-006
4.098488	2.2404959E-006
4.098738	2.3536265E-006
4.098988	2.4670455E-006
4.099237	2.6029536E-006
4.099488	2.7159256E-006
4.099738	2.8277482E-006
4.099988	2.9393398E-006
4.100237	3.0720464E-006
4.100488	3.1807253E-006
4.100738	3.2885741E-006
4.100987	3.3944684E-006
4.101237	3.5198696E-006
4.101487	3.6218255E-006
4.101737	3.7220748E-006
4.101987	3.8200178E-006
4.102237	3.9159945E-006
4.102487	4.0273039E-006
4.102737	4.1174517E-006
4.102987	4.2051774E-006
4.103237	4.2900970E-006
4.103487	4.3876476E-006
4.103737	4.4660560E-006
4.103987	4.5408628E-006
4.104237	4.6127593E-006
4.104487	4.6944720E-006
4.104737	4.7594967E-006
4.104987	4.8202542E-006
4.105237	4.8785660E-006
4.105487	4.9432697E-006
4.105737	4.9880227E-006
4.105987	5.0345257E-006
4.106237	5.0777003E-006
4.106487	5.1164270E-006
4.106737	5.1591414E-006
4.106987	5.1905195E-006
4.107237	5.2176251E-006
4.107487	5.2460996E-006
4.107737	5.2647802E-006
4.107986	5.2806554E-006
4.108236	5.2918876E-006
4.108487	5.3000831E-006
4.108737	5.3044646E-006
4.108986	5.3045096E-006
4.109236	5.3003323E-006
4.109487	5.2935611E-006
4.109736	5.2797877E-006
4.109986	5.2645896E-006
4.110236	5.2464079E-006
4.110486	5.2250371E-006
4.110736	5.1938127E-006
4.110986	5.1647562E-006
4.111236	5.1322413E-006
4.111486	5.0966050E-006
4.111736	5.0501594E-006
4.111986	5.0081480E-006
4.112236	4.9627238E-006
4.112486	4.9148880E-006
4.112736	4.8540910E-006
4.112986	4.8002553E-006
4.113236	4.7445533E-006
4.113486	4.6856799E-006
4.113736	4.6118907E-006
4.113986	4.5482511E-006
4.114236	4.4819471E-006
4.114486	4.4141784E-006
4.114736	4.3298191E-006
4.114985	4.2581232E-006
4.115236	4.1916883E-006
4.115486	4.1162543E-006
4.115736	4.0238729E-006
4.115985	3.9457768E-006
4.116236	3.8654648E-006
4.116486	3.7846539E-006
4.116735	3.6857421E-006
4.116985	3.6026938E-006
4.117235	3.5182968E-006
4.117486	3.4164295E-006
4.117735	3.3305762E-006
4.117985	3.2445364E-006
4.118235	3.1577833E-006
4.118485	3.0709448E-006
4.118735	2.9663283E-006
4.118985	2.8790528E-006
4.119235	2.7917004E-006
4.119485	2.7042488E-006
4.119735	2.5998891E-006
4.119985	2.5134855E-006
4.120235	2.4270630E-006
4.120485	2.3240759E-006
4.120735	2.2391453E-006
4.120985	2.1548212E-006
4.121235	2.0709992E-006
4.121485	1.9718877E-006
4.121735	1.8903837E-006
4.121985	1.8095689E-006
4.122235	1.7301181E-006
4.122485	1.6363009E-006
4.122735	1.5594716E-006
4.122985	1.4839950E-006
4.123235	1.4100285E-006
4.123485	1.3230915E-006
4.123734	1.2523359E-006
4.123984	1.1832431E-006
4.124235	1.1223736E-006
4.124485	1.0434890E-006
4.124734	9.7960049E-007
4.124984	9.1769584E-007
4.125235	8.5747894E-007
4.125484	7.8775093E-007
4.125734	7.3180144E-007
4.125984	6.7785277E-007
4.126234	6.1565316E-007
4.126484	5.6607871E-007
4.126734	5.1865328E-007
4.126984	4.7326978E-007
4.127234	4.2158067E-007
4.127484	3.8089951E-007
4.127734	3.4222472E-007
4.127984	3.0584729E-007
4.128234	2.6498935E-007
4.128484	2.3332623E-007
4.128734	2.0376733E-007
4.128984	1.7123683E-007
4.129234	1.4648116E-007
4.129484	1.2393123E-007
4.129734	1.0345752E-007
4.129984	8.1748070E-008
4.130234	6.5966276E-008
4.130484	5.2285905E-008
4.130733	4.0693454E-008
4.130984	2.9486472E-008
4.131234	2.2382041E-008
4.131484	1.7274806E-008
4.131733	1.3750499E-008
4.131984	1.2939838E-008
4.132234	1.4028149E-008
4.132483	1.6972299E-008
4.132733	2.2920831E-008
4.132983	2.9800358E-008
4.133234	3.8463281E-008
4.133483	4.7681695E-008
4.133733	6.2079877E-008
4.133983	7.5801033E-008
4.134233	9.1090463E-008
4.134483	1.1141323E-007
4.134733	1.2991413E-007
4.134983	1.4983149E-007
4.135233	1.7106929E-007
4.135483	1.9824584E-007
4.135733	2.2219344E-007
4.135983	2.4733214E-007
4.136233	2.7355037E-007
4.136483	3.0636608E-007
4.136733	3.3482848E-007
4.136983	3.6415165E-007
4.137233	4.0051498E-007
4.137483	4.3164627E-007
4.137733	4.6355473E-007
4.137983	5.0267187E-007
4.138233	5.3585813E-007
4.138483	5.6968139E-007
4.138733	6.0390647E-007
4.138983	6.4558412E-007
4.139233	6.8063747E-007
4.139482	7.1604461E-007
4.139732	7.5149831E-007
4.139983	7.9437314E-007
4.140233	8.3030579E-007
4.140482	8.6610089E-007
4.140732	9.0920048E-007
4.140983	9.4485148E-007
4.141232	9.8053943E-007
4.141482	1.0159076E-006
4.141732	1.0579724E-006
4.141982	1.0927897E-006
4.142232	1.1272305E-006
4.142482	1.1645955E-006
4.142732	1.1980144E-006
4.142982	1.2308371E-006
4.143232	1.2634979E-006
4.143482	1.3014810E-006
4.143732	1.3324920E-006
4.143982	1.3626500E-006
4.144232	1.3981295E-006
4.144482	1.4266756E-006
4.144732	1.4543925E-006
4.144982	1.4813836E-006
4.145232	1.5124008E-006
4.145482	1.5373648E-006
4.145732	1.5612558E-006
4.145982	1.5889216E-006
4.146232	1.6105574E-006
4.146482	1.6311564E-006
4.146732	1.6544583E-006
4.146982	1.6727331E-006
4.147232	1.6900392E-006
4.147481	1.7057567E-006
4.147732	1.7235195E-006
4.147982	1.7368050E-006
4.148232	1.7492515E-006
4.148481	1.7623929E-006
4.148731	1.7720558E-006
4.148982	1.7802533E-006
4.149231	1.7874893E-006
4.149481	1.7944703E-006
4.149731	1.7988862E-006
4.149981	1.8022000E-006
4.150231	1.8043582E-006
4.150481	1.8051295E-006
4.150731	1.8044243E-006
4.150981	1.8020608E-006
4.151231	1.7988000E-006
4.151481	1.7946120E-006
4.151731	1.7892276E-006
4.151981	1.7808146E-006
4.152231	1.7727818E-006
4.152481	1.7636310E-006
4.152731	1.7509976E-006
4.152981	1.7394154E-006
4.153231	1.7268242E-006
4.153481	1.7102869E-006
4.153731	1.6951738E-006
4.153981	1.6791379E-006
4.154231	1.6623345E-006
4.154481	1.6405845E-006
4.154731	1.6217468E-006
4.154981	1.6018199E-006
4.155231	1.5768068E-006
4.15548	1.5551210E-006
4.155731	1.5326182E-006
4.155981	1.5047241E-006
4.15623	1.4807664E-006
4.15648	1.4559088E-006
4.156731	1.4304434E-006
4.156981	1.3991958E-006
4.15723	1.3723625E-006
4.15748	1.3452327E-006
4.15773	1.3119408E-006
4.15798	1.2835748E-006
4.15823	1.2548912E-006
4.15848	1.2200904E-006
4.15873	1.1906734E-006
4.15898	1.1608936E-006
4.15923	1.1247698E-006
4.15948	1.0945942E-006
4.15973	1.0640432E-006
4.15998	1.0334603E-006
4.16023	9.9673377E-007
4.16048	9.6894155E-007
4.16073	9.3827254E-007
4.16098	9.0137689E-007
4.16123	8.7064205E-007
4.16148	8.4012703E-007
4.16173	8.0351401E-007
4.16198	7.7331634E-007
4.16223	7.4316296E-007
4.16248	7.0747399E-007
4.16273	6.7798692E-007
4.16298	6.4886183E-007
4.163229	6.1441494E-007
4.16348	5.8604888E-007
4.16373	5.5806572E-007
4.16398	5.2514469E-007
4.164229	4.9818101E-007
4.164479	4.7176337E-007
4.16473	4.4584991E-007
4.164979	4.1557388E-007
4.165229	3.9090438E-007
4.165479	3.6689264E-007
4.16573	3.3891800E-007
4.165979	3.1629253E-007
4.166229	2.9437538E-007
4.166479	2.6899093E-007
4.166729	2.4863206E-007
4.166979	2.2901769E-007
4.167229	2.0645201E-007
4.167479	1.8850818E-007
4.167729	1.7137711E-007
4.167979	1.5182241E-007
4.168229	1.3645936E-007
4.168479	1.2187823E-007
4.168729	1.0552834E-007
4.168979	9.2812890E-008
4.169229	8.0925837E-008
4.169479	6.8858888E-008
4.169729	5.8757070E-008
4.169979	4.9555101E-008
4.170229	3.9631562E-008
4.170479	3.2298626E-008
4.170729	2.5833007E-008
4.170979	2.0235252E-008
4.171228	1.4633039E-008
4.171479	1.0907454E-008
4.171729	8.0232843E-009
4.171978	5.6788569E-009
4.172228	4.6356678E-009
4.172479	4.4144213E-009
4.172729	5.2235078E-009
4.172978	6.7754922E-009
4.173228	9.1192849E-009
4.173478	1.2945844E-008
4.173728	1.6975591E-008
4.173978	2.1755097E-008
4.174228	2.8440892E-008
4.174478	3.4798465E-008
4.174728	4.1867231E-008
4.174978	5.1221992E-008
4.175228	5.9728606E-008
4.175478	6.8886905E-008
4.175728	8.0665885E-008
4.175978	9.1127497E-008
4.176228	1.0216164E-007
4.176478	1.1612470E-007
4.176728	1.2832584E-007
4.176978	1.4104363E-007
4.177228	1.5691614E-007
4.177478	1.7060080E-007
4.177728	1.8474886E-007
4.177978	2.0221553E-007
4.178228	2.1564402E-007
4.178478	2.3094138E-007
4.178728	2.4964436E-007
4.178977	2.6557342E-007
4.179228	2.8180767E-007
4.179478	3.0151648E-007
4.179728	3.1815324E-007
4.179977	3.3503414E-007
4.180227	3.5542436E-007
4.180478	3.7252974E-007
4.180727	3.8979968E-007
4.180977	4.1052164E-007
4.181227	4.2782773E-007
4.181478	4.4517898E-007
4.181727	4.6597680E-007
4.181977	4.8319993E-007
4.182227	5.0045918E-007
4.182477	5.2095800E-007
4.182727	5.3793354E-007
4.182977	5.5471213E-007
4.183227	5.7462876E-007
4.183477	5.9101359E-007
4.183727	6.0716053E-007
4.183977	6.2636735E-007
4.184227	6.4191073E-007
4.184477	6.5716711E-007
4.184727	6.7517340E-007
4.184977	6.8974242E-007
4.185227	7.0395743E-007
4.185477	7.2058015E-007
4.185727	7.3393886E-007
4.185977	7.4687500E-007
4.186227	7.6197114E-007
4.186477	7.7394668E-007
4.186727	7.8550335E-007
4.186976	7.9761645E-007
4.187227	8.0812276E-007
4.187477	8.1817456E-007
4.187726	8.2946309E-007
4.187976	8.3836227E-007
4.188227	8.4828116E-007
4.188477	8.5592319E-007
4.188726	8.6305573E-007
4.188976	8.6956948E-007
4.189226	8.7669611E-007
4.189476	8.8193070E-007
4.189726	8.8760856E-007
4.189976	8.9149512E-007
4.190226	8.9484826E-007
4.190476	8.9823311E-007
4.190726	9.0022144E-007
4.190976	9.0172097E-007
4.191226	9.0269350E-007
4.191476	9.0289456E-007
4.191726	9.0242264E-007
4.191976	9.0113025E-007
4.192226	8.9939761E-007
4.192476	8.9704525E-007
4.192726	8.9349601E-007
4.192976	8.8992806E-007
4.193226	8.8482363E-007
4.193476	8.8001985E-007
4.193726	8.7467629E-007
4.193976	8.6866248E-007
4.194226	8.6102960E-007
4.194476	8.5385642E-007
4.194726	8.4471662E-007
4.194976	8.3657000E-007
4.195226	8.2789876E-007
4.195476	8.1695089E-007
4.195725	8.0827789E-007
4.195975	7.9821081E-007
4.196226	7.8552290E-007
4.196476	7.7456252E-007
4.196725	7.6317946E-007
4.196975	7.4905756E-007
4.197226	7.3694360E-007
4.197475	7.2189448E-007
4.197725	7.0897823E-007
4.197975	6.9574349E-007
4.198225	6.7955682E-007
4.198475	6.6573330E-007
4.198725	6.5160049E-007
4.198975	6.3446100E-007
4.199225	6.1996894E-007
4.199475	6.0522581E-007
4.199725	5.8736777E-007
4.199975	5.7234161E-007
4.200225	5.5706226E-007
4.200475	5.3870571E-007
4.200725	5.2332268E-007
4.200975	5.0471903E-007
4.201225	4.8920299E-007
4.201475	4.7367166E-007
4.201725	4.5502912E-007
4.201975	4.3944092E-007
4.202225	4.2396394E-007
4.202475	4.0548105E-007
4.202725	3.9010024E-007
4.202975	3.7482681E-007
4.203225	3.5666633E-007
4.203475	3.4164236E-007
4.203724	3.2387743E-007
4.203975	3.0924846E-007
4.204225	2.9479125E-007
4.204474	2.7913356E-007
4.204724	2.6514613E-007
4.204975	2.5137692E-007
4.205225	2.3517076E-007
4.205474	2.2197480E-007
4.205724	2.0653208E-007
4.205974	1.9396475E-007
4.206224	1.8171318E-007
4.206474	1.6746975E-007
4.206724	1.5593646E-007
4.206974	1.4477504E-007
4.207224	1.3187676E-007
4.207474	1.2152006E-007
4.207724	1.1154651E-007
4.207974	1.0009847E-007
4.208224	9.1019501E-008
4.208474	8.0648405E-008
4.208724	7.2465191E-008
4.208974	6.4714307E-008
4.209224	5.5997482E-008
4.209474	4.9208953E-008
4.209724	4.2863409E-008
4.209974	3.5841971E-008
4.210224	3.0495656E-008
4.210474	2.4672584E-008
4.210724	2.0327739E-008
4.210974	1.6444794E-008
4.211224	1.2394731E-008
4.211473	9.5219344E-009
4.211724	7.1160322E-009
4.211974	4.8393614E-009
4.212224	3.4437320E-009
4.212473	2.3679083E-009
4.212723	1.9741093E-009
4.212974	2.0293935E-009
4.213223	2.6048865E-009
4.213473	3.5902830E-009
4.213723	5.0127036E-009
4.213974	7.2858772E-009
4.214223	9.6437480E-009
4.214473	1.2417046E-008
4.214723	1.6287583E-008
4.214973	1.9951981E-008
4.215223	2.4856327E-008
4.215473	2.9362445E-008
4.215723	3.4249481E-008
4.215973	4.0589800E-008
4.216223	4.6238554E-008
4.216473	5.3476917E-008
4.216723	5.9885693E-008
4.216973	6.6580284E-008
4.217223	7.5020758E-008
4.217473	8.2371550E-008
4.217723	9.0000654E-008
4.217973	9.9516754E-008
4.218223	1.0769000E-007
4.218473	1.1783121E-007
4.218723	1.2650976E-007
4.218973	1.3540263E-007
4.219223	1.4632899E-007
4.219472	1.5561611E-007
4.219723	1.6695896E-007
4.219973	1.7657162E-007
4.220222	1.8633270E-007
4.220472	1.9817256E-007
4.220723	2.0815703E-007
4.220973	2.2022394E-007
4.221222	2.3039124E-007
4.221472	2.4056533E-007
4.221722	2.5181438E-007
4.221972	2.6203759E-007
4.222222	2.7227941E-007
4.222472	2.8456506E-007
4.222722	2.9475260E-007
4.222972	3.0695938E-007
4.223222	3.1700912E-007
4.223472	3.2706859E-007
4.223722	3.3899073E-007
4.223972	3.4877465E-007
4.224222	3.6042331E-007
4.224472	3.6993316E-007
4.224722	3.7937386E-007
4.224972	3.9039483E-007
4.225222	3.9944996E-007
4.225472	4.1003804E-007
4.225722	4.1864340E-007
4.225972	4.2711767E-007
4.226222	4.3691747E-007
4.226472	4.4481737E-007
4.226722	4.5399659E-007
4.226972	4.6132209E-007
4.227221	4.6851690E-007
4.227472	4.7670099E-007
4.227722	4.8318549E-007
4.227972	4.9059264E-007
4.228221	4.9646673E-007
4.228471	5.0208274E-007
4.228722	5.0835285E-007
4.228971	5.1320285E-007
4.229221	5.1858461E-007
4.229471	5.2274424E-007
4.229722	5.2657356E-007
4.229971	5.3074541E-007
4.230221	5.3345838E-007
4.230471	5.3672403E-007
4.230721	5.3904029E-007
4.230971	5.4107477E-007
4.231221	5.4297061E-007
4.231471	5.4420360E-007
4.231721	5.4522559E-007
4.231971	5.4564066E-007
4.232221	5.4577112E-007
4.232471	5.4535906E-007
4.232721	5.4460378E-007
4.232971	5.4338022E-007
4.233221	5.4185779E-007
4.233471	5.4002948E-007
4.233721	5.3749454E-007
4.233971	5.3495739E-007
4.234221	5.3145914E-007
4.234471	5.2815244E-007
4.234721	5.2452981E-007
4.234971	5.1982909E-007
4.23522	5.1552246E-007
4.235471	5.0996766E-007
4.235721	5.0497061E-007
4.23597	4.9974869E-007
4.23622	4.9311984E-007
4.236471	4.8729339E-007
4.236721	4.7995314E-007
4.23697	4.7352032E-007
4.23722	4.6684659E-007
4.23747	4.5859238E-007
4.23772	4.5140970E-007
4.23797	4.4250191E-007
4.23822	4.3490184E-007
4.23847	4.2703306E-007
4.23872	4.1826104E-007
4.23897	4.1010321E-007
4.23922	4.0003263E-007
4.23947	3.9152215E-007
4.23972	3.8110673E-007
4.23997	3.7230751E-007
4.24022	3.6336920E-007
4.24047	3.5251236E-007
4.24072	3.4338134E-007
4.24097	3.3230347E-007
4.24122	3.2302736E-007
4.24147	3.1371266E-007
4.24172	3.0245042E-007
4.24197	2.9303877E-007
4.24222	2.8172803E-007
4.24247	2.7229009E-007
4.24272	2.6290024E-007
4.24297	2.5159520E-007
4.24322	2.4224096E-007
4.24347	2.3109686E-007
4.24372	2.2185928E-007
4.243969	2.1088208E-007
4.244219	2.0181450E-007
4.24447	1.9284812E-007
4.24472	1.8222556E-007
4.244969	1.7349755E-007
4.245219	1.6319849E-007
4.24547	1.5477210E-007
4.245719	1.4645413E-007
4.245969	1.3672954E-007
4.246219	1.2879946E-007
4.246469	1.1951984E-007
4.246719	1.1199609E-007
4.246969	1.0393192E-007
4.247219	9.6820898E-008
4.247469	8.9924789E-008
4.247719	8.1931312E-008
4.247969	7.5521172E-008
4.248219	6.8118460E-008
4.248469	6.2233106E-008
4.248719	5.6582827E-008
4.248969	5.0145434E-008
4.249219	4.5060716E-008
4.249469	3.9299046E-008
4.249719	3.4787263E-008
4.249969	2.9743157E-008
4.250219	2.5841102E-008
4.250469	2.1523309E-008
4.250719	1.8233798E-008
4.250968	1.5230034E-008
4.251219	1.2000239E-008
4.251469	9.6258486E-009
4.251719	7.1579733E-009
4.251968	5.4176681E-009
4.252219	3.9694887E-009
4.252469	2.6114886E-009
4.252718	1.7997964E-009
4.252968	1.2021587E-009
4.253218	1.0212767E-009
4.253469	1.1797340E-009
4.253718	1.6229584E-009
4.253968	2.3457793E-009
4.254218	3.5776324E-009
4.254468	4.9059743E-009
4.254718	6.8542678E-009
4.254968	8.7684757E-009
4.255218	1.1413042E-008
4.255468	1.3636516E-008
4.255718	1.6345792E-008
4.255968	1.9921478E-008
4.256218	2.3163400E-008
4.256468	2.7359857E-008
4.256718	3.1104637E-008
4.256968	3.5897887E-008
4.257218	4.0117715E-008
4.257468	4.4543953E-008
4.257718	5.0115002E-008
4.257968	5.4964151E-008
4.258218	6.1018788E-008
4.258468	6.6267027E-008
4.258718	7.2768771E-008
4.258968	7.8360316E-008
4.259218	8.4092427E-008
4.259468	9.1152124E-008
4.259717	9.7170421E-008
4.259967	1.0455324E-007
4.260218	1.1082279E-007
4.260468	1.1848110E-007
4.260717	1.2495522E-007
4.260967	1.3284266E-007
4.261218	1.3947339E-007
4.261467	1.4751015E-007
4.261717	1.5424773E-007
4.261967	1.6102364E-007
4.262217	1.6920262E-007
4.262467	1.7605002E-007
4.262717	1.8425233E-007
4.262967	1.9108985E-007
4.263217	1.9928851E-007
4.263467	2.0608111E-007
4.263717	2.1216357E-007
4.263967	2.2021101E-007
4.264217	2.2684438E-007
4.264467	2.3477502E-007
4.264717	2.4127246E-007
4.264967	2.4898301E-007
4.265217	2.5531628E-007
4.265467	2.6154365E-007
4.265717	2.6888887E-007
4.265967	2.7488230E-007
4.266217	2.8189899E-007
4.266467	2.8761431E-007
4.266716	2.9427372E-007
4.266967	2.9966284E-007
4.267217	3.0591161E-007
4.267467	3.1093572E-007
4.267716	3.1675606E-007
4.267967	3.2144945E-007
4.268217	3.2593294E-007
4.268466	3.3106721E-007
4.268716	3.3513450E-007
4.268966	3.3975016E-007
4.269217	3.4335380E-007
4.269466	3.4740111E-007
4.269716	3.5056516E-007
4.269966	3.5406870E-007
4.270216	3.5673025E-007
4.270466	3.5921786E-007
4.270716	3.6186412E-007
4.270966	3.6382065E-007
4.271216	3.6584044E-007
4.271466	3.6729455E-007
4.271716	3.6875625E-007
4.271966	3.6957667E-007
4.272216	3.7043256E-007
4.272466	3.7082745E-007
4.272716	3.7105721E-007
4.272966	3.7097880E-007
4.273216	3.7063921E-007
4.273466	3.6994510E-007
4.273716	3.6909327E-007
4.273966	3.6784147E-007
4.274216	3.6648291E-007
4.274466	3.6457178E-007
4.274716	3.6271774E-007
4.274966	3.6024329E-007
4.275216	3.5788099E-007
4.275465	3.5483643E-007
4.275715	3.5202905E-007
4.275966	3.4904741E-007
4.276216	3.4518351E-007
4.276465	3.4178876E-007
4.276715	3.3743973E-007
4.276966	3.3357367E-007
4.277215	3.2872003E-007
4.277465	3.2446422E-007
4.277715	3.1915513E-007
4.277965	3.1453510E-007
4.278215	3.0881000E-007
4.278465	3.0388031E-007
4.278715	2.9776888E-007
4.278965	2.9253397E-007
4.279215	2.8716525E-007
4.279465	2.8057863E-007
4.279715	2.7498291E-007
4.279965	2.6807353E-007
4.280215	2.6281623E-007
4.280465	2.5568650E-007
4.280715	2.4967383E-007
4.280965	2.4237033E-007
4.281215	2.3619094E-007
4.281465	2.2870930E-007
4.281715	2.2241895E-007
4.281965	2.1484304E-007
4.282215	2.0847102E-007
4.282465	2.0207501E-007
4.282715	1.9440937E-007
4.282965	1.8800078E-007
4.283215	1.8033165E-007
4.283464	1.7393016E-007
4.283715	1.6629835E-007
4.283965	1.5996687E-007
4.284214	1.5241361E-007
4.284464	1.4616380E-007
4.284714	1.3873806E-007
4.284965	1.3263146E-007
4.285214	1.2536290E-007
4.285464	1.1939318E-007
4.285714	1.1234861E-007
4.285964	1.0657824E-007
4.286214	1.0090560E-007
4.286464	9.4233407E-008
4.286714	8.8803638E-008
4.286964	8.2436948E-008
4.287214	7.7268076E-008
4.287464	7.1239434E-008
4.287714	6.6365871E-008
4.287964	6.0710938E-008
4.288214	5.6154093E-008
4.288464	5.1318302E-008
4.288714	4.7093941E-008
4.288964	4.2242540E-008
4.289214	3.8377475E-008
4.289464	3.3973027E-008
4.289714	3.0492068E-008
4.289964	2.6550904E-008
4.290214	2.3474158E-008
4.290464	2.0022995E-008
4.290714	1.7357022E-008
4.290964	1.4879472E-008
4.291214	1.2164952E-008
4.291463	1.0113321E-008
4.291714	7.9187439E-009
4.291964	6.3074701E-009
4.292213	4.6373612E-009
4.292463	3.4665797E-009
4.292714	2.3261471E-009
4.292964	1.5966507E-009
4.293213	9.8759567E-010
4.293463	6.9879691E-010
4.293713	6.1798394E-010
4.293963	7.6917178E-010
4.294213	1.2111517E-009
4.294463	1.7946262E-009
4.294713	2.7504818E-009
4.294963	3.7587555E-009
4.295213	5.2169713E-009
4.295463	6.6378831E-009
4.295713	8.5847764E-009
4.295963	1.0402286E-008
4.296213	1.2819636E-008
4.296463	1.5022765E-008
4.296713	1.7640495E-008
4.296963	2.0196186E-008
4.297213	2.2909211E-008
4.297463	2.6368699E-008
4.297713	2.9424227E-008
4.297963	3.3275583E-008
4.298213	3.6640593E-008
4.298463	4.0857756E-008
4.298713	4.4508287E-008
4.298963	4.9059260E-008
4.299212	5.2984475E-008
4.299463	5.7835376E-008
4.299713	6.1992544E-008
4.299963	6.7112495E-008
4.300212	7.1479910E-008
4.300462	7.6821202E-008
4.300713	8.1366593E-008
4.300962	8.6924935E-008
4.301212	9.1616421E-008
4.301462	9.7326769E-008
4.301713	1.0214151E-007
4.301962	1.0796574E-007
4.302212	1.1286621E-007
4.302462	1.1877707E-007
4.302712	1.2372996E-007
4.302962	1.2970177E-007
4.303212	1.3466727E-007
4.303462	1.4064889E-007
4.303712	1.4561839E-007
4.303962	1.5158889E-007
4.304212	1.5650214E-007
4.304462	1.6237914E-007
4.304712	1.6674136E-007
4.304962	1.7252155E-007
4.305212	1.7727459E-007
4.305462	1.8291189E-007
4.305712	1.8753690E-007
4.305962	1.9300752E-007
4.306212	1.9748157E-007
4.306462	2.0274148E-007
4.306712	2.0703082E-007
4.306962	2.1207271E-007
4.307211	2.1613769E-007
4.307462	2.2090359E-007
4.307712	2.2473775E-007
4.307961	2.2920803E-007
4.308211	2.3278180E-007
4.308462	2.3691203E-007
4.308712	2.4020585E-007
4.308961	2.4401021E-007
4.309211	2.4700424E-007
4.309461	2.5044031E-007
4.309711	2.5313435E-007
4.309961	2.5616248E-007
4.310211	2.5850915E-007
4.310461	2.6115069E-007
4.310711	2.6314851E-007
4.310961	2.6536836E-007
4.311211	2.6701125E-007
4.311461	2.6876367E-007
4.311711	2.7006143E-007
4.311961	2.7141027E-007
4.312211	2.7233983E-007
4.312461	2.7322324E-007
4.312711	2.7370007E-007
4.312961	2.7416900E-007
4.313211	2.7434339E-007
4.313461	2.7434015E-007
4.313711	2.7415544E-007
4.313961	2.7370109E-007
4.314211	2.7313769E-007
4.314461	2.7222123E-007
4.314711	2.7131361E-007
4.31496	2.6998126E-007
4.315211	2.6866800E-007
4.315461	2.6690174E-007
4.315711	2.6523884E-007
4.31596	2.6306614E-007
4.316211	2.6108304E-007
4.316461	2.5847342E-007
4.31671	2.5615563E-007
4.31696	2.5319491E-007
4.31721	2.5054547E-007
4.317461	2.4722402E-007
4.31771	2.4429804E-007
4.31796	2.4061043E-007
4.31821	2.3739918E-007
4.31846	2.3338711E-007
4.31871	2.2990162E-007
4.31896	2.2560904E-007
4.31921	2.2187359E-007
4.31946	2.1731003E-007
4.31971	2.1338873E-007
4.31996	2.0855946E-007
4.32021	2.0444631E-007
4.32046	1.9939628E-007
4.32071	1.9555911E-007
4.32096	1.9035396E-007
4.32121	1.8503918E-007
4.32146	1.8055363E-007
4.32171	1.7511680E-007
4.32196	1.7053270E-007
4.32221	1.6498515E-007
4.32246	1.6032412E-007
4.32271	1.5471075E-007
4.32296	1.5000056E-007
4.32321	1.4436321E-007
4.32346	1.3963327E-007
4.323709	1.3397003E-007
4.323959	1.2924720E-007
4.32421	1.2361443E-007
4.32446	1.1895334E-007
4.324709	1.1337399E-007
4.324959	1.0874897E-007
4.32521	1.0326497E-007
4.325459	9.8733153E-008
4.325709	9.3365671E-008
4.325959	8.8954124E-008
4.326209	8.3734591E-008
4.326459	7.9459561E-008
4.326709	7.4419866E-008
4.326959	7.0306676E-008
4.327209	6.5474005E-008
4.327459	6.0775115E-008
4.327709	5.6955226E-008
4.327959	5.2496137E-008
4.328209	4.8893330E-008
4.328459	4.4708202E-008
4.328709	4.1671846E-008
4.328959	3.7770086E-008
4.329209	3.4645080E-008
4.329459	3.1051989E-008
4.329709	2.8193877E-008
4.329959	2.4935030E-008
4.330209	2.2362046E-008
4.330459	1.9449395E-008
4.330709	1.7175411E-008
4.330959	1.4622188E-008
4.331209	1.2653355E-008
4.331459	1.0477965E-008
4.331708	8.8201872E-009
4.331959	7.0276518E-009
4.332209	5.6959126E-009
4.332458	4.2939989E-009
4.332708	3.2886092E-009
4.332958	2.2804354E-009
4.333209	1.4891646E-009
4.333458	9.9530895E-010
4.333708	6.0213728E-010
4.333958	4.3954981E-010
4.334208	4.4148682E-010
4.334458	6.0802180E-010
4.334708	1.0043609E-009
4.334958	1.4959188E-009
4.335208	2.2790363E-009
4.335458	3.0907286E-009
4.335708	4.2524486E-009
4.335958	5.3727507E-009
4.336208	6.9038735E-009
4.336458	8.3274987E-009
4.336708	1.0050643E-008
4.336958	1.2108734E-008
4.337208	1.3966963E-008
4.337458	1.6357287E-008
4.337708	1.8486976E-008
4.337958	2.1197616E-008
4.338208	2.3578046E-008
4.338458	2.6587767E-008
4.338708	2.9207929E-008
4.338958	3.2489570E-008
4.339208	3.5326316E-008
4.339458	3.8860975E-008
4.339707	4.1908681E-008
4.339958	4.5678323E-008
4.340208	4.9559400E-008
4.340457	5.2877382E-008
4.340707	5.6950046E-008
4.340958	6.0414941E-008
4.341208	6.4659460E-008
4.341457	6.8250372E-008
4.341707	7.2630023E-008
4.341957	7.6326920E-008
4.342207	8.0796177E-008
4.342457	8.4579668E-008
4.342707	8.9157268E-008
4.342957	9.3750707E-008
4.343207	9.7604456E-008
4.343457	1.0224949E-007
4.343707	1.0611438E-007
4.343957	1.1076983E-007
4.344207	1.1463229E-007
4.344457	1.1887546E-007
4.344707	1.2270498E-007
4.344957	1.2728677E-007
4.345207	1.3106805E-007
4.345457	1.3558825E-007
4.345707	1.3930651E-007
4.345957	1.4370849E-007
4.346207	1.4804715E-007
4.346457	1.5159492E-007
4.346707	1.5578627E-007
4.346957	1.5922609E-007
4.347207	1.6323426E-007
4.347456	1.6651535E-007
4.347707	1.7034631E-007
4.347957	1.7346683E-007
4.348207	1.7709331E-007
4.348456	1.8057412E-007
4.348706	1.8338442E-007
4.348957	1.8662777E-007
4.349206	1.8922476E-007
4.349456	1.9220413E-007
4.349706	1.9457127E-007
4.349957	1.9725292E-007
4.350206	1.9936928E-007
4.350456	2.0176132E-007
4.350706	2.0363413E-007
4.350956	2.0573526E-007
4.351206	2.0767546E-007
4.351456	2.0912104E-007
4.351706	2.1070137E-007
4.351956	2.1188349E-007
4.352206	2.1300956E-007
4.352456	2.1392142E-007
4.352706	2.1483861E-007
4.352956	2.1556247E-007
4.353206	2.1604211E-007
4.353456	2.1642040E-007
4.353706	2.1659910E-007
4.353956	2.1662254E-007
4.354206	2.1650236E-007
4.354456	2.1618304E-007
4.354706	2.1577034E-007
4.354956	2.1508744E-007
4.355206	2.1424343E-007
4.355455	2.1337755E-007
4.355706	2.1219608E-007
4.355956	2.1105073E-007
4.356205	2.0953699E-007
4.356455	2.0810741E-007
4.356706	2.0627377E-007
4.356956	2.0462751E-007
4.357205	2.0247305E-007
4.357455	2.0055604E-007
4.357705	1.9811652E-007
4.357955	1.9549678E-007
4.358205	1.9321446E-007
4.358455	1.9032743E-007
4.358705	1.8782529E-007
4.358955	1.8469663E-007
4.359205	1.8143581E-007
4.359455	1.7865555E-007
4.359705	1.7517006E-007
4.359955	1.7248286E-007
4.360205	1.6879510E-007
4.360455	1.6565491E-007
4.360705	1.6179220E-007
4.360955	1.5850368E-007
4.361205	1.5448248E-007
4.361455	1.5039029E-007
4.361705	1.4692476E-007
4.361955	1.4272946E-007
4.362205	1.3916032E-007
4.362455	1.3485067E-007
4.362705	1.3121691E-007
4.362955	1.2683775E-007
4.363204	1.2240805E-007
4.363455	1.1872017E-007
4.363705	1.1426435E-007
4.363955	1.1055580E-007
4.364204	1.0611068E-007
4.364454	1.0239378E-007
4.364705	9.7960587E-008
4.364954	9.4271506E-008
4.365204	8.9883244E-008
4.365454	8.5523801E-008
4.365705	8.1917264E-008
4.365954	7.7639875E-008
4.366204	7.4124998E-008
4.366454	6.9949053E-008
4.366704	6.6516876E-008
4.366954	6.2479145E-008
4.367204	5.8509059E-008
4.367454	5.5271776E-008
4.367704	5.1785197E-008
4.367954	4.8679770E-008
4.368204	4.5057973E-008
4.368454	4.1539447E-008
4.368704	3.8693592E-008
4.368954	3.5391242E-008
4.369204	3.2730004E-008
4.369454	2.9650467E-008
4.369704	2.7188445E-008
4.369954	2.4359160E-008
4.370204	2.1674911E-008
4.370454	1.9545853E-008
4.370704	1.7122696E-008
4.370954	1.5224371E-008
4.371203	1.3085911E-008
4.371454	1.1422172E-008
4.371704	9.5757526E-009
4.371953	7.8899713E-009
4.372203	6.6124177E-009
4.372454	5.2319513E-009
4.372704	4.2091024E-009
4.372953	3.1375149E-009
4.373203	2.2371422E-009
4.373453	1.6172462E-009
4.373703	1.0330794E-009
4.373953	6.7805977E-010
4.374203	4.0960690E-010
4.374453	3.1803479E-010
4.374703	3.6601050E-010
4.374953	5.8519106E-010
4.375203	8.9826147E-010
4.375453	1.3782933E-009
4.375703	1.9374706E-009
4.375953	2.7595162E-009
4.376203	3.7471475E-009
4.376453	4.6937032E-009
4.376703	5.9760077E-009
4.376953	7.1641231E-009
4.377203	8.7341139E-009
4.377453	1.0154387E-008
4.377703	1.1998649E-008
4.377953	1.3981055E-008
4.378203	1.5744618E-008
4.378453	1.7984684E-008
4.378703	1.9955184E-008
4.378953	2.2434719E-008
4.379203	2.5033351E-008
4.379453	2.7296558E-008
4.379703	3.0113604E-008
4.379952	3.2542541E-008
4.380202	3.5555029E-008
4.380453	3.8143856E-008
4.380702	4.1325766E-008
4.380952	4.4602292E-008
4.381202	4.7393293E-008
4.381453	5.0816432E-008
4.381702	5.3722083E-008
4.381952	5.7262739E-008
4.382202	6.0863783E-008
4.382452	6.3907081E-008
4.382702	6.7601000E-008
4.382952	7.0706903E-008
4.383202	7.4140246E-008
4.383452	7.7929094E-008
4.383702	8.1087414E-008
4.383952	8.4908564E-008
4.384202	8.8106397E-008
4.384452	9.1926964E-008
4.384702	9.5741818E-008
4.384952	9.8917781E-008
4.385202	1.0271143E-007
4.385452	1.0586290E-007
4.385702	1.0960706E-007
4.385952	1.1330133E-007
4.386202	1.1636144E-007
4.386452	1.1998651E-007
4.386702	1.2297032E-007
4.386951	1.2649879E-007
4.387202	1.2994184E-007
4.387452	1.3277869E-007
4.387702	1.3610918E-007
4.387951	1.3880540E-007
4.388202	1.4195888E-007
4.388452	1.4504656E-007
4.388701	1.4752443E-007
4.388951	1.5041550E-007
4.389201	1.5274115E-007
4.389452	1.5541958E-007
4.389701	1.5801072E-007
4.389951	1.6005470E-007
4.390201	1.6241376E-007
4.390451	1.6426876E-007
4.390701	1.6621611E-007
4.390951	1.6820940E-007
4.391201	1.6977741E-007
4.391451	1.7151164E-007
4.391701	1.7284306E-007
4.391951	1.7431385E-007
4.392201	1.7563943E-007
4.392451	1.7664321E-007
4.392701	1.7769487E-007
4.392951	1.7845773E-007
4.393201	1.7921435E-007
4.393451	1.7984301E-007
4.393701	1.8023890E-007
4.393951	1.8058392E-007
4.394201	1.8073064E-007
4.394451	1.8077131E-007
4.394701	1.8065813E-007
4.394951	1.8044420E-007
4.395201	1.8006894E-007
4.395451	1.7959854E-007
4.3957	1.7891368E-007
4.39595	1.7807723E-007
4.396201	1.7726917E-007
4.396451	1.7617401E-007
4.3967	1.7492903E-007
4.39695	1.7376036E-007
4.397201	1.7224870E-007
4.39745	1.7085300E-007
4.3977	1.6910201E-007
4.39795	1.6717996E-007
4.3982	1.6549980E-007
4.39845	1.6353154E-007
4.3987	1.6163712E-007
4.39895	1.5930277E-007
4.3992	1.5683342E-007
4.39945	1.5468464E-007
4.3997	1.5199481E-007
4.39995	1.4921555E-007
4.4002	1.4681548E-007
4.40045	1.4387143E-007
4.4007	1.4131554E-007
4.40095	1.3819340E-007
4.4012	1.3501409E-007
4.40145	1.3227518E-007
4.4017	1.2894722E-007
4.40195	1.2554696E-007
4.4022	1.2267765E-007
4.40245	1.1918653E-007
4.402699	1.1623425E-007
4.40295	1.1265345E-007
4.4032	1.0903053E-007
4.40345	1.0599084E-007
4.403699	1.0233799E-007
4.40395	9.9266316E-008
4.4042	9.5571110E-008
4.404449	9.1864244E-008
4.404699	8.8781569E-008
4.404949	8.5092644E-008
4.4052	8.2015170E-008
4.405449	7.8343618E-008
4.405699	7.4694114E-008
4.405949	7.1978086E-008
4.406199	6.8380835E-008
4.406449	6.4814401E-008
4.406699	6.1885871E-008
4.406949	5.8410649E-008
4.407199	5.5562108E-008
4.407449	5.2199272E-008
4.407699	4.8900041E-008
4.407949	4.6196043E-008
4.408199	4.3037904E-008
4.408449	3.9954038E-008
4.408699	3.7440348E-008
4.408949	3.4518820E-008
4.409199	3.1688749E-008
4.409449	2.9404934E-008
4.409699	2.6754497E-008
4.409949	2.4630245E-008
4.410199	2.2178861E-008
4.410449	1.9848203E-008
4.410699	1.7994124E-008
4.410949	1.5874745E-008
4.411199	1.3882509E-008
4.411448	1.2321194E-008
4.411698	1.0564043E-008
4.411949	8.9371772E-009
4.412199	7.6840827E-009
4.412448	6.3048562E-009
4.412698	5.2635110E-009
4.412949	4.1378430E-009
4.413198	3.1543266E-009
4.413448	2.5112463E-009
4.413698	1.7781135E-009
4.413948	1.2763773E-009
4.414198	8.0771545E-010
4.414448	4.8348814E-010
4.414698	3.2436062E-010
4.414948	2.6603475E-010
4.415198	3.5242093E-010
4.415448	5.3448562E-010
4.415698	8.8388730E-010
4.415948	1.3765569E-009
4.416198	1.8952777E-009
4.416448	2.6445042E-009
4.416698	3.3750689E-009
4.416948	4.3774020E-009
4.417198	5.5141478E-009
4.417448	6.5640955E-009
4.417698	7.9411908E-009
4.417948	9.4461416E-009
4.418198	1.0795286E-008
4.418447	1.2527826E-008
4.418698	1.4378583E-008
4.418948	1.6005906E-008
4.419198	1.8066363E-008
4.419447	1.9865542E-008
4.419698	2.2118822E-008
4.419948	2.4472426E-008
4.420197	2.6505921E-008
4.420447	2.9038265E-008
4.420697	3.1649034E-008
4.420948	3.3662491E-008
4.421197	3.6425124E-008
4.421447	3.9257621E-008
4.421697	4.1664681E-008
4.421947	4.4628635E-008
4.422197	4.7645543E-008
4.422447	5.0198000E-008
4.422697	5.3311176E-008
4.422947	5.6470821E-008
4.423197	5.9131239E-008
4.423447	6.2349010E-008
4.423697	6.5066203E-008
4.423947	6.8331566E-008
4.424197	7.1618004E-008
4.424447	7.4370028E-008
4.424697	7.7681939E-008
4.424947	8.0985274E-008
4.425197	8.3735507E-008
4.425447	8.7051077E-008
4.425697	9.0326964E-008
4.425947	9.3039105E-008
4.426197	9.6291416E-008
4.426447	9.9501293E-008
4.426697	1.0213530E-007
4.426947	1.0528394E-007
4.427197	1.0838047E-007
4.427446	1.1091376E-007
4.427697	1.1390458E-007
4.427947	1.1636010E-007
4.428196	1.1901538E-007
4.428446	1.2182885E-007
4.428697	1.2411118E-007
4.428946	1.2679280E-007
4.429196	1.2939270E-007
4.429446	1.3147863E-007
4.429696	1.3390640E-007
4.429946	1.3623864E-007
4.430196	1.3811326E-007
4.430446	1.4027255E-007
4.430696	1.4231547E-007
4.430946	1.4394919E-007
4.431196	1.4579294E-007
4.431446	1.4751140E-007
4.431696	1.4887212E-007
4.431946	1.5038384E-007
4.432196	1.5176997E-007
4.432446	1.5283069E-007
4.432696	1.5399021E-007
4.432946	1.5503053E-007
4.433196	1.5578237E-007
4.433446	1.5657190E-007
4.433696	1.5725564E-007
4.433946	1.5769560E-007
4.434196	1.5812064E-007
4.434446	1.5835371E-007
4.434696	1.5852028E-007
4.434946	1.5856345E-007
4.435195	1.5848873E-007
4.435446	1.5826453E-007
4.435696	1.5795715E-007
4.435946	1.5757398E-007
4.436195	1.5699210E-007
4.436446	1.5627948E-007
4.436696	1.5561311E-007
4.436945	1.5465285E-007
4.437195	1.5358232E-007
4.437445	1.5237585E-007
4.437696	1.5128438E-007
4.437945	1.4985399E-007
4.438195	1.4856433E-007
4.438445	1.4693354E-007
4.438695	1.4517289E-007
4.438945	1.4362294E-007
4.439195	1.4166949E-007
4.439445	1.3961440E-007
4.439695	1.3781147E-007
4.439945	1.3557870E-007
4.440195	1.3324710E-007
4.440445	1.3123351E-007
4.440695	1.2872670E-007
4.440945	1.2614868E-007
4.441195	1.2393741E-007
4.441445	1.2121625E-007
4.441695	1.1843295E-007
4.441945	1.1604973E-007
4.442195	1.1313936E-007
4.442445	1.1021101E-007
4.442695	1.0769337E-007
4.442945	1.0489227E-007
4.443195	1.0181088E-007
4.443445	9.9209736E-008
4.443695	9.6052460E-008
4.443944	9.2889721E-008
4.444194	8.9689131E-008
4.444445	8.7002874E-008
4.444695	8.3774886E-008
4.444944	8.1090278E-008
4.445194	7.7860200E-008
4.445445	7.4627430E-008
4.445694	7.1945479E-008
4.445944	6.8743923E-008
4.446194	6.5552257E-008
4.446444	6.2393177E-008
4.446694	5.9774834E-008
4.446944	5.6669695E-008
4.447194	5.3599845E-008
4.447444	5.1078413E-008
4.447694	4.8088744E-008
4.447944	4.5161958E-008
4.448194	4.2765514E-008
4.448444	3.9938037E-008
4.448694	3.7189434E-008
4.448944	3.4945948E-008
4.449194	3.2322784E-008
4.449444	2.9781376E-008
4.449694	2.7722335E-008
4.449944	2.5331145E-008
4.450194	2.3036986E-008
4.450444	2.1370273E-008
4.450694	1.9235964E-008
4.450943	1.7203194E-008
4.451194	1.5585501E-008
4.451444	1.3742912E-008
4.451694	1.2010561E-008
4.451943	1.0649417E-008
4.452194	9.1197334E-009
4.452444	7.7057685E-009
4.452693	6.6181038E-009
4.452943	5.4215139E-009
4.453193	4.3460053E-009
4.453444	3.3941088E-009
4.453693	2.6944047E-009
4.453943	1.9702340E-009
4.454193	1.3716538E-009
4.454443	9.6946140E-010
4.454693	6.0437821E-010
4.454943	3.6627551E-010
4.455193	2.6565408E-010
4.455443	2.6220684E-010
4.455693	3.8618547E-010
4.455943	5.8682442E-010
4.456193	9.4352748E-010
4.456443	1.4260592E-009
4.456693	2.0329634E-009
4.456943	2.6326588E-009
4.457193	3.4650105E-009
4.457443	4.2504347E-009
4.457693	5.2110312E-009
4.457943	6.3714061E-009
4.458193	7.6458990E-009
4.458443	8.7938830E-009
4.458693	1.0272415E-008
4.458943	1.1860652E-008
4.459193	1.3265845E-008
4.459443	1.5042104E-008
4.459692	1.6921664E-008
4.459942	1.8558199E-008
4.460193	2.0611619E-008
4.460443	2.2754239E-008
4.460692	2.4601686E-008
4.460942	2.6900326E-008
4.461193	2.9268216E-008
4.461442	3.1721139E-008
4.461692	3.3816615E-008
4.461942	3.6383529E-008
4.462192	3.9023341E-008
4.462442	4.1262094E-008
4.462692	4.3998551E-008
4.462942	4.6785470E-008
4.463192	4.9142695E-008
4.463442	5.2004260E-008
4.463692	5.4910615E-008
4.463942	5.7833493E-008
4.464192	6.0297452E-008
4.464442	6.3264658E-008
4.464692	6.6252490E-008
4.464942	6.8499070E-008
4.465192	7.1496004E-008
4.465442	7.4501493E-008
4.465692	7.7009695E-008
4.465942	8.0006487E-008
4.466192	8.2990034E-008
4.466442	8.5952664E-008
4.466691	8.8401698E-008
4.466942	9.1321333E-008
4.467192	9.4209071E-008
4.467442	9.6587016E-008
4.467691	9.9388863E-008
4.467942	1.0216890E-007
4.468192	1.0443050E-007
4.468441	1.0711102E-007
4.468691	1.0972616E-007
4.468941	1.1228636E-007
4.469192	1.1437483E-007
4.469441	1.1679351E-007
4.469691	1.1915370E-007
4.469941	1.2104702E-007
4.470191	1.2326207E-007
4.470441	1.2539009E-007
4.470691	1.2708222E-007
4.470941	1.2904574E-007
4.471191	1.3089593E-007
4.471441	1.3266788E-007
4.471691	1.3405210E-007
4.471941	1.3564063E-007
4.472191	1.3700773E-007
4.472441	1.3815017E-007
4.472691	1.3943853E-007
4.472941	1.4060703E-007
4.473191	1.4166028E-007
4.473441	1.4244266E-007
4.473691	1.4329386E-007
4.473941	1.4401547E-007
4.474191	1.4453973E-007
4.474441	1.4504288E-007
4.474691	1.4543886E-007
4.474941	1.4566847E-007
4.475191	1.4582891E-007
4.475441	1.4586631E-007
4.47569	1.4579363E-007
4.475941	1.4562345E-007
4.476191	1.4532601E-007
4.47644	1.4489133E-007
4.47669	1.4445682E-007
4.476941	1.4381772E-007
4.47719	1.4305500E-007
4.47744	1.4218192E-007
4.47769	1.4134370E-007
4.47794	1.4026368E-007
4.47819	1.3906515E-007
4.47844	1.3777112E-007
4.47869	1.3659736E-007
4.47894	1.3508983E-007
4.47919	1.3362224E-007
4.47944	1.3219866E-007
4.47969	1.3042887E-007
4.47994	1.2854957E-007
4.48019	1.2657654E-007
4.48044	1.2488060E-007
4.48069	1.2274238E-007
4.48094	1.2054691E-007
4.48119	1.1863475E-007
4.48144	1.1627974E-007
4.48169	1.1386395E-007
4.48194	1.1137877E-007
4.48219	1.0924956E-007
4.48244	1.0664127E-007
4.48269	1.0399339E-007
4.48294	1.0174016E-007
4.48319	9.8984273E-008
4.483439	9.6197446E-008
4.48369	9.3371497E-008
4.48394	9.0995691E-008
4.48419	8.8110262E-008
4.484439	8.5197883E-008
4.484689	8.2763179E-008
4.48494	7.9821028E-008
4.485189	7.6873604E-008
4.485439	7.3914620E-008
4.485689	7.1444731E-008
4.48594	6.8488355E-008
4.486189	6.5542210E-008
4.486439	6.2853985E-008
4.486689	6.0421840E-008
4.486939	5.7525231E-008
4.487189	5.4648158E-008
4.487439	5.2278008E-008
4.487689	4.9466408E-008
4.487939	4.6689188E-008
4.488189	4.3957854E-008
4.488439	4.1718341E-008
4.488689	3.9083361E-008
4.488939	3.6497873E-008
4.489189	3.4397399E-008
4.489439	3.1929922E-008
4.489689	2.9529584E-008
4.489939	2.7202828E-008
4.490189	2.4948827E-008
4.490439	2.3134129E-008
4.490689	2.1028786E-008
4.490939	1.9013097E-008
4.491189	1.7396157E-008
4.491438	1.5544817E-008
4.491689	1.3787192E-008
4.491939	1.2125605E-008
4.492188	1.0817556E-008
4.492438	9.3410089E-009
4.492689	7.9703728E-009
4.492939	6.9098354E-009
4.493188	5.7357963E-009
4.493438	4.7548201E-009
4.493688	3.7938368E-009
4.493938	2.9447704E-009
4.494188	2.3250513E-009
4.494438	1.6871448E-009
4.494688	1.1653170E-009
4.494938	8.1998769E-010
4.495188	5.1341231E-010
4.495438	3.2489614E-010
4.495688	2.5368194E-010
4.495938	2.8528810E-010
4.496188	4.3167941E-010
4.496438	6.9540584E-010
4.496688	1.0764227E-009
4.496938	1.4822940E-009
4.497188	2.0764701E-009
4.497438	2.7852318E-009
4.497688	3.6071957E-009
4.497938	4.3768833E-009
4.498188	5.4028999E-009
4.498438	6.5371726E-009
4.498688	7.5640179E-009
4.498938	8.8918304E-009
4.499187	1.0325084E-008
4.499438	1.1853544E-008
4.499688	1.3207150E-008
4.499938	1.4913356E-008
4.500187	1.6718909E-008
4.500437	1.8606011E-008
4.500688	2.0080332E-008
4.500937	2.2116051E-008
4.501187	2.4241526E-008
4.501437	2.6433950E-008
4.501688	2.8323175E-008
4.501937	3.0646603E-008
4.502187	3.3040788E-008
4.502437	3.5495290E-008
4.502687	3.7585909E-008
4.502937	4.0141629E-008
4.503187	4.2750766E-008
4.503437	4.5403532E-008
4.503687	4.7646100E-008
4.503937	5.0372009E-008
4.504187	5.3134769E-008
4.504437	5.5922147E-008
4.504687	5.8262856E-008
4.504937	6.1089793E-008
4.505187	6.3938742E-008
4.505437	6.6780323E-008
4.505687	6.9168486E-008
4.505937	7.2025522E-008
4.506187	7.4886628E-008
4.506437	7.7734668E-008
4.506687	8.0098324E-008
4.506937	8.2919797E-008
4.507186	8.5726022E-008
4.507437	8.8501096E-008
4.507687	9.0562963E-008
4.507936	9.3284470E-008
4.508186	9.5978322E-008
4.508437	9.8614400E-008
4.508687	1.0077432E-007
4.508936	1.0333488E-007
4.509186	1.0583357E-007
4.509436	1.0826569E-007
4.509686	1.1025119E-007
4.509936	1.1256690E-007
4.510186	1.1481947E-007
4.510436	1.1699819E-007
4.510686	1.1874923E-007
4.510936	1.2079619E-007
4.511186	1.2275507E-007
4.511436	1.2461528E-007
4.511686	1.2610128E-007
4.511936	1.2780500E-007
4.512186	1.2938618E-007
4.512436	1.3090836E-007
4.512686	1.3207965E-007
4.512936	1.3341500E-007
4.513186	1.3461145E-007
4.513436	1.3574102E-007
4.513686	1.3674386E-007
4.513936	1.3750832E-007
4.514186	1.3830777E-007
4.514436	1.3900757E-007
4.514686	1.3953756E-007
4.514935	1.3993974E-007
4.515186	1.4031761E-007
4.515436	1.4058877E-007
4.515686	1.4073542E-007
4.515935	1.4078148E-007
4.516185	1.4070787E-007
4.516436	1.4053580E-007
4.516685	1.4024157E-007
4.516935	1.3991975E-007
4.517185	1.3941820E-007
4.517436	1.3881002E-007
4.517685	1.3807937E-007
4.517935	1.3739087E-007
4.518185	1.3645769E-007
4.518435	1.3542677E-007
4.518685	1.3427875E-007
4.518935	1.3324853E-007
4.519185	1.3190703E-007
4.519435	1.3047257E-007
4.519685	1.2894655E-007
4.519935	1.2733470E-007
4.520185	1.2589582E-007
4.520435	1.2410648E-007
4.520685	1.2221071E-007
4.520935	1.2025600E-007
4.521185	1.1819346E-007
4.521435	1.1642583E-007
4.521685	1.1441369E-007
4.521935	1.1216321E-007
4.522185	1.0983373E-007
4.522435	1.0785066E-007
4.522685	1.0540587E-007
4.522934	1.0292342E-007
4.523185	1.0037489E-007
4.523435	9.8214123E-008
4.523685	9.5580809E-008
4.523934	9.2897125E-008
4.524185	9.0197638E-008
4.524435	8.7444818E-008
4.524684	8.5137138E-008
4.524934	8.2346119E-008
4.525184	7.9535639E-008
4.525434	7.6709952E-008
4.525684	7.4345465E-008
4.525934	7.1505241E-008
4.526184	6.8668925E-008
4.526434	6.5831109E-008
4.526684	6.3468150E-008
4.526934	6.0648063E-008
4.527184	5.7849498E-008
4.527434	5.5058138E-008
4.527684	5.2303143E-008
4.527934	5.0032277E-008
4.528184	4.7328676E-008
4.528434	4.4665761E-008
4.528684	4.2259892E-008
4.528934	4.0114969E-008
4.529184	3.7579593E-008
4.529434	3.5098481E-008
4.529684	3.2673103E-008
4.529934	3.0312496E-008
4.530184	2.8393377E-008
4.530434	2.6157272E-008
4.530684	2.3989770E-008
4.530934	2.1904567E-008
4.531184	1.9894058E-008
4.531434	1.8280922E-008
4.531683	1.6426959E-008
4.531933	1.4657625E-008
4.532184	1.2984605E-008
4.532434	1.1659357E-008
4.532683	1.0156624E-008
4.532933	8.7557348E-009
4.533184	7.4540596E-009
4.533433	6.2551728E-009
4.533683	5.3373053E-009
4.533933	4.3314303E-009
4.534183	3.4369776E-009
4.534433	2.6493843E-009
4.534683	2.0786199E-009
4.534933	1.4965399E-009
4.535183	1.0262526E-009
4.535433	6.9589540E-010
4.535683	4.4474177E-010
4.535933	3.2284472E-010
4.536183	2.8193098E-010
4.536433	3.5587944E-010
4.536683	5.4439381E-010
4.536933	8.4795393E-010
4.537183	1.1873006E-009
4.537433	1.6995019E-009
4.537683	2.3228852E-009
4.537933	3.0605516E-009
4.538183	3.7578185E-009
4.538433	4.6942032E-009
4.538682	5.7403970E-009
4.538933	6.8899655E-009
4.539183	8.1472509E-009
4.539433	9.2713552E-009
4.539682	1.0711443E-008
4.539933	1.2252547E-008
4.540183	1.3888817E-008
4.540432	1.5617813E-008
4.540682	1.7126542E-008
4.540932	1.9018461E-008
4.541183	2.0996236E-008
4.541432	2.3056558E-008
4.541682	2.5191738E-008
4.541932	2.7028834E-008
4.542182	2.9300054E-008
4.542432	3.1443651E-008
4.542682	3.3836976E-008
4.542932	3.6302616E-008
4.543182	3.8390308E-008
4.543432	4.0954916E-008
4.543682	4.3566438E-008
4.543932	4.6218897E-008
4.544182	4.8920000E-008
4.544432	5.1194519E-008
4.544682	5.3951410E-008
4.544932	5.6744959E-008
4.545182	5.9555113E-008
4.545432	6.2387414E-008
4.545682	6.4754275E-008
4.545932	6.7614181E-008
4.546182	7.0480318E-008
4.546432	7.3341070E-008
4.546682	7.6203335E-008
4.546932	7.8579220E-008
4.547182	8.1414804E-008
4.547431	8.4254076E-008
4.547682	8.7066852E-008
4.547932	8.9855277E-008
4.548182	9.2148532E-008
4.548431	9.4868064E-008
4.548681	9.7567515E-008
4.548932	1.0020754E-007
4.549181	1.0258999E-007
4.549431	1.0473119E-007
4.549681	1.0722789E-007
4.549932	1.0968765E-007
4.550181	1.1207655E-007
4.550431	1.1440556E-007
4.550681	1.1630006E-007
4.550931	1.1848581E-007
4.551181	1.2062108E-007
4.551431	1.2264870E-007
4.551681	1.2461372E-007
4.551931	1.2649218E-007
4.552181	1.2798672E-007
4.552431	1.2969112E-007
4.552681	1.3130497E-007
4.552931	1.3283059E-007
4.553181	1.3425647E-007
4.553431	1.3535320E-007
4.553681	1.3658334E-007
4.553931	1.3773220E-007
4.554181	1.3875967E-007
4.554431	1.3966878E-007
4.554681	1.4048045E-007
4.554931	1.4105444E-007
4.555181	1.4166059E-007
4.55543	1.4214372E-007
4.555681	1.4252163E-007
4.555931	1.4275552E-007
4.55618	1.4289036E-007
4.55643	1.4293478E-007
4.556681	1.4290512E-007
4.556931	1.4273810E-007
4.55718	1.4242585E-007
4.55743	1.4210815E-007
4.55768	1.4160810E-007
4.55793	1.4101116E-007
4.55818	1.4028618E-007
4.55843	1.3945022E-007
4.55868	1.3867029E-007
4.55893	1.3763368E-007
4.55918	1.3649121E-007
4.55943	1.3527324E-007
4.55968	1.3391302E-007
4.55993	1.3246060E-007
4.56018	1.3118685E-007
4.56043	1.2955708E-007
4.56068	1.2784795E-007
4.56093	1.2602456E-007
4.56118	1.2412131E-007
4.56143	1.2215114E-007
4.56168	1.2042524E-007
4.56193	1.1829007E-007
4.56218	1.1609344E-007
4.56243	1.1380376E-007
4.56268	1.1147046E-007
4.56293	1.0925486E-007
4.563179	1.0720031E-007
4.56343	1.0468764E-007
4.56368	1.0211765E-007
4.56393	9.9494258E-008
4.564179	9.6832508E-008
4.564429	9.4579924E-008
4.56468	9.1837769E-008
4.564929	8.9069623E-008
4.565179	8.6271697E-008
4.565429	8.3458858E-008
4.56568	8.0610455E-008
4.565929	7.8235509E-008
4.566179	7.5374700E-008
4.566429	7.2498374E-008
4.566679	6.9626488E-008
4.566929	6.6751475E-008
4.567179	6.3891683E-008
4.567429	6.1515195E-008
4.567679	5.8672679E-008
4.567929	5.5857033E-008
4.568179	5.3072011E-008
4.568429	5.0312298E-008
4.568679	4.8038036E-008
4.568929	4.5336567E-008
4.569179	4.2684480E-008
4.569429	4.0084942E-008
4.569679	3.7738140E-008
4.569929	3.5233690E-008
4.570179	3.3192162E-008
4.570429	3.0797143E-008
4.570679	2.8468742E-008
4.570929	2.6216137E-008
4.571178	2.4031534E-008
4.571429	2.1924640E-008
4.571679	2.0230361E-008
4.571929	1.8277408E-008
4.572178	1.6409270E-008
4.572429	1.4629467E-008
4.572679	1.2944843E-008
4.572928	1.1356431E-008
4.573178	1.0103538E-008
4.573428	8.6965537E-009
4.573678	7.3939255E-009
4.573928	6.1922250E-009
4.574178	5.1003566E-009
4.574428	4.1161248E-009
4.574678	3.2444154E-009
4.574928	2.6018230E-009
4.575178	1.9354405E-009
4.575428	1.3830421E-009
4.575678	9.4625940E-010
4.575928	6.2635702E-010
4.576178	4.4897874E-010
4.576428	3.4814054E-010
4.576678	3.5079992E-010
4.576928	4.7119275E-010
4.577178	7.0980011E-010
4.577428	1.0661098E-009
4.577678	1.5387011E-009
4.577928	2.0223974E-009
4.578178	2.7077776E-009
4.578428	3.5086332E-009
4.578678	4.4239878E-009
4.578928	5.4512563E-009
4.579178	6.5903554E-009
4.579428	7.6214537E-009
4.579678	8.9583390E-009
4.579927	1.0401542E-008
4.580177	1.1946171E-008
4.580428	1.3597113E-008
4.580678	1.5341708E-008
4.580927	1.7183581E-008
4.581177	1.8792997E-008
4.581428	2.0804373E-008
4.581677	2.2901947E-008
4.581927	2.5087674E-008
4.582177	2.7354325E-008
4.582427	2.9700198E-008
4.582677	3.2112975E-008
4.582927	3.3974803E-008
4.583177	3.6512319E-008
4.583427	3.9109260E-008
4.583677	4.1778360E-008
4.583927	4.4494119E-008
4.584177	4.7264102E-008
4.584427	4.9609028E-008
4.584677	5.2457970E-008
4.584927	5.5347595E-008
4.585177	5.8266323E-008
4.585427	6.1227311E-008
4.585677	6.4205501E-008
4.585927	6.7202649E-008
4.586177	6.9720535E-008
4.586427	7.2744754E-008
4.586677	7.5768277E-008
4.586926	7.8804284E-008
4.587177	8.1844441E-008
4.587427	8.4872838E-008
4.587677	8.7879947E-008
4.587926	9.0387772E-008
4.588177	9.3366822E-008
4.588427	9.6314082E-008
4.588676	9.9243422E-008
4.588926	1.0213888E-007
4.589176	1.0498386E-007
4.589427	1.0778723E-007
4.589676	1.0986680E-007
4.589926	1.1258296E-007
4.590176	1.1524278E-007
4.590426	1.1785558E-007
4.590676	1.2041261E-007
4.590926	1.2287956E-007
4.591176	1.2487658E-007
4.591426	1.2723258E-007
4.591676	1.2948733E-007
4.591926	1.3166175E-007
4.592176	1.3375718E-007
4.592426	1.3575522E-007
4.592676	1.3766878E-007
4.592926	1.3918573E-007
4.593176	1.4091604E-007
4.593426	1.4255359E-007
4.593676	1.4407949E-007
4.593926	1.4551163E-007
4.594176	1.4684367E-007
4.594426	1.4803264E-007
4.594676	1.4893992E-007
4.594926	1.4994336E-007
4.595176	1.5084343E-007
4.595426	1.5160261E-007
4.595675	1.5224745E-007
4.595925	1.5277232E-007
4.596176	1.5318544E-007
4.596426	1.5344585E-007
4.596675	1.5360332E-007
4.596925	1.5369635E-007
4.597176	1.5366112E-007
4.597425	1.5348907E-007
4.597675	1.5319455E-007
4.597925	1.5280135E-007
4.598175	1.5225517E-007
4.598425	1.5172323E-007
4.598675	1.5097987E-007
4.598925	1.5011929E-007
4.599175	1.4913340E-007
4.599425	1.4803111E-007
4.599675	1.4681611E-007
4.599925	1.4549973E-007
4.600175	1.4407630E-007
4.600425	1.4281146E-007
4.600675	1.4118146E-007
4.600925	1.3945605E-007
4.601175	1.3763602E-007
4.601425	1.3569743E-007
4.601675	1.3368383E-007
4.601925	1.3157513E-007
4.602175	1.2937362E-007
4.602425	1.2747921E-007
4.602674	1.2512317E-007
4.602925	1.2290720E-007
4.603175	1.2042759E-007
4.603425	1.1785900E-007
4.603674	1.1521767E-007
4.603925	1.1253466E-007
4.604175	1.0978973E-007
4.604424	1.0698660E-007
4.604674	1.0460568E-007
4.604924	1.0171857E-007
4.605175	9.8804669E-008
4.605424	9.5829755E-008
4.605674	9.2832963E-008
4.605924	8.9816041E-008
4.606174	8.6772580E-008
4.606424	8.3720067E-008
4.606674	8.1161460E-008
4.606924	7.8085073E-008
4.607174	7.5012757E-008
4.607424	7.1925470E-008
4.607674	6.8861553E-008
4.607924	6.5802368E-008
4.608174	6.2768649E-008
4.608424	6.0246265E-008
4.608674	5.7259086E-008
4.608924	5.4292851E-008
4.609174	5.1362697E-008
4.609424	4.8711495E-008
4.609674	4.5868330E-008
4.609924	4.3074341E-008
4.610174	4.0330384E-008
4.610424	3.7644696E-008
4.610674	3.5026279E-008
4.610924	3.2897404E-008
4.611174	3.0401203E-008
4.611423	2.7984411E-008
4.611673	2.5646349E-008
4.611924	2.3390978E-008
4.612174	2.1220306E-008
4.612423	1.9142167E-008
4.612673	1.7483748E-008
4.612924	1.5580481E-008
4.613173	1.3775413E-008
4.613423	1.2073729E-008
4.613673	1.0482074E-008
4.613923	8.9967909E-009
4.614173	7.6208364E-009
4.614423	6.3619634E-009
4.614673	5.2179794E-009
4.614923	4.1923025E-009
4.615173	3.4287935E-009
4.615423	2.6258189E-009
4.615673	1.9444990E-009
4.615923	1.3881009E-009
4.616173	9.8837272E-010
4.616423	6.7427913E-010
4.616673	4.8743209E-010
4.616923	4.2850226E-010
4.617173	4.9818444E-010
4.617423	6.5450789E-010
4.617673	9.6015440E-010
4.617923	1.3941500E-009
4.618173	1.9567188E-009
4.618423	2.6465974E-009
4.618673	3.4639234E-009
4.618923	4.4048432E-009
4.619173	5.4722840E-009
4.619422	6.6639352E-009
4.619673	7.7497653E-009
4.619923	9.1610284E-009
4.620173	1.0692852E-008
4.620422	1.2342031E-008
4.620672	1.4102043E-008
4.620923	1.5977751E-008
4.621172	1.7957824E-008
4.621422	2.0045546E-008
4.621672	2.2238885E-008
4.621922	2.4535025E-008
4.622172	2.6520929E-008
4.622422	2.8986110E-008
4.622672	3.1322497E-008
4.622922	3.3968970E-008
4.623172	3.6687783E-008
4.623422	3.9487009E-008
4.623672	4.2359851E-008
4.623922	4.5305310E-008
4.624172	4.8315485E-008
4.624422	5.1395673E-008
4.624672	5.3994562E-008
4.624922	5.7170677E-008
4.625172	6.0397639E-008
4.625422	6.3674982E-008
4.625672	6.6975453E-008
4.625922	7.0315394E-008
4.626172	7.3687801E-008
4.626422	7.7083790E-008
4.626672	8.0487162E-008
4.626922	8.3926054E-008
4.627172	8.6776900E-008
4.627421	9.0217192E-008
4.627672	9.3648957E-008
4.627922	9.7083266E-008
4.628171	1.0050688E-007
4.628421	1.0389855E-007
4.628672	1.0728990E-007
4.628922	1.1064286E-007
4.629171	1.1368726E-007
4.629421	1.1696074E-007
4.629671	1.2020999E-007
4.629921	1.2287315E-007
4.630171	1.2603380E-007
4.630421	1.2912986E-007
4.630671	1.3215276E-007
4.630921	1.3513765E-007
4.631171	1.3804194E-007
4.631421	1.4087068E-007
4.631671	1.4360964E-007
4.631921	1.4626642E-007
4.632171	1.4884220E-007
4.632421	1.5133229E-007
4.632671	1.5331611E-007
4.632921	1.5562210E-007
4.633171	1.5781842E-007
4.633421	1.5991783E-007
4.633671	1.6189702E-007
4.633921	1.6377692E-007
4.634171	1.6553788E-007
4.634421	1.6717208E-007
4.634671	1.6868276E-007
4.634921	1.7008470E-007
4.63517	1.7136168E-007
4.635421	1.7252177E-007
4.635671	1.7327609E-007
4.635921	1.7418017E-007
4.63617	1.7496832E-007
4.63642	1.7562087E-007
4.636671	1.7612437E-007
4.63692	1.7652134E-007
4.63717	1.7674132E-007
4.63742	1.7685004E-007
4.637671	1.7680625E-007
4.63792	1.7663952E-007
4.63817	1.7635162E-007
4.63842	1.7589676E-007
4.63867	1.7541858E-007
4.63892	1.7471569E-007
4.63917	1.7389134E-007
4.63942	1.7293328E-007
4.63967	1.7181353E-007
4.63992	1.7060103E-007
4.64017	1.6923751E-007
4.64042	1.6776026E-007
4.64067	1.6617403E-007
4.64092	1.6443933E-007
4.64117	1.6256898E-007
4.64142	1.6060532E-007
4.64167	1.5852837E-007
4.64192	1.5690291E-007
4.64217	1.5462263E-007
4.64242	1.5223756E-007
4.64267	1.4976251E-007
4.64292	1.4718232E-007
4.643169	1.4451417E-007
4.64342	1.4175812E-007
4.64367	1.3891650E-007
4.643919	1.3598746E-007
4.644169	1.3297067E-007
4.64442	1.2992027E-007
4.64467	1.2677611E-007
4.644919	1.2357040E-007
4.645169	1.2086112E-007
4.645419	1.1755156E-007
4.645669	1.1419928E-007
4.645919	1.1081305E-007
4.646169	1.0738484E-007
4.646419	1.0392000E-007
4.646669	1.0043905E-007
4.646919	9.6940958E-008
4.647169	9.3402662E-008
4.647419	8.9884281E-008
4.647669	8.6344642E-008
4.647919	8.2816655E-008
4.648169	7.9294068E-008
4.648419	7.6070208E-008
4.648669	7.2570842E-008
4.648919	6.9680496E-008
4.649169	6.6225873E-008
4.649419	6.2816177E-008
4.649669	5.9447824E-008
4.649919	5.6123717E-008
4.650169	5.2843170E-008
4.650419	4.9629985E-008
4.650669	4.6471694E-008
4.650918	4.3380851E-008
4.651169	4.0363862E-008
4.651419	3.7423515E-008
4.651669	3.4565186E-008
4.651918	3.1789803E-008
4.652168	2.9109430E-008
4.652419	2.6525674E-008
4.652668	2.4448820E-008
4.652918	2.2052566E-008
4.653168	1.9764373E-008
4.653419	1.7584142E-008
4.653668	1.5526666E-008
4.653918	1.3586739E-008
4.654168	1.1769842E-008
4.654418	1.0079526E-008
4.654668	8.5204119E-009
4.654918	7.2065363E-009
4.655168	5.9008309E-009
4.655418	4.7351447E-009
4.655668	3.7104733E-009
4.655918	2.8282907E-009
4.656168	2.2020410E-009
4.656418	1.4968876E-009
4.656668	1.0519655E-009
4.656918	7.9307261E-010
4.657168	6.2209154E-010
4.657418	6.0170230E-010
4.657668	7.3219164E-010
4.657918	1.0145798E-009
4.658168	1.4494383E-009
4.658418	2.0350455E-009
4.658668	2.7725708E-009
4.658917	3.6610912E-009
4.659168	4.7024669E-009
4.659418	5.8900973E-009
4.659667	7.2266575E-009
4.659917	8.7087741E-009
4.660168	1.0337410E-008
4.660418	1.2110180E-008
4.660667	1.4020793E-008
4.660917	1.6070446E-008
4.661167	1.7699888E-008
4.661417	1.9988814E-008
4.661667	2.2406429E-008
4.661917	2.4953794E-008
4.662167	2.7624067E-008
4.662417	3.0414569E-008
4.662667	3.3322451E-008
4.662917	3.6346758E-008
4.663167	3.9478309E-008
4.663417	4.2714948E-008
4.663667	4.6057526E-008
4.663917	4.9492709E-008
4.664167	5.3027463E-008
4.664417	5.6640701E-008
4.664667	6.0334351E-008
4.664917	6.4099588E-008
4.665167	6.7939858E-008
4.665417	7.1845982E-008
4.665667	7.5807471E-008
4.665917	7.9827750E-008
4.666167	8.3209166E-008
4.666417	8.7318924E-008
4.666667	9.1458595E-008
4.666917	9.5641283E-008
4.667167	9.9831205E-008
4.667417	1.0405630E-007
4.667666	1.0792906E-007
4.667917	1.1215803E-007
4.668167	1.1640480E-007
4.668417	1.2063499E-007
4.668666	1.2485010E-007
4.668916	1.2905241E-007
4.669167	1.3323523E-007
4.669416	1.3737869E-007
4.669666	1.4149632E-007
4.669916	1.4555997E-007
4.670166	1.4961002E-007
4.670416	1.5357081E-007
4.670666	1.5748276E-007
4.670916	1.6131614E-007
4.671166	1.6508750E-007
4.671416	1.6878094E-007
4.671666	1.7238182E-007
4.671916	1.7589180E-007
4.672166	1.7931610E-007
4.672416	1.8207506E-007
4.672666	1.8533031E-007
4.672916	1.8846283E-007
4.673166	1.9146381E-007
4.673416	1.9437668E-007
4.673666	1.9715516E-007
4.673916	1.9956616E-007
4.674166	2.0208206E-007
4.674416	2.0445488E-007
4.674666	2.0670757E-007
4.674916	2.0880081E-007
4.675166	2.1076261E-007
4.675416	2.1256214E-007
4.675665	2.1421890E-007
4.675916	2.1572428E-007
4.676166	2.1705877E-007
4.676415	2.1826230E-007
4.676665	2.1929118E-007
4.676916	2.2013479E-007
4.677166	2.2080036E-007
4.677415	2.2136234E-007
4.677665	2.2170724E-007
4.677915	2.2190287E-007
4.678165	2.2190596E-007
4.678415	2.2176131E-007
4.678665	2.2142842E-007
4.678915	2.2094478E-007
4.679165	2.2040676E-007
4.679415	2.1945642E-007
4.679665	2.1848625E-007
4.679915	2.1749976E-007
4.680165	2.1631861E-007
4.680415	2.1487649E-007
4.680665	2.1327523E-007
4.680915	2.1150326E-007
4.681165	2.0958548E-007
4.681415	2.0752697E-007
4.681665	2.0527891E-007
4.681915	2.0290808E-007
4.682165	2.0041108E-007
4.682415	1.9774615E-007
4.682665	1.9495738E-007
4.682915	1.9203789E-007
4.683165	1.8898812E-007
4.683414	1.8578203E-007
4.683665	1.8247975E-007
4.683915	1.7908793E-007
4.684165	1.7555796E-007
4.684414	1.7192852E-007
4.684664	1.6822530E-007
4.684915	1.6440499E-007
4.685164	1.6049695E-007
4.685414	1.5652351E-007
4.685664	1.5246269E-007
4.685915	1.4834693E-007
4.686164	1.4415981E-007
4.686414	1.4029388E-007
4.686664	1.3601226E-007
4.686914	1.3168032E-007
4.687164	1.2731023E-007
4.687414	1.2291802E-007
4.687664	1.1849881E-007
4.687914	1.1407393E-007
4.688164	1.0964431E-007
4.688414	1.0521246E-007
4.688664	1.0077269E-007
4.688914	9.6358320E-008
4.689164	9.1965681E-008
4.689414	8.7602558E-008
4.689664	8.3269867E-008
4.689914	7.8978438E-008
4.690164	7.4736448E-008
4.690414	7.0550456E-008
4.690664	6.6423773E-008
4.690914	6.2378788E-008
4.691164	5.8396928E-008
4.691413	5.4505012E-008
4.691664	5.1318015E-008
4.691914	4.6988973E-008
4.692163	4.3390710E-008
4.692413	4.0460844E-008
4.692664	3.6781984E-008
4.692914	3.4050821E-008
4.693163	3.0887630E-008
4.693413	2.7362505E-008
4.693663	2.4959922E-008
4.693913	2.2204860E-008
4.694163	1.9596905E-008
4.694413	1.7141224E-008
4.694663	1.4846679E-008
4.694913	1.2707654E-008
4.695163	1.0737461E-008
4.695413	8.9376497E-009
4.695663	7.3079356E-009
4.695913	5.8563230E-009
4.696163	4.5858606E-009
4.696413	3.4986953E-009
4.696663	2.5975628E-009
4.696913	1.8852355E-009
4.697163	1.3641818E-009
4.697413	1.0361986E-009
4.697663	9.0288949E-010
4.697913	9.6598129E-010
4.698163	1.2260566E-009
4.698413	1.6852394E-009
4.698663	2.3422244E-009
4.698913	3.1168945E-009
4.699162	4.1560311E-009
4.699413	5.3936975E-009
4.699663	6.8264798E-009
4.699913	8.4598994E-009
4.700162	1.0287639E-008
4.700412	1.2307055E-008
4.700663	1.4526382E-008
4.700912	1.6929835E-008
4.701162	1.9522146E-008
4.701412	2.2298671E-008
4.701663	2.5262240E-008
4.701912	2.8400059E-008
4.702162	3.1721058E-008
4.702412	3.5207496E-008
4.702662	3.8868283E-008
4.702912	4.2686779E-008
4.703162	4.6667797E-008
4.703412	5.0788262E-008
4.703662	5.5068664E-008
4.703912	5.9497374E-008
4.704162	6.4059471E-008
4.704412	6.8759512E-008
4.704662	7.3576089E-008
4.704912	7.8511306E-008
4.705162	8.3139120E-008
4.705412	8.8293909E-008
4.705662	9.3554561E-008
4.705912	9.8897800E-008
4.706162	1.0433280E-007
4.706412	1.0984026E-007
4.706662	1.1542057E-007
4.706912	1.2107250E-007
4.707161	1.2677540E-007
4.707412	1.3252158E-007
4.707662	1.3831963E-007
4.707911	1.4413830E-007
4.708161	1.4998223E-007
4.708412	1.5585984E-007
4.708662	1.6173308E-007
4.708911	1.6760784E-007
4.709161	1.7346170E-007
4.709411	1.7931052E-007
4.709661	1.8513819E-007
4.709911	1.9092917E-007
4.710161	1.9666381E-007
4.710411	2.0236050E-007
4.710661	2.0799079E-007
4.710911	2.1355575E-007
4.711161	2.1857868E-007
4.711411	2.2489705E-007
4.711661	2.2931583E-007
4.711911	2.3540970E-007
4.712161	2.3968363E-007
4.712411	2.4550874E-007
4.712661	2.5040111E-007
4.712911	2.5511557E-007
4.713161	2.5970272E-007
4.713411	2.6413514E-007
4.713661	2.6841815E-007
4.713911	2.7256485E-007
4.714161	2.7654974E-007
4.714411	2.8035930E-007
4.714661	2.8403002E-007
4.714911	2.8745796E-007
4.715161	2.9072891E-007
4.715411	2.9377949E-007
4.715661	2.9665944E-007
4.71591	2.9935890E-007
4.71616	3.0179561E-007
4.716411	3.0403007E-007
4.71666	3.0609135E-007
4.71691	3.0789241E-007
4.71716	3.0948820E-007
4.717411	3.1075228E-007
4.71766	3.1189629E-007
4.71791	3.1283179E-007
4.71816	3.1351502E-007
4.71841	3.1398810E-007
4.71866	3.1422033E-007
4.71891	3.1420174E-007
4.71916	3.1397045E-007
4.71941	3.1352928E-007
4.71966	3.1280229E-007
4.71991	3.1186269E-007
4.72016	3.1066901E-007
4.72041	3.0923749E-007
4.72066	3.0759620E-007
4.72091	3.0570334E-007
4.72116	3.0360567E-007
4.72141	3.0126282E-007
4.72166	2.9871583E-007
4.72191	2.9595557E-007
4.72216	2.9295705E-007
4.72241	2.8977078E-007
4.72266	2.8638084E-007
4.722909	2.8278319E-007
4.72316	2.7897099E-007
4.72341	2.7531394E-007
4.72366	2.7113941E-007
4.723909	2.6679552E-007
4.72416	2.6229449E-007
4.72441	2.5680706E-007
4.724659	2.5194328E-007
4.724909	2.4690570E-007
4.725159	2.4174184E-007
4.72541	2.3643878E-007
4.725659	2.3102405E-007
4.725909	2.2545676E-007
4.726159	2.1978489E-007
4.726409	2.1399519E-007
4.726659	2.0812807E-007
4.726909	2.0215289E-007
4.727159	1.9612247E-007
4.727409	1.9002343E-007
4.727659	1.8385964E-007
4.727909	1.7763627E-007
4.728159	1.7138032E-007
4.728409	1.6510302E-007
4.728659	1.5879209E-007
4.728909	1.5247916E-007
4.729159	1.4618868E-007
4.729409	1.3988513E-007
4.729659	1.3411379E-007
4.729909	1.2786703E-007
4.730159	1.2165341E-007
4.730409	1.1549303E-007
4.730659	1.0941140E-007
4.730909	1.0337958E-007
4.731159	9.7448392E-008
4.731409	9.1596533E-008
4.731658	8.5839410E-008
4.731908	7.9277953E-008
4.732159	7.3782651E-008
4.732409	6.8432158E-008
4.732658	6.3214209E-008
4.732908	5.8142938E-008
4.733159	5.3248190E-008
4.733408	4.8516554E-008
4.733658	4.3972687E-008
4.733908	3.9605347E-008
4.734158	3.5445478E-008
4.734408	3.1485364E-008
4.734658	2.7749131E-008
4.734908	2.4226068E-008
4.735158	2.0930367E-008
4.735408	1.7872864E-008
4.735658	1.5283062E-008
4.735908	1.2702175E-008
4.736158	1.0369692E-008
4.736408	8.3003933E-009
4.736658	6.4989303E-009
4.736908	4.9693085E-009
4.737158	3.7184675E-009
4.737408	2.7492890E-009
4.737658	2.0658129E-009
4.737908	1.6351934E-009
4.738158	1.5716934E-009
4.738408	1.8286593E-009
4.738657	2.3729902E-009
4.738908	3.2183956E-009
4.739158	4.3660062E-009
4.739408	5.8162879E-009
4.739657	7.5763245E-009
4.739908	9.6395745E-009
4.740158	1.2005843E-008
4.740407	1.4677252E-008
4.740657	1.7654095E-008
4.740907	2.0930122E-008
4.741158	2.4509960E-008
4.741407	2.8388266E-008
4.741657	3.2206604E-008
4.741907	3.6642945E-008
4.742157	4.1374779E-008
4.742407	4.6388301E-008
4.742657	5.1681035E-008
4.742907	5.8200204E-008
4.743157	6.3084649E-008
4.743407	7.0232851E-008
4.743657	7.6641520E-008
4.743907	8.3300421E-008
4.744157	9.0197751E-008
4.744407	9.7338237E-008
4.744657	1.0470563E-007
4.744907	1.1226471E-007
4.745157	1.2006474E-007
4.745407	1.2806969E-007
4.745657	1.3626895E-007
4.745907	1.4463349E-007
4.746157	1.5319154E-007
4.746407	1.6189345E-007
4.746657	1.7076906E-007
4.746907	1.7978557E-007
4.747157	1.8888792E-007
4.747406	1.9970155E-007
4.747656	2.0829097E-007
4.747907	2.1777333E-007
4.748157	2.2731011E-007
4.748406	2.3695263E-007
4.748656	2.4662157E-007
4.748907	2.5633520E-007
4.749156	2.6610141E-007
4.749406	2.7586771E-007
4.749656	2.8565813E-007
4.749906	2.9542082E-007
4.750156	3.0516955E-007
4.750406	3.1488881E-007
4.750656	3.2461682E-007
4.750906	3.3421139E-007
4.751156	3.4375731E-007
4.751406	3.5319704E-007
4.751656	3.6407437E-007
4.751906	3.7329860E-007
4.752156	3.8244235E-007
4.752406	3.9140573E-007
4.752656	4.0023920E-007
4.752906	4.0882236E-007
4.753156	4.1729072E-007
4.753406	4.2553123E-007
4.753656	4.3295745E-007
4.753906	4.4079417E-007
4.754156	4.4843929E-007
4.754405	4.5584622E-007
4.754656	4.6297626E-007
4.754906	4.6986642E-007
4.755156	4.7644474E-007
4.755405	4.8384675E-007
4.755656	4.8981462E-007
4.755906	4.9554541E-007
4.756155	5.0094638E-007
4.756405	5.0597163E-007
4.756655	5.1066803E-007
4.756906	5.1507095E-007
4.757155	5.1912212E-007
4.757405	5.2286032E-007
4.757655	5.2616741E-007
4.757905	5.2910377E-007
4.758155	5.3171289E-007
4.758405	5.3394854E-007
4.758655	5.3576025E-007
4.758905	5.3726768E-007
4.759155	5.3846611E-007
4.759405	5.3908292E-007
4.759655	5.3929585E-007
4.759905	5.3916136E-007
4.760155	5.3858321E-007
4.760405	5.3760550E-007
4.760655	5.3627463E-007
4.760905	5.3451004E-007
4.761155	5.3237665E-007
4.761405	5.2988918E-007
4.761655	5.2696720E-007
4.761905	5.2362270E-007
4.762155	5.1989934E-007
4.762405	5.1585988E-007
4.762655	5.1059595E-007
4.762905	5.0569264E-007
4.763155	5.0044656E-007
4.763404	4.9478291E-007
4.763655	4.8876558E-007
4.763905	4.8247875E-007
4.764154	4.7578325E-007
4.764404	4.6879367E-007
4.764655	4.6144990E-007
4.764904	4.5381015E-007
4.765154	4.4592383E-007
4.765404	4.3634901E-007
4.765654	4.2849510E-007
4.765904	4.1974980E-007
4.766154	4.1069453E-007
4.766404	4.0141020E-007
4.766654	3.9188811E-007
4.766904	3.8224024E-007
4.767154	3.7233752E-007
4.767404	3.6223486E-007
4.767654	3.5198693E-007
4.767904	3.4158830E-007
4.768154	3.3101932E-007
4.768404	3.1864414E-007
4.768654	3.0967419E-007
4.768904	2.9700269E-007
4.769154	2.8608449E-007
4.769404	2.7511902E-007
4.769654	2.6412064E-007
4.769904	2.5311954E-007
4.770154	2.4210991E-007
4.770404	2.3113269E-007
4.770654	2.2019599E-007
4.770904	2.0934883E-007
4.771153	1.9855855E-007
4.771404	1.8608806E-007
4.771654	1.7642604E-007
4.771904	1.6602736E-007
4.772153	1.5576052E-007
4.772403	1.4569305E-007
4.772654	1.3580129E-007
4.772903	1.2614521E-007
4.773153	1.1670488E-007
4.773403	1.0751824E-007
4.773654	9.8638573E-008
4.773903	9.0021722E-008
4.774153	8.0352088E-008
4.774403	7.2432719E-008
4.774653	6.4850781E-008
4.774903	5.7646805E-008
4.775153	5.0803344E-008
4.775403	4.4374737E-008
4.775653	3.8352283E-008
4.775903	3.2747593E-008
4.776153	2.7597915E-008
4.776403	2.2909692E-008
4.776653	1.8035609E-008
4.776903	1.4391295E-008
4.777153	1.1246400E-008
4.777403	8.8169942E-009
4.777653	6.6722174E-009
4.777903	5.0662732E-009
4.778153	4.0115578E-009
4.778403	3.5158474E-009
4.778653	3.5904535E-009
4.778903	4.2438506E-009
4.779152	5.4847171E-009
4.779403	7.3197950E-009
4.779653	1.0220159E-008
4.779902	1.3372063E-008
4.780152	1.7125922E-008
4.780403	2.1512426E-008
4.780653	2.6515421E-008
4.780902	3.2140210E-008
4.781152	3.8401421E-008
4.781403	4.5276376E-008
4.781652	5.4121809E-008
4.781902	6.2371228E-008
4.782152	7.1247982E-008
4.782402	8.0734686E-008
4.782652	9.0860631E-008
4.782902	1.0160612E-007
4.783152	1.1296933E-007
4.783402	1.2390559E-007
4.783652	1.3641483E-007
4.783902	1.4951095E-007
4.784152	1.6320293E-007
4.784402	1.7992072E-007
4.784652	1.9484972E-007
4.784902	2.1031583E-007
4.785152	2.2632591E-007
4.785402	2.4288195E-007
4.785652	2.5996840E-007
4.785902	2.7755851E-007
4.786152	2.9558052E-007
4.786402	3.1407774E-007
4.786652	3.3305963E-007
4.786901	3.5578239E-007
4.787152	3.7558652E-007
4.787402	3.9590711E-007
4.787652	4.1655790E-007
4.787901	4.3754611E-007
4.788152	4.5889587E-007
4.788402	4.8047741E-007
4.788651	5.0242215E-007
4.788901	5.2835441E-007
4.789151	5.4896861E-007
4.789402	5.7158024E-007
4.789651	5.9440998E-007
4.789901	6.1744305E-007
4.790151	6.4059986E-007
4.790401	6.6380437E-007
4.790651	6.8713996E-007
4.790901	7.1046645E-007
4.791151	7.3379130E-007
4.791401	7.6117220E-007
4.791651	7.8442582E-007
4.791901	8.0769172E-007
4.792151	8.3086513E-007
4.792401	8.5390639E-007
4.792651	8.7685697E-007
4.792901	8.9957831E-007
4.793151	9.2210252E-007
4.793401	9.4804443E-007
4.793651	9.6996735E-007
4.793901	9.9159456E-007
4.794151	1.0129168E-006
4.794401	1.0337438E-006
4.794651	1.0542680E-006
4.794901	1.0743607E-006
4.795151	1.0923761E-006
4.795401	1.1116871E-006
4.79565	1.1334148E-006
4.7959	1.1514795E-006
4.796151	1.1689059E-006
4.796401	1.1857940E-006
4.79665	1.2020017E-006
4.7969	1.2175393E-006
4.797151	1.2325611E-006
4.7974	1.2468366E-006
4.79765	1.2625314E-006
4.7979	1.2749791E-006
4.79815	1.2870667E-006
4.7984	1.2980722E-006
4.79865	1.3083460E-006
4.7989	1.3175954E-006
4.79915	1.3263216E-006
4.7994	1.3341302E-006
4.79965	1.3420793E-006
4.7999	1.3476615E-006
4.80015	1.3525323E-006
4.8004	1.3564676E-006
4.80065	1.3594253E-006
4.8009	1.3612957E-006
4.80115	1.3622325E-006
4.8014	1.3623879E-006
4.80165	1.3615539E-006
4.8019	1.3593899E-006
4.80215	1.3564069E-006
4.8024	1.3523357E-006
4.802649	1.3473605E-006
4.8029	1.3412954E-006
4.80315	1.3344161E-006
4.8034	1.3264435E-006
4.803649	1.3159502E-006
4.8039	1.3057090E-006
4.80415	1.2945185E-006
4.804399	1.2825180E-006
4.804649	1.2693915E-006
4.804899	1.2554258E-006
4.80515	1.2404655E-006
4.805399	1.2245351E-006
4.805649	1.2049740E-006
4.805899	1.1871612E-006
4.806149	1.1684451E-006
4.806399	1.1489485E-006
4.806649	1.1302695E-006
4.806899	1.1093368E-006
4.807149	1.0875502E-006
4.807399	1.0610987E-006
4.807649	1.0376734E-006
4.807899	1.0136915E-006
4.808149	9.8898818E-007
4.808399	9.6367580E-007
4.808649	9.3769955E-007
4.808899	9.1133899E-007
4.809149	8.8443727E-007
4.809399	8.5246660E-007
4.809649	8.2464226E-007
4.809899	7.9651687E-007
4.810149	7.6797761E-007
4.810399	7.3914362E-007
4.810649	7.1007207E-007
4.810899	6.8098734E-007
4.811149	6.4683235E-007
4.811399	6.1747329E-007
4.811648	5.8804363E-007
4.811899	5.5879690E-007
4.812149	5.2961582E-007
4.812398	5.0058316E-007
4.812648	4.6944925E-007
4.812899	4.4094085E-007
4.813148	4.1277931E-007
4.813398	3.8503913E-007
4.813648	3.5776748E-007
4.813898	3.3111488E-007
4.814148	3.0499140E-007
4.814398	2.7952663E-007
4.814648	2.5083040E-007
4.814898	2.2704906E-007
4.815148	2.0416788E-007
4.815398	1.8221358E-007
4.815648	1.6135833E-007
4.815898	1.4147516E-007
4.816148	1.2281835E-007
4.816398	1.0260648E-007
4.816648	8.6665196E-008
4.816898	7.2107888E-008
4.817148	5.8982476E-008
4.817398	4.7411525E-008
4.817648	3.7422851E-008
4.817898	2.9079429E-008
4.818148	2.2005400E-008
4.818398	1.7359756E-008
4.818648	1.4580314E-008
4.818898	1.3749503E-008
4.819148	1.4930519E-008
4.819397	1.8192264E-008
4.819648	2.3615003E-008
4.819898	3.2733425E-008
4.820148	4.3040771E-008
4.820397	5.5722786E-008
4.820647	7.0808454E-008
4.820898	8.8411895E-008
4.821147	1.0858601E-007
4.821397	1.3539831E-007
4.821647	1.6128465E-007
4.821898	1.8997568E-007
4.822147	2.2142406E-007
4.822397	2.5575025E-007
4.822647	2.9298073E-007
4.822897	3.3325719E-007
4.823147	3.8397030E-007
4.823397	4.3084458E-007
4.823647	4.8094523E-007
4.823897	5.3402943E-007
4.824147	5.8571169E-007
4.824397	6.4512767E-007
4.824647	7.1861422E-007
4.824897	7.8545952E-007
4.825147	8.5554200E-007
4.825397	9.2904713E-007
4.825647	1.0060460E-006
4.825897	1.0866493E-006
4.826147	1.1849266E-006
4.826397	1.2732479E-006
4.826647	1.3651614E-006
4.826897	1.4607258E-006
4.827147	1.5597570E-006
4.827396	1.6625380E-006
4.827647	1.7690910E-006
4.827897	1.8978716E-006
4.828146	2.0123421E-006
4.828396	2.1306755E-006
4.828647	2.2523313E-006
4.828897	2.3782068E-006
4.829146	2.5074339E-006
4.829396	2.6629070E-006
4.829646	2.7887538E-006
4.829896	2.9300816E-006
4.830146	3.0741151E-006
4.830396	3.2225587E-006
4.830646	3.3743636E-006
4.830896	3.5560336E-006
4.831146	3.7156151E-006
4.831396	3.8795329E-006
4.831646	4.0456957E-006
4.831896	4.2162451E-006
4.832146	4.3907471E-006
4.832396	4.5976435E-006
4.832646	4.7789340E-006
4.832896	4.9636892E-006
4.833146	5.1518932E-006
4.833396	5.3431500E-006
4.833646	5.5378487E-006
4.833896	5.7686930E-006
4.834146	5.9703193E-006
4.834396	6.1754026E-006
4.834646	6.3824396E-006
4.834896	6.5930258E-006
4.835145	6.8062504E-006
4.835396	7.0406222E-006
4.835646	7.2601542E-006
4.835896	7.4812356E-006
4.836145	7.7052327E-006
4.836395	7.9318097E-006
4.836646	8.1609151E-006
4.836895	8.4313788E-006
4.837145	8.6658511E-006
4.837395	8.9022933E-006
4.837646	9.1404036E-006
4.837895	9.3800190E-006
4.838145	9.6622498E-006
4.838395	9.9066901E-006
4.838645	1.0152798E-005
4.838895	1.0399398E-005
4.839145	1.0647836E-005
4.839395	1.0897061E-005
4.839645	1.1147980E-005
4.839895	1.1442861E-005
4.840145	1.1697008E-005
4.840395	1.1949969E-005
4.840645	1.2203894E-005
4.840895	1.2461628E-005
4.841145	1.2738294E-005
4.841395	1.2994464E-005
4.841645	1.3253175E-005
4.841895	1.3508222E-005
4.842145	1.3765163E-005
4.842395	1.4064050E-005
4.842645	1.4320774E-005
4.842895	1.4578078E-005
4.843144	1.4831612E-005
4.843395	1.5086905E-005
4.843645	1.5341308E-005
4.843894	1.5594846E-005
4.844144	1.5890264E-005
4.844395	1.6141550E-005
4.844645	1.6390162E-005
4.844894	1.6638825E-005
4.845144	1.6886161E-005
4.845394	1.7173074E-005
4.845644	1.7414986E-005
4.845894	1.7656261E-005
4.846144	1.7896034E-005
4.846394	1.8132274E-005
4.846644	1.8407696E-005
4.846894	1.8618821E-005
4.847144	1.8847153E-005
4.847394	1.9075494E-005
4.847644	1.9302166E-005
4.847894	1.9558134E-005
4.848144	1.9775831E-005
4.848394	1.9992422E-005
4.848644	2.0200971E-005
4.848894	2.0410554E-005
4.849144	2.0615458E-005
4.849394	2.0849084E-005
4.849644	2.1045715E-005
4.849894	2.1235539E-005
4.850144	2.1426309E-005
4.850394	2.1611242E-005
4.850644	2.1790815E-005
4.850893	2.1996866E-005
4.851144	2.2168742E-005
4.851394	2.2334587E-005
4.851644	2.2500637E-005
4.851893	2.2657234E-005
4.852143	2.2836623E-005
4.852394	2.2972257E-005
4.852643	2.3113389E-005
4.852893	2.3252021E-005
4.853143	2.3385417E-005
4.853394	2.3533472E-005
4.853643	2.3657782E-005
4.853893	2.3773136E-005
4.854143	2.3883116E-005
4.854393	2.3991259E-005
4.854643	2.4105735E-005
4.854893	2.4202387E-005
4.855143	2.4291739E-005
4.855393	2.4373265E-005
4.855643	2.4451463E-005
4.855893	2.4535573E-005
4.856143	2.4599338E-005
4.856393	2.4659243E-005
4.856643	2.4713188E-005
4.856893	2.4761350E-005
4.857143	2.4810874E-005
4.857393	2.4844496E-005
4.857643	2.4872483E-005
4.857893	2.4900219E-005
4.858143	2.4916684E-005
4.858393	2.4929754E-005
4.858643	2.4935242E-005
4.858892	2.4933261E-005
4.859143	2.4927045E-005
4.859393	2.4915182E-005
4.859643	2.4894276E-005
4.859892	2.4867499E-005
4.860143	2.4834828E-005
4.860393	2.4800189E-005
4.860642	2.4758045E-005
4.860892	2.4698560E-005
4.861142	2.4645318E-005
4.861392	2.4583111E-005
4.861642	2.4516827E-005
4.861892	2.4445128E-005
4.862142	2.4355462E-005
4.862392	2.4273410E-005
4.862642	2.4180545E-005
4.862892	2.4085550E-005
4.863142	2.3985440E-005
4.863392	2.3860681E-005
4.863642	2.3759623E-005
4.863892	2.3641676E-005
4.864142	2.3518141E-005
4.864392	2.3393506E-005
4.864642	2.3238352E-005
4.864892	2.3101440E-005
4.865142	2.2957385E-005
4.865392	2.2812750E-005
4.865642	2.2661206E-005
4.865892	2.2477885E-005
4.866142	2.2316826E-005
4.866392	2.2150867E-005
4.866642	2.1979187E-005
4.866892	2.1806871E-005
4.867142	2.1597587E-005
4.867392	2.1413302E-005
4.867641	2.1227723E-005
4.867891	2.1037386E-005
4.868142	2.0809714E-005
4.868392	2.0609599E-005
4.868641	2.0408184E-005
4.868891	2.0204941E-005
4.869142	1.9995252E-005
4.869391	1.9766427E-005
4.869641	1.9551868E-005
4.869891	1.9334215E-005
4.870141	1.9114002E-005
4.870391	1.8851289E-005
4.870641	1.8626730E-005
4.870891	1.8397570E-005
4.871141	1.8168294E-005
4.871391	1.7934286E-005
4.871641	1.7661168E-005
4.871891	1.7424287E-005
4.872141	1.7184273E-005
4.872391	1.6945611E-005
4.872641	1.6702688E-005
4.872891	1.6420483E-005
4.873141	1.6173482E-005
4.873391	1.5927284E-005
4.873641	1.5681753E-005
4.873891	1.5392001E-005
4.874141	1.5143398E-005
4.874391	1.4892557E-005
4.87464	1.4642792E-005
4.874891	1.4413046E-005
4.875141	1.4119959E-005
4.875391	1.3869681E-005
4.87564	1.3618789E-005
4.875891	1.3367981E-005
4.876141	1.3117960E-005
4.87639	1.2825845E-005
4.87664	1.2575290E-005
4.87689	1.2326038E-005
4.877141	1.2077611E-005
4.87739	1.1787975E-005
4.87764	1.1540019E-005
4.87789	1.1294786E-005
4.87814	1.1050028E-005
4.87839	1.0765453E-005
4.87864	1.0523197E-005
4.87889	1.0282803E-005
4.87914	1.0043770E-005
4.87939	9.8055198E-006
4.87964	9.5306050E-006
4.87989	9.2963110E-006
4.88014	9.0648600E-006
4.88039	8.8532033E-006
4.88064	8.5871261E-006
4.88089	8.3609975E-006
4.88114	8.1366188E-006
4.88139	7.9155152E-006
4.88164	7.6595534E-006
4.88189	7.4435857E-006
4.88214	7.2301300E-006
4.88239	7.0188653E-006
4.88264	6.8098548E-006
4.88289	6.5710501E-006
4.88314	6.3679654E-006
4.883389	6.1680694E-006
4.883639	5.9717404E-006
4.88389	5.7452471E-006
4.88414	5.5550404E-006
4.884389	5.3672670E-006
4.884639	5.1834631E-006
4.88489	5.0014473E-006
4.885139	4.7948702E-006
4.885389	4.6199298E-006
4.885639	4.4487574E-006
4.885889	4.2950801E-006
4.886139	4.1026087E-006
4.886389	3.9420834E-006
4.886639	3.7844577E-006
4.886889	3.6308757E-006
4.887139	3.4547511E-006
4.887389	3.3079773E-006
4.887639	3.1645895E-006
4.887889	3.0244430E-006
4.888139	2.8657166E-006
4.888389	2.7330859E-006
4.888639	2.6040520E-006
4.888889	2.4784099E-006
4.889139	2.3562125E-006
4.889389	2.2179845E-006
4.889639	2.1032313E-006
4.889889	1.9920301E-006
4.890139	1.8839596E-006
4.890388	1.7626561E-006
4.890639	1.6620349E-006
4.890889	1.5650364E-006
4.891139	1.4711244E-006
4.891388	1.3731872E-006
4.891639	1.2863703E-006
4.891889	1.2026559E-006
4.892138	1.1221485E-006
4.892388	1.0325784E-006
4.892638	9.5887708E-007
4.892889	8.8873946E-007
4.893138	8.2128474E-007
4.893388	7.4687944E-007
4.893638	6.8623751E-007
4.893888	6.2845049E-007
4.894138	5.7381970E-007
4.894388	5.1363708E-007
4.894638	4.6513301E-007
4.894888	4.1942786E-007
4.895138	3.7654195E-007
4.895388	3.3626443E-007
4.895638	2.9273670E-007
4.895888	2.5811491E-007
4.896138	2.2614650E-007
4.896388	1.9191401E-007
4.896638	1.6531838E-007
4.896888	1.4291238E-007
4.897138	1.2073275E-007
4.897388	1.0082866E-007
4.897638	8.0412619E-008
4.897888	6.5220171E-008
4.898138	5.2077667E-008
4.898388	3.9348262E-008
4.898638	3.0542594E-008
4.898888	2.3642329E-008
4.899137	1.8567402E-008
4.899388	1.4895939E-008
4.899638	1.3594561E-008
4.899888	1.3940524E-008
4.900137	1.5870835E-008
4.900387	1.9321902E-008
4.900638	2.5178567E-008
4.900887	3.1721985E-008
4.901137	3.9584911E-008
4.901387	5.0379271E-008
4.901638	6.0942831E-008
4.901887	7.2637796E-008
4.902137	8.5409376E-008
4.902387	1.0040272E-007
4.902637	1.1524477E-007
4.902887	1.3098452E-007
4.903137	1.4754686E-007
4.903387	1.6792247E-007
4.903637	1.8613862E-007
4.903887	2.0501301E-007
4.904137	2.2450203E-007
4.904387	2.4794758E-007
4.904637	2.6857845E-007
4.904887	2.8966548E-007
4.905137	3.1112555E-007
4.905387	3.3660319E-007
4.905637	3.5873487E-007
4.905887	3.8112802E-007
4.906137	4.0368093E-007
4.906387	4.3018198E-007
4.906637	4.5297611E-007
4.906887	4.7579459E-007
4.907136	4.9862575E-007
4.907387	5.2515952E-007
4.907637	5.4793855E-007
4.907887	5.6854117E-007
4.908136	5.9465810E-007
4.908387	6.1686080E-007
4.908637	6.3875154E-007
4.908886	6.6030771E-007
4.909136	6.8167316E-007
4.909386	7.0603880E-007
4.909636	7.2656530E-007
4.909886	7.4663143E-007
4.910136	7.6957662E-007
4.910386	7.8866458E-007
4.910636	8.0719883E-007
4.910886	8.2525747E-007
4.911136	8.4574566E-007
4.911386	8.6252408E-007
4.911636	8.7876992E-007
4.911886	8.9438754E-007
4.912136	9.1180914E-007
4.912386	9.2612089E-007
4.912636	9.3960824E-007
4.912886	9.5251460E-007
4.913136	9.6556278E-007
4.913386	9.7708016E-007
4.913636	9.8770852E-007
4.913886	9.9932220E-007
4.914136	1.0083781E-006
4.914386	1.0168584E-006
4.914636	1.0244825E-006
4.914886	1.0324022E-006
4.915136	1.0385055E-006
4.915386	1.0436906E-006
4.915636	1.0489871E-006
4.915885	1.0525267E-006
4.916135	1.0553056E-006
4.916386	1.0574165E-006
4.916636	1.0590603E-006
4.916885	1.0593825E-006
4.917135	1.0593186E-006
4.917386	1.0581882E-006
4.917635	1.0561781E-006
4.917885	1.0536559E-006
4.918135	1.0504448E-006
4.918385	1.0464488E-006
4.918635	1.0415489E-006
4.918885	1.0361422E-006
4.919135	1.0302626E-006
4.919385	1.0224323E-006
4.919635	1.0150858E-006
4.919885	1.0071086E-006
4.920135	9.9704403E-007
4.920385	9.8782471E-007
4.920635	9.7801853E-007
4.920885	9.6755002E-007
4.921135	9.5498501E-007
4.921385	9.4357074E-007
4.921635	9.3154108E-007
4.921885	9.1922732E-007
4.922135	9.0416609E-007
4.922385	8.9088695E-007
4.922635	8.7701147E-007
4.922884	8.6055326E-007
4.923135	8.4587441E-007
4.923385	8.3104487E-007
4.923635	8.1574467E-007
4.923884	7.9765744E-007
4.924135	7.8319732E-007
4.924385	7.6711797E-007
4.924634	7.5069062E-007
4.924884	7.3142775E-007
4.925134	7.1476308E-007
4.925385	6.9776081E-007
4.925634	6.7794224E-007
4.925884	6.6069066E-007
4.926134	6.4345750E-007
4.926384	6.2322130E-007
4.926634	6.0573393E-007
4.926884	5.8831455E-007
4.927134	5.7076426E-007
4.927384	5.5038839E-007
4.927634	5.3294542E-007
4.927884	5.1552814E-007
4.928134	4.9529757E-007
4.928384	4.7810448E-007
4.928634	4.6098452E-007
4.928884	4.4399059E-007
4.929134	4.2441675E-007
4.929384	4.0908569E-007
4.929634	3.9260053E-007
4.929884	3.7355969E-007
4.930134	3.5751455E-007
4.930384	3.4169156E-007
4.930634	3.2610990E-007
4.930884	3.0819086E-007
4.931134	2.9320859E-007
4.931384	2.7845931E-007
4.931633	2.6168081E-007
4.931883	2.4763028E-007
4.932134	2.3386282E-007
4.932384	2.2046282E-007
4.932633	2.0525454E-007
4.932883	1.9260820E-007
4.933134	1.8031997E-007
4.933383	1.6647246E-007
4.933633	1.5501041E-007
4.933883	1.4393611E-007
4.934133	1.3151471E-007
4.934383	1.2130934E-007
4.934633	1.1153221E-007
4.934883	1.0290352E-007
4.935133	9.2453085E-008
4.935383	8.3969091E-008
4.935633	7.5875626E-008
4.935883	6.6993451E-008
4.936133	5.9852994E-008
4.936383	5.3144021E-008
4.936633	4.6857437E-008
4.936883	4.0074379E-008
4.937133	3.4734018E-008
4.937383	2.9816256E-008
4.937633	2.4632929E-008
4.937883	2.0647388E-008
4.938133	1.7084535E-008
4.938383	1.3465842E-008
4.938632	1.0807835E-008
4.938883	8.5688869E-009
4.939133	6.7371779E-009
4.939383	5.1079465E-009
4.939632	4.1411337E-009
4.939883	3.5648895E-009
4.940133	3.3683221E-009
4.940382	3.5826484E-009
4.940632	4.1657700E-009
4.940882	5.3025446E-009
4.941133	6.6595565E-009
4.941382	8.3570253E-009
4.941632	1.0761358E-008
4.941882	1.3172698E-008
4.942132	1.5900172E-008
4.942382	1.8925530E-008
4.942632	2.2831518E-008
4.942882	2.6494904E-008
4.943132	3.0419081E-008
4.943382	3.5325858E-008
4.943632	3.9806640E-008
4.943882	4.4527379E-008
4.944132	5.0309328E-008
4.944382	5.5514374E-008
4.944632	6.0903282E-008
4.944882	6.7434961E-008
4.945132	7.3216576E-008
4.945382	7.8676543E-008
4.945632	8.5795698E-008
4.945882	9.2058954E-008
4.946132	9.8447281E-008
4.946382	1.0493773E-007
4.946632	1.1264742E-007
4.946882	1.1935977E-007
4.947132	1.2613582E-007
4.947381	1.3413951E-007
4.947631	1.4105918E-007
4.947882	1.4800023E-007
4.948132	1.5614587E-007
4.948381	1.6314289E-007
4.948631	1.7014575E-007
4.948882	1.7712915E-007
4.949131	1.8527467E-007
4.949381	1.9219847E-007
4.949631	1.9910451E-007
4.949881	2.0707220E-007
4.950131	2.1386046E-007
4.950381	2.2053371E-007
4.950631	2.2822543E-007
4.950881	2.3418352E-007
4.951131	2.4060094E-007
4.951381	2.4790967E-007
4.951631	2.5407894E-007
4.951881	2.6006325E-007
4.952131	2.6689722E-007
4.952381	2.7260944E-007
4.952631	2.7815616E-007
4.952881	2.8439439E-007
4.953131	2.8957027E-007
4.953381	2.9454517E-007
4.953631	3.0017671E-007
4.953881	3.0475803E-007
4.954131	3.0910039E-007
4.954381	3.1333124E-007
4.954631	3.1791481E-007
4.954881	3.2164465E-007
4.955131	3.2517906E-007
4.95538	3.2900951E-007
4.955631	3.3201718E-007
4.955881	3.3484173E-007
4.956131	3.3756766E-007
4.95638	3.3990432E-007
4.95663	3.4195713E-007
4.956881	3.4409385E-007
4.95713	3.4568660E-007
4.95738	3.4698604E-007
4.95763	3.4821434E-007
4.95788	3.4904232E-007
4.95813	3.4957864E-007
4.95838	3.4994721E-007
4.95863	3.5001980E-007
4.95888	3.4979931E-007
4.95913	3.4926390E-007
4.95938	3.4858729E-007
4.95963	3.4762539E-007
4.95988	3.4625199E-007
4.96013	3.4482593E-007
4.96038	3.4314391E-007
4.96063	3.4095422E-007
4.96088	3.3883038E-007
4.96113	3.3646930E-007
4.96138	3.3370790E-007
4.96163	3.3096890E-007
4.96188	3.2798536E-007
4.96213	3.2432968E-007
4.96238	3.2092808E-007
4.96263	3.1739654E-007
4.96288	3.1303426E-007
4.96313	3.0907043E-007
4.963379	3.0498111E-007
4.96363	2.9998486E-007
4.96388	2.9555704E-007
4.964129	2.9098575E-007
4.964379	2.8545975E-007
4.96463	2.8061666E-007
4.96488	2.7560989E-007
4.965129	2.6962852E-007
4.965379	2.6443703E-007
4.965629	2.5910643E-007
4.965879	2.5274224E-007
4.966129	2.4723229E-007
4.966379	2.4161019E-007
4.966629	2.3546967E-007
4.966879	2.2974018E-007
4.967129	2.2391627E-007
4.967379	2.1709087E-007
4.967629	2.1120934E-007
4.967879	2.0526838E-007
4.968129	1.9833210E-007
4.968379	1.9236883E-007
4.968629	1.8638373E-007
4.968879	1.7940972E-007
4.969129	1.7346389E-007
4.969379	1.6747718E-007
4.969629	1.6056295E-007
4.969879	1.5466301E-007
4.970129	1.4876912E-007
4.970379	1.4199321E-007
4.970629	1.3622632E-007
4.970879	1.3050774E-007
4.971128	1.2393321E-007
4.971379	1.1835992E-007
4.971629	1.1286829E-007
4.971879	1.0701848E-007
4.972128	1.0169833E-007
4.972378	9.6478217E-008
4.972629	9.0518746E-008
4.972878	8.5527439E-008
4.973128	8.0629817E-008
4.973378	7.5093375E-008
4.973629	7.0454831E-008
4.973878	6.5206855E-008
4.974128	6.0850233E-008
4.974378	5.6631812E-008
4.974628	5.1866884E-008
4.974878	4.7950113E-008
4.975128	4.4177284E-008
4.975378	3.9963144E-008
4.975628	3.6512400E-008
4.975878	3.3215581E-008
4.976128	2.9561484E-008
4.976378	2.6599130E-008
4.976628	2.3803899E-008
4.976878	2.0748130E-008
4.977128	1.8498245E-008
4.977378	1.6205263E-008
4.977628	1.3738171E-008
4.977878	1.1805637E-008
4.978128	1.0036226E-008
4.978378	8.1880671E-009
4.978628	6.7844974E-009
4.978878	5.3551212E-009
4.979127	4.3136739E-009
4.979378	3.4355574E-009
4.979628	2.6201370E-009
4.979877	2.0992368E-009
4.980127	1.7394368E-009
4.980378	1.5236608E-009
4.980628	1.5087182E-009
4.980877	1.6524945E-009
4.981127	2.0148829E-009
4.981377	2.4903779E-009
4.981627	3.1153824E-009
4.981877	4.0287498E-009
4.982127	4.9667963E-009
4.982377	5.9515526E-009
4.982627	7.3708937E-009
4.982877	8.7305008E-009
4.983127	1.0480429E-008
4.983377	1.2118908E-008
4.983627	1.3875693E-008
4.983877	1.6073345E-008
4.984127	1.8083956E-008
4.984377	2.0199151E-008
4.984627	2.2800515E-008
4.984877	2.5138998E-008
4.985127	2.7574243E-008
4.985377	3.0526607E-008
4.985627	3.3140953E-008
4.985877	3.6301113E-008
4.986127	3.9094090E-008
4.986377	4.1950674E-008
4.986627	4.5360341E-008
4.986876	4.8353886E-008
4.987127	5.1401464E-008
4.987377	5.5013043E-008
4.987627	5.7895537E-008
4.987876	6.1068427E-008
4.988126	6.4822615E-008
4.988377	6.8053950E-008
4.988626	7.1327769E-008
4.988876	7.5151107E-008
4.989126	7.8449730E-008
4.989377	8.2294960E-008
4.989626	8.5599005E-008
4.989876	8.8891575E-008
4.990126	9.2722296E-008
4.990376	9.5984845E-008
4.990626	9.9245796E-008
4.990876	1.0299280E-007
4.991126	1.0617656E-007
4.991376	1.0984650E-007
4.991626	1.1297205E-007
4.991876	1.1602592E-007
4.992126	1.1953230E-007
4.992376	1.2248292E-007
4.992626	1.2513887E-007
4.992876	1.2844612E-007
4.993126	1.3120643E-007
4.993376	1.3434695E-007
4.993626	1.3695771E-007
4.993876	1.3948699E-007
4.994126	1.4233561E-007
4.994376	1.4469234E-007
4.994626	1.4695493E-007
4.994875	1.4949488E-007
4.995126	1.5157292E-007
4.995376	1.5353886E-007
4.995625	1.5572626E-007
4.995875	1.5748378E-007
4.996126	1.5940189E-007
4.996376	1.6094145E-007
4.996625	1.6237013E-007
4.996875	1.6390869E-007
4.997125	1.6507882E-007
4.997375	1.6618877E-007
4.997625	1.6730726E-007
4.997875	1.6806842E-007
4.998125	1.6892555E-007
4.998375	1.6952892E-007
4.998625	1.7003337E-007
4.998875	1.7046906E-007
4.999125	1.7069830E-007
4.999375	1.7082675E-007
4.999625	1.7085232E-007
4.999875	1.7071763E-007
5.000125	1.7042900E-007
5.000375	1.7007841E-007
5.000625	1.6960351E-007
5.000875	1.6888687E-007
5.001125	1.6817380E-007
5.001375	1.6721282E-007
5.001625	1.6627996E-007
5.001875	1.6521450E-007
5.002125	1.6386562E-007
5.002375	1.6261049E-007
5.002625	1.6124216E-007
5.002875	1.5964063E-007
5.003125	1.5807561E-007
5.003375	1.5613318E-007
5.003624	1.5438323E-007
5.003874	1.5251287E-007
5.004125	1.5025377E-007
5.004375	1.4821846E-007
5.004624	1.4576243E-007
5.004874	1.4356851E-007
5.005125	1.4131292E-007
5.005374	1.3859659E-007
5.005624	1.3618393E-007
5.005874	1.3330185E-007
5.006124	1.3079045E-007
5.006374	1.2819947E-007
5.006624	1.2513766E-007
5.006874	1.2243368E-007
5.007124	1.1971503E-007
5.007374	1.1648376E-007
5.007624	1.1368056E-007
5.007874	1.1083029E-007
5.008124	1.0772833E-007
5.008374	1.0484420E-007
5.008624	1.0144268E-007
5.008874	9.8507556E-008
5.009124	9.5575956E-008
5.009374	9.2133234E-008
5.009624	8.9180247E-008
5.009874	8.5742634E-008
5.010124	8.2788581E-008
5.010374	7.9860513E-008
5.010623	7.6447201E-008
5.010874	7.3529840E-008
5.011124	7.0158720E-008
5.011374	6.7294977E-008
5.011623	6.4451662E-008
5.011874	6.1183840E-008
5.012124	5.8403597E-008
5.012373	5.5216539E-008
5.012623	5.2528751E-008
5.012874	4.9883862E-008
5.013124	4.7063867E-008
5.013373	4.4518121E-008
5.013623	4.1618314E-008
5.013873	3.9187661E-008
5.014123	3.6805250E-008
5.014373	3.4114912E-008
5.014623	3.1872847E-008
5.014873	2.9340505E-008
5.015123	2.7244878E-008
5.015373	2.5214010E-008
5.015623	2.2940299E-008
5.015873	2.1068923E-008
5.016123	1.8982789E-008
5.016373	1.7273649E-008
5.016623	1.5647821E-008
5.016873	1.3852626E-008
5.017123	1.2400641E-008
5.017373	1.0812379E-008
5.017623	9.5400283E-009
5.017873	8.3532576E-009
5.018123	7.0781265E-009
5.018373	6.1609318E-009
5.018623	5.0956910E-009
5.018873	4.2764783E-009
5.019123	3.5447136E-009
5.019372	2.8029039E-009
5.019623	2.2627222E-009
5.019873	1.7427105E-009
5.020123	1.3913969E-009
5.020372	1.1270921E-009
5.020622	9.2859453E-010
5.020873	8.5143059E-010
5.021122	8.6905483E-010
5.021372	9.7464081E-010
5.021622	1.1644917E-009
5.021873	1.4905730E-009
5.022122	1.8572033E-009
5.022372	2.3865652E-009
5.022622	2.9238876E-009
5.022872	3.5402992E-009
5.023122	4.3536232E-009
5.023372	5.0624664E-009
5.023622	6.0516148E-009
5.023872	6.9750272E-009
5.024122	7.9665510E-009
5.024372	9.2075192E-009
5.024622	1.0339752E-008
5.024872	1.1735636E-008
5.025122	1.2998893E-008
5.025372	1.4543276E-008
5.025622	1.5923977E-008
5.025872	1.7357687E-008
5.026122	1.9092665E-008
5.026372	2.0627819E-008
5.026622	2.2476497E-008
5.026872	2.4101382E-008
5.027122	2.5771389E-008
5.027371	2.7760768E-008
5.027622	2.9496807E-008
5.027872	3.1564337E-008
5.028121	3.3363197E-008
5.028371	3.5182982E-008
5.028622	3.7187046E-008
5.028872	3.9052324E-008
5.029121	4.1244952E-008
5.029371	4.3135170E-008
5.029621	4.5354888E-008
5.029871	4.7258990E-008
5.030121	4.9486683E-008
5.030371	5.1403998E-008
5.030621	5.3310483E-008
5.030871	5.5533746E-008
5.031121	5.7422195E-008
5.031371	5.9611892E-008
5.031621	6.1480172E-008
5.031871	6.3327242E-008
5.032121	6.5454479E-008
5.032371	6.7259904E-008
5.032621	6.9329623E-008
5.032871	7.1072506E-008
5.033121	7.3071028E-008
5.033371	7.4755533E-008
5.033621	7.6257869E-008
5.033871	7.8122369E-008
5.034121	7.9679623E-008
5.034371	8.1451226E-008
5.034621	8.2916394E-008
5.034871	8.4338360E-008
5.03512	8.5947832E-008
5.035371	8.7249916E-008
5.035621	8.8727880E-008
5.035871	8.9929387E-008
5.03612	9.1260830E-008
5.03637	9.2360523E-008
5.036621	9.3393716E-008
5.03687	9.4513084E-008
5.03712	9.5403649E-008
5.03737	9.6378322E-008
5.037621	9.7142248E-008
5.03787	9.7949005E-008
5.03812	9.8574752E-008
5.03837	9.9139164E-008
5.03862	9.9667879E-008
5.03887	1.0009295E-007
5.03912	1.0050956E-007
5.03937	1.0079228E-007
5.03962	1.0104070E-007
5.03987	1.0117142E-007
5.04012	1.0125100E-007
5.04037	1.0126145E-007
5.04062	1.0118891E-007
5.04087	1.0101706E-007
5.04112	1.0080203E-007
5.04137	1.0047115E-007
5.04162	1.0010759E-007
5.04187	9.9607107E-008
5.04212	9.9120776E-008
5.04237	9.8556043E-008
5.04262	9.7842687E-008
5.04287	9.7154008E-008
5.043119	9.6273823E-008
5.04337	9.5459136E-008
5.04362	9.4506802E-008
5.043869	9.3591105E-008
5.044119	9.2598320E-008
5.04437	9.1394277E-008
5.04462	9.0282356E-008
5.044869	8.8944361E-008
5.045119	8.7742272E-008
5.045369	8.6285503E-008
5.045619	8.4980798E-008
5.045869	8.3646178E-008
5.046119	8.2036287E-008
5.046369	8.0602760E-008
5.046619	7.8899397E-008
5.046869	7.7400315E-008
5.047119	7.5602841E-008
5.047369	7.4037608E-008
5.047619	7.2449218E-008
5.047869	7.0566223E-008
5.048119	6.8911966E-008
5.048369	6.6968447E-008
5.048619	6.5416984E-008
5.048869	6.3430420E-008
5.049119	6.1709393E-008
5.049369	5.9688404E-008
5.049619	5.7946782E-008
5.049869	5.5908391E-008
5.050119	5.4149723E-008
5.050369	5.2396626E-008
5.050619	5.0349779E-008
5.050869	4.8596970E-008
5.051119	4.6555279E-008
5.051369	4.4818389E-008
5.051619	4.2803627E-008
5.051868	4.1080835E-008
5.052118	3.9374498E-008
5.052369	3.7411663E-008
5.052619	3.5742751E-008
5.052868	3.3821539E-008
5.053118	3.2200415E-008
5.053369	3.0337873E-008
5.053618	2.8898180E-008
5.053868	2.7105145E-008
5.054118	2.5598323E-008
5.054368	2.4122347E-008
5.054618	2.2446850E-008
5.054868	2.1044203E-008
5.055118	1.9456111E-008
5.055368	1.8137712E-008
5.055618	1.6647874E-008
5.055868	1.5411874E-008
5.056118	1.4028778E-008
5.056368	1.2890191E-008
5.056618	1.1619632E-008
5.056868	1.0579880E-008
5.057118	9.5870085E-009
5.057368	8.4906890E-009
5.057618	7.6046591E-009
5.057868	6.6327384E-009
5.058118	5.8549356E-009
5.058368	5.0133662E-009
5.058618	4.4019441E-009
5.058867	3.6869452E-009
5.059118	3.1324718E-009
5.059368	2.6313862E-009
5.059618	2.1133850E-009
5.059867	1.7285011E-009
5.060118	1.3482547E-009
5.060368	1.0806777E-009
5.060617	8.3721036E-010
5.060867	6.8701939E-010
5.061117	5.7957017E-010
5.061368	5.4556037E-010
5.061617	5.7300598E-010
5.061867	6.5341282E-010
5.062117	8.1358043E-010
5.062367	1.0064883E-009
5.062617	1.2506923E-009
5.062867	1.5987556E-009
5.063117	1.9504058E-009
5.063367	2.4222102E-009
5.063617	2.8387113E-009
5.063867	3.4256840E-009
5.064117	3.9779584E-009
5.064367	4.6782946E-009
5.064617	5.3266378E-009
5.064867	6.1334138E-009
5.065117	6.8716535E-009
5.065367	7.7805371E-009
5.065617	8.6009875E-009
5.065867	9.4588444E-009
5.066117	1.0504511E-008
5.066367	1.1435959E-008
5.066617	1.2564470E-008
5.066867	1.3563437E-008
5.067117	1.4764137E-008
5.067367	1.5821914E-008
5.067616	1.7089620E-008
5.067866	1.8199716E-008
5.068117	1.9524506E-008
5.068367	2.0679018E-008
5.068616	2.1950722E-008
5.068866	2.3142515E-008
5.069117	2.4550719E-008
5.069366	2.5774851E-008
5.069616	2.7004424E-008
5.069866	2.8453403E-008
5.070116	2.9695910E-008
5.070366	3.1164042E-008
5.070616	3.2419159E-008
5.070866	3.3885698E-008
5.071116	3.5142925E-008
5.071366	3.6607155E-008
5.071616	3.7854232E-008
5.071866	3.9304478E-008
5.072116	4.0534363E-008
5.072366	4.1962227E-008
5.072616	4.3173415E-008
5.072866	4.4563418E-008
5.073116	4.5745534E-008
5.073366	4.7000530E-008
5.073616	4.8146354E-008
5.073866	4.9271932E-008
5.074116	5.0550454E-008
5.074366	5.1619736E-008
5.074615	5.2846470E-008
5.074866	5.3858930E-008
5.075116	5.5017924E-008
5.075366	5.5971871E-008
5.075615	5.7051011E-008
5.075866	5.7940031E-008
5.076116	5.8933878E-008
5.076365	5.9751358E-008
5.076615	6.0664973E-008
5.076865	6.1395170E-008
5.077116	6.2223869E-008
5.077365	6.2880254E-008
5.077615	6.3597334E-008
5.077865	6.4176817E-008
5.078115	6.4706079E-008
5.078365	6.5241025E-008
5.078615	6.5701947E-008
5.078865	6.6174849E-008
5.079115	6.6579808E-008
5.079365	6.6898906E-008
5.079615	6.7157117E-008
5.079865	6.7413247E-008
5.080115	6.7582754E-008
5.080365	6.7723306E-008
5.080615	6.7793508E-008
5.080865	6.7833440E-008
5.081115	6.7807470E-008
5.081365	6.7732131E-008
5.081615	6.7612028E-008
5.081865	6.7426953E-008
5.082115	6.7224910E-008
5.082365	6.6931648E-008
5.082615	6.6631515E-008
5.082865	6.6232822E-008
5.083115	6.5844354E-008
5.083364	6.5373762E-008
5.083614	6.4901833E-008
5.083865	6.4303869E-008
5.084115	6.3749148E-008
5.084364	6.3050436E-008
5.084614	6.2415204E-008
5.084865	6.1738966E-008
5.085114	6.0925188E-008
5.085364	6.0050041E-008
5.085614	5.9262305E-008
5.085864	5.8319319E-008
5.086114	5.7465407E-008
5.086364	5.6442136E-008
5.086614	5.5532762E-008
5.086864	5.4600790E-008
5.087114	5.3471073E-008
5.087364	5.2487980E-008
5.087614	5.1301630E-008
5.087864	5.0094631E-008
5.088114	4.9133281E-008
5.088364	4.8056670E-008
5.088614	4.6786795E-008
5.088864	4.5678455E-008
5.089114	4.4372111E-008
5.089364	4.3238927E-008
5.089614	4.1903199E-008
5.089864	4.0751065E-008
5.090114	3.9393733E-008
5.090364	3.8223032E-008
5.090614	3.6858314E-008
5.090864	3.5680596E-008
5.091114	3.4308101E-008
5.091363	3.3132565E-008
5.091614	3.1763147E-008
5.091864	3.0592009E-008
5.092113	2.9237526E-008
5.092363	2.8079562E-008
5.092613	2.6742757E-008
5.092864	2.5603470E-008
5.093113	2.4387967E-008
5.093363	2.3273682E-008
5.093613	2.1997868E-008
5.093863	2.0918307E-008
5.094113	1.9678161E-008
5.094363	1.8636188E-008
5.094613	1.7447121E-008
5.094863	1.6447752E-008
5.095113	1.5312043E-008
5.095363	1.4363245E-008
5.095613	1.3283166E-008
5.095863	1.2388087E-008
5.096113	1.1376676E-008
5.096363	1.0538778E-008
5.096613	9.5978727E-009
5.096863	8.8233492E-009
5.097113	7.9567091E-009
5.097363	7.2500503E-009
5.097613	6.4629906E-009
5.097863	5.8766378E-009
5.098113	5.1693845E-009
5.098363	4.6009436E-009
5.098613	3.9809049E-009
5.098863	3.4875052E-009
5.099113	2.9560538E-009
5.099362	2.5400169E-009
5.099613	2.0995587E-009
5.099863	1.7617034E-009
5.100112	1.4143340E-009
5.100362	1.1563256E-009
5.100613	9.0254026E-010
5.100863	7.2486928E-010
5.101112	5.6452032E-010
5.101362	4.6753451E-010
5.101612	4.0136841E-010
5.101862	3.8458078E-010
5.102112	4.1140824E-010
5.102362	4.7400384E-010
5.102612	5.9259286E-010
5.102862	7.2007950E-010
5.103112	9.2525909E-010
5.103362	1.1780978E-009
5.103612	1.4320561E-009
5.103862	1.7714505E-009
5.104112	2.0981672E-009
5.104362	2.5206721E-009
5.104612	2.9173237E-009
5.104862	3.4194931E-009
5.105112	3.8834123E-009
5.105362	4.4611492E-009
5.105612	4.9872968E-009
5.105862	5.6370415E-009
5.106112	6.2227969E-009
5.106362	6.9397563E-009
5.106612	7.5784525E-009
5.106862	8.3570759E-009
5.107111	9.0467367E-009
5.107362	9.8806527E-009
5.107612	1.0554510E-008
5.107862	1.1436098E-008
5.108111	1.2211800E-008
5.108361	1.3137952E-008
5.108612	1.3948079E-008
5.108861	1.4912658E-008
5.109111	1.5752708E-008
5.109361	1.6751303E-008
5.109612	1.7613919E-008
5.109861	1.8635676E-008
5.110111	1.9521334E-008
5.110361	2.0560789E-008
5.110611	2.1455765E-008
5.110861	2.2504706E-008
5.111111	2.3411378E-008
5.111361	2.4463288E-008
5.111611	2.5372019E-008
5.111861	2.6428671E-008
5.112111	2.7480588E-008
5.112361	2.8301606E-008
5.112611	2.9342557E-008
5.112861	3.0228353E-008
5.113111	3.1248494E-008
5.113361	3.2114311E-008
5.113611	3.3113857E-008
5.113861	3.3957715E-008
5.114111	3.4927140E-008
5.114361	3.5741643E-008
5.114611	3.6672766E-008
5.114861	3.7453891E-008
5.11511	3.8348784E-008
5.115361	3.9092683E-008
5.115611	3.9936381E-008
5.11586	4.0750237E-008
5.11611	4.1424833E-008
5.116361	4.2188564E-008
5.116611	4.2810552E-008
5.11686	4.3518192E-008
5.11711	4.4088399E-008
5.11736	4.4683667E-008
5.11761	4.5204441E-008
5.11786	4.5781267E-008
5.11811	4.6243127E-008
5.11836	4.6745210E-008
5.11861	4.7150738E-008
5.11886	4.7580606E-008
5.11911	4.7917499E-008
5.11936	4.8275744E-008
5.11961	4.8549001E-008
5.11986	4.8830799E-008
5.12011	4.9066021E-008
5.12036	4.9235933E-008
5.12061	4.9400203E-008
5.12086	4.9497711E-008
5.12111	4.9582994E-008
5.12136	4.9616411E-008
5.12161	4.9618023E-008
5.12186	4.9579185E-008
5.12211	4.9506827E-008
5.12236	4.9407124E-008
5.12261	4.9248531E-008
5.122859	4.9081962E-008
5.12311	4.8854236E-008
5.12336	4.8621949E-008
5.12361	4.8314835E-008
5.123859	4.7963734E-008
5.124109	4.7633588E-008
5.12436	4.7209895E-008
5.124609	4.6817831E-008
5.124859	4.6332453E-008
5.125109	4.5878078E-008
5.12536	4.5322263E-008
5.125609	4.4817192E-008
5.125859	4.4201276E-008
5.126109	4.3637264E-008
5.126359	4.2962167E-008
5.126609	4.2355065E-008
5.126859	4.1674991E-008
5.127109	4.1019902E-008
5.127359	4.0239911E-008
5.127609	3.9432901E-008
5.127859	3.8720152E-008
5.128109	3.7870471E-008
5.128359	3.7123364E-008
5.128609	3.6234191E-008
5.128859	3.5457564E-008
5.129109	3.4535518E-008
5.129359	3.3729101E-008
5.129609	3.2781326E-008
5.129859	3.1959608E-008
5.130109	3.0987405E-008
5.130359	3.0008394E-008
5.130609	2.9160283E-008
5.130859	2.8167191E-008
5.131109	2.7312534E-008
5.131359	2.6311215E-008
5.131608	2.5525015E-008
5.131858	2.4522340E-008
5.132109	2.3664368E-008
5.132359	2.2665901E-008
5.132608	2.1670056E-008
5.132858	2.0823151E-008
5.133109	1.9844414E-008
5.133358	1.9010688E-008
5.133608	1.8048388E-008
5.133858	1.7233184E-008
5.134108	1.6294319E-008
5.134358	1.5500925E-008
5.134608	1.4591629E-008
5.134858	1.3825060E-008
5.135108	1.2946323E-008
5.135358	1.2213683E-008
5.135608	1.1374014E-008
5.135858	1.0559511E-008
5.136108	9.8797974E-009
5.136358	9.1646930E-009
5.136608	8.5234388E-009
5.136858	7.8020665E-009
5.137108	7.2054402E-009
5.137358	6.5370549E-009
5.137608	5.8969531E-009
5.137858	5.3741394E-009
5.138108	4.7926458E-009
5.138358	4.3207797E-009
5.138608	3.8006092E-009
5.138858	3.3814471E-009
5.139108	2.9243885E-009
5.139358	2.5615974E-009
5.139607	2.1708142E-009
5.139858	1.8154700E-009
5.140108	1.5403417E-009
5.140357	1.2531806E-009
5.140607	1.0362545E-009
5.140857	8.1832580E-010
5.141108	6.7339267E-010
5.141357	5.2240834E-010
5.141607	4.2285214E-010
5.141857	3.4175138E-010
5.142107	3.0219921E-010
5.142357	2.9087655E-010
5.142607	3.1689665E-010
5.142857	3.6866538E-010
5.143107	4.6338650E-010
5.143357	5.7375810E-010
5.143607	7.3598821E-010
5.143857	9.0337049E-010
5.144107	1.1311956E-009
5.144357	1.3940678E-009
5.144607	1.6460495E-009
5.144857	1.9719690E-009
5.145107	2.2772388E-009
5.145357	2.6634170E-009
5.145607	3.0190450E-009
5.145857	3.4297221E-009
5.146107	3.9001948E-009
5.146357	4.3258659E-009
5.146607	4.8491882E-009
5.146857	5.3188782E-009
5.147107	5.8917293E-009
5.147357	6.4010757E-009
5.147606	7.0192083E-009
5.147857	7.5653936E-009
5.148107	8.2245499E-009
5.148356	8.9037142E-009
5.148606	9.4996260E-009
5.148857	1.0212065E-008
5.149107	1.0837406E-008
5.149356	1.1578876E-008
5.149606	1.2226030E-008
5.149856	1.2992791E-008
5.150106	1.3771411E-008
5.150356	1.4445260E-008
5.150606	1.5184684E-008
5.150856	1.5871690E-008
5.151106	1.6679552E-008
5.151356	1.7374905E-008
5.151606	1.8188571E-008
5.151856	1.9005299E-008
5.152106	1.9707539E-008
5.152356	2.0524324E-008
5.152606	2.1222776E-008
5.152856	2.2035168E-008
5.153106	2.2841061E-008
5.153356	2.3527576E-008
5.153606	2.4321482E-008
5.153856	2.4992186E-008
5.154106	2.5769243E-008
5.154356	2.6425905E-008
5.154606	2.7179725E-008
5.154856	2.7920111E-008
5.155106	2.8537626E-008
5.155355	2.9200516E-008
5.155606	2.9798366E-008
5.155856	3.0481218E-008
5.156106	3.1044735E-008
5.156355	3.1687772E-008
5.156605	3.2304921E-008
5.156856	3.2818541E-008
5.157105	3.3396717E-008
5.157355	3.3871672E-008
5.157605	3.4403950E-008
5.157856	3.4837655E-008
5.158105	3.5317843E-008
5.158355	3.5773120E-008
5.158605	3.6139280E-008
5.158855	3.6541561E-008
5.159105	3.6864179E-008
5.159355	3.7207506E-008
5.159605	3.7479165E-008
5.159855	3.7745455E-008
5.160105	3.8008302E-008
5.160355	3.8204444E-008
5.160605	3.8405091E-008
5.160855	3.8550056E-008
5.161105	3.8689883E-008
5.161355	3.8793459E-008
5.161605	3.8857394E-008
5.161855	3.8902929E-008
5.162105	3.8914074E-008
5.162355	3.8901259E-008
5.162605	3.8857198E-008
5.162855	3.8776900E-008
5.163105	3.8666869E-008
5.163354	3.8545345E-008
5.163605	3.8379124E-008
5.163855	3.8206835E-008
5.164104	3.7977980E-008
5.164354	3.7714361E-008
5.164605	3.7487048E-008
5.164855	3.7172473E-008
5.165104	3.6881428E-008
5.165354	3.6509284E-008
5.165604	3.6111807E-008
5.165854	3.5748428E-008
5.166104	3.5296811E-008
5.166354	3.4893610E-008
5.166604	3.4393953E-008
5.166854	3.3950659E-008
5.167104	3.3403488E-008
5.167354	3.2842038E-008
5.167604	3.2339685E-008
5.167854	3.1735627E-008
5.168104	3.1203321E-008
5.168354	3.0557167E-008
5.168604	2.9901006E-008
5.168854	2.9322262E-008
5.169104	2.8629891E-008
5.169354	2.8079514E-008
5.169604	2.7364273E-008
5.169854	2.6632343E-008
5.170104	2.5998753E-008
5.170354	2.5253472E-008
5.170604	2.4605759E-008
5.170854	2.3842658E-008
5.171103	2.3070625E-008
5.171354	2.2406017E-008
5.171604	2.1629649E-008
5.171854	2.0958264E-008
5.172103	2.0174177E-008
5.172353	1.9391809E-008
5.172604	1.8719767E-008
5.172853	1.7937273E-008
5.173103	1.7269398E-008
5.173353	1.6494361E-008
5.173604	1.5726309E-008
5.173853	1.5124339E-008
5.174103	1.4368822E-008
5.174353	1.3727377E-008
5.174603	1.2991267E-008
5.174853	1.2261911E-008
5.175103	1.1647300E-008
5.175353	1.0944804E-008
5.175603	1.0352257E-008
5.175853	9.6777164E-009
5.176103	9.0182120E-009
5.176353	8.4653973E-009
5.176603	7.8403160E-009
5.176853	7.3176993E-009
5.177103	6.7279373E-009
5.177353	6.1603900E-009
5.177603	5.6907341E-009
5.177853	5.1623963E-009
5.178103	4.7294586E-009
5.178353	4.2462758E-009
5.178603	3.8198742E-009
5.178853	3.4462886E-009
5.179102	3.0336735E-009
5.179353	2.7011595E-009
5.179603	2.3383457E-009
5.179852	2.0036193E-009
5.180102	1.7387566E-009
5.180353	1.4557371E-009
5.180603	1.2015895E-009
5.180852	1.0067910E-009
5.181102	8.0708162E-010
5.181352	6.5939176E-010
5.181602	5.1427085E-010
5.181852	3.9923187E-010
5.182102	3.2423009E-010
5.182352	2.6459726E-010
5.182602	2.3729119E-010
5.182852	2.3307414E-010
5.183102	2.5579611E-010
5.183352	2.9939931E-010
5.183602	3.7763673E-010
5.183852	4.6762694E-010
5.184102	5.9985167E-010
5.184352	7.6062134E-010
5.184602	9.2051006E-010
5.184852	1.1336883E-009
5.185102	1.3735771E-009
5.185352	1.6005750E-009
5.185602	1.8905357E-009
5.185852	2.1593642E-009
5.186102	2.4966118E-009
5.186352	2.8582479E-009
5.186602	3.1867924E-009
5.186852	3.5928396E-009
5.187102	4.0202437E-009
5.187352	4.4039576E-009
5.187602	4.8722373E-009
5.187851	5.2531020E-009
5.188101	5.7562750E-009
5.188352	6.2769545E-009
5.188601	6.7374439E-009
5.188851	7.2896968E-009
5.189101	7.8593354E-009
5.189352	8.3574170E-009
5.189601	8.9523624E-009
5.189851	9.4716590E-009
5.190101	1.0088855E-008
5.190351	1.0715853E-008
5.190601	1.1261593E-008
5.190851	1.1906058E-008
5.191101	1.2464310E-008
5.191351	1.3120813E-008
5.191601	1.3784090E-008
5.191851	1.4355307E-008
5.192101	1.5023565E-008
5.192351	1.5550377E-008
5.192601	1.6221145E-008
5.192851	1.6893503E-008
5.193101	1.7468127E-008
5.193351	1.8136072E-008
5.193601	1.8798085E-008
5.193851	1.9361920E-008
5.194101	2.0020607E-008
5.194351	2.0665501E-008
5.194601	2.1213156E-008
5.19485	2.1845597E-008
5.195101	2.2380227E-008
5.195351	2.2994932E-008
5.195601	2.3594358E-008
5.19585	2.4101446E-008
5.196101	2.4680801E-008
5.196351	2.5238331E-008
5.1966	2.5707568E-008
5.19685	2.6238604E-008
5.1971	2.6721063E-008
5.197351	2.7146511E-008
5.1976	2.7628783E-008
5.19785	2.8024054E-008
5.1981	2.8472163E-008
5.19835	2.8892927E-008
5.1986	2.9238793E-008
5.19885	2.9622765E-008
5.1991	2.9980463E-008
5.19935	3.0270229E-008
5.1996	3.0589913E-008
5.19985	3.0841314E-008
5.2001	3.1112290E-008
5.20035	3.1357740E-008
5.2006	3.1547295E-008
5.20085	3.1745312E-008
5.2011	3.1916699E-008
5.20135	3.2042060E-008
5.2016	3.2155828E-008
5.20185	3.2237381E-008
5.2021	3.2313988E-008
5.20235	3.2358521E-008
5.2026	3.2375731E-008
5.20285	3.2372963E-008
5.2031	3.2340008E-008
5.20335	3.2296718E-008
5.203599	3.2216796E-008
5.203849	3.2104477E-008
5.2041	3.1990592E-008
5.20435	3.1837128E-008
5.204599	3.1652473E-008
5.204849	3.1475068E-008
5.2051	3.1245484E-008
5.205349	3.1030346E-008
5.205599	3.0753096E-008
5.205849	3.0451179E-008
5.206099	3.0197736E-008
5.206349	2.9859358E-008
5.206599	2.9496064E-008
5.206849	2.9165760E-008
5.207099	2.8764800E-008
5.207349	2.8338709E-008
5.207599	2.7958206E-008
5.207849	2.7495975E-008
5.208099	2.7018675E-008
5.208349	2.6593376E-008
5.208599	2.6080798E-008
5.208849	2.5628898E-008
5.209099	2.5091127E-008
5.209349	2.4535575E-008
5.209599	2.4048573E-008
5.209849	2.3467878E-008
5.210099	2.2878291E-008
5.210349	2.2362778E-008
5.210598	2.1753667E-008
5.210849	2.1180954E-008
5.211099	2.0645247E-008
5.211349	2.0014271E-008
5.211598	1.9469768E-008
5.211849	1.8829036E-008
5.212099	1.8184567E-008
5.212348	1.7628347E-008
5.212598	1.6978673E-008
5.212848	1.6328306E-008
5.213099	1.5770597E-008
5.213348	1.5121314E-008
5.213598	1.4475275E-008
5.213848	1.3923221E-008
5.214098	1.3282157E-008
5.214348	1.2647558E-008
5.214598	1.2107468E-008
5.214848	1.1486120E-008
5.215098	1.0870411E-008
5.215348	1.0394174E-008
5.215598	9.7971968E-009
5.215848	9.2100878E-009
5.216098	8.7167509E-009
5.216348	8.1523650E-009
5.216598	7.6018729E-009
5.216848	7.1401116E-009
5.217098	6.6172436E-009
5.217348	6.1087317E-009
5.217598	5.6862284E-009
5.217848	5.2100559E-009
5.218098	4.7518900E-009
5.218348	4.3735895E-009
5.218598	3.9506101E-009
5.218848	3.5482304E-009
5.219098	3.2188545E-009
5.219347	2.8535239E-009
5.219597	2.5111981E-009
5.219848	2.2571631E-009
5.220098	1.9541522E-009
5.220347	1.7126863E-009
5.220597	1.4526529E-009
5.220848	1.2162135E-009
5.221097	1.0327056E-009
5.221347	8.4096463E-010
5.221597	6.7373540E-010
5.221847	5.4988097E-010
5.222097	4.2847409E-010
5.222347	3.3250624E-010
5.222597	2.6981917E-010
5.222847	2.2009471E-010
5.223097	1.9554884E-010
5.223347	1.9444782E-010
5.223597	2.1638340E-010
5.223847	2.6309180E-010
5.224097	3.2309197E-010
5.224347	4.0840439E-010
5.224597	5.2364346E-010
5.224847	6.4195005E-010
5.225097	8.0204998E-010
5.225347	9.8572950E-010
5.225597	1.1614615E-009
5.225847	1.3882842E-009
5.226097	1.6370986E-009
5.226346	1.8678439E-009
5.226597	2.1570696E-009
5.226847	2.4670690E-009
5.227097	2.7496738E-009
5.227346	3.0973193E-009
5.227597	3.4640173E-009
5.227847	3.7931778E-009
5.228096	4.1945514E-009
5.228346	4.6120361E-009
5.228596	4.9836069E-009
5.228847	5.3995501E-009
5.229096	5.8609513E-009
5.229346	6.2686287E-009
5.229596	6.7575092E-009
5.229846	7.2579964E-009
5.230096	7.6963387E-009
5.230346	8.2196099E-009
5.230596	8.7504697E-009
5.230846	9.2137693E-009
5.231096	9.7642019E-009
5.231346	1.0318344E-008
5.231596	1.0801030E-008
5.231846	1.1370256E-008
5.232096	1.1941744E-008
5.232346	1.2435325E-008
5.232596	1.3016928E-008
5.232846	1.3595758E-008
5.233096	1.4180030E-008
5.233346	1.4634553E-008
5.233596	1.5215223E-008
5.233846	1.5794578E-008
5.234096	1.6290137E-008
5.234346	1.6861996E-008
5.234596	1.7430379E-008
5.234846	1.7915706E-008
5.235096	1.8471274E-008
5.235345	1.9022135E-008
5.235596	1.9485791E-008
5.235846	2.0024707E-008
5.236095	2.0547583E-008
5.236345	2.0988319E-008
5.236596	2.1494071E-008
5.236845	2.1985596E-008
5.237095	2.2395163E-008
5.237345	2.2862546E-008
5.237595	2.3314694E-008
5.237845	2.3658272E-008
5.238095	2.4084230E-008
5.238345	2.4491062E-008
5.238595	2.4828338E-008
5.238845	2.5204560E-008
5.239095	2.5560290E-008
5.239345	2.5900832E-008
5.239595	2.6175023E-008
5.239845	2.6477075E-008
5.240095	2.6759270E-008
5.240345	2.6985449E-008
5.240595	2.7225392E-008
5.240845	2.7446774E-008
5.241095	2.7614940E-008
5.241345	2.7796956E-008
5.241595	2.7952664E-008
5.241845	2.8066074E-008
5.242095	2.8185642E-008
5.242345	2.8266120E-008
5.242595	2.8338787E-008
5.242845	2.8379693E-008
5.243094	2.8406241E-008
5.243345	2.8407275E-008
5.243595	2.8393076E-008
5.243845	2.8350797E-008
5.244094	2.8292499E-008
5.244344	2.8216515E-008
5.244595	2.8108168E-008
5.244844	2.7981645E-008
5.245094	2.7850129E-008
5.245344	2.7679125E-008
5.245595	2.7486738E-008
5.245844	2.7303749E-008
5.246094	2.7070117E-008
5.246344	2.6817023E-008
5.246594	2.6579965E-008
5.246844	2.6309483E-008
5.247094	2.5999723E-008
5.247344	2.5670543E-008
5.247594	2.5373025E-008
5.247844	2.5011854E-008
5.248094	2.4630554E-008
5.248344	2.4288727E-008
5.248594	2.3877625E-008
5.248844	2.3450930E-008
5.249094	2.3073483E-008
5.249344	2.2619210E-008
5.249594	2.2149989E-008
5.249844	2.1670781E-008
5.250094	2.1248793E-008
5.250344	2.0745745E-008
5.250594	2.0233731E-008
5.250844	1.9784409E-008
5.251094	1.9294026E-008
5.251344	1.8757364E-008
5.251594	1.8289692E-008
5.251843	1.7739966E-008
5.252093	1.7183744E-008
5.252344	1.6627061E-008
5.252594	1.6144357E-008
5.252843	1.5577626E-008
5.253093	1.5010404E-008
5.253344	1.4523634E-008
5.253593	1.3955422E-008
5.253843	1.3385061E-008
5.254093	1.2899947E-008
5.254343	1.2337199E-008
5.254593	1.1774709E-008
5.254843	1.1219248E-008
5.255093	1.0745165E-008
5.255343	1.0198224E-008
5.255593	9.6971267E-009
5.255843	9.2405230E-009
5.256093	8.7141636E-009
5.256343	8.1983824E-009
5.256593	7.7638234E-009
5.256843	7.2664199E-009
5.257093	6.7812596E-009
5.257343	6.3070598E-009
5.257593	5.9123346E-009
5.257843	5.4632583E-009
5.258093	5.0293574E-009
5.258343	4.6690638E-009
5.258593	4.2626280E-009
5.258842	3.8725525E-009
5.259093	3.4997865E-009
5.259343	3.1937284E-009
5.259593	2.8538401E-009
5.259842	2.5315823E-009
5.260093	2.2922300E-009
5.260343	2.0044106E-009
5.260592	1.7362799E-009
5.260842	1.5226294E-009
5.261092	1.2922503E-009
5.261343	1.0822154E-009
5.261592	8.9361396E-010
5.261842	7.4897533E-010
5.262092	6.0016653E-010
5.262342	4.7298432E-010
5.262592	3.8165926E-010
5.262842	2.9529632E-010
5.263092	2.3120669E-010
5.263342	1.8922304E-010
5.263592	1.7096634E-010
5.263842	1.7034522E-010
5.264092	1.9183510E-010
5.264342	2.2793303E-010
5.264592	2.8532160E-010
5.264842	3.6813408E-010
5.265092	4.7261195E-010
5.265342	5.7953758E-010
5.265592	7.2375916E-010
5.265842	8.8916940E-010
5.266092	1.0753778E-009
5.266342	1.2511295E-009
5.266592	1.4751468E-009
5.266842	1.7182226E-009
5.267092	1.9418409E-009
5.267342	2.2213149E-009
5.267591	2.5177460E-009
5.267841	2.8332077E-009
5.268092	3.1172289E-009
5.268342	3.4631036E-009
5.268591	3.8266745E-009
5.268841	4.1228314E-009
5.269092	4.5125468E-009
5.269341	4.9162159E-009
5.269591	5.3359859E-009
5.269841	5.7048894E-009
5.270091	6.1462746E-009
5.270341	6.6003096E-009
5.270591	6.9968187E-009
5.270841	7.4703568E-009
5.271091	7.9521012E-009
5.271341	8.4436742E-009
5.271591	8.8716821E-009
5.271841	9.3758397E-009
5.272091	9.8864295E-009
5.272341	1.0402148E-008
5.272591	1.0849053E-008
5.272841	1.1374103E-008
5.273091	1.1901874E-008
5.273341	1.2316840E-008
5.273591	1.2847146E-008
5.273841	1.3374831E-008
5.274091	1.3905956E-008
5.274341	1.4359054E-008
5.27459	1.4885830E-008
5.274841	1.5410503E-008
5.275091	1.5930127E-008
5.275341	1.6372519E-008
5.27559	1.6883096E-008
5.275841	1.7388324E-008
5.276091	1.7884080E-008
5.27634	1.8303808E-008
5.27659	1.8786602E-008
5.27684	1.9261382E-008
5.277091	1.9656115E-008
5.27734	2.0112108E-008
5.27759	2.0522627E-008
5.27784	2.0953818E-008
5.27809	2.1312495E-008
5.27834	2.1717195E-008
5.27859	2.2109830E-008
5.27884	2.2485946E-008
5.27909	2.2798272E-008
5.27934	2.3145406E-008
5.27959	2.3481531E-008
5.27984	2.3795220E-008
5.28009	2.4051209E-008
5.28034	2.4331026E-008
5.28059	2.4598064E-008
5.28084	2.4810733E-008
5.28109	2.5038140E-008
5.28134	2.5247301E-008
5.28159	2.5437537E-008
5.28184	2.5585777E-008
5.28209	2.5725480E-008
5.28234	2.5861167E-008
5.28259	2.5969161E-008
5.28284	2.6048523E-008
5.28309	2.6122342E-008
5.28334	2.6174893E-008
5.283589	2.6201743E-008
5.28384	2.6212817E-008
5.28409	2.6206944E-008
5.284339	2.6175105E-008
5.284589	2.6126735E-008
5.28484	2.6063610E-008
5.285089	2.5976286E-008
5.285339	2.5865669E-008
5.285589	2.5754053E-008
5.285839	2.5605443E-008
5.286089	2.5436279E-008
5.286339	2.5261400E-008
5.286589	2.5054888E-008
5.286839	2.4861192E-008
5.287089	2.4616833E-008
5.287339	2.4357696E-008
5.287589	2.4118638E-008
5.287839	2.3822494E-008
5.288089	2.3509093E-008
5.288339	2.3182972E-008
5.288589	2.2888420E-008
5.288839	2.2531003E-008
5.289089	2.2157623E-008
5.289339	2.1772383E-008
5.289589	2.1428638E-008
5.289839	2.1015925E-008
5.290089	2.0588931E-008
5.290339	2.0153365E-008
5.290589	1.9769018E-008
5.290839	1.9340687E-008
5.291089	1.8877746E-008
5.291338	1.8398920E-008
5.291589	1.7985325E-008
5.291839	1.7493099E-008
5.292089	1.6998369E-008
5.292338	1.6492034E-008
5.292588	1.6057291E-008
5.292839	1.5542515E-008
5.293088	1.5029164E-008
5.293338	1.4507306E-008
5.293588	1.4062612E-008
5.293839	1.3537989E-008
5.294088	1.3015927E-008
5.294338	1.2492067E-008
5.294588	1.2046267E-008
5.294838	1.1524810E-008
5.295088	1.1045119E-008
5.295338	1.0530706E-008
5.295588	1.0093497E-008
5.295838	9.5881916E-009
5.296088	9.0899892E-009
5.296338	8.5968459E-009
5.296588	8.1121989E-009
5.296838	7.7015780E-009
5.297088	7.2329160E-009
5.297338	6.7733956E-009
5.297588	6.3875145E-009
5.297838	5.9481575E-009
5.298088	5.5203082E-009
5.298338	5.1041624E-009
5.298588	4.7578395E-009
5.298838	4.3670356E-009
5.299088	3.9900918E-009
5.299337	3.6530319E-009
5.299588	3.3051195E-009
5.299838	3.0196647E-009
5.300087	2.7015743E-009
5.300337	2.4007951E-009
5.300588	2.1168809E-009
5.300838	1.8877533E-009
5.301087	1.6366952E-009
5.301337	1.4050739E-009
5.301587	1.1917780E-009
5.301837	1.0240825E-009
5.302087	8.4666374E-010
5.302337	6.8916917E-010
5.302587	5.5149540E-010
5.302837	4.3373435E-010
5.303087	3.4926545E-010
5.303337	2.6953886E-010
5.303587	2.1044291E-010
5.303837	1.7402126E-010
5.304087	1.5622090E-010
5.304337	1.5471043E-010
5.304587	1.7391835E-010
5.304837	2.1371280E-010
5.305087	2.6421357E-010
5.305337	3.4211811E-010
5.305587	4.4037379E-010
5.305837	5.5872773E-010
5.306087	6.7622280E-010
5.306337	8.3145169E-010
5.306587	1.0060752E-009
5.306837	1.2002204E-009
5.307086	1.4130999E-009
5.307337	1.6102323E-009
5.307587	1.8571991E-009
5.307837	2.1219515E-009
5.308086	2.3828548E-009
5.308336	2.6370077E-009
5.308587	2.9488698E-009
5.308836	3.2770462E-009
5.309086	3.6198262E-009
5.309336	3.9253907E-009
5.309587	4.2958579E-009
5.309836	4.6811404E-009
5.310086	5.0774487E-009
5.310336	5.4283196E-009
5.310586	5.8481242E-009
5.310836	6.2786865E-009
5.311086	6.7210517E-009
5.311336	7.1719657E-009
5.311586	7.5662481E-009
5.311836	8.0328215E-009
5.312086	8.5072083E-009
5.312336	8.9563361E-009
5.312586	9.4434478E-009
5.312836	9.8663211E-009
5.313086	1.0362865E-008
5.313336	1.0864475E-008
5.313586	1.1368014E-008
5.313836	1.1802562E-008
5.314086	1.2309880E-008
5.314336	1.2819648E-008
5.314586	1.3327577E-008
5.314836	1.3833937E-008
5.315085	1.4267174E-008
5.315336	1.4769478E-008
5.315586	1.5271489E-008
5.315835	1.5766560E-008
5.316085	1.6190164E-008
5.316336	1.6673708E-008
5.316586	1.7121405E-008
5.316835	1.7594292E-008
5.317085	1.8060204E-008
5.317335	1.8452335E-008
5.317585	1.8901570E-008
5.317835	1.9342391E-008
5.318085	1.9770265E-008
5.318335	2.0188709E-008
5.318585	2.0536440E-008
5.318835	2.0931418E-008
5.319085	2.1315421E-008
5.319335	2.1681494E-008
5.319585	2.2037868E-008
5.319835	2.2326425E-008
5.320085	2.2654064E-008
5.320335	2.2962668E-008
5.320585	2.3255538E-008
5.320835	2.3473492E-008
5.321085	2.3736114E-008
5.321335	2.3981825E-008
5.321585	2.4209266E-008
5.321835	2.4418243E-008
5.322085	2.4581981E-008
5.322335	2.4758190E-008
5.322585	2.4912932E-008
5.322834	2.5046333E-008
5.323085	2.5147981E-008
5.323335	2.5244212E-008
5.323585	2.5323043E-008
5.323834	2.5381437E-008
5.324084	2.5419405E-008
5.324335	2.5435101E-008
5.324584	2.5435730E-008
5.324834	2.5416080E-008
5.325084	2.5379137E-008
5.325335	2.5317918E-008
5.325584	2.5252788E-008
5.325834	2.5154312E-008
5.326084	2.5040512E-008
5.326334	2.4902809E-008
5.326584	2.4746138E-008
5.326834	2.4598885E-008
5.327084	2.4406619E-008
5.327334	2.4199501E-008
5.327584	2.3970209E-008
5.327834	2.3764624E-008
5.328084	2.3501761E-008
5.328334	2.3224246E-008
5.328584	2.2932216E-008
5.328834	2.2617629E-008
5.329084	2.2341744E-008
5.329334	2.2000791E-008
5.329584	2.1672014E-008
5.329834	2.1304306E-008
5.330084	2.0923984E-008
5.330334	2.0586072E-008
5.330584	2.0179659E-008
5.330833	1.9765460E-008
5.331084	1.9335706E-008
5.331334	1.8899177E-008
5.331583	1.8515443E-008
5.331833	1.8059092E-008
5.332084	1.7596712E-008
5.332334	1.7123279E-008
5.332583	1.6644572E-008
5.332833	1.6226984E-008
5.333083	1.5738362E-008
5.333333	1.5244053E-008
5.333583	1.4745136E-008
5.333833	1.4280980E-008
5.334083	1.3776867E-008
5.334333	1.3343746E-008
5.334583	1.2836987E-008
5.334833	1.2330927E-008
5.335083	1.1825586E-008
5.335333	1.1322493E-008
5.335583	1.0892930E-008
5.335833	1.0393150E-008
5.336083	9.8992521E-009
5.336333	9.4090886E-009
5.336583	8.9229628E-009
5.336833	8.5131591E-009
5.337083	8.0396827E-009
5.337333	7.5755811E-009
5.337583	7.1181918E-009
5.337833	6.7019994E-009
5.338083	6.2644347E-009
5.338333	5.8951892E-009
5.338583	5.4774421E-009
5.338833	5.0712607E-009
5.339083	4.6755071E-009
5.339333	4.2941593E-009
5.339582	3.9780965E-009
5.339832	3.6218015E-009
5.340083	3.2808769E-009
5.340333	2.9548874E-009
5.340582	2.6448581E-009
5.340832	2.3917615E-009
5.341083	2.1122284E-009
5.341332	1.8499567E-009
5.341582	1.6048761E-009
5.341832	1.3775173E-009
5.342082	1.2120606E-009
5.342332	1.0179765E-009
5.342582	8.4267582E-010
5.342832	6.8639061E-010
5.343082	5.4965427E-010
5.343332	4.4805790E-010
5.343582	3.4791400E-010
5.343832	2.6768507E-010
5.344082	2.0745362E-010
5.344332	1.6758656E-010
5.344582	1.4794575E-010
5.344832	1.4726100E-010
5.345082	1.6533236E-010
5.345332	2.0368350E-010
5.345582	2.6225605E-010
5.345832	3.4091177E-010
5.346082	4.3991460E-010
5.346332	5.3101107E-010
5.346581	6.6536282E-010
5.346832	8.1889873E-010
5.347082	9.9183961E-010
5.347332	1.1838388E-009
5.347581	1.3629277E-009
5.347832	1.5899985E-009
5.348082	1.8340748E-009
5.348331	2.0960691E-009
5.348581	2.3753453E-009
5.348831	2.6288047E-009
5.349082	2.9390796E-009
5.349331	3.2656025E-009
5.349581	3.6076921E-009
5.349831	3.9643231E-009
5.350081	4.3349488E-009
5.350331	4.7208881E-009
5.350581	5.0319442E-009
5.350831	5.4398854E-009
5.351081	5.8598979E-009
5.351331	6.2907080E-009
5.351581	6.7343215E-009
5.351831	7.1863631E-009
5.352081	7.5821180E-009
5.352331	8.0503915E-009
5.352581	8.5266549E-009
5.352831	9.0108170E-009
5.353081	9.5014334E-009
5.353331	9.9259641E-009
5.353581	1.0427139E-008
5.353831	1.0932076E-008
5.354081	1.1438178E-008
5.354331	1.1949520E-008
5.354581	1.2462734E-008
5.354831	1.2864310E-008
5.355081	1.3378779E-008
5.35533	1.3891470E-008
5.35558	1.4402614E-008
5.355831	1.4915367E-008
5.356081	1.5420612E-008
5.35633	1.5851894E-008
5.35658	1.6353663E-008
5.356831	1.6846720E-008
5.35708	1.7334619E-008
5.35733	1.7816379E-008
5.35758	1.8291347E-008
5.35783	1.8690617E-008
5.35808	1.9148228E-008
5.35833	1.9597124E-008
5.35858	2.0035230E-008
5.35883	2.0465363E-008
5.35908	2.0852402E-008
5.35933	2.1256504E-008
5.35958	2.1592507E-008
5.35983	2.1972770E-008
5.36008	2.2339174E-008
5.36033	2.2689363E-008
5.36058	2.3025686E-008
5.36083	2.3303494E-008
5.36108	2.3610188E-008
5.36133	2.3900711E-008
5.36158	2.4174231E-008
5.36183	2.4428328E-008
5.36208	2.4666431E-008
5.36233	2.4888045E-008
5.36258	2.5061043E-008
5.36283	2.5245399E-008
5.36308	2.5395149E-008
5.363329	2.5544921E-008
5.36358	2.5672600E-008
5.36383	2.5763278E-008
5.364079	2.5858586E-008
5.364329	2.5926806E-008
5.36458	2.5977167E-008
5.36483	2.6005015E-008
5.365079	2.6016773E-008
5.365329	2.6005834E-008
5.365579	2.5972058E-008
5.365829	2.5932474E-008
5.366079	2.5862985E-008
5.366329	2.5771064E-008
5.366579	2.5661587E-008
5.366829	2.5533977E-008
5.367079	2.5404413E-008
5.367329	2.5252659E-008
5.367579	2.5066552E-008
5.367829	2.4863724E-008
5.368079	2.4640046E-008
5.368329	2.4402299E-008
5.368579	2.4142038E-008
5.368829	2.3908623E-008
5.369079	2.3616106E-008
5.369329	2.3311438E-008
5.369579	2.2988379E-008
5.369829	2.2649870E-008
5.370079	2.2295190E-008
5.370329	2.1926894E-008
5.370579	2.1602025E-008
5.370829	2.1203991E-008
5.371078	2.0797113E-008
5.371329	2.0377383E-008
5.371579	1.9976456E-008
5.371829	1.9535644E-008
5.372078	1.9150161E-008
5.372328	1.8687695E-008
5.372579	1.8219367E-008
5.372828	1.7742597E-008
5.373078	1.7256649E-008
5.373328	1.6765828E-008
5.373579	1.6267785E-008
5.373828	1.5836925E-008
5.374078	1.5331979E-008
5.374328	1.4823454E-008
5.374578	1.4309349E-008
5.374828	1.3793484E-008
5.375078	1.3279172E-008
5.375328	1.2762960E-008
5.375578	1.2357173E-008
5.375828	1.1841352E-008
5.376078	1.1328614E-008
5.376328	1.0817195E-008
5.376578	1.0311106E-008
5.376828	9.8093613E-009
5.377078	9.3119805E-009
5.377328	8.8195344E-009
5.377578	8.4040668E-009
5.377828	7.9259177E-009
5.378078	7.4552542E-009
5.378328	6.9940440E-009
5.378578	6.5426717E-009
5.378828	6.1023142E-009
5.379077	5.6715797E-009
5.379328	5.3117644E-009
5.379578	4.9047544E-009
5.379827	4.5370219E-009
5.380077	4.1552823E-009
5.380328	3.7873447E-009
5.380578	3.4339784E-009
5.380827	3.0969070E-009
5.381077	2.8203362E-009
5.381327	2.5124738E-009
5.381577	2.2217299E-009
5.381827	1.9489375E-009
5.382077	1.6934665E-009
5.382327	1.4562010E-009
5.382577	1.2377678E-009
5.382827	1.0385660E-009
5.383077	8.8283508E-010
5.383327	7.1993067E-010
5.383577	5.7673788E-010
5.383827	4.6188206E-010
5.384077	3.5791650E-010
5.384327	2.7445896E-010
5.384577	2.1178788E-010
5.384827	1.7458802E-010
5.385077	1.5071892E-010
5.385327	1.4784678E-010
5.385577	1.6603029E-010
5.385827	2.0527760E-010
5.386077	2.6554389E-010
5.386327	3.4671527E-010
5.386577	4.4883955E-010
5.386827	5.5271132E-010
5.387077	6.9308437E-010
5.387327	8.5400004E-010
5.387577	1.0347466E-009
5.387826	1.2361275E-009
5.388076	1.4401106E-009
5.388327	1.6786164E-009
5.388577	1.9358257E-009
5.388826	2.1715487E-009
5.389076	2.4633660E-009
5.389327	2.7725684E-009
5.389576	3.1001237E-009
5.389826	3.4435057E-009
5.390076	3.8039665E-009
5.390326	4.1795505E-009
5.390576	4.5151247E-009
5.390826	4.9187037E-009
5.391076	5.3379403E-009
5.391326	5.7692913E-009
5.391576	6.2143624E-009
5.391826	6.6718382E-009
5.392076	7.1064488E-009
5.392326	7.5846822E-009
5.392576	8.0037310E-009
5.392826	8.5003746E-009
5.393076	9.0067402E-009
5.393326	9.5201376E-009
5.393576	1.0042058E-008
5.393826	1.0569771E-008
5.394076	1.1101635E-008
5.394326	1.1639123E-008
5.394576	1.2182135E-008
5.394825	1.2648181E-008
5.395076	1.3195618E-008
5.395326	1.3744030E-008
5.395576	1.4293367E-008
5.395825	1.4846064E-008
5.396076	1.5393830E-008
5.396326	1.5902573E-008
5.396575	1.6445115E-008
5.396825	1.6909418E-008
5.397075	1.7447421E-008
5.397326	1.7981039E-008
5.397575	1.8506205E-008
5.397825	1.9027592E-008
5.398075	1.9540296E-008
5.398325	2.0044451E-008
5.398575	2.0540167E-008
5.398825	2.1026450E-008
5.399075	2.1500179E-008
5.399325	2.1900767E-008
5.399575	2.2354287E-008
5.399825	2.2796998E-008
5.400075	2.3227004E-008
5.400325	2.3611943E-008
5.400575	2.4013795E-008
5.400825	2.4399714E-008
5.401075	2.4716785E-008
5.401325	2.5073518E-008
5.401575	2.5412662E-008
5.401825	2.5731152E-008
5.402075	2.6034213E-008
5.402325	2.6325269E-008
5.402575	2.6592323E-008
5.402825	2.6838173E-008
5.403075	2.7064695E-008
5.403325	2.7272922E-008
5.403574	2.7436739E-008
5.403824	2.7607028E-008
5.404075	2.7757087E-008
5.404325	2.7879317E-008
5.404574	2.7988179E-008
5.404824	2.8075815E-008
5.405075	2.8139135E-008
5.405324	2.8183138E-008
5.405574	2.8205633E-008
5.405824	2.8208762E-008
5.406074	2.8188497E-008
5.406324	2.8147941E-008
5.406574	2.8086346E-008
5.406824	2.8002965E-008
5.407074	2.7900132E-008
5.407324	2.7771005E-008
5.407574	2.7621089E-008
5.407824	2.7456617E-008
5.408074	2.7267079E-008
5.408324	2.7054922E-008
5.408574	2.6874284E-008
5.408824	2.6630941E-008
5.409074	2.6365051E-008
5.409324	2.6080114E-008
5.409574	2.5774511E-008
5.409824	2.5455314E-008
5.410074	2.5114351E-008
5.410324	2.4757689E-008
5.410573	2.4386759E-008
5.410824	2.3995108E-008
5.411074	2.3648594E-008
5.411324	2.3231189E-008
5.411573	2.2801329E-008
5.411824	2.2352969E-008
5.412074	2.1894127E-008
5.412323	2.1423672E-008
5.412573	2.0977751E-008
5.412823	2.0483474E-008
5.413074	1.9980817E-008
5.413323	1.9470461E-008
5.413573	1.9025107E-008
5.413823	1.8496193E-008
5.414073	1.7962590E-008
5.414323	1.7424050E-008
5.414573	1.6878765E-008
5.414823	1.6329162E-008
5.415073	1.5774617E-008
5.415323	1.5216786E-008
5.415573	1.4660651E-008
5.415823	1.4101818E-008
5.416073	1.3623732E-008
5.416323	1.3063184E-008
5.416573	1.2546696E-008
5.416823	1.1993263E-008
5.417073	1.1443056E-008
5.417323	1.0896890E-008
5.417573	1.0354836E-008
5.417823	9.8179163E-009
5.418073	9.2886125E-009
5.418323	8.7676675E-009
5.418573	8.2545935E-009
5.418823	7.7514724E-009
5.419073	7.3266011E-009
5.419322	6.8427646E-009
5.419572	6.3699890E-009
5.419823	5.9092331E-009
5.420073	5.4618501E-009
5.420322	5.0282845E-009
5.420572	4.6386344E-009
5.420823	4.2340540E-009
5.421072	3.8446375E-009
5.421322	3.4722598E-009
5.421572	3.1164804E-009
5.421822	2.8261640E-009
5.422072	2.5039424E-009
5.422322	2.2007858E-009
5.422572	1.9163178E-009
5.422822	1.6521736E-009
5.423072	1.4082056E-009
5.423322	1.1848801E-009
5.423572	9.8221542E-010
5.423822	8.0139356E-010
5.424072	6.4230760E-010
5.424322	5.0518695E-010
5.424572	3.9793779E-010
5.424822	3.1630923E-010
5.425072	2.4195870E-010
5.425322	1.9063343E-010
5.425572	1.6234368E-010
5.425822	1.5726044E-010
5.426072	1.7514123E-010
5.426322	2.1653405E-010
5.426572	2.8112424E-010
5.426822	3.6901046E-010
5.427072	4.8002652E-010
5.427321	6.1414268E-010
5.427572	7.7107826E-010
5.427822	9.5084285E-010
5.428071	1.1529568E-009
5.428321	1.3777623E-009
5.428571	1.5872795E-009
5.428822	1.8328346E-009
5.429071	2.1179023E-009
5.429321	2.4233933E-009
5.429571	2.7495592E-009
5.429821	3.0960599E-009
5.430071	3.4630190E-009
5.430321	3.8481227E-009
5.430571	4.2529447E-009
5.430821	4.6747965E-009
5.431071	5.1139755E-009
5.431321	5.5710312E-009
5.431571	5.9734169E-009
5.431821	6.4593730E-009
5.432071	6.9615438E-009
5.432321	7.4764328E-009
5.432571	8.0052462E-009
5.432821	8.5074783E-009
5.433071	9.0601144E-009
5.433321	9.6234229E-009
5.433571	1.0196363E-008
5.433821	1.0779527E-008
5.434071	1.1374740E-008
5.434321	1.1974865E-008
5.434571	1.2579917E-008
5.434821	1.3193335E-008
5.435071	1.3811742E-008
5.43532	1.4343670E-008
5.435571	1.4968105E-008
5.435821	1.5596676E-008
5.43607	1.6224369E-008
5.43632	1.6854539E-008
5.436571	1.7482714E-008
5.436821	1.8067668E-008
5.43707	1.8692003E-008
5.43732	1.9312608E-008
5.43757	1.9934317E-008
5.43782	2.0547231E-008
5.43807	2.1155165E-008
5.43832	2.1756597E-008
5.43857	2.2349514E-008
5.43882	2.2933795E-008
5.43907	2.3424544E-008
5.43932	2.3995677E-008
5.43957	2.4550818E-008
5.43982	2.5093243E-008
5.44007	2.5624677E-008
5.44032	2.6141175E-008
5.44057	2.6643198E-008
5.44082	2.7090817E-008
5.44107	2.7562011E-008
5.44132	2.8017807E-008
5.44157	2.8459251E-008
5.44182	2.8881720E-008
5.44207	2.9283191E-008
5.44232	2.9665038E-008
5.44257	3.0027429E-008
5.44282	3.0369591E-008
5.443069	3.0685325E-008
5.44332	3.0950339E-008
5.44357	3.1227962E-008
5.44382	3.1486088E-008
5.444069	3.1724216E-008
5.444319	3.1931119E-008
5.44457	3.2119832E-008
5.444819	3.2272535E-008
5.445069	3.2417091E-008
5.445319	3.2532608E-008
5.44557	3.2626446E-008
5.445819	3.2697976E-008
5.446069	3.2742232E-008
5.446319	3.2760674E-008
5.446569	3.2754965E-008
5.446819	3.2721129E-008
5.447069	3.2665472E-008
5.447319	3.2587451E-008
5.447569	3.2481619E-008
5.447819	3.2373062E-008
5.448069	3.2219099E-008
5.448319	3.2043374E-008
5.448569	3.1845790E-008
5.448819	3.1638415E-008
5.449069	3.1393295E-008
5.449319	3.1121800E-008
5.449569	3.0830510E-008
5.449819	3.0516652E-008
5.450069	3.0181365E-008
5.450319	2.9821052E-008
5.450569	2.9445390E-008
5.450819	2.9047447E-008
5.451068	2.8629529E-008
5.451319	2.8192378E-008
5.451569	2.7734963E-008
5.451818	2.7264454E-008
5.452068	2.6774419E-008
5.452319	2.6267880E-008
5.452569	2.5747626E-008
5.452818	2.5247449E-008
5.453068	2.4697316E-008
5.453318	2.4217524E-008
5.453568	2.3643913E-008
5.453818	2.3056977E-008
5.454068	2.2463363E-008
5.454318	2.1857755E-008
5.454568	2.1242196E-008
5.454818	2.0620302E-008
5.455068	1.9991901E-008
5.455318	1.9357808E-008
5.455568	1.8717708E-008
5.455818	1.8073894E-008
5.456068	1.7429699E-008
5.456318	1.6780511E-008
5.456568	1.6179499E-008
5.456818	1.5532134E-008
5.457068	1.4883343E-008
5.457318	1.4236037E-008
5.457568	1.3594501E-008
5.457818	1.2956813E-008
5.458068	1.2324545E-008
5.458318	1.1698410E-008
5.458568	1.1079019E-008
5.458817	1.0555293E-008
5.459068	9.8647863E-009
5.459318	9.2735295E-009
5.459568	8.7756611E-009
5.459817	8.2053768E-009
5.460067	7.6484659E-009
5.460318	7.1049104E-009
5.460567	6.6134289E-009
5.460817	6.0995382E-009
5.461067	5.6015894E-009
5.461318	5.1209645E-009
5.461567	4.6597100E-009
5.461817	4.2164947E-009
5.462067	3.7923060E-009
5.462317	3.3882248E-009
5.462567	3.0065772E-009
5.462817	2.6453943E-009
5.463067	2.3072095E-009
5.463317	1.9923672E-009
5.463567	1.7007882E-009
5.463817	1.4335833E-009
5.464067	1.1905723E-009
5.464317	9.7331698E-010
5.464567	7.9399870E-010
5.464817	6.2614169E-010
5.465067	4.8444382E-010
5.465317	3.6949752E-010
5.465567	2.8135125E-010
5.465817	2.2018495E-010
5.466067	1.8670873E-010
5.466317	1.8073026E-010
5.466567	2.0241027E-010
5.466816	2.5192801E-010
5.467067	3.1650091E-010
5.467317	4.3428999E-010
5.467566	5.4636307E-010
5.467816	7.0292416E-010
5.468067	9.1567576E-010
5.468317	1.0984219E-009
5.468566	1.3191588E-009
5.468816	1.5829846E-009
5.469066	1.8732405E-009
5.469316	2.1902034E-009
5.469566	2.5331961E-009
5.469816	2.9018448E-009
5.470066	3.2957446E-009
5.470316	3.7147168E-009
5.470566	4.1576045E-009
5.470816	4.6233462E-009
5.471066	5.1127782E-009
5.471316	5.6248459E-009
5.471566	6.1580989E-009
5.471816	6.7118360E-009
5.472066	7.2870714E-009
5.472316	7.8804243E-009
5.472566	8.4488807E-009
5.472816	9.0789420E-009
5.473066	9.7247304E-009
5.473316	1.0388512E-008
5.473566	1.1065076E-008
5.473816	1.1759419E-008
5.474066	1.2463474E-008
5.474316	1.3183699E-008
5.474566	1.3912289E-008
5.474816	1.4652076E-008
5.475066	1.5403488E-008
5.475316	1.6160794E-008
5.475565	1.6924862E-008
5.475815	1.7695513E-008
5.476066	1.8473736E-008
5.476315	1.9197245E-008
5.476565	1.9976913E-008
5.476815	2.0761059E-008
5.477066	2.1545659E-008
5.477315	2.2330170E-008
5.477565	2.3112083E-008
5.477815	2.3891722E-008
5.478065	2.4668074E-008
5.478315	2.5440892E-008
5.478565	2.6206406E-008
5.478815	2.6962761E-008
5.479065	2.7714602E-008
5.479315	2.8453774E-008
5.479565	2.9181935E-008
5.479815	2.9901230E-008
5.480065	3.0602266E-008
5.480315	3.1242543E-008
5.480565	3.1819585E-008
5.480815	3.2580928E-008
5.481065	3.3221657E-008
5.481315	3.3755349E-008
5.481565	3.4456964E-008
5.481815	3.4956997E-008
5.482065	3.5522707E-008
5.482315	3.6151143E-008
5.482565	3.6595903E-008
5.482815	3.7172576E-008
5.483065	3.7580349E-008
5.483315	3.8037946E-008
5.483564	3.8526828E-008
5.483815	3.8865988E-008
5.484065	3.9245467E-008
5.484314	3.9565688E-008
5.484564	3.9892587E-008
5.484815	4.0228741E-008
5.485065	4.0450470E-008
5.485314	4.0687308E-008
5.485564	4.0897689E-008
5.485814	4.1075246E-008
5.486064	4.1218740E-008
5.486314	4.1335692E-008
5.486564	4.1420517E-008
5.486814	4.1475293E-008
5.487064	4.1498687E-008
5.487314	4.1491166E-008
5.487564	4.1452854E-008
5.487814	4.1382783E-008
5.488064	4.1289450E-008
5.488314	4.1162693E-008
5.488564	4.1001787E-008
5.488814	4.0810569E-008
5.489064	4.0588152E-008
5.489314	4.0339899E-008
5.489564	4.0053880E-008
5.489814	3.9696793E-008
5.490064	3.9401513E-008
5.490314	3.9030166E-008
5.490564	3.8631750E-008
5.490814	3.8206782E-008
5.491064	3.7692477E-008
5.491313	3.7276809E-008
5.491564	3.6776409E-008
5.491814	3.6244998E-008
5.492064	3.5734644E-008
5.492313	3.5080504E-008
5.492563	3.4566362E-008
5.492814	3.3859603E-008
5.493063	3.3311487E-008
5.493313	3.2556372E-008
5.493563	3.1874954E-008
5.493814	3.1273689E-008
5.494063	3.0462012E-008
5.494313	2.9834609E-008
5.494563	2.8987932E-008
5.494813	2.8335421E-008
5.495063	2.7458047E-008
5.495313	2.6678705E-008
5.495563	2.5889006E-008
5.495813	2.5144917E-008
5.496063	2.4338080E-008
5.496313	2.3526599E-008
5.496563	2.2709497E-008
5.496813	2.1889788E-008
5.497063	2.1066716E-008
5.497313	2.0243391E-008
5.497563	1.9421075E-008
5.497813	1.8598705E-008
5.498063	1.7780200E-008
5.498313	1.6964128E-008
5.498563	1.6157029E-008
5.498813	1.5355644E-008
5.499063	1.4561433E-008
5.499312	1.3775245E-008
5.499563	1.3001094E-008
5.499813	1.2292477E-008
5.500062	1.1542578E-008
5.500312	1.0805498E-008
5.500563	1.0087106E-008
5.500813	9.3833403E-009
5.501062	8.6982803E-009
5.501312	8.0325204E-009
5.501562	7.3872668E-009
5.501812	6.7638291E-009
5.502062	6.1639573E-009
5.502312	5.5854579E-009
5.502562	5.0331392E-009
5.502812	4.5049582E-009
5.503062	4.0040016E-009
5.503312	3.5314849E-009
5.503562	3.1171348E-009
5.503812	2.6993801E-009
5.504062	2.3121849E-009
5.504312	1.9554827E-009
5.504562	1.6304154E-009
5.504812	1.3386291E-009
5.505062	1.0787673E-009
5.505312	8.5294449E-010
5.505562	6.6070183E-010
5.505812	5.0334009E-010
5.506062	3.8106454E-010
5.506312	2.9427433E-010
5.506562	2.4334329E-010
5.506812	2.2858318E-010
5.507061	2.5020719E-010
5.507312	3.0854927E-010
5.507562	3.9546724E-010
5.507812	5.4619026E-010
5.508061	6.9078315E-010
5.508311	9.2577723E-010
5.508562	1.1333557E-009
5.508811	1.4521783E-009
5.509061	1.7707057E-009
5.509311	2.1254583E-009
5.509562	2.5161826E-009
5.509811	2.9421297E-009
5.510061	3.4038137E-009
5.510311	3.8993400E-009
5.510561	4.4302060E-009
5.510811	4.9937379E-009
5.511061	5.5922027E-009
5.511311	6.1755383E-009
5.511561	6.8340871E-009
5.511811	7.5249638E-009
5.512061	8.2448537E-009
5.512311	8.9940464E-009
5.512561	9.7733412E-009
5.512811	1.0578650E-008
5.513061	1.1411253E-008
5.513311	1.2268582E-008
5.513561	1.3150077E-008
5.513811	1.4055264E-008
5.514061	1.4982222E-008
5.514311	1.5930381E-008
5.514561	1.6900531E-008
5.514811	1.7887048E-008
5.51506	1.8893394E-008
5.515311	1.9837438E-008
5.515561	2.0871559E-008
5.51581	2.1917872E-008
5.51606	2.2976154E-008
5.516311	2.4045844E-008
5.516561	2.5278906E-008
5.51681	2.6361541E-008
5.51706	2.7455714E-008
5.51731	2.8552151E-008
5.51756	2.9648964E-008
5.51781	3.0750247E-008
5.51806	3.1848945E-008
5.51831	3.2948119E-008
5.51856	3.4041218E-008
5.51881	3.5130260E-008
5.51906	3.6136317E-008
5.51931	3.7211130E-008
5.51956	3.8276831E-008
5.51981	3.9335227E-008
5.52006	4.0377660E-008
5.52031	4.1406672E-008
5.52056	4.2418115E-008
5.52081	4.3415572E-008
5.52106	4.4387637E-008
5.52131	4.5344720E-008
5.52156	4.6280892E-008
5.52181	4.7198988E-008
5.52206	4.8082182E-008
5.52231	4.8946251E-008
5.52256	4.9910906E-008
5.52281	5.0534254E-008
5.52306	5.1436036E-008
5.52331	5.2181630E-008
5.52356	5.2888069E-008
5.523809	5.3575306E-008
5.524059	5.4223257E-008
5.52431	5.4836619E-008
5.524559	5.5414663E-008
5.524809	5.5955066E-008
5.525059	5.6458493E-008
5.52531	5.6924129E-008
5.525559	5.7349368E-008
5.525809	5.7739644E-008
5.526059	5.8084314E-008
5.526309	5.8387798E-008
5.526559	5.8626558E-008
5.526809	5.8853708E-008
5.527059	5.9033560E-008
5.527309	5.9169714E-008
5.527559	5.9262884E-008
5.527809	5.9311969E-008
5.528059	5.9317202E-008
5.528309	5.9277770E-008
5.528559	5.9184799E-008
5.528809	5.9051448E-008
5.529059	5.8880779E-008
5.529309	5.8655647E-008
5.529559	5.8396910E-008
5.529809	5.8084815E-008
5.530059	5.7739932E-008
5.530309	5.7342490E-008
5.530559	5.6939044E-008
5.530808	5.6471766E-008
5.531059	5.5958143E-008
5.531309	5.5398189E-008
5.531559	5.4810087E-008
5.531808	5.4177971E-008
5.532059	5.3498706E-008
5.532309	5.2796146E-008
5.532558	5.1951243E-008
5.532808	5.1285067E-008
5.533058	5.0350671E-008
5.533309	4.9502852E-008
5.533558	4.8618940E-008
5.533808	4.7711719E-008
5.534058	4.6772087E-008
5.534308	4.5875762E-008
5.534558	4.4880018E-008
5.534808	4.3869662E-008
5.535058	4.2835538E-008
5.535308	4.1774431E-008
5.535558	4.0695447E-008
5.535808	3.9596497E-008
5.536058	3.8480749E-008
5.536308	3.7350521E-008
5.536558	3.6202788E-008
5.536808	3.4892203E-008
5.537058	3.3725456E-008
5.537308	3.2551259E-008
5.537558	3.1370359E-008
5.537808	3.0187156E-008
5.538058	2.9087813E-008
5.538308	2.7899986E-008
5.538558	2.6714781E-008
5.538808	2.5535270E-008
5.539058	2.4359879E-008
5.539308	2.3192918E-008
5.539557	2.2032090E-008
5.539807	2.0885400E-008
5.540058	1.9750660E-008
5.540308	1.8633260E-008
5.540557	1.7374875E-008
5.540807	1.6446595E-008
5.541058	1.5232837E-008
5.541307	1.4196582E-008
5.541557	1.3184327E-008
5.541807	1.2266995E-008
5.542057	1.1304761E-008
5.542307	1.0376120E-008
5.542557	9.4762571E-009
5.542807	8.6111234E-009
5.543057	7.7798292E-009
5.543307	6.9843051E-009
5.543557	6.2272743E-009
5.543807	5.5098801E-009
5.544057	4.8334634E-009
5.544307	4.1132320E-009
5.544557	3.5288765E-009
5.544807	2.9901275E-009
5.545057	2.4983431E-009
5.545307	2.0533173E-009
5.545557	1.6842785E-009
5.545807	1.3351991E-009
5.546057	1.0369717E-009
5.546307	7.8993190E-010
5.546556	5.9556304E-010
5.546807	4.5502180E-010
5.547057	3.6853645E-010
5.547307	3.3686959E-010
5.547556	3.6865719E-010
5.547807	4.5640533E-010
5.548057	6.0059513E-010
5.548306	8.0143842E-010
5.548556	1.0596209E-009
5.548806	1.3747518E-009
5.549057	1.7468473E-009
5.549306	2.1441990E-009
5.549556	2.6274731E-009
5.549806	3.1670455E-009
5.550056	3.7638324E-009
5.550306	4.4178488E-009
5.550556	5.1274722E-009
5.550806	5.8927876E-009
5.551056	6.8349202E-009
5.551306	7.7199411E-009
5.551556	8.6553742E-009
5.551806	9.6455937E-009
5.552056	1.0687013E-008
5.552306	1.1780330E-008
5.552556	1.2922783E-008
5.552806	1.4114122E-008
5.553056	1.5264296E-008
5.553306	1.6547627E-008
5.553556	1.7873720E-008
5.553806	1.9443119E-008
5.554056	2.0862604E-008
5.554306	2.2324315E-008
5.554556	2.3822668E-008
5.554806	2.5360098E-008
5.555056	2.6929754E-008
5.555305	2.8536432E-008
5.555555	3.0170831E-008
5.555806	3.1836997E-008
5.556056	3.3529080E-008
5.556305	3.5248469E-008
5.556555	3.6991842E-008
5.556806	3.8882980E-008
5.557055	4.0673111E-008
5.557305	4.2469932E-008
5.557555	4.4286196E-008
5.557805	4.6112138E-008
5.558055	4.7950344E-008
5.558305	4.9800772E-008
5.558555	5.1640164E-008
5.558805	5.3495921E-008
5.559055	5.5345456E-008
5.559305	5.7194658E-008
5.559555	5.9045849E-008
5.559805	6.1138280E-008
5.560055	6.2972376E-008
5.560305	6.4792928E-008
5.560555	6.6459997E-008
5.560805	6.8242748E-008
5.561055	6.9998613E-008
5.561305	7.1736942E-008
5.561555	7.3451965E-008
5.561805	7.5137514E-008
5.562055	7.6795054E-008
5.562304	7.8658431E-008
5.562555	8.0235758E-008
5.562805	8.1782794E-008
5.563055	8.3291965E-008
5.563304	8.4766242E-008
5.563555	8.6187249E-008
5.563805	8.7565866E-008
5.564054	8.8886623E-008
5.564304	9.0065470E-008
5.564554	9.1302873E-008
5.564805	9.2662646E-008
5.565054	9.3608492E-008
5.565304	9.4813771E-008
5.565554	9.5815821E-008
5.565804	9.6749098E-008
5.566054	9.7620777E-008
5.566304	9.8427840E-008
5.566554	9.9177534E-008
5.566804	9.9842310E-008
5.567054	1.0044635E-007
5.567304	1.0106810E-007
5.567554	1.0144955E-007
5.567804	1.0189881E-007
5.568054	1.0218918E-007
5.568304	1.0243362E-007
5.568554	1.0260354E-007
5.568804	1.0270146E-007
5.569054	1.0272388E-007
5.569304	1.0267941E-007
5.569554	1.0256050E-007
5.569804	1.0231752E-007
5.570054	1.0202824E-007
5.570304	1.0166297E-007
5.570554	1.0122397E-007
5.570804	1.0071967E-007
5.571054	1.0013250E-007
5.571303	9.9461843E-008
5.571554	9.8718083E-008
5.571804	9.7978791E-008
5.572053	9.7097661E-008
5.572303	9.6035521E-008
5.572554	9.5012012E-008
5.572803	9.3915098E-008
5.573053	9.2766726E-008
5.573303	9.1547534E-008
5.573553	9.0262752E-008
5.573803	8.8922803E-008
5.574053	8.7516185E-008
5.574303	8.5844427E-008
5.574553	8.4314998E-008
5.574803	8.2730999E-008
5.575053	8.1085659E-008
5.575303	7.9402312E-008
5.575553	7.7804209E-008
5.575803	7.6041687E-008
5.576053	7.4230222E-008
5.576303	7.2376871E-008
5.576553	7.0482749E-008
5.576803	6.8291499E-008
5.577053	6.6336170E-008
5.577303	6.4345855E-008
5.577553	6.2337293E-008
5.577803	6.0303748E-008
5.578053	5.8256795E-008
5.578303	5.6194796E-008
5.578553	5.4122921E-008
5.578803	5.2034490E-008
5.579052	4.9653348E-008
5.579303	4.7721066E-008
5.579553	4.5625359E-008
5.579803	4.3541750E-008
5.580052	4.1470734E-008
5.580302	3.9404984E-008
5.580553	3.7358429E-008
5.580802	3.5339671E-008
5.581052	3.3050021E-008
5.581302	3.1079963E-008
5.581553	2.9144953E-008
5.581802	2.7237858E-008
5.582052	2.5371770E-008
5.582302	2.3547006E-008
5.582552	2.1767560E-008
5.582802	2.0036552E-008
5.583052	1.8474836E-008
5.583302	1.6622931E-008
5.583552	1.5063671E-008
5.583802	1.3567393E-008
5.584052	1.2138037E-008
5.584302	1.0777451E-008
5.584552	9.4883088E-009
5.584802	8.2748564E-009
5.585052	7.1389925E-009
5.585302	5.9450662E-009
5.585552	4.9897122E-009
5.585802	4.1212580E-009
5.586052	3.3431262E-009
5.586302	2.6606570E-009
5.586552	2.0709547E-009
5.586802	1.6128148E-009
5.587051	1.2149552E-009
5.587302	8.8515828E-010
5.587552	7.0984363E-010
5.587801	6.4097805E-010
5.588051	6.8071315E-010
5.588302	8.3079477E-010
5.588552	1.0927090E-009
5.588801	1.4675138E-009
5.589051	2.0375124E-009
5.589301	2.6587725E-009
5.589551	3.3989620E-009
5.589801	4.2548605E-009
5.590051	5.2289009E-009
5.590301	6.2406400E-009
5.590551	7.4479387E-009
5.590801	8.7710710E-009
5.591051	1.0430333E-008
5.591301	1.2012074E-008
5.591551	1.3710845E-008
5.591801	1.5530782E-008
5.592051	1.7469484E-008
5.592301	1.9523805E-008
5.592551	2.1697037E-008
5.592801	2.3985903E-008
5.593051	2.6388452E-008
5.593301	2.9269284E-008
5.593551	3.1908030E-008
5.593801	3.4656345E-008
5.594051	3.7307295E-008
5.594301	4.0263394E-008
5.594551	4.3325755E-008
5.5948	4.6943892E-008
5.595051	5.0213071E-008
5.595301	5.3580791E-008
5.595551	5.7044719E-008
5.5958	6.0591297E-008
5.596051	6.4217474E-008
5.596301	6.7938025E-008
5.59655	7.2288188E-008
5.5968	7.6164781E-008
5.59705	8.0121794E-008
5.597301	8.4131813E-008
5.59755	8.8219139E-008
5.5978	9.2053085E-008
5.59805	9.6259377E-008
5.5983	1.0049989E-007
5.59855	1.0539539E-007
5.5988	1.0974201E-007
5.59905	1.1411056E-007
5.5993	1.1849941E-007
5.59955	1.2292394E-007
5.5998	1.2736942E-007
5.60005	1.3183161E-007
5.6003	1.3692673E-007
5.60055	1.4142891E-007
5.6008	1.4590184E-007
5.60105	1.5037043E-007
5.6013	1.5450368E-007
5.60155	1.5892518E-007
5.6018	1.6335173E-007
5.60205	1.6834944E-007
5.6023	1.7269822E-007
5.60255	1.7701731E-007
5.6028	1.8127938E-007
5.60305	1.8550129E-007
5.6033	1.8963350E-007
5.603549	1.9371997E-007
5.603799	1.9830806E-007
5.60405	2.0225652E-007
5.6043	2.0610312E-007
5.604549	2.0987099E-007
5.604799	2.1353686E-007
5.60505	2.1686134E-007
5.605299	2.2083593E-007
5.605549	2.2418999E-007
5.605799	2.2743701E-007
5.606049	2.3054567E-007
5.606299	2.3358561E-007
5.606549	2.3643526E-007
5.606799	2.3919864E-007
5.607049	2.4217118E-007
5.607299	2.4461164E-007
5.607549	2.4688231E-007
5.607799	2.4904955E-007
5.608049	2.5105712E-007
5.608299	2.5286670E-007
5.608549	2.5453400E-007
5.608799	2.5616174E-007
5.609049	2.5746135E-007
5.609299	2.5861237E-007
5.609549	2.5958599E-007
5.609799	2.6037779E-007
5.610049	2.6101594E-007
5.610299	2.6148123E-007
5.610548	2.6170557E-007
5.610799	2.6174126E-007
5.611049	2.6161015E-007
5.611299	2.6126867E-007
5.611548	2.6073792E-007
5.611799	2.6001615E-007
5.612049	2.5894010E-007
5.612298	2.5789001E-007
5.612548	2.5660381E-007
5.612798	2.5510249E-007
5.613049	2.5343778E-007
5.613298	2.5153659E-007
5.613548	2.4918805E-007
5.613798	2.4688239E-007
5.614048	2.4441789E-007
5.614298	2.4178934E-007
5.614548	2.3895737E-007
5.614798	2.3593306E-007
5.615048	2.3231874E-007
5.615298	2.2892304E-007
5.615548	2.2542777E-007
5.615798	2.2170698E-007
5.616048	2.1811998E-007
5.616298	2.1412241E-007
5.616548	2.0938569E-007
5.616798	2.0507535E-007
5.617048	2.0060646E-007
5.617298	1.9602865E-007
5.617548	1.9135504E-007
5.617798	1.8650901E-007
5.618048	1.8087214E-007
5.618298	1.7583039E-007
5.618548	1.7064691E-007
5.618798	1.6540355E-007
5.619048	1.6011552E-007
5.619298	1.5472828E-007
5.619547	1.4887347E-007
5.619798	1.4335777E-007
5.620048	1.3780945E-007
5.620297	1.3221160E-007
5.620547	1.2659211E-007
5.620798	1.2097664E-007
5.621047	1.1533123E-007
5.621297	1.0891154E-007
5.621547	1.0328831E-007
5.621797	9.7702532E-008
5.622047	9.2156192E-008
5.622297	8.6667931E-008
5.622547	8.0463437E-008
5.622797	7.5125286E-008
5.623047	6.9856263E-008
5.623297	6.5061919E-008
5.623547	5.9999422E-008
5.623797	5.5065687E-008
5.624047	4.9602910E-008
5.624297	4.4976076E-008
5.624547	4.0517669E-008
5.624797	3.6238880E-008
5.625047	3.2137947E-008
5.625297	2.7712190E-008
5.625547	2.4065709E-008
5.625797	2.0654937E-008
5.626047	1.7492177E-008
5.626297	1.4584247E-008
5.626547	1.1945510E-008
5.626797	9.4410746E-009
5.627047	7.4091102E-009
5.627296	5.6912168E-009
5.627547	4.3034039E-009
5.627797	3.2544802E-009
5.628047	2.5600275E-009
5.628296	2.2162225E-009
5.628546	2.3249520E-009
5.628797	2.8293630E-009
5.629046	3.7417043E-009
5.629296	5.0782063E-009
5.629546	7.1350157E-009
5.629797	9.4201171E-009
5.630046	1.2166375E-008
5.630296	1.5379625E-008
5.630546	1.8802339E-008
5.630796	2.2971260E-008
5.631046	2.8359114E-008
5.631296	3.3641907E-008
5.631546	3.9451887E-008
5.631796	4.5803365E-008
5.632046	5.2715681E-008
5.632296	6.0200399E-008
5.632546	6.9471206E-008
5.632796	7.8208870E-008
5.633046	8.7518089E-008
5.633296	9.7457871E-008
5.633546	1.0802871E-007
5.633796	1.2085785E-007
5.634046	1.3189883E-007
5.634296	1.4442620E-007
5.634546	1.5758870E-007
5.634796	1.7141784E-007
5.635046	1.8804423E-007
5.635295	2.0327758E-007
5.635546	2.1923707E-007
5.635796	2.3589435E-007
5.636045	2.5314242E-007
5.636295	2.7380256E-007
5.636546	2.9265050E-007
5.636796	3.1212915E-007
5.637045	3.3240394E-007
5.637295	3.5328193E-007
5.637545	3.7499154E-007
5.637795	3.9893121E-007
5.638045	4.2205860E-007
5.638295	4.4595302E-007
5.638545	4.7049332E-007
5.638795	4.9577625E-007
5.639045	5.2181610E-007
5.639295	5.5235779E-007
5.639545	5.7989348E-007
5.639795	6.0822623E-007
5.640045	6.3712918E-007
5.640295	6.6679922E-007
5.640545	7.0164958E-007
5.640795	7.3281785E-007
5.641045	7.6469399E-007
5.641295	7.9470391E-007
5.641545	8.2793554E-007
5.641795	8.6667319E-007
5.642045	9.0134245E-007
5.642295	9.3650090E-007
5.642545	9.7236239E-007
5.642795	1.0090008E-006
5.643044	1.0515622E-006
5.643295	1.0894922E-006
5.643545	1.1280331E-006
5.643795	1.1670330E-006
5.644044	1.2068284E-006
5.644294	1.2528403E-006
5.644545	1.2940849E-006
5.644794	1.3325031E-006
5.645044	1.3743933E-006
5.645294	1.4168377E-006
5.645545	1.4660632E-006
5.645794	1.5096549E-006
5.646044	1.5536629E-006
5.646294	1.5983027E-006
5.646544	1.6430087E-006
5.646794	1.6948794E-006
5.647044	1.7407801E-006
5.647294	1.7870494E-006
5.647544	1.8334435E-006
5.647794	1.8804313E-006
5.648044	1.9345096E-006
5.648294	1.9821503E-006
5.648544	2.0266850E-006
5.648794	2.0748757E-006
5.649044	2.1230787E-006
5.649294	2.1791450E-006
5.649544	2.2278034E-006
5.649794	2.2768509E-006
5.650044	2.3261812E-006
5.650294	2.3753271E-006
5.650544	2.4321305E-006
5.650794	2.4817482E-006
5.651043	2.5314048E-006
5.651294	2.5810505E-006
5.651544	2.6377779E-006
5.651793	2.6874582E-006
5.652043	2.7338788E-006
5.652294	2.7834731E-006
5.652544	2.8329632E-006
5.652793	2.8897005E-006
5.653043	2.9391756E-006
5.653293	2.9880778E-006
5.653543	3.0370857E-006
5.653793	3.0929500E-006
5.654043	3.1415834E-006
5.654293	3.1900820E-006
5.654543	3.2381949E-006
5.654793	3.2859846E-006
5.655043	3.3402719E-006
5.655293	3.3875983E-006
5.655543	3.4305663E-006
5.655793	3.4767529E-006
5.656043	3.5229380E-006
5.656293	3.5749933E-006
5.656543	3.6198526E-006
5.656793	3.6638846E-006
5.657043	3.7081120E-006
5.657293	3.7517495E-006
5.657543	3.8003730E-006
5.657793	3.8425010E-006
5.658043	3.8839967E-006
5.658293	3.9248894E-006
5.658543	3.9712882E-006
5.658792	4.0107166E-006
5.659043	4.0469554E-006
5.659293	4.0846671E-006
5.659543	4.1220014E-006
5.659792	4.1639255E-006
5.660042	4.1999151E-006
5.660293	4.2344454E-006
5.660542	4.2684701E-006
5.660792	4.3021660E-006
5.661042	4.3388372E-006
5.661293	4.3701189E-006
5.661542	4.4006420E-006
5.661792	4.4305857E-006
5.662042	4.4630697E-006
5.662292	4.4909511E-006
5.662542	4.5171414E-006
5.662792	4.5413676E-006
5.663042	4.5696888E-006
5.663292	4.5928550E-006
5.663542	4.6162445E-006
5.663792	4.6373984E-006
5.664042	4.6583100E-006
5.664292	4.6806613E-006
5.664542	4.6984464E-006
5.664792	4.7160038E-006
5.665042	4.7321073E-006
5.665292	4.7467465E-006
5.665542	4.7631165E-006
5.665792	4.7761414E-006
5.666042	4.7872431E-006
5.666292	4.7984831E-006
5.666542	4.8076922E-006
5.666791	4.8157945E-006
5.667042	4.8227735E-006
5.667292	4.8285124E-006
5.667542	4.8336419E-006
5.667791	4.8373140E-006
5.668042	4.8399520E-006
5.668292	4.8414718E-006
5.668541	4.8410075E-006
5.668791	4.8397515E-006
5.669041	4.8376169E-006
5.669291	4.8339316E-006
5.669541	4.8292241E-006
5.669791	4.8224692E-006
5.670041	4.8157626E-006
5.670291	4.8074694E-006
5.670541	4.7976773E-006
5.670791	4.7876392E-006
5.671041	4.7745043E-006
5.671291	4.7615908E-006
5.671541	4.7472399E-006
5.671791	4.7301351E-006
5.672041	4.7142994E-006
5.672291	4.6973742E-006
5.672541	4.6785995E-006
5.672791	4.6596015E-006
5.673041	4.6358596E-006
5.673291	4.6157938E-006
5.673541	4.5939487E-006
5.673791	4.5700704E-006
5.674041	4.5420707E-006
5.674291	4.5160741E-006
5.674541	4.4902422E-006
5.674791	4.4622957E-006
5.675041	4.4342537E-006
5.675291	4.4004164E-006
5.67554	4.3704408E-006
5.67579	4.3388854E-006
5.676041	4.3026762E-006
5.676291	4.2692636E-006
5.67654	4.2357933E-006
5.67679	4.2038860E-006
5.677041	4.1678495E-006
5.67729	4.1270041E-006
5.67754	4.0897066E-006
5.67779	4.0527493E-006
5.67804	4.0090108E-006
5.67829	3.9699348E-006
5.67854	3.9297802E-006
5.67879	3.8897438E-006
5.67904	3.8486869E-006
5.67929	3.8012683E-006
5.67954	3.7590798E-006
5.67979	3.7165987E-006
5.68004	3.6733102E-006
5.68029	3.6260760E-006
5.68054	3.5818439E-006
5.68079	3.5373864E-006
5.68104	3.4922869E-006
5.68129	3.4402831E-006
5.68154	3.3943866E-006
5.68179	3.3479773E-006
5.68204	3.3013600E-006
5.68229	3.2478326E-006
5.682539	3.2009721E-006
5.68279	3.1533937E-006
5.68304	3.1056229E-006
5.68329	3.0508670E-006
5.683539	3.0028239E-006
5.68379	2.9578562E-006
5.68404	2.9096509E-006
5.684289	2.8541212E-006
5.684539	2.8051938E-006
5.684789	2.7569624E-006
5.68504	2.7080162E-006
5.685289	2.6525986E-006
5.685539	2.6033847E-006
5.685789	2.5551697E-006
5.686039	2.5064496E-006
5.686289	2.4510105E-006
5.686539	2.4020617E-006
5.686789	2.3541656E-006
5.687039	2.3059767E-006
5.687289	2.2547199E-006
5.687539	2.2067873E-006
5.687789	2.1589356E-006
5.688039	2.1117808E-006
5.688289	2.0580667E-006
5.688539	2.0110210E-006
5.688789	1.9641625E-006
5.689039	1.9180643E-006
5.689289	1.8656021E-006
5.689539	1.8199789E-006
5.689789	1.7746938E-006
5.690039	1.7300221E-006
5.690289	1.6792507E-006
5.690539	1.6351257E-006
5.690789	1.5945565E-006
5.691039	1.5514614E-006
5.691288	1.5025608E-006
5.691538	1.4605655E-006
5.691789	1.4188125E-006
5.692039	1.3776782E-006
5.692288	1.3310122E-006
5.692538	1.2909155E-006
5.692789	1.2514120E-006
5.693038	1.2126009E-006
5.693288	1.1685096E-006
5.693538	1.1306565E-006
5.693788	1.0934274E-006
5.694038	1.0516064E-006
5.694288	1.0181101E-006
5.694538	9.8270743E-007
5.694788	9.4797292E-007
5.695038	9.0886300E-007
5.695288	8.7542134E-007
5.695538	8.4252224E-007
5.695788	8.1037018E-007
5.696038	7.7428552E-007
5.696288	7.4347753E-007
5.696538	7.1329532E-007
5.696788	6.8377540E-007
5.697038	6.5090575E-007
5.697288	6.2281998E-007
5.697538	5.9543174E-007
5.697788	5.6668080E-007
5.698038	5.4072297E-007
5.698287	5.1533391E-007
5.698538	4.9065687E-007
5.698788	4.6325894E-007
5.699038	4.4000822E-007
5.699287	4.1731994E-007
5.699538	3.9541945E-007
5.699788	3.7117690E-007
5.700037	3.5064926E-007
5.700287	3.3078777E-007
5.700537	3.1160124E-007
5.700788	2.9048505E-007
5.701037	2.7266546E-007
5.701287	2.5672114E-007
5.701537	2.3783812E-007
5.701787	2.2202808E-007
5.702037	2.0678020E-007
5.702287	1.9221375E-007
5.702537	1.7627917E-007
5.702787	1.6300234E-007
5.703037	1.5031246E-007
5.703287	1.3821708E-007
5.703537	1.2511680E-007
5.703787	1.1428493E-007
5.704037	1.0399718E-007
5.704287	9.4279571E-008
5.704537	8.3833243E-008
5.704787	7.5888664E-008
5.705037	6.7814256E-008
5.705287	5.9247171E-008
5.705537	5.2279521E-008
5.705787	4.5838867E-008
5.706037	3.9062328E-008
5.706287	3.3631647E-008
5.706537	2.8685584E-008
5.706787	2.4196071E-008
5.707036	1.9609299E-008
5.707286	1.6051864E-008
5.707537	1.2931263E-008
5.707787	9.8568265E-009
5.708036	7.5940374E-009
5.708286	5.8404681E-009
5.708537	4.3170170E-009
5.708786	3.0173253E-009
5.709036	2.2585311E-009
5.709286	1.8380483E-009
5.709537	1.7451049E-009
5.709786	2.0244892E-009
5.710036	2.5927300E-009
5.710286	3.4542431E-009
5.710536	4.5901012E-009
5.710786	6.2145009E-009
5.711036	7.9116136E-009
5.711286	9.8425650E-009
5.711536	1.2337712E-008
5.711786	1.4572745E-008
5.712036	1.7179747E-008
5.712286	1.9975552E-008
5.712536	2.3395843E-008
5.712786	2.6577638E-008
5.713036	2.9911241E-008
5.713286	3.3908034E-008
5.713536	3.7547874E-008
5.713786	4.1311452E-008
5.714036	4.5754170E-008
5.714286	4.9750501E-008
5.714536	5.3838587E-008
5.714786	5.7998164E-008
5.715035	6.2549717E-008
5.715286	6.6856821E-008
5.715536	7.1216924E-008
5.715786	7.6250799E-008
5.716035	8.0675598E-008
5.716286	8.5137792E-008
5.716536	9.0249529E-008
5.716785	9.4731320E-008
5.717035	9.9191567E-008
5.717285	1.0366366E-007
5.717535	1.0873872E-007
5.717785	1.1314145E-007
5.718035	1.1751784E-007
5.718285	1.2245461E-007
5.718535	1.2641263E-007
5.718785	1.3060462E-007
5.719035	1.3476803E-007
5.719285	1.3940058E-007
5.719535	1.4337513E-007
5.719785	1.4728610E-007
5.720035	1.5163265E-007
5.720285	1.5534356E-007
5.720535	1.5894236E-007
5.720785	1.6245303E-007
5.721035	1.6630128E-007
5.721285	1.6954255E-007
5.721535	1.7269718E-007
5.721785	1.7615196E-007
5.722035	1.7883637E-007
5.722285	1.8156848E-007
5.722535	1.8455664E-007
5.722785	1.8702477E-007
5.723035	1.8935093E-007
5.723285	1.9156023E-007
5.723535	1.9389810E-007
5.723784	1.9577685E-007
5.724034	1.9750253E-007
5.724285	1.9931871E-007
5.724535	2.0074953E-007
5.724784	2.0204575E-007
5.725034	2.0333187E-007
5.725285	2.0429781E-007
5.725534	2.0503603E-007
5.725784	2.0573283E-007
5.726034	2.0633263E-007
5.726284	2.0669262E-007
5.726534	2.0690888E-007
5.726784	2.0700510E-007
5.727034	2.0690690E-007
5.727284	2.0668959E-007
5.727534	2.0623557E-007
5.727784	2.0571767E-007
5.728034	2.0500796E-007
5.728284	2.0409537E-007
5.728534	2.0313625E-007
5.728784	2.0214144E-007
5.729034	2.0093610E-007
5.729284	1.9938796E-007
5.729534	1.9793069E-007
5.729784	1.9632350E-007
5.730034	1.9437061E-007
5.730284	1.9256572E-007
5.730534	1.9060090E-007
5.730783	1.8823906E-007
5.731034	1.8608907E-007
5.731284	1.8380746E-007
5.731534	1.8148141E-007
5.731783	1.7869392E-007
5.732034	1.7612784E-007
5.732284	1.7368330E-007
5.732533	1.7058892E-007
5.732783	1.6781007E-007
5.733033	1.6495387E-007
5.733284	1.6158913E-007
5.733533	1.5860745E-007
5.733783	1.5555129E-007
5.734033	1.5243080E-007
5.734283	1.4882326E-007
5.734533	1.4562913E-007
5.734783	1.4237594E-007
5.735033	1.3862292E-007
5.735283	1.3531132E-007
5.735533	1.3195508E-007
5.735783	1.2834353E-007
5.736033	1.2496997E-007
5.736283	1.2155498E-007
5.736533	1.1765302E-007
5.736783	1.1423247E-007
5.737033	1.1079995E-007
5.737283	1.0690272E-007
5.737533	1.0347206E-007
5.737783	1.0007675E-007
5.738033	9.6205653E-008
5.738283	9.2823363E-008
5.738533	8.9480658E-008
5.738783	8.5681549E-008
5.739033	8.2616097E-008
5.739283	7.9351871E-008
5.739532	7.5668176E-008
5.739782	7.2491559E-008
5.740033	6.9336807E-008
5.740283	6.6242784E-008
5.740532	6.2769274E-008
5.740782	5.9774820E-008
5.741033	5.6837646E-008
5.741282	5.3556516E-008
5.741532	5.0742415E-008
5.741782	4.7982724E-008
5.742032	4.4917709E-008
5.742282	4.2307921E-008
5.742532	3.9938602E-008
5.742782	3.7111981E-008
5.743032	3.4712993E-008
5.743282	3.2387902E-008
5.743532	2.9824172E-008
5.743782	2.7666514E-008
5.744032	2.5579924E-008
5.744282	2.3296405E-008
5.744532	2.1381256E-008
5.744782	1.9552953E-008
5.745032	1.7561669E-008
5.745282	1.5905744E-008
5.745532	1.4339061E-008
5.745782	1.2647176E-008
5.746032	1.1352713E-008
5.746282	1.0044578E-008
5.746531	8.6500584E-009
5.746782	7.5230453E-009
5.747032	6.4786918E-009
5.747282	5.3910432E-009
5.747531	4.5274184E-009
5.747782	3.7501908E-009
5.748032	2.9627671E-009
5.748281	2.3612883E-009
5.748531	1.8428091E-009
5.748781	1.3490342E-009
5.749032	1.0029323E-009
5.749281	7.5278167E-010
5.749531	5.3657823E-010
5.749781	4.2969200E-010
5.750031	3.9809861E-010
5.750281	4.5172485E-010
5.750531	5.7691768E-010
5.750781	7.7319506E-010
5.751031	1.0816716E-009
5.751281	1.4237167E-009
5.751531	1.8317670E-009
5.751781	2.3756124E-009
5.752031	2.9175911E-009
5.752281	3.5198651E-009
5.752531	4.2789989E-009
5.752781	4.9490061E-009
5.753031	5.7209477E-009
5.753281	6.6676638E-009
5.753531	7.5498008E-009
5.753781	8.4761789E-009
5.754031	9.5906465E-009
5.754281	1.0612827E-008
5.754531	1.1672622E-008
5.754781	1.2927707E-008
5.755031	1.4065007E-008
5.75528	1.5236290E-008
5.75553	1.6611290E-008
5.755781	1.7839923E-008
5.756031	1.9008503E-008
5.75628	2.0471283E-008
5.75653	2.1771273E-008
5.756781	2.3089891E-008
5.75703	2.4615701E-008
5.75728	2.5966552E-008
5.75753	2.7323392E-008
5.75778	2.8890570E-008
5.75803	3.0258125E-008
5.75828	3.1641548E-008
5.75853	3.3215411E-008
5.75878	3.4586716E-008
5.75903	3.5966178E-008
5.75928	3.7528359E-008
5.75953	3.8792333E-008
5.75978	4.0135156E-008
5.76003	4.1664517E-008
5.76028	4.2979821E-008
5.76053	4.4468422E-008
5.76078	4.5759432E-008
5.76103	4.7014499E-008
5.76128	4.8429857E-008
5.76153	4.9644470E-008
5.76178	5.0824827E-008
5.76203	5.2147829E-008
5.76228	5.3275766E-008
5.76253	5.4364623E-008
5.76278	5.5500994E-008
5.76303	5.6524591E-008
5.763279	5.7512811E-008
5.76353	5.8605888E-008
5.76378	5.9517770E-008
5.76403	6.0388814E-008
5.764279	6.1338426E-008
5.764529	6.2132521E-008
5.76478	6.2870050E-008
5.765029	6.3670235E-008
5.765279	6.4325413E-008
5.765529	6.5023059E-008
5.765779	6.5578185E-008
5.766029	6.6080766E-008
5.766279	6.6583176E-008
5.766529	6.6995618E-008
5.766779	6.7357178E-008
5.767029	6.7733062E-008
5.767279	6.7992929E-008
5.767529	6.8211051E-008
5.767779	6.8404717E-008
5.768029	6.8528287E-008
5.768279	6.8591184E-008
5.768529	6.8616067E-008
5.768779	6.8589664E-008
5.769029	6.8505791E-008
5.769279	6.8362667E-008
5.769529	6.8205097E-008
5.769779	6.7959192E-008
5.770029	6.7689641E-008
5.770279	6.7375453E-008
5.770529	6.6959345E-008
5.770779	6.6558947E-008
5.771029	6.6108470E-008
5.771278	6.5542778E-008
5.771529	6.5012287E-008
5.771779	6.4360705E-008
5.772028	6.3729793E-008
5.772278	6.3078758E-008
5.772529	6.2291875E-008
5.772779	6.1553855E-008
5.773028	6.0848940E-008
5.773278	5.9935616E-008
5.773528	5.9098380E-008
5.773778	5.8240101E-008
5.774028	5.7221467E-008
5.774278	5.6291459E-008
5.774528	5.5346916E-008
5.774778	5.4234629E-008
5.775028	5.3238310E-008
5.775278	5.2074089E-008
5.775528	5.1022315E-008
5.775778	4.9961400E-008
5.776028	4.8725770E-008
5.776278	4.7700251E-008
5.776528	4.6593470E-008
5.776778	4.5301810E-008
5.777028	4.4162245E-008
5.777278	4.3011269E-008
5.777528	4.1689155E-008
5.777778	4.0523034E-008
5.778028	3.9186318E-008
5.778278	3.8009912E-008
5.778528	3.6831953E-008
5.778778	3.5487208E-008
5.779027	3.4309942E-008
5.779278	3.2967765E-008
5.779528	3.1880724E-008
5.779778	3.0718059E-008
5.780027	2.9554718E-008
5.780277	2.8248405E-008
5.780528	2.7102390E-008
5.780777	2.5816050E-008
5.781027	2.4699334E-008
5.781277	2.3596906E-008
5.781528	2.2356076E-008
5.781777	2.1284519E-008
5.782027	2.0229576E-008
5.782277	1.9051313E-008
5.782527	1.8038504E-008
5.782777	1.6905391E-008
5.783027	1.6005568E-008
5.783277	1.5058532E-008
5.783527	1.4006512E-008
5.783777	1.3110443E-008
5.784027	1.2116932E-008
5.784277	1.1274879E-008
5.784527	1.0462454E-008
5.784777	9.5654888E-009
5.785027	8.8095007E-009
5.785277	8.0874782E-009
5.785527	7.2929787E-009
5.785777	6.6321943E-009
5.786027	5.9153762E-009
5.786277	5.3617568E-009
5.786527	4.7946140E-009
5.786777	4.1871826E-009
5.787026	3.6901191E-009
5.787277	3.2263665E-009
5.787527	2.7352138E-009
5.787776	2.3404114E-009
5.788026	1.9295439E-009
5.788277	1.6065299E-009
5.788527	1.3151435E-009
5.788776	1.0235047E-009
5.789026	8.0387513E-010
5.789276	5.9257577E-010
5.789526	4.5241000E-010
5.789776	3.3272576E-010
5.790026	2.3545990E-010
5.790276	1.8451829E-010
5.790526	1.6465389E-010
5.790776	1.8088944E-010
5.791026	2.2799337E-010
5.791276	3.1857395E-010
5.791526	4.3019716E-010
5.791776	5.7066901E-010
5.792026	7.6629830E-010
5.792276	9.6787345E-010
5.792526	1.1962730E-009
5.792776	1.4708098E-009
5.793026	1.7543087E-009
5.793276	2.1083690E-009
5.793526	2.4449502E-009
5.793776	2.8054432E-009
5.794026	3.2447545E-009
5.794276	3.6529728E-009
5.794526	4.1454213E-009
5.794775	4.5970032E-009
5.795026	5.0678253E-009
5.795276	5.6292873E-009
5.795526	6.1391328E-009
5.795775	6.7418320E-009
5.796025	7.2842101E-009
5.796276	7.8011642E-009
5.796525	8.4549727E-009
5.796775	9.0374170E-009
5.797025	9.7183586E-009
5.797276	1.0324896E-008
5.797525	1.0941317E-008
5.797775	1.1656158E-008
5.798025	1.2285629E-008
5.798275	1.2923720E-008
5.798525	1.3659012E-008
5.798775	1.4307322E-008
5.799025	1.5048453E-008
5.799275	1.5700634E-008
5.799525	1.6305473E-008
5.799775	1.7050294E-008
5.800025	1.7700781E-008
5.800275	1.8443966E-008
5.800525	1.9085943E-008
5.800775	1.9728059E-008
5.801025	2.0449415E-008
5.801275	2.1076064E-008
5.801525	2.1785583E-008
5.801775	2.2395000E-008
5.802025	2.2999018E-008
5.802275	2.3670040E-008
5.802525	2.4249790E-008
5.802774	2.4857529E-008
5.803025	2.5408113E-008
5.803275	2.5950659E-008
5.803524	2.6554689E-008
5.803774	2.7063235E-008
5.804025	2.7626866E-008
5.804275	2.8099420E-008
5.804524	2.8560553E-008
5.804774	2.9063610E-008
5.805024	2.9484120E-008
5.805274	2.9946143E-008
5.805524	3.0324138E-008
5.805774	3.0686916E-008
5.806024	3.1054423E-008
5.806274	3.1370998E-008
5.806524	3.1711394E-008
5.806774	3.1985198E-008
5.807024	3.2272958E-008
5.807274	3.2503571E-008
5.807524	3.2706332E-008
5.807774	3.2915409E-008
5.808024	3.3075917E-008
5.808274	3.3230112E-008
5.808524	3.3342928E-008
5.808774	3.3426687E-008
5.809024	3.3499283E-008
5.809274	3.3537276E-008
5.809524	3.3553896E-008
5.809774	3.3544961E-008
5.810024	3.3513878E-008
5.810274	3.3457553E-008
5.810524	3.3375620E-008
5.810774	3.3262388E-008
5.811024	3.3132853E-008
5.811274	3.2987902E-008
5.811523	3.2794212E-008
5.811773	3.2604458E-008
5.812024	3.2356706E-008
5.812274	3.2119576E-008
5.812523	3.1865678E-008
5.812773	3.1567165E-008
5.813024	3.1273636E-008
5.813273	3.0913757E-008
5.813523	3.0577414E-008
5.813773	3.0172068E-008
5.814023	2.9802539E-008
5.814273	2.9416535E-008
5.814523	2.8953783E-008
5.814773	2.8529724E-008
5.815023	2.8034554E-008
5.815273	2.7581992E-008
5.815523	2.7117046E-008
5.815773	2.6571467E-008
5.816023	2.6113526E-008
5.816273	2.5540318E-008
5.816523	2.5029298E-008
5.816773	2.4433186E-008
5.817023	2.3900165E-008
5.817273	2.3359151E-008
5.817523	2.2730102E-008
5.817773	2.2173394E-008
5.818023	2.1533188E-008
5.818273	2.0965638E-008
5.818522	2.0390054E-008
5.818773	1.9735680E-008
5.819023	1.9153939E-008
5.819273	1.8530944E-008
5.819522	1.7951079E-008
5.819773	1.7282971E-008
5.820023	1.6699206E-008
5.820272	1.6034537E-008
5.820522	1.5453487E-008
5.820772	1.4877220E-008
5.821023	1.4221169E-008
5.821272	1.3651781E-008
5.821522	1.3006161E-008
5.821772	1.2444618E-008
5.822022	1.1891120E-008
5.822272	1.1268241E-008
5.822522	1.0765961E-008
5.822772	1.0162410E-008
5.823022	9.6399244E-009
5.823272	9.0556043E-009
5.823522	8.5549967E-009
5.823772	8.0656219E-009
5.824022	7.5184294E-009
5.824272	7.0515855E-009
5.824522	6.5344445E-009
5.824772	6.0942407E-009
5.825022	5.6072245E-009
5.825272	5.1955023E-009
5.825522	4.7981334E-009
5.825772	4.3865365E-009
5.826022	4.0198662E-009
5.826272	3.6174448E-009
5.826522	3.2824374E-009
5.826772	2.9183975E-009
5.827022	2.6173015E-009
5.827271	2.3320590E-009
5.827522	2.0262572E-009
5.827772	1.7767359E-009
5.828022	1.5121895E-009
5.828271	1.2989803E-009
5.828521	1.0762825E-009
5.828772	8.9998398E-010
5.829021	7.2990847E-010
5.829271	5.8926297E-010
5.829521	4.6627052E-010
5.829772	3.4695113E-010
5.830021	2.6119121E-010
5.830271	1.8432678E-010
5.830521	1.3554938E-010
5.830771	1.0079087E-010
5.831021	8.8690819E-011
5.831271	9.3515883E-011
5.831521	1.1957495E-010
5.831771	1.6005126E-010
5.832021	2.2621291E-010
5.832271	2.9550828E-010
5.832521	3.9950768E-010
5.832771	5.0719523E-010
5.833021	6.2996047E-010
5.833271	7.8881351E-010
5.833521	9.4333363E-010
5.833771	1.1372401E-009
5.834021	1.3219066E-009
5.834271	1.5490768E-009
5.834521	1.7617391E-009
5.834771	1.9873958E-009
5.835021	2.2601991E-009
5.83527	2.5107088E-009
5.835521	2.7922542E-009
5.835771	3.0656697E-009
5.83602	3.3910348E-009
5.83627	3.6856831E-009
5.836521	4.0345358E-009
5.836771	4.3490966E-009
5.83702	4.7170428E-009
5.83727	5.0483586E-009
5.83752	5.3853784E-009
5.83777	5.7796030E-009
5.83802	6.1302843E-009
5.83827	6.5372978E-009
5.83852	6.8987989E-009
5.83877	7.2898714E-009
5.83902	7.6597777E-009
5.83927	8.0317690E-009
5.83952	8.4599385E-009
5.83977	8.8364152E-009
5.84002	9.2675423E-009
5.84027	9.6466870E-009
5.84052	1.0078447E-008
5.84077	1.0458089E-008
5.84102	1.0887669E-008
5.84127	1.1262995E-008
5.84152	1.1634403E-008
5.84177	1.2056764E-008
5.84202	1.2448138E-008
5.84227	1.2810374E-008
5.84252	1.3166064E-008
5.84277	1.3567727E-008
5.843019	1.3915033E-008
5.84327	1.4301646E-008
5.84352	1.4635098E-008
5.84377	1.5006384E-008
5.844019	1.5322662E-008
5.844269	1.5633010E-008
5.84452	1.5975006E-008
5.844769	1.6265650E-008
5.845019	1.6588514E-008
5.845269	1.6838664E-008
5.84552	1.7137229E-008
5.845769	1.7390095E-008
5.846019	1.7663824E-008
5.846269	1.7890907E-008
5.846519	1.8137586E-008
5.846769	1.8341948E-008
5.847019	1.8560300E-008
5.847269	1.8736227E-008
5.847519	1.8901730E-008
5.847769	1.9076380E-008
5.848019	1.9216669E-008
5.848269	1.9358462E-008
5.848519	1.9464087E-008
5.848769	1.9577545E-008
5.849019	1.9660428E-008
5.849269	1.9745306E-008
5.849519	1.9799844E-008
5.849769	1.9850237E-008
5.850019	1.9876573E-008
5.850269	1.9892804E-008
5.850519	1.9894188E-008
5.850769	1.9882259E-008
5.851018	1.9849558E-008
5.851269	1.9809534E-008
5.851519	1.9752811E-008
5.851768	1.9682370E-008
5.852018	1.9589315E-008
5.852269	1.9493626E-008
5.852519	1.9369994E-008
5.852768	1.9249692E-008
5.853018	1.9096230E-008
5.853268	1.8947027E-008
5.853518	1.8789653E-008
5.853768	1.8593166E-008
5.854018	1.8411717E-008
5.854268	1.8191828E-008
5.854518	1.7984222E-008
5.854768	1.7753051E-008
5.855018	1.7528256E-008
5.855268	1.7257038E-008
5.855518	1.7012011E-008
5.855768	1.6719136E-008
5.856018	1.6455857E-008
5.856268	1.6144400E-008
5.856518	1.5863399E-008
5.856768	1.5534116E-008
5.857018	1.5237926E-008
5.857268	1.4934768E-008
5.857518	1.4583226E-008
5.857768	1.4268169E-008
5.858018	1.3925566E-008
5.858268	1.3600554E-008
5.858518	1.3224114E-008
5.858768	1.2890444E-008
5.859018	1.2505713E-008
5.859268	1.2165295E-008
5.859518	1.1775230E-008
5.859767	1.1428543E-008
5.860017	1.1035009E-008
5.860268	1.0685999E-008
5.860518	1.0290469E-008
5.860767	9.9421795E-009
5.861017	9.5471249E-009
5.861268	9.2252339E-009
5.861517	8.8808711E-009
5.861767	8.4887013E-009
5.862017	8.1468903E-009
5.862267	7.7605833E-009
5.862517	7.4256508E-009
5.862767	7.0479422E-009
5.863017	6.7205779E-009
5.863267	6.3528049E-009
5.863517	6.0354073E-009
5.863767	5.6798544E-009
5.864017	5.3736429E-009
5.864267	5.0307194E-009
5.864517	4.7589346E-009
5.864767	4.4310458E-009
5.865017	4.1526103E-009
5.865267	3.8423136E-009
5.865517	3.5795480E-009
5.865767	3.2887433E-009
5.866017	3.0429916E-009
5.866267	2.7715767E-009
5.866517	2.5440927E-009
5.866766	2.2946722E-009
5.867017	2.0863029E-009
5.867267	1.8593808E-009
5.867517	1.6711382E-009
5.867766	1.5055016E-009
5.868017	1.3128438E-009
5.868267	1.1552244E-009
5.868516	9.8764652E-010
5.868766	8.3361595E-010
5.869016	7.0996192E-010
5.869267	5.9684552E-010
5.869516	4.8064180E-010
5.869766	3.9030820E-010
5.870016	3.0037134E-010
5.870266	2.3315744E-010
5.870516	1.6949332E-010
5.870766	1.2806688E-010
5.871016	8.9951539E-011
5.871266	6.8040136E-011
5.871516	5.6051972E-011
5.871766	5.6831692E-011
5.872016	7.0814153E-011
5.872266	9.4114307E-011
5.872516	1.3345249E-010
5.872766	1.7871241E-010
5.873016	2.4275376E-010
5.873266	3.0945474E-010
5.873516	3.9761094E-010
5.873766	4.8473520E-010
5.874016	5.8864025E-010
5.874266	6.9497808E-010
5.874516	8.2769203E-010
5.874766	9.5275099E-010
5.875016	1.1065024E-009
5.875266	1.2494722E-009
5.875515	1.4230375E-009
5.875765	1.5826670E-009
5.876016	1.7744858E-009
5.876266	1.9495692E-009
5.876515	2.1586695E-009
5.876765	2.3479034E-009
5.877016	2.5719291E-009
5.877265	2.7590306E-009
5.877515	2.9966105E-009
5.877765	3.2097560E-009
5.878015	3.4589900E-009
5.878265	3.6815564E-009
5.878515	3.9420471E-009
5.878765	4.1732120E-009
5.879015	4.4418149E-009
5.879265	4.6796145E-009
5.879515	4.9208424E-009
5.879765	5.1978586E-009
5.880015	5.4437361E-009
5.880265	5.7080749E-009
5.880515	5.9908092E-009
5.880765	6.2401790E-009
5.881015	6.5242451E-009
5.881265	6.7738726E-009
5.881515	7.0577788E-009
5.881765	7.3054256E-009
5.882015	7.5520097E-009
5.882265	7.8329423E-009
5.882514	8.0765554E-009
5.882765	8.3509093E-009
5.883015	8.6227088E-009
5.883265	8.8585228E-009
5.883514	9.1054906E-009
5.883765	9.3331289E-009
5.884015	9.5885015E-009
5.884264	9.8074890E-009
5.884514	1.0053054E-008
5.884764	1.0262516E-008
5.885015	1.0465866E-008
5.885264	1.0692994E-008
5.885514	1.0911928E-008
5.885764	1.1098664E-008
5.886014	1.1302014E-008
5.886264	1.1473920E-008
5.886514	1.1663589E-008
5.886764	1.1810513E-008
5.887014	1.1981865E-008
5.887264	1.2125357E-008
5.887514	1.2279331E-008
5.887764	1.2405390E-008
5.888014	1.2540525E-008
5.888264	1.2651444E-008
5.888514	1.2766871E-008
5.888764	1.2858716E-008
5.889014	1.2953987E-008
5.889264	1.3028049E-008
5.889514	1.3102701E-008
5.889764	1.3154567E-008
5.890014	1.3207460E-008
5.890264	1.3246418E-008
5.890514	1.3278252E-008
5.890764	1.3298670E-008
5.891014	1.3311177E-008
5.891263	1.3312863E-008
5.891513	1.3301898E-008
5.891764	1.3284803E-008
5.892014	1.3253866E-008
5.892263	1.3218298E-008
5.892513	1.3163999E-008
5.892764	1.3110370E-008
5.893013	1.3042545E-008
5.893263	1.2972814E-008
5.893513	1.2878790E-008
5.893763	1.2790533E-008
5.894013	1.2679530E-008
5.894263	1.2558230E-008
5.894513	1.2443823E-008
5.894763	1.2305718E-008
5.895013	1.2174540E-008
5.895263	1.2018945E-008
5.895513	1.1872948E-008
5.895763	1.1701517E-008
5.896013	1.1554274E-008
5.896263	1.1365207E-008
5.896513	1.1195507E-008
5.896763	1.0993926E-008
5.897013	1.0811551E-008
5.897263	1.0599090E-008
5.897513	1.0404634E-008
5.897763	1.0179626E-008
5.898013	9.9762056E-009
5.898263	9.7417781E-009
5.898513	9.5298684E-009
5.898763	9.2859604E-009
5.899013	9.0672536E-009
5.899262	8.8306198E-009
5.899513	8.6072980E-009
5.899763	8.3505567E-009
5.900012	8.1220435E-009
5.900262	7.8606588E-009
5.900512	7.6290005E-009
5.900763	7.3652600E-009
5.901012	7.0992119E-009
5.901262	6.8661747E-009
5.901512	6.5999042E-009
5.901762	6.3670096E-009
5.902012	6.1026344E-009
5.902262	5.8714860E-009
5.902512	5.6249876E-009
5.902762	5.3974096E-009
5.903012	5.1382631E-009
5.903262	4.9144893E-009
5.903512	4.6607616E-009
5.903762	4.4416120E-009
5.904012	4.1952752E-009
5.904262	3.9827679E-009
5.904512	3.7445163E-009
5.904762	3.5110119E-009
5.905012	3.3107816E-009
5.905262	3.0877034E-009
5.905512	2.9099856E-009
5.905762	2.6975269E-009
5.906012	2.5168880E-009
5.906262	2.3162796E-009
5.906512	2.1469013E-009
5.906762	1.9600153E-009
5.907012	1.8027322E-009
5.907261	1.6299173E-009
5.907512	1.4852459E-009
5.907762	1.3278064E-009
5.908011	1.1964979E-009
5.908261	1.0549751E-009
5.908512	9.2180025E-010
5.908762	8.2038215E-010
5.909011	7.0342243E-010
5.909261	6.0866817E-010
5.909511	5.0906646E-010
5.909761	4.2953294E-010
5.910011	3.4761510E-010
5.910261	2.8369510E-010
5.910511	2.1962783E-010
5.910761	1.7152214E-010
5.911011	1.2560031E-010
5.911261	9.3356503E-011
5.911511	6.5498662E-011
5.911761	5.0008993E-011
5.912011	3.9688586E-011
5.912261	3.8957091E-011
5.912511	4.6138825E-011
5.912761	6.3243979E-011
5.913011	8.5898601E-011
5.913261	1.2048844E-010
5.913511	1.5820888E-010
5.913761	2.0992544E-010
5.914011	2.6247260E-010
5.914261	3.3068953E-010
5.914511	3.9757259E-010
5.914761	4.8174864E-010
5.91501	5.5627836E-010
5.915261	6.5521105E-010
5.915511	7.4840595E-010
5.915761	8.6199520E-010
5.91601	9.8300557E-010
5.91626	1.0946699E-009
5.916511	1.2290967E-009
5.91676	1.3517765E-009
5.91701	1.4979629E-009
5.91726	1.6312807E-009
5.917511	1.7886663E-009
5.91776	1.9315147E-009
5.91801	2.0882649E-009
5.91826	2.2608295E-009
5.91851	2.4150464E-009
5.91876	2.5958411E-009
5.91901	2.7575986E-009
5.91926	2.9456593E-009
5.91951	3.1125749E-009
5.91976	3.3066143E-009
5.92001	3.4781849E-009
5.92026	3.6764045E-009
5.92051	3.8520254E-009
5.92076	4.0541952E-009
5.92101	4.2445545E-009
5.92126	4.4226938E-009
5.92151	4.6275788E-009
5.92176	4.8068571E-009
5.92201	5.0121178E-009
5.92226	5.1908247E-009
5.92251	5.3941855E-009
5.92276	5.5716529E-009
5.923009	5.7737899E-009
5.92326	5.9726495E-009
5.92351	6.1455450E-009
5.923759	6.3416761E-009
5.924009	6.5100898E-009
5.92426	6.6880634E-009
5.92451	6.8515020E-009
5.924759	7.0360224E-009
5.925009	7.1924346E-009
5.925259	7.3691102E-009
5.925509	7.5199633E-009
5.925759	7.6873459E-009
5.926009	7.8482296E-009
5.926259	7.9862446E-009
5.926509	8.1384108E-009
5.926759	8.2664151E-009
5.927009	8.4081968E-009
5.927259	8.5177945E-009
5.927509	8.6481569E-009
5.927759	8.7720418E-009
5.928009	8.8729042E-009
5.928259	8.9822203E-009
5.928509	9.0732559E-009
5.928759	9.1697432E-009
5.929009	9.2476480E-009
5.929259	9.3302646E-009
5.929509	9.4056158E-009
5.929759	9.4635624E-009
5.930009	9.5235695E-009
5.930259	9.5710293E-009
5.930509	9.6122168E-009
5.930758	9.6459214E-009
5.931009	9.6761674E-009
5.931259	9.6955919E-009
5.931509	9.7103863E-009
5.931758	9.7163388E-009
5.932008	9.7158477E-009
5.932259	9.7072030E-009
5.932508	9.6933208E-009
5.932758	9.6702841E-009
5.933008	9.6424584E-009
5.933259	9.6024602E-009
5.933508	9.5653983E-009
5.933758	9.5119717E-009
5.934008	9.4507984E-009
5.934258	9.3909103E-009
5.934508	9.3155963E-009
5.934758	9.2442161E-009
5.935008	9.1553565E-009
5.935258	9.0581871E-009
5.935508	8.9692254E-009
5.935758	8.8603329E-009
5.936008	8.7593079E-009
5.936258	8.6375707E-009
5.936508	8.5350580E-009
5.936758	8.4030063E-009
5.937008	8.2661895E-009
5.937258	8.1411526E-009
5.937508	7.9931954E-009
5.937758	7.8592750E-009
5.938008	7.7020772E-009
5.938258	7.5613347E-009
5.938508	7.3953923E-009
5.938757	7.2477975E-009
5.939008	7.0749770E-009
5.939258	6.8995600E-009
5.939507	6.7426837E-009
5.939757	6.5725847E-009
5.940008	6.4105894E-009
5.940258	6.2246786E-009
5.940507	6.0598193E-009
5.940757	5.8692553E-009
5.941007	5.6780847E-009
5.941257	5.5089395E-009
5.941507	5.3165694E-009
5.941757	5.1467692E-009
5.942007	4.9515951E-009
5.942257	4.7822342E-009
5.942507	4.5879958E-009
5.942757	4.4066404E-009
5.943007	4.2382307E-009
5.943257	4.0474992E-009
5.943507	3.8805492E-009
5.943757	3.6923460E-009
5.944007	3.5296530E-009
5.944257	3.3447147E-009
5.944507	3.1628118E-009
5.944757	3.0059251E-009
5.945007	2.8300648E-009
5.945257	2.6782585E-009
5.945507	2.5088358E-009
5.945757	2.3534807E-009
5.946007	2.2112727E-009
5.946257	2.0531852E-009
5.946507	1.9183990E-009
5.946757	1.7690466E-009
5.947007	1.6247821E-009
5.947257	1.5027324E-009
5.947506	1.3682134E-009
5.947757	1.2549777E-009
5.948007	1.1310888E-009
5.948256	1.0134078E-009
5.948506	9.1483604E-010
5.948756	8.1499130E-010
5.949007	7.2657291E-010
5.949256	6.3188982E-010
5.949506	5.5412980E-010
5.949756	4.7180071E-010
5.950006	3.9619125E-010
5.950256	3.3572284E-010
5.950506	2.7317856E-010
5.950756	2.2416238E-010
5.951006	1.7474444E-010
5.951256	1.3248726E-010
5.951506	1.0144968E-010
5.951756	7.2628861E-011
5.952006	5.4502736E-011
5.952256	3.8778789E-011
5.952506	3.0206948E-011
5.952756	2.8592531E-011
5.953006	3.3452699E-011
5.953256	4.3516357E-011
5.953506	6.1606178E-011
5.953756	8.3189781E-011
5.954006	1.1435556E-010
5.954256	1.5233759E-010
5.954506	1.9103058E-010
5.954756	2.4144428E-010
5.955006	2.8734939E-010
5.955256	3.4957684E-010
5.955505	4.1808457E-010
5.955756	4.8304877E-010
5.956006	5.6296551E-010
5.956255	6.3769590E-010
5.956505	7.2844242E-010
5.956756	8.2468338E-010
5.957006	9.1291297E-010
5.957255	1.0190659E-009
5.957505	1.1158418E-009
5.957755	1.2307702E-009
5.958005	1.3428348E-009
5.958255	1.4505329E-009
5.958505	1.5780089E-009
5.958755	1.6924732E-009
5.959005	1.8267901E-009
5.959255	1.9646655E-009
5.959505	2.0874436E-009
5.959755	2.2313362E-009
5.960005	2.3588622E-009
5.960255	2.5070312E-009
5.960505	2.6576554E-009
5.960755	2.7908158E-009
5.961005	2.9350660E-009
5.961255	3.0706202E-009
5.961505	3.2271867E-009
5.961755	3.3837357E-009
5.962005	3.5217707E-009
5.962255	3.6796839E-009
5.962505	3.8184478E-009
5.962755	3.9766990E-009
5.963005	4.1341015E-009
5.963254	4.2713260E-009
5.963505	4.4274882E-009
5.963755	4.5634811E-009
5.964005	4.7071760E-009
5.964254	4.8596918E-009
5.964504	4.9911848E-009
5.964755	5.1396163E-009
5.965004	5.2673266E-009
5.965254	5.4110898E-009
5.965504	5.5523479E-009
5.965755	5.6729133E-009
5.966004	5.8084111E-009
5.966254	5.9392384E-009
5.966504	6.0516188E-009
5.966754	6.1758363E-009
5.967004	6.2742087E-009
5.967254	6.3899623E-009
5.967504	6.5023582E-009
5.967754	6.5963484E-009
5.968004	6.7003003E-009
5.968254	6.7858683E-009
5.968504	6.8803776E-009
5.968754	6.9683352E-009
5.969004	7.0425097E-009
5.969254	7.1201738E-009
5.969504	7.1838895E-009
5.969754	7.2522437E-009
5.970004	7.3133717E-009
5.970254	7.3596449E-009
5.970504	7.4098776E-009
5.970754	7.4499633E-009
5.971004	7.4908160E-009
5.971253	7.5234876E-009
5.971504	7.5480662E-009
5.971754	7.5688469E-009
5.972003	7.5823436E-009
5.972253	7.5928410E-009
5.972504	7.5962197E-009
5.972754	7.5931670E-009
5.973003	7.5861246E-009
5.973253	7.5736200E-009
5.973503	7.5544770E-009
5.973753	7.5277358E-009
5.974003	7.5010922E-009
5.974253	7.4628828E-009
5.974503	7.4199420E-009
5.974753	7.3766935E-009
5.975003	7.3213449E-009
5.975253	7.2685373E-009
5.975503	7.2036648E-009
5.975753	7.1328441E-009
5.976003	7.0660215E-009
5.976253	6.9905672E-009
5.976503	6.9046284E-009
5.976753	6.8251245E-009
5.977003	6.7297443E-009
5.977253	6.6297310E-009
5.977503	6.5390027E-009
5.977753	6.4311334E-009
5.978003	6.3318111E-009
5.978253	6.2155752E-009
5.978503	6.0960539E-009
5.978753	5.9876775E-009
5.979002	5.8605241E-009
5.979253	5.7389626E-009
5.979503	5.6225855E-009
5.979753	5.4871316E-009
5.980002	5.3661640E-009
5.980252	5.2265130E-009
5.980503	5.0836237E-009
5.980752	4.9576769E-009
5.981002	4.8114339E-009
5.981252	4.6825632E-009
5.981503	4.5337352E-009
5.981752	4.3843116E-009
5.982002	4.2524451E-009
5.982252	4.1112171E-009
5.982502	3.9593377E-009
5.982752	3.8269983E-009
5.983002	3.6753267E-009
5.983252	3.5426519E-009
5.983502	3.3917682E-009
5.983752	3.2422549E-009
5.984002	3.1115694E-009
5.984252	2.9636618E-009
5.984502	2.8167801E-009
5.984752	2.6901628E-009
5.985002	2.5468603E-009
5.985252	2.4146380E-009
5.985502	2.2928117E-009
5.985752	2.1562079E-009
5.986002	2.0387025E-009
5.986252	1.9070940E-009
5.986502	1.7787138E-009
5.986752	1.6690402E-009
5.987001	1.5470658E-009
5.987252	1.4284426E-009
5.987502	1.3278703E-009
5.987751	1.2167678E-009
5.988001	1.1098047E-009
5.988252	1.0258722E-009
5.988502	9.2661923E-010
5.988751	8.4374219E-010
5.989001	7.5332346E-010
5.989251	6.6757994E-010
5.989501	5.9680655E-010
5.989751	5.2040439E-010
5.990001	4.4939971E-010
5.990251	3.9136663E-010
5.990501	3.3007200E-010
5.990751	2.7429239E-010
5.991001	2.2982964E-010
5.991251	1.8700519E-010
5.991501	1.5141577E-010
5.991751	1.1600960E-010
5.992001	8.6301119E-011
5.992251	6.4918772E-011
5.992501	4.5777365E-011
5.992751	3.2417888E-011
5.993001	2.5396856E-011
5.993251	2.2707117E-011
5.993501	2.5703781E-011
5.993751	3.2972975E-011
5.994001	4.6535980E-011
5.994251	6.4331096E-011
5.994501	8.5355473E-011
5.99475	1.1448640E-010
5.995001	1.4442252E-010
5.995251	1.8357653E-010
5.995501	2.2806723E-010
5.99575	2.7123950E-010
5.996	3.2528416E-010
5.996251	3.8441789E-010
5.9965	4.3993961E-010
5.99675	5.0794197E-010
5.997	5.8062755E-010
5.997251	6.4285377E-010
5.9975	7.2364154E-010
5.99775	8.0848739E-010
5.998	8.8589763E-010
5.99825	9.7837916E-010
5.9985	1.0743297E-009
5.99875	1.1612922E-009
5.999	1.2637803E-009
5.99925	1.3694862E-009
5.9995	1.4645652E-009
5.99975	1.5760103E-009
6	1.6755424E-009
