# coc5 periodic_free, seed 20260925, chi2 0.682502, scale_ratio 0.903588, r_min 8.01145e-07
# section calc (theta, R at the anchored scale)
theta_deg	R
0.20225	8.3730835E-001
0.20375	8.3581847E-001
0.20525	8.3457386E-001
0.20675	8.3386475E-001
0.20825	8.3387685E-001
0.20975	8.3458602E-001
0.21125	8.3572268E-001
0.21275	8.3683223E-001
0.21425	8.3740872E-001
0.21575	8.3704621E-001
0.21725	8.3553678E-001
0.21875	8.3288294E-001
0.22025	8.2924080E-001
0.22175	8.2483053E-001
0.22325	8.1985992E-001
0.22475	8.1448215E-001
0.22625	8.0878645E-001
0.22775	8.0280864E-001
0.22925	7.9654676E-001
0.23075	7.8997487E-001
0.23225	7.8305197E-001
0.23375	7.7572858E-001
0.23525	7.6795191E-001
0.23675	7.5966924E-001
0.23825	7.5082827E-001
0.23975	7.4137211E-001
0.24125	7.3122942E-001
0.24275	7.2030264E-001
0.24425	7.0846343E-001
0.24575	6.9555700E-001
0.24725	6.8141985E-001
0.24875	6.6590601E-001
0.25025	6.4891326E-001
0.25175	6.3040501E-001
0.25325	6.1041909E-001
0.25475	5.8906919E-001
0.25625	5.6653410E-001
0.25775	5.4304445E-001
0.25925	5.1886833E-001
0.26075	4.9429449E-001
0.26225	4.6962035E-001
0.26375	4.4513655E-001
0.26525	4.2111585E-001
0.26675	3.9780131E-001
0.26825	3.7539700E-001
0.26975	3.5406113E-001
0.27125	3.3390152E-001
0.27275	3.1497562E-001
0.27425	2.9729277E-001
0.27575	2.8082037E-001
0.27725	2.6549315E-001
0.27875	2.5122190E-001
0.28025	2.3790483E-001
0.28175	2.2544017E-001
0.28325	2.1374054E-001
0.28475	2.0274688E-001
0.28625	1.9243720E-001
0.28775	1.8282384E-001
0.28925	1.7393884E-001
0.29075	1.6581045E-001
0.29225	1.5843964E-001
0.29375	1.5178384E-001
0.29525	1.4575386E-001
0.29675	1.4022286E-001
0.29825	1.3504434E-001
0.29975	1.3007425E-001
0.30125	1.2519187E-001
0.30275	1.2031680E-001
0.30425	1.1541825E-001
0.30575	1.1051626E-001
0.30725	1.0567412E-001
0.30875	1.0098438E-001
0.31025	9.6550487E-002
0.31175	9.2467949E-002
0.31325	8.8807620E-002
0.31475	8.5603513E-002
0.31625	8.2846634E-002
0.31775	8.0485456E-002
0.31925	7.8432791E-002
0.32075	7.6577581E-002
0.32225	7.4800126E-002
0.32375	7.2987556E-002
0.32525	7.1047999E-002
0.32675	6.8920806E-002
0.32825	6.6582352E-002
0.32975	6.4047202E-002
0.33125	6.1364684E-002
0.33275	5.8611803E-002
0.33425	5.5883359E-002
0.33575	5.3280056E-002
0.33725	5.0895993E-002
0.33875	4.8806898E-002
0.34025	4.7060985E-002
0.34175	4.5673478E-002
0.34325	4.4625580E-002
0.34475	4.3867767E-002
0.34625	4.3326356E-002
0.34775	4.2912450E-002
0.34925	4.2531811E-002
0.35075	4.2094775E-002
0.35225	4.1525126E-002
0.35375	4.0767405E-002
0.35525	3.9791528E-002
0.35675	3.8594823E-002
0.35825	3.7201114E-002
0.35975	3.5657093E-002
0.36125	3.4026850E-002
0.36275	3.2384880E-002
0.36425	3.0808447E-002
0.36575	2.9369822E-002
0.36725	2.8129162E-002
0.36875	2.7128618E-002
0.37025	2.6388576E-002
0.37175	2.5906183E-002
0.37325	2.5656529E-002
0.37475	2.5595868E-002
0.37625	2.5666488E-002
0.37775	2.5802646E-002
0.37925	2.5936741E-002
0.38075	2.6005354E-002
0.38225	2.5954388E-002
0.38375	2.5743220E-002
0.38525	2.5347488E-002
0.38675	2.4760494E-002
0.38825	2.3993187E-002
0.38975	2.3072684E-002
0.39125	2.2039562E-002
0.39275	2.0944016E-002
0.39425	1.9841272E-002
0.39575	1.8786881E-002
0.39725	1.7831979E-002
0.39875	1.7019223E-002
0.40025	1.6379476E-002
0.40175	1.5929552E-002
0.40325	1.5671188E-002
0.40475	1.5591361E-002
0.40625	1.5663801E-002
0.40775	1.5851621E-002
0.40925	1.6110668E-002
0.41075	1.6393229E-002
0.41225	1.6651791E-002
0.41375	1.6842537E-002
0.41525	1.6928446E-002
0.41675	1.6881881E-002
0.41825	1.6686423E-002
0.41975	1.6337952E-002
0.42125	1.5844638E-002
0.42275	1.5226040E-002
0.42425	1.4511192E-002
0.42575	1.3736101E-002
0.42725	1.2940859E-002
0.42875	1.2166574E-002
0.43025	1.1452381E-002
0.43175	1.0832625E-002
0.43325	1.0334428E-002
0.43475	9.9758133E-003
0.43625	9.7645577E-003
0.43775	9.6978601E-003
0.43925	9.7628040E-003
0.44075	9.9375965E-003
0.44225	1.0193357E-002
0.44375	1.0496424E-002
0.44525	1.0810918E-002
0.44675	1.1101396E-002
0.44825	1.1335339E-002
0.44975	1.1485321E-002
0.45125	1.1530704E-002
0.45275	1.1458819E-002
0.45425	1.1265579E-002
0.45575	1.0955515E-002
0.45725	1.0541264E-002
0.45875	1.0042453E-002
0.46025	9.4842073E-003
0.46175	8.8953022E-003
0.46325	8.3061624E-003
0.46475	7.7468492E-003
0.46625	7.2451169E-003
0.46775	6.8246266E-003
0.46925	6.5034302E-003
0.47075	6.2928204E-003
0.47225	6.1966544E-003
0.47375	6.2112263E-003
0.47525	6.3256901E-003
0.47675	6.5229321E-003
0.47825	6.7808433E-003
0.47975	7.0738429E-003
0.48125	7.3746289E-003
0.48275	7.6560406E-003
0.48425	7.8928918E-003
0.48575	8.0636414E-003
0.48725	8.1517193E-003
0.48875	8.1464099E-003
0.49025	8.0432985E-003
0.49175	7.8443214E-003
0.49325	7.5574587E-003
0.49475	7.1961689E-003
0.49625	6.7785596E-003
0.49775	6.3262787E-003
0.49925	5.8631147E-003
0.50075	5.4133656E-003
0.50225	5.0001517E-003
0.50375	4.6438579E-003
0.50525	4.3608714E-003
0.50675	4.1627111E-003
0.50825	4.0554996E-003
0.50975	4.0397472E-003
0.51125	4.1103992E-003
0.51275	4.2571756E-003
0.51425	4.4652405E-003
0.51575	4.7161872E-003
0.51725	4.9892818E-003
0.51875	5.2628811E-003
0.52025	5.5158450E-003
0.52175	5.7288893E-003
0.52325	5.8857319E-003
0.52475	5.9739952E-003
0.52625	5.9858230E-003
0.52775	5.9181820E-003
0.52925	5.7728579E-003
0.53075	5.5561811E-003
0.53225	5.2785156E-003
0.53375	4.9535632E-003
0.53525	4.5975707E-003
0.53675	4.2284438E-003
0.53825	3.8647943E-003
0.53975	3.5249416E-003
0.54125	3.2258348E-003
0.54275	2.9819941E-003
0.54425	2.8045436E-003
0.54575	2.7004664E-003
0.54725	2.6721929E-003
0.54875	2.7175290E-003
0.55025	2.8299314E-003
0.55175	2.9990375E-003
0.55325	3.2113926E-003
0.55475	3.4513071E-003
0.55625	3.7018133E-003
0.55775	3.9456636E-003
0.55925	4.1663204E-003
0.56075	4.3488834E-003
0.56225	4.4808988E-003
0.56375	4.5530004E-003
0.56525	4.5593902E-003
0.56675	4.4981344E-003
0.56825	4.3712524E-003
0.56975	4.1845860E-003
0.57125	3.9474368E-003
0.57275	3.6719725E-003
0.57425	3.3724515E-003
0.57575	3.0643304E-003
0.57725	2.7633533E-003
0.57875	2.4846592E-003
0.58025	2.2419777E-003
0.58175	2.0468943E-003
0.58325	1.9082357E-003
0.58475	1.8315791E-003
0.58625	1.8189532E-003
0.58775	1.8687531E-003
0.58925	1.9758793E-003
0.59075	2.1320812E-003
0.59225	2.3264650E-003
0.59375	2.5461265E-003
0.59525	2.7768789E-003
0.59675	3.0040510E-003
0.59825	3.2133264E-003
0.59975	3.3915725E-003
0.60125	3.5275971E-003
0.60275	3.6127707E-003
0.60425	3.6414687E-003
0.60575	3.6113239E-003
0.60725	3.5232801E-003
0.60875	3.3814758E-003
0.61025	3.1929587E-003
0.61175	2.9672598E-003
0.61325	2.7158561E-003
0.61475	2.4515307E-003
0.61625	2.1876968E-003
0.61775	1.9376784E-003
0.61925	1.7139917E-003
0.62075	1.5276575E-003
0.62225	1.3875867E-003
0.62375	1.3000992E-003
0.62525	1.2686028E-003
0.62675	1.2934597E-003
0.62825	1.3720088E-003
0.62975	1.4987295E-003
0.63125	1.6655225E-003
0.63275	1.8621236E-003
0.63425	2.0766584E-003
0.63575	2.2963276E-003
0.63725	2.5081818E-003
0.63875	2.6998962E-003
0.64025	2.8604618E-003
0.64175	2.9807375E-003
0.64325	3.0538470E-003
0.64475	3.0754523E-003
0.64625	3.0439280E-003
0.64775	2.9604333E-003
0.64925	2.8288725E-003
0.65075	2.6557087E-003
0.65225	2.4496352E-003
0.65375	2.2210905E-003
0.65525	1.9816898E-003
0.65675	1.7435852E-003
0.65825	1.5188166E-003
0.65975	1.3186800E-003
0.66125	1.1531413E-003
0.66275	1.0303196E-003
0.66425	9.5607096E-004
0.66575	9.3368790E-004
0.66725	9.6374378E-004
0.66875	1.0440799E-003
0.67025	1.1699278E-003
0.67175	1.3341537E-003
0.67325	1.5276104E-003
0.67475	1.7395993E-003
0.67625	1.9584345E-003
0.67775	2.1720885E-003
0.67925	2.3688679E-003
0.68075	2.5380517E-003
0.68225	2.6704427E-003
0.68375	2.7588122E-003
0.68525	2.7982295E-003
0.68675	2.7862948E-003
0.68825	2.7232647E-003
0.68975	2.6120609E-003
0.69125	2.4581347E-003
0.69275	2.2691865E-003
0.69425	2.0547637E-003
0.69575	1.8257427E-003
0.69725	1.5937588E-003
0.69875	1.3705989E-003
0.70025	1.1676062E-003
0.70175	9.9511468E-004
0.70325	8.6194370E-004
0.70475	7.7496219E-004
0.70625	7.3874468E-004
0.70775	7.5532671E-004
0.70925	8.2407723E-004
0.71075	9.4170100E-004
0.71225	1.1023826E-003
0.71375	1.2980672E-003
0.71525	1.5188743E-003
0.71675	1.7536101E-003
0.71825	1.9903502E-003
0.71975	2.2170537E-003
0.72125	2.4221763E-003
0.72275	2.5952503E-003
0.72425	2.7273984E-003
0.72575	2.8117800E-003
0.72725	2.8439208E-003
0.72875	2.8219414E-003
0.73025	2.7466468E-003
0.73175	2.6214982E-003
0.73325	2.4524655E-003
0.73475	2.2477771E-003
0.73625	2.0175583E-003
0.73775	1.7733880E-003
0.73925	1.5277594E-003
0.74075	1.2934651E-003
0.74225	1.0829415E-003
0.74375	9.0760237E-004
0.74525	7.7722105E-004
0.74675	6.9940364E-004
0.74825	6.7919324E-004
0.74975	7.1882294E-004
0.75125	8.1761554E-004
0.75275	9.7201543E-004
0.75425	1.1757322E-003
0.75575	1.4199837E-003
0.75725	1.6938389E-003
0.75875	1.9846803E-003
0.76025	2.2787915E-003
0.76175	2.5620542E-003
0.76325	2.8207004E-003
0.76475	3.0420406E-003
0.76625	3.2151057E-003
0.76775	3.3311730E-003
0.76925	3.3841745E-003
0.77075	3.3710236E-003
0.77225	3.2918390E-003
0.77375	3.1500412E-003
0.77525	2.9523049E-003
0.77675	2.7083152E-003
0.77825	2.4303547E-003
0.77975	2.1327343E-003
0.78125	1.8311027E-003
0.78275	1.5416916E-003
0.78425	1.2805299E-003
0.78575	1.0626658E-003
0.78725	9.0143719E-004
0.78875	8.0782379E-004
0.79025	7.8990869E-004
0.79175	8.5246819E-004
0.79325	9.9669420E-004
0.79475	1.2200422E-003
0.79625	1.5161926E-003
0.79775	1.8751430E-003
0.79925	2.2834551E-003
0.80075	2.7247178E-003
0.80225	3.1802533E-003
0.80375	3.6300360E-003
0.80525	4.0537538E-003
0.80675	4.4318633E-003
0.80825	4.7465619E-003
0.80975	4.9826186E-003
0.81125	5.1280935E-003
0.81275	5.1749796E-003
0.81425	5.1197689E-003
0.81575	4.9638855E-003
0.81725	4.7139223E-003
0.81875	4.3815942E-003
0.82025	3.9833961E-003
0.82175	3.5399948E-003
0.82325	3.0754108E-003
0.82475	2.6160702E-003
0.82625	2.1897585E-003
0.82775	1.8244869E-003
0.82925	1.5472487E-003
0.83075	1.3826740E-003
0.83225	1.3516544E-003
0.83375	1.4700488E-003
0.83525	1.7476043E-003
0.83675	2.1871810E-003
0.83825	2.7843094E-003
0.83975	3.5270443E-003
0.84125	4.3960931E-003
0.84275	5.3652003E-003
0.84425	6.4018560E-003
0.84575	7.4683395E-003
0.84725	8.5231662E-003
0.84875	9.5228469E-003
0.85025	1.0423884E-002
0.85175	1.1184899E-002
0.85325	1.1768743E-002
0.85475	1.2144599E-002
0.85625	1.2289906E-002
0.85775	1.2192165E-002
0.85925	1.1850506E-002
0.86075	1.1277036E-002
0.86225	1.0497888E-002
0.86375	9.5539605E-003
0.86525	8.5011926E-003
0.86675	7.4103195E-003
0.86825	6.3660070E-003
0.86975	5.4652970E-003
0.87125	4.8153922E-003
0.87275	4.5307623E-003
0.87425	4.7295950E-003
0.87575	5.5296854E-003
0.87725	7.0438054E-003
0.87875	9.3747070E-003
0.88025	1.2609932E-002
0.88175	1.6816657E-002
0.88325	2.2037003E-002
0.88475	2.8284388E-002
0.88625	3.5541371E-002
0.88775	4.3759353E-002
0.88925	5.2859500E-002
0.89075	6.2734425E-002
0.89225	7.3249951E-002
0.89375	8.4247544E-002
0.89525	9.5548227E-002
0.89675	1.0695924E-001
0.89825	1.1828301E-001
0.89975	1.2932742E-001
0.90125	1.3991466E-001
0.90275	1.4988691E-001
0.90425	1.5910812E-001
0.90575	1.6746274E-001
0.90725	1.7485349E-001
0.90875	1.8119958E-001
0.91025	1.8643636E-001
0.91175	1.9051580E-001
0.91325	1.9340719E-001
0.91475	1.9509666E-001
0.91625	1.9558626E-001
0.91775	1.9489214E-001
0.91925	1.9304350E-001
0.92075	1.9008163E-001
0.92225	1.8605985E-001
0.92375	1.8104322E-001
0.92525	1.7510714E-001
0.92675	1.6833515E-001
0.92825	1.6081586E-001
0.92975	1.5264067E-001
0.93125	1.4390281E-001
0.93275	1.3469850E-001
0.93425	1.2512900E-001
0.93575	1.1530221E-001
0.93725	1.0533296E-001
0.93875	9.5340677E-002
0.94025	8.5446261E-002
0.94175	7.5768299E-002
0.94325	6.6420212E-002
0.94475	5.7507847E-002
0.94625	4.9127545E-002
0.94775	4.1364018E-002
0.94925	3.4288049E-002
0.95075	2.7954260E-002
0.95225	2.2399409E-002
0.95375	1.7641157E-002
0.95525	1.3677596E-002
0.95675	1.0487514E-002
0.95825	8.0315303E-003
0.95975	6.2540332E-003
0.96125	5.0858832E-003
0.96275	4.4475826E-003
0.96425	4.2527509E-003
0.96575	4.4116485E-003
0.96725	4.8346333E-003
0.96875	5.4353923E-003
0.97025	6.1337790E-003
0.97175	6.8581444E-003
0.97325	7.5470014E-003
0.97475	8.1500411E-003
0.97625	8.6285425E-003
0.97775	8.9553008E-003
0.97925	9.1142002E-003
0.98075	9.0995096E-003
0.98225	8.9149578E-003
0.98375	8.5725747E-003
0.98525	8.0913221E-003
0.98675	7.4955793E-003
0.98825	6.8134670E-003
0.98975	6.0751839E-003
0.99125	5.3113899E-003
0.99275	4.5517678E-003
0.99425	3.8238026E-003
0.99575	3.1517493E-003
0.99725	2.5558264E-003
0.99875	2.0515942E-003
1.00025	1.6495658E-003
1.00175	1.3550542E-003
1.00325	1.1682899E-003
1.00475	1.0847730E-003
1.00625	1.0958269E-003
1.00775	1.1892949E-003
1.00925	1.3503168E-003
1.01075	1.5621518E-003
1.01225	1.8070234E-003
1.01375	2.0669654E-003
1.01525	2.3246552E-003
1.01675	2.5641876E-003
1.01825	2.7717547E-003
1.01975	2.9361558E-003
1.02125	3.0491282E-003
1.02275	3.1054937E-003
1.02425	3.1031482E-003
1.02575	3.0429256E-003
1.02725	2.9283729E-003
1.02875	2.7654502E-003
1.03025	2.5621552E-003
1.03175	2.3280769E-003
1.03325	2.0738838E-003
1.03475	1.8107615E-003
1.03625	1.5498372E-003
1.03775	1.3016229E-003
1.03925	1.0755227E-003
1.04075	8.7942934E-004
1.04225	7.1942154E-004
1.04375	5.9957721E-004
1.04525	5.2189251E-004
1.04675	4.8630731E-004
1.04825	4.9082562E-004
1.04975	5.3171912E-004
1.05125	6.0379965E-004
1.05275	7.0073869E-004
1.05425	8.1541715E-004
1.05575	9.4028539E-004
1.05725	1.0677164E-003
1.05875	1.1903452E-003
1.06025	1.3013855E-003
1.06175	1.3949168E-003
1.06325	1.4661289E-003
1.06475	1.5115128E-003
1.06625	1.5289794E-003
1.06775	1.5178977E-003
1.06925	1.4790585E-003
1.07075	1.4145710E-003
1.07225	1.3276980E-003
1.07375	1.2226553E-003
1.07525	1.1043713E-003
1.07675	9.7822549E-004
1.07825	8.4977620E-004
1.07975	7.2448741E-004
1.08125	6.0747424E-004
1.08275	5.0327752E-004
1.08425	4.1567362E-004
1.08575	3.4752736E-004
1.08725	3.0068864E-004
1.08875	2.7594023E-004
1.09025	2.7299669E-004
1.09175	2.9055536E-004
1.09325	3.2639457E-004
1.09475	3.7751219E-004
1.09625	4.4029712E-004
1.09775	5.1072636E-004
1.09925	5.8457541E-004
1.10075	6.5763039E-004
1.10225	7.2588894E-004
1.10375	7.8573736E-004
1.10525	8.3410175E-004
1.10675	8.6856587E-004
1.10825	8.8746118E-004
1.10975	8.8992191E-004
1.11125	8.7590696E-004
1.11275	8.4618316E-004
1.11425	8.0226659E-004
1.11575	7.4632838E-004
1.11725	6.8106450E-004
1.11875	6.0954201E-004
1.12025	5.3503457E-004
1.12175	4.6085450E-004
1.12325	3.9019348E-004
1.12475	3.2597594E-004
1.12625	2.7072907E-004
1.12775	2.2647723E-004
1.12925	1.9466145E-004
1.13075	1.7609073E-004
1.13225	1.7092333E-004
1.13375	1.7867879E-004
1.13525	1.9827796E-004
1.13675	2.2811070E-004
1.13825	2.6612752E-004
1.13975	3.0995108E-004
1.14125	3.5700196E-004
1.14275	4.0462962E-004
1.14425	4.5024327E-004
1.14575	4.9143360E-004
1.14725	5.2608020E-004
1.14875	5.5244053E-004
1.15025	5.6921860E-004
1.15175	5.7561294E-004
1.15325	5.7134329E-004
1.15475	5.5665430E-004
1.15625	5.3229794E-004
1.15775	4.9948867E-004
1.15925	4.5983351E-004
1.16075	4.1523803E-004
1.16225	3.6779704E-004
1.16375	3.1967592E-004
1.16525	2.7299667E-004
1.16675	2.2973712E-004
1.16825	1.9164852E-004
1.16975	1.6019147E-004
1.17125	1.3648762E-004
1.17275	1.2128248E-004
1.17425	1.1491940E-004
1.17575	1.1732640E-004
1.17725	1.2801909E-004
1.17875	1.4612300E-004
1.18025	1.7041608E-004
1.18175	1.9939264E-004
1.18325	2.3134523E-004
1.18475	2.6446025E-004
1.18625	2.9691891E-004
1.18775	3.2699434E-004
1.18925	3.5313587E-004
1.19075	3.7403696E-004
1.19225	3.8868460E-004
1.19375	3.9639327E-004
1.19525	3.9682380E-004
1.19675	3.8998903E-004
1.19825	3.7624451E-004
1.19975	3.5626645E-004
1.20125	3.3101512E-004
1.20275	3.0168481E-004
1.20425	2.6964396E-004
1.20575	2.3636453E-004
1.20725	2.0334931E-004
1.20875	1.7205693E-004
1.21025	1.4383257E-004
1.21175	1.1984513E-004
1.21325	1.0103523E-004
1.21475	8.8074135E-005
1.21625	8.1336839E-005
1.21775	8.0890612E-005
1.21925	8.6499291E-005
1.22075	9.7643162E-005
1.22225	1.1355181E-004
1.22375	1.3324762E-004
1.22525	1.5559666E-004
1.22675	1.7936475E-004
1.22825	2.0327608E-004
1.22975	2.2607356E-004
1.23125	2.4657822E-004
1.23275	2.6374549E-004
1.23425	2.7671459E-004
1.23575	2.8484868E-004
1.23725	2.8776197E-004
1.23875	2.8533264E-004
1.24025	2.7770191E-004
1.24175	2.6525927E-004
1.24325	2.4861668E-004
1.24475	2.2857312E-004
1.24625	2.0607159E-004
1.24775	1.8215248E-004
1.24925	1.5790323E-004
1.25075	1.3440759E-004
1.25225	1.1269512E-004
1.25375	9.3692892E-005
1.25525	7.8182187E-005
1.25675	6.6762463E-005
1.25825	5.9825281E-005
1.25975	5.7539914E-005
1.26125	5.9850518E-005
1.26275	6.6484237E-005
1.26425	7.6968769E-005
1.26575	9.0658359E-005
1.26725	1.0676679E-004
1.26875	1.2440674E-004
1.27025	1.4263378E-004
1.27175	1.6049287E-004
1.27325	1.7706472E-004
1.27475	1.9150978E-004
1.27625	2.0310673E-004
1.27775	2.1128492E-004
1.27925	2.1564953E-004
1.28075	2.1599821E-004
1.28225	2.1232810E-004
1.28375	2.0483248E-004
1.28525	1.9388594E-004
1.28675	1.8002042E-004
1.28825	1.6389434E-004
1.28975	1.4625785E-004
1.29125	1.2791716E-004
1.29275	1.0969844E-004
1.29425	9.2411778E-005
1.29575	7.6814387E-005
1.29725	6.3574851E-005
1.29875	5.3240201E-005
1.30025	4.6208948E-005
1.30175	4.2712418E-005
1.30325	4.2805954E-005
1.30475	4.6369911E-005
1.30625	5.3119838E-005
1.30775	6.2624436E-005
1.30925	7.4330055E-005
1.31075	8.7590000E-005
1.31225	1.0169719E-004
1.31375	1.1591841E-004
1.31525	1.2952877E-004
1.31675	1.4184476E-004
1.31825	1.5225487E-004
1.31975	1.6024671E-004
1.32125	1.6542987E-004
1.32275	1.6755330E-004
1.32425	1.6651650E-004
1.32575	1.6237349E-004
1.32725	1.5532857E-004
1.32875	1.4572433E-004
1.33025	1.3402209E-004
1.33175	1.2077606E-004
1.33325	1.0660433E-004
1.33475	9.2157708E-005
1.33625	7.8089157E-005
1.33775	6.5024120E-005
1.33925	5.3532491E-005
1.34075	4.4102479E-005
1.34225	3.7118098E-005
1.34375	3.2841530E-005
1.34525	3.1401763E-005
1.34675	3.2790373E-005
1.34825	3.6864130E-005
1.34975	4.3353921E-005
1.35125	5.1879386E-005
1.35275	6.1968487E-005
1.35425	7.3081508E-005
1.35575	8.4638261E-005
1.35725	9.6046810E-005
1.35875	1.0673222E-004
1.36025	1.1616341E-004
1.36175	1.2387744E-004
1.36325	1.2949969E-004
1.36475	1.3276062E-004
1.36625	1.3350716E-004
1.36775	1.3170890E-004
1.36925	1.2745793E-004
1.37075	1.2096248E-004
1.37225	1.1253484E-004
1.37375	1.0257450E-004
1.37525	9.1547532E-005
1.37675	7.9963771E-005
1.37825	6.8352711E-005
1.37975	5.7238678E-005
1.38125	4.7116740E-005
1.38275	3.8429385E-005
1.38425	3.1545860E-005
1.38575	2.6744816E-005
1.38725	2.4201958E-005
1.38875	2.3982977E-005
1.39025	2.6042253E-005
1.39175	3.0226849E-005
1.39325	3.6285317E-005
1.39475	4.3880926E-005
1.39625	5.2608724E-005
1.39775	6.2015861E-005
1.39925	7.1624178E-005
1.40075	8.0953680E-005
1.40225	8.9545269E-005
1.40375	9.6981705E-005
1.40525	1.0290560E-004
1.40675	1.0703476E-004
1.40825	1.0917409E-004
1.40975	1.0922439E-004
1.41125	1.0718629E-004
1.41275	1.0315931E-004
1.41425	9.7335782E-005
1.41575	8.9989917E-005
1.41725	8.1463870E-005
1.41875	7.2151408E-005
1.42025	6.2479987E-005
1.42175	5.2891548E-005
1.42325	4.3821994E-005
1.42475	3.5680190E-005
1.42625	2.8827557E-005
1.42775	2.3560107E-005
1.42925	2.0094023E-005
1.43075	1.8555938E-005
1.43225	1.8978193E-005
1.43375	2.1298971E-005
1.43525	2.5367086E-005
1.43675	3.0950829E-005
1.43825	3.7750393E-005
1.43975	4.5413155E-005
1.44125	5.3551026E-005
1.44275	6.1759049E-005
1.44425	6.9634349E-005
1.44575	7.6794589E-005
1.44725	8.2895313E-005
1.44875	8.7645276E-005
1.45025	9.0819565E-005
1.45175	9.2269460E-005
1.45325	9.1928698E-005
1.45475	8.9815832E-005
1.45625	8.6032254E-005
1.45775	8.0756363E-005
1.45925	7.4234740E-005
1.46075	6.6770197E-005
1.46225	5.8707810E-005
1.46375	5.0418828E-005
1.46525	4.2282969E-005
1.46675	3.4670116E-005
1.46825	2.7922475E-005
1.46975	2.2338250E-005
1.47125	1.8157931E-005
1.47275	1.5553607E-005
1.47425	1.4621757E-005
1.47575	1.5379643E-005
1.47725	1.7765458E-005
1.47875	2.1641978E-005
1.48025	2.6803567E-005
1.48175	3.2986209E-005
1.48325	3.9879957E-005
1.48475	4.7143702E-005
1.48625	5.4421394E-005
1.48775	6.1359184E-005
1.48925	6.7622386E-005
1.49075	7.2911265E-005
1.49225	7.6974829E-005
1.49375	7.9621896E-005
1.49525	8.0729333E-005
1.49675	8.0247162E-005
1.49825	7.8200144E-005
1.49975	7.4686337E-005
1.50125	6.9871719E-005
1.50275	6.3981926E-005
1.50425	5.7291225E-005
1.50575	5.0109466E-005
1.50725	4.2767744E-005
1.50875	3.5603054E-005
1.51025	2.8942768E-005
1.51175	2.3089277E-005
1.51325	1.8305680E-005
1.51475	1.4803259E-005
1.51625	1.2731619E-005
1.51775	1.2172138E-005
1.51925	1.3134801E-005
1.52075	1.5558533E-005
1.52225	1.9314784E-005
1.52375	2.4214154E-005
1.52525	3.0015581E-005
1.52675	3.6437839E-005
1.52825	4.3172597E-005
1.52975	4.9898590E-005
1.53125	5.6296394E-005
1.53275	6.2063111E-005
1.53425	6.6926463E-005
1.53575	7.0657472E-005
1.53725	7.3081064E-005
1.53875	7.4083757E-005
1.54025	7.3618408E-005
1.54175	7.1706083E-005
1.54325	6.8434849E-005
1.54475	6.3956126E-005
1.54625	5.8478287E-005
1.54775	5.2257194E-005
1.54925	4.5583965E-005
1.55075	3.8770526E-005
1.55225	3.2133717E-005
1.55375	2.5979667E-005
1.55525	2.0589372E-005
1.55675	1.6206572E-005
1.55825	1.3027759E-005
1.55975	1.1194375E-005
1.56125	1.0787003E-005
1.56275	1.1821697E-005
1.56425	1.4248800E-005
1.56575	1.7954828E-005
1.56725	2.2767446E-005
1.56875	2.8463446E-005
1.57025	3.4779099E-005
1.57175	4.1422179E-005
1.57325	4.8085138E-005
1.57475	5.4458786E-005
1.57625	6.0246319E-005
1.57775	6.5177264E-005
1.57925	6.9020389E-005
1.58075	7.1595387E-005
1.58225	7.2781673E-005
1.58375	7.2524308E-005
1.58525	7.0836308E-005
1.58675	6.7797453E-005
1.58825	6.3549902E-005
1.58975	5.8290774E-005
1.59125	5.2262476E-005
1.59275	4.5741643E-005
1.59425	3.9027207E-005
1.59575	3.2428063E-005
1.59725	2.6250460E-005
1.59875	2.0784744E-005
1.60025	1.6292031E-005
1.60175	1.2991374E-005
1.60325	1.1048600E-005
1.60475	1.0567761E-005
1.60625	1.1585885E-005
1.60775	1.4071209E-005
1.60925	1.7924760E-005
1.61075	2.2984887E-005
1.61225	2.9034420E-005
1.61375	3.5810033E-005
1.61525	4.3013490E-005
1.61675	5.0324488E-005
1.61825	5.7414814E-005
1.61975	6.3963351E-005
1.62125	6.9671216E-005
1.62275	7.4276039E-005
1.62425	7.7564684E-005
1.62575	7.9383375E-005
1.62725	7.9644808E-005
1.62875	7.8332239E-005
1.63025	7.5500437E-005
1.63175	7.1273847E-005
1.63325	6.5841741E-005
1.63475	5.9451122E-005
1.63625	5.2396837E-005
1.63775	4.5009368E-005
1.63925	3.7640595E-005
1.64075	3.0647920E-005
1.64225	2.4377592E-005
1.64375	1.9148256E-005
1.64525	1.5235939E-005
1.64675	1.2861133E-005
1.64825	1.2178644E-005
1.64975	1.3270291E-005
1.65125	1.6140479E-005
1.65275	2.0714810E-005
1.65425	2.6841764E-005
1.65575	3.4297678E-005
1.65725	4.2794873E-005
1.65875	5.1993018E-005
1.66025	6.1513092E-005
1.66175	7.0953596E-005
1.66325	7.9908343E-005
1.66475	8.7984736E-005
1.66625	9.4821633E-005
1.66775	1.0010631E-004
1.66925	1.0358937E-004
1.67075	1.0509786E-004
1.67225	1.0454525E-004
1.67375	1.0193816E-004
1.67525	9.7378797E-005
1.67675	9.1062684E-005
1.67825	8.3271661E-005
1.67975	7.4363539E-005
1.68125	6.4758373E-005
1.68275	5.4923254E-005
1.68425	4.5354845E-005
1.68575	3.6560301E-005
1.68725	2.9036100E-005
1.68875	2.3245659E-005
1.69025	1.9596946E-005
1.69175	1.8421682E-005
1.69325	1.9957419E-005
1.69475	2.4333522E-005
1.69625	3.1561562E-005
1.69775	4.1530449E-005
1.69925	5.4006588E-005
1.70075	6.8639194E-005
1.70225	8.4970590E-005
1.70375	1.0245119E-004
1.70525	1.2045837E-004
1.70675	1.3831853E-004
1.70825	1.5533183E-004
1.70975	1.7079955E-004
1.71125	1.8405312E-004
1.71275	1.9448520E-004
1.71425	2.0158151E-004
1.71575	2.0495118E-004
1.71725	2.0435473E-004
1.71875	1.9972648E-004
1.72025	1.9119075E-004
1.72175	1.7907076E-004
1.72325	1.6389074E-004
1.72475	1.4637109E-004
1.72625	1.2741823E-004
1.72775	1.0810788E-004
1.72925	8.9663416E-005
1.73075	7.3427844E-005
1.73225	6.0831226E-005
1.73375	5.3353859E-005
1.73525	5.2486255E-005
1.73675	5.9686568E-005
1.73825	7.6336393E-005
1.73975	1.0369619E-004
1.74125	1.4286183E-004
1.74275	1.9472360E-004
1.74425	2.5992785E-004
1.74575	3.3884280E-004
1.74725	4.3152881E-004
1.74875	5.3771673E-004
1.75025	6.5679854E-004
1.75175	7.8783208E-004
1.75325	9.2955760E-004
1.75475	1.0804232E-003
1.75625	1.2386105E-003
1.75775	1.4020596E-003
1.75925	1.5685000E-003
1.76075	1.7354881E-003
1.76225	1.9004663E-003
1.76375	2.0608287E-003
1.76525	2.2139966E-003
1.76675	2.3574857E-003
1.76825	2.4889675E-003
1.76975	2.6063048E-003
1.77125	2.7075959E-003
1.77275	2.7912017E-003
1.77425	2.8557754E-003
1.77575	2.9002891E-003
1.77725	2.9240607E-003
1.77875	2.9267720E-003
1.78025	2.9084797E-003
1.78175	2.8696165E-003
1.78325	2.8109767E-003
1.78475	2.7336925E-003
1.78625	2.6391966E-003
1.78775	2.5291843E-003
1.78925	2.4055687E-003
1.79075	2.2704361E-003
1.79225	2.1259976E-003
1.79375	1.9745477E-003
1.79525	1.8184129E-003
1.79675	1.6599052E-003
1.79825	1.5012774E-003
1.79975	1.3446817E-003
1.80125	1.1921310E-003
1.80275	1.0454595E-003
1.80425	9.0628373E-004
1.80575	7.7596412E-004
1.80725	6.5558206E-004
1.80875	5.4593192E-004
1.81025	4.4753088E-004
1.81175	3.6063674E-004
1.81325	2.8527001E-004
1.81475	2.2123037E-004
1.81625	1.6811163E-004
1.81775	1.2531856E-004
1.81925	9.2089656E-005
1.82075	6.7527690E-005
1.82225	5.0635728E-005
1.82375	4.0355178E-005
1.82525	3.5601930E-005
1.82675	3.5298501E-005
1.82825	3.8401209E-005
1.82975	4.3923254E-005
1.83125	5.0954721E-005
1.83275	5.8680056E-005
1.83425	6.6392640E-005
1.83575	7.3505187E-005
1.83725	7.9555219E-005
1.83875	8.4204701E-005
1.84025	8.7234956E-005
1.84175	8.8537818E-005
1.84325	8.8104171E-005
1.84475	8.6011321E-005
1.84625	8.2409068E-005
1.84775	7.7505269E-005
1.84925	7.1550574E-005
1.85075	6.4823158E-005
1.85225	5.7613826E-005
1.85375	5.0212031E-005
1.85525	4.2893374E-005
1.85675	3.5908761E-005
1.85825	2.9475368E-005
1.85975	2.3769933E-005
1.86125	1.8924233E-005
1.86275	1.5023029E-005
1.86425	1.2104326E-005
1.86575	1.0161625E-005
1.86725	9.1479642E-006
1.86875	8.9812602E-006
1.87025	9.5507467E-006
1.87175	1.0724022E-005
1.87325	1.2354441E-005
1.87475	1.4288490E-005
1.87625	1.6372978E-005
1.87775	1.8461706E-005
1.87925	2.0421403E-005
1.88075	2.2136770E-005
1.88225	2.3514287E-005
1.88375	2.4484738E-005
1.88525	2.5004465E-005
1.88675	2.5055355E-005
1.88825	2.4643721E-005
1.88975	2.3798195E-005
1.89125	2.2566815E-005
1.89275	2.1013386E-005
1.89425	1.9213363E-005
1.89575	1.7249513E-005
1.89725	1.5207460E-005
1.89875	1.3171509E-005
1.90025	1.1220832E-005
1.90175	9.4261204E-006
1.90325	7.8469202E-006
1.90475	6.5295571E-006
1.90625	5.5057576E-006
1.90775	4.7919734E-006
1.90925	4.3894324E-006
1.91075	4.2848906E-006
1.91225	4.4520752E-006
1.91375	4.8536926E-006
1.91525	5.4438633E-006
1.91675	6.1708461E-006
1.91825	6.9798321E-006
1.91975	7.8157254E-006
1.92125	8.6257387E-006
1.92275	9.3617273E-006
1.92425	9.9821864E-006
1.92575	1.0453859E-005
1.92725	1.0752852E-005
1.92875	1.0865269E-005
1.93025	1.0787323E-005
1.93175	1.0524946E-005
1.93325	1.0092982E-005
1.93475	9.5140213E-006
1.93625	8.8169045E-006
1.93775	8.0350437E-006
1.93925	7.2045418E-006
1.94075	6.3622879E-006
1.94225	5.5440537E-006
1.94375	4.7827789E-006
1.94525	4.1071107E-006
1.94675	3.5402400E-006
1.94825	3.0991064E-006
1.94975	2.7939136E-006
1.95125	2.6279467E-006
1.95275	2.5977076E-006
1.95425	2.6933267E-006
1.95575	2.8992824E-006
1.95725	3.1953809E-006
1.95875	3.5579478E-006
1.96025	3.9611596E-006
1.96175	4.3784266E-006
1.96325	4.7837443E-006
1.96475	5.1529551E-006
1.96625	5.4648540E-006
1.96775	5.7021120E-006
1.96925	5.8519604E-006
1.97075	5.9066351E-006
1.97225	5.8635533E-006
1.97375	5.7252241E-006
1.97525	5.4989309E-006
1.97675	5.1961870E-006
1.97825	4.8320121E-006
1.97975	4.4240692E-006
1.98125	3.9916699E-006
1.98275	3.5547266E-006
1.98425	3.1327054E-006
1.98575	2.7436442E-006
1.98725	2.4032972E-006
1.98875	2.1244452E-006
1.99025	1.9163772E-006
1.99175	1.7845521E-006
1.99325	1.7304594E-006
1.99475	1.7516583E-006
1.99625	1.8420282E-006
1.99775	1.9921915E-006
1.99925	2.1900944E-006
2.00075	2.4217115E-006
2.00225	2.6718178E-006
2.00375	2.9247976E-006
2.00525	3.1654472E-006
2.00675	3.3797146E-006
2.00825	3.5553765E-006
2.00975	3.6825866E-006
2.01125	3.7543064E-006
2.01275	3.7665777E-006
2.01425	3.7186360E-006
2.01575	3.6128556E-006
2.01725	3.4545258E-006
2.01875	3.2514872E-006
2.02025	3.0136443E-006
2.02175	2.7524061E-006
2.02325	2.4800704E-006
2.02475	2.2092006E-006
2.02625	1.9520069E-006
2.02775	1.7197524E-006
2.02925	1.5222120E-006
2.03075	1.3672102E-006
2.03225	1.2602557E-006
2.03375	1.2043058E-006
2.03525	1.1996643E-006
2.03675	1.2440228E-006
2.03825	1.3326417E-006
2.03975	1.4586578E-006
2.04125	1.6134925E-006
2.04275	1.7873315E-006
2.04425	1.9696529E-006
2.04575	2.1497624E-006
2.04725	2.3173288E-006
2.04875	2.4628864E-006
2.05025	2.5782917E-006
2.05175	2.6571138E-006
2.05325	2.6949322E-006
2.05475	2.6895327E-006
2.05625	2.6409923E-006
2.05775	2.5516554E-006
2.05925	2.4260144E-006
2.06075	2.2704953E-006
2.06225	2.0931614E-006
2.06375	1.9032871E-006
2.06525	1.7107959E-006
2.06675	1.5255425E-006
2.06825	1.3565066E-006
2.06975	1.2110463E-006
2.07125	1.0944054E-006
2.07275	1.0096221E-006
2.07425	9.5786186E-007
2.07575	9.3899814E-007
2.07725	9.5215034E-007
2.07875	9.9592091E-007
2.08025	1.0682343E-006
2.08175	1.1659225E-006
2.08325	1.2843249E-006
2.08475	1.4171635E-006
2.08625	1.5568053E-006
2.08775	1.6948420E-006
2.08925	1.8228195E-006
2.09075	1.9329300E-006
2.09225	2.0185598E-006
2.09375	2.0746504E-006
2.09525	2.0979155E-006
2.09675	2.0869452E-006
2.09825	2.0422508E-006
2.09975	1.9662691E-006
2.10125	1.8633173E-006
2.10275	1.7394569E-006
2.10425	1.6022016E-006
2.10575	1.4599863E-006
2.10725	1.3213871E-006
2.10875	1.1941672E-006
2.11025	1.0843571E-006
2.11175	9.9563613E-007
2.11325	9.2925109E-007
2.11475	8.8452208E-007
2.11625	8.5978093E-007
2.11775	8.5339286E-007
2.11925	8.6448154E-007
2.12075	8.9309037E-007
2.12225	9.3973847E-007
2.12375	1.0045650E-006
2.12525	1.0864151E-006
2.12675	1.1822261E-006
2.12825	1.2869308E-006
2.12975	1.3938946E-006
2.13125	1.4957101E-006
2.13275	1.5850869E-006
2.13425	1.6556271E-006
2.13575	1.7023643E-006
2.13725	1.7220751E-006
2.13875	1.7134191E-006
2.14025	1.6769836E-006
2.14175	1.6152640E-006
2.14325	1.5325679E-006
2.14475	1.4347779E-006
2.14625	1.3289042E-006
2.14775	1.2223878E-006
2.14925	1.1222136E-006
2.15075	1.0340043E-006
2.15225	9.6133726E-007
2.15375	9.0550520E-007
2.15525	8.6580570E-007
2.15675	8.4027351E-007
2.15825	8.2661813E-007
2.15975	8.2308679E-007
2.16125	8.2901579E-007
2.16275	8.4493945E-007
2.16425	8.7223771E-007
2.16575	9.1241924E-007
2.16725	9.6624046E-007
2.16875	1.0329206E-006
2.17025	1.1097090E-006
2.17175	1.1919493E-006
2.17325	1.2736173E-006
2.17475	1.3481557E-006
2.17625	1.4093582E-006
2.17775	1.4521089E-006
2.17925	1.4728774E-006
2.18075	1.4699814E-006
2.18225	1.4436849E-006
2.18375	1.3961734E-006
2.18525	1.3314067E-006
2.18675	1.2547980E-006
2.18825	1.1726623E-006
2.18975	1.0914456E-006
2.19125	1.0168449E-006
2.19275	9.5302863E-007
2.19425	9.0218180E-007
2.19575	8.6451030E-007
2.19725	8.3868639E-007
2.19875	8.2257009E-007
2.20025	8.1397809E-007
2.20175	8.1131236E-007
2.20325	8.1393466E-007
2.20475	8.2226103E-007
2.20625	8.3757516E-007
2.20775	8.6158576E-007
2.20925	8.9578612E-007
2.21075	9.4074375E-007
2.21225	9.9551073E-007
2.21375	1.0573550E-006
2.21525	1.1219233E-006
2.21675	1.1838026E-006
2.21825	1.2373245E-006
2.21975	1.2773827E-006
2.22125	1.3001080E-006
2.22275	1.3033098E-006
2.22425	1.2866952E-006
2.22575	1.2518956E-006
2.22725	1.2022991E-006
2.22875	1.1426756E-006
2.23025	1.0785695E-006
2.23175	1.0155184E-006
2.23325	9.5823816E-007
2.23475	9.0997679E-007
2.23625	8.7221645E-007
2.23775	8.4479291E-007
2.23925	8.2635501E-007
2.24075	8.1498899E-007
2.24225	8.0881472E-007
2.24375	8.0643025E-007
2.24525	8.0716472E-007
2.24675	8.1115860E-007
2.24825	8.1929670E-007
2.24975	8.3299000E-007
2.25125	8.5379588E-007
2.25275	8.8289596E-007
2.25425	9.2053068E-007
2.25575	9.6555095E-007
2.25725	1.0152602E-006
2.25875	1.0656331E-006
2.26025	1.1118826E-006
2.26175	1.1492164E-006
2.26325	1.1735971E-006
2.26475	1.1823470E-006
2.26625	1.1745194E-006
2.26775	1.1510170E-006
2.26925	1.1144607E-006
2.27075	1.0688178E-006
2.27225	1.0188099E-006
2.27375	9.6917790E-007
2.27525	9.2394572E-007
2.27675	8.8586245E-007
2.27825	8.5616472E-007
2.27975	8.3470195E-007
2.28125	8.2034035E-007
2.28275	8.1148386E-007
2.28425	8.0655002E-007
2.28575	8.0430556E-007
2.28725	8.0404715E-007
2.28875	8.0566599E-007
2.29025	8.0963810E-007
2.29175	8.1694361E-007
2.29325	8.2888613E-007
2.29475	8.4677845E-007
2.29625	8.7150494E-007
2.29775	9.0305241E-007
2.29925	9.4015843E-007
2.30075	9.8022861E-007
2.30225	1.0195973E-006
2.30375	1.0540880E-006
2.30525	1.0797263E-006
2.30675	1.0934317E-006
2.30825	1.0935365E-006
2.30975	1.0800551E-006
2.31125	1.0546721E-006
2.31275	1.0204582E-006
2.31425	9.8134831E-007
2.31575	9.4146560E-007
2.31725	9.0443149E-007
2.31875	8.7282439E-007
2.32025	8.4792464E-007
2.32175	8.2978613E-007
2.32325	8.1756559E-007
2.32475	8.0996477E-007
2.32625	8.0564013E-007
2.32775	8.0348900E-007
2.32925	8.0279784E-007
2.33075	8.0329158E-007
2.33225	8.0513377E-007
2.33375	8.0890180E-007
2.33525	8.1551821E-007
2.33675	8.2609853E-007
2.33825	8.4168215E-007
2.33975	8.6286354E-007
2.34125	8.8940993E-007
2.34275	9.1999965E-007
2.34425	9.5220753E-007
2.34575	9.8278872E-007
2.34725	1.0082117E-006
2.34875	1.0253030E-006
2.35025	1.0318417E-006
2.35175	1.0269749E-006
2.35325	1.0113671E-006
2.35475	9.8707233E-007
2.35625	9.5714654E-007
2.35775	9.2507798E-007
2.35925	8.9415551E-007
2.36075	8.6692683E-007
2.36225	8.4488056E-007
2.36375	8.2841450E-007
2.36525	8.1705605E-007
2.36675	8.0982164E-007
2.36825	8.0558135E-007
2.36975	8.0333348E-007
2.37125	8.0235435E-007
2.37275	8.0225146E-007
2.37425	8.0296684E-007
2.37575	8.0476485E-007
2.37725	8.0821331E-007
2.37875	8.1412759E-007
2.38025	8.2343871E-007
2.38175	8.3695721E-007
2.38325	8.5506281E-007
2.38475	8.7739369E-007
2.38625	9.0265877E-007
2.38775	9.2866912E-007
2.38925	9.5262646E-007
2.39075	9.7160728E-007
2.39225	9.8312296E-007
2.39375	9.8561009E-007
2.39525	9.7873681E-007
2.39675	9.6346412E-007
2.39825	9.4185020E-007
2.39975	9.1664276E-007
2.40125	8.9074700E-007
2.40275	8.6669814E-007
2.40425	8.4626851E-007
2.40575	8.3030238E-007
2.40725	8.1879267E-007
2.40875	8.1113188E-007
2.41025	8.0642735E-007
2.41175	8.0377731E-007
2.41325	8.0244916E-007
2.41475	8.0196190E-007
2.41625	8.0210214E-007
2.41775	8.0291858E-007
2.41925	8.0471068E-007
2.42075	8.0801186E-007
2.42225	8.1353244E-007
2.42375	8.2203161E-007
2.42525	8.3410850E-007
2.42675	8.4994252E-007
2.42825	8.6906226E-007
2.42975	8.9023280E-007
2.43125	9.1153714E-007
2.43275	9.3065154E-007
2.43425	9.4525581E-007
2.43575	9.5347025E-007
2.43725	9.5421399E-007
2.43875	9.4740545E-007
2.44025	9.3397119E-007
2.44175	9.1566471E-007
2.44325	8.9473133E-007
2.44475	8.7349025E-007
2.44625	8.5392867E-007
2.44775	8.3740798E-007
2.44925	8.2454903E-007
2.45075	8.1530459E-007
2.45225	8.0916288E-007
2.45375	8.0539985E-007
2.45525	8.0329630E-007
2.45675	8.0228165E-007
2.45825	8.0200175E-007
2.45975	8.0233758E-007
2.46125	8.0340072E-007
2.46275	8.0551865E-007
2.46425	8.0919898E-007
2.46575	8.1505033E-007
2.46725	8.2364517E-007
2.46875	8.3533445E-007
2.47025	8.5005956E-007
2.47175	8.6722582E-007
2.47325	8.8569709E-007
2.47475	9.0393172E-007
2.47625	9.2022600E-007
2.47775	9.3299531E-007
2.47925	9.4101841E-007
2.48075	9.4359223E-007
2.48225	9.4058629E-007
2.48375	9.3241357E-007
2.48525	9.1994497E-007
2.48675	9.0438914E-007
2.48825	8.8714745E-007
2.48975	8.6965184E-007
2.49125	8.5319721E-007
2.49275	8.3879723E-007
2.49425	8.2709676E-007
2.49575	8.1836760E-007
2.49725	8.1258884E-007
2.49875	8.0958080E-007
2.50025	8.0914532E-007
2.50175	8.1115542E-007
2.50325	8.1556840E-007
2.50475	8.2236846E-007
2.50625	8.3146955E-007
2.50775	8.4263166E-007
2.50925	8.5542945E-007
2.51075	8.6928674E-007
2.51225	8.8356524E-007
2.51375	8.9767741E-007
2.51525	9.1118631E-007
2.51675	9.2387381E-007
2.51825	9.3576682E-007
2.51975	9.4712613E-007
2.52125	9.5841119E-007
2.52275	9.7022439E-007
2.52425	9.8324779E-007
2.52575	9.9817441E-007
2.52725	1.0156357E-006
2.52875	1.0361348E-006
2.53025	1.0599825E-006
2.53175	1.0872468E-006
2.53325	1.1177141E-006
2.53475	1.1508691E-006
2.53625	1.1858964E-006
2.53775	1.2217046E-006
2.53925	1.2569677E-006
2.54075	1.2901905E-006
2.54225	1.3197902E-006
2.54375	1.3441946E-006
2.54525	1.3619531E-006
2.54675	1.3718478E-006
2.54825	1.3730070E-006
2.54975	1.3650074E-006
2.55125	1.3479580E-006
2.55275	1.3225624E-006
2.55425	1.2901536E-006
2.55575	1.2526991E-006
2.55725	1.2127716E-006
2.55875	1.1734842E-006
2.56025	1.1383851E-006
2.56175	1.1113199E-006
2.56325	1.0962555E-006
2.56475	1.0970825E-006
2.56625	1.1174018E-006
2.56775	1.1603008E-006
2.56925	1.2281371E-006
2.57075	1.3223384E-006
2.57225	1.4432261E-006
2.57375	1.5898809E-006
2.57525	1.7600593E-006
2.57675	1.9501722E-006
2.57825	2.1553265E-006
2.57975	2.3694417E-006
2.58125	2.5854297E-006
2.58275	2.7954454E-006
2.58425	2.9912001E-006
2.58575	3.1643181E-006
2.58725	3.3067481E-006
2.58875	3.4111954E-006
2.59025	3.4715754E-006
2.59175	3.4834779E-006
2.59325	3.4446130E-006
2.59475	3.3552251E-006
2.59625	3.2184598E-006
2.59775	3.0406436E-006
2.59925	2.8314776E-006
2.60075	2.6041023E-006
2.60225	2.3750420E-006
2.60375	2.1640067E-006
2.60525	1.9935621E-006
2.60675	1.8886702E-006
2.60825	1.8761098E-006
2.60975	1.9837908E-006
2.61125	2.2399854E-006
2.61275	2.6724867E-006
2.61425	3.3077461E-006
2.61575	4.1699932E-006
2.61725	5.2803962E-006
2.61875	6.6562538E-006
2.62025	8.3102659E-006
2.62175	1.0249820E-005
2.62325	1.2476372E-005
2.62475	1.4984883E-005
2.62625	1.7763434E-005
2.62775	2.0793073E-005
2.62925	2.4047915E-005
2.63075	2.7495471E-005
2.63225	3.1097181E-005
2.63375	3.4808971E-005
2.63525	3.8582006E-005
2.63675	4.2363605E-005
2.63825	4.6098379E-005
2.63975	4.9729570E-005
2.64125	5.3200281E-005
2.64275	5.6454799E-005
2.64425	5.9439721E-005
2.64575	6.2105093E-005
2.64725	6.4405591E-005
2.64875	6.6301560E-005
2.65025	6.7760324E-005
2.65175	6.8756810E-005
2.65325	6.9274378E-005
2.65475	6.9305061E-005
2.65625	6.8849680E-005
2.65775	6.7917586E-005
2.65925	6.6526307E-005
2.66075	6.4701097E-005
2.66225	6.2474042E-005
2.66375	5.9883510E-005
2.66525	5.6973069E-005
2.66675	5.3790631E-005
2.66825	5.0387385E-005
2.66975	4.6816735E-005
2.67125	4.3133186E-005
2.67275	3.9391169E-005
2.67425	3.5643901E-005
2.67575	3.1942156E-005
2.67725	2.8333290E-005
2.67875	2.4860376E-005
2.68025	2.1561549E-005
2.68175	1.8469498E-005
2.68325	1.5611118E-005
2.68475	1.3007264E-005
2.68625	1.0672689E-005
2.68775	8.6161017E-006
2.68925	6.8402705E-006
2.69075	5.3420554E-006
2.69225	4.1123085E-006
2.69375	3.1357815E-006
2.69525	2.3914165E-006
2.69675	1.8533701E-006
2.69825	1.4929374E-006
2.69975	1.2810248E-006
2.70125	1.1904749E-006
2.70275	1.1974814E-006
2.70425	1.2817253E-006
2.70575	1.4254540E-006
2.70725	1.6121849E-006
2.70875	1.8257549E-006
2.71025	2.0501298E-006
2.71175	2.2699242E-006
2.71325	2.4712795E-006
2.71475	2.6426887E-006
2.71625	2.7755023E-006
2.71775	2.8640727E-006
2.71925	2.9056096E-006
2.72075	2.8998732E-006
2.72225	2.8487998E-006
2.72375	2.7561359E-006
2.72525	2.6270991E-006
2.72675	2.4680830E-006
2.72825	2.2864263E-006
2.72975	2.0902098E-006
2.73125	1.8880272E-006
2.73275	1.6886447E-006
2.73425	1.5004747E-006
2.73575	1.3308609E-006
2.73725	1.1852999E-006
2.73875	1.0668066E-006
2.74025	9.7566397E-007
2.74175	9.0968592E-007
2.74325	8.6494271E-007
2.74475	8.3674109E-007
2.74625	8.2058085E-007
2.74775	8.1286953E-007
2.74925	8.1129332E-007
2.75075	8.1486087E-007
2.75225	8.2368683E-007
2.75375	8.3858453E-007
2.75525	8.6053848E-007
2.75675	8.9013514E-007
2.75825	9.2706807E-007
2.75975	9.6984888E-007
2.76125	1.0158130E-006
2.76275	1.0614223E-006
2.76425	1.1027736E-006
2.76575	1.1361652E-006
2.76725	1.1585789E-006
2.76875	1.1680111E-006
2.77025	1.1636472E-006
2.77175	1.1459089E-006
2.77325	1.1164138E-006
2.77475	1.0778302E-006
2.77625	1.0336107E-006
2.77775	9.8757869E-007
2.77925	9.4340811E-007
2.78075	9.0409645E-007
2.78225	8.7157139E-007
2.78375	8.4654528E-007
2.78525	8.2864631E-007
2.78675	8.1675790E-007
2.78825	8.0943249E-007
2.78975	8.0524967E-007
2.79125	8.0303863E-007
2.79275	8.0195878E-007
2.79425	8.0147430E-007
2.79575	8.0128262E-007
2.79725	8.0123726E-007
2.79875	8.0129149E-007
2.80025	8.0146935E-007
2.80175	8.0185782E-007
2.80325	8.0260810E-007
2.80475	8.0392817E-007
2.80625	8.0605014E-007
2.80775	8.0915811E-007
2.80925	8.1328506E-007
2.81075	8.1821071E-007
2.81225	8.2341376E-007
2.81375	8.2812727E-007
2.81525	8.3151031E-007
2.81675	8.3288774E-007
2.81825	8.3196807E-007
2.81975	8.2894286E-007
2.82125	8.2442267E-007
2.82275	8.1923736E-007
2.82425	8.1419091E-007
2.82575	8.0986740E-007
2.82725	8.0654900E-007
2.82875	8.0424547E-007
2.83025	8.0279125E-007
2.83175	8.0195338E-007
2.83325	8.0151187E-007
2.83475	8.0129882E-007
2.83625	8.0120458E-007
2.83775	8.0116632E-007
2.83925	8.0115205E-007
2.84075	8.0114722E-007
2.84225	8.0114569E-007
2.84375	8.0114523E-007
2.84525	8.0114512E-007
2.84675	8.0114512E-007
2.84825	8.0114512E-007
2.84975	8.0114506E-007
2.85125	8.0114506E-007
2.85275	8.0114506E-007
2.85425	8.0114506E-007
2.85575	8.0114506E-007
2.85725	8.0114506E-007
2.85875	8.0114506E-007
2.86025	8.0114506E-007
2.86175	8.0114506E-007
2.86325	8.0114506E-007
2.86475	8.0114506E-007
2.86625	8.0114506E-007
2.86775	8.0114506E-007
2.86925	8.0114506E-007
2.87075	8.0114506E-007
2.87225	8.0114506E-007
2.87375	8.0114506E-007
2.87525	8.0114506E-007
2.87675	8.0114506E-007
2.87825	8.0114506E-007
2.87975	8.0114506E-007
2.88125	8.0114506E-007
2.88275	8.0114506E-007
2.88425	8.0114506E-007
2.88575	8.0114506E-007
2.88725	8.0114506E-007
2.88875	8.0114506E-007
2.89025	8.0114506E-007
2.89175	8.0114506E-007
2.89325	8.0114506E-007
2.89475	8.0114506E-007
2.89625	8.0114506E-007
2.89775	8.0114506E-007
2.89925	8.0114506E-007
2.90075	8.0114506E-007
2.90225	8.0114506E-007
2.90375	8.0114506E-007
2.90525	8.0114506E-007
2.90675	8.0114506E-007
2.90825	8.0114506E-007
2.90975	8.0114506E-007
2.91125	8.0114506E-007
2.91275	8.0114506E-007
2.91425	8.0114506E-007
2.91575	8.0114506E-007
2.91725	8.0114506E-007
2.91875	8.0114506E-007
2.92025	8.0114506E-007
2.92175	8.0114506E-007
2.92325	8.0114506E-007
2.92475	8.0114506E-007
2.92625	8.0114506E-007
2.92775	8.0114506E-007
2.92925	8.0114506E-007
2.93075	8.0114506E-007
2.93225	8.0114506E-007
2.93375	8.0114506E-007
2.93525	8.0114506E-007
2.93675	8.0114506E-007
2.93825	8.0114506E-007
2.93975	8.0114506E-007
2.94125	8.0114506E-007
2.94275	8.0114506E-007
2.94425	8.0114506E-007
2.94575	8.0114506E-007
2.94725	8.0114506E-007
2.94875	8.0114506E-007
2.95025	8.0114506E-007
2.95175	8.0114506E-007
2.95325	8.0114506E-007
2.95475	8.0114506E-007
2.95625	8.0114506E-007
2.95775	8.0114506E-007
2.95925	8.0114506E-007
2.96075	8.0114506E-007
2.96225	8.0114506E-007
2.96375	8.0114506E-007
2.96525	8.0114506E-007
2.96675	8.0114506E-007
2.96825	8.0114506E-007
2.96975	8.0114506E-007
2.97125	8.0114506E-007
2.97275	8.0114506E-007
2.97425	8.0114506E-007
2.97575	8.0114506E-007
2.97725	8.0114506E-007
2.97875	8.0114506E-007
2.98025	8.0114506E-007
2.98175	8.0114506E-007
2.98325	8.0114506E-007
2.98475	8.0114506E-007
2.98625	8.0114506E-007
2.98775	8.0114506E-007
2.98925	8.0114506E-007
2.99075	8.0114506E-007
2.99225	8.0114506E-007
2.99375	8.0114506E-007
2.99525	8.0114506E-007
2.99675	8.0114506E-007
2.99825	8.0114506E-007
2.99975	8.0114506E-007
3.00125	8.0114506E-007
3.00275	8.0114506E-007
3.00425	8.0114506E-007
3.00575	8.0114506E-007
3.00725	8.0114506E-007
3.00875	8.0114506E-007
3.01025	8.0114506E-007
3.01175	8.0114506E-007
3.01325	8.0114506E-007
3.01475	8.0114506E-007
3.01625	8.0114506E-007
3.01775	8.0114506E-007
3.01925	8.0114506E-007
3.02075	8.0114506E-007
3.02225	8.0114506E-007
3.02375	8.0114506E-007
3.02525	8.0114506E-007
3.02675	8.0114506E-007
3.02825	8.0114506E-007
3.02975	8.0114506E-007
3.03125	8.0114506E-007
3.03275	8.0114506E-007
3.03425	8.0114506E-007
3.03575	8.0114506E-007
3.03725	8.0114506E-007
3.03875	8.0114506E-007
3.04025	8.0114506E-007
3.04175	8.0114506E-007
3.04325	8.0114506E-007
3.04475	8.0114506E-007
3.04625	8.0114506E-007
3.04775	8.0114506E-007
3.04925	8.0114506E-007
3.05075	8.0114506E-007
3.05225	8.0114506E-007
3.05375	8.0114506E-007
3.05525	8.0114506E-007
3.05675	8.0114506E-007
3.05825	8.0114506E-007
3.05975	8.0114506E-007
3.06125	8.0114506E-007
3.06275	8.0114506E-007
3.06425	8.0114506E-007
3.06575	8.0114506E-007
3.06725	8.0114506E-007
3.06875	8.0114506E-007
3.07025	8.0114506E-007
3.07175	8.0114506E-007
3.07325	8.0114506E-007
3.07475	8.0114506E-007
3.07625	8.0114506E-007
3.07775	8.0114506E-007
3.07925	8.0114506E-007
3.08075	8.0114506E-007
3.08225	8.0114506E-007
3.08375	8.0114506E-007
3.08525	8.0114506E-007
3.08675	8.0114506E-007
3.08825	8.0114506E-007
3.08975	8.0114506E-007
3.09125	8.0114506E-007
3.09275	8.0114506E-007
3.09425	8.0114506E-007
3.09575	8.0114506E-007
3.09725	8.0114506E-007
3.09875	8.0114506E-007
3.10025	8.0114506E-007
3.10175	8.0114506E-007
3.10325	8.0114506E-007
3.10475	8.0114506E-007
3.10625	8.0114506E-007
3.10775	8.0114506E-007
3.10925	8.0114506E-007
3.11075	8.0114506E-007
3.11225	8.0114506E-007
3.11375	8.0114506E-007
3.11525	8.0114506E-007
3.11675	8.0114506E-007
3.11825	8.0114506E-007
3.11975	8.0114506E-007
3.12125	8.0114506E-007
3.12275	8.0114506E-007
3.12425	8.0114506E-007
3.12575	8.0114506E-007
3.12725	8.0114506E-007
3.12875	8.0114506E-007
3.13025	8.0114506E-007
3.13175	8.0114506E-007
3.13325	8.0114506E-007
3.13475	8.0114506E-007
3.13625	8.0114506E-007
3.13775	8.0114506E-007
3.13925	8.0114506E-007
3.14075	8.0114506E-007
3.14225	8.0114506E-007
3.14375	8.0114506E-007
3.14525	8.0114506E-007
3.14675	8.0114506E-007
3.14825	8.0114506E-007
3.14975	8.0114506E-007
3.15125	8.0114506E-007
3.15275	8.0114506E-007
3.15425	8.0114506E-007
3.15575	8.0114506E-007
3.15725	8.0114506E-007
3.15875	8.0114506E-007
3.16025	8.0114506E-007
3.16175	8.0114506E-007
3.16325	8.0114506E-007
3.16475	8.0114506E-007
3.16625	8.0114506E-007
3.16775	8.0114506E-007
3.16925	8.0114506E-007
3.17075	8.0114506E-007
3.17225	8.0114506E-007
3.17375	8.0114506E-007
3.17525	8.0114506E-007
3.17675	8.0114506E-007
3.17825	8.0114506E-007
3.17975	8.0114506E-007
3.18125	8.0114506E-007
3.18275	8.0114506E-007
3.18425	8.0114506E-007
3.18575	8.0114506E-007
3.18725	8.0114506E-007
3.18875	8.0114506E-007
3.19025	8.0114506E-007
3.19175	8.0114506E-007
3.19325	8.0114506E-007
3.19475	8.0114506E-007
3.19625	8.0114506E-007
3.19775	8.0114506E-007
3.19925	8.0114506E-007
3.20075	8.0114506E-007
3.20225	8.0114506E-007
3.20375	8.0114506E-007
3.20525	8.0114506E-007
3.20675	8.0114506E-007
3.20825	8.0114506E-007
3.20975	8.0114506E-007
3.21125	8.0114506E-007
3.21275	8.0114506E-007
3.21425	8.0114506E-007
3.21575	8.0114506E-007
3.21725	8.0114506E-007
3.21875	8.0114506E-007
3.22025	8.0114506E-007
3.22175	8.0114506E-007
3.22325	8.0114506E-007
3.22475	8.0114506E-007
3.22625	8.0114506E-007
3.22775	8.0114506E-007
3.22925	8.0114506E-007
3.23075	8.0114506E-007
3.23225	8.0114506E-007
3.23375	8.0114506E-007
3.23525	8.0114506E-007
3.23675	8.0114506E-007
3.23825	8.0114506E-007
3.23975	8.0114506E-007
3.24125	8.0114506E-007
3.24275	8.0114506E-007
3.24425	8.0114506E-007
3.24575	8.0114506E-007
3.24725	8.0114506E-007
3.24875	8.0114506E-007
3.25025	8.0114506E-007
3.25175	8.0114506E-007
3.25325	8.0114506E-007
3.25475	8.0114506E-007
3.25625	8.0114506E-007
3.25775	8.0114506E-007
3.25925	8.0114506E-007
3.26075	8.0114506E-007
3.26225	8.0114506E-007
3.26375	8.0114506E-007
3.26525	8.0114506E-007
3.26675	8.0114506E-007
3.26825	8.0114506E-007
3.26975	8.0114506E-007
3.27125	8.0114506E-007
3.27275	8.0114506E-007
3.27425	8.0114506E-007
3.27575	8.0114506E-007
3.27725	8.0114506E-007
3.27875	8.0114506E-007
3.28025	8.0114506E-007
3.28175	8.0114506E-007
3.28325	8.0114506E-007
3.28475	8.0114506E-007
3.28625	8.0114506E-007
3.28775	8.0114506E-007
3.28925	8.0114506E-007
3.29075	8.0114506E-007
3.29225	8.0114506E-007
3.29375	8.0114506E-007
3.29525	8.0114506E-007
3.29675	8.0114506E-007
3.29825	8.0114506E-007
3.29975	8.0114506E-007
3.30125	8.0114506E-007
3.30275	8.0114506E-007
3.30425	8.0114506E-007
3.30575	8.0114506E-007
3.30725	8.0114506E-007
3.30875	8.0114506E-007
3.31025	8.0114506E-007
3.31175	8.0114506E-007
3.31325	8.0114506E-007
3.31475	8.0114506E-007
3.31625	8.0114506E-007
3.31775	8.0114506E-007
3.31925	8.0114506E-007
3.32075	8.0114506E-007
3.32225	8.0114506E-007
3.32375	8.0114506E-007
3.32525	8.0114506E-007
3.32675	8.0114506E-007
3.32825	8.0114506E-007
3.32975	8.0114506E-007
3.33125	8.0114506E-007
3.33275	8.0114506E-007
3.33425	8.0114506E-007
3.33575	8.0114506E-007
3.33725	8.0114506E-007
3.33875	8.0114506E-007
3.34025	8.0114506E-007
3.34175	8.0114506E-007
3.34325	8.0114506E-007
3.34475	8.0114506E-007
3.34625	8.0114506E-007
3.34775	8.0114506E-007
3.34925	8.0114506E-007
3.35075	8.0114506E-007
3.35225	8.0114506E-007
3.35375	8.0114506E-007
3.35525	8.0114506E-007
3.35675	8.0114506E-007
3.35825	8.0114506E-007
3.35975	8.0114506E-007
3.36125	8.0114506E-007
3.36275	8.0114506E-007
3.36425	8.0114506E-007
3.36575	8.0114506E-007
3.36725	8.0114506E-007
3.36875	8.0114506E-007
3.37025	8.0114506E-007
3.37175	8.0114506E-007
3.37325	8.0114506E-007
3.37475	8.0114506E-007
3.37625	8.0114506E-007
3.37775	8.0114506E-007
3.37925	8.0114506E-007
3.38075	8.0114506E-007
3.38225	8.0114506E-007
3.38375	8.0114506E-007
3.38525	8.0114506E-007
3.38675	8.0114506E-007
3.38825	8.0114506E-007
3.38975	8.0114506E-007
3.39125	8.0114506E-007
3.39275	8.0114506E-007
3.39425	8.0114506E-007
3.39575	8.0114506E-007
3.39725	8.0114506E-007
3.39875	8.0114506E-007
3.40025	8.0114506E-007
3.40175	8.0114506E-007
3.40325	8.0114506E-007
3.40475	8.0114506E-007
3.40625	8.0114506E-007
3.40775	8.0114506E-007
3.40925	8.0114506E-007
3.41075	8.0114506E-007
3.41225	8.0114506E-007
3.41375	8.0114506E-007
3.41525	8.0114506E-007
3.41675	8.0114506E-007
3.41825	8.0114506E-007
3.41975	8.0114506E-007
3.42125	8.0114506E-007
3.42275	8.0114506E-007
3.42425	8.0114506E-007
3.42575	8.0114506E-007
3.42725	8.0114506E-007
3.42875	8.0114506E-007
3.43025	8.0114506E-007
3.43175	8.0114506E-007
3.43325	8.0114506E-007
3.43475	8.0114506E-007
3.43625	8.0114506E-007
3.43775	8.0114506E-007
3.43925	8.0114506E-007
3.44075	8.0114506E-007
3.44225	8.0114506E-007
3.44375	8.0114506E-007
3.44525	8.0114512E-007
3.44675	8.0114523E-007
3.44825	8.0114592E-007
3.44975	8.0114808E-007
3.45125	8.0115501E-007
3.45275	8.0117439E-007
3.45425	8.0122504E-007
3.45575	8.0134606E-007
3.45725	8.0161124E-007
3.45875	8.0214295E-007
3.46025	8.0311821E-007
3.46175	8.0475047E-007
3.46325	8.0723544E-007
3.46475	8.1066031E-007
3.46625	8.1490037E-007
3.46775	8.1955051E-007
3.46925	8.2394712E-007
3.47075	8.2730622E-007
3.47225	8.2894633E-007
3.47375	8.2851187E-007
3.47525	8.2609859E-007
3.47675	8.2221919E-007
3.47825	8.1762738E-007
3.47975	8.1308292E-007
3.48125	8.0915970E-007
3.48275	8.0616417E-007
3.48425	8.0417948E-007
3.48575	8.0320558E-007
3.48725	8.0336594E-007
3.48875	8.0516810E-007
3.49025	8.0982835E-007
3.49175	8.1965385E-007
3.49325	8.3842491E-007
3.49475	8.7164074E-007
3.49625	9.2644160E-007
3.49775	1.0110507E-006
3.49925	1.1337224E-006
3.50075	1.3013864E-006
3.50225	1.5183516E-006
3.50375	1.7854614E-006
3.50525	2.0999341E-006
3.50675	2.4558658E-006
3.50825	2.8451411E-006
3.50975	3.2584142E-006
3.51125	3.6859014E-006
3.51275	4.1178751E-006
3.51425	4.5449096E-006
3.51575	4.9579844E-006
3.51725	5.3485473E-006
3.51875	5.7086081E-006
3.52025	6.0308562E-006
3.52175	6.3087964E-006
3.52325	6.5368963E-006
3.52475	6.7107185E-006
3.52625	6.8270333E-006
3.52775	6.8838744E-006
3.52925	6.8805775E-006
3.53075	6.8177583E-006
3.53225	6.6972875E-006
3.53375	6.5222052E-006
3.53525	6.2966501E-006
3.53675	6.0257430E-006
3.53825	5.7154457E-006
3.53975	5.3723861E-006
3.54125	5.0036356E-006
3.54275	4.6164955E-006
3.54425	4.2182983E-006
3.54575	3.8162798E-006
3.54725	3.4175323E-006
3.54875	3.0290414E-006
3.55025	2.6577238E-006
3.55175	2.3104055E-006
3.55325	1.9936183E-006
3.55475	1.7131484E-006
3.55625	1.4733774E-006
3.55775	1.2765622E-006
3.55925	1.1223113E-006
3.56075	1.0075026E-006
3.56225	9.2674685E-007
3.56375	8.7329710E-007
3.56525	8.4013305E-007
3.56675	8.2090372E-007
3.56825	8.1051206E-007
3.56975	8.0528963E-007
3.57125	8.0285326E-007
3.57275	8.0179979E-007
3.57425	8.0137812E-007
3.57575	8.0122197E-007
3.57725	8.0116860E-007
3.57875	8.0115177E-007
3.58025	8.0114683E-007
3.58175	8.0114552E-007
3.58325	8.0114518E-007
3.58475	8.0114512E-007
3.58625	8.0114512E-007
3.58775	8.0114506E-007
3.58925	8.0114506E-007
3.59075	8.0114506E-007
3.59225	8.0114506E-007
3.59375	8.0114506E-007
3.59525	8.0114506E-007
3.59675	8.0114506E-007
3.59825	8.0114506E-007
3.59975	8.0114506E-007
3.60125	8.0114506E-007
3.60275	8.0114506E-007
3.60425	8.0114506E-007
3.60575	8.0114506E-007
3.60725	8.0114506E-007
3.60875	8.0114506E-007
3.61025	8.0114506E-007
3.61175	8.0114506E-007
3.61325	8.0114506E-007
3.61475	8.0114506E-007
3.61625	8.0114506E-007
3.61775	8.0114506E-007
3.61925	8.0114506E-007
3.62075	8.0114506E-007
3.62225	8.0114506E-007
3.62375	8.0114506E-007
3.62525	8.0114506E-007
3.62675	8.0114506E-007
3.62825	8.0114506E-007
3.62975	8.0114506E-007
3.63125	8.0114506E-007
3.63275	8.0114506E-007
3.63425	8.0114506E-007
3.63575	8.0114506E-007
3.63725	8.0114506E-007
3.63875	8.0114506E-007
3.64025	8.0114506E-007
3.64175	8.0114506E-007
3.64325	8.0114506E-007
3.64475	8.0114506E-007
3.64625	8.0114506E-007
3.64775	8.0114506E-007
3.64925	8.0114506E-007
3.65075	8.0114506E-007
3.65225	8.0114506E-007
3.65375	8.0114506E-007
3.65525	8.0114506E-007
3.65675	8.0114506E-007
3.65825	8.0114506E-007
3.65975	8.0114506E-007
3.66125	8.0114506E-007
3.66275	8.0114506E-007
3.66425	8.0114506E-007
3.66575	8.0114506E-007
3.66725	8.0114506E-007
3.66875	8.0114506E-007
3.67025	8.0114506E-007
3.67175	8.0114506E-007
3.67325	8.0114506E-007
3.67475	8.0114506E-007
3.67625	8.0114506E-007
3.67775	8.0114506E-007
3.67925	8.0114506E-007
3.68075	8.0114506E-007
3.68225	8.0114506E-007
3.68375	8.0114506E-007
3.68525	8.0114506E-007
3.68675	8.0114506E-007
3.68825	8.0114506E-007
3.68975	8.0114506E-007
3.69125	8.0114506E-007
3.69275	8.0114506E-007
3.69425	8.0114506E-007
3.69575	8.0114506E-007
3.69725	8.0114506E-007
3.69875	8.0114506E-007
3.70025	8.0114506E-007
3.70175	8.0114506E-007
3.70325	8.0114506E-007
3.70475	8.0114506E-007
3.70625	8.0114506E-007
3.70775	8.0114506E-007
3.70925	8.0114506E-007
3.71075	8.0114506E-007
3.71225	8.0114506E-007
3.71375	8.0114506E-007
3.71525	8.0114506E-007
3.71675	8.0114506E-007
3.71825	8.0114506E-007
3.71975	8.0114506E-007
3.72125	8.0114506E-007
3.72275	8.0114506E-007
3.72425	8.0114506E-007
3.72575	8.0114506E-007
3.72725	8.0114506E-007
3.72875	8.0114506E-007
3.73025	8.0114506E-007
3.73175	8.0114506E-007
3.73325	8.0114506E-007
3.73475	8.0114506E-007
3.73625	8.0114506E-007
3.73775	8.0114506E-007
3.73925	8.0114506E-007
3.74075	8.0114506E-007
3.74225	8.0114506E-007
3.74375	8.0114506E-007
3.74525	8.0114506E-007
3.74675	8.0114506E-007
3.74825	8.0114506E-007
3.74975	8.0114506E-007
3.75125	8.0114506E-007
3.75275	8.0114506E-007
3.75425	8.0114506E-007
3.75575	8.0114506E-007
3.75725	8.0114506E-007
3.75875	8.0114506E-007
3.76025	8.0114506E-007
3.76175	8.0114506E-007
3.76325	8.0114506E-007
3.76475	8.0114506E-007
3.76625	8.0114506E-007
3.76775	8.0114506E-007
3.76925	8.0114506E-007
3.77075	8.0114506E-007
3.77225	8.0114506E-007
3.77375	8.0114506E-007
3.77525	8.0114506E-007
3.77675	8.0114506E-007
3.77825	8.0114506E-007
3.77975	8.0114506E-007
3.78125	8.0114506E-007
3.78275	8.0114506E-007
3.78425	8.0114506E-007
3.78575	8.0114506E-007
3.78725	8.0114506E-007
3.78875	8.0114506E-007
3.79025	8.0114506E-007
3.79175	8.0114506E-007
3.79325	8.0114506E-007
3.79475	8.0114506E-007
3.79625	8.0114506E-007
3.79775	8.0114506E-007
3.79925	8.0114506E-007
3.80075	8.0114506E-007
3.80225	8.0114506E-007
3.80375	8.0114506E-007
3.80525	8.0114506E-007
3.80675	8.0114506E-007
3.80825	8.0114506E-007
3.80975	8.0114506E-007
3.81125	8.0114506E-007
3.81275	8.0114506E-007
3.81425	8.0114506E-007
3.81575	8.0114506E-007
3.81725	8.0114506E-007
3.81875	8.0114506E-007
3.82025	8.0114506E-007
3.82175	8.0114506E-007
3.82325	8.0114506E-007
3.82475	8.0114506E-007
3.82625	8.0114506E-007
3.82775	8.0114506E-007
3.82925	8.0114506E-007
3.83075	8.0114506E-007
3.83225	8.0114506E-007
3.83375	8.0114506E-007
3.83525	8.0114506E-007
3.83675	8.0114506E-007
3.83825	8.0114506E-007
3.83975	8.0114506E-007
3.84125	8.0114506E-007
3.84275	8.0114506E-007
3.84425	8.0114506E-007
3.84575	8.0114506E-007
3.84725	8.0114506E-007
3.84875	8.0114506E-007
3.85025	8.0114506E-007
3.85175	8.0114506E-007
3.85325	8.0114506E-007
3.85475	8.0114506E-007
3.85625	8.0114506E-007
3.85775	8.0114506E-007
3.85925	8.0114506E-007
3.86075	8.0114506E-007
3.86225	8.0114506E-007
3.86375	8.0114506E-007
3.86525	8.0114506E-007
3.86675	8.0114506E-007
3.86825	8.0114506E-007
3.86975	8.0114506E-007
3.87125	8.0114506E-007
3.87275	8.0114506E-007
3.87425	8.0114506E-007
3.87575	8.0114506E-007
3.87725	8.0114506E-007
3.87875	8.0114506E-007
3.88025	8.0114506E-007
3.88175	8.0114506E-007
3.88325	8.0114506E-007
3.88475	8.0114506E-007
3.88625	8.0114506E-007
3.88775	8.0114506E-007
3.88925	8.0114506E-007
3.89075	8.0114506E-007
3.89225	8.0114506E-007
3.89375	8.0114506E-007
3.89525	8.0114506E-007
3.89675	8.0114506E-007
3.89825	8.0114506E-007
3.89975	8.0114506E-007
3.90125	8.0114506E-007
3.90275	8.0114506E-007
3.90425	8.0114506E-007
3.90575	8.0114506E-007
3.90725	8.0114506E-007
3.90875	8.0114506E-007
3.91025	8.0114506E-007
3.91175	8.0114506E-007
3.91325	8.0114506E-007
3.91475	8.0114506E-007
3.91625	8.0114506E-007
3.91775	8.0114506E-007
3.91925	8.0114506E-007
3.92075	8.0114506E-007
3.92225	8.0114506E-007
3.92375	8.0114506E-007
3.92525	8.0114506E-007
3.92675	8.0114506E-007
3.92825	8.0114506E-007
3.92975	8.0114506E-007
3.93125	8.0114506E-007
3.93275	8.0114506E-007
3.93425	8.0114506E-007
3.93575	8.0114506E-007
3.93725	8.0114506E-007
3.93875	8.0114506E-007
3.94025	8.0114506E-007
3.94175	8.0114506E-007
3.94325	8.0114506E-007
3.94475	8.0114506E-007
3.94625	8.0114506E-007
3.94775	8.0114506E-007
3.94925	8.0114506E-007
3.95075	8.0114506E-007
3.95225	8.0114506E-007
3.95375	8.0114506E-007
3.95525	8.0114506E-007
3.95675	8.0114506E-007
3.95825	8.0114506E-007
3.95975	8.0114506E-007
3.96125	8.0114506E-007
3.96275	8.0114506E-007
3.96425	8.0114506E-007
3.96575	8.0114506E-007
3.96725	8.0114506E-007
3.96875	8.0114506E-007
3.97025	8.0114506E-007
3.97175	8.0114506E-007
3.97325	8.0114506E-007
3.97475	8.0114506E-007
3.97625	8.0114506E-007
3.97775	8.0114506E-007
3.97925	8.0114506E-007
3.98075	8.0114506E-007
3.98225	8.0114506E-007
3.98375	8.0114506E-007
3.98525	8.0114506E-007
3.98675	8.0114506E-007
3.98825	8.0114506E-007
3.98975	8.0114506E-007
3.99125	8.0114506E-007
3.99275	8.0114506E-007
3.99425	8.0114506E-007
3.99575	8.0114506E-007
3.99725	8.0114506E-007
3.99875	8.0114506E-007
4.00025	8.0114506E-007
4.00175	8.0114506E-007
4.00325	8.0114506E-007
4.00475	8.0114506E-007
4.00625	8.0114506E-007
4.00775	8.0114506E-007
4.00925	8.0114506E-007
4.01075	8.0114506E-007
4.01225	8.0114506E-007
4.01375	8.0114506E-007
4.01525	8.0114506E-007
4.01675	8.0114506E-007
4.01825	8.0114506E-007
4.01975	8.0114506E-007
4.02125	8.0114506E-007
4.02275	8.0114506E-007
4.02425	8.0114506E-007
4.02575	8.0114506E-007
4.02725	8.0114506E-007
4.02875	8.0114506E-007
4.03025	8.0114506E-007
4.03175	8.0114506E-007
4.03325	8.0114506E-007
4.03475	8.0114506E-007
4.03625	8.0114506E-007
4.03775	8.0114506E-007
4.03925	8.0114506E-007
4.04075	8.0114506E-007
4.04225	8.0114506E-007
4.04375	8.0114506E-007
4.04525	8.0114506E-007
4.04675	8.0114506E-007
4.04825	8.0114506E-007
4.04975	8.0114506E-007
4.05125	8.0114506E-007
4.05275	8.0114506E-007
4.05425	8.0114506E-007
4.05575	8.0114506E-007
4.05725	8.0114506E-007
4.05875	8.0114506E-007
4.06025	8.0114506E-007
4.06175	8.0114506E-007
4.06325	8.0114506E-007
4.06475	8.0114506E-007
4.06625	8.0114506E-007
4.06775	8.0114506E-007
4.06925	8.0114506E-007
4.07075	8.0114506E-007
4.07225	8.0114506E-007
4.07375	8.0114506E-007
4.07525	8.0114506E-007
4.07675	8.0114506E-007
4.07825	8.0114506E-007
4.07975	8.0114506E-007
4.08125	8.0114506E-007
4.08275	8.0114506E-007
4.08425	8.0114506E-007
4.08575	8.0114506E-007
4.08725	8.0114506E-007
4.08875	8.0114506E-007
4.09025	8.0114506E-007
4.09175	8.0114506E-007
4.09325	8.0114506E-007
4.09475	8.0114506E-007
4.09625	8.0114506E-007
4.09775	8.0114506E-007
4.09925	8.0114506E-007
4.10075	8.0114506E-007
4.10225	8.0114506E-007
4.10375	8.0114506E-007
4.10525	8.0114506E-007
4.10675	8.0114506E-007
4.10825	8.0114506E-007
4.10975	8.0114506E-007
4.11125	8.0114506E-007
4.11275	8.0114506E-007
4.11425	8.0114506E-007
4.11575	8.0114506E-007
4.11725	8.0114506E-007
4.11875	8.0114506E-007
4.12025	8.0114506E-007
4.12175	8.0114506E-007
4.12325	8.0114506E-007
4.12475	8.0114506E-007
4.12625	8.0114506E-007
4.12775	8.0114506E-007
4.12925	8.0114506E-007
4.13075	8.0114506E-007
4.13225	8.0114506E-007
4.13375	8.0114506E-007
4.13525	8.0114506E-007
4.13675	8.0114506E-007
4.13825	8.0114506E-007
4.13975	8.0114506E-007
4.14125	8.0114506E-007
4.14275	8.0114506E-007
4.14425	8.0114506E-007
4.14575	8.0114506E-007
4.14725	8.0114506E-007
4.14875	8.0114506E-007
4.15025	8.0114506E-007
4.15175	8.0114506E-007
4.15325	8.0114506E-007
4.15475	8.0114506E-007
4.15625	8.0114506E-007
4.15775	8.0114506E-007
4.15925	8.0114506E-007
4.16075	8.0114506E-007
4.16225	8.0114506E-007
4.16375	8.0114506E-007
4.16525	8.0114506E-007
4.16675	8.0114506E-007
4.16825	8.0114506E-007
4.16975	8.0114506E-007
4.17125	8.0114506E-007
4.17275	8.0114506E-007
4.17425	8.0114506E-007
4.17575	8.0114506E-007
4.17725	8.0114506E-007
4.17875	8.0114506E-007
4.18025	8.0114506E-007
4.18175	8.0114506E-007
4.18325	8.0114506E-007
4.18475	8.0114506E-007
4.18625	8.0114506E-007
4.18775	8.0114506E-007
4.18925	8.0114506E-007
4.19075	8.0114506E-007
4.19225	8.0114506E-007
4.19375	8.0114506E-007
4.19525	8.0114506E-007
4.19675	8.0114506E-007
4.19825	8.0114506E-007
4.19975	8.0114506E-007
4.20125	8.0114506E-007
4.20275	8.0114506E-007
4.20425	8.0114506E-007
4.20575	8.0114506E-007
4.20725	8.0114506E-007
4.20875	8.0114506E-007
4.21025	8.0114506E-007
4.21175	8.0114506E-007
4.21325	8.0114506E-007
4.21475	8.0114506E-007
4.21625	8.0114506E-007
4.21775	8.0114506E-007
4.21925	8.0114506E-007
4.22075	8.0114506E-007
4.22225	8.0114506E-007
4.22375	8.0114506E-007
4.22525	8.0114506E-007
4.22675	8.0114506E-007
4.22825	8.0114506E-007
4.22975	8.0114506E-007
4.23125	8.0114506E-007
4.23275	8.0114506E-007
4.23425	8.0114506E-007
4.23575	8.0114506E-007
4.23725	8.0114506E-007
4.23875	8.0114506E-007
4.24025	8.0114506E-007
4.24175	8.0114506E-007
4.24325	8.0114506E-007
4.24475	8.0114506E-007
4.24625	8.0114506E-007
4.24775	8.0114506E-007
4.24925	8.0114506E-007
4.25075	8.0114506E-007
4.25225	8.0114506E-007
4.25375	8.0114506E-007
4.25525	8.0114506E-007
4.25675	8.0114506E-007
4.25825	8.0114506E-007
4.25975	8.0114506E-007
4.26125	8.0114506E-007
4.26275	8.0114506E-007
4.26425	8.0114506E-007
4.26575	8.0114506E-007
4.26725	8.0114506E-007
4.26875	8.0114506E-007
4.27025	8.0114506E-007
4.27175	8.0114506E-007
4.27325	8.0114506E-007
4.27475	8.0114506E-007
4.27625	8.0114506E-007
4.27775	8.0114506E-007
4.27925	8.0114506E-007
4.28075	8.0114506E-007
4.28225	8.0114506E-007
4.28375	8.0114506E-007
4.28525	8.0114506E-007
4.28675	8.0114506E-007
4.28825	8.0114506E-007
4.28975	8.0114506E-007
4.29125	8.0114506E-007
4.29275	8.0114506E-007
4.29425	8.0114506E-007
4.29575	8.0114506E-007
4.29725	8.0114506E-007
4.29875	8.0114506E-007
4.30025	8.0114506E-007
4.30175	8.0114506E-007
4.30325	8.0114506E-007
4.30475	8.0114506E-007
4.30625	8.0114506E-007
4.30775	8.0114506E-007
4.30925	8.0114506E-007
4.31075	8.0114506E-007
4.31225	8.0114506E-007
4.31375	8.0114506E-007
4.31525	8.0114506E-007
4.31675	8.0114506E-007
4.31825	8.0114506E-007
4.31975	8.0114506E-007
4.32125	8.0114506E-007
4.32275	8.0114506E-007
4.32425	8.0114506E-007
4.32575	8.0114506E-007
4.32725	8.0114506E-007
4.32875	8.0114506E-007
4.33025	8.0114506E-007
4.33175	8.0114506E-007
4.33325	8.0114506E-007
4.33475	8.0114506E-007
4.33625	8.0114506E-007
4.33775	8.0114506E-007
4.33925	8.0114506E-007
4.34075	8.0114506E-007
4.34225	8.0114506E-007
4.34375	8.0114506E-007
4.34525	8.0114506E-007
4.34675	8.0114506E-007
4.34825	8.0114506E-007
4.34975	8.0114506E-007
4.35125	8.0114506E-007
4.35275	8.0114506E-007
4.35425	8.0114506E-007
4.35575	8.0114506E-007
4.35725	8.0114506E-007
4.35875	8.0114506E-007
4.36025	8.0114506E-007
4.36175	8.0114506E-007
4.36325	8.0114506E-007
4.36475	8.0114506E-007
4.36625	8.0114506E-007
4.36775	8.0114506E-007
4.36925	8.0114506E-007
4.37075	8.0114506E-007
4.37225	8.0114506E-007
4.37375	8.0114506E-007
4.37525	8.0114506E-007
4.37675	8.0114506E-007
4.37825	8.0114506E-007
4.37975	8.0114506E-007
4.38125	8.0114506E-007
4.38275	8.0114506E-007
4.38425	8.0114506E-007
4.38575	8.0114506E-007
4.38725	8.0114506E-007
4.38875	8.0114506E-007
4.39025	8.0114506E-007
4.39175	8.0114506E-007
4.39325	8.0114506E-007
4.39475	8.0114506E-007
4.39625	8.0114506E-007
4.39775	8.0114506E-007
4.39925	8.0114506E-007
4.40075	8.0114506E-007
4.40225	8.0114506E-007
4.40375	8.0114506E-007
4.40525	8.0114506E-007
4.40675	8.0114506E-007
4.40825	8.0114506E-007
4.40975	8.0114506E-007
4.41125	8.0114506E-007
4.41275	8.0114506E-007
4.41425	8.0114506E-007
4.41575	8.0114506E-007
4.41725	8.0114506E-007
4.41875	8.0114506E-007
4.42025	8.0114506E-007
4.42175	8.0114506E-007
4.42325	8.0114506E-007
4.42475	8.0114506E-007
4.42625	8.0114506E-007
4.42775	8.0114506E-007
4.42925	8.0114506E-007
4.43075	8.0114506E-007
4.43225	8.0114506E-007
4.43375	8.0114506E-007
4.43525	8.0114506E-007
4.43675	8.0114506E-007
4.43825	8.0114506E-007
4.43975	8.0114506E-007
4.44125	8.0114506E-007
4.44275	8.0114506E-007
4.44425	8.0114506E-007
4.44575	8.0114506E-007
4.44725	8.0114506E-007
4.44875	8.0114506E-007
4.45025	8.0114506E-007
4.45175	8.0114506E-007
4.45325	8.0114506E-007
4.45475	8.0114506E-007
4.45625	8.0114506E-007
4.45775	8.0114506E-007
4.45925	8.0114506E-007
4.46075	8.0114506E-007
4.46225	8.0114506E-007
4.46375	8.0114506E-007
4.46525	8.0114506E-007
4.46675	8.0114506E-007
4.46825	8.0114506E-007
4.46975	8.0114506E-007
4.47125	8.0114506E-007
4.47275	8.0114506E-007
4.47425	8.0114506E-007
4.47575	8.0114506E-007
4.47725	8.0114506E-007
4.47875	8.0114506E-007
4.48025	8.0114506E-007
4.48175	8.0114506E-007
4.48325	8.0114506E-007
4.48475	8.0114506E-007
4.48625	8.0114506E-007
4.48775	8.0114506E-007
4.48925	8.0114506E-007
4.49075	8.0114506E-007
4.49225	8.0114506E-007
4.49375	8.0114506E-007
4.49525	8.0114506E-007
4.49675	8.0114506E-007
4.49825	8.0114506E-007
4.49975	8.0114506E-007
4.50125	8.0114506E-007
4.50275	8.0114506E-007
4.50425	8.0114506E-007
4.50575	8.0114506E-007
4.50725	8.0114506E-007
4.50875	8.0114506E-007
4.51025	8.0114506E-007
4.51175	8.0114506E-007
4.51325	8.0114506E-007
4.51475	8.0114506E-007
4.51625	8.0114506E-007
4.51775	8.0114506E-007
4.51925	8.0114506E-007
4.52075	8.0114506E-007
4.52225	8.0114506E-007
4.52375	8.0114506E-007
4.52525	8.0114506E-007
4.52675	8.0114506E-007
4.52825	8.0114506E-007
4.52975	8.0114506E-007
4.53125	8.0114506E-007
4.53275	8.0114506E-007
4.53425	8.0114506E-007
4.53575	8.0114506E-007
4.53725	8.0114506E-007
4.53875	8.0114506E-007
4.54025	8.0114506E-007
4.54175	8.0114506E-007
4.54325	8.0114506E-007
4.54475	8.0114506E-007
4.54625	8.0114506E-007
4.54775	8.0114506E-007
4.54925	8.0114506E-007
4.55075	8.0114506E-007
4.55225	8.0114506E-007
4.55375	8.0114506E-007
4.55525	8.0114506E-007
4.55675	8.0114506E-007
4.55825	8.0114506E-007
4.55975	8.0114506E-007
4.56125	8.0114506E-007
4.56275	8.0114506E-007
4.56425	8.0114506E-007
4.56575	8.0114506E-007
4.56725	8.0114506E-007
4.56875	8.0114506E-007
4.57025	8.0114506E-007
4.57175	8.0114506E-007
4.57325	8.0114506E-007
4.57475	8.0114506E-007
4.57625	8.0114506E-007
4.57775	8.0114506E-007
4.57925	8.0114506E-007
4.58075	8.0114506E-007
4.58225	8.0114506E-007
4.58375	8.0114506E-007
4.58525	8.0114506E-007
4.58675	8.0114506E-007
4.58825	8.0114506E-007
4.58975	8.0114506E-007
4.59125	8.0114506E-007
4.59275	8.0114506E-007
4.59425	8.0114506E-007
4.59575	8.0114506E-007
4.59725	8.0114506E-007
4.59875	8.0114506E-007
4.60025	8.0114506E-007
4.60175	8.0114506E-007
4.60325	8.0114506E-007
4.60475	8.0114506E-007
4.60625	8.0114506E-007
4.60775	8.0114506E-007
4.60925	8.0114506E-007
4.61075	8.0114506E-007
4.61225	8.0114506E-007
4.61375	8.0114506E-007
4.61525	8.0114506E-007
4.61675	8.0114506E-007
4.61825	8.0114506E-007
4.61975	8.0114506E-007
4.62125	8.0114506E-007
4.62275	8.0114506E-007
4.62425	8.0114506E-007
4.62575	8.0114506E-007
4.62725	8.0114506E-007
4.62875	8.0114506E-007
4.63025	8.0114506E-007
4.63175	8.0114506E-007
4.63325	8.0114506E-007
4.63475	8.0114506E-007
4.63625	8.0114506E-007
4.63775	8.0114506E-007
4.63925	8.0114506E-007
4.64075	8.0114506E-007
4.64225	8.0114506E-007
4.64375	8.0114506E-007
4.64525	8.0114506E-007
4.64675	8.0114506E-007
4.64825	8.0114506E-007
4.64975	8.0114506E-007
4.65125	8.0114506E-007
4.65275	8.0114506E-007
4.65425	8.0114506E-007
4.65575	8.0114506E-007
4.65725	8.0114506E-007
4.65875	8.0114506E-007
4.66025	8.0114506E-007
4.66175	8.0114506E-007
4.66325	8.0114506E-007
4.66475	8.0114506E-007
4.66625	8.0114506E-007
4.66775	8.0114506E-007
4.66925	8.0114506E-007
4.67075	8.0114506E-007
4.67225	8.0114506E-007
4.67375	8.0114506E-007
4.67525	8.0114506E-007
4.67675	8.0114506E-007
4.67825	8.0114506E-007
4.67975	8.0114506E-007
4.68125	8.0114506E-007
4.68275	8.0114506E-007
4.68425	8.0114506E-007
4.68575	8.0114506E-007
4.68725	8.0114506E-007
4.68875	8.0114506E-007
4.69025	8.0114506E-007
4.69175	8.0114506E-007
4.69325	8.0114506E-007
4.69475	8.0114506E-007
4.69625	8.0114506E-007
4.69775	8.0114506E-007
4.69925	8.0114506E-007
4.70075	8.0114506E-007
4.70225	8.0114506E-007
4.70375	8.0114506E-007
4.70525	8.0114506E-007
4.70675	8.0114506E-007
4.70825	8.0114506E-007
4.70975	8.0114506E-007
4.71125	8.0114506E-007
4.71275	8.0114506E-007
4.71425	8.0114506E-007
4.71575	8.0114506E-007
4.71725	8.0114506E-007
4.71875	8.0114506E-007
4.72025	8.0114506E-007
4.72175	8.0114506E-007
4.72325	8.0114506E-007
4.72475	8.0114506E-007
4.72625	8.0114506E-007
4.72775	8.0114506E-007
4.72925	8.0114506E-007
4.73075	8.0114506E-007
4.73225	8.0114506E-007
4.73375	8.0114506E-007
4.73525	8.0114506E-007
4.73675	8.0114506E-007
4.73825	8.0114506E-007
4.73975	8.0114506E-007
4.74125	8.0114506E-007
4.74275	8.0114506E-007
4.74425	8.0114506E-007
4.74575	8.0114506E-007
4.74725	8.0114506E-007
4.74875	8.0114506E-007
4.75025	8.0114506E-007
4.75175	8.0114506E-007
4.75325	8.0114506E-007
4.75475	8.0114506E-007
4.75625	8.0114506E-007
4.75775	8.0114506E-007
4.75925	8.0114506E-007
4.76075	8.0114506E-007
4.76225	8.0114506E-007
4.76375	8.0114506E-007
4.76525	8.0114506E-007
4.76675	8.0114506E-007
4.76825	8.0114506E-007
4.76975	8.0114506E-007
4.77125	8.0114506E-007
4.77275	8.0114506E-007
4.77425	8.0114506E-007
4.77575	8.0114506E-007
4.77725	8.0114506E-007
4.77875	8.0114506E-007
4.78025	8.0114506E-007
4.78175	8.0114506E-007
4.78325	8.0114506E-007
4.78475	8.0114506E-007
4.78625	8.0114506E-007
4.78775	8.0114506E-007
4.78925	8.0114506E-007
4.79075	8.0114506E-007
4.79225	8.0114506E-007
4.79375	8.0114506E-007
4.79525	8.0114506E-007
4.79675	8.0114506E-007
4.79825	8.0114506E-007
4.79975	8.0114506E-007
4.80125	8.0114506E-007
4.80275	8.0114506E-007
4.80425	8.0114506E-007
4.80575	8.0114506E-007
4.80725	8.0114506E-007
4.80875	8.0114506E-007
4.81025	8.0114506E-007
4.81175	8.0114506E-007
4.81325	8.0114506E-007
4.81475	8.0114506E-007
4.81625	8.0114506E-007
4.81775	8.0114506E-007
4.81925	8.0114506E-007
4.82075	8.0114506E-007
4.82225	8.0114506E-007
4.82375	8.0114506E-007
4.82525	8.0114506E-007
4.82675	8.0114506E-007
4.82825	8.0114506E-007
4.82975	8.0114506E-007
4.83125	8.0114506E-007
4.83275	8.0114506E-007
4.83425	8.0114506E-007
4.83575	8.0114506E-007
4.83725	8.0114506E-007
4.83875	8.0114506E-007
4.84025	8.0114506E-007
4.84175	8.0114506E-007
4.84325	8.0114506E-007
4.84475	8.0114506E-007
4.84625	8.0114506E-007
4.84775	8.0114506E-007
4.84925	8.0114506E-007
4.85075	8.0114506E-007
4.85225	8.0114506E-007
4.85375	8.0114506E-007
4.85525	8.0114506E-007
4.85675	8.0114506E-007
4.85825	8.0114506E-007
4.85975	8.0114506E-007
4.86125	8.0114506E-007
4.86275	8.0114506E-007
4.86425	8.0114506E-007
4.86575	8.0114506E-007
4.86725	8.0114506E-007
4.86875	8.0114506E-007
4.87025	8.0114506E-007
4.87175	8.0114506E-007
4.87325	8.0114506E-007
4.87475	8.0114506E-007
4.87625	8.0114506E-007
4.87775	8.0114506E-007
4.87925	8.0114506E-007
4.88075	8.0114506E-007
4.88225	8.0114506E-007
4.88375	8.0114506E-007
4.88525	8.0114506E-007
4.88675	8.0114506E-007
4.88825	8.0114506E-007
4.88975	8.0114506E-007
4.89125	8.0114506E-007
4.89275	8.0114506E-007
4.89425	8.0114506E-007
4.89575	8.0114506E-007
4.89725	8.0114506E-007
4.89875	8.0114506E-007
4.90025	8.0114506E-007
4.90175	8.0114506E-007
4.90325	8.0114506E-007
4.90475	8.0114506E-007
4.90625	8.0114506E-007
4.90775	8.0114506E-007
4.90925	8.0114506E-007
4.91075	8.0114506E-007
4.91225	8.0114506E-007
4.91375	8.0114506E-007
4.91525	8.0114506E-007
4.91675	8.0114506E-007
4.91825	8.0114506E-007
4.91975	8.0114506E-007
4.92125	8.0114506E-007
4.92275	8.0114506E-007
4.92425	8.0114506E-007
4.92575	8.0114506E-007
4.92725	8.0114506E-007
4.92875	8.0114506E-007
4.93025	8.0114506E-007
4.93175	8.0114506E-007
4.93325	8.0114506E-007
4.93475	8.0114506E-007
4.93625	8.0114506E-007
4.93775	8.0114506E-007
4.93925	8.0114506E-007
4.94075	8.0114506E-007
4.94225	8.0114506E-007
4.94375	8.0114506E-007
4.94525	8.0114506E-007
4.94675	8.0114506E-007
4.94825	8.0114506E-007
4.94975	8.0114506E-007
4.95125	8.0114506E-007
4.95275	8.0114506E-007
4.95425	8.0114506E-007
4.95575	8.0114506E-007
4.95725	8.0114506E-007
4.95875	8.0114506E-007
4.96025	8.0114506E-007
4.96175	8.0114506E-007
4.96325	8.0114506E-007
4.96475	8.0114506E-007
4.96625	8.0114506E-007
4.96775	8.0114506E-007
4.96925	8.0114506E-007
4.97075	8.0114506E-007
4.97225	8.0114506E-007
4.97375	8.0114506E-007
4.97525	8.0114506E-007
4.97675	8.0114506E-007
4.97825	8.0114506E-007
4.97975	8.0114506E-007
4.98125	8.0114506E-007
4.98275	8.0114506E-007
4.98425	8.0114506E-007
4.98575	8.0114506E-007
4.98725	8.0114506E-007
4.98875	8.0114506E-007
4.99025	8.0114506E-007
4.99175	8.0114506E-007
4.99325	8.0114506E-007
4.99475	8.0114506E-007
4.99625	8.0114506E-007
4.99775	8.0114506E-007
4.99925	8.0114506E-007
5.00075	8.0114506E-007
5.00225	8.0114506E-007
5.00375	8.0114506E-007
5.00525	8.0114506E-007
5.00675	8.0114506E-007
5.00825	8.0114506E-007
5.00975	8.0114506E-007
5.01125	8.0114506E-007
5.01275	8.0114506E-007
5.01425	8.0114506E-007
5.01575	8.0114506E-007
5.01725	8.0114506E-007
5.01875	8.0114506E-007
5.02025	8.0114506E-007
5.02175	8.0114506E-007
5.02325	8.0114506E-007
5.02475	8.0114506E-007
5.02625	8.0114506E-007
5.02775	8.0114506E-007
5.02925	8.0114506E-007
5.03075	8.0114506E-007
5.03225	8.0114506E-007
5.03375	8.0114506E-007
5.03525	8.0114506E-007
5.03675	8.0114506E-007
5.03825	8.0114506E-007
5.03975	8.0114506E-007
5.04125	8.0114506E-007
5.04275	8.0114506E-007
5.04425	8.0114506E-007
5.04575	8.0114506E-007
5.04725	8.0114506E-007
5.04875	8.0114506E-007
5.05025	8.0114506E-007
5.05175	8.0114506E-007
5.05325	8.0114506E-007
5.05475	8.0114506E-007
5.05625	8.0114506E-007
5.05775	8.0114506E-007
5.05925	8.0114506E-007
5.06075	8.0114506E-007
5.06225	8.0114506E-007
5.06375	8.0114506E-007
5.06525	8.0114506E-007
5.06675	8.0114506E-007
5.06825	8.0114506E-007
5.06975	8.0114506E-007
5.07125	8.0114506E-007
5.07275	8.0114506E-007
5.07425	8.0114506E-007
5.07575	8.0114506E-007
5.07725	8.0114506E-007
5.07875	8.0114506E-007
5.08025	8.0114506E-007
5.08175	8.0114506E-007
5.08325	8.0114506E-007
5.08475	8.0114506E-007
5.08625	8.0114506E-007
5.08775	8.0114506E-007
5.08925	8.0114506E-007
5.09075	8.0114506E-007
5.09225	8.0114506E-007
5.09375	8.0114506E-007
5.09525	8.0114506E-007
5.09675	8.0114506E-007
5.09825	8.0114506E-007
5.09975	8.0114506E-007
5.10125	8.0114506E-007
5.10275	8.0114506E-007
5.10425	8.0114506E-007
5.10575	8.0114506E-007
5.10725	8.0114506E-007
5.10875	8.0114506E-007
5.11025	8.0114506E-007
5.11175	8.0114506E-007
5.11325	8.0114506E-007
5.11475	8.0114506E-007
5.11625	8.0114506E-007
5.11775	8.0114506E-007
5.11925	8.0114506E-007
5.12075	8.0114506E-007
5.12225	8.0114506E-007
5.12375	8.0114506E-007
5.12525	8.0114506E-007
5.12675	8.0114506E-007
5.12825	8.0114506E-007
5.12975	8.0114506E-007
5.13125	8.0114506E-007
5.13275	8.0114506E-007
5.13425	8.0114506E-007
5.13575	8.0114506E-007
5.13725	8.0114506E-007
5.13875	8.0114506E-007
5.14025	8.0114506E-007
5.14175	8.0114506E-007
5.14325	8.0114506E-007
5.14475	8.0114506E-007
5.14625	8.0114506E-007
5.14775	8.0114506E-007
5.14925	8.0114506E-007
5.15075	8.0114506E-007
5.15225	8.0114506E-007
5.15375	8.0114506E-007
5.15525	8.0114506E-007
5.15675	8.0114506E-007
5.15825	8.0114506E-007
5.15975	8.0114506E-007
5.16125	8.0114506E-007
5.16275	8.0114506E-007
5.16425	8.0114506E-007
5.16575	8.0114506E-007
5.16725	8.0114506E-007
5.16875	8.0114506E-007
5.17025	8.0114506E-007
5.17175	8.0114506E-007
5.17325	8.0114506E-007
5.17475	8.0114506E-007
5.17625	8.0114506E-007
5.17775	8.0114506E-007
5.17925	8.0114506E-007
5.18075	8.0114506E-007
5.18225	8.0114506E-007
5.18375	8.0114506E-007
5.18525	8.0114506E-007
5.18675	8.0114506E-007
5.18825	8.0114506E-007
5.18975	8.0114506E-007
5.19125	8.0114506E-007
5.19275	8.0114506E-007
5.19425	8.0114506E-007
5.19575	8.0114506E-007
5.19725	8.0114506E-007
5.19875	8.0114506E-007
5.20025	8.0114506E-007
5.20175	8.0114506E-007
5.20325	8.0114506E-007
5.20475	8.0114506E-007
5.20625	8.0114506E-007
5.20775	8.0114506E-007
5.20925	8.0114506E-007
5.21075	8.0114506E-007
5.21225	8.0114506E-007
5.21375	8.0114506E-007
5.21525	8.0114506E-007
5.21675	8.0114506E-007
5.21825	8.0114506E-007
5.21975	8.0114506E-007
5.22125	8.0114506E-007
5.22275	8.0114506E-007
5.22425	8.0114506E-007
5.22575	8.0114506E-007
5.22725	8.0114506E-007
5.22875	8.0114506E-007
5.23025	8.0114506E-007
5.23175	8.0114506E-007
5.23325	8.0114506E-007
5.23475	8.0114506E-007
5.23625	8.0114506E-007
5.23775	8.0114506E-007
5.23925	8.0114506E-007
5.24075	8.0114506E-007
5.24225	8.0114506E-007
5.24375	8.0114506E-007
5.24525	8.0114506E-007
5.24675	8.0114506E-007
5.24825	8.0114506E-007
5.24975	8.0114506E-007
5.25125	8.0114506E-007
5.25275	8.0114506E-007
5.25425	8.0114506E-007
5.25575	8.0114506E-007
5.25725	8.0114506E-007
5.25875	8.0114506E-007
5.26025	8.0114506E-007
5.26175	8.0114506E-007
5.26325	8.0114506E-007
5.26475	8.0114506E-007
5.26625	8.0114506E-007
5.26775	8.0114506E-007
5.26925	8.0114506E-007
5.27075	8.0114506E-007
5.27225	8.0114506E-007
5.27375	8.0114506E-007
5.27525	8.0114506E-007
5.27675	8.0114506E-007
5.27825	8.0114506E-007
5.27975	8.0114506E-007
5.28125	8.0114506E-007
5.28275	8.0114506E-007
5.28425	8.0114506E-007
5.28575	8.0114506E-007
5.28725	8.0114506E-007
5.28875	8.0114506E-007
5.29025	8.0114506E-007
5.29175	8.0114506E-007
5.29325	8.0114506E-007
5.29475	8.0114506E-007
5.29625	8.0114506E-007
5.29775	8.0114506E-007
5.29925	8.0114506E-007
5.30075	8.0114506E-007
5.30225	8.0114506E-007
5.30375	8.0114506E-007
5.30525	8.0114506E-007
5.30675	8.0114506E-007
5.30825	8.0114506E-007
5.30975	8.0114506E-007
5.31125	8.0114506E-007
5.31275	8.0114506E-007
5.31425	8.0114506E-007
5.31575	8.0114506E-007
5.31725	8.0114506E-007
5.31875	8.0114506E-007
5.32025	8.0114506E-007
5.32175	8.0114506E-007
5.32325	8.0114506E-007
5.32475	8.0114506E-007
5.32625	8.0114506E-007
5.32775	8.0114506E-007
5.32925	8.0114506E-007
5.33075	8.0114506E-007
5.33225	8.0114506E-007
5.33375	8.0114506E-007
5.33525	8.0114506E-007
5.33675	8.0114506E-007
5.33825	8.0114506E-007
5.33975	8.0114506E-007
5.34125	8.0114506E-007
5.34275	8.0114506E-007
5.34425	8.0114506E-007
5.34575	8.0114506E-007
5.34725	8.0114506E-007
5.34875	8.0114506E-007
5.35025	8.0114506E-007
5.35175	8.0114506E-007
5.35325	8.0114506E-007
5.35475	8.0114506E-007
5.35625	8.0114506E-007
5.35775	8.0114506E-007
5.35925	8.0114506E-007
5.36075	8.0114506E-007
5.36225	8.0114506E-007
5.36375	8.0114506E-007
5.36525	8.0114506E-007
5.36675	8.0114506E-007
5.36825	8.0114506E-007
5.36975	8.0114506E-007
5.37125	8.0114506E-007
5.37275	8.0114506E-007
5.37425	8.0114506E-007
5.37575	8.0114506E-007
5.37725	8.0114506E-007
5.37875	8.0114506E-007
5.38025	8.0114506E-007
5.38175	8.0114506E-007
5.38325	8.0114506E-007
5.38475	8.0114506E-007
5.38625	8.0114506E-007
5.38775	8.0114506E-007
5.38925	8.0114506E-007
5.39075	8.0114506E-007
5.39225	8.0114506E-007
5.39375	8.0114506E-007
5.39525	8.0114506E-007
5.39675	8.0114506E-007
5.39825	8.0114506E-007
5.39975	8.0114506E-007
5.40125	8.0114506E-007
5.40275	8.0114506E-007
5.40425	8.0114506E-007
5.40575	8.0114506E-007
5.40725	8.0114506E-007
5.40875	8.0114506E-007
5.41025	8.0114506E-007
5.41175	8.0114506E-007
5.41325	8.0114506E-007
5.41475	8.0114506E-007
5.41625	8.0114506E-007
5.41775	8.0114506E-007
5.41925	8.0114506E-007
5.42075	8.0114506E-007
5.42225	8.0114506E-007
5.42375	8.0114506E-007
5.42525	8.0114506E-007
5.42675	8.0114506E-007
5.42825	8.0114506E-007
5.42975	8.0114506E-007
5.43125	8.0114506E-007
5.43275	8.0114506E-007
5.43425	8.0114506E-007
5.43575	8.0114506E-007
5.43725	8.0114506E-007
5.43875	8.0114506E-007
5.44025	8.0114506E-007
5.44175	8.0114506E-007
5.44325	8.0114506E-007
5.44475	8.0114506E-007
5.44625	8.0114506E-007
5.44775	8.0114506E-007
5.44925	8.0114506E-007
5.45075	8.0114506E-007
5.45225	8.0114506E-007
5.45375	8.0114506E-007
5.45525	8.0114506E-007
5.45675	8.0114506E-007
5.45825	8.0114506E-007
5.45975	8.0114506E-007
5.46125	8.0114506E-007
5.46275	8.0114506E-007
5.46425	8.0114506E-007
5.46575	8.0114506E-007
5.46725	8.0114506E-007
5.46875	8.0114506E-007
5.47025	8.0114506E-007
5.47175	8.0114506E-007
5.47325	8.0114506E-007
5.47475	8.0114506E-007
5.47625	8.0114506E-007
5.47775	8.0114506E-007
5.47925	8.0114506E-007
5.48075	8.0114506E-007
5.48225	8.0114506E-007
5.48375	8.0114506E-007
5.48525	8.0114506E-007
5.48675	8.0114506E-007
5.48825	8.0114506E-007
5.48975	8.0114506E-007
5.49125	8.0114506E-007
5.49275	8.0114506E-007
5.49425	8.0114506E-007
5.49575	8.0114506E-007
5.49725	8.0114506E-007
5.49875	8.0114506E-007
5.50025	8.0114506E-007
5.50175	8.0114506E-007
5.50325	8.0114506E-007
5.50475	8.0114506E-007
5.50625	8.0114506E-007
5.50775	8.0114506E-007
5.50925	8.0114506E-007
5.51075	8.0114506E-007
5.51225	8.0114506E-007
5.51375	8.0114506E-007
5.51525	8.0114506E-007
5.51675	8.0114506E-007
5.51825	8.0114506E-007
5.51975	8.0114506E-007
5.52125	8.0114506E-007
5.52275	8.0114506E-007
5.52425	8.0114506E-007
5.52575	8.0114506E-007
5.52725	8.0114506E-007
5.52875	8.0114506E-007
5.53025	8.0114506E-007
5.53175	8.0114506E-007
5.53325	8.0114506E-007
5.53475	8.0114506E-007
5.53625	8.0114506E-007
5.53775	8.0114506E-007
5.53925	8.0114506E-007
5.54075	8.0114506E-007
5.54225	8.0114506E-007
5.54375	8.0114506E-007
5.54525	8.0114506E-007
5.54675	8.0114506E-007
5.54825	8.0114506E-007
5.54975	8.0114506E-007
5.55125	8.0114506E-007
5.55275	8.0114506E-007
5.55425	8.0114506E-007
5.55575	8.0114506E-007
5.55725	8.0114506E-007
5.55875	8.0114506E-007
5.56025	8.0114506E-007
5.56175	8.0114506E-007
5.56325	8.0114506E-007
5.56475	8.0114506E-007
5.56625	8.0114506E-007
5.56775	8.0114506E-007
5.56925	8.0114506E-007
5.57075	8.0114506E-007
5.57225	8.0114506E-007
5.57375	8.0114506E-007
5.57525	8.0114506E-007
5.57675	8.0114506E-007
5.57825	8.0114506E-007
5.57975	8.0114506E-007
5.58125	8.0114506E-007
5.58275	8.0114506E-007
5.58425	8.0114506E-007
5.58575	8.0114506E-007
5.58725	8.0114506E-007
5.58875	8.0114506E-007
5.59025	8.0114506E-007
5.59175	8.0114506E-007
5.59325	8.0114506E-007
5.59475	8.0114506E-007
5.59625	8.0114506E-007
5.59775	8.0114506E-007
5.59925	8.0114506E-007
5.60075	8.0114506E-007
5.60225	8.0114506E-007
5.60375	8.0114506E-007
5.60525	8.0114506E-007
5.60675	8.0114506E-007
5.60825	8.0114506E-007
5.60975	8.0114506E-007
5.61125	8.0114506E-007
5.61275	8.0114506E-007
5.61425	8.0114506E-007
5.61575	8.0114506E-007
5.61725	8.0114506E-007
5.61875	8.0114506E-007
5.62025	8.0114506E-007
5.62175	8.0114506E-007
5.62325	8.0114506E-007
5.62475	8.0114506E-007
5.62625	8.0114506E-007
5.62775	8.0114506E-007
5.62925	8.0114506E-007
5.63075	8.0114506E-007
5.63225	8.0114506E-007
5.63375	8.0114506E-007
5.63525	8.0114506E-007
5.63675	8.0114506E-007
5.63825	8.0114506E-007
5.63975	8.0114506E-007
5.64125	8.0114506E-007
5.64275	8.0114506E-007
5.64425	8.0114506E-007
5.64575	8.0114506E-007
5.64725	8.0114506E-007
5.64875	8.0114506E-007
5.65025	8.0114506E-007
5.65175	8.0114506E-007
5.65325	8.0114506E-007
5.65475	8.0114506E-007
5.65625	8.0114506E-007
5.65775	8.0114506E-007
5.65925	8.0114506E-007
5.66075	8.0114506E-007
5.66225	8.0114506E-007
5.66375	8.0114506E-007
5.66525	8.0114506E-007
5.66675	8.0114506E-007
5.66825	8.0114506E-007
5.66975	8.0114506E-007
5.67125	8.0114506E-007
5.67275	8.0114506E-007
5.67425	8.0114506E-007
5.67575	8.0114506E-007
5.67725	8.0114506E-007
5.67875	8.0114506E-007
5.68025	8.0114506E-007
5.68175	8.0114506E-007
5.68325	8.0114506E-007
5.68475	8.0114506E-007
5.68625	8.0114506E-007
5.68775	8.0114506E-007
5.68925	8.0114506E-007
5.69075	8.0114506E-007
5.69225	8.0114506E-007
5.69375	8.0114506E-007
5.69525	8.0114506E-007
5.69675	8.0114506E-007
5.69825	8.0114506E-007
5.69975	8.0114506E-007
5.70125	8.0114506E-007
5.70275	8.0114506E-007
5.70425	8.0114506E-007
5.70575	8.0114506E-007
5.70725	8.0114506E-007
5.70875	8.0114506E-007
5.71025	8.0114506E-007
5.71175	8.0114506E-007
5.71325	8.0114506E-007
5.71475	8.0114506E-007
5.71625	8.0114506E-007
5.71775	8.0114506E-007
5.71925	8.0114506E-007
5.72075	8.0114506E-007
5.72225	8.0114506E-007
5.72375	8.0114506E-007
5.72525	8.0114506E-007
5.72675	8.0114506E-007
5.72825	8.0114506E-007
5.72975	8.0114506E-007
5.73125	8.0114506E-007
5.73275	8.0114506E-007
5.73425	8.0114506E-007
5.73575	8.0114506E-007
5.73725	8.0114506E-007
5.73875	8.0114506E-007
5.74025	8.0114506E-007
5.74175	8.0114506E-007
5.74325	8.0114506E-007
5.74475	8.0114506E-007
5.74625	8.0114506E-007
5.74775	8.0114506E-007
5.74925	8.0114506E-007
5.75075	8.0114506E-007
5.75225	8.0114506E-007
5.75375	8.0114506E-007
5.75525	8.0114506E-007
5.75675	8.0114506E-007
5.75825	8.0114506E-007
5.75975	8.0114506E-007
5.76125	8.0114506E-007
5.76275	8.0114506E-007
5.76425	8.0114506E-007
5.76575	8.0114506E-007
5.76725	8.0114506E-007
5.76875	8.0114506E-007
5.77025	8.0114506E-007
5.77175	8.0114506E-007
5.77325	8.0114506E-007
5.77475	8.0114506E-007
5.77625	8.0114506E-007
5.77775	8.0114506E-007
5.77925	8.0114506E-007
5.78075	8.0114506E-007
5.78225	8.0114506E-007
5.78375	8.0114506E-007
5.78525	8.0114506E-007
5.78675	8.0114506E-007
5.78825	8.0114506E-007
5.78975	8.0114506E-007
5.79125	8.0114506E-007
5.79275	8.0114506E-007
5.79425	8.0114506E-007
5.79575	8.0114506E-007
5.79725	8.0114506E-007
5.79875	8.0114506E-007
5.80025	8.0114506E-007
5.80175	8.0114506E-007
5.80325	8.0114506E-007
5.80475	8.0114506E-007
5.80625	8.0114506E-007
5.80775	8.0114506E-007
5.80925	8.0114506E-007
5.81075	8.0114506E-007
5.81225	8.0114506E-007
5.81375	8.0114506E-007
5.81525	8.0114506E-007
5.81675	8.0114506E-007
5.81825	8.0114506E-007
5.81975	8.0114506E-007
5.82125	8.0114506E-007
5.82275	8.0114506E-007
5.82425	8.0114506E-007
5.82575	8.0114506E-007
5.82725	8.0114506E-007
5.82875	8.0114506E-007
5.83025	8.0114506E-007
5.83175	8.0114506E-007
5.83325	8.0114506E-007
5.83475	8.0114506E-007
5.83625	8.0114506E-007
5.83775	8.0114506E-007
5.83925	8.0114506E-007
5.84075	8.0114506E-007
5.84225	8.0114506E-007
5.84375	8.0114506E-007
5.84525	8.0114506E-007
5.84675	8.0114506E-007
5.84825	8.0114506E-007
5.84975	8.0114506E-007
5.85125	8.0114506E-007
5.85275	8.0114506E-007
5.85425	8.0114506E-007
5.85575	8.0114506E-007
5.85725	8.0114506E-007
5.85875	8.0114506E-007
5.86025	8.0114506E-007
5.86175	8.0114506E-007
5.86325	8.0114506E-007
5.86475	8.0114506E-007
5.86625	8.0114506E-007
5.86775	8.0114506E-007
5.86925	8.0114506E-007
5.87075	8.0114506E-007
5.87225	8.0114506E-007
5.87375	8.0114506E-007
5.87525	8.0114506E-007
5.87675	8.0114506E-007
5.87825	8.0114506E-007
5.87975	8.0114506E-007
5.88125	8.0114506E-007
5.88275	8.0114506E-007
5.88425	8.0114506E-007
5.88575	8.0114506E-007
5.88725	8.0114506E-007
5.88875	8.0114506E-007
5.89025	8.0114506E-007
5.89175	8.0114506E-007
5.89325	8.0114506E-007
5.89475	8.0114506E-007
5.89625	8.0114506E-007
5.89775	8.0114506E-007
5.89925	8.0114506E-007
5.90075	8.0114506E-007
5.90225	8.0114506E-007
5.90375	8.0114506E-007
5.90525	8.0114506E-007
5.90675	8.0114506E-007
5.90825	8.0114506E-007
5.90975	8.0114506E-007
5.91125	8.0114506E-007
5.91275	8.0114506E-007
5.91425	8.0114506E-007
5.91575	8.0114506E-007
5.91725	8.0114506E-007
5.91875	8.0114506E-007
5.92025	8.0114506E-007
5.92175	8.0114506E-007
5.92325	8.0114506E-007
5.92475	8.0114506E-007
5.92625	8.0114506E-007
5.92775	8.0114506E-007
5.92925	8.0114506E-007
5.93075	8.0114506E-007
5.93225	8.0114506E-007
5.93375	8.0114506E-007
5.93525	8.0114506E-007
5.93675	8.0114506E-007
5.93825	8.0114506E-007
5.93975	8.0114506E-007
5.94125	8.0114506E-007
5.94275	8.0114506E-007
5.94425	8.0114506E-007
5.94575	8.0114506E-007
5.94725	8.0114506E-007
5.94875	8.0114506E-007
5.95025	8.0114506E-007
5.95175	8.0114506E-007
5.95325	8.0114506E-007
5.95475	8.0114506E-007
5.95625	8.0114506E-007
5.95775	8.0114506E-007
5.95925	8.0114506E-007
5.96075	8.0114506E-007
5.96225	8.0114506E-007
5.96375	8.0114506E-007
5.96525	8.0114506E-007
5.96675	8.0114506E-007
5.96825	8.0114506E-007
5.96975	8.0114506E-007
5.97125	8.0114506E-007
5.97275	8.0114506E-007
5.97425	8.0114506E-007
5.97575	8.0114506E-007
5.97725	8.0114506E-007
5.97875	8.0114506E-007
5.98025	8.0114506E-007
5.98175	8.0114506E-007
5.98325	8.0114506E-007
5.98475	8.0114506E-007
5.98625	8.0114506E-007
5.98775	8.0114506E-007
5.98925	8.0114506E-007
5.99075	8.0114506E-007
5.99225	8.0114506E-007
5.99375	8.0114506E-007
5.99525	8.0114506E-007
5.99675	8.0114506E-007
5.99825	8.0114506E-007
5.99975	8.0114506E-007
6.00125	8.0114506E-007
6.00275	8.0114506E-007
6.00425	8.0114506E-007
6.00575	8.0114506E-007
6.00725	8.0114506E-007
6.00875	8.0114506E-007
6.01025	8.0114506E-007
6.01175	8.0114506E-007
6.01325	8.0114506E-007
6.01475	8.0114506E-007
6.01625	8.0114506E-007
6.01775	8.0114506E-007
6.01925	8.0114506E-007
6.02075	8.0114506E-007
6.02225	8.0114506E-007
6.02375	8.0114506E-007
6.02525	8.0114506E-007
6.02675	8.0114506E-007
6.02825	8.0114506E-007
6.02975	8.0114506E-007
6.03125	8.0114506E-007
6.03275	8.0114506E-007
6.03425	8.0114506E-007
6.03575	8.0114506E-007
6.03725	8.0114506E-007
6.03875	8.0114506E-007
6.04025	8.0114506E-007
6.04175	8.0114506E-007
6.04325	8.0114506E-007
6.04475	8.0114506E-007
6.04625	8.0114506E-007
6.04775	8.0114506E-007
6.04925	8.0114506E-007
6.05075	8.0114506E-007
6.05225	8.0114506E-007
6.05375	8.0114506E-007
6.05525	8.0114506E-007
6.05675	8.0114506E-007
6.05825	8.0114506E-007
6.05975	8.0114506E-007
6.06125	8.0114506E-007
6.06275	8.0114506E-007
6.06425	8.0114506E-007
6.06575	8.0114506E-007
6.06725	8.0114506E-007
6.06875	8.0114506E-007
6.07025	8.0114506E-007
6.07175	8.0114506E-007
6.07325	8.0114506E-007
6.07475	8.0114506E-007
6.07625	8.0114506E-007
6.07775	8.0114506E-007
6.07925	8.0114506E-007
6.08075	8.0114506E-007
6.08225	8.0114506E-007
6.08375	8.0114506E-007
6.08525	8.0114506E-007
6.08675	8.0114506E-007
6.08825	8.0114506E-007
6.08975	8.0114506E-007
6.09125	8.0114506E-007
6.09275	8.0114506E-007
6.09425	8.0114506E-007
6.09575	8.0114506E-007
6.09725	8.0114506E-007
6.09875	8.0114506E-007
6.10025	8.0114506E-007
6.10175	8.0114506E-007
6.10325	8.0114506E-007
6.10475	8.0114506E-007
6.10625	8.0114506E-007
6.10775	8.0114506E-007
6.10925	8.0114506E-007
6.11075	8.0114506E-007
6.11225	8.0114506E-007
6.11375	8.0114506E-007
6.11525	8.0114506E-007
6.11675	8.0114506E-007
6.11825	8.0114506E-007
6.11975	8.0114506E-007
6.12125	8.0114506E-007
6.12275	8.0114506E-007
6.12425	8.0114506E-007
6.12575	8.0114506E-007
6.12725	8.0114506E-007
6.12875	8.0114506E-007
6.13025	8.0114506E-007
6.13175	8.0114506E-007
6.13325	8.0114506E-007
6.13475	8.0114506E-007
6.13625	8.0114506E-007
6.13775	8.0114506E-007
6.13925	8.0114506E-007
6.14075	8.0114506E-007
6.14225	8.0114506E-007
6.14375	8.0114506E-007
6.14525	8.0114506E-007
6.14675	8.0114506E-007
6.14825	8.0114506E-007
6.14975	8.0114506E-007
6.15125	8.0114506E-007
6.15275	8.0114506E-007
6.15425	8.0114506E-007
6.15575	8.0114506E-007
6.15725	8.0114506E-007
6.15875	8.0114506E-007
6.16025	8.0114506E-007
6.16175	8.0114506E-007
6.16325	8.0114506E-007
6.16475	8.0114506E-007
6.16625	8.0114506E-007
6.16775	8.0114506E-007
6.16925	8.0114506E-007
6.17075	8.0114506E-007
6.17225	8.0114506E-007
6.17375	8.0114506E-007
6.17525	8.0114506E-007
6.17675	8.0114506E-007
6.17825	8.0114506E-007
6.17975	8.0114506E-007
6.18125	8.0114506E-007
6.18275	8.0114506E-007
6.18425	8.0114506E-007
6.18575	8.0114506E-007
6.18725	8.0114506E-007
6.18875	8.0114506E-007
6.19025	8.0114506E-007
6.19175	8.0114506E-007
6.19325	8.0114506E-007
6.19475	8.0114506E-007
6.19625	8.0114506E-007
6.19775	8.0114506E-007
6.19925	8.0114506E-007
6.20075	8.0114506E-007
6.20225	8.0114506E-007
6.20375	8.0114506E-007
6.20525	8.0114506E-007
6.20675	8.0114506E-007
6.20825	8.0114506E-007
6.20975	8.0114506E-007
6.21125	8.0114506E-007
6.21275	8.0114506E-007
6.21425	8.0114506E-007
6.21575	8.0114506E-007
6.21725	8.0114506E-007
6.21875	8.0114506E-007
6.22025	8.0114506E-007
6.22175	8.0114506E-007
6.22325	8.0114506E-007
6.22475	8.0114506E-007
6.22625	8.0114506E-007
6.22775	8.0114506E-007
6.22925	8.0114506E-007
6.23075	8.0114506E-007
6.23225	8.0114506E-007
6.23375	8.0114506E-007
6.23525	8.0114506E-007
6.23675	8.0114506E-007
6.23825	8.0114506E-007
6.23975	8.0114506E-007
6.24125	8.0114506E-007
6.24275	8.0114506E-007
6.24425	8.0114506E-007
6.24575	8.0114506E-007
6.24725	8.0114506E-007
6.24875	8.0114506E-007
6.25025	8.0114506E-007
6.25175	8.0114506E-007
6.25325	8.0114506E-007
6.25475	8.0114506E-007
6.25625	8.0114506E-007
6.25775	8.0114506E-007
6.25925	8.0114506E-007
6.26075	8.0114506E-007
6.26225	8.0114506E-007
6.26375	8.0114506E-007
6.26525	8.0114506E-007
6.26675	8.0114506E-007
6.26825	8.0114506E-007
6.26975	8.0114506E-007
6.27125	8.0114506E-007
6.27275	8.0114506E-007
6.27425	8.0114506E-007
6.27575	8.0114506E-007
6.27725	8.0114506E-007
6.27875	8.0114506E-007
6.28025	8.0114506E-007
6.28175	8.0114506E-007
6.28325	8.0114506E-007
6.28475	8.0114506E-007
6.28625	8.0114506E-007
6.28775	8.0114506E-007
6.28925	8.0114506E-007
6.29075	8.0114506E-007
6.29225	8.0114506E-007
6.29375	8.0114506E-007
6.29525	8.0114506E-007
6.29675	8.0114506E-007
6.29825	8.0114506E-007
6.29975	8.0114506E-007
6.30125	8.0114506E-007
6.30275	8.0114506E-007
6.30425	8.0114506E-007
6.30575	8.0114506E-007
6.30725	8.0114506E-007
6.30875	8.0114506E-007
6.31025	8.0114506E-007
6.31175	8.0114506E-007
6.31325	8.0114506E-007
6.31475	8.0114506E-007
6.31625	8.0114506E-007
6.31775	8.0114506E-007
6.31925	8.0114506E-007
6.32075	8.0114506E-007
6.32225	8.0114506E-007
6.32375	8.0114506E-007
6.32525	8.0114506E-007
6.32675	8.0114506E-007
6.32825	8.0114506E-007
6.32975	8.0114506E-007
6.33125	8.0114506E-007
6.33275	8.0114506E-007
6.33425	8.0114506E-007
6.33575	8.0114506E-007
6.33725	8.0114506E-007
6.33875	8.0114506E-007
6.34025	8.0114506E-007
6.34175	8.0114506E-007
6.34325	8.0114506E-007
6.34475	8.0114506E-007
6.34625	8.0114506E-007
6.34775	8.0114506E-007
6.34925	8.0114506E-007
6.35075	8.0114506E-007
6.35225	8.0114506E-007
6.35375	8.0114506E-007
6.35525	8.0114506E-007
6.35675	8.0114506E-007
6.35825	8.0114506E-007
6.35975	8.0114506E-007
6.36125	8.0114506E-007
6.36275	8.0114506E-007
6.36425	8.0114506E-007
6.36575	8.0114506E-007
6.36725	8.0114506E-007
6.36875	8.0114506E-007
6.37025	8.0114506E-007
6.37175	8.0114506E-007
6.37325	8.0114506E-007
6.37475	8.0114506E-007
6.37625	8.0114506E-007
6.37775	8.0114506E-007
6.37925	8.0114506E-007
6.38075	8.0114506E-007
6.38225	8.0114506E-007
6.38375	8.0114506E-007
6.38525	8.0114506E-007
6.38675	8.0114506E-007
6.38825	8.0114506E-007
6.38975	8.0114506E-007
6.39125	8.0114506E-007
6.39275	8.0114506E-007
6.39425	8.0114506E-007
6.39575	8.0114506E-007
6.39725	8.0114506E-007
6.39875	8.0114506E-007
6.40025	8.0114506E-007
6.40175	8.0114506E-007
6.40325	8.0114506E-007
6.40475	8.0114506E-007
6.40625	8.0114506E-007
6.40775	8.0114506E-007
6.40925	8.0114506E-007
6.41075	8.0114506E-007
6.41225	8.0114506E-007
6.41375	8.0114506E-007
6.41525	8.0114506E-007
6.41675	8.0114506E-007
6.41825	8.0114506E-007
6.41975	8.0114506E-007
6.42125	8.0114506E-007
6.42275	8.0114506E-007
6.42425	8.0114506E-007
6.42575	8.0114506E-007
6.42725	8.0114506E-007
6.42875	8.0114506E-007
6.43025	8.0114506E-007
6.43175	8.0114506E-007
6.43325	8.0114506E-007
6.43475	8.0114506E-007
6.43625	8.0114506E-007
6.43775	8.0114506E-007
6.43925	8.0114506E-007
6.44075	8.0114506E-007
6.44225	8.0114506E-007
6.44375	8.0114506E-007
6.44525	8.0114506E-007
6.44675	8.0114506E-007
6.44825	8.0114506E-007
6.44975	8.0114506E-007
6.45125	8.0114506E-007
6.45275	8.0114506E-007
6.45425	8.0114506E-007
6.45575	8.0114506E-007
6.45725	8.0114506E-007
6.45875	8.0114506E-007
6.46025	8.0114506E-007
6.46175	8.0114506E-007
6.46325	8.0114506E-007
6.46475	8.0114506E-007
6.46625	8.0114506E-007
6.46775	8.0114506E-007
6.46925	8.0114506E-007
6.47075	8.0114506E-007
6.47225	8.0114506E-007
6.47375	8.0114506E-007
6.47525	8.0114506E-007
6.47675	8.0114506E-007
6.47825	8.0114506E-007
6.47975	8.0114506E-007
6.48125	8.0114506E-007
6.48275	8.0114506E-007
6.48425	8.0114506E-007
6.48575	8.0114506E-007
6.48725	8.0114506E-007
6.48875	8.0114506E-007
6.49025	8.0114506E-007
6.49175	8.0114506E-007
6.49325	8.0114506E-007
6.49475	8.0114506E-007
6.49625	8.0114506E-007
6.49775	8.0114506E-007
6.49925	8.0114506E-007
6.50075	8.0114506E-007
6.50225	8.0114484E-007
6.50375	8.0114484E-007
6.50525	8.0114484E-007
6.50675	8.0114484E-007
6.50825	8.0114484E-007
6.50975	8.0114484E-007
6.51125	8.0114484E-007
6.51275	8.0114484E-007
6.51425	8.0114484E-007
6.51575	8.0114484E-007
6.51725	8.0114484E-007
6.51875	8.0114484E-007
6.52025	8.0114484E-007
6.52175	8.0114484E-007
6.52325	8.0114484E-007
6.52475	8.0114484E-007
6.52625	8.0114484E-007
6.52775	8.0114484E-007
6.52925	8.0114484E-007
6.53075	8.0114484E-007
6.53225	8.0114484E-007
6.53375	8.0114484E-007
6.53525	8.0114484E-007
6.53675	8.0114484E-007
6.53825	8.0114484E-007
6.53975	8.0114484E-007
6.54125	8.0114484E-007
6.54275	8.0114484E-007
6.54425	8.0114484E-007
6.54575	8.0114484E-007
6.54725	8.0114484E-007
6.54875	8.0114484E-007
6.55025	8.0114484E-007
6.55175	8.0114484E-007
6.55325	8.0114484E-007
6.55475	8.0114484E-007
6.55625	8.0114484E-007
6.55775	8.0114484E-007
6.55925	8.0114484E-007
6.56075	8.0114484E-007
6.56225	8.0114484E-007
6.56375	8.0114484E-007
6.56525	8.0114484E-007
6.56675	8.0114484E-007
6.56825	8.0114484E-007
6.56975	8.0114484E-007
6.57125	8.0114484E-007
6.57275	8.0114484E-007
6.57425	8.0114484E-007
6.57575	8.0114484E-007
6.57725	8.0114484E-007
6.57875	8.0114484E-007
6.58025	8.0114484E-007
6.58175	8.0114484E-007
6.58325	8.0114484E-007
6.58475	8.0114484E-007
6.58625	8.0114484E-007
6.58775	8.0114484E-007
6.58925	8.0114484E-007
6.59075	8.0114484E-007
6.59225	8.0114484E-007
6.59375	8.0114484E-007
6.59525	8.0114484E-007
6.59675	8.0114484E-007
6.59825	8.0114484E-007
6.59975	8.0114484E-007
6.60125	8.0114484E-007
# section measured (theta, I at the anchored scale)
theta_deg	I
0.20225	8.6073864E-001
0.20375	8.5912389E-001
0.20525	8.5761249E-001
0.20675	8.5538453E-001
0.20825	8.5487127E-001
0.20975	8.5283023E-001
0.21125	8.5370439E-001
0.21275	8.5067123E-001
0.21425	8.4544462E-001
0.21575	8.3792287E-001
0.21725	8.2582730E-001
0.21875	8.0937672E-001
0.22025	7.8698206E-001
0.22175	7.6328880E-001
0.22325	7.4236333E-001
0.22475	7.2033989E-001
0.22625	7.0118940E-001
0.22775	6.8577391E-001
0.22925	6.7008889E-001
0.23075	6.6014117E-001
0.23225	6.5370458E-001
0.23375	6.5041822E-001
0.23525	6.4728433E-001
0.23675	6.4829284E-001
0.23825	6.4672971E-001
0.23975	6.4368451E-001
0.24125	6.3710409E-001
0.24275	6.2945580E-001
0.24425	6.2216055E-001
0.24575	6.1515212E-001
0.24725	6.1034232E-001
0.24875	6.0589856E-001
0.25025	6.0357070E-001
0.25175	5.9872562E-001
0.25325	5.9000599E-001
0.25475	5.7830483E-001
0.25625	5.6680351E-001
0.25775	5.5450302E-001
0.25925	5.4255819E-001
0.26075	5.3063232E-001
0.26225	5.1787621E-001
0.26375	5.0387138E-001
0.26525	4.8829660E-001
0.26675	4.7000903E-001
0.26825	4.4958484E-001
0.26975	4.2891088E-001
0.27125	4.0993693E-001
0.27275	3.8962209E-001
0.27425	3.7070414E-001
0.27575	3.5394606E-001
0.27725	3.3573341E-001
0.27875	3.1734249E-001
0.28025	3.0130178E-001
0.28175	2.8284028E-001
0.28325	2.6713458E-001
0.28475	2.5219879E-001
0.28625	2.3947372E-001
0.28775	2.2751078E-001
0.28925	2.1645126E-001
0.29075	2.0508946E-001
0.29225	1.9442955E-001
0.29375	1.8490468E-001
0.29525	1.7394850E-001
0.29675	1.6527106E-001
0.29825	1.5727568E-001
0.29975	1.5033010E-001
0.30125	1.4535065E-001
0.30275	1.4041598E-001
0.30425	1.3532801E-001
0.30575	1.3033564E-001
0.30725	1.2620015E-001
0.30875	1.2173743E-001
0.31025	1.1638851E-001
0.31175	1.1124370E-001
0.31325	1.0686623E-001
0.31475	1.0192381E-001
0.31625	9.7923540E-002
0.31775	9.2894129E-002
0.31925	8.9213364E-002
0.32075	8.5897915E-002
0.32225	8.3132349E-002
0.32375	8.0763362E-002
0.32525	8.0425337E-002
0.32675	7.8321517E-002
0.32825	7.7134185E-002
0.32975	7.5948484E-002
0.33125	7.3751822E-002
0.33275	7.1449317E-002
0.33425	6.8946503E-002
0.33575	6.5856524E-002
0.33725	6.3169494E-002
0.33875	5.9869546E-002
0.34025	5.7028707E-002
0.34175	5.4257546E-002
0.34325	5.1870901E-002
0.34475	5.0629910E-002
0.34625	4.8937138E-002
0.34775	4.7998175E-002
0.34925	4.7596853E-002
0.35075	4.7142573E-002
0.35225	4.7384482E-002
0.35375	4.7154542E-002
0.35525	4.7201049E-002
0.35675	4.6319783E-002
0.35825	4.5885567E-002
0.35975	4.4708651E-002
0.36125	4.3243404E-002
0.36275	4.1480098E-002
0.36425	3.9008543E-002
0.36575	3.6954410E-002
0.36725	3.4945145E-002
0.36875	3.2863799E-002
0.37025	3.1014716E-002
0.37175	2.9582286E-002
0.37325	2.8677767E-002
0.37475	2.8234767E-002
0.37625	2.8012834E-002
0.37775	2.8048059E-002
0.37925	2.8374970E-002
0.38075	2.8816333E-002
0.38225	2.9365176E-002
0.38375	2.9518988E-002
0.38525	2.9982828E-002
0.38675	2.9579872E-002
0.38825	2.9154440E-002
0.38975	2.8648142E-002
0.39125	2.7342305E-002
0.39275	2.6613990E-002
0.39425	2.4797805E-002
0.39575	2.3224393E-002
0.39725	2.1451443E-002
0.39875	2.0260921E-002
0.40025	1.8805236E-002
0.40175	1.7772572E-002
0.40325	1.7109275E-002
0.40475	1.6643798E-002
0.40625	1.6301729E-002
0.40775	1.6383372E-002
0.40925	1.6638201E-002
0.41075	1.6980268E-002
0.41225	1.7632367E-002
0.41375	1.7827086E-002
0.41525	1.8447150E-002
0.41675	1.8927008E-002
0.41825	1.9047234E-002
0.41975	1.9009598E-002
0.42125	1.9067213E-002
0.42275	1.8122736E-002
0.42425	1.7540220E-002
0.42575	1.7078014E-002
0.42725	1.5781738E-002
0.42875	1.4729008E-002
0.43025	1.3785304E-002
0.43175	1.2729388E-002
0.43325	1.1856132E-002
0.43475	1.1083808E-002
0.43625	1.0393213E-002
0.43775	1.0043910E-002
0.43925	1.0021518E-002
0.44075	9.9069793E-003
0.44225	1.0172143E-002
0.44375	1.0622378E-002
0.44525	1.1206443E-002
0.44675	1.1469970E-002
0.44825	1.1970671E-002
0.44975	1.2655670E-002
0.45125	1.2686931E-002
0.45275	1.3185221E-002
0.45425	1.2981719E-002
0.45575	1.2879237E-002
0.45725	1.2459402E-002
0.45875	1.2065231E-002
0.46025	1.1484439E-002
0.46175	1.0501379E-002
0.46325	9.5648244E-003
0.46475	8.8911084E-003
0.46625	8.0955671E-003
0.46775	7.4474458E-003
0.46925	6.8569984E-003
0.47075	6.3498728E-003
0.47225	6.0854931E-003
0.47375	5.9028328E-003
0.47525	6.0101901E-003
0.47675	6.1888457E-003
0.47825	6.6278679E-003
0.47975	6.8738181E-003
0.48125	7.3761386E-003
0.48275	7.9129068E-003
0.48425	8.3527379E-003
0.48575	8.9143608E-003
0.48725	9.0201162E-003
0.48875	9.0337237E-003
0.49025	9.1971792E-003
0.49175	9.0873763E-003
0.49325	8.6788228E-003
0.49475	8.4216343E-003
0.49625	8.0170510E-003
0.49775	7.3360838E-003
0.49925	6.5798042E-003
0.50075	5.9989686E-003
0.50225	5.3820913E-003
0.50375	4.8437212E-003
0.50525	4.3045501E-003
0.50675	3.9392295E-003
0.50825	3.7429447E-003
0.50975	3.5602844E-003
0.51125	3.7437459E-003
0.51275	3.8078448E-003
0.51425	4.1274959E-003
0.51575	4.4784006E-003
0.51725	4.8493277E-003
0.51875	5.3163990E-003
0.52025	5.7097604E-003
0.52175	6.0510449E-003
0.52325	6.4844699E-003
0.52475	6.6983742E-003
0.52625	6.7784828E-003
0.52775	6.7208000E-003
0.52925	6.6014291E-003
0.53075	6.6134515E-003
0.53225	6.2481305E-003
0.53375	5.9372811E-003
0.53525	5.3556524E-003
0.53675	4.9350513E-003
0.53825	4.3213777E-003
0.53975	3.7886139E-003
0.54125	3.2951124E-003
0.54275	2.9770543E-003
0.54425	2.6245483E-003
0.54575	2.4178517E-003
0.54725	2.3241187E-003
0.54875	2.4202543E-003
0.55025	2.5188015E-003
0.55175	2.7703578E-003
0.55325	3.0523576E-003
0.55475	3.4905875E-003
0.55625	3.8286685E-003
0.55775	4.0369667E-003
0.55925	4.5857490E-003
0.56075	4.8893909E-003
0.56225	5.0488161E-003
0.56375	5.2226661E-003
0.56525	5.4750233E-003
0.56675	5.3316164E-003
0.56825	5.2234670E-003
0.56975	5.0808610E-003
0.57125	4.7900425E-003
0.57275	4.3878714E-003
0.57425	4.0505910E-003
0.57575	3.5658996E-003
0.57725	3.1012306E-003
0.57875	2.6870368E-003
0.58025	2.2512181E-003
0.58175	1.9804314E-003
0.58325	1.8033773E-003
0.58475	1.5902735E-003
0.58625	1.5654366E-003
0.58775	1.6695814E-003
0.58925	1.7488980E-003
0.59075	2.0317072E-003
0.59225	2.2231776E-003
0.59375	2.5692678E-003
0.59525	2.9121630E-003
0.59675	3.2894975E-003
0.59825	3.6932793E-003
0.59975	3.8639172E-003
0.60125	4.1803736E-003
0.60275	4.3454054E-003
0.60425	4.4655772E-003
0.60575	4.4856085E-003
0.60725	4.4415495E-003
0.60875	4.1691610E-003
0.61025	3.9848899E-003
0.61175	3.6596323E-003
0.61325	3.2670719E-003
0.61475	3.0355384E-003
0.61625	2.5540504E-003
0.61775	2.1630917E-003
0.61925	1.8410289E-003
0.62075	1.5061516E-003
0.62225	1.3242922E-003
0.62375	1.1752788E-003
0.62525	1.0575098E-003
0.62675	1.0270664E-003
0.62825	1.1031792E-003
0.62975	1.3595410E-003
0.63125	1.5542238E-003
0.63275	1.9251510E-003
0.63425	2.2047479E-003
0.63575	2.5732808E-003
0.63725	2.9057555E-003
0.63875	3.2550495E-003
0.64025	3.4945919E-003
0.64175	3.6564285E-003
0.64325	3.8703333E-003
0.64475	3.9993152E-003
0.64625	3.8735371E-003
0.64775	4.0017180E-003
0.64925	3.7613746E-003
0.65075	3.4256959E-003
0.65225	3.1108416E-003
0.65375	2.9570230E-003
0.65525	2.5957066E-003
0.65675	2.0941957E-003
0.65825	1.8113866E-003
0.65975	1.4717036E-003
0.66125	1.1584596E-003
0.66275	1.0214600E-003
0.66425	8.9488091E-004
0.66575	7.7310472E-004
0.66725	8.2758244E-004
0.66875	9.1891695E-004
0.67025	1.1007764E-003
0.67175	1.3395181E-003
0.67325	1.5854681E-003
0.67475	1.8394272E-003
0.67625	2.1326484E-003
0.67775	2.5444394E-003
0.67925	2.8873258E-003
0.68075	3.1677238E-003
0.68225	3.3151354E-003
0.68375	3.6307909E-003
0.68525	3.6764515E-003
0.68675	3.6243747E-003
0.68825	3.6900756E-003
0.68975	3.4937912E-003
0.69125	3.2574523E-003
0.69275	3.0355384E-003
0.69425	2.6710185E-003
0.69575	2.4018334E-003
0.69725	2.0917931E-003
0.69875	1.7448933E-003
0.70025	1.3731652E-003
0.70175	1.1664687E-003
0.70325	9.3893986E-004
0.70475	6.9699623E-004
0.70625	6.5854104E-004
0.70775	6.8017183E-004
0.70925	6.8417727E-004
0.71075	8.8365946E-004
0.71225	1.1328217E-003
0.71375	1.3627447E-003
0.71525	1.7200563E-003
0.71675	1.9668071E-003
0.71825	2.4875572E-003
0.71975	2.7575430E-003
0.72125	3.1653210E-003
0.72275	3.3063253E-003
0.72425	3.5907279E-003
0.72575	3.8038318E-003
0.72725	3.8495010E-003
0.72875	3.8895553E-003
0.73025	3.7309311E-003
0.73175	3.5626872E-003
0.73325	3.2598549E-003
0.73475	3.0467510E-003
0.73625	2.6397742E-003
0.73775	2.3553632E-003
0.73925	1.9724220E-003
0.74075	1.5333913E-003
0.74225	1.3042606E-003
0.74375	9.8300737E-004
0.74525	7.8432093E-004
0.74675	6.4492121E-004
0.74825	6.2889862E-004
0.74975	6.7776820E-004
0.75125	8.1236078E-004
0.75275	1.0102472E-003
0.75425	1.3306994E-003
0.75575	1.7312778E-003
0.75725	2.1743046E-003
0.75875	2.6389733E-003
0.76025	3.1653210E-003
0.76175	3.5811169E-003
0.76325	3.9087860E-003
0.76475	4.2164233E-003
0.76625	4.6634637E-003
0.76775	4.8893909E-003
0.76925	5.0055492E-003
0.77075	4.8797708E-003
0.77225	4.8148795E-003
0.77375	4.5825453E-003
0.77525	4.2460659E-003
0.77675	3.9039804E-003
0.77825	3.4993975E-003
0.77975	2.9762534E-003
0.78125	2.4523083E-003
0.78275	2.0012637E-003
0.78425	1.5950790E-003
0.78575	1.2001158E-003
0.78725	9.7098504E-004
0.78875	7.5307582E-004
0.79025	7.0180261E-004
0.79175	7.8672456E-004
0.79325	1.0342747E-003
0.79475	1.3739661E-003
0.79625	1.7937664E-003
0.79775	2.4595165E-003
0.79925	3.0395428E-003
0.80075	3.8815460E-003
0.80225	4.5424909E-003
0.80375	5.3260098E-003
0.80525	6.1039231E-003
0.80675	6.7616636E-003
0.80825	7.2623733E-003
0.80975	7.7438620E-003
0.81125	7.9810014E-003
0.81275	8.0058388E-003
0.81425	8.1756841E-003
0.81575	7.9818023E-003
0.81725	7.6276949E-003
0.81875	7.0196278E-003
0.82025	6.5293293E-003
0.82175	5.7474123E-003
0.82325	4.9975403E-003
0.82475	4.2805141E-003
0.82625	3.4945919E-003
0.82775	2.6654121E-003
0.82925	2.1775081E-003
0.83075	1.7585090E-003
0.83225	1.5205767E-003
0.83375	1.4620926E-003
0.83525	1.6984231E-003
0.83675	2.2391961E-003
0.83825	3.0082986E-003
0.83975	3.9392295E-003
0.84125	5.0231777E-003
0.84275	6.2313029E-003
0.84425	7.7478667E-003
0.84575	9.1579081E-003
0.84725	1.0776187E-002
0.84875	1.2144548E-002
0.85025	1.3516095E-002
0.85175	1.4785158E-002
0.85325	1.5615869E-002
0.85475	1.5953977E-002
0.85625	1.6557246E-002
0.85775	1.6323347E-002
0.85925	1.5887491E-002
0.86075	1.5236167E-002
0.86225	1.3959181E-002
0.86375	1.2674874E-002
0.86525	1.1463597E-002
0.86675	9.8541016E-003
0.86825	8.2085310E-003
0.86975	6.7961118E-003
0.87125	5.6656930E-003
0.87275	5.0287843E-003
0.87425	4.8597478E-003
0.87575	5.4934532E-003
0.87725	7.0140213E-003
0.87875	9.6802255E-003
0.88025	1.3456844E-002
0.88175	1.8487195E-002
0.88325	2.4768954E-002
0.88475	3.2290153E-002
0.88625	4.1403968E-002
0.88775	5.1384579E-002
0.88925	6.2275395E-002
0.89075	7.3602751E-002
0.89225	8.5844271E-002
0.89375	9.8492794E-002
0.89525	1.1103874E-001
0.89675	1.2393089E-001
0.89825	1.3690229E-001
0.89975	1.4867574E-001
0.90125	1.5948896E-001
0.90275	1.7097995E-001
0.90425	1.8077523E-001
0.90575	1.8829952E-001
0.90725	1.9632332E-001
0.90875	2.0279954E-001
0.91025	2.0769115E-001
0.91175	2.1163802E-001
0.91325	2.1342070E-001
0.91475	2.1530156E-001
0.91625	2.1454199E-001
0.91775	2.1470475E-001
0.91925	2.1246219E-001
0.92075	2.0821649E-001
0.92225	2.0373566E-001
0.92375	1.9868214E-001
0.92525	1.9228344E-001
0.92675	1.8488400E-001
0.92825	1.7701781E-001
0.92975	1.6812076E-001
0.93125	1.5946914E-001
0.93275	1.4950937E-001
0.93425	1.3891922E-001
0.93575	1.2812665E-001
0.93725	1.1688542E-001
0.93875	1.0608082E-001
0.94025	9.5583655E-002
0.94175	8.4470309E-002
0.94325	7.4794047E-002
0.94475	6.4426497E-002
0.94625	5.6036092E-002
0.94775	4.7126554E-002
0.94925	3.9338641E-002
0.95075	3.2210063E-002
0.95225	2.5800070E-002
0.95375	2.0424377E-002
0.95525	1.5988426E-002
0.95675	1.2509868E-002
0.95825	9.7643649E-003
0.95975	7.7622915E-003
0.96125	6.3811168E-003
0.96275	5.5903895E-003
0.96425	5.3147972E-003
0.96575	5.4341680E-003
0.96725	5.7538194E-003
0.96875	6.4155650E-003
0.97025	7.1229804E-003
0.97175	7.9417480E-003
0.97325	8.5209729E-003
0.97475	9.0721324E-003
0.97625	9.5761064E-003
0.97775	9.8107839E-003
0.97925	9.9301450E-003
0.98075	9.8725315E-003
0.98225	9.6714413E-003
0.98375	9.3701938E-003
0.98525	8.7557286E-003
0.98675	8.2205441E-003
0.98825	7.3921653E-003
0.98975	6.3250358E-003
0.99125	5.6432672E-003
0.99275	4.9871281E-003
0.99425	4.1226903E-003
0.99575	3.4385107E-003
0.99725	2.8432668E-003
0.99875	2.2648338E-003
1.00025	1.9507889E-003
1.00175	1.6078936E-003
1.00325	1.4124187E-003
1.00475	1.3603419E-003
1.00625	1.3939891E-003
1.00775	1.4765091E-003
1.00925	1.6175132E-003
1.01075	1.8754769E-003
1.01225	1.9900424E-003
1.01375	2.2632319E-003
1.01525	2.4683266E-003
1.01675	2.7246969E-003
1.01825	2.9289823E-003
1.01975	3.0539681E-003
1.02125	3.1420859E-003
1.02275	3.1621174E-003
1.02425	3.0315337E-003
1.02575	2.8680952E-003
1.02725	2.7006611E-003
1.02875	2.5644624E-003
1.03025	2.3129061E-003
1.03175	2.1278427E-003
1.03325	1.9027167E-003
1.03475	1.6159115E-003
1.03625	1.4452648E-003
1.03775	1.1776816E-003
1.03925	9.4775856E-004
1.04075	8.0434902E-004
1.04225	6.6414918E-004
1.04375	5.7682447E-004
1.04525	5.3997117E-004
1.04675	5.1753951E-004
1.04825	5.4718199E-004
1.04975	6.1287603E-004
1.05125	6.5533654E-004
1.05275	7.6509302E-004
1.05425	9.4694895E-004
1.05575	1.0310709E-003
1.05725	1.1456363E-003
1.05875	1.2113285E-003
1.06025	1.3315004E-003
1.06175	1.3875816E-003
1.06325	1.4292464E-003
1.06475	1.5574273E-003
1.06625	1.4124187E-003
1.06775	1.4164232E-003
1.06925	1.3571383E-003
1.07075	1.3138802E-003
1.07225	1.2217491E-003
1.07375	1.1424327E-003
1.07525	9.7659149E-004
1.07675	8.3399151E-004
1.07825	6.8257545E-004
1.07975	6.0967146E-004
1.08125	5.2234670E-004
1.08275	4.3582285E-004
1.08425	3.8214601E-004
1.08575	3.1725294E-004
1.08725	3.0042941E-004
1.08875	2.8280407E-004
1.09025	2.8680952E-004
1.09175	3.1324750E-004
1.09325	3.8054335E-004
1.09475	4.4143101E-004
1.09625	4.8469246E-004
1.09775	5.6480727E-004
1.09925	6.3050131E-004
1.10075	6.8177452E-004
1.10225	7.8752550E-004
1.10375	7.8752550E-004
1.10525	7.8432093E-004
1.10675	8.1876980E-004
1.10825	8.3158794E-004
1.10975	7.7390560E-004
1.11125	7.8111643E-004
1.11275	7.3464954E-004
1.11425	6.9859804E-004
1.11575	6.2649499E-004
1.11725	5.7522173E-004
1.11875	4.9751060E-004
1.12025	4.6546536E-004
1.12175	3.7814060E-004
1.12325	3.2206014E-004
1.12475	2.8280407E-004
1.12625	2.2432092E-004
1.12775	2.0669561E-004
1.12925	1.8426307E-004
1.13075	1.7304768E-004
1.13225	1.7464951E-004
1.13375	2.0749652E-004
1.13525	2.2512181E-004
1.13675	2.7879866E-004
1.13825	2.8280407E-004
1.13975	3.6051529E-004
1.14125	3.7253243E-004
1.14275	4.4864096E-004
1.14425	4.6866987E-004
1.14575	5.1513588E-004
1.14725	5.0792593E-004
1.14875	4.9590872E-004
1.15025	5.1433494E-004
1.15175	5.0792593E-004
1.15325	4.7267528E-004
1.15475	4.6065816E-004
1.15625	4.3982829E-004
1.15775	4.4463552E-004
1.15925	3.5650985E-004
1.16075	3.2206014E-004
1.16225	2.7959957E-004
1.16375	2.3473539E-004
1.16525	2.0268931E-004
1.16675	1.7144499E-004
1.16825	1.4741064E-004
1.16975	1.3298985E-004
1.17125	1.1856907E-004
1.17275	9.6938318E-005
1.17425	1.0414915E-004
1.17575	1.2017176E-004
1.17725	1.5862691E-004
1.17875	1.6183143E-004
1.18025	1.9147390E-004
1.18175	2.3313271E-004
1.18325	2.5556522E-004
1.18475	2.6357698E-004
1.18625	2.9722488E-004
1.18775	3.2766827E-004
1.18925	3.1645203E-004
1.19075	3.2446373E-004
1.19225	3.6452073E-004
1.19375	3.5891260E-004
1.19525	3.2526467E-004
1.19675	3.3327643E-004
1.19825	2.9962847E-004
1.19975	3.1725294E-004
1.20125	2.5716703E-004
1.20275	2.4114443E-004
1.20425	2.1390556E-004
1.20575	1.7625220E-004
1.20725	1.2978533E-004
1.20875	1.2417720E-004
1.21025	1.0495006E-004
1.21175	9.3733797E-005
1.21325	7.1301882E-005
1.21475	7.6909928E-005
1.21625	6.6495013E-005
1.21775	8.1716797E-005
1.21925	8.7324755E-005
1.22075	1.0975641E-004
1.22225	1.1216001E-004
1.22375	1.2738172E-004
1.22525	1.4821155E-004
1.22675	1.8185948E-004
1.22825	2.1630917E-004
1.22975	2.1951369E-004
1.23125	2.4915618E-004
1.23275	2.6998602E-004
1.23425	2.3793992E-004
1.23575	2.7319053E-004
1.23725	2.2512181E-004
1.23875	2.3633809E-004
1.24025	2.4194535E-004
1.24175	2.0990013E-004
1.24325	1.8907030E-004
1.24475	1.7785405E-004
1.24625	1.4660972E-004
1.24775	1.1296180E-004
1.24925	1.0575097E-004
1.25075	1.0334737E-004
1.25225	7.6108758E-005
1.25375	7.0500711E-005
1.25525	5.7682446E-005
1.25675	6.4892753E-005
1.25825	4.1659572E-005
1.25975	5.2074403E-005
1.26125	7.2904149E-005
1.26275	6.8898451E-005
1.26425	6.8097273E-005
1.26575	1.0735367E-004
1.26725	1.1937085E-004
1.26875	1.4821155E-004
1.27025	1.5141607E-004
1.27175	1.5942781E-004
1.27325	1.8586578E-004
1.27475	1.8105857E-004
1.27625	1.9467842E-004
1.27775	1.8025764E-004
1.27925	1.7224590E-004
1.28075	1.7865495E-004
1.28225	1.6343326E-004
1.28375	1.6984229E-004
1.28525	1.6263234E-004
1.28675	1.4180251E-004
1.28825	1.2097268E-004
1.28975	1.1456363E-004
1.29125	8.7324755E-005
1.29275	4.8869791E-005
1.29425	5.3676664E-005
1.29575	5.4477838E-005
1.29725	3.8454964E-005
1.29875	3.4449269E-005
1.30025	3.4449269E-005
1.30175	3.8454964E-005
1.30325	3.8454964E-005
1.30475	4.8869791E-005
1.30625	4.8068705E-005
1.30775	4.8869791E-005
1.30925	7.9313366E-005
1.31075	1.0014285E-004
1.31225	9.3733797E-005
1.31375	1.2577989E-004
1.31525	1.3379077E-004
1.31675	1.3298985E-004
1.31825	1.2898441E-004
1.31975	1.3779708E-004
1.32125	1.2898441E-004
1.32275	1.3218893E-004
1.32425	1.3138802E-004
1.32575	1.3138802E-004
1.32725	1.1456363E-004
1.32875	9.7739241E-005
1.33025	9.0529284E-005
1.33175	8.6523840E-005
1.33325	6.5693843E-005
1.33475	6.2489315E-005
1.33625	5.6080098E-005
1.33775	4.8869791E-005
1.33925	3.0443483E-005
1.34075	2.7238963E-005
1.34225	2.0028656E-005
1.34375	2.8841223E-005
1.34525	3.2045831E-005
1.34675	2.9642397E-005
1.34825	3.1244657E-005
1.34975	3.7653790E-005
1.35125	5.6080098E-005
1.35275	7.6108758E-005
1.35425	7.3705320E-005
1.35575	7.8512188E-005
1.35725	1.0014285E-004
1.35875	1.1135911E-004
1.36025	1.0575097E-004
1.36175	1.0655189E-004
1.36325	1.2577989E-004
1.36475	1.1616632E-004
1.36625	1.1937085E-004
1.36775	1.3058624E-004
1.36925	1.1055819E-004
1.37075	9.8541015E-005
1.37225	9.4534713E-005
1.37375	7.6909928E-005
1.37525	8.4120235E-005
1.37675	6.2489315E-005
1.37825	5.0472143E-005
1.37975	3.8454964E-005
1.38125	4.1659572E-005
1.38275	2.5636613E-005
1.38425	2.4835526E-005
1.38575	1.3619437E-005
1.38725	2.0028656E-005
1.38875	2.7238963E-005
1.39025	2.9642397E-005
1.39175	3.4449269E-005
1.39325	4.8068705E-005
1.39475	4.8068705E-005
1.39625	5.2875577E-005
1.39775	7.2904149E-005
1.39925	6.3290405E-005
1.40075	8.2517887E-005
1.40225	9.2932889E-005
1.40375	9.6137410E-005
1.40525	1.0975641E-004
1.40675	1.0334737E-004
1.40825	1.1937085E-004
1.40975	9.6938318E-005
1.41125	8.8125671E-005
1.41275	9.7739241E-005
1.41425	8.5722495E-005
1.41575	7.1301882E-005
1.41725	5.5279012E-005
1.41875	4.4062923E-005
1.42025	4.3261836E-005
1.42175	4.5665271E-005
1.42325	3.0443483E-005
1.42475	2.4835526E-005
1.42625	2.1630918E-005
1.42775	2.9642397E-005
1.42925	1.4420611E-005
1.43075	6.4091578E-006
1.43225	1.6824048E-005
1.43375	2.3233179E-005
1.43525	4.0057228E-005
1.43675	3.2846921E-005
1.43825	4.4062923E-005
1.43975	3.7653790E-005
1.44125	6.4091582E-005
1.44275	5.7682446E-005
1.44425	8.2517887E-005
1.44575	6.9699621E-005
1.44725	1.0094462E-004
1.44875	8.9728368E-005
1.45025	1.0575097E-004
1.45175	1.1536455E-004
1.45325	7.6909928E-005
1.45475	1.0414915E-004
1.45625	7.6108758E-005
1.45775	7.5307580E-005
1.45925	6.4892753E-005
1.46075	5.6881272E-005
1.46225	4.9670969E-005
1.46375	3.9256054E-005
1.46525	4.1659572E-005
1.46675	2.0028656E-005
1.46825	1.9227482E-005
1.46975	1.6824048E-005
1.47125	1.6824048E-005
1.47275	1.0414915E-005
1.47425	1.0414915E-005
1.47575	1.9227482E-005
1.47725	2.0028656E-005
1.47875	2.6437789E-005
1.48025	4.3261836E-005
1.48175	3.6051530E-005
1.48325	5.4477838E-005
1.48475	4.7267531E-005
1.48625	6.4892753E-005
1.48775	6.4892753E-005
1.48925	8.9728368E-005
1.49075	7.5307580E-005
1.49225	8.8927445E-005
1.49375	1.0174554E-004
1.49525	7.0500711E-005
1.49675	8.4921325E-005
1.49825	9.4534713E-005
1.49975	9.3733797E-005
1.50125	6.8097273E-005
1.50275	6.0886967E-005
1.50425	5.5279012E-005
1.50575	4.2460662E-005
1.50725	4.0057228E-005
1.50875	2.6437789E-005
1.51025	2.7238963E-005
1.51175	2.2432092E-005
1.51325	1.5221785E-005
1.51475	1.0414915E-005
1.51625	8.8125671E-006
1.51775	1.4420611E-005
1.51925	2.1630918E-005
1.52075	2.3233179E-005
1.52225	1.6824048E-005
1.52375	2.1630918E-005
1.52525	3.4449269E-005
1.52675	4.3261836E-005
1.52825	4.4062923E-005
1.52975	6.8097273E-005
1.53125	4.8869791E-005
1.53275	6.2489315E-005
1.53425	8.0915626E-005
1.53575	9.0529284E-005
1.53725	8.9728368E-005
1.53875	7.6909928E-005
1.54025	8.1716797E-005
1.54175	8.0915626E-005
1.54325	6.0886967E-005
1.54475	7.5307580E-005
1.54625	5.6080098E-005
1.54775	5.4477838E-005
1.54925	5.4477838E-005
1.55075	4.0858398E-005
1.55225	3.6051530E-005
1.55375	2.7238963E-005
1.55525	1.6824048E-005
1.55675	1.6824048E-005
1.55825	2.0028656E-005
1.55975	1.9227482E-005
1.56125	1.8426308E-005
1.56275	1.0414915E-005
1.56425	2.5636613E-005
1.56575	2.4034352E-005
1.56725	3.6852703E-005
1.56875	3.0443483E-005
1.57025	4.7267531E-005
1.57175	5.2074403E-005
1.57325	4.8869791E-005
1.57475	7.1301882E-005
1.57625	7.2904149E-005
1.57775	8.2517887E-005
1.57925	9.7739241E-005
1.58075	9.7739241E-005
1.58225	8.7324755E-005
1.58375	1.0254645E-004
1.58525	9.0529284E-005
1.58675	9.6137410E-005
1.58825	7.2103059E-005
1.58975	6.8097273E-005
1.59125	5.2875577E-005
1.59275	5.6881272E-005
1.59425	5.0472143E-005
1.59575	4.1659572E-005
1.59725	3.8454964E-005
1.59875	2.8040049E-005
1.60025	1.6824048E-005
1.60175	2.1630918E-005
1.60325	1.2818350E-005
1.60475	2.2432092E-005
1.60625	2.5636613E-005
1.60775	3.4449269E-005
1.60925	3.6852703E-005
1.61075	4.0057228E-005
1.61225	3.8454964E-005
1.61375	5.3676664E-005
1.61525	6.7296191E-005
1.61675	6.8097273E-005
1.61825	8.0915626E-005
1.61975	9.7739241E-005
1.62125	9.2131973E-005
1.62275	1.1135911E-004
1.62425	1.0975641E-004
1.62575	1.0414915E-004
1.62725	9.6938318E-005
1.62875	9.7739241E-005
1.63025	9.6938318E-005
1.63175	9.5336494E-005
1.63325	9.5336494E-005
1.63475	8.1716797E-005
1.63625	6.6495013E-005
1.63775	7.7711018E-005
1.63925	5.9284706E-005
1.64075	4.2460662E-005
1.64225	4.0057228E-005
1.64375	2.8841223E-005
1.64525	3.0443483E-005
1.64675	2.1630918E-005
1.64825	2.8841223E-005
1.64975	3.5250356E-005
1.65125	3.2045831E-005
1.65275	4.0858398E-005
1.65425	5.3676664E-005
1.65575	6.6495013E-005
1.65725	8.2517887E-005
1.65875	7.9313366E-005
1.66025	8.6523840E-005
1.66175	1.1216001E-004
1.66325	1.1616632E-004
1.66475	1.4580795E-004
1.66625	1.7464951E-004
1.66775	1.7785405E-004
1.66925	1.6663776E-004
1.67075	1.7064407E-004
1.67225	1.6423503E-004
1.67375	1.8426307E-004
1.67525	1.7545043E-004
1.67675	1.5702422E-004
1.67825	1.4420612E-004
1.67975	1.5542237E-004
1.68125	1.3138802E-004
1.68275	1.1216001E-004
1.68425	8.9728368E-005
1.68575	8.0915626E-005
1.68725	5.7682446E-005
1.68875	6.4091582E-005
1.69025	4.5665271E-005
1.69175	4.9670969E-005
1.69325	3.2846921E-005
1.69475	5.4477838E-005
1.69625	5.6881272E-005
1.69775	6.0886967E-005
1.69925	8.0114456E-005
1.70075	8.2517887E-005
1.70225	1.0174554E-004
1.70375	1.3779708E-004
1.70525	1.5702422E-004
1.70675	1.7625220E-004
1.70825	1.7785405E-004
1.70975	2.0909921E-004
1.71125	2.2271821E-004
1.71275	2.3393449E-004
1.71425	2.7479237E-004
1.71575	2.7078693E-004
1.71725	2.7479237E-004
1.71875	2.5236071E-004
1.72025	2.8440679E-004
1.72175	2.2912727E-004
1.72325	2.4114443E-004
1.72475	2.0268931E-004
1.72625	1.9067212E-004
1.72775	1.7384859E-004
1.72925	1.4901333E-004
1.73075	1.2898441E-004
1.73225	1.1536455E-004
1.73375	9.2131973E-005
1.73525	7.0500711E-005
1.73675	5.5279012E-005
1.73825	8.8125671E-005
1.73975	1.0174554E-004
1.74125	1.3138802E-004
1.74275	1.7865495E-004
1.74425	2.5075799E-004
1.74575	3.3728185E-004
1.74725	3.8214601E-004
1.74875	4.9751060E-004
1.75025	6.1527872E-004
1.75175	7.7711011E-004
1.75325	9.1330201E-004
1.75475	1.0390887E-003
1.75625	1.1664687E-003
1.75775	1.3539346E-003
1.75925	1.4725046E-003
1.76075	1.6824045E-003
1.76225	1.8947076E-003
1.76375	2.0228885E-003
1.76525	2.0789697E-003
1.76675	2.3417475E-003
1.76825	2.4563130E-003
1.76975	2.6197426E-003
1.77125	2.5844940E-003
1.77275	2.8296427E-003
1.77425	2.8560818E-003
1.77575	2.9025434E-003
1.77725	2.8024029E-003
1.77875	2.8432668E-003
1.78025	2.8761129E-003
1.78175	2.7815707E-003
1.78325	2.6437787E-003
1.78475	2.6029234E-003
1.78625	2.5644624E-003
1.78775	2.4394849E-003
1.78925	2.2832635E-003
1.79075	2.1566844E-003
1.79225	1.9307573E-003
1.79375	1.7953682E-003
1.79525	1.7761377E-003
1.79675	1.5582283E-003
1.79825	1.4076132E-003
1.79975	1.1760796E-003
1.80125	1.0999755E-003
1.80275	9.3093072E-004
1.80425	8.2277524E-004
1.80575	6.7536545E-004
1.80725	5.6560815E-004
1.80875	4.8709608E-004
1.81025	3.8454964E-004
1.81175	2.9802581E-004
1.81325	2.4354804E-004
1.81475	1.7705312E-004
1.81625	1.4340520E-004
1.81775	9.6137410E-005
1.81925	6.9699621E-005
1.82075	7.2103059E-005
1.82225	4.8869791E-005
1.82375	5.1273226E-005
1.82525	4.1659572E-005
1.82675	4.4864097E-005
1.82825	4.8068705E-005
1.82975	7.2904149E-005
1.83125	7.2103059E-005
1.83275	8.5722495E-005
1.83425	9.2131973E-005
1.83575	9.1330192E-005
1.83725	1.0174554E-004
1.83875	1.1776816E-004
1.84025	9.9341938E-005
1.84175	9.3733797E-005
1.84325	9.9341938E-005
1.84475	9.7739241E-005
1.84625	9.3733797E-005
1.84775	8.2517887E-005
1.84925	8.3319064E-005
1.85075	6.2489315E-005
1.85225	4.9670969E-005
1.85375	5.8483532E-005
1.85525	3.3648095E-005
1.85675	3.6051530E-005
1.85825	2.5636613E-005
1.85975	1.7625222E-005
1.86125	2.2432092E-005
1.86275	1.1216002E-005
1.86425	1.2017176E-005
1.86575	8.0114451E-006
1.86725	1.2818350E-005
1.86875	1.4420611E-005
1.87025	1.4420611E-005
1.87175	1.2017176E-005
1.87325	2.4034352E-005
1.87475	2.4835526E-005
1.87625	2.4034352E-005
1.87775	3.2045831E-005
1.87925	2.9642397E-005
1.88075	2.3233179E-005
1.88225	2.1630918E-005
1.88375	3.6852703E-005
1.88525	3.4449269E-005
1.88675	3.8454964E-005
1.88825	3.6051530E-005
1.88975	4.0057228E-005
1.89125	2.6437789E-005
1.89275	2.6437789E-005
1.89425	2.2432092E-005
1.89575	1.7625222E-005
1.89725	1.5221785E-005
1.89875	1.1216002E-005
1.90025	1.8426308E-005
1.90175	4.8068705E-006
1.90325	1.2017176E-005
1.90475	4.8068705E-006
1.90625	4.8068705E-006
1.90775	6.4091578E-006
1.90925	4.0057225E-006
1.91075	8.0114455E-007
1.91225	5.6080098E-006
1.91375	7.2103057E-006
1.91525	1.2818350E-005
1.91675	4.8068705E-006
1.91825	8.8125671E-006
1.91975	1.6824048E-005
1.92125	9.6137410E-006
1.92275	1.4420611E-005
1.92425	1.0414915E-005
1.92575	1.1216002E-005
1.92725	1.0414915E-005
1.92875	1.1216002E-005
1.93025	1.4420611E-005
1.93175	1.2017176E-005
1.93325	1.6824048E-005
1.93475	1.3619437E-005
1.93625	1.3619437E-005
1.93775	1.1216002E-005
1.93925	7.2103057E-006
1.94075	1.1216002E-005
1.94225	1.2017176E-005
1.94375	5.6080098E-006
1.94525	7.2103057E-006
1.94675	3.2045832E-006
1.94825	6.4091578E-006
1.94975	2.4034352E-006
1.95125	4.0057225E-006
1.95275	2.4034352E-006
1.95425	4.0057225E-006
1.95575	8.0114451E-006
1.95725	7.2103057E-006
1.95875	2.4034352E-006
1.96025	8.0114451E-006
1.96175	5.6080098E-006
1.96325	4.8068705E-006
1.96475	5.6080098E-006
1.96625	4.8068705E-006
1.96775	5.6080098E-006
1.96925	7.2103057E-006
1.97075	9.6137410E-006
1.97225	7.2103057E-006
1.97375	8.8125671E-006
1.97525	7.2103057E-006
1.97675	9.6137410E-006
1.97825	8.8125671E-006
1.97975	8.8125671E-006
1.98125	4.8068705E-006
1.98275	6.4091578E-006
1.98425	3.2045832E-006
1.98575	5.6080098E-006
1.98725	3.2045832E-006
1.98875	8.0114455E-007
1.99025	2.4034352E-006
1.99175	2.4034352E-006
1.99325	2.4034352E-006
1.99475	4.0057225E-006
1.99625	1.6022873E-006
1.99775	2.4034352E-006
1.99925	1.6022873E-006
2.00075	8.0114455E-007
2.00225	8.0114455E-007
2.00375	7.2103057E-006
2.00525	3.2045832E-006
2.00675	3.2045832E-006
2.00825	2.4034352E-006
2.00975	2.4034352E-006
2.01125	3.2045832E-006
2.01275	6.4091578E-006
2.01425	6.4091578E-006
2.01575	5.6080098E-006
2.01725	7.2103057E-006
2.01875	8.0114451E-006
2.02025	8.0114451E-006
2.02175	4.8068705E-006
2.02325	5.6080098E-006
2.02475	4.0057225E-006
2.02625	3.2045832E-006
2.02775	5.6080098E-006
2.02925	2.4034352E-006
2.03075	4.0057225E-006
2.03225	8.0114455E-007
2.03375	2.4034352E-006
2.03525	2.4034352E-006
2.03675	2.4034352E-006
2.03825	8.0114455E-007
2.03975	8.0114455E-007
2.04125	8.0114455E-007
2.04275	1.6022873E-006
2.04425	8.0114455E-007
2.04575	1.6022873E-006
2.04725	3.2045832E-006
2.04875	2.4034352E-006
2.05025	3.2045832E-006
2.05175	2.4034352E-006
2.05325	1.6022873E-006
2.05475	5.6080098E-006
2.05625	8.0114451E-006
2.05775	4.8068705E-006
2.05925	4.0057225E-006
2.06075	4.8068705E-006
2.06225	5.6080098E-006
2.06375	6.4091578E-006
2.06525	2.4034352E-006
2.06675	3.2045832E-006
2.06825	3.2045832E-006
2.06975	4.8068705E-006
2.07125	4.0057225E-006
2.07275	4.0057225E-006
2.07425	4.0057225E-006
2.07575	8.0114455E-007
2.07725	1.6022873E-006
2.07875	1.6022873E-006
2.08025	8.0114455E-007
2.08175	1.6022873E-006
2.08325	8.0114455E-007
2.08475	2.4034352E-006
2.08625	8.0114455E-007
2.08775	8.0114455E-007
2.08925	8.0114455E-007
2.09075	2.4034352E-006
2.09225	1.6022873E-006
2.09375	8.0114455E-007
2.09525	3.2045832E-006
2.09675	3.2045832E-006
2.09825	3.2045832E-006
2.09975	4.0057225E-006
2.10125	3.2045832E-006
2.10275	8.0114455E-007
2.10425	4.0057225E-006
2.10575	2.4034352E-006
2.10725	4.0057225E-006
2.10875	4.0057225E-006
2.11025	8.0114455E-007
2.11175	1.6022873E-006
2.11325	2.4034352E-006
2.11475	1.6022873E-006
2.11625	2.4034352E-006
2.11775	8.0114455E-007
2.11925	8.0114455E-007
2.12075	8.0114455E-007
2.12225	1.6022873E-006
2.12375	1.6022873E-006
2.12525	1.6022873E-006
2.12675	1.6022873E-006
2.12825	8.0114455E-007
2.12975	8.0114455E-007
2.13125	8.0114455E-007
2.13275	8.0114455E-007
2.13425	8.0114455E-007
2.13575	2.4034352E-006
2.13725	2.4034352E-006
2.13875	1.6022873E-006
2.14025	3.2045832E-006
2.14175	1.6022873E-006
2.14325	3.2045832E-006
2.14475	4.0057225E-006
2.14625	1.6022873E-006
2.14775	2.4034352E-006
2.14925	1.6022873E-006
2.15075	4.8068705E-006
2.15225	8.0114455E-007
2.15375	3.2045832E-006
2.15525	3.2045832E-006
2.15675	2.4034352E-006
2.15825	8.0114455E-007
2.15975	8.0114455E-007
2.16125	8.0114455E-007
2.16275	1.6022873E-006
2.16425	1.6022873E-006
2.16575	8.0114455E-007
2.16725	8.0114455E-007
2.16875	8.0114455E-007
2.17025	8.0114455E-007
2.17175	8.0114455E-007
2.17325	1.6022873E-006
2.17475	1.6022873E-006
2.17625	3.2045832E-006
2.17775	3.2045832E-006
2.17925	3.2045832E-006
2.18075	1.6022873E-006
2.18225	2.4034352E-006
2.18375	1.6022873E-006
2.18525	8.0114455E-007
2.18675	3.2045832E-006
2.18825	8.0114455E-007
2.18975	8.0114455E-007
2.19125	8.0114455E-007
2.19275	3.2045832E-006
2.19425	1.6022873E-006
2.19575	8.0114455E-007
2.19725	8.0114455E-007
2.19875	3.2045832E-006
2.20025	2.4034352E-006
2.20175	8.0114455E-007
2.20325	8.0114455E-007
2.20475	8.0114455E-007
2.20625	8.0114455E-007
2.20775	1.6022873E-006
2.20925	8.0114455E-007
2.21075	8.0114455E-007
2.21225	1.6022873E-006
2.21375	8.0114455E-007
2.21525	8.0114455E-007
2.21675	2.4034352E-006
2.21825	8.0114455E-007
2.21975	8.0114455E-007
2.22125	1.6022873E-006
2.22275	1.6022873E-006
2.22425	8.0114455E-007
2.22575	8.0114455E-007
2.22725	3.2045832E-006
2.22875	1.6022873E-006
2.23025	1.6022873E-006
2.23175	3.2045832E-006
2.23325	1.6022873E-006
2.23475	1.6022873E-006
2.23625	1.6022873E-006
2.23775	2.4034352E-006
2.23925	2.4034352E-006
2.24075	8.0114455E-007
2.24225	8.0114455E-007
2.24375	8.0114455E-007
2.24525	3.2045832E-006
2.24675	8.0114455E-007
2.24825	8.0114455E-007
2.24975	8.0114455E-007
2.25125	8.0114455E-007
2.25275	8.0114455E-007
2.25425	8.0114455E-007
2.25575	8.0114455E-007
2.25725	8.0114455E-007
2.25875	8.0114455E-007
2.26025	8.0114455E-007
2.26175	8.0114455E-007
2.26325	2.4034352E-006
2.26475	1.6022873E-006
2.26625	1.6022873E-006
2.26775	3.2045832E-006
2.26925	8.0114455E-007
2.27075	8.0114455E-007
2.27225	8.0114455E-007
2.27375	8.0114455E-007
2.27525	8.0114455E-007
2.27675	8.0114455E-007
2.27825	8.0114455E-007
2.27975	8.0114455E-007
2.28125	8.0114455E-007
2.28275	1.6022873E-006
2.28425	8.0114455E-007
2.28575	2.4034352E-006
2.28725	8.0114455E-007
2.28875	2.4034352E-006
2.29025	8.0114455E-007
2.29175	3.2045832E-006
2.29325	8.0114455E-007
2.29475	8.0114455E-007
2.29625	1.6022873E-006
2.29775	8.0114455E-007
2.29925	8.0114455E-007
2.30075	8.0114455E-007
2.30225	2.4034352E-006
2.30375	8.0114455E-007
2.30525	8.0114455E-007
2.30675	8.0114455E-007
2.30825	8.0114455E-007
2.30975	8.0114455E-007
2.31125	1.6022873E-006
2.31275	8.0114455E-007
2.31425	8.0114455E-007
2.31575	8.0114455E-007
2.31725	2.4034352E-006
2.31875	4.0057225E-006
2.32025	1.6022873E-006
2.32175	8.0114455E-007
2.32325	8.0114455E-007
2.32475	8.0114455E-007
2.32625	3.2045832E-006
2.32775	8.0114455E-007
2.32925	3.2045832E-006
2.33075	2.4034352E-006
2.33225	2.4034352E-006
2.33375	8.0114455E-007
2.33525	8.0114455E-007
2.33675	8.0114455E-007
2.33825	1.6022873E-006
2.33975	8.0114455E-007
2.34125	2.4034352E-006
2.34275	8.0114455E-007
2.34425	8.0114455E-007
2.34575	1.6022873E-006
2.34725	8.0114455E-007
2.34875	1.6022873E-006
2.35025	8.0114455E-007
2.35175	2.4034352E-006
2.35325	8.0114455E-007
2.35475	8.0114455E-007
2.35625	8.0114455E-007
2.35775	1.6022873E-006
2.35925	2.4034352E-006
2.36075	1.6022873E-006
2.36225	8.0114455E-007
2.36375	8.0114455E-007
2.36525	8.0114455E-007
2.36675	2.4034352E-006
2.36825	1.6022873E-006
2.36975	8.0114455E-007
2.37125	8.0114455E-007
2.37275	8.0114455E-007
2.37425	1.6022873E-006
2.37575	8.0114455E-007
2.37725	8.0114455E-007
2.37875	8.0114455E-007
2.38025	8.0114455E-007
2.38175	8.0114455E-007
2.38325	1.6022873E-006
2.38475	1.6022873E-006
2.38625	8.0114455E-007
2.38775	8.0114455E-007
2.38925	8.0114455E-007
2.39075	8.0114455E-007
2.39225	8.0114455E-007
2.39375	8.0114455E-007
2.39525	8.0114455E-007
2.39675	8.0114455E-007
2.39825	8.0114455E-007
2.39975	8.0114455E-007
2.40125	8.0114455E-007
2.40275	8.0114455E-007
2.40425	8.0114455E-007
2.40575	1.6022873E-006
2.40725	8.0114455E-007
2.40875	8.0114455E-007
2.41025	2.4034352E-006
2.41175	8.0114455E-007
2.41325	4.8068705E-006
2.41475	1.6022873E-006
2.41625	8.0114455E-007
2.41775	8.0114455E-007
2.41925	8.0114455E-007
2.42075	2.4034352E-006
2.42225	1.6022873E-006
2.42375	2.4034352E-006
2.42525	1.6022873E-006
2.42675	8.0114455E-007
2.42825	8.0114455E-007
2.42975	1.6022873E-006
2.43125	8.0114455E-007
2.43275	8.0114455E-007
2.43425	8.0114455E-007
2.43575	3.2045832E-006
2.43725	1.6022873E-006
2.43875	8.0114455E-007
2.44025	8.0114455E-007
2.44175	8.0114455E-007
2.44325	1.6022873E-006
2.44475	8.0114455E-007
2.44625	3.2045832E-006
2.44775	8.0114455E-007
2.44925	8.0114455E-007
2.45075	4.0057225E-006
2.45225	1.6022873E-006
2.45375	8.0114455E-007
2.45525	3.2045832E-006
2.45675	4.0057225E-006
2.45825	8.0114455E-007
2.45975	8.0114455E-007
2.46125	8.0114455E-007
2.46275	8.0114455E-007
2.46425	8.0114455E-007
2.46575	8.0114455E-007
2.46725	8.0114455E-007
2.46875	1.6022873E-006
2.47025	8.0114455E-007
2.47175	8.0114455E-007
2.47325	8.0114455E-007
2.47475	8.0114455E-007
2.47625	8.0114455E-007
2.47775	8.0114455E-007
2.47925	8.0114455E-007
2.48075	8.0114455E-007
2.48225	8.0114455E-007
2.48375	1.6022873E-006
2.48525	1.6022873E-006
2.48675	2.4034352E-006
2.48825	1.6022873E-006
2.48975	8.0114455E-007
2.49125	8.0114455E-007
2.49275	8.0114455E-007
2.49425	8.0114455E-007
2.49575	8.0114455E-007
2.49725	8.0114455E-007
2.49875	8.0114455E-007
2.50025	1.6022873E-006
2.50175	1.6022873E-006
2.50325	1.6022873E-006
2.50475	8.0114455E-007
2.50625	1.6022873E-006
2.50775	1.6022873E-006
2.50925	8.0114455E-007
2.51075	8.0114455E-007
2.51225	8.0114455E-007
2.51375	8.0114455E-007
2.51525	8.0114455E-007
2.51675	8.0114455E-007
2.51825	2.4034352E-006
2.51975	8.0114455E-007
2.52125	8.0114455E-007
2.52275	8.0114455E-007
2.52425	2.4034352E-006
2.52575	8.0114455E-007
2.52725	8.0114455E-007
2.52875	8.0114455E-007
2.53025	2.4034352E-006
2.53175	1.6022873E-006
2.53325	1.6022873E-006
2.53475	8.0114455E-007
2.53625	8.0114455E-007
2.53775	4.0057225E-006
2.53925	2.4034352E-006
2.54075	1.6022873E-006
2.54225	5.6080098E-006
2.54375	2.4034352E-006
2.54525	4.8068705E-006
2.54675	8.0114455E-007
2.54825	3.2045832E-006
2.54975	3.2045832E-006
2.55125	8.0114455E-007
2.55275	8.0114455E-007
2.55425	1.6022873E-006
2.55575	8.0114455E-007
2.55725	1.6022873E-006
2.55875	8.0114455E-007
2.56025	2.4034352E-006
2.56175	8.0114455E-007
2.56325	1.6022873E-006
2.56475	2.4034352E-006
2.56625	8.0114455E-007
2.56775	8.0114455E-007
2.56925	1.6022873E-006
2.57075	2.4034352E-006
2.57225	8.0114455E-007
2.57375	3.2045832E-006
2.57525	8.0114455E-007
2.57675	8.0114455E-007
2.57825	3.2045832E-006
2.57975	3.2045832E-006
2.58125	1.6022873E-006
2.58275	3.2045832E-006
2.58425	3.2045832E-006
2.58575	2.4034352E-006
2.58725	1.6022873E-006
2.58875	2.4034352E-006
2.59025	4.8068705E-006
2.59175	3.2045832E-006
2.59325	4.8068705E-006
2.59475	1.6022873E-006
2.59625	8.0114455E-007
2.59775	4.0057225E-006
2.59925	3.2045832E-006
2.60075	2.4034352E-006
2.60225	4.8068705E-006
2.60375	1.6022873E-006
2.60525	8.0114455E-007
2.60675	8.0114455E-007
2.60825	1.6022873E-006
2.60975	8.0114455E-007
2.61125	2.4034352E-006
2.61275	1.6022873E-006
2.61425	2.4034352E-006
2.61575	2.4034352E-006
2.61725	4.8068705E-006
2.61875	4.8068705E-006
2.62025	4.0057225E-006
2.62175	5.6080098E-006
2.62325	1.3619437E-005
2.62475	1.2818350E-005
2.62625	1.7625222E-005
2.62775	2.0829744E-005
2.62925	2.4034352E-005
2.63075	2.8841223E-005
2.63225	3.2045831E-005
2.63375	2.8040049E-005
2.63525	3.3648095E-005
2.63675	3.3648095E-005
2.63825	4.4062923E-005
2.63975	6.1688144E-005
2.64125	5.5279012E-005
2.64275	4.5665271E-005
2.64425	6.0886967E-005
2.64575	5.9284706E-005
2.64725	6.4892753E-005
2.64875	5.5279012E-005
2.65025	6.6495013E-005
2.65175	6.8898451E-005
2.65325	6.9699621E-005
2.65475	7.2103059E-005
2.65625	6.2489315E-005
2.65775	7.1301882E-005
2.65925	7.9313366E-005
2.66075	7.2904149E-005
2.66225	6.2489315E-005
2.66375	6.1688144E-005
2.66525	6.2489315E-005
2.66675	4.9670969E-005
2.66825	5.9284706E-005
2.66975	4.8068705E-005
2.67125	3.7653790E-005
2.67275	3.7653790E-005
2.67425	4.1659572E-005
2.67575	3.1244657E-005
2.67725	2.9642397E-005
2.67875	2.4835526E-005
2.68025	2.6437789E-005
2.68175	2.0829744E-005
2.68325	1.6022874E-005
2.68475	1.3619437E-005
2.68625	1.5221785E-005
2.68775	1.6022874E-005
2.68925	7.2103057E-006
2.69075	7.2103057E-006
2.69225	7.2103057E-006
2.69375	8.0114451E-006
2.69525	4.0057225E-006
2.69675	4.0057225E-006
2.69825	2.4034352E-006
2.69975	1.6022873E-006
2.70125	5.6080098E-006
2.70275	4.0057225E-006
2.70425	8.0114455E-007
2.70575	8.0114455E-007
2.70725	1.6022873E-006
2.70875	8.0114455E-007
2.71025	1.6022873E-006
2.71175	2.4034352E-006
2.71325	3.2045832E-006
2.71475	4.0057225E-006
2.71625	3.2045832E-006
2.71775	3.2045832E-006
2.71925	4.8068705E-006
2.72075	1.6022873E-006
2.72225	8.0114455E-007
2.72375	4.0057225E-006
2.72525	8.0114455E-007
2.72675	3.2045832E-006
2.72825	6.4091578E-006
2.72975	4.0057225E-006
2.73125	2.4034352E-006
2.73275	8.0114455E-007
2.73425	1.6022873E-006
2.73575	1.6022873E-006
2.73725	1.6022873E-006
2.73875	8.0114455E-007
2.74025	8.0114455E-007
2.74175	8.0114455E-007
2.74325	8.0114455E-007
2.74475	1.6022873E-006
2.74625	8.0114455E-007
2.74775	2.4034352E-006
2.74925	1.6022873E-006
2.75075	8.0114455E-007
2.75225	8.0114455E-007
2.75375	3.2045832E-006
2.75525	2.4034352E-006
2.75675	8.0114455E-007
2.75825	2.4034352E-006
2.75975	3.2045832E-006
2.76125	8.0114455E-007
2.76275	1.6022873E-006
2.76425	8.0114455E-007
2.76575	8.0114455E-007
2.76725	1.6022873E-006
2.76875	8.0114455E-007
2.77025	1.6022873E-006
2.77175	1.6022873E-006
2.77325	8.0114455E-007
2.77475	3.2045832E-006
2.77625	1.6022873E-006
2.77775	8.0114455E-007
2.77925	8.0114455E-007
2.78075	1.6022873E-006
2.78225	8.0114455E-007
2.78375	8.0114455E-007
2.78525	8.0114455E-007
2.78675	8.0114455E-007
2.78825	8.0114455E-007
2.78975	8.0114455E-007
2.79125	8.0114455E-007
2.79275	8.0114455E-007
2.79425	1.6022873E-006
2.79575	8.0114455E-007
2.79725	2.4034352E-006
2.79875	1.6022873E-006
2.80025	1.6022873E-006
2.80175	8.0114455E-007
2.80325	8.0114455E-007
2.80475	8.0114455E-007
2.80625	8.0114455E-007
2.80775	8.0114455E-007
2.80925	3.2045832E-006
2.81075	8.0114455E-007
2.81225	8.0114455E-007
2.81375	8.0114455E-007
2.81525	1.6022873E-006
2.81675	8.0114455E-007
2.81825	1.6022873E-006
2.81975	8.0114455E-007
2.82125	8.0114455E-007
2.82275	8.0114455E-007
2.82425	8.0114455E-007
2.82575	8.0114455E-007
2.82725	8.0114455E-007
2.82875	8.0114455E-007
2.83025	1.6022873E-006
2.83175	8.0114455E-007
2.83325	8.0114455E-007
2.83475	8.0114455E-007
2.83625	8.0114455E-007
2.83775	8.0114455E-007
2.83925	8.0114455E-007
2.84075	8.0114455E-007
2.84225	8.0114455E-007
2.84375	8.0114455E-007
2.84525	2.4034352E-006
2.84675	8.0114455E-007
2.84825	3.2045832E-006
2.84975	1.6022873E-006
2.85125	8.0114455E-007
2.85275	8.0114455E-007
2.85425	8.0114455E-007
2.85575	8.0114455E-007
2.85725	8.0114455E-007
2.85875	8.0114455E-007
2.86025	8.0114455E-007
2.86175	8.0114455E-007
2.86325	8.0114455E-007
2.86475	8.0114455E-007
2.86625	8.0114455E-007
2.86775	8.0114455E-007
2.86925	8.0114455E-007
2.87075	8.0114455E-007
2.87225	1.6022873E-006
2.87375	8.0114455E-007
2.87525	8.0114455E-007
2.87675	8.0114455E-007
2.87825	8.0114455E-007
2.87975	8.0114455E-007
2.88125	8.0114455E-007
2.88275	1.6022873E-006
2.88425	8.0114455E-007
2.88575	1.6022873E-006
2.88725	1.6022873E-006
2.88875	8.0114455E-007
2.89025	8.0114455E-007
2.89175	8.0114455E-007
2.89325	8.0114455E-007
2.89475	8.0114455E-007
2.89625	8.0114455E-007
2.89775	8.0114455E-007
2.89925	8.0114455E-007
2.90075	8.0114455E-007
2.90225	8.0114455E-007
2.90375	1.6022873E-006
2.90525	8.0114455E-007
2.90675	2.4034352E-006
2.90825	1.6022873E-006
2.90975	8.0114455E-007
2.91125	8.0114455E-007
2.91275	8.0114455E-007
2.91425	2.4034352E-006
2.91575	8.0114455E-007
2.91725	8.0114455E-007
2.91875	8.0114455E-007
2.92025	8.0114455E-007
2.92175	8.0114455E-007
2.92325	8.0114455E-007
2.92475	8.0114455E-007
2.92625	8.0114455E-007
2.92775	8.0114455E-007
2.92925	1.6022873E-006
2.93075	8.0114455E-007
2.93225	8.0114455E-007
2.93375	8.0114455E-007
2.93525	8.0114455E-007
2.93675	8.0114455E-007
2.93825	1.6022873E-006
2.93975	8.0114455E-007
2.94125	8.0114455E-007
2.94275	1.6022873E-006
2.94425	8.0114455E-007
2.94575	8.0114455E-007
2.94725	8.0114455E-007
2.94875	8.0114455E-007
2.95025	8.0114455E-007
2.95175	8.0114455E-007
2.95325	8.0114455E-007
2.95475	8.0114455E-007
2.95625	8.0114455E-007
2.95775	8.0114455E-007
2.95925	8.0114455E-007
2.96075	8.0114455E-007
2.96225	8.0114455E-007
2.96375	8.0114455E-007
2.96525	8.0114455E-007
2.96675	8.0114455E-007
2.96825	8.0114455E-007
2.96975	8.0114455E-007
2.97125	1.6022873E-006
2.97275	8.0114455E-007
2.97425	8.0114455E-007
2.97575	8.0114455E-007
2.97725	8.0114455E-007
2.97875	8.0114455E-007
2.98025	8.0114455E-007
2.98175	8.0114455E-007
2.98325	8.0114455E-007
2.98475	1.6022873E-006
2.98625	8.0114455E-007
2.98775	8.0114455E-007
2.98925	8.0114455E-007
2.99075	8.0114455E-007
2.99225	8.0114455E-007
2.99375	8.0114455E-007
2.99525	8.0114455E-007
2.99675	8.0114455E-007
2.99825	8.0114455E-007
2.99975	8.0114455E-007
3.00125	8.0114455E-007
3.00275	8.0114455E-007
3.00425	8.0114455E-007
3.00575	8.0114455E-007
3.00725	8.0114455E-007
3.00875	1.6022873E-006
3.01025	8.0114455E-007
3.01175	8.0114455E-007
3.01325	8.0114455E-007
3.01475	8.0114455E-007
3.01625	8.0114455E-007
3.01775	8.0114455E-007
3.01925	8.0114455E-007
3.02075	8.0114455E-007
3.02225	1.6022873E-006
3.02375	8.0114455E-007
3.02525	8.0114455E-007
3.02675	8.0114455E-007
3.02825	8.0114455E-007
3.02975	8.0114455E-007
3.03125	8.0114455E-007
3.03275	8.0114455E-007
3.03425	8.0114455E-007
3.03575	8.0114455E-007
3.03725	8.0114455E-007
3.03875	8.0114455E-007
3.04025	8.0114455E-007
3.04175	1.6022873E-006
3.04325	8.0114455E-007
3.04475	2.4034352E-006
3.04625	8.0114455E-007
3.04775	8.0114455E-007
3.04925	8.0114455E-007
3.05075	8.0114455E-007
3.05225	8.0114455E-007
3.05375	8.0114455E-007
3.05525	8.0114455E-007
3.05675	8.0114455E-007
3.05825	8.0114455E-007
3.05975	8.0114455E-007
3.06125	8.0114455E-007
3.06275	8.0114455E-007
3.06425	2.4034352E-006
3.06575	8.0114455E-007
3.06725	8.0114455E-007
3.06875	8.0114455E-007
3.07025	8.0114455E-007
3.07175	8.0114455E-007
3.07325	8.0114455E-007
3.07475	8.0114455E-007
3.07625	8.0114455E-007
3.07775	8.0114455E-007
3.07925	8.0114455E-007
3.08075	8.0114455E-007
3.08225	8.0114455E-007
3.08375	8.0114455E-007
3.08525	8.0114455E-007
3.08675	2.4034352E-006
3.08825	1.6022873E-006
3.08975	8.0114455E-007
3.09125	8.0114455E-007
3.09275	1.6022873E-006
3.09425	8.0114455E-007
3.09575	8.0114455E-007
3.09725	8.0114455E-007
3.09875	8.0114455E-007
3.10025	8.0114455E-007
3.10175	2.4034352E-006
3.10325	8.0114455E-007
3.10475	8.0114455E-007
3.10625	8.0114455E-007
3.10775	8.0114455E-007
3.10925	1.6022873E-006
3.11075	8.0114455E-007
3.11225	1.6022873E-006
3.11375	4.0057225E-006
3.11525	8.0114455E-007
3.11675	8.0114455E-007
3.11825	8.0114455E-007
3.11975	8.0114455E-007
3.12125	8.0114455E-007
3.12275	8.0114455E-007
3.12425	8.0114455E-007
3.12575	8.0114455E-007
3.12725	8.0114455E-007
3.12875	8.0114455E-007
3.13025	8.0114455E-007
3.13175	8.0114455E-007
3.13325	1.6022873E-006
3.13475	8.0114455E-007
3.13625	8.0114455E-007
3.13775	8.0114455E-007
3.13925	8.0114455E-007
3.14075	8.0114455E-007
3.14225	1.6022873E-006
3.14375	2.4034352E-006
3.14525	8.0114455E-007
3.14675	8.0114455E-007
3.14825	8.0114455E-007
3.14975	8.0114455E-007
3.15125	1.6022873E-006
3.15275	8.0114455E-007
3.15425	8.0114455E-007
3.15575	8.0114455E-007
3.15725	8.0114455E-007
3.15875	1.6022873E-006
3.16025	8.0114455E-007
3.16175	8.0114455E-007
3.16325	8.0114455E-007
3.16475	8.0114455E-007
3.16625	8.0114455E-007
3.16775	8.0114455E-007
3.16925	8.0114455E-007
3.17075	2.4034352E-006
3.17225	8.0114455E-007
3.17375	1.6022873E-006
3.17525	8.0114455E-007
3.17675	8.0114455E-007
3.17825	8.0114455E-007
3.17975	8.0114455E-007
3.18125	8.0114455E-007
3.18275	8.0114455E-007
3.18425	8.0114455E-007
3.18575	8.0114455E-007
3.18725	8.0114455E-007
3.18875	8.0114455E-007
3.19025	2.4034352E-006
3.19175	8.0114455E-007
3.19325	8.0114455E-007
3.19475	8.0114455E-007
3.19625	8.0114455E-007
3.19775	8.0114455E-007
3.19925	8.0114455E-007
3.20075	8.0114455E-007
3.20225	8.0114455E-007
3.20375	8.0114455E-007
3.20525	8.0114455E-007
3.20675	8.0114455E-007
3.20825	3.2045832E-006
3.20975	8.0114455E-007
3.21125	8.0114455E-007
3.21275	8.0114455E-007
3.21425	1.6022873E-006
3.21575	8.0114455E-007
3.21725	8.0114455E-007
3.21875	8.0114455E-007
3.22025	8.0114455E-007
3.22175	8.0114455E-007
3.22325	8.0114455E-007
3.22475	8.0114455E-007
3.22625	8.0114455E-007
3.22775	8.0114455E-007
3.22925	2.4034352E-006
3.23075	8.0114455E-007
3.23225	8.0114455E-007
3.23375	8.0114455E-007
3.23525	8.0114455E-007
3.23675	8.0114455E-007
3.23825	8.0114455E-007
3.23975	8.0114455E-007
3.24125	8.0114455E-007
3.24275	8.0114455E-007
3.24425	1.6022873E-006
3.24575	1.6022873E-006
3.24725	8.0114455E-007
3.24875	1.6022873E-006
3.25025	1.6022873E-006
3.25175	4.8068705E-006
3.25325	8.0114455E-007
3.25475	8.0114455E-007
3.25625	1.6022873E-006
3.25775	8.0114455E-007
3.25925	1.6022873E-006
3.26075	1.6022873E-006
3.26225	8.0114455E-007
3.26375	8.0114455E-007
3.26525	8.0114455E-007
3.26675	8.0114455E-007
3.26825	8.0114455E-007
3.26975	8.0114455E-007
3.27125	8.0114455E-007
3.27275	8.0114455E-007
3.27425	8.0114455E-007
3.27575	8.0114455E-007
3.27725	8.0114455E-007
3.27875	8.0114455E-007
3.28025	8.0114455E-007
3.28175	8.0114455E-007
3.28325	1.6022873E-006
3.28475	8.0114455E-007
3.28625	8.0114455E-007
3.28775	8.0114455E-007
3.28925	8.0114455E-007
3.29075	8.0114455E-007
3.29225	8.0114455E-007
3.29375	8.0114455E-007
3.29525	8.0114455E-007
3.29675	8.0114455E-007
3.29825	8.0114455E-007
3.29975	8.0114455E-007
3.30125	8.0114455E-007
3.30275	1.6022873E-006
3.30425	8.0114455E-007
3.30575	8.0114455E-007
3.30725	8.0114455E-007
3.30875	8.0114455E-007
3.31025	8.0114455E-007
3.31175	8.0114455E-007
3.31325	2.4034352E-006
3.31475	8.0114455E-007
3.31625	8.0114455E-007
3.31775	1.6022873E-006
3.31925	8.0114455E-007
3.32075	8.0114455E-007
3.32225	8.0114455E-007
3.32375	8.0114455E-007
3.32525	8.0114455E-007
3.32675	8.0114455E-007
3.32825	8.0114455E-007
3.32975	8.0114455E-007
3.33125	8.0114455E-007
3.33275	8.0114455E-007
3.33425	8.0114455E-007
3.33575	8.0114455E-007
3.33725	8.0114455E-007
3.33875	8.0114455E-007
3.34025	2.4034352E-006
3.34175	8.0114455E-007
3.34325	1.6022873E-006
3.34475	2.4034352E-006
3.34625	8.0114455E-007
3.34775	8.0114455E-007
3.34925	8.0114455E-007
3.35075	1.6022873E-006
3.35225	8.0114455E-007
3.35375	1.6022873E-006
3.35525	8.0114455E-007
3.35675	8.0114455E-007
3.35825	8.0114455E-007
3.35975	8.0114455E-007
3.36125	8.0114455E-007
3.36275	1.6022873E-006
3.36425	8.0114455E-007
3.36575	8.0114455E-007
3.36725	8.0114455E-007
3.36875	8.0114455E-007
3.37025	1.6022873E-006
3.37175	1.6022873E-006
3.37325	8.0114455E-007
3.37475	8.0114455E-007
3.37625	2.4034352E-006
3.37775	8.0114455E-007
3.37925	8.0114455E-007
3.38075	8.0114455E-007
3.38225	1.6022873E-006
3.38375	8.0114455E-007
3.38525	1.6022873E-006
3.38675	8.0114455E-007
3.38825	1.6022873E-006
3.38975	8.0114455E-007
3.39125	8.0114455E-007
3.39275	1.6022873E-006
3.39425	2.4034352E-006
3.39575	8.0114455E-007
3.39725	2.4034352E-006
3.39875	8.0114455E-007
3.40025	8.0114455E-007
3.40175	8.0114455E-007
3.40325	8.0114455E-007
3.40475	1.6022873E-006
3.40625	8.0114455E-007
3.40775	8.0114455E-007
3.40925	8.0114455E-007
3.41075	8.0114455E-007
3.41225	3.2045832E-006
3.41375	8.0114455E-007
3.41525	8.0114455E-007
3.41675	8.0114455E-007
3.41825	8.0114455E-007
3.41975	1.6022873E-006
3.42125	8.0114455E-007
3.42275	1.6022873E-006
3.42425	1.6022873E-006
3.42575	8.0114455E-007
3.42725	2.4034352E-006
3.42875	1.6022873E-006
3.43025	1.6022873E-006
3.43175	8.0114455E-007
3.43325	8.0114455E-007
3.43475	8.0114455E-007
3.43625	2.4034352E-006
3.43775	2.4034352E-006
3.43925	8.0114455E-007
3.44075	8.0114455E-007
3.44225	8.0114455E-007
3.44375	1.6022873E-006
3.44525	8.0114455E-007
3.44675	8.0114455E-007
3.44825	8.0114455E-007
3.44975	8.0114455E-007
3.45125	8.0114455E-007
3.45275	1.6022873E-006
3.45425	2.4034352E-006
3.45575	8.0114455E-007
3.45725	1.6022873E-006
3.45875	1.6022873E-006
3.46025	8.0114455E-007
3.46175	1.6022873E-006
3.46325	8.0114455E-007
3.46475	4.0057225E-006
3.46625	8.0114455E-007
3.46775	4.0057225E-006
3.46925	8.0114455E-007
3.47075	3.2045832E-006
3.47225	8.0114455E-007
3.47375	8.0114455E-007
3.47525	1.6022873E-006
3.47675	1.6022873E-006
3.47825	2.4034352E-006
3.47975	2.4034352E-006
3.48125	1.6022873E-006
3.48275	8.0114455E-007
3.48425	4.0057225E-006
3.48575	8.0114455E-007
3.48725	8.0114455E-007
3.48875	8.0114455E-007
3.49025	1.6022873E-006
3.49175	4.0057225E-006
3.49325	1.6022873E-006
3.49475	1.6022873E-006
3.49625	8.0114455E-007
3.49775	8.0114455E-007
3.49925	8.0114455E-007
3.50075	8.0114455E-007
3.50225	1.6022873E-006
3.50375	8.0114455E-007
3.50525	1.6022873E-006
3.50675	4.0057225E-006
3.50825	1.6022873E-006
3.50975	4.0057225E-006
3.51125	1.6022873E-006
3.51275	5.6080098E-006
3.51425	6.4091578E-006
3.51575	6.4091578E-006
3.51725	7.2103057E-006
3.51875	7.2103057E-006
3.52025	1.2818350E-005
3.52175	9.6137410E-006
3.52325	5.6080098E-006
3.52475	5.6080098E-006
3.52625	8.0114451E-006
3.52775	8.0114451E-006
3.52925	1.2017176E-005
3.53075	8.8125671E-006
3.53225	8.0114451E-006
3.53375	1.1216002E-005
3.53525	9.6137410E-006
3.53675	6.4091578E-006
3.53825	6.4091578E-006
3.53975	4.8068705E-006
3.54125	9.6137410E-006
3.54275	8.8125671E-006
3.54425	3.2045832E-006
3.54575	8.8125671E-006
3.54725	6.4091578E-006
3.54875	3.2045832E-006
3.55025	8.0114451E-006
3.55175	1.6022873E-006
3.55325	5.6080098E-006
3.55475	8.0114451E-006
3.55625	8.0114455E-007
3.55775	1.6022873E-006
3.55925	4.0057225E-006
3.56075	8.0114455E-007
3.56225	2.4034352E-006
3.56375	1.6022873E-006
3.56525	8.0114455E-007
3.56675	8.0114455E-007
3.56825	1.6022873E-006
3.56975	2.4034352E-006
3.57125	8.0114455E-007
3.57275	8.0114455E-007
3.57425	8.0114455E-007
3.57575	8.0114455E-007
3.57725	8.0114455E-007
3.57875	8.0114455E-007
3.58025	8.0114455E-007
3.58175	8.0114455E-007
3.58325	8.0114455E-007
3.58475	8.0114455E-007
3.58625	2.4034352E-006
3.58775	8.0114455E-007
3.58925	8.0114455E-007
3.59075	8.0114455E-007
3.59225	8.0114455E-007
3.59375	8.0114455E-007
3.59525	8.0114455E-007
3.59675	8.0114455E-007
3.59825	8.0114455E-007
3.59975	1.6022873E-006
3.60125	8.0114455E-007
3.60275	8.0114455E-007
3.60425	8.0114455E-007
3.60575	8.0114455E-007
3.60725	8.0114455E-007
3.60875	8.0114455E-007
3.61025	8.0114455E-007
3.61175	8.0114455E-007
3.61325	8.0114455E-007
3.61475	8.0114455E-007
3.61625	8.0114455E-007
3.61775	8.0114455E-007
3.61925	8.0114455E-007
3.62075	8.0114455E-007
3.62225	8.0114455E-007
3.62375	8.0114455E-007
3.62525	8.0114455E-007
3.62675	8.0114455E-007
3.62825	8.0114455E-007
3.62975	8.0114455E-007
3.63125	8.0114455E-007
3.63275	8.0114455E-007
3.63425	8.0114455E-007
3.63575	1.6022873E-006
3.63725	8.0114455E-007
3.63875	2.4034352E-006
3.64025	8.0114455E-007
3.64175	8.0114455E-007
3.64325	1.6022873E-006
3.64475	8.0114455E-007
3.64625	8.0114455E-007
3.64775	1.6022873E-006
3.64925	8.0114455E-007
3.65075	8.0114455E-007
3.65225	8.0114455E-007
3.65375	8.0114455E-007
3.65525	8.0114455E-007
3.65675	8.0114455E-007
3.65825	8.0114455E-007
3.65975	8.0114455E-007
3.66125	8.0114455E-007
3.66275	8.0114455E-007
3.66425	8.0114455E-007
3.66575	8.0114455E-007
3.66725	8.0114455E-007
3.66875	8.0114455E-007
3.67025	8.0114455E-007
3.67175	8.0114455E-007
3.67325	8.0114455E-007
3.67475	8.0114455E-007
3.67625	8.0114455E-007
3.67775	8.0114455E-007
3.67925	8.0114455E-007
3.68075	8.0114455E-007
3.68225	1.6022873E-006
3.68375	8.0114455E-007
3.68525	8.0114455E-007
3.68675	8.0114455E-007
3.68825	1.6022873E-006
3.68975	8.0114455E-007
3.69125	8.0114455E-007
3.69275	8.0114455E-007
3.69425	8.0114455E-007
3.69575	8.0114455E-007
3.69725	8.0114455E-007
3.69875	8.0114455E-007
3.70025	8.0114455E-007
3.70175	8.0114455E-007
3.70325	8.0114455E-007
3.70475	8.0114455E-007
3.70625	8.0114455E-007
3.70775	8.0114455E-007
3.70925	8.0114455E-007
3.71075	8.0114455E-007
3.71225	8.0114455E-007
3.71375	8.0114455E-007
3.71525	8.0114455E-007
3.71675	8.0114455E-007
3.71825	8.0114455E-007
3.71975	8.0114455E-007
3.72125	8.0114455E-007
3.72275	8.0114455E-007
3.72425	8.0114455E-007
3.72575	8.0114455E-007
3.72725	8.0114455E-007
3.72875	8.0114455E-007
3.73025	8.0114455E-007
3.73175	8.0114455E-007
3.73325	8.0114455E-007
3.73475	8.0114455E-007
3.73625	8.0114455E-007
3.73775	8.0114455E-007
3.73925	8.0114455E-007
3.74075	8.0114455E-007
3.74225	8.0114455E-007
3.74375	1.6022873E-006
3.74525	8.0114455E-007
3.74675	8.0114455E-007
3.74825	8.0114455E-007
3.74975	8.0114455E-007
3.75125	8.0114455E-007
3.75275	8.0114455E-007
3.75425	8.0114455E-007
3.75575	8.0114455E-007
3.75725	1.6022873E-006
3.75875	8.0114455E-007
3.76025	8.0114455E-007
3.76175	8.0114455E-007
3.76325	8.0114455E-007
3.76475	8.0114455E-007
3.76625	8.0114455E-007
3.76775	8.0114455E-007
3.76925	8.0114455E-007
3.77075	8.0114455E-007
3.77225	8.0114455E-007
3.77375	8.0114455E-007
3.77525	8.0114455E-007
3.77675	8.0114455E-007
3.77825	8.0114455E-007
3.77975	8.0114455E-007
3.78125	8.0114455E-007
3.78275	8.0114455E-007
3.78425	8.0114455E-007
3.78575	8.0114455E-007
3.78725	8.0114455E-007
3.78875	8.0114455E-007
3.79025	8.0114455E-007
3.79175	8.0114455E-007
3.79325	8.0114455E-007
3.79475	8.0114455E-007
3.79625	8.0114455E-007
3.79775	8.0114455E-007
3.79925	8.0114455E-007
3.80075	8.0114455E-007
3.80225	8.0114455E-007
3.80375	8.0114455E-007
3.80525	8.0114455E-007
3.80675	8.0114455E-007
3.80825	8.0114455E-007
3.80975	8.0114455E-007
3.81125	8.0114455E-007
3.81275	8.0114455E-007
3.81425	8.0114455E-007
3.81575	8.0114455E-007
3.81725	8.0114455E-007
3.81875	8.0114455E-007
3.82025	8.0114455E-007
3.82175	8.0114455E-007
3.82325	8.0114455E-007
3.82475	2.4034352E-006
3.82625	8.0114455E-007
3.82775	8.0114455E-007
3.82925	8.0114455E-007
3.83075	8.0114455E-007
3.83225	8.0114455E-007
3.83375	8.0114455E-007
3.83525	8.0114455E-007
3.83675	8.0114455E-007
3.83825	8.0114455E-007
3.83975	8.0114455E-007
3.84125	8.0114455E-007
3.84275	8.0114455E-007
3.84425	8.0114455E-007
3.84575	8.0114455E-007
3.84725	8.0114455E-007
3.84875	8.0114455E-007
3.85025	8.0114455E-007
3.85175	8.0114455E-007
3.85325	8.0114455E-007
3.85475	8.0114455E-007
3.85625	8.0114455E-007
3.85775	8.0114455E-007
3.85925	8.0114455E-007
3.86075	8.0114455E-007
3.86225	8.0114455E-007
3.86375	8.0114455E-007
3.86525	8.0114455E-007
3.86675	8.0114455E-007
3.86825	8.0114455E-007
3.86975	8.0114455E-007
3.87125	8.0114455E-007
3.87275	8.0114455E-007
3.87425	8.0114455E-007
3.87575	8.0114455E-007
3.87725	8.0114455E-007
3.87875	8.0114455E-007
3.88025	8.0114455E-007
3.88175	8.0114455E-007
3.88325	8.0114455E-007
3.88475	8.0114455E-007
3.88625	8.0114455E-007
3.88775	8.0114455E-007
3.88925	8.0114455E-007
3.89075	8.0114455E-007
3.89225	8.0114455E-007
3.89375	8.0114455E-007
3.89525	8.0114455E-007
3.89675	8.0114455E-007
3.89825	8.0114455E-007
3.89975	8.0114455E-007
3.90125	8.0114455E-007
3.90275	8.0114455E-007
3.90425	8.0114455E-007
3.90575	8.0114455E-007
3.90725	8.0114455E-007
3.90875	8.0114455E-007
3.91025	8.0114455E-007
3.91175	8.0114455E-007
3.91325	8.0114455E-007
3.91475	8.0114455E-007
3.91625	8.0114455E-007
3.91775	8.0114455E-007
3.91925	2.4034352E-006
3.92075	8.0114455E-007
3.92225	8.0114455E-007
3.92375	8.0114455E-007
3.92525	8.0114455E-007
3.92675	8.0114455E-007
3.92825	8.0114455E-007
3.92975	8.0114455E-007
3.93125	8.0114455E-007
3.93275	8.0114455E-007
3.93425	8.0114455E-007
3.93575	8.0114455E-007
3.93725	8.0114455E-007
3.93875	8.0114455E-007
3.94025	8.0114455E-007
3.94175	8.0114455E-007
3.94325	8.0114455E-007
3.94475	8.0114455E-007
3.94625	8.0114455E-007
3.94775	8.0114455E-007
3.94925	8.0114455E-007
3.95075	8.0114455E-007
3.95225	8.0114455E-007
3.95375	8.0114455E-007
3.95525	8.0114455E-007
3.95675	8.0114455E-007
3.95825	8.0114455E-007
3.95975	2.4034352E-006
3.96125	1.6022873E-006
3.96275	8.0114455E-007
3.96425	8.0114455E-007
3.96575	8.0114455E-007
3.96725	8.0114455E-007
3.96875	8.0114455E-007
3.97025	8.0114455E-007
3.97175	8.0114455E-007
3.97325	8.0114455E-007
3.97475	8.0114455E-007
3.97625	8.0114455E-007
3.97775	8.0114455E-007
3.97925	8.0114455E-007
3.98075	8.0114455E-007
3.98225	8.0114455E-007
3.98375	8.0114455E-007
3.98525	8.0114455E-007
3.98675	8.0114455E-007
3.98825	8.0114455E-007
3.98975	8.0114455E-007
3.99125	8.0114455E-007
3.99275	8.0114455E-007
3.99425	8.0114455E-007
3.99575	8.0114455E-007
3.99725	8.0114455E-007
3.99875	8.0114455E-007
4.00025	8.0114455E-007
4.00175	8.0114455E-007
4.00325	8.0114455E-007
4.00475	8.0114455E-007
4.00625	8.0114455E-007
4.00775	8.0114455E-007
4.00925	8.0114455E-007
4.01075	8.0114455E-007
4.01225	1.6022873E-006
4.01375	8.0114455E-007
4.01525	8.0114455E-007
4.01675	8.0114455E-007
4.01825	8.0114455E-007
4.01975	8.0114455E-007
4.02125	8.0114455E-007
4.02275	8.0114455E-007
4.02425	8.0114455E-007
4.02575	8.0114455E-007
4.02725	8.0114455E-007
4.02875	8.0114455E-007
4.03025	8.0114455E-007
4.03175	8.0114455E-007
4.03325	8.0114455E-007
4.03475	8.0114455E-007
4.03625	8.0114455E-007
4.03775	8.0114455E-007
4.03925	8.0114455E-007
4.04075	8.0114455E-007
4.04225	8.0114455E-007
4.04375	8.0114455E-007
4.04525	8.0114455E-007
4.04675	8.0114455E-007
4.04825	8.0114455E-007
4.04975	8.0114455E-007
4.05125	8.0114455E-007
4.05275	8.0114455E-007
4.05425	8.0114455E-007
4.05575	8.0114455E-007
4.05725	8.0114455E-007
4.05875	8.0114455E-007
4.06025	8.0114455E-007
4.06175	8.0114455E-007
4.06325	8.0114455E-007
4.06475	8.0114455E-007
4.06625	8.0114455E-007
4.06775	8.0114455E-007
4.06925	8.0114455E-007
4.07075	2.4034352E-006
4.07225	8.0114455E-007
4.07375	8.0114455E-007
4.07525	8.0114455E-007
4.07675	8.0114455E-007
4.07825	8.0114455E-007
4.07975	8.0114455E-007
4.08125	8.0114455E-007
4.08275	8.0114455E-007
4.08425	8.0114455E-007
4.08575	8.0114455E-007
4.08725	8.0114455E-007
4.08875	8.0114455E-007
4.09025	8.0114455E-007
4.09175	8.0114455E-007
4.09325	8.0114455E-007
4.09475	8.0114455E-007
4.09625	8.0114455E-007
4.09775	8.0114455E-007
4.09925	8.0114455E-007
4.10075	8.0114455E-007
4.10225	8.0114455E-007
4.10375	8.0114455E-007
4.10525	8.0114455E-007
4.10675	8.0114455E-007
4.10825	8.0114455E-007
4.10975	8.0114455E-007
4.11125	8.0114455E-007
4.11275	8.0114455E-007
4.11425	8.0114455E-007
4.11575	8.0114455E-007
4.11725	8.0114455E-007
4.11875	8.0114455E-007
4.12025	8.0114455E-007
4.12175	8.0114455E-007
4.12325	8.0114455E-007
4.12475	8.0114455E-007
4.12625	8.0114455E-007
4.12775	8.0114455E-007
4.12925	8.0114455E-007
4.13075	8.0114455E-007
4.13225	8.0114455E-007
4.13375	8.0114455E-007
4.13525	8.0114455E-007
4.13675	8.0114455E-007
4.13825	8.0114455E-007
4.13975	8.0114455E-007
4.14125	8.0114455E-007
4.14275	8.0114455E-007
4.14425	8.0114455E-007
4.14575	8.0114455E-007
4.14725	8.0114455E-007
4.14875	8.0114455E-007
4.15025	8.0114455E-007
4.15175	8.0114455E-007
4.15325	8.0114455E-007
4.15475	8.0114455E-007
4.15625	8.0114455E-007
4.15775	8.0114455E-007
4.15925	8.0114455E-007
4.16075	8.0114455E-007
4.16225	8.0114455E-007
4.16375	8.0114455E-007
4.16525	8.0114455E-007
4.16675	8.0114455E-007
4.16825	8.0114455E-007
4.16975	8.0114455E-007
4.17125	8.0114455E-007
4.17275	8.0114455E-007
4.17425	8.0114455E-007
4.17575	8.0114455E-007
4.17725	8.0114455E-007
4.17875	8.0114455E-007
4.18025	8.0114455E-007
4.18175	8.0114455E-007
4.18325	8.0114455E-007
4.18475	8.0114455E-007
4.18625	8.0114455E-007
4.18775	8.0114455E-007
4.18925	8.0114455E-007
4.19075	8.0114455E-007
4.19225	8.0114455E-007
4.19375	8.0114455E-007
4.19525	8.0114455E-007
4.19675	8.0114455E-007
4.19825	8.0114455E-007
4.19975	8.0114455E-007
4.20125	8.0114455E-007
4.20275	8.0114455E-007
4.20425	8.0114455E-007
4.20575	8.0114455E-007
4.20725	8.0114455E-007
4.20875	1.6022873E-006
4.21025	8.0114455E-007
4.21175	8.0114455E-007
4.21325	8.0114455E-007
4.21475	8.0114455E-007
4.21625	1.6022873E-006
4.21775	8.0114455E-007
4.21925	8.0114455E-007
4.22075	8.0114455E-007
4.22225	8.0114455E-007
4.22375	8.0114455E-007
4.22525	8.0114455E-007
4.22675	8.0114455E-007
4.22825	8.0114455E-007
4.22975	8.0114455E-007
4.23125	1.6022873E-006
4.23275	8.0114455E-007
4.23425	8.0114455E-007
4.23575	8.0114455E-007
4.23725	8.0114455E-007
4.23875	8.0114455E-007
4.24025	8.0114455E-007
4.24175	8.0114455E-007
4.24325	1.6022873E-006
4.24475	8.0114455E-007
4.24625	8.0114455E-007
4.24775	8.0114455E-007
4.24925	8.0114455E-007
4.25075	8.0114455E-007
4.25225	8.0114455E-007
4.25375	8.0114455E-007
4.25525	8.0114455E-007
4.25675	8.0114455E-007
4.25825	8.0114455E-007
4.25975	8.0114455E-007
4.26125	8.0114455E-007
4.26275	8.0114455E-007
4.26425	8.0114455E-007
4.26575	8.0114455E-007
4.26725	8.0114455E-007
4.26875	8.0114455E-007
4.27025	8.0114455E-007
4.27175	8.0114455E-007
4.27325	8.0114455E-007
4.27475	8.0114455E-007
4.27625	8.0114455E-007
4.27775	8.0114455E-007
4.27925	8.0114455E-007
4.28075	8.0114455E-007
4.28225	8.0114455E-007
4.28375	8.0114455E-007
4.28525	8.0114455E-007
4.28675	8.0114455E-007
4.28825	8.0114455E-007
4.28975	8.0114455E-007
4.29125	8.0114455E-007
4.29275	8.0114455E-007
4.29425	8.0114455E-007
4.29575	8.0114455E-007
4.29725	8.0114455E-007
4.29875	2.4034352E-006
4.30025	8.0114455E-007
4.30175	8.0114455E-007
4.30325	8.0114455E-007
4.30475	8.0114455E-007
4.30625	8.0114455E-007
4.30775	8.0114455E-007
4.30925	8.0114455E-007
4.31075	8.0114455E-007
4.31225	8.0114455E-007
4.31375	8.0114455E-007
4.31525	8.0114455E-007
4.31675	8.0114455E-007
4.31825	8.0114455E-007
4.31975	8.0114455E-007
4.32125	8.0114455E-007
4.32275	8.0114455E-007
4.32425	8.0114455E-007
4.32575	8.0114455E-007
4.32725	8.0114455E-007
4.32875	8.0114455E-007
4.33025	8.0114455E-007
4.33175	8.0114455E-007
4.33325	8.0114455E-007
4.33475	8.0114455E-007
4.33625	8.0114455E-007
4.33775	8.0114455E-007
4.33925	8.0114455E-007
4.34075	8.0114455E-007
4.34225	8.0114455E-007
4.34375	8.0114455E-007
4.34525	8.0114455E-007
4.34675	8.0114455E-007
4.34825	8.0114455E-007
4.34975	8.0114455E-007
4.35125	8.0114455E-007
4.35275	8.0114455E-007
4.35425	8.0114455E-007
4.35575	8.0114455E-007
4.35725	8.0114455E-007
4.35875	8.0114455E-007
4.36025	8.0114455E-007
4.36175	8.0114455E-007
4.36325	8.0114455E-007
4.36475	8.0114455E-007
4.36625	8.0114455E-007
4.36775	8.0114455E-007
4.36925	8.0114455E-007
4.37075	8.0114455E-007
4.37225	8.0114455E-007
4.37375	1.6022873E-006
4.37525	8.0114455E-007
4.37675	8.0114455E-007
4.37825	8.0114455E-007
4.37975	8.0114455E-007
4.38125	8.0114455E-007
4.38275	8.0114455E-007
4.38425	8.0114455E-007
4.38575	8.0114455E-007
4.38725	8.0114455E-007
4.38875	8.0114455E-007
4.39025	8.0114455E-007
4.39175	8.0114455E-007
4.39325	8.0114455E-007
4.39475	8.0114455E-007
4.39625	8.0114455E-007
4.39775	8.0114455E-007
4.39925	8.0114455E-007
4.40075	8.0114455E-007
4.40225	8.0114455E-007
4.40375	8.0114455E-007
4.40525	8.0114455E-007
4.40675	8.0114455E-007
4.40825	2.4034352E-006
4.40975	8.0114455E-007
4.41125	1.6022873E-006
4.41275	8.0114455E-007
4.41425	8.0114455E-007
4.41575	8.0114455E-007
4.41725	8.0114455E-007
4.41875	8.0114455E-007
4.42025	8.0114455E-007
4.42175	8.0114455E-007
4.42325	8.0114455E-007
4.42475	8.0114455E-007
4.42625	8.0114455E-007
4.42775	8.0114455E-007
4.42925	8.0114455E-007
4.43075	1.6022873E-006
4.43225	8.0114455E-007
4.43375	8.0114455E-007
4.43525	8.0114455E-007
4.43675	8.0114455E-007
4.43825	8.0114455E-007
4.43975	8.0114455E-007
4.44125	8.0114455E-007
4.44275	8.0114455E-007
4.44425	8.0114455E-007
4.44575	8.0114455E-007
4.44725	8.0114455E-007
4.44875	8.0114455E-007
4.45025	8.0114455E-007
4.45175	8.0114455E-007
4.45325	8.0114455E-007
4.45475	8.0114455E-007
4.45625	8.0114455E-007
4.45775	8.0114455E-007
4.45925	8.0114455E-007
4.46075	8.0114455E-007
4.46225	8.0114455E-007
4.46375	8.0114455E-007
4.46525	8.0114455E-007
4.46675	8.0114455E-007
4.46825	8.0114455E-007
4.46975	8.0114455E-007
4.47125	8.0114455E-007
4.47275	8.0114455E-007
4.47425	8.0114455E-007
4.47575	8.0114455E-007
4.47725	8.0114455E-007
4.47875	8.0114455E-007
4.48025	8.0114455E-007
4.48175	8.0114455E-007
4.48325	8.0114455E-007
4.48475	8.0114455E-007
4.48625	8.0114455E-007
4.48775	8.0114455E-007
4.48925	8.0114455E-007
4.49075	8.0114455E-007
4.49225	8.0114455E-007
4.49375	8.0114455E-007
4.49525	8.0114455E-007
4.49675	8.0114455E-007
4.49825	8.0114455E-007
4.49975	8.0114455E-007
4.50125	8.0114455E-007
4.50275	8.0114455E-007
4.50425	8.0114455E-007
4.50575	8.0114455E-007
4.50725	8.0114455E-007
4.50875	8.0114455E-007
4.51025	8.0114455E-007
4.51175	1.6022873E-006
4.51325	8.0114455E-007
4.51475	8.0114455E-007
4.51625	8.0114455E-007
4.51775	8.0114455E-007
4.51925	8.0114455E-007
4.52075	8.0114455E-007
4.52225	8.0114455E-007
4.52375	8.0114455E-007
4.52525	8.0114455E-007
4.52675	8.0114455E-007
4.52825	8.0114455E-007
4.52975	8.0114455E-007
4.53125	8.0114455E-007
4.53275	1.6022873E-006
4.53425	8.0114455E-007
4.53575	8.0114455E-007
4.53725	8.0114455E-007
4.53875	8.0114455E-007
4.54025	8.0114455E-007
4.54175	8.0114455E-007
4.54325	8.0114455E-007
4.54475	8.0114455E-007
4.54625	8.0114455E-007
4.54775	8.0114455E-007
4.54925	1.6022873E-006
4.55075	8.0114455E-007
4.55225	8.0114455E-007
4.55375	8.0114455E-007
4.55525	8.0114455E-007
4.55675	8.0114455E-007
4.55825	8.0114455E-007
4.55975	8.0114455E-007
4.56125	1.6022873E-006
4.56275	8.0114455E-007
4.56425	8.0114455E-007
4.56575	8.0114455E-007
4.56725	8.0114455E-007
4.56875	8.0114455E-007
4.57025	8.0114455E-007
4.57175	8.0114455E-007
4.57325	8.0114455E-007
4.57475	8.0114455E-007
4.57625	8.0114455E-007
4.57775	8.0114455E-007
4.57925	8.0114455E-007
4.58075	8.0114455E-007
4.58225	8.0114455E-007
4.58375	8.0114455E-007
4.58525	8.0114455E-007
4.58675	8.0114455E-007
4.58825	8.0114455E-007
4.58975	8.0114455E-007
4.59125	8.0114455E-007
4.59275	8.0114455E-007
4.59425	8.0114455E-007
4.59575	8.0114455E-007
4.59725	8.0114455E-007
4.59875	8.0114455E-007
4.60025	8.0114455E-007
4.60175	8.0114455E-007
4.60325	8.0114455E-007
4.60475	8.0114455E-007
4.60625	8.0114455E-007
4.60775	8.0114455E-007
4.60925	8.0114455E-007
4.61075	8.0114455E-007
4.61225	8.0114455E-007
4.61375	8.0114455E-007
4.61525	8.0114455E-007
4.61675	8.0114455E-007
4.61825	8.0114455E-007
4.61975	8.0114455E-007
4.62125	8.0114455E-007
4.62275	8.0114455E-007
4.62425	8.0114455E-007
4.62575	8.0114455E-007
4.62725	8.0114455E-007
4.62875	8.0114455E-007
4.63025	8.0114455E-007
4.63175	8.0114455E-007
4.63325	8.0114455E-007
4.63475	8.0114455E-007
4.63625	8.0114455E-007
4.63775	8.0114455E-007
4.63925	8.0114455E-007
4.64075	8.0114455E-007
4.64225	8.0114455E-007
4.64375	8.0114455E-007
4.64525	8.0114455E-007
4.64675	8.0114455E-007
4.64825	8.0114455E-007
4.64975	8.0114455E-007
4.65125	1.6022873E-006
4.65275	8.0114455E-007
4.65425	8.0114455E-007
4.65575	8.0114455E-007
4.65725	8.0114455E-007
4.65875	8.0114455E-007
4.66025	8.0114455E-007
4.66175	8.0114455E-007
4.66325	8.0114455E-007
4.66475	8.0114455E-007
4.66625	8.0114455E-007
4.66775	8.0114455E-007
4.66925	8.0114455E-007
4.67075	8.0114455E-007
4.67225	8.0114455E-007
4.67375	8.0114455E-007
4.67525	8.0114455E-007
4.67675	8.0114455E-007
4.67825	8.0114455E-007
4.67975	8.0114455E-007
4.68125	8.0114455E-007
4.68275	8.0114455E-007
4.68425	8.0114455E-007
4.68575	8.0114455E-007
4.68725	8.0114455E-007
4.68875	8.0114455E-007
4.69025	8.0114455E-007
4.69175	8.0114455E-007
4.69325	8.0114455E-007
4.69475	8.0114455E-007
4.69625	8.0114455E-007
4.69775	8.0114455E-007
4.69925	8.0114455E-007
4.70075	8.0114455E-007
4.70225	8.0114455E-007
4.70375	8.0114455E-007
4.70525	2.4034352E-006
4.70675	8.0114455E-007
4.70825	8.0114455E-007
4.70975	8.0114455E-007
4.71125	8.0114455E-007
4.71275	8.0114455E-007
4.71425	8.0114455E-007
4.71575	8.0114455E-007
4.71725	8.0114455E-007
4.71875	8.0114455E-007
4.72025	8.0114455E-007
4.72175	8.0114455E-007
4.72325	8.0114455E-007
4.72475	8.0114455E-007
4.72625	8.0114455E-007
4.72775	8.0114455E-007
4.72925	1.6022873E-006
4.73075	8.0114455E-007
4.73225	8.0114455E-007
4.73375	8.0114455E-007
4.73525	8.0114455E-007
4.73675	8.0114455E-007
4.73825	8.0114455E-007
4.73975	8.0114455E-007
4.74125	8.0114455E-007
4.74275	8.0114455E-007
4.74425	8.0114455E-007
4.74575	8.0114455E-007
4.74725	8.0114455E-007
4.74875	8.0114455E-007
4.75025	8.0114455E-007
4.75175	8.0114455E-007
4.75325	8.0114455E-007
4.75475	8.0114455E-007
4.75625	8.0114455E-007
4.75775	8.0114455E-007
4.75925	8.0114455E-007
4.76075	8.0114455E-007
4.76225	8.0114455E-007
4.76375	8.0114455E-007
4.76525	2.4034352E-006
4.76675	8.0114455E-007
4.76825	8.0114455E-007
4.76975	8.0114455E-007
4.77125	8.0114455E-007
4.77275	8.0114455E-007
4.77425	8.0114455E-007
4.77575	8.0114455E-007
4.77725	8.0114455E-007
4.77875	8.0114455E-007
4.78025	8.0114455E-007
4.78175	8.0114455E-007
4.78325	8.0114455E-007
4.78475	8.0114455E-007
4.78625	8.0114455E-007
4.78775	8.0114455E-007
4.78925	8.0114455E-007
4.79075	8.0114455E-007
4.79225	8.0114455E-007
4.79375	8.0114455E-007
4.79525	8.0114455E-007
4.79675	8.0114455E-007
4.79825	8.0114455E-007
4.79975	8.0114455E-007
4.80125	8.0114455E-007
4.80275	8.0114455E-007
4.80425	8.0114455E-007
4.80575	8.0114455E-007
4.80725	8.0114455E-007
4.80875	8.0114455E-007
4.81025	8.0114455E-007
4.81175	8.0114455E-007
4.81325	8.0114455E-007
4.81475	8.0114455E-007
4.81625	8.0114455E-007
4.81775	8.0114455E-007
4.81925	8.0114455E-007
4.82075	8.0114455E-007
4.82225	8.0114455E-007
4.82375	8.0114455E-007
4.82525	8.0114455E-007
4.82675	8.0114455E-007
4.82825	8.0114455E-007
4.82975	8.0114455E-007
4.83125	8.0114455E-007
4.83275	8.0114455E-007
4.83425	8.0114455E-007
4.83575	8.0114455E-007
4.83725	8.0114455E-007
4.83875	8.0114455E-007
4.84025	8.0114455E-007
4.84175	8.0114455E-007
4.84325	8.0114455E-007
4.84475	8.0114455E-007
4.84625	8.0114455E-007
4.84775	8.0114455E-007
4.84925	8.0114455E-007
4.85075	8.0114455E-007
4.85225	8.0114455E-007
4.85375	8.0114455E-007
4.85525	8.0114455E-007
4.85675	8.0114455E-007
4.85825	8.0114455E-007
4.85975	8.0114455E-007
4.86125	8.0114455E-007
4.86275	1.6022873E-006
4.86425	8.0114455E-007
4.86575	8.0114455E-007
4.86725	8.0114455E-007
4.86875	8.0114455E-007
4.87025	8.0114455E-007
4.87175	8.0114455E-007
4.87325	8.0114455E-007
4.87475	8.0114455E-007
4.87625	8.0114455E-007
4.87775	8.0114455E-007
4.87925	8.0114455E-007
4.88075	8.0114455E-007
4.88225	8.0114455E-007
4.88375	8.0114455E-007
4.88525	8.0114455E-007
4.88675	8.0114455E-007
4.88825	8.0114455E-007
4.88975	8.0114455E-007
4.89125	8.0114455E-007
4.89275	8.0114455E-007
4.89425	8.0114455E-007
4.89575	8.0114455E-007
4.89725	8.0114455E-007
4.89875	8.0114455E-007
4.90025	8.0114455E-007
4.90175	1.6022873E-006
4.90325	8.0114455E-007
4.90475	8.0114455E-007
4.90625	1.6022873E-006
4.90775	8.0114455E-007
4.90925	8.0114455E-007
4.91075	8.0114455E-007
4.91225	8.0114455E-007
4.91375	8.0114455E-007
4.91525	8.0114455E-007
4.91675	8.0114455E-007
4.91825	8.0114455E-007
4.91975	8.0114455E-007
4.92125	8.0114455E-007
4.92275	8.0114455E-007
4.92425	8.0114455E-007
4.92575	8.0114455E-007
4.92725	8.0114455E-007
4.92875	8.0114455E-007
4.93025	8.0114455E-007
4.93175	8.0114455E-007
4.93325	8.0114455E-007
4.93475	8.0114455E-007
4.93625	8.0114455E-007
4.93775	8.0114455E-007
4.93925	8.0114455E-007
4.94075	8.0114455E-007
4.94225	8.0114455E-007
4.94375	8.0114455E-007
4.94525	8.0114455E-007
4.94675	8.0114455E-007
4.94825	8.0114455E-007
4.94975	8.0114455E-007
4.95125	8.0114455E-007
4.95275	8.0114455E-007
4.95425	8.0114455E-007
4.95575	8.0114455E-007
4.95725	8.0114455E-007
4.95875	8.0114455E-007
4.96025	8.0114455E-007
4.96175	8.0114455E-007
4.96325	8.0114455E-007
4.96475	8.0114455E-007
4.96625	8.0114455E-007
4.96775	8.0114455E-007
4.96925	8.0114455E-007
4.97075	8.0114455E-007
4.97225	8.0114455E-007
4.97375	8.0114455E-007
4.97525	8.0114455E-007
4.97675	8.0114455E-007
4.97825	8.0114455E-007
4.97975	8.0114455E-007
4.98125	8.0114455E-007
4.98275	8.0114455E-007
4.98425	8.0114455E-007
4.98575	2.4034352E-006
4.98725	8.0114455E-007
4.98875	8.0114455E-007
4.99025	8.0114455E-007
4.99175	8.0114455E-007
4.99325	8.0114455E-007
4.99475	8.0114455E-007
4.99625	8.0114455E-007
4.99775	8.0114455E-007
4.99925	8.0114455E-007
5.00075	8.0114455E-007
5.00225	8.0114455E-007
5.00375	8.0114455E-007
5.00525	8.0114455E-007
5.00675	8.0114455E-007
5.00825	8.0114455E-007
5.00975	8.0114455E-007
5.01125	8.0114455E-007
5.01275	8.0114455E-007
5.01425	8.0114455E-007
5.01575	8.0114455E-007
5.01725	8.0114455E-007
5.01875	8.0114455E-007
5.02025	8.0114455E-007
5.02175	8.0114455E-007
5.02325	8.0114455E-007
5.02475	8.0114455E-007
5.02625	8.0114455E-007
5.02775	8.0114455E-007
5.02925	8.0114455E-007
5.03075	8.0114455E-007
5.03225	8.0114455E-007
5.03375	8.0114455E-007
5.03525	8.0114455E-007
5.03675	8.0114455E-007
5.03825	8.0114455E-007
5.03975	1.6022873E-006
5.04125	8.0114455E-007
5.04275	8.0114455E-007
5.04425	8.0114455E-007
5.04575	8.0114455E-007
5.04725	8.0114455E-007
5.04875	8.0114455E-007
5.05025	8.0114455E-007
5.05175	8.0114455E-007
5.05325	8.0114455E-007
5.05475	8.0114455E-007
5.05625	8.0114455E-007
5.05775	8.0114455E-007
5.05925	8.0114455E-007
5.06075	8.0114455E-007
5.06225	8.0114455E-007
5.06375	8.0114455E-007
5.06525	8.0114455E-007
5.06675	8.0114455E-007
5.06825	8.0114455E-007
5.06975	8.0114455E-007
5.07125	8.0114455E-007
5.07275	8.0114455E-007
5.07425	8.0114455E-007
5.07575	8.0114455E-007
5.07725	8.0114455E-007
5.07875	8.0114455E-007
5.08025	8.0114455E-007
5.08175	8.0114455E-007
5.08325	8.0114455E-007
5.08475	8.0114455E-007
5.08625	8.0114455E-007
5.08775	8.0114455E-007
5.08925	8.0114455E-007
5.09075	8.0114455E-007
5.09225	8.0114455E-007
5.09375	8.0114455E-007
5.09525	8.0114455E-007
5.09675	8.0114455E-007
5.09825	8.0114455E-007
5.09975	8.0114455E-007
5.10125	8.0114455E-007
5.10275	8.0114455E-007
5.10425	8.0114455E-007
5.10575	8.0114455E-007
5.10725	8.0114455E-007
5.10875	8.0114455E-007
5.11025	8.0114455E-007
5.11175	8.0114455E-007
5.11325	8.0114455E-007
5.11475	8.0114455E-007
5.11625	8.0114455E-007
5.11775	8.0114455E-007
5.11925	8.0114455E-007
5.12075	8.0114455E-007
5.12225	8.0114455E-007
5.12375	8.0114455E-007
5.12525	8.0114455E-007
5.12675	8.0114455E-007
5.12825	8.0114455E-007
5.12975	8.0114455E-007
5.13125	8.0114455E-007
5.13275	8.0114455E-007
5.13425	8.0114455E-007
5.13575	8.0114455E-007
5.13725	8.0114455E-007
5.13875	8.0114455E-007
5.14025	8.0114455E-007
5.14175	8.0114455E-007
5.14325	8.0114455E-007
5.14475	8.0114455E-007
5.14625	8.0114455E-007
5.14775	8.0114455E-007
5.14925	8.0114455E-007
5.15075	8.0114455E-007
5.15225	8.0114455E-007
5.15375	8.0114455E-007
5.15525	8.0114455E-007
5.15675	8.0114455E-007
5.15825	8.0114455E-007
5.15975	8.0114455E-007
5.16125	8.0114455E-007
5.16275	8.0114455E-007
5.16425	8.0114455E-007
5.16575	8.0114455E-007
5.16725	8.0114455E-007
5.16875	8.0114455E-007
5.17025	8.0114455E-007
5.17175	8.0114455E-007
5.17325	8.0114455E-007
5.17475	8.0114455E-007
5.17625	8.0114455E-007
5.17775	8.0114455E-007
5.17925	8.0114455E-007
5.18075	8.0114455E-007
5.18225	1.6022873E-006
5.18375	8.0114455E-007
5.18525	8.0114455E-007
5.18675	8.0114455E-007
5.18825	8.0114455E-007
5.18975	8.0114455E-007
5.19125	8.0114455E-007
5.19275	1.6022873E-006
5.19425	8.0114455E-007
5.19575	8.0114455E-007
5.19725	8.0114455E-007
5.19875	8.0114455E-007
5.20025	8.0114455E-007
5.20175	8.0114455E-007
5.20325	8.0114455E-007
5.20475	8.0114455E-007
5.20625	8.0114455E-007
5.20775	8.0114455E-007
5.20925	8.0114455E-007
5.21075	8.0114455E-007
5.21225	8.0114455E-007
5.21375	8.0114455E-007
5.21525	8.0114455E-007
5.21675	8.0114455E-007
5.21825	8.0114455E-007
5.21975	8.0114455E-007
5.22125	8.0114455E-007
5.22275	8.0114455E-007
5.22425	8.0114455E-007
5.22575	8.0114455E-007
5.22725	8.0114455E-007
5.22875	8.0114455E-007
5.23025	8.0114455E-007
5.23175	8.0114455E-007
5.23325	8.0114455E-007
5.23475	8.0114455E-007
5.23625	8.0114455E-007
5.23775	8.0114455E-007
5.23925	8.0114455E-007
5.24075	8.0114455E-007
5.24225	8.0114455E-007
5.24375	8.0114455E-007
5.24525	8.0114455E-007
5.24675	8.0114455E-007
5.24825	8.0114455E-007
5.24975	8.0114455E-007
5.25125	8.0114455E-007
5.25275	2.4034352E-006
5.25425	8.0114455E-007
5.25575	8.0114455E-007
5.25725	8.0114455E-007
5.25875	8.0114455E-007
5.26025	8.0114455E-007
5.26175	8.0114455E-007
5.26325	8.0114455E-007
5.26475	8.0114455E-007
5.26625	8.0114455E-007
5.26775	8.0114455E-007
5.26925	8.0114455E-007
5.27075	8.0114455E-007
5.27225	8.0114455E-007
5.27375	8.0114455E-007
5.27525	8.0114455E-007
5.27675	8.0114455E-007
5.27825	8.0114455E-007
5.27975	8.0114455E-007
5.28125	8.0114455E-007
5.28275	8.0114455E-007
5.28425	8.0114455E-007
5.28575	8.0114455E-007
5.28725	8.0114455E-007
5.28875	8.0114455E-007
5.29025	8.0114455E-007
5.29175	8.0114455E-007
5.29325	8.0114455E-007
5.29475	8.0114455E-007
5.29625	8.0114455E-007
5.29775	8.0114455E-007
5.29925	8.0114455E-007
5.30075	8.0114455E-007
5.30225	1.6022873E-006
5.30375	8.0114455E-007
5.30525	8.0114455E-007
5.30675	8.0114455E-007
5.30825	8.0114455E-007
5.30975	8.0114455E-007
5.31125	8.0114455E-007
5.31275	8.0114455E-007
5.31425	8.0114455E-007
5.31575	8.0114455E-007
5.31725	8.0114455E-007
5.31875	8.0114455E-007
5.32025	8.0114455E-007
5.32175	1.6022873E-006
5.32325	1.6022873E-006
5.32475	8.0114455E-007
5.32625	8.0114455E-007
5.32775	8.0114455E-007
5.32925	8.0114455E-007
5.33075	8.0114455E-007
5.33225	8.0114455E-007
5.33375	8.0114455E-007
5.33525	8.0114455E-007
5.33675	8.0114455E-007
5.33825	8.0114455E-007
5.33975	8.0114455E-007
5.34125	8.0114455E-007
5.34275	8.0114455E-007
5.34425	8.0114455E-007
5.34575	8.0114455E-007
5.34725	8.0114455E-007
5.34875	8.0114455E-007
5.35025	8.0114455E-007
5.35175	8.0114455E-007
5.35325	8.0114455E-007
5.35475	8.0114455E-007
5.35625	8.0114455E-007
5.35775	8.0114455E-007
5.35925	8.0114455E-007
5.36075	8.0114455E-007
5.36225	8.0114455E-007
5.36375	8.0114455E-007
5.36525	8.0114455E-007
5.36675	8.0114455E-007
5.36825	8.0114455E-007
5.36975	1.6022873E-006
5.37125	8.0114455E-007
5.37275	8.0114455E-007
5.37425	8.0114455E-007
5.37575	8.0114455E-007
5.37725	1.6022873E-006
5.37875	8.0114455E-007
5.38025	8.0114455E-007
5.38175	8.0114455E-007
5.38325	8.0114455E-007
5.38475	8.0114455E-007
5.38625	8.0114455E-007
5.38775	8.0114455E-007
5.38925	1.6022873E-006
5.39075	8.0114455E-007
5.39225	8.0114455E-007
5.39375	8.0114455E-007
5.39525	8.0114455E-007
5.39675	8.0114455E-007
5.39825	8.0114455E-007
5.39975	8.0114455E-007
5.40125	8.0114455E-007
5.40275	8.0114455E-007
5.40425	8.0114455E-007
5.40575	8.0114455E-007
5.40725	8.0114455E-007
5.40875	8.0114455E-007
5.41025	8.0114455E-007
5.41175	8.0114455E-007
5.41325	8.0114455E-007
5.41475	8.0114455E-007
5.41625	8.0114455E-007
5.41775	8.0114455E-007
5.41925	8.0114455E-007
5.42075	8.0114455E-007
5.42225	8.0114455E-007
5.42375	8.0114455E-007
5.42525	8.0114455E-007
5.42675	8.0114455E-007
5.42825	1.6022873E-006
5.42975	8.0114455E-007
5.43125	8.0114455E-007
5.43275	8.0114455E-007
5.43425	8.0114455E-007
5.43575	8.0114455E-007
5.43725	8.0114455E-007
5.43875	8.0114455E-007
5.44025	8.0114455E-007
5.44175	8.0114455E-007
5.44325	8.0114455E-007
5.44475	8.0114455E-007
5.44625	8.0114455E-007
5.44775	8.0114455E-007
5.44925	8.0114455E-007
5.45075	8.0114455E-007
5.45225	8.0114455E-007
5.45375	8.0114455E-007
5.45525	8.0114455E-007
5.45675	8.0114455E-007
5.45825	8.0114455E-007
5.45975	8.0114455E-007
5.46125	8.0114455E-007
5.46275	8.0114455E-007
5.46425	8.0114455E-007
5.46575	8.0114455E-007
5.46725	8.0114455E-007
5.46875	8.0114455E-007
5.47025	8.0114455E-007
5.47175	8.0114455E-007
5.47325	8.0114455E-007
5.47475	8.0114455E-007
5.47625	8.0114455E-007
5.47775	8.0114455E-007
5.47925	8.0114455E-007
5.48075	8.0114455E-007
5.48225	8.0114455E-007
5.48375	8.0114455E-007
5.48525	8.0114455E-007
5.48675	8.0114455E-007
5.48825	8.0114455E-007
5.48975	8.0114455E-007
5.49125	8.0114455E-007
5.49275	8.0114455E-007
5.49425	8.0114455E-007
5.49575	8.0114455E-007
5.49725	8.0114455E-007
5.49875	8.0114455E-007
5.50025	8.0114455E-007
5.50175	8.0114455E-007
5.50325	8.0114455E-007
5.50475	8.0114455E-007
5.50625	8.0114455E-007
5.50775	8.0114455E-007
5.50925	8.0114455E-007
5.51075	8.0114455E-007
5.51225	8.0114455E-007
5.51375	8.0114455E-007
5.51525	8.0114455E-007
5.51675	8.0114455E-007
5.51825	8.0114455E-007
5.51975	8.0114455E-007
5.52125	8.0114455E-007
5.52275	8.0114455E-007
5.52425	8.0114455E-007
5.52575	8.0114455E-007
5.52725	8.0114455E-007
5.52875	8.0114455E-007
5.53025	8.0114455E-007
5.53175	8.0114455E-007
5.53325	8.0114455E-007
5.53475	8.0114455E-007
5.53625	8.0114455E-007
5.53775	8.0114455E-007
5.53925	8.0114455E-007
5.54075	8.0114455E-007
5.54225	8.0114455E-007
5.54375	8.0114455E-007
5.54525	8.0114455E-007
5.54675	8.0114455E-007
5.54825	8.0114455E-007
5.54975	8.0114455E-007
5.55125	8.0114455E-007
5.55275	8.0114455E-007
5.55425	8.0114455E-007
5.55575	8.0114455E-007
5.55725	8.0114455E-007
5.55875	8.0114455E-007
5.56025	8.0114455E-007
5.56175	8.0114455E-007
5.56325	8.0114455E-007
5.56475	8.0114455E-007
5.56625	8.0114455E-007
5.56775	8.0114455E-007
5.56925	8.0114455E-007
5.57075	8.0114455E-007
5.57225	8.0114455E-007
5.57375	8.0114455E-007
5.57525	8.0114455E-007
5.57675	8.0114455E-007
5.57825	8.0114455E-007
5.57975	8.0114455E-007
5.58125	8.0114455E-007
5.58275	8.0114455E-007
5.58425	8.0114455E-007
5.58575	8.0114455E-007
5.58725	8.0114455E-007
5.58875	8.0114455E-007
5.59025	8.0114455E-007
5.59175	8.0114455E-007
5.59325	8.0114455E-007
5.59475	8.0114455E-007
5.59625	8.0114455E-007
5.59775	8.0114455E-007
5.59925	8.0114455E-007
5.60075	8.0114455E-007
5.60225	8.0114455E-007
5.60375	8.0114455E-007
5.60525	8.0114455E-007
5.60675	8.0114455E-007
5.60825	8.0114455E-007
5.60975	8.0114455E-007
5.61125	8.0114455E-007
5.61275	8.0114455E-007
5.61425	8.0114455E-007
5.61575	8.0114455E-007
5.61725	8.0114455E-007
5.61875	8.0114455E-007
5.62025	8.0114455E-007
5.62175	8.0114455E-007
5.62325	8.0114455E-007
5.62475	8.0114455E-007
5.62625	8.0114455E-007
5.62775	1.6022873E-006
5.62925	8.0114455E-007
5.63075	2.4034352E-006
5.63225	8.0114455E-007
5.63375	8.0114455E-007
5.63525	8.0114455E-007
5.63675	8.0114455E-007
5.63825	8.0114455E-007
5.63975	1.6022873E-006
5.64125	8.0114455E-007
5.64275	8.0114455E-007
5.64425	8.0114455E-007
5.64575	8.0114455E-007
5.64725	8.0114455E-007
5.64875	8.0114455E-007
5.65025	8.0114455E-007
5.65175	8.0114455E-007
5.65325	8.0114455E-007
5.65475	8.0114455E-007
5.65625	8.0114455E-007
5.65775	8.0114455E-007
5.65925	8.0114455E-007
5.66075	8.0114455E-007
5.66225	8.0114455E-007
5.66375	8.0114455E-007
5.66525	8.0114455E-007
5.66675	8.0114455E-007
5.66825	8.0114455E-007
5.66975	8.0114455E-007
5.67125	8.0114455E-007
5.67275	8.0114455E-007
5.67425	8.0114455E-007
5.67575	8.0114455E-007
5.67725	8.0114455E-007
5.67875	8.0114455E-007
5.68025	8.0114455E-007
5.68175	8.0114455E-007
5.68325	8.0114455E-007
5.68475	8.0114455E-007
5.68625	8.0114455E-007
5.68775	8.0114455E-007
5.68925	8.0114455E-007
5.69075	8.0114455E-007
5.69225	8.0114455E-007
5.69375	8.0114455E-007
5.69525	8.0114455E-007
5.69675	8.0114455E-007
5.69825	8.0114455E-007
5.69975	8.0114455E-007
5.70125	8.0114455E-007
5.70275	8.0114455E-007
5.70425	8.0114455E-007
5.70575	8.0114455E-007
5.70725	8.0114455E-007
5.70875	8.0114455E-007
5.71025	8.0114455E-007
5.71175	8.0114455E-007
5.71325	8.0114455E-007
5.71475	8.0114455E-007
5.71625	8.0114455E-007
5.71775	8.0114455E-007
5.71925	1.6022873E-006
5.72075	8.0114455E-007
5.72225	8.0114455E-007
5.72375	8.0114455E-007
5.72525	8.0114455E-007
5.72675	8.0114455E-007
5.72825	8.0114455E-007
5.72975	8.0114455E-007
5.73125	8.0114455E-007
5.73275	8.0114455E-007
5.73425	8.0114455E-007
5.73575	8.0114455E-007
5.73725	1.6022873E-006
5.73875	8.0114455E-007
5.74025	8.0114455E-007
5.74175	8.0114455E-007
5.74325	8.0114455E-007
5.74475	8.0114455E-007
5.74625	8.0114455E-007
5.74775	8.0114455E-007
5.74925	8.0114455E-007
5.75075	8.0114455E-007
5.75225	8.0114455E-007
5.75375	8.0114455E-007
5.75525	8.0114455E-007
5.75675	8.0114455E-007
5.75825	8.0114455E-007
5.75975	8.0114455E-007
5.76125	8.0114455E-007
5.76275	8.0114455E-007
5.76425	8.0114455E-007
5.76575	8.0114455E-007
5.76725	8.0114455E-007
5.76875	8.0114455E-007
5.77025	8.0114455E-007
5.77175	8.0114455E-007
5.77325	8.0114455E-007
5.77475	8.0114455E-007
5.77625	8.0114455E-007
5.77775	8.0114455E-007
5.77925	8.0114455E-007
5.78075	8.0114455E-007
5.78225	1.6022873E-006
5.78375	8.0114455E-007
5.78525	8.0114455E-007
5.78675	8.0114455E-007
5.78825	8.0114455E-007
5.78975	8.0114455E-007
5.79125	8.0114455E-007
5.79275	8.0114455E-007
5.79425	8.0114455E-007
5.79575	8.0114455E-007
5.79725	8.0114455E-007
5.79875	8.0114455E-007
5.80025	8.0114455E-007
5.80175	8.0114455E-007
5.80325	8.0114455E-007
5.80475	8.0114455E-007
5.80625	8.0114455E-007
5.80775	8.0114455E-007
5.80925	8.0114455E-007
5.81075	8.0114455E-007
5.81225	8.0114455E-007
5.81375	8.0114455E-007
5.81525	8.0114455E-007
5.81675	8.0114455E-007
5.81825	8.0114455E-007
5.81975	8.0114455E-007
5.82125	8.0114455E-007
5.82275	8.0114455E-007
5.82425	8.0114455E-007
5.82575	8.0114455E-007
5.82725	8.0114455E-007
5.82875	8.0114455E-007
5.83025	8.0114455E-007
5.83175	8.0114455E-007
5.83325	8.0114455E-007
5.83475	8.0114455E-007
5.83625	8.0114455E-007
5.83775	8.0114455E-007
5.83925	8.0114455E-007
5.84075	8.0114455E-007
5.84225	8.0114455E-007
5.84375	8.0114455E-007
5.84525	8.0114455E-007
5.84675	8.0114455E-007
5.84825	8.0114455E-007
5.84975	8.0114455E-007
5.85125	8.0114455E-007
5.85275	8.0114455E-007
5.85425	8.0114455E-007
5.85575	8.0114455E-007
5.85725	8.0114455E-007
5.85875	8.0114455E-007
5.86025	8.0114455E-007
5.86175	8.0114455E-007
5.86325	8.0114455E-007
5.86475	8.0114455E-007
5.86625	8.0114455E-007
5.86775	8.0114455E-007
5.86925	8.0114455E-007
5.87075	8.0114455E-007
5.87225	8.0114455E-007
5.87375	8.0114455E-007
5.87525	8.0114455E-007
5.87675	8.0114455E-007
5.87825	8.0114455E-007
5.87975	8.0114455E-007
5.88125	8.0114455E-007
5.88275	8.0114455E-007
5.88425	8.0114455E-007
5.88575	8.0114455E-007
5.88725	8.0114455E-007
5.88875	8.0114455E-007
5.89025	8.0114455E-007
5.89175	8.0114455E-007
5.89325	1.6022873E-006
5.89475	8.0114455E-007
5.89625	8.0114455E-007
5.89775	8.0114455E-007
5.89925	8.0114455E-007
5.90075	8.0114455E-007
5.90225	8.0114455E-007
5.90375	8.0114455E-007
5.90525	8.0114455E-007
5.90675	8.0114455E-007
5.90825	8.0114455E-007
5.90975	8.0114455E-007
5.91125	8.0114455E-007
5.91275	8.0114455E-007
5.91425	8.0114455E-007
5.91575	8.0114455E-007
5.91725	8.0114455E-007
5.91875	8.0114455E-007
5.92025	2.4034352E-006
5.92175	8.0114455E-007
5.92325	8.0114455E-007
5.92475	8.0114455E-007
5.92625	8.0114455E-007
5.92775	8.0114455E-007
5.92925	8.0114455E-007
5.93075	8.0114455E-007
5.93225	8.0114455E-007
5.93375	8.0114455E-007
5.93525	8.0114455E-007
5.93675	8.0114455E-007
5.93825	8.0114455E-007
5.93975	8.0114455E-007
5.94125	8.0114455E-007
5.94275	8.0114455E-007
5.94425	8.0114455E-007
5.94575	8.0114455E-007
5.94725	8.0114455E-007
5.94875	8.0114455E-007
5.95025	8.0114455E-007
5.95175	8.0114455E-007
5.95325	8.0114455E-007
5.95475	8.0114455E-007
5.95625	8.0114455E-007
5.95775	8.0114455E-007
5.95925	8.0114455E-007
5.96075	8.0114455E-007
5.96225	1.6022873E-006
5.96375	8.0114455E-007
5.96525	8.0114455E-007
5.96675	8.0114455E-007
5.96825	8.0114455E-007
5.96975	8.0114455E-007
5.97125	8.0114455E-007
5.97275	8.0114455E-007
5.97425	8.0114455E-007
5.97575	8.0114455E-007
5.97725	8.0114455E-007
5.97875	8.0114455E-007
5.98025	8.0114455E-007
5.98175	8.0114455E-007
5.98325	8.0114455E-007
5.98475	8.0114455E-007
5.98625	8.0114455E-007
5.98775	8.0114455E-007
5.98925	8.0114455E-007
5.99075	8.0114455E-007
5.99225	8.0114455E-007
5.99375	8.0114455E-007
5.99525	8.0114455E-007
5.99675	8.0114455E-007
5.99825	8.0114455E-007
5.99975	8.0114455E-007
6.00125	8.0114455E-007
6.00275	8.0114455E-007
6.00425	8.0114455E-007
6.00575	8.0114455E-007
6.00725	8.0114455E-007
6.00875	8.0114455E-007
6.01025	8.0114455E-007
6.01175	8.0114455E-007
6.01325	8.0114455E-007
6.01475	8.0114455E-007
6.01625	8.0114455E-007
6.01775	8.0114455E-007
6.01925	8.0114455E-007
6.02075	8.0114455E-007
6.02225	8.0114455E-007
6.02375	8.0114455E-007
6.02525	8.0114455E-007
6.02675	8.0114455E-007
6.02825	8.0114455E-007
6.02975	8.0114455E-007
6.03125	1.6022873E-006
6.03275	8.0114455E-007
6.03425	8.0114455E-007
6.03575	8.0114455E-007
6.03725	8.0114455E-007
6.03875	8.0114455E-007
6.04025	8.0114455E-007
6.04175	8.0114455E-007
6.04325	8.0114455E-007
6.04475	8.0114455E-007
6.04625	8.0114455E-007
6.04775	8.0114455E-007
6.04925	8.0114455E-007
6.05075	8.0114455E-007
6.05225	8.0114455E-007
6.05375	8.0114455E-007
6.05525	8.0114455E-007
6.05675	8.0114455E-007
6.05825	8.0114455E-007
6.05975	8.0114455E-007
6.06125	8.0114455E-007
6.06275	8.0114455E-007
6.06425	8.0114455E-007
6.06575	8.0114455E-007
6.06725	8.0114455E-007
6.06875	8.0114455E-007
6.07025	8.0114455E-007
6.07175	8.0114455E-007
6.07325	8.0114455E-007
6.07475	8.0114455E-007
6.07625	8.0114455E-007
6.07775	8.0114455E-007
6.07925	8.0114455E-007
6.08075	8.0114455E-007
6.08225	8.0114455E-007
6.08375	8.0114455E-007
6.08525	8.0114455E-007
6.08675	8.0114455E-007
6.08825	8.0114455E-007
6.08975	8.0114455E-007
6.09125	8.0114455E-007
6.09275	8.0114455E-007
6.09425	8.0114455E-007
6.09575	8.0114455E-007
6.09725	8.0114455E-007
6.09875	8.0114455E-007
6.10025	8.0114455E-007
6.10175	8.0114455E-007
6.10325	8.0114455E-007
6.10475	8.0114455E-007
6.10625	8.0114455E-007
6.10775	8.0114455E-007
6.10925	8.0114455E-007
6.11075	8.0114455E-007
6.11225	8.0114455E-007
6.11375	8.0114455E-007
6.11525	8.0114455E-007
6.11675	8.0114455E-007
6.11825	8.0114455E-007
6.11975	8.0114455E-007
6.12125	8.0114455E-007
6.12275	8.0114455E-007
6.12425	8.0114455E-007
6.12575	8.0114455E-007
6.12725	8.0114455E-007
6.12875	8.0114455E-007
6.13025	8.0114455E-007
6.13175	8.0114455E-007
6.13325	8.0114455E-007
6.13475	8.0114455E-007
6.13625	8.0114455E-007
6.13775	8.0114455E-007
6.13925	8.0114455E-007
6.14075	8.0114455E-007
6.14225	8.0114455E-007
6.14375	8.0114455E-007
6.14525	8.0114455E-007
6.14675	8.0114455E-007
6.14825	8.0114455E-007
6.14975	8.0114455E-007
6.15125	8.0114455E-007
6.15275	8.0114455E-007
6.15425	8.0114455E-007
6.15575	8.0114455E-007
6.15725	8.0114455E-007
6.15875	8.0114455E-007
6.16025	8.0114455E-007
6.16175	8.0114455E-007
6.16325	8.0114455E-007
6.16475	8.0114455E-007
6.16625	8.0114455E-007
6.16775	8.0114455E-007
6.16925	8.0114455E-007
6.17075	8.0114455E-007
6.17225	8.0114455E-007
6.17375	8.0114455E-007
6.17525	1.6022873E-006
6.17675	8.0114455E-007
6.17825	8.0114455E-007
6.17975	8.0114455E-007
6.18125	8.0114455E-007
6.18275	8.0114455E-007
6.18425	8.0114455E-007
6.18575	8.0114455E-007
6.18725	8.0114455E-007
6.18875	8.0114455E-007
6.19025	8.0114455E-007
6.19175	8.0114455E-007
6.19325	8.0114455E-007
6.19475	8.0114455E-007
6.19625	8.0114455E-007
6.19775	8.0114455E-007
6.19925	8.0114455E-007
6.20075	8.0114455E-007
6.20225	8.0114455E-007
6.20375	8.0114455E-007
6.20525	8.0114455E-007
6.20675	8.0114455E-007
6.20825	8.0114455E-007
6.20975	8.0114455E-007
6.21125	8.0114455E-007
6.21275	8.0114455E-007
6.21425	8.0114455E-007
6.21575	8.0114455E-007
6.21725	8.0114455E-007
6.21875	8.0114455E-007
6.22025	8.0114455E-007
6.22175	8.0114455E-007
6.22325	8.0114455E-007
6.22475	8.0114455E-007
6.22625	8.0114455E-007
6.22775	8.0114455E-007
6.22925	1.6022873E-006
6.23075	8.0114455E-007
6.23225	8.0114455E-007
6.23375	8.0114455E-007
6.23525	8.0114455E-007
6.23675	2.4034352E-006
6.23825	8.0114455E-007
6.23975	8.0114455E-007
6.24125	8.0114455E-007
6.24275	8.0114455E-007
6.24425	8.0114455E-007
6.24575	8.0114455E-007
6.24725	8.0114455E-007
6.24875	8.0114455E-007
6.25025	8.0114455E-007
6.25175	8.0114455E-007
6.25325	8.0114455E-007
6.25475	8.0114455E-007
6.25625	8.0114455E-007
6.25775	8.0114455E-007
6.25925	8.0114455E-007
6.26075	8.0114455E-007
6.26225	8.0114455E-007
6.26375	8.0114455E-007
6.26525	8.0114455E-007
6.26675	8.0114455E-007
6.26825	8.0114455E-007
6.26975	8.0114455E-007
6.27125	8.0114455E-007
6.27275	8.0114455E-007
6.27425	8.0114455E-007
6.27575	8.0114455E-007
6.27725	8.0114455E-007
6.27875	8.0114455E-007
6.28025	8.0114455E-007
6.28175	8.0114455E-007
6.28325	8.0114455E-007
6.28475	8.0114455E-007
6.28625	8.0114455E-007
6.28775	8.0114455E-007
6.28925	8.0114455E-007
6.29075	8.0114455E-007
6.29225	8.0114455E-007
6.29375	8.0114455E-007
6.29525	8.0114455E-007
6.29675	8.0114455E-007
6.29825	8.0114455E-007
6.29975	8.0114455E-007
6.30125	8.0114455E-007
6.30275	8.0114455E-007
6.30425	8.0114455E-007
6.30575	8.0114455E-007
6.30725	8.0114455E-007
6.30875	8.0114455E-007
6.31025	8.0114455E-007
6.31175	8.0114455E-007
6.31325	8.0114455E-007
6.31475	8.0114455E-007
6.31625	8.0114455E-007
6.31775	8.0114455E-007
6.31925	8.0114455E-007
6.32075	8.0114455E-007
6.32225	8.0114455E-007
6.32375	8.0114455E-007
6.32525	8.0114455E-007
6.32675	8.0114455E-007
6.32825	8.0114455E-007
6.32975	8.0114455E-007
6.33125	8.0114455E-007
6.33275	8.0114455E-007
6.33425	8.0114455E-007
6.33575	8.0114455E-007
6.33725	2.4034352E-006
6.33875	8.0114455E-007
6.34025	8.0114455E-007
6.34175	8.0114455E-007
6.34325	8.0114455E-007
6.34475	8.0114455E-007
6.34625	8.0114455E-007
6.34775	8.0114455E-007
6.34925	8.0114455E-007
6.35075	8.0114455E-007
6.35225	8.0114455E-007
6.35375	8.0114455E-007
6.35525	8.0114455E-007
6.35675	8.0114455E-007
6.35825	8.0114455E-007
6.35975	8.0114455E-007
6.36125	8.0114455E-007
6.36275	8.0114455E-007
6.36425	8.0114455E-007
6.36575	8.0114455E-007
6.36725	8.0114455E-007
6.36875	8.0114455E-007
6.37025	8.0114455E-007
6.37175	8.0114455E-007
6.37325	8.0114455E-007
6.37475	8.0114455E-007
6.37625	8.0114455E-007
6.37775	8.0114455E-007
6.37925	8.0114455E-007
6.38075	8.0114455E-007
6.38225	8.0114455E-007
6.38375	8.0114455E-007
6.38525	8.0114455E-007
6.38675	8.0114455E-007
6.38825	8.0114455E-007
6.38975	8.0114455E-007
6.39125	8.0114455E-007
6.39275	8.0114455E-007
6.39425	8.0114455E-007
6.39575	8.0114455E-007
6.39725	8.0114455E-007
6.39875	8.0114455E-007
6.40025	8.0114455E-007
6.40175	8.0114455E-007
6.40325	1.6022873E-006
6.40475	8.0114455E-007
6.40625	8.0114455E-007
6.40775	8.0114455E-007
6.40925	8.0114455E-007
6.41075	8.0114455E-007
6.41225	8.0114455E-007
6.41375	8.0114455E-007
6.41525	8.0114455E-007
6.41675	8.0114455E-007
6.41825	8.0114455E-007
6.41975	8.0114455E-007
6.42125	8.0114455E-007
6.42275	8.0114455E-007
6.42425	8.0114455E-007
6.42575	8.0114455E-007
6.42725	8.0114455E-007
6.42875	8.0114455E-007
6.43025	8.0114455E-007
6.43175	8.0114455E-007
6.43325	8.0114455E-007
6.43475	8.0114455E-007
6.43625	8.0114455E-007
6.43775	8.0114455E-007
6.43925	8.0114455E-007
6.44075	8.0114455E-007
6.44225	8.0114455E-007
6.44375	8.0114455E-007
6.44525	8.0114455E-007
6.44675	8.0114455E-007
6.44825	8.0114455E-007
6.44975	8.0114455E-007
6.45125	8.0114455E-007
6.45275	8.0114455E-007
6.45425	8.0114455E-007
6.45575	8.0114455E-007
6.45725	8.0114455E-007
6.45875	1.6022873E-006
6.46025	8.0114455E-007
6.46175	8.0114455E-007
6.46325	8.0114455E-007
6.46475	8.0114455E-007
6.46625	8.0114455E-007
6.46775	8.0114455E-007
6.46925	8.0114455E-007
6.47075	8.0114455E-007
6.47225	8.0114455E-007
6.47375	8.0114455E-007
6.47525	8.0114455E-007
6.47675	8.0114455E-007
6.47825	8.0114455E-007
6.47975	8.0114455E-007
6.48125	8.0114455E-007
6.48275	8.0114455E-007
6.48425	8.0114455E-007
6.48575	8.0114455E-007
6.48725	8.0114455E-007
6.48875	8.0114455E-007
6.49025	8.0114455E-007
6.49175	8.0114455E-007
6.49325	8.0114455E-007
6.49475	8.0114455E-007
6.49625	8.0114455E-007
6.49775	8.0114455E-007
6.49925	8.0114455E-007
6.50075	8.0114455E-007
6.50225	8.0114455E-007
6.50375	8.0114455E-007
6.50525	8.0114455E-007
6.50675	8.0114455E-007
6.50825	8.0114455E-007
6.50975	1.6022873E-006
6.51125	8.0114455E-007
6.51275	8.0114455E-007
6.51425	8.0114455E-007
6.51575	8.0114455E-007
6.51725	8.0114455E-007
6.51875	8.0114455E-007
6.52025	2.4034352E-006
6.52175	8.0114455E-007
6.52325	8.0114455E-007
6.52475	8.0114455E-007
6.52625	8.0114455E-007
6.52775	8.0114455E-007
6.52925	8.0114455E-007
6.53075	1.6022873E-006
6.53225	1.6022873E-006
6.53375	8.0114455E-007
6.53525	8.0114455E-007
6.53675	8.0114455E-007
6.53825	8.0114455E-007
6.53975	8.0114455E-007
6.54125	8.0114455E-007
6.54275	8.0114455E-007
6.54425	8.0114455E-007
6.54575	8.0114455E-007
6.54725	8.0114455E-007
6.54875	8.0114455E-007
6.55025	8.0114455E-007
6.55175	8.0114455E-007
6.55325	8.0114455E-007
6.55475	8.0114455E-007
6.55625	8.0114455E-007
6.55775	8.0114455E-007
6.55925	8.0114455E-007
6.56075	8.0114455E-007
6.56225	8.0114455E-007
6.56375	8.0114455E-007
6.56525	8.0114455E-007
6.56675	8.0114455E-007
6.56825	8.0114455E-007
6.56975	8.0114455E-007
6.57125	8.0114455E-007
6.57275	8.0114455E-007
6.57425	1.6022873E-006
6.57575	8.0114455E-007
6.57725	8.0114455E-007
6.57875	8.0114455E-007
6.58025	8.0114455E-007
6.58175	8.0114455E-007
6.58325	8.0114455E-007
6.58475	8.0114455E-007
6.58625	8.0114455E-007
6.58775	8.0114455E-007
6.58925	8.0114455E-007
6.59075	8.0114455E-007
6.59225	8.0114455E-007
6.59375	8.0114455E-007
6.59525	8.0114455E-007
6.59675	8.0114455E-007
6.59825	8.0114455E-007
6.59975	8.0114455E-007
6.60125	8.0114455E-007
